repetition,seed,run_index,removed_prefix_count,included_rod_count,excluded_rods,included_rods,initial_supports,initial_supported_rods,initial_support_count,default_order,success,elapsed_ns,elapsed_s,removal_sequence,assembly_sequence,matches_default_suffix,search_stop_reason,search_expansions,search_attempted_transitions,search_enqueued_candidates,search_backtracks,rigidity_check_calls,rigidity_cache_hits,rigidity_cache_misses,rigidity_cached_entries,rigidity_incremental_support_updates,rigidity_incremental_support_cache_hits,rigidity_incremental_support_fallbacks,support_target_order,require_connected_supports,peak_supports,support_steps,support_moves,supported_rod_steps,support_assignment_episodes,supported_rod_episodes,support_additions,support_releases
1,200452,1,0,149,[],"[0, 1, 2, 3, 4, 5, 6, 7, 8, 9, 10, 11, 12, 13, 14, 15, 16, 17, 18, 19, 20, 21, 22, 23, 24, 25, 26, 27, 28, 29, 30, 31, 32, 33, 34, 35, 36, 37, 38, 39, 40, 41, 42, 43, 44, 45, 46, 47, 48, 49, 50, 51, 52, 53, 54, 55, 56, 57, 58, 59, 60, 61, 62, 63, 64, 65, 66, 67, 68, 69, 70, 71, 72, 73, 74, 75, 76, 77, 78, 79, 80, 81, 82, 83, 84, 85, 86, 87, 88, 89, 90, 91, 92, 93, 94, 95, 96, 97, 98, 99, 100, 101, 102, 103, 104, 105, 106, 107, 108, 109, 110, 111, 112, 114, 115, 116, 117, 118, 119, 120, 121, 122, 123, 124, 125, 126, 127, 128, 129, 130, 131, 132, 133, 134, 135, 136, 137, 138, 139, 140, 141, 142, 143, 144, 145, 146, 147, 148, 149]",{},[],0,"[17, 122, 18, 32, 137, 138, 139, 140, 13, 14, 116, 118, 136, 112, 36, 135, 26, 28, 99, 105, 148, 115, 144, 149, 145, 147, 146, 12, 58, 71, 134, 109, 67, 61, 78, 10, 48, 133, 130, 93, 85, 129, 74, 42, 40, 7, 131, 132, 54, 143, 128, 31, 127, 47, 35, 126, 125, 141, 27, 104, 124, 53, 86, 123, 117, 43, 142, 15, 8, 29, 41, 102, 16, 25, 121, 110, 108, 94, 111, 9, 120, 114, 101, 76, 63, 64, 75, 119, 107, 55, 90, 77, 92, 106, 50, 6, 1, 2, 0, 30, 97, 11, 89, 98, 96, 83, 100, 44, 24, 84, 87, 82, 81, 103, 95, 88, 70, 91, 69, 79, 80, 72, 68, 60, 59, 73, 66, 65, 62, 57, 52, 51, 46, 49, 45, 56, 38, 23, 39, 34, 33, 21, 37, 20, 19, 5, 22, 4, 3]",True,32063876466,32.063876466,"[17, 122, 18, 32, 137, 138, 139, 140, 13, 14, 116, 118, 136, 112, 36, 135, 26, 28, 99, 105, 148, 115, 144, 149, 145, 147, 146, 12, 58, 71, 134, 109, 67, 61, 78, 10, 48, 133, 130, 93, 85, 129, 74, 42, 40, 7, 131, 132, 54, 143, 128, 31, 127, 47, 35, 126, 125, 141, 27, 104, 124, 53, 86, 123, 117, 43, 142, 15, 8, 29, 41, 102, 16, 25, 121, 110, 108, 94, 111, 9, 120, 114, 101, 76, 63, 64, 75, 119, 107, 55, 90, 77, 92, 106, 50, 6, 1, 2, 0, 30, 97, 11, 89, 98, 96, 83, 100, 44, 24, 84, 87, 82, 81, 103, 95, 88, 70, 91, 69, 79, 80, 72, 68, 60, 59, 73, 66, 65, 62, 57, 52, 51, 46, 49, 45, 56, 38, 23, 39, 34, 33, 21, 37, 20, 19, 5, 22, 4, 3]","[3, 4, 22, 5, 19, 20, 37, 21, 33, 34, 39, 23, 38, 56, 45, 49, 46, 51, 52, 57, 62, 65, 66, 73, 59, 60, 68, 72, 80, 79, 69, 91, 70, 88, 95, 103, 81, 82, 87, 84, 24, 44, 100, 83, 96, 98, 89, 11, 97, 30, 0, 2, 1, 6, 50, 106, 92, 77, 90, 55, 107, 119, 75, 64, 63, 76, 101, 114, 120, 9, 111, 94, 108, 110, 121, 25, 16, 102, 41, 29, 8, 15, 142, 43, 117, 123, 86, 53, 124, 104, 27, 141, 125, 126, 35, 47, 127, 31, 128, 143, 54, 132, 131, 7, 40, 42, 74, 129, 85, 93, 130, 133, 48, 10, 78, 61, 67, 109, 134, 71, 58, 12, 146, 147, 145, 149, 144, 115, 148, 105, 99, 28, 26, 135, 36, 112, 136, 118, 116, 14, 13, 140, 139, 138, 137, 32, 18, 122, 17]",True,complete,149,149,8561,0,1649,0,1649,1817,168,0,0,lowest_first,True,2,115,23,115,23,23,23,23
1,200453,2,2,147,"[17, 122]","[0, 1, 2, 3, 4, 5, 6, 7, 8, 9, 10, 11, 12, 13, 14, 15, 16, 18, 19, 20, 21, 22, 23, 24, 25, 26, 27, 28, 29, 30, 31, 32, 33, 34, 35, 36, 37, 38, 39, 40, 41, 42, 43, 44, 45, 46, 47, 48, 49, 50, 51, 52, 53, 54, 55, 56, 57, 58, 59, 60, 61, 62, 63, 64, 65, 66, 67, 68, 69, 70, 71, 72, 73, 74, 75, 76, 77, 78, 79, 80, 81, 82, 83, 84, 85, 86, 87, 88, 89, 90, 91, 92, 93, 94, 95, 96, 97, 98, 99, 100, 101, 102, 103, 104, 105, 106, 107, 108, 109, 110, 111, 112, 114, 115, 116, 117, 118, 119, 120, 121, 123, 124, 125, 126, 127, 128, 129, 130, 131, 132, 133, 134, 135, 136, 137, 138, 139, 140, 141, 142, 143, 144, 145, 146, 147, 148, 149]",{},[],0,"[17, 122, 18, 32, 137, 138, 139, 140, 13, 14, 116, 118, 136, 112, 36, 135, 26, 28, 99, 105, 148, 115, 144, 149, 145, 147, 146, 12, 58, 71, 134, 109, 67, 61, 78, 10, 48, 133, 130, 93, 85, 129, 74, 42, 40, 7, 131, 132, 54, 143, 128, 31, 127, 47, 35, 126, 125, 141, 27, 104, 124, 53, 86, 123, 117, 43, 142, 15, 8, 29, 41, 102, 16, 25, 121, 110, 108, 94, 111, 9, 120, 114, 101, 76, 63, 64, 75, 119, 107, 55, 90, 77, 92, 106, 50, 6, 1, 2, 0, 30, 97, 11, 89, 98, 96, 83, 100, 44, 24, 84, 87, 82, 81, 103, 95, 88, 70, 91, 69, 79, 80, 72, 68, 60, 59, 73, 66, 65, 62, 57, 52, 51, 46, 49, 45, 56, 38, 23, 39, 34, 33, 21, 37, 20, 19, 5, 22, 4, 3]",True,37648854336,37.648854336,"[18, 32, 137, 138, 139, 140, 14, 13, 118, 116, 136, 112, 36, 135, 28, 26, 105, 99, 144, 10, 149, 102, 145, 146, 147, 12, 58, 71, 134, 109, 67, 61, 78, 148, 48, 93, 85, 133, 130, 129, 76, 128, 97, 94, 74, 127, 89, 126, 35, 7, 125, 21, 83, 141, 142, 92, 123, 15, 27, 23, 55, 124, 16, 40, 131, 132, 54, 110, 9, 64, 50, 119, 90, 53, 117, 77, 75, 43, 29, 41, 8, 111, 108, 106, 115, 107, 6, 1, 2, 0, 114, 121, 120, 101, 42, 5, 4, 143, 22, 63, 3, 100, 96, 98, 25, 20, 11, 31, 44, 30, 24, 19, 104, 37, 84, 70, 34, 39, 52, 47, 46, 51, 68, 60, 62, 49, 45, 56, 57, 38, 33, 95, 87, 103, 81, 82, 88, 91, 73, 69, 59, 79, 80, 72, 86, 66, 65]","[65, 66, 86, 72, 80, 79, 59, 69, 73, 91, 88, 82, 81, 103, 87, 95, 33, 38, 57, 56, 45, 49, 62, 60, 68, 51, 46, 47, 52, 39, 34, 70, 84, 37, 104, 19, 24, 30, 44, 31, 11, 20, 25, 98, 96, 100, 3, 63, 22, 143, 4, 5, 42, 101, 120, 121, 114, 0, 2, 1, 6, 107, 115, 106, 108, 111, 8, 41, 29, 43, 75, 77, 117, 53, 90, 119, 50, 64, 9, 110, 54, 132, 131, 40, 16, 124, 55, 23, 27, 15, 123, 92, 142, 141, 83, 21, 125, 7, 35, 126, 89, 127, 74, 94, 97, 128, 76, 129, 130, 133, 85, 93, 48, 148, 78, 61, 67, 109, 134, 71, 58, 12, 147, 146, 145, 102, 149, 10, 144, 99, 105, 26, 28, 135, 36, 112, 136, 116, 118, 13, 14, 140, 139, 138, 137, 32, 18]",False,complete,154,154,8559,0,1856,3,1853,2000,150,0,0,lowest_first,True,2,127,28,127,28,28,28,28
1,200454,3,4,145,"[17, 18, 32, 122]","[0, 1, 2, 3, 4, 5, 6, 7, 8, 9, 10, 11, 12, 13, 14, 15, 16, 19, 20, 21, 22, 23, 24, 25, 26, 27, 28, 29, 30, 31, 33, 34, 35, 36, 37, 38, 39, 40, 41, 42, 43, 44, 45, 46, 47, 48, 49, 50, 51, 52, 53, 54, 55, 56, 57, 58, 59, 60, 61, 62, 63, 64, 65, 66, 67, 68, 69, 70, 71, 72, 73, 74, 75, 76, 77, 78, 79, 80, 81, 82, 83, 84, 85, 86, 87, 88, 89, 90, 91, 92, 93, 94, 95, 96, 97, 98, 99, 100, 101, 102, 103, 104, 105, 106, 107, 108, 109, 110, 111, 112, 114, 115, 116, 117, 118, 119, 120, 121, 123, 124, 125, 126, 127, 128, 129, 130, 131, 132, 133, 134, 135, 136, 137, 138, 139, 140, 141, 142, 143, 144, 145, 146, 147, 148, 149]",{},[],0,"[17, 122, 18, 32, 137, 138, 139, 140, 13, 14, 116, 118, 136, 112, 36, 135, 26, 28, 99, 105, 148, 115, 144, 149, 145, 147, 146, 12, 58, 71, 134, 109, 67, 61, 78, 10, 48, 133, 130, 93, 85, 129, 74, 42, 40, 7, 131, 132, 54, 143, 128, 31, 127, 47, 35, 126, 125, 141, 27, 104, 124, 53, 86, 123, 117, 43, 142, 15, 8, 29, 41, 102, 16, 25, 121, 110, 108, 94, 111, 9, 120, 114, 101, 76, 63, 64, 75, 119, 107, 55, 90, 77, 92, 106, 50, 6, 1, 2, 0, 30, 97, 11, 89, 98, 96, 83, 100, 44, 24, 84, 87, 82, 81, 103, 95, 88, 70, 91, 69, 79, 80, 72, 68, 60, 59, 73, 66, 65, 62, 57, 52, 51, 46, 49, 45, 56, 38, 23, 39, 34, 33, 21, 37, 20, 19, 5, 22, 4, 3]",True,28514980640,28.514980640,"[137, 138, 139, 140, 14, 13, 118, 116, 136, 112, 36, 135, 28, 26, 99, 105, 149, 102, 144, 10, 145, 146, 147, 12, 71, 58, 134, 109, 61, 67, 78, 148, 48, 93, 85, 133, 130, 129, 74, 40, 42, 7, 132, 131, 52, 143, 128, 126, 47, 125, 94, 100, 141, 142, 15, 8, 75, 76, 44, 50, 124, 123, 115, 16, 25, 110, 108, 63, 127, 89, 103, 90, 117, 92, 119, 53, 77, 55, 41, 29, 27, 43, 111, 9, 107, 114, 121, 120, 101, 106, 83, 6, 1, 2, 0, 54, 51, 46, 45, 39, 62, 49, 56, 57, 38, 70, 86, 69, 79, 80, 64, 60, 59, 68, 66, 72, 65, 104, 73, 87, 91, 88, 82, 81, 84, 97, 96, 95, 98, 24, 30, 31, 11, 23, 5, 4, 3, 21, 22, 20, 19, 35, 37, 34, 33]","[33, 34, 37, 35, 19, 20, 22, 21, 3, 4, 5, 23, 11, 31, 30, 24, 98, 95, 96, 97, 84, 81, 82, 88, 91, 87, 73, 104, 65, 72, 66, 68, 59, 60, 64, 80, 79, 69, 86, 70, 38, 57, 56, 49, 62, 39, 45, 46, 51, 54, 0, 2, 1, 6, 83, 106, 101, 120, 121, 114, 107, 9, 111, 43, 27, 29, 41, 55, 77, 53, 119, 92, 117, 90, 103, 89, 127, 63, 108, 110, 25, 16, 115, 123, 124, 50, 44, 76, 75, 8, 15, 142, 141, 100, 94, 125, 47, 126, 128, 143, 52, 131, 132, 7, 42, 40, 74, 129, 130, 133, 85, 93, 48, 148, 78, 67, 61, 109, 134, 58, 71, 12, 147, 146, 145, 10, 144, 102, 149, 105, 99, 26, 28, 135, 36, 112, 136, 116, 118, 13, 14, 140, 139, 138, 137]",False,complete,146,146,7937,0,1575,1,1574,1768,194,0,0,lowest_first,True,2,129,25,129,25,25,25,25
1,200455,4,6,143,"[17, 18, 32, 122, 137, 138]","[0, 1, 2, 3, 4, 5, 6, 7, 8, 9, 10, 11, 12, 13, 14, 15, 16, 19, 20, 21, 22, 23, 24, 25, 26, 27, 28, 29, 30, 31, 33, 34, 35, 36, 37, 38, 39, 40, 41, 42, 43, 44, 45, 46, 47, 48, 49, 50, 51, 52, 53, 54, 55, 56, 57, 58, 59, 60, 61, 62, 63, 64, 65, 66, 67, 68, 69, 70, 71, 72, 73, 74, 75, 76, 77, 78, 79, 80, 81, 82, 83, 84, 85, 86, 87, 88, 89, 90, 91, 92, 93, 94, 95, 96, 97, 98, 99, 100, 101, 102, 103, 104, 105, 106, 107, 108, 109, 110, 111, 112, 114, 115, 116, 117, 118, 119, 120, 121, 123, 124, 125, 126, 127, 128, 129, 130, 131, 132, 133, 134, 135, 136, 139, 140, 141, 142, 143, 144, 145, 146, 147, 148, 149]",{},[],0,"[17, 122, 18, 32, 137, 138, 139, 140, 13, 14, 116, 118, 136, 112, 36, 135, 26, 28, 99, 105, 148, 115, 144, 149, 145, 147, 146, 12, 58, 71, 134, 109, 67, 61, 78, 10, 48, 133, 130, 93, 85, 129, 74, 42, 40, 7, 131, 132, 54, 143, 128, 31, 127, 47, 35, 126, 125, 141, 27, 104, 124, 53, 86, 123, 117, 43, 142, 15, 8, 29, 41, 102, 16, 25, 121, 110, 108, 94, 111, 9, 120, 114, 101, 76, 63, 64, 75, 119, 107, 55, 90, 77, 92, 106, 50, 6, 1, 2, 0, 30, 97, 11, 89, 98, 96, 83, 100, 44, 24, 84, 87, 82, 81, 103, 95, 88, 70, 91, 69, 79, 80, 72, 68, 60, 59, 73, 66, 65, 62, 57, 52, 51, 46, 49, 45, 56, 38, 23, 39, 34, 33, 21, 37, 20, 19, 5, 22, 4, 3]",True,25314813736,25.314813736,"[140, 139, 13, 14, 116, 118, 136, 16, 36, 135, 28, 26, 105, 99, 149, 102, 144, 10, 145, 146, 147, 12, 58, 71, 134, 109, 48, 78, 61, 67, 93, 85, 133, 42, 40, 143, 25, 7, 130, 131, 132, 129, 76, 54, 74, 97, 128, 63, 94, 127, 91, 64, 126, 50, 125, 124, 123, 142, 141, 92, 117, 55, 53, 77, 119, 90, 75, 43, 27, 29, 8, 15, 41, 112, 148, 110, 9, 111, 108, 106, 115, 107, 6, 1, 2, 0, 114, 121, 120, 101, 52, 47, 46, 39, 51, 68, 45, 49, 56, 57, 38, 83, 44, 104, 62, 60, 89, 70, 69, 59, 79, 80, 72, 86, 73, 66, 65, 23, 5, 4, 21, 22, 20, 35, 37, 34, 33, 3, 100, 96, 98, 11, 31, 30, 24, 19, 84, 87, 82, 81, 88, 103, 95]","[95, 103, 88, 81, 82, 87, 84, 19, 24, 30, 31, 11, 98, 96, 100, 3, 33, 34, 37, 35, 20, 22, 21, 4, 5, 23, 65, 66, 73, 86, 72, 80, 79, 59, 69, 70, 89, 60, 62, 104, 44, 83, 38, 57, 56, 49, 45, 68, 51, 39, 46, 47, 52, 101, 120, 121, 114, 0, 2, 1, 6, 107, 115, 106, 108, 111, 9, 110, 148, 112, 41, 15, 8, 29, 27, 43, 75, 90, 119, 77, 53, 55, 117, 92, 141, 142, 123, 124, 125, 50, 126, 64, 91, 127, 94, 63, 128, 97, 74, 54, 76, 129, 132, 131, 130, 7, 25, 143, 40, 42, 133, 85, 93, 67, 61, 78, 48, 109, 134, 71, 58, 12, 147, 146, 145, 10, 144, 102, 149, 99, 105, 26, 28, 135, 36, 16, 136, 118, 116, 14, 13, 139, 140]",False,complete,144,144,8204,0,1557,1,1556,1679,123,0,0,lowest_first,True,2,104,29,104,29,29,29,29
1,200456,5,8,141,"[17, 18, 32, 122, 137, 138, 139, 140]","[0, 1, 2, 3, 4, 5, 6, 7, 8, 9, 10, 11, 12, 13, 14, 15, 16, 19, 20, 21, 22, 23, 24, 25, 26, 27, 28, 29, 30, 31, 33, 34, 35, 36, 37, 38, 39, 40, 41, 42, 43, 44, 45, 46, 47, 48, 49, 50, 51, 52, 53, 54, 55, 56, 57, 58, 59, 60, 61, 62, 63, 64, 65, 66, 67, 68, 69, 70, 71, 72, 73, 74, 75, 76, 77, 78, 79, 80, 81, 82, 83, 84, 85, 86, 87, 88, 89, 90, 91, 92, 93, 94, 95, 96, 97, 98, 99, 100, 101, 102, 103, 104, 105, 106, 107, 108, 109, 110, 111, 112, 114, 115, 116, 117, 118, 119, 120, 121, 123, 124, 125, 126, 127, 128, 129, 130, 131, 132, 133, 134, 135, 136, 141, 142, 143, 144, 145, 146, 147, 148, 149]",{},[],0,"[17, 122, 18, 32, 137, 138, 139, 140, 13, 14, 116, 118, 136, 112, 36, 135, 26, 28, 99, 105, 148, 115, 144, 149, 145, 147, 146, 12, 58, 71, 134, 109, 67, 61, 78, 10, 48, 133, 130, 93, 85, 129, 74, 42, 40, 7, 131, 132, 54, 143, 128, 31, 127, 47, 35, 126, 125, 141, 27, 104, 124, 53, 86, 123, 117, 43, 142, 15, 8, 29, 41, 102, 16, 25, 121, 110, 108, 94, 111, 9, 120, 114, 101, 76, 63, 64, 75, 119, 107, 55, 90, 77, 92, 106, 50, 6, 1, 2, 0, 30, 97, 11, 89, 98, 96, 83, 100, 44, 24, 84, 87, 82, 81, 103, 95, 88, 70, 91, 69, 79, 80, 72, 68, 60, 59, 73, 66, 65, 62, 57, 52, 51, 46, 49, 45, 56, 38, 23, 39, 34, 33, 21, 37, 20, 19, 5, 22, 4, 3]",True,33427388253,33.427388253,"[13, 14, 116, 118, 136, 112, 36, 135, 26, 28, 105, 99, 148, 115, 149, 145, 144, 147, 146, 12, 71, 58, 134, 109, 67, 78, 61, 10, 48, 133, 130, 93, 85, 129, 76, 128, 31, 94, 74, 127, 91, 126, 35, 7, 83, 125, 102, 30, 124, 21, 123, 110, 142, 141, 77, 75, 92, 29, 117, 6, 23, 15, 1, 2, 119, 108, 40, 143, 131, 132, 52, 64, 50, 103, 53, 55, 90, 8, 43, 41, 27, 111, 0, 9, 97, 16, 11, 100, 98, 96, 107, 114, 121, 120, 101, 106, 63, 95, 87, 104, 88, 70, 89, 69, 79, 80, 72, 86, 82, 81, 73, 66, 65, 47, 68, 60, 59, 44, 62, 84, 57, 56, 46, 49, 45, 51, 38, 54, 33, 34, 39, 24, 42, 25, 37, 20, 19, 5, 22, 4, 3]","[3, 4, 22, 5, 19, 20, 37, 25, 42, 24, 39, 34, 33, 54, 38, 51, 45, 49, 46, 56, 57, 84, 62, 44, 59, 60, 68, 47, 65, 66, 73, 81, 82, 86, 72, 80, 79, 69, 89, 70, 88, 104, 87, 95, 63, 106, 101, 120, 121, 114, 107, 96, 98, 100, 11, 16, 97, 9, 0, 111, 27, 41, 43, 8, 90, 55, 53, 103, 50, 64, 52, 132, 131, 143, 40, 108, 119, 2, 1, 15, 23, 6, 117, 29, 92, 75, 77, 141, 142, 110, 123, 21, 124, 30, 102, 125, 83, 7, 35, 126, 91, 127, 74, 94, 31, 128, 76, 129, 85, 93, 130, 133, 48, 10, 61, 78, 67, 109, 134, 58, 71, 12, 146, 147, 144, 145, 149, 115, 148, 99, 105, 28, 26, 135, 36, 112, 136, 118, 116, 14, 13]",False,complete,147,147,7319,0,1829,2,1827,2000,225,0,0,lowest_first,True,2,160,28,160,28,28,28,28
1,200457,6,10,139,"[13, 14, 17, 18, 32, 122, 137, 138, 139, 140]","[0, 1, 2, 3, 4, 5, 6, 7, 8, 9, 10, 11, 12, 15, 16, 19, 20, 21, 22, 23, 24, 25, 26, 27, 28, 29, 30, 31, 33, 34, 35, 36, 37, 38, 39, 40, 41, 42, 43, 44, 45, 46, 47, 48, 49, 50, 51, 52, 53, 54, 55, 56, 57, 58, 59, 60, 61, 62, 63, 64, 65, 66, 67, 68, 69, 70, 71, 72, 73, 74, 75, 76, 77, 78, 79, 80, 81, 82, 83, 84, 85, 86, 87, 88, 89, 90, 91, 92, 93, 94, 95, 96, 97, 98, 99, 100, 101, 102, 103, 104, 105, 106, 107, 108, 109, 110, 111, 112, 114, 115, 116, 117, 118, 119, 120, 121, 123, 124, 125, 126, 127, 128, 129, 130, 131, 132, 133, 134, 135, 136, 141, 142, 143, 144, 145, 146, 147, 148, 149]",{},[],0,"[17, 122, 18, 32, 137, 138, 139, 140, 13, 14, 116, 118, 136, 112, 36, 135, 26, 28, 99, 105, 148, 115, 144, 149, 145, 147, 146, 12, 58, 71, 134, 109, 67, 61, 78, 10, 48, 133, 130, 93, 85, 129, 74, 42, 40, 7, 131, 132, 54, 143, 128, 31, 127, 47, 35, 126, 125, 141, 27, 104, 124, 53, 86, 123, 117, 43, 142, 15, 8, 29, 41, 102, 16, 25, 121, 110, 108, 94, 111, 9, 120, 114, 101, 76, 63, 64, 75, 119, 107, 55, 90, 77, 92, 106, 50, 6, 1, 2, 0, 30, 97, 11, 89, 98, 96, 83, 100, 44, 24, 84, 87, 82, 81, 103, 95, 88, 70, 91, 69, 79, 80, 72, 68, 60, 59, 73, 66, 65, 62, 57, 52, 51, 46, 49, 45, 56, 38, 23, 39, 34, 33, 21, 37, 20, 19, 5, 22, 4, 3]",True,39462848378,39.462848378,"[116, 118, 136, 16, 36, 135, 28, 26, 105, 99, 144, 10, 149, 102, 145, 147, 146, 12, 71, 58, 134, 109, 61, 67, 48, 148, 133, 143, 7, 129, 130, 74, 128, 23, 31, 127, 89, 126, 125, 132, 131, 54, 44, 141, 142, 53, 47, 21, 15, 8, 29, 103, 94, 124, 123, 115, 112, 110, 6, 76, 119, 108, 1, 2, 111, 9, 0, 78, 93, 85, 42, 63, 64, 117, 92, 75, 77, 90, 55, 27, 41, 43, 107, 114, 121, 120, 101, 106, 83, 30, 97, 11, 100, 98, 96, 95, 87, 104, 88, 70, 91, 69, 79, 80, 72, 86, 82, 81, 73, 66, 65, 50, 68, 60, 59, 35, 84, 57, 62, 56, 46, 49, 45, 51, 38, 52, 33, 34, 39, 24, 40, 25, 37, 20, 19, 5, 22, 4, 3]","[3, 4, 22, 5, 19, 20, 37, 25, 40, 24, 39, 34, 33, 52, 38, 51, 45, 49, 46, 56, 62, 57, 84, 35, 59, 60, 68, 50, 65, 66, 73, 81, 82, 86, 72, 80, 79, 69, 91, 70, 88, 104, 87, 95, 96, 98, 100, 11, 97, 30, 83, 106, 101, 120, 121, 114, 107, 43, 41, 27, 55, 90, 77, 75, 92, 117, 64, 63, 42, 85, 93, 78, 0, 9, 111, 2, 1, 108, 119, 76, 6, 110, 112, 115, 123, 124, 94, 103, 29, 8, 15, 21, 47, 53, 142, 141, 44, 54, 131, 132, 125, 126, 89, 127, 31, 23, 128, 74, 130, 129, 7, 143, 133, 148, 48, 67, 61, 109, 134, 58, 71, 12, 146, 147, 145, 102, 149, 10, 144, 99, 105, 26, 28, 135, 36, 16, 136, 118, 116]",False,complete,183,183,8044,0,2585,22,2563,2000,1007,6,0,lowest_first,True,2,129,26,129,26,26,26,26
1,200458,7,12,137,"[13, 14, 17, 18, 32, 116, 118, 122, 137, 138, 139, 140]","[0, 1, 2, 3, 4, 5, 6, 7, 8, 9, 10, 11, 12, 15, 16, 19, 20, 21, 22, 23, 24, 25, 26, 27, 28, 29, 30, 31, 33, 34, 35, 36, 37, 38, 39, 40, 41, 42, 43, 44, 45, 46, 47, 48, 49, 50, 51, 52, 53, 54, 55, 56, 57, 58, 59, 60, 61, 62, 63, 64, 65, 66, 67, 68, 69, 70, 71, 72, 73, 74, 75, 76, 77, 78, 79, 80, 81, 82, 83, 84, 85, 86, 87, 88, 89, 90, 91, 92, 93, 94, 95, 96, 97, 98, 99, 100, 101, 102, 103, 104, 105, 106, 107, 108, 109, 110, 111, 112, 114, 115, 117, 119, 120, 121, 123, 124, 125, 126, 127, 128, 129, 130, 131, 132, 133, 134, 135, 136, 141, 142, 143, 144, 145, 146, 147, 148, 149]",{},[],0,"[17, 122, 18, 32, 137, 138, 139, 140, 13, 14, 116, 118, 136, 112, 36, 135, 26, 28, 99, 105, 148, 115, 144, 149, 145, 147, 146, 12, 58, 71, 134, 109, 67, 61, 78, 10, 48, 133, 130, 93, 85, 129, 74, 42, 40, 7, 131, 132, 54, 143, 128, 31, 127, 47, 35, 126, 125, 141, 27, 104, 124, 53, 86, 123, 117, 43, 142, 15, 8, 29, 41, 102, 16, 25, 121, 110, 108, 94, 111, 9, 120, 114, 101, 76, 63, 64, 75, 119, 107, 55, 90, 77, 92, 106, 50, 6, 1, 2, 0, 30, 97, 11, 89, 98, 96, 83, 100, 44, 24, 84, 87, 82, 81, 103, 95, 88, 70, 91, 69, 79, 80, 72, 68, 60, 59, 73, 66, 65, 62, 57, 52, 51, 46, 49, 45, 56, 38, 23, 39, 34, 33, 21, 37, 20, 19, 5, 22, 4, 3]",True,26593084717,26.593084717,"[136, 16, 36, 135, 26, 28, 99, 105, 145, 149, 102, 144, 10, 147, 146, 12, 71, 58, 134, 109, 48, 67, 78, 61, 85, 93, 133, 42, 40, 143, 25, 7, 129, 132, 130, 131, 52, 76, 74, 97, 128, 63, 94, 127, 91, 64, 126, 50, 125, 124, 123, 142, 141, 75, 55, 117, 119, 90, 53, 77, 92, 27, 29, 41, 15, 8, 43, 112, 148, 110, 9, 111, 108, 106, 115, 107, 6, 1, 2, 0, 114, 121, 120, 101, 54, 47, 46, 39, 51, 68, 45, 49, 56, 57, 38, 83, 44, 104, 62, 60, 89, 70, 69, 59, 79, 80, 72, 86, 73, 66, 65, 23, 5, 4, 21, 22, 20, 35, 37, 34, 33, 3, 100, 96, 98, 11, 31, 30, 24, 19, 84, 82, 87, 81, 88, 103, 95]","[95, 103, 88, 81, 87, 82, 84, 19, 24, 30, 31, 11, 98, 96, 100, 3, 33, 34, 37, 35, 20, 22, 21, 4, 5, 23, 65, 66, 73, 86, 72, 80, 79, 59, 69, 70, 89, 60, 62, 104, 44, 83, 38, 57, 56, 49, 45, 68, 51, 39, 46, 47, 54, 101, 120, 121, 114, 0, 2, 1, 6, 107, 115, 106, 108, 111, 9, 110, 148, 112, 43, 8, 15, 41, 29, 27, 92, 77, 53, 90, 119, 117, 55, 75, 141, 142, 123, 124, 125, 50, 126, 64, 91, 127, 94, 63, 128, 97, 74, 76, 52, 131, 130, 132, 129, 7, 25, 143, 40, 42, 133, 93, 85, 61, 78, 67, 48, 109, 134, 58, 71, 12, 146, 147, 10, 144, 102, 149, 145, 105, 99, 28, 26, 135, 36, 16, 136]",False,complete,142,142,7622,0,1659,1,1658,1782,124,0,0,lowest_first,True,2,104,29,104,29,29,29,29
1,200459,8,14,135,"[13, 14, 17, 18, 32, 112, 116, 118, 122, 136, 137, 138, 139, 140]","[0, 1, 2, 3, 4, 5, 6, 7, 8, 9, 10, 11, 12, 15, 16, 19, 20, 21, 22, 23, 24, 25, 26, 27, 28, 29, 30, 31, 33, 34, 35, 36, 37, 38, 39, 40, 41, 42, 43, 44, 45, 46, 47, 48, 49, 50, 51, 52, 53, 54, 55, 56, 57, 58, 59, 60, 61, 62, 63, 64, 65, 66, 67, 68, 69, 70, 71, 72, 73, 74, 75, 76, 77, 78, 79, 80, 81, 82, 83, 84, 85, 86, 87, 88, 89, 90, 91, 92, 93, 94, 95, 96, 97, 98, 99, 100, 101, 102, 103, 104, 105, 106, 107, 108, 109, 110, 111, 114, 115, 117, 119, 120, 121, 123, 124, 125, 126, 127, 128, 129, 130, 131, 132, 133, 134, 135, 141, 142, 143, 144, 145, 146, 147, 148, 149]",{},[],0,"[17, 122, 18, 32, 137, 138, 139, 140, 13, 14, 116, 118, 136, 112, 36, 135, 26, 28, 99, 105, 148, 115, 144, 149, 145, 147, 146, 12, 58, 71, 134, 109, 67, 61, 78, 10, 48, 133, 130, 93, 85, 129, 74, 42, 40, 7, 131, 132, 54, 143, 128, 31, 127, 47, 35, 126, 125, 141, 27, 104, 124, 53, 86, 123, 117, 43, 142, 15, 8, 29, 41, 102, 16, 25, 121, 110, 108, 94, 111, 9, 120, 114, 101, 76, 63, 64, 75, 119, 107, 55, 90, 77, 92, 106, 50, 6, 1, 2, 0, 30, 97, 11, 89, 98, 96, 83, 100, 44, 24, 84, 87, 82, 81, 103, 95, 88, 70, 91, 69, 79, 80, 72, 68, 60, 59, 73, 66, 65, 62, 57, 52, 51, 46, 49, 45, 56, 38, 23, 39, 34, 33, 21, 37, 20, 19, 5, 22, 4, 3]",True,31902232843,31.902232843,"[36, 135, 26, 28, 99, 105, 144, 10, 149, 102, 145, 147, 146, 12, 71, 58, 134, 109, 61, 67, 48, 78, 148, 93, 85, 133, 130, 129, 74, 42, 40, 7, 131, 132, 54, 143, 128, 126, 47, 125, 124, 123, 141, 142, 119, 104, 103, 127, 55, 86, 25, 29, 16, 76, 110, 9, 97, 64, 90, 75, 53, 117, 77, 92, 43, 41, 15, 27, 8, 111, 108, 91, 115, 63, 107, 114, 121, 120, 101, 106, 68, 6, 1, 2, 0, 89, 62, 60, 70, 83, 66, 94, 87, 73, 65, 88, 84, 82, 81, 100, 96, 95, 44, 98, 24, 30, 31, 11, 52, 51, 46, 39, 50, 49, 45, 56, 57, 38, 23, 5, 4, 3, 21, 22, 20, 19, 35, 37, 34, 33, 72, 80, 79, 69, 59]","[59, 69, 79, 80, 72, 33, 34, 37, 35, 19, 20, 22, 21, 3, 4, 5, 23, 38, 57, 56, 45, 49, 50, 39, 46, 51, 52, 11, 31, 30, 24, 98, 44, 95, 96, 100, 81, 82, 84, 88, 65, 73, 87, 94, 66, 83, 70, 60, 62, 89, 0, 2, 1, 6, 68, 106, 101, 120, 121, 114, 107, 63, 115, 91, 108, 111, 8, 27, 15, 41, 43, 92, 77, 117, 53, 75, 90, 64, 97, 9, 110, 76, 16, 29, 25, 86, 55, 127, 103, 104, 119, 142, 141, 123, 124, 125, 47, 126, 128, 143, 54, 132, 131, 7, 40, 42, 74, 129, 130, 133, 85, 93, 148, 78, 48, 67, 61, 109, 134, 58, 71, 12, 146, 147, 145, 102, 149, 10, 144, 105, 99, 28, 26, 135, 36]",False,complete,189,189,7313,0,2133,24,2109,2000,285,0,0,lowest_first,True,2,127,28,127,28,28,28,28
1,200460,9,16,133,"[13, 14, 17, 18, 32, 36, 112, 116, 118, 122, 135, 136, 137, 138, 139, 140]","[0, 1, 2, 3, 4, 5, 6, 7, 8, 9, 10, 11, 12, 15, 16, 19, 20, 21, 22, 23, 24, 25, 26, 27, 28, 29, 30, 31, 33, 34, 35, 37, 38, 39, 40, 41, 42, 43, 44, 45, 46, 47, 48, 49, 50, 51, 52, 53, 54, 55, 56, 57, 58, 59, 60, 61, 62, 63, 64, 65, 66, 67, 68, 69, 70, 71, 72, 73, 74, 75, 76, 77, 78, 79, 80, 81, 82, 83, 84, 85, 86, 87, 88, 89, 90, 91, 92, 93, 94, 95, 96, 97, 98, 99, 100, 101, 102, 103, 104, 105, 106, 107, 108, 109, 110, 111, 114, 115, 117, 119, 120, 121, 123, 124, 125, 126, 127, 128, 129, 130, 131, 132, 133, 134, 141, 142, 143, 144, 145, 146, 147, 148, 149]",{},[],0,"[17, 122, 18, 32, 137, 138, 139, 140, 13, 14, 116, 118, 136, 112, 36, 135, 26, 28, 99, 105, 148, 115, 144, 149, 145, 147, 146, 12, 58, 71, 134, 109, 67, 61, 78, 10, 48, 133, 130, 93, 85, 129, 74, 42, 40, 7, 131, 132, 54, 143, 128, 31, 127, 47, 35, 126, 125, 141, 27, 104, 124, 53, 86, 123, 117, 43, 142, 15, 8, 29, 41, 102, 16, 25, 121, 110, 108, 94, 111, 9, 120, 114, 101, 76, 63, 64, 75, 119, 107, 55, 90, 77, 92, 106, 50, 6, 1, 2, 0, 30, 97, 11, 89, 98, 96, 83, 100, 44, 24, 84, 87, 82, 81, 103, 95, 88, 70, 91, 69, 79, 80, 72, 68, 60, 59, 73, 66, 65, 62, 57, 52, 51, 46, 49, 45, 56, 38, 23, 39, 34, 33, 21, 37, 20, 19, 5, 22, 4, 3]",True,29883085434,29.883085434,"[28, 26, 105, 99, 148, 115, 144, 145, 149, 147, 146, 12, 58, 71, 134, 109, 48, 61, 67, 78, 10, 133, 129, 93, 85, 130, 76, 128, 31, 94, 74, 127, 91, 126, 35, 7, 83, 125, 102, 30, 124, 21, 123, 110, 141, 142, 77, 75, 92, 29, 117, 6, 23, 8, 1, 2, 108, 40, 143, 132, 131, 52, 64, 50, 104, 53, 119, 90, 55, 43, 41, 15, 27, 111, 0, 9, 97, 16, 11, 100, 98, 96, 107, 114, 121, 120, 101, 106, 63, 95, 87, 103, 88, 70, 89, 69, 79, 80, 72, 86, 82, 81, 73, 66, 65, 47, 68, 60, 59, 44, 62, 84, 57, 56, 46, 49, 45, 51, 38, 54, 33, 34, 39, 24, 42, 25, 37, 20, 19, 5, 22, 4, 3]","[3, 4, 22, 5, 19, 20, 37, 25, 42, 24, 39, 34, 33, 54, 38, 51, 45, 49, 46, 56, 57, 84, 62, 44, 59, 60, 68, 47, 65, 66, 73, 81, 82, 86, 72, 80, 79, 69, 89, 70, 88, 103, 87, 95, 63, 106, 101, 120, 121, 114, 107, 96, 98, 100, 11, 16, 97, 9, 0, 111, 27, 15, 41, 43, 55, 90, 119, 53, 104, 50, 64, 52, 131, 132, 143, 40, 108, 2, 1, 8, 23, 6, 117, 29, 92, 75, 77, 142, 141, 110, 123, 21, 124, 30, 102, 125, 83, 7, 35, 126, 91, 127, 74, 94, 31, 128, 76, 130, 85, 93, 129, 133, 10, 78, 67, 61, 48, 109, 134, 71, 58, 12, 146, 147, 149, 145, 144, 115, 148, 99, 105, 26, 28]",False,complete,139,139,6410,0,1809,2,1807,2000,225,0,0,lowest_first,True,2,161,28,161,28,28,28,28
1,200461,10,18,131,"[13, 14, 17, 18, 26, 28, 32, 36, 112, 116, 118, 122, 135, 136, 137, 138, 139, 140]","[0, 1, 2, 3, 4, 5, 6, 7, 8, 9, 10, 11, 12, 15, 16, 19, 20, 21, 22, 23, 24, 25, 27, 29, 30, 31, 33, 34, 35, 37, 38, 39, 40, 41, 42, 43, 44, 45, 46, 47, 48, 49, 50, 51, 52, 53, 54, 55, 56, 57, 58, 59, 60, 61, 62, 63, 64, 65, 66, 67, 68, 69, 70, 71, 72, 73, 74, 75, 76, 77, 78, 79, 80, 81, 82, 83, 84, 85, 86, 87, 88, 89, 90, 91, 92, 93, 94, 95, 96, 97, 98, 99, 100, 101, 102, 103, 104, 105, 106, 107, 108, 109, 110, 111, 114, 115, 117, 119, 120, 121, 123, 124, 125, 126, 127, 128, 129, 130, 131, 132, 133, 134, 141, 142, 143, 144, 145, 146, 147, 148, 149]",{},[],0,"[17, 122, 18, 32, 137, 138, 139, 140, 13, 14, 116, 118, 136, 112, 36, 135, 26, 28, 99, 105, 148, 115, 144, 149, 145, 147, 146, 12, 58, 71, 134, 109, 67, 61, 78, 10, 48, 133, 130, 93, 85, 129, 74, 42, 40, 7, 131, 132, 54, 143, 128, 31, 127, 47, 35, 126, 125, 141, 27, 104, 124, 53, 86, 123, 117, 43, 142, 15, 8, 29, 41, 102, 16, 25, 121, 110, 108, 94, 111, 9, 120, 114, 101, 76, 63, 64, 75, 119, 107, 55, 90, 77, 92, 106, 50, 6, 1, 2, 0, 30, 97, 11, 89, 98, 96, 83, 100, 44, 24, 84, 87, 82, 81, 103, 95, 88, 70, 91, 69, 79, 80, 72, 68, 60, 59, 73, 66, 65, 62, 57, 52, 51, 46, 49, 45, 56, 38, 23, 39, 34, 33, 21, 37, 20, 19, 5, 22, 4, 3]",True,38702254495,38.702254495,"[99, 105, 149, 102, 148, 145, 144, 146, 147, 12, 58, 71, 134, 109, 78, 48, 61, 115, 85, 93, 133, 7, 129, 132, 40, 130, 74, 76, 97, 23, 143, 131, 52, 128, 127, 83, 89, 86, 142, 75, 124, 35, 126, 47, 141, 123, 117, 125, 119, 90, 29, 53, 8, 27, 6, 2, 1, 10, 16, 67, 110, 108, 64, 21, 103, 77, 55, 92, 43, 15, 41, 111, 9, 0, 107, 114, 121, 120, 101, 106, 63, 42, 5, 25, 4, 22, 20, 37, 34, 39, 46, 54, 51, 3, 100, 96, 98, 11, 31, 30, 95, 104, 44, 24, 19, 50, 84, 82, 91, 88, 70, 87, 81, 94, 69, 79, 80, 72, 68, 60, 59, 73, 66, 65, 62, 33, 38, 57, 56, 49, 45]","[45, 49, 56, 57, 38, 33, 62, 65, 66, 73, 59, 60, 68, 72, 80, 79, 69, 94, 81, 87, 70, 88, 91, 82, 84, 50, 19, 24, 44, 104, 95, 30, 31, 11, 98, 96, 100, 3, 51, 54, 46, 39, 34, 37, 20, 22, 4, 25, 5, 42, 63, 106, 101, 120, 121, 114, 107, 0, 9, 111, 41, 15, 43, 92, 55, 77, 103, 21, 64, 108, 110, 67, 16, 10, 1, 2, 6, 27, 8, 53, 29, 90, 119, 125, 117, 123, 141, 47, 126, 35, 124, 75, 142, 86, 89, 83, 127, 128, 52, 131, 143, 23, 97, 76, 74, 130, 40, 132, 129, 7, 133, 93, 85, 115, 61, 48, 78, 109, 134, 71, 58, 12, 147, 146, 144, 145, 148, 102, 149, 105, 99]",False,complete,220,220,7506,0,2858,82,2776,2000,1690,2,0,lowest_first,True,2,132,30,132,30,30,30,30
1,200462,11,20,129,"[13, 14, 17, 18, 26, 28, 32, 36, 99, 105, 112, 116, 118, 122, 135, 136, 137, 138, 139, 140]","[0, 1, 2, 3, 4, 5, 6, 7, 8, 9, 10, 11, 12, 15, 16, 19, 20, 21, 22, 23, 24, 25, 27, 29, 30, 31, 33, 34, 35, 37, 38, 39, 40, 41, 42, 43, 44, 45, 46, 47, 48, 49, 50, 51, 52, 53, 54, 55, 56, 57, 58, 59, 60, 61, 62, 63, 64, 65, 66, 67, 68, 69, 70, 71, 72, 73, 74, 75, 76, 77, 78, 79, 80, 81, 82, 83, 84, 85, 86, 87, 88, 89, 90, 91, 92, 93, 94, 95, 96, 97, 98, 100, 101, 102, 103, 104, 106, 107, 108, 109, 110, 111, 114, 115, 117, 119, 120, 121, 123, 124, 125, 126, 127, 128, 129, 130, 131, 132, 133, 134, 141, 142, 143, 144, 145, 146, 147, 148, 149]",{},[],0,"[17, 122, 18, 32, 137, 138, 139, 140, 13, 14, 116, 118, 136, 112, 36, 135, 26, 28, 99, 105, 148, 115, 144, 149, 145, 147, 146, 12, 58, 71, 134, 109, 67, 61, 78, 10, 48, 133, 130, 93, 85, 129, 74, 42, 40, 7, 131, 132, 54, 143, 128, 31, 127, 47, 35, 126, 125, 141, 27, 104, 124, 53, 86, 123, 117, 43, 142, 15, 8, 29, 41, 102, 16, 25, 121, 110, 108, 94, 111, 9, 120, 114, 101, 76, 63, 64, 75, 119, 107, 55, 90, 77, 92, 106, 50, 6, 1, 2, 0, 30, 97, 11, 89, 98, 96, 83, 100, 44, 24, 84, 87, 82, 81, 103, 95, 88, 70, 91, 69, 79, 80, 72, 68, 60, 59, 73, 66, 65, 62, 57, 52, 51, 46, 49, 45, 56, 38, 23, 39, 34, 33, 21, 37, 20, 19, 5, 22, 4, 3]",True,40682634422,40.682634422,"[145, 148, 115, 144, 149, 147, 146, 12, 71, 58, 134, 109, 78, 61, 102, 48, 85, 93, 133, 7, 130, 129, 132, 40, 76, 74, 97, 23, 143, 131, 52, 128, 127, 83, 89, 86, 142, 55, 124, 141, 47, 8, 29, 75, 123, 90, 126, 57, 125, 10, 16, 67, 110, 108, 64, 21, 103, 53, 77, 119, 117, 92, 43, 15, 41, 27, 111, 9, 107, 114, 121, 120, 101, 106, 63, 6, 1, 2, 0, 22, 4, 5, 3, 100, 96, 98, 11, 31, 30, 54, 51, 46, 42, 35, 25, 20, 37, 34, 44, 24, 19, 39, 38, 33, 50, 56, 49, 45, 91, 62, 73, 66, 68, 84, 82, 104, 95, 88, 70, 60, 87, 81, 94, 65, 72, 80, 79, 69, 59]","[59, 69, 79, 80, 72, 65, 94, 81, 87, 60, 70, 88, 95, 104, 82, 84, 68, 66, 73, 62, 91, 45, 49, 56, 50, 33, 38, 39, 19, 24, 44, 34, 37, 20, 25, 35, 42, 46, 51, 54, 30, 31, 11, 98, 96, 100, 3, 5, 4, 22, 0, 2, 1, 6, 63, 106, 101, 120, 121, 114, 107, 9, 111, 27, 41, 15, 43, 92, 117, 119, 77, 53, 103, 21, 64, 108, 110, 67, 16, 10, 125, 57, 126, 90, 123, 75, 29, 8, 47, 141, 124, 55, 142, 86, 89, 83, 127, 128, 52, 131, 143, 23, 97, 74, 76, 40, 132, 129, 130, 7, 133, 93, 85, 48, 102, 61, 78, 109, 134, 58, 71, 12, 146, 147, 149, 144, 115, 148, 145]",False,complete,235,235,7513,0,3008,47,2961,2000,1878,4,0,lowest_first,True,2,138,25,138,25,25,25,25
1,200463,12,22,127,"[13, 14, 17, 18, 26, 28, 32, 36, 99, 105, 112, 115, 116, 118, 122, 135, 136, 137, 138, 139, 140, 148]","[0, 1, 2, 3, 4, 5, 6, 7, 8, 9, 10, 11, 12, 15, 16, 19, 20, 21, 22, 23, 24, 25, 27, 29, 30, 31, 33, 34, 35, 37, 38, 39, 40, 41, 42, 43, 44, 45, 46, 47, 48, 49, 50, 51, 52, 53, 54, 55, 56, 57, 58, 59, 60, 61, 62, 63, 64, 65, 66, 67, 68, 69, 70, 71, 72, 73, 74, 75, 76, 77, 78, 79, 80, 81, 82, 83, 84, 85, 86, 87, 88, 89, 90, 91, 92, 93, 94, 95, 96, 97, 98, 100, 101, 102, 103, 104, 106, 107, 108, 109, 110, 111, 114, 117, 119, 120, 121, 123, 124, 125, 126, 127, 128, 129, 130, 131, 132, 133, 134, 141, 142, 143, 144, 145, 146, 147, 149]",{},[],0,"[17, 122, 18, 32, 137, 138, 139, 140, 13, 14, 116, 118, 136, 112, 36, 135, 26, 28, 99, 105, 148, 115, 144, 149, 145, 147, 146, 12, 58, 71, 134, 109, 67, 61, 78, 10, 48, 133, 130, 93, 85, 129, 74, 42, 40, 7, 131, 132, 54, 143, 128, 31, 127, 47, 35, 126, 125, 141, 27, 104, 124, 53, 86, 123, 117, 43, 142, 15, 8, 29, 41, 102, 16, 25, 121, 110, 108, 94, 111, 9, 120, 114, 101, 76, 63, 64, 75, 119, 107, 55, 90, 77, 92, 106, 50, 6, 1, 2, 0, 30, 97, 11, 89, 98, 96, 83, 100, 44, 24, 84, 87, 82, 81, 103, 95, 88, 70, 91, 69, 79, 80, 72, 68, 60, 59, 73, 66, 65, 62, 57, 52, 51, 46, 49, 45, 56, 38, 23, 39, 34, 33, 21, 37, 20, 19, 5, 22, 4, 3]",True,74908496626,74.908496626,"[149, 144, 145, 147, 146, 12, 71, 58, 134, 109, 61, 78, 102, 48, 85, 93, 133, 7, 131, 40, 129, 130, 74, 76, 97, 23, 143, 132, 54, 128, 127, 83, 89, 86, 141, 55, 124, 142, 47, 15, 126, 125, 123, 67, 52, 92, 119, 121, 41, 43, 106, 101, 51, 46, 63, 64, 75, 77, 53, 117, 90, 8, 27, 29, 120, 114, 107, 10, 16, 6, 1, 2, 22, 4, 5, 3, 100, 96, 98, 11, 31, 30, 70, 69, 94, 79, 80, 62, 60, 59, 68, 66, 72, 65, 103, 73, 87, 21, 91, 104, 95, 88, 82, 81, 44, 84, 37, 24, 20, 19, 25, 50, 42, 35, 34, 39, 49, 45, 56, 57, 38, 33, 110, 108, 111, 9, 0]","[0, 9, 111, 108, 110, 33, 38, 57, 56, 45, 49, 39, 34, 35, 42, 50, 25, 19, 20, 24, 37, 84, 44, 81, 82, 88, 95, 104, 91, 21, 87, 73, 103, 65, 72, 66, 68, 59, 60, 62, 80, 79, 94, 69, 70, 30, 31, 11, 98, 96, 100, 3, 5, 4, 22, 2, 1, 6, 16, 10, 107, 114, 120, 29, 27, 8, 90, 117, 53, 77, 75, 64, 63, 46, 51, 101, 106, 43, 41, 121, 119, 92, 52, 67, 123, 125, 126, 15, 47, 142, 124, 55, 141, 86, 89, 83, 127, 128, 54, 132, 143, 23, 97, 76, 74, 130, 129, 40, 131, 7, 133, 93, 85, 48, 102, 78, 61, 109, 134, 58, 71, 12, 146, 147, 145, 144, 149]",False,complete,355,355,9693,0,5483,208,5275,2000,1596,6,0,lowest_first,True,2,136,26,136,26,26,26,26
1,200464,13,24,125,"[13, 14, 17, 18, 26, 28, 32, 36, 99, 105, 112, 115, 116, 118, 122, 135, 136, 137, 138, 139, 140, 144, 148, 149]","[0, 1, 2, 3, 4, 5, 6, 7, 8, 9, 10, 11, 12, 15, 16, 19, 20, 21, 22, 23, 24, 25, 27, 29, 30, 31, 33, 34, 35, 37, 38, 39, 40, 41, 42, 43, 44, 45, 46, 47, 48, 49, 50, 51, 52, 53, 54, 55, 56, 57, 58, 59, 60, 61, 62, 63, 64, 65, 66, 67, 68, 69, 70, 71, 72, 73, 74, 75, 76, 77, 78, 79, 80, 81, 82, 83, 84, 85, 86, 87, 88, 89, 90, 91, 92, 93, 94, 95, 96, 97, 98, 100, 101, 102, 103, 104, 106, 107, 108, 109, 110, 111, 114, 117, 119, 120, 121, 123, 124, 125, 126, 127, 128, 129, 130, 131, 132, 133, 134, 141, 142, 143, 145, 146, 147]",{},[],0,"[17, 122, 18, 32, 137, 138, 139, 140, 13, 14, 116, 118, 136, 112, 36, 135, 26, 28, 99, 105, 148, 115, 144, 149, 145, 147, 146, 12, 58, 71, 134, 109, 67, 61, 78, 10, 48, 133, 130, 93, 85, 129, 74, 42, 40, 7, 131, 132, 54, 143, 128, 31, 127, 47, 35, 126, 125, 141, 27, 104, 124, 53, 86, 123, 117, 43, 142, 15, 8, 29, 41, 102, 16, 25, 121, 110, 108, 94, 111, 9, 120, 114, 101, 76, 63, 64, 75, 119, 107, 55, 90, 77, 92, 106, 50, 6, 1, 2, 0, 30, 97, 11, 89, 98, 96, 83, 100, 44, 24, 84, 87, 82, 81, 103, 95, 88, 70, 91, 69, 79, 80, 72, 68, 60, 59, 73, 66, 65, 62, 57, 52, 51, 46, 49, 45, 56, 38, 23, 39, 34, 33, 21, 37, 20, 19, 5, 22, 4, 3]",True,30617203827,30.617203827,"[145, 146, 147, 12, 58, 71, 134, 109, 48, 78, 67, 61, 10, 133, 130, 93, 85, 129, 74, 42, 40, 7, 131, 132, 54, 143, 128, 31, 127, 47, 35, 126, 125, 142, 29, 103, 124, 123, 141, 53, 86, 8, 16, 25, 76, 110, 108, 64, 119, 117, 92, 75, 90, 55, 77, 43, 41, 27, 15, 111, 9, 107, 102, 114, 121, 91, 120, 101, 63, 106, 50, 6, 1, 2, 0, 30, 97, 11, 89, 98, 96, 83, 100, 44, 24, 84, 82, 104, 95, 88, 70, 87, 81, 94, 69, 79, 80, 72, 68, 60, 59, 73, 66, 65, 62, 57, 52, 51, 46, 49, 45, 56, 38, 23, 39, 34, 33, 21, 37, 20, 19, 5, 22, 4, 3]","[3, 4, 22, 5, 19, 20, 37, 21, 33, 34, 39, 23, 38, 56, 45, 49, 46, 51, 52, 57, 62, 65, 66, 73, 59, 60, 68, 72, 80, 79, 69, 94, 81, 87, 70, 88, 95, 104, 82, 84, 24, 44, 100, 83, 96, 98, 89, 11, 97, 30, 0, 2, 1, 6, 50, 106, 63, 101, 120, 91, 121, 114, 102, 107, 9, 111, 15, 27, 41, 43, 77, 55, 90, 75, 92, 117, 119, 64, 108, 110, 76, 25, 16, 8, 86, 53, 141, 123, 124, 103, 29, 142, 125, 126, 35, 47, 127, 31, 128, 143, 54, 132, 131, 7, 40, 42, 74, 129, 85, 93, 130, 133, 10, 61, 67, 78, 48, 109, 134, 71, 58, 12, 147, 146, 145]",False,complete,125,125,5924,0,1627,0,1627,1775,148,0,0,lowest_first,True,2,111,24,111,24,24,24,24
1,200465,14,26,123,"[13, 14, 17, 18, 26, 28, 32, 36, 99, 105, 112, 115, 116, 118, 122, 135, 136, 137, 138, 139, 140, 144, 145, 147, 148, 149]","[0, 1, 2, 3, 4, 5, 6, 7, 8, 9, 10, 11, 12, 15, 16, 19, 20, 21, 22, 23, 24, 25, 27, 29, 30, 31, 33, 34, 35, 37, 38, 39, 40, 41, 42, 43, 44, 45, 46, 47, 48, 49, 50, 51, 52, 53, 54, 55, 56, 57, 58, 59, 60, 61, 62, 63, 64, 65, 66, 67, 68, 69, 70, 71, 72, 73, 74, 75, 76, 77, 78, 79, 80, 81, 82, 83, 84, 85, 86, 87, 88, 89, 90, 91, 92, 93, 94, 95, 96, 97, 98, 100, 101, 102, 103, 104, 106, 107, 108, 109, 110, 111, 114, 117, 119, 120, 121, 123, 124, 125, 126, 127, 128, 129, 130, 131, 132, 133, 134, 141, 142, 143, 146]",{},[],0,"[17, 122, 18, 32, 137, 138, 139, 140, 13, 14, 116, 118, 136, 112, 36, 135, 26, 28, 99, 105, 148, 115, 144, 149, 145, 147, 146, 12, 58, 71, 134, 109, 67, 61, 78, 10, 48, 133, 130, 93, 85, 129, 74, 42, 40, 7, 131, 132, 54, 143, 128, 31, 127, 47, 35, 126, 125, 141, 27, 104, 124, 53, 86, 123, 117, 43, 142, 15, 8, 29, 41, 102, 16, 25, 121, 110, 108, 94, 111, 9, 120, 114, 101, 76, 63, 64, 75, 119, 107, 55, 90, 77, 92, 106, 50, 6, 1, 2, 0, 30, 97, 11, 89, 98, 96, 83, 100, 44, 24, 84, 87, 82, 81, 103, 95, 88, 70, 91, 69, 79, 80, 72, 68, 60, 59, 73, 66, 65, 62, 57, 52, 51, 46, 49, 45, 56, 38, 23, 39, 34, 33, 21, 37, 20, 19, 5, 22, 4, 3]",True,27681102750,27.681102750,"[146, 12, 71, 58, 134, 109, 78, 67, 61, 10, 48, 133, 130, 93, 85, 129, 76, 128, 31, 94, 74, 127, 89, 126, 35, 7, 83, 141, 90, 125, 142, 102, 30, 110, 21, 42, 131, 132, 52, 124, 123, 108, 40, 143, 64, 50, 104, 75, 117, 53, 92, 77, 119, 55, 43, 41, 15, 8, 27, 29, 111, 9, 97, 16, 11, 100, 98, 96, 107, 114, 121, 120, 101, 106, 63, 95, 87, 103, 88, 70, 91, 69, 79, 80, 72, 86, 82, 81, 73, 66, 65, 47, 68, 60, 59, 44, 62, 84, 24, 23, 25, 57, 56, 49, 46, 45, 51, 38, 54, 39, 34, 33, 37, 20, 19, 5, 22, 3, 4, 2, 6, 1, 0]","[0, 1, 6, 2, 4, 3, 22, 5, 19, 20, 37, 33, 34, 39, 54, 38, 51, 45, 46, 49, 56, 57, 25, 23, 24, 84, 62, 44, 59, 60, 68, 47, 65, 66, 73, 81, 82, 86, 72, 80, 79, 69, 91, 70, 88, 103, 87, 95, 63, 106, 101, 120, 121, 114, 107, 96, 98, 100, 11, 16, 97, 9, 111, 29, 27, 8, 15, 41, 43, 55, 119, 77, 92, 53, 117, 75, 104, 50, 64, 143, 40, 108, 123, 124, 52, 132, 131, 42, 21, 110, 30, 102, 142, 125, 90, 141, 83, 7, 35, 126, 89, 127, 74, 94, 31, 128, 76, 129, 85, 93, 130, 133, 48, 10, 61, 67, 78, 109, 134, 58, 71, 12, 146]",False,complete,124,124,5389,0,1753,1,1752,1987,235,0,0,lowest_first,True,2,153,29,153,29,29,29,29
1,200466,15,28,121,"[12, 13, 14, 17, 18, 26, 28, 32, 36, 99, 105, 112, 115, 116, 118, 122, 135, 136, 137, 138, 139, 140, 144, 145, 146, 147, 148, 149]","[0, 1, 2, 3, 4, 5, 6, 7, 8, 9, 10, 11, 15, 16, 19, 20, 21, 22, 23, 24, 25, 27, 29, 30, 31, 33, 34, 35, 37, 38, 39, 40, 41, 42, 43, 44, 45, 46, 47, 48, 49, 50, 51, 52, 53, 54, 55, 56, 57, 58, 59, 60, 61, 62, 63, 64, 65, 66, 67, 68, 69, 70, 71, 72, 73, 74, 75, 76, 77, 78, 79, 80, 81, 82, 83, 84, 85, 86, 87, 88, 89, 90, 91, 92, 93, 94, 95, 96, 97, 98, 100, 101, 102, 103, 104, 106, 107, 108, 109, 110, 111, 114, 117, 119, 120, 121, 123, 124, 125, 126, 127, 128, 129, 130, 131, 132, 133, 134, 141, 142, 143]",{},[],0,"[17, 122, 18, 32, 137, 138, 139, 140, 13, 14, 116, 118, 136, 112, 36, 135, 26, 28, 99, 105, 148, 115, 144, 149, 145, 147, 146, 12, 58, 71, 134, 109, 67, 61, 78, 10, 48, 133, 130, 93, 85, 129, 74, 42, 40, 7, 131, 132, 54, 143, 128, 31, 127, 47, 35, 126, 125, 141, 27, 104, 124, 53, 86, 123, 117, 43, 142, 15, 8, 29, 41, 102, 16, 25, 121, 110, 108, 94, 111, 9, 120, 114, 101, 76, 63, 64, 75, 119, 107, 55, 90, 77, 92, 106, 50, 6, 1, 2, 0, 30, 97, 11, 89, 98, 96, 83, 100, 44, 24, 84, 87, 82, 81, 103, 95, 88, 70, 91, 69, 79, 80, 72, 68, 60, 59, 73, 66, 65, 62, 57, 52, 51, 46, 49, 45, 56, 38, 23, 39, 34, 33, 21, 37, 20, 19, 5, 22, 4, 3]",True,70666525474,70.666525474,"[58, 71, 134, 109, 48, 78, 61, 102, 85, 93, 133, 7, 131, 40, 129, 130, 76, 74, 97, 23, 143, 132, 52, 128, 127, 83, 89, 86, 142, 55, 124, 141, 47, 15, 123, 67, 54, 126, 125, 117, 92, 121, 43, 41, 106, 101, 51, 46, 63, 64, 75, 119, 53, 77, 90, 29, 8, 27, 120, 114, 107, 10, 16, 6, 1, 2, 22, 4, 5, 3, 100, 96, 98, 11, 31, 30, 70, 69, 94, 79, 80, 62, 60, 59, 68, 66, 72, 65, 104, 73, 87, 21, 91, 103, 95, 88, 82, 81, 44, 84, 37, 24, 20, 19, 25, 50, 42, 35, 34, 39, 49, 45, 56, 57, 38, 33, 110, 108, 111, 9, 0]","[0, 9, 111, 108, 110, 33, 38, 57, 56, 45, 49, 39, 34, 35, 42, 50, 25, 19, 20, 24, 37, 84, 44, 81, 82, 88, 95, 103, 91, 21, 87, 73, 104, 65, 72, 66, 68, 59, 60, 62, 80, 79, 94, 69, 70, 30, 31, 11, 98, 96, 100, 3, 5, 4, 22, 2, 1, 6, 16, 10, 107, 114, 120, 27, 8, 29, 90, 77, 53, 119, 75, 64, 63, 46, 51, 101, 106, 41, 43, 121, 92, 117, 125, 126, 54, 67, 123, 15, 47, 141, 124, 55, 142, 86, 89, 83, 127, 128, 52, 132, 143, 23, 97, 74, 76, 130, 129, 40, 131, 7, 133, 93, 85, 102, 61, 78, 48, 109, 134, 71, 58]",False,complete,341,341,8984,0,5369,204,5165,2000,1600,6,0,lowest_first,True,2,138,26,138,26,26,26,26
1,200467,16,30,119,"[12, 13, 14, 17, 18, 26, 28, 32, 36, 58, 71, 99, 105, 112, 115, 116, 118, 122, 135, 136, 137, 138, 139, 140, 144, 145, 146, 147, 148, 149]","[0, 1, 2, 3, 4, 5, 6, 7, 8, 9, 10, 11, 15, 16, 19, 20, 21, 22, 23, 24, 25, 27, 29, 30, 31, 33, 34, 35, 37, 38, 39, 40, 41, 42, 43, 44, 45, 46, 47, 48, 49, 50, 51, 52, 53, 54, 55, 56, 57, 59, 60, 61, 62, 63, 64, 65, 66, 67, 68, 69, 70, 72, 73, 74, 75, 76, 77, 78, 79, 80, 81, 82, 83, 84, 85, 86, 87, 88, 89, 90, 91, 92, 93, 94, 95, 96, 97, 98, 100, 101, 102, 103, 104, 106, 107, 108, 109, 110, 111, 114, 117, 119, 120, 121, 123, 124, 125, 126, 127, 128, 129, 130, 131, 132, 133, 134, 141, 142, 143]",{},[],0,"[17, 122, 18, 32, 137, 138, 139, 140, 13, 14, 116, 118, 136, 112, 36, 135, 26, 28, 99, 105, 148, 115, 144, 149, 145, 147, 146, 12, 58, 71, 134, 109, 67, 61, 78, 10, 48, 133, 130, 93, 85, 129, 74, 42, 40, 7, 131, 132, 54, 143, 128, 31, 127, 47, 35, 126, 125, 141, 27, 104, 124, 53, 86, 123, 117, 43, 142, 15, 8, 29, 41, 102, 16, 25, 121, 110, 108, 94, 111, 9, 120, 114, 101, 76, 63, 64, 75, 119, 107, 55, 90, 77, 92, 106, 50, 6, 1, 2, 0, 30, 97, 11, 89, 98, 96, 83, 100, 44, 24, 84, 87, 82, 81, 103, 95, 88, 70, 91, 69, 79, 80, 72, 68, 60, 59, 73, 66, 65, 62, 57, 52, 51, 46, 49, 45, 56, 38, 23, 39, 34, 33, 21, 37, 20, 19, 5, 22, 4, 3]",True,28918700194,28.918700194,"[134, 109, 67, 78, 61, 10, 48, 133, 130, 93, 85, 129, 74, 42, 40, 7, 132, 131, 52, 143, 128, 127, 31, 47, 35, 126, 125, 142, 29, 103, 124, 123, 141, 55, 27, 8, 15, 92, 77, 119, 76, 102, 16, 110, 86, 90, 75, 25, 108, 63, 89, 64, 53, 117, 41, 43, 111, 9, 107, 114, 121, 120, 101, 106, 50, 6, 1, 2, 0, 30, 97, 11, 91, 98, 96, 83, 100, 44, 24, 84, 82, 104, 95, 88, 70, 87, 81, 94, 69, 79, 80, 72, 68, 60, 59, 73, 66, 65, 62, 57, 54, 51, 46, 49, 45, 56, 38, 23, 39, 34, 33, 21, 37, 20, 19, 5, 22, 4, 3]","[3, 4, 22, 5, 19, 20, 37, 21, 33, 34, 39, 23, 38, 56, 45, 49, 46, 51, 54, 57, 62, 65, 66, 73, 59, 60, 68, 72, 80, 79, 69, 94, 81, 87, 70, 88, 95, 104, 82, 84, 24, 44, 100, 83, 96, 98, 91, 11, 97, 30, 0, 2, 1, 6, 50, 106, 101, 120, 121, 114, 107, 9, 111, 43, 41, 117, 53, 64, 89, 63, 108, 25, 75, 90, 86, 110, 16, 102, 76, 119, 77, 92, 15, 8, 27, 55, 141, 123, 124, 103, 29, 142, 125, 126, 35, 47, 31, 127, 128, 143, 52, 131, 132, 7, 40, 42, 74, 129, 85, 93, 130, 133, 48, 10, 61, 78, 67, 109, 134]",False,complete,119,119,5223,0,1636,0,1636,1798,162,0,0,lowest_first,True,2,120,24,120,24,24,24,24
1,200468,17,32,117,"[12, 13, 14, 17, 18, 26, 28, 32, 36, 58, 71, 99, 105, 109, 112, 115, 116, 118, 122, 134, 135, 136, 137, 138, 139, 140, 144, 145, 146, 147, 148, 149]","[0, 1, 2, 3, 4, 5, 6, 7, 8, 9, 10, 11, 15, 16, 19, 20, 21, 22, 23, 24, 25, 27, 29, 30, 31, 33, 34, 35, 37, 38, 39, 40, 41, 42, 43, 44, 45, 46, 47, 48, 49, 50, 51, 52, 53, 54, 55, 56, 57, 59, 60, 61, 62, 63, 64, 65, 66, 67, 68, 69, 70, 72, 73, 74, 75, 76, 77, 78, 79, 80, 81, 82, 83, 84, 85, 86, 87, 88, 89, 90, 91, 92, 93, 94, 95, 96, 97, 98, 100, 101, 102, 103, 104, 106, 107, 108, 110, 111, 114, 117, 119, 120, 121, 123, 124, 125, 126, 127, 128, 129, 130, 131, 132, 133, 141, 142, 143]",{},[],0,"[17, 122, 18, 32, 137, 138, 139, 140, 13, 14, 116, 118, 136, 112, 36, 135, 26, 28, 99, 105, 148, 115, 144, 149, 145, 147, 146, 12, 58, 71, 134, 109, 67, 61, 78, 10, 48, 133, 130, 93, 85, 129, 74, 42, 40, 7, 131, 132, 54, 143, 128, 31, 127, 47, 35, 126, 125, 141, 27, 104, 124, 53, 86, 123, 117, 43, 142, 15, 8, 29, 41, 102, 16, 25, 121, 110, 108, 94, 111, 9, 120, 114, 101, 76, 63, 64, 75, 119, 107, 55, 90, 77, 92, 106, 50, 6, 1, 2, 0, 30, 97, 11, 89, 98, 96, 83, 100, 44, 24, 84, 87, 82, 81, 103, 95, 88, 70, 91, 69, 79, 80, 72, 68, 60, 59, 73, 66, 65, 62, 57, 52, 51, 46, 49, 45, 56, 38, 23, 39, 34, 33, 21, 37, 20, 19, 5, 22, 4, 3]",True,27605020988,27.605020988,"[48, 67, 78, 61, 10, 133, 129, 93, 85, 130, 76, 128, 31, 94, 74, 127, 89, 126, 35, 7, 83, 142, 90, 125, 141, 102, 30, 110, 21, 42, 132, 131, 52, 124, 123, 108, 40, 143, 64, 50, 104, 75, 92, 53, 119, 77, 117, 55, 29, 15, 41, 8, 27, 43, 111, 9, 97, 16, 11, 100, 98, 96, 107, 114, 121, 120, 101, 106, 63, 95, 87, 103, 88, 70, 91, 69, 79, 80, 72, 86, 82, 81, 73, 66, 65, 47, 68, 60, 59, 44, 84, 62, 24, 23, 25, 57, 56, 49, 46, 45, 51, 38, 54, 39, 34, 33, 37, 20, 19, 5, 22, 3, 4, 2, 6, 1, 0]","[0, 1, 6, 2, 4, 3, 22, 5, 19, 20, 37, 33, 34, 39, 54, 38, 51, 45, 46, 49, 56, 57, 25, 23, 24, 62, 84, 44, 59, 60, 68, 47, 65, 66, 73, 81, 82, 86, 72, 80, 79, 69, 91, 70, 88, 103, 87, 95, 63, 106, 101, 120, 121, 114, 107, 96, 98, 100, 11, 16, 97, 9, 111, 43, 27, 8, 41, 15, 29, 55, 117, 77, 119, 53, 92, 75, 104, 50, 64, 143, 40, 108, 123, 124, 52, 131, 132, 42, 21, 110, 30, 102, 141, 125, 90, 142, 83, 7, 35, 126, 89, 127, 74, 94, 31, 128, 76, 130, 85, 93, 129, 133, 10, 61, 78, 67, 48]",False,complete,118,118,4796,0,1729,1,1728,1963,235,0,0,lowest_first,True,2,153,29,153,29,29,29,29
1,200469,18,34,115,"[12, 13, 14, 17, 18, 26, 28, 32, 36, 58, 61, 67, 71, 99, 105, 109, 112, 115, 116, 118, 122, 134, 135, 136, 137, 138, 139, 140, 144, 145, 146, 147, 148, 149]","[0, 1, 2, 3, 4, 5, 6, 7, 8, 9, 10, 11, 15, 16, 19, 20, 21, 22, 23, 24, 25, 27, 29, 30, 31, 33, 34, 35, 37, 38, 39, 40, 41, 42, 43, 44, 45, 46, 47, 48, 49, 50, 51, 52, 53, 54, 55, 56, 57, 59, 60, 62, 63, 64, 65, 66, 68, 69, 70, 72, 73, 74, 75, 76, 77, 78, 79, 80, 81, 82, 83, 84, 85, 86, 87, 88, 89, 90, 91, 92, 93, 94, 95, 96, 97, 98, 100, 101, 102, 103, 104, 106, 107, 108, 110, 111, 114, 117, 119, 120, 121, 123, 124, 125, 126, 127, 128, 129, 130, 131, 132, 133, 141, 142, 143]",{},[],0,"[17, 122, 18, 32, 137, 138, 139, 140, 13, 14, 116, 118, 136, 112, 36, 135, 26, 28, 99, 105, 148, 115, 144, 149, 145, 147, 146, 12, 58, 71, 134, 109, 67, 61, 78, 10, 48, 133, 130, 93, 85, 129, 74, 42, 40, 7, 131, 132, 54, 143, 128, 31, 127, 47, 35, 126, 125, 141, 27, 104, 124, 53, 86, 123, 117, 43, 142, 15, 8, 29, 41, 102, 16, 25, 121, 110, 108, 94, 111, 9, 120, 114, 101, 76, 63, 64, 75, 119, 107, 55, 90, 77, 92, 106, 50, 6, 1, 2, 0, 30, 97, 11, 89, 98, 96, 83, 100, 44, 24, 84, 87, 82, 81, 103, 95, 88, 70, 91, 69, 79, 80, 72, 68, 60, 59, 73, 66, 65, 62, 57, 52, 51, 46, 49, 45, 56, 38, 23, 39, 34, 33, 21, 37, 20, 19, 5, 22, 4, 3]",True,27379452536,27.379452536,"[48, 78, 10, 133, 130, 93, 85, 129, 74, 40, 42, 7, 132, 131, 54, 143, 128, 31, 127, 47, 35, 126, 125, 142, 29, 104, 124, 123, 141, 117, 55, 103, 16, 102, 25, 76, 110, 108, 63, 89, 64, 53, 90, 77, 119, 75, 92, 41, 8, 27, 43, 15, 111, 9, 107, 114, 121, 120, 101, 106, 50, 95, 98, 100, 96, 30, 97, 11, 6, 1, 2, 0, 52, 51, 46, 45, 49, 56, 57, 68, 62, 60, 91, 70, 69, 59, 79, 80, 88, 87, 94, 72, 83, 73, 66, 65, 84, 24, 44, 86, 82, 81, 38, 23, 39, 34, 33, 21, 37, 20, 19, 5, 22, 4, 3]","[3, 4, 22, 5, 19, 20, 37, 21, 33, 34, 39, 23, 38, 81, 82, 86, 44, 24, 84, 65, 66, 73, 83, 72, 94, 87, 88, 80, 79, 59, 69, 70, 91, 60, 62, 68, 57, 56, 49, 45, 46, 51, 52, 0, 2, 1, 6, 11, 97, 30, 96, 100, 98, 95, 50, 106, 101, 120, 121, 114, 107, 9, 111, 15, 43, 27, 8, 41, 92, 75, 119, 77, 90, 53, 64, 89, 63, 108, 110, 76, 25, 102, 16, 103, 55, 117, 141, 123, 124, 104, 29, 142, 125, 126, 35, 47, 127, 31, 128, 143, 54, 131, 132, 7, 42, 40, 74, 129, 85, 93, 130, 133, 10, 78, 48]",False,complete,117,117,4768,0,1680,2,1678,1987,309,0,0,lowest_first,True,2,138,27,138,27,27,27,27
1,200470,19,36,113,"[10, 12, 13, 14, 17, 18, 26, 28, 32, 36, 58, 61, 67, 71, 78, 99, 105, 109, 112, 115, 116, 118, 122, 134, 135, 136, 137, 138, 139, 140, 144, 145, 146, 147, 148, 149]","[0, 1, 2, 3, 4, 5, 6, 7, 8, 9, 11, 15, 16, 19, 20, 21, 22, 23, 24, 25, 27, 29, 30, 31, 33, 34, 35, 37, 38, 39, 40, 41, 42, 43, 44, 45, 46, 47, 48, 49, 50, 51, 52, 53, 54, 55, 56, 57, 59, 60, 62, 63, 64, 65, 66, 68, 69, 70, 72, 73, 74, 75, 76, 77, 79, 80, 81, 82, 83, 84, 85, 86, 87, 88, 89, 90, 91, 92, 93, 94, 95, 96, 97, 98, 100, 101, 102, 103, 104, 106, 107, 108, 110, 111, 114, 117, 119, 120, 121, 123, 124, 125, 126, 127, 128, 129, 130, 131, 132, 133, 141, 142, 143]",{},[],0,"[17, 122, 18, 32, 137, 138, 139, 140, 13, 14, 116, 118, 136, 112, 36, 135, 26, 28, 99, 105, 148, 115, 144, 149, 145, 147, 146, 12, 58, 71, 134, 109, 67, 61, 78, 10, 48, 133, 130, 93, 85, 129, 74, 42, 40, 7, 131, 132, 54, 143, 128, 31, 127, 47, 35, 126, 125, 141, 27, 104, 124, 53, 86, 123, 117, 43, 142, 15, 8, 29, 41, 102, 16, 25, 121, 110, 108, 94, 111, 9, 120, 114, 101, 76, 63, 64, 75, 119, 107, 55, 90, 77, 92, 106, 50, 6, 1, 2, 0, 30, 97, 11, 89, 98, 96, 83, 100, 44, 24, 84, 87, 82, 81, 103, 95, 88, 70, 91, 69, 79, 80, 72, 68, 60, 59, 73, 66, 65, 62, 57, 52, 51, 46, 49, 45, 56, 38, 23, 39, 34, 33, 21, 37, 20, 19, 5, 22, 4, 3]",True,27131851468,27.131851468,"[48, 133, 130, 93, 85, 129, 76, 128, 31, 94, 74, 127, 89, 126, 35, 7, 83, 141, 92, 124, 123, 125, 142, 117, 102, 30, 110, 108, 15, 111, 119, 107, 114, 42, 40, 143, 131, 132, 52, 64, 50, 53, 90, 55, 75, 77, 41, 27, 8, 29, 43, 121, 106, 120, 101, 9, 97, 16, 11, 100, 98, 96, 25, 63, 104, 95, 87, 103, 88, 70, 91, 69, 79, 80, 72, 86, 82, 81, 73, 66, 65, 47, 68, 60, 59, 44, 84, 24, 62, 57, 6, 1, 2, 0, 54, 51, 46, 49, 45, 56, 38, 23, 39, 34, 33, 21, 37, 20, 19, 5, 22, 4, 3]","[3, 4, 22, 5, 19, 20, 37, 21, 33, 34, 39, 23, 38, 56, 45, 49, 46, 51, 54, 0, 2, 1, 6, 57, 62, 24, 84, 44, 59, 60, 68, 47, 65, 66, 73, 81, 82, 86, 72, 80, 79, 69, 91, 70, 88, 103, 87, 95, 104, 63, 25, 96, 98, 100, 11, 16, 97, 9, 101, 120, 106, 121, 43, 29, 8, 27, 41, 77, 75, 55, 90, 53, 50, 64, 52, 132, 131, 143, 40, 42, 114, 107, 119, 111, 15, 108, 110, 30, 102, 117, 142, 125, 123, 124, 92, 141, 83, 7, 35, 126, 89, 127, 74, 94, 31, 128, 76, 129, 85, 93, 130, 133, 48]",False,complete,114,114,4524,0,1651,1,1650,1764,114,0,0,lowest_first,True,2,135,27,135,27,27,27,27
1,200471,20,38,111,"[10, 12, 13, 14, 17, 18, 26, 28, 32, 36, 48, 58, 61, 67, 71, 78, 99, 105, 109, 112, 115, 116, 118, 122, 133, 134, 135, 136, 137, 138, 139, 140, 144, 145, 146, 147, 148, 149]","[0, 1, 2, 3, 4, 5, 6, 7, 8, 9, 11, 15, 16, 19, 20, 21, 22, 23, 24, 25, 27, 29, 30, 31, 33, 34, 35, 37, 38, 39, 40, 41, 42, 43, 44, 45, 46, 47, 49, 50, 51, 52, 53, 54, 55, 56, 57, 59, 60, 62, 63, 64, 65, 66, 68, 69, 70, 72, 73, 74, 75, 76, 77, 79, 80, 81, 82, 83, 84, 85, 86, 87, 88, 89, 90, 91, 92, 93, 94, 95, 96, 97, 98, 100, 101, 102, 103, 104, 106, 107, 108, 110, 111, 114, 117, 119, 120, 121, 123, 124, 125, 126, 127, 128, 129, 130, 131, 132, 141, 142, 143]",{},[],0,"[17, 122, 18, 32, 137, 138, 139, 140, 13, 14, 116, 118, 136, 112, 36, 135, 26, 28, 99, 105, 148, 115, 144, 149, 145, 147, 146, 12, 58, 71, 134, 109, 67, 61, 78, 10, 48, 133, 130, 93, 85, 129, 74, 42, 40, 7, 131, 132, 54, 143, 128, 31, 127, 47, 35, 126, 125, 141, 27, 104, 124, 53, 86, 123, 117, 43, 142, 15, 8, 29, 41, 102, 16, 25, 121, 110, 108, 94, 111, 9, 120, 114, 101, 76, 63, 64, 75, 119, 107, 55, 90, 77, 92, 106, 50, 6, 1, 2, 0, 30, 97, 11, 89, 98, 96, 83, 100, 44, 24, 84, 87, 82, 81, 103, 95, 88, 70, 91, 69, 79, 80, 72, 68, 60, 59, 73, 66, 65, 62, 57, 52, 51, 46, 49, 45, 56, 38, 23, 39, 34, 33, 21, 37, 20, 19, 5, 22, 4, 3]",True,27323618262,27.323618262,"[129, 93, 85, 130, 74, 40, 42, 7, 132, 131, 52, 143, 128, 127, 31, 47, 35, 126, 125, 141, 27, 103, 142, 124, 123, 53, 86, 15, 43, 29, 117, 8, 41, 102, 16, 110, 108, 119, 111, 9, 107, 25, 114, 76, 64, 90, 75, 77, 55, 92, 121, 89, 120, 101, 63, 106, 50, 6, 1, 2, 0, 30, 97, 11, 91, 98, 96, 83, 100, 44, 24, 84, 82, 104, 95, 88, 70, 87, 81, 94, 69, 79, 80, 72, 68, 60, 59, 73, 66, 65, 62, 57, 54, 51, 46, 49, 45, 56, 38, 23, 39, 34, 33, 21, 37, 20, 19, 5, 22, 4, 3]","[3, 4, 22, 5, 19, 20, 37, 21, 33, 34, 39, 23, 38, 56, 45, 49, 46, 51, 54, 57, 62, 65, 66, 73, 59, 60, 68, 72, 80, 79, 69, 94, 81, 87, 70, 88, 95, 104, 82, 84, 24, 44, 100, 83, 96, 98, 91, 11, 97, 30, 0, 2, 1, 6, 50, 106, 63, 101, 120, 89, 121, 92, 55, 77, 75, 90, 64, 76, 114, 25, 107, 9, 111, 119, 108, 110, 16, 102, 41, 8, 117, 29, 43, 15, 86, 53, 123, 124, 142, 103, 27, 141, 125, 126, 35, 47, 31, 127, 128, 143, 52, 131, 132, 7, 42, 40, 74, 130, 85, 93, 129]",False,complete,111,111,4623,0,1614,0,1614,1751,137,0,0,lowest_first,True,2,106,24,106,24,24,24,24
1,200472,21,40,109,"[10, 12, 13, 14, 17, 18, 26, 28, 32, 36, 48, 58, 61, 67, 71, 78, 93, 99, 105, 109, 112, 115, 116, 118, 122, 130, 133, 134, 135, 136, 137, 138, 139, 140, 144, 145, 146, 147, 148, 149]","[0, 1, 2, 3, 4, 5, 6, 7, 8, 9, 11, 15, 16, 19, 20, 21, 22, 23, 24, 25, 27, 29, 30, 31, 33, 34, 35, 37, 38, 39, 40, 41, 42, 43, 44, 45, 46, 47, 49, 50, 51, 52, 53, 54, 55, 56, 57, 59, 60, 62, 63, 64, 65, 66, 68, 69, 70, 72, 73, 74, 75, 76, 77, 79, 80, 81, 82, 83, 84, 85, 86, 87, 88, 89, 90, 91, 92, 94, 95, 96, 97, 98, 100, 101, 102, 103, 104, 106, 107, 108, 110, 111, 114, 117, 119, 120, 121, 123, 124, 125, 126, 127, 128, 129, 131, 132, 141, 142, 143]",{},[],0,"[17, 122, 18, 32, 137, 138, 139, 140, 13, 14, 116, 118, 136, 112, 36, 135, 26, 28, 99, 105, 148, 115, 144, 149, 145, 147, 146, 12, 58, 71, 134, 109, 67, 61, 78, 10, 48, 133, 130, 93, 85, 129, 74, 42, 40, 7, 131, 132, 54, 143, 128, 31, 127, 47, 35, 126, 125, 141, 27, 104, 124, 53, 86, 123, 117, 43, 142, 15, 8, 29, 41, 102, 16, 25, 121, 110, 108, 94, 111, 9, 120, 114, 101, 76, 63, 64, 75, 119, 107, 55, 90, 77, 92, 106, 50, 6, 1, 2, 0, 30, 97, 11, 89, 98, 96, 83, 100, 44, 24, 84, 87, 82, 81, 103, 95, 88, 70, 91, 69, 79, 80, 72, 68, 60, 59, 73, 66, 65, 62, 57, 52, 51, 46, 49, 45, 56, 38, 23, 39, 34, 33, 21, 37, 20, 19, 5, 22, 4, 3]",True,30900297804,30.900297804,"[85, 129, 74, 42, 40, 7, 131, 132, 52, 143, 128, 127, 31, 47, 35, 126, 125, 142, 29, 104, 124, 123, 141, 55, 86, 119, 8, 102, 30, 111, 108, 117, 41, 27, 110, 107, 16, 15, 9, 114, 121, 106, 120, 101, 25, 76, 97, 11, 89, 64, 77, 75, 90, 92, 53, 43, 98, 96, 63, 100, 50, 95, 83, 103, 44, 24, 84, 82, 91, 88, 70, 87, 81, 94, 69, 79, 80, 72, 68, 60, 59, 73, 66, 65, 62, 57, 6, 1, 2, 0, 54, 51, 46, 49, 45, 56, 38, 23, 39, 34, 33, 21, 37, 20, 19, 5, 22, 4, 3]","[3, 4, 22, 5, 19, 20, 37, 21, 33, 34, 39, 23, 38, 56, 45, 49, 46, 51, 54, 0, 2, 1, 6, 57, 62, 65, 66, 73, 59, 60, 68, 72, 80, 79, 69, 94, 81, 87, 70, 88, 91, 82, 84, 24, 44, 103, 83, 95, 50, 100, 63, 96, 98, 43, 53, 92, 90, 75, 77, 64, 89, 11, 97, 76, 25, 101, 120, 106, 121, 114, 9, 15, 16, 107, 110, 27, 41, 117, 108, 111, 30, 102, 8, 119, 86, 55, 141, 123, 124, 104, 29, 142, 125, 126, 35, 47, 31, 127, 128, 143, 52, 132, 131, 7, 40, 42, 74, 129, 85]",False,complete,133,133,4837,0,2082,34,2048,2000,631,0,0,lowest_first,True,2,107,26,107,26,26,26,26
1,200473,22,42,107,"[10, 12, 13, 14, 17, 18, 26, 28, 32, 36, 48, 58, 61, 67, 71, 78, 85, 93, 99, 105, 109, 112, 115, 116, 118, 122, 129, 130, 133, 134, 135, 136, 137, 138, 139, 140, 144, 145, 146, 147, 148, 149]","[0, 1, 2, 3, 4, 5, 6, 7, 8, 9, 11, 15, 16, 19, 20, 21, 22, 23, 24, 25, 27, 29, 30, 31, 33, 34, 35, 37, 38, 39, 40, 41, 42, 43, 44, 45, 46, 47, 49, 50, 51, 52, 53, 54, 55, 56, 57, 59, 60, 62, 63, 64, 65, 66, 68, 69, 70, 72, 73, 74, 75, 76, 77, 79, 80, 81, 82, 83, 84, 86, 87, 88, 89, 90, 91, 92, 94, 95, 96, 97, 98, 100, 101, 102, 103, 104, 106, 107, 108, 110, 111, 114, 117, 119, 120, 121, 123, 124, 125, 126, 127, 128, 131, 132, 141, 142, 143]",{},[],0,"[17, 122, 18, 32, 137, 138, 139, 140, 13, 14, 116, 118, 136, 112, 36, 135, 26, 28, 99, 105, 148, 115, 144, 149, 145, 147, 146, 12, 58, 71, 134, 109, 67, 61, 78, 10, 48, 133, 130, 93, 85, 129, 74, 42, 40, 7, 131, 132, 54, 143, 128, 31, 127, 47, 35, 126, 125, 141, 27, 104, 124, 53, 86, 123, 117, 43, 142, 15, 8, 29, 41, 102, 16, 25, 121, 110, 108, 94, 111, 9, 120, 114, 101, 76, 63, 64, 75, 119, 107, 55, 90, 77, 92, 106, 50, 6, 1, 2, 0, 30, 97, 11, 89, 98, 96, 83, 100, 44, 24, 84, 87, 82, 81, 103, 95, 88, 70, 91, 69, 79, 80, 72, 68, 60, 59, 73, 66, 65, 62, 57, 52, 51, 46, 49, 45, 56, 38, 23, 39, 34, 33, 21, 37, 20, 19, 5, 22, 4, 3]",True,25797919383,25.797919383,"[76, 128, 31, 94, 74, 127, 89, 126, 35, 7, 83, 141, 92, 124, 123, 125, 142, 117, 102, 30, 110, 108, 15, 111, 119, 107, 114, 40, 42, 143, 132, 131, 52, 64, 50, 90, 55, 77, 75, 53, 43, 27, 41, 29, 8, 121, 106, 120, 101, 9, 97, 16, 11, 100, 98, 96, 25, 63, 103, 95, 87, 104, 88, 70, 91, 69, 79, 80, 72, 86, 82, 81, 73, 66, 65, 47, 68, 60, 59, 44, 62, 84, 24, 57, 6, 1, 2, 0, 54, 51, 46, 49, 45, 56, 38, 23, 39, 34, 33, 21, 37, 20, 19, 5, 22, 4, 3]","[3, 4, 22, 5, 19, 20, 37, 21, 33, 34, 39, 23, 38, 56, 45, 49, 46, 51, 54, 0, 2, 1, 6, 57, 24, 84, 62, 44, 59, 60, 68, 47, 65, 66, 73, 81, 82, 86, 72, 80, 79, 69, 91, 70, 88, 104, 87, 95, 103, 63, 25, 96, 98, 100, 11, 16, 97, 9, 101, 120, 106, 121, 8, 29, 41, 27, 43, 53, 75, 77, 55, 90, 50, 64, 52, 131, 132, 143, 42, 40, 114, 107, 119, 111, 15, 108, 110, 30, 102, 117, 142, 125, 123, 124, 92, 141, 83, 7, 35, 126, 89, 127, 74, 94, 31, 128, 76]",False,complete,108,108,3964,0,1619,1,1618,1732,114,0,0,lowest_first,True,2,136,27,136,27,27,27,27
1,200474,23,44,105,"[10, 12, 13, 14, 17, 18, 26, 28, 32, 36, 42, 48, 58, 61, 67, 71, 74, 78, 85, 93, 99, 105, 109, 112, 115, 116, 118, 122, 129, 130, 133, 134, 135, 136, 137, 138, 139, 140, 144, 145, 146, 147, 148, 149]","[0, 1, 2, 3, 4, 5, 6, 7, 8, 9, 11, 15, 16, 19, 20, 21, 22, 23, 24, 25, 27, 29, 30, 31, 33, 34, 35, 37, 38, 39, 40, 41, 43, 44, 45, 46, 47, 49, 50, 51, 52, 53, 54, 55, 56, 57, 59, 60, 62, 63, 64, 65, 66, 68, 69, 70, 72, 73, 75, 76, 77, 79, 80, 81, 82, 83, 84, 86, 87, 88, 89, 90, 91, 92, 94, 95, 96, 97, 98, 100, 101, 102, 103, 104, 106, 107, 108, 110, 111, 114, 117, 119, 120, 121, 123, 124, 125, 126, 127, 128, 131, 132, 141, 142, 143]",{},[],0,"[17, 122, 18, 32, 137, 138, 139, 140, 13, 14, 116, 118, 136, 112, 36, 135, 26, 28, 99, 105, 148, 115, 144, 149, 145, 147, 146, 12, 58, 71, 134, 109, 67, 61, 78, 10, 48, 133, 130, 93, 85, 129, 74, 42, 40, 7, 131, 132, 54, 143, 128, 31, 127, 47, 35, 126, 125, 141, 27, 104, 124, 53, 86, 123, 117, 43, 142, 15, 8, 29, 41, 102, 16, 25, 121, 110, 108, 94, 111, 9, 120, 114, 101, 76, 63, 64, 75, 119, 107, 55, 90, 77, 92, 106, 50, 6, 1, 2, 0, 30, 97, 11, 89, 98, 96, 83, 100, 44, 24, 84, 87, 82, 81, 103, 95, 88, 70, 91, 69, 79, 80, 72, 68, 60, 59, 73, 66, 65, 62, 57, 52, 51, 46, 49, 45, 56, 38, 23, 39, 34, 33, 21, 37, 20, 19, 5, 22, 4, 3]",True,26427424333,26.427424333,"[40, 7, 132, 131, 52, 143, 128, 127, 31, 47, 35, 126, 125, 141, 27, 104, 124, 123, 142, 117, 55, 86, 8, 43, 15, 29, 102, 16, 41, 119, 25, 76, 110, 108, 63, 91, 64, 53, 90, 77, 75, 92, 111, 9, 107, 114, 121, 120, 101, 106, 50, 6, 1, 2, 0, 30, 97, 11, 89, 98, 96, 83, 100, 44, 24, 84, 82, 103, 95, 88, 70, 87, 81, 94, 69, 79, 80, 72, 68, 60, 59, 73, 66, 65, 62, 57, 54, 51, 46, 49, 45, 56, 38, 23, 39, 34, 33, 21, 37, 20, 19, 5, 22, 4, 3]","[3, 4, 22, 5, 19, 20, 37, 21, 33, 34, 39, 23, 38, 56, 45, 49, 46, 51, 54, 57, 62, 65, 66, 73, 59, 60, 68, 72, 80, 79, 69, 94, 81, 87, 70, 88, 95, 103, 82, 84, 24, 44, 100, 83, 96, 98, 89, 11, 97, 30, 0, 2, 1, 6, 50, 106, 101, 120, 121, 114, 107, 9, 111, 92, 75, 77, 90, 53, 64, 91, 63, 108, 110, 76, 25, 119, 41, 16, 102, 29, 15, 43, 8, 86, 55, 117, 142, 123, 124, 104, 27, 141, 125, 126, 35, 47, 31, 127, 128, 143, 52, 131, 132, 7, 40]",False,complete,106,106,3890,0,1602,1,1601,1783,182,0,0,lowest_first,True,2,124,24,124,24,24,24,24
1,200475,24,46,103,"[7, 10, 12, 13, 14, 17, 18, 26, 28, 32, 36, 40, 42, 48, 58, 61, 67, 71, 74, 78, 85, 93, 99, 105, 109, 112, 115, 116, 118, 122, 129, 130, 133, 134, 135, 136, 137, 138, 139, 140, 144, 145, 146, 147, 148, 149]","[0, 1, 2, 3, 4, 5, 6, 8, 9, 11, 15, 16, 19, 20, 21, 22, 23, 24, 25, 27, 29, 30, 31, 33, 34, 35, 37, 38, 39, 41, 43, 44, 45, 46, 47, 49, 50, 51, 52, 53, 54, 55, 56, 57, 59, 60, 62, 63, 64, 65, 66, 68, 69, 70, 72, 73, 75, 76, 77, 79, 80, 81, 82, 83, 84, 86, 87, 88, 89, 90, 91, 92, 94, 95, 96, 97, 98, 100, 101, 102, 103, 104, 106, 107, 108, 110, 111, 114, 117, 119, 120, 121, 123, 124, 125, 126, 127, 128, 131, 132, 141, 142, 143]",{},[],0,"[17, 122, 18, 32, 137, 138, 139, 140, 13, 14, 116, 118, 136, 112, 36, 135, 26, 28, 99, 105, 148, 115, 144, 149, 145, 147, 146, 12, 58, 71, 134, 109, 67, 61, 78, 10, 48, 133, 130, 93, 85, 129, 74, 42, 40, 7, 131, 132, 54, 143, 128, 31, 127, 47, 35, 126, 125, 141, 27, 104, 124, 53, 86, 123, 117, 43, 142, 15, 8, 29, 41, 102, 16, 25, 121, 110, 108, 94, 111, 9, 120, 114, 101, 76, 63, 64, 75, 119, 107, 55, 90, 77, 92, 106, 50, 6, 1, 2, 0, 30, 97, 11, 89, 98, 96, 83, 100, 44, 24, 84, 87, 82, 81, 103, 95, 88, 70, 91, 69, 79, 80, 72, 68, 60, 59, 73, 66, 65, 62, 57, 52, 51, 46, 49, 45, 56, 38, 23, 39, 34, 33, 21, 37, 20, 19, 5, 22, 4, 3]",True,24638235694,24.638235694,"[131, 132, 54, 143, 128, 31, 127, 47, 35, 126, 125, 142, 27, 104, 124, 123, 141, 117, 53, 8, 86, 15, 43, 29, 41, 102, 16, 25, 121, 110, 108, 94, 111, 9, 6, 1, 2, 0, 120, 114, 101, 76, 63, 64, 55, 92, 119, 107, 90, 77, 75, 106, 50, 30, 97, 11, 91, 98, 96, 83, 100, 44, 24, 84, 87, 82, 81, 103, 95, 88, 70, 89, 69, 79, 80, 72, 68, 60, 59, 73, 66, 65, 62, 57, 52, 51, 46, 49, 45, 56, 38, 23, 39, 34, 33, 21, 37, 20, 19, 5, 22, 4, 3]","[3, 4, 22, 5, 19, 20, 37, 21, 33, 34, 39, 23, 38, 56, 45, 49, 46, 51, 52, 57, 62, 65, 66, 73, 59, 60, 68, 72, 80, 79, 69, 89, 70, 88, 95, 103, 81, 82, 87, 84, 24, 44, 100, 83, 96, 98, 91, 11, 97, 30, 50, 106, 75, 77, 90, 107, 119, 92, 55, 64, 63, 76, 101, 114, 120, 0, 2, 1, 6, 9, 111, 94, 108, 110, 121, 25, 16, 102, 41, 29, 43, 15, 86, 8, 53, 117, 141, 123, 124, 104, 27, 142, 125, 126, 35, 47, 127, 31, 128, 143, 54, 132, 131]",False,complete,103,103,3740,0,1495,0,1495,1670,175,0,0,lowest_first,True,2,115,23,115,23,23,23,23
1,200476,25,48,101,"[7, 10, 12, 13, 14, 17, 18, 26, 28, 32, 36, 40, 42, 48, 58, 61, 67, 71, 74, 78, 85, 93, 99, 105, 109, 112, 115, 116, 118, 122, 129, 130, 131, 132, 133, 134, 135, 136, 137, 138, 139, 140, 144, 145, 146, 147, 148, 149]","[0, 1, 2, 3, 4, 5, 6, 8, 9, 11, 15, 16, 19, 20, 21, 22, 23, 24, 25, 27, 29, 30, 31, 33, 34, 35, 37, 38, 39, 41, 43, 44, 45, 46, 47, 49, 50, 51, 52, 53, 54, 55, 56, 57, 59, 60, 62, 63, 64, 65, 66, 68, 69, 70, 72, 73, 75, 76, 77, 79, 80, 81, 82, 83, 84, 86, 87, 88, 89, 90, 91, 92, 94, 95, 96, 97, 98, 100, 101, 102, 103, 104, 106, 107, 108, 110, 111, 114, 117, 119, 120, 121, 123, 124, 125, 126, 127, 128, 141, 142, 143]",{},[],0,"[17, 122, 18, 32, 137, 138, 139, 140, 13, 14, 116, 118, 136, 112, 36, 135, 26, 28, 99, 105, 148, 115, 144, 149, 145, 147, 146, 12, 58, 71, 134, 109, 67, 61, 78, 10, 48, 133, 130, 93, 85, 129, 74, 42, 40, 7, 131, 132, 54, 143, 128, 31, 127, 47, 35, 126, 125, 141, 27, 104, 124, 53, 86, 123, 117, 43, 142, 15, 8, 29, 41, 102, 16, 25, 121, 110, 108, 94, 111, 9, 120, 114, 101, 76, 63, 64, 75, 119, 107, 55, 90, 77, 92, 106, 50, 6, 1, 2, 0, 30, 97, 11, 89, 98, 96, 83, 100, 44, 24, 84, 87, 82, 81, 103, 95, 88, 70, 91, 69, 79, 80, 72, 68, 60, 59, 73, 66, 65, 62, 57, 52, 51, 46, 49, 45, 56, 38, 23, 39, 34, 33, 21, 37, 20, 19, 5, 22, 4, 3]",True,25311175249,25.311175249,"[52, 143, 128, 127, 31, 47, 35, 126, 125, 141, 27, 103, 142, 124, 123, 55, 86, 43, 29, 119, 15, 8, 41, 102, 16, 110, 108, 117, 111, 9, 107, 25, 114, 76, 64, 75, 77, 90, 53, 92, 121, 91, 120, 101, 63, 106, 50, 6, 1, 2, 0, 30, 97, 11, 89, 98, 96, 83, 100, 44, 24, 84, 82, 104, 95, 88, 70, 87, 81, 94, 69, 79, 80, 72, 68, 60, 59, 73, 66, 65, 62, 57, 54, 51, 46, 49, 45, 56, 38, 23, 39, 34, 33, 21, 37, 20, 19, 5, 22, 4, 3]","[3, 4, 22, 5, 19, 20, 37, 21, 33, 34, 39, 23, 38, 56, 45, 49, 46, 51, 54, 57, 62, 65, 66, 73, 59, 60, 68, 72, 80, 79, 69, 94, 81, 87, 70, 88, 95, 104, 82, 84, 24, 44, 100, 83, 96, 98, 89, 11, 97, 30, 0, 2, 1, 6, 50, 106, 63, 101, 120, 91, 121, 92, 53, 90, 77, 75, 64, 76, 114, 25, 107, 9, 111, 117, 108, 110, 16, 102, 41, 8, 15, 119, 29, 43, 86, 55, 123, 124, 142, 103, 27, 141, 125, 126, 35, 47, 31, 127, 128, 143, 52]",False,complete,101,101,3711,0,1553,0,1553,1690,137,0,0,lowest_first,True,2,106,24,106,24,24,24,24
1,200477,26,50,99,"[7, 10, 12, 13, 14, 17, 18, 26, 28, 32, 36, 40, 42, 48, 54, 58, 61, 67, 71, 74, 78, 85, 93, 99, 105, 109, 112, 115, 116, 118, 122, 129, 130, 131, 132, 133, 134, 135, 136, 137, 138, 139, 140, 143, 144, 145, 146, 147, 148, 149]","[0, 1, 2, 3, 4, 5, 6, 8, 9, 11, 15, 16, 19, 20, 21, 22, 23, 24, 25, 27, 29, 30, 31, 33, 34, 35, 37, 38, 39, 41, 43, 44, 45, 46, 47, 49, 50, 51, 52, 53, 55, 56, 57, 59, 60, 62, 63, 64, 65, 66, 68, 69, 70, 72, 73, 75, 76, 77, 79, 80, 81, 82, 83, 84, 86, 87, 88, 89, 90, 91, 92, 94, 95, 96, 97, 98, 100, 101, 102, 103, 104, 106, 107, 108, 110, 111, 114, 117, 119, 120, 121, 123, 124, 125, 126, 127, 128, 141, 142]",{},[],0,"[17, 122, 18, 32, 137, 138, 139, 140, 13, 14, 116, 118, 136, 112, 36, 135, 26, 28, 99, 105, 148, 115, 144, 149, 145, 147, 146, 12, 58, 71, 134, 109, 67, 61, 78, 10, 48, 133, 130, 93, 85, 129, 74, 42, 40, 7, 131, 132, 54, 143, 128, 31, 127, 47, 35, 126, 125, 141, 27, 104, 124, 53, 86, 123, 117, 43, 142, 15, 8, 29, 41, 102, 16, 25, 121, 110, 108, 94, 111, 9, 120, 114, 101, 76, 63, 64, 75, 119, 107, 55, 90, 77, 92, 106, 50, 6, 1, 2, 0, 30, 97, 11, 89, 98, 96, 83, 100, 44, 24, 84, 87, 82, 81, 103, 95, 88, 70, 91, 69, 79, 80, 72, 68, 60, 59, 73, 66, 65, 62, 57, 52, 51, 46, 49, 45, 56, 38, 23, 39, 34, 33, 21, 37, 20, 19, 5, 22, 4, 3]",True,23937001954,23.937001954,"[128, 31, 127, 47, 35, 126, 125, 142, 29, 103, 124, 123, 141, 53, 86, 8, 16, 25, 76, 110, 108, 64, 117, 55, 92, 119, 90, 77, 75, 41, 43, 15, 27, 111, 9, 107, 102, 114, 121, 91, 120, 101, 63, 106, 50, 6, 1, 2, 0, 30, 97, 11, 89, 98, 96, 83, 100, 44, 24, 84, 82, 104, 95, 88, 70, 87, 81, 94, 69, 79, 80, 72, 68, 60, 59, 73, 66, 65, 62, 57, 52, 51, 46, 49, 45, 56, 38, 23, 39, 34, 33, 21, 37, 20, 19, 5, 22, 4, 3]","[3, 4, 22, 5, 19, 20, 37, 21, 33, 34, 39, 23, 38, 56, 45, 49, 46, 51, 52, 57, 62, 65, 66, 73, 59, 60, 68, 72, 80, 79, 69, 94, 81, 87, 70, 88, 95, 104, 82, 84, 24, 44, 100, 83, 96, 98, 89, 11, 97, 30, 0, 2, 1, 6, 50, 106, 63, 101, 120, 91, 121, 114, 102, 107, 9, 111, 27, 15, 43, 41, 75, 77, 90, 119, 92, 55, 117, 64, 108, 110, 76, 25, 16, 8, 86, 53, 141, 123, 124, 103, 29, 142, 125, 126, 35, 47, 127, 31, 128]",False,complete,99,99,3467,0,1495,0,1495,1643,148,0,0,lowest_first,True,2,111,24,111,24,24,24,24
1,200478,27,52,97,"[7, 10, 12, 13, 14, 17, 18, 26, 28, 31, 32, 36, 40, 42, 48, 54, 58, 61, 67, 71, 74, 78, 85, 93, 99, 105, 109, 112, 115, 116, 118, 122, 128, 129, 130, 131, 132, 133, 134, 135, 136, 137, 138, 139, 140, 143, 144, 145, 146, 147, 148, 149]","[0, 1, 2, 3, 4, 5, 6, 8, 9, 11, 15, 16, 19, 20, 21, 22, 23, 24, 25, 27, 29, 30, 33, 34, 35, 37, 38, 39, 41, 43, 44, 45, 46, 47, 49, 50, 51, 52, 53, 55, 56, 57, 59, 60, 62, 63, 64, 65, 66, 68, 69, 70, 72, 73, 75, 76, 77, 79, 80, 81, 82, 83, 84, 86, 87, 88, 89, 90, 91, 92, 94, 95, 96, 97, 98, 100, 101, 102, 103, 104, 106, 107, 108, 110, 111, 114, 117, 119, 120, 121, 123, 124, 125, 126, 127, 141, 142]",{},[],0,"[17, 122, 18, 32, 137, 138, 139, 140, 13, 14, 116, 118, 136, 112, 36, 135, 26, 28, 99, 105, 148, 115, 144, 149, 145, 147, 146, 12, 58, 71, 134, 109, 67, 61, 78, 10, 48, 133, 130, 93, 85, 129, 74, 42, 40, 7, 131, 132, 54, 143, 128, 31, 127, 47, 35, 126, 125, 141, 27, 104, 124, 53, 86, 123, 117, 43, 142, 15, 8, 29, 41, 102, 16, 25, 121, 110, 108, 94, 111, 9, 120, 114, 101, 76, 63, 64, 75, 119, 107, 55, 90, 77, 92, 106, 50, 6, 1, 2, 0, 30, 97, 11, 89, 98, 96, 83, 100, 44, 24, 84, 87, 82, 81, 103, 95, 88, 70, 91, 69, 79, 80, 72, 68, 60, 59, 73, 66, 65, 62, 57, 52, 51, 46, 49, 45, 56, 38, 23, 39, 34, 33, 21, 37, 20, 19, 5, 22, 4, 3]",True,23192213105,23.192213105,"[127, 47, 35, 126, 125, 141, 29, 103, 124, 123, 142, 53, 86, 8, 16, 25, 76, 110, 108, 64, 90, 55, 92, 119, 117, 77, 75, 15, 27, 41, 43, 111, 9, 107, 102, 114, 121, 91, 120, 101, 63, 106, 50, 6, 1, 2, 0, 30, 97, 11, 89, 98, 96, 83, 100, 44, 24, 84, 82, 104, 95, 88, 70, 87, 81, 94, 69, 79, 80, 72, 68, 60, 59, 73, 66, 65, 62, 57, 52, 51, 46, 49, 45, 56, 38, 23, 39, 34, 33, 21, 37, 20, 19, 5, 22, 4, 3]","[3, 4, 22, 5, 19, 20, 37, 21, 33, 34, 39, 23, 38, 56, 45, 49, 46, 51, 52, 57, 62, 65, 66, 73, 59, 60, 68, 72, 80, 79, 69, 94, 81, 87, 70, 88, 95, 104, 82, 84, 24, 44, 100, 83, 96, 98, 89, 11, 97, 30, 0, 2, 1, 6, 50, 106, 63, 101, 120, 91, 121, 114, 102, 107, 9, 111, 43, 41, 27, 15, 75, 77, 117, 119, 92, 55, 90, 64, 108, 110, 76, 25, 16, 8, 86, 53, 142, 123, 124, 103, 29, 141, 125, 126, 35, 47, 127]",False,complete,97,97,3298,0,1469,0,1469,1617,148,0,0,lowest_first,True,2,111,24,111,24,24,24,24
1,200479,28,54,95,"[7, 10, 12, 13, 14, 17, 18, 26, 28, 31, 32, 36, 40, 42, 47, 48, 54, 58, 61, 67, 71, 74, 78, 85, 93, 99, 105, 109, 112, 115, 116, 118, 122, 127, 128, 129, 130, 131, 132, 133, 134, 135, 136, 137, 138, 139, 140, 143, 144, 145, 146, 147, 148, 149]","[0, 1, 2, 3, 4, 5, 6, 8, 9, 11, 15, 16, 19, 20, 21, 22, 23, 24, 25, 27, 29, 30, 33, 34, 35, 37, 38, 39, 41, 43, 44, 45, 46, 49, 50, 51, 52, 53, 55, 56, 57, 59, 60, 62, 63, 64, 65, 66, 68, 69, 70, 72, 73, 75, 76, 77, 79, 80, 81, 82, 83, 84, 86, 87, 88, 89, 90, 91, 92, 94, 95, 96, 97, 98, 100, 101, 102, 103, 104, 106, 107, 108, 110, 111, 114, 117, 119, 120, 121, 123, 124, 125, 126, 141, 142]",{},[],0,"[17, 122, 18, 32, 137, 138, 139, 140, 13, 14, 116, 118, 136, 112, 36, 135, 26, 28, 99, 105, 148, 115, 144, 149, 145, 147, 146, 12, 58, 71, 134, 109, 67, 61, 78, 10, 48, 133, 130, 93, 85, 129, 74, 42, 40, 7, 131, 132, 54, 143, 128, 31, 127, 47, 35, 126, 125, 141, 27, 104, 124, 53, 86, 123, 117, 43, 142, 15, 8, 29, 41, 102, 16, 25, 121, 110, 108, 94, 111, 9, 120, 114, 101, 76, 63, 64, 75, 119, 107, 55, 90, 77, 92, 106, 50, 6, 1, 2, 0, 30, 97, 11, 89, 98, 96, 83, 100, 44, 24, 84, 87, 82, 81, 103, 95, 88, 70, 91, 69, 79, 80, 72, 68, 60, 59, 73, 66, 65, 62, 57, 52, 51, 46, 49, 45, 56, 38, 23, 39, 34, 33, 21, 37, 20, 19, 5, 22, 4, 3]",True,22446482213,22.446482213,"[35, 126, 125, 142, 29, 103, 124, 123, 141, 53, 86, 15, 16, 25, 76, 110, 108, 64, 119, 117, 90, 55, 92, 77, 75, 43, 27, 41, 8, 111, 9, 107, 102, 114, 121, 91, 120, 101, 63, 106, 50, 6, 1, 2, 0, 30, 97, 11, 89, 98, 96, 83, 100, 44, 24, 84, 82, 104, 95, 88, 70, 87, 81, 94, 69, 79, 80, 72, 68, 60, 59, 73, 66, 65, 62, 57, 52, 51, 46, 49, 45, 56, 38, 23, 39, 34, 33, 21, 37, 20, 19, 5, 22, 4, 3]","[3, 4, 22, 5, 19, 20, 37, 21, 33, 34, 39, 23, 38, 56, 45, 49, 46, 51, 52, 57, 62, 65, 66, 73, 59, 60, 68, 72, 80, 79, 69, 94, 81, 87, 70, 88, 95, 104, 82, 84, 24, 44, 100, 83, 96, 98, 89, 11, 97, 30, 0, 2, 1, 6, 50, 106, 63, 101, 120, 91, 121, 114, 102, 107, 9, 111, 8, 41, 27, 43, 75, 77, 92, 55, 90, 117, 119, 64, 108, 110, 76, 25, 16, 15, 86, 53, 141, 123, 124, 103, 29, 142, 125, 126, 35]",False,complete,95,95,3141,0,1439,0,1439,1587,148,0,0,lowest_first,True,2,111,24,111,24,24,24,24
1,200480,29,56,93,"[7, 10, 12, 13, 14, 17, 18, 26, 28, 31, 32, 35, 36, 40, 42, 47, 48, 54, 58, 61, 67, 71, 74, 78, 85, 93, 99, 105, 109, 112, 115, 116, 118, 122, 126, 127, 128, 129, 130, 131, 132, 133, 134, 135, 136, 137, 138, 139, 140, 143, 144, 145, 146, 147, 148, 149]","[0, 1, 2, 3, 4, 5, 6, 8, 9, 11, 15, 16, 19, 20, 21, 22, 23, 24, 25, 27, 29, 30, 33, 34, 37, 38, 39, 41, 43, 44, 45, 46, 49, 50, 51, 52, 53, 55, 56, 57, 59, 60, 62, 63, 64, 65, 66, 68, 69, 70, 72, 73, 75, 76, 77, 79, 80, 81, 82, 83, 84, 86, 87, 88, 89, 90, 91, 92, 94, 95, 96, 97, 98, 100, 101, 102, 103, 104, 106, 107, 108, 110, 111, 114, 117, 119, 120, 121, 123, 124, 125, 141, 142]",{},[],0,"[17, 122, 18, 32, 137, 138, 139, 140, 13, 14, 116, 118, 136, 112, 36, 135, 26, 28, 99, 105, 148, 115, 144, 149, 145, 147, 146, 12, 58, 71, 134, 109, 67, 61, 78, 10, 48, 133, 130, 93, 85, 129, 74, 42, 40, 7, 131, 132, 54, 143, 128, 31, 127, 47, 35, 126, 125, 141, 27, 104, 124, 53, 86, 123, 117, 43, 142, 15, 8, 29, 41, 102, 16, 25, 121, 110, 108, 94, 111, 9, 120, 114, 101, 76, 63, 64, 75, 119, 107, 55, 90, 77, 92, 106, 50, 6, 1, 2, 0, 30, 97, 11, 89, 98, 96, 83, 100, 44, 24, 84, 87, 82, 81, 103, 95, 88, 70, 91, 69, 79, 80, 72, 68, 60, 59, 73, 66, 65, 62, 57, 52, 51, 46, 49, 45, 56, 38, 23, 39, 34, 33, 21, 37, 20, 19, 5, 22, 4, 3]",True,21898085844,21.898085844,"[125, 141, 27, 104, 124, 53, 86, 123, 119, 16, 102, 142, 110, 9, 117, 111, 108, 25, 6, 94, 41, 8, 29, 43, 1, 2, 76, 63, 64, 92, 75, 77, 55, 90, 15, 0, 107, 114, 121, 120, 101, 106, 50, 30, 97, 11, 91, 98, 96, 83, 100, 44, 24, 84, 82, 87, 81, 103, 95, 88, 70, 89, 69, 79, 80, 72, 68, 60, 59, 73, 66, 65, 62, 57, 52, 51, 46, 49, 45, 56, 38, 23, 39, 34, 33, 21, 37, 20, 19, 5, 22, 4, 3]","[3, 4, 22, 5, 19, 20, 37, 21, 33, 34, 39, 23, 38, 56, 45, 49, 46, 51, 52, 57, 62, 65, 66, 73, 59, 60, 68, 72, 80, 79, 69, 89, 70, 88, 95, 103, 81, 87, 82, 84, 24, 44, 100, 83, 96, 98, 91, 11, 97, 30, 50, 106, 101, 120, 121, 114, 107, 0, 15, 90, 55, 77, 75, 92, 64, 63, 76, 2, 1, 43, 29, 8, 41, 94, 6, 25, 108, 111, 117, 9, 110, 142, 102, 16, 119, 123, 86, 53, 124, 104, 27, 141, 125]",False,complete,95,95,3064,0,1440,0,1440,1743,303,0,0,lowest_first,True,2,115,24,115,24,24,24,24
1,200481,30,58,91,"[7, 10, 12, 13, 14, 17, 18, 26, 28, 31, 32, 35, 36, 40, 42, 47, 48, 54, 58, 61, 67, 71, 74, 78, 85, 93, 99, 105, 109, 112, 115, 116, 118, 122, 125, 126, 127, 128, 129, 130, 131, 132, 133, 134, 135, 136, 137, 138, 139, 140, 141, 143, 144, 145, 146, 147, 148, 149]","[0, 1, 2, 3, 4, 5, 6, 8, 9, 11, 15, 16, 19, 20, 21, 22, 23, 24, 25, 27, 29, 30, 33, 34, 37, 38, 39, 41, 43, 44, 45, 46, 49, 50, 51, 52, 53, 55, 56, 57, 59, 60, 62, 63, 64, 65, 66, 68, 69, 70, 72, 73, 75, 76, 77, 79, 80, 81, 82, 83, 84, 86, 87, 88, 89, 90, 91, 92, 94, 95, 96, 97, 98, 100, 101, 102, 103, 104, 106, 107, 108, 110, 111, 114, 117, 119, 120, 121, 123, 124, 142]",{},[],0,"[17, 122, 18, 32, 137, 138, 139, 140, 13, 14, 116, 118, 136, 112, 36, 135, 26, 28, 99, 105, 148, 115, 144, 149, 145, 147, 146, 12, 58, 71, 134, 109, 67, 61, 78, 10, 48, 133, 130, 93, 85, 129, 74, 42, 40, 7, 131, 132, 54, 143, 128, 31, 127, 47, 35, 126, 125, 141, 27, 104, 124, 53, 86, 123, 117, 43, 142, 15, 8, 29, 41, 102, 16, 25, 121, 110, 108, 94, 111, 9, 120, 114, 101, 76, 63, 64, 75, 119, 107, 55, 90, 77, 92, 106, 50, 6, 1, 2, 0, 30, 97, 11, 89, 98, 96, 83, 100, 44, 24, 84, 87, 82, 81, 103, 95, 88, 70, 91, 69, 79, 80, 72, 68, 60, 59, 73, 66, 65, 62, 57, 52, 51, 46, 49, 45, 56, 38, 23, 39, 34, 33, 21, 37, 20, 19, 5, 22, 4, 3]",True,20030591071,20.030591071,"[27, 103, 142, 124, 123, 53, 86, 8, 43, 29, 119, 15, 41, 102, 16, 110, 108, 117, 111, 9, 107, 25, 114, 76, 64, 92, 90, 77, 75, 55, 121, 91, 120, 101, 63, 106, 50, 6, 1, 2, 0, 30, 97, 11, 89, 98, 96, 83, 100, 44, 24, 84, 82, 104, 95, 88, 70, 87, 81, 94, 69, 79, 80, 72, 68, 60, 59, 73, 66, 65, 62, 57, 52, 51, 46, 49, 45, 56, 38, 23, 39, 34, 33, 21, 37, 20, 19, 5, 22, 4, 3]","[3, 4, 22, 5, 19, 20, 37, 21, 33, 34, 39, 23, 38, 56, 45, 49, 46, 51, 52, 57, 62, 65, 66, 73, 59, 60, 68, 72, 80, 79, 69, 94, 81, 87, 70, 88, 95, 104, 82, 84, 24, 44, 100, 83, 96, 98, 89, 11, 97, 30, 0, 2, 1, 6, 50, 106, 63, 101, 120, 91, 121, 55, 75, 77, 90, 92, 64, 76, 114, 25, 107, 9, 111, 117, 108, 110, 16, 102, 41, 15, 119, 29, 43, 8, 86, 53, 123, 124, 142, 103, 27]",False,complete,91,91,2904,0,1346,0,1346,1483,137,0,0,lowest_first,True,2,106,24,106,24,24,24,24
1,200482,31,60,89,"[7, 10, 12, 13, 14, 17, 18, 26, 27, 28, 31, 32, 35, 36, 40, 42, 47, 48, 54, 58, 61, 67, 71, 74, 78, 85, 93, 99, 104, 105, 109, 112, 115, 116, 118, 122, 125, 126, 127, 128, 129, 130, 131, 132, 133, 134, 135, 136, 137, 138, 139, 140, 141, 143, 144, 145, 146, 147, 148, 149]","[0, 1, 2, 3, 4, 5, 6, 8, 9, 11, 15, 16, 19, 20, 21, 22, 23, 24, 25, 29, 30, 33, 34, 37, 38, 39, 41, 43, 44, 45, 46, 49, 50, 51, 52, 53, 55, 56, 57, 59, 60, 62, 63, 64, 65, 66, 68, 69, 70, 72, 73, 75, 76, 77, 79, 80, 81, 82, 83, 84, 86, 87, 88, 89, 90, 91, 92, 94, 95, 96, 97, 98, 100, 101, 102, 103, 106, 107, 108, 110, 111, 114, 117, 119, 120, 121, 123, 124, 142]",{},[],0,"[17, 122, 18, 32, 137, 138, 139, 140, 13, 14, 116, 118, 136, 112, 36, 135, 26, 28, 99, 105, 148, 115, 144, 149, 145, 147, 146, 12, 58, 71, 134, 109, 67, 61, 78, 10, 48, 133, 130, 93, 85, 129, 74, 42, 40, 7, 131, 132, 54, 143, 128, 31, 127, 47, 35, 126, 125, 141, 27, 104, 124, 53, 86, 123, 117, 43, 142, 15, 8, 29, 41, 102, 16, 25, 121, 110, 108, 94, 111, 9, 120, 114, 101, 76, 63, 64, 75, 119, 107, 55, 90, 77, 92, 106, 50, 6, 1, 2, 0, 30, 97, 11, 89, 98, 96, 83, 100, 44, 24, 84, 87, 82, 81, 103, 95, 88, 70, 91, 69, 79, 80, 72, 68, 60, 59, 73, 66, 65, 62, 57, 52, 51, 46, 49, 45, 56, 38, 23, 39, 34, 33, 21, 37, 20, 19, 5, 22, 4, 3]",True,18010453707,18.010453707,"[124, 53, 86, 123, 119, 16, 102, 142, 110, 9, 117, 111, 108, 25, 6, 94, 29, 15, 43, 41, 1, 2, 76, 63, 64, 75, 92, 55, 77, 90, 8, 0, 107, 114, 121, 120, 101, 106, 50, 30, 97, 11, 89, 98, 96, 83, 100, 44, 24, 84, 87, 82, 81, 103, 95, 88, 70, 91, 69, 79, 80, 72, 68, 60, 59, 73, 66, 65, 62, 57, 52, 51, 46, 49, 45, 56, 38, 23, 39, 34, 33, 21, 37, 20, 19, 5, 22, 4, 3]","[3, 4, 22, 5, 19, 20, 37, 21, 33, 34, 39, 23, 38, 56, 45, 49, 46, 51, 52, 57, 62, 65, 66, 73, 59, 60, 68, 72, 80, 79, 69, 91, 70, 88, 95, 103, 81, 82, 87, 84, 24, 44, 100, 83, 96, 98, 89, 11, 97, 30, 50, 106, 101, 120, 121, 114, 107, 0, 8, 90, 77, 55, 92, 75, 64, 63, 76, 2, 1, 41, 43, 15, 29, 94, 6, 25, 108, 111, 117, 9, 110, 142, 102, 16, 119, 123, 86, 53, 124]",False,complete,91,91,2763,0,1290,0,1290,1593,303,0,0,lowest_first,True,2,115,24,115,24,24,24,24
1,200483,32,62,87,"[7, 10, 12, 13, 14, 17, 18, 26, 27, 28, 31, 32, 35, 36, 40, 42, 47, 48, 53, 54, 58, 61, 67, 71, 74, 78, 85, 93, 99, 104, 105, 109, 112, 115, 116, 118, 122, 124, 125, 126, 127, 128, 129, 130, 131, 132, 133, 134, 135, 136, 137, 138, 139, 140, 141, 143, 144, 145, 146, 147, 148, 149]","[0, 1, 2, 3, 4, 5, 6, 8, 9, 11, 15, 16, 19, 20, 21, 22, 23, 24, 25, 29, 30, 33, 34, 37, 38, 39, 41, 43, 44, 45, 46, 49, 50, 51, 52, 55, 56, 57, 59, 60, 62, 63, 64, 65, 66, 68, 69, 70, 72, 73, 75, 76, 77, 79, 80, 81, 82, 83, 84, 86, 87, 88, 89, 90, 91, 92, 94, 95, 96, 97, 98, 100, 101, 102, 103, 106, 107, 108, 110, 111, 114, 117, 119, 120, 121, 123, 142]",{},[],0,"[17, 122, 18, 32, 137, 138, 139, 140, 13, 14, 116, 118, 136, 112, 36, 135, 26, 28, 99, 105, 148, 115, 144, 149, 145, 147, 146, 12, 58, 71, 134, 109, 67, 61, 78, 10, 48, 133, 130, 93, 85, 129, 74, 42, 40, 7, 131, 132, 54, 143, 128, 31, 127, 47, 35, 126, 125, 141, 27, 104, 124, 53, 86, 123, 117, 43, 142, 15, 8, 29, 41, 102, 16, 25, 121, 110, 108, 94, 111, 9, 120, 114, 101, 76, 63, 64, 75, 119, 107, 55, 90, 77, 92, 106, 50, 6, 1, 2, 0, 30, 97, 11, 89, 98, 96, 83, 100, 44, 24, 84, 87, 82, 81, 103, 95, 88, 70, 91, 69, 79, 80, 72, 68, 60, 59, 73, 66, 65, 62, 57, 52, 51, 46, 49, 45, 56, 38, 23, 39, 34, 33, 21, 37, 20, 19, 5, 22, 4, 3]",True,16650657149,16.650657149,"[86, 123, 119, 16, 102, 142, 110, 9, 117, 111, 108, 25, 6, 94, 29, 15, 43, 41, 1, 2, 76, 63, 64, 75, 90, 55, 92, 77, 8, 0, 107, 114, 121, 120, 101, 106, 50, 30, 97, 11, 89, 98, 96, 83, 100, 44, 24, 84, 87, 82, 81, 103, 95, 88, 70, 91, 69, 79, 80, 72, 68, 60, 59, 73, 66, 65, 62, 57, 52, 51, 46, 49, 45, 56, 38, 23, 39, 34, 33, 21, 37, 20, 19, 5, 22, 4, 3]","[3, 4, 22, 5, 19, 20, 37, 21, 33, 34, 39, 23, 38, 56, 45, 49, 46, 51, 52, 57, 62, 65, 66, 73, 59, 60, 68, 72, 80, 79, 69, 91, 70, 88, 95, 103, 81, 82, 87, 84, 24, 44, 100, 83, 96, 98, 89, 11, 97, 30, 50, 106, 101, 120, 121, 114, 107, 0, 8, 77, 92, 55, 90, 75, 64, 63, 76, 2, 1, 41, 43, 15, 29, 94, 6, 25, 108, 111, 117, 9, 110, 142, 102, 16, 119, 123, 86]",False,complete,89,89,2618,0,1223,0,1223,1526,303,0,0,lowest_first,True,2,115,24,115,24,24,24,24
1,200484,33,64,85,"[7, 10, 12, 13, 14, 17, 18, 26, 27, 28, 31, 32, 35, 36, 40, 42, 47, 48, 53, 54, 58, 61, 67, 71, 74, 78, 85, 86, 93, 99, 104, 105, 109, 112, 115, 116, 118, 122, 123, 124, 125, 126, 127, 128, 129, 130, 131, 132, 133, 134, 135, 136, 137, 138, 139, 140, 141, 143, 144, 145, 146, 147, 148, 149]","[0, 1, 2, 3, 4, 5, 6, 8, 9, 11, 15, 16, 19, 20, 21, 22, 23, 24, 25, 29, 30, 33, 34, 37, 38, 39, 41, 43, 44, 45, 46, 49, 50, 51, 52, 55, 56, 57, 59, 60, 62, 63, 64, 65, 66, 68, 69, 70, 72, 73, 75, 76, 77, 79, 80, 81, 82, 83, 84, 87, 88, 89, 90, 91, 92, 94, 95, 96, 97, 98, 100, 101, 102, 103, 106, 107, 108, 110, 111, 114, 117, 119, 120, 121, 142]",{},[],0,"[17, 122, 18, 32, 137, 138, 139, 140, 13, 14, 116, 118, 136, 112, 36, 135, 26, 28, 99, 105, 148, 115, 144, 149, 145, 147, 146, 12, 58, 71, 134, 109, 67, 61, 78, 10, 48, 133, 130, 93, 85, 129, 74, 42, 40, 7, 131, 132, 54, 143, 128, 31, 127, 47, 35, 126, 125, 141, 27, 104, 124, 53, 86, 123, 117, 43, 142, 15, 8, 29, 41, 102, 16, 25, 121, 110, 108, 94, 111, 9, 120, 114, 101, 76, 63, 64, 75, 119, 107, 55, 90, 77, 92, 106, 50, 6, 1, 2, 0, 30, 97, 11, 89, 98, 96, 83, 100, 44, 24, 84, 87, 82, 81, 103, 95, 88, 70, 91, 69, 79, 80, 72, 68, 60, 59, 73, 66, 65, 62, 57, 52, 51, 46, 49, 45, 56, 38, 23, 39, 34, 33, 21, 37, 20, 19, 5, 22, 4, 3]",True,15067831641,15.067831641,"[119, 16, 102, 142, 110, 9, 117, 111, 108, 25, 6, 94, 29, 8, 41, 43, 1, 2, 76, 63, 64, 90, 77, 55, 92, 75, 15, 0, 107, 114, 121, 120, 101, 106, 50, 30, 97, 11, 91, 98, 96, 83, 100, 44, 24, 84, 82, 87, 81, 103, 95, 88, 70, 89, 69, 79, 80, 72, 68, 60, 59, 73, 66, 65, 62, 57, 52, 51, 46, 49, 45, 56, 38, 23, 39, 34, 33, 21, 37, 20, 19, 5, 22, 4, 3]","[3, 4, 22, 5, 19, 20, 37, 21, 33, 34, 39, 23, 38, 56, 45, 49, 46, 51, 52, 57, 62, 65, 66, 73, 59, 60, 68, 72, 80, 79, 69, 89, 70, 88, 95, 103, 81, 87, 82, 84, 24, 44, 100, 83, 96, 98, 91, 11, 97, 30, 50, 106, 101, 120, 121, 114, 107, 0, 15, 75, 92, 55, 77, 90, 64, 63, 76, 2, 1, 43, 41, 8, 29, 94, 6, 25, 108, 111, 117, 9, 110, 142, 102, 16, 119]",False,complete,87,87,2477,0,1151,0,1151,1454,303,0,0,lowest_first,True,2,115,24,115,24,24,24,24
1,200485,34,66,83,"[7, 10, 12, 13, 14, 17, 18, 26, 27, 28, 31, 32, 35, 36, 40, 42, 43, 47, 48, 53, 54, 58, 61, 67, 71, 74, 78, 85, 86, 93, 99, 104, 105, 109, 112, 115, 116, 117, 118, 122, 123, 124, 125, 126, 127, 128, 129, 130, 131, 132, 133, 134, 135, 136, 137, 138, 139, 140, 141, 143, 144, 145, 146, 147, 148, 149]","[0, 1, 2, 3, 4, 5, 6, 8, 9, 11, 15, 16, 19, 20, 21, 22, 23, 24, 25, 29, 30, 33, 34, 37, 38, 39, 41, 44, 45, 46, 49, 50, 51, 52, 55, 56, 57, 59, 60, 62, 63, 64, 65, 66, 68, 69, 70, 72, 73, 75, 76, 77, 79, 80, 81, 82, 83, 84, 87, 88, 89, 90, 91, 92, 94, 95, 96, 97, 98, 100, 101, 102, 103, 106, 107, 108, 110, 111, 114, 119, 120, 121, 142]",{},[],0,"[17, 122, 18, 32, 137, 138, 139, 140, 13, 14, 116, 118, 136, 112, 36, 135, 26, 28, 99, 105, 148, 115, 144, 149, 145, 147, 146, 12, 58, 71, 134, 109, 67, 61, 78, 10, 48, 133, 130, 93, 85, 129, 74, 42, 40, 7, 131, 132, 54, 143, 128, 31, 127, 47, 35, 126, 125, 141, 27, 104, 124, 53, 86, 123, 117, 43, 142, 15, 8, 29, 41, 102, 16, 25, 121, 110, 108, 94, 111, 9, 120, 114, 101, 76, 63, 64, 75, 119, 107, 55, 90, 77, 92, 106, 50, 6, 1, 2, 0, 30, 97, 11, 89, 98, 96, 83, 100, 44, 24, 84, 87, 82, 81, 103, 95, 88, 70, 91, 69, 79, 80, 72, 68, 60, 59, 73, 66, 65, 62, 57, 52, 51, 46, 49, 45, 56, 38, 23, 39, 34, 33, 21, 37, 20, 19, 5, 22, 4, 3]",True,17532119477,17.532119477,"[142, 29, 102, 30, 110, 119, 8, 108, 15, 111, 9, 97, 16, 107, 25, 114, 11, 76, 89, 64, 90, 55, 75, 77, 92, 41, 121, 100, 120, 101, 63, 106, 50, 98, 96, 95, 83, 103, 44, 24, 84, 82, 91, 88, 70, 87, 81, 94, 69, 79, 80, 72, 68, 60, 59, 73, 66, 65, 62, 57, 6, 1, 2, 0, 52, 51, 46, 49, 45, 56, 38, 23, 39, 34, 33, 21, 37, 20, 19, 5, 22, 4, 3]","[3, 4, 22, 5, 19, 20, 37, 21, 33, 34, 39, 23, 38, 56, 45, 49, 46, 51, 52, 0, 2, 1, 6, 57, 62, 65, 66, 73, 59, 60, 68, 72, 80, 79, 69, 94, 81, 87, 70, 88, 91, 82, 84, 24, 44, 103, 83, 95, 96, 98, 50, 106, 63, 101, 120, 100, 121, 41, 92, 77, 75, 55, 90, 64, 89, 76, 11, 114, 25, 107, 16, 97, 9, 111, 15, 108, 8, 119, 110, 30, 102, 29, 142]",False,complete,107,107,2531,0,1537,34,1503,2000,632,0,0,lowest_first,True,2,125,26,125,26,26,26,26
1,200486,35,68,81,"[7, 10, 12, 13, 14, 15, 17, 18, 26, 27, 28, 31, 32, 35, 36, 40, 42, 43, 47, 48, 53, 54, 58, 61, 67, 71, 74, 78, 85, 86, 93, 99, 104, 105, 109, 112, 115, 116, 117, 118, 122, 123, 124, 125, 126, 127, 128, 129, 130, 131, 132, 133, 134, 135, 136, 137, 138, 139, 140, 141, 142, 143, 144, 145, 146, 147, 148, 149]","[0, 1, 2, 3, 4, 5, 6, 8, 9, 11, 16, 19, 20, 21, 22, 23, 24, 25, 29, 30, 33, 34, 37, 38, 39, 41, 44, 45, 46, 49, 50, 51, 52, 55, 56, 57, 59, 60, 62, 63, 64, 65, 66, 68, 69, 70, 72, 73, 75, 76, 77, 79, 80, 81, 82, 83, 84, 87, 88, 89, 90, 91, 92, 94, 95, 96, 97, 98, 100, 101, 102, 103, 106, 107, 108, 110, 111, 114, 119, 120, 121]",{},[],0,"[17, 122, 18, 32, 137, 138, 139, 140, 13, 14, 116, 118, 136, 112, 36, 135, 26, 28, 99, 105, 148, 115, 144, 149, 145, 147, 146, 12, 58, 71, 134, 109, 67, 61, 78, 10, 48, 133, 130, 93, 85, 129, 74, 42, 40, 7, 131, 132, 54, 143, 128, 31, 127, 47, 35, 126, 125, 141, 27, 104, 124, 53, 86, 123, 117, 43, 142, 15, 8, 29, 41, 102, 16, 25, 121, 110, 108, 94, 111, 9, 120, 114, 101, 76, 63, 64, 75, 119, 107, 55, 90, 77, 92, 106, 50, 6, 1, 2, 0, 30, 97, 11, 89, 98, 96, 83, 100, 44, 24, 84, 87, 82, 81, 103, 95, 88, 70, 91, 69, 79, 80, 72, 68, 60, 59, 73, 66, 65, 62, 57, 52, 51, 46, 49, 45, 56, 38, 23, 39, 34, 33, 21, 37, 20, 19, 5, 22, 4, 3]",True,11398852104,11.398852104,"[8, 29, 41, 102, 16, 25, 121, 110, 108, 94, 111, 9, 6, 1, 2, 0, 120, 114, 101, 76, 63, 64, 119, 107, 90, 92, 55, 75, 77, 106, 50, 30, 97, 11, 91, 98, 96, 83, 100, 44, 24, 84, 82, 87, 81, 103, 95, 88, 70, 89, 69, 79, 80, 72, 68, 60, 59, 73, 66, 65, 62, 57, 52, 51, 46, 49, 45, 56, 38, 23, 39, 34, 33, 21, 37, 20, 19, 5, 22, 4, 3]","[3, 4, 22, 5, 19, 20, 37, 21, 33, 34, 39, 23, 38, 56, 45, 49, 46, 51, 52, 57, 62, 65, 66, 73, 59, 60, 68, 72, 80, 79, 69, 89, 70, 88, 95, 103, 81, 87, 82, 84, 24, 44, 100, 83, 96, 98, 91, 11, 97, 30, 50, 106, 77, 75, 55, 92, 90, 107, 119, 64, 63, 76, 101, 114, 120, 0, 2, 1, 6, 9, 111, 94, 108, 110, 121, 25, 16, 102, 41, 29, 8]",False,complete,81,81,2063,0,913,0,913,1088,175,0,0,lowest_first,True,2,115,23,115,23,23,23,23
1,200487,36,70,79,"[7, 8, 10, 12, 13, 14, 15, 17, 18, 26, 27, 28, 29, 31, 32, 35, 36, 40, 42, 43, 47, 48, 53, 54, 58, 61, 67, 71, 74, 78, 85, 86, 93, 99, 104, 105, 109, 112, 115, 116, 117, 118, 122, 123, 124, 125, 126, 127, 128, 129, 130, 131, 132, 133, 134, 135, 136, 137, 138, 139, 140, 141, 142, 143, 144, 145, 146, 147, 148, 149]","[0, 1, 2, 3, 4, 5, 6, 9, 11, 16, 19, 20, 21, 22, 23, 24, 25, 30, 33, 34, 37, 38, 39, 41, 44, 45, 46, 49, 50, 51, 52, 55, 56, 57, 59, 60, 62, 63, 64, 65, 66, 68, 69, 70, 72, 73, 75, 76, 77, 79, 80, 81, 82, 83, 84, 87, 88, 89, 90, 91, 92, 94, 95, 96, 97, 98, 100, 101, 102, 103, 106, 107, 108, 110, 111, 114, 119, 120, 121]",{},[],0,"[17, 122, 18, 32, 137, 138, 139, 140, 13, 14, 116, 118, 136, 112, 36, 135, 26, 28, 99, 105, 148, 115, 144, 149, 145, 147, 146, 12, 58, 71, 134, 109, 67, 61, 78, 10, 48, 133, 130, 93, 85, 129, 74, 42, 40, 7, 131, 132, 54, 143, 128, 31, 127, 47, 35, 126, 125, 141, 27, 104, 124, 53, 86, 123, 117, 43, 142, 15, 8, 29, 41, 102, 16, 25, 121, 110, 108, 94, 111, 9, 120, 114, 101, 76, 63, 64, 75, 119, 107, 55, 90, 77, 92, 106, 50, 6, 1, 2, 0, 30, 97, 11, 89, 98, 96, 83, 100, 44, 24, 84, 87, 82, 81, 103, 95, 88, 70, 91, 69, 79, 80, 72, 68, 60, 59, 73, 66, 65, 62, 57, 52, 51, 46, 49, 45, 56, 38, 23, 39, 34, 33, 21, 37, 20, 19, 5, 22, 4, 3]",True,10795612015,10.795612015,"[41, 102, 16, 25, 121, 110, 108, 94, 111, 9, 120, 114, 101, 76, 63, 64, 77, 55, 119, 107, 90, 92, 75, 106, 50, 6, 1, 2, 0, 30, 97, 11, 91, 98, 96, 83, 100, 44, 24, 84, 82, 87, 81, 103, 95, 88, 70, 89, 69, 79, 80, 72, 68, 60, 59, 73, 66, 65, 62, 57, 52, 51, 46, 49, 45, 56, 38, 23, 39, 34, 33, 21, 37, 20, 19, 5, 22, 4, 3]","[3, 4, 22, 5, 19, 20, 37, 21, 33, 34, 39, 23, 38, 56, 45, 49, 46, 51, 52, 57, 62, 65, 66, 73, 59, 60, 68, 72, 80, 79, 69, 89, 70, 88, 95, 103, 81, 87, 82, 84, 24, 44, 100, 83, 96, 98, 91, 11, 97, 30, 0, 2, 1, 6, 50, 106, 75, 92, 90, 107, 119, 55, 77, 64, 63, 76, 101, 114, 120, 9, 111, 94, 108, 110, 121, 25, 16, 102, 41]",False,complete,79,79,1948,0,843,0,843,1011,168,0,0,lowest_first,True,2,115,23,115,23,23,23,23
1,200488,37,72,77,"[7, 8, 10, 12, 13, 14, 15, 17, 18, 26, 27, 28, 29, 31, 32, 35, 36, 40, 41, 42, 43, 47, 48, 53, 54, 58, 61, 67, 71, 74, 78, 85, 86, 93, 99, 102, 104, 105, 109, 112, 115, 116, 117, 118, 122, 123, 124, 125, 126, 127, 128, 129, 130, 131, 132, 133, 134, 135, 136, 137, 138, 139, 140, 141, 142, 143, 144, 145, 146, 147, 148, 149]","[0, 1, 2, 3, 4, 5, 6, 9, 11, 16, 19, 20, 21, 22, 23, 24, 25, 30, 33, 34, 37, 38, 39, 44, 45, 46, 49, 50, 51, 52, 55, 56, 57, 59, 60, 62, 63, 64, 65, 66, 68, 69, 70, 72, 73, 75, 76, 77, 79, 80, 81, 82, 83, 84, 87, 88, 89, 90, 91, 92, 94, 95, 96, 97, 98, 100, 101, 103, 106, 107, 108, 110, 111, 114, 119, 120, 121]","{""support_1"": 111}",[111],1,"[17, 122, 18, 32, 137, 138, 139, 140, 13, 14, 116, 118, 136, 112, 36, 135, 26, 28, 99, 105, 148, 115, 144, 149, 145, 147, 146, 12, 58, 71, 134, 109, 67, 61, 78, 10, 48, 133, 130, 93, 85, 129, 74, 42, 40, 7, 131, 132, 54, 143, 128, 31, 127, 47, 35, 126, 125, 141, 27, 104, 124, 53, 86, 123, 117, 43, 142, 15, 8, 29, 41, 102, 16, 25, 121, 110, 108, 94, 111, 9, 120, 114, 101, 76, 63, 64, 75, 119, 107, 55, 90, 77, 92, 106, 50, 6, 1, 2, 0, 30, 97, 11, 89, 98, 96, 83, 100, 44, 24, 84, 87, 82, 81, 103, 95, 88, 70, 91, 69, 79, 80, 72, 68, 60, 59, 73, 66, 65, 62, 57, 52, 51, 46, 49, 45, 56, 38, 23, 39, 34, 33, 21, 37, 20, 19, 5, 22, 4, 3]",True,8611357125,8.611357125,"[16, 25, 121, 110, 108, 94, 111, 9, 120, 114, 101, 76, 63, 64, 90, 77, 92, 75, 119, 107, 55, 106, 50, 6, 1, 2, 0, 30, 97, 11, 91, 98, 96, 83, 100, 44, 24, 84, 82, 87, 81, 103, 95, 88, 70, 89, 69, 79, 80, 72, 68, 60, 59, 73, 66, 65, 62, 57, 52, 51, 46, 49, 45, 56, 38, 23, 39, 34, 33, 21, 37, 20, 19, 5, 22, 4, 3]","[3, 4, 22, 5, 19, 20, 37, 21, 33, 34, 39, 23, 38, 56, 45, 49, 46, 51, 52, 57, 62, 65, 66, 73, 59, 60, 68, 72, 80, 79, 69, 89, 70, 88, 95, 103, 81, 87, 82, 84, 24, 44, 100, 83, 96, 98, 91, 11, 97, 30, 0, 2, 1, 6, 50, 106, 55, 107, 119, 75, 92, 77, 90, 64, 63, 76, 101, 114, 120, 9, 111, 94, 108, 110, 121, 25, 16]",False,complete,77,77,1823,0,763,0,763,930,167,0,0,lowest_first,True,2,114,22,114,23,23,22,23
1,200489,38,74,75,"[7, 8, 10, 12, 13, 14, 15, 16, 17, 18, 25, 26, 27, 28, 29, 31, 32, 35, 36, 40, 41, 42, 43, 47, 48, 53, 54, 58, 61, 67, 71, 74, 78, 85, 86, 93, 99, 102, 104, 105, 109, 112, 115, 116, 117, 118, 122, 123, 124, 125, 126, 127, 128, 129, 130, 131, 132, 133, 134, 135, 136, 137, 138, 139, 140, 141, 142, 143, 144, 145, 146, 147, 148, 149]","[0, 1, 2, 3, 4, 5, 6, 9, 11, 19, 20, 21, 22, 23, 24, 30, 33, 34, 37, 38, 39, 44, 45, 46, 49, 50, 51, 52, 55, 56, 57, 59, 60, 62, 63, 64, 65, 66, 68, 69, 70, 72, 73, 75, 76, 77, 79, 80, 81, 82, 83, 84, 87, 88, 89, 90, 91, 92, 94, 95, 96, 97, 98, 100, 101, 103, 106, 107, 108, 110, 111, 114, 119, 120, 121]","{""support_1"": 111, ""support_2"": 106}","[106, 111]",2,"[17, 122, 18, 32, 137, 138, 139, 140, 13, 14, 116, 118, 136, 112, 36, 135, 26, 28, 99, 105, 148, 115, 144, 149, 145, 147, 146, 12, 58, 71, 134, 109, 67, 61, 78, 10, 48, 133, 130, 93, 85, 129, 74, 42, 40, 7, 131, 132, 54, 143, 128, 31, 127, 47, 35, 126, 125, 141, 27, 104, 124, 53, 86, 123, 117, 43, 142, 15, 8, 29, 41, 102, 16, 25, 121, 110, 108, 94, 111, 9, 120, 114, 101, 76, 63, 64, 75, 119, 107, 55, 90, 77, 92, 106, 50, 6, 1, 2, 0, 30, 97, 11, 89, 98, 96, 83, 100, 44, 24, 84, 87, 82, 81, 103, 95, 88, 70, 91, 69, 79, 80, 72, 68, 60, 59, 73, 66, 65, 62, 57, 52, 51, 46, 49, 45, 56, 38, 23, 39, 34, 33, 21, 37, 20, 19, 5, 22, 4, 3]",True,7611610506,7.611610506,"[121, 110, 108, 94, 111, 9, 120, 114, 101, 76, 63, 64, 77, 90, 55, 75, 119, 107, 92, 106, 50, 6, 1, 2, 0, 30, 97, 11, 91, 98, 96, 83, 100, 44, 24, 84, 87, 82, 81, 103, 95, 88, 70, 89, 69, 79, 80, 72, 68, 60, 59, 73, 66, 65, 62, 57, 52, 51, 46, 49, 45, 56, 38, 23, 39, 34, 33, 21, 37, 20, 19, 5, 22, 4, 3]","[3, 4, 22, 5, 19, 20, 37, 21, 33, 34, 39, 23, 38, 56, 45, 49, 46, 51, 52, 57, 62, 65, 66, 73, 59, 60, 68, 72, 80, 79, 69, 89, 70, 88, 95, 103, 81, 82, 87, 84, 24, 44, 100, 83, 96, 98, 91, 11, 97, 30, 0, 2, 1, 6, 50, 106, 92, 107, 119, 75, 55, 90, 77, 64, 63, 76, 101, 114, 120, 9, 111, 94, 108, 110, 121]",False,complete,75,75,1726,0,718,0,718,874,156,0,0,lowest_first,True,2,110,21,110,23,23,21,23
1,200490,39,76,73,"[7, 8, 10, 12, 13, 14, 15, 16, 17, 18, 25, 26, 27, 28, 29, 31, 32, 35, 36, 40, 41, 42, 43, 47, 48, 53, 54, 58, 61, 67, 71, 74, 78, 85, 86, 93, 99, 102, 104, 105, 109, 110, 112, 115, 116, 117, 118, 121, 122, 123, 124, 125, 126, 127, 128, 129, 130, 131, 132, 133, 134, 135, 136, 137, 138, 139, 140, 141, 142, 143, 144, 145, 146, 147, 148, 149]","[0, 1, 2, 3, 4, 5, 6, 9, 11, 19, 20, 21, 22, 23, 24, 30, 33, 34, 37, 38, 39, 44, 45, 46, 49, 50, 51, 52, 55, 56, 57, 59, 60, 62, 63, 64, 65, 66, 68, 69, 70, 72, 73, 75, 76, 77, 79, 80, 81, 82, 83, 84, 87, 88, 89, 90, 91, 92, 94, 95, 96, 97, 98, 100, 101, 103, 106, 107, 108, 111, 114, 119, 120]","{""support_1"": 111, ""support_2"": 106}","[106, 111]",2,"[17, 122, 18, 32, 137, 138, 139, 140, 13, 14, 116, 118, 136, 112, 36, 135, 26, 28, 99, 105, 148, 115, 144, 149, 145, 147, 146, 12, 58, 71, 134, 109, 67, 61, 78, 10, 48, 133, 130, 93, 85, 129, 74, 42, 40, 7, 131, 132, 54, 143, 128, 31, 127, 47, 35, 126, 125, 141, 27, 104, 124, 53, 86, 123, 117, 43, 142, 15, 8, 29, 41, 102, 16, 25, 121, 110, 108, 94, 111, 9, 120, 114, 101, 76, 63, 64, 75, 119, 107, 55, 90, 77, 92, 106, 50, 6, 1, 2, 0, 30, 97, 11, 89, 98, 96, 83, 100, 44, 24, 84, 87, 82, 81, 103, 95, 88, 70, 91, 69, 79, 80, 72, 68, 60, 59, 73, 66, 65, 62, 57, 52, 51, 46, 49, 45, 56, 38, 23, 39, 34, 33, 21, 37, 20, 19, 5, 22, 4, 3]",True,7421563705,7.421563705,"[108, 94, 111, 9, 120, 114, 101, 76, 63, 64, 77, 55, 119, 107, 75, 92, 90, 106, 50, 6, 1, 2, 0, 30, 97, 11, 89, 98, 96, 83, 100, 44, 24, 84, 87, 82, 81, 103, 95, 88, 70, 91, 69, 79, 80, 72, 68, 60, 59, 73, 66, 65, 62, 57, 52, 51, 46, 49, 45, 56, 38, 23, 39, 34, 33, 21, 37, 20, 19, 5, 22, 4, 3]","[3, 4, 22, 5, 19, 20, 37, 21, 33, 34, 39, 23, 38, 56, 45, 49, 46, 51, 52, 57, 62, 65, 66, 73, 59, 60, 68, 72, 80, 79, 69, 91, 70, 88, 95, 103, 81, 82, 87, 84, 24, 44, 100, 83, 96, 98, 89, 11, 97, 30, 0, 2, 1, 6, 50, 106, 90, 92, 75, 107, 119, 55, 77, 64, 63, 76, 101, 114, 120, 9, 111, 94, 108]",False,complete,73,73,1646,0,706,0,706,862,156,0,0,lowest_first,True,2,106,21,106,23,23,21,23
1,200491,40,78,71,"[7, 8, 10, 12, 13, 14, 15, 16, 17, 18, 25, 26, 27, 28, 29, 31, 32, 35, 36, 40, 41, 42, 43, 47, 48, 53, 54, 58, 61, 67, 71, 74, 78, 85, 86, 93, 94, 99, 102, 104, 105, 108, 109, 110, 112, 115, 116, 117, 118, 121, 122, 123, 124, 125, 126, 127, 128, 129, 130, 131, 132, 133, 134, 135, 136, 137, 138, 139, 140, 141, 142, 143, 144, 145, 146, 147, 148, 149]","[0, 1, 2, 3, 4, 5, 6, 9, 11, 19, 20, 21, 22, 23, 24, 30, 33, 34, 37, 38, 39, 44, 45, 46, 49, 50, 51, 52, 55, 56, 57, 59, 60, 62, 63, 64, 65, 66, 68, 69, 70, 72, 73, 75, 76, 77, 79, 80, 81, 82, 83, 84, 87, 88, 89, 90, 91, 92, 95, 96, 97, 98, 100, 101, 103, 106, 107, 111, 114, 119, 120]","{""support_1"": 111, ""support_2"": 106}","[106, 111]",2,"[17, 122, 18, 32, 137, 138, 139, 140, 13, 14, 116, 118, 136, 112, 36, 135, 26, 28, 99, 105, 148, 115, 144, 149, 145, 147, 146, 12, 58, 71, 134, 109, 67, 61, 78, 10, 48, 133, 130, 93, 85, 129, 74, 42, 40, 7, 131, 132, 54, 143, 128, 31, 127, 47, 35, 126, 125, 141, 27, 104, 124, 53, 86, 123, 117, 43, 142, 15, 8, 29, 41, 102, 16, 25, 121, 110, 108, 94, 111, 9, 120, 114, 101, 76, 63, 64, 75, 119, 107, 55, 90, 77, 92, 106, 50, 6, 1, 2, 0, 30, 97, 11, 89, 98, 96, 83, 100, 44, 24, 84, 87, 82, 81, 103, 95, 88, 70, 91, 69, 79, 80, 72, 68, 60, 59, 73, 66, 65, 62, 57, 52, 51, 46, 49, 45, 56, 38, 23, 39, 34, 33, 21, 37, 20, 19, 5, 22, 4, 3]",True,6919745757,6.919745757,"[111, 9, 6, 1, 2, 0, 120, 114, 101, 76, 63, 64, 55, 75, 119, 107, 90, 92, 77, 106, 50, 30, 97, 11, 91, 98, 96, 83, 100, 44, 24, 84, 82, 87, 81, 103, 95, 88, 70, 89, 69, 79, 80, 72, 68, 60, 59, 73, 66, 65, 62, 57, 52, 51, 46, 49, 45, 56, 38, 23, 39, 34, 33, 21, 37, 20, 19, 5, 22, 4, 3]","[3, 4, 22, 5, 19, 20, 37, 21, 33, 34, 39, 23, 38, 56, 45, 49, 46, 51, 52, 57, 62, 65, 66, 73, 59, 60, 68, 72, 80, 79, 69, 89, 70, 88, 95, 103, 81, 87, 82, 84, 24, 44, 100, 83, 96, 98, 91, 11, 97, 30, 50, 106, 77, 92, 90, 107, 119, 75, 55, 64, 63, 76, 101, 114, 120, 0, 2, 1, 6, 9, 111]",False,complete,71,71,1559,0,679,0,679,842,163,0,0,lowest_first,True,2,102,21,102,22,22,21,23
1,200492,41,80,69,"[7, 8, 9, 10, 12, 13, 14, 15, 16, 17, 18, 25, 26, 27, 28, 29, 31, 32, 35, 36, 40, 41, 42, 43, 47, 48, 53, 54, 58, 61, 67, 71, 74, 78, 85, 86, 93, 94, 99, 102, 104, 105, 108, 109, 110, 111, 112, 115, 116, 117, 118, 121, 122, 123, 124, 125, 126, 127, 128, 129, 130, 131, 132, 133, 134, 135, 136, 137, 138, 139, 140, 141, 142, 143, 144, 145, 146, 147, 148, 149]","[0, 1, 2, 3, 4, 5, 6, 11, 19, 20, 21, 22, 23, 24, 30, 33, 34, 37, 38, 39, 44, 45, 46, 49, 50, 51, 52, 55, 56, 57, 59, 60, 62, 63, 64, 65, 66, 68, 69, 70, 72, 73, 75, 76, 77, 79, 80, 81, 82, 83, 84, 87, 88, 89, 90, 91, 92, 95, 96, 97, 98, 100, 101, 103, 106, 107, 114, 119, 120]","{""support_2"": 106}",[106],1,"[17, 122, 18, 32, 137, 138, 139, 140, 13, 14, 116, 118, 136, 112, 36, 135, 26, 28, 99, 105, 148, 115, 144, 149, 145, 147, 146, 12, 58, 71, 134, 109, 67, 61, 78, 10, 48, 133, 130, 93, 85, 129, 74, 42, 40, 7, 131, 132, 54, 143, 128, 31, 127, 47, 35, 126, 125, 141, 27, 104, 124, 53, 86, 123, 117, 43, 142, 15, 8, 29, 41, 102, 16, 25, 121, 110, 108, 94, 111, 9, 120, 114, 101, 76, 63, 64, 75, 119, 107, 55, 90, 77, 92, 106, 50, 6, 1, 2, 0, 30, 97, 11, 89, 98, 96, 83, 100, 44, 24, 84, 87, 82, 81, 103, 95, 88, 70, 91, 69, 79, 80, 72, 68, 60, 59, 73, 66, 65, 62, 57, 52, 51, 46, 49, 45, 56, 38, 23, 39, 34, 33, 21, 37, 20, 19, 5, 22, 4, 3]",True,6609997820,6.609997820,"[120, 114, 101, 76, 63, 64, 75, 55, 92, 77, 119, 107, 90, 106, 50, 6, 1, 2, 0, 30, 97, 11, 91, 98, 96, 83, 100, 44, 24, 84, 87, 82, 81, 103, 95, 88, 70, 89, 69, 79, 80, 72, 68, 60, 59, 73, 66, 65, 62, 57, 52, 51, 46, 49, 45, 56, 38, 23, 39, 34, 33, 21, 37, 20, 19, 5, 22, 4, 3]","[3, 4, 22, 5, 19, 20, 37, 21, 33, 34, 39, 23, 38, 56, 45, 49, 46, 51, 52, 57, 62, 65, 66, 73, 59, 60, 68, 72, 80, 79, 69, 89, 70, 88, 95, 103, 81, 82, 87, 84, 24, 44, 100, 83, 96, 98, 91, 11, 97, 30, 0, 2, 1, 6, 50, 106, 90, 107, 119, 77, 92, 55, 75, 64, 63, 76, 101, 114, 120]",False,complete,69,69,1504,0,654,0,654,810,156,0,0,lowest_first,True,2,99,20,99,21,21,20,21
1,200493,42,82,67,"[7, 8, 9, 10, 12, 13, 14, 15, 16, 17, 18, 25, 26, 27, 28, 29, 31, 32, 35, 36, 40, 41, 42, 43, 47, 48, 53, 54, 58, 61, 67, 71, 74, 78, 85, 86, 93, 94, 99, 102, 104, 105, 108, 109, 110, 111, 112, 114, 115, 116, 117, 118, 120, 121, 122, 123, 124, 125, 126, 127, 128, 129, 130, 131, 132, 133, 134, 135, 136, 137, 138, 139, 140, 141, 142, 143, 144, 145, 146, 147, 148, 149]","[0, 1, 2, 3, 4, 5, 6, 11, 19, 20, 21, 22, 23, 24, 30, 33, 34, 37, 38, 39, 44, 45, 46, 49, 50, 51, 52, 55, 56, 57, 59, 60, 62, 63, 64, 65, 66, 68, 69, 70, 72, 73, 75, 76, 77, 79, 80, 81, 82, 83, 84, 87, 88, 89, 90, 91, 92, 95, 96, 97, 98, 100, 101, 103, 106, 107, 119]","{""support_2"": 106}",[106],1,"[17, 122, 18, 32, 137, 138, 139, 140, 13, 14, 116, 118, 136, 112, 36, 135, 26, 28, 99, 105, 148, 115, 144, 149, 145, 147, 146, 12, 58, 71, 134, 109, 67, 61, 78, 10, 48, 133, 130, 93, 85, 129, 74, 42, 40, 7, 131, 132, 54, 143, 128, 31, 127, 47, 35, 126, 125, 141, 27, 104, 124, 53, 86, 123, 117, 43, 142, 15, 8, 29, 41, 102, 16, 25, 121, 110, 108, 94, 111, 9, 120, 114, 101, 76, 63, 64, 75, 119, 107, 55, 90, 77, 92, 106, 50, 6, 1, 2, 0, 30, 97, 11, 89, 98, 96, 83, 100, 44, 24, 84, 87, 82, 81, 103, 95, 88, 70, 91, 69, 79, 80, 72, 68, 60, 59, 73, 66, 65, 62, 57, 52, 51, 46, 49, 45, 56, 38, 23, 39, 34, 33, 21, 37, 20, 19, 5, 22, 4, 3]",True,5995998387,5.995998387,"[101, 76, 63, 64, 119, 107, 77, 92, 90, 75, 55, 106, 50, 6, 1, 2, 0, 30, 97, 11, 91, 98, 96, 83, 100, 44, 24, 84, 87, 82, 81, 103, 95, 88, 70, 89, 69, 79, 80, 72, 68, 60, 59, 73, 66, 65, 62, 57, 52, 51, 46, 49, 45, 56, 38, 23, 39, 34, 33, 21, 37, 20, 19, 5, 22, 4, 3]","[3, 4, 22, 5, 19, 20, 37, 21, 33, 34, 39, 23, 38, 56, 45, 49, 46, 51, 52, 57, 62, 65, 66, 73, 59, 60, 68, 72, 80, 79, 69, 89, 70, 88, 95, 103, 81, 82, 87, 84, 24, 44, 100, 83, 96, 98, 91, 11, 97, 30, 0, 2, 1, 6, 50, 106, 55, 75, 90, 92, 77, 107, 119, 64, 63, 76, 101]",False,complete,67,67,1417,0,614,0,614,727,113,0,0,lowest_first,True,2,96,19,96,20,20,19,20
1,200494,43,84,65,"[7, 8, 9, 10, 12, 13, 14, 15, 16, 17, 18, 25, 26, 27, 28, 29, 31, 32, 35, 36, 40, 41, 42, 43, 47, 48, 53, 54, 58, 61, 67, 71, 74, 76, 78, 85, 86, 93, 94, 99, 101, 102, 104, 105, 108, 109, 110, 111, 112, 114, 115, 116, 117, 118, 120, 121, 122, 123, 124, 125, 126, 127, 128, 129, 130, 131, 132, 133, 134, 135, 136, 137, 138, 139, 140, 141, 142, 143, 144, 145, 146, 147, 148, 149]","[0, 1, 2, 3, 4, 5, 6, 11, 19, 20, 21, 22, 23, 24, 30, 33, 34, 37, 38, 39, 44, 45, 46, 49, 50, 51, 52, 55, 56, 57, 59, 60, 62, 63, 64, 65, 66, 68, 69, 70, 72, 73, 75, 77, 79, 80, 81, 82, 83, 84, 87, 88, 89, 90, 91, 92, 95, 96, 97, 98, 100, 103, 106, 107, 119]","{""support_2"": 106}",[106],1,"[17, 122, 18, 32, 137, 138, 139, 140, 13, 14, 116, 118, 136, 112, 36, 135, 26, 28, 99, 105, 148, 115, 144, 149, 145, 147, 146, 12, 58, 71, 134, 109, 67, 61, 78, 10, 48, 133, 130, 93, 85, 129, 74, 42, 40, 7, 131, 132, 54, 143, 128, 31, 127, 47, 35, 126, 125, 141, 27, 104, 124, 53, 86, 123, 117, 43, 142, 15, 8, 29, 41, 102, 16, 25, 121, 110, 108, 94, 111, 9, 120, 114, 101, 76, 63, 64, 75, 119, 107, 55, 90, 77, 92, 106, 50, 6, 1, 2, 0, 30, 97, 11, 89, 98, 96, 83, 100, 44, 24, 84, 87, 82, 81, 103, 95, 88, 70, 91, 69, 79, 80, 72, 68, 60, 59, 73, 66, 65, 62, 57, 52, 51, 46, 49, 45, 56, 38, 23, 39, 34, 33, 21, 37, 20, 19, 5, 22, 4, 3]",True,5827015688,5.827015688,"[63, 64, 119, 107, 75, 55, 92, 90, 77, 106, 50, 6, 1, 2, 0, 30, 97, 11, 91, 98, 96, 83, 100, 44, 24, 84, 87, 82, 81, 103, 95, 88, 70, 89, 69, 79, 80, 72, 68, 60, 59, 73, 66, 65, 62, 57, 52, 51, 46, 49, 45, 56, 38, 23, 39, 34, 33, 21, 37, 20, 19, 5, 22, 4, 3]","[3, 4, 22, 5, 19, 20, 37, 21, 33, 34, 39, 23, 38, 56, 45, 49, 46, 51, 52, 57, 62, 65, 66, 73, 59, 60, 68, 72, 80, 79, 69, 89, 70, 88, 95, 103, 81, 82, 87, 84, 24, 44, 100, 83, 96, 98, 91, 11, 97, 30, 0, 2, 1, 6, 50, 106, 77, 90, 92, 55, 75, 107, 119, 64, 63]",False,complete,65,65,1319,0,608,0,608,721,113,0,0,lowest_first,True,2,94,19,94,20,20,19,20
1,200495,44,86,63,"[7, 8, 9, 10, 12, 13, 14, 15, 16, 17, 18, 25, 26, 27, 28, 29, 31, 32, 35, 36, 40, 41, 42, 43, 47, 48, 53, 54, 58, 61, 63, 64, 67, 71, 74, 76, 78, 85, 86, 93, 94, 99, 101, 102, 104, 105, 108, 109, 110, 111, 112, 114, 115, 116, 117, 118, 120, 121, 122, 123, 124, 125, 126, 127, 128, 129, 130, 131, 132, 133, 134, 135, 136, 137, 138, 139, 140, 141, 142, 143, 144, 145, 146, 147, 148, 149]","[0, 1, 2, 3, 4, 5, 6, 11, 19, 20, 21, 22, 23, 24, 30, 33, 34, 37, 38, 39, 44, 45, 46, 49, 50, 51, 52, 55, 56, 57, 59, 60, 62, 65, 66, 68, 69, 70, 72, 73, 75, 77, 79, 80, 81, 82, 83, 84, 87, 88, 89, 90, 91, 92, 95, 96, 97, 98, 100, 103, 106, 107, 119]","{""support_2"": 106}",[106],1,"[17, 122, 18, 32, 137, 138, 139, 140, 13, 14, 116, 118, 136, 112, 36, 135, 26, 28, 99, 105, 148, 115, 144, 149, 145, 147, 146, 12, 58, 71, 134, 109, 67, 61, 78, 10, 48, 133, 130, 93, 85, 129, 74, 42, 40, 7, 131, 132, 54, 143, 128, 31, 127, 47, 35, 126, 125, 141, 27, 104, 124, 53, 86, 123, 117, 43, 142, 15, 8, 29, 41, 102, 16, 25, 121, 110, 108, 94, 111, 9, 120, 114, 101, 76, 63, 64, 75, 119, 107, 55, 90, 77, 92, 106, 50, 6, 1, 2, 0, 30, 97, 11, 89, 98, 96, 83, 100, 44, 24, 84, 87, 82, 81, 103, 95, 88, 70, 91, 69, 79, 80, 72, 68, 60, 59, 73, 66, 65, 62, 57, 52, 51, 46, 49, 45, 56, 38, 23, 39, 34, 33, 21, 37, 20, 19, 5, 22, 4, 3]",True,5620637595,5.620637595,"[55, 77, 92, 90, 119, 107, 75, 106, 50, 6, 1, 2, 0, 30, 97, 11, 89, 98, 96, 83, 100, 44, 24, 84, 82, 87, 81, 103, 95, 88, 70, 91, 69, 79, 80, 72, 68, 60, 59, 73, 66, 65, 62, 57, 52, 51, 46, 49, 45, 56, 38, 23, 39, 34, 33, 21, 37, 20, 19, 5, 22, 4, 3]","[3, 4, 22, 5, 19, 20, 37, 21, 33, 34, 39, 23, 38, 56, 45, 49, 46, 51, 52, 57, 62, 65, 66, 73, 59, 60, 68, 72, 80, 79, 69, 91, 70, 88, 95, 103, 81, 87, 82, 84, 24, 44, 100, 83, 96, 98, 89, 11, 97, 30, 0, 2, 1, 6, 50, 106, 75, 107, 119, 90, 92, 77, 55]",False,complete,63,63,1229,0,588,0,588,701,113,0,0,lowest_first,True,2,92,19,92,20,20,19,20
1,200496,45,88,61,"[7, 8, 9, 10, 12, 13, 14, 15, 16, 17, 18, 25, 26, 27, 28, 29, 31, 32, 35, 36, 40, 41, 42, 43, 47, 48, 53, 54, 58, 61, 63, 64, 67, 71, 74, 75, 76, 78, 85, 86, 93, 94, 99, 101, 102, 104, 105, 108, 109, 110, 111, 112, 114, 115, 116, 117, 118, 119, 120, 121, 122, 123, 124, 125, 126, 127, 128, 129, 130, 131, 132, 133, 134, 135, 136, 137, 138, 139, 140, 141, 142, 143, 144, 145, 146, 147, 148, 149]","[0, 1, 2, 3, 4, 5, 6, 11, 19, 20, 21, 22, 23, 24, 30, 33, 34, 37, 38, 39, 44, 45, 46, 49, 50, 51, 52, 55, 56, 57, 59, 60, 62, 65, 66, 68, 69, 70, 72, 73, 77, 79, 80, 81, 82, 83, 84, 87, 88, 89, 90, 91, 92, 95, 96, 97, 98, 100, 103, 106, 107]","{""support_2"": 106}",[106],1,"[17, 122, 18, 32, 137, 138, 139, 140, 13, 14, 116, 118, 136, 112, 36, 135, 26, 28, 99, 105, 148, 115, 144, 149, 145, 147, 146, 12, 58, 71, 134, 109, 67, 61, 78, 10, 48, 133, 130, 93, 85, 129, 74, 42, 40, 7, 131, 132, 54, 143, 128, 31, 127, 47, 35, 126, 125, 141, 27, 104, 124, 53, 86, 123, 117, 43, 142, 15, 8, 29, 41, 102, 16, 25, 121, 110, 108, 94, 111, 9, 120, 114, 101, 76, 63, 64, 75, 119, 107, 55, 90, 77, 92, 106, 50, 6, 1, 2, 0, 30, 97, 11, 89, 98, 96, 83, 100, 44, 24, 84, 87, 82, 81, 103, 95, 88, 70, 91, 69, 79, 80, 72, 68, 60, 59, 73, 66, 65, 62, 57, 52, 51, 46, 49, 45, 56, 38, 23, 39, 34, 33, 21, 37, 20, 19, 5, 22, 4, 3]",True,4745627974,4.745627974,"[107, 92, 90, 77, 55, 106, 50, 6, 1, 2, 0, 30, 97, 11, 91, 98, 96, 83, 100, 44, 24, 84, 82, 87, 81, 103, 95, 88, 70, 89, 69, 79, 80, 72, 68, 60, 59, 73, 66, 65, 62, 57, 52, 51, 46, 49, 45, 56, 38, 23, 39, 34, 33, 21, 37, 20, 19, 5, 22, 4, 3]","[3, 4, 22, 5, 19, 20, 37, 21, 33, 34, 39, 23, 38, 56, 45, 49, 46, 51, 52, 57, 62, 65, 66, 73, 59, 60, 68, 72, 80, 79, 69, 89, 70, 88, 95, 103, 81, 87, 82, 84, 24, 44, 100, 83, 96, 98, 91, 11, 97, 30, 0, 2, 1, 6, 50, 106, 55, 77, 90, 92, 107]",False,complete,61,61,1143,0,533,0,533,646,113,0,0,lowest_first,True,2,90,19,90,20,20,19,20
1,200497,46,90,59,"[7, 8, 9, 10, 12, 13, 14, 15, 16, 17, 18, 25, 26, 27, 28, 29, 31, 32, 35, 36, 40, 41, 42, 43, 47, 48, 53, 54, 55, 58, 61, 63, 64, 67, 71, 74, 75, 76, 78, 85, 86, 93, 94, 99, 101, 102, 104, 105, 107, 108, 109, 110, 111, 112, 114, 115, 116, 117, 118, 119, 120, 121, 122, 123, 124, 125, 126, 127, 128, 129, 130, 131, 132, 133, 134, 135, 136, 137, 138, 139, 140, 141, 142, 143, 144, 145, 146, 147, 148, 149]","[0, 1, 2, 3, 4, 5, 6, 11, 19, 20, 21, 22, 23, 24, 30, 33, 34, 37, 38, 39, 44, 45, 46, 49, 50, 51, 52, 56, 57, 59, 60, 62, 65, 66, 68, 69, 70, 72, 73, 77, 79, 80, 81, 82, 83, 84, 87, 88, 89, 90, 91, 92, 95, 96, 97, 98, 100, 103, 106]","{""support_2"": 106}",[106],1,"[17, 122, 18, 32, 137, 138, 139, 140, 13, 14, 116, 118, 136, 112, 36, 135, 26, 28, 99, 105, 148, 115, 144, 149, 145, 147, 146, 12, 58, 71, 134, 109, 67, 61, 78, 10, 48, 133, 130, 93, 85, 129, 74, 42, 40, 7, 131, 132, 54, 143, 128, 31, 127, 47, 35, 126, 125, 141, 27, 104, 124, 53, 86, 123, 117, 43, 142, 15, 8, 29, 41, 102, 16, 25, 121, 110, 108, 94, 111, 9, 120, 114, 101, 76, 63, 64, 75, 119, 107, 55, 90, 77, 92, 106, 50, 6, 1, 2, 0, 30, 97, 11, 89, 98, 96, 83, 100, 44, 24, 84, 87, 82, 81, 103, 95, 88, 70, 91, 69, 79, 80, 72, 68, 60, 59, 73, 66, 65, 62, 57, 52, 51, 46, 49, 45, 56, 38, 23, 39, 34, 33, 21, 37, 20, 19, 5, 22, 4, 3]",True,4442784399,4.442784399,"[92, 77, 90, 106, 50, 6, 1, 2, 0, 30, 97, 11, 91, 98, 96, 83, 100, 44, 24, 84, 82, 87, 81, 103, 95, 88, 70, 89, 69, 79, 80, 72, 68, 60, 59, 73, 66, 65, 62, 57, 52, 51, 46, 49, 45, 56, 38, 23, 39, 34, 33, 21, 37, 20, 19, 5, 22, 4, 3]","[3, 4, 22, 5, 19, 20, 37, 21, 33, 34, 39, 23, 38, 56, 45, 49, 46, 51, 52, 57, 62, 65, 66, 73, 59, 60, 68, 72, 80, 79, 69, 89, 70, 88, 95, 103, 81, 87, 82, 84, 24, 44, 100, 83, 96, 98, 91, 11, 97, 30, 0, 2, 1, 6, 50, 106, 90, 77, 92]",False,complete,59,59,1054,0,508,0,508,621,113,0,0,lowest_first,True,2,88,19,88,20,20,19,20
1,200498,47,92,57,"[7, 8, 9, 10, 12, 13, 14, 15, 16, 17, 18, 25, 26, 27, 28, 29, 31, 32, 35, 36, 40, 41, 42, 43, 47, 48, 53, 54, 55, 58, 61, 63, 64, 67, 71, 74, 75, 76, 77, 78, 85, 86, 90, 93, 94, 99, 101, 102, 104, 105, 107, 108, 109, 110, 111, 112, 114, 115, 116, 117, 118, 119, 120, 121, 122, 123, 124, 125, 126, 127, 128, 129, 130, 131, 132, 133, 134, 135, 136, 137, 138, 139, 140, 141, 142, 143, 144, 145, 146, 147, 148, 149]","[0, 1, 2, 3, 4, 5, 6, 11, 19, 20, 21, 22, 23, 24, 30, 33, 34, 37, 38, 39, 44, 45, 46, 49, 50, 51, 52, 56, 57, 59, 60, 62, 65, 66, 68, 69, 70, 72, 73, 79, 80, 81, 82, 83, 84, 87, 88, 89, 91, 92, 95, 96, 97, 98, 100, 103, 106]","{""support_2"": 106}",[106],1,"[17, 122, 18, 32, 137, 138, 139, 140, 13, 14, 116, 118, 136, 112, 36, 135, 26, 28, 99, 105, 148, 115, 144, 149, 145, 147, 146, 12, 58, 71, 134, 109, 67, 61, 78, 10, 48, 133, 130, 93, 85, 129, 74, 42, 40, 7, 131, 132, 54, 143, 128, 31, 127, 47, 35, 126, 125, 141, 27, 104, 124, 53, 86, 123, 117, 43, 142, 15, 8, 29, 41, 102, 16, 25, 121, 110, 108, 94, 111, 9, 120, 114, 101, 76, 63, 64, 75, 119, 107, 55, 90, 77, 92, 106, 50, 6, 1, 2, 0, 30, 97, 11, 89, 98, 96, 83, 100, 44, 24, 84, 87, 82, 81, 103, 95, 88, 70, 91, 69, 79, 80, 72, 68, 60, 59, 73, 66, 65, 62, 57, 52, 51, 46, 49, 45, 56, 38, 23, 39, 34, 33, 21, 37, 20, 19, 5, 22, 4, 3]",True,3764386277,3.764386277,"[92, 106, 50, 6, 1, 2, 0, 30, 97, 11, 89, 98, 96, 83, 100, 44, 24, 84, 82, 87, 81, 103, 95, 88, 70, 91, 69, 79, 80, 72, 68, 60, 59, 73, 66, 65, 62, 57, 52, 51, 46, 49, 45, 56, 38, 23, 39, 34, 33, 21, 37, 20, 19, 5, 22, 4, 3]","[3, 4, 22, 5, 19, 20, 37, 21, 33, 34, 39, 23, 38, 56, 45, 49, 46, 51, 52, 57, 62, 65, 66, 73, 59, 60, 68, 72, 80, 79, 69, 91, 70, 88, 95, 103, 81, 87, 82, 84, 24, 44, 100, 83, 96, 98, 89, 11, 97, 30, 0, 2, 1, 6, 50, 106, 92]",False,complete,57,57,970,0,455,0,455,568,113,0,0,lowest_first,True,2,86,19,86,20,20,19,20
1,200499,48,94,55,"[7, 8, 9, 10, 12, 13, 14, 15, 16, 17, 18, 25, 26, 27, 28, 29, 31, 32, 35, 36, 40, 41, 42, 43, 47, 48, 53, 54, 55, 58, 61, 63, 64, 67, 71, 74, 75, 76, 77, 78, 85, 86, 90, 92, 93, 94, 99, 101, 102, 104, 105, 106, 107, 108, 109, 110, 111, 112, 114, 115, 116, 117, 118, 119, 120, 121, 122, 123, 124, 125, 126, 127, 128, 129, 130, 131, 132, 133, 134, 135, 136, 137, 138, 139, 140, 141, 142, 143, 144, 145, 146, 147, 148, 149]","[0, 1, 2, 3, 4, 5, 6, 11, 19, 20, 21, 22, 23, 24, 30, 33, 34, 37, 38, 39, 44, 45, 46, 49, 50, 51, 52, 56, 57, 59, 60, 62, 65, 66, 68, 69, 70, 72, 73, 79, 80, 81, 82, 83, 84, 87, 88, 89, 91, 95, 96, 97, 98, 100, 103]","{""support_1"": 62}",[62],1,"[17, 122, 18, 32, 137, 138, 139, 140, 13, 14, 116, 118, 136, 112, 36, 135, 26, 28, 99, 105, 148, 115, 144, 149, 145, 147, 146, 12, 58, 71, 134, 109, 67, 61, 78, 10, 48, 133, 130, 93, 85, 129, 74, 42, 40, 7, 131, 132, 54, 143, 128, 31, 127, 47, 35, 126, 125, 141, 27, 104, 124, 53, 86, 123, 117, 43, 142, 15, 8, 29, 41, 102, 16, 25, 121, 110, 108, 94, 111, 9, 120, 114, 101, 76, 63, 64, 75, 119, 107, 55, 90, 77, 92, 106, 50, 6, 1, 2, 0, 30, 97, 11, 89, 98, 96, 83, 100, 44, 24, 84, 87, 82, 81, 103, 95, 88, 70, 91, 69, 79, 80, 72, 68, 60, 59, 73, 66, 65, 62, 57, 52, 51, 46, 49, 45, 56, 38, 23, 39, 34, 33, 21, 37, 20, 19, 5, 22, 4, 3]",True,3145679032,3.145679032,"[50, 6, 1, 2, 0, 30, 97, 11, 89, 98, 96, 83, 100, 44, 24, 84, 87, 82, 81, 103, 95, 88, 70, 91, 69, 79, 80, 72, 68, 60, 59, 73, 66, 65, 62, 57, 52, 51, 46, 49, 45, 56, 38, 23, 39, 34, 33, 21, 37, 20, 19, 5, 22, 4, 3]","[3, 4, 22, 5, 19, 20, 37, 21, 33, 34, 39, 23, 38, 56, 45, 49, 46, 51, 52, 57, 62, 65, 66, 73, 59, 60, 68, 72, 80, 79, 69, 91, 70, 88, 95, 103, 81, 82, 87, 84, 24, 44, 100, 83, 96, 98, 89, 11, 97, 30, 0, 2, 1, 6, 50]",True,complete,55,55,887,0,400,0,400,512,112,0,0,lowest_first,True,2,84,18,84,19,19,18,19
1,200500,49,96,53,"[6, 7, 8, 9, 10, 12, 13, 14, 15, 16, 17, 18, 25, 26, 27, 28, 29, 31, 32, 35, 36, 40, 41, 42, 43, 47, 48, 50, 53, 54, 55, 58, 61, 63, 64, 67, 71, 74, 75, 76, 77, 78, 85, 86, 90, 92, 93, 94, 99, 101, 102, 104, 105, 106, 107, 108, 109, 110, 111, 112, 114, 115, 116, 117, 118, 119, 120, 121, 122, 123, 124, 125, 126, 127, 128, 129, 130, 131, 132, 133, 134, 135, 136, 137, 138, 139, 140, 141, 142, 143, 144, 145, 146, 147, 148, 149]","[0, 1, 2, 3, 4, 5, 11, 19, 20, 21, 22, 23, 24, 30, 33, 34, 37, 38, 39, 44, 45, 46, 49, 51, 52, 56, 57, 59, 60, 62, 65, 66, 68, 69, 70, 72, 73, 79, 80, 81, 82, 83, 84, 87, 88, 89, 91, 95, 96, 97, 98, 100, 103]","{""support_1"": 62, ""support_2"": 2}","[2, 62]",2,"[17, 122, 18, 32, 137, 138, 139, 140, 13, 14, 116, 118, 136, 112, 36, 135, 26, 28, 99, 105, 148, 115, 144, 149, 145, 147, 146, 12, 58, 71, 134, 109, 67, 61, 78, 10, 48, 133, 130, 93, 85, 129, 74, 42, 40, 7, 131, 132, 54, 143, 128, 31, 127, 47, 35, 126, 125, 141, 27, 104, 124, 53, 86, 123, 117, 43, 142, 15, 8, 29, 41, 102, 16, 25, 121, 110, 108, 94, 111, 9, 120, 114, 101, 76, 63, 64, 75, 119, 107, 55, 90, 77, 92, 106, 50, 6, 1, 2, 0, 30, 97, 11, 89, 98, 96, 83, 100, 44, 24, 84, 87, 82, 81, 103, 95, 88, 70, 91, 69, 79, 80, 72, 68, 60, 59, 73, 66, 65, 62, 57, 52, 51, 46, 49, 45, 56, 38, 23, 39, 34, 33, 21, 37, 20, 19, 5, 22, 4, 3]",True,2610673014,2.610673014,"[1, 2, 0, 30, 97, 11, 91, 98, 96, 83, 100, 44, 24, 84, 82, 87, 81, 103, 95, 88, 70, 89, 69, 79, 80, 72, 68, 60, 59, 73, 66, 65, 62, 57, 52, 51, 46, 49, 45, 56, 38, 23, 39, 34, 33, 21, 37, 20, 19, 5, 22, 4, 3]","[3, 4, 22, 5, 19, 20, 37, 21, 33, 34, 39, 23, 38, 56, 45, 49, 46, 51, 52, 57, 62, 65, 66, 73, 59, 60, 68, 72, 80, 79, 69, 89, 70, 88, 95, 103, 81, 87, 82, 84, 24, 44, 100, 83, 96, 98, 91, 11, 97, 30, 0, 2, 1]",False,complete,53,53,803,0,354,0,354,429,75,0,0,lowest_first,True,2,81,17,81,19,19,17,19
1,200501,50,98,51,"[1, 2, 6, 7, 8, 9, 10, 12, 13, 14, 15, 16, 17, 18, 25, 26, 27, 28, 29, 31, 32, 35, 36, 40, 41, 42, 43, 47, 48, 50, 53, 54, 55, 58, 61, 63, 64, 67, 71, 74, 75, 76, 77, 78, 85, 86, 90, 92, 93, 94, 99, 101, 102, 104, 105, 106, 107, 108, 109, 110, 111, 112, 114, 115, 116, 117, 118, 119, 120, 121, 122, 123, 124, 125, 126, 127, 128, 129, 130, 131, 132, 133, 134, 135, 136, 137, 138, 139, 140, 141, 142, 143, 144, 145, 146, 147, 148, 149]","[0, 3, 4, 5, 11, 19, 20, 21, 22, 23, 24, 30, 33, 34, 37, 38, 39, 44, 45, 46, 49, 51, 52, 56, 57, 59, 60, 62, 65, 66, 68, 69, 70, 72, 73, 79, 80, 81, 82, 83, 84, 87, 88, 89, 91, 95, 96, 97, 98, 100, 103]","{""support_1"": 62}",[62],1,"[17, 122, 18, 32, 137, 138, 139, 140, 13, 14, 116, 118, 136, 112, 36, 135, 26, 28, 99, 105, 148, 115, 144, 149, 145, 147, 146, 12, 58, 71, 134, 109, 67, 61, 78, 10, 48, 133, 130, 93, 85, 129, 74, 42, 40, 7, 131, 132, 54, 143, 128, 31, 127, 47, 35, 126, 125, 141, 27, 104, 124, 53, 86, 123, 117, 43, 142, 15, 8, 29, 41, 102, 16, 25, 121, 110, 108, 94, 111, 9, 120, 114, 101, 76, 63, 64, 75, 119, 107, 55, 90, 77, 92, 106, 50, 6, 1, 2, 0, 30, 97, 11, 89, 98, 96, 83, 100, 44, 24, 84, 87, 82, 81, 103, 95, 88, 70, 91, 69, 79, 80, 72, 68, 60, 59, 73, 66, 65, 62, 57, 52, 51, 46, 49, 45, 56, 38, 23, 39, 34, 33, 21, 37, 20, 19, 5, 22, 4, 3]",True,2480823767,2.480823767,"[0, 30, 97, 11, 89, 98, 96, 83, 100, 44, 24, 84, 82, 87, 81, 103, 95, 88, 70, 91, 69, 79, 80, 72, 68, 60, 59, 73, 66, 65, 62, 57, 52, 51, 46, 49, 45, 56, 38, 23, 39, 34, 33, 21, 37, 20, 19, 5, 22, 4, 3]","[3, 4, 22, 5, 19, 20, 37, 21, 33, 34, 39, 23, 38, 56, 45, 49, 46, 51, 52, 57, 62, 65, 66, 73, 59, 60, 68, 72, 80, 79, 69, 91, 70, 88, 95, 103, 81, 87, 82, 84, 24, 44, 100, 83, 96, 98, 89, 11, 97, 30, 0]",False,complete,51,51,748,0,352,0,352,427,75,0,0,lowest_first,True,2,78,17,78,18,18,17,18
1,200502,51,100,49,"[0, 1, 2, 6, 7, 8, 9, 10, 12, 13, 14, 15, 16, 17, 18, 25, 26, 27, 28, 29, 30, 31, 32, 35, 36, 40, 41, 42, 43, 47, 48, 50, 53, 54, 55, 58, 61, 63, 64, 67, 71, 74, 75, 76, 77, 78, 85, 86, 90, 92, 93, 94, 99, 101, 102, 104, 105, 106, 107, 108, 109, 110, 111, 112, 114, 115, 116, 117, 118, 119, 120, 121, 122, 123, 124, 125, 126, 127, 128, 129, 130, 131, 132, 133, 134, 135, 136, 137, 138, 139, 140, 141, 142, 143, 144, 145, 146, 147, 148, 149]","[3, 4, 5, 11, 19, 20, 21, 22, 23, 24, 33, 34, 37, 38, 39, 44, 45, 46, 49, 51, 52, 56, 57, 59, 60, 62, 65, 66, 68, 69, 70, 72, 73, 79, 80, 81, 82, 83, 84, 87, 88, 89, 91, 95, 96, 97, 98, 100, 103]","{""support_1"": 62, ""support_2"": 98}","[62, 98]",2,"[17, 122, 18, 32, 137, 138, 139, 140, 13, 14, 116, 118, 136, 112, 36, 135, 26, 28, 99, 105, 148, 115, 144, 149, 145, 147, 146, 12, 58, 71, 134, 109, 67, 61, 78, 10, 48, 133, 130, 93, 85, 129, 74, 42, 40, 7, 131, 132, 54, 143, 128, 31, 127, 47, 35, 126, 125, 141, 27, 104, 124, 53, 86, 123, 117, 43, 142, 15, 8, 29, 41, 102, 16, 25, 121, 110, 108, 94, 111, 9, 120, 114, 101, 76, 63, 64, 75, 119, 107, 55, 90, 77, 92, 106, 50, 6, 1, 2, 0, 30, 97, 11, 89, 98, 96, 83, 100, 44, 24, 84, 87, 82, 81, 103, 95, 88, 70, 91, 69, 79, 80, 72, 68, 60, 59, 73, 66, 65, 62, 57, 52, 51, 46, 49, 45, 56, 38, 23, 39, 34, 33, 21, 37, 20, 19, 5, 22, 4, 3]",True,2178742710,2.178742710,"[97, 11, 91, 98, 96, 83, 100, 44, 24, 84, 87, 82, 81, 103, 95, 88, 70, 89, 69, 79, 80, 72, 68, 60, 59, 73, 66, 65, 62, 57, 52, 51, 46, 49, 45, 56, 38, 23, 39, 34, 33, 21, 37, 20, 19, 5, 22, 4, 3]","[3, 4, 22, 5, 19, 20, 37, 21, 33, 34, 39, 23, 38, 56, 45, 49, 46, 51, 52, 57, 62, 65, 66, 73, 59, 60, 68, 72, 80, 79, 69, 89, 70, 88, 95, 103, 81, 82, 87, 84, 24, 44, 100, 83, 96, 98, 91, 11, 97]",False,complete,49,49,669,0,322,0,322,360,38,0,0,lowest_first,True,2,75,16,75,18,18,16,18
1,200503,52,102,47,"[0, 1, 2, 6, 7, 8, 9, 10, 11, 12, 13, 14, 15, 16, 17, 18, 25, 26, 27, 28, 29, 30, 31, 32, 35, 36, 40, 41, 42, 43, 47, 48, 50, 53, 54, 55, 58, 61, 63, 64, 67, 71, 74, 75, 76, 77, 78, 85, 86, 90, 92, 93, 94, 97, 99, 101, 102, 104, 105, 106, 107, 108, 109, 110, 111, 112, 114, 115, 116, 117, 118, 119, 120, 121, 122, 123, 124, 125, 126, 127, 128, 129, 130, 131, 132, 133, 134, 135, 136, 137, 138, 139, 140, 141, 142, 143, 144, 145, 146, 147, 148, 149]","[3, 4, 5, 19, 20, 21, 22, 23, 24, 33, 34, 37, 38, 39, 44, 45, 46, 49, 51, 52, 56, 57, 59, 60, 62, 65, 66, 68, 69, 70, 72, 73, 79, 80, 81, 82, 83, 84, 87, 88, 89, 91, 95, 96, 98, 100, 103]","{""support_1"": 62, ""support_2"": 98}","[62, 98]",2,"[17, 122, 18, 32, 137, 138, 139, 140, 13, 14, 116, 118, 136, 112, 36, 135, 26, 28, 99, 105, 148, 115, 144, 149, 145, 147, 146, 12, 58, 71, 134, 109, 67, 61, 78, 10, 48, 133, 130, 93, 85, 129, 74, 42, 40, 7, 131, 132, 54, 143, 128, 31, 127, 47, 35, 126, 125, 141, 27, 104, 124, 53, 86, 123, 117, 43, 142, 15, 8, 29, 41, 102, 16, 25, 121, 110, 108, 94, 111, 9, 120, 114, 101, 76, 63, 64, 75, 119, 107, 55, 90, 77, 92, 106, 50, 6, 1, 2, 0, 30, 97, 11, 89, 98, 96, 83, 100, 44, 24, 84, 87, 82, 81, 103, 95, 88, 70, 91, 69, 79, 80, 72, 68, 60, 59, 73, 66, 65, 62, 57, 52, 51, 46, 49, 45, 56, 38, 23, 39, 34, 33, 21, 37, 20, 19, 5, 22, 4, 3]",True,2128850936,2.128850936,"[89, 98, 96, 83, 100, 44, 24, 84, 82, 87, 81, 103, 95, 88, 70, 91, 69, 79, 80, 72, 68, 60, 59, 73, 66, 65, 62, 57, 52, 51, 46, 49, 45, 56, 38, 23, 39, 34, 33, 21, 37, 20, 19, 5, 22, 4, 3]","[3, 4, 22, 5, 19, 20, 37, 21, 33, 34, 39, 23, 38, 56, 45, 49, 46, 51, 52, 57, 62, 65, 66, 73, 59, 60, 68, 72, 80, 79, 69, 91, 70, 88, 95, 103, 81, 87, 82, 84, 24, 44, 100, 83, 96, 98, 89]",False,complete,47,47,619,0,316,0,316,354,38,0,0,lowest_first,True,2,71,16,71,18,18,16,18
1,200504,53,104,45,"[0, 1, 2, 6, 7, 8, 9, 10, 11, 12, 13, 14, 15, 16, 17, 18, 25, 26, 27, 28, 29, 30, 31, 32, 35, 36, 40, 41, 42, 43, 47, 48, 50, 53, 54, 55, 58, 61, 63, 64, 67, 71, 74, 75, 76, 77, 78, 85, 86, 89, 90, 92, 93, 94, 97, 98, 99, 101, 102, 104, 105, 106, 107, 108, 109, 110, 111, 112, 114, 115, 116, 117, 118, 119, 120, 121, 122, 123, 124, 125, 126, 127, 128, 129, 130, 131, 132, 133, 134, 135, 136, 137, 138, 139, 140, 141, 142, 143, 144, 145, 146, 147, 148, 149]","[3, 4, 5, 19, 20, 21, 22, 23, 24, 33, 34, 37, 38, 39, 44, 45, 46, 49, 51, 52, 56, 57, 59, 60, 62, 65, 66, 68, 69, 70, 72, 73, 79, 80, 81, 82, 83, 84, 87, 88, 91, 95, 96, 100, 103]","{""support_1"": 62, ""support_2"": 100}","[62, 100]",2,"[17, 122, 18, 32, 137, 138, 139, 140, 13, 14, 116, 118, 136, 112, 36, 135, 26, 28, 99, 105, 148, 115, 144, 149, 145, 147, 146, 12, 58, 71, 134, 109, 67, 61, 78, 10, 48, 133, 130, 93, 85, 129, 74, 42, 40, 7, 131, 132, 54, 143, 128, 31, 127, 47, 35, 126, 125, 141, 27, 104, 124, 53, 86, 123, 117, 43, 142, 15, 8, 29, 41, 102, 16, 25, 121, 110, 108, 94, 111, 9, 120, 114, 101, 76, 63, 64, 75, 119, 107, 55, 90, 77, 92, 106, 50, 6, 1, 2, 0, 30, 97, 11, 89, 98, 96, 83, 100, 44, 24, 84, 87, 82, 81, 103, 95, 88, 70, 91, 69, 79, 80, 72, 68, 60, 59, 73, 66, 65, 62, 57, 52, 51, 46, 49, 45, 56, 38, 23, 39, 34, 33, 21, 37, 20, 19, 5, 22, 4, 3]",True,1843619658,1.843619658,"[96, 83, 100, 44, 24, 84, 82, 87, 81, 103, 95, 88, 70, 91, 69, 79, 80, 72, 68, 60, 59, 73, 66, 65, 62, 57, 52, 51, 46, 49, 45, 56, 38, 23, 39, 34, 33, 21, 37, 20, 19, 5, 22, 4, 3]","[3, 4, 22, 5, 19, 20, 37, 21, 33, 34, 39, 23, 38, 56, 45, 49, 46, 51, 52, 57, 62, 65, 66, 73, 59, 60, 68, 72, 80, 79, 69, 91, 70, 88, 95, 103, 81, 87, 82, 84, 24, 44, 100, 83, 96]",False,complete,45,45,572,0,284,0,284,313,29,0,0,lowest_first,True,2,67,15,67,17,17,15,17
1,200505,54,106,43,"[0, 1, 2, 6, 7, 8, 9, 10, 11, 12, 13, 14, 15, 16, 17, 18, 25, 26, 27, 28, 29, 30, 31, 32, 35, 36, 40, 41, 42, 43, 47, 48, 50, 53, 54, 55, 58, 61, 63, 64, 67, 71, 74, 75, 76, 77, 78, 83, 85, 86, 89, 90, 92, 93, 94, 96, 97, 98, 99, 101, 102, 104, 105, 106, 107, 108, 109, 110, 111, 112, 114, 115, 116, 117, 118, 119, 120, 121, 122, 123, 124, 125, 126, 127, 128, 129, 130, 131, 132, 133, 134, 135, 136, 137, 138, 139, 140, 141, 142, 143, 144, 145, 146, 147, 148, 149]","[3, 4, 5, 19, 20, 21, 22, 23, 24, 33, 34, 37, 38, 39, 44, 45, 46, 49, 51, 52, 56, 57, 59, 60, 62, 65, 66, 68, 69, 70, 72, 73, 79, 80, 81, 82, 84, 87, 88, 91, 95, 100, 103]","{""support_1"": 62, ""support_2"": 100}","[62, 100]",2,"[17, 122, 18, 32, 137, 138, 139, 140, 13, 14, 116, 118, 136, 112, 36, 135, 26, 28, 99, 105, 148, 115, 144, 149, 145, 147, 146, 12, 58, 71, 134, 109, 67, 61, 78, 10, 48, 133, 130, 93, 85, 129, 74, 42, 40, 7, 131, 132, 54, 143, 128, 31, 127, 47, 35, 126, 125, 141, 27, 104, 124, 53, 86, 123, 117, 43, 142, 15, 8, 29, 41, 102, 16, 25, 121, 110, 108, 94, 111, 9, 120, 114, 101, 76, 63, 64, 75, 119, 107, 55, 90, 77, 92, 106, 50, 6, 1, 2, 0, 30, 97, 11, 89, 98, 96, 83, 100, 44, 24, 84, 87, 82, 81, 103, 95, 88, 70, 91, 69, 79, 80, 72, 68, 60, 59, 73, 66, 65, 62, 57, 52, 51, 46, 49, 45, 56, 38, 23, 39, 34, 33, 21, 37, 20, 19, 5, 22, 4, 3]",True,1699654311,1.699654311,"[100, 44, 24, 84, 82, 87, 81, 103, 95, 88, 70, 91, 69, 79, 80, 72, 68, 60, 59, 73, 66, 65, 62, 57, 52, 51, 46, 49, 45, 56, 38, 23, 39, 34, 33, 21, 37, 20, 19, 5, 22, 4, 3]","[3, 4, 22, 5, 19, 20, 37, 21, 33, 34, 39, 23, 38, 56, 45, 49, 46, 51, 52, 57, 62, 65, 66, 73, 59, 60, 68, 72, 80, 79, 69, 91, 70, 88, 95, 103, 81, 87, 82, 84, 24, 44, 100]",False,complete,43,43,527,0,273,0,273,302,29,0,0,lowest_first,True,2,63,15,63,16,16,15,17
1,200506,55,108,41,"[0, 1, 2, 6, 7, 8, 9, 10, 11, 12, 13, 14, 15, 16, 17, 18, 25, 26, 27, 28, 29, 30, 31, 32, 35, 36, 40, 41, 42, 43, 44, 47, 48, 50, 53, 54, 55, 58, 61, 63, 64, 67, 71, 74, 75, 76, 77, 78, 83, 85, 86, 89, 90, 92, 93, 94, 96, 97, 98, 99, 100, 101, 102, 104, 105, 106, 107, 108, 109, 110, 111, 112, 114, 115, 116, 117, 118, 119, 120, 121, 122, 123, 124, 125, 126, 127, 128, 129, 130, 131, 132, 133, 134, 135, 136, 137, 138, 139, 140, 141, 142, 143, 144, 145, 146, 147, 148, 149]","[3, 4, 5, 19, 20, 21, 22, 23, 24, 33, 34, 37, 38, 39, 45, 46, 49, 51, 52, 56, 57, 59, 60, 62, 65, 66, 68, 69, 70, 72, 73, 79, 80, 81, 82, 84, 87, 88, 91, 95, 103]","{""support_1"": 62, ""support_2"": 84}","[62, 84]",2,"[17, 122, 18, 32, 137, 138, 139, 140, 13, 14, 116, 118, 136, 112, 36, 135, 26, 28, 99, 105, 148, 115, 144, 149, 145, 147, 146, 12, 58, 71, 134, 109, 67, 61, 78, 10, 48, 133, 130, 93, 85, 129, 74, 42, 40, 7, 131, 132, 54, 143, 128, 31, 127, 47, 35, 126, 125, 141, 27, 104, 124, 53, 86, 123, 117, 43, 142, 15, 8, 29, 41, 102, 16, 25, 121, 110, 108, 94, 111, 9, 120, 114, 101, 76, 63, 64, 75, 119, 107, 55, 90, 77, 92, 106, 50, 6, 1, 2, 0, 30, 97, 11, 89, 98, 96, 83, 100, 44, 24, 84, 87, 82, 81, 103, 95, 88, 70, 91, 69, 79, 80, 72, 68, 60, 59, 73, 66, 65, 62, 57, 52, 51, 46, 49, 45, 56, 38, 23, 39, 34, 33, 21, 37, 20, 19, 5, 22, 4, 3]",True,1470900447,1.470900447,"[24, 84, 82, 87, 81, 103, 95, 88, 70, 91, 69, 79, 80, 72, 68, 60, 59, 73, 66, 65, 62, 57, 52, 51, 46, 49, 45, 56, 38, 23, 39, 34, 33, 21, 37, 20, 19, 5, 22, 4, 3]","[3, 4, 22, 5, 19, 20, 37, 21, 33, 34, 39, 23, 38, 56, 45, 49, 46, 51, 52, 57, 62, 65, 66, 73, 59, 60, 68, 72, 80, 79, 69, 91, 70, 88, 95, 103, 81, 87, 82, 84, 24]",False,complete,41,41,485,0,241,0,241,269,28,0,0,lowest_first,True,2,59,14,59,16,16,14,16
1,200507,56,110,39,"[0, 1, 2, 6, 7, 8, 9, 10, 11, 12, 13, 14, 15, 16, 17, 18, 24, 25, 26, 27, 28, 29, 30, 31, 32, 35, 36, 40, 41, 42, 43, 44, 47, 48, 50, 53, 54, 55, 58, 61, 63, 64, 67, 71, 74, 75, 76, 77, 78, 83, 84, 85, 86, 89, 90, 92, 93, 94, 96, 97, 98, 99, 100, 101, 102, 104, 105, 106, 107, 108, 109, 110, 111, 112, 114, 115, 116, 117, 118, 119, 120, 121, 122, 123, 124, 125, 126, 127, 128, 129, 130, 131, 132, 133, 134, 135, 136, 137, 138, 139, 140, 141, 142, 143, 144, 145, 146, 147, 148, 149]","[3, 4, 5, 19, 20, 21, 22, 23, 33, 34, 37, 38, 39, 45, 46, 49, 51, 52, 56, 57, 59, 60, 62, 65, 66, 68, 69, 70, 72, 73, 79, 80, 81, 82, 87, 88, 91, 95, 103]","{""support_1"": 62, ""support_2"": 88}","[62, 88]",2,"[17, 122, 18, 32, 137, 138, 139, 140, 13, 14, 116, 118, 136, 112, 36, 135, 26, 28, 99, 105, 148, 115, 144, 149, 145, 147, 146, 12, 58, 71, 134, 109, 67, 61, 78, 10, 48, 133, 130, 93, 85, 129, 74, 42, 40, 7, 131, 132, 54, 143, 128, 31, 127, 47, 35, 126, 125, 141, 27, 104, 124, 53, 86, 123, 117, 43, 142, 15, 8, 29, 41, 102, 16, 25, 121, 110, 108, 94, 111, 9, 120, 114, 101, 76, 63, 64, 75, 119, 107, 55, 90, 77, 92, 106, 50, 6, 1, 2, 0, 30, 97, 11, 89, 98, 96, 83, 100, 44, 24, 84, 87, 82, 81, 103, 95, 88, 70, 91, 69, 79, 80, 72, 68, 60, 59, 73, 66, 65, 62, 57, 52, 51, 46, 49, 45, 56, 38, 23, 39, 34, 33, 21, 37, 20, 19, 5, 22, 4, 3]",True,1271661012,1.271661012,"[87, 82, 81, 103, 95, 88, 70, 91, 69, 79, 80, 72, 68, 60, 59, 73, 66, 65, 62, 57, 52, 51, 46, 49, 45, 56, 38, 23, 39, 34, 33, 21, 37, 20, 19, 5, 22, 4, 3]","[3, 4, 22, 5, 19, 20, 37, 21, 33, 34, 39, 23, 38, 56, 45, 49, 46, 51, 52, 57, 62, 65, 66, 73, 59, 60, 68, 72, 80, 79, 69, 91, 70, 88, 95, 103, 81, 82, 87]",True,complete,39,39,445,0,220,0,220,245,25,0,0,lowest_first,True,2,55,13,55,15,15,13,15
1,200508,57,112,37,"[0, 1, 2, 6, 7, 8, 9, 10, 11, 12, 13, 14, 15, 16, 17, 18, 24, 25, 26, 27, 28, 29, 30, 31, 32, 35, 36, 40, 41, 42, 43, 44, 47, 48, 50, 53, 54, 55, 58, 61, 63, 64, 67, 71, 74, 75, 76, 77, 78, 82, 83, 84, 85, 86, 87, 89, 90, 92, 93, 94, 96, 97, 98, 99, 100, 101, 102, 104, 105, 106, 107, 108, 109, 110, 111, 112, 114, 115, 116, 117, 118, 119, 120, 121, 122, 123, 124, 125, 126, 127, 128, 129, 130, 131, 132, 133, 134, 135, 136, 137, 138, 139, 140, 141, 142, 143, 144, 145, 146, 147, 148, 149]","[3, 4, 5, 19, 20, 21, 22, 23, 33, 34, 37, 38, 39, 45, 46, 49, 51, 52, 56, 57, 59, 60, 62, 65, 66, 68, 69, 70, 72, 73, 79, 80, 81, 88, 91, 95, 103]","{""support_1"": 62, ""support_2"": 88}","[62, 88]",2,"[17, 122, 18, 32, 137, 138, 139, 140, 13, 14, 116, 118, 136, 112, 36, 135, 26, 28, 99, 105, 148, 115, 144, 149, 145, 147, 146, 12, 58, 71, 134, 109, 67, 61, 78, 10, 48, 133, 130, 93, 85, 129, 74, 42, 40, 7, 131, 132, 54, 143, 128, 31, 127, 47, 35, 126, 125, 141, 27, 104, 124, 53, 86, 123, 117, 43, 142, 15, 8, 29, 41, 102, 16, 25, 121, 110, 108, 94, 111, 9, 120, 114, 101, 76, 63, 64, 75, 119, 107, 55, 90, 77, 92, 106, 50, 6, 1, 2, 0, 30, 97, 11, 89, 98, 96, 83, 100, 44, 24, 84, 87, 82, 81, 103, 95, 88, 70, 91, 69, 79, 80, 72, 68, 60, 59, 73, 66, 65, 62, 57, 52, 51, 46, 49, 45, 56, 38, 23, 39, 34, 33, 21, 37, 20, 19, 5, 22, 4, 3]",True,1186055948,1.186055948,"[81, 103, 95, 88, 70, 91, 69, 79, 80, 72, 68, 60, 59, 73, 66, 65, 62, 57, 52, 51, 46, 49, 45, 56, 38, 23, 39, 34, 33, 21, 37, 20, 19, 5, 22, 4, 3]","[3, 4, 22, 5, 19, 20, 37, 21, 33, 34, 39, 23, 38, 56, 45, 49, 46, 51, 52, 57, 62, 65, 66, 73, 59, 60, 68, 72, 80, 79, 69, 91, 70, 88, 95, 103, 81]",True,complete,37,37,408,0,211,0,211,236,25,0,0,lowest_first,True,2,51,13,51,15,15,13,15
1,200509,58,114,35,"[0, 1, 2, 6, 7, 8, 9, 10, 11, 12, 13, 14, 15, 16, 17, 18, 24, 25, 26, 27, 28, 29, 30, 31, 32, 35, 36, 40, 41, 42, 43, 44, 47, 48, 50, 53, 54, 55, 58, 61, 63, 64, 67, 71, 74, 75, 76, 77, 78, 81, 82, 83, 84, 85, 86, 87, 89, 90, 92, 93, 94, 96, 97, 98, 99, 100, 101, 102, 103, 104, 105, 106, 107, 108, 109, 110, 111, 112, 114, 115, 116, 117, 118, 119, 120, 121, 122, 123, 124, 125, 126, 127, 128, 129, 130, 131, 132, 133, 134, 135, 136, 137, 138, 139, 140, 141, 142, 143, 144, 145, 146, 147, 148, 149]","[3, 4, 5, 19, 20, 21, 22, 23, 33, 34, 37, 38, 39, 45, 46, 49, 51, 52, 56, 57, 59, 60, 62, 65, 66, 68, 69, 70, 72, 73, 79, 80, 88, 91, 95]","{""support_1"": 62, ""support_2"": 88}","[62, 88]",2,"[17, 122, 18, 32, 137, 138, 139, 140, 13, 14, 116, 118, 136, 112, 36, 135, 26, 28, 99, 105, 148, 115, 144, 149, 145, 147, 146, 12, 58, 71, 134, 109, 67, 61, 78, 10, 48, 133, 130, 93, 85, 129, 74, 42, 40, 7, 131, 132, 54, 143, 128, 31, 127, 47, 35, 126, 125, 141, 27, 104, 124, 53, 86, 123, 117, 43, 142, 15, 8, 29, 41, 102, 16, 25, 121, 110, 108, 94, 111, 9, 120, 114, 101, 76, 63, 64, 75, 119, 107, 55, 90, 77, 92, 106, 50, 6, 1, 2, 0, 30, 97, 11, 89, 98, 96, 83, 100, 44, 24, 84, 87, 82, 81, 103, 95, 88, 70, 91, 69, 79, 80, 72, 68, 60, 59, 73, 66, 65, 62, 57, 52, 51, 46, 49, 45, 56, 38, 23, 39, 34, 33, 21, 37, 20, 19, 5, 22, 4, 3]",True,1072163845,1.072163845,"[95, 88, 70, 91, 69, 79, 80, 72, 68, 60, 59, 73, 66, 65, 62, 57, 52, 51, 46, 49, 45, 56, 38, 23, 39, 34, 33, 21, 37, 20, 19, 5, 22, 4, 3]","[3, 4, 22, 5, 19, 20, 37, 21, 33, 34, 39, 23, 38, 56, 45, 49, 46, 51, 52, 57, 62, 65, 66, 73, 59, 60, 68, 72, 80, 79, 69, 91, 70, 88, 95]",True,complete,35,35,373,0,195,0,195,220,25,0,0,lowest_first,True,2,47,13,47,15,15,13,15
1,200510,59,116,33,"[0, 1, 2, 6, 7, 8, 9, 10, 11, 12, 13, 14, 15, 16, 17, 18, 24, 25, 26, 27, 28, 29, 30, 31, 32, 35, 36, 40, 41, 42, 43, 44, 47, 48, 50, 53, 54, 55, 58, 61, 63, 64, 67, 71, 74, 75, 76, 77, 78, 81, 82, 83, 84, 85, 86, 87, 88, 89, 90, 92, 93, 94, 95, 96, 97, 98, 99, 100, 101, 102, 103, 104, 105, 106, 107, 108, 109, 110, 111, 112, 114, 115, 116, 117, 118, 119, 120, 121, 122, 123, 124, 125, 126, 127, 128, 129, 130, 131, 132, 133, 134, 135, 136, 137, 138, 139, 140, 141, 142, 143, 144, 145, 146, 147, 148, 149]","[3, 4, 5, 19, 20, 21, 22, 23, 33, 34, 37, 38, 39, 45, 46, 49, 51, 52, 56, 57, 59, 60, 62, 65, 66, 68, 69, 70, 72, 73, 79, 80, 91]","{""support_1"": 62, ""support_2"": 91}","[62, 91]",2,"[17, 122, 18, 32, 137, 138, 139, 140, 13, 14, 116, 118, 136, 112, 36, 135, 26, 28, 99, 105, 148, 115, 144, 149, 145, 147, 146, 12, 58, 71, 134, 109, 67, 61, 78, 10, 48, 133, 130, 93, 85, 129, 74, 42, 40, 7, 131, 132, 54, 143, 128, 31, 127, 47, 35, 126, 125, 141, 27, 104, 124, 53, 86, 123, 117, 43, 142, 15, 8, 29, 41, 102, 16, 25, 121, 110, 108, 94, 111, 9, 120, 114, 101, 76, 63, 64, 75, 119, 107, 55, 90, 77, 92, 106, 50, 6, 1, 2, 0, 30, 97, 11, 89, 98, 96, 83, 100, 44, 24, 84, 87, 82, 81, 103, 95, 88, 70, 91, 69, 79, 80, 72, 68, 60, 59, 73, 66, 65, 62, 57, 52, 51, 46, 49, 45, 56, 38, 23, 39, 34, 33, 21, 37, 20, 19, 5, 22, 4, 3]",True,889480320,0.889480320,"[70, 91, 69, 79, 80, 72, 68, 60, 59, 73, 66, 65, 62, 57, 52, 51, 46, 49, 45, 56, 38, 23, 39, 34, 33, 21, 37, 20, 19, 5, 22, 4, 3]","[3, 4, 22, 5, 19, 20, 37, 21, 33, 34, 39, 23, 38, 56, 45, 49, 46, 51, 52, 57, 62, 65, 66, 73, 59, 60, 68, 72, 80, 79, 69, 91, 70]",True,complete,33,33,340,0,176,0,176,201,25,0,0,lowest_first,True,2,43,12,43,14,14,12,14
1,200511,60,118,31,"[0, 1, 2, 6, 7, 8, 9, 10, 11, 12, 13, 14, 15, 16, 17, 18, 24, 25, 26, 27, 28, 29, 30, 31, 32, 35, 36, 40, 41, 42, 43, 44, 47, 48, 50, 53, 54, 55, 58, 61, 63, 64, 67, 70, 71, 74, 75, 76, 77, 78, 81, 82, 83, 84, 85, 86, 87, 88, 89, 90, 91, 92, 93, 94, 95, 96, 97, 98, 99, 100, 101, 102, 103, 104, 105, 106, 107, 108, 109, 110, 111, 112, 114, 115, 116, 117, 118, 119, 120, 121, 122, 123, 124, 125, 126, 127, 128, 129, 130, 131, 132, 133, 134, 135, 136, 137, 138, 139, 140, 141, 142, 143, 144, 145, 146, 147, 148, 149]","[3, 4, 5, 19, 20, 21, 22, 23, 33, 34, 37, 38, 39, 45, 46, 49, 51, 52, 56, 57, 59, 60, 62, 65, 66, 68, 69, 72, 73, 79, 80]","{""support_1"": 62, ""support_2"": 80}","[62, 80]",2,"[17, 122, 18, 32, 137, 138, 139, 140, 13, 14, 116, 118, 136, 112, 36, 135, 26, 28, 99, 105, 148, 115, 144, 149, 145, 147, 146, 12, 58, 71, 134, 109, 67, 61, 78, 10, 48, 133, 130, 93, 85, 129, 74, 42, 40, 7, 131, 132, 54, 143, 128, 31, 127, 47, 35, 126, 125, 141, 27, 104, 124, 53, 86, 123, 117, 43, 142, 15, 8, 29, 41, 102, 16, 25, 121, 110, 108, 94, 111, 9, 120, 114, 101, 76, 63, 64, 75, 119, 107, 55, 90, 77, 92, 106, 50, 6, 1, 2, 0, 30, 97, 11, 89, 98, 96, 83, 100, 44, 24, 84, 87, 82, 81, 103, 95, 88, 70, 91, 69, 79, 80, 72, 68, 60, 59, 73, 66, 65, 62, 57, 52, 51, 46, 49, 45, 56, 38, 23, 39, 34, 33, 21, 37, 20, 19, 5, 22, 4, 3]",True,779145946,0.779145946,"[69, 79, 80, 72, 68, 60, 59, 73, 66, 65, 62, 57, 52, 51, 46, 49, 45, 56, 38, 23, 39, 34, 33, 21, 37, 20, 19, 5, 22, 4, 3]","[3, 4, 22, 5, 19, 20, 37, 21, 33, 34, 39, 23, 38, 56, 45, 49, 46, 51, 52, 57, 62, 65, 66, 73, 59, 60, 68, 72, 80, 79, 69]",True,complete,31,31,309,0,158,0,158,182,24,0,0,lowest_first,True,2,39,11,39,13,13,11,13
1,200512,61,120,29,"[0, 1, 2, 6, 7, 8, 9, 10, 11, 12, 13, 14, 15, 16, 17, 18, 24, 25, 26, 27, 28, 29, 30, 31, 32, 35, 36, 40, 41, 42, 43, 44, 47, 48, 50, 53, 54, 55, 58, 61, 63, 64, 67, 69, 70, 71, 74, 75, 76, 77, 78, 79, 81, 82, 83, 84, 85, 86, 87, 88, 89, 90, 91, 92, 93, 94, 95, 96, 97, 98, 99, 100, 101, 102, 103, 104, 105, 106, 107, 108, 109, 110, 111, 112, 114, 115, 116, 117, 118, 119, 120, 121, 122, 123, 124, 125, 126, 127, 128, 129, 130, 131, 132, 133, 134, 135, 136, 137, 138, 139, 140, 141, 142, 143, 144, 145, 146, 147, 148, 149]","[3, 4, 5, 19, 20, 21, 22, 23, 33, 34, 37, 38, 39, 45, 46, 49, 51, 52, 56, 57, 59, 60, 62, 65, 66, 68, 72, 73, 80]","{""support_1"": 62, ""support_2"": 80}","[62, 80]",2,"[17, 122, 18, 32, 137, 138, 139, 140, 13, 14, 116, 118, 136, 112, 36, 135, 26, 28, 99, 105, 148, 115, 144, 149, 145, 147, 146, 12, 58, 71, 134, 109, 67, 61, 78, 10, 48, 133, 130, 93, 85, 129, 74, 42, 40, 7, 131, 132, 54, 143, 128, 31, 127, 47, 35, 126, 125, 141, 27, 104, 124, 53, 86, 123, 117, 43, 142, 15, 8, 29, 41, 102, 16, 25, 121, 110, 108, 94, 111, 9, 120, 114, 101, 76, 63, 64, 75, 119, 107, 55, 90, 77, 92, 106, 50, 6, 1, 2, 0, 30, 97, 11, 89, 98, 96, 83, 100, 44, 24, 84, 87, 82, 81, 103, 95, 88, 70, 91, 69, 79, 80, 72, 68, 60, 59, 73, 66, 65, 62, 57, 52, 51, 46, 49, 45, 56, 38, 23, 39, 34, 33, 21, 37, 20, 19, 5, 22, 4, 3]",True,648896603,0.648896603,"[80, 72, 68, 60, 59, 73, 66, 65, 62, 57, 52, 51, 46, 49, 45, 56, 38, 23, 39, 34, 33, 21, 37, 20, 19, 5, 22, 4, 3]","[3, 4, 22, 5, 19, 20, 37, 21, 33, 34, 39, 23, 38, 56, 45, 49, 46, 51, 52, 57, 62, 65, 66, 73, 59, 60, 68, 72, 80]",True,complete,29,29,278,0,143,0,143,167,24,0,0,lowest_first,True,2,35,11,35,12,12,11,13
1,200513,62,122,27,"[0, 1, 2, 6, 7, 8, 9, 10, 11, 12, 13, 14, 15, 16, 17, 18, 24, 25, 26, 27, 28, 29, 30, 31, 32, 35, 36, 40, 41, 42, 43, 44, 47, 48, 50, 53, 54, 55, 58, 61, 63, 64, 67, 69, 70, 71, 72, 74, 75, 76, 77, 78, 79, 80, 81, 82, 83, 84, 85, 86, 87, 88, 89, 90, 91, 92, 93, 94, 95, 96, 97, 98, 99, 100, 101, 102, 103, 104, 105, 106, 107, 108, 109, 110, 111, 112, 114, 115, 116, 117, 118, 119, 120, 121, 122, 123, 124, 125, 126, 127, 128, 129, 130, 131, 132, 133, 134, 135, 136, 137, 138, 139, 140, 141, 142, 143, 144, 145, 146, 147, 148, 149]","[3, 4, 5, 19, 20, 21, 22, 23, 33, 34, 37, 38, 39, 45, 46, 49, 51, 52, 56, 57, 59, 60, 62, 65, 66, 68, 73]","{""support_1"": 62, ""support_2"": 73}","[62, 73]",2,"[17, 122, 18, 32, 137, 138, 139, 140, 13, 14, 116, 118, 136, 112, 36, 135, 26, 28, 99, 105, 148, 115, 144, 149, 145, 147, 146, 12, 58, 71, 134, 109, 67, 61, 78, 10, 48, 133, 130, 93, 85, 129, 74, 42, 40, 7, 131, 132, 54, 143, 128, 31, 127, 47, 35, 126, 125, 141, 27, 104, 124, 53, 86, 123, 117, 43, 142, 15, 8, 29, 41, 102, 16, 25, 121, 110, 108, 94, 111, 9, 120, 114, 101, 76, 63, 64, 75, 119, 107, 55, 90, 77, 92, 106, 50, 6, 1, 2, 0, 30, 97, 11, 89, 98, 96, 83, 100, 44, 24, 84, 87, 82, 81, 103, 95, 88, 70, 91, 69, 79, 80, 72, 68, 60, 59, 73, 66, 65, 62, 57, 52, 51, 46, 49, 45, 56, 38, 23, 39, 34, 33, 21, 37, 20, 19, 5, 22, 4, 3]",True,446921301,0.446921301,"[68, 60, 59, 73, 66, 65, 62, 57, 52, 51, 46, 49, 45, 56, 38, 23, 39, 34, 33, 21, 37, 20, 19, 5, 22, 4, 3]","[3, 4, 22, 5, 19, 20, 37, 21, 33, 34, 39, 23, 38, 56, 45, 49, 46, 51, 52, 57, 62, 65, 66, 73, 59, 60, 68]",True,complete,27,27,248,0,112,0,112,133,21,0,0,lowest_first,True,2,31,9,31,11,11,9,11
1,200514,63,124,25,"[0, 1, 2, 6, 7, 8, 9, 10, 11, 12, 13, 14, 15, 16, 17, 18, 24, 25, 26, 27, 28, 29, 30, 31, 32, 35, 36, 40, 41, 42, 43, 44, 47, 48, 50, 53, 54, 55, 58, 60, 61, 63, 64, 67, 68, 69, 70, 71, 72, 74, 75, 76, 77, 78, 79, 80, 81, 82, 83, 84, 85, 86, 87, 88, 89, 90, 91, 92, 93, 94, 95, 96, 97, 98, 99, 100, 101, 102, 103, 104, 105, 106, 107, 108, 109, 110, 111, 112, 114, 115, 116, 117, 118, 119, 120, 121, 122, 123, 124, 125, 126, 127, 128, 129, 130, 131, 132, 133, 134, 135, 136, 137, 138, 139, 140, 141, 142, 143, 144, 145, 146, 147, 148, 149]","[3, 4, 5, 19, 20, 21, 22, 23, 33, 34, 37, 38, 39, 45, 46, 49, 51, 52, 56, 57, 59, 62, 65, 66, 73]","{""support_1"": 62, ""support_2"": 73}","[62, 73]",2,"[17, 122, 18, 32, 137, 138, 139, 140, 13, 14, 116, 118, 136, 112, 36, 135, 26, 28, 99, 105, 148, 115, 144, 149, 145, 147, 146, 12, 58, 71, 134, 109, 67, 61, 78, 10, 48, 133, 130, 93, 85, 129, 74, 42, 40, 7, 131, 132, 54, 143, 128, 31, 127, 47, 35, 126, 125, 141, 27, 104, 124, 53, 86, 123, 117, 43, 142, 15, 8, 29, 41, 102, 16, 25, 121, 110, 108, 94, 111, 9, 120, 114, 101, 76, 63, 64, 75, 119, 107, 55, 90, 77, 92, 106, 50, 6, 1, 2, 0, 30, 97, 11, 89, 98, 96, 83, 100, 44, 24, 84, 87, 82, 81, 103, 95, 88, 70, 91, 69, 79, 80, 72, 68, 60, 59, 73, 66, 65, 62, 57, 52, 51, 46, 49, 45, 56, 38, 23, 39, 34, 33, 21, 37, 20, 19, 5, 22, 4, 3]",True,400202563,0.400202563,"[59, 73, 66, 65, 62, 57, 52, 51, 46, 49, 45, 56, 38, 23, 39, 34, 33, 21, 37, 20, 19, 5, 22, 4, 3]","[3, 4, 22, 5, 19, 20, 37, 21, 33, 34, 39, 23, 38, 56, 45, 49, 46, 51, 52, 57, 62, 65, 66, 73, 59]",True,complete,25,25,222,0,101,0,101,122,21,0,0,lowest_first,True,2,27,9,27,11,11,9,11
1,200515,64,126,23,"[0, 1, 2, 6, 7, 8, 9, 10, 11, 12, 13, 14, 15, 16, 17, 18, 24, 25, 26, 27, 28, 29, 30, 31, 32, 35, 36, 40, 41, 42, 43, 44, 47, 48, 50, 53, 54, 55, 58, 59, 60, 61, 63, 64, 67, 68, 69, 70, 71, 72, 73, 74, 75, 76, 77, 78, 79, 80, 81, 82, 83, 84, 85, 86, 87, 88, 89, 90, 91, 92, 93, 94, 95, 96, 97, 98, 99, 100, 101, 102, 103, 104, 105, 106, 107, 108, 109, 110, 111, 112, 114, 115, 116, 117, 118, 119, 120, 121, 122, 123, 124, 125, 126, 127, 128, 129, 130, 131, 132, 133, 134, 135, 136, 137, 138, 139, 140, 141, 142, 143, 144, 145, 146, 147, 148, 149]","[3, 4, 5, 19, 20, 21, 22, 23, 33, 34, 37, 38, 39, 45, 46, 49, 51, 52, 56, 57, 62, 65, 66]","{""support_1"": 62, ""support_2"": 66}","[62, 66]",2,"[17, 122, 18, 32, 137, 138, 139, 140, 13, 14, 116, 118, 136, 112, 36, 135, 26, 28, 99, 105, 148, 115, 144, 149, 145, 147, 146, 12, 58, 71, 134, 109, 67, 61, 78, 10, 48, 133, 130, 93, 85, 129, 74, 42, 40, 7, 131, 132, 54, 143, 128, 31, 127, 47, 35, 126, 125, 141, 27, 104, 124, 53, 86, 123, 117, 43, 142, 15, 8, 29, 41, 102, 16, 25, 121, 110, 108, 94, 111, 9, 120, 114, 101, 76, 63, 64, 75, 119, 107, 55, 90, 77, 92, 106, 50, 6, 1, 2, 0, 30, 97, 11, 89, 98, 96, 83, 100, 44, 24, 84, 87, 82, 81, 103, 95, 88, 70, 91, 69, 79, 80, 72, 68, 60, 59, 73, 66, 65, 62, 57, 52, 51, 46, 49, 45, 56, 38, 23, 39, 34, 33, 21, 37, 20, 19, 5, 22, 4, 3]",True,313448460,0.313448460,"[66, 65, 62, 57, 52, 51, 46, 49, 45, 56, 38, 23, 39, 34, 33, 21, 37, 20, 19, 5, 22, 4, 3]","[3, 4, 22, 5, 19, 20, 37, 21, 33, 34, 39, 23, 38, 56, 45, 49, 46, 51, 52, 57, 62, 65, 66]",True,complete,23,23,201,0,88,0,88,109,21,0,0,lowest_first,True,2,23,8,23,9,9,8,10
1,200516,65,128,21,"[0, 1, 2, 6, 7, 8, 9, 10, 11, 12, 13, 14, 15, 16, 17, 18, 24, 25, 26, 27, 28, 29, 30, 31, 32, 35, 36, 40, 41, 42, 43, 44, 47, 48, 50, 53, 54, 55, 58, 59, 60, 61, 63, 64, 65, 66, 67, 68, 69, 70, 71, 72, 73, 74, 75, 76, 77, 78, 79, 80, 81, 82, 83, 84, 85, 86, 87, 88, 89, 90, 91, 92, 93, 94, 95, 96, 97, 98, 99, 100, 101, 102, 103, 104, 105, 106, 107, 108, 109, 110, 111, 112, 114, 115, 116, 117, 118, 119, 120, 121, 122, 123, 124, 125, 126, 127, 128, 129, 130, 131, 132, 133, 134, 135, 136, 137, 138, 139, 140, 141, 142, 143, 144, 145, 146, 147, 148, 149]","[3, 4, 5, 19, 20, 21, 22, 23, 33, 34, 37, 38, 39, 45, 46, 49, 51, 52, 56, 57, 62]","{""support_1"": 62}",[62],1,"[17, 122, 18, 32, 137, 138, 139, 140, 13, 14, 116, 118, 136, 112, 36, 135, 26, 28, 99, 105, 148, 115, 144, 149, 145, 147, 146, 12, 58, 71, 134, 109, 67, 61, 78, 10, 48, 133, 130, 93, 85, 129, 74, 42, 40, 7, 131, 132, 54, 143, 128, 31, 127, 47, 35, 126, 125, 141, 27, 104, 124, 53, 86, 123, 117, 43, 142, 15, 8, 29, 41, 102, 16, 25, 121, 110, 108, 94, 111, 9, 120, 114, 101, 76, 63, 64, 75, 119, 107, 55, 90, 77, 92, 106, 50, 6, 1, 2, 0, 30, 97, 11, 89, 98, 96, 83, 100, 44, 24, 84, 87, 82, 81, 103, 95, 88, 70, 91, 69, 79, 80, 72, 68, 60, 59, 73, 66, 65, 62, 57, 52, 51, 46, 49, 45, 56, 38, 23, 39, 34, 33, 21, 37, 20, 19, 5, 22, 4, 3]",True,304445411,0.304445411,"[62, 57, 52, 51, 46, 49, 45, 56, 38, 23, 39, 34, 33, 21, 37, 20, 19, 5, 22, 4, 3]","[3, 4, 22, 5, 19, 20, 37, 21, 33, 34, 39, 23, 38, 56, 45, 49, 46, 51, 52, 57, 62]",True,complete,21,21,173,0,85,0,85,106,21,0,0,lowest_first,True,2,21,8,21,8,8,8,9
1,200517,66,130,19,"[0, 1, 2, 6, 7, 8, 9, 10, 11, 12, 13, 14, 15, 16, 17, 18, 24, 25, 26, 27, 28, 29, 30, 31, 32, 35, 36, 40, 41, 42, 43, 44, 47, 48, 50, 53, 54, 55, 57, 58, 59, 60, 61, 62, 63, 64, 65, 66, 67, 68, 69, 70, 71, 72, 73, 74, 75, 76, 77, 78, 79, 80, 81, 82, 83, 84, 85, 86, 87, 88, 89, 90, 91, 92, 93, 94, 95, 96, 97, 98, 99, 100, 101, 102, 103, 104, 105, 106, 107, 108, 109, 110, 111, 112, 114, 115, 116, 117, 118, 119, 120, 121, 122, 123, 124, 125, 126, 127, 128, 129, 130, 131, 132, 133, 134, 135, 136, 137, 138, 139, 140, 141, 142, 143, 144, 145, 146, 147, 148, 149]","[3, 4, 5, 19, 20, 21, 22, 23, 33, 34, 37, 38, 39, 45, 46, 49, 51, 52, 56]","{""support_1"": 56}",[56],1,"[17, 122, 18, 32, 137, 138, 139, 140, 13, 14, 116, 118, 136, 112, 36, 135, 26, 28, 99, 105, 148, 115, 144, 149, 145, 147, 146, 12, 58, 71, 134, 109, 67, 61, 78, 10, 48, 133, 130, 93, 85, 129, 74, 42, 40, 7, 131, 132, 54, 143, 128, 31, 127, 47, 35, 126, 125, 141, 27, 104, 124, 53, 86, 123, 117, 43, 142, 15, 8, 29, 41, 102, 16, 25, 121, 110, 108, 94, 111, 9, 120, 114, 101, 76, 63, 64, 75, 119, 107, 55, 90, 77, 92, 106, 50, 6, 1, 2, 0, 30, 97, 11, 89, 98, 96, 83, 100, 44, 24, 84, 87, 82, 81, 103, 95, 88, 70, 91, 69, 79, 80, 72, 68, 60, 59, 73, 66, 65, 62, 57, 52, 51, 46, 49, 45, 56, 38, 23, 39, 34, 33, 21, 37, 20, 19, 5, 22, 4, 3]",True,199817951,0.199817951,"[52, 51, 46, 49, 45, 56, 38, 23, 39, 34, 33, 21, 37, 20, 19, 5, 22, 4, 3]","[3, 4, 22, 5, 19, 20, 37, 21, 33, 34, 39, 23, 38, 56, 45, 49, 46, 51, 52]",True,complete,19,19,139,0,64,0,64,82,18,0,0,lowest_first,True,2,19,6,19,7,7,6,7
1,200518,67,132,17,"[0, 1, 2, 6, 7, 8, 9, 10, 11, 12, 13, 14, 15, 16, 17, 18, 24, 25, 26, 27, 28, 29, 30, 31, 32, 35, 36, 40, 41, 42, 43, 44, 47, 48, 50, 51, 52, 53, 54, 55, 57, 58, 59, 60, 61, 62, 63, 64, 65, 66, 67, 68, 69, 70, 71, 72, 73, 74, 75, 76, 77, 78, 79, 80, 81, 82, 83, 84, 85, 86, 87, 88, 89, 90, 91, 92, 93, 94, 95, 96, 97, 98, 99, 100, 101, 102, 103, 104, 105, 106, 107, 108, 109, 110, 111, 112, 114, 115, 116, 117, 118, 119, 120, 121, 122, 123, 124, 125, 126, 127, 128, 129, 130, 131, 132, 133, 134, 135, 136, 137, 138, 139, 140, 141, 142, 143, 144, 145, 146, 147, 148, 149]","[3, 4, 5, 19, 20, 21, 22, 23, 33, 34, 37, 38, 39, 45, 46, 49, 56]","{""support_1"": 56, ""support_2"": 46}","[46, 56]",2,"[17, 122, 18, 32, 137, 138, 139, 140, 13, 14, 116, 118, 136, 112, 36, 135, 26, 28, 99, 105, 148, 115, 144, 149, 145, 147, 146, 12, 58, 71, 134, 109, 67, 61, 78, 10, 48, 133, 130, 93, 85, 129, 74, 42, 40, 7, 131, 132, 54, 143, 128, 31, 127, 47, 35, 126, 125, 141, 27, 104, 124, 53, 86, 123, 117, 43, 142, 15, 8, 29, 41, 102, 16, 25, 121, 110, 108, 94, 111, 9, 120, 114, 101, 76, 63, 64, 75, 119, 107, 55, 90, 77, 92, 106, 50, 6, 1, 2, 0, 30, 97, 11, 89, 98, 96, 83, 100, 44, 24, 84, 87, 82, 81, 103, 95, 88, 70, 91, 69, 79, 80, 72, 68, 60, 59, 73, 66, 65, 62, 57, 52, 51, 46, 49, 45, 56, 38, 23, 39, 34, 33, 21, 37, 20, 19, 5, 22, 4, 3]",True,146885978,0.146885978,"[46, 49, 45, 56, 38, 23, 39, 34, 33, 21, 37, 20, 19, 5, 22, 4, 3]","[3, 4, 22, 5, 19, 20, 37, 21, 33, 34, 39, 23, 38, 56, 45, 49, 46]",True,complete,17,17,113,0,52,0,52,60,8,0,0,lowest_first,True,1,15,5,15,6,6,5,7
1,200519,68,134,15,"[0, 1, 2, 6, 7, 8, 9, 10, 11, 12, 13, 14, 15, 16, 17, 18, 24, 25, 26, 27, 28, 29, 30, 31, 32, 35, 36, 40, 41, 42, 43, 44, 46, 47, 48, 49, 50, 51, 52, 53, 54, 55, 57, 58, 59, 60, 61, 62, 63, 64, 65, 66, 67, 68, 69, 70, 71, 72, 73, 74, 75, 76, 77, 78, 79, 80, 81, 82, 83, 84, 85, 86, 87, 88, 89, 90, 91, 92, 93, 94, 95, 96, 97, 98, 99, 100, 101, 102, 103, 104, 105, 106, 107, 108, 109, 110, 111, 112, 114, 115, 116, 117, 118, 119, 120, 121, 122, 123, 124, 125, 126, 127, 128, 129, 130, 131, 132, 133, 134, 135, 136, 137, 138, 139, 140, 141, 142, 143, 144, 145, 146, 147, 148, 149]","[3, 4, 5, 19, 20, 21, 22, 23, 33, 34, 37, 38, 39, 45, 56]","{""support_1"": 56}",[56],1,"[17, 122, 18, 32, 137, 138, 139, 140, 13, 14, 116, 118, 136, 112, 36, 135, 26, 28, 99, 105, 148, 115, 144, 149, 145, 147, 146, 12, 58, 71, 134, 109, 67, 61, 78, 10, 48, 133, 130, 93, 85, 129, 74, 42, 40, 7, 131, 132, 54, 143, 128, 31, 127, 47, 35, 126, 125, 141, 27, 104, 124, 53, 86, 123, 117, 43, 142, 15, 8, 29, 41, 102, 16, 25, 121, 110, 108, 94, 111, 9, 120, 114, 101, 76, 63, 64, 75, 119, 107, 55, 90, 77, 92, 106, 50, 6, 1, 2, 0, 30, 97, 11, 89, 98, 96, 83, 100, 44, 24, 84, 87, 82, 81, 103, 95, 88, 70, 91, 69, 79, 80, 72, 68, 60, 59, 73, 66, 65, 62, 57, 52, 51, 46, 49, 45, 56, 38, 23, 39, 34, 33, 21, 37, 20, 19, 5, 22, 4, 3]",True,131643877,0.131643877,"[45, 56, 38, 23, 39, 34, 33, 21, 37, 20, 19, 5, 22, 4, 3]","[3, 4, 22, 5, 19, 20, 37, 21, 33, 34, 39, 23, 38, 56, 45]",True,complete,15,15,91,0,48,0,48,56,8,0,0,lowest_first,True,1,13,5,13,6,6,5,6
1,200520,69,136,13,"[0, 1, 2, 6, 7, 8, 9, 10, 11, 12, 13, 14, 15, 16, 17, 18, 24, 25, 26, 27, 28, 29, 30, 31, 32, 35, 36, 40, 41, 42, 43, 44, 45, 46, 47, 48, 49, 50, 51, 52, 53, 54, 55, 56, 57, 58, 59, 60, 61, 62, 63, 64, 65, 66, 67, 68, 69, 70, 71, 72, 73, 74, 75, 76, 77, 78, 79, 80, 81, 82, 83, 84, 85, 86, 87, 88, 89, 90, 91, 92, 93, 94, 95, 96, 97, 98, 99, 100, 101, 102, 103, 104, 105, 106, 107, 108, 109, 110, 111, 112, 114, 115, 116, 117, 118, 119, 120, 121, 122, 123, 124, 125, 126, 127, 128, 129, 130, 131, 132, 133, 134, 135, 136, 137, 138, 139, 140, 141, 142, 143, 144, 145, 146, 147, 148, 149]","[3, 4, 5, 19, 20, 21, 22, 23, 33, 34, 37, 38, 39]","{""support_1"": 38}",[38],1,"[17, 122, 18, 32, 137, 138, 139, 140, 13, 14, 116, 118, 136, 112, 36, 135, 26, 28, 99, 105, 148, 115, 144, 149, 145, 147, 146, 12, 58, 71, 134, 109, 67, 61, 78, 10, 48, 133, 130, 93, 85, 129, 74, 42, 40, 7, 131, 132, 54, 143, 128, 31, 127, 47, 35, 126, 125, 141, 27, 104, 124, 53, 86, 123, 117, 43, 142, 15, 8, 29, 41, 102, 16, 25, 121, 110, 108, 94, 111, 9, 120, 114, 101, 76, 63, 64, 75, 119, 107, 55, 90, 77, 92, 106, 50, 6, 1, 2, 0, 30, 97, 11, 89, 98, 96, 83, 100, 44, 24, 84, 87, 82, 81, 103, 95, 88, 70, 91, 69, 79, 80, 72, 68, 60, 59, 73, 66, 65, 62, 57, 52, 51, 46, 49, 45, 56, 38, 23, 39, 34, 33, 21, 37, 20, 19, 5, 22, 4, 3]",True,100605154,0.100605154,"[38, 23, 39, 34, 33, 21, 37, 20, 19, 5, 22, 4, 3]","[3, 4, 22, 5, 19, 20, 37, 21, 33, 34, 39, 23, 38]",True,complete,13,13,70,0,39,0,39,44,5,0,0,lowest_first,True,1,11,4,11,4,4,4,5
1,200521,70,138,11,"[0, 1, 2, 6, 7, 8, 9, 10, 11, 12, 13, 14, 15, 16, 17, 18, 23, 24, 25, 26, 27, 28, 29, 30, 31, 32, 35, 36, 38, 40, 41, 42, 43, 44, 45, 46, 47, 48, 49, 50, 51, 52, 53, 54, 55, 56, 57, 58, 59, 60, 61, 62, 63, 64, 65, 66, 67, 68, 69, 70, 71, 72, 73, 74, 75, 76, 77, 78, 79, 80, 81, 82, 83, 84, 85, 86, 87, 88, 89, 90, 91, 92, 93, 94, 95, 96, 97, 98, 99, 100, 101, 102, 103, 104, 105, 106, 107, 108, 109, 110, 111, 112, 114, 115, 116, 117, 118, 119, 120, 121, 122, 123, 124, 125, 126, 127, 128, 129, 130, 131, 132, 133, 134, 135, 136, 137, 138, 139, 140, 141, 142, 143, 144, 145, 146, 147, 148, 149]","[3, 4, 5, 19, 20, 21, 22, 33, 34, 37, 39]","{""support_1"": 39}",[39],1,"[17, 122, 18, 32, 137, 138, 139, 140, 13, 14, 116, 118, 136, 112, 36, 135, 26, 28, 99, 105, 148, 115, 144, 149, 145, 147, 146, 12, 58, 71, 134, 109, 67, 61, 78, 10, 48, 133, 130, 93, 85, 129, 74, 42, 40, 7, 131, 132, 54, 143, 128, 31, 127, 47, 35, 126, 125, 141, 27, 104, 124, 53, 86, 123, 117, 43, 142, 15, 8, 29, 41, 102, 16, 25, 121, 110, 108, 94, 111, 9, 120, 114, 101, 76, 63, 64, 75, 119, 107, 55, 90, 77, 92, 106, 50, 6, 1, 2, 0, 30, 97, 11, 89, 98, 96, 83, 100, 44, 24, 84, 87, 82, 81, 103, 95, 88, 70, 91, 69, 79, 80, 72, 68, 60, 59, 73, 66, 65, 62, 57, 52, 51, 46, 49, 45, 56, 38, 23, 39, 34, 33, 21, 37, 20, 19, 5, 22, 4, 3]",True,63009894,0.063009894,"[39, 34, 33, 21, 37, 20, 19, 5, 22, 4, 3]","[3, 4, 22, 5, 19, 20, 37, 21, 33, 34, 39]",True,complete,11,11,51,0,28,0,28,33,5,0,0,lowest_first,True,1,9,3,9,3,3,3,4
1,200522,71,140,9,"[0, 1, 2, 6, 7, 8, 9, 10, 11, 12, 13, 14, 15, 16, 17, 18, 23, 24, 25, 26, 27, 28, 29, 30, 31, 32, 34, 35, 36, 38, 39, 40, 41, 42, 43, 44, 45, 46, 47, 48, 49, 50, 51, 52, 53, 54, 55, 56, 57, 58, 59, 60, 61, 62, 63, 64, 65, 66, 67, 68, 69, 70, 71, 72, 73, 74, 75, 76, 77, 78, 79, 80, 81, 82, 83, 84, 85, 86, 87, 88, 89, 90, 91, 92, 93, 94, 95, 96, 97, 98, 99, 100, 101, 102, 103, 104, 105, 106, 107, 108, 109, 110, 111, 112, 114, 115, 116, 117, 118, 119, 120, 121, 122, 123, 124, 125, 126, 127, 128, 129, 130, 131, 132, 133, 134, 135, 136, 137, 138, 139, 140, 141, 142, 143, 144, 145, 146, 147, 148, 149]","[3, 4, 5, 19, 20, 21, 22, 33, 37]","{""support_1"": 37}",[37],1,"[17, 122, 18, 32, 137, 138, 139, 140, 13, 14, 116, 118, 136, 112, 36, 135, 26, 28, 99, 105, 148, 115, 144, 149, 145, 147, 146, 12, 58, 71, 134, 109, 67, 61, 78, 10, 48, 133, 130, 93, 85, 129, 74, 42, 40, 7, 131, 132, 54, 143, 128, 31, 127, 47, 35, 126, 125, 141, 27, 104, 124, 53, 86, 123, 117, 43, 142, 15, 8, 29, 41, 102, 16, 25, 121, 110, 108, 94, 111, 9, 120, 114, 101, 76, 63, 64, 75, 119, 107, 55, 90, 77, 92, 106, 50, 6, 1, 2, 0, 30, 97, 11, 89, 98, 96, 83, 100, 44, 24, 84, 87, 82, 81, 103, 95, 88, 70, 91, 69, 79, 80, 72, 68, 60, 59, 73, 66, 65, 62, 57, 52, 51, 46, 49, 45, 56, 38, 23, 39, 34, 33, 21, 37, 20, 19, 5, 22, 4, 3]",True,41355129,0.041355129,"[33, 21, 37, 20, 19, 5, 22, 4, 3]","[3, 4, 22, 5, 19, 20, 37, 21, 33]",True,complete,9,9,35,0,21,0,21,23,2,0,0,lowest_first,True,1,7,2,7,3,3,2,3
1,200523,72,142,7,"[0, 1, 2, 6, 7, 8, 9, 10, 11, 12, 13, 14, 15, 16, 17, 18, 21, 23, 24, 25, 26, 27, 28, 29, 30, 31, 32, 33, 34, 35, 36, 38, 39, 40, 41, 42, 43, 44, 45, 46, 47, 48, 49, 50, 51, 52, 53, 54, 55, 56, 57, 58, 59, 60, 61, 62, 63, 64, 65, 66, 67, 68, 69, 70, 71, 72, 73, 74, 75, 76, 77, 78, 79, 80, 81, 82, 83, 84, 85, 86, 87, 88, 89, 90, 91, 92, 93, 94, 95, 96, 97, 98, 99, 100, 101, 102, 103, 104, 105, 106, 107, 108, 109, 110, 111, 112, 114, 115, 116, 117, 118, 119, 120, 121, 122, 123, 124, 125, 126, 127, 128, 129, 130, 131, 132, 133, 134, 135, 136, 137, 138, 139, 140, 141, 142, 143, 144, 145, 146, 147, 148, 149]","[3, 4, 5, 19, 20, 22, 37]","{""support_1"": 37}",[37],1,"[17, 122, 18, 32, 137, 138, 139, 140, 13, 14, 116, 118, 136, 112, 36, 135, 26, 28, 99, 105, 148, 115, 144, 149, 145, 147, 146, 12, 58, 71, 134, 109, 67, 61, 78, 10, 48, 133, 130, 93, 85, 129, 74, 42, 40, 7, 131, 132, 54, 143, 128, 31, 127, 47, 35, 126, 125, 141, 27, 104, 124, 53, 86, 123, 117, 43, 142, 15, 8, 29, 41, 102, 16, 25, 121, 110, 108, 94, 111, 9, 120, 114, 101, 76, 63, 64, 75, 119, 107, 55, 90, 77, 92, 106, 50, 6, 1, 2, 0, 30, 97, 11, 89, 98, 96, 83, 100, 44, 24, 84, 87, 82, 81, 103, 95, 88, 70, 91, 69, 79, 80, 72, 68, 60, 59, 73, 66, 65, 62, 57, 52, 51, 46, 49, 45, 56, 38, 23, 39, 34, 33, 21, 37, 20, 19, 5, 22, 4, 3]",True,25071378,0.025071378,"[37, 20, 19, 5, 22, 4, 3]","[3, 4, 22, 5, 19, 20, 37]",True,complete,7,7,22,0,15,0,15,17,2,0,0,lowest_first,True,1,5,2,5,2,2,2,3
1,200524,73,144,5,"[0, 1, 2, 6, 7, 8, 9, 10, 11, 12, 13, 14, 15, 16, 17, 18, 20, 21, 23, 24, 25, 26, 27, 28, 29, 30, 31, 32, 33, 34, 35, 36, 37, 38, 39, 40, 41, 42, 43, 44, 45, 46, 47, 48, 49, 50, 51, 52, 53, 54, 55, 56, 57, 58, 59, 60, 61, 62, 63, 64, 65, 66, 67, 68, 69, 70, 71, 72, 73, 74, 75, 76, 77, 78, 79, 80, 81, 82, 83, 84, 85, 86, 87, 88, 89, 90, 91, 92, 93, 94, 95, 96, 97, 98, 99, 100, 101, 102, 103, 104, 105, 106, 107, 108, 109, 110, 111, 112, 114, 115, 116, 117, 118, 119, 120, 121, 122, 123, 124, 125, 126, 127, 128, 129, 130, 131, 132, 133, 134, 135, 136, 137, 138, 139, 140, 141, 142, 143, 144, 145, 146, 147, 148, 149]","[3, 4, 5, 19, 22]","{""support_1"": 22}",[22],1,"[17, 122, 18, 32, 137, 138, 139, 140, 13, 14, 116, 118, 136, 112, 36, 135, 26, 28, 99, 105, 148, 115, 144, 149, 145, 147, 146, 12, 58, 71, 134, 109, 67, 61, 78, 10, 48, 133, 130, 93, 85, 129, 74, 42, 40, 7, 131, 132, 54, 143, 128, 31, 127, 47, 35, 126, 125, 141, 27, 104, 124, 53, 86, 123, 117, 43, 142, 15, 8, 29, 41, 102, 16, 25, 121, 110, 108, 94, 111, 9, 120, 114, 101, 76, 63, 64, 75, 119, 107, 55, 90, 77, 92, 106, 50, 6, 1, 2, 0, 30, 97, 11, 89, 98, 96, 83, 100, 44, 24, 84, 87, 82, 81, 103, 95, 88, 70, 91, 69, 79, 80, 72, 68, 60, 59, 73, 66, 65, 62, 57, 52, 51, 46, 49, 45, 56, 38, 23, 39, 34, 33, 21, 37, 20, 19, 5, 22, 4, 3]",True,13609628,0.013609628,"[19, 5, 22, 4, 3]","[3, 4, 22, 5, 19]",True,complete,5,5,11,0,10,0,10,10,0,0,0,lowest_first,True,1,3,1,3,2,2,1,2
1,200525,74,146,3,"[0, 1, 2, 5, 6, 7, 8, 9, 10, 11, 12, 13, 14, 15, 16, 17, 18, 19, 20, 21, 23, 24, 25, 26, 27, 28, 29, 30, 31, 32, 33, 34, 35, 36, 37, 38, 39, 40, 41, 42, 43, 44, 45, 46, 47, 48, 49, 50, 51, 52, 53, 54, 55, 56, 57, 58, 59, 60, 61, 62, 63, 64, 65, 66, 67, 68, 69, 70, 71, 72, 73, 74, 75, 76, 77, 78, 79, 80, 81, 82, 83, 84, 85, 86, 87, 88, 89, 90, 91, 92, 93, 94, 95, 96, 97, 98, 99, 100, 101, 102, 103, 104, 105, 106, 107, 108, 109, 110, 111, 112, 114, 115, 116, 117, 118, 119, 120, 121, 122, 123, 124, 125, 126, 127, 128, 129, 130, 131, 132, 133, 134, 135, 136, 137, 138, 139, 140, 141, 142, 143, 144, 145, 146, 147, 148, 149]","[3, 4, 22]","{""support_1"": 22}",[22],1,"[17, 122, 18, 32, 137, 138, 139, 140, 13, 14, 116, 118, 136, 112, 36, 135, 26, 28, 99, 105, 148, 115, 144, 149, 145, 147, 146, 12, 58, 71, 134, 109, 67, 61, 78, 10, 48, 133, 130, 93, 85, 129, 74, 42, 40, 7, 131, 132, 54, 143, 128, 31, 127, 47, 35, 126, 125, 141, 27, 104, 124, 53, 86, 123, 117, 43, 142, 15, 8, 29, 41, 102, 16, 25, 121, 110, 108, 94, 111, 9, 120, 114, 101, 76, 63, 64, 75, 119, 107, 55, 90, 77, 92, 106, 50, 6, 1, 2, 0, 30, 97, 11, 89, 98, 96, 83, 100, 44, 24, 84, 87, 82, 81, 103, 95, 88, 70, 91, 69, 79, 80, 72, 68, 60, 59, 73, 66, 65, 62, 57, 52, 51, 46, 49, 45, 56, 38, 23, 39, 34, 33, 21, 37, 20, 19, 5, 22, 4, 3]",True,7342767,0.007342767,"[22, 4, 3]","[3, 4, 22]",True,complete,3,3,4,0,6,0,6,6,0,0,0,lowest_first,True,1,1,1,1,1,1,1,2
1,200526,75,148,1,"[0, 1, 2, 4, 5, 6, 7, 8, 9, 10, 11, 12, 13, 14, 15, 16, 17, 18, 19, 20, 21, 22, 23, 24, 25, 26, 27, 28, 29, 30, 31, 32, 33, 34, 35, 36, 37, 38, 39, 40, 41, 42, 43, 44, 45, 46, 47, 48, 49, 50, 51, 52, 53, 54, 55, 56, 57, 58, 59, 60, 61, 62, 63, 64, 65, 66, 67, 68, 69, 70, 71, 72, 73, 74, 75, 76, 77, 78, 79, 80, 81, 82, 83, 84, 85, 86, 87, 88, 89, 90, 91, 92, 93, 94, 95, 96, 97, 98, 99, 100, 101, 102, 103, 104, 105, 106, 107, 108, 109, 110, 111, 112, 114, 115, 116, 117, 118, 119, 120, 121, 122, 123, 124, 125, 126, 127, 128, 129, 130, 131, 132, 133, 134, 135, 136, 137, 138, 139, 140, 141, 142, 143, 144, 145, 146, 147, 148, 149]",[3],{},[],0,"[17, 122, 18, 32, 137, 138, 139, 140, 13, 14, 116, 118, 136, 112, 36, 135, 26, 28, 99, 105, 148, 115, 144, 149, 145, 147, 146, 12, 58, 71, 134, 109, 67, 61, 78, 10, 48, 133, 130, 93, 85, 129, 74, 42, 40, 7, 131, 132, 54, 143, 128, 31, 127, 47, 35, 126, 125, 141, 27, 104, 124, 53, 86, 123, 117, 43, 142, 15, 8, 29, 41, 102, 16, 25, 121, 110, 108, 94, 111, 9, 120, 114, 101, 76, 63, 64, 75, 119, 107, 55, 90, 77, 92, 106, 50, 6, 1, 2, 0, 30, 97, 11, 89, 98, 96, 83, 100, 44, 24, 84, 87, 82, 81, 103, 95, 88, 70, 91, 69, 79, 80, 72, 68, 60, 59, 73, 66, 65, 62, 57, 52, 51, 46, 49, 45, 56, 38, 23, 39, 34, 33, 21, 37, 20, 19, 5, 22, 4, 3]",True,997260,0.000997260,[3],[3],True,complete,1,1,1,0,2,0,2,2,0,0,0,lowest_first,True,0,0,0,0,0,0,0,0
2,210452,1,0,149,[],"[0, 1, 2, 3, 4, 5, 6, 7, 8, 9, 10, 11, 12, 13, 14, 15, 16, 17, 18, 19, 20, 21, 22, 23, 24, 25, 26, 27, 28, 29, 30, 31, 32, 33, 34, 35, 36, 37, 38, 39, 40, 41, 42, 43, 44, 45, 46, 47, 48, 49, 50, 51, 52, 53, 54, 55, 56, 57, 58, 59, 60, 61, 62, 63, 64, 65, 66, 67, 68, 69, 70, 71, 72, 73, 74, 75, 76, 77, 78, 79, 80, 81, 82, 83, 84, 85, 86, 87, 88, 89, 90, 91, 92, 93, 94, 95, 96, 97, 98, 99, 100, 101, 102, 103, 104, 105, 106, 107, 108, 109, 110, 111, 112, 114, 115, 116, 117, 118, 119, 120, 121, 122, 123, 124, 125, 126, 127, 128, 129, 130, 131, 132, 133, 134, 135, 136, 137, 138, 139, 140, 141, 142, 143, 144, 145, 146, 147, 148, 149]",{},[],0,"[122, 17, 18, 32, 137, 138, 140, 139, 13, 14, 116, 118, 136, 112, 36, 135, 26, 28, 105, 99, 148, 115, 149, 144, 145, 147, 146, 12, 71, 58, 134, 109, 61, 78, 102, 48, 85, 93, 133, 7, 132, 40, 130, 129, 76, 74, 97, 23, 143, 131, 54, 128, 127, 83, 89, 86, 142, 75, 124, 35, 126, 47, 123, 125, 141, 117, 119, 90, 29, 53, 8, 15, 10, 16, 67, 110, 108, 64, 21, 103, 77, 55, 92, 43, 27, 41, 111, 9, 107, 114, 121, 120, 101, 106, 63, 6, 1, 2, 0, 42, 5, 25, 4, 22, 20, 37, 34, 39, 46, 52, 51, 3, 100, 96, 98, 11, 31, 30, 19, 24, 50, 44, 91, 84, 82, 104, 95, 88, 70, 87, 81, 94, 69, 79, 80, 72, 68, 60, 59, 73, 66, 65, 62, 33, 38, 57, 56, 49, 45]",True,37751311280,37.751311280,"[122, 17, 18, 32, 137, 138, 140, 139, 13, 14, 116, 118, 136, 112, 36, 135, 26, 28, 105, 99, 148, 115, 149, 144, 145, 147, 146, 12, 71, 58, 134, 109, 61, 78, 102, 48, 85, 93, 133, 7, 132, 40, 130, 129, 76, 74, 97, 23, 143, 131, 54, 128, 127, 83, 89, 86, 142, 75, 124, 35, 126, 47, 123, 125, 141, 117, 119, 90, 29, 53, 8, 15, 10, 16, 67, 110, 108, 64, 21, 103, 77, 55, 92, 43, 27, 41, 111, 9, 107, 114, 121, 120, 101, 106, 63, 6, 1, 2, 0, 42, 5, 25, 4, 22, 20, 37, 34, 39, 46, 52, 51, 3, 100, 96, 98, 11, 31, 30, 19, 24, 50, 44, 91, 84, 82, 104, 95, 88, 70, 87, 81, 94, 69, 79, 80, 72, 68, 60, 59, 73, 66, 65, 62, 33, 38, 57, 56, 49, 45]","[45, 49, 56, 57, 38, 33, 62, 65, 66, 73, 59, 60, 68, 72, 80, 79, 69, 94, 81, 87, 70, 88, 95, 104, 82, 84, 91, 44, 50, 24, 19, 30, 31, 11, 98, 96, 100, 3, 51, 52, 46, 39, 34, 37, 20, 22, 4, 25, 5, 42, 0, 2, 1, 6, 63, 106, 101, 120, 121, 114, 107, 9, 111, 41, 27, 43, 92, 55, 77, 103, 21, 64, 108, 110, 67, 16, 10, 15, 8, 53, 29, 90, 119, 117, 141, 125, 123, 47, 126, 35, 124, 75, 142, 86, 89, 83, 127, 128, 54, 131, 143, 23, 97, 74, 76, 129, 130, 40, 132, 7, 133, 93, 85, 48, 102, 78, 61, 109, 134, 58, 71, 12, 146, 147, 145, 144, 149, 115, 148, 99, 105, 28, 26, 135, 36, 112, 136, 118, 116, 14, 13, 139, 140, 138, 137, 32, 18, 17, 122]",True,complete,235,235,9504,0,2766,81,2685,2000,1596,1,0,lowest_first,True,2,134,28,134,28,28,28,28
2,210453,2,2,147,"[17, 122]","[0, 1, 2, 3, 4, 5, 6, 7, 8, 9, 10, 11, 12, 13, 14, 15, 16, 18, 19, 20, 21, 22, 23, 24, 25, 26, 27, 28, 29, 30, 31, 32, 33, 34, 35, 36, 37, 38, 39, 40, 41, 42, 43, 44, 45, 46, 47, 48, 49, 50, 51, 52, 53, 54, 55, 56, 57, 58, 59, 60, 61, 62, 63, 64, 65, 66, 67, 68, 69, 70, 71, 72, 73, 74, 75, 76, 77, 78, 79, 80, 81, 82, 83, 84, 85, 86, 87, 88, 89, 90, 91, 92, 93, 94, 95, 96, 97, 98, 99, 100, 101, 102, 103, 104, 105, 106, 107, 108, 109, 110, 111, 112, 114, 115, 116, 117, 118, 119, 120, 121, 123, 124, 125, 126, 127, 128, 129, 130, 131, 132, 133, 134, 135, 136, 137, 138, 139, 140, 141, 142, 143, 144, 145, 146, 147, 148, 149]",{},[],0,"[122, 17, 18, 32, 137, 138, 140, 139, 13, 14, 116, 118, 136, 112, 36, 135, 26, 28, 105, 99, 148, 115, 149, 144, 145, 147, 146, 12, 71, 58, 134, 109, 61, 78, 102, 48, 85, 93, 133, 7, 132, 40, 130, 129, 76, 74, 97, 23, 143, 131, 54, 128, 127, 83, 89, 86, 142, 75, 124, 35, 126, 47, 123, 125, 141, 117, 119, 90, 29, 53, 8, 15, 10, 16, 67, 110, 108, 64, 21, 103, 77, 55, 92, 43, 27, 41, 111, 9, 107, 114, 121, 120, 101, 106, 63, 6, 1, 2, 0, 42, 5, 25, 4, 22, 20, 37, 34, 39, 46, 52, 51, 3, 100, 96, 98, 11, 31, 30, 19, 24, 50, 44, 91, 84, 82, 104, 95, 88, 70, 87, 81, 94, 69, 79, 80, 72, 68, 60, 59, 73, 66, 65, 62, 33, 38, 57, 56, 49, 45]",True,29176266298,29.176266298,"[18, 32, 137, 138, 140, 139, 14, 13, 118, 116, 136, 112, 36, 135, 28, 26, 99, 105, 148, 115, 149, 144, 145, 147, 146, 12, 58, 71, 134, 109, 78, 48, 67, 61, 10, 133, 130, 93, 85, 129, 76, 128, 31, 94, 74, 127, 91, 126, 35, 7, 83, 125, 102, 30, 124, 21, 123, 110, 141, 142, 90, 15, 108, 16, 111, 9, 42, 40, 143, 132, 131, 54, 97, 11, 100, 64, 50, 104, 75, 119, 92, 77, 55, 117, 53, 29, 43, 27, 41, 8, 98, 96, 107, 114, 121, 120, 101, 106, 63, 95, 87, 103, 88, 70, 89, 69, 79, 80, 72, 86, 82, 81, 73, 66, 65, 47, 68, 60, 59, 44, 62, 84, 24, 23, 25, 57, 56, 49, 46, 45, 51, 38, 52, 39, 34, 33, 37, 20, 19, 5, 22, 3, 4, 2, 6, 1, 0]","[0, 1, 6, 2, 4, 3, 22, 5, 19, 20, 37, 33, 34, 39, 52, 38, 51, 45, 46, 49, 56, 57, 25, 23, 24, 84, 62, 44, 59, 60, 68, 47, 65, 66, 73, 81, 82, 86, 72, 80, 79, 69, 89, 70, 88, 103, 87, 95, 63, 106, 101, 120, 121, 114, 107, 96, 98, 8, 41, 27, 43, 29, 53, 117, 55, 77, 92, 119, 75, 104, 50, 64, 100, 11, 97, 54, 131, 132, 143, 40, 42, 9, 111, 16, 108, 15, 90, 142, 141, 110, 123, 21, 124, 30, 102, 125, 83, 7, 35, 126, 91, 127, 74, 94, 31, 128, 76, 129, 85, 93, 130, 133, 10, 61, 67, 48, 78, 109, 134, 71, 58, 12, 146, 147, 145, 144, 149, 115, 148, 105, 99, 26, 28, 135, 36, 112, 136, 116, 118, 13, 14, 139, 140, 138, 137, 32, 18]",False,complete,148,148,7963,0,1716,1,1715,1963,248,0,0,lowest_first,True,2,158,28,158,28,28,28,28
2,210454,3,4,145,"[17, 18, 32, 122]","[0, 1, 2, 3, 4, 5, 6, 7, 8, 9, 10, 11, 12, 13, 14, 15, 16, 19, 20, 21, 22, 23, 24, 25, 26, 27, 28, 29, 30, 31, 33, 34, 35, 36, 37, 38, 39, 40, 41, 42, 43, 44, 45, 46, 47, 48, 49, 50, 51, 52, 53, 54, 55, 56, 57, 58, 59, 60, 61, 62, 63, 64, 65, 66, 67, 68, 69, 70, 71, 72, 73, 74, 75, 76, 77, 78, 79, 80, 81, 82, 83, 84, 85, 86, 87, 88, 89, 90, 91, 92, 93, 94, 95, 96, 97, 98, 99, 100, 101, 102, 103, 104, 105, 106, 107, 108, 109, 110, 111, 112, 114, 115, 116, 117, 118, 119, 120, 121, 123, 124, 125, 126, 127, 128, 129, 130, 131, 132, 133, 134, 135, 136, 137, 138, 139, 140, 141, 142, 143, 144, 145, 146, 147, 148, 149]",{},[],0,"[122, 17, 18, 32, 137, 138, 140, 139, 13, 14, 116, 118, 136, 112, 36, 135, 26, 28, 105, 99, 148, 115, 149, 144, 145, 147, 146, 12, 71, 58, 134, 109, 61, 78, 102, 48, 85, 93, 133, 7, 132, 40, 130, 129, 76, 74, 97, 23, 143, 131, 54, 128, 127, 83, 89, 86, 142, 75, 124, 35, 126, 47, 123, 125, 141, 117, 119, 90, 29, 53, 8, 15, 10, 16, 67, 110, 108, 64, 21, 103, 77, 55, 92, 43, 27, 41, 111, 9, 107, 114, 121, 120, 101, 106, 63, 6, 1, 2, 0, 42, 5, 25, 4, 22, 20, 37, 34, 39, 46, 52, 51, 3, 100, 96, 98, 11, 31, 30, 19, 24, 50, 44, 91, 84, 82, 104, 95, 88, 70, 87, 81, 94, 69, 79, 80, 72, 68, 60, 59, 73, 66, 65, 62, 33, 38, 57, 56, 49, 45]",True,31892630412,31.892630412,"[137, 138, 139, 140, 14, 13, 118, 116, 136, 16, 36, 135, 28, 26, 105, 99, 148, 115, 144, 149, 145, 147, 146, 12, 58, 71, 134, 109, 61, 102, 133, 42, 48, 85, 67, 78, 143, 7, 132, 129, 131, 130, 74, 128, 31, 23, 127, 47, 52, 124, 123, 141, 142, 126, 94, 44, 50, 125, 86, 103, 119, 8, 15, 10, 112, 27, 110, 108, 117, 29, 92, 53, 55, 43, 111, 9, 107, 114, 93, 76, 90, 77, 75, 41, 121, 63, 120, 101, 21, 106, 83, 6, 1, 2, 0, 40, 5, 25, 4, 22, 20, 35, 37, 34, 39, 46, 54, 62, 51, 49, 45, 56, 57, 38, 33, 19, 24, 97, 30, 11, 3, 100, 98, 96, 84, 87, 82, 81, 104, 95, 70, 69, 89, 79, 88, 91, 73, 66, 64, 68, 60, 59, 80, 72, 65]","[65, 72, 80, 59, 60, 68, 64, 66, 73, 91, 88, 79, 89, 69, 70, 95, 104, 81, 82, 87, 84, 96, 98, 100, 3, 11, 30, 97, 24, 19, 33, 38, 57, 56, 45, 49, 51, 62, 54, 46, 39, 34, 37, 35, 20, 22, 4, 25, 5, 40, 0, 2, 1, 6, 83, 106, 21, 101, 120, 63, 121, 41, 75, 77, 90, 76, 93, 114, 107, 9, 111, 43, 55, 53, 92, 29, 117, 108, 110, 27, 112, 10, 15, 8, 119, 103, 86, 125, 50, 44, 94, 126, 142, 141, 123, 124, 52, 47, 127, 23, 31, 128, 74, 130, 131, 129, 132, 7, 143, 78, 67, 85, 48, 42, 133, 102, 61, 109, 134, 71, 58, 12, 146, 147, 145, 149, 144, 115, 148, 99, 105, 26, 28, 135, 36, 16, 136, 116, 118, 13, 14, 140, 139, 138, 137]",False,complete,154,154,8243,0,1950,7,1943,2000,406,0,0,lowest_first,True,2,117,25,117,25,25,25,25
2,210455,4,6,143,"[17, 18, 32, 122, 137, 138]","[0, 1, 2, 3, 4, 5, 6, 7, 8, 9, 10, 11, 12, 13, 14, 15, 16, 19, 20, 21, 22, 23, 24, 25, 26, 27, 28, 29, 30, 31, 33, 34, 35, 36, 37, 38, 39, 40, 41, 42, 43, 44, 45, 46, 47, 48, 49, 50, 51, 52, 53, 54, 55, 56, 57, 58, 59, 60, 61, 62, 63, 64, 65, 66, 67, 68, 69, 70, 71, 72, 73, 74, 75, 76, 77, 78, 79, 80, 81, 82, 83, 84, 85, 86, 87, 88, 89, 90, 91, 92, 93, 94, 95, 96, 97, 98, 99, 100, 101, 102, 103, 104, 105, 106, 107, 108, 109, 110, 111, 112, 114, 115, 116, 117, 118, 119, 120, 121, 123, 124, 125, 126, 127, 128, 129, 130, 131, 132, 133, 134, 135, 136, 139, 140, 141, 142, 143, 144, 145, 146, 147, 148, 149]",{},[],0,"[122, 17, 18, 32, 137, 138, 140, 139, 13, 14, 116, 118, 136, 112, 36, 135, 26, 28, 105, 99, 148, 115, 149, 144, 145, 147, 146, 12, 71, 58, 134, 109, 61, 78, 102, 48, 85, 93, 133, 7, 132, 40, 130, 129, 76, 74, 97, 23, 143, 131, 54, 128, 127, 83, 89, 86, 142, 75, 124, 35, 126, 47, 123, 125, 141, 117, 119, 90, 29, 53, 8, 15, 10, 16, 67, 110, 108, 64, 21, 103, 77, 55, 92, 43, 27, 41, 111, 9, 107, 114, 121, 120, 101, 106, 63, 6, 1, 2, 0, 42, 5, 25, 4, 22, 20, 37, 34, 39, 46, 52, 51, 3, 100, 96, 98, 11, 31, 30, 19, 24, 50, 44, 91, 84, 82, 104, 95, 88, 70, 87, 81, 94, 69, 79, 80, 72, 68, 60, 59, 73, 66, 65, 62, 33, 38, 57, 56, 49, 45]",True,29610916976,29.610916976,"[140, 139, 13, 14, 116, 118, 136, 112, 36, 135, 26, 28, 99, 105, 144, 10, 149, 102, 145, 147, 146, 12, 58, 71, 134, 109, 67, 48, 78, 61, 148, 93, 85, 133, 130, 129, 74, 40, 42, 7, 132, 131, 54, 143, 128, 126, 47, 125, 124, 123, 142, 141, 119, 104, 103, 127, 55, 86, 25, 27, 15, 117, 41, 16, 76, 110, 9, 97, 64, 90, 53, 92, 77, 75, 8, 29, 43, 111, 108, 89, 115, 63, 107, 114, 121, 120, 101, 106, 94, 6, 1, 2, 0, 70, 62, 87, 60, 83, 68, 69, 59, 79, 80, 66, 72, 65, 73, 91, 88, 44, 95, 31, 100, 82, 81, 96, 30, 98, 11, 84, 24, 52, 51, 46, 39, 50, 49, 45, 56, 57, 38, 23, 5, 4, 3, 21, 22, 20, 19, 35, 37, 34, 33]","[33, 34, 37, 35, 19, 20, 22, 21, 3, 4, 5, 23, 38, 57, 56, 45, 49, 50, 39, 46, 51, 52, 24, 84, 11, 98, 30, 96, 81, 82, 100, 31, 95, 44, 88, 91, 73, 65, 72, 66, 80, 79, 59, 69, 68, 83, 60, 87, 62, 70, 0, 2, 1, 6, 94, 106, 101, 120, 121, 114, 107, 63, 115, 89, 108, 111, 43, 29, 8, 75, 77, 92, 53, 90, 64, 97, 9, 110, 76, 16, 41, 117, 15, 27, 25, 86, 55, 127, 103, 104, 119, 141, 142, 123, 124, 125, 47, 126, 128, 143, 54, 131, 132, 7, 42, 40, 74, 129, 130, 133, 85, 93, 148, 61, 78, 48, 67, 109, 134, 71, 58, 12, 146, 147, 145, 102, 149, 10, 144, 105, 99, 28, 26, 135, 36, 112, 136, 118, 116, 14, 13, 139, 140]",False,complete,146,146,7956,0,1708,1,1707,1844,137,0,0,lowest_first,True,2,102,26,102,26,26,26,26
2,210456,5,8,141,"[17, 18, 32, 122, 137, 138, 139, 140]","[0, 1, 2, 3, 4, 5, 6, 7, 8, 9, 10, 11, 12, 13, 14, 15, 16, 19, 20, 21, 22, 23, 24, 25, 26, 27, 28, 29, 30, 31, 33, 34, 35, 36, 37, 38, 39, 40, 41, 42, 43, 44, 45, 46, 47, 48, 49, 50, 51, 52, 53, 54, 55, 56, 57, 58, 59, 60, 61, 62, 63, 64, 65, 66, 67, 68, 69, 70, 71, 72, 73, 74, 75, 76, 77, 78, 79, 80, 81, 82, 83, 84, 85, 86, 87, 88, 89, 90, 91, 92, 93, 94, 95, 96, 97, 98, 99, 100, 101, 102, 103, 104, 105, 106, 107, 108, 109, 110, 111, 112, 114, 115, 116, 117, 118, 119, 120, 121, 123, 124, 125, 126, 127, 128, 129, 130, 131, 132, 133, 134, 135, 136, 141, 142, 143, 144, 145, 146, 147, 148, 149]",{},[],0,"[122, 17, 18, 32, 137, 138, 140, 139, 13, 14, 116, 118, 136, 112, 36, 135, 26, 28, 105, 99, 148, 115, 149, 144, 145, 147, 146, 12, 71, 58, 134, 109, 61, 78, 102, 48, 85, 93, 133, 7, 132, 40, 130, 129, 76, 74, 97, 23, 143, 131, 54, 128, 127, 83, 89, 86, 142, 75, 124, 35, 126, 47, 123, 125, 141, 117, 119, 90, 29, 53, 8, 15, 10, 16, 67, 110, 108, 64, 21, 103, 77, 55, 92, 43, 27, 41, 111, 9, 107, 114, 121, 120, 101, 106, 63, 6, 1, 2, 0, 42, 5, 25, 4, 22, 20, 37, 34, 39, 46, 52, 51, 3, 100, 96, 98, 11, 31, 30, 19, 24, 50, 44, 91, 84, 82, 104, 95, 88, 70, 87, 81, 94, 69, 79, 80, 72, 68, 60, 59, 73, 66, 65, 62, 33, 38, 57, 56, 49, 45]",True,30129817728,30.129817728,"[13, 14, 116, 118, 136, 112, 36, 135, 26, 28, 105, 99, 148, 115, 144, 149, 145, 146, 147, 12, 58, 71, 134, 109, 67, 78, 48, 61, 10, 133, 129, 93, 85, 130, 74, 42, 40, 7, 131, 132, 54, 143, 128, 31, 127, 47, 35, 126, 125, 141, 27, 104, 124, 53, 86, 123, 119, 16, 102, 142, 110, 9, 117, 111, 108, 25, 6, 94, 29, 41, 15, 43, 1, 2, 76, 63, 64, 55, 75, 77, 90, 92, 8, 0, 107, 114, 121, 120, 101, 106, 50, 30, 97, 11, 89, 98, 96, 83, 100, 44, 24, 84, 87, 82, 81, 103, 95, 88, 70, 91, 69, 79, 80, 72, 68, 60, 59, 73, 66, 65, 62, 57, 52, 51, 46, 49, 45, 56, 38, 23, 39, 34, 33, 21, 37, 20, 19, 5, 22, 4, 3]","[3, 4, 22, 5, 19, 20, 37, 21, 33, 34, 39, 23, 38, 56, 45, 49, 46, 51, 52, 57, 62, 65, 66, 73, 59, 60, 68, 72, 80, 79, 69, 91, 70, 88, 95, 103, 81, 82, 87, 84, 24, 44, 100, 83, 96, 98, 89, 11, 97, 30, 50, 106, 101, 120, 121, 114, 107, 0, 8, 92, 90, 77, 75, 55, 64, 63, 76, 2, 1, 43, 15, 41, 29, 94, 6, 25, 108, 111, 117, 9, 110, 142, 102, 16, 119, 123, 86, 53, 124, 104, 27, 141, 125, 126, 35, 47, 127, 31, 128, 143, 54, 132, 131, 7, 40, 42, 74, 130, 85, 93, 129, 133, 10, 61, 48, 78, 67, 109, 134, 71, 58, 12, 147, 146, 145, 149, 144, 115, 148, 99, 105, 28, 26, 135, 36, 112, 136, 118, 116, 14, 13]",False,complete,143,143,7728,0,1709,0,1709,2000,303,0,0,lowest_first,True,2,115,24,115,24,24,24,24
2,210457,6,10,139,"[13, 14, 17, 18, 32, 122, 137, 138, 139, 140]","[0, 1, 2, 3, 4, 5, 6, 7, 8, 9, 10, 11, 12, 15, 16, 19, 20, 21, 22, 23, 24, 25, 26, 27, 28, 29, 30, 31, 33, 34, 35, 36, 37, 38, 39, 40, 41, 42, 43, 44, 45, 46, 47, 48, 49, 50, 51, 52, 53, 54, 55, 56, 57, 58, 59, 60, 61, 62, 63, 64, 65, 66, 67, 68, 69, 70, 71, 72, 73, 74, 75, 76, 77, 78, 79, 80, 81, 82, 83, 84, 85, 86, 87, 88, 89, 90, 91, 92, 93, 94, 95, 96, 97, 98, 99, 100, 101, 102, 103, 104, 105, 106, 107, 108, 109, 110, 111, 112, 114, 115, 116, 117, 118, 119, 120, 121, 123, 124, 125, 126, 127, 128, 129, 130, 131, 132, 133, 134, 135, 136, 141, 142, 143, 144, 145, 146, 147, 148, 149]",{},[],0,"[122, 17, 18, 32, 137, 138, 140, 139, 13, 14, 116, 118, 136, 112, 36, 135, 26, 28, 105, 99, 148, 115, 149, 144, 145, 147, 146, 12, 71, 58, 134, 109, 61, 78, 102, 48, 85, 93, 133, 7, 132, 40, 130, 129, 76, 74, 97, 23, 143, 131, 54, 128, 127, 83, 89, 86, 142, 75, 124, 35, 126, 47, 123, 125, 141, 117, 119, 90, 29, 53, 8, 15, 10, 16, 67, 110, 108, 64, 21, 103, 77, 55, 92, 43, 27, 41, 111, 9, 107, 114, 121, 120, 101, 106, 63, 6, 1, 2, 0, 42, 5, 25, 4, 22, 20, 37, 34, 39, 46, 52, 51, 3, 100, 96, 98, 11, 31, 30, 19, 24, 50, 44, 91, 84, 82, 104, 95, 88, 70, 87, 81, 94, 69, 79, 80, 72, 68, 60, 59, 73, 66, 65, 62, 33, 38, 57, 56, 49, 45]",True,26665930517,26.665930517,"[118, 116, 136, 112, 36, 135, 26, 28, 105, 99, 149, 102, 144, 10, 145, 146, 147, 12, 58, 71, 134, 109, 78, 61, 67, 148, 48, 93, 85, 133, 130, 129, 74, 42, 40, 7, 132, 131, 54, 143, 128, 126, 47, 125, 124, 123, 142, 141, 53, 127, 94, 15, 16, 25, 76, 110, 9, 97, 63, 91, 64, 119, 90, 117, 77, 92, 55, 75, 41, 8, 43, 29, 27, 111, 108, 106, 115, 107, 6, 1, 2, 0, 114, 121, 120, 101, 52, 51, 46, 39, 68, 50, 45, 49, 56, 57, 38, 83, 44, 103, 62, 60, 89, 70, 69, 59, 79, 80, 72, 86, 73, 66, 65, 23, 5, 4, 21, 22, 20, 35, 37, 34, 33, 3, 100, 96, 98, 11, 31, 30, 24, 19, 84, 87, 82, 81, 88, 104, 95]","[95, 104, 88, 81, 82, 87, 84, 19, 24, 30, 31, 11, 98, 96, 100, 3, 33, 34, 37, 35, 20, 22, 21, 4, 5, 23, 65, 66, 73, 86, 72, 80, 79, 59, 69, 70, 89, 60, 62, 103, 44, 83, 38, 57, 56, 49, 45, 50, 68, 39, 46, 51, 52, 101, 120, 121, 114, 0, 2, 1, 6, 107, 115, 106, 108, 111, 27, 29, 43, 8, 41, 75, 55, 92, 77, 117, 90, 119, 64, 91, 63, 97, 9, 110, 76, 25, 16, 15, 94, 127, 53, 141, 142, 123, 124, 125, 47, 126, 128, 143, 54, 131, 132, 7, 40, 42, 74, 129, 130, 133, 85, 93, 48, 148, 67, 61, 78, 109, 134, 71, 58, 12, 147, 146, 145, 10, 144, 102, 149, 99, 105, 28, 26, 135, 36, 112, 136, 116, 118]",False,complete,140,140,7385,0,1617,1,1616,1732,116,0,0,lowest_first,True,2,120,27,120,27,27,27,27
2,210458,7,12,137,"[13, 14, 17, 18, 32, 116, 118, 122, 137, 138, 139, 140]","[0, 1, 2, 3, 4, 5, 6, 7, 8, 9, 10, 11, 12, 15, 16, 19, 20, 21, 22, 23, 24, 25, 26, 27, 28, 29, 30, 31, 33, 34, 35, 36, 37, 38, 39, 40, 41, 42, 43, 44, 45, 46, 47, 48, 49, 50, 51, 52, 53, 54, 55, 56, 57, 58, 59, 60, 61, 62, 63, 64, 65, 66, 67, 68, 69, 70, 71, 72, 73, 74, 75, 76, 77, 78, 79, 80, 81, 82, 83, 84, 85, 86, 87, 88, 89, 90, 91, 92, 93, 94, 95, 96, 97, 98, 99, 100, 101, 102, 103, 104, 105, 106, 107, 108, 109, 110, 111, 112, 114, 115, 117, 119, 120, 121, 123, 124, 125, 126, 127, 128, 129, 130, 131, 132, 133, 134, 135, 136, 141, 142, 143, 144, 145, 146, 147, 148, 149]",{},[],0,"[122, 17, 18, 32, 137, 138, 140, 139, 13, 14, 116, 118, 136, 112, 36, 135, 26, 28, 105, 99, 148, 115, 149, 144, 145, 147, 146, 12, 71, 58, 134, 109, 61, 78, 102, 48, 85, 93, 133, 7, 132, 40, 130, 129, 76, 74, 97, 23, 143, 131, 54, 128, 127, 83, 89, 86, 142, 75, 124, 35, 126, 47, 123, 125, 141, 117, 119, 90, 29, 53, 8, 15, 10, 16, 67, 110, 108, 64, 21, 103, 77, 55, 92, 43, 27, 41, 111, 9, 107, 114, 121, 120, 101, 106, 63, 6, 1, 2, 0, 42, 5, 25, 4, 22, 20, 37, 34, 39, 46, 52, 51, 3, 100, 96, 98, 11, 31, 30, 19, 24, 50, 44, 91, 84, 82, 104, 95, 88, 70, 87, 81, 94, 69, 79, 80, 72, 68, 60, 59, 73, 66, 65, 62, 33, 38, 57, 56, 49, 45]",True,27967309518,27.967309518,"[136, 16, 36, 135, 28, 26, 105, 99, 145, 148, 115, 144, 149, 146, 147, 12, 71, 58, 134, 109, 48, 78, 61, 67, 85, 93, 133, 40, 42, 102, 7, 130, 132, 131, 129, 76, 128, 31, 127, 126, 91, 47, 86, 74, 125, 142, 141, 90, 92, 8, 94, 124, 75, 52, 50, 43, 143, 55, 77, 10, 112, 123, 53, 27, 110, 108, 117, 119, 15, 29, 107, 25, 114, 41, 121, 106, 120, 101, 111, 9, 6, 1, 2, 0, 30, 97, 11, 100, 98, 96, 54, 51, 46, 45, 64, 70, 69, 89, 79, 80, 72, 68, 73, 66, 65, 59, 39, 60, 63, 62, 49, 56, 57, 38, 83, 44, 24, 104, 84, 87, 82, 81, 88, 103, 95, 23, 5, 4, 3, 21, 22, 20, 19, 35, 37, 34, 33]","[33, 34, 37, 35, 19, 20, 22, 21, 3, 4, 5, 23, 95, 103, 88, 81, 82, 87, 84, 104, 24, 44, 83, 38, 57, 56, 49, 62, 63, 60, 39, 59, 65, 66, 73, 68, 72, 80, 79, 89, 69, 70, 64, 45, 46, 51, 54, 96, 98, 100, 11, 97, 30, 0, 2, 1, 6, 9, 111, 101, 120, 106, 121, 41, 114, 25, 107, 29, 15, 119, 117, 108, 110, 27, 53, 123, 112, 10, 77, 55, 143, 43, 50, 52, 75, 124, 94, 8, 92, 90, 141, 142, 125, 74, 86, 47, 91, 126, 127, 31, 128, 76, 129, 131, 132, 130, 7, 102, 42, 40, 133, 93, 85, 67, 61, 78, 48, 109, 134, 58, 71, 12, 147, 146, 149, 144, 115, 148, 145, 99, 105, 26, 28, 135, 36, 16, 136]",False,complete,137,137,7365,0,1594,0,1594,1636,42,0,0,lowest_first,True,2,89,25,89,25,25,25,25
2,210459,8,14,135,"[13, 14, 17, 18, 32, 112, 116, 118, 122, 136, 137, 138, 139, 140]","[0, 1, 2, 3, 4, 5, 6, 7, 8, 9, 10, 11, 12, 15, 16, 19, 20, 21, 22, 23, 24, 25, 26, 27, 28, 29, 30, 31, 33, 34, 35, 36, 37, 38, 39, 40, 41, 42, 43, 44, 45, 46, 47, 48, 49, 50, 51, 52, 53, 54, 55, 56, 57, 58, 59, 60, 61, 62, 63, 64, 65, 66, 67, 68, 69, 70, 71, 72, 73, 74, 75, 76, 77, 78, 79, 80, 81, 82, 83, 84, 85, 86, 87, 88, 89, 90, 91, 92, 93, 94, 95, 96, 97, 98, 99, 100, 101, 102, 103, 104, 105, 106, 107, 108, 109, 110, 111, 114, 115, 117, 119, 120, 121, 123, 124, 125, 126, 127, 128, 129, 130, 131, 132, 133, 134, 135, 141, 142, 143, 144, 145, 146, 147, 148, 149]",{},[],0,"[122, 17, 18, 32, 137, 138, 140, 139, 13, 14, 116, 118, 136, 112, 36, 135, 26, 28, 105, 99, 148, 115, 149, 144, 145, 147, 146, 12, 71, 58, 134, 109, 61, 78, 102, 48, 85, 93, 133, 7, 132, 40, 130, 129, 76, 74, 97, 23, 143, 131, 54, 128, 127, 83, 89, 86, 142, 75, 124, 35, 126, 47, 123, 125, 141, 117, 119, 90, 29, 53, 8, 15, 10, 16, 67, 110, 108, 64, 21, 103, 77, 55, 92, 43, 27, 41, 111, 9, 107, 114, 121, 120, 101, 106, 63, 6, 1, 2, 0, 42, 5, 25, 4, 22, 20, 37, 34, 39, 46, 52, 51, 3, 100, 96, 98, 11, 31, 30, 19, 24, 50, 44, 91, 84, 82, 104, 95, 88, 70, 87, 81, 94, 69, 79, 80, 72, 68, 60, 59, 73, 66, 65, 62, 33, 38, 57, 56, 49, 45]",True,30913240110,30.913240110,"[36, 135, 28, 26, 105, 99, 148, 115, 149, 145, 144, 147, 146, 12, 71, 58, 134, 109, 67, 61, 48, 78, 10, 133, 130, 93, 85, 129, 74, 42, 40, 7, 132, 131, 54, 143, 128, 31, 127, 47, 35, 126, 125, 142, 27, 104, 124, 123, 141, 55, 119, 15, 103, 16, 25, 76, 110, 108, 64, 92, 53, 75, 117, 77, 90, 43, 29, 41, 8, 111, 9, 107, 102, 114, 121, 89, 120, 101, 63, 106, 50, 95, 98, 100, 96, 30, 97, 11, 6, 1, 2, 0, 52, 51, 46, 45, 49, 56, 57, 68, 62, 60, 91, 70, 69, 59, 79, 80, 88, 87, 94, 72, 83, 73, 66, 65, 84, 24, 44, 86, 82, 81, 38, 23, 39, 34, 33, 21, 37, 20, 19, 5, 22, 4, 3]","[3, 4, 22, 5, 19, 20, 37, 21, 33, 34, 39, 23, 38, 81, 82, 86, 44, 24, 84, 65, 66, 73, 83, 72, 94, 87, 88, 80, 79, 59, 69, 70, 91, 60, 62, 68, 57, 56, 49, 45, 46, 51, 52, 0, 2, 1, 6, 11, 97, 30, 96, 100, 98, 95, 50, 106, 63, 101, 120, 89, 121, 114, 102, 107, 9, 111, 8, 41, 29, 43, 90, 77, 117, 75, 53, 92, 64, 108, 110, 76, 25, 16, 103, 15, 119, 55, 141, 123, 124, 104, 27, 142, 125, 126, 35, 47, 127, 31, 128, 143, 54, 131, 132, 7, 40, 42, 74, 129, 85, 93, 130, 133, 10, 78, 48, 61, 67, 109, 134, 58, 71, 12, 146, 147, 144, 145, 149, 115, 148, 99, 105, 26, 28, 135, 36]",False,complete,137,137,7054,0,1783,2,1781,2000,275,0,0,lowest_first,True,2,114,27,114,27,27,27,27
2,210460,9,16,133,"[13, 14, 17, 18, 32, 36, 112, 116, 118, 122, 135, 136, 137, 138, 139, 140]","[0, 1, 2, 3, 4, 5, 6, 7, 8, 9, 10, 11, 12, 15, 16, 19, 20, 21, 22, 23, 24, 25, 26, 27, 28, 29, 30, 31, 33, 34, 35, 37, 38, 39, 40, 41, 42, 43, 44, 45, 46, 47, 48, 49, 50, 51, 52, 53, 54, 55, 56, 57, 58, 59, 60, 61, 62, 63, 64, 65, 66, 67, 68, 69, 70, 71, 72, 73, 74, 75, 76, 77, 78, 79, 80, 81, 82, 83, 84, 85, 86, 87, 88, 89, 90, 91, 92, 93, 94, 95, 96, 97, 98, 99, 100, 101, 102, 103, 104, 105, 106, 107, 108, 109, 110, 111, 114, 115, 117, 119, 120, 121, 123, 124, 125, 126, 127, 128, 129, 130, 131, 132, 133, 134, 141, 142, 143, 144, 145, 146, 147, 148, 149]",{},[],0,"[122, 17, 18, 32, 137, 138, 140, 139, 13, 14, 116, 118, 136, 112, 36, 135, 26, 28, 105, 99, 148, 115, 149, 144, 145, 147, 146, 12, 71, 58, 134, 109, 61, 78, 102, 48, 85, 93, 133, 7, 132, 40, 130, 129, 76, 74, 97, 23, 143, 131, 54, 128, 127, 83, 89, 86, 142, 75, 124, 35, 126, 47, 123, 125, 141, 117, 119, 90, 29, 53, 8, 15, 10, 16, 67, 110, 108, 64, 21, 103, 77, 55, 92, 43, 27, 41, 111, 9, 107, 114, 121, 120, 101, 106, 63, 6, 1, 2, 0, 42, 5, 25, 4, 22, 20, 37, 34, 39, 46, 52, 51, 3, 100, 96, 98, 11, 31, 30, 19, 24, 50, 44, 91, 84, 82, 104, 95, 88, 70, 87, 81, 94, 69, 79, 80, 72, 68, 60, 59, 73, 66, 65, 62, 33, 38, 57, 56, 49, 45]",True,27083980641,27.083980641,"[28, 26, 105, 99, 145, 149, 102, 148, 144, 147, 146, 12, 71, 58, 134, 109, 48, 67, 61, 78, 10, 93, 85, 133, 130, 129, 74, 40, 42, 7, 131, 132, 52, 143, 128, 126, 47, 125, 94, 100, 142, 141, 8, 15, 77, 76, 44, 50, 124, 123, 115, 16, 25, 110, 108, 63, 127, 91, 103, 117, 75, 90, 92, 53, 55, 119, 27, 29, 43, 41, 111, 9, 107, 114, 121, 120, 101, 106, 83, 6, 1, 2, 0, 54, 51, 46, 45, 39, 62, 49, 56, 57, 38, 70, 86, 69, 79, 80, 64, 60, 59, 68, 66, 72, 65, 104, 73, 87, 89, 88, 82, 81, 84, 97, 96, 95, 98, 24, 30, 31, 11, 23, 5, 4, 3, 21, 22, 20, 19, 35, 37, 34, 33]","[33, 34, 37, 35, 19, 20, 22, 21, 3, 4, 5, 23, 11, 31, 30, 24, 98, 95, 96, 97, 84, 81, 82, 88, 89, 87, 73, 104, 65, 72, 66, 68, 59, 60, 64, 80, 79, 69, 86, 70, 38, 57, 56, 49, 62, 39, 45, 46, 51, 54, 0, 2, 1, 6, 83, 106, 101, 120, 121, 114, 107, 9, 111, 41, 43, 29, 27, 119, 55, 53, 92, 90, 75, 117, 103, 91, 127, 63, 108, 110, 25, 16, 115, 123, 124, 50, 44, 76, 77, 15, 8, 141, 142, 100, 94, 125, 47, 126, 128, 143, 52, 132, 131, 7, 42, 40, 74, 129, 130, 133, 85, 93, 10, 78, 61, 67, 48, 109, 134, 58, 71, 12, 146, 147, 144, 148, 102, 149, 145, 99, 105, 26, 28]",False,complete,134,134,6559,0,1576,1,1575,1769,194,0,0,lowest_first,True,2,129,25,129,25,25,25,25
2,210461,10,18,131,"[13, 14, 17, 18, 26, 28, 32, 36, 112, 116, 118, 122, 135, 136, 137, 138, 139, 140]","[0, 1, 2, 3, 4, 5, 6, 7, 8, 9, 10, 11, 12, 15, 16, 19, 20, 21, 22, 23, 24, 25, 27, 29, 30, 31, 33, 34, 35, 37, 38, 39, 40, 41, 42, 43, 44, 45, 46, 47, 48, 49, 50, 51, 52, 53, 54, 55, 56, 57, 58, 59, 60, 61, 62, 63, 64, 65, 66, 67, 68, 69, 70, 71, 72, 73, 74, 75, 76, 77, 78, 79, 80, 81, 82, 83, 84, 85, 86, 87, 88, 89, 90, 91, 92, 93, 94, 95, 96, 97, 98, 99, 100, 101, 102, 103, 104, 105, 106, 107, 108, 109, 110, 111, 114, 115, 117, 119, 120, 121, 123, 124, 125, 126, 127, 128, 129, 130, 131, 132, 133, 134, 141, 142, 143, 144, 145, 146, 147, 148, 149]",{},[],0,"[122, 17, 18, 32, 137, 138, 140, 139, 13, 14, 116, 118, 136, 112, 36, 135, 26, 28, 105, 99, 148, 115, 149, 144, 145, 147, 146, 12, 71, 58, 134, 109, 61, 78, 102, 48, 85, 93, 133, 7, 132, 40, 130, 129, 76, 74, 97, 23, 143, 131, 54, 128, 127, 83, 89, 86, 142, 75, 124, 35, 126, 47, 123, 125, 141, 117, 119, 90, 29, 53, 8, 15, 10, 16, 67, 110, 108, 64, 21, 103, 77, 55, 92, 43, 27, 41, 111, 9, 107, 114, 121, 120, 101, 106, 63, 6, 1, 2, 0, 42, 5, 25, 4, 22, 20, 37, 34, 39, 46, 52, 51, 3, 100, 96, 98, 11, 31, 30, 19, 24, 50, 44, 91, 84, 82, 104, 95, 88, 70, 87, 81, 94, 69, 79, 80, 72, 68, 60, 59, 73, 66, 65, 62, 33, 38, 57, 56, 49, 45]",True,30561050866,30.561050866,"[105, 99, 145, 148, 115, 149, 144, 147, 146, 12, 71, 58, 134, 109, 67, 78, 48, 61, 10, 133, 130, 93, 85, 129, 74, 42, 40, 7, 132, 131, 52, 143, 128, 127, 31, 47, 35, 126, 125, 141, 27, 104, 124, 123, 142, 55, 117, 86, 8, 43, 15, 29, 102, 16, 41, 119, 25, 76, 110, 108, 63, 89, 64, 53, 90, 75, 77, 92, 111, 9, 107, 114, 121, 120, 101, 106, 50, 6, 1, 2, 0, 30, 97, 11, 91, 98, 96, 83, 100, 44, 24, 84, 82, 103, 95, 88, 70, 87, 81, 94, 69, 79, 80, 72, 68, 60, 59, 73, 66, 65, 62, 57, 54, 51, 46, 49, 45, 56, 38, 23, 39, 34, 33, 21, 37, 20, 19, 5, 22, 4, 3]","[3, 4, 22, 5, 19, 20, 37, 21, 33, 34, 39, 23, 38, 56, 45, 49, 46, 51, 54, 57, 62, 65, 66, 73, 59, 60, 68, 72, 80, 79, 69, 94, 81, 87, 70, 88, 95, 103, 82, 84, 24, 44, 100, 83, 96, 98, 91, 11, 97, 30, 0, 2, 1, 6, 50, 106, 101, 120, 121, 114, 107, 9, 111, 92, 77, 75, 90, 53, 64, 89, 63, 108, 110, 76, 25, 119, 41, 16, 102, 29, 15, 43, 8, 86, 117, 55, 142, 123, 124, 104, 27, 141, 125, 126, 35, 47, 31, 127, 128, 143, 52, 131, 132, 7, 40, 42, 74, 129, 85, 93, 130, 133, 10, 61, 48, 78, 67, 109, 134, 58, 71, 12, 146, 147, 144, 149, 115, 148, 145, 99, 105]",False,complete,132,132,6439,0,1705,1,1704,1886,182,0,0,lowest_first,True,2,124,24,124,24,24,24,24
2,210462,11,20,129,"[13, 14, 17, 18, 26, 28, 32, 36, 99, 105, 112, 116, 118, 122, 135, 136, 137, 138, 139, 140]","[0, 1, 2, 3, 4, 5, 6, 7, 8, 9, 10, 11, 12, 15, 16, 19, 20, 21, 22, 23, 24, 25, 27, 29, 30, 31, 33, 34, 35, 37, 38, 39, 40, 41, 42, 43, 44, 45, 46, 47, 48, 49, 50, 51, 52, 53, 54, 55, 56, 57, 58, 59, 60, 61, 62, 63, 64, 65, 66, 67, 68, 69, 70, 71, 72, 73, 74, 75, 76, 77, 78, 79, 80, 81, 82, 83, 84, 85, 86, 87, 88, 89, 90, 91, 92, 93, 94, 95, 96, 97, 98, 100, 101, 102, 103, 104, 106, 107, 108, 109, 110, 111, 114, 115, 117, 119, 120, 121, 123, 124, 125, 126, 127, 128, 129, 130, 131, 132, 133, 134, 141, 142, 143, 144, 145, 146, 147, 148, 149]",{},[],0,"[122, 17, 18, 32, 137, 138, 140, 139, 13, 14, 116, 118, 136, 112, 36, 135, 26, 28, 105, 99, 148, 115, 149, 144, 145, 147, 146, 12, 71, 58, 134, 109, 61, 78, 102, 48, 85, 93, 133, 7, 132, 40, 130, 129, 76, 74, 97, 23, 143, 131, 54, 128, 127, 83, 89, 86, 142, 75, 124, 35, 126, 47, 123, 125, 141, 117, 119, 90, 29, 53, 8, 15, 10, 16, 67, 110, 108, 64, 21, 103, 77, 55, 92, 43, 27, 41, 111, 9, 107, 114, 121, 120, 101, 106, 63, 6, 1, 2, 0, 42, 5, 25, 4, 22, 20, 37, 34, 39, 46, 52, 51, 3, 100, 96, 98, 11, 31, 30, 19, 24, 50, 44, 91, 84, 82, 104, 95, 88, 70, 87, 81, 94, 69, 79, 80, 72, 68, 60, 59, 73, 66, 65, 62, 33, 38, 57, 56, 49, 45]",True,35323902609,35.323902609,"[149, 102, 148, 144, 145, 146, 147, 12, 71, 58, 134, 109, 78, 48, 61, 115, 85, 93, 133, 7, 131, 40, 130, 129, 76, 74, 97, 23, 143, 132, 52, 128, 127, 83, 89, 86, 142, 75, 124, 35, 126, 47, 141, 123, 119, 117, 125, 90, 15, 8, 27, 10, 57, 110, 77, 16, 108, 64, 21, 104, 55, 92, 53, 43, 41, 29, 111, 9, 107, 114, 121, 120, 101, 106, 67, 6, 1, 2, 0, 42, 5, 25, 4, 22, 20, 44, 37, 34, 39, 46, 54, 50, 51, 62, 49, 45, 56, 38, 33, 91, 63, 70, 60, 68, 66, 94, 73, 69, 59, 79, 80, 72, 65, 3, 100, 96, 98, 11, 31, 30, 24, 19, 84, 87, 82, 81, 88, 103, 95]","[95, 103, 88, 81, 82, 87, 84, 19, 24, 30, 31, 11, 98, 96, 100, 3, 65, 72, 80, 79, 59, 69, 73, 94, 66, 68, 60, 70, 63, 91, 33, 38, 56, 45, 49, 62, 51, 50, 54, 46, 39, 34, 37, 44, 20, 22, 4, 25, 5, 42, 0, 2, 1, 6, 67, 106, 101, 120, 121, 114, 107, 9, 111, 29, 41, 43, 53, 92, 55, 104, 21, 64, 108, 16, 77, 110, 57, 10, 27, 8, 15, 90, 125, 117, 119, 123, 141, 47, 126, 35, 124, 75, 142, 86, 89, 83, 127, 128, 52, 132, 143, 23, 97, 74, 76, 129, 130, 40, 131, 7, 133, 93, 85, 115, 61, 48, 78, 109, 134, 58, 71, 12, 147, 146, 145, 144, 148, 102, 149]",False,complete,162,162,6919,0,2444,68,2376,2000,938,0,0,lowest_first,True,2,131,27,131,27,27,27,27
2,210463,12,22,127,"[13, 14, 17, 18, 26, 28, 32, 36, 99, 105, 112, 115, 116, 118, 122, 135, 136, 137, 138, 139, 140, 148]","[0, 1, 2, 3, 4, 5, 6, 7, 8, 9, 10, 11, 12, 15, 16, 19, 20, 21, 22, 23, 24, 25, 27, 29, 30, 31, 33, 34, 35, 37, 38, 39, 40, 41, 42, 43, 44, 45, 46, 47, 48, 49, 50, 51, 52, 53, 54, 55, 56, 57, 58, 59, 60, 61, 62, 63, 64, 65, 66, 67, 68, 69, 70, 71, 72, 73, 74, 75, 76, 77, 78, 79, 80, 81, 82, 83, 84, 85, 86, 87, 88, 89, 90, 91, 92, 93, 94, 95, 96, 97, 98, 100, 101, 102, 103, 104, 106, 107, 108, 109, 110, 111, 114, 117, 119, 120, 121, 123, 124, 125, 126, 127, 128, 129, 130, 131, 132, 133, 134, 141, 142, 143, 144, 145, 146, 147, 149]",{},[],0,"[122, 17, 18, 32, 137, 138, 140, 139, 13, 14, 116, 118, 136, 112, 36, 135, 26, 28, 105, 99, 148, 115, 149, 144, 145, 147, 146, 12, 71, 58, 134, 109, 61, 78, 102, 48, 85, 93, 133, 7, 132, 40, 130, 129, 76, 74, 97, 23, 143, 131, 54, 128, 127, 83, 89, 86, 142, 75, 124, 35, 126, 47, 123, 125, 141, 117, 119, 90, 29, 53, 8, 15, 10, 16, 67, 110, 108, 64, 21, 103, 77, 55, 92, 43, 27, 41, 111, 9, 107, 114, 121, 120, 101, 106, 63, 6, 1, 2, 0, 42, 5, 25, 4, 22, 20, 37, 34, 39, 46, 52, 51, 3, 100, 96, 98, 11, 31, 30, 19, 24, 50, 44, 91, 84, 82, 104, 95, 88, 70, 87, 81, 94, 69, 79, 80, 72, 68, 60, 59, 73, 66, 65, 62, 33, 38, 57, 56, 49, 45]",True,37192463666,37.192463666,"[149, 145, 144, 146, 147, 12, 71, 58, 134, 109, 78, 61, 102, 48, 85, 93, 133, 7, 132, 40, 129, 130, 76, 74, 97, 23, 143, 131, 52, 128, 127, 83, 89, 86, 142, 75, 124, 35, 126, 47, 141, 123, 117, 125, 119, 92, 8, 15, 10, 110, 16, 67, 108, 64, 21, 103, 53, 55, 90, 77, 43, 41, 27, 29, 111, 9, 107, 114, 121, 120, 101, 106, 63, 6, 1, 2, 0, 42, 5, 25, 4, 22, 20, 37, 34, 39, 46, 54, 51, 3, 100, 96, 98, 11, 31, 30, 33, 44, 24, 19, 38, 57, 50, 56, 49, 45, 91, 84, 82, 104, 95, 88, 70, 87, 81, 94, 69, 79, 80, 62, 73, 72, 60, 59, 68, 66, 65]","[65, 66, 68, 59, 60, 72, 73, 62, 80, 79, 69, 94, 81, 87, 70, 88, 95, 104, 82, 84, 91, 45, 49, 56, 50, 57, 38, 19, 24, 44, 33, 30, 31, 11, 98, 96, 100, 3, 51, 54, 46, 39, 34, 37, 20, 22, 4, 25, 5, 42, 0, 2, 1, 6, 63, 106, 101, 120, 121, 114, 107, 9, 111, 29, 27, 41, 43, 77, 90, 55, 53, 103, 21, 64, 108, 67, 16, 110, 10, 15, 8, 92, 119, 125, 117, 123, 141, 47, 126, 35, 124, 75, 142, 86, 89, 83, 127, 128, 52, 131, 143, 23, 97, 74, 76, 130, 129, 40, 132, 7, 133, 93, 85, 48, 102, 61, 78, 109, 134, 58, 71, 12, 147, 146, 144, 145, 149]",False,complete,202,202,6961,0,2662,77,2585,2000,1588,1,0,lowest_first,True,2,139,26,139,26,26,26,26
2,210464,13,24,125,"[13, 14, 17, 18, 26, 28, 32, 36, 99, 105, 112, 115, 116, 118, 122, 135, 136, 137, 138, 139, 140, 144, 148, 149]","[0, 1, 2, 3, 4, 5, 6, 7, 8, 9, 10, 11, 12, 15, 16, 19, 20, 21, 22, 23, 24, 25, 27, 29, 30, 31, 33, 34, 35, 37, 38, 39, 40, 41, 42, 43, 44, 45, 46, 47, 48, 49, 50, 51, 52, 53, 54, 55, 56, 57, 58, 59, 60, 61, 62, 63, 64, 65, 66, 67, 68, 69, 70, 71, 72, 73, 74, 75, 76, 77, 78, 79, 80, 81, 82, 83, 84, 85, 86, 87, 88, 89, 90, 91, 92, 93, 94, 95, 96, 97, 98, 100, 101, 102, 103, 104, 106, 107, 108, 109, 110, 111, 114, 117, 119, 120, 121, 123, 124, 125, 126, 127, 128, 129, 130, 131, 132, 133, 134, 141, 142, 143, 145, 146, 147]",{},[],0,"[122, 17, 18, 32, 137, 138, 140, 139, 13, 14, 116, 118, 136, 112, 36, 135, 26, 28, 105, 99, 148, 115, 149, 144, 145, 147, 146, 12, 71, 58, 134, 109, 61, 78, 102, 48, 85, 93, 133, 7, 132, 40, 130, 129, 76, 74, 97, 23, 143, 131, 54, 128, 127, 83, 89, 86, 142, 75, 124, 35, 126, 47, 123, 125, 141, 117, 119, 90, 29, 53, 8, 15, 10, 16, 67, 110, 108, 64, 21, 103, 77, 55, 92, 43, 27, 41, 111, 9, 107, 114, 121, 120, 101, 106, 63, 6, 1, 2, 0, 42, 5, 25, 4, 22, 20, 37, 34, 39, 46, 52, 51, 3, 100, 96, 98, 11, 31, 30, 19, 24, 50, 44, 91, 84, 82, 104, 95, 88, 70, 87, 81, 94, 69, 79, 80, 72, 68, 60, 59, 73, 66, 65, 62, 33, 38, 57, 56, 49, 45]",True,28249517674,28.249517674,"[145, 147, 146, 12, 58, 71, 134, 109, 78, 67, 48, 61, 10, 133, 130, 93, 85, 129, 74, 42, 40, 7, 131, 132, 54, 143, 128, 31, 127, 47, 35, 126, 125, 142, 29, 103, 124, 123, 141, 53, 86, 8, 16, 25, 76, 110, 108, 64, 75, 55, 90, 77, 117, 92, 119, 43, 27, 41, 15, 111, 9, 107, 102, 114, 121, 91, 120, 101, 63, 106, 50, 6, 1, 2, 0, 30, 97, 11, 89, 98, 96, 83, 100, 44, 24, 84, 82, 104, 95, 88, 70, 87, 81, 94, 69, 79, 80, 72, 68, 60, 59, 73, 66, 65, 62, 57, 52, 51, 46, 49, 45, 56, 38, 23, 39, 34, 33, 21, 37, 20, 19, 5, 22, 4, 3]","[3, 4, 22, 5, 19, 20, 37, 21, 33, 34, 39, 23, 38, 56, 45, 49, 46, 51, 52, 57, 62, 65, 66, 73, 59, 60, 68, 72, 80, 79, 69, 94, 81, 87, 70, 88, 95, 104, 82, 84, 24, 44, 100, 83, 96, 98, 89, 11, 97, 30, 0, 2, 1, 6, 50, 106, 63, 101, 120, 91, 121, 114, 102, 107, 9, 111, 15, 41, 27, 43, 119, 92, 117, 77, 90, 55, 75, 64, 108, 110, 76, 25, 16, 8, 86, 53, 141, 123, 124, 103, 29, 142, 125, 126, 35, 47, 127, 31, 128, 143, 54, 132, 131, 7, 40, 42, 74, 129, 85, 93, 130, 133, 10, 61, 48, 67, 78, 109, 134, 71, 58, 12, 146, 147, 145]",False,complete,125,125,5916,0,1613,0,1613,1761,148,0,0,lowest_first,True,2,111,24,111,24,24,24,24
2,210465,14,26,123,"[13, 14, 17, 18, 26, 28, 32, 36, 99, 105, 112, 115, 116, 118, 122, 135, 136, 137, 138, 139, 140, 144, 145, 147, 148, 149]","[0, 1, 2, 3, 4, 5, 6, 7, 8, 9, 10, 11, 12, 15, 16, 19, 20, 21, 22, 23, 24, 25, 27, 29, 30, 31, 33, 34, 35, 37, 38, 39, 40, 41, 42, 43, 44, 45, 46, 47, 48, 49, 50, 51, 52, 53, 54, 55, 56, 57, 58, 59, 60, 61, 62, 63, 64, 65, 66, 67, 68, 69, 70, 71, 72, 73, 74, 75, 76, 77, 78, 79, 80, 81, 82, 83, 84, 85, 86, 87, 88, 89, 90, 91, 92, 93, 94, 95, 96, 97, 98, 100, 101, 102, 103, 104, 106, 107, 108, 109, 110, 111, 114, 117, 119, 120, 121, 123, 124, 125, 126, 127, 128, 129, 130, 131, 132, 133, 134, 141, 142, 143, 146]",{},[],0,"[122, 17, 18, 32, 137, 138, 140, 139, 13, 14, 116, 118, 136, 112, 36, 135, 26, 28, 105, 99, 148, 115, 149, 144, 145, 147, 146, 12, 71, 58, 134, 109, 61, 78, 102, 48, 85, 93, 133, 7, 132, 40, 130, 129, 76, 74, 97, 23, 143, 131, 54, 128, 127, 83, 89, 86, 142, 75, 124, 35, 126, 47, 123, 125, 141, 117, 119, 90, 29, 53, 8, 15, 10, 16, 67, 110, 108, 64, 21, 103, 77, 55, 92, 43, 27, 41, 111, 9, 107, 114, 121, 120, 101, 106, 63, 6, 1, 2, 0, 42, 5, 25, 4, 22, 20, 37, 34, 39, 46, 52, 51, 3, 100, 96, 98, 11, 31, 30, 19, 24, 50, 44, 91, 84, 82, 104, 95, 88, 70, 87, 81, 94, 69, 79, 80, 72, 68, 60, 59, 73, 66, 65, 62, 33, 38, 57, 56, 49, 45]",True,36302904532,36.302904532,"[146, 12, 71, 58, 134, 109, 61, 78, 102, 48, 85, 93, 133, 7, 130, 131, 40, 129, 76, 74, 97, 23, 143, 132, 52, 128, 127, 83, 89, 86, 141, 77, 124, 35, 126, 47, 125, 142, 27, 10, 16, 110, 123, 119, 117, 15, 29, 90, 67, 108, 64, 21, 104, 75, 55, 92, 53, 8, 43, 41, 111, 9, 107, 114, 121, 120, 101, 106, 63, 6, 1, 2, 0, 42, 5, 25, 4, 22, 20, 37, 34, 39, 46, 54, 51, 33, 44, 38, 57, 50, 56, 49, 45, 91, 62, 70, 60, 68, 66, 94, 73, 69, 59, 79, 80, 72, 65, 3, 100, 96, 98, 11, 31, 30, 24, 19, 84, 82, 87, 81, 88, 103, 95]","[95, 103, 88, 81, 87, 82, 84, 19, 24, 30, 31, 11, 98, 96, 100, 3, 65, 72, 80, 79, 59, 69, 73, 94, 66, 68, 60, 70, 62, 91, 45, 49, 56, 50, 57, 38, 44, 33, 51, 54, 46, 39, 34, 37, 20, 22, 4, 25, 5, 42, 0, 2, 1, 6, 63, 106, 101, 120, 121, 114, 107, 9, 111, 41, 43, 8, 53, 92, 55, 75, 104, 21, 64, 108, 67, 90, 29, 15, 117, 119, 123, 110, 16, 10, 27, 142, 125, 47, 126, 35, 124, 77, 141, 86, 89, 83, 127, 128, 52, 132, 143, 23, 97, 74, 76, 129, 40, 131, 130, 7, 133, 93, 85, 48, 102, 78, 61, 109, 134, 58, 71, 12, 146]",False,complete,202,202,6583,0,2760,78,2682,2000,1672,2,0,lowest_first,True,2,137,27,137,27,27,27,27
2,210466,15,28,121,"[12, 13, 14, 17, 18, 26, 28, 32, 36, 99, 105, 112, 115, 116, 118, 122, 135, 136, 137, 138, 139, 140, 144, 145, 146, 147, 148, 149]","[0, 1, 2, 3, 4, 5, 6, 7, 8, 9, 10, 11, 15, 16, 19, 20, 21, 22, 23, 24, 25, 27, 29, 30, 31, 33, 34, 35, 37, 38, 39, 40, 41, 42, 43, 44, 45, 46, 47, 48, 49, 50, 51, 52, 53, 54, 55, 56, 57, 58, 59, 60, 61, 62, 63, 64, 65, 66, 67, 68, 69, 70, 71, 72, 73, 74, 75, 76, 77, 78, 79, 80, 81, 82, 83, 84, 85, 86, 87, 88, 89, 90, 91, 92, 93, 94, 95, 96, 97, 98, 100, 101, 102, 103, 104, 106, 107, 108, 109, 110, 111, 114, 117, 119, 120, 121, 123, 124, 125, 126, 127, 128, 129, 130, 131, 132, 133, 134, 141, 142, 143]",{},[],0,"[122, 17, 18, 32, 137, 138, 140, 139, 13, 14, 116, 118, 136, 112, 36, 135, 26, 28, 105, 99, 148, 115, 149, 144, 145, 147, 146, 12, 71, 58, 134, 109, 61, 78, 102, 48, 85, 93, 133, 7, 132, 40, 130, 129, 76, 74, 97, 23, 143, 131, 54, 128, 127, 83, 89, 86, 142, 75, 124, 35, 126, 47, 123, 125, 141, 117, 119, 90, 29, 53, 8, 15, 10, 16, 67, 110, 108, 64, 21, 103, 77, 55, 92, 43, 27, 41, 111, 9, 107, 114, 121, 120, 101, 106, 63, 6, 1, 2, 0, 42, 5, 25, 4, 22, 20, 37, 34, 39, 46, 52, 51, 3, 100, 96, 98, 11, 31, 30, 19, 24, 50, 44, 91, 84, 82, 104, 95, 88, 70, 87, 81, 94, 69, 79, 80, 72, 68, 60, 59, 73, 66, 65, 62, 33, 38, 57, 56, 49, 45]",True,45251135433,45.251135433,"[58, 71, 134, 109, 67, 48, 61, 78, 10, 133, 130, 93, 85, 129, 74, 42, 40, 7, 131, 132, 52, 143, 128, 127, 31, 47, 35, 126, 125, 141, 29, 104, 124, 123, 142, 117, 55, 27, 102, 90, 111, 16, 25, 108, 121, 86, 43, 41, 53, 94, 77, 76, 62, 119, 75, 92, 8, 15, 110, 9, 107, 63, 114, 120, 101, 106, 83, 6, 1, 2, 0, 30, 97, 11, 100, 98, 96, 54, 51, 46, 95, 87, 103, 81, 82, 84, 24, 50, 44, 49, 45, 56, 57, 38, 23, 39, 34, 33, 21, 37, 20, 19, 5, 22, 4, 3, 70, 69, 91, 79, 88, 89, 73, 66, 64, 68, 60, 59, 80, 72, 65]","[65, 72, 80, 59, 60, 68, 64, 66, 73, 89, 88, 79, 91, 69, 70, 3, 4, 22, 5, 19, 20, 37, 21, 33, 34, 39, 23, 38, 57, 56, 45, 49, 44, 50, 24, 84, 82, 81, 103, 87, 95, 46, 51, 54, 96, 98, 100, 11, 97, 30, 0, 2, 1, 6, 83, 106, 101, 120, 114, 63, 107, 9, 110, 15, 8, 92, 75, 119, 62, 76, 77, 94, 53, 41, 43, 86, 121, 108, 25, 16, 111, 90, 102, 27, 55, 117, 142, 123, 124, 104, 29, 141, 125, 126, 35, 47, 31, 127, 128, 143, 52, 132, 131, 7, 40, 42, 74, 129, 85, 93, 130, 133, 10, 78, 61, 48, 67, 109, 134, 71, 58]",False,complete,254,254,6920,0,3297,82,3215,2000,826,12,0,lowest_first,True,2,145,25,145,25,25,25,25
2,210467,16,30,119,"[12, 13, 14, 17, 18, 26, 28, 32, 36, 58, 71, 99, 105, 112, 115, 116, 118, 122, 135, 136, 137, 138, 139, 140, 144, 145, 146, 147, 148, 149]","[0, 1, 2, 3, 4, 5, 6, 7, 8, 9, 10, 11, 15, 16, 19, 20, 21, 22, 23, 24, 25, 27, 29, 30, 31, 33, 34, 35, 37, 38, 39, 40, 41, 42, 43, 44, 45, 46, 47, 48, 49, 50, 51, 52, 53, 54, 55, 56, 57, 59, 60, 61, 62, 63, 64, 65, 66, 67, 68, 69, 70, 72, 73, 74, 75, 76, 77, 78, 79, 80, 81, 82, 83, 84, 85, 86, 87, 88, 89, 90, 91, 92, 93, 94, 95, 96, 97, 98, 100, 101, 102, 103, 104, 106, 107, 108, 109, 110, 111, 114, 117, 119, 120, 121, 123, 124, 125, 126, 127, 128, 129, 130, 131, 132, 133, 134, 141, 142, 143]",{},[],0,"[122, 17, 18, 32, 137, 138, 140, 139, 13, 14, 116, 118, 136, 112, 36, 135, 26, 28, 105, 99, 148, 115, 149, 144, 145, 147, 146, 12, 71, 58, 134, 109, 61, 78, 102, 48, 85, 93, 133, 7, 132, 40, 130, 129, 76, 74, 97, 23, 143, 131, 54, 128, 127, 83, 89, 86, 142, 75, 124, 35, 126, 47, 123, 125, 141, 117, 119, 90, 29, 53, 8, 15, 10, 16, 67, 110, 108, 64, 21, 103, 77, 55, 92, 43, 27, 41, 111, 9, 107, 114, 121, 120, 101, 106, 63, 6, 1, 2, 0, 42, 5, 25, 4, 22, 20, 37, 34, 39, 46, 52, 51, 3, 100, 96, 98, 11, 31, 30, 19, 24, 50, 44, 91, 84, 82, 104, 95, 88, 70, 87, 81, 94, 69, 79, 80, 72, 68, 60, 59, 73, 66, 65, 62, 33, 38, 57, 56, 49, 45]",True,27149633553,27.149633553,"[134, 109, 61, 67, 48, 78, 10, 133, 130, 93, 85, 129, 74, 42, 40, 7, 132, 131, 54, 143, 128, 31, 127, 47, 35, 126, 125, 142, 29, 103, 124, 123, 141, 53, 86, 8, 16, 25, 76, 110, 108, 64, 117, 90, 55, 75, 92, 77, 119, 27, 15, 43, 41, 111, 9, 107, 102, 114, 121, 91, 120, 101, 63, 106, 50, 6, 1, 2, 0, 30, 97, 11, 89, 98, 96, 83, 100, 44, 24, 84, 82, 104, 95, 88, 70, 87, 81, 94, 69, 79, 80, 72, 68, 60, 59, 73, 66, 65, 62, 57, 52, 51, 46, 49, 45, 56, 38, 23, 39, 34, 33, 21, 37, 20, 19, 5, 22, 4, 3]","[3, 4, 22, 5, 19, 20, 37, 21, 33, 34, 39, 23, 38, 56, 45, 49, 46, 51, 52, 57, 62, 65, 66, 73, 59, 60, 68, 72, 80, 79, 69, 94, 81, 87, 70, 88, 95, 104, 82, 84, 24, 44, 100, 83, 96, 98, 89, 11, 97, 30, 0, 2, 1, 6, 50, 106, 63, 101, 120, 91, 121, 114, 102, 107, 9, 111, 41, 43, 15, 27, 119, 77, 92, 75, 55, 90, 117, 64, 108, 110, 76, 25, 16, 8, 86, 53, 141, 123, 124, 103, 29, 142, 125, 126, 35, 47, 127, 31, 128, 143, 54, 131, 132, 7, 40, 42, 74, 129, 85, 93, 130, 133, 10, 78, 48, 67, 61, 109, 134]",False,complete,119,119,5320,0,1592,0,1592,1740,148,0,0,lowest_first,True,2,111,24,111,24,24,24,24
2,210468,17,32,117,"[12, 13, 14, 17, 18, 26, 28, 32, 36, 58, 71, 99, 105, 109, 112, 115, 116, 118, 122, 134, 135, 136, 137, 138, 139, 140, 144, 145, 146, 147, 148, 149]","[0, 1, 2, 3, 4, 5, 6, 7, 8, 9, 10, 11, 15, 16, 19, 20, 21, 22, 23, 24, 25, 27, 29, 30, 31, 33, 34, 35, 37, 38, 39, 40, 41, 42, 43, 44, 45, 46, 47, 48, 49, 50, 51, 52, 53, 54, 55, 56, 57, 59, 60, 61, 62, 63, 64, 65, 66, 67, 68, 69, 70, 72, 73, 74, 75, 76, 77, 78, 79, 80, 81, 82, 83, 84, 85, 86, 87, 88, 89, 90, 91, 92, 93, 94, 95, 96, 97, 98, 100, 101, 102, 103, 104, 106, 107, 108, 110, 111, 114, 117, 119, 120, 121, 123, 124, 125, 126, 127, 128, 129, 130, 131, 132, 133, 141, 142, 143]",{},[],0,"[122, 17, 18, 32, 137, 138, 140, 139, 13, 14, 116, 118, 136, 112, 36, 135, 26, 28, 105, 99, 148, 115, 149, 144, 145, 147, 146, 12, 71, 58, 134, 109, 61, 78, 102, 48, 85, 93, 133, 7, 132, 40, 130, 129, 76, 74, 97, 23, 143, 131, 54, 128, 127, 83, 89, 86, 142, 75, 124, 35, 126, 47, 123, 125, 141, 117, 119, 90, 29, 53, 8, 15, 10, 16, 67, 110, 108, 64, 21, 103, 77, 55, 92, 43, 27, 41, 111, 9, 107, 114, 121, 120, 101, 106, 63, 6, 1, 2, 0, 42, 5, 25, 4, 22, 20, 37, 34, 39, 46, 52, 51, 3, 100, 96, 98, 11, 31, 30, 19, 24, 50, 44, 91, 84, 82, 104, 95, 88, 70, 87, 81, 94, 69, 79, 80, 72, 68, 60, 59, 73, 66, 65, 62, 33, 38, 57, 56, 49, 45]",True,26846719003,26.846719003,"[67, 78, 61, 10, 48, 133, 129, 93, 85, 130, 74, 40, 42, 7, 132, 131, 54, 143, 128, 31, 127, 47, 35, 126, 125, 141, 29, 103, 124, 123, 142, 53, 86, 8, 16, 25, 76, 110, 108, 64, 75, 77, 117, 55, 119, 92, 90, 41, 15, 27, 43, 111, 9, 107, 102, 114, 121, 91, 120, 101, 63, 106, 50, 6, 1, 2, 0, 30, 97, 11, 89, 98, 96, 83, 100, 44, 24, 84, 82, 104, 95, 88, 70, 87, 81, 94, 69, 79, 80, 72, 68, 60, 59, 73, 66, 65, 62, 57, 52, 51, 46, 49, 45, 56, 38, 23, 39, 34, 33, 21, 37, 20, 19, 5, 22, 4, 3]","[3, 4, 22, 5, 19, 20, 37, 21, 33, 34, 39, 23, 38, 56, 45, 49, 46, 51, 52, 57, 62, 65, 66, 73, 59, 60, 68, 72, 80, 79, 69, 94, 81, 87, 70, 88, 95, 104, 82, 84, 24, 44, 100, 83, 96, 98, 89, 11, 97, 30, 0, 2, 1, 6, 50, 106, 63, 101, 120, 91, 121, 114, 102, 107, 9, 111, 43, 27, 15, 41, 90, 92, 119, 55, 117, 77, 75, 64, 108, 110, 76, 25, 16, 8, 86, 53, 142, 123, 124, 103, 29, 141, 125, 126, 35, 47, 127, 31, 128, 143, 54, 131, 132, 7, 42, 40, 74, 130, 85, 93, 129, 133, 48, 10, 61, 78, 67]",False,complete,117,117,5121,0,1587,0,1587,1735,148,0,0,lowest_first,True,2,111,24,111,24,24,24,24
2,210469,18,34,115,"[12, 13, 14, 17, 18, 26, 28, 32, 36, 58, 61, 71, 78, 99, 105, 109, 112, 115, 116, 118, 122, 134, 135, 136, 137, 138, 139, 140, 144, 145, 146, 147, 148, 149]","[0, 1, 2, 3, 4, 5, 6, 7, 8, 9, 10, 11, 15, 16, 19, 20, 21, 22, 23, 24, 25, 27, 29, 30, 31, 33, 34, 35, 37, 38, 39, 40, 41, 42, 43, 44, 45, 46, 47, 48, 49, 50, 51, 52, 53, 54, 55, 56, 57, 59, 60, 62, 63, 64, 65, 66, 67, 68, 69, 70, 72, 73, 74, 75, 76, 77, 79, 80, 81, 82, 83, 84, 85, 86, 87, 88, 89, 90, 91, 92, 93, 94, 95, 96, 97, 98, 100, 101, 102, 103, 104, 106, 107, 108, 110, 111, 114, 117, 119, 120, 121, 123, 124, 125, 126, 127, 128, 129, 130, 131, 132, 133, 141, 142, 143]",{},[],0,"[122, 17, 18, 32, 137, 138, 140, 139, 13, 14, 116, 118, 136, 112, 36, 135, 26, 28, 105, 99, 148, 115, 149, 144, 145, 147, 146, 12, 71, 58, 134, 109, 61, 78, 102, 48, 85, 93, 133, 7, 132, 40, 130, 129, 76, 74, 97, 23, 143, 131, 54, 128, 127, 83, 89, 86, 142, 75, 124, 35, 126, 47, 123, 125, 141, 117, 119, 90, 29, 53, 8, 15, 10, 16, 67, 110, 108, 64, 21, 103, 77, 55, 92, 43, 27, 41, 111, 9, 107, 114, 121, 120, 101, 106, 63, 6, 1, 2, 0, 42, 5, 25, 4, 22, 20, 37, 34, 39, 46, 52, 51, 3, 100, 96, 98, 11, 31, 30, 19, 24, 50, 44, 91, 84, 82, 104, 95, 88, 70, 87, 81, 94, 69, 79, 80, 72, 68, 60, 59, 73, 66, 65, 62, 33, 38, 57, 56, 49, 45]",True,36996740956,36.996740956,"[102, 48, 85, 93, 133, 7, 132, 40, 130, 129, 74, 76, 97, 23, 143, 131, 54, 128, 127, 83, 89, 86, 142, 75, 124, 35, 126, 47, 123, 125, 141, 117, 119, 90, 29, 55, 15, 27, 6, 67, 64, 21, 104, 53, 77, 92, 41, 43, 8, 2, 1, 16, 10, 110, 108, 111, 9, 0, 107, 114, 121, 120, 101, 106, 63, 42, 5, 25, 4, 22, 20, 37, 34, 39, 46, 52, 51, 33, 44, 38, 57, 50, 56, 49, 45, 91, 62, 73, 66, 68, 60, 94, 70, 69, 59, 79, 80, 72, 65, 3, 100, 96, 98, 11, 31, 30, 24, 19, 84, 87, 82, 81, 88, 103, 95]","[95, 103, 88, 81, 82, 87, 84, 19, 24, 30, 31, 11, 98, 96, 100, 3, 65, 72, 80, 79, 59, 69, 70, 94, 60, 68, 66, 73, 62, 91, 45, 49, 56, 50, 57, 38, 44, 33, 51, 52, 46, 39, 34, 37, 20, 22, 4, 25, 5, 42, 63, 106, 101, 120, 121, 114, 107, 0, 9, 111, 108, 110, 10, 16, 1, 2, 8, 43, 41, 92, 77, 53, 104, 21, 64, 67, 6, 27, 15, 55, 29, 90, 119, 117, 141, 125, 123, 47, 126, 35, 124, 75, 142, 86, 89, 83, 127, 128, 54, 131, 143, 23, 97, 76, 74, 129, 130, 40, 132, 7, 133, 93, 85, 48, 102]",False,complete,194,194,5869,0,2825,78,2747,2000,1730,2,0,lowest_first,True,2,132,29,132,29,29,29,29
2,210470,19,36,113,"[12, 13, 14, 17, 18, 26, 28, 32, 36, 48, 58, 61, 71, 78, 99, 102, 105, 109, 112, 115, 116, 118, 122, 134, 135, 136, 137, 138, 139, 140, 144, 145, 146, 147, 148, 149]","[0, 1, 2, 3, 4, 5, 6, 7, 8, 9, 10, 11, 15, 16, 19, 20, 21, 22, 23, 24, 25, 27, 29, 30, 31, 33, 34, 35, 37, 38, 39, 40, 41, 42, 43, 44, 45, 46, 47, 49, 50, 51, 52, 53, 54, 55, 56, 57, 59, 60, 62, 63, 64, 65, 66, 67, 68, 69, 70, 72, 73, 74, 75, 76, 77, 79, 80, 81, 82, 83, 84, 85, 86, 87, 88, 89, 90, 91, 92, 93, 94, 95, 96, 97, 98, 100, 101, 103, 104, 106, 107, 108, 110, 111, 114, 117, 119, 120, 121, 123, 124, 125, 126, 127, 128, 129, 130, 131, 132, 133, 141, 142, 143]",{},[],0,"[122, 17, 18, 32, 137, 138, 140, 139, 13, 14, 116, 118, 136, 112, 36, 135, 26, 28, 105, 99, 148, 115, 149, 144, 145, 147, 146, 12, 71, 58, 134, 109, 61, 78, 102, 48, 85, 93, 133, 7, 132, 40, 130, 129, 76, 74, 97, 23, 143, 131, 54, 128, 127, 83, 89, 86, 142, 75, 124, 35, 126, 47, 123, 125, 141, 117, 119, 90, 29, 53, 8, 15, 10, 16, 67, 110, 108, 64, 21, 103, 77, 55, 92, 43, 27, 41, 111, 9, 107, 114, 121, 120, 101, 106, 63, 6, 1, 2, 0, 42, 5, 25, 4, 22, 20, 37, 34, 39, 46, 52, 51, 3, 100, 96, 98, 11, 31, 30, 19, 24, 50, 44, 91, 84, 82, 104, 95, 88, 70, 87, 81, 94, 69, 79, 80, 72, 68, 60, 59, 73, 66, 65, 62, 33, 38, 57, 56, 49, 45]",True,33699918688,33.699918688,"[85, 93, 133, 7, 130, 132, 40, 129, 76, 74, 97, 23, 143, 131, 54, 128, 127, 83, 89, 86, 142, 75, 124, 35, 126, 47, 123, 125, 141, 119, 117, 90, 27, 15, 8, 10, 57, 16, 110, 108, 64, 21, 104, 77, 92, 55, 53, 43, 41, 29, 111, 9, 107, 114, 121, 120, 101, 106, 67, 6, 1, 2, 0, 42, 5, 25, 4, 22, 20, 44, 37, 34, 39, 46, 52, 50, 51, 62, 49, 45, 56, 38, 33, 91, 63, 73, 66, 68, 60, 94, 70, 69, 59, 79, 80, 72, 65, 3, 100, 96, 98, 11, 31, 30, 24, 19, 84, 82, 87, 81, 88, 103, 95]","[95, 103, 88, 81, 87, 82, 84, 19, 24, 30, 31, 11, 98, 96, 100, 3, 65, 72, 80, 79, 59, 69, 70, 94, 60, 68, 66, 73, 63, 91, 33, 38, 56, 45, 49, 62, 51, 50, 52, 46, 39, 34, 37, 44, 20, 22, 4, 25, 5, 42, 0, 2, 1, 6, 67, 106, 101, 120, 121, 114, 107, 9, 111, 29, 41, 43, 53, 55, 92, 77, 104, 21, 64, 108, 110, 16, 57, 10, 8, 15, 27, 90, 117, 119, 141, 125, 123, 47, 126, 35, 124, 75, 142, 86, 89, 83, 127, 128, 54, 131, 143, 23, 97, 74, 76, 129, 40, 132, 130, 7, 133, 93, 85]",False,complete,146,146,5298,0,2395,68,2327,2000,956,0,0,lowest_first,True,2,133,27,133,27,27,27,27
2,210471,20,38,111,"[12, 13, 14, 17, 18, 26, 28, 32, 36, 48, 58, 61, 71, 78, 85, 93, 99, 102, 105, 109, 112, 115, 116, 118, 122, 134, 135, 136, 137, 138, 139, 140, 144, 145, 146, 147, 148, 149]","[0, 1, 2, 3, 4, 5, 6, 7, 8, 9, 10, 11, 15, 16, 19, 20, 21, 22, 23, 24, 25, 27, 29, 30, 31, 33, 34, 35, 37, 38, 39, 40, 41, 42, 43, 44, 45, 46, 47, 49, 50, 51, 52, 53, 54, 55, 56, 57, 59, 60, 62, 63, 64, 65, 66, 67, 68, 69, 70, 72, 73, 74, 75, 76, 77, 79, 80, 81, 82, 83, 84, 86, 87, 88, 89, 90, 91, 92, 94, 95, 96, 97, 98, 100, 101, 103, 104, 106, 107, 108, 110, 111, 114, 117, 119, 120, 121, 123, 124, 125, 126, 127, 128, 129, 130, 131, 132, 133, 141, 142, 143]",{},[],0,"[122, 17, 18, 32, 137, 138, 140, 139, 13, 14, 116, 118, 136, 112, 36, 135, 26, 28, 105, 99, 148, 115, 149, 144, 145, 147, 146, 12, 71, 58, 134, 109, 61, 78, 102, 48, 85, 93, 133, 7, 132, 40, 130, 129, 76, 74, 97, 23, 143, 131, 54, 128, 127, 83, 89, 86, 142, 75, 124, 35, 126, 47, 123, 125, 141, 117, 119, 90, 29, 53, 8, 15, 10, 16, 67, 110, 108, 64, 21, 103, 77, 55, 92, 43, 27, 41, 111, 9, 107, 114, 121, 120, 101, 106, 63, 6, 1, 2, 0, 42, 5, 25, 4, 22, 20, 37, 34, 39, 46, 52, 51, 3, 100, 96, 98, 11, 31, 30, 19, 24, 50, 44, 91, 84, 82, 104, 95, 88, 70, 87, 81, 94, 69, 79, 80, 72, 68, 60, 59, 73, 66, 65, 62, 33, 38, 57, 56, 49, 45]",True,35387660774,35.387660774,"[133, 7, 131, 40, 129, 130, 74, 76, 97, 23, 143, 132, 54, 128, 127, 83, 89, 86, 142, 55, 124, 141, 47, 29, 35, 125, 126, 77, 123, 119, 117, 92, 15, 8, 10, 16, 67, 110, 108, 64, 21, 103, 90, 53, 75, 43, 27, 41, 111, 9, 107, 114, 121, 120, 101, 106, 63, 6, 1, 2, 0, 42, 5, 25, 4, 22, 20, 37, 34, 39, 46, 52, 51, 3, 100, 96, 98, 11, 31, 30, 19, 24, 50, 44, 91, 84, 82, 104, 95, 88, 70, 87, 81, 94, 69, 79, 80, 72, 68, 60, 59, 73, 66, 65, 62, 33, 38, 57, 56, 49, 45]","[45, 49, 56, 57, 38, 33, 62, 65, 66, 73, 59, 60, 68, 72, 80, 79, 69, 94, 81, 87, 70, 88, 95, 104, 82, 84, 91, 44, 50, 24, 19, 30, 31, 11, 98, 96, 100, 3, 51, 52, 46, 39, 34, 37, 20, 22, 4, 25, 5, 42, 0, 2, 1, 6, 63, 106, 101, 120, 121, 114, 107, 9, 111, 41, 27, 43, 75, 53, 90, 103, 21, 64, 108, 110, 67, 16, 10, 8, 15, 92, 117, 119, 123, 77, 126, 125, 35, 29, 47, 141, 124, 55, 142, 86, 89, 83, 127, 128, 54, 132, 143, 23, 97, 76, 74, 130, 129, 40, 131, 7, 133]",False,complete,205,205,5440,0,2698,85,2613,2000,1597,1,0,lowest_first,True,2,134,28,134,28,28,28,28
2,210472,21,40,109,"[7, 12, 13, 14, 17, 18, 26, 28, 32, 36, 48, 58, 61, 71, 78, 85, 93, 99, 102, 105, 109, 112, 115, 116, 118, 122, 133, 134, 135, 136, 137, 138, 139, 140, 144, 145, 146, 147, 148, 149]","[0, 1, 2, 3, 4, 5, 6, 8, 9, 10, 11, 15, 16, 19, 20, 21, 22, 23, 24, 25, 27, 29, 30, 31, 33, 34, 35, 37, 38, 39, 40, 41, 42, 43, 44, 45, 46, 47, 49, 50, 51, 52, 53, 54, 55, 56, 57, 59, 60, 62, 63, 64, 65, 66, 67, 68, 69, 70, 72, 73, 74, 75, 76, 77, 79, 80, 81, 82, 83, 84, 86, 87, 88, 89, 90, 91, 92, 94, 95, 96, 97, 98, 100, 101, 103, 104, 106, 107, 108, 110, 111, 114, 117, 119, 120, 121, 123, 124, 125, 126, 127, 128, 129, 130, 131, 132, 141, 142, 143]",{},[],0,"[122, 17, 18, 32, 137, 138, 140, 139, 13, 14, 116, 118, 136, 112, 36, 135, 26, 28, 105, 99, 148, 115, 149, 144, 145, 147, 146, 12, 71, 58, 134, 109, 61, 78, 102, 48, 85, 93, 133, 7, 132, 40, 130, 129, 76, 74, 97, 23, 143, 131, 54, 128, 127, 83, 89, 86, 142, 75, 124, 35, 126, 47, 123, 125, 141, 117, 119, 90, 29, 53, 8, 15, 10, 16, 67, 110, 108, 64, 21, 103, 77, 55, 92, 43, 27, 41, 111, 9, 107, 114, 121, 120, 101, 106, 63, 6, 1, 2, 0, 42, 5, 25, 4, 22, 20, 37, 34, 39, 46, 52, 51, 3, 100, 96, 98, 11, 31, 30, 19, 24, 50, 44, 91, 84, 82, 104, 95, 88, 70, 87, 81, 94, 69, 79, 80, 72, 68, 60, 59, 73, 66, 65, 62, 33, 38, 57, 56, 49, 45]",True,36694542517,36.694542517,"[131, 40, 130, 129, 76, 74, 97, 23, 143, 132, 52, 128, 127, 83, 89, 86, 142, 77, 124, 35, 126, 47, 125, 141, 29, 123, 55, 119, 117, 92, 15, 6, 27, 2, 1, 10, 16, 67, 110, 108, 64, 21, 103, 75, 90, 53, 43, 41, 8, 111, 9, 0, 107, 114, 121, 120, 101, 106, 63, 42, 5, 25, 4, 22, 20, 37, 34, 39, 46, 54, 51, 3, 100, 96, 98, 11, 31, 30, 33, 44, 24, 19, 38, 57, 50, 56, 49, 45, 91, 62, 70, 60, 68, 84, 82, 104, 95, 88, 73, 66, 87, 81, 94, 65, 72, 80, 79, 69, 59]","[59, 69, 79, 80, 72, 65, 94, 81, 87, 66, 73, 88, 95, 104, 82, 84, 68, 60, 70, 62, 91, 45, 49, 56, 50, 57, 38, 19, 24, 44, 33, 30, 31, 11, 98, 96, 100, 3, 51, 54, 46, 39, 34, 37, 20, 22, 4, 25, 5, 42, 63, 106, 101, 120, 121, 114, 107, 0, 9, 111, 8, 41, 43, 53, 90, 75, 103, 21, 64, 108, 110, 67, 16, 10, 1, 2, 27, 6, 15, 92, 117, 119, 55, 123, 29, 141, 125, 47, 126, 35, 124, 77, 142, 86, 89, 83, 127, 128, 52, 132, 143, 23, 97, 74, 76, 129, 130, 40, 131]",False,complete,206,206,5309,0,2755,86,2669,2000,1695,2,0,lowest_first,True,2,132,29,132,29,29,29,29
2,210473,22,42,107,"[7, 12, 13, 14, 17, 18, 26, 28, 32, 36, 40, 48, 58, 61, 71, 78, 85, 93, 99, 102, 105, 109, 112, 115, 116, 118, 122, 132, 133, 134, 135, 136, 137, 138, 139, 140, 144, 145, 146, 147, 148, 149]","[0, 1, 2, 3, 4, 5, 6, 8, 9, 10, 11, 15, 16, 19, 20, 21, 22, 23, 24, 25, 27, 29, 30, 31, 33, 34, 35, 37, 38, 39, 41, 42, 43, 44, 45, 46, 47, 49, 50, 51, 52, 53, 54, 55, 56, 57, 59, 60, 62, 63, 64, 65, 66, 67, 68, 69, 70, 72, 73, 74, 75, 76, 77, 79, 80, 81, 82, 83, 84, 86, 87, 88, 89, 90, 91, 92, 94, 95, 96, 97, 98, 100, 101, 103, 104, 106, 107, 108, 110, 111, 114, 117, 119, 120, 121, 123, 124, 125, 126, 127, 128, 129, 130, 131, 141, 142, 143]",{},[],0,"[122, 17, 18, 32, 137, 138, 140, 139, 13, 14, 116, 118, 136, 112, 36, 135, 26, 28, 105, 99, 148, 115, 149, 144, 145, 147, 146, 12, 71, 58, 134, 109, 61, 78, 102, 48, 85, 93, 133, 7, 132, 40, 130, 129, 76, 74, 97, 23, 143, 131, 54, 128, 127, 83, 89, 86, 142, 75, 124, 35, 126, 47, 123, 125, 141, 117, 119, 90, 29, 53, 8, 15, 10, 16, 67, 110, 108, 64, 21, 103, 77, 55, 92, 43, 27, 41, 111, 9, 107, 114, 121, 120, 101, 106, 63, 6, 1, 2, 0, 42, 5, 25, 4, 22, 20, 37, 34, 39, 46, 52, 51, 3, 100, 96, 98, 11, 31, 30, 19, 24, 50, 44, 91, 84, 82, 104, 95, 88, 70, 87, 81, 94, 69, 79, 80, 72, 68, 60, 59, 73, 66, 65, 62, 33, 38, 57, 56, 49, 45]",True,32477676872,32.477676872,"[130, 129, 76, 74, 97, 23, 143, 131, 54, 128, 127, 83, 89, 86, 142, 75, 124, 35, 126, 47, 123, 125, 141, 117, 119, 90, 8, 15, 27, 10, 57, 16, 110, 108, 64, 21, 104, 77, 53, 55, 92, 41, 43, 29, 111, 9, 107, 114, 121, 120, 101, 106, 67, 6, 1, 2, 0, 42, 5, 25, 4, 22, 20, 44, 37, 34, 39, 46, 52, 50, 51, 62, 49, 45, 56, 38, 33, 91, 63, 70, 60, 68, 66, 94, 73, 69, 59, 79, 80, 72, 65, 19, 100, 96, 98, 24, 30, 31, 11, 3, 84, 82, 87, 81, 88, 103, 95]","[95, 103, 88, 81, 87, 82, 84, 3, 11, 31, 30, 24, 98, 96, 100, 19, 65, 72, 80, 79, 59, 69, 73, 94, 66, 68, 60, 70, 63, 91, 33, 38, 56, 45, 49, 62, 51, 50, 52, 46, 39, 34, 37, 44, 20, 22, 4, 25, 5, 42, 0, 2, 1, 6, 67, 106, 101, 120, 121, 114, 107, 9, 111, 29, 43, 41, 92, 55, 53, 77, 104, 21, 64, 108, 110, 16, 57, 10, 27, 15, 8, 90, 119, 117, 141, 125, 123, 47, 126, 35, 124, 75, 142, 86, 89, 83, 127, 128, 54, 131, 143, 23, 97, 74, 76, 129, 130]",False,complete,140,140,4733,0,2354,68,2286,2000,954,0,0,lowest_first,True,2,134,27,134,27,27,27,27
2,210474,23,44,105,"[7, 12, 13, 14, 17, 18, 26, 28, 32, 36, 40, 48, 58, 61, 71, 78, 85, 93, 99, 102, 105, 109, 112, 115, 116, 118, 122, 129, 130, 132, 133, 134, 135, 136, 137, 138, 139, 140, 144, 145, 146, 147, 148, 149]","[0, 1, 2, 3, 4, 5, 6, 8, 9, 10, 11, 15, 16, 19, 20, 21, 22, 23, 24, 25, 27, 29, 30, 31, 33, 34, 35, 37, 38, 39, 41, 42, 43, 44, 45, 46, 47, 49, 50, 51, 52, 53, 54, 55, 56, 57, 59, 60, 62, 63, 64, 65, 66, 67, 68, 69, 70, 72, 73, 74, 75, 76, 77, 79, 80, 81, 82, 83, 84, 86, 87, 88, 89, 90, 91, 92, 94, 95, 96, 97, 98, 100, 101, 103, 104, 106, 107, 108, 110, 111, 114, 117, 119, 120, 121, 123, 124, 125, 126, 127, 128, 131, 141, 142, 143]",{},[],0,"[122, 17, 18, 32, 137, 138, 140, 139, 13, 14, 116, 118, 136, 112, 36, 135, 26, 28, 105, 99, 148, 115, 149, 144, 145, 147, 146, 12, 71, 58, 134, 109, 61, 78, 102, 48, 85, 93, 133, 7, 132, 40, 130, 129, 76, 74, 97, 23, 143, 131, 54, 128, 127, 83, 89, 86, 142, 75, 124, 35, 126, 47, 123, 125, 141, 117, 119, 90, 29, 53, 8, 15, 10, 16, 67, 110, 108, 64, 21, 103, 77, 55, 92, 43, 27, 41, 111, 9, 107, 114, 121, 120, 101, 106, 63, 6, 1, 2, 0, 42, 5, 25, 4, 22, 20, 37, 34, 39, 46, 52, 51, 3, 100, 96, 98, 11, 31, 30, 19, 24, 50, 44, 91, 84, 82, 104, 95, 88, 70, 87, 81, 94, 69, 79, 80, 72, 68, 60, 59, 73, 66, 65, 62, 33, 38, 57, 56, 49, 45]",True,62085141325,62.085141325,"[74, 76, 97, 23, 143, 131, 54, 128, 127, 83, 89, 86, 141, 55, 124, 142, 47, 8, 126, 125, 123, 67, 52, 92, 117, 121, 41, 43, 106, 101, 51, 46, 63, 64, 90, 77, 75, 53, 119, 27, 15, 29, 120, 114, 107, 10, 16, 6, 1, 2, 22, 4, 5, 3, 100, 96, 98, 11, 31, 30, 70, 69, 94, 79, 80, 62, 60, 59, 68, 66, 72, 65, 103, 73, 87, 21, 91, 104, 95, 88, 82, 81, 44, 84, 37, 24, 20, 19, 25, 50, 42, 35, 34, 39, 49, 45, 56, 57, 38, 33, 110, 108, 111, 9, 0]","[0, 9, 111, 108, 110, 33, 38, 57, 56, 45, 49, 39, 34, 35, 42, 50, 25, 19, 20, 24, 37, 84, 44, 81, 82, 88, 95, 104, 91, 21, 87, 73, 103, 65, 72, 66, 68, 59, 60, 62, 80, 79, 94, 69, 70, 30, 31, 11, 98, 96, 100, 3, 5, 4, 22, 2, 1, 6, 16, 10, 107, 114, 120, 29, 15, 27, 119, 53, 75, 77, 90, 64, 63, 46, 51, 101, 106, 43, 41, 121, 117, 92, 52, 67, 123, 125, 126, 8, 47, 142, 124, 55, 141, 86, 89, 83, 127, 128, 54, 131, 143, 23, 97, 76, 74]",False,complete,299,299,7029,0,4824,184,4640,2000,1598,6,0,lowest_first,True,2,136,26,136,26,26,26,26
2,210475,24,46,103,"[7, 12, 13, 14, 17, 18, 26, 28, 32, 36, 40, 48, 58, 61, 71, 74, 76, 78, 85, 93, 99, 102, 105, 109, 112, 115, 116, 118, 122, 129, 130, 132, 133, 134, 135, 136, 137, 138, 139, 140, 144, 145, 146, 147, 148, 149]","[0, 1, 2, 3, 4, 5, 6, 8, 9, 10, 11, 15, 16, 19, 20, 21, 22, 23, 24, 25, 27, 29, 30, 31, 33, 34, 35, 37, 38, 39, 41, 42, 43, 44, 45, 46, 47, 49, 50, 51, 52, 53, 54, 55, 56, 57, 59, 60, 62, 63, 64, 65, 66, 67, 68, 69, 70, 72, 73, 75, 77, 79, 80, 81, 82, 83, 84, 86, 87, 88, 89, 90, 91, 92, 94, 95, 96, 97, 98, 100, 101, 103, 104, 106, 107, 108, 110, 111, 114, 117, 119, 120, 121, 123, 124, 125, 126, 127, 128, 131, 141, 142, 143]",{},[],0,"[122, 17, 18, 32, 137, 138, 140, 139, 13, 14, 116, 118, 136, 112, 36, 135, 26, 28, 105, 99, 148, 115, 149, 144, 145, 147, 146, 12, 71, 58, 134, 109, 61, 78, 102, 48, 85, 93, 133, 7, 132, 40, 130, 129, 76, 74, 97, 23, 143, 131, 54, 128, 127, 83, 89, 86, 142, 75, 124, 35, 126, 47, 123, 125, 141, 117, 119, 90, 29, 53, 8, 15, 10, 16, 67, 110, 108, 64, 21, 103, 77, 55, 92, 43, 27, 41, 111, 9, 107, 114, 121, 120, 101, 106, 63, 6, 1, 2, 0, 42, 5, 25, 4, 22, 20, 37, 34, 39, 46, 52, 51, 3, 100, 96, 98, 11, 31, 30, 19, 24, 50, 44, 91, 84, 82, 104, 95, 88, 70, 87, 81, 94, 69, 79, 80, 72, 68, 60, 59, 73, 66, 65, 62, 33, 38, 57, 56, 49, 45]",True,33342723635,33.342723635,"[97, 23, 143, 131, 54, 128, 127, 83, 89, 86, 141, 55, 124, 142, 47, 29, 35, 125, 126, 77, 123, 119, 117, 92, 8, 15, 10, 16, 67, 110, 108, 64, 21, 103, 75, 53, 90, 27, 41, 43, 111, 9, 107, 114, 121, 120, 101, 106, 63, 6, 1, 2, 0, 42, 5, 25, 4, 22, 20, 37, 34, 39, 46, 52, 51, 3, 100, 96, 98, 11, 31, 30, 19, 24, 50, 44, 91, 84, 82, 104, 95, 88, 70, 87, 81, 94, 69, 79, 80, 72, 68, 60, 59, 73, 66, 65, 62, 33, 38, 57, 56, 49, 45]","[45, 49, 56, 57, 38, 33, 62, 65, 66, 73, 59, 60, 68, 72, 80, 79, 69, 94, 81, 87, 70, 88, 95, 104, 82, 84, 91, 44, 50, 24, 19, 30, 31, 11, 98, 96, 100, 3, 51, 52, 46, 39, 34, 37, 20, 22, 4, 25, 5, 42, 0, 2, 1, 6, 63, 106, 101, 120, 121, 114, 107, 9, 111, 43, 41, 27, 90, 53, 75, 103, 21, 64, 108, 110, 67, 16, 10, 15, 8, 92, 117, 119, 123, 77, 126, 125, 35, 29, 47, 142, 124, 55, 141, 86, 89, 83, 127, 128, 54, 131, 143, 23, 97]",False,complete,200,200,4777,0,2688,86,2602,2000,1717,2,0,lowest_first,True,2,134,28,134,28,28,28,28
2,210476,25,48,101,"[7, 12, 13, 14, 17, 18, 23, 26, 28, 32, 36, 40, 48, 58, 61, 71, 74, 76, 78, 85, 93, 97, 99, 102, 105, 109, 112, 115, 116, 118, 122, 129, 130, 132, 133, 134, 135, 136, 137, 138, 139, 140, 144, 145, 146, 147, 148, 149]","[0, 1, 2, 3, 4, 5, 6, 8, 9, 10, 11, 15, 16, 19, 20, 21, 22, 24, 25, 27, 29, 30, 31, 33, 34, 35, 37, 38, 39, 41, 42, 43, 44, 45, 46, 47, 49, 50, 51, 52, 53, 54, 55, 56, 57, 59, 60, 62, 63, 64, 65, 66, 67, 68, 69, 70, 72, 73, 75, 77, 79, 80, 81, 82, 83, 84, 86, 87, 88, 89, 90, 91, 92, 94, 95, 96, 98, 100, 101, 103, 104, 106, 107, 108, 110, 111, 114, 117, 119, 120, 121, 123, 124, 125, 126, 127, 128, 131, 141, 142, 143]",{},[],0,"[122, 17, 18, 32, 137, 138, 140, 139, 13, 14, 116, 118, 136, 112, 36, 135, 26, 28, 105, 99, 148, 115, 149, 144, 145, 147, 146, 12, 71, 58, 134, 109, 61, 78, 102, 48, 85, 93, 133, 7, 132, 40, 130, 129, 76, 74, 97, 23, 143, 131, 54, 128, 127, 83, 89, 86, 142, 75, 124, 35, 126, 47, 123, 125, 141, 117, 119, 90, 29, 53, 8, 15, 10, 16, 67, 110, 108, 64, 21, 103, 77, 55, 92, 43, 27, 41, 111, 9, 107, 114, 121, 120, 101, 106, 63, 6, 1, 2, 0, 42, 5, 25, 4, 22, 20, 37, 34, 39, 46, 52, 51, 3, 100, 96, 98, 11, 31, 30, 19, 24, 50, 44, 91, 84, 82, 104, 95, 88, 70, 87, 81, 94, 69, 79, 80, 72, 68, 60, 59, 73, 66, 65, 62, 33, 38, 57, 56, 49, 45]",True,31566929946,31.566929946,"[143, 131, 54, 128, 127, 83, 89, 86, 141, 55, 124, 142, 47, 29, 35, 125, 126, 75, 10, 16, 110, 108, 111, 9, 6, 1, 2, 67, 64, 21, 104, 123, 90, 53, 77, 117, 92, 119, 15, 8, 0, 41, 27, 43, 107, 114, 121, 120, 101, 106, 63, 42, 5, 25, 4, 22, 20, 37, 34, 39, 46, 52, 51, 33, 44, 38, 57, 50, 56, 49, 45, 91, 62, 73, 66, 68, 60, 94, 70, 69, 59, 79, 80, 72, 65, 3, 100, 96, 98, 11, 31, 30, 24, 19, 84, 82, 87, 81, 88, 103, 95]","[95, 103, 88, 81, 87, 82, 84, 19, 24, 30, 31, 11, 98, 96, 100, 3, 65, 72, 80, 79, 59, 69, 70, 94, 60, 68, 66, 73, 62, 91, 45, 49, 56, 50, 57, 38, 44, 33, 51, 52, 46, 39, 34, 37, 20, 22, 4, 25, 5, 42, 63, 106, 101, 120, 121, 114, 107, 43, 27, 41, 0, 8, 15, 119, 92, 117, 77, 53, 90, 123, 104, 21, 64, 67, 2, 1, 6, 9, 111, 108, 110, 16, 10, 75, 126, 125, 35, 29, 47, 142, 124, 55, 141, 86, 89, 83, 127, 128, 54, 131, 143]",False,complete,177,177,4670,0,2512,77,2435,2000,1499,1,0,lowest_first,True,2,120,27,120,27,27,27,27
2,210477,26,50,99,"[7, 12, 13, 14, 17, 18, 23, 26, 28, 32, 36, 40, 48, 58, 61, 71, 74, 76, 78, 85, 93, 97, 99, 102, 105, 109, 112, 115, 116, 118, 122, 129, 130, 131, 132, 133, 134, 135, 136, 137, 138, 139, 140, 143, 144, 145, 146, 147, 148, 149]","[0, 1, 2, 3, 4, 5, 6, 8, 9, 10, 11, 15, 16, 19, 20, 21, 22, 24, 25, 27, 29, 30, 31, 33, 34, 35, 37, 38, 39, 41, 42, 43, 44, 45, 46, 47, 49, 50, 51, 52, 53, 54, 55, 56, 57, 59, 60, 62, 63, 64, 65, 66, 67, 68, 69, 70, 72, 73, 75, 77, 79, 80, 81, 82, 83, 84, 86, 87, 88, 89, 90, 91, 92, 94, 95, 96, 98, 100, 101, 103, 104, 106, 107, 108, 110, 111, 114, 117, 119, 120, 121, 123, 124, 125, 126, 127, 128, 141, 142]",{},[],0,"[122, 17, 18, 32, 137, 138, 140, 139, 13, 14, 116, 118, 136, 112, 36, 135, 26, 28, 105, 99, 148, 115, 149, 144, 145, 147, 146, 12, 71, 58, 134, 109, 61, 78, 102, 48, 85, 93, 133, 7, 132, 40, 130, 129, 76, 74, 97, 23, 143, 131, 54, 128, 127, 83, 89, 86, 142, 75, 124, 35, 126, 47, 123, 125, 141, 117, 119, 90, 29, 53, 8, 15, 10, 16, 67, 110, 108, 64, 21, 103, 77, 55, 92, 43, 27, 41, 111, 9, 107, 114, 121, 120, 101, 106, 63, 6, 1, 2, 0, 42, 5, 25, 4, 22, 20, 37, 34, 39, 46, 52, 51, 3, 100, 96, 98, 11, 31, 30, 19, 24, 50, 44, 91, 84, 82, 104, 95, 88, 70, 87, 81, 94, 69, 79, 80, 72, 68, 60, 59, 73, 66, 65, 62, 33, 38, 57, 56, 49, 45]",True,65807589811,65.807589811,"[54, 128, 127, 83, 89, 86, 141, 55, 124, 142, 47, 8, 126, 125, 123, 67, 52, 119, 90, 121, 41, 43, 106, 101, 51, 46, 63, 64, 92, 53, 117, 77, 75, 15, 29, 27, 120, 114, 107, 10, 16, 6, 1, 2, 22, 4, 5, 3, 100, 96, 98, 11, 31, 30, 70, 69, 94, 79, 80, 62, 60, 59, 68, 66, 72, 65, 104, 73, 87, 21, 91, 103, 95, 88, 82, 81, 44, 84, 37, 20, 24, 19, 25, 50, 42, 35, 34, 39, 49, 45, 56, 57, 38, 33, 110, 108, 111, 9, 0]","[0, 9, 111, 108, 110, 33, 38, 57, 56, 45, 49, 39, 34, 35, 42, 50, 25, 19, 24, 20, 37, 84, 44, 81, 82, 88, 95, 103, 91, 21, 87, 73, 104, 65, 72, 66, 68, 59, 60, 62, 80, 79, 94, 69, 70, 30, 31, 11, 98, 96, 100, 3, 5, 4, 22, 2, 1, 6, 16, 10, 107, 114, 120, 27, 29, 15, 75, 77, 117, 53, 92, 64, 63, 46, 51, 101, 106, 43, 41, 121, 90, 119, 52, 67, 123, 125, 126, 8, 47, 142, 124, 55, 141, 86, 89, 83, 127, 128, 54]",False,complete,310,310,6769,0,5021,199,4822,2000,1593,6,0,lowest_first,True,2,136,26,136,26,26,26,26
2,210478,27,52,97,"[7, 12, 13, 14, 17, 18, 23, 26, 28, 32, 36, 40, 48, 54, 58, 61, 71, 74, 76, 78, 85, 93, 97, 99, 102, 105, 109, 112, 115, 116, 118, 122, 128, 129, 130, 131, 132, 133, 134, 135, 136, 137, 138, 139, 140, 143, 144, 145, 146, 147, 148, 149]","[0, 1, 2, 3, 4, 5, 6, 8, 9, 10, 11, 15, 16, 19, 20, 21, 22, 24, 25, 27, 29, 30, 31, 33, 34, 35, 37, 38, 39, 41, 42, 43, 44, 45, 46, 47, 49, 50, 51, 52, 53, 55, 56, 57, 59, 60, 62, 63, 64, 65, 66, 67, 68, 69, 70, 72, 73, 75, 77, 79, 80, 81, 82, 83, 84, 86, 87, 88, 89, 90, 91, 92, 94, 95, 96, 98, 100, 101, 103, 104, 106, 107, 108, 110, 111, 114, 117, 119, 120, 121, 123, 124, 125, 126, 127, 141, 142]",{},[],0,"[122, 17, 18, 32, 137, 138, 140, 139, 13, 14, 116, 118, 136, 112, 36, 135, 26, 28, 105, 99, 148, 115, 149, 144, 145, 147, 146, 12, 71, 58, 134, 109, 61, 78, 102, 48, 85, 93, 133, 7, 132, 40, 130, 129, 76, 74, 97, 23, 143, 131, 54, 128, 127, 83, 89, 86, 142, 75, 124, 35, 126, 47, 123, 125, 141, 117, 119, 90, 29, 53, 8, 15, 10, 16, 67, 110, 108, 64, 21, 103, 77, 55, 92, 43, 27, 41, 111, 9, 107, 114, 121, 120, 101, 106, 63, 6, 1, 2, 0, 42, 5, 25, 4, 22, 20, 37, 34, 39, 46, 52, 51, 3, 100, 96, 98, 11, 31, 30, 19, 24, 50, 44, 91, 84, 82, 104, 95, 88, 70, 87, 81, 94, 69, 79, 80, 72, 68, 60, 59, 73, 66, 65, 62, 33, 38, 57, 56, 49, 45]",True,30198386039,30.198386039,"[127, 83, 89, 86, 142, 75, 124, 35, 126, 47, 123, 125, 141, 117, 119, 90, 27, 15, 8, 10, 57, 16, 110, 108, 64, 21, 104, 53, 92, 77, 55, 29, 43, 41, 111, 9, 107, 114, 121, 120, 101, 106, 67, 6, 1, 2, 0, 42, 5, 25, 4, 22, 20, 44, 37, 34, 39, 46, 52, 50, 51, 62, 49, 45, 56, 38, 33, 91, 63, 70, 60, 68, 66, 94, 73, 69, 59, 79, 80, 72, 65, 3, 100, 96, 98, 11, 31, 30, 24, 19, 84, 82, 87, 81, 88, 103, 95]","[95, 103, 88, 81, 87, 82, 84, 19, 24, 30, 31, 11, 98, 96, 100, 3, 65, 72, 80, 79, 59, 69, 73, 94, 66, 68, 60, 70, 63, 91, 33, 38, 56, 45, 49, 62, 51, 50, 52, 46, 39, 34, 37, 44, 20, 22, 4, 25, 5, 42, 0, 2, 1, 6, 67, 106, 101, 120, 121, 114, 107, 9, 111, 41, 43, 29, 55, 77, 92, 53, 104, 21, 64, 108, 110, 16, 57, 10, 8, 15, 27, 90, 119, 117, 141, 125, 123, 47, 126, 35, 124, 75, 142, 86, 89, 83, 127]",False,complete,130,130,3879,0,2265,68,2197,2000,954,0,0,lowest_first,True,2,133,27,133,27,27,27,27
2,210479,28,54,95,"[7, 12, 13, 14, 17, 18, 23, 26, 28, 32, 36, 40, 48, 54, 58, 61, 71, 74, 76, 78, 83, 85, 93, 97, 99, 102, 105, 109, 112, 115, 116, 118, 122, 127, 128, 129, 130, 131, 132, 133, 134, 135, 136, 137, 138, 139, 140, 143, 144, 145, 146, 147, 148, 149]","[0, 1, 2, 3, 4, 5, 6, 8, 9, 10, 11, 15, 16, 19, 20, 21, 22, 24, 25, 27, 29, 30, 31, 33, 34, 35, 37, 38, 39, 41, 42, 43, 44, 45, 46, 47, 49, 50, 51, 52, 53, 55, 56, 57, 59, 60, 62, 63, 64, 65, 66, 67, 68, 69, 70, 72, 73, 75, 77, 79, 80, 81, 82, 84, 86, 87, 88, 89, 90, 91, 92, 94, 95, 96, 98, 100, 101, 103, 104, 106, 107, 108, 110, 111, 114, 117, 119, 120, 121, 123, 124, 125, 126, 141, 142]",{},[],0,"[122, 17, 18, 32, 137, 138, 140, 139, 13, 14, 116, 118, 136, 112, 36, 135, 26, 28, 105, 99, 148, 115, 149, 144, 145, 147, 146, 12, 71, 58, 134, 109, 61, 78, 102, 48, 85, 93, 133, 7, 132, 40, 130, 129, 76, 74, 97, 23, 143, 131, 54, 128, 127, 83, 89, 86, 142, 75, 124, 35, 126, 47, 123, 125, 141, 117, 119, 90, 29, 53, 8, 15, 10, 16, 67, 110, 108, 64, 21, 103, 77, 55, 92, 43, 27, 41, 111, 9, 107, 114, 121, 120, 101, 106, 63, 6, 1, 2, 0, 42, 5, 25, 4, 22, 20, 37, 34, 39, 46, 52, 51, 3, 100, 96, 98, 11, 31, 30, 19, 24, 50, 44, 91, 84, 82, 104, 95, 88, 70, 87, 81, 94, 69, 79, 80, 72, 68, 60, 59, 73, 66, 65, 62, 33, 38, 57, 56, 49, 45]",True,34438519165,34.438519165,"[89, 86, 142, 75, 124, 35, 126, 47, 123, 125, 141, 117, 119, 90, 29, 53, 8, 27, 6, 2, 1, 10, 16, 67, 110, 108, 64, 21, 104, 92, 77, 55, 15, 43, 41, 111, 9, 0, 107, 114, 121, 120, 101, 106, 63, 42, 5, 25, 4, 22, 20, 37, 34, 39, 46, 52, 51, 33, 44, 38, 57, 50, 56, 49, 45, 91, 62, 70, 60, 68, 66, 94, 73, 69, 59, 79, 80, 72, 65, 19, 100, 96, 98, 24, 30, 31, 11, 3, 84, 82, 87, 81, 88, 103, 95]","[95, 103, 88, 81, 87, 82, 84, 3, 11, 31, 30, 24, 98, 96, 100, 19, 65, 72, 80, 79, 59, 69, 73, 94, 66, 68, 60, 70, 62, 91, 45, 49, 56, 50, 57, 38, 44, 33, 51, 52, 46, 39, 34, 37, 20, 22, 4, 25, 5, 42, 63, 106, 101, 120, 121, 114, 107, 0, 9, 111, 41, 43, 15, 55, 77, 92, 104, 21, 64, 108, 110, 67, 16, 10, 1, 2, 6, 27, 8, 53, 29, 90, 119, 117, 141, 125, 123, 47, 126, 35, 124, 75, 142, 86, 89]",False,complete,171,171,4054,0,2569,77,2492,2000,1534,1,0,lowest_first,True,2,130,29,130,29,29,29,29
2,210480,29,56,93,"[7, 12, 13, 14, 17, 18, 23, 26, 28, 32, 36, 40, 48, 54, 58, 61, 71, 74, 76, 78, 83, 85, 86, 89, 93, 97, 99, 102, 105, 109, 112, 115, 116, 118, 122, 127, 128, 129, 130, 131, 132, 133, 134, 135, 136, 137, 138, 139, 140, 143, 144, 145, 146, 147, 148, 149]","[0, 1, 2, 3, 4, 5, 6, 8, 9, 10, 11, 15, 16, 19, 20, 21, 22, 24, 25, 27, 29, 30, 31, 33, 34, 35, 37, 38, 39, 41, 42, 43, 44, 45, 46, 47, 49, 50, 51, 52, 53, 55, 56, 57, 59, 60, 62, 63, 64, 65, 66, 67, 68, 69, 70, 72, 73, 75, 77, 79, 80, 81, 82, 84, 87, 88, 90, 91, 92, 94, 95, 96, 98, 100, 101, 103, 104, 106, 107, 108, 110, 111, 114, 117, 119, 120, 121, 123, 124, 125, 126, 141, 142]",{},[],0,"[122, 17, 18, 32, 137, 138, 140, 139, 13, 14, 116, 118, 136, 112, 36, 135, 26, 28, 105, 99, 148, 115, 149, 144, 145, 147, 146, 12, 71, 58, 134, 109, 61, 78, 102, 48, 85, 93, 133, 7, 132, 40, 130, 129, 76, 74, 97, 23, 143, 131, 54, 128, 127, 83, 89, 86, 142, 75, 124, 35, 126, 47, 123, 125, 141, 117, 119, 90, 29, 53, 8, 15, 10, 16, 67, 110, 108, 64, 21, 103, 77, 55, 92, 43, 27, 41, 111, 9, 107, 114, 121, 120, 101, 106, 63, 6, 1, 2, 0, 42, 5, 25, 4, 22, 20, 37, 34, 39, 46, 52, 51, 3, 100, 96, 98, 11, 31, 30, 19, 24, 50, 44, 91, 84, 82, 104, 95, 88, 70, 87, 81, 94, 69, 79, 80, 72, 68, 60, 59, 73, 66, 65, 62, 33, 38, 57, 56, 49, 45]",True,66604928705,66.604928705,"[142, 55, 124, 141, 47, 8, 126, 125, 123, 67, 52, 119, 92, 121, 41, 43, 106, 101, 51, 46, 63, 64, 117, 90, 53, 77, 75, 15, 29, 27, 120, 114, 107, 10, 16, 6, 1, 2, 22, 4, 5, 3, 100, 96, 98, 11, 31, 30, 70, 69, 94, 79, 80, 62, 60, 59, 68, 66, 72, 65, 104, 73, 87, 21, 91, 103, 95, 88, 82, 81, 44, 84, 37, 20, 24, 19, 25, 50, 42, 35, 34, 39, 49, 45, 56, 57, 38, 33, 110, 108, 111, 9, 0]","[0, 9, 111, 108, 110, 33, 38, 57, 56, 45, 49, 39, 34, 35, 42, 50, 25, 19, 24, 20, 37, 84, 44, 81, 82, 88, 95, 103, 91, 21, 87, 73, 104, 65, 72, 66, 68, 59, 60, 62, 80, 79, 94, 69, 70, 30, 31, 11, 98, 96, 100, 3, 5, 4, 22, 2, 1, 6, 16, 10, 107, 114, 120, 27, 29, 15, 75, 77, 53, 90, 117, 64, 63, 46, 51, 101, 106, 43, 41, 121, 92, 119, 52, 67, 123, 125, 126, 8, 47, 141, 124, 55, 142]",False,complete,311,311,6452,0,5090,199,4891,2000,1596,6,0,lowest_first,True,2,136,26,136,26,26,26,26
2,210481,30,58,91,"[7, 12, 13, 14, 17, 18, 23, 26, 28, 32, 36, 40, 48, 54, 58, 61, 71, 74, 75, 76, 78, 83, 85, 86, 89, 93, 97, 99, 102, 105, 109, 112, 115, 116, 118, 122, 127, 128, 129, 130, 131, 132, 133, 134, 135, 136, 137, 138, 139, 140, 142, 143, 144, 145, 146, 147, 148, 149]","[0, 1, 2, 3, 4, 5, 6, 8, 9, 10, 11, 15, 16, 19, 20, 21, 22, 24, 25, 27, 29, 30, 31, 33, 34, 35, 37, 38, 39, 41, 42, 43, 44, 45, 46, 47, 49, 50, 51, 52, 53, 55, 56, 57, 59, 60, 62, 63, 64, 65, 66, 67, 68, 69, 70, 72, 73, 77, 79, 80, 81, 82, 84, 87, 88, 90, 91, 92, 94, 95, 96, 98, 100, 101, 103, 104, 106, 107, 108, 110, 111, 114, 117, 119, 120, 121, 123, 124, 125, 126, 141]",{},[],0,"[122, 17, 18, 32, 137, 138, 140, 139, 13, 14, 116, 118, 136, 112, 36, 135, 26, 28, 105, 99, 148, 115, 149, 144, 145, 147, 146, 12, 71, 58, 134, 109, 61, 78, 102, 48, 85, 93, 133, 7, 132, 40, 130, 129, 76, 74, 97, 23, 143, 131, 54, 128, 127, 83, 89, 86, 142, 75, 124, 35, 126, 47, 123, 125, 141, 117, 119, 90, 29, 53, 8, 15, 10, 16, 67, 110, 108, 64, 21, 103, 77, 55, 92, 43, 27, 41, 111, 9, 107, 114, 121, 120, 101, 106, 63, 6, 1, 2, 0, 42, 5, 25, 4, 22, 20, 37, 34, 39, 46, 52, 51, 3, 100, 96, 98, 11, 31, 30, 19, 24, 50, 44, 91, 84, 82, 104, 95, 88, 70, 87, 81, 94, 69, 79, 80, 72, 68, 60, 59, 73, 66, 65, 62, 33, 38, 57, 56, 49, 45]",True,27650534924,27.650534924,"[124, 35, 126, 47, 123, 125, 141, 117, 119, 90, 27, 15, 8, 10, 57, 16, 110, 108, 64, 21, 103, 92, 53, 55, 77, 43, 41, 29, 111, 9, 107, 114, 121, 120, 101, 106, 67, 6, 1, 2, 0, 42, 5, 25, 4, 22, 20, 44, 37, 34, 39, 46, 52, 50, 51, 62, 49, 45, 56, 38, 33, 91, 63, 70, 60, 68, 66, 94, 73, 69, 59, 79, 80, 72, 65, 3, 100, 96, 98, 11, 31, 30, 24, 19, 84, 82, 87, 81, 88, 104, 95]","[95, 104, 88, 81, 87, 82, 84, 19, 24, 30, 31, 11, 98, 96, 100, 3, 65, 72, 80, 79, 59, 69, 73, 94, 66, 68, 60, 70, 63, 91, 33, 38, 56, 45, 49, 62, 51, 50, 52, 46, 39, 34, 37, 44, 20, 22, 4, 25, 5, 42, 0, 2, 1, 6, 67, 106, 101, 120, 121, 114, 107, 9, 111, 29, 41, 43, 77, 55, 53, 92, 103, 21, 64, 108, 110, 16, 57, 10, 8, 15, 27, 90, 119, 117, 141, 125, 123, 47, 126, 35, 124]",False,complete,124,124,3400,0,2105,68,2037,2000,954,0,0,lowest_first,True,2,133,27,133,27,27,27,27
2,210482,31,60,89,"[7, 12, 13, 14, 17, 18, 23, 26, 28, 32, 35, 36, 40, 48, 54, 58, 61, 71, 74, 75, 76, 78, 83, 85, 86, 89, 93, 97, 99, 102, 105, 109, 112, 115, 116, 118, 122, 124, 127, 128, 129, 130, 131, 132, 133, 134, 135, 136, 137, 138, 139, 140, 142, 143, 144, 145, 146, 147, 148, 149]","[0, 1, 2, 3, 4, 5, 6, 8, 9, 10, 11, 15, 16, 19, 20, 21, 22, 24, 25, 27, 29, 30, 31, 33, 34, 37, 38, 39, 41, 42, 43, 44, 45, 46, 47, 49, 50, 51, 52, 53, 55, 56, 57, 59, 60, 62, 63, 64, 65, 66, 67, 68, 69, 70, 72, 73, 77, 79, 80, 81, 82, 84, 87, 88, 90, 91, 92, 94, 95, 96, 98, 100, 101, 103, 104, 106, 107, 108, 110, 111, 114, 117, 119, 120, 121, 123, 125, 126, 141]",{},[],0,"[122, 17, 18, 32, 137, 138, 140, 139, 13, 14, 116, 118, 136, 112, 36, 135, 26, 28, 105, 99, 148, 115, 149, 144, 145, 147, 146, 12, 71, 58, 134, 109, 61, 78, 102, 48, 85, 93, 133, 7, 132, 40, 130, 129, 76, 74, 97, 23, 143, 131, 54, 128, 127, 83, 89, 86, 142, 75, 124, 35, 126, 47, 123, 125, 141, 117, 119, 90, 29, 53, 8, 15, 10, 16, 67, 110, 108, 64, 21, 103, 77, 55, 92, 43, 27, 41, 111, 9, 107, 114, 121, 120, 101, 106, 63, 6, 1, 2, 0, 42, 5, 25, 4, 22, 20, 37, 34, 39, 46, 52, 51, 3, 100, 96, 98, 11, 31, 30, 19, 24, 50, 44, 91, 84, 82, 104, 95, 88, 70, 87, 81, 94, 69, 79, 80, 72, 68, 60, 59, 73, 66, 65, 62, 33, 38, 57, 56, 49, 45]",True,25390409114,25.390409114,"[126, 47, 123, 125, 141, 119, 117, 90, 8, 15, 27, 10, 57, 16, 110, 108, 64, 21, 103, 55, 92, 77, 53, 43, 41, 29, 111, 9, 107, 114, 121, 120, 101, 106, 67, 6, 1, 2, 0, 42, 5, 25, 4, 22, 20, 44, 37, 34, 39, 46, 52, 50, 51, 62, 49, 45, 56, 38, 33, 91, 63, 73, 66, 68, 60, 94, 70, 69, 59, 79, 80, 72, 65, 19, 100, 96, 98, 24, 30, 31, 11, 3, 84, 82, 87, 81, 88, 104, 95]","[95, 104, 88, 81, 87, 82, 84, 3, 11, 31, 30, 24, 98, 96, 100, 19, 65, 72, 80, 79, 59, 69, 70, 94, 60, 68, 66, 73, 63, 91, 33, 38, 56, 45, 49, 62, 51, 50, 52, 46, 39, 34, 37, 44, 20, 22, 4, 25, 5, 42, 0, 2, 1, 6, 67, 106, 101, 120, 121, 114, 107, 9, 111, 29, 41, 43, 53, 77, 92, 55, 103, 21, 64, 108, 110, 16, 57, 10, 27, 15, 8, 90, 117, 119, 141, 125, 123, 47, 126]",False,complete,122,122,3238,0,2044,68,1976,2000,956,0,0,lowest_first,True,2,134,27,134,27,27,27,27
2,210483,32,62,87,"[7, 12, 13, 14, 17, 18, 23, 26, 28, 32, 35, 36, 40, 47, 48, 54, 58, 61, 71, 74, 75, 76, 78, 83, 85, 86, 89, 93, 97, 99, 102, 105, 109, 112, 115, 116, 118, 122, 124, 126, 127, 128, 129, 130, 131, 132, 133, 134, 135, 136, 137, 138, 139, 140, 142, 143, 144, 145, 146, 147, 148, 149]","[0, 1, 2, 3, 4, 5, 6, 8, 9, 10, 11, 15, 16, 19, 20, 21, 22, 24, 25, 27, 29, 30, 31, 33, 34, 37, 38, 39, 41, 42, 43, 44, 45, 46, 49, 50, 51, 52, 53, 55, 56, 57, 59, 60, 62, 63, 64, 65, 66, 67, 68, 69, 70, 72, 73, 77, 79, 80, 81, 82, 84, 87, 88, 90, 91, 92, 94, 95, 96, 98, 100, 101, 103, 104, 106, 107, 108, 110, 111, 114, 117, 119, 120, 121, 123, 125, 141]",{},[],0,"[122, 17, 18, 32, 137, 138, 140, 139, 13, 14, 116, 118, 136, 112, 36, 135, 26, 28, 105, 99, 148, 115, 149, 144, 145, 147, 146, 12, 71, 58, 134, 109, 61, 78, 102, 48, 85, 93, 133, 7, 132, 40, 130, 129, 76, 74, 97, 23, 143, 131, 54, 128, 127, 83, 89, 86, 142, 75, 124, 35, 126, 47, 123, 125, 141, 117, 119, 90, 29, 53, 8, 15, 10, 16, 67, 110, 108, 64, 21, 103, 77, 55, 92, 43, 27, 41, 111, 9, 107, 114, 121, 120, 101, 106, 63, 6, 1, 2, 0, 42, 5, 25, 4, 22, 20, 37, 34, 39, 46, 52, 51, 3, 100, 96, 98, 11, 31, 30, 19, 24, 50, 44, 91, 84, 82, 104, 95, 88, 70, 87, 81, 94, 69, 79, 80, 72, 68, 60, 59, 73, 66, 65, 62, 33, 38, 57, 56, 49, 45]",True,27061759507,27.061759507,"[123, 125, 141, 117, 119, 90, 27, 15, 8, 10, 57, 16, 110, 108, 64, 21, 103, 55, 53, 77, 92, 41, 29, 43, 111, 9, 107, 114, 121, 120, 101, 106, 67, 6, 1, 2, 0, 42, 5, 25, 4, 22, 20, 44, 37, 34, 39, 46, 52, 50, 51, 62, 49, 45, 56, 38, 33, 91, 63, 70, 60, 68, 66, 94, 73, 69, 59, 79, 80, 72, 65, 3, 100, 96, 98, 11, 31, 30, 24, 19, 84, 87, 82, 81, 88, 104, 95]","[95, 104, 88, 81, 82, 87, 84, 19, 24, 30, 31, 11, 98, 96, 100, 3, 65, 72, 80, 79, 59, 69, 73, 94, 66, 68, 60, 70, 63, 91, 33, 38, 56, 45, 49, 62, 51, 50, 52, 46, 39, 34, 37, 44, 20, 22, 4, 25, 5, 42, 0, 2, 1, 6, 67, 106, 101, 120, 121, 114, 107, 9, 111, 43, 29, 41, 92, 77, 53, 55, 103, 21, 64, 108, 110, 16, 57, 10, 8, 15, 27, 90, 119, 117, 141, 125, 123]",False,complete,120,120,3087,0,2000,68,1932,2000,941,0,0,lowest_first,True,2,133,27,133,27,27,27,27
2,210484,33,64,85,"[7, 12, 13, 14, 17, 18, 23, 26, 28, 32, 35, 36, 40, 47, 48, 54, 58, 61, 71, 74, 75, 76, 78, 83, 85, 86, 89, 93, 97, 99, 102, 105, 109, 112, 115, 116, 118, 122, 123, 124, 125, 126, 127, 128, 129, 130, 131, 132, 133, 134, 135, 136, 137, 138, 139, 140, 142, 143, 144, 145, 146, 147, 148, 149]","[0, 1, 2, 3, 4, 5, 6, 8, 9, 10, 11, 15, 16, 19, 20, 21, 22, 24, 25, 27, 29, 30, 31, 33, 34, 37, 38, 39, 41, 42, 43, 44, 45, 46, 49, 50, 51, 52, 53, 55, 56, 57, 59, 60, 62, 63, 64, 65, 66, 67, 68, 69, 70, 72, 73, 77, 79, 80, 81, 82, 84, 87, 88, 90, 91, 92, 94, 95, 96, 98, 100, 101, 103, 104, 106, 107, 108, 110, 111, 114, 117, 119, 120, 121, 141]",{},[],0,"[122, 17, 18, 32, 137, 138, 140, 139, 13, 14, 116, 118, 136, 112, 36, 135, 26, 28, 105, 99, 148, 115, 149, 144, 145, 147, 146, 12, 71, 58, 134, 109, 61, 78, 102, 48, 85, 93, 133, 7, 132, 40, 130, 129, 76, 74, 97, 23, 143, 131, 54, 128, 127, 83, 89, 86, 142, 75, 124, 35, 126, 47, 123, 125, 141, 117, 119, 90, 29, 53, 8, 15, 10, 16, 67, 110, 108, 64, 21, 103, 77, 55, 92, 43, 27, 41, 111, 9, 107, 114, 121, 120, 101, 106, 63, 6, 1, 2, 0, 42, 5, 25, 4, 22, 20, 37, 34, 39, 46, 52, 51, 3, 100, 96, 98, 11, 31, 30, 19, 24, 50, 44, 91, 84, 82, 104, 95, 88, 70, 87, 81, 94, 69, 79, 80, 72, 68, 60, 59, 73, 66, 65, 62, 33, 38, 57, 56, 49, 45]",True,30350674322,30.350674322,"[141, 119, 117, 90, 8, 15, 29, 55, 10, 16, 67, 110, 108, 64, 21, 103, 92, 77, 53, 41, 27, 43, 111, 9, 107, 114, 121, 120, 101, 106, 63, 6, 1, 2, 0, 42, 5, 25, 4, 22, 20, 37, 34, 39, 46, 52, 51, 3, 100, 96, 98, 11, 31, 30, 95, 104, 44, 24, 19, 50, 84, 82, 91, 88, 70, 87, 81, 94, 69, 79, 80, 72, 68, 60, 59, 73, 66, 65, 62, 33, 38, 57, 56, 49, 45]","[45, 49, 56, 57, 38, 33, 62, 65, 66, 73, 59, 60, 68, 72, 80, 79, 69, 94, 81, 87, 70, 88, 91, 82, 84, 50, 19, 24, 44, 104, 95, 30, 31, 11, 98, 96, 100, 3, 51, 52, 46, 39, 34, 37, 20, 22, 4, 25, 5, 42, 0, 2, 1, 6, 63, 106, 101, 120, 121, 114, 107, 9, 111, 43, 27, 41, 53, 77, 92, 103, 21, 64, 108, 110, 67, 16, 10, 55, 29, 15, 8, 90, 117, 119, 141]",False,complete,182,182,3347,0,2318,86,2232,2000,1712,2,0,lowest_first,True,2,134,28,134,28,28,28,28
2,210485,34,66,83,"[7, 12, 13, 14, 17, 18, 23, 26, 28, 32, 35, 36, 40, 47, 48, 54, 58, 61, 71, 74, 75, 76, 78, 83, 85, 86, 89, 93, 97, 99, 102, 105, 109, 112, 115, 116, 117, 118, 122, 123, 124, 125, 126, 127, 128, 129, 130, 131, 132, 133, 134, 135, 136, 137, 138, 139, 140, 141, 142, 143, 144, 145, 146, 147, 148, 149]","[0, 1, 2, 3, 4, 5, 6, 8, 9, 10, 11, 15, 16, 19, 20, 21, 22, 24, 25, 27, 29, 30, 31, 33, 34, 37, 38, 39, 41, 42, 43, 44, 45, 46, 49, 50, 51, 52, 53, 55, 56, 57, 59, 60, 62, 63, 64, 65, 66, 67, 68, 69, 70, 72, 73, 77, 79, 80, 81, 82, 84, 87, 88, 90, 91, 92, 94, 95, 96, 98, 100, 101, 103, 104, 106, 107, 108, 110, 111, 114, 119, 120, 121]",{},[],0,"[122, 17, 18, 32, 137, 138, 140, 139, 13, 14, 116, 118, 136, 112, 36, 135, 26, 28, 105, 99, 148, 115, 149, 144, 145, 147, 146, 12, 71, 58, 134, 109, 61, 78, 102, 48, 85, 93, 133, 7, 132, 40, 130, 129, 76, 74, 97, 23, 143, 131, 54, 128, 127, 83, 89, 86, 142, 75, 124, 35, 126, 47, 123, 125, 141, 117, 119, 90, 29, 53, 8, 15, 10, 16, 67, 110, 108, 64, 21, 103, 77, 55, 92, 43, 27, 41, 111, 9, 107, 114, 121, 120, 101, 106, 63, 6, 1, 2, 0, 42, 5, 25, 4, 22, 20, 37, 34, 39, 46, 52, 51, 3, 100, 96, 98, 11, 31, 30, 19, 24, 50, 44, 91, 84, 82, 104, 95, 88, 70, 87, 81, 94, 69, 79, 80, 72, 68, 60, 59, 73, 66, 65, 62, 33, 38, 57, 56, 49, 45]",True,22572917684,22.572917684,"[119, 90, 29, 55, 15, 8, 10, 16, 67, 110, 108, 64, 21, 104, 53, 92, 77, 27, 43, 41, 111, 9, 107, 114, 121, 120, 101, 106, 63, 6, 1, 2, 0, 42, 5, 25, 4, 22, 20, 37, 34, 39, 46, 52, 51, 33, 44, 38, 57, 50, 56, 49, 45, 91, 62, 73, 66, 68, 60, 94, 70, 69, 59, 79, 80, 72, 65, 19, 100, 96, 98, 24, 30, 31, 11, 3, 84, 82, 87, 81, 88, 103, 95]","[95, 103, 88, 81, 87, 82, 84, 3, 11, 31, 30, 24, 98, 96, 100, 19, 65, 72, 80, 79, 59, 69, 70, 94, 60, 68, 66, 73, 62, 91, 45, 49, 56, 50, 57, 38, 44, 33, 51, 52, 46, 39, 34, 37, 20, 22, 4, 25, 5, 42, 0, 2, 1, 6, 63, 106, 101, 120, 121, 114, 107, 9, 111, 41, 43, 27, 77, 92, 53, 104, 21, 64, 108, 110, 67, 16, 10, 8, 15, 55, 29, 90, 119]",False,complete,159,159,3117,0,2155,77,2078,2000,1557,1,0,lowest_first,True,2,132,27,132,27,27,27,27
2,210486,35,68,81,"[7, 12, 13, 14, 17, 18, 23, 26, 28, 32, 35, 36, 40, 47, 48, 54, 58, 61, 71, 74, 75, 76, 78, 83, 85, 86, 89, 90, 93, 97, 99, 102, 105, 109, 112, 115, 116, 117, 118, 119, 122, 123, 124, 125, 126, 127, 128, 129, 130, 131, 132, 133, 134, 135, 136, 137, 138, 139, 140, 141, 142, 143, 144, 145, 146, 147, 148, 149]","[0, 1, 2, 3, 4, 5, 6, 8, 9, 10, 11, 15, 16, 19, 20, 21, 22, 24, 25, 27, 29, 30, 31, 33, 34, 37, 38, 39, 41, 42, 43, 44, 45, 46, 49, 50, 51, 52, 53, 55, 56, 57, 59, 60, 62, 63, 64, 65, 66, 67, 68, 69, 70, 72, 73, 77, 79, 80, 81, 82, 84, 87, 88, 91, 92, 94, 95, 96, 98, 100, 101, 103, 104, 106, 107, 108, 110, 111, 114, 120, 121]",{},[],0,"[122, 17, 18, 32, 137, 138, 140, 139, 13, 14, 116, 118, 136, 112, 36, 135, 26, 28, 105, 99, 148, 115, 149, 144, 145, 147, 146, 12, 71, 58, 134, 109, 61, 78, 102, 48, 85, 93, 133, 7, 132, 40, 130, 129, 76, 74, 97, 23, 143, 131, 54, 128, 127, 83, 89, 86, 142, 75, 124, 35, 126, 47, 123, 125, 141, 117, 119, 90, 29, 53, 8, 15, 10, 16, 67, 110, 108, 64, 21, 103, 77, 55, 92, 43, 27, 41, 111, 9, 107, 114, 121, 120, 101, 106, 63, 6, 1, 2, 0, 42, 5, 25, 4, 22, 20, 37, 34, 39, 46, 52, 51, 3, 100, 96, 98, 11, 31, 30, 19, 24, 50, 44, 91, 84, 82, 104, 95, 88, 70, 87, 81, 94, 69, 79, 80, 72, 68, 60, 59, 73, 66, 65, 62, 33, 38, 57, 56, 49, 45]",True,21840317753,21.840317753,"[8, 15, 29, 55, 10, 16, 67, 110, 108, 64, 21, 104, 53, 92, 77, 41, 43, 27, 111, 9, 107, 114, 121, 120, 101, 106, 63, 6, 1, 2, 0, 42, 5, 25, 4, 22, 20, 37, 34, 39, 46, 52, 51, 3, 100, 96, 98, 11, 31, 30, 95, 103, 44, 24, 19, 50, 84, 82, 91, 88, 70, 87, 81, 94, 69, 79, 80, 72, 68, 60, 59, 73, 66, 65, 62, 33, 38, 57, 56, 49, 45]","[45, 49, 56, 57, 38, 33, 62, 65, 66, 73, 59, 60, 68, 72, 80, 79, 69, 94, 81, 87, 70, 88, 91, 82, 84, 50, 19, 24, 44, 103, 95, 30, 31, 11, 98, 96, 100, 3, 51, 52, 46, 39, 34, 37, 20, 22, 4, 25, 5, 42, 0, 2, 1, 6, 63, 106, 101, 120, 121, 114, 107, 9, 111, 27, 43, 41, 77, 92, 53, 104, 21, 64, 108, 110, 67, 16, 10, 55, 29, 15, 8]",False,complete,167,167,2999,0,2102,81,2021,2000,1591,1,0,lowest_first,True,2,134,28,134,28,28,28,28
2,210487,36,70,79,"[7, 12, 13, 14, 17, 18, 23, 26, 28, 29, 32, 35, 36, 40, 47, 48, 53, 54, 58, 61, 71, 74, 75, 76, 78, 83, 85, 86, 89, 90, 93, 97, 99, 102, 105, 109, 112, 115, 116, 117, 118, 119, 122, 123, 124, 125, 126, 127, 128, 129, 130, 131, 132, 133, 134, 135, 136, 137, 138, 139, 140, 141, 142, 143, 144, 145, 146, 147, 148, 149]","[0, 1, 2, 3, 4, 5, 6, 8, 9, 10, 11, 15, 16, 19, 20, 21, 22, 24, 25, 27, 30, 31, 33, 34, 37, 38, 39, 41, 42, 43, 44, 45, 46, 49, 50, 51, 52, 55, 56, 57, 59, 60, 62, 63, 64, 65, 66, 67, 68, 69, 70, 72, 73, 77, 79, 80, 81, 82, 84, 87, 88, 91, 92, 94, 95, 96, 98, 100, 101, 103, 104, 106, 107, 108, 110, 111, 114, 120, 121]",{},[],0,"[122, 17, 18, 32, 137, 138, 140, 139, 13, 14, 116, 118, 136, 112, 36, 135, 26, 28, 105, 99, 148, 115, 149, 144, 145, 147, 146, 12, 71, 58, 134, 109, 61, 78, 102, 48, 85, 93, 133, 7, 132, 40, 130, 129, 76, 74, 97, 23, 143, 131, 54, 128, 127, 83, 89, 86, 142, 75, 124, 35, 126, 47, 123, 125, 141, 117, 119, 90, 29, 53, 8, 15, 10, 16, 67, 110, 108, 64, 21, 103, 77, 55, 92, 43, 27, 41, 111, 9, 107, 114, 121, 120, 101, 106, 63, 6, 1, 2, 0, 42, 5, 25, 4, 22, 20, 37, 34, 39, 46, 52, 51, 3, 100, 96, 98, 11, 31, 30, 19, 24, 50, 44, 91, 84, 82, 104, 95, 88, 70, 87, 81, 94, 69, 79, 80, 72, 68, 60, 59, 73, 66, 65, 62, 33, 38, 57, 56, 49, 45]",True,22294051682,22.294051682,"[8, 15, 10, 16, 67, 110, 108, 64, 21, 103, 55, 92, 77, 43, 41, 27, 111, 9, 107, 114, 121, 120, 101, 106, 63, 6, 1, 2, 0, 42, 5, 25, 4, 22, 20, 37, 34, 39, 46, 52, 51, 33, 44, 38, 57, 50, 56, 49, 45, 91, 62, 70, 60, 68, 66, 94, 73, 69, 59, 79, 80, 72, 65, 3, 100, 96, 98, 11, 31, 30, 24, 19, 84, 82, 87, 81, 88, 104, 95]","[95, 104, 88, 81, 87, 82, 84, 19, 24, 30, 31, 11, 98, 96, 100, 3, 65, 72, 80, 79, 59, 69, 73, 94, 66, 68, 60, 70, 62, 91, 45, 49, 56, 50, 57, 38, 44, 33, 51, 52, 46, 39, 34, 37, 20, 22, 4, 25, 5, 42, 0, 2, 1, 6, 63, 106, 101, 120, 121, 114, 107, 9, 111, 27, 41, 43, 77, 92, 55, 103, 21, 64, 108, 110, 67, 16, 10, 15, 8]",False,complete,155,155,2854,0,2014,77,1937,2000,1555,1,0,lowest_first,True,2,131,27,131,27,27,27,27
2,210488,37,72,77,"[7, 8, 12, 13, 14, 15, 17, 18, 23, 26, 28, 29, 32, 35, 36, 40, 47, 48, 53, 54, 58, 61, 71, 74, 75, 76, 78, 83, 85, 86, 89, 90, 93, 97, 99, 102, 105, 109, 112, 115, 116, 117, 118, 119, 122, 123, 124, 125, 126, 127, 128, 129, 130, 131, 132, 133, 134, 135, 136, 137, 138, 139, 140, 141, 142, 143, 144, 145, 146, 147, 148, 149]","[0, 1, 2, 3, 4, 5, 6, 9, 10, 11, 16, 19, 20, 21, 22, 24, 25, 27, 30, 31, 33, 34, 37, 38, 39, 41, 42, 43, 44, 45, 46, 49, 50, 51, 52, 55, 56, 57, 59, 60, 62, 63, 64, 65, 66, 67, 68, 69, 70, 72, 73, 77, 79, 80, 81, 82, 84, 87, 88, 91, 92, 94, 95, 96, 98, 100, 101, 103, 104, 106, 107, 108, 110, 111, 114, 120, 121]",{},[],0,"[122, 17, 18, 32, 137, 138, 140, 139, 13, 14, 116, 118, 136, 112, 36, 135, 26, 28, 105, 99, 148, 115, 149, 144, 145, 147, 146, 12, 71, 58, 134, 109, 61, 78, 102, 48, 85, 93, 133, 7, 132, 40, 130, 129, 76, 74, 97, 23, 143, 131, 54, 128, 127, 83, 89, 86, 142, 75, 124, 35, 126, 47, 123, 125, 141, 117, 119, 90, 29, 53, 8, 15, 10, 16, 67, 110, 108, 64, 21, 103, 77, 55, 92, 43, 27, 41, 111, 9, 107, 114, 121, 120, 101, 106, 63, 6, 1, 2, 0, 42, 5, 25, 4, 22, 20, 37, 34, 39, 46, 52, 51, 3, 100, 96, 98, 11, 31, 30, 19, 24, 50, 44, 91, 84, 82, 104, 95, 88, 70, 87, 81, 94, 69, 79, 80, 72, 68, 60, 59, 73, 66, 65, 62, 33, 38, 57, 56, 49, 45]",True,18336933457,18.336933457,"[10, 16, 67, 110, 108, 64, 21, 104, 77, 55, 92, 41, 27, 43, 111, 9, 107, 114, 121, 120, 101, 106, 63, 6, 1, 2, 0, 42, 5, 25, 4, 22, 20, 37, 34, 39, 46, 52, 51, 3, 100, 96, 98, 11, 31, 30, 95, 103, 44, 24, 19, 50, 84, 82, 91, 88, 70, 87, 81, 94, 69, 79, 80, 72, 68, 60, 59, 73, 66, 65, 62, 33, 38, 57, 56, 49, 45]","[45, 49, 56, 57, 38, 33, 62, 65, 66, 73, 59, 60, 68, 72, 80, 79, 69, 94, 81, 87, 70, 88, 91, 82, 84, 50, 19, 24, 44, 103, 95, 30, 31, 11, 98, 96, 100, 3, 51, 52, 46, 39, 34, 37, 20, 22, 4, 25, 5, 42, 0, 2, 1, 6, 63, 106, 101, 120, 121, 114, 107, 9, 111, 43, 27, 41, 92, 55, 77, 104, 21, 64, 108, 110, 67, 16, 10]",False,complete,163,163,2729,0,1949,81,1868,2000,1591,1,0,lowest_first,True,2,134,28,134,28,28,28,28
2,210489,38,74,75,"[7, 8, 10, 12, 13, 14, 15, 16, 17, 18, 23, 26, 28, 29, 32, 35, 36, 40, 47, 48, 53, 54, 58, 61, 71, 74, 75, 76, 78, 83, 85, 86, 89, 90, 93, 97, 99, 102, 105, 109, 112, 115, 116, 117, 118, 119, 122, 123, 124, 125, 126, 127, 128, 129, 130, 131, 132, 133, 134, 135, 136, 137, 138, 139, 140, 141, 142, 143, 144, 145, 146, 147, 148, 149]","[0, 1, 2, 3, 4, 5, 6, 9, 11, 19, 20, 21, 22, 24, 25, 27, 30, 31, 33, 34, 37, 38, 39, 41, 42, 43, 44, 45, 46, 49, 50, 51, 52, 55, 56, 57, 59, 60, 62, 63, 64, 65, 66, 67, 68, 69, 70, 72, 73, 77, 79, 80, 81, 82, 84, 87, 88, 91, 92, 94, 95, 96, 98, 100, 101, 103, 104, 106, 107, 108, 110, 111, 114, 120, 121]","{""support_1"": 111, ""support_2"": 106}","[106, 111]",2,"[122, 17, 18, 32, 137, 138, 140, 139, 13, 14, 116, 118, 136, 112, 36, 135, 26, 28, 105, 99, 148, 115, 149, 144, 145, 147, 146, 12, 71, 58, 134, 109, 61, 78, 102, 48, 85, 93, 133, 7, 132, 40, 130, 129, 76, 74, 97, 23, 143, 131, 54, 128, 127, 83, 89, 86, 142, 75, 124, 35, 126, 47, 123, 125, 141, 117, 119, 90, 29, 53, 8, 15, 10, 16, 67, 110, 108, 64, 21, 103, 77, 55, 92, 43, 27, 41, 111, 9, 107, 114, 121, 120, 101, 106, 63, 6, 1, 2, 0, 42, 5, 25, 4, 22, 20, 37, 34, 39, 46, 52, 51, 3, 100, 96, 98, 11, 31, 30, 19, 24, 50, 44, 91, 84, 82, 104, 95, 88, 70, 87, 81, 94, 69, 79, 80, 72, 68, 60, 59, 73, 66, 65, 62, 33, 38, 57, 56, 49, 45]",True,17508110737,17.508110737,"[67, 110, 108, 64, 21, 103, 55, 77, 92, 27, 41, 43, 111, 9, 107, 114, 121, 120, 101, 106, 63, 6, 1, 2, 0, 42, 5, 25, 4, 22, 20, 37, 34, 39, 46, 52, 51, 3, 100, 96, 98, 11, 31, 30, 19, 24, 50, 44, 91, 84, 82, 104, 95, 88, 70, 87, 81, 94, 69, 79, 80, 72, 68, 60, 59, 73, 66, 65, 62, 33, 38, 57, 56, 49, 45]","[45, 49, 56, 57, 38, 33, 62, 65, 66, 73, 59, 60, 68, 72, 80, 79, 69, 94, 81, 87, 70, 88, 95, 104, 82, 84, 91, 44, 50, 24, 19, 30, 31, 11, 98, 96, 100, 3, 51, 52, 46, 39, 34, 37, 20, 22, 4, 25, 5, 42, 0, 2, 1, 6, 63, 106, 101, 120, 121, 114, 107, 9, 111, 43, 41, 27, 92, 77, 55, 103, 21, 64, 108, 110, 67]",False,complete,164,164,2675,0,1932,82,1850,2000,1704,2,0,lowest_first,True,2,131,26,131,28,28,26,28
2,210490,39,76,73,"[7, 8, 10, 12, 13, 14, 15, 16, 17, 18, 23, 26, 28, 29, 32, 35, 36, 40, 47, 48, 53, 54, 58, 61, 67, 71, 74, 75, 76, 78, 83, 85, 86, 89, 90, 93, 97, 99, 102, 105, 109, 110, 112, 115, 116, 117, 118, 119, 122, 123, 124, 125, 126, 127, 128, 129, 130, 131, 132, 133, 134, 135, 136, 137, 138, 139, 140, 141, 142, 143, 144, 145, 146, 147, 148, 149]","[0, 1, 2, 3, 4, 5, 6, 9, 11, 19, 20, 21, 22, 24, 25, 27, 30, 31, 33, 34, 37, 38, 39, 41, 42, 43, 44, 45, 46, 49, 50, 51, 52, 55, 56, 57, 59, 60, 62, 63, 64, 65, 66, 68, 69, 70, 72, 73, 77, 79, 80, 81, 82, 84, 87, 88, 91, 92, 94, 95, 96, 98, 100, 101, 103, 104, 106, 107, 108, 111, 114, 120, 121]","{""support_1"": 111, ""support_2"": 106}","[106, 111]",2,"[122, 17, 18, 32, 137, 138, 140, 139, 13, 14, 116, 118, 136, 112, 36, 135, 26, 28, 105, 99, 148, 115, 149, 144, 145, 147, 146, 12, 71, 58, 134, 109, 61, 78, 102, 48, 85, 93, 133, 7, 132, 40, 130, 129, 76, 74, 97, 23, 143, 131, 54, 128, 127, 83, 89, 86, 142, 75, 124, 35, 126, 47, 123, 125, 141, 117, 119, 90, 29, 53, 8, 15, 10, 16, 67, 110, 108, 64, 21, 103, 77, 55, 92, 43, 27, 41, 111, 9, 107, 114, 121, 120, 101, 106, 63, 6, 1, 2, 0, 42, 5, 25, 4, 22, 20, 37, 34, 39, 46, 52, 51, 3, 100, 96, 98, 11, 31, 30, 19, 24, 50, 44, 91, 84, 82, 104, 95, 88, 70, 87, 81, 94, 69, 79, 80, 72, 68, 60, 59, 73, 66, 65, 62, 33, 38, 57, 56, 49, 45]",True,16732629144,16.732629144,"[108, 64, 21, 103, 55, 92, 77, 43, 27, 41, 111, 9, 107, 114, 121, 120, 101, 106, 63, 6, 1, 2, 0, 42, 5, 25, 4, 22, 20, 37, 34, 39, 46, 52, 51, 33, 44, 38, 57, 50, 56, 49, 45, 91, 62, 73, 66, 68, 60, 94, 70, 69, 59, 79, 80, 72, 65, 3, 100, 96, 98, 11, 31, 30, 24, 19, 84, 87, 82, 81, 88, 104, 95]","[95, 104, 88, 81, 82, 87, 84, 19, 24, 30, 31, 11, 98, 96, 100, 3, 65, 72, 80, 79, 59, 69, 70, 94, 60, 68, 66, 73, 62, 91, 45, 49, 56, 50, 57, 38, 44, 33, 51, 52, 46, 39, 34, 37, 20, 22, 4, 25, 5, 42, 0, 2, 1, 6, 63, 106, 101, 120, 121, 114, 107, 9, 111, 41, 27, 43, 77, 92, 55, 103, 21, 64, 108]",False,complete,152,152,2585,0,1904,78,1826,2000,1665,2,0,lowest_first,True,2,124,25,124,27,27,25,27
2,210491,40,78,71,"[7, 8, 10, 12, 13, 14, 15, 16, 17, 18, 23, 26, 28, 29, 32, 35, 36, 40, 47, 48, 53, 54, 58, 61, 64, 67, 71, 74, 75, 76, 78, 83, 85, 86, 89, 90, 93, 97, 99, 102, 105, 108, 109, 110, 112, 115, 116, 117, 118, 119, 122, 123, 124, 125, 126, 127, 128, 129, 130, 131, 132, 133, 134, 135, 136, 137, 138, 139, 140, 141, 142, 143, 144, 145, 146, 147, 148, 149]","[0, 1, 2, 3, 4, 5, 6, 9, 11, 19, 20, 21, 22, 24, 25, 27, 30, 31, 33, 34, 37, 38, 39, 41, 42, 43, 44, 45, 46, 49, 50, 51, 52, 55, 56, 57, 59, 60, 62, 63, 65, 66, 68, 69, 70, 72, 73, 77, 79, 80, 81, 82, 84, 87, 88, 91, 92, 94, 95, 96, 98, 100, 101, 103, 104, 106, 107, 111, 114, 120, 121]","{""support_1"": 111, ""support_2"": 106}","[106, 111]",2,"[122, 17, 18, 32, 137, 138, 140, 139, 13, 14, 116, 118, 136, 112, 36, 135, 26, 28, 105, 99, 148, 115, 149, 144, 145, 147, 146, 12, 71, 58, 134, 109, 61, 78, 102, 48, 85, 93, 133, 7, 132, 40, 130, 129, 76, 74, 97, 23, 143, 131, 54, 128, 127, 83, 89, 86, 142, 75, 124, 35, 126, 47, 123, 125, 141, 117, 119, 90, 29, 53, 8, 15, 10, 16, 67, 110, 108, 64, 21, 103, 77, 55, 92, 43, 27, 41, 111, 9, 107, 114, 121, 120, 101, 106, 63, 6, 1, 2, 0, 42, 5, 25, 4, 22, 20, 37, 34, 39, 46, 52, 51, 3, 100, 96, 98, 11, 31, 30, 19, 24, 50, 44, 91, 84, 82, 104, 95, 88, 70, 87, 81, 94, 69, 79, 80, 72, 68, 60, 59, 73, 66, 65, 62, 33, 38, 57, 56, 49, 45]",True,13427735288,13.427735288,"[21, 104, 55, 77, 92, 27, 43, 41, 111, 9, 107, 114, 121, 120, 101, 106, 63, 6, 1, 2, 0, 42, 5, 25, 4, 22, 20, 37, 34, 39, 46, 52, 51, 33, 44, 38, 57, 50, 56, 49, 45, 91, 62, 73, 66, 68, 60, 94, 70, 69, 59, 79, 80, 72, 65, 3, 100, 96, 98, 11, 31, 30, 24, 19, 84, 82, 87, 81, 88, 103, 95]","[95, 103, 88, 81, 87, 82, 84, 19, 24, 30, 31, 11, 98, 96, 100, 3, 65, 72, 80, 79, 59, 69, 70, 94, 60, 68, 66, 73, 62, 91, 45, 49, 56, 50, 57, 38, 44, 33, 51, 52, 46, 39, 34, 37, 20, 22, 4, 25, 5, 42, 0, 2, 1, 6, 63, 106, 101, 120, 121, 114, 107, 9, 111, 41, 43, 27, 92, 77, 55, 104, 21]",False,complete,147,147,2451,0,1826,77,1749,2000,1545,1,0,lowest_first,True,2,120,25,120,27,27,25,27
2,210492,41,80,69,"[7, 8, 10, 12, 13, 14, 15, 16, 17, 18, 21, 23, 26, 28, 29, 32, 35, 36, 40, 47, 48, 53, 54, 58, 61, 64, 67, 71, 74, 75, 76, 78, 83, 85, 86, 89, 90, 93, 97, 99, 102, 103, 105, 108, 109, 110, 112, 115, 116, 117, 118, 119, 122, 123, 124, 125, 126, 127, 128, 129, 130, 131, 132, 133, 134, 135, 136, 137, 138, 139, 140, 141, 142, 143, 144, 145, 146, 147, 148, 149]","[0, 1, 2, 3, 4, 5, 6, 9, 11, 19, 20, 22, 24, 25, 27, 30, 31, 33, 34, 37, 38, 39, 41, 42, 43, 44, 45, 46, 49, 50, 51, 52, 55, 56, 57, 59, 60, 62, 63, 65, 66, 68, 69, 70, 72, 73, 77, 79, 80, 81, 82, 84, 87, 88, 91, 92, 94, 95, 96, 98, 100, 101, 104, 106, 107, 111, 114, 120, 121]","{""support_1"": 111, ""support_2"": 106}","[106, 111]",2,"[122, 17, 18, 32, 137, 138, 140, 139, 13, 14, 116, 118, 136, 112, 36, 135, 26, 28, 105, 99, 148, 115, 149, 144, 145, 147, 146, 12, 71, 58, 134, 109, 61, 78, 102, 48, 85, 93, 133, 7, 132, 40, 130, 129, 76, 74, 97, 23, 143, 131, 54, 128, 127, 83, 89, 86, 142, 75, 124, 35, 126, 47, 123, 125, 141, 117, 119, 90, 29, 53, 8, 15, 10, 16, 67, 110, 108, 64, 21, 103, 77, 55, 92, 43, 27, 41, 111, 9, 107, 114, 121, 120, 101, 106, 63, 6, 1, 2, 0, 42, 5, 25, 4, 22, 20, 37, 34, 39, 46, 52, 51, 3, 100, 96, 98, 11, 31, 30, 19, 24, 50, 44, 91, 84, 82, 104, 95, 88, 70, 87, 81, 94, 69, 79, 80, 72, 68, 60, 59, 73, 66, 65, 62, 33, 38, 57, 56, 49, 45]",True,14435259866,14.435259866,"[77, 55, 92, 43, 41, 27, 111, 9, 107, 114, 121, 120, 101, 106, 63, 6, 1, 2, 0, 42, 5, 25, 4, 22, 20, 37, 34, 39, 46, 52, 51, 33, 44, 38, 57, 50, 56, 49, 45, 91, 62, 73, 66, 68, 60, 94, 70, 69, 59, 79, 80, 72, 65, 3, 100, 96, 98, 11, 31, 30, 24, 19, 84, 87, 82, 81, 88, 104, 95]","[95, 104, 88, 81, 82, 87, 84, 19, 24, 30, 31, 11, 98, 96, 100, 3, 65, 72, 80, 79, 59, 69, 70, 94, 60, 68, 66, 73, 62, 91, 45, 49, 56, 50, 57, 38, 44, 33, 51, 52, 46, 39, 34, 37, 20, 22, 4, 25, 5, 42, 0, 2, 1, 6, 63, 106, 101, 120, 121, 114, 107, 9, 111, 27, 41, 43, 92, 55, 77]",False,complete,145,145,2382,0,1781,77,1704,2000,1545,1,0,lowest_first,True,2,116,25,116,27,27,25,27
2,210493,42,82,67,"[7, 8, 10, 12, 13, 14, 15, 16, 17, 18, 21, 23, 26, 28, 29, 32, 35, 36, 40, 47, 48, 53, 54, 55, 58, 61, 64, 67, 71, 74, 75, 76, 77, 78, 83, 85, 86, 89, 90, 93, 97, 99, 102, 103, 105, 108, 109, 110, 112, 115, 116, 117, 118, 119, 122, 123, 124, 125, 126, 127, 128, 129, 130, 131, 132, 133, 134, 135, 136, 137, 138, 139, 140, 141, 142, 143, 144, 145, 146, 147, 148, 149]","[0, 1, 2, 3, 4, 5, 6, 9, 11, 19, 20, 22, 24, 25, 27, 30, 31, 33, 34, 37, 38, 39, 41, 42, 43, 44, 45, 46, 49, 50, 51, 52, 56, 57, 59, 60, 62, 63, 65, 66, 68, 69, 70, 72, 73, 79, 80, 81, 82, 84, 87, 88, 91, 92, 94, 95, 96, 98, 100, 101, 104, 106, 107, 111, 114, 120, 121]","{""support_1"": 111, ""support_2"": 106}","[106, 111]",2,"[122, 17, 18, 32, 137, 138, 140, 139, 13, 14, 116, 118, 136, 112, 36, 135, 26, 28, 105, 99, 148, 115, 149, 144, 145, 147, 146, 12, 71, 58, 134, 109, 61, 78, 102, 48, 85, 93, 133, 7, 132, 40, 130, 129, 76, 74, 97, 23, 143, 131, 54, 128, 127, 83, 89, 86, 142, 75, 124, 35, 126, 47, 123, 125, 141, 117, 119, 90, 29, 53, 8, 15, 10, 16, 67, 110, 108, 64, 21, 103, 77, 55, 92, 43, 27, 41, 111, 9, 107, 114, 121, 120, 101, 106, 63, 6, 1, 2, 0, 42, 5, 25, 4, 22, 20, 37, 34, 39, 46, 52, 51, 3, 100, 96, 98, 11, 31, 30, 19, 24, 50, 44, 91, 84, 82, 104, 95, 88, 70, 87, 81, 94, 69, 79, 80, 72, 68, 60, 59, 73, 66, 65, 62, 33, 38, 57, 56, 49, 45]",True,13741581701,13.741581701,"[92, 27, 43, 41, 111, 9, 107, 114, 121, 120, 101, 106, 63, 6, 1, 2, 0, 42, 5, 25, 4, 22, 20, 37, 34, 39, 46, 52, 51, 33, 44, 38, 57, 50, 56, 49, 45, 91, 62, 73, 66, 68, 60, 94, 70, 69, 59, 79, 80, 72, 65, 19, 100, 96, 98, 24, 30, 31, 11, 3, 84, 87, 82, 81, 88, 104, 95]","[95, 104, 88, 81, 82, 87, 84, 3, 11, 31, 30, 24, 98, 96, 100, 19, 65, 72, 80, 79, 59, 69, 70, 94, 60, 68, 66, 73, 62, 91, 45, 49, 56, 50, 57, 38, 44, 33, 51, 52, 46, 39, 34, 37, 20, 22, 4, 25, 5, 42, 0, 2, 1, 6, 63, 106, 101, 120, 121, 114, 107, 9, 111, 41, 43, 27, 92]",False,complete,143,143,2307,0,1724,77,1647,2000,1545,1,0,lowest_first,True,2,113,25,113,27,27,25,27
2,210494,43,84,65,"[7, 8, 10, 12, 13, 14, 15, 16, 17, 18, 21, 23, 26, 28, 29, 32, 35, 36, 40, 43, 47, 48, 53, 54, 55, 58, 61, 64, 67, 71, 74, 75, 76, 77, 78, 83, 85, 86, 89, 90, 92, 93, 97, 99, 102, 103, 105, 108, 109, 110, 112, 115, 116, 117, 118, 119, 122, 123, 124, 125, 126, 127, 128, 129, 130, 131, 132, 133, 134, 135, 136, 137, 138, 139, 140, 141, 142, 143, 144, 145, 146, 147, 148, 149]","[0, 1, 2, 3, 4, 5, 6, 9, 11, 19, 20, 22, 24, 25, 27, 30, 31, 33, 34, 37, 38, 39, 41, 42, 44, 45, 46, 49, 50, 51, 52, 56, 57, 59, 60, 62, 63, 65, 66, 68, 69, 70, 72, 73, 79, 80, 81, 82, 84, 87, 88, 91, 94, 95, 96, 98, 100, 101, 104, 106, 107, 111, 114, 120, 121]","{""support_1"": 111, ""support_2"": 106}","[106, 111]",2,"[122, 17, 18, 32, 137, 138, 140, 139, 13, 14, 116, 118, 136, 112, 36, 135, 26, 28, 105, 99, 148, 115, 149, 144, 145, 147, 146, 12, 71, 58, 134, 109, 61, 78, 102, 48, 85, 93, 133, 7, 132, 40, 130, 129, 76, 74, 97, 23, 143, 131, 54, 128, 127, 83, 89, 86, 142, 75, 124, 35, 126, 47, 123, 125, 141, 117, 119, 90, 29, 53, 8, 15, 10, 16, 67, 110, 108, 64, 21, 103, 77, 55, 92, 43, 27, 41, 111, 9, 107, 114, 121, 120, 101, 106, 63, 6, 1, 2, 0, 42, 5, 25, 4, 22, 20, 37, 34, 39, 46, 52, 51, 3, 100, 96, 98, 11, 31, 30, 19, 24, 50, 44, 91, 84, 82, 104, 95, 88, 70, 87, 81, 94, 69, 79, 80, 72, 68, 60, 59, 73, 66, 65, 62, 33, 38, 57, 56, 49, 45]",True,12928011948,12.928011948,"[27, 41, 111, 9, 107, 114, 121, 120, 101, 106, 63, 6, 1, 2, 0, 42, 5, 25, 4, 22, 20, 37, 34, 39, 46, 52, 51, 33, 44, 38, 57, 50, 56, 49, 45, 91, 62, 73, 66, 68, 60, 94, 70, 69, 59, 79, 80, 72, 65, 3, 100, 96, 98, 11, 31, 30, 24, 19, 84, 82, 87, 81, 88, 104, 95]","[95, 104, 88, 81, 87, 82, 84, 19, 24, 30, 31, 11, 98, 96, 100, 3, 65, 72, 80, 79, 59, 69, 70, 94, 60, 68, 66, 73, 62, 91, 45, 49, 56, 50, 57, 38, 44, 33, 51, 52, 46, 39, 34, 37, 20, 22, 4, 25, 5, 42, 0, 2, 1, 6, 63, 106, 101, 120, 121, 114, 107, 9, 111, 41, 27]",False,complete,144,144,2306,0,1733,78,1655,2000,1665,2,0,lowest_first,True,2,108,25,108,27,27,25,27
2,210495,44,86,63,"[7, 8, 10, 12, 13, 14, 15, 16, 17, 18, 21, 23, 26, 27, 28, 29, 32, 35, 36, 40, 41, 43, 47, 48, 53, 54, 55, 58, 61, 64, 67, 71, 74, 75, 76, 77, 78, 83, 85, 86, 89, 90, 92, 93, 97, 99, 102, 103, 105, 108, 109, 110, 112, 115, 116, 117, 118, 119, 122, 123, 124, 125, 126, 127, 128, 129, 130, 131, 132, 133, 134, 135, 136, 137, 138, 139, 140, 141, 142, 143, 144, 145, 146, 147, 148, 149]","[0, 1, 2, 3, 4, 5, 6, 9, 11, 19, 20, 22, 24, 25, 30, 31, 33, 34, 37, 38, 39, 42, 44, 45, 46, 49, 50, 51, 52, 56, 57, 59, 60, 62, 63, 65, 66, 68, 69, 70, 72, 73, 79, 80, 81, 82, 84, 87, 88, 91, 94, 95, 96, 98, 100, 101, 104, 106, 107, 111, 114, 120, 121]","{""support_1"": 111, ""support_2"": 106}","[106, 111]",2,"[122, 17, 18, 32, 137, 138, 140, 139, 13, 14, 116, 118, 136, 112, 36, 135, 26, 28, 105, 99, 148, 115, 149, 144, 145, 147, 146, 12, 71, 58, 134, 109, 61, 78, 102, 48, 85, 93, 133, 7, 132, 40, 130, 129, 76, 74, 97, 23, 143, 131, 54, 128, 127, 83, 89, 86, 142, 75, 124, 35, 126, 47, 123, 125, 141, 117, 119, 90, 29, 53, 8, 15, 10, 16, 67, 110, 108, 64, 21, 103, 77, 55, 92, 43, 27, 41, 111, 9, 107, 114, 121, 120, 101, 106, 63, 6, 1, 2, 0, 42, 5, 25, 4, 22, 20, 37, 34, 39, 46, 52, 51, 3, 100, 96, 98, 11, 31, 30, 19, 24, 50, 44, 91, 84, 82, 104, 95, 88, 70, 87, 81, 94, 69, 79, 80, 72, 68, 60, 59, 73, 66, 65, 62, 33, 38, 57, 56, 49, 45]",True,12849546913,12.849546913,"[111, 9, 107, 114, 121, 120, 101, 106, 63, 6, 1, 2, 0, 42, 5, 25, 4, 22, 20, 37, 34, 39, 46, 52, 51, 3, 100, 96, 98, 11, 31, 30, 95, 104, 44, 24, 19, 50, 84, 82, 91, 88, 70, 87, 81, 94, 69, 79, 80, 72, 68, 60, 59, 73, 66, 65, 62, 33, 38, 57, 56, 49, 45]","[45, 49, 56, 57, 38, 33, 62, 65, 66, 73, 59, 60, 68, 72, 80, 79, 69, 94, 81, 87, 70, 88, 91, 82, 84, 50, 19, 24, 44, 104, 95, 30, 31, 11, 98, 96, 100, 3, 51, 52, 46, 39, 34, 37, 20, 22, 4, 25, 5, 42, 0, 2, 1, 6, 63, 106, 101, 120, 121, 114, 107, 9, 111]",False,complete,160,160,2259,0,1701,86,1615,2000,1700,2,0,lowest_first,True,2,107,26,107,27,27,26,28
2,210496,45,88,61,"[7, 8, 9, 10, 12, 13, 14, 15, 16, 17, 18, 21, 23, 26, 27, 28, 29, 32, 35, 36, 40, 41, 43, 47, 48, 53, 54, 55, 58, 61, 64, 67, 71, 74, 75, 76, 77, 78, 83, 85, 86, 89, 90, 92, 93, 97, 99, 102, 103, 105, 108, 109, 110, 111, 112, 115, 116, 117, 118, 119, 122, 123, 124, 125, 126, 127, 128, 129, 130, 131, 132, 133, 134, 135, 136, 137, 138, 139, 140, 141, 142, 143, 144, 145, 146, 147, 148, 149]","[0, 1, 2, 3, 4, 5, 6, 11, 19, 20, 22, 24, 25, 30, 31, 33, 34, 37, 38, 39, 42, 44, 45, 46, 49, 50, 51, 52, 56, 57, 59, 60, 62, 63, 65, 66, 68, 69, 70, 72, 73, 79, 80, 81, 82, 84, 87, 88, 91, 94, 95, 96, 98, 100, 101, 104, 106, 107, 114, 120, 121]","{""support_2"": 106}",[106],1,"[122, 17, 18, 32, 137, 138, 140, 139, 13, 14, 116, 118, 136, 112, 36, 135, 26, 28, 105, 99, 148, 115, 149, 144, 145, 147, 146, 12, 71, 58, 134, 109, 61, 78, 102, 48, 85, 93, 133, 7, 132, 40, 130, 129, 76, 74, 97, 23, 143, 131, 54, 128, 127, 83, 89, 86, 142, 75, 124, 35, 126, 47, 123, 125, 141, 117, 119, 90, 29, 53, 8, 15, 10, 16, 67, 110, 108, 64, 21, 103, 77, 55, 92, 43, 27, 41, 111, 9, 107, 114, 121, 120, 101, 106, 63, 6, 1, 2, 0, 42, 5, 25, 4, 22, 20, 37, 34, 39, 46, 52, 51, 3, 100, 96, 98, 11, 31, 30, 19, 24, 50, 44, 91, 84, 82, 104, 95, 88, 70, 87, 81, 94, 69, 79, 80, 72, 68, 60, 59, 73, 66, 65, 62, 33, 38, 57, 56, 49, 45]",True,11787814196,11.787814196,"[107, 114, 121, 120, 101, 106, 63, 6, 1, 2, 0, 42, 5, 25, 4, 22, 20, 37, 34, 39, 46, 52, 51, 33, 44, 38, 57, 50, 56, 49, 45, 91, 62, 70, 60, 68, 66, 94, 73, 69, 59, 79, 80, 72, 65, 19, 100, 96, 98, 24, 30, 31, 11, 3, 84, 87, 82, 81, 88, 104, 95]","[95, 104, 88, 81, 82, 87, 84, 3, 11, 31, 30, 24, 98, 96, 100, 19, 65, 72, 80, 79, 59, 69, 73, 94, 66, 68, 60, 70, 62, 91, 45, 49, 56, 50, 57, 38, 44, 33, 51, 52, 46, 39, 34, 37, 20, 22, 4, 25, 5, 42, 0, 2, 1, 6, 63, 106, 101, 120, 121, 114, 107]",False,complete,140,140,2170,0,1642,78,1564,2000,1663,2,0,lowest_first,True,2,102,24,102,25,25,24,25
2,210497,46,90,59,"[7, 8, 9, 10, 12, 13, 14, 15, 16, 17, 18, 21, 23, 26, 27, 28, 29, 32, 35, 36, 40, 41, 43, 47, 48, 53, 54, 55, 58, 61, 64, 67, 71, 74, 75, 76, 77, 78, 83, 85, 86, 89, 90, 92, 93, 97, 99, 102, 103, 105, 107, 108, 109, 110, 111, 112, 114, 115, 116, 117, 118, 119, 122, 123, 124, 125, 126, 127, 128, 129, 130, 131, 132, 133, 134, 135, 136, 137, 138, 139, 140, 141, 142, 143, 144, 145, 146, 147, 148, 149]","[0, 1, 2, 3, 4, 5, 6, 11, 19, 20, 22, 24, 25, 30, 31, 33, 34, 37, 38, 39, 42, 44, 45, 46, 49, 50, 51, 52, 56, 57, 59, 60, 62, 63, 65, 66, 68, 69, 70, 72, 73, 79, 80, 81, 82, 84, 87, 88, 91, 94, 95, 96, 98, 100, 101, 104, 106, 120, 121]","{""support_1"": 121, ""support_2"": 106}","[106, 121]",2,"[122, 17, 18, 32, 137, 138, 140, 139, 13, 14, 116, 118, 136, 112, 36, 135, 26, 28, 105, 99, 148, 115, 149, 144, 145, 147, 146, 12, 71, 58, 134, 109, 61, 78, 102, 48, 85, 93, 133, 7, 132, 40, 130, 129, 76, 74, 97, 23, 143, 131, 54, 128, 127, 83, 89, 86, 142, 75, 124, 35, 126, 47, 123, 125, 141, 117, 119, 90, 29, 53, 8, 15, 10, 16, 67, 110, 108, 64, 21, 103, 77, 55, 92, 43, 27, 41, 111, 9, 107, 114, 121, 120, 101, 106, 63, 6, 1, 2, 0, 42, 5, 25, 4, 22, 20, 37, 34, 39, 46, 52, 51, 3, 100, 96, 98, 11, 31, 30, 19, 24, 50, 44, 91, 84, 82, 104, 95, 88, 70, 87, 81, 94, 69, 79, 80, 72, 68, 60, 59, 73, 66, 65, 62, 33, 38, 57, 56, 49, 45]",True,11878587240,11.878587240,"[121, 120, 101, 106, 63, 6, 1, 2, 0, 42, 5, 25, 4, 22, 20, 37, 34, 39, 46, 52, 51, 33, 44, 38, 57, 50, 56, 49, 45, 91, 62, 70, 60, 68, 66, 94, 73, 69, 59, 79, 80, 72, 65, 3, 100, 96, 98, 11, 31, 30, 24, 19, 84, 82, 87, 81, 88, 104, 95]","[95, 104, 88, 81, 87, 82, 84, 19, 24, 30, 31, 11, 98, 96, 100, 3, 65, 72, 80, 79, 59, 69, 73, 94, 66, 68, 60, 70, 62, 91, 45, 49, 56, 50, 57, 38, 44, 33, 51, 52, 46, 39, 34, 37, 20, 22, 4, 25, 5, 42, 0, 2, 1, 6, 63, 106, 101, 120, 121]",False,complete,138,138,2098,0,1608,78,1530,2000,1611,2,0,lowest_first,True,2,97,23,97,24,24,23,25
2,210498,47,92,57,"[7, 8, 9, 10, 12, 13, 14, 15, 16, 17, 18, 21, 23, 26, 27, 28, 29, 32, 35, 36, 40, 41, 43, 47, 48, 53, 54, 55, 58, 61, 64, 67, 71, 74, 75, 76, 77, 78, 83, 85, 86, 89, 90, 92, 93, 97, 99, 102, 103, 105, 107, 108, 109, 110, 111, 112, 114, 115, 116, 117, 118, 119, 120, 121, 122, 123, 124, 125, 126, 127, 128, 129, 130, 131, 132, 133, 134, 135, 136, 137, 138, 139, 140, 141, 142, 143, 144, 145, 146, 147, 148, 149]","[0, 1, 2, 3, 4, 5, 6, 11, 19, 20, 22, 24, 25, 30, 31, 33, 34, 37, 38, 39, 42, 44, 45, 46, 49, 50, 51, 52, 56, 57, 59, 60, 62, 63, 65, 66, 68, 69, 70, 72, 73, 79, 80, 81, 82, 84, 87, 88, 91, 94, 95, 96, 98, 100, 101, 104, 106]","{""support_2"": 106}",[106],1,"[122, 17, 18, 32, 137, 138, 140, 139, 13, 14, 116, 118, 136, 112, 36, 135, 26, 28, 105, 99, 148, 115, 149, 144, 145, 147, 146, 12, 71, 58, 134, 109, 61, 78, 102, 48, 85, 93, 133, 7, 132, 40, 130, 129, 76, 74, 97, 23, 143, 131, 54, 128, 127, 83, 89, 86, 142, 75, 124, 35, 126, 47, 123, 125, 141, 117, 119, 90, 29, 53, 8, 15, 10, 16, 67, 110, 108, 64, 21, 103, 77, 55, 92, 43, 27, 41, 111, 9, 107, 114, 121, 120, 101, 106, 63, 6, 1, 2, 0, 42, 5, 25, 4, 22, 20, 37, 34, 39, 46, 52, 51, 3, 100, 96, 98, 11, 31, 30, 19, 24, 50, 44, 91, 84, 82, 104, 95, 88, 70, 87, 81, 94, 69, 79, 80, 72, 68, 60, 59, 73, 66, 65, 62, 33, 38, 57, 56, 49, 45]",True,10712104622,10.712104622,"[101, 106, 63, 6, 1, 2, 0, 42, 5, 25, 4, 22, 20, 37, 34, 39, 46, 52, 51, 3, 100, 96, 98, 11, 31, 30, 19, 24, 50, 44, 91, 84, 82, 104, 95, 88, 70, 87, 81, 94, 69, 79, 80, 72, 68, 60, 59, 73, 66, 65, 62, 33, 38, 57, 56, 49, 45]","[45, 49, 56, 57, 38, 33, 62, 65, 66, 73, 59, 60, 68, 72, 80, 79, 69, 94, 81, 87, 70, 88, 95, 104, 82, 84, 91, 44, 50, 24, 19, 30, 31, 11, 98, 96, 100, 3, 51, 52, 46, 39, 34, 37, 20, 22, 4, 25, 5, 42, 0, 2, 1, 6, 63, 106, 101]",True,complete,151,151,2000,0,1540,85,1455,2000,1533,1,0,lowest_first,True,2,97,23,97,24,24,23,24
2,210499,48,94,55,"[7, 8, 9, 10, 12, 13, 14, 15, 16, 17, 18, 21, 23, 26, 27, 28, 29, 32, 35, 36, 40, 41, 43, 47, 48, 53, 54, 55, 58, 61, 64, 67, 71, 74, 75, 76, 77, 78, 83, 85, 86, 89, 90, 92, 93, 97, 99, 101, 102, 103, 105, 106, 107, 108, 109, 110, 111, 112, 114, 115, 116, 117, 118, 119, 120, 121, 122, 123, 124, 125, 126, 127, 128, 129, 130, 131, 132, 133, 134, 135, 136, 137, 138, 139, 140, 141, 142, 143, 144, 145, 146, 147, 148, 149]","[0, 1, 2, 3, 4, 5, 6, 11, 19, 20, 22, 24, 25, 30, 31, 33, 34, 37, 38, 39, 42, 44, 45, 46, 49, 50, 51, 52, 56, 57, 59, 60, 62, 63, 65, 66, 68, 69, 70, 72, 73, 79, 80, 81, 82, 84, 87, 88, 91, 94, 95, 96, 98, 100, 104]","{""support_1"": 84}",[84],1,"[122, 17, 18, 32, 137, 138, 140, 139, 13, 14, 116, 118, 136, 112, 36, 135, 26, 28, 105, 99, 148, 115, 149, 144, 145, 147, 146, 12, 71, 58, 134, 109, 61, 78, 102, 48, 85, 93, 133, 7, 132, 40, 130, 129, 76, 74, 97, 23, 143, 131, 54, 128, 127, 83, 89, 86, 142, 75, 124, 35, 126, 47, 123, 125, 141, 117, 119, 90, 29, 53, 8, 15, 10, 16, 67, 110, 108, 64, 21, 103, 77, 55, 92, 43, 27, 41, 111, 9, 107, 114, 121, 120, 101, 106, 63, 6, 1, 2, 0, 42, 5, 25, 4, 22, 20, 37, 34, 39, 46, 52, 51, 3, 100, 96, 98, 11, 31, 30, 19, 24, 50, 44, 91, 84, 82, 104, 95, 88, 70, 87, 81, 94, 69, 79, 80, 72, 68, 60, 59, 73, 66, 65, 62, 33, 38, 57, 56, 49, 45]",True,10720376173,10.720376173,"[63, 6, 1, 2, 0, 42, 5, 25, 4, 22, 20, 37, 34, 39, 46, 52, 51, 33, 44, 38, 57, 50, 56, 49, 45, 91, 62, 70, 60, 68, 66, 94, 73, 69, 59, 79, 80, 72, 65, 3, 100, 96, 98, 11, 31, 30, 24, 19, 84, 82, 87, 81, 88, 104, 95]","[95, 104, 88, 81, 87, 82, 84, 19, 24, 30, 31, 11, 98, 96, 100, 3, 65, 72, 80, 79, 59, 69, 73, 94, 66, 68, 60, 70, 62, 91, 45, 49, 56, 50, 57, 38, 44, 33, 51, 52, 46, 39, 34, 37, 20, 22, 4, 25, 5, 42, 0, 2, 1, 6, 63]",False,complete,131,131,1897,0,1486,77,1409,2000,1489,1,0,lowest_first,True,2,92,21,92,22,22,21,22
2,210500,49,96,53,"[6, 7, 8, 9, 10, 12, 13, 14, 15, 16, 17, 18, 21, 23, 26, 27, 28, 29, 32, 35, 36, 40, 41, 43, 47, 48, 53, 54, 55, 58, 61, 63, 64, 67, 71, 74, 75, 76, 77, 78, 83, 85, 86, 89, 90, 92, 93, 97, 99, 101, 102, 103, 105, 106, 107, 108, 109, 110, 111, 112, 114, 115, 116, 117, 118, 119, 120, 121, 122, 123, 124, 125, 126, 127, 128, 129, 130, 131, 132, 133, 134, 135, 136, 137, 138, 139, 140, 141, 142, 143, 144, 145, 146, 147, 148, 149]","[0, 1, 2, 3, 4, 5, 11, 19, 20, 22, 24, 25, 30, 31, 33, 34, 37, 38, 39, 42, 44, 45, 46, 49, 50, 51, 52, 56, 57, 59, 60, 62, 65, 66, 68, 69, 70, 72, 73, 79, 80, 81, 82, 84, 87, 88, 91, 94, 95, 96, 98, 100, 104]","{""support_1"": 84, ""support_2"": 2}","[2, 84]",2,"[122, 17, 18, 32, 137, 138, 140, 139, 13, 14, 116, 118, 136, 112, 36, 135, 26, 28, 105, 99, 148, 115, 149, 144, 145, 147, 146, 12, 71, 58, 134, 109, 61, 78, 102, 48, 85, 93, 133, 7, 132, 40, 130, 129, 76, 74, 97, 23, 143, 131, 54, 128, 127, 83, 89, 86, 142, 75, 124, 35, 126, 47, 123, 125, 141, 117, 119, 90, 29, 53, 8, 15, 10, 16, 67, 110, 108, 64, 21, 103, 77, 55, 92, 43, 27, 41, 111, 9, 107, 114, 121, 120, 101, 106, 63, 6, 1, 2, 0, 42, 5, 25, 4, 22, 20, 37, 34, 39, 46, 52, 51, 3, 100, 96, 98, 11, 31, 30, 19, 24, 50, 44, 91, 84, 82, 104, 95, 88, 70, 87, 81, 94, 69, 79, 80, 72, 68, 60, 59, 73, 66, 65, 62, 33, 38, 57, 56, 49, 45]",True,10520618540,10.520618540,"[1, 2, 0, 42, 5, 25, 4, 22, 20, 37, 34, 39, 46, 52, 51, 3, 100, 96, 98, 11, 31, 30, 33, 44, 24, 19, 38, 57, 50, 56, 49, 45, 91, 62, 73, 66, 68, 84, 82, 104, 95, 88, 70, 60, 87, 81, 94, 65, 72, 80, 79, 69, 59]","[59, 69, 79, 80, 72, 65, 94, 81, 87, 60, 70, 88, 95, 104, 82, 84, 68, 66, 73, 62, 91, 45, 49, 56, 50, 57, 38, 19, 24, 44, 33, 30, 31, 11, 98, 96, 100, 3, 51, 52, 46, 39, 34, 37, 20, 22, 4, 25, 5, 42, 0, 2, 1]",False,complete,150,150,1877,0,1491,86,1405,2000,1606,2,0,lowest_first,True,2,91,20,91,22,22,20,22
2,210501,50,98,51,"[1, 2, 6, 7, 8, 9, 10, 12, 13, 14, 15, 16, 17, 18, 21, 23, 26, 27, 28, 29, 32, 35, 36, 40, 41, 43, 47, 48, 53, 54, 55, 58, 61, 63, 64, 67, 71, 74, 75, 76, 77, 78, 83, 85, 86, 89, 90, 92, 93, 97, 99, 101, 102, 103, 105, 106, 107, 108, 109, 110, 111, 112, 114, 115, 116, 117, 118, 119, 120, 121, 122, 123, 124, 125, 126, 127, 128, 129, 130, 131, 132, 133, 134, 135, 136, 137, 138, 139, 140, 141, 142, 143, 144, 145, 146, 147, 148, 149]","[0, 3, 4, 5, 11, 19, 20, 22, 24, 25, 30, 31, 33, 34, 37, 38, 39, 42, 44, 45, 46, 49, 50, 51, 52, 56, 57, 59, 60, 62, 65, 66, 68, 69, 70, 72, 73, 79, 80, 81, 82, 84, 87, 88, 91, 94, 95, 96, 98, 100, 104]","{""support_1"": 84}",[84],1,"[122, 17, 18, 32, 137, 138, 140, 139, 13, 14, 116, 118, 136, 112, 36, 135, 26, 28, 105, 99, 148, 115, 149, 144, 145, 147, 146, 12, 71, 58, 134, 109, 61, 78, 102, 48, 85, 93, 133, 7, 132, 40, 130, 129, 76, 74, 97, 23, 143, 131, 54, 128, 127, 83, 89, 86, 142, 75, 124, 35, 126, 47, 123, 125, 141, 117, 119, 90, 29, 53, 8, 15, 10, 16, 67, 110, 108, 64, 21, 103, 77, 55, 92, 43, 27, 41, 111, 9, 107, 114, 121, 120, 101, 106, 63, 6, 1, 2, 0, 42, 5, 25, 4, 22, 20, 37, 34, 39, 46, 52, 51, 3, 100, 96, 98, 11, 31, 30, 19, 24, 50, 44, 91, 84, 82, 104, 95, 88, 70, 87, 81, 94, 69, 79, 80, 72, 68, 60, 59, 73, 66, 65, 62, 33, 38, 57, 56, 49, 45]",True,10695248168,10.695248168,"[0, 42, 5, 25, 4, 22, 20, 37, 34, 39, 46, 52, 51, 33, 44, 38, 57, 50, 56, 49, 45, 91, 62, 73, 66, 68, 60, 94, 70, 69, 59, 79, 80, 72, 65, 3, 100, 96, 98, 11, 31, 30, 24, 19, 84, 87, 82, 81, 88, 104, 95]","[95, 104, 88, 81, 82, 87, 84, 19, 24, 30, 31, 11, 98, 96, 100, 3, 65, 72, 80, 79, 59, 69, 70, 94, 60, 68, 66, 73, 62, 91, 45, 49, 56, 50, 57, 38, 44, 33, 51, 52, 46, 39, 34, 37, 20, 22, 4, 25, 5, 42, 0]",False,complete,130,130,1820,0,1506,78,1428,2000,1565,2,0,lowest_first,True,2,86,20,86,21,21,20,21
2,210502,51,100,49,"[0, 1, 2, 6, 7, 8, 9, 10, 12, 13, 14, 15, 16, 17, 18, 21, 23, 26, 27, 28, 29, 32, 35, 36, 40, 41, 42, 43, 47, 48, 53, 54, 55, 58, 61, 63, 64, 67, 71, 74, 75, 76, 77, 78, 83, 85, 86, 89, 90, 92, 93, 97, 99, 101, 102, 103, 105, 106, 107, 108, 109, 110, 111, 112, 114, 115, 116, 117, 118, 119, 120, 121, 122, 123, 124, 125, 126, 127, 128, 129, 130, 131, 132, 133, 134, 135, 136, 137, 138, 139, 140, 141, 142, 143, 144, 145, 146, 147, 148, 149]","[3, 4, 5, 11, 19, 20, 22, 24, 25, 30, 31, 33, 34, 37, 38, 39, 44, 45, 46, 49, 50, 51, 52, 56, 57, 59, 60, 62, 65, 66, 68, 69, 70, 72, 73, 79, 80, 81, 82, 84, 87, 88, 91, 94, 95, 96, 98, 100, 104]","{""support_1"": 84, ""support_2"": 5}","[5, 84]",2,"[122, 17, 18, 32, 137, 138, 140, 139, 13, 14, 116, 118, 136, 112, 36, 135, 26, 28, 105, 99, 148, 115, 149, 144, 145, 147, 146, 12, 71, 58, 134, 109, 61, 78, 102, 48, 85, 93, 133, 7, 132, 40, 130, 129, 76, 74, 97, 23, 143, 131, 54, 128, 127, 83, 89, 86, 142, 75, 124, 35, 126, 47, 123, 125, 141, 117, 119, 90, 29, 53, 8, 15, 10, 16, 67, 110, 108, 64, 21, 103, 77, 55, 92, 43, 27, 41, 111, 9, 107, 114, 121, 120, 101, 106, 63, 6, 1, 2, 0, 42, 5, 25, 4, 22, 20, 37, 34, 39, 46, 52, 51, 3, 100, 96, 98, 11, 31, 30, 19, 24, 50, 44, 91, 84, 82, 104, 95, 88, 70, 87, 81, 94, 69, 79, 80, 72, 68, 60, 59, 73, 66, 65, 62, 33, 38, 57, 56, 49, 45]",True,9900674429,9.900674429,"[5, 25, 4, 22, 20, 37, 34, 39, 46, 52, 51, 33, 44, 38, 57, 50, 56, 49, 45, 91, 62, 73, 66, 68, 60, 94, 70, 69, 59, 79, 80, 72, 65, 19, 100, 96, 98, 24, 30, 31, 11, 3, 84, 82, 87, 81, 88, 104, 95]","[95, 104, 88, 81, 87, 82, 84, 3, 11, 31, 30, 24, 98, 96, 100, 19, 65, 72, 80, 79, 59, 69, 70, 94, 60, 68, 66, 73, 62, 91, 45, 49, 56, 50, 57, 38, 44, 33, 51, 52, 46, 39, 34, 37, 20, 22, 4, 25, 5]",False,complete,128,128,1737,0,1477,78,1399,2000,1522,2,0,lowest_first,True,2,84,19,84,20,20,19,21
2,210503,52,102,47,"[0, 1, 2, 5, 6, 7, 8, 9, 10, 12, 13, 14, 15, 16, 17, 18, 21, 23, 25, 26, 27, 28, 29, 32, 35, 36, 40, 41, 42, 43, 47, 48, 53, 54, 55, 58, 61, 63, 64, 67, 71, 74, 75, 76, 77, 78, 83, 85, 86, 89, 90, 92, 93, 97, 99, 101, 102, 103, 105, 106, 107, 108, 109, 110, 111, 112, 114, 115, 116, 117, 118, 119, 120, 121, 122, 123, 124, 125, 126, 127, 128, 129, 130, 131, 132, 133, 134, 135, 136, 137, 138, 139, 140, 141, 142, 143, 144, 145, 146, 147, 148, 149]","[3, 4, 11, 19, 20, 22, 24, 30, 31, 33, 34, 37, 38, 39, 44, 45, 46, 49, 50, 51, 52, 56, 57, 59, 60, 62, 65, 66, 68, 69, 70, 72, 73, 79, 80, 81, 82, 84, 87, 88, 91, 94, 95, 96, 98, 100, 104]","{""support_1"": 84, ""support_2"": 22}","[22, 84]",2,"[122, 17, 18, 32, 137, 138, 140, 139, 13, 14, 116, 118, 136, 112, 36, 135, 26, 28, 105, 99, 148, 115, 149, 144, 145, 147, 146, 12, 71, 58, 134, 109, 61, 78, 102, 48, 85, 93, 133, 7, 132, 40, 130, 129, 76, 74, 97, 23, 143, 131, 54, 128, 127, 83, 89, 86, 142, 75, 124, 35, 126, 47, 123, 125, 141, 117, 119, 90, 29, 53, 8, 15, 10, 16, 67, 110, 108, 64, 21, 103, 77, 55, 92, 43, 27, 41, 111, 9, 107, 114, 121, 120, 101, 106, 63, 6, 1, 2, 0, 42, 5, 25, 4, 22, 20, 37, 34, 39, 46, 52, 51, 3, 100, 96, 98, 11, 31, 30, 19, 24, 50, 44, 91, 84, 82, 104, 95, 88, 70, 87, 81, 94, 69, 79, 80, 72, 68, 60, 59, 73, 66, 65, 62, 33, 38, 57, 56, 49, 45]",True,9507877247,9.507877247,"[4, 22, 20, 37, 34, 39, 46, 52, 51, 3, 100, 96, 98, 11, 31, 30, 19, 24, 50, 44, 91, 84, 82, 104, 95, 88, 70, 87, 81, 94, 69, 79, 80, 72, 68, 60, 59, 73, 66, 65, 62, 33, 38, 57, 56, 49, 45]","[45, 49, 56, 57, 38, 33, 62, 65, 66, 73, 59, 60, 68, 72, 80, 79, 69, 94, 81, 87, 70, 88, 95, 104, 82, 84, 91, 44, 50, 24, 19, 30, 31, 11, 98, 96, 100, 3, 51, 52, 46, 39, 34, 37, 20, 22, 4]",True,complete,141,141,1655,0,1415,85,1330,2000,1435,1,0,lowest_first,True,2,82,19,82,21,21,19,21
2,210504,53,104,45,"[0, 1, 2, 4, 5, 6, 7, 8, 9, 10, 12, 13, 14, 15, 16, 17, 18, 21, 22, 23, 25, 26, 27, 28, 29, 32, 35, 36, 40, 41, 42, 43, 47, 48, 53, 54, 55, 58, 61, 63, 64, 67, 71, 74, 75, 76, 77, 78, 83, 85, 86, 89, 90, 92, 93, 97, 99, 101, 102, 103, 105, 106, 107, 108, 109, 110, 111, 112, 114, 115, 116, 117, 118, 119, 120, 121, 122, 123, 124, 125, 126, 127, 128, 129, 130, 131, 132, 133, 134, 135, 136, 137, 138, 139, 140, 141, 142, 143, 144, 145, 146, 147, 148, 149]","[3, 11, 19, 20, 24, 30, 31, 33, 34, 37, 38, 39, 44, 45, 46, 49, 50, 51, 52, 56, 57, 59, 60, 62, 65, 66, 68, 69, 70, 72, 73, 79, 80, 81, 82, 84, 87, 88, 91, 94, 95, 96, 98, 100, 104]","{""support_1"": 84, ""support_2"": 37}","[37, 84]",2,"[122, 17, 18, 32, 137, 138, 140, 139, 13, 14, 116, 118, 136, 112, 36, 135, 26, 28, 105, 99, 148, 115, 149, 144, 145, 147, 146, 12, 71, 58, 134, 109, 61, 78, 102, 48, 85, 93, 133, 7, 132, 40, 130, 129, 76, 74, 97, 23, 143, 131, 54, 128, 127, 83, 89, 86, 142, 75, 124, 35, 126, 47, 123, 125, 141, 117, 119, 90, 29, 53, 8, 15, 10, 16, 67, 110, 108, 64, 21, 103, 77, 55, 92, 43, 27, 41, 111, 9, 107, 114, 121, 120, 101, 106, 63, 6, 1, 2, 0, 42, 5, 25, 4, 22, 20, 37, 34, 39, 46, 52, 51, 3, 100, 96, 98, 11, 31, 30, 19, 24, 50, 44, 91, 84, 82, 104, 95, 88, 70, 87, 81, 94, 69, 79, 80, 72, 68, 60, 59, 73, 66, 65, 62, 33, 38, 57, 56, 49, 45]",True,10000213148,10.000213148,"[20, 37, 34, 39, 46, 52, 51, 33, 44, 38, 57, 50, 56, 49, 45, 91, 62, 70, 60, 68, 66, 94, 73, 69, 59, 79, 80, 72, 65, 3, 100, 96, 98, 11, 31, 30, 24, 19, 84, 87, 82, 81, 88, 104, 95]","[95, 104, 88, 81, 82, 87, 84, 19, 24, 30, 31, 11, 98, 96, 100, 3, 65, 72, 80, 79, 59, 69, 73, 94, 66, 68, 60, 70, 62, 91, 45, 49, 56, 50, 57, 38, 44, 33, 51, 52, 46, 39, 34, 37, 20]",False,complete,124,124,1645,0,1425,78,1347,2000,1512,2,0,lowest_first,True,2,75,17,75,19,19,17,19
2,210505,54,106,43,"[0, 1, 2, 4, 5, 6, 7, 8, 9, 10, 12, 13, 14, 15, 16, 17, 18, 20, 21, 22, 23, 25, 26, 27, 28, 29, 32, 35, 36, 37, 40, 41, 42, 43, 47, 48, 53, 54, 55, 58, 61, 63, 64, 67, 71, 74, 75, 76, 77, 78, 83, 85, 86, 89, 90, 92, 93, 97, 99, 101, 102, 103, 105, 106, 107, 108, 109, 110, 111, 112, 114, 115, 116, 117, 118, 119, 120, 121, 122, 123, 124, 125, 126, 127, 128, 129, 130, 131, 132, 133, 134, 135, 136, 137, 138, 139, 140, 141, 142, 143, 144, 145, 146, 147, 148, 149]","[3, 11, 19, 24, 30, 31, 33, 34, 38, 39, 44, 45, 46, 49, 50, 51, 52, 56, 57, 59, 60, 62, 65, 66, 68, 69, 70, 72, 73, 79, 80, 81, 82, 84, 87, 88, 91, 94, 95, 96, 98, 100, 104]","{""support_1"": 84, ""support_2"": 34}","[34, 84]",2,"[122, 17, 18, 32, 137, 138, 140, 139, 13, 14, 116, 118, 136, 112, 36, 135, 26, 28, 105, 99, 148, 115, 149, 144, 145, 147, 146, 12, 71, 58, 134, 109, 61, 78, 102, 48, 85, 93, 133, 7, 132, 40, 130, 129, 76, 74, 97, 23, 143, 131, 54, 128, 127, 83, 89, 86, 142, 75, 124, 35, 126, 47, 123, 125, 141, 117, 119, 90, 29, 53, 8, 15, 10, 16, 67, 110, 108, 64, 21, 103, 77, 55, 92, 43, 27, 41, 111, 9, 107, 114, 121, 120, 101, 106, 63, 6, 1, 2, 0, 42, 5, 25, 4, 22, 20, 37, 34, 39, 46, 52, 51, 3, 100, 96, 98, 11, 31, 30, 19, 24, 50, 44, 91, 84, 82, 104, 95, 88, 70, 87, 81, 94, 69, 79, 80, 72, 68, 60, 59, 73, 66, 65, 62, 33, 38, 57, 56, 49, 45]",True,9059949881,9.059949881,"[34, 39, 46, 52, 51, 3, 100, 96, 98, 11, 31, 30, 95, 104, 44, 24, 19, 50, 84, 82, 91, 88, 70, 87, 81, 94, 69, 79, 80, 72, 68, 60, 59, 73, 66, 65, 62, 33, 38, 57, 56, 49, 45]","[45, 49, 56, 57, 38, 33, 62, 65, 66, 73, 59, 60, 68, 72, 80, 79, 69, 94, 81, 87, 70, 88, 91, 82, 84, 50, 19, 24, 44, 104, 95, 30, 31, 11, 98, 96, 100, 3, 51, 52, 46, 39, 34]",False,complete,131,131,1487,0,1295,83,1212,2000,1324,1,0,lowest_first,True,2,74,17,74,18,18,17,19
2,210506,55,108,41,"[0, 1, 2, 4, 5, 6, 7, 8, 9, 10, 12, 13, 14, 15, 16, 17, 18, 20, 21, 22, 23, 25, 26, 27, 28, 29, 32, 34, 35, 36, 37, 39, 40, 41, 42, 43, 47, 48, 53, 54, 55, 58, 61, 63, 64, 67, 71, 74, 75, 76, 77, 78, 83, 85, 86, 89, 90, 92, 93, 97, 99, 101, 102, 103, 105, 106, 107, 108, 109, 110, 111, 112, 114, 115, 116, 117, 118, 119, 120, 121, 122, 123, 124, 125, 126, 127, 128, 129, 130, 131, 132, 133, 134, 135, 136, 137, 138, 139, 140, 141, 142, 143, 144, 145, 146, 147, 148, 149]","[3, 11, 19, 24, 30, 31, 33, 38, 44, 45, 46, 49, 50, 51, 52, 56, 57, 59, 60, 62, 65, 66, 68, 69, 70, 72, 73, 79, 80, 81, 82, 84, 87, 88, 91, 94, 95, 96, 98, 100, 104]","{""support_1"": 84, ""support_2"": 52}","[52, 84]",2,"[122, 17, 18, 32, 137, 138, 140, 139, 13, 14, 116, 118, 136, 112, 36, 135, 26, 28, 105, 99, 148, 115, 149, 144, 145, 147, 146, 12, 71, 58, 134, 109, 61, 78, 102, 48, 85, 93, 133, 7, 132, 40, 130, 129, 76, 74, 97, 23, 143, 131, 54, 128, 127, 83, 89, 86, 142, 75, 124, 35, 126, 47, 123, 125, 141, 117, 119, 90, 29, 53, 8, 15, 10, 16, 67, 110, 108, 64, 21, 103, 77, 55, 92, 43, 27, 41, 111, 9, 107, 114, 121, 120, 101, 106, 63, 6, 1, 2, 0, 42, 5, 25, 4, 22, 20, 37, 34, 39, 46, 52, 51, 3, 100, 96, 98, 11, 31, 30, 19, 24, 50, 44, 91, 84, 82, 104, 95, 88, 70, 87, 81, 94, 69, 79, 80, 72, 68, 60, 59, 73, 66, 65, 62, 33, 38, 57, 56, 49, 45]",True,5304441851,5.304441851,"[46, 52, 51, 3, 100, 96, 98, 11, 31, 30, 33, 44, 24, 19, 38, 57, 50, 56, 49, 45, 91, 62, 73, 66, 68, 84, 82, 104, 95, 88, 70, 60, 87, 81, 94, 65, 72, 80, 79, 69, 59]","[59, 69, 79, 80, 72, 65, 94, 81, 87, 60, 70, 88, 95, 104, 82, 84, 68, 66, 73, 62, 91, 45, 49, 56, 50, 57, 38, 19, 24, 44, 33, 30, 31, 11, 98, 96, 100, 3, 51, 52, 46]",False,complete,98,98,1121,0,890,54,836,1852,1016,3,0,lowest_first,True,2,69,14,69,16,16,14,16
2,210507,56,110,39,"[0, 1, 2, 4, 5, 6, 7, 8, 9, 10, 12, 13, 14, 15, 16, 17, 18, 20, 21, 22, 23, 25, 26, 27, 28, 29, 32, 34, 35, 36, 37, 39, 40, 41, 42, 43, 46, 47, 48, 52, 53, 54, 55, 58, 61, 63, 64, 67, 71, 74, 75, 76, 77, 78, 83, 85, 86, 89, 90, 92, 93, 97, 99, 101, 102, 103, 105, 106, 107, 108, 109, 110, 111, 112, 114, 115, 116, 117, 118, 119, 120, 121, 122, 123, 124, 125, 126, 127, 128, 129, 130, 131, 132, 133, 134, 135, 136, 137, 138, 139, 140, 141, 142, 143, 144, 145, 146, 147, 148, 149]","[3, 11, 19, 24, 30, 31, 33, 38, 44, 45, 49, 50, 51, 56, 57, 59, 60, 62, 65, 66, 68, 69, 70, 72, 73, 79, 80, 81, 82, 84, 87, 88, 91, 94, 95, 96, 98, 100, 104]","{""support_1"": 84, ""support_2"": 51}","[51, 84]",2,"[122, 17, 18, 32, 137, 138, 140, 139, 13, 14, 116, 118, 136, 112, 36, 135, 26, 28, 105, 99, 148, 115, 149, 144, 145, 147, 146, 12, 71, 58, 134, 109, 61, 78, 102, 48, 85, 93, 133, 7, 132, 40, 130, 129, 76, 74, 97, 23, 143, 131, 54, 128, 127, 83, 89, 86, 142, 75, 124, 35, 126, 47, 123, 125, 141, 117, 119, 90, 29, 53, 8, 15, 10, 16, 67, 110, 108, 64, 21, 103, 77, 55, 92, 43, 27, 41, 111, 9, 107, 114, 121, 120, 101, 106, 63, 6, 1, 2, 0, 42, 5, 25, 4, 22, 20, 37, 34, 39, 46, 52, 51, 3, 100, 96, 98, 11, 31, 30, 19, 24, 50, 44, 91, 84, 82, 104, 95, 88, 70, 87, 81, 94, 69, 79, 80, 72, 68, 60, 59, 73, 66, 65, 62, 33, 38, 57, 56, 49, 45]",True,1895216407,1.895216407,"[51, 33, 44, 38, 57, 50, 56, 49, 45, 91, 62, 70, 60, 68, 66, 94, 73, 69, 59, 79, 80, 72, 65, 19, 100, 96, 98, 24, 30, 31, 11, 3, 84, 82, 87, 81, 88, 104, 95]","[95, 104, 88, 81, 87, 82, 84, 3, 11, 31, 30, 24, 98, 96, 100, 19, 65, 72, 80, 79, 59, 69, 73, 94, 66, 68, 60, 70, 62, 91, 45, 49, 56, 50, 57, 38, 44, 33, 51]",False,complete,44,44,546,0,352,2,350,538,188,0,0,lowest_first,True,2,64,13,64,14,14,13,15
2,210508,57,112,37,"[0, 1, 2, 3, 4, 5, 6, 7, 8, 9, 10, 12, 13, 14, 15, 16, 17, 18, 20, 21, 22, 23, 25, 26, 27, 28, 29, 32, 34, 35, 36, 37, 39, 40, 41, 42, 43, 46, 47, 48, 51, 52, 53, 54, 55, 58, 61, 63, 64, 67, 71, 74, 75, 76, 77, 78, 83, 85, 86, 89, 90, 92, 93, 97, 99, 101, 102, 103, 105, 106, 107, 108, 109, 110, 111, 112, 114, 115, 116, 117, 118, 119, 120, 121, 122, 123, 124, 125, 126, 127, 128, 129, 130, 131, 132, 133, 134, 135, 136, 137, 138, 139, 140, 141, 142, 143, 144, 145, 146, 147, 148, 149]","[11, 19, 24, 30, 31, 33, 38, 44, 45, 49, 50, 56, 57, 59, 60, 62, 65, 66, 68, 69, 70, 72, 73, 79, 80, 81, 82, 84, 87, 88, 91, 94, 95, 96, 98, 100, 104]","{""support_1"": 84, ""support_2"": 98}","[84, 98]",2,"[122, 17, 18, 32, 137, 138, 140, 139, 13, 14, 116, 118, 136, 112, 36, 135, 26, 28, 105, 99, 148, 115, 149, 144, 145, 147, 146, 12, 71, 58, 134, 109, 61, 78, 102, 48, 85, 93, 133, 7, 132, 40, 130, 129, 76, 74, 97, 23, 143, 131, 54, 128, 127, 83, 89, 86, 142, 75, 124, 35, 126, 47, 123, 125, 141, 117, 119, 90, 29, 53, 8, 15, 10, 16, 67, 110, 108, 64, 21, 103, 77, 55, 92, 43, 27, 41, 111, 9, 107, 114, 121, 120, 101, 106, 63, 6, 1, 2, 0, 42, 5, 25, 4, 22, 20, 37, 34, 39, 46, 52, 51, 3, 100, 96, 98, 11, 31, 30, 19, 24, 50, 44, 91, 84, 82, 104, 95, 88, 70, 87, 81, 94, 69, 79, 80, 72, 68, 60, 59, 73, 66, 65, 62, 33, 38, 57, 56, 49, 45]",True,1253119968,1.253119968,"[100, 96, 98, 11, 31, 30, 19, 24, 50, 44, 91, 84, 82, 104, 95, 88, 70, 87, 81, 94, 69, 79, 80, 72, 68, 60, 59, 73, 66, 65, 62, 33, 38, 57, 56, 49, 45]","[45, 49, 56, 57, 38, 33, 62, 65, 66, 73, 59, 60, 68, 72, 80, 79, 69, 94, 81, 87, 70, 88, 95, 104, 82, 84, 91, 44, 50, 24, 19, 30, 31, 11, 98, 96, 100]",True,complete,49,49,452,0,286,5,281,358,77,0,0,lowest_first,True,2,63,13,63,15,15,13,15
2,210509,58,114,35,"[0, 1, 2, 3, 4, 5, 6, 7, 8, 9, 10, 12, 13, 14, 15, 16, 17, 18, 20, 21, 22, 23, 25, 26, 27, 28, 29, 32, 34, 35, 36, 37, 39, 40, 41, 42, 43, 46, 47, 48, 51, 52, 53, 54, 55, 58, 61, 63, 64, 67, 71, 74, 75, 76, 77, 78, 83, 85, 86, 89, 90, 92, 93, 96, 97, 99, 100, 101, 102, 103, 105, 106, 107, 108, 109, 110, 111, 112, 114, 115, 116, 117, 118, 119, 120, 121, 122, 123, 124, 125, 126, 127, 128, 129, 130, 131, 132, 133, 134, 135, 136, 137, 138, 139, 140, 141, 142, 143, 144, 145, 146, 147, 148, 149]","[11, 19, 24, 30, 31, 33, 38, 44, 45, 49, 50, 56, 57, 59, 60, 62, 65, 66, 68, 69, 70, 72, 73, 79, 80, 81, 82, 84, 87, 88, 91, 94, 95, 98, 104]","{""support_1"": 84, ""support_2"": 98}","[84, 98]",2,"[122, 17, 18, 32, 137, 138, 140, 139, 13, 14, 116, 118, 136, 112, 36, 135, 26, 28, 105, 99, 148, 115, 149, 144, 145, 147, 146, 12, 71, 58, 134, 109, 61, 78, 102, 48, 85, 93, 133, 7, 132, 40, 130, 129, 76, 74, 97, 23, 143, 131, 54, 128, 127, 83, 89, 86, 142, 75, 124, 35, 126, 47, 123, 125, 141, 117, 119, 90, 29, 53, 8, 15, 10, 16, 67, 110, 108, 64, 21, 103, 77, 55, 92, 43, 27, 41, 111, 9, 107, 114, 121, 120, 101, 106, 63, 6, 1, 2, 0, 42, 5, 25, 4, 22, 20, 37, 34, 39, 46, 52, 51, 3, 100, 96, 98, 11, 31, 30, 19, 24, 50, 44, 91, 84, 82, 104, 95, 88, 70, 87, 81, 94, 69, 79, 80, 72, 68, 60, 59, 73, 66, 65, 62, 33, 38, 57, 56, 49, 45]",True,1216678302,1.216678302,"[98, 11, 31, 30, 95, 104, 44, 24, 19, 50, 84, 82, 91, 88, 70, 87, 81, 94, 69, 79, 80, 72, 68, 60, 59, 73, 66, 65, 62, 33, 38, 57, 56, 49, 45]","[45, 49, 56, 57, 38, 33, 62, 65, 66, 73, 59, 60, 68, 72, 80, 79, 69, 94, 81, 87, 70, 88, 91, 82, 84, 50, 19, 24, 44, 104, 95, 30, 31, 11, 98]",False,complete,47,47,408,0,275,5,270,342,72,0,0,lowest_first,True,2,59,13,59,14,14,13,15
2,210510,59,116,33,"[0, 1, 2, 3, 4, 5, 6, 7, 8, 9, 10, 11, 12, 13, 14, 15, 16, 17, 18, 20, 21, 22, 23, 25, 26, 27, 28, 29, 32, 34, 35, 36, 37, 39, 40, 41, 42, 43, 46, 47, 48, 51, 52, 53, 54, 55, 58, 61, 63, 64, 67, 71, 74, 75, 76, 77, 78, 83, 85, 86, 89, 90, 92, 93, 96, 97, 98, 99, 100, 101, 102, 103, 105, 106, 107, 108, 109, 110, 111, 112, 114, 115, 116, 117, 118, 119, 120, 121, 122, 123, 124, 125, 126, 127, 128, 129, 130, 131, 132, 133, 134, 135, 136, 137, 138, 139, 140, 141, 142, 143, 144, 145, 146, 147, 148, 149]","[19, 24, 30, 31, 33, 38, 44, 45, 49, 50, 56, 57, 59, 60, 62, 65, 66, 68, 69, 70, 72, 73, 79, 80, 81, 82, 84, 87, 88, 91, 94, 95, 104]","{""support_1"": 84, ""support_2"": 31}","[31, 84]",2,"[122, 17, 18, 32, 137, 138, 140, 139, 13, 14, 116, 118, 136, 112, 36, 135, 26, 28, 105, 99, 148, 115, 149, 144, 145, 147, 146, 12, 71, 58, 134, 109, 61, 78, 102, 48, 85, 93, 133, 7, 132, 40, 130, 129, 76, 74, 97, 23, 143, 131, 54, 128, 127, 83, 89, 86, 142, 75, 124, 35, 126, 47, 123, 125, 141, 117, 119, 90, 29, 53, 8, 15, 10, 16, 67, 110, 108, 64, 21, 103, 77, 55, 92, 43, 27, 41, 111, 9, 107, 114, 121, 120, 101, 106, 63, 6, 1, 2, 0, 42, 5, 25, 4, 22, 20, 37, 34, 39, 46, 52, 51, 3, 100, 96, 98, 11, 31, 30, 19, 24, 50, 44, 91, 84, 82, 104, 95, 88, 70, 87, 81, 94, 69, 79, 80, 72, 68, 60, 59, 73, 66, 65, 62, 33, 38, 57, 56, 49, 45]",True,967908672,0.967908672,"[31, 30, 95, 104, 44, 24, 19, 50, 84, 82, 91, 88, 70, 87, 81, 94, 69, 79, 80, 72, 68, 60, 59, 73, 66, 65, 62, 33, 38, 57, 56, 49, 45]","[45, 49, 56, 57, 38, 33, 62, 65, 66, 73, 59, 60, 68, 72, 80, 79, 69, 94, 81, 87, 70, 88, 91, 82, 84, 50, 19, 24, 44, 104, 95, 30, 31]",False,complete,52,52,362,0,242,8,234,281,47,0,0,lowest_first,True,2,55,12,55,13,13,12,14
2,210511,60,118,31,"[0, 1, 2, 3, 4, 5, 6, 7, 8, 9, 10, 11, 12, 13, 14, 15, 16, 17, 18, 20, 21, 22, 23, 25, 26, 27, 28, 29, 30, 31, 32, 34, 35, 36, 37, 39, 40, 41, 42, 43, 46, 47, 48, 51, 52, 53, 54, 55, 58, 61, 63, 64, 67, 71, 74, 75, 76, 77, 78, 83, 85, 86, 89, 90, 92, 93, 96, 97, 98, 99, 100, 101, 102, 103, 105, 106, 107, 108, 109, 110, 111, 112, 114, 115, 116, 117, 118, 119, 120, 121, 122, 123, 124, 125, 126, 127, 128, 129, 130, 131, 132, 133, 134, 135, 136, 137, 138, 139, 140, 141, 142, 143, 144, 145, 146, 147, 148, 149]","[19, 24, 33, 38, 44, 45, 49, 50, 56, 57, 59, 60, 62, 65, 66, 68, 69, 70, 72, 73, 79, 80, 81, 82, 84, 87, 88, 91, 94, 95, 104]","{""support_1"": 84}",[84],1,"[122, 17, 18, 32, 137, 138, 140, 139, 13, 14, 116, 118, 136, 112, 36, 135, 26, 28, 105, 99, 148, 115, 149, 144, 145, 147, 146, 12, 71, 58, 134, 109, 61, 78, 102, 48, 85, 93, 133, 7, 132, 40, 130, 129, 76, 74, 97, 23, 143, 131, 54, 128, 127, 83, 89, 86, 142, 75, 124, 35, 126, 47, 123, 125, 141, 117, 119, 90, 29, 53, 8, 15, 10, 16, 67, 110, 108, 64, 21, 103, 77, 55, 92, 43, 27, 41, 111, 9, 107, 114, 121, 120, 101, 106, 63, 6, 1, 2, 0, 42, 5, 25, 4, 22, 20, 37, 34, 39, 46, 52, 51, 3, 100, 96, 98, 11, 31, 30, 19, 24, 50, 44, 91, 84, 82, 104, 95, 88, 70, 87, 81, 94, 69, 79, 80, 72, 68, 60, 59, 73, 66, 65, 62, 33, 38, 57, 56, 49, 45]",True,853683126,0.853683126,"[95, 104, 44, 24, 19, 50, 84, 82, 91, 88, 70, 87, 81, 94, 69, 79, 80, 72, 68, 60, 59, 73, 66, 65, 62, 33, 38, 57, 56, 49, 45]","[45, 49, 56, 57, 38, 33, 62, 65, 66, 73, 59, 60, 68, 72, 80, 79, 69, 94, 81, 87, 70, 88, 91, 82, 84, 50, 19, 24, 44, 104, 95]",False,complete,50,50,326,0,222,8,214,261,47,0,0,lowest_first,True,2,52,11,52,12,12,11,12
2,210512,61,120,29,"[0, 1, 2, 3, 4, 5, 6, 7, 8, 9, 10, 11, 12, 13, 14, 15, 16, 17, 18, 19, 20, 21, 22, 23, 24, 25, 26, 27, 28, 29, 30, 31, 32, 34, 35, 36, 37, 39, 40, 41, 42, 43, 46, 47, 48, 51, 52, 53, 54, 55, 58, 61, 63, 64, 67, 71, 74, 75, 76, 77, 78, 83, 85, 86, 89, 90, 92, 93, 96, 97, 98, 99, 100, 101, 102, 103, 105, 106, 107, 108, 109, 110, 111, 112, 114, 115, 116, 117, 118, 119, 120, 121, 122, 123, 124, 125, 126, 127, 128, 129, 130, 131, 132, 133, 134, 135, 136, 137, 138, 139, 140, 141, 142, 143, 144, 145, 146, 147, 148, 149]","[33, 38, 44, 45, 49, 50, 56, 57, 59, 60, 62, 65, 66, 68, 69, 70, 72, 73, 79, 80, 81, 82, 84, 87, 88, 91, 94, 95, 104]","{""support_1"": 84, ""support_2"": 44}","[44, 84]",2,"[122, 17, 18, 32, 137, 138, 140, 139, 13, 14, 116, 118, 136, 112, 36, 135, 26, 28, 105, 99, 148, 115, 149, 144, 145, 147, 146, 12, 71, 58, 134, 109, 61, 78, 102, 48, 85, 93, 133, 7, 132, 40, 130, 129, 76, 74, 97, 23, 143, 131, 54, 128, 127, 83, 89, 86, 142, 75, 124, 35, 126, 47, 123, 125, 141, 117, 119, 90, 29, 53, 8, 15, 10, 16, 67, 110, 108, 64, 21, 103, 77, 55, 92, 43, 27, 41, 111, 9, 107, 114, 121, 120, 101, 106, 63, 6, 1, 2, 0, 42, 5, 25, 4, 22, 20, 37, 34, 39, 46, 52, 51, 3, 100, 96, 98, 11, 31, 30, 19, 24, 50, 44, 91, 84, 82, 104, 95, 88, 70, 87, 81, 94, 69, 79, 80, 72, 68, 60, 59, 73, 66, 65, 62, 33, 38, 57, 56, 49, 45]",True,719448130,0.719448130,"[50, 44, 91, 84, 82, 104, 95, 88, 70, 87, 81, 94, 69, 79, 80, 72, 68, 60, 59, 73, 66, 65, 62, 33, 38, 57, 56, 49, 45]","[45, 49, 56, 57, 38, 33, 62, 65, 66, 73, 59, 60, 68, 72, 80, 79, 69, 94, 81, 87, 70, 88, 95, 104, 82, 84, 91, 44, 50]",True,complete,48,48,288,0,201,8,193,210,17,0,0,lowest_first,True,2,48,10,48,12,12,10,12
2,210513,62,122,27,"[0, 1, 2, 3, 4, 5, 6, 7, 8, 9, 10, 11, 12, 13, 14, 15, 16, 17, 18, 19, 20, 21, 22, 23, 24, 25, 26, 27, 28, 29, 30, 31, 32, 34, 35, 36, 37, 39, 40, 41, 42, 43, 44, 46, 47, 48, 50, 51, 52, 53, 54, 55, 58, 61, 63, 64, 67, 71, 74, 75, 76, 77, 78, 83, 85, 86, 89, 90, 92, 93, 96, 97, 98, 99, 100, 101, 102, 103, 105, 106, 107, 108, 109, 110, 111, 112, 114, 115, 116, 117, 118, 119, 120, 121, 122, 123, 124, 125, 126, 127, 128, 129, 130, 131, 132, 133, 134, 135, 136, 137, 138, 139, 140, 141, 142, 143, 144, 145, 146, 147, 148, 149]","[33, 38, 45, 49, 56, 57, 59, 60, 62, 65, 66, 68, 69, 70, 72, 73, 79, 80, 81, 82, 84, 87, 88, 91, 94, 95, 104]","{""support_1"": 84, ""support_2"": 62}","[62, 84]",2,"[122, 17, 18, 32, 137, 138, 140, 139, 13, 14, 116, 118, 136, 112, 36, 135, 26, 28, 105, 99, 148, 115, 149, 144, 145, 147, 146, 12, 71, 58, 134, 109, 61, 78, 102, 48, 85, 93, 133, 7, 132, 40, 130, 129, 76, 74, 97, 23, 143, 131, 54, 128, 127, 83, 89, 86, 142, 75, 124, 35, 126, 47, 123, 125, 141, 117, 119, 90, 29, 53, 8, 15, 10, 16, 67, 110, 108, 64, 21, 103, 77, 55, 92, 43, 27, 41, 111, 9, 107, 114, 121, 120, 101, 106, 63, 6, 1, 2, 0, 42, 5, 25, 4, 22, 20, 37, 34, 39, 46, 52, 51, 3, 100, 96, 98, 11, 31, 30, 19, 24, 50, 44, 91, 84, 82, 104, 95, 88, 70, 87, 81, 94, 69, 79, 80, 72, 68, 60, 59, 73, 66, 65, 62, 33, 38, 57, 56, 49, 45]",True,564222732,0.564222732,"[91, 84, 82, 104, 95, 88, 70, 87, 81, 94, 69, 79, 80, 72, 68, 60, 59, 73, 66, 65, 62, 33, 38, 57, 56, 49, 45]","[45, 49, 56, 57, 38, 33, 62, 65, 66, 73, 59, 60, 68, 72, 80, 79, 69, 94, 81, 87, 70, 88, 95, 104, 82, 84, 91]",True,complete,46,46,258,0,178,8,170,186,16,0,0,lowest_first,True,2,44,9,44,11,11,9,11
2,210514,63,124,25,"[0, 1, 2, 3, 4, 5, 6, 7, 8, 9, 10, 11, 12, 13, 14, 15, 16, 17, 18, 19, 20, 21, 22, 23, 24, 25, 26, 27, 28, 29, 30, 31, 32, 34, 35, 36, 37, 39, 40, 41, 42, 43, 44, 46, 47, 48, 50, 51, 52, 53, 54, 55, 58, 61, 63, 64, 67, 71, 74, 75, 76, 77, 78, 83, 84, 85, 86, 89, 90, 91, 92, 93, 96, 97, 98, 99, 100, 101, 102, 103, 105, 106, 107, 108, 109, 110, 111, 112, 114, 115, 116, 117, 118, 119, 120, 121, 122, 123, 124, 125, 126, 127, 128, 129, 130, 131, 132, 133, 134, 135, 136, 137, 138, 139, 140, 141, 142, 143, 144, 145, 146, 147, 148, 149]","[33, 38, 45, 49, 56, 57, 59, 60, 62, 65, 66, 68, 69, 70, 72, 73, 79, 80, 81, 82, 87, 88, 94, 95, 104]","{""support_1"": 88, ""support_2"": 62}","[62, 88]",2,"[122, 17, 18, 32, 137, 138, 140, 139, 13, 14, 116, 118, 136, 112, 36, 135, 26, 28, 105, 99, 148, 115, 149, 144, 145, 147, 146, 12, 71, 58, 134, 109, 61, 78, 102, 48, 85, 93, 133, 7, 132, 40, 130, 129, 76, 74, 97, 23, 143, 131, 54, 128, 127, 83, 89, 86, 142, 75, 124, 35, 126, 47, 123, 125, 141, 117, 119, 90, 29, 53, 8, 15, 10, 16, 67, 110, 108, 64, 21, 103, 77, 55, 92, 43, 27, 41, 111, 9, 107, 114, 121, 120, 101, 106, 63, 6, 1, 2, 0, 42, 5, 25, 4, 22, 20, 37, 34, 39, 46, 52, 51, 3, 100, 96, 98, 11, 31, 30, 19, 24, 50, 44, 91, 84, 82, 104, 95, 88, 70, 87, 81, 94, 69, 79, 80, 72, 68, 60, 59, 73, 66, 65, 62, 33, 38, 57, 56, 49, 45]",True,455183995,0.455183995,"[82, 104, 95, 88, 70, 87, 81, 94, 69, 79, 80, 72, 68, 60, 59, 73, 66, 65, 62, 33, 38, 57, 56, 49, 45]","[45, 49, 56, 57, 38, 33, 62, 65, 66, 73, 59, 60, 68, 72, 80, 79, 69, 94, 81, 87, 70, 88, 95, 104, 82]",True,complete,36,36,218,0,147,4,143,155,12,0,0,lowest_first,True,2,40,8,40,10,10,8,10
2,210515,64,126,23,"[0, 1, 2, 3, 4, 5, 6, 7, 8, 9, 10, 11, 12, 13, 14, 15, 16, 17, 18, 19, 20, 21, 22, 23, 24, 25, 26, 27, 28, 29, 30, 31, 32, 34, 35, 36, 37, 39, 40, 41, 42, 43, 44, 46, 47, 48, 50, 51, 52, 53, 54, 55, 58, 61, 63, 64, 67, 71, 74, 75, 76, 77, 78, 82, 83, 84, 85, 86, 89, 90, 91, 92, 93, 96, 97, 98, 99, 100, 101, 102, 103, 104, 105, 106, 107, 108, 109, 110, 111, 112, 114, 115, 116, 117, 118, 119, 120, 121, 122, 123, 124, 125, 126, 127, 128, 129, 130, 131, 132, 133, 134, 135, 136, 137, 138, 139, 140, 141, 142, 143, 144, 145, 146, 147, 148, 149]","[33, 38, 45, 49, 56, 57, 59, 60, 62, 65, 66, 68, 69, 70, 72, 73, 79, 80, 81, 87, 88, 94, 95]","{""support_1"": 88, ""support_2"": 62}","[62, 88]",2,"[122, 17, 18, 32, 137, 138, 140, 139, 13, 14, 116, 118, 136, 112, 36, 135, 26, 28, 105, 99, 148, 115, 149, 144, 145, 147, 146, 12, 71, 58, 134, 109, 61, 78, 102, 48, 85, 93, 133, 7, 132, 40, 130, 129, 76, 74, 97, 23, 143, 131, 54, 128, 127, 83, 89, 86, 142, 75, 124, 35, 126, 47, 123, 125, 141, 117, 119, 90, 29, 53, 8, 15, 10, 16, 67, 110, 108, 64, 21, 103, 77, 55, 92, 43, 27, 41, 111, 9, 107, 114, 121, 120, 101, 106, 63, 6, 1, 2, 0, 42, 5, 25, 4, 22, 20, 37, 34, 39, 46, 52, 51, 3, 100, 96, 98, 11, 31, 30, 19, 24, 50, 44, 91, 84, 82, 104, 95, 88, 70, 87, 81, 94, 69, 79, 80, 72, 68, 60, 59, 73, 66, 65, 62, 33, 38, 57, 56, 49, 45]",True,380493252,0.380493252,"[95, 88, 70, 87, 81, 94, 69, 79, 80, 72, 68, 60, 59, 73, 66, 65, 62, 33, 38, 57, 56, 49, 45]","[45, 49, 56, 57, 38, 33, 62, 65, 66, 73, 59, 60, 68, 72, 80, 79, 69, 94, 81, 87, 70, 88, 95]",True,complete,34,34,189,0,132,4,128,140,12,0,0,lowest_first,True,2,36,8,36,10,10,8,10
2,210516,65,128,21,"[0, 1, 2, 3, 4, 5, 6, 7, 8, 9, 10, 11, 12, 13, 14, 15, 16, 17, 18, 19, 20, 21, 22, 23, 24, 25, 26, 27, 28, 29, 30, 31, 32, 34, 35, 36, 37, 39, 40, 41, 42, 43, 44, 46, 47, 48, 50, 51, 52, 53, 54, 55, 58, 61, 63, 64, 67, 71, 74, 75, 76, 77, 78, 82, 83, 84, 85, 86, 88, 89, 90, 91, 92, 93, 95, 96, 97, 98, 99, 100, 101, 102, 103, 104, 105, 106, 107, 108, 109, 110, 111, 112, 114, 115, 116, 117, 118, 119, 120, 121, 122, 123, 124, 125, 126, 127, 128, 129, 130, 131, 132, 133, 134, 135, 136, 137, 138, 139, 140, 141, 142, 143, 144, 145, 146, 147, 148, 149]","[33, 38, 45, 49, 56, 57, 59, 60, 62, 65, 66, 68, 69, 70, 72, 73, 79, 80, 81, 87, 94]","{""support_1"": 94, ""support_2"": 62}","[62, 94]",2,"[122, 17, 18, 32, 137, 138, 140, 139, 13, 14, 116, 118, 136, 112, 36, 135, 26, 28, 105, 99, 148, 115, 149, 144, 145, 147, 146, 12, 71, 58, 134, 109, 61, 78, 102, 48, 85, 93, 133, 7, 132, 40, 130, 129, 76, 74, 97, 23, 143, 131, 54, 128, 127, 83, 89, 86, 142, 75, 124, 35, 126, 47, 123, 125, 141, 117, 119, 90, 29, 53, 8, 15, 10, 16, 67, 110, 108, 64, 21, 103, 77, 55, 92, 43, 27, 41, 111, 9, 107, 114, 121, 120, 101, 106, 63, 6, 1, 2, 0, 42, 5, 25, 4, 22, 20, 37, 34, 39, 46, 52, 51, 3, 100, 96, 98, 11, 31, 30, 19, 24, 50, 44, 91, 84, 82, 104, 95, 88, 70, 87, 81, 94, 69, 79, 80, 72, 68, 60, 59, 73, 66, 65, 62, 33, 38, 57, 56, 49, 45]",True,336092760,0.336092760,"[70, 87, 81, 94, 69, 79, 80, 72, 68, 60, 59, 73, 66, 65, 62, 33, 38, 57, 56, 49, 45]","[45, 49, 56, 57, 38, 33, 62, 65, 66, 73, 59, 60, 68, 72, 80, 79, 69, 94, 81, 87, 70]",True,complete,40,40,170,0,124,8,116,125,9,0,0,lowest_first,True,2,32,7,32,9,9,7,9
2,210517,66,130,19,"[0, 1, 2, 3, 4, 5, 6, 7, 8, 9, 10, 11, 12, 13, 14, 15, 16, 17, 18, 19, 20, 21, 22, 23, 24, 25, 26, 27, 28, 29, 30, 31, 32, 34, 35, 36, 37, 39, 40, 41, 42, 43, 44, 46, 47, 48, 50, 51, 52, 53, 54, 55, 58, 61, 63, 64, 67, 70, 71, 74, 75, 76, 77, 78, 82, 83, 84, 85, 86, 87, 88, 89, 90, 91, 92, 93, 95, 96, 97, 98, 99, 100, 101, 102, 103, 104, 105, 106, 107, 108, 109, 110, 111, 112, 114, 115, 116, 117, 118, 119, 120, 121, 122, 123, 124, 125, 126, 127, 128, 129, 130, 131, 132, 133, 134, 135, 136, 137, 138, 139, 140, 141, 142, 143, 144, 145, 146, 147, 148, 149]","[33, 38, 45, 49, 56, 57, 59, 60, 62, 65, 66, 68, 69, 72, 73, 79, 80, 81, 94]","{""support_1"": 94, ""support_2"": 62}","[62, 94]",2,"[122, 17, 18, 32, 137, 138, 140, 139, 13, 14, 116, 118, 136, 112, 36, 135, 26, 28, 105, 99, 148, 115, 149, 144, 145, 147, 146, 12, 71, 58, 134, 109, 61, 78, 102, 48, 85, 93, 133, 7, 132, 40, 130, 129, 76, 74, 97, 23, 143, 131, 54, 128, 127, 83, 89, 86, 142, 75, 124, 35, 126, 47, 123, 125, 141, 117, 119, 90, 29, 53, 8, 15, 10, 16, 67, 110, 108, 64, 21, 103, 77, 55, 92, 43, 27, 41, 111, 9, 107, 114, 121, 120, 101, 106, 63, 6, 1, 2, 0, 42, 5, 25, 4, 22, 20, 37, 34, 39, 46, 52, 51, 3, 100, 96, 98, 11, 31, 30, 19, 24, 50, 44, 91, 84, 82, 104, 95, 88, 70, 87, 81, 94, 69, 79, 80, 72, 68, 60, 59, 73, 66, 65, 62, 33, 38, 57, 56, 49, 45]",True,269761864,0.269761864,"[81, 94, 69, 79, 80, 72, 68, 60, 59, 73, 66, 65, 62, 33, 38, 57, 56, 49, 45]","[45, 49, 56, 57, 38, 33, 62, 65, 66, 73, 59, 60, 68, 72, 80, 79, 69, 94, 81]",True,complete,38,38,145,0,113,8,105,114,9,0,0,lowest_first,True,2,28,7,28,9,9,7,9
2,210518,67,132,17,"[0, 1, 2, 3, 4, 5, 6, 7, 8, 9, 10, 11, 12, 13, 14, 15, 16, 17, 18, 19, 20, 21, 22, 23, 24, 25, 26, 27, 28, 29, 30, 31, 32, 34, 35, 36, 37, 39, 40, 41, 42, 43, 44, 46, 47, 48, 50, 51, 52, 53, 54, 55, 58, 61, 63, 64, 67, 70, 71, 74, 75, 76, 77, 78, 81, 82, 83, 84, 85, 86, 87, 88, 89, 90, 91, 92, 93, 94, 95, 96, 97, 98, 99, 100, 101, 102, 103, 104, 105, 106, 107, 108, 109, 110, 111, 112, 114, 115, 116, 117, 118, 119, 120, 121, 122, 123, 124, 125, 126, 127, 128, 129, 130, 131, 132, 133, 134, 135, 136, 137, 138, 139, 140, 141, 142, 143, 144, 145, 146, 147, 148, 149]","[33, 38, 45, 49, 56, 57, 59, 60, 62, 65, 66, 68, 69, 72, 73, 79, 80]","{""support_1"": 80, ""support_2"": 62}","[62, 80]",2,"[122, 17, 18, 32, 137, 138, 140, 139, 13, 14, 116, 118, 136, 112, 36, 135, 26, 28, 105, 99, 148, 115, 149, 144, 145, 147, 146, 12, 71, 58, 134, 109, 61, 78, 102, 48, 85, 93, 133, 7, 132, 40, 130, 129, 76, 74, 97, 23, 143, 131, 54, 128, 127, 83, 89, 86, 142, 75, 124, 35, 126, 47, 123, 125, 141, 117, 119, 90, 29, 53, 8, 15, 10, 16, 67, 110, 108, 64, 21, 103, 77, 55, 92, 43, 27, 41, 111, 9, 107, 114, 121, 120, 101, 106, 63, 6, 1, 2, 0, 42, 5, 25, 4, 22, 20, 37, 34, 39, 46, 52, 51, 3, 100, 96, 98, 11, 31, 30, 19, 24, 50, 44, 91, 84, 82, 104, 95, 88, 70, 87, 81, 94, 69, 79, 80, 72, 68, 60, 59, 73, 66, 65, 62, 33, 38, 57, 56, 49, 45]",True,216715832,0.216715832,"[69, 79, 80, 72, 68, 60, 59, 73, 66, 65, 62, 33, 38, 57, 56, 49, 45]","[45, 49, 56, 57, 38, 33, 62, 65, 66, 73, 59, 60, 68, 72, 80, 79, 69]",True,complete,36,36,122,0,99,8,91,99,8,0,0,lowest_first,True,2,24,6,24,8,8,6,8
2,210519,68,134,15,"[0, 1, 2, 3, 4, 5, 6, 7, 8, 9, 10, 11, 12, 13, 14, 15, 16, 17, 18, 19, 20, 21, 22, 23, 24, 25, 26, 27, 28, 29, 30, 31, 32, 34, 35, 36, 37, 39, 40, 41, 42, 43, 44, 46, 47, 48, 50, 51, 52, 53, 54, 55, 58, 61, 63, 64, 67, 69, 70, 71, 74, 75, 76, 77, 78, 79, 81, 82, 83, 84, 85, 86, 87, 88, 89, 90, 91, 92, 93, 94, 95, 96, 97, 98, 99, 100, 101, 102, 103, 104, 105, 106, 107, 108, 109, 110, 111, 112, 114, 115, 116, 117, 118, 119, 120, 121, 122, 123, 124, 125, 126, 127, 128, 129, 130, 131, 132, 133, 134, 135, 136, 137, 138, 139, 140, 141, 142, 143, 144, 145, 146, 147, 148, 149]","[33, 38, 45, 49, 56, 57, 59, 60, 62, 65, 66, 68, 72, 73, 80]","{""support_1"": 80, ""support_2"": 62}","[62, 80]",2,"[122, 17, 18, 32, 137, 138, 140, 139, 13, 14, 116, 118, 136, 112, 36, 135, 26, 28, 105, 99, 148, 115, 149, 144, 145, 147, 146, 12, 71, 58, 134, 109, 61, 78, 102, 48, 85, 93, 133, 7, 132, 40, 130, 129, 76, 74, 97, 23, 143, 131, 54, 128, 127, 83, 89, 86, 142, 75, 124, 35, 126, 47, 123, 125, 141, 117, 119, 90, 29, 53, 8, 15, 10, 16, 67, 110, 108, 64, 21, 103, 77, 55, 92, 43, 27, 41, 111, 9, 107, 114, 121, 120, 101, 106, 63, 6, 1, 2, 0, 42, 5, 25, 4, 22, 20, 37, 34, 39, 46, 52, 51, 3, 100, 96, 98, 11, 31, 30, 19, 24, 50, 44, 91, 84, 82, 104, 95, 88, 70, 87, 81, 94, 69, 79, 80, 72, 68, 60, 59, 73, 66, 65, 62, 33, 38, 57, 56, 49, 45]",True,169322342,0.169322342,"[80, 72, 68, 60, 59, 73, 66, 65, 62, 33, 38, 57, 56, 49, 45]","[45, 49, 56, 57, 38, 33, 62, 65, 66, 73, 59, 60, 68, 72, 80]",True,complete,26,26,91,0,78,4,74,81,7,0,0,lowest_first,True,2,20,6,20,7,7,6,8
2,210520,69,136,13,"[0, 1, 2, 3, 4, 5, 6, 7, 8, 9, 10, 11, 12, 13, 14, 15, 16, 17, 18, 19, 20, 21, 22, 23, 24, 25, 26, 27, 28, 29, 30, 31, 32, 34, 35, 36, 37, 39, 40, 41, 42, 43, 44, 46, 47, 48, 50, 51, 52, 53, 54, 55, 58, 61, 63, 64, 67, 69, 70, 71, 72, 74, 75, 76, 77, 78, 79, 80, 81, 82, 83, 84, 85, 86, 87, 88, 89, 90, 91, 92, 93, 94, 95, 96, 97, 98, 99, 100, 101, 102, 103, 104, 105, 106, 107, 108, 109, 110, 111, 112, 114, 115, 116, 117, 118, 119, 120, 121, 122, 123, 124, 125, 126, 127, 128, 129, 130, 131, 132, 133, 134, 135, 136, 137, 138, 139, 140, 141, 142, 143, 144, 145, 146, 147, 148, 149]","[33, 38, 45, 49, 56, 57, 59, 60, 62, 65, 66, 68, 73]","{""support_1"": 73, ""support_2"": 62}","[62, 73]",2,"[122, 17, 18, 32, 137, 138, 140, 139, 13, 14, 116, 118, 136, 112, 36, 135, 26, 28, 105, 99, 148, 115, 149, 144, 145, 147, 146, 12, 71, 58, 134, 109, 61, 78, 102, 48, 85, 93, 133, 7, 132, 40, 130, 129, 76, 74, 97, 23, 143, 131, 54, 128, 127, 83, 89, 86, 142, 75, 124, 35, 126, 47, 123, 125, 141, 117, 119, 90, 29, 53, 8, 15, 10, 16, 67, 110, 108, 64, 21, 103, 77, 55, 92, 43, 27, 41, 111, 9, 107, 114, 121, 120, 101, 106, 63, 6, 1, 2, 0, 42, 5, 25, 4, 22, 20, 37, 34, 39, 46, 52, 51, 3, 100, 96, 98, 11, 31, 30, 19, 24, 50, 44, 91, 84, 82, 104, 95, 88, 70, 87, 81, 94, 69, 79, 80, 72, 68, 60, 59, 73, 66, 65, 62, 33, 38, 57, 56, 49, 45]",True,111052273,0.111052273,"[68, 60, 59, 73, 66, 65, 62, 33, 38, 57, 56, 49, 45]","[45, 49, 56, 57, 38, 33, 62, 65, 66, 73, 59, 60, 68]",True,complete,32,32,81,0,66,8,58,63,5,0,0,lowest_first,True,2,16,4,16,6,6,4,6
2,210521,70,138,11,"[0, 1, 2, 3, 4, 5, 6, 7, 8, 9, 10, 11, 12, 13, 14, 15, 16, 17, 18, 19, 20, 21, 22, 23, 24, 25, 26, 27, 28, 29, 30, 31, 32, 34, 35, 36, 37, 39, 40, 41, 42, 43, 44, 46, 47, 48, 50, 51, 52, 53, 54, 55, 58, 60, 61, 63, 64, 67, 68, 69, 70, 71, 72, 74, 75, 76, 77, 78, 79, 80, 81, 82, 83, 84, 85, 86, 87, 88, 89, 90, 91, 92, 93, 94, 95, 96, 97, 98, 99, 100, 101, 102, 103, 104, 105, 106, 107, 108, 109, 110, 111, 112, 114, 115, 116, 117, 118, 119, 120, 121, 122, 123, 124, 125, 126, 127, 128, 129, 130, 131, 132, 133, 134, 135, 136, 137, 138, 139, 140, 141, 142, 143, 144, 145, 146, 147, 148, 149]","[33, 38, 45, 49, 56, 57, 59, 62, 65, 66, 73]","{""support_1"": 73, ""support_2"": 62}","[62, 73]",2,"[122, 17, 18, 32, 137, 138, 140, 139, 13, 14, 116, 118, 136, 112, 36, 135, 26, 28, 105, 99, 148, 115, 149, 144, 145, 147, 146, 12, 71, 58, 134, 109, 61, 78, 102, 48, 85, 93, 133, 7, 132, 40, 130, 129, 76, 74, 97, 23, 143, 131, 54, 128, 127, 83, 89, 86, 142, 75, 124, 35, 126, 47, 123, 125, 141, 117, 119, 90, 29, 53, 8, 15, 10, 16, 67, 110, 108, 64, 21, 103, 77, 55, 92, 43, 27, 41, 111, 9, 107, 114, 121, 120, 101, 106, 63, 6, 1, 2, 0, 42, 5, 25, 4, 22, 20, 37, 34, 39, 46, 52, 51, 3, 100, 96, 98, 11, 31, 30, 19, 24, 50, 44, 91, 84, 82, 104, 95, 88, 70, 87, 81, 94, 69, 79, 80, 72, 68, 60, 59, 73, 66, 65, 62, 33, 38, 57, 56, 49, 45]",True,84727964,0.084727964,"[59, 73, 66, 65, 62, 33, 38, 57, 56, 49, 45]","[45, 49, 56, 57, 38, 33, 62, 65, 66, 73, 59]",True,complete,30,30,65,0,56,8,48,53,5,0,0,lowest_first,True,2,12,4,12,6,6,4,6
2,210522,71,140,9,"[0, 1, 2, 3, 4, 5, 6, 7, 8, 9, 10, 11, 12, 13, 14, 15, 16, 17, 18, 19, 20, 21, 22, 23, 24, 25, 26, 27, 28, 29, 30, 31, 32, 34, 35, 36, 37, 39, 40, 41, 42, 43, 44, 46, 47, 48, 50, 51, 52, 53, 54, 55, 58, 59, 60, 61, 63, 64, 67, 68, 69, 70, 71, 72, 73, 74, 75, 76, 77, 78, 79, 80, 81, 82, 83, 84, 85, 86, 87, 88, 89, 90, 91, 92, 93, 94, 95, 96, 97, 98, 99, 100, 101, 102, 103, 104, 105, 106, 107, 108, 109, 110, 111, 112, 114, 115, 116, 117, 118, 119, 120, 121, 122, 123, 124, 125, 126, 127, 128, 129, 130, 131, 132, 133, 134, 135, 136, 137, 138, 139, 140, 141, 142, 143, 144, 145, 146, 147, 148, 149]","[33, 38, 45, 49, 56, 57, 62, 65, 66]","{""support_1"": 66, ""support_2"": 62}","[62, 66]",2,"[122, 17, 18, 32, 137, 138, 140, 139, 13, 14, 116, 118, 136, 112, 36, 135, 26, 28, 105, 99, 148, 115, 149, 144, 145, 147, 146, 12, 71, 58, 134, 109, 61, 78, 102, 48, 85, 93, 133, 7, 132, 40, 130, 129, 76, 74, 97, 23, 143, 131, 54, 128, 127, 83, 89, 86, 142, 75, 124, 35, 126, 47, 123, 125, 141, 117, 119, 90, 29, 53, 8, 15, 10, 16, 67, 110, 108, 64, 21, 103, 77, 55, 92, 43, 27, 41, 111, 9, 107, 114, 121, 120, 101, 106, 63, 6, 1, 2, 0, 42, 5, 25, 4, 22, 20, 37, 34, 39, 46, 52, 51, 3, 100, 96, 98, 11, 31, 30, 19, 24, 50, 44, 91, 84, 82, 104, 95, 88, 70, 87, 81, 94, 69, 79, 80, 72, 68, 60, 59, 73, 66, 65, 62, 33, 38, 57, 56, 49, 45]",True,65859356,0.065859356,"[66, 65, 62, 33, 38, 57, 56, 49, 45]","[45, 49, 56, 57, 38, 33, 62, 65, 66]",True,complete,28,28,54,0,48,8,40,45,5,0,0,lowest_first,True,2,8,3,8,4,4,3,5
2,210523,72,142,7,"[0, 1, 2, 3, 4, 5, 6, 7, 8, 9, 10, 11, 12, 13, 14, 15, 16, 17, 18, 19, 20, 21, 22, 23, 24, 25, 26, 27, 28, 29, 30, 31, 32, 34, 35, 36, 37, 39, 40, 41, 42, 43, 44, 46, 47, 48, 50, 51, 52, 53, 54, 55, 58, 59, 60, 61, 63, 64, 65, 66, 67, 68, 69, 70, 71, 72, 73, 74, 75, 76, 77, 78, 79, 80, 81, 82, 83, 84, 85, 86, 87, 88, 89, 90, 91, 92, 93, 94, 95, 96, 97, 98, 99, 100, 101, 102, 103, 104, 105, 106, 107, 108, 109, 110, 111, 112, 114, 115, 116, 117, 118, 119, 120, 121, 122, 123, 124, 125, 126, 127, 128, 129, 130, 131, 132, 133, 134, 135, 136, 137, 138, 139, 140, 141, 142, 143, 144, 145, 146, 147, 148, 149]","[33, 38, 45, 49, 56, 57, 62]","{""support_2"": 62}",[62],1,"[122, 17, 18, 32, 137, 138, 140, 139, 13, 14, 116, 118, 136, 112, 36, 135, 26, 28, 105, 99, 148, 115, 149, 144, 145, 147, 146, 12, 71, 58, 134, 109, 61, 78, 102, 48, 85, 93, 133, 7, 132, 40, 130, 129, 76, 74, 97, 23, 143, 131, 54, 128, 127, 83, 89, 86, 142, 75, 124, 35, 126, 47, 123, 125, 141, 117, 119, 90, 29, 53, 8, 15, 10, 16, 67, 110, 108, 64, 21, 103, 77, 55, 92, 43, 27, 41, 111, 9, 107, 114, 121, 120, 101, 106, 63, 6, 1, 2, 0, 42, 5, 25, 4, 22, 20, 37, 34, 39, 46, 52, 51, 3, 100, 96, 98, 11, 31, 30, 19, 24, 50, 44, 91, 84, 82, 104, 95, 88, 70, 87, 81, 94, 69, 79, 80, 72, 68, 60, 59, 73, 66, 65, 62, 33, 38, 57, 56, 49, 45]",True,58322055,0.058322055,"[62, 33, 38, 57, 56, 49, 45]","[45, 49, 56, 57, 38, 33, 62]",True,complete,26,26,42,0,45,8,37,42,5,0,0,lowest_first,True,2,6,3,6,3,3,3,4
2,210524,73,144,5,"[0, 1, 2, 3, 4, 5, 6, 7, 8, 9, 10, 11, 12, 13, 14, 15, 16, 17, 18, 19, 20, 21, 22, 23, 24, 25, 26, 27, 28, 29, 30, 31, 32, 33, 34, 35, 36, 37, 39, 40, 41, 42, 43, 44, 46, 47, 48, 50, 51, 52, 53, 54, 55, 58, 59, 60, 61, 62, 63, 64, 65, 66, 67, 68, 69, 70, 71, 72, 73, 74, 75, 76, 77, 78, 79, 80, 81, 82, 83, 84, 85, 86, 87, 88, 89, 90, 91, 92, 93, 94, 95, 96, 97, 98, 99, 100, 101, 102, 103, 104, 105, 106, 107, 108, 109, 110, 111, 112, 114, 115, 116, 117, 118, 119, 120, 121, 122, 123, 124, 125, 126, 127, 128, 129, 130, 131, 132, 133, 134, 135, 136, 137, 138, 139, 140, 141, 142, 143, 144, 145, 146, 147, 148, 149]","[38, 45, 49, 56, 57]","{""support_1"": 57}",[57],1,"[122, 17, 18, 32, 137, 138, 140, 139, 13, 14, 116, 118, 136, 112, 36, 135, 26, 28, 105, 99, 148, 115, 149, 144, 145, 147, 146, 12, 71, 58, 134, 109, 61, 78, 102, 48, 85, 93, 133, 7, 132, 40, 130, 129, 76, 74, 97, 23, 143, 131, 54, 128, 127, 83, 89, 86, 142, 75, 124, 35, 126, 47, 123, 125, 141, 117, 119, 90, 29, 53, 8, 15, 10, 16, 67, 110, 108, 64, 21, 103, 77, 55, 92, 43, 27, 41, 111, 9, 107, 114, 121, 120, 101, 106, 63, 6, 1, 2, 0, 42, 5, 25, 4, 22, 20, 37, 34, 39, 46, 52, 51, 3, 100, 96, 98, 11, 31, 30, 19, 24, 50, 44, 91, 84, 82, 104, 95, 88, 70, 87, 81, 94, 69, 79, 80, 72, 68, 60, 59, 73, 66, 65, 62, 33, 38, 57, 56, 49, 45]",True,39444101,0.039444101,"[38, 57, 56, 49, 45]","[45, 49, 56, 57, 38]",True,complete,16,16,20,0,30,4,26,29,3,0,0,lowest_first,True,2,4,2,4,3,3,2,3
2,210525,74,146,3,"[0, 1, 2, 3, 4, 5, 6, 7, 8, 9, 10, 11, 12, 13, 14, 15, 16, 17, 18, 19, 20, 21, 22, 23, 24, 25, 26, 27, 28, 29, 30, 31, 32, 33, 34, 35, 36, 37, 38, 39, 40, 41, 42, 43, 44, 46, 47, 48, 50, 51, 52, 53, 54, 55, 57, 58, 59, 60, 61, 62, 63, 64, 65, 66, 67, 68, 69, 70, 71, 72, 73, 74, 75, 76, 77, 78, 79, 80, 81, 82, 83, 84, 85, 86, 87, 88, 89, 90, 91, 92, 93, 94, 95, 96, 97, 98, 99, 100, 101, 102, 103, 104, 105, 106, 107, 108, 109, 110, 111, 112, 114, 115, 116, 117, 118, 119, 120, 121, 122, 123, 124, 125, 126, 127, 128, 129, 130, 131, 132, 133, 134, 135, 136, 137, 138, 139, 140, 141, 142, 143, 144, 145, 146, 147, 148, 149]","[45, 49, 56]","{""support_2"": 56}",[56],1,"[122, 17, 18, 32, 137, 138, 140, 139, 13, 14, 116, 118, 136, 112, 36, 135, 26, 28, 105, 99, 148, 115, 149, 144, 145, 147, 146, 12, 71, 58, 134, 109, 61, 78, 102, 48, 85, 93, 133, 7, 132, 40, 130, 129, 76, 74, 97, 23, 143, 131, 54, 128, 127, 83, 89, 86, 142, 75, 124, 35, 126, 47, 123, 125, 141, 117, 119, 90, 29, 53, 8, 15, 10, 16, 67, 110, 108, 64, 21, 103, 77, 55, 92, 43, 27, 41, 111, 9, 107, 114, 121, 120, 101, 106, 63, 6, 1, 2, 0, 42, 5, 25, 4, 22, 20, 37, 34, 39, 46, 52, 51, 3, 100, 96, 98, 11, 31, 30, 19, 24, 50, 44, 91, 84, 82, 104, 95, 88, 70, 87, 81, 94, 69, 79, 80, 72, 68, 60, 59, 73, 66, 65, 62, 33, 38, 57, 56, 49, 45]",True,6757214,0.006757214,"[56, 49, 45]","[45, 49, 56]",True,complete,3,3,4,0,6,0,6,6,0,0,0,lowest_first,True,1,1,1,1,1,1,1,2
2,210526,75,148,1,"[0, 1, 2, 3, 4, 5, 6, 7, 8, 9, 10, 11, 12, 13, 14, 15, 16, 17, 18, 19, 20, 21, 22, 23, 24, 25, 26, 27, 28, 29, 30, 31, 32, 33, 34, 35, 36, 37, 38, 39, 40, 41, 42, 43, 44, 46, 47, 48, 49, 50, 51, 52, 53, 54, 55, 56, 57, 58, 59, 60, 61, 62, 63, 64, 65, 66, 67, 68, 69, 70, 71, 72, 73, 74, 75, 76, 77, 78, 79, 80, 81, 82, 83, 84, 85, 86, 87, 88, 89, 90, 91, 92, 93, 94, 95, 96, 97, 98, 99, 100, 101, 102, 103, 104, 105, 106, 107, 108, 109, 110, 111, 112, 114, 115, 116, 117, 118, 119, 120, 121, 122, 123, 124, 125, 126, 127, 128, 129, 130, 131, 132, 133, 134, 135, 136, 137, 138, 139, 140, 141, 142, 143, 144, 145, 146, 147, 148, 149]",[45],{},[],0,"[122, 17, 18, 32, 137, 138, 140, 139, 13, 14, 116, 118, 136, 112, 36, 135, 26, 28, 105, 99, 148, 115, 149, 144, 145, 147, 146, 12, 71, 58, 134, 109, 61, 78, 102, 48, 85, 93, 133, 7, 132, 40, 130, 129, 76, 74, 97, 23, 143, 131, 54, 128, 127, 83, 89, 86, 142, 75, 124, 35, 126, 47, 123, 125, 141, 117, 119, 90, 29, 53, 8, 15, 10, 16, 67, 110, 108, 64, 21, 103, 77, 55, 92, 43, 27, 41, 111, 9, 107, 114, 121, 120, 101, 106, 63, 6, 1, 2, 0, 42, 5, 25, 4, 22, 20, 37, 34, 39, 46, 52, 51, 3, 100, 96, 98, 11, 31, 30, 19, 24, 50, 44, 91, 84, 82, 104, 95, 88, 70, 87, 81, 94, 69, 79, 80, 72, 68, 60, 59, 73, 66, 65, 62, 33, 38, 57, 56, 49, 45]",True,842781,0.000842781,[45],[45],True,complete,1,1,1,0,2,0,2,2,0,0,0,lowest_first,True,0,0,0,0,0,0,0,0
3,220452,1,0,149,[],"[0, 1, 2, 3, 4, 5, 6, 7, 8, 9, 10, 11, 12, 13, 14, 15, 16, 17, 18, 19, 20, 21, 22, 23, 24, 25, 26, 27, 28, 29, 30, 31, 32, 33, 34, 35, 36, 37, 38, 39, 40, 41, 42, 43, 44, 45, 46, 47, 48, 49, 50, 51, 52, 53, 54, 55, 56, 57, 58, 59, 60, 61, 62, 63, 64, 65, 66, 67, 68, 69, 70, 71, 72, 73, 74, 75, 76, 77, 78, 79, 80, 81, 82, 83, 84, 85, 86, 87, 88, 89, 90, 91, 92, 93, 94, 95, 96, 97, 98, 99, 100, 101, 102, 103, 104, 105, 106, 107, 108, 109, 110, 111, 112, 114, 115, 116, 117, 118, 119, 120, 121, 122, 123, 124, 125, 126, 127, 128, 129, 130, 131, 132, 133, 134, 135, 136, 137, 138, 139, 140, 141, 142, 143, 144, 145, 146, 147, 148, 149]",{},[],0,"[122, 17, 18, 32, 137, 138, 139, 140, 13, 14, 116, 118, 136, 16, 36, 135, 26, 28, 99, 105, 145, 149, 102, 144, 10, 147, 146, 12, 58, 71, 134, 109, 67, 48, 78, 61, 85, 93, 133, 42, 40, 143, 25, 7, 130, 131, 132, 129, 52, 74, 76, 97, 128, 63, 94, 127, 91, 64, 126, 50, 125, 124, 123, 141, 142, 77, 55, 119, 53, 90, 92, 117, 75, 15, 8, 27, 43, 41, 29, 112, 148, 110, 9, 111, 108, 106, 115, 107, 6, 1, 2, 0, 114, 121, 120, 101, 54, 47, 46, 39, 51, 68, 45, 49, 56, 57, 38, 83, 44, 104, 62, 60, 89, 70, 69, 59, 79, 80, 72, 86, 73, 66, 65, 23, 5, 4, 21, 22, 20, 35, 37, 34, 33, 3, 100, 96, 98, 11, 31, 30, 24, 19, 84, 87, 82, 81, 88, 103, 95]",True,22963081781,22.963081781,"[122, 17, 18, 32, 137, 138, 139, 140, 13, 14, 116, 118, 136, 16, 36, 135, 26, 28, 99, 105, 145, 149, 102, 144, 10, 147, 146, 12, 58, 71, 134, 109, 67, 48, 78, 61, 85, 93, 133, 42, 40, 143, 25, 7, 130, 131, 132, 129, 52, 74, 76, 97, 128, 63, 94, 127, 91, 64, 126, 50, 125, 124, 123, 141, 142, 77, 55, 119, 53, 90, 92, 117, 75, 15, 8, 27, 43, 41, 29, 112, 148, 110, 9, 111, 108, 106, 115, 107, 6, 1, 2, 0, 114, 121, 120, 101, 54, 47, 46, 39, 51, 68, 45, 49, 56, 57, 38, 83, 44, 104, 62, 60, 89, 70, 69, 59, 79, 80, 72, 86, 73, 66, 65, 23, 5, 4, 21, 22, 20, 35, 37, 34, 33, 3, 100, 96, 98, 11, 31, 30, 24, 19, 84, 87, 82, 81, 88, 103, 95]","[95, 103, 88, 81, 82, 87, 84, 19, 24, 30, 31, 11, 98, 96, 100, 3, 33, 34, 37, 35, 20, 22, 21, 4, 5, 23, 65, 66, 73, 86, 72, 80, 79, 59, 69, 70, 89, 60, 62, 104, 44, 83, 38, 57, 56, 49, 45, 68, 51, 39, 46, 47, 54, 101, 120, 121, 114, 0, 2, 1, 6, 107, 115, 106, 108, 111, 9, 110, 148, 112, 29, 41, 43, 27, 8, 15, 75, 117, 92, 90, 53, 119, 55, 77, 142, 141, 123, 124, 125, 50, 126, 64, 91, 127, 94, 63, 128, 97, 76, 74, 52, 129, 132, 131, 130, 7, 25, 143, 40, 42, 133, 93, 85, 61, 78, 48, 67, 109, 134, 71, 58, 12, 146, 147, 10, 144, 102, 149, 145, 105, 99, 28, 26, 135, 36, 16, 136, 118, 116, 14, 13, 140, 139, 138, 137, 32, 18, 17, 122]",True,complete,150,150,8929,0,1564,1,1563,1686,123,0,0,lowest_first,True,2,104,29,104,29,29,29,29
3,220453,2,2,147,"[17, 122]","[0, 1, 2, 3, 4, 5, 6, 7, 8, 9, 10, 11, 12, 13, 14, 15, 16, 18, 19, 20, 21, 22, 23, 24, 25, 26, 27, 28, 29, 30, 31, 32, 33, 34, 35, 36, 37, 38, 39, 40, 41, 42, 43, 44, 45, 46, 47, 48, 49, 50, 51, 52, 53, 54, 55, 56, 57, 58, 59, 60, 61, 62, 63, 64, 65, 66, 67, 68, 69, 70, 71, 72, 73, 74, 75, 76, 77, 78, 79, 80, 81, 82, 83, 84, 85, 86, 87, 88, 89, 90, 91, 92, 93, 94, 95, 96, 97, 98, 99, 100, 101, 102, 103, 104, 105, 106, 107, 108, 109, 110, 111, 112, 114, 115, 116, 117, 118, 119, 120, 121, 123, 124, 125, 126, 127, 128, 129, 130, 131, 132, 133, 134, 135, 136, 137, 138, 139, 140, 141, 142, 143, 144, 145, 146, 147, 148, 149]",{},[],0,"[122, 17, 18, 32, 137, 138, 139, 140, 13, 14, 116, 118, 136, 16, 36, 135, 26, 28, 99, 105, 145, 149, 102, 144, 10, 147, 146, 12, 58, 71, 134, 109, 67, 48, 78, 61, 85, 93, 133, 42, 40, 143, 25, 7, 130, 131, 132, 129, 52, 74, 76, 97, 128, 63, 94, 127, 91, 64, 126, 50, 125, 124, 123, 141, 142, 77, 55, 119, 53, 90, 92, 117, 75, 15, 8, 27, 43, 41, 29, 112, 148, 110, 9, 111, 108, 106, 115, 107, 6, 1, 2, 0, 114, 121, 120, 101, 54, 47, 46, 39, 51, 68, 45, 49, 56, 57, 38, 83, 44, 104, 62, 60, 89, 70, 69, 59, 79, 80, 72, 86, 73, 66, 65, 23, 5, 4, 21, 22, 20, 35, 37, 34, 33, 3, 100, 96, 98, 11, 31, 30, 24, 19, 84, 87, 82, 81, 88, 103, 95]",True,27577530688,27.577530688,"[18, 32, 137, 138, 140, 139, 13, 14, 116, 118, 136, 16, 36, 135, 26, 28, 99, 105, 148, 115, 145, 144, 149, 146, 147, 12, 58, 71, 134, 109, 78, 48, 61, 67, 85, 93, 133, 40, 42, 102, 7, 131, 130, 132, 129, 76, 128, 31, 127, 126, 91, 47, 86, 74, 125, 141, 142, 90, 75, 77, 10, 110, 35, 27, 54, 53, 15, 8, 43, 143, 9, 111, 106, 112, 108, 25, 101, 120, 64, 124, 123, 92, 117, 119, 55, 29, 41, 121, 114, 107, 6, 1, 2, 0, 30, 97, 11, 100, 98, 96, 52, 51, 46, 39, 23, 34, 21, 37, 20, 5, 22, 4, 3, 33, 63, 50, 70, 69, 94, 79, 80, 62, 60, 59, 68, 66, 72, 65, 104, 73, 87, 49, 45, 89, 103, 95, 88, 83, 82, 81, 84, 56, 57, 38, 44, 24, 19]","[19, 24, 44, 38, 57, 56, 84, 81, 82, 83, 88, 95, 103, 89, 45, 49, 87, 73, 104, 65, 72, 66, 68, 59, 60, 62, 80, 79, 94, 69, 70, 50, 63, 33, 3, 4, 22, 5, 20, 37, 21, 34, 23, 39, 46, 51, 52, 96, 98, 100, 11, 97, 30, 0, 2, 1, 6, 107, 114, 121, 41, 29, 55, 119, 117, 92, 123, 124, 64, 120, 101, 25, 108, 112, 106, 111, 9, 143, 43, 8, 15, 53, 54, 27, 35, 110, 10, 77, 75, 90, 142, 141, 125, 74, 86, 47, 91, 126, 127, 31, 128, 76, 129, 132, 130, 131, 7, 102, 42, 40, 133, 93, 85, 67, 61, 48, 78, 109, 134, 71, 58, 12, 147, 146, 149, 144, 145, 115, 148, 105, 99, 28, 26, 135, 36, 16, 136, 118, 116, 14, 13, 139, 140, 138, 137, 32, 18]",False,complete,208,208,8935,0,2028,41,1987,2000,274,5,0,lowest_first,True,2,105,23,105,23,23,23,23
3,220454,3,4,145,"[17, 18, 32, 122]","[0, 1, 2, 3, 4, 5, 6, 7, 8, 9, 10, 11, 12, 13, 14, 15, 16, 19, 20, 21, 22, 23, 24, 25, 26, 27, 28, 29, 30, 31, 33, 34, 35, 36, 37, 38, 39, 40, 41, 42, 43, 44, 45, 46, 47, 48, 49, 50, 51, 52, 53, 54, 55, 56, 57, 58, 59, 60, 61, 62, 63, 64, 65, 66, 67, 68, 69, 70, 71, 72, 73, 74, 75, 76, 77, 78, 79, 80, 81, 82, 83, 84, 85, 86, 87, 88, 89, 90, 91, 92, 93, 94, 95, 96, 97, 98, 99, 100, 101, 102, 103, 104, 105, 106, 107, 108, 109, 110, 111, 112, 114, 115, 116, 117, 118, 119, 120, 121, 123, 124, 125, 126, 127, 128, 129, 130, 131, 132, 133, 134, 135, 136, 137, 138, 139, 140, 141, 142, 143, 144, 145, 146, 147, 148, 149]",{},[],0,"[122, 17, 18, 32, 137, 138, 139, 140, 13, 14, 116, 118, 136, 16, 36, 135, 26, 28, 99, 105, 145, 149, 102, 144, 10, 147, 146, 12, 58, 71, 134, 109, 67, 48, 78, 61, 85, 93, 133, 42, 40, 143, 25, 7, 130, 131, 132, 129, 52, 74, 76, 97, 128, 63, 94, 127, 91, 64, 126, 50, 125, 124, 123, 141, 142, 77, 55, 119, 53, 90, 92, 117, 75, 15, 8, 27, 43, 41, 29, 112, 148, 110, 9, 111, 108, 106, 115, 107, 6, 1, 2, 0, 114, 121, 120, 101, 54, 47, 46, 39, 51, 68, 45, 49, 56, 57, 38, 83, 44, 104, 62, 60, 89, 70, 69, 59, 79, 80, 72, 86, 73, 66, 65, 23, 5, 4, 21, 22, 20, 35, 37, 34, 33, 3, 100, 96, 98, 11, 31, 30, 24, 19, 84, 87, 82, 81, 88, 103, 95]",True,34085852831,34.085852831,"[137, 138, 140, 139, 14, 13, 116, 118, 136, 16, 36, 135, 28, 26, 99, 105, 148, 115, 149, 145, 144, 147, 146, 12, 71, 58, 134, 109, 48, 78, 67, 102, 133, 42, 7, 132, 129, 130, 131, 54, 128, 127, 126, 125, 104, 141, 142, 8, 29, 98, 124, 61, 93, 85, 40, 143, 25, 74, 76, 63, 91, 89, 64, 83, 50, 123, 55, 92, 90, 77, 53, 119, 117, 75, 41, 43, 15, 27, 10, 112, 110, 108, 111, 9, 107, 114, 121, 120, 101, 106, 44, 6, 1, 2, 0, 73, 86, 66, 62, 68, 60, 94, 70, 69, 59, 79, 80, 72, 65, 52, 47, 46, 39, 51, 49, 45, 56, 57, 38, 97, 96, 100, 95, 87, 103, 88, 82, 81, 84, 24, 30, 31, 11, 23, 5, 4, 3, 21, 22, 20, 19, 35, 37, 34, 33]","[33, 34, 37, 35, 19, 20, 22, 21, 3, 4, 5, 23, 11, 31, 30, 24, 84, 81, 82, 88, 103, 87, 95, 100, 96, 97, 38, 57, 56, 45, 49, 51, 39, 46, 47, 52, 65, 72, 80, 79, 59, 69, 70, 94, 60, 68, 62, 66, 86, 73, 0, 2, 1, 6, 44, 106, 101, 120, 121, 114, 107, 9, 111, 108, 110, 112, 10, 27, 15, 43, 41, 75, 117, 119, 53, 77, 90, 92, 55, 123, 50, 83, 64, 89, 91, 63, 76, 74, 25, 143, 40, 85, 93, 61, 124, 98, 29, 8, 142, 141, 104, 125, 126, 127, 128, 54, 131, 130, 129, 132, 7, 42, 133, 102, 67, 78, 48, 109, 134, 58, 71, 12, 146, 147, 144, 145, 149, 115, 148, 105, 99, 26, 28, 135, 36, 16, 136, 118, 116, 13, 14, 139, 140, 138, 137]",False,complete,177,177,8394,0,2248,28,2220,2000,883,0,0,lowest_first,True,2,127,27,127,27,27,27,27
3,220455,4,6,143,"[17, 18, 32, 122, 137, 138]","[0, 1, 2, 3, 4, 5, 6, 7, 8, 9, 10, 11, 12, 13, 14, 15, 16, 19, 20, 21, 22, 23, 24, 25, 26, 27, 28, 29, 30, 31, 33, 34, 35, 36, 37, 38, 39, 40, 41, 42, 43, 44, 45, 46, 47, 48, 49, 50, 51, 52, 53, 54, 55, 56, 57, 58, 59, 60, 61, 62, 63, 64, 65, 66, 67, 68, 69, 70, 71, 72, 73, 74, 75, 76, 77, 78, 79, 80, 81, 82, 83, 84, 85, 86, 87, 88, 89, 90, 91, 92, 93, 94, 95, 96, 97, 98, 99, 100, 101, 102, 103, 104, 105, 106, 107, 108, 109, 110, 111, 112, 114, 115, 116, 117, 118, 119, 120, 121, 123, 124, 125, 126, 127, 128, 129, 130, 131, 132, 133, 134, 135, 136, 139, 140, 141, 142, 143, 144, 145, 146, 147, 148, 149]",{},[],0,"[122, 17, 18, 32, 137, 138, 139, 140, 13, 14, 116, 118, 136, 16, 36, 135, 26, 28, 99, 105, 145, 149, 102, 144, 10, 147, 146, 12, 58, 71, 134, 109, 67, 48, 78, 61, 85, 93, 133, 42, 40, 143, 25, 7, 130, 131, 132, 129, 52, 74, 76, 97, 128, 63, 94, 127, 91, 64, 126, 50, 125, 124, 123, 141, 142, 77, 55, 119, 53, 90, 92, 117, 75, 15, 8, 27, 43, 41, 29, 112, 148, 110, 9, 111, 108, 106, 115, 107, 6, 1, 2, 0, 114, 121, 120, 101, 54, 47, 46, 39, 51, 68, 45, 49, 56, 57, 38, 83, 44, 104, 62, 60, 89, 70, 69, 59, 79, 80, 72, 86, 73, 66, 65, 23, 5, 4, 21, 22, 20, 35, 37, 34, 33, 3, 100, 96, 98, 11, 31, 30, 24, 19, 84, 87, 82, 81, 88, 103, 95]",True,45270462704,45.270462704,"[140, 139, 14, 13, 116, 118, 136, 16, 36, 135, 28, 26, 99, 105, 144, 10, 149, 102, 145, 146, 147, 12, 71, 58, 134, 109, 61, 48, 112, 85, 78, 133, 7, 93, 131, 132, 130, 129, 74, 76, 97, 128, 94, 50, 124, 126, 37, 143, 127, 91, 42, 21, 125, 57, 123, 148, 6, 142, 141, 119, 117, 67, 1, 2, 54, 110, 9, 64, 92, 75, 77, 90, 55, 53, 15, 27, 8, 0, 41, 43, 29, 111, 108, 106, 115, 107, 114, 121, 120, 101, 40, 35, 34, 63, 25, 5, 20, 22, 23, 4, 3, 100, 96, 98, 11, 31, 30, 52, 39, 83, 47, 46, 56, 38, 33, 51, 49, 45, 68, 44, 24, 19, 104, 62, 84, 70, 60, 59, 89, 73, 66, 69, 79, 80, 72, 65, 86, 87, 82, 81, 88, 103, 95]","[95, 103, 88, 81, 82, 87, 86, 65, 72, 80, 79, 69, 66, 73, 89, 59, 60, 70, 84, 62, 104, 19, 24, 44, 68, 45, 49, 51, 33, 38, 56, 46, 47, 83, 39, 52, 30, 31, 11, 98, 96, 100, 3, 4, 23, 22, 20, 5, 25, 63, 34, 35, 40, 101, 120, 121, 114, 107, 115, 106, 108, 111, 29, 43, 41, 0, 8, 27, 15, 53, 55, 90, 77, 75, 92, 64, 9, 110, 54, 2, 1, 67, 117, 119, 141, 142, 6, 148, 123, 57, 125, 21, 42, 91, 127, 143, 37, 126, 124, 50, 94, 128, 97, 76, 74, 129, 130, 132, 131, 93, 7, 133, 78, 85, 112, 48, 61, 109, 134, 58, 71, 12, 147, 146, 145, 102, 149, 10, 144, 105, 99, 26, 28, 135, 36, 16, 136, 118, 116, 13, 14, 139, 140]",False,complete,426,426,11147,0,4884,390,4494,2000,2122,160,0,lowest_first,True,2,126,29,126,29,29,29,29
3,220456,5,8,141,"[17, 18, 32, 122, 137, 138, 139, 140]","[0, 1, 2, 3, 4, 5, 6, 7, 8, 9, 10, 11, 12, 13, 14, 15, 16, 19, 20, 21, 22, 23, 24, 25, 26, 27, 28, 29, 30, 31, 33, 34, 35, 36, 37, 38, 39, 40, 41, 42, 43, 44, 45, 46, 47, 48, 49, 50, 51, 52, 53, 54, 55, 56, 57, 58, 59, 60, 61, 62, 63, 64, 65, 66, 67, 68, 69, 70, 71, 72, 73, 74, 75, 76, 77, 78, 79, 80, 81, 82, 83, 84, 85, 86, 87, 88, 89, 90, 91, 92, 93, 94, 95, 96, 97, 98, 99, 100, 101, 102, 103, 104, 105, 106, 107, 108, 109, 110, 111, 112, 114, 115, 116, 117, 118, 119, 120, 121, 123, 124, 125, 126, 127, 128, 129, 130, 131, 132, 133, 134, 135, 136, 141, 142, 143, 144, 145, 146, 147, 148, 149]",{},[],0,"[122, 17, 18, 32, 137, 138, 139, 140, 13, 14, 116, 118, 136, 16, 36, 135, 26, 28, 99, 105, 145, 149, 102, 144, 10, 147, 146, 12, 58, 71, 134, 109, 67, 48, 78, 61, 85, 93, 133, 42, 40, 143, 25, 7, 130, 131, 132, 129, 52, 74, 76, 97, 128, 63, 94, 127, 91, 64, 126, 50, 125, 124, 123, 141, 142, 77, 55, 119, 53, 90, 92, 117, 75, 15, 8, 27, 43, 41, 29, 112, 148, 110, 9, 111, 108, 106, 115, 107, 6, 1, 2, 0, 114, 121, 120, 101, 54, 47, 46, 39, 51, 68, 45, 49, 56, 57, 38, 83, 44, 104, 62, 60, 89, 70, 69, 59, 79, 80, 72, 86, 73, 66, 65, 23, 5, 4, 21, 22, 20, 35, 37, 34, 33, 3, 100, 96, 98, 11, 31, 30, 24, 19, 84, 87, 82, 81, 88, 103, 95]",True,21243262120,21.243262120,"[13, 14, 116, 118, 136, 112, 36, 135, 28, 26, 99, 105, 144, 10, 145, 149, 102, 147, 146, 12, 58, 71, 134, 109, 78, 48, 61, 67, 148, 93, 85, 133, 130, 129, 74, 40, 42, 7, 132, 131, 52, 143, 128, 126, 47, 125, 94, 100, 142, 141, 8, 15, 75, 76, 44, 50, 124, 123, 115, 16, 25, 110, 108, 63, 127, 91, 104, 90, 119, 55, 53, 117, 92, 77, 27, 29, 43, 41, 111, 9, 107, 114, 121, 120, 101, 106, 83, 6, 1, 2, 0, 54, 51, 46, 45, 39, 62, 49, 56, 57, 38, 70, 86, 69, 79, 80, 64, 60, 59, 68, 66, 72, 65, 103, 73, 87, 89, 88, 82, 81, 84, 97, 96, 95, 98, 24, 30, 31, 11, 23, 5, 4, 3, 21, 22, 20, 19, 35, 37, 34, 33]","[33, 34, 37, 35, 19, 20, 22, 21, 3, 4, 5, 23, 11, 31, 30, 24, 98, 95, 96, 97, 84, 81, 82, 88, 89, 87, 73, 103, 65, 72, 66, 68, 59, 60, 64, 80, 79, 69, 86, 70, 38, 57, 56, 49, 62, 39, 45, 46, 51, 54, 0, 2, 1, 6, 83, 106, 101, 120, 121, 114, 107, 9, 111, 41, 43, 29, 27, 77, 92, 117, 53, 55, 119, 90, 104, 91, 127, 63, 108, 110, 25, 16, 115, 123, 124, 50, 44, 76, 75, 15, 8, 141, 142, 100, 94, 125, 47, 126, 128, 143, 52, 131, 132, 7, 42, 40, 74, 129, 130, 133, 85, 93, 148, 67, 61, 48, 78, 109, 134, 71, 58, 12, 146, 147, 102, 149, 145, 10, 144, 105, 99, 26, 28, 135, 36, 112, 136, 118, 116, 14, 13]",False,complete,142,142,7466,0,1574,1,1573,1767,194,0,0,lowest_first,True,2,129,25,129,25,25,25,25
3,220457,6,10,139,"[13, 14, 17, 18, 32, 122, 137, 138, 139, 140]","[0, 1, 2, 3, 4, 5, 6, 7, 8, 9, 10, 11, 12, 15, 16, 19, 20, 21, 22, 23, 24, 25, 26, 27, 28, 29, 30, 31, 33, 34, 35, 36, 37, 38, 39, 40, 41, 42, 43, 44, 45, 46, 47, 48, 49, 50, 51, 52, 53, 54, 55, 56, 57, 58, 59, 60, 61, 62, 63, 64, 65, 66, 67, 68, 69, 70, 71, 72, 73, 74, 75, 76, 77, 78, 79, 80, 81, 82, 83, 84, 85, 86, 87, 88, 89, 90, 91, 92, 93, 94, 95, 96, 97, 98, 99, 100, 101, 102, 103, 104, 105, 106, 107, 108, 109, 110, 111, 112, 114, 115, 116, 117, 118, 119, 120, 121, 123, 124, 125, 126, 127, 128, 129, 130, 131, 132, 133, 134, 135, 136, 141, 142, 143, 144, 145, 146, 147, 148, 149]",{},[],0,"[122, 17, 18, 32, 137, 138, 139, 140, 13, 14, 116, 118, 136, 16, 36, 135, 26, 28, 99, 105, 145, 149, 102, 144, 10, 147, 146, 12, 58, 71, 134, 109, 67, 48, 78, 61, 85, 93, 133, 42, 40, 143, 25, 7, 130, 131, 132, 129, 52, 74, 76, 97, 128, 63, 94, 127, 91, 64, 126, 50, 125, 124, 123, 141, 142, 77, 55, 119, 53, 90, 92, 117, 75, 15, 8, 27, 43, 41, 29, 112, 148, 110, 9, 111, 108, 106, 115, 107, 6, 1, 2, 0, 114, 121, 120, 101, 54, 47, 46, 39, 51, 68, 45, 49, 56, 57, 38, 83, 44, 104, 62, 60, 89, 70, 69, 59, 79, 80, 72, 86, 73, 66, 65, 23, 5, 4, 21, 22, 20, 35, 37, 34, 33, 3, 100, 96, 98, 11, 31, 30, 24, 19, 84, 87, 82, 81, 88, 103, 95]",True,25769135988,25.769135988,"[118, 116, 136, 112, 36, 135, 26, 28, 99, 105, 148, 115, 145, 144, 149, 147, 146, 12, 71, 58, 134, 109, 67, 61, 48, 78, 10, 133, 130, 93, 85, 129, 76, 128, 31, 94, 74, 127, 89, 126, 35, 7, 83, 141, 77, 124, 123, 125, 27, 21, 23, 29, 142, 75, 119, 117, 15, 102, 16, 110, 108, 92, 8, 53, 111, 9, 107, 114, 40, 131, 132, 52, 64, 50, 55, 90, 41, 43, 121, 106, 120, 101, 6, 1, 2, 0, 42, 5, 4, 143, 22, 63, 3, 98, 30, 11, 100, 97, 96, 25, 20, 44, 24, 19, 103, 37, 84, 70, 34, 39, 54, 47, 46, 51, 68, 60, 62, 49, 45, 56, 57, 38, 33, 95, 87, 104, 81, 82, 88, 91, 73, 69, 59, 79, 80, 72, 86, 66, 65]","[65, 66, 86, 72, 80, 79, 59, 69, 73, 91, 88, 82, 81, 104, 87, 95, 33, 38, 57, 56, 45, 49, 62, 60, 68, 51, 46, 47, 54, 39, 34, 70, 84, 37, 103, 19, 24, 44, 20, 25, 96, 97, 100, 11, 30, 98, 3, 63, 22, 143, 4, 5, 42, 0, 2, 1, 6, 101, 120, 106, 121, 43, 41, 90, 55, 50, 64, 52, 132, 131, 40, 114, 107, 9, 111, 53, 8, 92, 108, 110, 16, 102, 15, 117, 119, 75, 142, 29, 23, 21, 27, 125, 123, 124, 77, 141, 83, 7, 35, 126, 89, 127, 74, 94, 31, 128, 76, 129, 85, 93, 130, 133, 10, 78, 48, 61, 67, 109, 134, 58, 71, 12, 146, 147, 149, 144, 145, 115, 148, 105, 99, 28, 26, 135, 36, 112, 136, 116, 118]",False,complete,145,145,7672,0,1882,6,1876,2000,285,0,0,lowest_first,True,2,116,28,116,28,28,28,28
