repetition,seed,run_index,removed_prefix_count,included_rod_count,excluded_rods,included_rods,initial_supports,initial_supported_rods,initial_support_count,default_order,success,elapsed_ns,elapsed_s,removal_sequence,assembly_sequence,matches_default_suffix,search_stop_reason,search_expansions,search_attempted_transitions,search_enqueued_candidates,search_backtracks,rigidity_check_calls,rigidity_cache_hits,rigidity_cache_misses,rigidity_cached_entries,rigidity_incremental_support_updates,rigidity_incremental_support_cache_hits,rigidity_incremental_support_fallbacks,support_target_order,require_connected_supports,peak_supports,support_steps,support_moves,supported_rod_steps,support_assignment_episodes,supported_rod_episodes,support_additions,support_releases
1,200452,1,0,149,[],"[0, 1, 2, 3, 4, 5, 6, 7, 8, 9, 10, 11, 12, 13, 14, 15, 16, 17, 18, 19, 20, 21, 22, 23, 24, 25, 26, 27, 28, 29, 30, 31, 32, 33, 34, 35, 36, 37, 38, 39, 40, 41, 42, 43, 44, 45, 46, 47, 48, 49, 50, 51, 52, 53, 54, 55, 56, 57, 58, 59, 60, 61, 62, 63, 64, 65, 66, 67, 68, 69, 70, 71, 72, 73, 74, 75, 76, 77, 78, 79, 80, 81, 82, 83, 84, 85, 86, 87, 88, 89, 90, 91, 92, 93, 94, 95, 96, 97, 98, 99, 100, 101, 102, 103, 104, 105, 106, 107, 108, 109, 110, 111, 112, 114, 115, 116, 117, 118, 119, 120, 121, 122, 123, 124, 125, 126, 127, 128, 129, 130, 131, 132, 133, 134, 135, 136, 137, 138, 139, 140, 141, 142, 143, 144, 145, 146, 147, 148, 149]",{},[],0,"[17, 122, 18, 32, 137, 138, 139, 140, 13, 14, 116, 118, 136, 112, 36, 135, 26, 28, 99, 105, 148, 115, 144, 149, 145, 147, 146, 12, 58, 71, 134, 109, 67, 61, 78, 10, 48, 133, 130, 93, 85, 129, 74, 42, 40, 7, 131, 132, 54, 143, 128, 31, 127, 47, 35, 126, 125, 141, 27, 104, 124, 53, 86, 123, 117, 43, 142, 15, 8, 29, 41, 102, 16, 25, 121, 110, 108, 94, 111, 9, 120, 114, 101, 76, 63, 64, 75, 119, 107, 55, 90, 77, 92, 106, 50, 6, 1, 2, 0, 30, 97, 11, 89, 98, 96, 83, 100, 44, 24, 84, 87, 82, 81, 103, 95, 88, 70, 91, 69, 79, 80, 72, 68, 60, 59, 73, 66, 65, 62, 57, 52, 51, 46, 49, 45, 56, 38, 23, 39, 34, 33, 21, 37, 20, 19, 5, 22, 4, 3]",True,24238085410,24.238085410,"[17, 122, 18, 32, 137, 138, 139, 140, 13, 14, 116, 118, 136, 112, 36, 135, 26, 28, 99, 105, 148, 115, 144, 149, 145, 147, 146, 12, 58, 71, 134, 109, 67, 61, 78, 10, 48, 133, 130, 93, 85, 129, 74, 42, 40, 7, 131, 132, 54, 143, 128, 31, 127, 47, 35, 126, 125, 141, 27, 104, 124, 53, 86, 123, 117, 43, 142, 15, 8, 29, 41, 102, 16, 25, 121, 110, 108, 94, 111, 9, 120, 114, 101, 76, 63, 64, 75, 119, 107, 55, 90, 77, 92, 106, 50, 6, 1, 2, 0, 30, 97, 11, 89, 98, 96, 83, 100, 44, 24, 84, 87, 82, 81, 103, 95, 88, 70, 91, 69, 79, 80, 72, 68, 60, 59, 73, 66, 65, 62, 57, 52, 51, 46, 49, 45, 56, 38, 23, 39, 34, 33, 21, 37, 20, 19, 5, 22, 4, 3]","[3, 4, 22, 5, 19, 20, 37, 21, 33, 34, 39, 23, 38, 56, 45, 49, 46, 51, 52, 57, 62, 65, 66, 73, 59, 60, 68, 72, 80, 79, 69, 91, 70, 88, 95, 103, 81, 82, 87, 84, 24, 44, 100, 83, 96, 98, 89, 11, 97, 30, 0, 2, 1, 6, 50, 106, 92, 77, 90, 55, 107, 119, 75, 64, 63, 76, 101, 114, 120, 9, 111, 94, 108, 110, 121, 25, 16, 102, 41, 29, 8, 15, 142, 43, 117, 123, 86, 53, 124, 104, 27, 141, 125, 126, 35, 47, 127, 31, 128, 143, 54, 132, 131, 7, 40, 42, 74, 129, 85, 93, 130, 133, 48, 10, 78, 61, 67, 109, 134, 71, 58, 12, 146, 147, 145, 149, 144, 115, 148, 105, 99, 28, 26, 135, 36, 112, 136, 118, 116, 14, 13, 140, 139, 138, 137, 32, 18, 122, 17]",True,complete,149,149,8561,0,1649,0,1649,1817,168,0,0,lowest_first,True,2,115,23,115,23,23,23,23
1,200453,2,2,147,"[17, 122]","[0, 1, 2, 3, 4, 5, 6, 7, 8, 9, 10, 11, 12, 13, 14, 15, 16, 18, 19, 20, 21, 22, 23, 24, 25, 26, 27, 28, 29, 30, 31, 32, 33, 34, 35, 36, 37, 38, 39, 40, 41, 42, 43, 44, 45, 46, 47, 48, 49, 50, 51, 52, 53, 54, 55, 56, 57, 58, 59, 60, 61, 62, 63, 64, 65, 66, 67, 68, 69, 70, 71, 72, 73, 74, 75, 76, 77, 78, 79, 80, 81, 82, 83, 84, 85, 86, 87, 88, 89, 90, 91, 92, 93, 94, 95, 96, 97, 98, 99, 100, 101, 102, 103, 104, 105, 106, 107, 108, 109, 110, 111, 112, 114, 115, 116, 117, 118, 119, 120, 121, 123, 124, 125, 126, 127, 128, 129, 130, 131, 132, 133, 134, 135, 136, 137, 138, 139, 140, 141, 142, 143, 144, 145, 146, 147, 148, 149]",{},[],0,"[17, 122, 18, 32, 137, 138, 139, 140, 13, 14, 116, 118, 136, 112, 36, 135, 26, 28, 99, 105, 148, 115, 144, 149, 145, 147, 146, 12, 58, 71, 134, 109, 67, 61, 78, 10, 48, 133, 130, 93, 85, 129, 74, 42, 40, 7, 131, 132, 54, 143, 128, 31, 127, 47, 35, 126, 125, 141, 27, 104, 124, 53, 86, 123, 117, 43, 142, 15, 8, 29, 41, 102, 16, 25, 121, 110, 108, 94, 111, 9, 120, 114, 101, 76, 63, 64, 75, 119, 107, 55, 90, 77, 92, 106, 50, 6, 1, 2, 0, 30, 97, 11, 89, 98, 96, 83, 100, 44, 24, 84, 87, 82, 81, 103, 95, 88, 70, 91, 69, 79, 80, 72, 68, 60, 59, 73, 66, 65, 62, 57, 52, 51, 46, 49, 45, 56, 38, 23, 39, 34, 33, 21, 37, 20, 19, 5, 22, 4, 3]",True,25607600620,25.607600620,"[18, 32, 137, 138, 139, 140, 14, 13, 118, 116, 136, 112, 36, 135, 28, 26, 105, 99, 144, 10, 149, 102, 145, 146, 147, 12, 58, 71, 134, 109, 67, 61, 78, 148, 48, 93, 85, 133, 130, 129, 76, 128, 97, 94, 74, 127, 89, 126, 35, 7, 125, 21, 83, 141, 142, 92, 123, 15, 27, 23, 55, 124, 16, 40, 131, 132, 54, 110, 9, 64, 50, 119, 90, 53, 117, 77, 75, 43, 29, 41, 8, 111, 108, 106, 115, 107, 6, 1, 2, 0, 114, 121, 120, 101, 42, 5, 4, 143, 22, 63, 3, 100, 96, 98, 25, 20, 11, 31, 44, 30, 24, 19, 104, 37, 84, 70, 34, 39, 52, 47, 46, 51, 68, 60, 62, 49, 45, 56, 57, 38, 33, 95, 87, 103, 81, 82, 88, 91, 73, 69, 59, 79, 80, 72, 86, 66, 65]","[65, 66, 86, 72, 80, 79, 59, 69, 73, 91, 88, 82, 81, 103, 87, 95, 33, 38, 57, 56, 45, 49, 62, 60, 68, 51, 46, 47, 52, 39, 34, 70, 84, 37, 104, 19, 24, 30, 44, 31, 11, 20, 25, 98, 96, 100, 3, 63, 22, 143, 4, 5, 42, 101, 120, 121, 114, 0, 2, 1, 6, 107, 115, 106, 108, 111, 8, 41, 29, 43, 75, 77, 117, 53, 90, 119, 50, 64, 9, 110, 54, 132, 131, 40, 16, 124, 55, 23, 27, 15, 123, 92, 142, 141, 83, 21, 125, 7, 35, 126, 89, 127, 74, 94, 97, 128, 76, 129, 130, 133, 85, 93, 48, 148, 78, 61, 67, 109, 134, 71, 58, 12, 147, 146, 145, 102, 149, 10, 144, 99, 105, 26, 28, 135, 36, 112, 136, 116, 118, 13, 14, 140, 139, 138, 137, 32, 18]",False,complete,154,154,8559,0,1856,3,1853,2000,150,0,0,lowest_first,True,2,127,28,127,28,28,28,28
1,200454,3,4,145,"[17, 18, 32, 122]","[0, 1, 2, 3, 4, 5, 6, 7, 8, 9, 10, 11, 12, 13, 14, 15, 16, 19, 20, 21, 22, 23, 24, 25, 26, 27, 28, 29, 30, 31, 33, 34, 35, 36, 37, 38, 39, 40, 41, 42, 43, 44, 45, 46, 47, 48, 49, 50, 51, 52, 53, 54, 55, 56, 57, 58, 59, 60, 61, 62, 63, 64, 65, 66, 67, 68, 69, 70, 71, 72, 73, 74, 75, 76, 77, 78, 79, 80, 81, 82, 83, 84, 85, 86, 87, 88, 89, 90, 91, 92, 93, 94, 95, 96, 97, 98, 99, 100, 101, 102, 103, 104, 105, 106, 107, 108, 109, 110, 111, 112, 114, 115, 116, 117, 118, 119, 120, 121, 123, 124, 125, 126, 127, 128, 129, 130, 131, 132, 133, 134, 135, 136, 137, 138, 139, 140, 141, 142, 143, 144, 145, 146, 147, 148, 149]",{},[],0,"[17, 122, 18, 32, 137, 138, 139, 140, 13, 14, 116, 118, 136, 112, 36, 135, 26, 28, 99, 105, 148, 115, 144, 149, 145, 147, 146, 12, 58, 71, 134, 109, 67, 61, 78, 10, 48, 133, 130, 93, 85, 129, 74, 42, 40, 7, 131, 132, 54, 143, 128, 31, 127, 47, 35, 126, 125, 141, 27, 104, 124, 53, 86, 123, 117, 43, 142, 15, 8, 29, 41, 102, 16, 25, 121, 110, 108, 94, 111, 9, 120, 114, 101, 76, 63, 64, 75, 119, 107, 55, 90, 77, 92, 106, 50, 6, 1, 2, 0, 30, 97, 11, 89, 98, 96, 83, 100, 44, 24, 84, 87, 82, 81, 103, 95, 88, 70, 91, 69, 79, 80, 72, 68, 60, 59, 73, 66, 65, 62, 57, 52, 51, 46, 49, 45, 56, 38, 23, 39, 34, 33, 21, 37, 20, 19, 5, 22, 4, 3]",True,21274535515,21.274535515,"[137, 138, 139, 140, 14, 13, 118, 116, 136, 112, 36, 135, 28, 26, 99, 105, 149, 102, 144, 10, 145, 146, 147, 12, 71, 58, 134, 109, 61, 67, 78, 148, 48, 93, 85, 133, 130, 129, 74, 40, 42, 7, 132, 131, 52, 143, 128, 126, 47, 125, 94, 100, 141, 142, 15, 8, 75, 76, 44, 50, 124, 123, 115, 16, 25, 110, 108, 63, 127, 89, 103, 90, 117, 92, 119, 53, 77, 55, 41, 29, 27, 43, 111, 9, 107, 114, 121, 120, 101, 106, 83, 6, 1, 2, 0, 54, 51, 46, 45, 39, 62, 49, 56, 57, 38, 70, 86, 69, 79, 80, 64, 60, 59, 68, 66, 72, 65, 104, 73, 87, 91, 88, 82, 81, 84, 97, 96, 95, 98, 24, 30, 31, 11, 23, 5, 4, 3, 21, 22, 20, 19, 35, 37, 34, 33]","[33, 34, 37, 35, 19, 20, 22, 21, 3, 4, 5, 23, 11, 31, 30, 24, 98, 95, 96, 97, 84, 81, 82, 88, 91, 87, 73, 104, 65, 72, 66, 68, 59, 60, 64, 80, 79, 69, 86, 70, 38, 57, 56, 49, 62, 39, 45, 46, 51, 54, 0, 2, 1, 6, 83, 106, 101, 120, 121, 114, 107, 9, 111, 43, 27, 29, 41, 55, 77, 53, 119, 92, 117, 90, 103, 89, 127, 63, 108, 110, 25, 16, 115, 123, 124, 50, 44, 76, 75, 8, 15, 142, 141, 100, 94, 125, 47, 126, 128, 143, 52, 131, 132, 7, 42, 40, 74, 129, 130, 133, 85, 93, 48, 148, 78, 67, 61, 109, 134, 58, 71, 12, 147, 146, 145, 10, 144, 102, 149, 105, 99, 26, 28, 135, 36, 112, 136, 116, 118, 13, 14, 140, 139, 138, 137]",False,complete,146,146,7937,0,1575,1,1574,1768,194,0,0,lowest_first,True,2,129,25,129,25,25,25,25
1,200455,4,6,143,"[17, 18, 32, 122, 137, 138]","[0, 1, 2, 3, 4, 5, 6, 7, 8, 9, 10, 11, 12, 13, 14, 15, 16, 19, 20, 21, 22, 23, 24, 25, 26, 27, 28, 29, 30, 31, 33, 34, 35, 36, 37, 38, 39, 40, 41, 42, 43, 44, 45, 46, 47, 48, 49, 50, 51, 52, 53, 54, 55, 56, 57, 58, 59, 60, 61, 62, 63, 64, 65, 66, 67, 68, 69, 70, 71, 72, 73, 74, 75, 76, 77, 78, 79, 80, 81, 82, 83, 84, 85, 86, 87, 88, 89, 90, 91, 92, 93, 94, 95, 96, 97, 98, 99, 100, 101, 102, 103, 104, 105, 106, 107, 108, 109, 110, 111, 112, 114, 115, 116, 117, 118, 119, 120, 121, 123, 124, 125, 126, 127, 128, 129, 130, 131, 132, 133, 134, 135, 136, 139, 140, 141, 142, 143, 144, 145, 146, 147, 148, 149]",{},[],0,"[17, 122, 18, 32, 137, 138, 139, 140, 13, 14, 116, 118, 136, 112, 36, 135, 26, 28, 99, 105, 148, 115, 144, 149, 145, 147, 146, 12, 58, 71, 134, 109, 67, 61, 78, 10, 48, 133, 130, 93, 85, 129, 74, 42, 40, 7, 131, 132, 54, 143, 128, 31, 127, 47, 35, 126, 125, 141, 27, 104, 124, 53, 86, 123, 117, 43, 142, 15, 8, 29, 41, 102, 16, 25, 121, 110, 108, 94, 111, 9, 120, 114, 101, 76, 63, 64, 75, 119, 107, 55, 90, 77, 92, 106, 50, 6, 1, 2, 0, 30, 97, 11, 89, 98, 96, 83, 100, 44, 24, 84, 87, 82, 81, 103, 95, 88, 70, 91, 69, 79, 80, 72, 68, 60, 59, 73, 66, 65, 62, 57, 52, 51, 46, 49, 45, 56, 38, 23, 39, 34, 33, 21, 37, 20, 19, 5, 22, 4, 3]",True,19023556897,19.023556897,"[140, 139, 13, 14, 116, 118, 136, 16, 36, 135, 28, 26, 105, 99, 149, 102, 144, 10, 145, 146, 147, 12, 58, 71, 134, 109, 48, 78, 61, 67, 93, 85, 133, 42, 40, 143, 25, 7, 130, 131, 132, 129, 76, 54, 74, 97, 128, 63, 94, 127, 91, 64, 126, 50, 125, 124, 123, 142, 141, 92, 117, 55, 53, 77, 119, 90, 75, 43, 27, 29, 8, 15, 41, 112, 148, 110, 9, 111, 108, 106, 115, 107, 6, 1, 2, 0, 114, 121, 120, 101, 52, 47, 46, 39, 51, 68, 45, 49, 56, 57, 38, 83, 44, 104, 62, 60, 89, 70, 69, 59, 79, 80, 72, 86, 73, 66, 65, 23, 5, 4, 21, 22, 20, 35, 37, 34, 33, 3, 100, 96, 98, 11, 31, 30, 24, 19, 84, 87, 82, 81, 88, 103, 95]","[95, 103, 88, 81, 82, 87, 84, 19, 24, 30, 31, 11, 98, 96, 100, 3, 33, 34, 37, 35, 20, 22, 21, 4, 5, 23, 65, 66, 73, 86, 72, 80, 79, 59, 69, 70, 89, 60, 62, 104, 44, 83, 38, 57, 56, 49, 45, 68, 51, 39, 46, 47, 52, 101, 120, 121, 114, 0, 2, 1, 6, 107, 115, 106, 108, 111, 9, 110, 148, 112, 41, 15, 8, 29, 27, 43, 75, 90, 119, 77, 53, 55, 117, 92, 141, 142, 123, 124, 125, 50, 126, 64, 91, 127, 94, 63, 128, 97, 74, 54, 76, 129, 132, 131, 130, 7, 25, 143, 40, 42, 133, 85, 93, 67, 61, 78, 48, 109, 134, 71, 58, 12, 147, 146, 145, 10, 144, 102, 149, 99, 105, 26, 28, 135, 36, 16, 136, 118, 116, 14, 13, 139, 140]",False,complete,144,144,8204,0,1557,1,1556,1679,123,0,0,lowest_first,True,2,104,29,104,29,29,29,29
1,200456,5,8,141,"[17, 18, 32, 122, 137, 138, 139, 140]","[0, 1, 2, 3, 4, 5, 6, 7, 8, 9, 10, 11, 12, 13, 14, 15, 16, 19, 20, 21, 22, 23, 24, 25, 26, 27, 28, 29, 30, 31, 33, 34, 35, 36, 37, 38, 39, 40, 41, 42, 43, 44, 45, 46, 47, 48, 49, 50, 51, 52, 53, 54, 55, 56, 57, 58, 59, 60, 61, 62, 63, 64, 65, 66, 67, 68, 69, 70, 71, 72, 73, 74, 75, 76, 77, 78, 79, 80, 81, 82, 83, 84, 85, 86, 87, 88, 89, 90, 91, 92, 93, 94, 95, 96, 97, 98, 99, 100, 101, 102, 103, 104, 105, 106, 107, 108, 109, 110, 111, 112, 114, 115, 116, 117, 118, 119, 120, 121, 123, 124, 125, 126, 127, 128, 129, 130, 131, 132, 133, 134, 135, 136, 141, 142, 143, 144, 145, 146, 147, 148, 149]",{},[],0,"[17, 122, 18, 32, 137, 138, 139, 140, 13, 14, 116, 118, 136, 112, 36, 135, 26, 28, 99, 105, 148, 115, 144, 149, 145, 147, 146, 12, 58, 71, 134, 109, 67, 61, 78, 10, 48, 133, 130, 93, 85, 129, 74, 42, 40, 7, 131, 132, 54, 143, 128, 31, 127, 47, 35, 126, 125, 141, 27, 104, 124, 53, 86, 123, 117, 43, 142, 15, 8, 29, 41, 102, 16, 25, 121, 110, 108, 94, 111, 9, 120, 114, 101, 76, 63, 64, 75, 119, 107, 55, 90, 77, 92, 106, 50, 6, 1, 2, 0, 30, 97, 11, 89, 98, 96, 83, 100, 44, 24, 84, 87, 82, 81, 103, 95, 88, 70, 91, 69, 79, 80, 72, 68, 60, 59, 73, 66, 65, 62, 57, 52, 51, 46, 49, 45, 56, 38, 23, 39, 34, 33, 21, 37, 20, 19, 5, 22, 4, 3]",True,23591465560,23.591465560,"[13, 14, 116, 118, 136, 112, 36, 135, 26, 28, 105, 99, 148, 115, 149, 145, 144, 147, 146, 12, 71, 58, 134, 109, 67, 78, 61, 10, 48, 133, 130, 93, 85, 129, 76, 128, 31, 94, 74, 127, 91, 126, 35, 7, 83, 125, 102, 30, 124, 21, 123, 110, 142, 141, 77, 75, 92, 29, 117, 6, 23, 15, 1, 2, 119, 108, 40, 143, 131, 132, 52, 64, 50, 103, 53, 55, 90, 8, 43, 41, 27, 111, 0, 9, 97, 16, 11, 100, 98, 96, 107, 114, 121, 120, 101, 106, 63, 95, 87, 104, 88, 70, 89, 69, 79, 80, 72, 86, 82, 81, 73, 66, 65, 47, 68, 60, 59, 44, 62, 84, 57, 56, 46, 49, 45, 51, 38, 54, 33, 34, 39, 24, 42, 25, 37, 20, 19, 5, 22, 4, 3]","[3, 4, 22, 5, 19, 20, 37, 25, 42, 24, 39, 34, 33, 54, 38, 51, 45, 49, 46, 56, 57, 84, 62, 44, 59, 60, 68, 47, 65, 66, 73, 81, 82, 86, 72, 80, 79, 69, 89, 70, 88, 104, 87, 95, 63, 106, 101, 120, 121, 114, 107, 96, 98, 100, 11, 16, 97, 9, 0, 111, 27, 41, 43, 8, 90, 55, 53, 103, 50, 64, 52, 132, 131, 143, 40, 108, 119, 2, 1, 15, 23, 6, 117, 29, 92, 75, 77, 141, 142, 110, 123, 21, 124, 30, 102, 125, 83, 7, 35, 126, 91, 127, 74, 94, 31, 128, 76, 129, 85, 93, 130, 133, 48, 10, 61, 78, 67, 109, 134, 58, 71, 12, 146, 147, 144, 145, 149, 115, 148, 99, 105, 28, 26, 135, 36, 112, 136, 118, 116, 14, 13]",False,complete,147,147,7319,0,1829,2,1827,2000,225,0,0,lowest_first,True,2,160,28,160,28,28,28,28
1,200457,6,10,139,"[13, 14, 17, 18, 32, 122, 137, 138, 139, 140]","[0, 1, 2, 3, 4, 5, 6, 7, 8, 9, 10, 11, 12, 15, 16, 19, 20, 21, 22, 23, 24, 25, 26, 27, 28, 29, 30, 31, 33, 34, 35, 36, 37, 38, 39, 40, 41, 42, 43, 44, 45, 46, 47, 48, 49, 50, 51, 52, 53, 54, 55, 56, 57, 58, 59, 60, 61, 62, 63, 64, 65, 66, 67, 68, 69, 70, 71, 72, 73, 74, 75, 76, 77, 78, 79, 80, 81, 82, 83, 84, 85, 86, 87, 88, 89, 90, 91, 92, 93, 94, 95, 96, 97, 98, 99, 100, 101, 102, 103, 104, 105, 106, 107, 108, 109, 110, 111, 112, 114, 115, 116, 117, 118, 119, 120, 121, 123, 124, 125, 126, 127, 128, 129, 130, 131, 132, 133, 134, 135, 136, 141, 142, 143, 144, 145, 146, 147, 148, 149]",{},[],0,"[17, 122, 18, 32, 137, 138, 139, 140, 13, 14, 116, 118, 136, 112, 36, 135, 26, 28, 99, 105, 148, 115, 144, 149, 145, 147, 146, 12, 58, 71, 134, 109, 67, 61, 78, 10, 48, 133, 130, 93, 85, 129, 74, 42, 40, 7, 131, 132, 54, 143, 128, 31, 127, 47, 35, 126, 125, 141, 27, 104, 124, 53, 86, 123, 117, 43, 142, 15, 8, 29, 41, 102, 16, 25, 121, 110, 108, 94, 111, 9, 120, 114, 101, 76, 63, 64, 75, 119, 107, 55, 90, 77, 92, 106, 50, 6, 1, 2, 0, 30, 97, 11, 89, 98, 96, 83, 100, 44, 24, 84, 87, 82, 81, 103, 95, 88, 70, 91, 69, 79, 80, 72, 68, 60, 59, 73, 66, 65, 62, 57, 52, 51, 46, 49, 45, 56, 38, 23, 39, 34, 33, 21, 37, 20, 19, 5, 22, 4, 3]",True,30526618622,30.526618622,"[116, 118, 136, 16, 36, 135, 28, 26, 105, 99, 144, 10, 149, 102, 145, 147, 146, 12, 71, 58, 134, 109, 61, 67, 48, 148, 133, 143, 7, 129, 130, 74, 128, 23, 31, 127, 89, 126, 125, 132, 131, 54, 44, 141, 142, 53, 47, 21, 15, 8, 29, 103, 94, 124, 123, 115, 112, 110, 6, 76, 119, 108, 1, 2, 111, 9, 0, 78, 93, 85, 42, 63, 64, 117, 92, 75, 77, 90, 55, 27, 41, 43, 107, 114, 121, 120, 101, 106, 83, 30, 97, 11, 100, 98, 96, 95, 87, 104, 88, 70, 91, 69, 79, 80, 72, 86, 82, 81, 73, 66, 65, 50, 68, 60, 59, 35, 84, 57, 62, 56, 46, 49, 45, 51, 38, 52, 33, 34, 39, 24, 40, 25, 37, 20, 19, 5, 22, 4, 3]","[3, 4, 22, 5, 19, 20, 37, 25, 40, 24, 39, 34, 33, 52, 38, 51, 45, 49, 46, 56, 62, 57, 84, 35, 59, 60, 68, 50, 65, 66, 73, 81, 82, 86, 72, 80, 79, 69, 91, 70, 88, 104, 87, 95, 96, 98, 100, 11, 97, 30, 83, 106, 101, 120, 121, 114, 107, 43, 41, 27, 55, 90, 77, 75, 92, 117, 64, 63, 42, 85, 93, 78, 0, 9, 111, 2, 1, 108, 119, 76, 6, 110, 112, 115, 123, 124, 94, 103, 29, 8, 15, 21, 47, 53, 142, 141, 44, 54, 131, 132, 125, 126, 89, 127, 31, 23, 128, 74, 130, 129, 7, 143, 133, 148, 48, 67, 61, 109, 134, 58, 71, 12, 146, 147, 145, 102, 149, 10, 144, 99, 105, 26, 28, 135, 36, 16, 136, 118, 116]",False,complete,183,183,8020,0,2585,22,2563,2000,1007,6,0,lowest_first,True,2,129,26,129,26,26,26,26
1,200458,7,12,137,"[13, 14, 17, 18, 32, 116, 118, 122, 137, 138, 139, 140]","[0, 1, 2, 3, 4, 5, 6, 7, 8, 9, 10, 11, 12, 15, 16, 19, 20, 21, 22, 23, 24, 25, 26, 27, 28, 29, 30, 31, 33, 34, 35, 36, 37, 38, 39, 40, 41, 42, 43, 44, 45, 46, 47, 48, 49, 50, 51, 52, 53, 54, 55, 56, 57, 58, 59, 60, 61, 62, 63, 64, 65, 66, 67, 68, 69, 70, 71, 72, 73, 74, 75, 76, 77, 78, 79, 80, 81, 82, 83, 84, 85, 86, 87, 88, 89, 90, 91, 92, 93, 94, 95, 96, 97, 98, 99, 100, 101, 102, 103, 104, 105, 106, 107, 108, 109, 110, 111, 112, 114, 115, 117, 119, 120, 121, 123, 124, 125, 126, 127, 128, 129, 130, 131, 132, 133, 134, 135, 136, 141, 142, 143, 144, 145, 146, 147, 148, 149]",{},[],0,"[17, 122, 18, 32, 137, 138, 139, 140, 13, 14, 116, 118, 136, 112, 36, 135, 26, 28, 99, 105, 148, 115, 144, 149, 145, 147, 146, 12, 58, 71, 134, 109, 67, 61, 78, 10, 48, 133, 130, 93, 85, 129, 74, 42, 40, 7, 131, 132, 54, 143, 128, 31, 127, 47, 35, 126, 125, 141, 27, 104, 124, 53, 86, 123, 117, 43, 142, 15, 8, 29, 41, 102, 16, 25, 121, 110, 108, 94, 111, 9, 120, 114, 101, 76, 63, 64, 75, 119, 107, 55, 90, 77, 92, 106, 50, 6, 1, 2, 0, 30, 97, 11, 89, 98, 96, 83, 100, 44, 24, 84, 87, 82, 81, 103, 95, 88, 70, 91, 69, 79, 80, 72, 68, 60, 59, 73, 66, 65, 62, 57, 52, 51, 46, 49, 45, 56, 38, 23, 39, 34, 33, 21, 37, 20, 19, 5, 22, 4, 3]",True,20434898719,20.434898719,"[136, 16, 36, 135, 26, 28, 99, 105, 145, 149, 102, 144, 10, 147, 146, 12, 71, 58, 134, 109, 48, 67, 78, 61, 85, 93, 133, 42, 40, 143, 25, 7, 129, 132, 130, 131, 52, 76, 74, 97, 128, 63, 94, 127, 91, 64, 126, 50, 125, 124, 123, 142, 141, 75, 55, 117, 119, 90, 53, 77, 92, 27, 29, 41, 15, 8, 43, 112, 148, 110, 9, 111, 108, 106, 115, 107, 6, 1, 2, 0, 114, 121, 120, 101, 54, 47, 46, 39, 51, 68, 45, 49, 56, 57, 38, 83, 44, 104, 62, 60, 89, 70, 69, 59, 79, 80, 72, 86, 73, 66, 65, 23, 5, 4, 21, 22, 20, 35, 37, 34, 33, 3, 100, 96, 98, 11, 31, 30, 24, 19, 84, 82, 87, 81, 88, 103, 95]","[95, 103, 88, 81, 87, 82, 84, 19, 24, 30, 31, 11, 98, 96, 100, 3, 33, 34, 37, 35, 20, 22, 21, 4, 5, 23, 65, 66, 73, 86, 72, 80, 79, 59, 69, 70, 89, 60, 62, 104, 44, 83, 38, 57, 56, 49, 45, 68, 51, 39, 46, 47, 54, 101, 120, 121, 114, 0, 2, 1, 6, 107, 115, 106, 108, 111, 9, 110, 148, 112, 43, 8, 15, 41, 29, 27, 92, 77, 53, 90, 119, 117, 55, 75, 141, 142, 123, 124, 125, 50, 126, 64, 91, 127, 94, 63, 128, 97, 74, 76, 52, 131, 130, 132, 129, 7, 25, 143, 40, 42, 133, 93, 85, 61, 78, 67, 48, 109, 134, 58, 71, 12, 146, 147, 10, 144, 102, 149, 145, 105, 99, 28, 26, 135, 36, 16, 136]",False,complete,142,142,7622,0,1659,1,1658,1782,124,0,0,lowest_first,True,2,104,29,104,29,29,29,29
1,200459,8,14,135,"[13, 14, 17, 18, 32, 112, 116, 118, 122, 136, 137, 138, 139, 140]","[0, 1, 2, 3, 4, 5, 6, 7, 8, 9, 10, 11, 12, 15, 16, 19, 20, 21, 22, 23, 24, 25, 26, 27, 28, 29, 30, 31, 33, 34, 35, 36, 37, 38, 39, 40, 41, 42, 43, 44, 45, 46, 47, 48, 49, 50, 51, 52, 53, 54, 55, 56, 57, 58, 59, 60, 61, 62, 63, 64, 65, 66, 67, 68, 69, 70, 71, 72, 73, 74, 75, 76, 77, 78, 79, 80, 81, 82, 83, 84, 85, 86, 87, 88, 89, 90, 91, 92, 93, 94, 95, 96, 97, 98, 99, 100, 101, 102, 103, 104, 105, 106, 107, 108, 109, 110, 111, 114, 115, 117, 119, 120, 121, 123, 124, 125, 126, 127, 128, 129, 130, 131, 132, 133, 134, 135, 141, 142, 143, 144, 145, 146, 147, 148, 149]",{},[],0,"[17, 122, 18, 32, 137, 138, 139, 140, 13, 14, 116, 118, 136, 112, 36, 135, 26, 28, 99, 105, 148, 115, 144, 149, 145, 147, 146, 12, 58, 71, 134, 109, 67, 61, 78, 10, 48, 133, 130, 93, 85, 129, 74, 42, 40, 7, 131, 132, 54, 143, 128, 31, 127, 47, 35, 126, 125, 141, 27, 104, 124, 53, 86, 123, 117, 43, 142, 15, 8, 29, 41, 102, 16, 25, 121, 110, 108, 94, 111, 9, 120, 114, 101, 76, 63, 64, 75, 119, 107, 55, 90, 77, 92, 106, 50, 6, 1, 2, 0, 30, 97, 11, 89, 98, 96, 83, 100, 44, 24, 84, 87, 82, 81, 103, 95, 88, 70, 91, 69, 79, 80, 72, 68, 60, 59, 73, 66, 65, 62, 57, 52, 51, 46, 49, 45, 56, 38, 23, 39, 34, 33, 21, 37, 20, 19, 5, 22, 4, 3]",True,24719108620,24.719108620,"[36, 135, 26, 28, 99, 105, 144, 10, 149, 102, 145, 147, 146, 12, 71, 58, 134, 109, 61, 67, 48, 78, 148, 93, 85, 133, 130, 129, 74, 42, 40, 7, 131, 132, 54, 143, 128, 126, 47, 125, 124, 123, 141, 142, 119, 104, 103, 127, 55, 86, 25, 29, 16, 76, 110, 9, 97, 64, 90, 75, 53, 117, 77, 92, 43, 41, 15, 27, 8, 111, 108, 91, 115, 63, 107, 114, 121, 120, 101, 106, 68, 6, 1, 2, 0, 89, 62, 60, 70, 83, 66, 94, 87, 73, 65, 88, 84, 82, 81, 100, 96, 95, 44, 98, 24, 30, 31, 11, 52, 51, 46, 39, 50, 49, 45, 56, 57, 38, 23, 5, 4, 3, 21, 22, 20, 19, 35, 37, 34, 33, 72, 80, 79, 69, 59]","[59, 69, 79, 80, 72, 33, 34, 37, 35, 19, 20, 22, 21, 3, 4, 5, 23, 38, 57, 56, 45, 49, 50, 39, 46, 51, 52, 11, 31, 30, 24, 98, 44, 95, 96, 100, 81, 82, 84, 88, 65, 73, 87, 94, 66, 83, 70, 60, 62, 89, 0, 2, 1, 6, 68, 106, 101, 120, 121, 114, 107, 63, 115, 91, 108, 111, 8, 27, 15, 41, 43, 92, 77, 117, 53, 75, 90, 64, 97, 9, 110, 76, 16, 29, 25, 86, 55, 127, 103, 104, 119, 142, 141, 123, 124, 125, 47, 126, 128, 143, 54, 132, 131, 7, 40, 42, 74, 129, 130, 133, 85, 93, 148, 78, 48, 67, 61, 109, 134, 58, 71, 12, 146, 147, 145, 102, 149, 10, 144, 105, 99, 28, 26, 135, 36]",False,complete,189,189,7313,0,2133,24,2109,2000,285,0,0,lowest_first,True,2,127,28,127,28,28,28,28
1,200460,9,16,133,"[13, 14, 17, 18, 32, 36, 112, 116, 118, 122, 135, 136, 137, 138, 139, 140]","[0, 1, 2, 3, 4, 5, 6, 7, 8, 9, 10, 11, 12, 15, 16, 19, 20, 21, 22, 23, 24, 25, 26, 27, 28, 29, 30, 31, 33, 34, 35, 37, 38, 39, 40, 41, 42, 43, 44, 45, 46, 47, 48, 49, 50, 51, 52, 53, 54, 55, 56, 57, 58, 59, 60, 61, 62, 63, 64, 65, 66, 67, 68, 69, 70, 71, 72, 73, 74, 75, 76, 77, 78, 79, 80, 81, 82, 83, 84, 85, 86, 87, 88, 89, 90, 91, 92, 93, 94, 95, 96, 97, 98, 99, 100, 101, 102, 103, 104, 105, 106, 107, 108, 109, 110, 111, 114, 115, 117, 119, 120, 121, 123, 124, 125, 126, 127, 128, 129, 130, 131, 132, 133, 134, 141, 142, 143, 144, 145, 146, 147, 148, 149]",{},[],0,"[17, 122, 18, 32, 137, 138, 139, 140, 13, 14, 116, 118, 136, 112, 36, 135, 26, 28, 99, 105, 148, 115, 144, 149, 145, 147, 146, 12, 58, 71, 134, 109, 67, 61, 78, 10, 48, 133, 130, 93, 85, 129, 74, 42, 40, 7, 131, 132, 54, 143, 128, 31, 127, 47, 35, 126, 125, 141, 27, 104, 124, 53, 86, 123, 117, 43, 142, 15, 8, 29, 41, 102, 16, 25, 121, 110, 108, 94, 111, 9, 120, 114, 101, 76, 63, 64, 75, 119, 107, 55, 90, 77, 92, 106, 50, 6, 1, 2, 0, 30, 97, 11, 89, 98, 96, 83, 100, 44, 24, 84, 87, 82, 81, 103, 95, 88, 70, 91, 69, 79, 80, 72, 68, 60, 59, 73, 66, 65, 62, 57, 52, 51, 46, 49, 45, 56, 38, 23, 39, 34, 33, 21, 37, 20, 19, 5, 22, 4, 3]",True,23211421081,23.211421081,"[28, 26, 105, 99, 148, 115, 144, 145, 149, 147, 146, 12, 58, 71, 134, 109, 48, 61, 67, 78, 10, 133, 129, 93, 85, 130, 76, 128, 31, 94, 74, 127, 91, 126, 35, 7, 83, 125, 102, 30, 124, 21, 123, 110, 141, 142, 77, 75, 92, 29, 117, 6, 23, 8, 1, 2, 108, 40, 143, 132, 131, 52, 64, 50, 104, 53, 119, 90, 55, 43, 41, 15, 27, 111, 0, 9, 97, 16, 11, 100, 98, 96, 107, 114, 121, 120, 101, 106, 63, 95, 87, 103, 88, 70, 89, 69, 79, 80, 72, 86, 82, 81, 73, 66, 65, 47, 68, 60, 59, 44, 62, 84, 57, 56, 46, 49, 45, 51, 38, 54, 33, 34, 39, 24, 42, 25, 37, 20, 19, 5, 22, 4, 3]","[3, 4, 22, 5, 19, 20, 37, 25, 42, 24, 39, 34, 33, 54, 38, 51, 45, 49, 46, 56, 57, 84, 62, 44, 59, 60, 68, 47, 65, 66, 73, 81, 82, 86, 72, 80, 79, 69, 89, 70, 88, 103, 87, 95, 63, 106, 101, 120, 121, 114, 107, 96, 98, 100, 11, 16, 97, 9, 0, 111, 27, 15, 41, 43, 55, 90, 119, 53, 104, 50, 64, 52, 131, 132, 143, 40, 108, 2, 1, 8, 23, 6, 117, 29, 92, 75, 77, 142, 141, 110, 123, 21, 124, 30, 102, 125, 83, 7, 35, 126, 91, 127, 74, 94, 31, 128, 76, 130, 85, 93, 129, 133, 10, 78, 67, 61, 48, 109, 134, 71, 58, 12, 146, 147, 149, 145, 144, 115, 148, 99, 105, 26, 28]",False,complete,139,139,6410,0,1809,2,1807,2000,225,0,0,lowest_first,True,2,161,28,161,28,28,28,28
1,200461,10,18,131,"[13, 14, 17, 18, 26, 28, 32, 36, 112, 116, 118, 122, 135, 136, 137, 138, 139, 140]","[0, 1, 2, 3, 4, 5, 6, 7, 8, 9, 10, 11, 12, 15, 16, 19, 20, 21, 22, 23, 24, 25, 27, 29, 30, 31, 33, 34, 35, 37, 38, 39, 40, 41, 42, 43, 44, 45, 46, 47, 48, 49, 50, 51, 52, 53, 54, 55, 56, 57, 58, 59, 60, 61, 62, 63, 64, 65, 66, 67, 68, 69, 70, 71, 72, 73, 74, 75, 76, 77, 78, 79, 80, 81, 82, 83, 84, 85, 86, 87, 88, 89, 90, 91, 92, 93, 94, 95, 96, 97, 98, 99, 100, 101, 102, 103, 104, 105, 106, 107, 108, 109, 110, 111, 114, 115, 117, 119, 120, 121, 123, 124, 125, 126, 127, 128, 129, 130, 131, 132, 133, 134, 141, 142, 143, 144, 145, 146, 147, 148, 149]",{},[],0,"[17, 122, 18, 32, 137, 138, 139, 140, 13, 14, 116, 118, 136, 112, 36, 135, 26, 28, 99, 105, 148, 115, 144, 149, 145, 147, 146, 12, 58, 71, 134, 109, 67, 61, 78, 10, 48, 133, 130, 93, 85, 129, 74, 42, 40, 7, 131, 132, 54, 143, 128, 31, 127, 47, 35, 126, 125, 141, 27, 104, 124, 53, 86, 123, 117, 43, 142, 15, 8, 29, 41, 102, 16, 25, 121, 110, 108, 94, 111, 9, 120, 114, 101, 76, 63, 64, 75, 119, 107, 55, 90, 77, 92, 106, 50, 6, 1, 2, 0, 30, 97, 11, 89, 98, 96, 83, 100, 44, 24, 84, 87, 82, 81, 103, 95, 88, 70, 91, 69, 79, 80, 72, 68, 60, 59, 73, 66, 65, 62, 57, 52, 51, 46, 49, 45, 56, 38, 23, 39, 34, 33, 21, 37, 20, 19, 5, 22, 4, 3]",True,30034790969,30.034790969,"[99, 105, 149, 102, 148, 145, 144, 146, 147, 12, 58, 71, 134, 109, 78, 48, 61, 115, 85, 93, 133, 7, 129, 132, 40, 130, 74, 76, 97, 23, 143, 131, 52, 128, 127, 83, 89, 86, 142, 75, 124, 35, 126, 47, 141, 123, 117, 125, 119, 90, 29, 53, 8, 27, 6, 2, 1, 10, 16, 67, 110, 108, 64, 21, 103, 77, 55, 92, 43, 15, 41, 111, 9, 0, 107, 114, 121, 120, 101, 106, 63, 42, 5, 25, 4, 22, 20, 37, 34, 39, 46, 54, 51, 3, 100, 96, 98, 11, 31, 30, 95, 104, 44, 24, 19, 50, 84, 82, 91, 88, 70, 87, 81, 94, 69, 79, 80, 72, 68, 60, 59, 73, 66, 65, 62, 33, 38, 57, 56, 49, 45]","[45, 49, 56, 57, 38, 33, 62, 65, 66, 73, 59, 60, 68, 72, 80, 79, 69, 94, 81, 87, 70, 88, 91, 82, 84, 50, 19, 24, 44, 104, 95, 30, 31, 11, 98, 96, 100, 3, 51, 54, 46, 39, 34, 37, 20, 22, 4, 25, 5, 42, 63, 106, 101, 120, 121, 114, 107, 0, 9, 111, 41, 15, 43, 92, 55, 77, 103, 21, 64, 108, 110, 67, 16, 10, 1, 2, 6, 27, 8, 53, 29, 90, 119, 125, 117, 123, 141, 47, 126, 35, 124, 75, 142, 86, 89, 83, 127, 128, 52, 131, 143, 23, 97, 76, 74, 130, 40, 132, 129, 7, 133, 93, 85, 115, 61, 48, 78, 109, 134, 71, 58, 12, 147, 146, 144, 145, 148, 102, 149, 105, 99]",False,complete,220,220,7506,0,2858,82,2776,2000,1690,2,0,lowest_first,True,2,132,30,132,30,30,30,30
1,200462,11,20,129,"[13, 14, 17, 18, 26, 28, 32, 36, 99, 105, 112, 116, 118, 122, 135, 136, 137, 138, 139, 140]","[0, 1, 2, 3, 4, 5, 6, 7, 8, 9, 10, 11, 12, 15, 16, 19, 20, 21, 22, 23, 24, 25, 27, 29, 30, 31, 33, 34, 35, 37, 38, 39, 40, 41, 42, 43, 44, 45, 46, 47, 48, 49, 50, 51, 52, 53, 54, 55, 56, 57, 58, 59, 60, 61, 62, 63, 64, 65, 66, 67, 68, 69, 70, 71, 72, 73, 74, 75, 76, 77, 78, 79, 80, 81, 82, 83, 84, 85, 86, 87, 88, 89, 90, 91, 92, 93, 94, 95, 96, 97, 98, 100, 101, 102, 103, 104, 106, 107, 108, 109, 110, 111, 114, 115, 117, 119, 120, 121, 123, 124, 125, 126, 127, 128, 129, 130, 131, 132, 133, 134, 141, 142, 143, 144, 145, 146, 147, 148, 149]",{},[],0,"[17, 122, 18, 32, 137, 138, 139, 140, 13, 14, 116, 118, 136, 112, 36, 135, 26, 28, 99, 105, 148, 115, 144, 149, 145, 147, 146, 12, 58, 71, 134, 109, 67, 61, 78, 10, 48, 133, 130, 93, 85, 129, 74, 42, 40, 7, 131, 132, 54, 143, 128, 31, 127, 47, 35, 126, 125, 141, 27, 104, 124, 53, 86, 123, 117, 43, 142, 15, 8, 29, 41, 102, 16, 25, 121, 110, 108, 94, 111, 9, 120, 114, 101, 76, 63, 64, 75, 119, 107, 55, 90, 77, 92, 106, 50, 6, 1, 2, 0, 30, 97, 11, 89, 98, 96, 83, 100, 44, 24, 84, 87, 82, 81, 103, 95, 88, 70, 91, 69, 79, 80, 72, 68, 60, 59, 73, 66, 65, 62, 57, 52, 51, 46, 49, 45, 56, 38, 23, 39, 34, 33, 21, 37, 20, 19, 5, 22, 4, 3]",True,32137530691,32.137530691,"[145, 148, 115, 144, 149, 147, 146, 12, 71, 58, 134, 109, 78, 61, 102, 48, 85, 93, 133, 7, 130, 129, 132, 40, 76, 74, 97, 23, 143, 131, 52, 128, 127, 83, 89, 86, 142, 55, 124, 141, 47, 8, 29, 75, 123, 90, 126, 57, 125, 10, 16, 67, 110, 108, 64, 21, 103, 53, 77, 119, 117, 92, 43, 15, 41, 27, 111, 9, 107, 114, 121, 120, 101, 106, 63, 6, 1, 2, 0, 22, 4, 5, 3, 100, 96, 98, 11, 31, 30, 54, 51, 46, 42, 35, 25, 20, 37, 34, 44, 24, 19, 39, 38, 33, 50, 56, 49, 45, 91, 62, 73, 66, 68, 84, 82, 104, 95, 88, 70, 60, 87, 81, 94, 65, 72, 80, 79, 69, 59]","[59, 69, 79, 80, 72, 65, 94, 81, 87, 60, 70, 88, 95, 104, 82, 84, 68, 66, 73, 62, 91, 45, 49, 56, 50, 33, 38, 39, 19, 24, 44, 34, 37, 20, 25, 35, 42, 46, 51, 54, 30, 31, 11, 98, 96, 100, 3, 5, 4, 22, 0, 2, 1, 6, 63, 106, 101, 120, 121, 114, 107, 9, 111, 27, 41, 15, 43, 92, 117, 119, 77, 53, 103, 21, 64, 108, 110, 67, 16, 10, 125, 57, 126, 90, 123, 75, 29, 8, 47, 141, 124, 55, 142, 86, 89, 83, 127, 128, 52, 131, 143, 23, 97, 74, 76, 40, 132, 129, 130, 7, 133, 93, 85, 48, 102, 61, 78, 109, 134, 58, 71, 12, 146, 147, 149, 144, 115, 148, 145]",False,complete,235,235,7485,0,3008,47,2961,2000,1878,4,0,lowest_first,True,2,138,25,138,25,25,25,25
1,200463,12,22,127,"[13, 14, 17, 18, 26, 28, 32, 36, 99, 105, 112, 115, 116, 118, 122, 135, 136, 137, 138, 139, 140, 148]","[0, 1, 2, 3, 4, 5, 6, 7, 8, 9, 10, 11, 12, 15, 16, 19, 20, 21, 22, 23, 24, 25, 27, 29, 30, 31, 33, 34, 35, 37, 38, 39, 40, 41, 42, 43, 44, 45, 46, 47, 48, 49, 50, 51, 52, 53, 54, 55, 56, 57, 58, 59, 60, 61, 62, 63, 64, 65, 66, 67, 68, 69, 70, 71, 72, 73, 74, 75, 76, 77, 78, 79, 80, 81, 82, 83, 84, 85, 86, 87, 88, 89, 90, 91, 92, 93, 94, 95, 96, 97, 98, 100, 101, 102, 103, 104, 106, 107, 108, 109, 110, 111, 114, 117, 119, 120, 121, 123, 124, 125, 126, 127, 128, 129, 130, 131, 132, 133, 134, 141, 142, 143, 144, 145, 146, 147, 149]",{},[],0,"[17, 122, 18, 32, 137, 138, 139, 140, 13, 14, 116, 118, 136, 112, 36, 135, 26, 28, 99, 105, 148, 115, 144, 149, 145, 147, 146, 12, 58, 71, 134, 109, 67, 61, 78, 10, 48, 133, 130, 93, 85, 129, 74, 42, 40, 7, 131, 132, 54, 143, 128, 31, 127, 47, 35, 126, 125, 141, 27, 104, 124, 53, 86, 123, 117, 43, 142, 15, 8, 29, 41, 102, 16, 25, 121, 110, 108, 94, 111, 9, 120, 114, 101, 76, 63, 64, 75, 119, 107, 55, 90, 77, 92, 106, 50, 6, 1, 2, 0, 30, 97, 11, 89, 98, 96, 83, 100, 44, 24, 84, 87, 82, 81, 103, 95, 88, 70, 91, 69, 79, 80, 72, 68, 60, 59, 73, 66, 65, 62, 57, 52, 51, 46, 49, 45, 56, 38, 23, 39, 34, 33, 21, 37, 20, 19, 5, 22, 4, 3]",True,58954682066,58.954682066,"[149, 144, 145, 147, 146, 12, 71, 58, 134, 109, 61, 78, 102, 48, 85, 93, 133, 7, 131, 40, 129, 130, 74, 76, 97, 23, 143, 132, 54, 128, 127, 83, 89, 86, 141, 55, 124, 142, 47, 15, 126, 125, 123, 67, 52, 92, 119, 121, 41, 43, 106, 101, 51, 46, 63, 64, 75, 77, 53, 117, 90, 8, 27, 29, 120, 114, 107, 10, 16, 6, 1, 2, 22, 4, 5, 3, 100, 96, 98, 11, 31, 30, 70, 69, 94, 79, 80, 62, 60, 59, 68, 66, 72, 65, 103, 73, 87, 21, 91, 104, 95, 88, 82, 81, 44, 84, 37, 24, 20, 19, 25, 50, 42, 35, 34, 39, 49, 45, 56, 57, 38, 33, 110, 108, 111, 9, 0]","[0, 9, 111, 108, 110, 33, 38, 57, 56, 45, 49, 39, 34, 35, 42, 50, 25, 19, 20, 24, 37, 84, 44, 81, 82, 88, 95, 104, 91, 21, 87, 73, 103, 65, 72, 66, 68, 59, 60, 62, 80, 79, 94, 69, 70, 30, 31, 11, 98, 96, 100, 3, 5, 4, 22, 2, 1, 6, 16, 10, 107, 114, 120, 29, 27, 8, 90, 117, 53, 77, 75, 64, 63, 46, 51, 101, 106, 43, 41, 121, 119, 92, 52, 67, 123, 125, 126, 15, 47, 142, 124, 55, 141, 86, 89, 83, 127, 128, 54, 132, 143, 23, 97, 76, 74, 130, 129, 40, 131, 7, 133, 93, 85, 48, 102, 78, 61, 109, 134, 58, 71, 12, 146, 147, 145, 144, 149]",False,complete,355,355,9693,0,5483,208,5275,2000,1596,6,0,lowest_first,True,2,136,26,136,26,26,26,26
1,200464,13,24,125,"[13, 14, 17, 18, 26, 28, 32, 36, 99, 105, 112, 115, 116, 118, 122, 135, 136, 137, 138, 139, 140, 144, 148, 149]","[0, 1, 2, 3, 4, 5, 6, 7, 8, 9, 10, 11, 12, 15, 16, 19, 20, 21, 22, 23, 24, 25, 27, 29, 30, 31, 33, 34, 35, 37, 38, 39, 40, 41, 42, 43, 44, 45, 46, 47, 48, 49, 50, 51, 52, 53, 54, 55, 56, 57, 58, 59, 60, 61, 62, 63, 64, 65, 66, 67, 68, 69, 70, 71, 72, 73, 74, 75, 76, 77, 78, 79, 80, 81, 82, 83, 84, 85, 86, 87, 88, 89, 90, 91, 92, 93, 94, 95, 96, 97, 98, 100, 101, 102, 103, 104, 106, 107, 108, 109, 110, 111, 114, 117, 119, 120, 121, 123, 124, 125, 126, 127, 128, 129, 130, 131, 132, 133, 134, 141, 142, 143, 145, 146, 147]",{},[],0,"[17, 122, 18, 32, 137, 138, 139, 140, 13, 14, 116, 118, 136, 112, 36, 135, 26, 28, 99, 105, 148, 115, 144, 149, 145, 147, 146, 12, 58, 71, 134, 109, 67, 61, 78, 10, 48, 133, 130, 93, 85, 129, 74, 42, 40, 7, 131, 132, 54, 143, 128, 31, 127, 47, 35, 126, 125, 141, 27, 104, 124, 53, 86, 123, 117, 43, 142, 15, 8, 29, 41, 102, 16, 25, 121, 110, 108, 94, 111, 9, 120, 114, 101, 76, 63, 64, 75, 119, 107, 55, 90, 77, 92, 106, 50, 6, 1, 2, 0, 30, 97, 11, 89, 98, 96, 83, 100, 44, 24, 84, 87, 82, 81, 103, 95, 88, 70, 91, 69, 79, 80, 72, 68, 60, 59, 73, 66, 65, 62, 57, 52, 51, 46, 49, 45, 56, 38, 23, 39, 34, 33, 21, 37, 20, 19, 5, 22, 4, 3]",True,23207991554,23.207991554,"[145, 146, 147, 12, 58, 71, 134, 109, 48, 78, 67, 61, 10, 133, 130, 93, 85, 129, 74, 42, 40, 7, 131, 132, 54, 143, 128, 31, 127, 47, 35, 126, 125, 142, 29, 103, 124, 123, 141, 53, 86, 8, 16, 25, 76, 110, 108, 64, 119, 117, 92, 75, 90, 55, 77, 43, 41, 27, 15, 111, 9, 107, 102, 114, 121, 91, 120, 101, 63, 106, 50, 6, 1, 2, 0, 30, 97, 11, 89, 98, 96, 83, 100, 44, 24, 84, 82, 104, 95, 88, 70, 87, 81, 94, 69, 79, 80, 72, 68, 60, 59, 73, 66, 65, 62, 57, 52, 51, 46, 49, 45, 56, 38, 23, 39, 34, 33, 21, 37, 20, 19, 5, 22, 4, 3]","[3, 4, 22, 5, 19, 20, 37, 21, 33, 34, 39, 23, 38, 56, 45, 49, 46, 51, 52, 57, 62, 65, 66, 73, 59, 60, 68, 72, 80, 79, 69, 94, 81, 87, 70, 88, 95, 104, 82, 84, 24, 44, 100, 83, 96, 98, 89, 11, 97, 30, 0, 2, 1, 6, 50, 106, 63, 101, 120, 91, 121, 114, 102, 107, 9, 111, 15, 27, 41, 43, 77, 55, 90, 75, 92, 117, 119, 64, 108, 110, 76, 25, 16, 8, 86, 53, 141, 123, 124, 103, 29, 142, 125, 126, 35, 47, 127, 31, 128, 143, 54, 132, 131, 7, 40, 42, 74, 129, 85, 93, 130, 133, 10, 61, 67, 78, 48, 109, 134, 71, 58, 12, 147, 146, 145]",False,complete,125,125,5924,0,1627,0,1627,1775,148,0,0,lowest_first,True,2,111,24,111,24,24,24,24
1,200465,14,26,123,"[13, 14, 17, 18, 26, 28, 32, 36, 99, 105, 112, 115, 116, 118, 122, 135, 136, 137, 138, 139, 140, 144, 145, 147, 148, 149]","[0, 1, 2, 3, 4, 5, 6, 7, 8, 9, 10, 11, 12, 15, 16, 19, 20, 21, 22, 23, 24, 25, 27, 29, 30, 31, 33, 34, 35, 37, 38, 39, 40, 41, 42, 43, 44, 45, 46, 47, 48, 49, 50, 51, 52, 53, 54, 55, 56, 57, 58, 59, 60, 61, 62, 63, 64, 65, 66, 67, 68, 69, 70, 71, 72, 73, 74, 75, 76, 77, 78, 79, 80, 81, 82, 83, 84, 85, 86, 87, 88, 89, 90, 91, 92, 93, 94, 95, 96, 97, 98, 100, 101, 102, 103, 104, 106, 107, 108, 109, 110, 111, 114, 117, 119, 120, 121, 123, 124, 125, 126, 127, 128, 129, 130, 131, 132, 133, 134, 141, 142, 143, 146]",{},[],0,"[17, 122, 18, 32, 137, 138, 139, 140, 13, 14, 116, 118, 136, 112, 36, 135, 26, 28, 99, 105, 148, 115, 144, 149, 145, 147, 146, 12, 58, 71, 134, 109, 67, 61, 78, 10, 48, 133, 130, 93, 85, 129, 74, 42, 40, 7, 131, 132, 54, 143, 128, 31, 127, 47, 35, 126, 125, 141, 27, 104, 124, 53, 86, 123, 117, 43, 142, 15, 8, 29, 41, 102, 16, 25, 121, 110, 108, 94, 111, 9, 120, 114, 101, 76, 63, 64, 75, 119, 107, 55, 90, 77, 92, 106, 50, 6, 1, 2, 0, 30, 97, 11, 89, 98, 96, 83, 100, 44, 24, 84, 87, 82, 81, 103, 95, 88, 70, 91, 69, 79, 80, 72, 68, 60, 59, 73, 66, 65, 62, 57, 52, 51, 46, 49, 45, 56, 38, 23, 39, 34, 33, 21, 37, 20, 19, 5, 22, 4, 3]",True,22000064695,22.000064695,"[146, 12, 71, 58, 134, 109, 78, 67, 61, 10, 48, 133, 130, 93, 85, 129, 76, 128, 31, 94, 74, 127, 89, 126, 35, 7, 83, 141, 90, 125, 142, 102, 30, 110, 21, 42, 131, 132, 52, 124, 123, 108, 40, 143, 64, 50, 104, 75, 117, 53, 92, 77, 119, 55, 43, 41, 15, 8, 27, 29, 111, 9, 97, 16, 11, 100, 98, 96, 107, 114, 121, 120, 101, 106, 63, 95, 87, 103, 88, 70, 91, 69, 79, 80, 72, 86, 82, 81, 73, 66, 65, 47, 68, 60, 59, 44, 62, 84, 24, 23, 25, 57, 56, 49, 46, 45, 51, 38, 54, 39, 34, 33, 37, 20, 19, 5, 22, 3, 4, 2, 6, 1, 0]","[0, 1, 6, 2, 4, 3, 22, 5, 19, 20, 37, 33, 34, 39, 54, 38, 51, 45, 46, 49, 56, 57, 25, 23, 24, 84, 62, 44, 59, 60, 68, 47, 65, 66, 73, 81, 82, 86, 72, 80, 79, 69, 91, 70, 88, 103, 87, 95, 63, 106, 101, 120, 121, 114, 107, 96, 98, 100, 11, 16, 97, 9, 111, 29, 27, 8, 15, 41, 43, 55, 119, 77, 92, 53, 117, 75, 104, 50, 64, 143, 40, 108, 123, 124, 52, 132, 131, 42, 21, 110, 30, 102, 142, 125, 90, 141, 83, 7, 35, 126, 89, 127, 74, 94, 31, 128, 76, 129, 85, 93, 130, 133, 48, 10, 61, 67, 78, 109, 134, 58, 71, 12, 146]",False,complete,124,124,5389,0,1753,1,1752,1987,235,0,0,lowest_first,True,2,153,29,153,29,29,29,29
1,200466,15,28,121,"[12, 13, 14, 17, 18, 26, 28, 32, 36, 99, 105, 112, 115, 116, 118, 122, 135, 136, 137, 138, 139, 140, 144, 145, 146, 147, 148, 149]","[0, 1, 2, 3, 4, 5, 6, 7, 8, 9, 10, 11, 15, 16, 19, 20, 21, 22, 23, 24, 25, 27, 29, 30, 31, 33, 34, 35, 37, 38, 39, 40, 41, 42, 43, 44, 45, 46, 47, 48, 49, 50, 51, 52, 53, 54, 55, 56, 57, 58, 59, 60, 61, 62, 63, 64, 65, 66, 67, 68, 69, 70, 71, 72, 73, 74, 75, 76, 77, 78, 79, 80, 81, 82, 83, 84, 85, 86, 87, 88, 89, 90, 91, 92, 93, 94, 95, 96, 97, 98, 100, 101, 102, 103, 104, 106, 107, 108, 109, 110, 111, 114, 117, 119, 120, 121, 123, 124, 125, 126, 127, 128, 129, 130, 131, 132, 133, 134, 141, 142, 143]",{},[],0,"[17, 122, 18, 32, 137, 138, 139, 140, 13, 14, 116, 118, 136, 112, 36, 135, 26, 28, 99, 105, 148, 115, 144, 149, 145, 147, 146, 12, 58, 71, 134, 109, 67, 61, 78, 10, 48, 133, 130, 93, 85, 129, 74, 42, 40, 7, 131, 132, 54, 143, 128, 31, 127, 47, 35, 126, 125, 141, 27, 104, 124, 53, 86, 123, 117, 43, 142, 15, 8, 29, 41, 102, 16, 25, 121, 110, 108, 94, 111, 9, 120, 114, 101, 76, 63, 64, 75, 119, 107, 55, 90, 77, 92, 106, 50, 6, 1, 2, 0, 30, 97, 11, 89, 98, 96, 83, 100, 44, 24, 84, 87, 82, 81, 103, 95, 88, 70, 91, 69, 79, 80, 72, 68, 60, 59, 73, 66, 65, 62, 57, 52, 51, 46, 49, 45, 56, 38, 23, 39, 34, 33, 21, 37, 20, 19, 5, 22, 4, 3]",True,56290149939,56.290149939,"[58, 71, 134, 109, 48, 78, 61, 102, 85, 93, 133, 7, 131, 40, 129, 130, 76, 74, 97, 23, 143, 132, 52, 128, 127, 83, 89, 86, 142, 55, 124, 141, 47, 15, 123, 67, 54, 126, 125, 117, 92, 121, 43, 41, 106, 101, 51, 46, 63, 64, 75, 119, 53, 77, 90, 29, 8, 27, 120, 114, 107, 10, 16, 6, 1, 2, 22, 4, 5, 3, 100, 96, 98, 11, 31, 30, 70, 69, 94, 79, 80, 62, 60, 59, 68, 66, 72, 65, 104, 73, 87, 21, 91, 103, 95, 88, 82, 81, 44, 84, 37, 24, 20, 19, 25, 50, 42, 35, 34, 39, 49, 45, 56, 57, 38, 33, 110, 108, 111, 9, 0]","[0, 9, 111, 108, 110, 33, 38, 57, 56, 45, 49, 39, 34, 35, 42, 50, 25, 19, 20, 24, 37, 84, 44, 81, 82, 88, 95, 103, 91, 21, 87, 73, 104, 65, 72, 66, 68, 59, 60, 62, 80, 79, 94, 69, 70, 30, 31, 11, 98, 96, 100, 3, 5, 4, 22, 2, 1, 6, 16, 10, 107, 114, 120, 27, 8, 29, 90, 77, 53, 119, 75, 64, 63, 46, 51, 101, 106, 41, 43, 121, 92, 117, 125, 126, 54, 67, 123, 15, 47, 141, 124, 55, 142, 86, 89, 83, 127, 128, 52, 132, 143, 23, 97, 74, 76, 130, 129, 40, 131, 7, 133, 93, 85, 102, 61, 78, 48, 109, 134, 71, 58]",False,complete,341,341,8984,0,5369,204,5165,2000,1600,6,0,lowest_first,True,2,138,26,138,26,26,26,26
1,200467,16,30,119,"[12, 13, 14, 17, 18, 26, 28, 32, 36, 58, 71, 99, 105, 112, 115, 116, 118, 122, 135, 136, 137, 138, 139, 140, 144, 145, 146, 147, 148, 149]","[0, 1, 2, 3, 4, 5, 6, 7, 8, 9, 10, 11, 15, 16, 19, 20, 21, 22, 23, 24, 25, 27, 29, 30, 31, 33, 34, 35, 37, 38, 39, 40, 41, 42, 43, 44, 45, 46, 47, 48, 49, 50, 51, 52, 53, 54, 55, 56, 57, 59, 60, 61, 62, 63, 64, 65, 66, 67, 68, 69, 70, 72, 73, 74, 75, 76, 77, 78, 79, 80, 81, 82, 83, 84, 85, 86, 87, 88, 89, 90, 91, 92, 93, 94, 95, 96, 97, 98, 100, 101, 102, 103, 104, 106, 107, 108, 109, 110, 111, 114, 117, 119, 120, 121, 123, 124, 125, 126, 127, 128, 129, 130, 131, 132, 133, 134, 141, 142, 143]",{},[],0,"[17, 122, 18, 32, 137, 138, 139, 140, 13, 14, 116, 118, 136, 112, 36, 135, 26, 28, 99, 105, 148, 115, 144, 149, 145, 147, 146, 12, 58, 71, 134, 109, 67, 61, 78, 10, 48, 133, 130, 93, 85, 129, 74, 42, 40, 7, 131, 132, 54, 143, 128, 31, 127, 47, 35, 126, 125, 141, 27, 104, 124, 53, 86, 123, 117, 43, 142, 15, 8, 29, 41, 102, 16, 25, 121, 110, 108, 94, 111, 9, 120, 114, 101, 76, 63, 64, 75, 119, 107, 55, 90, 77, 92, 106, 50, 6, 1, 2, 0, 30, 97, 11, 89, 98, 96, 83, 100, 44, 24, 84, 87, 82, 81, 103, 95, 88, 70, 91, 69, 79, 80, 72, 68, 60, 59, 73, 66, 65, 62, 57, 52, 51, 46, 49, 45, 56, 38, 23, 39, 34, 33, 21, 37, 20, 19, 5, 22, 4, 3]",True,22637015627,22.637015627,"[134, 109, 67, 78, 61, 10, 48, 133, 130, 93, 85, 129, 74, 42, 40, 7, 132, 131, 52, 143, 128, 127, 31, 47, 35, 126, 125, 142, 29, 103, 124, 123, 141, 55, 27, 8, 15, 92, 77, 119, 76, 102, 16, 110, 86, 90, 75, 25, 108, 63, 89, 64, 53, 117, 41, 43, 111, 9, 107, 114, 121, 120, 101, 106, 50, 6, 1, 2, 0, 30, 97, 11, 91, 98, 96, 83, 100, 44, 24, 84, 82, 104, 95, 88, 70, 87, 81, 94, 69, 79, 80, 72, 68, 60, 59, 73, 66, 65, 62, 57, 54, 51, 46, 49, 45, 56, 38, 23, 39, 34, 33, 21, 37, 20, 19, 5, 22, 4, 3]","[3, 4, 22, 5, 19, 20, 37, 21, 33, 34, 39, 23, 38, 56, 45, 49, 46, 51, 54, 57, 62, 65, 66, 73, 59, 60, 68, 72, 80, 79, 69, 94, 81, 87, 70, 88, 95, 104, 82, 84, 24, 44, 100, 83, 96, 98, 91, 11, 97, 30, 0, 2, 1, 6, 50, 106, 101, 120, 121, 114, 107, 9, 111, 43, 41, 117, 53, 64, 89, 63, 108, 25, 75, 90, 86, 110, 16, 102, 76, 119, 77, 92, 15, 8, 27, 55, 141, 123, 124, 103, 29, 142, 125, 126, 35, 47, 31, 127, 128, 143, 52, 131, 132, 7, 40, 42, 74, 129, 85, 93, 130, 133, 48, 10, 61, 78, 67, 109, 134]",False,complete,119,119,5223,0,1636,0,1636,1798,162,0,0,lowest_first,True,2,120,24,120,24,24,24,24
1,200468,17,32,117,"[12, 13, 14, 17, 18, 26, 28, 32, 36, 58, 71, 99, 105, 109, 112, 115, 116, 118, 122, 134, 135, 136, 137, 138, 139, 140, 144, 145, 146, 147, 148, 149]","[0, 1, 2, 3, 4, 5, 6, 7, 8, 9, 10, 11, 15, 16, 19, 20, 21, 22, 23, 24, 25, 27, 29, 30, 31, 33, 34, 35, 37, 38, 39, 40, 41, 42, 43, 44, 45, 46, 47, 48, 49, 50, 51, 52, 53, 54, 55, 56, 57, 59, 60, 61, 62, 63, 64, 65, 66, 67, 68, 69, 70, 72, 73, 74, 75, 76, 77, 78, 79, 80, 81, 82, 83, 84, 85, 86, 87, 88, 89, 90, 91, 92, 93, 94, 95, 96, 97, 98, 100, 101, 102, 103, 104, 106, 107, 108, 110, 111, 114, 117, 119, 120, 121, 123, 124, 125, 126, 127, 128, 129, 130, 131, 132, 133, 141, 142, 143]",{},[],0,"[17, 122, 18, 32, 137, 138, 139, 140, 13, 14, 116, 118, 136, 112, 36, 135, 26, 28, 99, 105, 148, 115, 144, 149, 145, 147, 146, 12, 58, 71, 134, 109, 67, 61, 78, 10, 48, 133, 130, 93, 85, 129, 74, 42, 40, 7, 131, 132, 54, 143, 128, 31, 127, 47, 35, 126, 125, 141, 27, 104, 124, 53, 86, 123, 117, 43, 142, 15, 8, 29, 41, 102, 16, 25, 121, 110, 108, 94, 111, 9, 120, 114, 101, 76, 63, 64, 75, 119, 107, 55, 90, 77, 92, 106, 50, 6, 1, 2, 0, 30, 97, 11, 89, 98, 96, 83, 100, 44, 24, 84, 87, 82, 81, 103, 95, 88, 70, 91, 69, 79, 80, 72, 68, 60, 59, 73, 66, 65, 62, 57, 52, 51, 46, 49, 45, 56, 38, 23, 39, 34, 33, 21, 37, 20, 19, 5, 22, 4, 3]",True,21864256549,21.864256549,"[48, 67, 78, 61, 10, 133, 129, 93, 85, 130, 76, 128, 31, 94, 74, 127, 89, 126, 35, 7, 83, 142, 90, 125, 141, 102, 30, 110, 21, 42, 132, 131, 52, 124, 123, 108, 40, 143, 64, 50, 104, 75, 92, 53, 119, 77, 117, 55, 29, 15, 41, 8, 27, 43, 111, 9, 97, 16, 11, 100, 98, 96, 107, 114, 121, 120, 101, 106, 63, 95, 87, 103, 88, 70, 91, 69, 79, 80, 72, 86, 82, 81, 73, 66, 65, 47, 68, 60, 59, 44, 84, 62, 24, 23, 25, 57, 56, 49, 46, 45, 51, 38, 54, 39, 34, 33, 37, 20, 19, 5, 22, 3, 4, 2, 6, 1, 0]","[0, 1, 6, 2, 4, 3, 22, 5, 19, 20, 37, 33, 34, 39, 54, 38, 51, 45, 46, 49, 56, 57, 25, 23, 24, 62, 84, 44, 59, 60, 68, 47, 65, 66, 73, 81, 82, 86, 72, 80, 79, 69, 91, 70, 88, 103, 87, 95, 63, 106, 101, 120, 121, 114, 107, 96, 98, 100, 11, 16, 97, 9, 111, 43, 27, 8, 41, 15, 29, 55, 117, 77, 119, 53, 92, 75, 104, 50, 64, 143, 40, 108, 123, 124, 52, 131, 132, 42, 21, 110, 30, 102, 141, 125, 90, 142, 83, 7, 35, 126, 89, 127, 74, 94, 31, 128, 76, 130, 85, 93, 129, 133, 10, 61, 78, 67, 48]",False,complete,118,118,4796,0,1729,1,1728,1963,235,0,0,lowest_first,True,2,153,29,153,29,29,29,29
1,200469,18,34,115,"[12, 13, 14, 17, 18, 26, 28, 32, 36, 58, 61, 67, 71, 99, 105, 109, 112, 115, 116, 118, 122, 134, 135, 136, 137, 138, 139, 140, 144, 145, 146, 147, 148, 149]","[0, 1, 2, 3, 4, 5, 6, 7, 8, 9, 10, 11, 15, 16, 19, 20, 21, 22, 23, 24, 25, 27, 29, 30, 31, 33, 34, 35, 37, 38, 39, 40, 41, 42, 43, 44, 45, 46, 47, 48, 49, 50, 51, 52, 53, 54, 55, 56, 57, 59, 60, 62, 63, 64, 65, 66, 68, 69, 70, 72, 73, 74, 75, 76, 77, 78, 79, 80, 81, 82, 83, 84, 85, 86, 87, 88, 89, 90, 91, 92, 93, 94, 95, 96, 97, 98, 100, 101, 102, 103, 104, 106, 107, 108, 110, 111, 114, 117, 119, 120, 121, 123, 124, 125, 126, 127, 128, 129, 130, 131, 132, 133, 141, 142, 143]",{},[],0,"[17, 122, 18, 32, 137, 138, 139, 140, 13, 14, 116, 118, 136, 112, 36, 135, 26, 28, 99, 105, 148, 115, 144, 149, 145, 147, 146, 12, 58, 71, 134, 109, 67, 61, 78, 10, 48, 133, 130, 93, 85, 129, 74, 42, 40, 7, 131, 132, 54, 143, 128, 31, 127, 47, 35, 126, 125, 141, 27, 104, 124, 53, 86, 123, 117, 43, 142, 15, 8, 29, 41, 102, 16, 25, 121, 110, 108, 94, 111, 9, 120, 114, 101, 76, 63, 64, 75, 119, 107, 55, 90, 77, 92, 106, 50, 6, 1, 2, 0, 30, 97, 11, 89, 98, 96, 83, 100, 44, 24, 84, 87, 82, 81, 103, 95, 88, 70, 91, 69, 79, 80, 72, 68, 60, 59, 73, 66, 65, 62, 57, 52, 51, 46, 49, 45, 56, 38, 23, 39, 34, 33, 21, 37, 20, 19, 5, 22, 4, 3]",True,21475702126,21.475702126,"[48, 78, 10, 133, 130, 93, 85, 129, 74, 40, 42, 7, 132, 131, 54, 143, 128, 31, 127, 47, 35, 126, 125, 142, 29, 104, 124, 123, 141, 117, 55, 103, 16, 102, 25, 76, 110, 108, 63, 89, 64, 53, 90, 77, 119, 75, 92, 41, 8, 27, 43, 15, 111, 9, 107, 114, 121, 120, 101, 106, 50, 95, 98, 100, 96, 30, 97, 11, 6, 1, 2, 0, 52, 51, 46, 45, 49, 56, 57, 68, 62, 60, 91, 70, 69, 59, 79, 80, 88, 87, 94, 72, 83, 73, 66, 65, 84, 24, 44, 86, 82, 81, 38, 23, 39, 34, 33, 21, 37, 20, 19, 5, 22, 4, 3]","[3, 4, 22, 5, 19, 20, 37, 21, 33, 34, 39, 23, 38, 81, 82, 86, 44, 24, 84, 65, 66, 73, 83, 72, 94, 87, 88, 80, 79, 59, 69, 70, 91, 60, 62, 68, 57, 56, 49, 45, 46, 51, 52, 0, 2, 1, 6, 11, 97, 30, 96, 100, 98, 95, 50, 106, 101, 120, 121, 114, 107, 9, 111, 15, 43, 27, 8, 41, 92, 75, 119, 77, 90, 53, 64, 89, 63, 108, 110, 76, 25, 102, 16, 103, 55, 117, 141, 123, 124, 104, 29, 142, 125, 126, 35, 47, 127, 31, 128, 143, 54, 131, 132, 7, 42, 40, 74, 129, 85, 93, 130, 133, 10, 78, 48]",False,complete,117,117,4768,0,1680,2,1678,1987,309,0,0,lowest_first,True,2,138,27,138,27,27,27,27
1,200470,19,36,113,"[10, 12, 13, 14, 17, 18, 26, 28, 32, 36, 58, 61, 67, 71, 78, 99, 105, 109, 112, 115, 116, 118, 122, 134, 135, 136, 137, 138, 139, 140, 144, 145, 146, 147, 148, 149]","[0, 1, 2, 3, 4, 5, 6, 7, 8, 9, 11, 15, 16, 19, 20, 21, 22, 23, 24, 25, 27, 29, 30, 31, 33, 34, 35, 37, 38, 39, 40, 41, 42, 43, 44, 45, 46, 47, 48, 49, 50, 51, 52, 53, 54, 55, 56, 57, 59, 60, 62, 63, 64, 65, 66, 68, 69, 70, 72, 73, 74, 75, 76, 77, 79, 80, 81, 82, 83, 84, 85, 86, 87, 88, 89, 90, 91, 92, 93, 94, 95, 96, 97, 98, 100, 101, 102, 103, 104, 106, 107, 108, 110, 111, 114, 117, 119, 120, 121, 123, 124, 125, 126, 127, 128, 129, 130, 131, 132, 133, 141, 142, 143]",{},[],0,"[17, 122, 18, 32, 137, 138, 139, 140, 13, 14, 116, 118, 136, 112, 36, 135, 26, 28, 99, 105, 148, 115, 144, 149, 145, 147, 146, 12, 58, 71, 134, 109, 67, 61, 78, 10, 48, 133, 130, 93, 85, 129, 74, 42, 40, 7, 131, 132, 54, 143, 128, 31, 127, 47, 35, 126, 125, 141, 27, 104, 124, 53, 86, 123, 117, 43, 142, 15, 8, 29, 41, 102, 16, 25, 121, 110, 108, 94, 111, 9, 120, 114, 101, 76, 63, 64, 75, 119, 107, 55, 90, 77, 92, 106, 50, 6, 1, 2, 0, 30, 97, 11, 89, 98, 96, 83, 100, 44, 24, 84, 87, 82, 81, 103, 95, 88, 70, 91, 69, 79, 80, 72, 68, 60, 59, 73, 66, 65, 62, 57, 52, 51, 46, 49, 45, 56, 38, 23, 39, 34, 33, 21, 37, 20, 19, 5, 22, 4, 3]",True,21571598937,21.571598937,"[48, 133, 130, 93, 85, 129, 76, 128, 31, 94, 74, 127, 89, 126, 35, 7, 83, 141, 92, 124, 123, 125, 142, 117, 102, 30, 110, 108, 15, 111, 119, 107, 114, 42, 40, 143, 131, 132, 52, 64, 50, 53, 90, 55, 75, 77, 41, 27, 8, 29, 43, 121, 106, 120, 101, 9, 97, 16, 11, 100, 98, 96, 25, 63, 104, 95, 87, 103, 88, 70, 91, 69, 79, 80, 72, 86, 82, 81, 73, 66, 65, 47, 68, 60, 59, 44, 84, 24, 62, 57, 6, 1, 2, 0, 54, 51, 46, 49, 45, 56, 38, 23, 39, 34, 33, 21, 37, 20, 19, 5, 22, 4, 3]","[3, 4, 22, 5, 19, 20, 37, 21, 33, 34, 39, 23, 38, 56, 45, 49, 46, 51, 54, 0, 2, 1, 6, 57, 62, 24, 84, 44, 59, 60, 68, 47, 65, 66, 73, 81, 82, 86, 72, 80, 79, 69, 91, 70, 88, 103, 87, 95, 104, 63, 25, 96, 98, 100, 11, 16, 97, 9, 101, 120, 106, 121, 43, 29, 8, 27, 41, 77, 75, 55, 90, 53, 50, 64, 52, 132, 131, 143, 40, 42, 114, 107, 119, 111, 15, 108, 110, 30, 102, 117, 142, 125, 123, 124, 92, 141, 83, 7, 35, 126, 89, 127, 74, 94, 31, 128, 76, 129, 85, 93, 130, 133, 48]",False,complete,114,114,4524,0,1651,1,1650,1764,114,0,0,lowest_first,True,2,135,27,135,27,27,27,27
1,200471,20,38,111,"[10, 12, 13, 14, 17, 18, 26, 28, 32, 36, 48, 58, 61, 67, 71, 78, 99, 105, 109, 112, 115, 116, 118, 122, 133, 134, 135, 136, 137, 138, 139, 140, 144, 145, 146, 147, 148, 149]","[0, 1, 2, 3, 4, 5, 6, 7, 8, 9, 11, 15, 16, 19, 20, 21, 22, 23, 24, 25, 27, 29, 30, 31, 33, 34, 35, 37, 38, 39, 40, 41, 42, 43, 44, 45, 46, 47, 49, 50, 51, 52, 53, 54, 55, 56, 57, 59, 60, 62, 63, 64, 65, 66, 68, 69, 70, 72, 73, 74, 75, 76, 77, 79, 80, 81, 82, 83, 84, 85, 86, 87, 88, 89, 90, 91, 92, 93, 94, 95, 96, 97, 98, 100, 101, 102, 103, 104, 106, 107, 108, 110, 111, 114, 117, 119, 120, 121, 123, 124, 125, 126, 127, 128, 129, 130, 131, 132, 141, 142, 143]",{},[],0,"[17, 122, 18, 32, 137, 138, 139, 140, 13, 14, 116, 118, 136, 112, 36, 135, 26, 28, 99, 105, 148, 115, 144, 149, 145, 147, 146, 12, 58, 71, 134, 109, 67, 61, 78, 10, 48, 133, 130, 93, 85, 129, 74, 42, 40, 7, 131, 132, 54, 143, 128, 31, 127, 47, 35, 126, 125, 141, 27, 104, 124, 53, 86, 123, 117, 43, 142, 15, 8, 29, 41, 102, 16, 25, 121, 110, 108, 94, 111, 9, 120, 114, 101, 76, 63, 64, 75, 119, 107, 55, 90, 77, 92, 106, 50, 6, 1, 2, 0, 30, 97, 11, 89, 98, 96, 83, 100, 44, 24, 84, 87, 82, 81, 103, 95, 88, 70, 91, 69, 79, 80, 72, 68, 60, 59, 73, 66, 65, 62, 57, 52, 51, 46, 49, 45, 56, 38, 23, 39, 34, 33, 21, 37, 20, 19, 5, 22, 4, 3]",True,21429007301,21.429007301,"[129, 93, 85, 130, 74, 40, 42, 7, 132, 131, 52, 143, 128, 127, 31, 47, 35, 126, 125, 141, 27, 103, 142, 124, 123, 53, 86, 15, 43, 29, 117, 8, 41, 102, 16, 110, 108, 119, 111, 9, 107, 25, 114, 76, 64, 90, 75, 77, 55, 92, 121, 89, 120, 101, 63, 106, 50, 6, 1, 2, 0, 30, 97, 11, 91, 98, 96, 83, 100, 44, 24, 84, 82, 104, 95, 88, 70, 87, 81, 94, 69, 79, 80, 72, 68, 60, 59, 73, 66, 65, 62, 57, 54, 51, 46, 49, 45, 56, 38, 23, 39, 34, 33, 21, 37, 20, 19, 5, 22, 4, 3]","[3, 4, 22, 5, 19, 20, 37, 21, 33, 34, 39, 23, 38, 56, 45, 49, 46, 51, 54, 57, 62, 65, 66, 73, 59, 60, 68, 72, 80, 79, 69, 94, 81, 87, 70, 88, 95, 104, 82, 84, 24, 44, 100, 83, 96, 98, 91, 11, 97, 30, 0, 2, 1, 6, 50, 106, 63, 101, 120, 89, 121, 92, 55, 77, 75, 90, 64, 76, 114, 25, 107, 9, 111, 119, 108, 110, 16, 102, 41, 8, 117, 29, 43, 15, 86, 53, 123, 124, 142, 103, 27, 141, 125, 126, 35, 47, 31, 127, 128, 143, 52, 131, 132, 7, 42, 40, 74, 130, 85, 93, 129]",False,complete,111,111,4623,0,1614,0,1614,1751,137,0,0,lowest_first,True,2,106,24,106,24,24,24,24
1,200472,21,40,109,"[10, 12, 13, 14, 17, 18, 26, 28, 32, 36, 48, 58, 61, 67, 71, 78, 93, 99, 105, 109, 112, 115, 116, 118, 122, 130, 133, 134, 135, 136, 137, 138, 139, 140, 144, 145, 146, 147, 148, 149]","[0, 1, 2, 3, 4, 5, 6, 7, 8, 9, 11, 15, 16, 19, 20, 21, 22, 23, 24, 25, 27, 29, 30, 31, 33, 34, 35, 37, 38, 39, 40, 41, 42, 43, 44, 45, 46, 47, 49, 50, 51, 52, 53, 54, 55, 56, 57, 59, 60, 62, 63, 64, 65, 66, 68, 69, 70, 72, 73, 74, 75, 76, 77, 79, 80, 81, 82, 83, 84, 85, 86, 87, 88, 89, 90, 91, 92, 94, 95, 96, 97, 98, 100, 101, 102, 103, 104, 106, 107, 108, 110, 111, 114, 117, 119, 120, 121, 123, 124, 125, 126, 127, 128, 129, 131, 132, 141, 142, 143]",{},[],0,"[17, 122, 18, 32, 137, 138, 139, 140, 13, 14, 116, 118, 136, 112, 36, 135, 26, 28, 99, 105, 148, 115, 144, 149, 145, 147, 146, 12, 58, 71, 134, 109, 67, 61, 78, 10, 48, 133, 130, 93, 85, 129, 74, 42, 40, 7, 131, 132, 54, 143, 128, 31, 127, 47, 35, 126, 125, 141, 27, 104, 124, 53, 86, 123, 117, 43, 142, 15, 8, 29, 41, 102, 16, 25, 121, 110, 108, 94, 111, 9, 120, 114, 101, 76, 63, 64, 75, 119, 107, 55, 90, 77, 92, 106, 50, 6, 1, 2, 0, 30, 97, 11, 89, 98, 96, 83, 100, 44, 24, 84, 87, 82, 81, 103, 95, 88, 70, 91, 69, 79, 80, 72, 68, 60, 59, 73, 66, 65, 62, 57, 52, 51, 46, 49, 45, 56, 38, 23, 39, 34, 33, 21, 37, 20, 19, 5, 22, 4, 3]",True,24306385444,24.306385444,"[85, 129, 74, 42, 40, 7, 131, 132, 52, 143, 128, 127, 31, 47, 35, 126, 125, 142, 29, 104, 124, 123, 141, 55, 86, 119, 8, 102, 30, 111, 108, 117, 41, 27, 110, 107, 16, 15, 9, 114, 121, 106, 120, 101, 25, 76, 97, 11, 89, 64, 77, 75, 90, 92, 53, 43, 98, 96, 63, 100, 50, 95, 83, 103, 44, 24, 84, 82, 91, 88, 70, 87, 81, 94, 69, 79, 80, 72, 68, 60, 59, 73, 66, 65, 62, 57, 6, 1, 2, 0, 54, 51, 46, 49, 45, 56, 38, 23, 39, 34, 33, 21, 37, 20, 19, 5, 22, 4, 3]","[3, 4, 22, 5, 19, 20, 37, 21, 33, 34, 39, 23, 38, 56, 45, 49, 46, 51, 54, 0, 2, 1, 6, 57, 62, 65, 66, 73, 59, 60, 68, 72, 80, 79, 69, 94, 81, 87, 70, 88, 91, 82, 84, 24, 44, 103, 83, 95, 50, 100, 63, 96, 98, 43, 53, 92, 90, 75, 77, 64, 89, 11, 97, 76, 25, 101, 120, 106, 121, 114, 9, 15, 16, 107, 110, 27, 41, 117, 108, 111, 30, 102, 8, 119, 86, 55, 141, 123, 124, 104, 29, 142, 125, 126, 35, 47, 31, 127, 128, 143, 52, 132, 131, 7, 40, 42, 74, 129, 85]",False,complete,133,133,4837,0,2082,34,2048,2000,631,0,0,lowest_first,True,2,107,26,107,26,26,26,26
1,200473,22,42,107,"[10, 12, 13, 14, 17, 18, 26, 28, 32, 36, 48, 58, 61, 67, 71, 78, 85, 93, 99, 105, 109, 112, 115, 116, 118, 122, 129, 130, 133, 134, 135, 136, 137, 138, 139, 140, 144, 145, 146, 147, 148, 149]","[0, 1, 2, 3, 4, 5, 6, 7, 8, 9, 11, 15, 16, 19, 20, 21, 22, 23, 24, 25, 27, 29, 30, 31, 33, 34, 35, 37, 38, 39, 40, 41, 42, 43, 44, 45, 46, 47, 49, 50, 51, 52, 53, 54, 55, 56, 57, 59, 60, 62, 63, 64, 65, 66, 68, 69, 70, 72, 73, 74, 75, 76, 77, 79, 80, 81, 82, 83, 84, 86, 87, 88, 89, 90, 91, 92, 94, 95, 96, 97, 98, 100, 101, 102, 103, 104, 106, 107, 108, 110, 111, 114, 117, 119, 120, 121, 123, 124, 125, 126, 127, 128, 131, 132, 141, 142, 143]",{},[],0,"[17, 122, 18, 32, 137, 138, 139, 140, 13, 14, 116, 118, 136, 112, 36, 135, 26, 28, 99, 105, 148, 115, 144, 149, 145, 147, 146, 12, 58, 71, 134, 109, 67, 61, 78, 10, 48, 133, 130, 93, 85, 129, 74, 42, 40, 7, 131, 132, 54, 143, 128, 31, 127, 47, 35, 126, 125, 141, 27, 104, 124, 53, 86, 123, 117, 43, 142, 15, 8, 29, 41, 102, 16, 25, 121, 110, 108, 94, 111, 9, 120, 114, 101, 76, 63, 64, 75, 119, 107, 55, 90, 77, 92, 106, 50, 6, 1, 2, 0, 30, 97, 11, 89, 98, 96, 83, 100, 44, 24, 84, 87, 82, 81, 103, 95, 88, 70, 91, 69, 79, 80, 72, 68, 60, 59, 73, 66, 65, 62, 57, 52, 51, 46, 49, 45, 56, 38, 23, 39, 34, 33, 21, 37, 20, 19, 5, 22, 4, 3]",True,20598345272,20.598345272,"[76, 128, 31, 94, 74, 127, 89, 126, 35, 7, 83, 141, 92, 124, 123, 125, 142, 117, 102, 30, 110, 108, 15, 111, 119, 107, 114, 40, 42, 143, 132, 131, 52, 64, 50, 90, 55, 77, 75, 53, 43, 27, 41, 29, 8, 121, 106, 120, 101, 9, 97, 16, 11, 100, 98, 96, 25, 63, 103, 95, 87, 104, 88, 70, 91, 69, 79, 80, 72, 86, 82, 81, 73, 66, 65, 47, 68, 60, 59, 44, 62, 84, 24, 57, 6, 1, 2, 0, 54, 51, 46, 49, 45, 56, 38, 23, 39, 34, 33, 21, 37, 20, 19, 5, 22, 4, 3]","[3, 4, 22, 5, 19, 20, 37, 21, 33, 34, 39, 23, 38, 56, 45, 49, 46, 51, 54, 0, 2, 1, 6, 57, 24, 84, 62, 44, 59, 60, 68, 47, 65, 66, 73, 81, 82, 86, 72, 80, 79, 69, 91, 70, 88, 104, 87, 95, 103, 63, 25, 96, 98, 100, 11, 16, 97, 9, 101, 120, 106, 121, 8, 29, 41, 27, 43, 53, 75, 77, 55, 90, 50, 64, 52, 131, 132, 143, 42, 40, 114, 107, 119, 111, 15, 108, 110, 30, 102, 117, 142, 125, 123, 124, 92, 141, 83, 7, 35, 126, 89, 127, 74, 94, 31, 128, 76]",False,complete,108,108,3964,0,1619,1,1618,1732,114,0,0,lowest_first,True,2,136,27,136,27,27,27,27
1,200474,23,44,105,"[10, 12, 13, 14, 17, 18, 26, 28, 32, 36, 42, 48, 58, 61, 67, 71, 74, 78, 85, 93, 99, 105, 109, 112, 115, 116, 118, 122, 129, 130, 133, 134, 135, 136, 137, 138, 139, 140, 144, 145, 146, 147, 148, 149]","[0, 1, 2, 3, 4, 5, 6, 7, 8, 9, 11, 15, 16, 19, 20, 21, 22, 23, 24, 25, 27, 29, 30, 31, 33, 34, 35, 37, 38, 39, 40, 41, 43, 44, 45, 46, 47, 49, 50, 51, 52, 53, 54, 55, 56, 57, 59, 60, 62, 63, 64, 65, 66, 68, 69, 70, 72, 73, 75, 76, 77, 79, 80, 81, 82, 83, 84, 86, 87, 88, 89, 90, 91, 92, 94, 95, 96, 97, 98, 100, 101, 102, 103, 104, 106, 107, 108, 110, 111, 114, 117, 119, 120, 121, 123, 124, 125, 126, 127, 128, 131, 132, 141, 142, 143]",{},[],0,"[17, 122, 18, 32, 137, 138, 139, 140, 13, 14, 116, 118, 136, 112, 36, 135, 26, 28, 99, 105, 148, 115, 144, 149, 145, 147, 146, 12, 58, 71, 134, 109, 67, 61, 78, 10, 48, 133, 130, 93, 85, 129, 74, 42, 40, 7, 131, 132, 54, 143, 128, 31, 127, 47, 35, 126, 125, 141, 27, 104, 124, 53, 86, 123, 117, 43, 142, 15, 8, 29, 41, 102, 16, 25, 121, 110, 108, 94, 111, 9, 120, 114, 101, 76, 63, 64, 75, 119, 107, 55, 90, 77, 92, 106, 50, 6, 1, 2, 0, 30, 97, 11, 89, 98, 96, 83, 100, 44, 24, 84, 87, 82, 81, 103, 95, 88, 70, 91, 69, 79, 80, 72, 68, 60, 59, 73, 66, 65, 62, 57, 52, 51, 46, 49, 45, 56, 38, 23, 39, 34, 33, 21, 37, 20, 19, 5, 22, 4, 3]",True,20631882328,20.631882328,"[40, 7, 132, 131, 52, 143, 128, 127, 31, 47, 35, 126, 125, 141, 27, 104, 124, 123, 142, 117, 55, 86, 8, 43, 15, 29, 102, 16, 41, 119, 25, 76, 110, 108, 63, 91, 64, 53, 90, 77, 75, 92, 111, 9, 107, 114, 121, 120, 101, 106, 50, 6, 1, 2, 0, 30, 97, 11, 89, 98, 96, 83, 100, 44, 24, 84, 82, 103, 95, 88, 70, 87, 81, 94, 69, 79, 80, 72, 68, 60, 59, 73, 66, 65, 62, 57, 54, 51, 46, 49, 45, 56, 38, 23, 39, 34, 33, 21, 37, 20, 19, 5, 22, 4, 3]","[3, 4, 22, 5, 19, 20, 37, 21, 33, 34, 39, 23, 38, 56, 45, 49, 46, 51, 54, 57, 62, 65, 66, 73, 59, 60, 68, 72, 80, 79, 69, 94, 81, 87, 70, 88, 95, 103, 82, 84, 24, 44, 100, 83, 96, 98, 89, 11, 97, 30, 0, 2, 1, 6, 50, 106, 101, 120, 121, 114, 107, 9, 111, 92, 75, 77, 90, 53, 64, 91, 63, 108, 110, 76, 25, 119, 41, 16, 102, 29, 15, 43, 8, 86, 55, 117, 142, 123, 124, 104, 27, 141, 125, 126, 35, 47, 31, 127, 128, 143, 52, 131, 132, 7, 40]",False,complete,106,106,3890,0,1602,1,1601,1783,182,0,0,lowest_first,True,2,124,24,124,24,24,24,24
1,200475,24,46,103,"[7, 10, 12, 13, 14, 17, 18, 26, 28, 32, 36, 40, 42, 48, 58, 61, 67, 71, 74, 78, 85, 93, 99, 105, 109, 112, 115, 116, 118, 122, 129, 130, 133, 134, 135, 136, 137, 138, 139, 140, 144, 145, 146, 147, 148, 149]","[0, 1, 2, 3, 4, 5, 6, 8, 9, 11, 15, 16, 19, 20, 21, 22, 23, 24, 25, 27, 29, 30, 31, 33, 34, 35, 37, 38, 39, 41, 43, 44, 45, 46, 47, 49, 50, 51, 52, 53, 54, 55, 56, 57, 59, 60, 62, 63, 64, 65, 66, 68, 69, 70, 72, 73, 75, 76, 77, 79, 80, 81, 82, 83, 84, 86, 87, 88, 89, 90, 91, 92, 94, 95, 96, 97, 98, 100, 101, 102, 103, 104, 106, 107, 108, 110, 111, 114, 117, 119, 120, 121, 123, 124, 125, 126, 127, 128, 131, 132, 141, 142, 143]",{},[],0,"[17, 122, 18, 32, 137, 138, 139, 140, 13, 14, 116, 118, 136, 112, 36, 135, 26, 28, 99, 105, 148, 115, 144, 149, 145, 147, 146, 12, 58, 71, 134, 109, 67, 61, 78, 10, 48, 133, 130, 93, 85, 129, 74, 42, 40, 7, 131, 132, 54, 143, 128, 31, 127, 47, 35, 126, 125, 141, 27, 104, 124, 53, 86, 123, 117, 43, 142, 15, 8, 29, 41, 102, 16, 25, 121, 110, 108, 94, 111, 9, 120, 114, 101, 76, 63, 64, 75, 119, 107, 55, 90, 77, 92, 106, 50, 6, 1, 2, 0, 30, 97, 11, 89, 98, 96, 83, 100, 44, 24, 84, 87, 82, 81, 103, 95, 88, 70, 91, 69, 79, 80, 72, 68, 60, 59, 73, 66, 65, 62, 57, 52, 51, 46, 49, 45, 56, 38, 23, 39, 34, 33, 21, 37, 20, 19, 5, 22, 4, 3]",True,19561908574,19.561908574,"[131, 132, 54, 143, 128, 31, 127, 47, 35, 126, 125, 142, 27, 104, 124, 123, 141, 117, 53, 8, 86, 15, 43, 29, 41, 102, 16, 25, 121, 110, 108, 94, 111, 9, 6, 1, 2, 0, 120, 114, 101, 76, 63, 64, 55, 92, 119, 107, 90, 77, 75, 106, 50, 30, 97, 11, 91, 98, 96, 83, 100, 44, 24, 84, 87, 82, 81, 103, 95, 88, 70, 89, 69, 79, 80, 72, 68, 60, 59, 73, 66, 65, 62, 57, 52, 51, 46, 49, 45, 56, 38, 23, 39, 34, 33, 21, 37, 20, 19, 5, 22, 4, 3]","[3, 4, 22, 5, 19, 20, 37, 21, 33, 34, 39, 23, 38, 56, 45, 49, 46, 51, 52, 57, 62, 65, 66, 73, 59, 60, 68, 72, 80, 79, 69, 89, 70, 88, 95, 103, 81, 82, 87, 84, 24, 44, 100, 83, 96, 98, 91, 11, 97, 30, 50, 106, 75, 77, 90, 107, 119, 92, 55, 64, 63, 76, 101, 114, 120, 0, 2, 1, 6, 9, 111, 94, 108, 110, 121, 25, 16, 102, 41, 29, 43, 15, 86, 8, 53, 117, 141, 123, 124, 104, 27, 142, 125, 126, 35, 47, 127, 31, 128, 143, 54, 132, 131]",False,complete,103,103,3740,0,1495,0,1495,1670,175,0,0,lowest_first,True,2,115,23,115,23,23,23,23
1,200476,25,48,101,"[7, 10, 12, 13, 14, 17, 18, 26, 28, 32, 36, 40, 42, 48, 58, 61, 67, 71, 74, 78, 85, 93, 99, 105, 109, 112, 115, 116, 118, 122, 129, 130, 131, 132, 133, 134, 135, 136, 137, 138, 139, 140, 144, 145, 146, 147, 148, 149]","[0, 1, 2, 3, 4, 5, 6, 8, 9, 11, 15, 16, 19, 20, 21, 22, 23, 24, 25, 27, 29, 30, 31, 33, 34, 35, 37, 38, 39, 41, 43, 44, 45, 46, 47, 49, 50, 51, 52, 53, 54, 55, 56, 57, 59, 60, 62, 63, 64, 65, 66, 68, 69, 70, 72, 73, 75, 76, 77, 79, 80, 81, 82, 83, 84, 86, 87, 88, 89, 90, 91, 92, 94, 95, 96, 97, 98, 100, 101, 102, 103, 104, 106, 107, 108, 110, 111, 114, 117, 119, 120, 121, 123, 124, 125, 126, 127, 128, 141, 142, 143]",{},[],0,"[17, 122, 18, 32, 137, 138, 139, 140, 13, 14, 116, 118, 136, 112, 36, 135, 26, 28, 99, 105, 148, 115, 144, 149, 145, 147, 146, 12, 58, 71, 134, 109, 67, 61, 78, 10, 48, 133, 130, 93, 85, 129, 74, 42, 40, 7, 131, 132, 54, 143, 128, 31, 127, 47, 35, 126, 125, 141, 27, 104, 124, 53, 86, 123, 117, 43, 142, 15, 8, 29, 41, 102, 16, 25, 121, 110, 108, 94, 111, 9, 120, 114, 101, 76, 63, 64, 75, 119, 107, 55, 90, 77, 92, 106, 50, 6, 1, 2, 0, 30, 97, 11, 89, 98, 96, 83, 100, 44, 24, 84, 87, 82, 81, 103, 95, 88, 70, 91, 69, 79, 80, 72, 68, 60, 59, 73, 66, 65, 62, 57, 52, 51, 46, 49, 45, 56, 38, 23, 39, 34, 33, 21, 37, 20, 19, 5, 22, 4, 3]",True,19673620716,19.673620716,"[52, 143, 128, 127, 31, 47, 35, 126, 125, 141, 27, 103, 142, 124, 123, 55, 86, 43, 29, 119, 15, 8, 41, 102, 16, 110, 108, 117, 111, 9, 107, 25, 114, 76, 64, 75, 77, 90, 53, 92, 121, 91, 120, 101, 63, 106, 50, 6, 1, 2, 0, 30, 97, 11, 89, 98, 96, 83, 100, 44, 24, 84, 82, 104, 95, 88, 70, 87, 81, 94, 69, 79, 80, 72, 68, 60, 59, 73, 66, 65, 62, 57, 54, 51, 46, 49, 45, 56, 38, 23, 39, 34, 33, 21, 37, 20, 19, 5, 22, 4, 3]","[3, 4, 22, 5, 19, 20, 37, 21, 33, 34, 39, 23, 38, 56, 45, 49, 46, 51, 54, 57, 62, 65, 66, 73, 59, 60, 68, 72, 80, 79, 69, 94, 81, 87, 70, 88, 95, 104, 82, 84, 24, 44, 100, 83, 96, 98, 89, 11, 97, 30, 0, 2, 1, 6, 50, 106, 63, 101, 120, 91, 121, 92, 53, 90, 77, 75, 64, 76, 114, 25, 107, 9, 111, 117, 108, 110, 16, 102, 41, 8, 15, 119, 29, 43, 86, 55, 123, 124, 142, 103, 27, 141, 125, 126, 35, 47, 31, 127, 128, 143, 52]",False,complete,101,101,3711,0,1553,0,1553,1690,137,0,0,lowest_first,True,2,106,24,106,24,24,24,24
1,200477,26,50,99,"[7, 10, 12, 13, 14, 17, 18, 26, 28, 32, 36, 40, 42, 48, 54, 58, 61, 67, 71, 74, 78, 85, 93, 99, 105, 109, 112, 115, 116, 118, 122, 129, 130, 131, 132, 133, 134, 135, 136, 137, 138, 139, 140, 143, 144, 145, 146, 147, 148, 149]","[0, 1, 2, 3, 4, 5, 6, 8, 9, 11, 15, 16, 19, 20, 21, 22, 23, 24, 25, 27, 29, 30, 31, 33, 34, 35, 37, 38, 39, 41, 43, 44, 45, 46, 47, 49, 50, 51, 52, 53, 55, 56, 57, 59, 60, 62, 63, 64, 65, 66, 68, 69, 70, 72, 73, 75, 76, 77, 79, 80, 81, 82, 83, 84, 86, 87, 88, 89, 90, 91, 92, 94, 95, 96, 97, 98, 100, 101, 102, 103, 104, 106, 107, 108, 110, 111, 114, 117, 119, 120, 121, 123, 124, 125, 126, 127, 128, 141, 142]",{},[],0,"[17, 122, 18, 32, 137, 138, 139, 140, 13, 14, 116, 118, 136, 112, 36, 135, 26, 28, 99, 105, 148, 115, 144, 149, 145, 147, 146, 12, 58, 71, 134, 109, 67, 61, 78, 10, 48, 133, 130, 93, 85, 129, 74, 42, 40, 7, 131, 132, 54, 143, 128, 31, 127, 47, 35, 126, 125, 141, 27, 104, 124, 53, 86, 123, 117, 43, 142, 15, 8, 29, 41, 102, 16, 25, 121, 110, 108, 94, 111, 9, 120, 114, 101, 76, 63, 64, 75, 119, 107, 55, 90, 77, 92, 106, 50, 6, 1, 2, 0, 30, 97, 11, 89, 98, 96, 83, 100, 44, 24, 84, 87, 82, 81, 103, 95, 88, 70, 91, 69, 79, 80, 72, 68, 60, 59, 73, 66, 65, 62, 57, 52, 51, 46, 49, 45, 56, 38, 23, 39, 34, 33, 21, 37, 20, 19, 5, 22, 4, 3]",True,18894001160,18.894001160,"[128, 31, 127, 47, 35, 126, 125, 142, 29, 103, 124, 123, 141, 53, 86, 8, 16, 25, 76, 110, 108, 64, 117, 55, 92, 119, 90, 77, 75, 41, 43, 15, 27, 111, 9, 107, 102, 114, 121, 91, 120, 101, 63, 106, 50, 6, 1, 2, 0, 30, 97, 11, 89, 98, 96, 83, 100, 44, 24, 84, 82, 104, 95, 88, 70, 87, 81, 94, 69, 79, 80, 72, 68, 60, 59, 73, 66, 65, 62, 57, 52, 51, 46, 49, 45, 56, 38, 23, 39, 34, 33, 21, 37, 20, 19, 5, 22, 4, 3]","[3, 4, 22, 5, 19, 20, 37, 21, 33, 34, 39, 23, 38, 56, 45, 49, 46, 51, 52, 57, 62, 65, 66, 73, 59, 60, 68, 72, 80, 79, 69, 94, 81, 87, 70, 88, 95, 104, 82, 84, 24, 44, 100, 83, 96, 98, 89, 11, 97, 30, 0, 2, 1, 6, 50, 106, 63, 101, 120, 91, 121, 114, 102, 107, 9, 111, 27, 15, 43, 41, 75, 77, 90, 119, 92, 55, 117, 64, 108, 110, 76, 25, 16, 8, 86, 53, 141, 123, 124, 103, 29, 142, 125, 126, 35, 47, 127, 31, 128]",False,complete,99,99,3467,0,1495,0,1495,1643,148,0,0,lowest_first,True,2,111,24,111,24,24,24,24
1,200478,27,52,97,"[7, 10, 12, 13, 14, 17, 18, 26, 28, 31, 32, 36, 40, 42, 48, 54, 58, 61, 67, 71, 74, 78, 85, 93, 99, 105, 109, 112, 115, 116, 118, 122, 128, 129, 130, 131, 132, 133, 134, 135, 136, 137, 138, 139, 140, 143, 144, 145, 146, 147, 148, 149]","[0, 1, 2, 3, 4, 5, 6, 8, 9, 11, 15, 16, 19, 20, 21, 22, 23, 24, 25, 27, 29, 30, 33, 34, 35, 37, 38, 39, 41, 43, 44, 45, 46, 47, 49, 50, 51, 52, 53, 55, 56, 57, 59, 60, 62, 63, 64, 65, 66, 68, 69, 70, 72, 73, 75, 76, 77, 79, 80, 81, 82, 83, 84, 86, 87, 88, 89, 90, 91, 92, 94, 95, 96, 97, 98, 100, 101, 102, 103, 104, 106, 107, 108, 110, 111, 114, 117, 119, 120, 121, 123, 124, 125, 126, 127, 141, 142]",{},[],0,"[17, 122, 18, 32, 137, 138, 139, 140, 13, 14, 116, 118, 136, 112, 36, 135, 26, 28, 99, 105, 148, 115, 144, 149, 145, 147, 146, 12, 58, 71, 134, 109, 67, 61, 78, 10, 48, 133, 130, 93, 85, 129, 74, 42, 40, 7, 131, 132, 54, 143, 128, 31, 127, 47, 35, 126, 125, 141, 27, 104, 124, 53, 86, 123, 117, 43, 142, 15, 8, 29, 41, 102, 16, 25, 121, 110, 108, 94, 111, 9, 120, 114, 101, 76, 63, 64, 75, 119, 107, 55, 90, 77, 92, 106, 50, 6, 1, 2, 0, 30, 97, 11, 89, 98, 96, 83, 100, 44, 24, 84, 87, 82, 81, 103, 95, 88, 70, 91, 69, 79, 80, 72, 68, 60, 59, 73, 66, 65, 62, 57, 52, 51, 46, 49, 45, 56, 38, 23, 39, 34, 33, 21, 37, 20, 19, 5, 22, 4, 3]",True,18109555246,18.109555246,"[127, 47, 35, 126, 125, 141, 29, 103, 124, 123, 142, 53, 86, 8, 16, 25, 76, 110, 108, 64, 90, 55, 92, 119, 117, 77, 75, 15, 27, 41, 43, 111, 9, 107, 102, 114, 121, 91, 120, 101, 63, 106, 50, 6, 1, 2, 0, 30, 97, 11, 89, 98, 96, 83, 100, 44, 24, 84, 82, 104, 95, 88, 70, 87, 81, 94, 69, 79, 80, 72, 68, 60, 59, 73, 66, 65, 62, 57, 52, 51, 46, 49, 45, 56, 38, 23, 39, 34, 33, 21, 37, 20, 19, 5, 22, 4, 3]","[3, 4, 22, 5, 19, 20, 37, 21, 33, 34, 39, 23, 38, 56, 45, 49, 46, 51, 52, 57, 62, 65, 66, 73, 59, 60, 68, 72, 80, 79, 69, 94, 81, 87, 70, 88, 95, 104, 82, 84, 24, 44, 100, 83, 96, 98, 89, 11, 97, 30, 0, 2, 1, 6, 50, 106, 63, 101, 120, 91, 121, 114, 102, 107, 9, 111, 43, 41, 27, 15, 75, 77, 117, 119, 92, 55, 90, 64, 108, 110, 76, 25, 16, 8, 86, 53, 142, 123, 124, 103, 29, 141, 125, 126, 35, 47, 127]",False,complete,97,97,3298,0,1469,0,1469,1617,148,0,0,lowest_first,True,2,111,24,111,24,24,24,24
1,200479,28,54,95,"[7, 10, 12, 13, 14, 17, 18, 26, 28, 31, 32, 36, 40, 42, 47, 48, 54, 58, 61, 67, 71, 74, 78, 85, 93, 99, 105, 109, 112, 115, 116, 118, 122, 127, 128, 129, 130, 131, 132, 133, 134, 135, 136, 137, 138, 139, 140, 143, 144, 145, 146, 147, 148, 149]","[0, 1, 2, 3, 4, 5, 6, 8, 9, 11, 15, 16, 19, 20, 21, 22, 23, 24, 25, 27, 29, 30, 33, 34, 35, 37, 38, 39, 41, 43, 44, 45, 46, 49, 50, 51, 52, 53, 55, 56, 57, 59, 60, 62, 63, 64, 65, 66, 68, 69, 70, 72, 73, 75, 76, 77, 79, 80, 81, 82, 83, 84, 86, 87, 88, 89, 90, 91, 92, 94, 95, 96, 97, 98, 100, 101, 102, 103, 104, 106, 107, 108, 110, 111, 114, 117, 119, 120, 121, 123, 124, 125, 126, 141, 142]",{},[],0,"[17, 122, 18, 32, 137, 138, 139, 140, 13, 14, 116, 118, 136, 112, 36, 135, 26, 28, 99, 105, 148, 115, 144, 149, 145, 147, 146, 12, 58, 71, 134, 109, 67, 61, 78, 10, 48, 133, 130, 93, 85, 129, 74, 42, 40, 7, 131, 132, 54, 143, 128, 31, 127, 47, 35, 126, 125, 141, 27, 104, 124, 53, 86, 123, 117, 43, 142, 15, 8, 29, 41, 102, 16, 25, 121, 110, 108, 94, 111, 9, 120, 114, 101, 76, 63, 64, 75, 119, 107, 55, 90, 77, 92, 106, 50, 6, 1, 2, 0, 30, 97, 11, 89, 98, 96, 83, 100, 44, 24, 84, 87, 82, 81, 103, 95, 88, 70, 91, 69, 79, 80, 72, 68, 60, 59, 73, 66, 65, 62, 57, 52, 51, 46, 49, 45, 56, 38, 23, 39, 34, 33, 21, 37, 20, 19, 5, 22, 4, 3]",True,17886256257,17.886256257,"[35, 126, 125, 142, 29, 103, 124, 123, 141, 53, 86, 15, 16, 25, 76, 110, 108, 64, 119, 117, 90, 55, 92, 77, 75, 43, 27, 41, 8, 111, 9, 107, 102, 114, 121, 91, 120, 101, 63, 106, 50, 6, 1, 2, 0, 30, 97, 11, 89, 98, 96, 83, 100, 44, 24, 84, 82, 104, 95, 88, 70, 87, 81, 94, 69, 79, 80, 72, 68, 60, 59, 73, 66, 65, 62, 57, 52, 51, 46, 49, 45, 56, 38, 23, 39, 34, 33, 21, 37, 20, 19, 5, 22, 4, 3]","[3, 4, 22, 5, 19, 20, 37, 21, 33, 34, 39, 23, 38, 56, 45, 49, 46, 51, 52, 57, 62, 65, 66, 73, 59, 60, 68, 72, 80, 79, 69, 94, 81, 87, 70, 88, 95, 104, 82, 84, 24, 44, 100, 83, 96, 98, 89, 11, 97, 30, 0, 2, 1, 6, 50, 106, 63, 101, 120, 91, 121, 114, 102, 107, 9, 111, 8, 41, 27, 43, 75, 77, 92, 55, 90, 117, 119, 64, 108, 110, 76, 25, 16, 15, 86, 53, 141, 123, 124, 103, 29, 142, 125, 126, 35]",False,complete,95,95,3141,0,1439,0,1439,1587,148,0,0,lowest_first,True,2,111,24,111,24,24,24,24
1,200480,29,56,93,"[7, 10, 12, 13, 14, 17, 18, 26, 28, 31, 32, 35, 36, 40, 42, 47, 48, 54, 58, 61, 67, 71, 74, 78, 85, 93, 99, 105, 109, 112, 115, 116, 118, 122, 126, 127, 128, 129, 130, 131, 132, 133, 134, 135, 136, 137, 138, 139, 140, 143, 144, 145, 146, 147, 148, 149]","[0, 1, 2, 3, 4, 5, 6, 8, 9, 11, 15, 16, 19, 20, 21, 22, 23, 24, 25, 27, 29, 30, 33, 34, 37, 38, 39, 41, 43, 44, 45, 46, 49, 50, 51, 52, 53, 55, 56, 57, 59, 60, 62, 63, 64, 65, 66, 68, 69, 70, 72, 73, 75, 76, 77, 79, 80, 81, 82, 83, 84, 86, 87, 88, 89, 90, 91, 92, 94, 95, 96, 97, 98, 100, 101, 102, 103, 104, 106, 107, 108, 110, 111, 114, 117, 119, 120, 121, 123, 124, 125, 141, 142]",{},[],0,"[17, 122, 18, 32, 137, 138, 139, 140, 13, 14, 116, 118, 136, 112, 36, 135, 26, 28, 99, 105, 148, 115, 144, 149, 145, 147, 146, 12, 58, 71, 134, 109, 67, 61, 78, 10, 48, 133, 130, 93, 85, 129, 74, 42, 40, 7, 131, 132, 54, 143, 128, 31, 127, 47, 35, 126, 125, 141, 27, 104, 124, 53, 86, 123, 117, 43, 142, 15, 8, 29, 41, 102, 16, 25, 121, 110, 108, 94, 111, 9, 120, 114, 101, 76, 63, 64, 75, 119, 107, 55, 90, 77, 92, 106, 50, 6, 1, 2, 0, 30, 97, 11, 89, 98, 96, 83, 100, 44, 24, 84, 87, 82, 81, 103, 95, 88, 70, 91, 69, 79, 80, 72, 68, 60, 59, 73, 66, 65, 62, 57, 52, 51, 46, 49, 45, 56, 38, 23, 39, 34, 33, 21, 37, 20, 19, 5, 22, 4, 3]",True,17384010778,17.384010778,"[125, 141, 27, 104, 124, 53, 86, 123, 119, 16, 102, 142, 110, 9, 117, 111, 108, 25, 6, 94, 41, 8, 29, 43, 1, 2, 76, 63, 64, 92, 75, 77, 55, 90, 15, 0, 107, 114, 121, 120, 101, 106, 50, 30, 97, 11, 91, 98, 96, 83, 100, 44, 24, 84, 82, 87, 81, 103, 95, 88, 70, 89, 69, 79, 80, 72, 68, 60, 59, 73, 66, 65, 62, 57, 52, 51, 46, 49, 45, 56, 38, 23, 39, 34, 33, 21, 37, 20, 19, 5, 22, 4, 3]","[3, 4, 22, 5, 19, 20, 37, 21, 33, 34, 39, 23, 38, 56, 45, 49, 46, 51, 52, 57, 62, 65, 66, 73, 59, 60, 68, 72, 80, 79, 69, 89, 70, 88, 95, 103, 81, 87, 82, 84, 24, 44, 100, 83, 96, 98, 91, 11, 97, 30, 50, 106, 101, 120, 121, 114, 107, 0, 15, 90, 55, 77, 75, 92, 64, 63, 76, 2, 1, 43, 29, 8, 41, 94, 6, 25, 108, 111, 117, 9, 110, 142, 102, 16, 119, 123, 86, 53, 124, 104, 27, 141, 125]",False,complete,95,95,3064,0,1440,0,1440,1743,303,0,0,lowest_first,True,2,115,24,115,24,24,24,24
1,200481,30,58,91,"[7, 10, 12, 13, 14, 17, 18, 26, 28, 31, 32, 35, 36, 40, 42, 47, 48, 54, 58, 61, 67, 71, 74, 78, 85, 93, 99, 105, 109, 112, 115, 116, 118, 122, 125, 126, 127, 128, 129, 130, 131, 132, 133, 134, 135, 136, 137, 138, 139, 140, 141, 143, 144, 145, 146, 147, 148, 149]","[0, 1, 2, 3, 4, 5, 6, 8, 9, 11, 15, 16, 19, 20, 21, 22, 23, 24, 25, 27, 29, 30, 33, 34, 37, 38, 39, 41, 43, 44, 45, 46, 49, 50, 51, 52, 53, 55, 56, 57, 59, 60, 62, 63, 64, 65, 66, 68, 69, 70, 72, 73, 75, 76, 77, 79, 80, 81, 82, 83, 84, 86, 87, 88, 89, 90, 91, 92, 94, 95, 96, 97, 98, 100, 101, 102, 103, 104, 106, 107, 108, 110, 111, 114, 117, 119, 120, 121, 123, 124, 142]",{},[],0,"[17, 122, 18, 32, 137, 138, 139, 140, 13, 14, 116, 118, 136, 112, 36, 135, 26, 28, 99, 105, 148, 115, 144, 149, 145, 147, 146, 12, 58, 71, 134, 109, 67, 61, 78, 10, 48, 133, 130, 93, 85, 129, 74, 42, 40, 7, 131, 132, 54, 143, 128, 31, 127, 47, 35, 126, 125, 141, 27, 104, 124, 53, 86, 123, 117, 43, 142, 15, 8, 29, 41, 102, 16, 25, 121, 110, 108, 94, 111, 9, 120, 114, 101, 76, 63, 64, 75, 119, 107, 55, 90, 77, 92, 106, 50, 6, 1, 2, 0, 30, 97, 11, 89, 98, 96, 83, 100, 44, 24, 84, 87, 82, 81, 103, 95, 88, 70, 91, 69, 79, 80, 72, 68, 60, 59, 73, 66, 65, 62, 57, 52, 51, 46, 49, 45, 56, 38, 23, 39, 34, 33, 21, 37, 20, 19, 5, 22, 4, 3]",True,16299285375,16.299285375,"[27, 103, 142, 124, 123, 53, 86, 8, 43, 29, 119, 15, 41, 102, 16, 110, 108, 117, 111, 9, 107, 25, 114, 76, 64, 92, 90, 77, 75, 55, 121, 91, 120, 101, 63, 106, 50, 6, 1, 2, 0, 30, 97, 11, 89, 98, 96, 83, 100, 44, 24, 84, 82, 104, 95, 88, 70, 87, 81, 94, 69, 79, 80, 72, 68, 60, 59, 73, 66, 65, 62, 57, 52, 51, 46, 49, 45, 56, 38, 23, 39, 34, 33, 21, 37, 20, 19, 5, 22, 4, 3]","[3, 4, 22, 5, 19, 20, 37, 21, 33, 34, 39, 23, 38, 56, 45, 49, 46, 51, 52, 57, 62, 65, 66, 73, 59, 60, 68, 72, 80, 79, 69, 94, 81, 87, 70, 88, 95, 104, 82, 84, 24, 44, 100, 83, 96, 98, 89, 11, 97, 30, 0, 2, 1, 6, 50, 106, 63, 101, 120, 91, 121, 55, 75, 77, 90, 92, 64, 76, 114, 25, 107, 9, 111, 117, 108, 110, 16, 102, 41, 15, 119, 29, 43, 8, 86, 53, 123, 124, 142, 103, 27]",False,complete,91,91,2904,0,1346,0,1346,1483,137,0,0,lowest_first,True,2,106,24,106,24,24,24,24
1,200482,31,60,89,"[7, 10, 12, 13, 14, 17, 18, 26, 27, 28, 31, 32, 35, 36, 40, 42, 47, 48, 54, 58, 61, 67, 71, 74, 78, 85, 93, 99, 104, 105, 109, 112, 115, 116, 118, 122, 125, 126, 127, 128, 129, 130, 131, 132, 133, 134, 135, 136, 137, 138, 139, 140, 141, 143, 144, 145, 146, 147, 148, 149]","[0, 1, 2, 3, 4, 5, 6, 8, 9, 11, 15, 16, 19, 20, 21, 22, 23, 24, 25, 29, 30, 33, 34, 37, 38, 39, 41, 43, 44, 45, 46, 49, 50, 51, 52, 53, 55, 56, 57, 59, 60, 62, 63, 64, 65, 66, 68, 69, 70, 72, 73, 75, 76, 77, 79, 80, 81, 82, 83, 84, 86, 87, 88, 89, 90, 91, 92, 94, 95, 96, 97, 98, 100, 101, 102, 103, 106, 107, 108, 110, 111, 114, 117, 119, 120, 121, 123, 124, 142]",{},[],0,"[17, 122, 18, 32, 137, 138, 139, 140, 13, 14, 116, 118, 136, 112, 36, 135, 26, 28, 99, 105, 148, 115, 144, 149, 145, 147, 146, 12, 58, 71, 134, 109, 67, 61, 78, 10, 48, 133, 130, 93, 85, 129, 74, 42, 40, 7, 131, 132, 54, 143, 128, 31, 127, 47, 35, 126, 125, 141, 27, 104, 124, 53, 86, 123, 117, 43, 142, 15, 8, 29, 41, 102, 16, 25, 121, 110, 108, 94, 111, 9, 120, 114, 101, 76, 63, 64, 75, 119, 107, 55, 90, 77, 92, 106, 50, 6, 1, 2, 0, 30, 97, 11, 89, 98, 96, 83, 100, 44, 24, 84, 87, 82, 81, 103, 95, 88, 70, 91, 69, 79, 80, 72, 68, 60, 59, 73, 66, 65, 62, 57, 52, 51, 46, 49, 45, 56, 38, 23, 39, 34, 33, 21, 37, 20, 19, 5, 22, 4, 3]",True,14476151609,14.476151609,"[124, 53, 86, 123, 119, 16, 102, 142, 110, 9, 117, 111, 108, 25, 6, 94, 29, 15, 43, 41, 1, 2, 76, 63, 64, 75, 92, 55, 77, 90, 8, 0, 107, 114, 121, 120, 101, 106, 50, 30, 97, 11, 89, 98, 96, 83, 100, 44, 24, 84, 87, 82, 81, 103, 95, 88, 70, 91, 69, 79, 80, 72, 68, 60, 59, 73, 66, 65, 62, 57, 52, 51, 46, 49, 45, 56, 38, 23, 39, 34, 33, 21, 37, 20, 19, 5, 22, 4, 3]","[3, 4, 22, 5, 19, 20, 37, 21, 33, 34, 39, 23, 38, 56, 45, 49, 46, 51, 52, 57, 62, 65, 66, 73, 59, 60, 68, 72, 80, 79, 69, 91, 70, 88, 95, 103, 81, 82, 87, 84, 24, 44, 100, 83, 96, 98, 89, 11, 97, 30, 50, 106, 101, 120, 121, 114, 107, 0, 8, 90, 77, 55, 92, 75, 64, 63, 76, 2, 1, 41, 43, 15, 29, 94, 6, 25, 108, 111, 117, 9, 110, 142, 102, 16, 119, 123, 86, 53, 124]",False,complete,91,91,2763,0,1290,0,1290,1593,303,0,0,lowest_first,True,2,115,24,115,24,24,24,24
1,200483,32,62,87,"[7, 10, 12, 13, 14, 17, 18, 26, 27, 28, 31, 32, 35, 36, 40, 42, 47, 48, 53, 54, 58, 61, 67, 71, 74, 78, 85, 93, 99, 104, 105, 109, 112, 115, 116, 118, 122, 124, 125, 126, 127, 128, 129, 130, 131, 132, 133, 134, 135, 136, 137, 138, 139, 140, 141, 143, 144, 145, 146, 147, 148, 149]","[0, 1, 2, 3, 4, 5, 6, 8, 9, 11, 15, 16, 19, 20, 21, 22, 23, 24, 25, 29, 30, 33, 34, 37, 38, 39, 41, 43, 44, 45, 46, 49, 50, 51, 52, 55, 56, 57, 59, 60, 62, 63, 64, 65, 66, 68, 69, 70, 72, 73, 75, 76, 77, 79, 80, 81, 82, 83, 84, 86, 87, 88, 89, 90, 91, 92, 94, 95, 96, 97, 98, 100, 101, 102, 103, 106, 107, 108, 110, 111, 114, 117, 119, 120, 121, 123, 142]",{},[],0,"[17, 122, 18, 32, 137, 138, 139, 140, 13, 14, 116, 118, 136, 112, 36, 135, 26, 28, 99, 105, 148, 115, 144, 149, 145, 147, 146, 12, 58, 71, 134, 109, 67, 61, 78, 10, 48, 133, 130, 93, 85, 129, 74, 42, 40, 7, 131, 132, 54, 143, 128, 31, 127, 47, 35, 126, 125, 141, 27, 104, 124, 53, 86, 123, 117, 43, 142, 15, 8, 29, 41, 102, 16, 25, 121, 110, 108, 94, 111, 9, 120, 114, 101, 76, 63, 64, 75, 119, 107, 55, 90, 77, 92, 106, 50, 6, 1, 2, 0, 30, 97, 11, 89, 98, 96, 83, 100, 44, 24, 84, 87, 82, 81, 103, 95, 88, 70, 91, 69, 79, 80, 72, 68, 60, 59, 73, 66, 65, 62, 57, 52, 51, 46, 49, 45, 56, 38, 23, 39, 34, 33, 21, 37, 20, 19, 5, 22, 4, 3]",True,13409699557,13.409699557,"[86, 123, 119, 16, 102, 142, 110, 9, 117, 111, 108, 25, 6, 94, 29, 15, 43, 41, 1, 2, 76, 63, 64, 75, 90, 55, 92, 77, 8, 0, 107, 114, 121, 120, 101, 106, 50, 30, 97, 11, 89, 98, 96, 83, 100, 44, 24, 84, 87, 82, 81, 103, 95, 88, 70, 91, 69, 79, 80, 72, 68, 60, 59, 73, 66, 65, 62, 57, 52, 51, 46, 49, 45, 56, 38, 23, 39, 34, 33, 21, 37, 20, 19, 5, 22, 4, 3]","[3, 4, 22, 5, 19, 20, 37, 21, 33, 34, 39, 23, 38, 56, 45, 49, 46, 51, 52, 57, 62, 65, 66, 73, 59, 60, 68, 72, 80, 79, 69, 91, 70, 88, 95, 103, 81, 82, 87, 84, 24, 44, 100, 83, 96, 98, 89, 11, 97, 30, 50, 106, 101, 120, 121, 114, 107, 0, 8, 77, 92, 55, 90, 75, 64, 63, 76, 2, 1, 41, 43, 15, 29, 94, 6, 25, 108, 111, 117, 9, 110, 142, 102, 16, 119, 123, 86]",False,complete,89,89,2618,0,1223,0,1223,1526,303,0,0,lowest_first,True,2,115,24,115,24,24,24,24
1,200484,33,64,85,"[7, 10, 12, 13, 14, 17, 18, 26, 27, 28, 31, 32, 35, 36, 40, 42, 47, 48, 53, 54, 58, 61, 67, 71, 74, 78, 85, 86, 93, 99, 104, 105, 109, 112, 115, 116, 118, 122, 123, 124, 125, 126, 127, 128, 129, 130, 131, 132, 133, 134, 135, 136, 137, 138, 139, 140, 141, 143, 144, 145, 146, 147, 148, 149]","[0, 1, 2, 3, 4, 5, 6, 8, 9, 11, 15, 16, 19, 20, 21, 22, 23, 24, 25, 29, 30, 33, 34, 37, 38, 39, 41, 43, 44, 45, 46, 49, 50, 51, 52, 55, 56, 57, 59, 60, 62, 63, 64, 65, 66, 68, 69, 70, 72, 73, 75, 76, 77, 79, 80, 81, 82, 83, 84, 87, 88, 89, 90, 91, 92, 94, 95, 96, 97, 98, 100, 101, 102, 103, 106, 107, 108, 110, 111, 114, 117, 119, 120, 121, 142]",{},[],0,"[17, 122, 18, 32, 137, 138, 139, 140, 13, 14, 116, 118, 136, 112, 36, 135, 26, 28, 99, 105, 148, 115, 144, 149, 145, 147, 146, 12, 58, 71, 134, 109, 67, 61, 78, 10, 48, 133, 130, 93, 85, 129, 74, 42, 40, 7, 131, 132, 54, 143, 128, 31, 127, 47, 35, 126, 125, 141, 27, 104, 124, 53, 86, 123, 117, 43, 142, 15, 8, 29, 41, 102, 16, 25, 121, 110, 108, 94, 111, 9, 120, 114, 101, 76, 63, 64, 75, 119, 107, 55, 90, 77, 92, 106, 50, 6, 1, 2, 0, 30, 97, 11, 89, 98, 96, 83, 100, 44, 24, 84, 87, 82, 81, 103, 95, 88, 70, 91, 69, 79, 80, 72, 68, 60, 59, 73, 66, 65, 62, 57, 52, 51, 46, 49, 45, 56, 38, 23, 39, 34, 33, 21, 37, 20, 19, 5, 22, 4, 3]",True,12211596144,12.211596144,"[119, 16, 102, 142, 110, 9, 117, 111, 108, 25, 6, 94, 29, 8, 41, 43, 1, 2, 76, 63, 64, 90, 77, 55, 92, 75, 15, 0, 107, 114, 121, 120, 101, 106, 50, 30, 97, 11, 91, 98, 96, 83, 100, 44, 24, 84, 82, 87, 81, 103, 95, 88, 70, 89, 69, 79, 80, 72, 68, 60, 59, 73, 66, 65, 62, 57, 52, 51, 46, 49, 45, 56, 38, 23, 39, 34, 33, 21, 37, 20, 19, 5, 22, 4, 3]","[3, 4, 22, 5, 19, 20, 37, 21, 33, 34, 39, 23, 38, 56, 45, 49, 46, 51, 52, 57, 62, 65, 66, 73, 59, 60, 68, 72, 80, 79, 69, 89, 70, 88, 95, 103, 81, 87, 82, 84, 24, 44, 100, 83, 96, 98, 91, 11, 97, 30, 50, 106, 101, 120, 121, 114, 107, 0, 15, 75, 92, 55, 77, 90, 64, 63, 76, 2, 1, 43, 41, 8, 29, 94, 6, 25, 108, 111, 117, 9, 110, 142, 102, 16, 119]",False,complete,87,87,2477,0,1151,0,1151,1454,303,0,0,lowest_first,True,2,115,24,115,24,24,24,24
1,200485,34,66,83,"[7, 10, 12, 13, 14, 17, 18, 26, 27, 28, 31, 32, 35, 36, 40, 42, 43, 47, 48, 53, 54, 58, 61, 67, 71, 74, 78, 85, 86, 93, 99, 104, 105, 109, 112, 115, 116, 117, 118, 122, 123, 124, 125, 126, 127, 128, 129, 130, 131, 132, 133, 134, 135, 136, 137, 138, 139, 140, 141, 143, 144, 145, 146, 147, 148, 149]","[0, 1, 2, 3, 4, 5, 6, 8, 9, 11, 15, 16, 19, 20, 21, 22, 23, 24, 25, 29, 30, 33, 34, 37, 38, 39, 41, 44, 45, 46, 49, 50, 51, 52, 55, 56, 57, 59, 60, 62, 63, 64, 65, 66, 68, 69, 70, 72, 73, 75, 76, 77, 79, 80, 81, 82, 83, 84, 87, 88, 89, 90, 91, 92, 94, 95, 96, 97, 98, 100, 101, 102, 103, 106, 107, 108, 110, 111, 114, 119, 120, 121, 142]",{},[],0,"[17, 122, 18, 32, 137, 138, 139, 140, 13, 14, 116, 118, 136, 112, 36, 135, 26, 28, 99, 105, 148, 115, 144, 149, 145, 147, 146, 12, 58, 71, 134, 109, 67, 61, 78, 10, 48, 133, 130, 93, 85, 129, 74, 42, 40, 7, 131, 132, 54, 143, 128, 31, 127, 47, 35, 126, 125, 141, 27, 104, 124, 53, 86, 123, 117, 43, 142, 15, 8, 29, 41, 102, 16, 25, 121, 110, 108, 94, 111, 9, 120, 114, 101, 76, 63, 64, 75, 119, 107, 55, 90, 77, 92, 106, 50, 6, 1, 2, 0, 30, 97, 11, 89, 98, 96, 83, 100, 44, 24, 84, 87, 82, 81, 103, 95, 88, 70, 91, 69, 79, 80, 72, 68, 60, 59, 73, 66, 65, 62, 57, 52, 51, 46, 49, 45, 56, 38, 23, 39, 34, 33, 21, 37, 20, 19, 5, 22, 4, 3]",True,14097389301,14.097389301,"[142, 29, 102, 30, 110, 119, 8, 108, 15, 111, 9, 97, 16, 107, 25, 114, 11, 76, 89, 64, 90, 55, 75, 77, 92, 41, 121, 100, 120, 101, 63, 106, 50, 98, 96, 95, 83, 103, 44, 24, 84, 82, 91, 88, 70, 87, 81, 94, 69, 79, 80, 72, 68, 60, 59, 73, 66, 65, 62, 57, 6, 1, 2, 0, 52, 51, 46, 49, 45, 56, 38, 23, 39, 34, 33, 21, 37, 20, 19, 5, 22, 4, 3]","[3, 4, 22, 5, 19, 20, 37, 21, 33, 34, 39, 23, 38, 56, 45, 49, 46, 51, 52, 0, 2, 1, 6, 57, 62, 65, 66, 73, 59, 60, 68, 72, 80, 79, 69, 94, 81, 87, 70, 88, 91, 82, 84, 24, 44, 103, 83, 95, 96, 98, 50, 106, 63, 101, 120, 100, 121, 41, 92, 77, 75, 55, 90, 64, 89, 76, 11, 114, 25, 107, 16, 97, 9, 111, 15, 108, 8, 119, 110, 30, 102, 29, 142]",False,complete,107,107,2531,0,1537,34,1503,2000,632,0,0,lowest_first,True,2,125,26,125,26,26,26,26
1,200486,35,68,81,"[7, 10, 12, 13, 14, 15, 17, 18, 26, 27, 28, 31, 32, 35, 36, 40, 42, 43, 47, 48, 53, 54, 58, 61, 67, 71, 74, 78, 85, 86, 93, 99, 104, 105, 109, 112, 115, 116, 117, 118, 122, 123, 124, 125, 126, 127, 128, 129, 130, 131, 132, 133, 134, 135, 136, 137, 138, 139, 140, 141, 142, 143, 144, 145, 146, 147, 148, 149]","[0, 1, 2, 3, 4, 5, 6, 8, 9, 11, 16, 19, 20, 21, 22, 23, 24, 25, 29, 30, 33, 34, 37, 38, 39, 41, 44, 45, 46, 49, 50, 51, 52, 55, 56, 57, 59, 60, 62, 63, 64, 65, 66, 68, 69, 70, 72, 73, 75, 76, 77, 79, 80, 81, 82, 83, 84, 87, 88, 89, 90, 91, 92, 94, 95, 96, 97, 98, 100, 101, 102, 103, 106, 107, 108, 110, 111, 114, 119, 120, 121]",{},[],0,"[17, 122, 18, 32, 137, 138, 139, 140, 13, 14, 116, 118, 136, 112, 36, 135, 26, 28, 99, 105, 148, 115, 144, 149, 145, 147, 146, 12, 58, 71, 134, 109, 67, 61, 78, 10, 48, 133, 130, 93, 85, 129, 74, 42, 40, 7, 131, 132, 54, 143, 128, 31, 127, 47, 35, 126, 125, 141, 27, 104, 124, 53, 86, 123, 117, 43, 142, 15, 8, 29, 41, 102, 16, 25, 121, 110, 108, 94, 111, 9, 120, 114, 101, 76, 63, 64, 75, 119, 107, 55, 90, 77, 92, 106, 50, 6, 1, 2, 0, 30, 97, 11, 89, 98, 96, 83, 100, 44, 24, 84, 87, 82, 81, 103, 95, 88, 70, 91, 69, 79, 80, 72, 68, 60, 59, 73, 66, 65, 62, 57, 52, 51, 46, 49, 45, 56, 38, 23, 39, 34, 33, 21, 37, 20, 19, 5, 22, 4, 3]",True,8831220862,8.831220862,"[8, 29, 41, 102, 16, 25, 121, 110, 108, 94, 111, 9, 6, 1, 2, 0, 120, 114, 101, 76, 63, 64, 119, 107, 90, 92, 55, 75, 77, 106, 50, 30, 97, 11, 91, 98, 96, 83, 100, 44, 24, 84, 82, 87, 81, 103, 95, 88, 70, 89, 69, 79, 80, 72, 68, 60, 59, 73, 66, 65, 62, 57, 52, 51, 46, 49, 45, 56, 38, 23, 39, 34, 33, 21, 37, 20, 19, 5, 22, 4, 3]","[3, 4, 22, 5, 19, 20, 37, 21, 33, 34, 39, 23, 38, 56, 45, 49, 46, 51, 52, 57, 62, 65, 66, 73, 59, 60, 68, 72, 80, 79, 69, 89, 70, 88, 95, 103, 81, 87, 82, 84, 24, 44, 100, 83, 96, 98, 91, 11, 97, 30, 50, 106, 77, 75, 55, 92, 90, 107, 119, 64, 63, 76, 101, 114, 120, 0, 2, 1, 6, 9, 111, 94, 108, 110, 121, 25, 16, 102, 41, 29, 8]",False,complete,81,81,2063,0,913,0,913,1088,175,0,0,lowest_first,True,2,115,23,115,23,23,23,23
1,200487,36,70,79,"[7, 8, 10, 12, 13, 14, 15, 17, 18, 26, 27, 28, 29, 31, 32, 35, 36, 40, 42, 43, 47, 48, 53, 54, 58, 61, 67, 71, 74, 78, 85, 86, 93, 99, 104, 105, 109, 112, 115, 116, 117, 118, 122, 123, 124, 125, 126, 127, 128, 129, 130, 131, 132, 133, 134, 135, 136, 137, 138, 139, 140, 141, 142, 143, 144, 145, 146, 147, 148, 149]","[0, 1, 2, 3, 4, 5, 6, 9, 11, 16, 19, 20, 21, 22, 23, 24, 25, 30, 33, 34, 37, 38, 39, 41, 44, 45, 46, 49, 50, 51, 52, 55, 56, 57, 59, 60, 62, 63, 64, 65, 66, 68, 69, 70, 72, 73, 75, 76, 77, 79, 80, 81, 82, 83, 84, 87, 88, 89, 90, 91, 92, 94, 95, 96, 97, 98, 100, 101, 102, 103, 106, 107, 108, 110, 111, 114, 119, 120, 121]",{},[],0,"[17, 122, 18, 32, 137, 138, 139, 140, 13, 14, 116, 118, 136, 112, 36, 135, 26, 28, 99, 105, 148, 115, 144, 149, 145, 147, 146, 12, 58, 71, 134, 109, 67, 61, 78, 10, 48, 133, 130, 93, 85, 129, 74, 42, 40, 7, 131, 132, 54, 143, 128, 31, 127, 47, 35, 126, 125, 141, 27, 104, 124, 53, 86, 123, 117, 43, 142, 15, 8, 29, 41, 102, 16, 25, 121, 110, 108, 94, 111, 9, 120, 114, 101, 76, 63, 64, 75, 119, 107, 55, 90, 77, 92, 106, 50, 6, 1, 2, 0, 30, 97, 11, 89, 98, 96, 83, 100, 44, 24, 84, 87, 82, 81, 103, 95, 88, 70, 91, 69, 79, 80, 72, 68, 60, 59, 73, 66, 65, 62, 57, 52, 51, 46, 49, 45, 56, 38, 23, 39, 34, 33, 21, 37, 20, 19, 5, 22, 4, 3]",True,7874450551,7.874450551,"[41, 102, 16, 25, 121, 110, 108, 94, 111, 9, 120, 114, 101, 76, 63, 64, 77, 55, 119, 107, 90, 92, 75, 106, 50, 6, 1, 2, 0, 30, 97, 11, 91, 98, 96, 83, 100, 44, 24, 84, 82, 87, 81, 103, 95, 88, 70, 89, 69, 79, 80, 72, 68, 60, 59, 73, 66, 65, 62, 57, 52, 51, 46, 49, 45, 56, 38, 23, 39, 34, 33, 21, 37, 20, 19, 5, 22, 4, 3]","[3, 4, 22, 5, 19, 20, 37, 21, 33, 34, 39, 23, 38, 56, 45, 49, 46, 51, 52, 57, 62, 65, 66, 73, 59, 60, 68, 72, 80, 79, 69, 89, 70, 88, 95, 103, 81, 87, 82, 84, 24, 44, 100, 83, 96, 98, 91, 11, 97, 30, 0, 2, 1, 6, 50, 106, 75, 92, 90, 107, 119, 55, 77, 64, 63, 76, 101, 114, 120, 9, 111, 94, 108, 110, 121, 25, 16, 102, 41]",False,complete,79,79,1948,0,843,0,843,1011,168,0,0,lowest_first,True,2,115,23,115,23,23,23,23
1,200488,37,72,77,"[7, 8, 10, 12, 13, 14, 15, 17, 18, 26, 27, 28, 29, 31, 32, 35, 36, 40, 41, 42, 43, 47, 48, 53, 54, 58, 61, 67, 71, 74, 78, 85, 86, 93, 99, 102, 104, 105, 109, 112, 115, 116, 117, 118, 122, 123, 124, 125, 126, 127, 128, 129, 130, 131, 132, 133, 134, 135, 136, 137, 138, 139, 140, 141, 142, 143, 144, 145, 146, 147, 148, 149]","[0, 1, 2, 3, 4, 5, 6, 9, 11, 16, 19, 20, 21, 22, 23, 24, 25, 30, 33, 34, 37, 38, 39, 44, 45, 46, 49, 50, 51, 52, 55, 56, 57, 59, 60, 62, 63, 64, 65, 66, 68, 69, 70, 72, 73, 75, 76, 77, 79, 80, 81, 82, 83, 84, 87, 88, 89, 90, 91, 92, 94, 95, 96, 97, 98, 100, 101, 103, 106, 107, 108, 110, 111, 114, 119, 120, 121]","{""support_1"": 111}",[111],1,"[17, 122, 18, 32, 137, 138, 139, 140, 13, 14, 116, 118, 136, 112, 36, 135, 26, 28, 99, 105, 148, 115, 144, 149, 145, 147, 146, 12, 58, 71, 134, 109, 67, 61, 78, 10, 48, 133, 130, 93, 85, 129, 74, 42, 40, 7, 131, 132, 54, 143, 128, 31, 127, 47, 35, 126, 125, 141, 27, 104, 124, 53, 86, 123, 117, 43, 142, 15, 8, 29, 41, 102, 16, 25, 121, 110, 108, 94, 111, 9, 120, 114, 101, 76, 63, 64, 75, 119, 107, 55, 90, 77, 92, 106, 50, 6, 1, 2, 0, 30, 97, 11, 89, 98, 96, 83, 100, 44, 24, 84, 87, 82, 81, 103, 95, 88, 70, 91, 69, 79, 80, 72, 68, 60, 59, 73, 66, 65, 62, 57, 52, 51, 46, 49, 45, 56, 38, 23, 39, 34, 33, 21, 37, 20, 19, 5, 22, 4, 3]",True,6695017754,6.695017754,"[16, 25, 121, 110, 108, 94, 111, 9, 120, 114, 101, 76, 63, 64, 90, 77, 92, 75, 119, 107, 55, 106, 50, 6, 1, 2, 0, 30, 97, 11, 91, 98, 96, 83, 100, 44, 24, 84, 82, 87, 81, 103, 95, 88, 70, 89, 69, 79, 80, 72, 68, 60, 59, 73, 66, 65, 62, 57, 52, 51, 46, 49, 45, 56, 38, 23, 39, 34, 33, 21, 37, 20, 19, 5, 22, 4, 3]","[3, 4, 22, 5, 19, 20, 37, 21, 33, 34, 39, 23, 38, 56, 45, 49, 46, 51, 52, 57, 62, 65, 66, 73, 59, 60, 68, 72, 80, 79, 69, 89, 70, 88, 95, 103, 81, 87, 82, 84, 24, 44, 100, 83, 96, 98, 91, 11, 97, 30, 0, 2, 1, 6, 50, 106, 55, 107, 119, 75, 92, 77, 90, 64, 63, 76, 101, 114, 120, 9, 111, 94, 108, 110, 121, 25, 16]",False,complete,77,77,1823,0,763,0,763,930,167,0,0,lowest_first,True,2,114,22,114,23,23,22,23
1,200489,38,74,75,"[7, 8, 10, 12, 13, 14, 15, 16, 17, 18, 25, 26, 27, 28, 29, 31, 32, 35, 36, 40, 41, 42, 43, 47, 48, 53, 54, 58, 61, 67, 71, 74, 78, 85, 86, 93, 99, 102, 104, 105, 109, 112, 115, 116, 117, 118, 122, 123, 124, 125, 126, 127, 128, 129, 130, 131, 132, 133, 134, 135, 136, 137, 138, 139, 140, 141, 142, 143, 144, 145, 146, 147, 148, 149]","[0, 1, 2, 3, 4, 5, 6, 9, 11, 19, 20, 21, 22, 23, 24, 30, 33, 34, 37, 38, 39, 44, 45, 46, 49, 50, 51, 52, 55, 56, 57, 59, 60, 62, 63, 64, 65, 66, 68, 69, 70, 72, 73, 75, 76, 77, 79, 80, 81, 82, 83, 84, 87, 88, 89, 90, 91, 92, 94, 95, 96, 97, 98, 100, 101, 103, 106, 107, 108, 110, 111, 114, 119, 120, 121]","{""support_1"": 111, ""support_2"": 106}","[106, 111]",2,"[17, 122, 18, 32, 137, 138, 139, 140, 13, 14, 116, 118, 136, 112, 36, 135, 26, 28, 99, 105, 148, 115, 144, 149, 145, 147, 146, 12, 58, 71, 134, 109, 67, 61, 78, 10, 48, 133, 130, 93, 85, 129, 74, 42, 40, 7, 131, 132, 54, 143, 128, 31, 127, 47, 35, 126, 125, 141, 27, 104, 124, 53, 86, 123, 117, 43, 142, 15, 8, 29, 41, 102, 16, 25, 121, 110, 108, 94, 111, 9, 120, 114, 101, 76, 63, 64, 75, 119, 107, 55, 90, 77, 92, 106, 50, 6, 1, 2, 0, 30, 97, 11, 89, 98, 96, 83, 100, 44, 24, 84, 87, 82, 81, 103, 95, 88, 70, 91, 69, 79, 80, 72, 68, 60, 59, 73, 66, 65, 62, 57, 52, 51, 46, 49, 45, 56, 38, 23, 39, 34, 33, 21, 37, 20, 19, 5, 22, 4, 3]",True,6009828411,6.009828411,"[121, 110, 108, 94, 111, 9, 120, 114, 101, 76, 63, 64, 77, 90, 55, 75, 119, 107, 92, 106, 50, 6, 1, 2, 0, 30, 97, 11, 91, 98, 96, 83, 100, 44, 24, 84, 87, 82, 81, 103, 95, 88, 70, 89, 69, 79, 80, 72, 68, 60, 59, 73, 66, 65, 62, 57, 52, 51, 46, 49, 45, 56, 38, 23, 39, 34, 33, 21, 37, 20, 19, 5, 22, 4, 3]","[3, 4, 22, 5, 19, 20, 37, 21, 33, 34, 39, 23, 38, 56, 45, 49, 46, 51, 52, 57, 62, 65, 66, 73, 59, 60, 68, 72, 80, 79, 69, 89, 70, 88, 95, 103, 81, 82, 87, 84, 24, 44, 100, 83, 96, 98, 91, 11, 97, 30, 0, 2, 1, 6, 50, 106, 92, 107, 119, 75, 55, 90, 77, 64, 63, 76, 101, 114, 120, 9, 111, 94, 108, 110, 121]",False,complete,75,75,1726,0,718,0,718,874,156,0,0,lowest_first,True,2,110,21,110,23,23,21,23
1,200490,39,76,73,"[7, 8, 10, 12, 13, 14, 15, 16, 17, 18, 25, 26, 27, 28, 29, 31, 32, 35, 36, 40, 41, 42, 43, 47, 48, 53, 54, 58, 61, 67, 71, 74, 78, 85, 86, 93, 99, 102, 104, 105, 109, 110, 112, 115, 116, 117, 118, 121, 122, 123, 124, 125, 126, 127, 128, 129, 130, 131, 132, 133, 134, 135, 136, 137, 138, 139, 140, 141, 142, 143, 144, 145, 146, 147, 148, 149]","[0, 1, 2, 3, 4, 5, 6, 9, 11, 19, 20, 21, 22, 23, 24, 30, 33, 34, 37, 38, 39, 44, 45, 46, 49, 50, 51, 52, 55, 56, 57, 59, 60, 62, 63, 64, 65, 66, 68, 69, 70, 72, 73, 75, 76, 77, 79, 80, 81, 82, 83, 84, 87, 88, 89, 90, 91, 92, 94, 95, 96, 97, 98, 100, 101, 103, 106, 107, 108, 111, 114, 119, 120]","{""support_1"": 111, ""support_2"": 106}","[106, 111]",2,"[17, 122, 18, 32, 137, 138, 139, 140, 13, 14, 116, 118, 136, 112, 36, 135, 26, 28, 99, 105, 148, 115, 144, 149, 145, 147, 146, 12, 58, 71, 134, 109, 67, 61, 78, 10, 48, 133, 130, 93, 85, 129, 74, 42, 40, 7, 131, 132, 54, 143, 128, 31, 127, 47, 35, 126, 125, 141, 27, 104, 124, 53, 86, 123, 117, 43, 142, 15, 8, 29, 41, 102, 16, 25, 121, 110, 108, 94, 111, 9, 120, 114, 101, 76, 63, 64, 75, 119, 107, 55, 90, 77, 92, 106, 50, 6, 1, 2, 0, 30, 97, 11, 89, 98, 96, 83, 100, 44, 24, 84, 87, 82, 81, 103, 95, 88, 70, 91, 69, 79, 80, 72, 68, 60, 59, 73, 66, 65, 62, 57, 52, 51, 46, 49, 45, 56, 38, 23, 39, 34, 33, 21, 37, 20, 19, 5, 22, 4, 3]",True,5830539278,5.830539278,"[108, 94, 111, 9, 120, 114, 101, 76, 63, 64, 77, 55, 119, 107, 75, 92, 90, 106, 50, 6, 1, 2, 0, 30, 97, 11, 89, 98, 96, 83, 100, 44, 24, 84, 87, 82, 81, 103, 95, 88, 70, 91, 69, 79, 80, 72, 68, 60, 59, 73, 66, 65, 62, 57, 52, 51, 46, 49, 45, 56, 38, 23, 39, 34, 33, 21, 37, 20, 19, 5, 22, 4, 3]","[3, 4, 22, 5, 19, 20, 37, 21, 33, 34, 39, 23, 38, 56, 45, 49, 46, 51, 52, 57, 62, 65, 66, 73, 59, 60, 68, 72, 80, 79, 69, 91, 70, 88, 95, 103, 81, 82, 87, 84, 24, 44, 100, 83, 96, 98, 89, 11, 97, 30, 0, 2, 1, 6, 50, 106, 90, 92, 75, 107, 119, 55, 77, 64, 63, 76, 101, 114, 120, 9, 111, 94, 108]",False,complete,73,73,1646,0,706,0,706,862,156,0,0,lowest_first,True,2,106,21,106,23,23,21,23
1,200491,40,78,71,"[7, 8, 10, 12, 13, 14, 15, 16, 17, 18, 25, 26, 27, 28, 29, 31, 32, 35, 36, 40, 41, 42, 43, 47, 48, 53, 54, 58, 61, 67, 71, 74, 78, 85, 86, 93, 94, 99, 102, 104, 105, 108, 109, 110, 112, 115, 116, 117, 118, 121, 122, 123, 124, 125, 126, 127, 128, 129, 130, 131, 132, 133, 134, 135, 136, 137, 138, 139, 140, 141, 142, 143, 144, 145, 146, 147, 148, 149]","[0, 1, 2, 3, 4, 5, 6, 9, 11, 19, 20, 21, 22, 23, 24, 30, 33, 34, 37, 38, 39, 44, 45, 46, 49, 50, 51, 52, 55, 56, 57, 59, 60, 62, 63, 64, 65, 66, 68, 69, 70, 72, 73, 75, 76, 77, 79, 80, 81, 82, 83, 84, 87, 88, 89, 90, 91, 92, 95, 96, 97, 98, 100, 101, 103, 106, 107, 111, 114, 119, 120]","{""support_1"": 111, ""support_2"": 106}","[106, 111]",2,"[17, 122, 18, 32, 137, 138, 139, 140, 13, 14, 116, 118, 136, 112, 36, 135, 26, 28, 99, 105, 148, 115, 144, 149, 145, 147, 146, 12, 58, 71, 134, 109, 67, 61, 78, 10, 48, 133, 130, 93, 85, 129, 74, 42, 40, 7, 131, 132, 54, 143, 128, 31, 127, 47, 35, 126, 125, 141, 27, 104, 124, 53, 86, 123, 117, 43, 142, 15, 8, 29, 41, 102, 16, 25, 121, 110, 108, 94, 111, 9, 120, 114, 101, 76, 63, 64, 75, 119, 107, 55, 90, 77, 92, 106, 50, 6, 1, 2, 0, 30, 97, 11, 89, 98, 96, 83, 100, 44, 24, 84, 87, 82, 81, 103, 95, 88, 70, 91, 69, 79, 80, 72, 68, 60, 59, 73, 66, 65, 62, 57, 52, 51, 46, 49, 45, 56, 38, 23, 39, 34, 33, 21, 37, 20, 19, 5, 22, 4, 3]",True,5429710585,5.429710585,"[111, 9, 6, 1, 2, 0, 120, 114, 101, 76, 63, 64, 55, 75, 119, 107, 90, 92, 77, 106, 50, 30, 97, 11, 91, 98, 96, 83, 100, 44, 24, 84, 82, 87, 81, 103, 95, 88, 70, 89, 69, 79, 80, 72, 68, 60, 59, 73, 66, 65, 62, 57, 52, 51, 46, 49, 45, 56, 38, 23, 39, 34, 33, 21, 37, 20, 19, 5, 22, 4, 3]","[3, 4, 22, 5, 19, 20, 37, 21, 33, 34, 39, 23, 38, 56, 45, 49, 46, 51, 52, 57, 62, 65, 66, 73, 59, 60, 68, 72, 80, 79, 69, 89, 70, 88, 95, 103, 81, 87, 82, 84, 24, 44, 100, 83, 96, 98, 91, 11, 97, 30, 50, 106, 77, 92, 90, 107, 119, 75, 55, 64, 63, 76, 101, 114, 120, 0, 2, 1, 6, 9, 111]",False,complete,71,71,1559,0,679,0,679,842,163,0,0,lowest_first,True,2,102,21,102,22,22,21,23
1,200492,41,80,69,"[7, 8, 9, 10, 12, 13, 14, 15, 16, 17, 18, 25, 26, 27, 28, 29, 31, 32, 35, 36, 40, 41, 42, 43, 47, 48, 53, 54, 58, 61, 67, 71, 74, 78, 85, 86, 93, 94, 99, 102, 104, 105, 108, 109, 110, 111, 112, 115, 116, 117, 118, 121, 122, 123, 124, 125, 126, 127, 128, 129, 130, 131, 132, 133, 134, 135, 136, 137, 138, 139, 140, 141, 142, 143, 144, 145, 146, 147, 148, 149]","[0, 1, 2, 3, 4, 5, 6, 11, 19, 20, 21, 22, 23, 24, 30, 33, 34, 37, 38, 39, 44, 45, 46, 49, 50, 51, 52, 55, 56, 57, 59, 60, 62, 63, 64, 65, 66, 68, 69, 70, 72, 73, 75, 76, 77, 79, 80, 81, 82, 83, 84, 87, 88, 89, 90, 91, 92, 95, 96, 97, 98, 100, 101, 103, 106, 107, 114, 119, 120]","{""support_2"": 106}",[106],1,"[17, 122, 18, 32, 137, 138, 139, 140, 13, 14, 116, 118, 136, 112, 36, 135, 26, 28, 99, 105, 148, 115, 144, 149, 145, 147, 146, 12, 58, 71, 134, 109, 67, 61, 78, 10, 48, 133, 130, 93, 85, 129, 74, 42, 40, 7, 131, 132, 54, 143, 128, 31, 127, 47, 35, 126, 125, 141, 27, 104, 124, 53, 86, 123, 117, 43, 142, 15, 8, 29, 41, 102, 16, 25, 121, 110, 108, 94, 111, 9, 120, 114, 101, 76, 63, 64, 75, 119, 107, 55, 90, 77, 92, 106, 50, 6, 1, 2, 0, 30, 97, 11, 89, 98, 96, 83, 100, 44, 24, 84, 87, 82, 81, 103, 95, 88, 70, 91, 69, 79, 80, 72, 68, 60, 59, 73, 66, 65, 62, 57, 52, 51, 46, 49, 45, 56, 38, 23, 39, 34, 33, 21, 37, 20, 19, 5, 22, 4, 3]",True,5152997587,5.152997587,"[120, 114, 101, 76, 63, 64, 75, 55, 92, 77, 119, 107, 90, 106, 50, 6, 1, 2, 0, 30, 97, 11, 91, 98, 96, 83, 100, 44, 24, 84, 87, 82, 81, 103, 95, 88, 70, 89, 69, 79, 80, 72, 68, 60, 59, 73, 66, 65, 62, 57, 52, 51, 46, 49, 45, 56, 38, 23, 39, 34, 33, 21, 37, 20, 19, 5, 22, 4, 3]","[3, 4, 22, 5, 19, 20, 37, 21, 33, 34, 39, 23, 38, 56, 45, 49, 46, 51, 52, 57, 62, 65, 66, 73, 59, 60, 68, 72, 80, 79, 69, 89, 70, 88, 95, 103, 81, 82, 87, 84, 24, 44, 100, 83, 96, 98, 91, 11, 97, 30, 0, 2, 1, 6, 50, 106, 90, 107, 119, 77, 92, 55, 75, 64, 63, 76, 101, 114, 120]",False,complete,69,69,1504,0,654,0,654,810,156,0,0,lowest_first,True,2,99,20,99,21,21,20,21
1,200493,42,82,67,"[7, 8, 9, 10, 12, 13, 14, 15, 16, 17, 18, 25, 26, 27, 28, 29, 31, 32, 35, 36, 40, 41, 42, 43, 47, 48, 53, 54, 58, 61, 67, 71, 74, 78, 85, 86, 93, 94, 99, 102, 104, 105, 108, 109, 110, 111, 112, 114, 115, 116, 117, 118, 120, 121, 122, 123, 124, 125, 126, 127, 128, 129, 130, 131, 132, 133, 134, 135, 136, 137, 138, 139, 140, 141, 142, 143, 144, 145, 146, 147, 148, 149]","[0, 1, 2, 3, 4, 5, 6, 11, 19, 20, 21, 22, 23, 24, 30, 33, 34, 37, 38, 39, 44, 45, 46, 49, 50, 51, 52, 55, 56, 57, 59, 60, 62, 63, 64, 65, 66, 68, 69, 70, 72, 73, 75, 76, 77, 79, 80, 81, 82, 83, 84, 87, 88, 89, 90, 91, 92, 95, 96, 97, 98, 100, 101, 103, 106, 107, 119]","{""support_2"": 106}",[106],1,"[17, 122, 18, 32, 137, 138, 139, 140, 13, 14, 116, 118, 136, 112, 36, 135, 26, 28, 99, 105, 148, 115, 144, 149, 145, 147, 146, 12, 58, 71, 134, 109, 67, 61, 78, 10, 48, 133, 130, 93, 85, 129, 74, 42, 40, 7, 131, 132, 54, 143, 128, 31, 127, 47, 35, 126, 125, 141, 27, 104, 124, 53, 86, 123, 117, 43, 142, 15, 8, 29, 41, 102, 16, 25, 121, 110, 108, 94, 111, 9, 120, 114, 101, 76, 63, 64, 75, 119, 107, 55, 90, 77, 92, 106, 50, 6, 1, 2, 0, 30, 97, 11, 89, 98, 96, 83, 100, 44, 24, 84, 87, 82, 81, 103, 95, 88, 70, 91, 69, 79, 80, 72, 68, 60, 59, 73, 66, 65, 62, 57, 52, 51, 46, 49, 45, 56, 38, 23, 39, 34, 33, 21, 37, 20, 19, 5, 22, 4, 3]",True,4631300442,4.631300442,"[101, 76, 63, 64, 119, 107, 77, 92, 90, 75, 55, 106, 50, 6, 1, 2, 0, 30, 97, 11, 91, 98, 96, 83, 100, 44, 24, 84, 87, 82, 81, 103, 95, 88, 70, 89, 69, 79, 80, 72, 68, 60, 59, 73, 66, 65, 62, 57, 52, 51, 46, 49, 45, 56, 38, 23, 39, 34, 33, 21, 37, 20, 19, 5, 22, 4, 3]","[3, 4, 22, 5, 19, 20, 37, 21, 33, 34, 39, 23, 38, 56, 45, 49, 46, 51, 52, 57, 62, 65, 66, 73, 59, 60, 68, 72, 80, 79, 69, 89, 70, 88, 95, 103, 81, 82, 87, 84, 24, 44, 100, 83, 96, 98, 91, 11, 97, 30, 0, 2, 1, 6, 50, 106, 55, 75, 90, 92, 77, 107, 119, 64, 63, 76, 101]",False,complete,67,67,1417,0,614,0,614,727,113,0,0,lowest_first,True,2,96,19,96,20,20,19,20
1,200494,43,84,65,"[7, 8, 9, 10, 12, 13, 14, 15, 16, 17, 18, 25, 26, 27, 28, 29, 31, 32, 35, 36, 40, 41, 42, 43, 47, 48, 53, 54, 58, 61, 67, 71, 74, 76, 78, 85, 86, 93, 94, 99, 101, 102, 104, 105, 108, 109, 110, 111, 112, 114, 115, 116, 117, 118, 120, 121, 122, 123, 124, 125, 126, 127, 128, 129, 130, 131, 132, 133, 134, 135, 136, 137, 138, 139, 140, 141, 142, 143, 144, 145, 146, 147, 148, 149]","[0, 1, 2, 3, 4, 5, 6, 11, 19, 20, 21, 22, 23, 24, 30, 33, 34, 37, 38, 39, 44, 45, 46, 49, 50, 51, 52, 55, 56, 57, 59, 60, 62, 63, 64, 65, 66, 68, 69, 70, 72, 73, 75, 77, 79, 80, 81, 82, 83, 84, 87, 88, 89, 90, 91, 92, 95, 96, 97, 98, 100, 103, 106, 107, 119]","{""support_2"": 106}",[106],1,"[17, 122, 18, 32, 137, 138, 139, 140, 13, 14, 116, 118, 136, 112, 36, 135, 26, 28, 99, 105, 148, 115, 144, 149, 145, 147, 146, 12, 58, 71, 134, 109, 67, 61, 78, 10, 48, 133, 130, 93, 85, 129, 74, 42, 40, 7, 131, 132, 54, 143, 128, 31, 127, 47, 35, 126, 125, 141, 27, 104, 124, 53, 86, 123, 117, 43, 142, 15, 8, 29, 41, 102, 16, 25, 121, 110, 108, 94, 111, 9, 120, 114, 101, 76, 63, 64, 75, 119, 107, 55, 90, 77, 92, 106, 50, 6, 1, 2, 0, 30, 97, 11, 89, 98, 96, 83, 100, 44, 24, 84, 87, 82, 81, 103, 95, 88, 70, 91, 69, 79, 80, 72, 68, 60, 59, 73, 66, 65, 62, 57, 52, 51, 46, 49, 45, 56, 38, 23, 39, 34, 33, 21, 37, 20, 19, 5, 22, 4, 3]",True,4547772105,4.547772105,"[63, 64, 119, 107, 75, 55, 92, 90, 77, 106, 50, 6, 1, 2, 0, 30, 97, 11, 91, 98, 96, 83, 100, 44, 24, 84, 87, 82, 81, 103, 95, 88, 70, 89, 69, 79, 80, 72, 68, 60, 59, 73, 66, 65, 62, 57, 52, 51, 46, 49, 45, 56, 38, 23, 39, 34, 33, 21, 37, 20, 19, 5, 22, 4, 3]","[3, 4, 22, 5, 19, 20, 37, 21, 33, 34, 39, 23, 38, 56, 45, 49, 46, 51, 52, 57, 62, 65, 66, 73, 59, 60, 68, 72, 80, 79, 69, 89, 70, 88, 95, 103, 81, 82, 87, 84, 24, 44, 100, 83, 96, 98, 91, 11, 97, 30, 0, 2, 1, 6, 50, 106, 77, 90, 92, 55, 75, 107, 119, 64, 63]",False,complete,65,65,1319,0,608,0,608,721,113,0,0,lowest_first,True,2,94,19,94,20,20,19,20
1,200495,44,86,63,"[7, 8, 9, 10, 12, 13, 14, 15, 16, 17, 18, 25, 26, 27, 28, 29, 31, 32, 35, 36, 40, 41, 42, 43, 47, 48, 53, 54, 58, 61, 63, 64, 67, 71, 74, 76, 78, 85, 86, 93, 94, 99, 101, 102, 104, 105, 108, 109, 110, 111, 112, 114, 115, 116, 117, 118, 120, 121, 122, 123, 124, 125, 126, 127, 128, 129, 130, 131, 132, 133, 134, 135, 136, 137, 138, 139, 140, 141, 142, 143, 144, 145, 146, 147, 148, 149]","[0, 1, 2, 3, 4, 5, 6, 11, 19, 20, 21, 22, 23, 24, 30, 33, 34, 37, 38, 39, 44, 45, 46, 49, 50, 51, 52, 55, 56, 57, 59, 60, 62, 65, 66, 68, 69, 70, 72, 73, 75, 77, 79, 80, 81, 82, 83, 84, 87, 88, 89, 90, 91, 92, 95, 96, 97, 98, 100, 103, 106, 107, 119]","{""support_2"": 106}",[106],1,"[17, 122, 18, 32, 137, 138, 139, 140, 13, 14, 116, 118, 136, 112, 36, 135, 26, 28, 99, 105, 148, 115, 144, 149, 145, 147, 146, 12, 58, 71, 134, 109, 67, 61, 78, 10, 48, 133, 130, 93, 85, 129, 74, 42, 40, 7, 131, 132, 54, 143, 128, 31, 127, 47, 35, 126, 125, 141, 27, 104, 124, 53, 86, 123, 117, 43, 142, 15, 8, 29, 41, 102, 16, 25, 121, 110, 108, 94, 111, 9, 120, 114, 101, 76, 63, 64, 75, 119, 107, 55, 90, 77, 92, 106, 50, 6, 1, 2, 0, 30, 97, 11, 89, 98, 96, 83, 100, 44, 24, 84, 87, 82, 81, 103, 95, 88, 70, 91, 69, 79, 80, 72, 68, 60, 59, 73, 66, 65, 62, 57, 52, 51, 46, 49, 45, 56, 38, 23, 39, 34, 33, 21, 37, 20, 19, 5, 22, 4, 3]",True,4342880163,4.342880163,"[55, 77, 92, 90, 119, 107, 75, 106, 50, 6, 1, 2, 0, 30, 97, 11, 89, 98, 96, 83, 100, 44, 24, 84, 82, 87, 81, 103, 95, 88, 70, 91, 69, 79, 80, 72, 68, 60, 59, 73, 66, 65, 62, 57, 52, 51, 46, 49, 45, 56, 38, 23, 39, 34, 33, 21, 37, 20, 19, 5, 22, 4, 3]","[3, 4, 22, 5, 19, 20, 37, 21, 33, 34, 39, 23, 38, 56, 45, 49, 46, 51, 52, 57, 62, 65, 66, 73, 59, 60, 68, 72, 80, 79, 69, 91, 70, 88, 95, 103, 81, 87, 82, 84, 24, 44, 100, 83, 96, 98, 89, 11, 97, 30, 0, 2, 1, 6, 50, 106, 75, 107, 119, 90, 92, 77, 55]",False,complete,63,63,1229,0,588,0,588,701,113,0,0,lowest_first,True,2,92,19,92,20,20,19,20
1,200496,45,88,61,"[7, 8, 9, 10, 12, 13, 14, 15, 16, 17, 18, 25, 26, 27, 28, 29, 31, 32, 35, 36, 40, 41, 42, 43, 47, 48, 53, 54, 58, 61, 63, 64, 67, 71, 74, 75, 76, 78, 85, 86, 93, 94, 99, 101, 102, 104, 105, 108, 109, 110, 111, 112, 114, 115, 116, 117, 118, 119, 120, 121, 122, 123, 124, 125, 126, 127, 128, 129, 130, 131, 132, 133, 134, 135, 136, 137, 138, 139, 140, 141, 142, 143, 144, 145, 146, 147, 148, 149]","[0, 1, 2, 3, 4, 5, 6, 11, 19, 20, 21, 22, 23, 24, 30, 33, 34, 37, 38, 39, 44, 45, 46, 49, 50, 51, 52, 55, 56, 57, 59, 60, 62, 65, 66, 68, 69, 70, 72, 73, 77, 79, 80, 81, 82, 83, 84, 87, 88, 89, 90, 91, 92, 95, 96, 97, 98, 100, 103, 106, 107]","{""support_2"": 106}",[106],1,"[17, 122, 18, 32, 137, 138, 139, 140, 13, 14, 116, 118, 136, 112, 36, 135, 26, 28, 99, 105, 148, 115, 144, 149, 145, 147, 146, 12, 58, 71, 134, 109, 67, 61, 78, 10, 48, 133, 130, 93, 85, 129, 74, 42, 40, 7, 131, 132, 54, 143, 128, 31, 127, 47, 35, 126, 125, 141, 27, 104, 124, 53, 86, 123, 117, 43, 142, 15, 8, 29, 41, 102, 16, 25, 121, 110, 108, 94, 111, 9, 120, 114, 101, 76, 63, 64, 75, 119, 107, 55, 90, 77, 92, 106, 50, 6, 1, 2, 0, 30, 97, 11, 89, 98, 96, 83, 100, 44, 24, 84, 87, 82, 81, 103, 95, 88, 70, 91, 69, 79, 80, 72, 68, 60, 59, 73, 66, 65, 62, 57, 52, 51, 46, 49, 45, 56, 38, 23, 39, 34, 33, 21, 37, 20, 19, 5, 22, 4, 3]",True,3681942869,3.681942869,"[107, 92, 90, 77, 55, 106, 50, 6, 1, 2, 0, 30, 97, 11, 91, 98, 96, 83, 100, 44, 24, 84, 82, 87, 81, 103, 95, 88, 70, 89, 69, 79, 80, 72, 68, 60, 59, 73, 66, 65, 62, 57, 52, 51, 46, 49, 45, 56, 38, 23, 39, 34, 33, 21, 37, 20, 19, 5, 22, 4, 3]","[3, 4, 22, 5, 19, 20, 37, 21, 33, 34, 39, 23, 38, 56, 45, 49, 46, 51, 52, 57, 62, 65, 66, 73, 59, 60, 68, 72, 80, 79, 69, 89, 70, 88, 95, 103, 81, 87, 82, 84, 24, 44, 100, 83, 96, 98, 91, 11, 97, 30, 0, 2, 1, 6, 50, 106, 55, 77, 90, 92, 107]",False,complete,61,61,1143,0,533,0,533,646,113,0,0,lowest_first,True,2,90,19,90,20,20,19,20
1,200497,46,90,59,"[7, 8, 9, 10, 12, 13, 14, 15, 16, 17, 18, 25, 26, 27, 28, 29, 31, 32, 35, 36, 40, 41, 42, 43, 47, 48, 53, 54, 55, 58, 61, 63, 64, 67, 71, 74, 75, 76, 78, 85, 86, 93, 94, 99, 101, 102, 104, 105, 107, 108, 109, 110, 111, 112, 114, 115, 116, 117, 118, 119, 120, 121, 122, 123, 124, 125, 126, 127, 128, 129, 130, 131, 132, 133, 134, 135, 136, 137, 138, 139, 140, 141, 142, 143, 144, 145, 146, 147, 148, 149]","[0, 1, 2, 3, 4, 5, 6, 11, 19, 20, 21, 22, 23, 24, 30, 33, 34, 37, 38, 39, 44, 45, 46, 49, 50, 51, 52, 56, 57, 59, 60, 62, 65, 66, 68, 69, 70, 72, 73, 77, 79, 80, 81, 82, 83, 84, 87, 88, 89, 90, 91, 92, 95, 96, 97, 98, 100, 103, 106]","{""support_2"": 106}",[106],1,"[17, 122, 18, 32, 137, 138, 139, 140, 13, 14, 116, 118, 136, 112, 36, 135, 26, 28, 99, 105, 148, 115, 144, 149, 145, 147, 146, 12, 58, 71, 134, 109, 67, 61, 78, 10, 48, 133, 130, 93, 85, 129, 74, 42, 40, 7, 131, 132, 54, 143, 128, 31, 127, 47, 35, 126, 125, 141, 27, 104, 124, 53, 86, 123, 117, 43, 142, 15, 8, 29, 41, 102, 16, 25, 121, 110, 108, 94, 111, 9, 120, 114, 101, 76, 63, 64, 75, 119, 107, 55, 90, 77, 92, 106, 50, 6, 1, 2, 0, 30, 97, 11, 89, 98, 96, 83, 100, 44, 24, 84, 87, 82, 81, 103, 95, 88, 70, 91, 69, 79, 80, 72, 68, 60, 59, 73, 66, 65, 62, 57, 52, 51, 46, 49, 45, 56, 38, 23, 39, 34, 33, 21, 37, 20, 19, 5, 22, 4, 3]",True,3508399247,3.508399247,"[92, 77, 90, 106, 50, 6, 1, 2, 0, 30, 97, 11, 91, 98, 96, 83, 100, 44, 24, 84, 82, 87, 81, 103, 95, 88, 70, 89, 69, 79, 80, 72, 68, 60, 59, 73, 66, 65, 62, 57, 52, 51, 46, 49, 45, 56, 38, 23, 39, 34, 33, 21, 37, 20, 19, 5, 22, 4, 3]","[3, 4, 22, 5, 19, 20, 37, 21, 33, 34, 39, 23, 38, 56, 45, 49, 46, 51, 52, 57, 62, 65, 66, 73, 59, 60, 68, 72, 80, 79, 69, 89, 70, 88, 95, 103, 81, 87, 82, 84, 24, 44, 100, 83, 96, 98, 91, 11, 97, 30, 0, 2, 1, 6, 50, 106, 90, 77, 92]",False,complete,59,59,1054,0,508,0,508,621,113,0,0,lowest_first,True,2,88,19,88,20,20,19,20
1,200498,47,92,57,"[7, 8, 9, 10, 12, 13, 14, 15, 16, 17, 18, 25, 26, 27, 28, 29, 31, 32, 35, 36, 40, 41, 42, 43, 47, 48, 53, 54, 55, 58, 61, 63, 64, 67, 71, 74, 75, 76, 77, 78, 85, 86, 90, 93, 94, 99, 101, 102, 104, 105, 107, 108, 109, 110, 111, 112, 114, 115, 116, 117, 118, 119, 120, 121, 122, 123, 124, 125, 126, 127, 128, 129, 130, 131, 132, 133, 134, 135, 136, 137, 138, 139, 140, 141, 142, 143, 144, 145, 146, 147, 148, 149]","[0, 1, 2, 3, 4, 5, 6, 11, 19, 20, 21, 22, 23, 24, 30, 33, 34, 37, 38, 39, 44, 45, 46, 49, 50, 51, 52, 56, 57, 59, 60, 62, 65, 66, 68, 69, 70, 72, 73, 79, 80, 81, 82, 83, 84, 87, 88, 89, 91, 92, 95, 96, 97, 98, 100, 103, 106]","{""support_2"": 106}",[106],1,"[17, 122, 18, 32, 137, 138, 139, 140, 13, 14, 116, 118, 136, 112, 36, 135, 26, 28, 99, 105, 148, 115, 144, 149, 145, 147, 146, 12, 58, 71, 134, 109, 67, 61, 78, 10, 48, 133, 130, 93, 85, 129, 74, 42, 40, 7, 131, 132, 54, 143, 128, 31, 127, 47, 35, 126, 125, 141, 27, 104, 124, 53, 86, 123, 117, 43, 142, 15, 8, 29, 41, 102, 16, 25, 121, 110, 108, 94, 111, 9, 120, 114, 101, 76, 63, 64, 75, 119, 107, 55, 90, 77, 92, 106, 50, 6, 1, 2, 0, 30, 97, 11, 89, 98, 96, 83, 100, 44, 24, 84, 87, 82, 81, 103, 95, 88, 70, 91, 69, 79, 80, 72, 68, 60, 59, 73, 66, 65, 62, 57, 52, 51, 46, 49, 45, 56, 38, 23, 39, 34, 33, 21, 37, 20, 19, 5, 22, 4, 3]",True,2894354950,2.894354950,"[92, 106, 50, 6, 1, 2, 0, 30, 97, 11, 89, 98, 96, 83, 100, 44, 24, 84, 82, 87, 81, 103, 95, 88, 70, 91, 69, 79, 80, 72, 68, 60, 59, 73, 66, 65, 62, 57, 52, 51, 46, 49, 45, 56, 38, 23, 39, 34, 33, 21, 37, 20, 19, 5, 22, 4, 3]","[3, 4, 22, 5, 19, 20, 37, 21, 33, 34, 39, 23, 38, 56, 45, 49, 46, 51, 52, 57, 62, 65, 66, 73, 59, 60, 68, 72, 80, 79, 69, 91, 70, 88, 95, 103, 81, 87, 82, 84, 24, 44, 100, 83, 96, 98, 89, 11, 97, 30, 0, 2, 1, 6, 50, 106, 92]",False,complete,57,57,970,0,455,0,455,568,113,0,0,lowest_first,True,2,86,19,86,20,20,19,20
1,200499,48,94,55,"[7, 8, 9, 10, 12, 13, 14, 15, 16, 17, 18, 25, 26, 27, 28, 29, 31, 32, 35, 36, 40, 41, 42, 43, 47, 48, 53, 54, 55, 58, 61, 63, 64, 67, 71, 74, 75, 76, 77, 78, 85, 86, 90, 92, 93, 94, 99, 101, 102, 104, 105, 106, 107, 108, 109, 110, 111, 112, 114, 115, 116, 117, 118, 119, 120, 121, 122, 123, 124, 125, 126, 127, 128, 129, 130, 131, 132, 133, 134, 135, 136, 137, 138, 139, 140, 141, 142, 143, 144, 145, 146, 147, 148, 149]","[0, 1, 2, 3, 4, 5, 6, 11, 19, 20, 21, 22, 23, 24, 30, 33, 34, 37, 38, 39, 44, 45, 46, 49, 50, 51, 52, 56, 57, 59, 60, 62, 65, 66, 68, 69, 70, 72, 73, 79, 80, 81, 82, 83, 84, 87, 88, 89, 91, 95, 96, 97, 98, 100, 103]","{""support_1"": 62}",[62],1,"[17, 122, 18, 32, 137, 138, 139, 140, 13, 14, 116, 118, 136, 112, 36, 135, 26, 28, 99, 105, 148, 115, 144, 149, 145, 147, 146, 12, 58, 71, 134, 109, 67, 61, 78, 10, 48, 133, 130, 93, 85, 129, 74, 42, 40, 7, 131, 132, 54, 143, 128, 31, 127, 47, 35, 126, 125, 141, 27, 104, 124, 53, 86, 123, 117, 43, 142, 15, 8, 29, 41, 102, 16, 25, 121, 110, 108, 94, 111, 9, 120, 114, 101, 76, 63, 64, 75, 119, 107, 55, 90, 77, 92, 106, 50, 6, 1, 2, 0, 30, 97, 11, 89, 98, 96, 83, 100, 44, 24, 84, 87, 82, 81, 103, 95, 88, 70, 91, 69, 79, 80, 72, 68, 60, 59, 73, 66, 65, 62, 57, 52, 51, 46, 49, 45, 56, 38, 23, 39, 34, 33, 21, 37, 20, 19, 5, 22, 4, 3]",True,2322957395,2.322957395,"[50, 6, 1, 2, 0, 30, 97, 11, 89, 98, 96, 83, 100, 44, 24, 84, 87, 82, 81, 103, 95, 88, 70, 91, 69, 79, 80, 72, 68, 60, 59, 73, 66, 65, 62, 57, 52, 51, 46, 49, 45, 56, 38, 23, 39, 34, 33, 21, 37, 20, 19, 5, 22, 4, 3]","[3, 4, 22, 5, 19, 20, 37, 21, 33, 34, 39, 23, 38, 56, 45, 49, 46, 51, 52, 57, 62, 65, 66, 73, 59, 60, 68, 72, 80, 79, 69, 91, 70, 88, 95, 103, 81, 82, 87, 84, 24, 44, 100, 83, 96, 98, 89, 11, 97, 30, 0, 2, 1, 6, 50]",True,complete,55,55,887,0,400,0,400,512,112,0,0,lowest_first,True,2,84,18,84,19,19,18,19
1,200500,49,96,53,"[6, 7, 8, 9, 10, 12, 13, 14, 15, 16, 17, 18, 25, 26, 27, 28, 29, 31, 32, 35, 36, 40, 41, 42, 43, 47, 48, 50, 53, 54, 55, 58, 61, 63, 64, 67, 71, 74, 75, 76, 77, 78, 85, 86, 90, 92, 93, 94, 99, 101, 102, 104, 105, 106, 107, 108, 109, 110, 111, 112, 114, 115, 116, 117, 118, 119, 120, 121, 122, 123, 124, 125, 126, 127, 128, 129, 130, 131, 132, 133, 134, 135, 136, 137, 138, 139, 140, 141, 142, 143, 144, 145, 146, 147, 148, 149]","[0, 1, 2, 3, 4, 5, 11, 19, 20, 21, 22, 23, 24, 30, 33, 34, 37, 38, 39, 44, 45, 46, 49, 51, 52, 56, 57, 59, 60, 62, 65, 66, 68, 69, 70, 72, 73, 79, 80, 81, 82, 83, 84, 87, 88, 89, 91, 95, 96, 97, 98, 100, 103]","{""support_1"": 62, ""support_2"": 2}","[2, 62]",2,"[17, 122, 18, 32, 137, 138, 139, 140, 13, 14, 116, 118, 136, 112, 36, 135, 26, 28, 99, 105, 148, 115, 144, 149, 145, 147, 146, 12, 58, 71, 134, 109, 67, 61, 78, 10, 48, 133, 130, 93, 85, 129, 74, 42, 40, 7, 131, 132, 54, 143, 128, 31, 127, 47, 35, 126, 125, 141, 27, 104, 124, 53, 86, 123, 117, 43, 142, 15, 8, 29, 41, 102, 16, 25, 121, 110, 108, 94, 111, 9, 120, 114, 101, 76, 63, 64, 75, 119, 107, 55, 90, 77, 92, 106, 50, 6, 1, 2, 0, 30, 97, 11, 89, 98, 96, 83, 100, 44, 24, 84, 87, 82, 81, 103, 95, 88, 70, 91, 69, 79, 80, 72, 68, 60, 59, 73, 66, 65, 62, 57, 52, 51, 46, 49, 45, 56, 38, 23, 39, 34, 33, 21, 37, 20, 19, 5, 22, 4, 3]",True,1963236889,1.963236889,"[1, 2, 0, 30, 97, 11, 91, 98, 96, 83, 100, 44, 24, 84, 82, 87, 81, 103, 95, 88, 70, 89, 69, 79, 80, 72, 68, 60, 59, 73, 66, 65, 62, 57, 52, 51, 46, 49, 45, 56, 38, 23, 39, 34, 33, 21, 37, 20, 19, 5, 22, 4, 3]","[3, 4, 22, 5, 19, 20, 37, 21, 33, 34, 39, 23, 38, 56, 45, 49, 46, 51, 52, 57, 62, 65, 66, 73, 59, 60, 68, 72, 80, 79, 69, 89, 70, 88, 95, 103, 81, 87, 82, 84, 24, 44, 100, 83, 96, 98, 91, 11, 97, 30, 0, 2, 1]",False,complete,53,53,803,0,354,0,354,429,75,0,0,lowest_first,True,2,81,17,81,19,19,17,19
1,200501,50,98,51,"[1, 2, 6, 7, 8, 9, 10, 12, 13, 14, 15, 16, 17, 18, 25, 26, 27, 28, 29, 31, 32, 35, 36, 40, 41, 42, 43, 47, 48, 50, 53, 54, 55, 58, 61, 63, 64, 67, 71, 74, 75, 76, 77, 78, 85, 86, 90, 92, 93, 94, 99, 101, 102, 104, 105, 106, 107, 108, 109, 110, 111, 112, 114, 115, 116, 117, 118, 119, 120, 121, 122, 123, 124, 125, 126, 127, 128, 129, 130, 131, 132, 133, 134, 135, 136, 137, 138, 139, 140, 141, 142, 143, 144, 145, 146, 147, 148, 149]","[0, 3, 4, 5, 11, 19, 20, 21, 22, 23, 24, 30, 33, 34, 37, 38, 39, 44, 45, 46, 49, 51, 52, 56, 57, 59, 60, 62, 65, 66, 68, 69, 70, 72, 73, 79, 80, 81, 82, 83, 84, 87, 88, 89, 91, 95, 96, 97, 98, 100, 103]","{""support_1"": 62}",[62],1,"[17, 122, 18, 32, 137, 138, 139, 140, 13, 14, 116, 118, 136, 112, 36, 135, 26, 28, 99, 105, 148, 115, 144, 149, 145, 147, 146, 12, 58, 71, 134, 109, 67, 61, 78, 10, 48, 133, 130, 93, 85, 129, 74, 42, 40, 7, 131, 132, 54, 143, 128, 31, 127, 47, 35, 126, 125, 141, 27, 104, 124, 53, 86, 123, 117, 43, 142, 15, 8, 29, 41, 102, 16, 25, 121, 110, 108, 94, 111, 9, 120, 114, 101, 76, 63, 64, 75, 119, 107, 55, 90, 77, 92, 106, 50, 6, 1, 2, 0, 30, 97, 11, 89, 98, 96, 83, 100, 44, 24, 84, 87, 82, 81, 103, 95, 88, 70, 91, 69, 79, 80, 72, 68, 60, 59, 73, 66, 65, 62, 57, 52, 51, 46, 49, 45, 56, 38, 23, 39, 34, 33, 21, 37, 20, 19, 5, 22, 4, 3]",True,1894189127,1.894189127,"[0, 30, 97, 11, 89, 98, 96, 83, 100, 44, 24, 84, 82, 87, 81, 103, 95, 88, 70, 91, 69, 79, 80, 72, 68, 60, 59, 73, 66, 65, 62, 57, 52, 51, 46, 49, 45, 56, 38, 23, 39, 34, 33, 21, 37, 20, 19, 5, 22, 4, 3]","[3, 4, 22, 5, 19, 20, 37, 21, 33, 34, 39, 23, 38, 56, 45, 49, 46, 51, 52, 57, 62, 65, 66, 73, 59, 60, 68, 72, 80, 79, 69, 91, 70, 88, 95, 103, 81, 87, 82, 84, 24, 44, 100, 83, 96, 98, 89, 11, 97, 30, 0]",False,complete,51,51,748,0,352,0,352,427,75,0,0,lowest_first,True,2,78,17,78,18,18,17,18
1,200502,51,100,49,"[0, 1, 2, 6, 7, 8, 9, 10, 12, 13, 14, 15, 16, 17, 18, 25, 26, 27, 28, 29, 30, 31, 32, 35, 36, 40, 41, 42, 43, 47, 48, 50, 53, 54, 55, 58, 61, 63, 64, 67, 71, 74, 75, 76, 77, 78, 85, 86, 90, 92, 93, 94, 99, 101, 102, 104, 105, 106, 107, 108, 109, 110, 111, 112, 114, 115, 116, 117, 118, 119, 120, 121, 122, 123, 124, 125, 126, 127, 128, 129, 130, 131, 132, 133, 134, 135, 136, 137, 138, 139, 140, 141, 142, 143, 144, 145, 146, 147, 148, 149]","[3, 4, 5, 11, 19, 20, 21, 22, 23, 24, 33, 34, 37, 38, 39, 44, 45, 46, 49, 51, 52, 56, 57, 59, 60, 62, 65, 66, 68, 69, 70, 72, 73, 79, 80, 81, 82, 83, 84, 87, 88, 89, 91, 95, 96, 97, 98, 100, 103]","{""support_1"": 62, ""support_2"": 98}","[62, 98]",2,"[17, 122, 18, 32, 137, 138, 139, 140, 13, 14, 116, 118, 136, 112, 36, 135, 26, 28, 99, 105, 148, 115, 144, 149, 145, 147, 146, 12, 58, 71, 134, 109, 67, 61, 78, 10, 48, 133, 130, 93, 85, 129, 74, 42, 40, 7, 131, 132, 54, 143, 128, 31, 127, 47, 35, 126, 125, 141, 27, 104, 124, 53, 86, 123, 117, 43, 142, 15, 8, 29, 41, 102, 16, 25, 121, 110, 108, 94, 111, 9, 120, 114, 101, 76, 63, 64, 75, 119, 107, 55, 90, 77, 92, 106, 50, 6, 1, 2, 0, 30, 97, 11, 89, 98, 96, 83, 100, 44, 24, 84, 87, 82, 81, 103, 95, 88, 70, 91, 69, 79, 80, 72, 68, 60, 59, 73, 66, 65, 62, 57, 52, 51, 46, 49, 45, 56, 38, 23, 39, 34, 33, 21, 37, 20, 19, 5, 22, 4, 3]",True,1675032023,1.675032023,"[97, 11, 91, 98, 96, 83, 100, 44, 24, 84, 87, 82, 81, 103, 95, 88, 70, 89, 69, 79, 80, 72, 68, 60, 59, 73, 66, 65, 62, 57, 52, 51, 46, 49, 45, 56, 38, 23, 39, 34, 33, 21, 37, 20, 19, 5, 22, 4, 3]","[3, 4, 22, 5, 19, 20, 37, 21, 33, 34, 39, 23, 38, 56, 45, 49, 46, 51, 52, 57, 62, 65, 66, 73, 59, 60, 68, 72, 80, 79, 69, 89, 70, 88, 95, 103, 81, 82, 87, 84, 24, 44, 100, 83, 96, 98, 91, 11, 97]",False,complete,49,49,669,0,322,0,322,360,38,0,0,lowest_first,True,2,75,16,75,18,18,16,18
1,200503,52,102,47,"[0, 1, 2, 6, 7, 8, 9, 10, 11, 12, 13, 14, 15, 16, 17, 18, 25, 26, 27, 28, 29, 30, 31, 32, 35, 36, 40, 41, 42, 43, 47, 48, 50, 53, 54, 55, 58, 61, 63, 64, 67, 71, 74, 75, 76, 77, 78, 85, 86, 90, 92, 93, 94, 97, 99, 101, 102, 104, 105, 106, 107, 108, 109, 110, 111, 112, 114, 115, 116, 117, 118, 119, 120, 121, 122, 123, 124, 125, 126, 127, 128, 129, 130, 131, 132, 133, 134, 135, 136, 137, 138, 139, 140, 141, 142, 143, 144, 145, 146, 147, 148, 149]","[3, 4, 5, 19, 20, 21, 22, 23, 24, 33, 34, 37, 38, 39, 44, 45, 46, 49, 51, 52, 56, 57, 59, 60, 62, 65, 66, 68, 69, 70, 72, 73, 79, 80, 81, 82, 83, 84, 87, 88, 89, 91, 95, 96, 98, 100, 103]","{""support_1"": 62, ""support_2"": 98}","[62, 98]",2,"[17, 122, 18, 32, 137, 138, 139, 140, 13, 14, 116, 118, 136, 112, 36, 135, 26, 28, 99, 105, 148, 115, 144, 149, 145, 147, 146, 12, 58, 71, 134, 109, 67, 61, 78, 10, 48, 133, 130, 93, 85, 129, 74, 42, 40, 7, 131, 132, 54, 143, 128, 31, 127, 47, 35, 126, 125, 141, 27, 104, 124, 53, 86, 123, 117, 43, 142, 15, 8, 29, 41, 102, 16, 25, 121, 110, 108, 94, 111, 9, 120, 114, 101, 76, 63, 64, 75, 119, 107, 55, 90, 77, 92, 106, 50, 6, 1, 2, 0, 30, 97, 11, 89, 98, 96, 83, 100, 44, 24, 84, 87, 82, 81, 103, 95, 88, 70, 91, 69, 79, 80, 72, 68, 60, 59, 73, 66, 65, 62, 57, 52, 51, 46, 49, 45, 56, 38, 23, 39, 34, 33, 21, 37, 20, 19, 5, 22, 4, 3]",True,1604386787,1.604386787,"[89, 98, 96, 83, 100, 44, 24, 84, 82, 87, 81, 103, 95, 88, 70, 91, 69, 79, 80, 72, 68, 60, 59, 73, 66, 65, 62, 57, 52, 51, 46, 49, 45, 56, 38, 23, 39, 34, 33, 21, 37, 20, 19, 5, 22, 4, 3]","[3, 4, 22, 5, 19, 20, 37, 21, 33, 34, 39, 23, 38, 56, 45, 49, 46, 51, 52, 57, 62, 65, 66, 73, 59, 60, 68, 72, 80, 79, 69, 91, 70, 88, 95, 103, 81, 87, 82, 84, 24, 44, 100, 83, 96, 98, 89]",False,complete,47,47,619,0,316,0,316,354,38,0,0,lowest_first,True,2,71,16,71,18,18,16,18
1,200504,53,104,45,"[0, 1, 2, 6, 7, 8, 9, 10, 11, 12, 13, 14, 15, 16, 17, 18, 25, 26, 27, 28, 29, 30, 31, 32, 35, 36, 40, 41, 42, 43, 47, 48, 50, 53, 54, 55, 58, 61, 63, 64, 67, 71, 74, 75, 76, 77, 78, 85, 86, 89, 90, 92, 93, 94, 97, 98, 99, 101, 102, 104, 105, 106, 107, 108, 109, 110, 111, 112, 114, 115, 116, 117, 118, 119, 120, 121, 122, 123, 124, 125, 126, 127, 128, 129, 130, 131, 132, 133, 134, 135, 136, 137, 138, 139, 140, 141, 142, 143, 144, 145, 146, 147, 148, 149]","[3, 4, 5, 19, 20, 21, 22, 23, 24, 33, 34, 37, 38, 39, 44, 45, 46, 49, 51, 52, 56, 57, 59, 60, 62, 65, 66, 68, 69, 70, 72, 73, 79, 80, 81, 82, 83, 84, 87, 88, 91, 95, 96, 100, 103]","{""support_1"": 62, ""support_2"": 100}","[62, 100]",2,"[17, 122, 18, 32, 137, 138, 139, 140, 13, 14, 116, 118, 136, 112, 36, 135, 26, 28, 99, 105, 148, 115, 144, 149, 145, 147, 146, 12, 58, 71, 134, 109, 67, 61, 78, 10, 48, 133, 130, 93, 85, 129, 74, 42, 40, 7, 131, 132, 54, 143, 128, 31, 127, 47, 35, 126, 125, 141, 27, 104, 124, 53, 86, 123, 117, 43, 142, 15, 8, 29, 41, 102, 16, 25, 121, 110, 108, 94, 111, 9, 120, 114, 101, 76, 63, 64, 75, 119, 107, 55, 90, 77, 92, 106, 50, 6, 1, 2, 0, 30, 97, 11, 89, 98, 96, 83, 100, 44, 24, 84, 87, 82, 81, 103, 95, 88, 70, 91, 69, 79, 80, 72, 68, 60, 59, 73, 66, 65, 62, 57, 52, 51, 46, 49, 45, 56, 38, 23, 39, 34, 33, 21, 37, 20, 19, 5, 22, 4, 3]",True,1380580387,1.380580387,"[96, 83, 100, 44, 24, 84, 82, 87, 81, 103, 95, 88, 70, 91, 69, 79, 80, 72, 68, 60, 59, 73, 66, 65, 62, 57, 52, 51, 46, 49, 45, 56, 38, 23, 39, 34, 33, 21, 37, 20, 19, 5, 22, 4, 3]","[3, 4, 22, 5, 19, 20, 37, 21, 33, 34, 39, 23, 38, 56, 45, 49, 46, 51, 52, 57, 62, 65, 66, 73, 59, 60, 68, 72, 80, 79, 69, 91, 70, 88, 95, 103, 81, 87, 82, 84, 24, 44, 100, 83, 96]",False,complete,45,45,572,0,284,0,284,313,29,0,0,lowest_first,True,2,67,15,67,17,17,15,17
1,200505,54,106,43,"[0, 1, 2, 6, 7, 8, 9, 10, 11, 12, 13, 14, 15, 16, 17, 18, 25, 26, 27, 28, 29, 30, 31, 32, 35, 36, 40, 41, 42, 43, 47, 48, 50, 53, 54, 55, 58, 61, 63, 64, 67, 71, 74, 75, 76, 77, 78, 83, 85, 86, 89, 90, 92, 93, 94, 96, 97, 98, 99, 101, 102, 104, 105, 106, 107, 108, 109, 110, 111, 112, 114, 115, 116, 117, 118, 119, 120, 121, 122, 123, 124, 125, 126, 127, 128, 129, 130, 131, 132, 133, 134, 135, 136, 137, 138, 139, 140, 141, 142, 143, 144, 145, 146, 147, 148, 149]","[3, 4, 5, 19, 20, 21, 22, 23, 24, 33, 34, 37, 38, 39, 44, 45, 46, 49, 51, 52, 56, 57, 59, 60, 62, 65, 66, 68, 69, 70, 72, 73, 79, 80, 81, 82, 84, 87, 88, 91, 95, 100, 103]","{""support_1"": 62, ""support_2"": 100}","[62, 100]",2,"[17, 122, 18, 32, 137, 138, 139, 140, 13, 14, 116, 118, 136, 112, 36, 135, 26, 28, 99, 105, 148, 115, 144, 149, 145, 147, 146, 12, 58, 71, 134, 109, 67, 61, 78, 10, 48, 133, 130, 93, 85, 129, 74, 42, 40, 7, 131, 132, 54, 143, 128, 31, 127, 47, 35, 126, 125, 141, 27, 104, 124, 53, 86, 123, 117, 43, 142, 15, 8, 29, 41, 102, 16, 25, 121, 110, 108, 94, 111, 9, 120, 114, 101, 76, 63, 64, 75, 119, 107, 55, 90, 77, 92, 106, 50, 6, 1, 2, 0, 30, 97, 11, 89, 98, 96, 83, 100, 44, 24, 84, 87, 82, 81, 103, 95, 88, 70, 91, 69, 79, 80, 72, 68, 60, 59, 73, 66, 65, 62, 57, 52, 51, 46, 49, 45, 56, 38, 23, 39, 34, 33, 21, 37, 20, 19, 5, 22, 4, 3]",True,1275738448,1.275738448,"[100, 44, 24, 84, 82, 87, 81, 103, 95, 88, 70, 91, 69, 79, 80, 72, 68, 60, 59, 73, 66, 65, 62, 57, 52, 51, 46, 49, 45, 56, 38, 23, 39, 34, 33, 21, 37, 20, 19, 5, 22, 4, 3]","[3, 4, 22, 5, 19, 20, 37, 21, 33, 34, 39, 23, 38, 56, 45, 49, 46, 51, 52, 57, 62, 65, 66, 73, 59, 60, 68, 72, 80, 79, 69, 91, 70, 88, 95, 103, 81, 87, 82, 84, 24, 44, 100]",False,complete,43,43,527,0,273,0,273,302,29,0,0,lowest_first,True,2,63,15,63,16,16,15,17
1,200506,55,108,41,"[0, 1, 2, 6, 7, 8, 9, 10, 11, 12, 13, 14, 15, 16, 17, 18, 25, 26, 27, 28, 29, 30, 31, 32, 35, 36, 40, 41, 42, 43, 44, 47, 48, 50, 53, 54, 55, 58, 61, 63, 64, 67, 71, 74, 75, 76, 77, 78, 83, 85, 86, 89, 90, 92, 93, 94, 96, 97, 98, 99, 100, 101, 102, 104, 105, 106, 107, 108, 109, 110, 111, 112, 114, 115, 116, 117, 118, 119, 120, 121, 122, 123, 124, 125, 126, 127, 128, 129, 130, 131, 132, 133, 134, 135, 136, 137, 138, 139, 140, 141, 142, 143, 144, 145, 146, 147, 148, 149]","[3, 4, 5, 19, 20, 21, 22, 23, 24, 33, 34, 37, 38, 39, 45, 46, 49, 51, 52, 56, 57, 59, 60, 62, 65, 66, 68, 69, 70, 72, 73, 79, 80, 81, 82, 84, 87, 88, 91, 95, 103]","{""support_1"": 62, ""support_2"": 84}","[62, 84]",2,"[17, 122, 18, 32, 137, 138, 139, 140, 13, 14, 116, 118, 136, 112, 36, 135, 26, 28, 99, 105, 148, 115, 144, 149, 145, 147, 146, 12, 58, 71, 134, 109, 67, 61, 78, 10, 48, 133, 130, 93, 85, 129, 74, 42, 40, 7, 131, 132, 54, 143, 128, 31, 127, 47, 35, 126, 125, 141, 27, 104, 124, 53, 86, 123, 117, 43, 142, 15, 8, 29, 41, 102, 16, 25, 121, 110, 108, 94, 111, 9, 120, 114, 101, 76, 63, 64, 75, 119, 107, 55, 90, 77, 92, 106, 50, 6, 1, 2, 0, 30, 97, 11, 89, 98, 96, 83, 100, 44, 24, 84, 87, 82, 81, 103, 95, 88, 70, 91, 69, 79, 80, 72, 68, 60, 59, 73, 66, 65, 62, 57, 52, 51, 46, 49, 45, 56, 38, 23, 39, 34, 33, 21, 37, 20, 19, 5, 22, 4, 3]",True,1108831023,1.108831023,"[24, 84, 82, 87, 81, 103, 95, 88, 70, 91, 69, 79, 80, 72, 68, 60, 59, 73, 66, 65, 62, 57, 52, 51, 46, 49, 45, 56, 38, 23, 39, 34, 33, 21, 37, 20, 19, 5, 22, 4, 3]","[3, 4, 22, 5, 19, 20, 37, 21, 33, 34, 39, 23, 38, 56, 45, 49, 46, 51, 52, 57, 62, 65, 66, 73, 59, 60, 68, 72, 80, 79, 69, 91, 70, 88, 95, 103, 81, 87, 82, 84, 24]",False,complete,41,41,485,0,241,0,241,269,28,0,0,lowest_first,True,2,59,14,59,16,16,14,16
1,200507,56,110,39,"[0, 1, 2, 6, 7, 8, 9, 10, 11, 12, 13, 14, 15, 16, 17, 18, 24, 25, 26, 27, 28, 29, 30, 31, 32, 35, 36, 40, 41, 42, 43, 44, 47, 48, 50, 53, 54, 55, 58, 61, 63, 64, 67, 71, 74, 75, 76, 77, 78, 83, 84, 85, 86, 89, 90, 92, 93, 94, 96, 97, 98, 99, 100, 101, 102, 104, 105, 106, 107, 108, 109, 110, 111, 112, 114, 115, 116, 117, 118, 119, 120, 121, 122, 123, 124, 125, 126, 127, 128, 129, 130, 131, 132, 133, 134, 135, 136, 137, 138, 139, 140, 141, 142, 143, 144, 145, 146, 147, 148, 149]","[3, 4, 5, 19, 20, 21, 22, 23, 33, 34, 37, 38, 39, 45, 46, 49, 51, 52, 56, 57, 59, 60, 62, 65, 66, 68, 69, 70, 72, 73, 79, 80, 81, 82, 87, 88, 91, 95, 103]","{""support_1"": 62, ""support_2"": 88}","[62, 88]",2,"[17, 122, 18, 32, 137, 138, 139, 140, 13, 14, 116, 118, 136, 112, 36, 135, 26, 28, 99, 105, 148, 115, 144, 149, 145, 147, 146, 12, 58, 71, 134, 109, 67, 61, 78, 10, 48, 133, 130, 93, 85, 129, 74, 42, 40, 7, 131, 132, 54, 143, 128, 31, 127, 47, 35, 126, 125, 141, 27, 104, 124, 53, 86, 123, 117, 43, 142, 15, 8, 29, 41, 102, 16, 25, 121, 110, 108, 94, 111, 9, 120, 114, 101, 76, 63, 64, 75, 119, 107, 55, 90, 77, 92, 106, 50, 6, 1, 2, 0, 30, 97, 11, 89, 98, 96, 83, 100, 44, 24, 84, 87, 82, 81, 103, 95, 88, 70, 91, 69, 79, 80, 72, 68, 60, 59, 73, 66, 65, 62, 57, 52, 51, 46, 49, 45, 56, 38, 23, 39, 34, 33, 21, 37, 20, 19, 5, 22, 4, 3]",True,1047720122,1.047720122,"[87, 82, 81, 103, 95, 88, 70, 91, 69, 79, 80, 72, 68, 60, 59, 73, 66, 65, 62, 57, 52, 51, 46, 49, 45, 56, 38, 23, 39, 34, 33, 21, 37, 20, 19, 5, 22, 4, 3]","[3, 4, 22, 5, 19, 20, 37, 21, 33, 34, 39, 23, 38, 56, 45, 49, 46, 51, 52, 57, 62, 65, 66, 73, 59, 60, 68, 72, 80, 79, 69, 91, 70, 88, 95, 103, 81, 82, 87]",True,complete,39,39,445,0,220,0,220,245,25,0,0,lowest_first,True,2,55,13,55,15,15,13,15
1,200508,57,112,37,"[0, 1, 2, 6, 7, 8, 9, 10, 11, 12, 13, 14, 15, 16, 17, 18, 24, 25, 26, 27, 28, 29, 30, 31, 32, 35, 36, 40, 41, 42, 43, 44, 47, 48, 50, 53, 54, 55, 58, 61, 63, 64, 67, 71, 74, 75, 76, 77, 78, 82, 83, 84, 85, 86, 87, 89, 90, 92, 93, 94, 96, 97, 98, 99, 100, 101, 102, 104, 105, 106, 107, 108, 109, 110, 111, 112, 114, 115, 116, 117, 118, 119, 120, 121, 122, 123, 124, 125, 126, 127, 128, 129, 130, 131, 132, 133, 134, 135, 136, 137, 138, 139, 140, 141, 142, 143, 144, 145, 146, 147, 148, 149]","[3, 4, 5, 19, 20, 21, 22, 23, 33, 34, 37, 38, 39, 45, 46, 49, 51, 52, 56, 57, 59, 60, 62, 65, 66, 68, 69, 70, 72, 73, 79, 80, 81, 88, 91, 95, 103]","{""support_1"": 62, ""support_2"": 88}","[62, 88]",2,"[17, 122, 18, 32, 137, 138, 139, 140, 13, 14, 116, 118, 136, 112, 36, 135, 26, 28, 99, 105, 148, 115, 144, 149, 145, 147, 146, 12, 58, 71, 134, 109, 67, 61, 78, 10, 48, 133, 130, 93, 85, 129, 74, 42, 40, 7, 131, 132, 54, 143, 128, 31, 127, 47, 35, 126, 125, 141, 27, 104, 124, 53, 86, 123, 117, 43, 142, 15, 8, 29, 41, 102, 16, 25, 121, 110, 108, 94, 111, 9, 120, 114, 101, 76, 63, 64, 75, 119, 107, 55, 90, 77, 92, 106, 50, 6, 1, 2, 0, 30, 97, 11, 89, 98, 96, 83, 100, 44, 24, 84, 87, 82, 81, 103, 95, 88, 70, 91, 69, 79, 80, 72, 68, 60, 59, 73, 66, 65, 62, 57, 52, 51, 46, 49, 45, 56, 38, 23, 39, 34, 33, 21, 37, 20, 19, 5, 22, 4, 3]",True,880951473,0.880951473,"[81, 103, 95, 88, 70, 91, 69, 79, 80, 72, 68, 60, 59, 73, 66, 65, 62, 57, 52, 51, 46, 49, 45, 56, 38, 23, 39, 34, 33, 21, 37, 20, 19, 5, 22, 4, 3]","[3, 4, 22, 5, 19, 20, 37, 21, 33, 34, 39, 23, 38, 56, 45, 49, 46, 51, 52, 57, 62, 65, 66, 73, 59, 60, 68, 72, 80, 79, 69, 91, 70, 88, 95, 103, 81]",True,complete,37,37,408,0,211,0,211,236,25,0,0,lowest_first,True,2,51,13,51,15,15,13,15
1,200509,58,114,35,"[0, 1, 2, 6, 7, 8, 9, 10, 11, 12, 13, 14, 15, 16, 17, 18, 24, 25, 26, 27, 28, 29, 30, 31, 32, 35, 36, 40, 41, 42, 43, 44, 47, 48, 50, 53, 54, 55, 58, 61, 63, 64, 67, 71, 74, 75, 76, 77, 78, 81, 82, 83, 84, 85, 86, 87, 89, 90, 92, 93, 94, 96, 97, 98, 99, 100, 101, 102, 103, 104, 105, 106, 107, 108, 109, 110, 111, 112, 114, 115, 116, 117, 118, 119, 120, 121, 122, 123, 124, 125, 126, 127, 128, 129, 130, 131, 132, 133, 134, 135, 136, 137, 138, 139, 140, 141, 142, 143, 144, 145, 146, 147, 148, 149]","[3, 4, 5, 19, 20, 21, 22, 23, 33, 34, 37, 38, 39, 45, 46, 49, 51, 52, 56, 57, 59, 60, 62, 65, 66, 68, 69, 70, 72, 73, 79, 80, 88, 91, 95]","{""support_1"": 62, ""support_2"": 88}","[62, 88]",2,"[17, 122, 18, 32, 137, 138, 139, 140, 13, 14, 116, 118, 136, 112, 36, 135, 26, 28, 99, 105, 148, 115, 144, 149, 145, 147, 146, 12, 58, 71, 134, 109, 67, 61, 78, 10, 48, 133, 130, 93, 85, 129, 74, 42, 40, 7, 131, 132, 54, 143, 128, 31, 127, 47, 35, 126, 125, 141, 27, 104, 124, 53, 86, 123, 117, 43, 142, 15, 8, 29, 41, 102, 16, 25, 121, 110, 108, 94, 111, 9, 120, 114, 101, 76, 63, 64, 75, 119, 107, 55, 90, 77, 92, 106, 50, 6, 1, 2, 0, 30, 97, 11, 89, 98, 96, 83, 100, 44, 24, 84, 87, 82, 81, 103, 95, 88, 70, 91, 69, 79, 80, 72, 68, 60, 59, 73, 66, 65, 62, 57, 52, 51, 46, 49, 45, 56, 38, 23, 39, 34, 33, 21, 37, 20, 19, 5, 22, 4, 3]",True,790954674,0.790954674,"[95, 88, 70, 91, 69, 79, 80, 72, 68, 60, 59, 73, 66, 65, 62, 57, 52, 51, 46, 49, 45, 56, 38, 23, 39, 34, 33, 21, 37, 20, 19, 5, 22, 4, 3]","[3, 4, 22, 5, 19, 20, 37, 21, 33, 34, 39, 23, 38, 56, 45, 49, 46, 51, 52, 57, 62, 65, 66, 73, 59, 60, 68, 72, 80, 79, 69, 91, 70, 88, 95]",True,complete,35,35,373,0,195,0,195,220,25,0,0,lowest_first,True,2,47,13,47,15,15,13,15
1,200510,59,116,33,"[0, 1, 2, 6, 7, 8, 9, 10, 11, 12, 13, 14, 15, 16, 17, 18, 24, 25, 26, 27, 28, 29, 30, 31, 32, 35, 36, 40, 41, 42, 43, 44, 47, 48, 50, 53, 54, 55, 58, 61, 63, 64, 67, 71, 74, 75, 76, 77, 78, 81, 82, 83, 84, 85, 86, 87, 88, 89, 90, 92, 93, 94, 95, 96, 97, 98, 99, 100, 101, 102, 103, 104, 105, 106, 107, 108, 109, 110, 111, 112, 114, 115, 116, 117, 118, 119, 120, 121, 122, 123, 124, 125, 126, 127, 128, 129, 130, 131, 132, 133, 134, 135, 136, 137, 138, 139, 140, 141, 142, 143, 144, 145, 146, 147, 148, 149]","[3, 4, 5, 19, 20, 21, 22, 23, 33, 34, 37, 38, 39, 45, 46, 49, 51, 52, 56, 57, 59, 60, 62, 65, 66, 68, 69, 70, 72, 73, 79, 80, 91]","{""support_1"": 62, ""support_2"": 91}","[62, 91]",2,"[17, 122, 18, 32, 137, 138, 139, 140, 13, 14, 116, 118, 136, 112, 36, 135, 26, 28, 99, 105, 148, 115, 144, 149, 145, 147, 146, 12, 58, 71, 134, 109, 67, 61, 78, 10, 48, 133, 130, 93, 85, 129, 74, 42, 40, 7, 131, 132, 54, 143, 128, 31, 127, 47, 35, 126, 125, 141, 27, 104, 124, 53, 86, 123, 117, 43, 142, 15, 8, 29, 41, 102, 16, 25, 121, 110, 108, 94, 111, 9, 120, 114, 101, 76, 63, 64, 75, 119, 107, 55, 90, 77, 92, 106, 50, 6, 1, 2, 0, 30, 97, 11, 89, 98, 96, 83, 100, 44, 24, 84, 87, 82, 81, 103, 95, 88, 70, 91, 69, 79, 80, 72, 68, 60, 59, 73, 66, 65, 62, 57, 52, 51, 46, 49, 45, 56, 38, 23, 39, 34, 33, 21, 37, 20, 19, 5, 22, 4, 3]",True,656160783,0.656160783,"[70, 91, 69, 79, 80, 72, 68, 60, 59, 73, 66, 65, 62, 57, 52, 51, 46, 49, 45, 56, 38, 23, 39, 34, 33, 21, 37, 20, 19, 5, 22, 4, 3]","[3, 4, 22, 5, 19, 20, 37, 21, 33, 34, 39, 23, 38, 56, 45, 49, 46, 51, 52, 57, 62, 65, 66, 73, 59, 60, 68, 72, 80, 79, 69, 91, 70]",True,complete,33,33,340,0,176,0,176,201,25,0,0,lowest_first,True,2,43,12,43,14,14,12,14
1,200511,60,118,31,"[0, 1, 2, 6, 7, 8, 9, 10, 11, 12, 13, 14, 15, 16, 17, 18, 24, 25, 26, 27, 28, 29, 30, 31, 32, 35, 36, 40, 41, 42, 43, 44, 47, 48, 50, 53, 54, 55, 58, 61, 63, 64, 67, 70, 71, 74, 75, 76, 77, 78, 81, 82, 83, 84, 85, 86, 87, 88, 89, 90, 91, 92, 93, 94, 95, 96, 97, 98, 99, 100, 101, 102, 103, 104, 105, 106, 107, 108, 109, 110, 111, 112, 114, 115, 116, 117, 118, 119, 120, 121, 122, 123, 124, 125, 126, 127, 128, 129, 130, 131, 132, 133, 134, 135, 136, 137, 138, 139, 140, 141, 142, 143, 144, 145, 146, 147, 148, 149]","[3, 4, 5, 19, 20, 21, 22, 23, 33, 34, 37, 38, 39, 45, 46, 49, 51, 52, 56, 57, 59, 60, 62, 65, 66, 68, 69, 72, 73, 79, 80]","{""support_1"": 62, ""support_2"": 80}","[62, 80]",2,"[17, 122, 18, 32, 137, 138, 139, 140, 13, 14, 116, 118, 136, 112, 36, 135, 26, 28, 99, 105, 148, 115, 144, 149, 145, 147, 146, 12, 58, 71, 134, 109, 67, 61, 78, 10, 48, 133, 130, 93, 85, 129, 74, 42, 40, 7, 131, 132, 54, 143, 128, 31, 127, 47, 35, 126, 125, 141, 27, 104, 124, 53, 86, 123, 117, 43, 142, 15, 8, 29, 41, 102, 16, 25, 121, 110, 108, 94, 111, 9, 120, 114, 101, 76, 63, 64, 75, 119, 107, 55, 90, 77, 92, 106, 50, 6, 1, 2, 0, 30, 97, 11, 89, 98, 96, 83, 100, 44, 24, 84, 87, 82, 81, 103, 95, 88, 70, 91, 69, 79, 80, 72, 68, 60, 59, 73, 66, 65, 62, 57, 52, 51, 46, 49, 45, 56, 38, 23, 39, 34, 33, 21, 37, 20, 19, 5, 22, 4, 3]",True,592884566,0.592884566,"[69, 79, 80, 72, 68, 60, 59, 73, 66, 65, 62, 57, 52, 51, 46, 49, 45, 56, 38, 23, 39, 34, 33, 21, 37, 20, 19, 5, 22, 4, 3]","[3, 4, 22, 5, 19, 20, 37, 21, 33, 34, 39, 23, 38, 56, 45, 49, 46, 51, 52, 57, 62, 65, 66, 73, 59, 60, 68, 72, 80, 79, 69]",True,complete,31,31,309,0,158,0,158,182,24,0,0,lowest_first,True,2,39,11,39,13,13,11,13
1,200512,61,120,29,"[0, 1, 2, 6, 7, 8, 9, 10, 11, 12, 13, 14, 15, 16, 17, 18, 24, 25, 26, 27, 28, 29, 30, 31, 32, 35, 36, 40, 41, 42, 43, 44, 47, 48, 50, 53, 54, 55, 58, 61, 63, 64, 67, 69, 70, 71, 74, 75, 76, 77, 78, 79, 81, 82, 83, 84, 85, 86, 87, 88, 89, 90, 91, 92, 93, 94, 95, 96, 97, 98, 99, 100, 101, 102, 103, 104, 105, 106, 107, 108, 109, 110, 111, 112, 114, 115, 116, 117, 118, 119, 120, 121, 122, 123, 124, 125, 126, 127, 128, 129, 130, 131, 132, 133, 134, 135, 136, 137, 138, 139, 140, 141, 142, 143, 144, 145, 146, 147, 148, 149]","[3, 4, 5, 19, 20, 21, 22, 23, 33, 34, 37, 38, 39, 45, 46, 49, 51, 52, 56, 57, 59, 60, 62, 65, 66, 68, 72, 73, 80]","{""support_1"": 62, ""support_2"": 80}","[62, 80]",2,"[17, 122, 18, 32, 137, 138, 139, 140, 13, 14, 116, 118, 136, 112, 36, 135, 26, 28, 99, 105, 148, 115, 144, 149, 145, 147, 146, 12, 58, 71, 134, 109, 67, 61, 78, 10, 48, 133, 130, 93, 85, 129, 74, 42, 40, 7, 131, 132, 54, 143, 128, 31, 127, 47, 35, 126, 125, 141, 27, 104, 124, 53, 86, 123, 117, 43, 142, 15, 8, 29, 41, 102, 16, 25, 121, 110, 108, 94, 111, 9, 120, 114, 101, 76, 63, 64, 75, 119, 107, 55, 90, 77, 92, 106, 50, 6, 1, 2, 0, 30, 97, 11, 89, 98, 96, 83, 100, 44, 24, 84, 87, 82, 81, 103, 95, 88, 70, 91, 69, 79, 80, 72, 68, 60, 59, 73, 66, 65, 62, 57, 52, 51, 46, 49, 45, 56, 38, 23, 39, 34, 33, 21, 37, 20, 19, 5, 22, 4, 3]",True,490336241,0.490336241,"[80, 72, 68, 60, 59, 73, 66, 65, 62, 57, 52, 51, 46, 49, 45, 56, 38, 23, 39, 34, 33, 21, 37, 20, 19, 5, 22, 4, 3]","[3, 4, 22, 5, 19, 20, 37, 21, 33, 34, 39, 23, 38, 56, 45, 49, 46, 51, 52, 57, 62, 65, 66, 73, 59, 60, 68, 72, 80]",True,complete,29,29,278,0,143,0,143,167,24,0,0,lowest_first,True,2,35,11,35,12,12,11,13
1,200513,62,122,27,"[0, 1, 2, 6, 7, 8, 9, 10, 11, 12, 13, 14, 15, 16, 17, 18, 24, 25, 26, 27, 28, 29, 30, 31, 32, 35, 36, 40, 41, 42, 43, 44, 47, 48, 50, 53, 54, 55, 58, 61, 63, 64, 67, 69, 70, 71, 72, 74, 75, 76, 77, 78, 79, 80, 81, 82, 83, 84, 85, 86, 87, 88, 89, 90, 91, 92, 93, 94, 95, 96, 97, 98, 99, 100, 101, 102, 103, 104, 105, 106, 107, 108, 109, 110, 111, 112, 114, 115, 116, 117, 118, 119, 120, 121, 122, 123, 124, 125, 126, 127, 128, 129, 130, 131, 132, 133, 134, 135, 136, 137, 138, 139, 140, 141, 142, 143, 144, 145, 146, 147, 148, 149]","[3, 4, 5, 19, 20, 21, 22, 23, 33, 34, 37, 38, 39, 45, 46, 49, 51, 52, 56, 57, 59, 60, 62, 65, 66, 68, 73]","{""support_1"": 62, ""support_2"": 73}","[62, 73]",2,"[17, 122, 18, 32, 137, 138, 139, 140, 13, 14, 116, 118, 136, 112, 36, 135, 26, 28, 99, 105, 148, 115, 144, 149, 145, 147, 146, 12, 58, 71, 134, 109, 67, 61, 78, 10, 48, 133, 130, 93, 85, 129, 74, 42, 40, 7, 131, 132, 54, 143, 128, 31, 127, 47, 35, 126, 125, 141, 27, 104, 124, 53, 86, 123, 117, 43, 142, 15, 8, 29, 41, 102, 16, 25, 121, 110, 108, 94, 111, 9, 120, 114, 101, 76, 63, 64, 75, 119, 107, 55, 90, 77, 92, 106, 50, 6, 1, 2, 0, 30, 97, 11, 89, 98, 96, 83, 100, 44, 24, 84, 87, 82, 81, 103, 95, 88, 70, 91, 69, 79, 80, 72, 68, 60, 59, 73, 66, 65, 62, 57, 52, 51, 46, 49, 45, 56, 38, 23, 39, 34, 33, 21, 37, 20, 19, 5, 22, 4, 3]",True,346852042,0.346852042,"[68, 60, 59, 73, 66, 65, 62, 57, 52, 51, 46, 49, 45, 56, 38, 23, 39, 34, 33, 21, 37, 20, 19, 5, 22, 4, 3]","[3, 4, 22, 5, 19, 20, 37, 21, 33, 34, 39, 23, 38, 56, 45, 49, 46, 51, 52, 57, 62, 65, 66, 73, 59, 60, 68]",True,complete,27,27,248,0,112,0,112,133,21,0,0,lowest_first,True,2,31,9,31,11,11,9,11
1,200514,63,124,25,"[0, 1, 2, 6, 7, 8, 9, 10, 11, 12, 13, 14, 15, 16, 17, 18, 24, 25, 26, 27, 28, 29, 30, 31, 32, 35, 36, 40, 41, 42, 43, 44, 47, 48, 50, 53, 54, 55, 58, 60, 61, 63, 64, 67, 68, 69, 70, 71, 72, 74, 75, 76, 77, 78, 79, 80, 81, 82, 83, 84, 85, 86, 87, 88, 89, 90, 91, 92, 93, 94, 95, 96, 97, 98, 99, 100, 101, 102, 103, 104, 105, 106, 107, 108, 109, 110, 111, 112, 114, 115, 116, 117, 118, 119, 120, 121, 122, 123, 124, 125, 126, 127, 128, 129, 130, 131, 132, 133, 134, 135, 136, 137, 138, 139, 140, 141, 142, 143, 144, 145, 146, 147, 148, 149]","[3, 4, 5, 19, 20, 21, 22, 23, 33, 34, 37, 38, 39, 45, 46, 49, 51, 52, 56, 57, 59, 62, 65, 66, 73]","{""support_1"": 62, ""support_2"": 73}","[62, 73]",2,"[17, 122, 18, 32, 137, 138, 139, 140, 13, 14, 116, 118, 136, 112, 36, 135, 26, 28, 99, 105, 148, 115, 144, 149, 145, 147, 146, 12, 58, 71, 134, 109, 67, 61, 78, 10, 48, 133, 130, 93, 85, 129, 74, 42, 40, 7, 131, 132, 54, 143, 128, 31, 127, 47, 35, 126, 125, 141, 27, 104, 124, 53, 86, 123, 117, 43, 142, 15, 8, 29, 41, 102, 16, 25, 121, 110, 108, 94, 111, 9, 120, 114, 101, 76, 63, 64, 75, 119, 107, 55, 90, 77, 92, 106, 50, 6, 1, 2, 0, 30, 97, 11, 89, 98, 96, 83, 100, 44, 24, 84, 87, 82, 81, 103, 95, 88, 70, 91, 69, 79, 80, 72, 68, 60, 59, 73, 66, 65, 62, 57, 52, 51, 46, 49, 45, 56, 38, 23, 39, 34, 33, 21, 37, 20, 19, 5, 22, 4, 3]",True,314755169,0.314755169,"[59, 73, 66, 65, 62, 57, 52, 51, 46, 49, 45, 56, 38, 23, 39, 34, 33, 21, 37, 20, 19, 5, 22, 4, 3]","[3, 4, 22, 5, 19, 20, 37, 21, 33, 34, 39, 23, 38, 56, 45, 49, 46, 51, 52, 57, 62, 65, 66, 73, 59]",True,complete,25,25,222,0,101,0,101,122,21,0,0,lowest_first,True,2,27,9,27,11,11,9,11
1,200515,64,126,23,"[0, 1, 2, 6, 7, 8, 9, 10, 11, 12, 13, 14, 15, 16, 17, 18, 24, 25, 26, 27, 28, 29, 30, 31, 32, 35, 36, 40, 41, 42, 43, 44, 47, 48, 50, 53, 54, 55, 58, 59, 60, 61, 63, 64, 67, 68, 69, 70, 71, 72, 73, 74, 75, 76, 77, 78, 79, 80, 81, 82, 83, 84, 85, 86, 87, 88, 89, 90, 91, 92, 93, 94, 95, 96, 97, 98, 99, 100, 101, 102, 103, 104, 105, 106, 107, 108, 109, 110, 111, 112, 114, 115, 116, 117, 118, 119, 120, 121, 122, 123, 124, 125, 126, 127, 128, 129, 130, 131, 132, 133, 134, 135, 136, 137, 138, 139, 140, 141, 142, 143, 144, 145, 146, 147, 148, 149]","[3, 4, 5, 19, 20, 21, 22, 23, 33, 34, 37, 38, 39, 45, 46, 49, 51, 52, 56, 57, 62, 65, 66]","{""support_1"": 62, ""support_2"": 66}","[62, 66]",2,"[17, 122, 18, 32, 137, 138, 139, 140, 13, 14, 116, 118, 136, 112, 36, 135, 26, 28, 99, 105, 148, 115, 144, 149, 145, 147, 146, 12, 58, 71, 134, 109, 67, 61, 78, 10, 48, 133, 130, 93, 85, 129, 74, 42, 40, 7, 131, 132, 54, 143, 128, 31, 127, 47, 35, 126, 125, 141, 27, 104, 124, 53, 86, 123, 117, 43, 142, 15, 8, 29, 41, 102, 16, 25, 121, 110, 108, 94, 111, 9, 120, 114, 101, 76, 63, 64, 75, 119, 107, 55, 90, 77, 92, 106, 50, 6, 1, 2, 0, 30, 97, 11, 89, 98, 96, 83, 100, 44, 24, 84, 87, 82, 81, 103, 95, 88, 70, 91, 69, 79, 80, 72, 68, 60, 59, 73, 66, 65, 62, 57, 52, 51, 46, 49, 45, 56, 38, 23, 39, 34, 33, 21, 37, 20, 19, 5, 22, 4, 3]",True,245610004,0.245610004,"[66, 65, 62, 57, 52, 51, 46, 49, 45, 56, 38, 23, 39, 34, 33, 21, 37, 20, 19, 5, 22, 4, 3]","[3, 4, 22, 5, 19, 20, 37, 21, 33, 34, 39, 23, 38, 56, 45, 49, 46, 51, 52, 57, 62, 65, 66]",True,complete,23,23,201,0,88,0,88,109,21,0,0,lowest_first,True,2,23,8,23,9,9,8,10
1,200516,65,128,21,"[0, 1, 2, 6, 7, 8, 9, 10, 11, 12, 13, 14, 15, 16, 17, 18, 24, 25, 26, 27, 28, 29, 30, 31, 32, 35, 36, 40, 41, 42, 43, 44, 47, 48, 50, 53, 54, 55, 58, 59, 60, 61, 63, 64, 65, 66, 67, 68, 69, 70, 71, 72, 73, 74, 75, 76, 77, 78, 79, 80, 81, 82, 83, 84, 85, 86, 87, 88, 89, 90, 91, 92, 93, 94, 95, 96, 97, 98, 99, 100, 101, 102, 103, 104, 105, 106, 107, 108, 109, 110, 111, 112, 114, 115, 116, 117, 118, 119, 120, 121, 122, 123, 124, 125, 126, 127, 128, 129, 130, 131, 132, 133, 134, 135, 136, 137, 138, 139, 140, 141, 142, 143, 144, 145, 146, 147, 148, 149]","[3, 4, 5, 19, 20, 21, 22, 23, 33, 34, 37, 38, 39, 45, 46, 49, 51, 52, 56, 57, 62]","{""support_1"": 62}",[62],1,"[17, 122, 18, 32, 137, 138, 139, 140, 13, 14, 116, 118, 136, 112, 36, 135, 26, 28, 99, 105, 148, 115, 144, 149, 145, 147, 146, 12, 58, 71, 134, 109, 67, 61, 78, 10, 48, 133, 130, 93, 85, 129, 74, 42, 40, 7, 131, 132, 54, 143, 128, 31, 127, 47, 35, 126, 125, 141, 27, 104, 124, 53, 86, 123, 117, 43, 142, 15, 8, 29, 41, 102, 16, 25, 121, 110, 108, 94, 111, 9, 120, 114, 101, 76, 63, 64, 75, 119, 107, 55, 90, 77, 92, 106, 50, 6, 1, 2, 0, 30, 97, 11, 89, 98, 96, 83, 100, 44, 24, 84, 87, 82, 81, 103, 95, 88, 70, 91, 69, 79, 80, 72, 68, 60, 59, 73, 66, 65, 62, 57, 52, 51, 46, 49, 45, 56, 38, 23, 39, 34, 33, 21, 37, 20, 19, 5, 22, 4, 3]",True,237244413,0.237244413,"[62, 57, 52, 51, 46, 49, 45, 56, 38, 23, 39, 34, 33, 21, 37, 20, 19, 5, 22, 4, 3]","[3, 4, 22, 5, 19, 20, 37, 21, 33, 34, 39, 23, 38, 56, 45, 49, 46, 51, 52, 57, 62]",True,complete,21,21,173,0,85,0,85,106,21,0,0,lowest_first,True,2,21,8,21,8,8,8,9
1,200517,66,130,19,"[0, 1, 2, 6, 7, 8, 9, 10, 11, 12, 13, 14, 15, 16, 17, 18, 24, 25, 26, 27, 28, 29, 30, 31, 32, 35, 36, 40, 41, 42, 43, 44, 47, 48, 50, 53, 54, 55, 57, 58, 59, 60, 61, 62, 63, 64, 65, 66, 67, 68, 69, 70, 71, 72, 73, 74, 75, 76, 77, 78, 79, 80, 81, 82, 83, 84, 85, 86, 87, 88, 89, 90, 91, 92, 93, 94, 95, 96, 97, 98, 99, 100, 101, 102, 103, 104, 105, 106, 107, 108, 109, 110, 111, 112, 114, 115, 116, 117, 118, 119, 120, 121, 122, 123, 124, 125, 126, 127, 128, 129, 130, 131, 132, 133, 134, 135, 136, 137, 138, 139, 140, 141, 142, 143, 144, 145, 146, 147, 148, 149]","[3, 4, 5, 19, 20, 21, 22, 23, 33, 34, 37, 38, 39, 45, 46, 49, 51, 52, 56]","{""support_1"": 56}",[56],1,"[17, 122, 18, 32, 137, 138, 139, 140, 13, 14, 116, 118, 136, 112, 36, 135, 26, 28, 99, 105, 148, 115, 144, 149, 145, 147, 146, 12, 58, 71, 134, 109, 67, 61, 78, 10, 48, 133, 130, 93, 85, 129, 74, 42, 40, 7, 131, 132, 54, 143, 128, 31, 127, 47, 35, 126, 125, 141, 27, 104, 124, 53, 86, 123, 117, 43, 142, 15, 8, 29, 41, 102, 16, 25, 121, 110, 108, 94, 111, 9, 120, 114, 101, 76, 63, 64, 75, 119, 107, 55, 90, 77, 92, 106, 50, 6, 1, 2, 0, 30, 97, 11, 89, 98, 96, 83, 100, 44, 24, 84, 87, 82, 81, 103, 95, 88, 70, 91, 69, 79, 80, 72, 68, 60, 59, 73, 66, 65, 62, 57, 52, 51, 46, 49, 45, 56, 38, 23, 39, 34, 33, 21, 37, 20, 19, 5, 22, 4, 3]",True,155582669,0.155582669,"[52, 51, 46, 49, 45, 56, 38, 23, 39, 34, 33, 21, 37, 20, 19, 5, 22, 4, 3]","[3, 4, 22, 5, 19, 20, 37, 21, 33, 34, 39, 23, 38, 56, 45, 49, 46, 51, 52]",True,complete,19,19,139,0,64,0,64,82,18,0,0,lowest_first,True,2,19,6,19,7,7,6,7
1,200518,67,132,17,"[0, 1, 2, 6, 7, 8, 9, 10, 11, 12, 13, 14, 15, 16, 17, 18, 24, 25, 26, 27, 28, 29, 30, 31, 32, 35, 36, 40, 41, 42, 43, 44, 47, 48, 50, 51, 52, 53, 54, 55, 57, 58, 59, 60, 61, 62, 63, 64, 65, 66, 67, 68, 69, 70, 71, 72, 73, 74, 75, 76, 77, 78, 79, 80, 81, 82, 83, 84, 85, 86, 87, 88, 89, 90, 91, 92, 93, 94, 95, 96, 97, 98, 99, 100, 101, 102, 103, 104, 105, 106, 107, 108, 109, 110, 111, 112, 114, 115, 116, 117, 118, 119, 120, 121, 122, 123, 124, 125, 126, 127, 128, 129, 130, 131, 132, 133, 134, 135, 136, 137, 138, 139, 140, 141, 142, 143, 144, 145, 146, 147, 148, 149]","[3, 4, 5, 19, 20, 21, 22, 23, 33, 34, 37, 38, 39, 45, 46, 49, 56]","{""support_1"": 56, ""support_2"": 46}","[46, 56]",2,"[17, 122, 18, 32, 137, 138, 139, 140, 13, 14, 116, 118, 136, 112, 36, 135, 26, 28, 99, 105, 148, 115, 144, 149, 145, 147, 146, 12, 58, 71, 134, 109, 67, 61, 78, 10, 48, 133, 130, 93, 85, 129, 74, 42, 40, 7, 131, 132, 54, 143, 128, 31, 127, 47, 35, 126, 125, 141, 27, 104, 124, 53, 86, 123, 117, 43, 142, 15, 8, 29, 41, 102, 16, 25, 121, 110, 108, 94, 111, 9, 120, 114, 101, 76, 63, 64, 75, 119, 107, 55, 90, 77, 92, 106, 50, 6, 1, 2, 0, 30, 97, 11, 89, 98, 96, 83, 100, 44, 24, 84, 87, 82, 81, 103, 95, 88, 70, 91, 69, 79, 80, 72, 68, 60, 59, 73, 66, 65, 62, 57, 52, 51, 46, 49, 45, 56, 38, 23, 39, 34, 33, 21, 37, 20, 19, 5, 22, 4, 3]",True,114303496,0.114303496,"[46, 49, 45, 56, 38, 23, 39, 34, 33, 21, 37, 20, 19, 5, 22, 4, 3]","[3, 4, 22, 5, 19, 20, 37, 21, 33, 34, 39, 23, 38, 56, 45, 49, 46]",True,complete,17,17,113,0,52,0,52,60,8,0,0,lowest_first,True,1,15,5,15,6,6,5,7
1,200519,68,134,15,"[0, 1, 2, 6, 7, 8, 9, 10, 11, 12, 13, 14, 15, 16, 17, 18, 24, 25, 26, 27, 28, 29, 30, 31, 32, 35, 36, 40, 41, 42, 43, 44, 46, 47, 48, 49, 50, 51, 52, 53, 54, 55, 57, 58, 59, 60, 61, 62, 63, 64, 65, 66, 67, 68, 69, 70, 71, 72, 73, 74, 75, 76, 77, 78, 79, 80, 81, 82, 83, 84, 85, 86, 87, 88, 89, 90, 91, 92, 93, 94, 95, 96, 97, 98, 99, 100, 101, 102, 103, 104, 105, 106, 107, 108, 109, 110, 111, 112, 114, 115, 116, 117, 118, 119, 120, 121, 122, 123, 124, 125, 126, 127, 128, 129, 130, 131, 132, 133, 134, 135, 136, 137, 138, 139, 140, 141, 142, 143, 144, 145, 146, 147, 148, 149]","[3, 4, 5, 19, 20, 21, 22, 23, 33, 34, 37, 38, 39, 45, 56]","{""support_1"": 56}",[56],1,"[17, 122, 18, 32, 137, 138, 139, 140, 13, 14, 116, 118, 136, 112, 36, 135, 26, 28, 99, 105, 148, 115, 144, 149, 145, 147, 146, 12, 58, 71, 134, 109, 67, 61, 78, 10, 48, 133, 130, 93, 85, 129, 74, 42, 40, 7, 131, 132, 54, 143, 128, 31, 127, 47, 35, 126, 125, 141, 27, 104, 124, 53, 86, 123, 117, 43, 142, 15, 8, 29, 41, 102, 16, 25, 121, 110, 108, 94, 111, 9, 120, 114, 101, 76, 63, 64, 75, 119, 107, 55, 90, 77, 92, 106, 50, 6, 1, 2, 0, 30, 97, 11, 89, 98, 96, 83, 100, 44, 24, 84, 87, 82, 81, 103, 95, 88, 70, 91, 69, 79, 80, 72, 68, 60, 59, 73, 66, 65, 62, 57, 52, 51, 46, 49, 45, 56, 38, 23, 39, 34, 33, 21, 37, 20, 19, 5, 22, 4, 3]",True,101176996,0.101176996,"[45, 56, 38, 23, 39, 34, 33, 21, 37, 20, 19, 5, 22, 4, 3]","[3, 4, 22, 5, 19, 20, 37, 21, 33, 34, 39, 23, 38, 56, 45]",True,complete,15,15,91,0,48,0,48,56,8,0,0,lowest_first,True,1,13,5,13,6,6,5,6
1,200520,69,136,13,"[0, 1, 2, 6, 7, 8, 9, 10, 11, 12, 13, 14, 15, 16, 17, 18, 24, 25, 26, 27, 28, 29, 30, 31, 32, 35, 36, 40, 41, 42, 43, 44, 45, 46, 47, 48, 49, 50, 51, 52, 53, 54, 55, 56, 57, 58, 59, 60, 61, 62, 63, 64, 65, 66, 67, 68, 69, 70, 71, 72, 73, 74, 75, 76, 77, 78, 79, 80, 81, 82, 83, 84, 85, 86, 87, 88, 89, 90, 91, 92, 93, 94, 95, 96, 97, 98, 99, 100, 101, 102, 103, 104, 105, 106, 107, 108, 109, 110, 111, 112, 114, 115, 116, 117, 118, 119, 120, 121, 122, 123, 124, 125, 126, 127, 128, 129, 130, 131, 132, 133, 134, 135, 136, 137, 138, 139, 140, 141, 142, 143, 144, 145, 146, 147, 148, 149]","[3, 4, 5, 19, 20, 21, 22, 23, 33, 34, 37, 38, 39]","{""support_1"": 38}",[38],1,"[17, 122, 18, 32, 137, 138, 139, 140, 13, 14, 116, 118, 136, 112, 36, 135, 26, 28, 99, 105, 148, 115, 144, 149, 145, 147, 146, 12, 58, 71, 134, 109, 67, 61, 78, 10, 48, 133, 130, 93, 85, 129, 74, 42, 40, 7, 131, 132, 54, 143, 128, 31, 127, 47, 35, 126, 125, 141, 27, 104, 124, 53, 86, 123, 117, 43, 142, 15, 8, 29, 41, 102, 16, 25, 121, 110, 108, 94, 111, 9, 120, 114, 101, 76, 63, 64, 75, 119, 107, 55, 90, 77, 92, 106, 50, 6, 1, 2, 0, 30, 97, 11, 89, 98, 96, 83, 100, 44, 24, 84, 87, 82, 81, 103, 95, 88, 70, 91, 69, 79, 80, 72, 68, 60, 59, 73, 66, 65, 62, 57, 52, 51, 46, 49, 45, 56, 38, 23, 39, 34, 33, 21, 37, 20, 19, 5, 22, 4, 3]",True,74896685,0.074896685,"[38, 23, 39, 34, 33, 21, 37, 20, 19, 5, 22, 4, 3]","[3, 4, 22, 5, 19, 20, 37, 21, 33, 34, 39, 23, 38]",True,complete,13,13,70,0,39,0,39,44,5,0,0,lowest_first,True,1,11,4,11,4,4,4,5
1,200521,70,138,11,"[0, 1, 2, 6, 7, 8, 9, 10, 11, 12, 13, 14, 15, 16, 17, 18, 23, 24, 25, 26, 27, 28, 29, 30, 31, 32, 35, 36, 38, 40, 41, 42, 43, 44, 45, 46, 47, 48, 49, 50, 51, 52, 53, 54, 55, 56, 57, 58, 59, 60, 61, 62, 63, 64, 65, 66, 67, 68, 69, 70, 71, 72, 73, 74, 75, 76, 77, 78, 79, 80, 81, 82, 83, 84, 85, 86, 87, 88, 89, 90, 91, 92, 93, 94, 95, 96, 97, 98, 99, 100, 101, 102, 103, 104, 105, 106, 107, 108, 109, 110, 111, 112, 114, 115, 116, 117, 118, 119, 120, 121, 122, 123, 124, 125, 126, 127, 128, 129, 130, 131, 132, 133, 134, 135, 136, 137, 138, 139, 140, 141, 142, 143, 144, 145, 146, 147, 148, 149]","[3, 4, 5, 19, 20, 21, 22, 33, 34, 37, 39]","{""support_1"": 39}",[39],1,"[17, 122, 18, 32, 137, 138, 139, 140, 13, 14, 116, 118, 136, 112, 36, 135, 26, 28, 99, 105, 148, 115, 144, 149, 145, 147, 146, 12, 58, 71, 134, 109, 67, 61, 78, 10, 48, 133, 130, 93, 85, 129, 74, 42, 40, 7, 131, 132, 54, 143, 128, 31, 127, 47, 35, 126, 125, 141, 27, 104, 124, 53, 86, 123, 117, 43, 142, 15, 8, 29, 41, 102, 16, 25, 121, 110, 108, 94, 111, 9, 120, 114, 101, 76, 63, 64, 75, 119, 107, 55, 90, 77, 92, 106, 50, 6, 1, 2, 0, 30, 97, 11, 89, 98, 96, 83, 100, 44, 24, 84, 87, 82, 81, 103, 95, 88, 70, 91, 69, 79, 80, 72, 68, 60, 59, 73, 66, 65, 62, 57, 52, 51, 46, 49, 45, 56, 38, 23, 39, 34, 33, 21, 37, 20, 19, 5, 22, 4, 3]",True,48861149,0.048861149,"[39, 34, 33, 21, 37, 20, 19, 5, 22, 4, 3]","[3, 4, 22, 5, 19, 20, 37, 21, 33, 34, 39]",True,complete,11,11,51,0,28,0,28,33,5,0,0,lowest_first,True,1,9,3,9,3,3,3,4
1,200522,71,140,9,"[0, 1, 2, 6, 7, 8, 9, 10, 11, 12, 13, 14, 15, 16, 17, 18, 23, 24, 25, 26, 27, 28, 29, 30, 31, 32, 34, 35, 36, 38, 39, 40, 41, 42, 43, 44, 45, 46, 47, 48, 49, 50, 51, 52, 53, 54, 55, 56, 57, 58, 59, 60, 61, 62, 63, 64, 65, 66, 67, 68, 69, 70, 71, 72, 73, 74, 75, 76, 77, 78, 79, 80, 81, 82, 83, 84, 85, 86, 87, 88, 89, 90, 91, 92, 93, 94, 95, 96, 97, 98, 99, 100, 101, 102, 103, 104, 105, 106, 107, 108, 109, 110, 111, 112, 114, 115, 116, 117, 118, 119, 120, 121, 122, 123, 124, 125, 126, 127, 128, 129, 130, 131, 132, 133, 134, 135, 136, 137, 138, 139, 140, 141, 142, 143, 144, 145, 146, 147, 148, 149]","[3, 4, 5, 19, 20, 21, 22, 33, 37]","{""support_1"": 37}",[37],1,"[17, 122, 18, 32, 137, 138, 139, 140, 13, 14, 116, 118, 136, 112, 36, 135, 26, 28, 99, 105, 148, 115, 144, 149, 145, 147, 146, 12, 58, 71, 134, 109, 67, 61, 78, 10, 48, 133, 130, 93, 85, 129, 74, 42, 40, 7, 131, 132, 54, 143, 128, 31, 127, 47, 35, 126, 125, 141, 27, 104, 124, 53, 86, 123, 117, 43, 142, 15, 8, 29, 41, 102, 16, 25, 121, 110, 108, 94, 111, 9, 120, 114, 101, 76, 63, 64, 75, 119, 107, 55, 90, 77, 92, 106, 50, 6, 1, 2, 0, 30, 97, 11, 89, 98, 96, 83, 100, 44, 24, 84, 87, 82, 81, 103, 95, 88, 70, 91, 69, 79, 80, 72, 68, 60, 59, 73, 66, 65, 62, 57, 52, 51, 46, 49, 45, 56, 38, 23, 39, 34, 33, 21, 37, 20, 19, 5, 22, 4, 3]",True,32044917,0.032044917,"[33, 21, 37, 20, 19, 5, 22, 4, 3]","[3, 4, 22, 5, 19, 20, 37, 21, 33]",True,complete,9,9,35,0,21,0,21,23,2,0,0,lowest_first,True,1,7,2,7,3,3,2,3
1,200523,72,142,7,"[0, 1, 2, 6, 7, 8, 9, 10, 11, 12, 13, 14, 15, 16, 17, 18, 21, 23, 24, 25, 26, 27, 28, 29, 30, 31, 32, 33, 34, 35, 36, 38, 39, 40, 41, 42, 43, 44, 45, 46, 47, 48, 49, 50, 51, 52, 53, 54, 55, 56, 57, 58, 59, 60, 61, 62, 63, 64, 65, 66, 67, 68, 69, 70, 71, 72, 73, 74, 75, 76, 77, 78, 79, 80, 81, 82, 83, 84, 85, 86, 87, 88, 89, 90, 91, 92, 93, 94, 95, 96, 97, 98, 99, 100, 101, 102, 103, 104, 105, 106, 107, 108, 109, 110, 111, 112, 114, 115, 116, 117, 118, 119, 120, 121, 122, 123, 124, 125, 126, 127, 128, 129, 130, 131, 132, 133, 134, 135, 136, 137, 138, 139, 140, 141, 142, 143, 144, 145, 146, 147, 148, 149]","[3, 4, 5, 19, 20, 22, 37]","{""support_1"": 37}",[37],1,"[17, 122, 18, 32, 137, 138, 139, 140, 13, 14, 116, 118, 136, 112, 36, 135, 26, 28, 99, 105, 148, 115, 144, 149, 145, 147, 146, 12, 58, 71, 134, 109, 67, 61, 78, 10, 48, 133, 130, 93, 85, 129, 74, 42, 40, 7, 131, 132, 54, 143, 128, 31, 127, 47, 35, 126, 125, 141, 27, 104, 124, 53, 86, 123, 117, 43, 142, 15, 8, 29, 41, 102, 16, 25, 121, 110, 108, 94, 111, 9, 120, 114, 101, 76, 63, 64, 75, 119, 107, 55, 90, 77, 92, 106, 50, 6, 1, 2, 0, 30, 97, 11, 89, 98, 96, 83, 100, 44, 24, 84, 87, 82, 81, 103, 95, 88, 70, 91, 69, 79, 80, 72, 68, 60, 59, 73, 66, 65, 62, 57, 52, 51, 46, 49, 45, 56, 38, 23, 39, 34, 33, 21, 37, 20, 19, 5, 22, 4, 3]",True,20750543,0.020750543,"[37, 20, 19, 5, 22, 4, 3]","[3, 4, 22, 5, 19, 20, 37]",True,complete,7,7,22,0,15,0,15,17,2,0,0,lowest_first,True,1,5,2,5,2,2,2,3
1,200524,73,144,5,"[0, 1, 2, 6, 7, 8, 9, 10, 11, 12, 13, 14, 15, 16, 17, 18, 20, 21, 23, 24, 25, 26, 27, 28, 29, 30, 31, 32, 33, 34, 35, 36, 37, 38, 39, 40, 41, 42, 43, 44, 45, 46, 47, 48, 49, 50, 51, 52, 53, 54, 55, 56, 57, 58, 59, 60, 61, 62, 63, 64, 65, 66, 67, 68, 69, 70, 71, 72, 73, 74, 75, 76, 77, 78, 79, 80, 81, 82, 83, 84, 85, 86, 87, 88, 89, 90, 91, 92, 93, 94, 95, 96, 97, 98, 99, 100, 101, 102, 103, 104, 105, 106, 107, 108, 109, 110, 111, 112, 114, 115, 116, 117, 118, 119, 120, 121, 122, 123, 124, 125, 126, 127, 128, 129, 130, 131, 132, 133, 134, 135, 136, 137, 138, 139, 140, 141, 142, 143, 144, 145, 146, 147, 148, 149]","[3, 4, 5, 19, 22]","{""support_1"": 22}",[22],1,"[17, 122, 18, 32, 137, 138, 139, 140, 13, 14, 116, 118, 136, 112, 36, 135, 26, 28, 99, 105, 148, 115, 144, 149, 145, 147, 146, 12, 58, 71, 134, 109, 67, 61, 78, 10, 48, 133, 130, 93, 85, 129, 74, 42, 40, 7, 131, 132, 54, 143, 128, 31, 127, 47, 35, 126, 125, 141, 27, 104, 124, 53, 86, 123, 117, 43, 142, 15, 8, 29, 41, 102, 16, 25, 121, 110, 108, 94, 111, 9, 120, 114, 101, 76, 63, 64, 75, 119, 107, 55, 90, 77, 92, 106, 50, 6, 1, 2, 0, 30, 97, 11, 89, 98, 96, 83, 100, 44, 24, 84, 87, 82, 81, 103, 95, 88, 70, 91, 69, 79, 80, 72, 68, 60, 59, 73, 66, 65, 62, 57, 52, 51, 46, 49, 45, 56, 38, 23, 39, 34, 33, 21, 37, 20, 19, 5, 22, 4, 3]",True,11172659,0.011172659,"[19, 5, 22, 4, 3]","[3, 4, 22, 5, 19]",True,complete,5,5,11,0,10,0,10,10,0,0,0,lowest_first,True,1,3,1,3,2,2,1,2
1,200525,74,146,3,"[0, 1, 2, 5, 6, 7, 8, 9, 10, 11, 12, 13, 14, 15, 16, 17, 18, 19, 20, 21, 23, 24, 25, 26, 27, 28, 29, 30, 31, 32, 33, 34, 35, 36, 37, 38, 39, 40, 41, 42, 43, 44, 45, 46, 47, 48, 49, 50, 51, 52, 53, 54, 55, 56, 57, 58, 59, 60, 61, 62, 63, 64, 65, 66, 67, 68, 69, 70, 71, 72, 73, 74, 75, 76, 77, 78, 79, 80, 81, 82, 83, 84, 85, 86, 87, 88, 89, 90, 91, 92, 93, 94, 95, 96, 97, 98, 99, 100, 101, 102, 103, 104, 105, 106, 107, 108, 109, 110, 111, 112, 114, 115, 116, 117, 118, 119, 120, 121, 122, 123, 124, 125, 126, 127, 128, 129, 130, 131, 132, 133, 134, 135, 136, 137, 138, 139, 140, 141, 142, 143, 144, 145, 146, 147, 148, 149]","[3, 4, 22]","{""support_1"": 22}",[22],1,"[17, 122, 18, 32, 137, 138, 139, 140, 13, 14, 116, 118, 136, 112, 36, 135, 26, 28, 99, 105, 148, 115, 144, 149, 145, 147, 146, 12, 58, 71, 134, 109, 67, 61, 78, 10, 48, 133, 130, 93, 85, 129, 74, 42, 40, 7, 131, 132, 54, 143, 128, 31, 127, 47, 35, 126, 125, 141, 27, 104, 124, 53, 86, 123, 117, 43, 142, 15, 8, 29, 41, 102, 16, 25, 121, 110, 108, 94, 111, 9, 120, 114, 101, 76, 63, 64, 75, 119, 107, 55, 90, 77, 92, 106, 50, 6, 1, 2, 0, 30, 97, 11, 89, 98, 96, 83, 100, 44, 24, 84, 87, 82, 81, 103, 95, 88, 70, 91, 69, 79, 80, 72, 68, 60, 59, 73, 66, 65, 62, 57, 52, 51, 46, 49, 45, 56, 38, 23, 39, 34, 33, 21, 37, 20, 19, 5, 22, 4, 3]",True,5825710,0.005825710,"[22, 4, 3]","[3, 4, 22]",True,complete,3,3,4,0,6,0,6,6,0,0,0,lowest_first,True,1,1,1,1,1,1,1,2
1,200526,75,148,1,"[0, 1, 2, 4, 5, 6, 7, 8, 9, 10, 11, 12, 13, 14, 15, 16, 17, 18, 19, 20, 21, 22, 23, 24, 25, 26, 27, 28, 29, 30, 31, 32, 33, 34, 35, 36, 37, 38, 39, 40, 41, 42, 43, 44, 45, 46, 47, 48, 49, 50, 51, 52, 53, 54, 55, 56, 57, 58, 59, 60, 61, 62, 63, 64, 65, 66, 67, 68, 69, 70, 71, 72, 73, 74, 75, 76, 77, 78, 79, 80, 81, 82, 83, 84, 85, 86, 87, 88, 89, 90, 91, 92, 93, 94, 95, 96, 97, 98, 99, 100, 101, 102, 103, 104, 105, 106, 107, 108, 109, 110, 111, 112, 114, 115, 116, 117, 118, 119, 120, 121, 122, 123, 124, 125, 126, 127, 128, 129, 130, 131, 132, 133, 134, 135, 136, 137, 138, 139, 140, 141, 142, 143, 144, 145, 146, 147, 148, 149]",[3],{},[],0,"[17, 122, 18, 32, 137, 138, 139, 140, 13, 14, 116, 118, 136, 112, 36, 135, 26, 28, 99, 105, 148, 115, 144, 149, 145, 147, 146, 12, 58, 71, 134, 109, 67, 61, 78, 10, 48, 133, 130, 93, 85, 129, 74, 42, 40, 7, 131, 132, 54, 143, 128, 31, 127, 47, 35, 126, 125, 141, 27, 104, 124, 53, 86, 123, 117, 43, 142, 15, 8, 29, 41, 102, 16, 25, 121, 110, 108, 94, 111, 9, 120, 114, 101, 76, 63, 64, 75, 119, 107, 55, 90, 77, 92, 106, 50, 6, 1, 2, 0, 30, 97, 11, 89, 98, 96, 83, 100, 44, 24, 84, 87, 82, 81, 103, 95, 88, 70, 91, 69, 79, 80, 72, 68, 60, 59, 73, 66, 65, 62, 57, 52, 51, 46, 49, 45, 56, 38, 23, 39, 34, 33, 21, 37, 20, 19, 5, 22, 4, 3]",True,733710,0.000733710,[3],[3],True,complete,1,1,1,0,2,0,2,2,0,0,0,lowest_first,True,0,0,0,0,0,0,0,0
2,210452,1,0,149,[],"[0, 1, 2, 3, 4, 5, 6, 7, 8, 9, 10, 11, 12, 13, 14, 15, 16, 17, 18, 19, 20, 21, 22, 23, 24, 25, 26, 27, 28, 29, 30, 31, 32, 33, 34, 35, 36, 37, 38, 39, 40, 41, 42, 43, 44, 45, 46, 47, 48, 49, 50, 51, 52, 53, 54, 55, 56, 57, 58, 59, 60, 61, 62, 63, 64, 65, 66, 67, 68, 69, 70, 71, 72, 73, 74, 75, 76, 77, 78, 79, 80, 81, 82, 83, 84, 85, 86, 87, 88, 89, 90, 91, 92, 93, 94, 95, 96, 97, 98, 99, 100, 101, 102, 103, 104, 105, 106, 107, 108, 109, 110, 111, 112, 114, 115, 116, 117, 118, 119, 120, 121, 122, 123, 124, 125, 126, 127, 128, 129, 130, 131, 132, 133, 134, 135, 136, 137, 138, 139, 140, 141, 142, 143, 144, 145, 146, 147, 148, 149]",{},[],0,"[122, 17, 18, 32, 137, 138, 140, 139, 13, 14, 116, 118, 136, 112, 36, 135, 26, 28, 105, 99, 148, 115, 149, 144, 145, 147, 146, 12, 71, 58, 134, 109, 61, 78, 102, 48, 85, 93, 133, 7, 132, 40, 130, 129, 76, 74, 97, 23, 143, 131, 54, 128, 127, 83, 89, 86, 142, 75, 124, 35, 126, 47, 123, 125, 141, 117, 119, 90, 29, 53, 8, 15, 10, 16, 67, 110, 108, 64, 21, 103, 77, 55, 92, 43, 27, 41, 111, 9, 107, 114, 121, 120, 101, 106, 63, 6, 1, 2, 0, 42, 5, 25, 4, 22, 20, 37, 34, 39, 46, 52, 51, 3, 100, 96, 98, 11, 31, 30, 19, 24, 50, 44, 91, 84, 82, 104, 95, 88, 70, 87, 81, 94, 69, 79, 80, 72, 68, 60, 59, 73, 66, 65, 62, 33, 38, 57, 56, 49, 45]",True,29412378261,29.412378261,"[122, 17, 18, 32, 137, 138, 140, 139, 13, 14, 116, 118, 136, 112, 36, 135, 26, 28, 105, 99, 148, 115, 149, 144, 145, 147, 146, 12, 71, 58, 134, 109, 61, 78, 102, 48, 85, 93, 133, 7, 132, 40, 130, 129, 76, 74, 97, 23, 143, 131, 54, 128, 127, 83, 89, 86, 142, 75, 124, 35, 126, 47, 123, 125, 141, 117, 119, 90, 29, 53, 8, 15, 10, 16, 67, 110, 108, 64, 21, 103, 77, 55, 92, 43, 27, 41, 111, 9, 107, 114, 121, 120, 101, 106, 63, 6, 1, 2, 0, 42, 5, 25, 4, 22, 20, 37, 34, 39, 46, 52, 51, 3, 100, 96, 98, 11, 31, 30, 19, 24, 50, 44, 91, 84, 82, 104, 95, 88, 70, 87, 81, 94, 69, 79, 80, 72, 68, 60, 59, 73, 66, 65, 62, 33, 38, 57, 56, 49, 45]","[45, 49, 56, 57, 38, 33, 62, 65, 66, 73, 59, 60, 68, 72, 80, 79, 69, 94, 81, 87, 70, 88, 95, 104, 82, 84, 91, 44, 50, 24, 19, 30, 31, 11, 98, 96, 100, 3, 51, 52, 46, 39, 34, 37, 20, 22, 4, 25, 5, 42, 0, 2, 1, 6, 63, 106, 101, 120, 121, 114, 107, 9, 111, 41, 27, 43, 92, 55, 77, 103, 21, 64, 108, 110, 67, 16, 10, 15, 8, 53, 29, 90, 119, 117, 141, 125, 123, 47, 126, 35, 124, 75, 142, 86, 89, 83, 127, 128, 54, 131, 143, 23, 97, 74, 76, 129, 130, 40, 132, 7, 133, 93, 85, 48, 102, 78, 61, 109, 134, 58, 71, 12, 146, 147, 145, 144, 149, 115, 148, 99, 105, 28, 26, 135, 36, 112, 136, 118, 116, 14, 13, 139, 140, 138, 137, 32, 18, 17, 122]",True,complete,235,235,9504,0,2766,81,2685,2000,1596,1,0,lowest_first,True,2,134,28,134,28,28,28,28
2,210453,2,2,147,"[17, 122]","[0, 1, 2, 3, 4, 5, 6, 7, 8, 9, 10, 11, 12, 13, 14, 15, 16, 18, 19, 20, 21, 22, 23, 24, 25, 26, 27, 28, 29, 30, 31, 32, 33, 34, 35, 36, 37, 38, 39, 40, 41, 42, 43, 44, 45, 46, 47, 48, 49, 50, 51, 52, 53, 54, 55, 56, 57, 58, 59, 60, 61, 62, 63, 64, 65, 66, 67, 68, 69, 70, 71, 72, 73, 74, 75, 76, 77, 78, 79, 80, 81, 82, 83, 84, 85, 86, 87, 88, 89, 90, 91, 92, 93, 94, 95, 96, 97, 98, 99, 100, 101, 102, 103, 104, 105, 106, 107, 108, 109, 110, 111, 112, 114, 115, 116, 117, 118, 119, 120, 121, 123, 124, 125, 126, 127, 128, 129, 130, 131, 132, 133, 134, 135, 136, 137, 138, 139, 140, 141, 142, 143, 144, 145, 146, 147, 148, 149]",{},[],0,"[122, 17, 18, 32, 137, 138, 140, 139, 13, 14, 116, 118, 136, 112, 36, 135, 26, 28, 105, 99, 148, 115, 149, 144, 145, 147, 146, 12, 71, 58, 134, 109, 61, 78, 102, 48, 85, 93, 133, 7, 132, 40, 130, 129, 76, 74, 97, 23, 143, 131, 54, 128, 127, 83, 89, 86, 142, 75, 124, 35, 126, 47, 123, 125, 141, 117, 119, 90, 29, 53, 8, 15, 10, 16, 67, 110, 108, 64, 21, 103, 77, 55, 92, 43, 27, 41, 111, 9, 107, 114, 121, 120, 101, 106, 63, 6, 1, 2, 0, 42, 5, 25, 4, 22, 20, 37, 34, 39, 46, 52, 51, 3, 100, 96, 98, 11, 31, 30, 19, 24, 50, 44, 91, 84, 82, 104, 95, 88, 70, 87, 81, 94, 69, 79, 80, 72, 68, 60, 59, 73, 66, 65, 62, 33, 38, 57, 56, 49, 45]",True,22587328317,22.587328317,"[18, 32, 137, 138, 140, 139, 14, 13, 118, 116, 136, 112, 36, 135, 28, 26, 99, 105, 148, 115, 149, 144, 145, 147, 146, 12, 58, 71, 134, 109, 78, 48, 67, 61, 10, 133, 130, 93, 85, 129, 76, 128, 31, 94, 74, 127, 91, 126, 35, 7, 83, 125, 102, 30, 124, 21, 123, 110, 141, 142, 90, 15, 108, 16, 111, 9, 42, 40, 143, 132, 131, 54, 97, 11, 100, 64, 50, 104, 75, 119, 92, 77, 55, 117, 53, 29, 43, 27, 41, 8, 98, 96, 107, 114, 121, 120, 101, 106, 63, 95, 87, 103, 88, 70, 89, 69, 79, 80, 72, 86, 82, 81, 73, 66, 65, 47, 68, 60, 59, 44, 62, 84, 24, 23, 25, 57, 56, 49, 46, 45, 51, 38, 52, 39, 34, 33, 37, 20, 19, 5, 22, 3, 4, 2, 6, 1, 0]","[0, 1, 6, 2, 4, 3, 22, 5, 19, 20, 37, 33, 34, 39, 52, 38, 51, 45, 46, 49, 56, 57, 25, 23, 24, 84, 62, 44, 59, 60, 68, 47, 65, 66, 73, 81, 82, 86, 72, 80, 79, 69, 89, 70, 88, 103, 87, 95, 63, 106, 101, 120, 121, 114, 107, 96, 98, 8, 41, 27, 43, 29, 53, 117, 55, 77, 92, 119, 75, 104, 50, 64, 100, 11, 97, 54, 131, 132, 143, 40, 42, 9, 111, 16, 108, 15, 90, 142, 141, 110, 123, 21, 124, 30, 102, 125, 83, 7, 35, 126, 91, 127, 74, 94, 31, 128, 76, 129, 85, 93, 130, 133, 10, 61, 67, 48, 78, 109, 134, 71, 58, 12, 146, 147, 145, 144, 149, 115, 148, 105, 99, 26, 28, 135, 36, 112, 136, 116, 118, 13, 14, 139, 140, 138, 137, 32, 18]",False,complete,148,148,7963,0,1716,1,1715,1963,248,0,0,lowest_first,True,2,158,28,158,28,28,28,28
2,210454,3,4,145,"[17, 18, 32, 122]","[0, 1, 2, 3, 4, 5, 6, 7, 8, 9, 10, 11, 12, 13, 14, 15, 16, 19, 20, 21, 22, 23, 24, 25, 26, 27, 28, 29, 30, 31, 33, 34, 35, 36, 37, 38, 39, 40, 41, 42, 43, 44, 45, 46, 47, 48, 49, 50, 51, 52, 53, 54, 55, 56, 57, 58, 59, 60, 61, 62, 63, 64, 65, 66, 67, 68, 69, 70, 71, 72, 73, 74, 75, 76, 77, 78, 79, 80, 81, 82, 83, 84, 85, 86, 87, 88, 89, 90, 91, 92, 93, 94, 95, 96, 97, 98, 99, 100, 101, 102, 103, 104, 105, 106, 107, 108, 109, 110, 111, 112, 114, 115, 116, 117, 118, 119, 120, 121, 123, 124, 125, 126, 127, 128, 129, 130, 131, 132, 133, 134, 135, 136, 137, 138, 139, 140, 141, 142, 143, 144, 145, 146, 147, 148, 149]",{},[],0,"[122, 17, 18, 32, 137, 138, 140, 139, 13, 14, 116, 118, 136, 112, 36, 135, 26, 28, 105, 99, 148, 115, 149, 144, 145, 147, 146, 12, 71, 58, 134, 109, 61, 78, 102, 48, 85, 93, 133, 7, 132, 40, 130, 129, 76, 74, 97, 23, 143, 131, 54, 128, 127, 83, 89, 86, 142, 75, 124, 35, 126, 47, 123, 125, 141, 117, 119, 90, 29, 53, 8, 15, 10, 16, 67, 110, 108, 64, 21, 103, 77, 55, 92, 43, 27, 41, 111, 9, 107, 114, 121, 120, 101, 106, 63, 6, 1, 2, 0, 42, 5, 25, 4, 22, 20, 37, 34, 39, 46, 52, 51, 3, 100, 96, 98, 11, 31, 30, 19, 24, 50, 44, 91, 84, 82, 104, 95, 88, 70, 87, 81, 94, 69, 79, 80, 72, 68, 60, 59, 73, 66, 65, 62, 33, 38, 57, 56, 49, 45]",True,24652999827,24.652999827,"[137, 138, 139, 140, 14, 13, 118, 116, 136, 16, 36, 135, 28, 26, 105, 99, 148, 115, 144, 149, 145, 147, 146, 12, 58, 71, 134, 109, 61, 102, 133, 42, 48, 85, 67, 78, 143, 7, 132, 129, 131, 130, 74, 128, 31, 23, 127, 47, 52, 124, 123, 141, 142, 126, 94, 44, 50, 125, 86, 103, 119, 8, 15, 10, 112, 27, 110, 108, 117, 29, 92, 53, 55, 43, 111, 9, 107, 114, 93, 76, 90, 77, 75, 41, 121, 63, 120, 101, 21, 106, 83, 6, 1, 2, 0, 40, 5, 25, 4, 22, 20, 35, 37, 34, 39, 46, 54, 62, 51, 49, 45, 56, 57, 38, 33, 19, 24, 97, 30, 11, 3, 100, 98, 96, 84, 87, 82, 81, 104, 95, 70, 69, 89, 79, 88, 91, 73, 66, 64, 68, 60, 59, 80, 72, 65]","[65, 72, 80, 59, 60, 68, 64, 66, 73, 91, 88, 79, 89, 69, 70, 95, 104, 81, 82, 87, 84, 96, 98, 100, 3, 11, 30, 97, 24, 19, 33, 38, 57, 56, 45, 49, 51, 62, 54, 46, 39, 34, 37, 35, 20, 22, 4, 25, 5, 40, 0, 2, 1, 6, 83, 106, 21, 101, 120, 63, 121, 41, 75, 77, 90, 76, 93, 114, 107, 9, 111, 43, 55, 53, 92, 29, 117, 108, 110, 27, 112, 10, 15, 8, 119, 103, 86, 125, 50, 44, 94, 126, 142, 141, 123, 124, 52, 47, 127, 23, 31, 128, 74, 130, 131, 129, 132, 7, 143, 78, 67, 85, 48, 42, 133, 102, 61, 109, 134, 71, 58, 12, 146, 147, 145, 149, 144, 115, 148, 99, 105, 26, 28, 135, 36, 16, 136, 116, 118, 13, 14, 140, 139, 138, 137]",False,complete,154,154,8243,0,1950,7,1943,2000,406,0,0,lowest_first,True,2,117,25,117,25,25,25,25
2,210455,4,6,143,"[17, 18, 32, 122, 137, 138]","[0, 1, 2, 3, 4, 5, 6, 7, 8, 9, 10, 11, 12, 13, 14, 15, 16, 19, 20, 21, 22, 23, 24, 25, 26, 27, 28, 29, 30, 31, 33, 34, 35, 36, 37, 38, 39, 40, 41, 42, 43, 44, 45, 46, 47, 48, 49, 50, 51, 52, 53, 54, 55, 56, 57, 58, 59, 60, 61, 62, 63, 64, 65, 66, 67, 68, 69, 70, 71, 72, 73, 74, 75, 76, 77, 78, 79, 80, 81, 82, 83, 84, 85, 86, 87, 88, 89, 90, 91, 92, 93, 94, 95, 96, 97, 98, 99, 100, 101, 102, 103, 104, 105, 106, 107, 108, 109, 110, 111, 112, 114, 115, 116, 117, 118, 119, 120, 121, 123, 124, 125, 126, 127, 128, 129, 130, 131, 132, 133, 134, 135, 136, 139, 140, 141, 142, 143, 144, 145, 146, 147, 148, 149]",{},[],0,"[122, 17, 18, 32, 137, 138, 140, 139, 13, 14, 116, 118, 136, 112, 36, 135, 26, 28, 105, 99, 148, 115, 149, 144, 145, 147, 146, 12, 71, 58, 134, 109, 61, 78, 102, 48, 85, 93, 133, 7, 132, 40, 130, 129, 76, 74, 97, 23, 143, 131, 54, 128, 127, 83, 89, 86, 142, 75, 124, 35, 126, 47, 123, 125, 141, 117, 119, 90, 29, 53, 8, 15, 10, 16, 67, 110, 108, 64, 21, 103, 77, 55, 92, 43, 27, 41, 111, 9, 107, 114, 121, 120, 101, 106, 63, 6, 1, 2, 0, 42, 5, 25, 4, 22, 20, 37, 34, 39, 46, 52, 51, 3, 100, 96, 98, 11, 31, 30, 19, 24, 50, 44, 91, 84, 82, 104, 95, 88, 70, 87, 81, 94, 69, 79, 80, 72, 68, 60, 59, 73, 66, 65, 62, 33, 38, 57, 56, 49, 45]",True,23203573488,23.203573488,"[140, 139, 13, 14, 116, 118, 136, 112, 36, 135, 26, 28, 99, 105, 144, 10, 149, 102, 145, 147, 146, 12, 58, 71, 134, 109, 67, 48, 78, 61, 148, 93, 85, 133, 130, 129, 74, 40, 42, 7, 132, 131, 54, 143, 128, 126, 47, 125, 124, 123, 142, 141, 119, 104, 103, 127, 55, 86, 25, 27, 15, 117, 41, 16, 76, 110, 9, 97, 64, 90, 53, 92, 77, 75, 8, 29, 43, 111, 108, 89, 115, 63, 107, 114, 121, 120, 101, 106, 94, 6, 1, 2, 0, 70, 62, 87, 60, 83, 68, 69, 59, 79, 80, 66, 72, 65, 73, 91, 88, 44, 95, 31, 100, 82, 81, 96, 30, 98, 11, 84, 24, 52, 51, 46, 39, 50, 49, 45, 56, 57, 38, 23, 5, 4, 3, 21, 22, 20, 19, 35, 37, 34, 33]","[33, 34, 37, 35, 19, 20, 22, 21, 3, 4, 5, 23, 38, 57, 56, 45, 49, 50, 39, 46, 51, 52, 24, 84, 11, 98, 30, 96, 81, 82, 100, 31, 95, 44, 88, 91, 73, 65, 72, 66, 80, 79, 59, 69, 68, 83, 60, 87, 62, 70, 0, 2, 1, 6, 94, 106, 101, 120, 121, 114, 107, 63, 115, 89, 108, 111, 43, 29, 8, 75, 77, 92, 53, 90, 64, 97, 9, 110, 76, 16, 41, 117, 15, 27, 25, 86, 55, 127, 103, 104, 119, 141, 142, 123, 124, 125, 47, 126, 128, 143, 54, 131, 132, 7, 42, 40, 74, 129, 130, 133, 85, 93, 148, 61, 78, 48, 67, 109, 134, 71, 58, 12, 146, 147, 145, 102, 149, 10, 144, 105, 99, 28, 26, 135, 36, 112, 136, 118, 116, 14, 13, 139, 140]",False,complete,146,146,7956,0,1708,1,1707,1844,137,0,0,lowest_first,True,2,102,26,102,26,26,26,26
2,210456,5,8,141,"[17, 18, 32, 122, 137, 138, 139, 140]","[0, 1, 2, 3, 4, 5, 6, 7, 8, 9, 10, 11, 12, 13, 14, 15, 16, 19, 20, 21, 22, 23, 24, 25, 26, 27, 28, 29, 30, 31, 33, 34, 35, 36, 37, 38, 39, 40, 41, 42, 43, 44, 45, 46, 47, 48, 49, 50, 51, 52, 53, 54, 55, 56, 57, 58, 59, 60, 61, 62, 63, 64, 65, 66, 67, 68, 69, 70, 71, 72, 73, 74, 75, 76, 77, 78, 79, 80, 81, 82, 83, 84, 85, 86, 87, 88, 89, 90, 91, 92, 93, 94, 95, 96, 97, 98, 99, 100, 101, 102, 103, 104, 105, 106, 107, 108, 109, 110, 111, 112, 114, 115, 116, 117, 118, 119, 120, 121, 123, 124, 125, 126, 127, 128, 129, 130, 131, 132, 133, 134, 135, 136, 141, 142, 143, 144, 145, 146, 147, 148, 149]",{},[],0,"[122, 17, 18, 32, 137, 138, 140, 139, 13, 14, 116, 118, 136, 112, 36, 135, 26, 28, 105, 99, 148, 115, 149, 144, 145, 147, 146, 12, 71, 58, 134, 109, 61, 78, 102, 48, 85, 93, 133, 7, 132, 40, 130, 129, 76, 74, 97, 23, 143, 131, 54, 128, 127, 83, 89, 86, 142, 75, 124, 35, 126, 47, 123, 125, 141, 117, 119, 90, 29, 53, 8, 15, 10, 16, 67, 110, 108, 64, 21, 103, 77, 55, 92, 43, 27, 41, 111, 9, 107, 114, 121, 120, 101, 106, 63, 6, 1, 2, 0, 42, 5, 25, 4, 22, 20, 37, 34, 39, 46, 52, 51, 3, 100, 96, 98, 11, 31, 30, 19, 24, 50, 44, 91, 84, 82, 104, 95, 88, 70, 87, 81, 94, 69, 79, 80, 72, 68, 60, 59, 73, 66, 65, 62, 33, 38, 57, 56, 49, 45]",True,23183326072,23.183326072,"[13, 14, 116, 118, 136, 112, 36, 135, 26, 28, 105, 99, 148, 115, 144, 149, 145, 146, 147, 12, 58, 71, 134, 109, 67, 78, 48, 61, 10, 133, 129, 93, 85, 130, 74, 42, 40, 7, 131, 132, 54, 143, 128, 31, 127, 47, 35, 126, 125, 141, 27, 104, 124, 53, 86, 123, 119, 16, 102, 142, 110, 9, 117, 111, 108, 25, 6, 94, 29, 41, 15, 43, 1, 2, 76, 63, 64, 55, 75, 77, 90, 92, 8, 0, 107, 114, 121, 120, 101, 106, 50, 30, 97, 11, 89, 98, 96, 83, 100, 44, 24, 84, 87, 82, 81, 103, 95, 88, 70, 91, 69, 79, 80, 72, 68, 60, 59, 73, 66, 65, 62, 57, 52, 51, 46, 49, 45, 56, 38, 23, 39, 34, 33, 21, 37, 20, 19, 5, 22, 4, 3]","[3, 4, 22, 5, 19, 20, 37, 21, 33, 34, 39, 23, 38, 56, 45, 49, 46, 51, 52, 57, 62, 65, 66, 73, 59, 60, 68, 72, 80, 79, 69, 91, 70, 88, 95, 103, 81, 82, 87, 84, 24, 44, 100, 83, 96, 98, 89, 11, 97, 30, 50, 106, 101, 120, 121, 114, 107, 0, 8, 92, 90, 77, 75, 55, 64, 63, 76, 2, 1, 43, 15, 41, 29, 94, 6, 25, 108, 111, 117, 9, 110, 142, 102, 16, 119, 123, 86, 53, 124, 104, 27, 141, 125, 126, 35, 47, 127, 31, 128, 143, 54, 132, 131, 7, 40, 42, 74, 130, 85, 93, 129, 133, 10, 61, 48, 78, 67, 109, 134, 71, 58, 12, 147, 146, 145, 149, 144, 115, 148, 99, 105, 28, 26, 135, 36, 112, 136, 118, 116, 14, 13]",False,complete,143,143,7728,0,1709,0,1709,2000,303,0,0,lowest_first,True,2,115,24,115,24,24,24,24
2,210457,6,10,139,"[13, 14, 17, 18, 32, 122, 137, 138, 139, 140]","[0, 1, 2, 3, 4, 5, 6, 7, 8, 9, 10, 11, 12, 15, 16, 19, 20, 21, 22, 23, 24, 25, 26, 27, 28, 29, 30, 31, 33, 34, 35, 36, 37, 38, 39, 40, 41, 42, 43, 44, 45, 46, 47, 48, 49, 50, 51, 52, 53, 54, 55, 56, 57, 58, 59, 60, 61, 62, 63, 64, 65, 66, 67, 68, 69, 70, 71, 72, 73, 74, 75, 76, 77, 78, 79, 80, 81, 82, 83, 84, 85, 86, 87, 88, 89, 90, 91, 92, 93, 94, 95, 96, 97, 98, 99, 100, 101, 102, 103, 104, 105, 106, 107, 108, 109, 110, 111, 112, 114, 115, 116, 117, 118, 119, 120, 121, 123, 124, 125, 126, 127, 128, 129, 130, 131, 132, 133, 134, 135, 136, 141, 142, 143, 144, 145, 146, 147, 148, 149]",{},[],0,"[122, 17, 18, 32, 137, 138, 140, 139, 13, 14, 116, 118, 136, 112, 36, 135, 26, 28, 105, 99, 148, 115, 149, 144, 145, 147, 146, 12, 71, 58, 134, 109, 61, 78, 102, 48, 85, 93, 133, 7, 132, 40, 130, 129, 76, 74, 97, 23, 143, 131, 54, 128, 127, 83, 89, 86, 142, 75, 124, 35, 126, 47, 123, 125, 141, 117, 119, 90, 29, 53, 8, 15, 10, 16, 67, 110, 108, 64, 21, 103, 77, 55, 92, 43, 27, 41, 111, 9, 107, 114, 121, 120, 101, 106, 63, 6, 1, 2, 0, 42, 5, 25, 4, 22, 20, 37, 34, 39, 46, 52, 51, 3, 100, 96, 98, 11, 31, 30, 19, 24, 50, 44, 91, 84, 82, 104, 95, 88, 70, 87, 81, 94, 69, 79, 80, 72, 68, 60, 59, 73, 66, 65, 62, 33, 38, 57, 56, 49, 45]",True,21097357883,21.097357883,"[118, 116, 136, 112, 36, 135, 26, 28, 105, 99, 149, 102, 144, 10, 145, 146, 147, 12, 58, 71, 134, 109, 78, 61, 67, 148, 48, 93, 85, 133, 130, 129, 74, 42, 40, 7, 132, 131, 54, 143, 128, 126, 47, 125, 124, 123, 142, 141, 53, 127, 94, 15, 16, 25, 76, 110, 9, 97, 63, 91, 64, 119, 90, 117, 77, 92, 55, 75, 41, 8, 43, 29, 27, 111, 108, 106, 115, 107, 6, 1, 2, 0, 114, 121, 120, 101, 52, 51, 46, 39, 68, 50, 45, 49, 56, 57, 38, 83, 44, 103, 62, 60, 89, 70, 69, 59, 79, 80, 72, 86, 73, 66, 65, 23, 5, 4, 21, 22, 20, 35, 37, 34, 33, 3, 100, 96, 98, 11, 31, 30, 24, 19, 84, 87, 82, 81, 88, 104, 95]","[95, 104, 88, 81, 82, 87, 84, 19, 24, 30, 31, 11, 98, 96, 100, 3, 33, 34, 37, 35, 20, 22, 21, 4, 5, 23, 65, 66, 73, 86, 72, 80, 79, 59, 69, 70, 89, 60, 62, 103, 44, 83, 38, 57, 56, 49, 45, 50, 68, 39, 46, 51, 52, 101, 120, 121, 114, 0, 2, 1, 6, 107, 115, 106, 108, 111, 27, 29, 43, 8, 41, 75, 55, 92, 77, 117, 90, 119, 64, 91, 63, 97, 9, 110, 76, 25, 16, 15, 94, 127, 53, 141, 142, 123, 124, 125, 47, 126, 128, 143, 54, 131, 132, 7, 40, 42, 74, 129, 130, 133, 85, 93, 48, 148, 67, 61, 78, 109, 134, 71, 58, 12, 147, 146, 145, 10, 144, 102, 149, 99, 105, 28, 26, 135, 36, 112, 136, 116, 118]",False,complete,140,140,7385,0,1617,1,1616,1732,116,0,0,lowest_first,True,2,120,27,120,27,27,27,27
2,210458,7,12,137,"[13, 14, 17, 18, 32, 116, 118, 122, 137, 138, 139, 140]","[0, 1, 2, 3, 4, 5, 6, 7, 8, 9, 10, 11, 12, 15, 16, 19, 20, 21, 22, 23, 24, 25, 26, 27, 28, 29, 30, 31, 33, 34, 35, 36, 37, 38, 39, 40, 41, 42, 43, 44, 45, 46, 47, 48, 49, 50, 51, 52, 53, 54, 55, 56, 57, 58, 59, 60, 61, 62, 63, 64, 65, 66, 67, 68, 69, 70, 71, 72, 73, 74, 75, 76, 77, 78, 79, 80, 81, 82, 83, 84, 85, 86, 87, 88, 89, 90, 91, 92, 93, 94, 95, 96, 97, 98, 99, 100, 101, 102, 103, 104, 105, 106, 107, 108, 109, 110, 111, 112, 114, 115, 117, 119, 120, 121, 123, 124, 125, 126, 127, 128, 129, 130, 131, 132, 133, 134, 135, 136, 141, 142, 143, 144, 145, 146, 147, 148, 149]",{},[],0,"[122, 17, 18, 32, 137, 138, 140, 139, 13, 14, 116, 118, 136, 112, 36, 135, 26, 28, 105, 99, 148, 115, 149, 144, 145, 147, 146, 12, 71, 58, 134, 109, 61, 78, 102, 48, 85, 93, 133, 7, 132, 40, 130, 129, 76, 74, 97, 23, 143, 131, 54, 128, 127, 83, 89, 86, 142, 75, 124, 35, 126, 47, 123, 125, 141, 117, 119, 90, 29, 53, 8, 15, 10, 16, 67, 110, 108, 64, 21, 103, 77, 55, 92, 43, 27, 41, 111, 9, 107, 114, 121, 120, 101, 106, 63, 6, 1, 2, 0, 42, 5, 25, 4, 22, 20, 37, 34, 39, 46, 52, 51, 3, 100, 96, 98, 11, 31, 30, 19, 24, 50, 44, 91, 84, 82, 104, 95, 88, 70, 87, 81, 94, 69, 79, 80, 72, 68, 60, 59, 73, 66, 65, 62, 33, 38, 57, 56, 49, 45]",True,21987271285,21.987271285,"[136, 16, 36, 135, 28, 26, 105, 99, 145, 148, 115, 144, 149, 146, 147, 12, 71, 58, 134, 109, 48, 78, 61, 67, 85, 93, 133, 40, 42, 102, 7, 130, 132, 131, 129, 76, 128, 31, 127, 126, 91, 47, 86, 74, 125, 142, 141, 90, 92, 8, 94, 124, 75, 52, 50, 43, 143, 55, 77, 10, 112, 123, 53, 27, 110, 108, 117, 119, 15, 29, 107, 25, 114, 41, 121, 106, 120, 101, 111, 9, 6, 1, 2, 0, 30, 97, 11, 100, 98, 96, 54, 51, 46, 45, 64, 70, 69, 89, 79, 80, 72, 68, 73, 66, 65, 59, 39, 60, 63, 62, 49, 56, 57, 38, 83, 44, 24, 104, 84, 87, 82, 81, 88, 103, 95, 23, 5, 4, 3, 21, 22, 20, 19, 35, 37, 34, 33]","[33, 34, 37, 35, 19, 20, 22, 21, 3, 4, 5, 23, 95, 103, 88, 81, 82, 87, 84, 104, 24, 44, 83, 38, 57, 56, 49, 62, 63, 60, 39, 59, 65, 66, 73, 68, 72, 80, 79, 89, 69, 70, 64, 45, 46, 51, 54, 96, 98, 100, 11, 97, 30, 0, 2, 1, 6, 9, 111, 101, 120, 106, 121, 41, 114, 25, 107, 29, 15, 119, 117, 108, 110, 27, 53, 123, 112, 10, 77, 55, 143, 43, 50, 52, 75, 124, 94, 8, 92, 90, 141, 142, 125, 74, 86, 47, 91, 126, 127, 31, 128, 76, 129, 131, 132, 130, 7, 102, 42, 40, 133, 93, 85, 67, 61, 78, 48, 109, 134, 58, 71, 12, 147, 146, 149, 144, 115, 148, 145, 99, 105, 26, 28, 135, 36, 16, 136]",False,complete,137,137,7365,0,1594,0,1594,1636,42,0,0,lowest_first,True,2,89,25,89,25,25,25,25
2,210459,8,14,135,"[13, 14, 17, 18, 32, 112, 116, 118, 122, 136, 137, 138, 139, 140]","[0, 1, 2, 3, 4, 5, 6, 7, 8, 9, 10, 11, 12, 15, 16, 19, 20, 21, 22, 23, 24, 25, 26, 27, 28, 29, 30, 31, 33, 34, 35, 36, 37, 38, 39, 40, 41, 42, 43, 44, 45, 46, 47, 48, 49, 50, 51, 52, 53, 54, 55, 56, 57, 58, 59, 60, 61, 62, 63, 64, 65, 66, 67, 68, 69, 70, 71, 72, 73, 74, 75, 76, 77, 78, 79, 80, 81, 82, 83, 84, 85, 86, 87, 88, 89, 90, 91, 92, 93, 94, 95, 96, 97, 98, 99, 100, 101, 102, 103, 104, 105, 106, 107, 108, 109, 110, 111, 114, 115, 117, 119, 120, 121, 123, 124, 125, 126, 127, 128, 129, 130, 131, 132, 133, 134, 135, 141, 142, 143, 144, 145, 146, 147, 148, 149]",{},[],0,"[122, 17, 18, 32, 137, 138, 140, 139, 13, 14, 116, 118, 136, 112, 36, 135, 26, 28, 105, 99, 148, 115, 149, 144, 145, 147, 146, 12, 71, 58, 134, 109, 61, 78, 102, 48, 85, 93, 133, 7, 132, 40, 130, 129, 76, 74, 97, 23, 143, 131, 54, 128, 127, 83, 89, 86, 142, 75, 124, 35, 126, 47, 123, 125, 141, 117, 119, 90, 29, 53, 8, 15, 10, 16, 67, 110, 108, 64, 21, 103, 77, 55, 92, 43, 27, 41, 111, 9, 107, 114, 121, 120, 101, 106, 63, 6, 1, 2, 0, 42, 5, 25, 4, 22, 20, 37, 34, 39, 46, 52, 51, 3, 100, 96, 98, 11, 31, 30, 19, 24, 50, 44, 91, 84, 82, 104, 95, 88, 70, 87, 81, 94, 69, 79, 80, 72, 68, 60, 59, 73, 66, 65, 62, 33, 38, 57, 56, 49, 45]",True,23734991959,23.734991959,"[36, 135, 28, 26, 105, 99, 148, 115, 149, 145, 144, 147, 146, 12, 71, 58, 134, 109, 67, 61, 48, 78, 10, 133, 130, 93, 85, 129, 74, 42, 40, 7, 132, 131, 54, 143, 128, 31, 127, 47, 35, 126, 125, 142, 27, 104, 124, 123, 141, 55, 119, 15, 103, 16, 25, 76, 110, 108, 64, 92, 53, 75, 117, 77, 90, 43, 29, 41, 8, 111, 9, 107, 102, 114, 121, 89, 120, 101, 63, 106, 50, 95, 98, 100, 96, 30, 97, 11, 6, 1, 2, 0, 52, 51, 46, 45, 49, 56, 57, 68, 62, 60, 91, 70, 69, 59, 79, 80, 88, 87, 94, 72, 83, 73, 66, 65, 84, 24, 44, 86, 82, 81, 38, 23, 39, 34, 33, 21, 37, 20, 19, 5, 22, 4, 3]","[3, 4, 22, 5, 19, 20, 37, 21, 33, 34, 39, 23, 38, 81, 82, 86, 44, 24, 84, 65, 66, 73, 83, 72, 94, 87, 88, 80, 79, 59, 69, 70, 91, 60, 62, 68, 57, 56, 49, 45, 46, 51, 52, 0, 2, 1, 6, 11, 97, 30, 96, 100, 98, 95, 50, 106, 63, 101, 120, 89, 121, 114, 102, 107, 9, 111, 8, 41, 29, 43, 90, 77, 117, 75, 53, 92, 64, 108, 110, 76, 25, 16, 103, 15, 119, 55, 141, 123, 124, 104, 27, 142, 125, 126, 35, 47, 127, 31, 128, 143, 54, 131, 132, 7, 40, 42, 74, 129, 85, 93, 130, 133, 10, 78, 48, 61, 67, 109, 134, 58, 71, 12, 146, 147, 144, 145, 149, 115, 148, 99, 105, 26, 28, 135, 36]",False,complete,137,137,7054,0,1783,2,1781,2000,275,0,0,lowest_first,True,2,114,27,114,27,27,27,27
2,210460,9,16,133,"[13, 14, 17, 18, 32, 36, 112, 116, 118, 122, 135, 136, 137, 138, 139, 140]","[0, 1, 2, 3, 4, 5, 6, 7, 8, 9, 10, 11, 12, 15, 16, 19, 20, 21, 22, 23, 24, 25, 26, 27, 28, 29, 30, 31, 33, 34, 35, 37, 38, 39, 40, 41, 42, 43, 44, 45, 46, 47, 48, 49, 50, 51, 52, 53, 54, 55, 56, 57, 58, 59, 60, 61, 62, 63, 64, 65, 66, 67, 68, 69, 70, 71, 72, 73, 74, 75, 76, 77, 78, 79, 80, 81, 82, 83, 84, 85, 86, 87, 88, 89, 90, 91, 92, 93, 94, 95, 96, 97, 98, 99, 100, 101, 102, 103, 104, 105, 106, 107, 108, 109, 110, 111, 114, 115, 117, 119, 120, 121, 123, 124, 125, 126, 127, 128, 129, 130, 131, 132, 133, 134, 141, 142, 143, 144, 145, 146, 147, 148, 149]",{},[],0,"[122, 17, 18, 32, 137, 138, 140, 139, 13, 14, 116, 118, 136, 112, 36, 135, 26, 28, 105, 99, 148, 115, 149, 144, 145, 147, 146, 12, 71, 58, 134, 109, 61, 78, 102, 48, 85, 93, 133, 7, 132, 40, 130, 129, 76, 74, 97, 23, 143, 131, 54, 128, 127, 83, 89, 86, 142, 75, 124, 35, 126, 47, 123, 125, 141, 117, 119, 90, 29, 53, 8, 15, 10, 16, 67, 110, 108, 64, 21, 103, 77, 55, 92, 43, 27, 41, 111, 9, 107, 114, 121, 120, 101, 106, 63, 6, 1, 2, 0, 42, 5, 25, 4, 22, 20, 37, 34, 39, 46, 52, 51, 3, 100, 96, 98, 11, 31, 30, 19, 24, 50, 44, 91, 84, 82, 104, 95, 88, 70, 87, 81, 94, 69, 79, 80, 72, 68, 60, 59, 73, 66, 65, 62, 33, 38, 57, 56, 49, 45]",True,20744037000,20.744037000,"[28, 26, 105, 99, 145, 149, 102, 148, 144, 147, 146, 12, 71, 58, 134, 109, 48, 67, 61, 78, 10, 93, 85, 133, 130, 129, 74, 40, 42, 7, 131, 132, 52, 143, 128, 126, 47, 125, 94, 100, 142, 141, 8, 15, 77, 76, 44, 50, 124, 123, 115, 16, 25, 110, 108, 63, 127, 91, 103, 117, 75, 90, 92, 53, 55, 119, 27, 29, 43, 41, 111, 9, 107, 114, 121, 120, 101, 106, 83, 6, 1, 2, 0, 54, 51, 46, 45, 39, 62, 49, 56, 57, 38, 70, 86, 69, 79, 80, 64, 60, 59, 68, 66, 72, 65, 104, 73, 87, 89, 88, 82, 81, 84, 97, 96, 95, 98, 24, 30, 31, 11, 23, 5, 4, 3, 21, 22, 20, 19, 35, 37, 34, 33]","[33, 34, 37, 35, 19, 20, 22, 21, 3, 4, 5, 23, 11, 31, 30, 24, 98, 95, 96, 97, 84, 81, 82, 88, 89, 87, 73, 104, 65, 72, 66, 68, 59, 60, 64, 80, 79, 69, 86, 70, 38, 57, 56, 49, 62, 39, 45, 46, 51, 54, 0, 2, 1, 6, 83, 106, 101, 120, 121, 114, 107, 9, 111, 41, 43, 29, 27, 119, 55, 53, 92, 90, 75, 117, 103, 91, 127, 63, 108, 110, 25, 16, 115, 123, 124, 50, 44, 76, 77, 15, 8, 141, 142, 100, 94, 125, 47, 126, 128, 143, 52, 132, 131, 7, 42, 40, 74, 129, 130, 133, 85, 93, 10, 78, 61, 67, 48, 109, 134, 58, 71, 12, 146, 147, 144, 148, 102, 149, 145, 99, 105, 26, 28]",False,complete,134,134,6559,0,1576,1,1575,1769,194,0,0,lowest_first,True,2,129,25,129,25,25,25,25
2,210461,10,18,131,"[13, 14, 17, 18, 26, 28, 32, 36, 112, 116, 118, 122, 135, 136, 137, 138, 139, 140]","[0, 1, 2, 3, 4, 5, 6, 7, 8, 9, 10, 11, 12, 15, 16, 19, 20, 21, 22, 23, 24, 25, 27, 29, 30, 31, 33, 34, 35, 37, 38, 39, 40, 41, 42, 43, 44, 45, 46, 47, 48, 49, 50, 51, 52, 53, 54, 55, 56, 57, 58, 59, 60, 61, 62, 63, 64, 65, 66, 67, 68, 69, 70, 71, 72, 73, 74, 75, 76, 77, 78, 79, 80, 81, 82, 83, 84, 85, 86, 87, 88, 89, 90, 91, 92, 93, 94, 95, 96, 97, 98, 99, 100, 101, 102, 103, 104, 105, 106, 107, 108, 109, 110, 111, 114, 115, 117, 119, 120, 121, 123, 124, 125, 126, 127, 128, 129, 130, 131, 132, 133, 134, 141, 142, 143, 144, 145, 146, 147, 148, 149]",{},[],0,"[122, 17, 18, 32, 137, 138, 140, 139, 13, 14, 116, 118, 136, 112, 36, 135, 26, 28, 105, 99, 148, 115, 149, 144, 145, 147, 146, 12, 71, 58, 134, 109, 61, 78, 102, 48, 85, 93, 133, 7, 132, 40, 130, 129, 76, 74, 97, 23, 143, 131, 54, 128, 127, 83, 89, 86, 142, 75, 124, 35, 126, 47, 123, 125, 141, 117, 119, 90, 29, 53, 8, 15, 10, 16, 67, 110, 108, 64, 21, 103, 77, 55, 92, 43, 27, 41, 111, 9, 107, 114, 121, 120, 101, 106, 63, 6, 1, 2, 0, 42, 5, 25, 4, 22, 20, 37, 34, 39, 46, 52, 51, 3, 100, 96, 98, 11, 31, 30, 19, 24, 50, 44, 91, 84, 82, 104, 95, 88, 70, 87, 81, 94, 69, 79, 80, 72, 68, 60, 59, 73, 66, 65, 62, 33, 38, 57, 56, 49, 45]",True,23666947697,23.666947697,"[105, 99, 145, 148, 115, 149, 144, 147, 146, 12, 71, 58, 134, 109, 67, 78, 48, 61, 10, 133, 130, 93, 85, 129, 74, 42, 40, 7, 132, 131, 52, 143, 128, 127, 31, 47, 35, 126, 125, 141, 27, 104, 124, 123, 142, 55, 117, 86, 8, 43, 15, 29, 102, 16, 41, 119, 25, 76, 110, 108, 63, 89, 64, 53, 90, 75, 77, 92, 111, 9, 107, 114, 121, 120, 101, 106, 50, 6, 1, 2, 0, 30, 97, 11, 91, 98, 96, 83, 100, 44, 24, 84, 82, 103, 95, 88, 70, 87, 81, 94, 69, 79, 80, 72, 68, 60, 59, 73, 66, 65, 62, 57, 54, 51, 46, 49, 45, 56, 38, 23, 39, 34, 33, 21, 37, 20, 19, 5, 22, 4, 3]","[3, 4, 22, 5, 19, 20, 37, 21, 33, 34, 39, 23, 38, 56, 45, 49, 46, 51, 54, 57, 62, 65, 66, 73, 59, 60, 68, 72, 80, 79, 69, 94, 81, 87, 70, 88, 95, 103, 82, 84, 24, 44, 100, 83, 96, 98, 91, 11, 97, 30, 0, 2, 1, 6, 50, 106, 101, 120, 121, 114, 107, 9, 111, 92, 77, 75, 90, 53, 64, 89, 63, 108, 110, 76, 25, 119, 41, 16, 102, 29, 15, 43, 8, 86, 117, 55, 142, 123, 124, 104, 27, 141, 125, 126, 35, 47, 31, 127, 128, 143, 52, 131, 132, 7, 40, 42, 74, 129, 85, 93, 130, 133, 10, 61, 48, 78, 67, 109, 134, 58, 71, 12, 146, 147, 144, 149, 115, 148, 145, 99, 105]",False,complete,132,132,6439,0,1705,1,1704,1886,182,0,0,lowest_first,True,2,124,24,124,24,24,24,24
2,210462,11,20,129,"[13, 14, 17, 18, 26, 28, 32, 36, 99, 105, 112, 116, 118, 122, 135, 136, 137, 138, 139, 140]","[0, 1, 2, 3, 4, 5, 6, 7, 8, 9, 10, 11, 12, 15, 16, 19, 20, 21, 22, 23, 24, 25, 27, 29, 30, 31, 33, 34, 35, 37, 38, 39, 40, 41, 42, 43, 44, 45, 46, 47, 48, 49, 50, 51, 52, 53, 54, 55, 56, 57, 58, 59, 60, 61, 62, 63, 64, 65, 66, 67, 68, 69, 70, 71, 72, 73, 74, 75, 76, 77, 78, 79, 80, 81, 82, 83, 84, 85, 86, 87, 88, 89, 90, 91, 92, 93, 94, 95, 96, 97, 98, 100, 101, 102, 103, 104, 106, 107, 108, 109, 110, 111, 114, 115, 117, 119, 120, 121, 123, 124, 125, 126, 127, 128, 129, 130, 131, 132, 133, 134, 141, 142, 143, 144, 145, 146, 147, 148, 149]",{},[],0,"[122, 17, 18, 32, 137, 138, 140, 139, 13, 14, 116, 118, 136, 112, 36, 135, 26, 28, 105, 99, 148, 115, 149, 144, 145, 147, 146, 12, 71, 58, 134, 109, 61, 78, 102, 48, 85, 93, 133, 7, 132, 40, 130, 129, 76, 74, 97, 23, 143, 131, 54, 128, 127, 83, 89, 86, 142, 75, 124, 35, 126, 47, 123, 125, 141, 117, 119, 90, 29, 53, 8, 15, 10, 16, 67, 110, 108, 64, 21, 103, 77, 55, 92, 43, 27, 41, 111, 9, 107, 114, 121, 120, 101, 106, 63, 6, 1, 2, 0, 42, 5, 25, 4, 22, 20, 37, 34, 39, 46, 52, 51, 3, 100, 96, 98, 11, 31, 30, 19, 24, 50, 44, 91, 84, 82, 104, 95, 88, 70, 87, 81, 94, 69, 79, 80, 72, 68, 60, 59, 73, 66, 65, 62, 33, 38, 57, 56, 49, 45]",True,27260798083,27.260798083,"[149, 102, 148, 144, 145, 146, 147, 12, 71, 58, 134, 109, 78, 48, 61, 115, 85, 93, 133, 7, 131, 40, 130, 129, 76, 74, 97, 23, 143, 132, 52, 128, 127, 83, 89, 86, 142, 75, 124, 35, 126, 47, 141, 123, 119, 117, 125, 90, 15, 8, 27, 10, 57, 110, 77, 16, 108, 64, 21, 104, 55, 92, 53, 43, 41, 29, 111, 9, 107, 114, 121, 120, 101, 106, 67, 6, 1, 2, 0, 42, 5, 25, 4, 22, 20, 44, 37, 34, 39, 46, 54, 50, 51, 62, 49, 45, 56, 38, 33, 91, 63, 70, 60, 68, 66, 94, 73, 69, 59, 79, 80, 72, 65, 3, 100, 96, 98, 11, 31, 30, 24, 19, 84, 87, 82, 81, 88, 103, 95]","[95, 103, 88, 81, 82, 87, 84, 19, 24, 30, 31, 11, 98, 96, 100, 3, 65, 72, 80, 79, 59, 69, 73, 94, 66, 68, 60, 70, 63, 91, 33, 38, 56, 45, 49, 62, 51, 50, 54, 46, 39, 34, 37, 44, 20, 22, 4, 25, 5, 42, 0, 2, 1, 6, 67, 106, 101, 120, 121, 114, 107, 9, 111, 29, 41, 43, 53, 92, 55, 104, 21, 64, 108, 16, 77, 110, 57, 10, 27, 8, 15, 90, 125, 117, 119, 123, 141, 47, 126, 35, 124, 75, 142, 86, 89, 83, 127, 128, 52, 132, 143, 23, 97, 74, 76, 129, 130, 40, 131, 7, 133, 93, 85, 115, 61, 48, 78, 109, 134, 58, 71, 12, 147, 146, 145, 144, 148, 102, 149]",False,complete,162,162,6919,0,2444,68,2376,2000,938,0,0,lowest_first,True,2,131,27,131,27,27,27,27
2,210463,12,22,127,"[13, 14, 17, 18, 26, 28, 32, 36, 99, 105, 112, 115, 116, 118, 122, 135, 136, 137, 138, 139, 140, 148]","[0, 1, 2, 3, 4, 5, 6, 7, 8, 9, 10, 11, 12, 15, 16, 19, 20, 21, 22, 23, 24, 25, 27, 29, 30, 31, 33, 34, 35, 37, 38, 39, 40, 41, 42, 43, 44, 45, 46, 47, 48, 49, 50, 51, 52, 53, 54, 55, 56, 57, 58, 59, 60, 61, 62, 63, 64, 65, 66, 67, 68, 69, 70, 71, 72, 73, 74, 75, 76, 77, 78, 79, 80, 81, 82, 83, 84, 85, 86, 87, 88, 89, 90, 91, 92, 93, 94, 95, 96, 97, 98, 100, 101, 102, 103, 104, 106, 107, 108, 109, 110, 111, 114, 117, 119, 120, 121, 123, 124, 125, 126, 127, 128, 129, 130, 131, 132, 133, 134, 141, 142, 143, 144, 145, 146, 147, 149]",{},[],0,"[122, 17, 18, 32, 137, 138, 140, 139, 13, 14, 116, 118, 136, 112, 36, 135, 26, 28, 105, 99, 148, 115, 149, 144, 145, 147, 146, 12, 71, 58, 134, 109, 61, 78, 102, 48, 85, 93, 133, 7, 132, 40, 130, 129, 76, 74, 97, 23, 143, 131, 54, 128, 127, 83, 89, 86, 142, 75, 124, 35, 126, 47, 123, 125, 141, 117, 119, 90, 29, 53, 8, 15, 10, 16, 67, 110, 108, 64, 21, 103, 77, 55, 92, 43, 27, 41, 111, 9, 107, 114, 121, 120, 101, 106, 63, 6, 1, 2, 0, 42, 5, 25, 4, 22, 20, 37, 34, 39, 46, 52, 51, 3, 100, 96, 98, 11, 31, 30, 19, 24, 50, 44, 91, 84, 82, 104, 95, 88, 70, 87, 81, 94, 69, 79, 80, 72, 68, 60, 59, 73, 66, 65, 62, 33, 38, 57, 56, 49, 45]",True,28306679629,28.306679629,"[149, 145, 144, 146, 147, 12, 71, 58, 134, 109, 78, 61, 102, 48, 85, 93, 133, 7, 132, 40, 129, 130, 76, 74, 97, 23, 143, 131, 52, 128, 127, 83, 89, 86, 142, 75, 124, 35, 126, 47, 141, 123, 117, 125, 119, 92, 8, 15, 10, 110, 16, 67, 108, 64, 21, 103, 53, 55, 90, 77, 43, 41, 27, 29, 111, 9, 107, 114, 121, 120, 101, 106, 63, 6, 1, 2, 0, 42, 5, 25, 4, 22, 20, 37, 34, 39, 46, 54, 51, 3, 100, 96, 98, 11, 31, 30, 33, 44, 24, 19, 38, 57, 50, 56, 49, 45, 91, 84, 82, 104, 95, 88, 70, 87, 81, 94, 69, 79, 80, 62, 73, 72, 60, 59, 68, 66, 65]","[65, 66, 68, 59, 60, 72, 73, 62, 80, 79, 69, 94, 81, 87, 70, 88, 95, 104, 82, 84, 91, 45, 49, 56, 50, 57, 38, 19, 24, 44, 33, 30, 31, 11, 98, 96, 100, 3, 51, 54, 46, 39, 34, 37, 20, 22, 4, 25, 5, 42, 0, 2, 1, 6, 63, 106, 101, 120, 121, 114, 107, 9, 111, 29, 27, 41, 43, 77, 90, 55, 53, 103, 21, 64, 108, 67, 16, 110, 10, 15, 8, 92, 119, 125, 117, 123, 141, 47, 126, 35, 124, 75, 142, 86, 89, 83, 127, 128, 52, 131, 143, 23, 97, 74, 76, 130, 129, 40, 132, 7, 133, 93, 85, 48, 102, 61, 78, 109, 134, 58, 71, 12, 147, 146, 144, 145, 149]",False,complete,202,202,6961,0,2662,77,2585,2000,1588,1,0,lowest_first,True,2,139,26,139,26,26,26,26
2,210464,13,24,125,"[13, 14, 17, 18, 26, 28, 32, 36, 99, 105, 112, 115, 116, 118, 122, 135, 136, 137, 138, 139, 140, 144, 148, 149]","[0, 1, 2, 3, 4, 5, 6, 7, 8, 9, 10, 11, 12, 15, 16, 19, 20, 21, 22, 23, 24, 25, 27, 29, 30, 31, 33, 34, 35, 37, 38, 39, 40, 41, 42, 43, 44, 45, 46, 47, 48, 49, 50, 51, 52, 53, 54, 55, 56, 57, 58, 59, 60, 61, 62, 63, 64, 65, 66, 67, 68, 69, 70, 71, 72, 73, 74, 75, 76, 77, 78, 79, 80, 81, 82, 83, 84, 85, 86, 87, 88, 89, 90, 91, 92, 93, 94, 95, 96, 97, 98, 100, 101, 102, 103, 104, 106, 107, 108, 109, 110, 111, 114, 117, 119, 120, 121, 123, 124, 125, 126, 127, 128, 129, 130, 131, 132, 133, 134, 141, 142, 143, 145, 146, 147]",{},[],0,"[122, 17, 18, 32, 137, 138, 140, 139, 13, 14, 116, 118, 136, 112, 36, 135, 26, 28, 105, 99, 148, 115, 149, 144, 145, 147, 146, 12, 71, 58, 134, 109, 61, 78, 102, 48, 85, 93, 133, 7, 132, 40, 130, 129, 76, 74, 97, 23, 143, 131, 54, 128, 127, 83, 89, 86, 142, 75, 124, 35, 126, 47, 123, 125, 141, 117, 119, 90, 29, 53, 8, 15, 10, 16, 67, 110, 108, 64, 21, 103, 77, 55, 92, 43, 27, 41, 111, 9, 107, 114, 121, 120, 101, 106, 63, 6, 1, 2, 0, 42, 5, 25, 4, 22, 20, 37, 34, 39, 46, 52, 51, 3, 100, 96, 98, 11, 31, 30, 19, 24, 50, 44, 91, 84, 82, 104, 95, 88, 70, 87, 81, 94, 69, 79, 80, 72, 68, 60, 59, 73, 66, 65, 62, 33, 38, 57, 56, 49, 45]",True,21903009395,21.903009395,"[145, 147, 146, 12, 58, 71, 134, 109, 78, 67, 48, 61, 10, 133, 130, 93, 85, 129, 74, 42, 40, 7, 131, 132, 54, 143, 128, 31, 127, 47, 35, 126, 125, 142, 29, 103, 124, 123, 141, 53, 86, 8, 16, 25, 76, 110, 108, 64, 75, 55, 90, 77, 117, 92, 119, 43, 27, 41, 15, 111, 9, 107, 102, 114, 121, 91, 120, 101, 63, 106, 50, 6, 1, 2, 0, 30, 97, 11, 89, 98, 96, 83, 100, 44, 24, 84, 82, 104, 95, 88, 70, 87, 81, 94, 69, 79, 80, 72, 68, 60, 59, 73, 66, 65, 62, 57, 52, 51, 46, 49, 45, 56, 38, 23, 39, 34, 33, 21, 37, 20, 19, 5, 22, 4, 3]","[3, 4, 22, 5, 19, 20, 37, 21, 33, 34, 39, 23, 38, 56, 45, 49, 46, 51, 52, 57, 62, 65, 66, 73, 59, 60, 68, 72, 80, 79, 69, 94, 81, 87, 70, 88, 95, 104, 82, 84, 24, 44, 100, 83, 96, 98, 89, 11, 97, 30, 0, 2, 1, 6, 50, 106, 63, 101, 120, 91, 121, 114, 102, 107, 9, 111, 15, 41, 27, 43, 119, 92, 117, 77, 90, 55, 75, 64, 108, 110, 76, 25, 16, 8, 86, 53, 141, 123, 124, 103, 29, 142, 125, 126, 35, 47, 127, 31, 128, 143, 54, 132, 131, 7, 40, 42, 74, 129, 85, 93, 130, 133, 10, 61, 48, 67, 78, 109, 134, 71, 58, 12, 146, 147, 145]",False,complete,125,125,5916,0,1613,0,1613,1761,148,0,0,lowest_first,True,2,111,24,111,24,24,24,24
2,210465,14,26,123,"[13, 14, 17, 18, 26, 28, 32, 36, 99, 105, 112, 115, 116, 118, 122, 135, 136, 137, 138, 139, 140, 144, 145, 147, 148, 149]","[0, 1, 2, 3, 4, 5, 6, 7, 8, 9, 10, 11, 12, 15, 16, 19, 20, 21, 22, 23, 24, 25, 27, 29, 30, 31, 33, 34, 35, 37, 38, 39, 40, 41, 42, 43, 44, 45, 46, 47, 48, 49, 50, 51, 52, 53, 54, 55, 56, 57, 58, 59, 60, 61, 62, 63, 64, 65, 66, 67, 68, 69, 70, 71, 72, 73, 74, 75, 76, 77, 78, 79, 80, 81, 82, 83, 84, 85, 86, 87, 88, 89, 90, 91, 92, 93, 94, 95, 96, 97, 98, 100, 101, 102, 103, 104, 106, 107, 108, 109, 110, 111, 114, 117, 119, 120, 121, 123, 124, 125, 126, 127, 128, 129, 130, 131, 132, 133, 134, 141, 142, 143, 146]",{},[],0,"[122, 17, 18, 32, 137, 138, 140, 139, 13, 14, 116, 118, 136, 112, 36, 135, 26, 28, 105, 99, 148, 115, 149, 144, 145, 147, 146, 12, 71, 58, 134, 109, 61, 78, 102, 48, 85, 93, 133, 7, 132, 40, 130, 129, 76, 74, 97, 23, 143, 131, 54, 128, 127, 83, 89, 86, 142, 75, 124, 35, 126, 47, 123, 125, 141, 117, 119, 90, 29, 53, 8, 15, 10, 16, 67, 110, 108, 64, 21, 103, 77, 55, 92, 43, 27, 41, 111, 9, 107, 114, 121, 120, 101, 106, 63, 6, 1, 2, 0, 42, 5, 25, 4, 22, 20, 37, 34, 39, 46, 52, 51, 3, 100, 96, 98, 11, 31, 30, 19, 24, 50, 44, 91, 84, 82, 104, 95, 88, 70, 87, 81, 94, 69, 79, 80, 72, 68, 60, 59, 73, 66, 65, 62, 33, 38, 57, 56, 49, 45]",True,28394312803,28.394312803,"[146, 12, 71, 58, 134, 109, 61, 78, 102, 48, 85, 93, 133, 7, 130, 131, 40, 129, 76, 74, 97, 23, 143, 132, 52, 128, 127, 83, 89, 86, 141, 77, 124, 35, 126, 47, 125, 142, 27, 10, 16, 110, 123, 119, 117, 15, 29, 90, 67, 108, 64, 21, 104, 75, 55, 92, 53, 8, 43, 41, 111, 9, 107, 114, 121, 120, 101, 106, 63, 6, 1, 2, 0, 42, 5, 25, 4, 22, 20, 37, 34, 39, 46, 54, 51, 33, 44, 38, 57, 50, 56, 49, 45, 91, 62, 70, 60, 68, 66, 94, 73, 69, 59, 79, 80, 72, 65, 3, 100, 96, 98, 11, 31, 30, 24, 19, 84, 82, 87, 81, 88, 103, 95]","[95, 103, 88, 81, 87, 82, 84, 19, 24, 30, 31, 11, 98, 96, 100, 3, 65, 72, 80, 79, 59, 69, 73, 94, 66, 68, 60, 70, 62, 91, 45, 49, 56, 50, 57, 38, 44, 33, 51, 54, 46, 39, 34, 37, 20, 22, 4, 25, 5, 42, 0, 2, 1, 6, 63, 106, 101, 120, 121, 114, 107, 9, 111, 41, 43, 8, 53, 92, 55, 75, 104, 21, 64, 108, 67, 90, 29, 15, 117, 119, 123, 110, 16, 10, 27, 142, 125, 47, 126, 35, 124, 77, 141, 86, 89, 83, 127, 128, 52, 132, 143, 23, 97, 74, 76, 129, 40, 131, 130, 7, 133, 93, 85, 48, 102, 78, 61, 109, 134, 58, 71, 12, 146]",False,complete,202,202,6583,0,2760,78,2682,2000,1672,2,0,lowest_first,True,2,137,27,137,27,27,27,27
2,210466,15,28,121,"[12, 13, 14, 17, 18, 26, 28, 32, 36, 99, 105, 112, 115, 116, 118, 122, 135, 136, 137, 138, 139, 140, 144, 145, 146, 147, 148, 149]","[0, 1, 2, 3, 4, 5, 6, 7, 8, 9, 10, 11, 15, 16, 19, 20, 21, 22, 23, 24, 25, 27, 29, 30, 31, 33, 34, 35, 37, 38, 39, 40, 41, 42, 43, 44, 45, 46, 47, 48, 49, 50, 51, 52, 53, 54, 55, 56, 57, 58, 59, 60, 61, 62, 63, 64, 65, 66, 67, 68, 69, 70, 71, 72, 73, 74, 75, 76, 77, 78, 79, 80, 81, 82, 83, 84, 85, 86, 87, 88, 89, 90, 91, 92, 93, 94, 95, 96, 97, 98, 100, 101, 102, 103, 104, 106, 107, 108, 109, 110, 111, 114, 117, 119, 120, 121, 123, 124, 125, 126, 127, 128, 129, 130, 131, 132, 133, 134, 141, 142, 143]",{},[],0,"[122, 17, 18, 32, 137, 138, 140, 139, 13, 14, 116, 118, 136, 112, 36, 135, 26, 28, 105, 99, 148, 115, 149, 144, 145, 147, 146, 12, 71, 58, 134, 109, 61, 78, 102, 48, 85, 93, 133, 7, 132, 40, 130, 129, 76, 74, 97, 23, 143, 131, 54, 128, 127, 83, 89, 86, 142, 75, 124, 35, 126, 47, 123, 125, 141, 117, 119, 90, 29, 53, 8, 15, 10, 16, 67, 110, 108, 64, 21, 103, 77, 55, 92, 43, 27, 41, 111, 9, 107, 114, 121, 120, 101, 106, 63, 6, 1, 2, 0, 42, 5, 25, 4, 22, 20, 37, 34, 39, 46, 52, 51, 3, 100, 96, 98, 11, 31, 30, 19, 24, 50, 44, 91, 84, 82, 104, 95, 88, 70, 87, 81, 94, 69, 79, 80, 72, 68, 60, 59, 73, 66, 65, 62, 33, 38, 57, 56, 49, 45]",True,35789889224,35.789889224,"[58, 71, 134, 109, 67, 48, 61, 78, 10, 133, 130, 93, 85, 129, 74, 42, 40, 7, 131, 132, 52, 143, 128, 127, 31, 47, 35, 126, 125, 141, 29, 104, 124, 123, 142, 117, 55, 27, 102, 90, 111, 16, 25, 108, 121, 86, 43, 41, 53, 94, 77, 76, 62, 119, 75, 92, 8, 15, 110, 9, 107, 63, 114, 120, 101, 106, 83, 6, 1, 2, 0, 30, 97, 11, 100, 98, 96, 54, 51, 46, 95, 87, 103, 81, 82, 84, 24, 50, 44, 49, 45, 56, 57, 38, 23, 39, 34, 33, 21, 37, 20, 19, 5, 22, 4, 3, 70, 69, 91, 79, 88, 89, 73, 66, 64, 68, 60, 59, 80, 72, 65]","[65, 72, 80, 59, 60, 68, 64, 66, 73, 89, 88, 79, 91, 69, 70, 3, 4, 22, 5, 19, 20, 37, 21, 33, 34, 39, 23, 38, 57, 56, 45, 49, 44, 50, 24, 84, 82, 81, 103, 87, 95, 46, 51, 54, 96, 98, 100, 11, 97, 30, 0, 2, 1, 6, 83, 106, 101, 120, 114, 63, 107, 9, 110, 15, 8, 92, 75, 119, 62, 76, 77, 94, 53, 41, 43, 86, 121, 108, 25, 16, 111, 90, 102, 27, 55, 117, 142, 123, 124, 104, 29, 141, 125, 126, 35, 47, 31, 127, 128, 143, 52, 132, 131, 7, 40, 42, 74, 129, 85, 93, 130, 133, 10, 78, 61, 48, 67, 109, 134, 71, 58]",False,complete,254,254,6867,0,3297,82,3215,2000,826,12,0,lowest_first,True,2,145,25,145,25,25,25,25
2,210467,16,30,119,"[12, 13, 14, 17, 18, 26, 28, 32, 36, 58, 71, 99, 105, 112, 115, 116, 118, 122, 135, 136, 137, 138, 139, 140, 144, 145, 146, 147, 148, 149]","[0, 1, 2, 3, 4, 5, 6, 7, 8, 9, 10, 11, 15, 16, 19, 20, 21, 22, 23, 24, 25, 27, 29, 30, 31, 33, 34, 35, 37, 38, 39, 40, 41, 42, 43, 44, 45, 46, 47, 48, 49, 50, 51, 52, 53, 54, 55, 56, 57, 59, 60, 61, 62, 63, 64, 65, 66, 67, 68, 69, 70, 72, 73, 74, 75, 76, 77, 78, 79, 80, 81, 82, 83, 84, 85, 86, 87, 88, 89, 90, 91, 92, 93, 94, 95, 96, 97, 98, 100, 101, 102, 103, 104, 106, 107, 108, 109, 110, 111, 114, 117, 119, 120, 121, 123, 124, 125, 126, 127, 128, 129, 130, 131, 132, 133, 134, 141, 142, 143]",{},[],0,"[122, 17, 18, 32, 137, 138, 140, 139, 13, 14, 116, 118, 136, 112, 36, 135, 26, 28, 105, 99, 148, 115, 149, 144, 145, 147, 146, 12, 71, 58, 134, 109, 61, 78, 102, 48, 85, 93, 133, 7, 132, 40, 130, 129, 76, 74, 97, 23, 143, 131, 54, 128, 127, 83, 89, 86, 142, 75, 124, 35, 126, 47, 123, 125, 141, 117, 119, 90, 29, 53, 8, 15, 10, 16, 67, 110, 108, 64, 21, 103, 77, 55, 92, 43, 27, 41, 111, 9, 107, 114, 121, 120, 101, 106, 63, 6, 1, 2, 0, 42, 5, 25, 4, 22, 20, 37, 34, 39, 46, 52, 51, 3, 100, 96, 98, 11, 31, 30, 19, 24, 50, 44, 91, 84, 82, 104, 95, 88, 70, 87, 81, 94, 69, 79, 80, 72, 68, 60, 59, 73, 66, 65, 62, 33, 38, 57, 56, 49, 45]",True,20986124533,20.986124533,"[134, 109, 61, 67, 48, 78, 10, 133, 130, 93, 85, 129, 74, 42, 40, 7, 132, 131, 54, 143, 128, 31, 127, 47, 35, 126, 125, 142, 29, 103, 124, 123, 141, 53, 86, 8, 16, 25, 76, 110, 108, 64, 117, 90, 55, 75, 92, 77, 119, 27, 15, 43, 41, 111, 9, 107, 102, 114, 121, 91, 120, 101, 63, 106, 50, 6, 1, 2, 0, 30, 97, 11, 89, 98, 96, 83, 100, 44, 24, 84, 82, 104, 95, 88, 70, 87, 81, 94, 69, 79, 80, 72, 68, 60, 59, 73, 66, 65, 62, 57, 52, 51, 46, 49, 45, 56, 38, 23, 39, 34, 33, 21, 37, 20, 19, 5, 22, 4, 3]","[3, 4, 22, 5, 19, 20, 37, 21, 33, 34, 39, 23, 38, 56, 45, 49, 46, 51, 52, 57, 62, 65, 66, 73, 59, 60, 68, 72, 80, 79, 69, 94, 81, 87, 70, 88, 95, 104, 82, 84, 24, 44, 100, 83, 96, 98, 89, 11, 97, 30, 0, 2, 1, 6, 50, 106, 63, 101, 120, 91, 121, 114, 102, 107, 9, 111, 41, 43, 15, 27, 119, 77, 92, 75, 55, 90, 117, 64, 108, 110, 76, 25, 16, 8, 86, 53, 141, 123, 124, 103, 29, 142, 125, 126, 35, 47, 127, 31, 128, 143, 54, 131, 132, 7, 40, 42, 74, 129, 85, 93, 130, 133, 10, 78, 48, 67, 61, 109, 134]",False,complete,119,119,5320,0,1592,0,1592,1740,148,0,0,lowest_first,True,2,111,24,111,24,24,24,24
2,210468,17,32,117,"[12, 13, 14, 17, 18, 26, 28, 32, 36, 58, 71, 99, 105, 109, 112, 115, 116, 118, 122, 134, 135, 136, 137, 138, 139, 140, 144, 145, 146, 147, 148, 149]","[0, 1, 2, 3, 4, 5, 6, 7, 8, 9, 10, 11, 15, 16, 19, 20, 21, 22, 23, 24, 25, 27, 29, 30, 31, 33, 34, 35, 37, 38, 39, 40, 41, 42, 43, 44, 45, 46, 47, 48, 49, 50, 51, 52, 53, 54, 55, 56, 57, 59, 60, 61, 62, 63, 64, 65, 66, 67, 68, 69, 70, 72, 73, 74, 75, 76, 77, 78, 79, 80, 81, 82, 83, 84, 85, 86, 87, 88, 89, 90, 91, 92, 93, 94, 95, 96, 97, 98, 100, 101, 102, 103, 104, 106, 107, 108, 110, 111, 114, 117, 119, 120, 121, 123, 124, 125, 126, 127, 128, 129, 130, 131, 132, 133, 141, 142, 143]",{},[],0,"[122, 17, 18, 32, 137, 138, 140, 139, 13, 14, 116, 118, 136, 112, 36, 135, 26, 28, 105, 99, 148, 115, 149, 144, 145, 147, 146, 12, 71, 58, 134, 109, 61, 78, 102, 48, 85, 93, 133, 7, 132, 40, 130, 129, 76, 74, 97, 23, 143, 131, 54, 128, 127, 83, 89, 86, 142, 75, 124, 35, 126, 47, 123, 125, 141, 117, 119, 90, 29, 53, 8, 15, 10, 16, 67, 110, 108, 64, 21, 103, 77, 55, 92, 43, 27, 41, 111, 9, 107, 114, 121, 120, 101, 106, 63, 6, 1, 2, 0, 42, 5, 25, 4, 22, 20, 37, 34, 39, 46, 52, 51, 3, 100, 96, 98, 11, 31, 30, 19, 24, 50, 44, 91, 84, 82, 104, 95, 88, 70, 87, 81, 94, 69, 79, 80, 72, 68, 60, 59, 73, 66, 65, 62, 33, 38, 57, 56, 49, 45]",True,21059409324,21.059409324,"[67, 78, 61, 10, 48, 133, 129, 93, 85, 130, 74, 40, 42, 7, 132, 131, 54, 143, 128, 31, 127, 47, 35, 126, 125, 141, 29, 103, 124, 123, 142, 53, 86, 8, 16, 25, 76, 110, 108, 64, 75, 77, 117, 55, 119, 92, 90, 41, 15, 27, 43, 111, 9, 107, 102, 114, 121, 91, 120, 101, 63, 106, 50, 6, 1, 2, 0, 30, 97, 11, 89, 98, 96, 83, 100, 44, 24, 84, 82, 104, 95, 88, 70, 87, 81, 94, 69, 79, 80, 72, 68, 60, 59, 73, 66, 65, 62, 57, 52, 51, 46, 49, 45, 56, 38, 23, 39, 34, 33, 21, 37, 20, 19, 5, 22, 4, 3]","[3, 4, 22, 5, 19, 20, 37, 21, 33, 34, 39, 23, 38, 56, 45, 49, 46, 51, 52, 57, 62, 65, 66, 73, 59, 60, 68, 72, 80, 79, 69, 94, 81, 87, 70, 88, 95, 104, 82, 84, 24, 44, 100, 83, 96, 98, 89, 11, 97, 30, 0, 2, 1, 6, 50, 106, 63, 101, 120, 91, 121, 114, 102, 107, 9, 111, 43, 27, 15, 41, 90, 92, 119, 55, 117, 77, 75, 64, 108, 110, 76, 25, 16, 8, 86, 53, 142, 123, 124, 103, 29, 141, 125, 126, 35, 47, 127, 31, 128, 143, 54, 131, 132, 7, 42, 40, 74, 130, 85, 93, 129, 133, 48, 10, 61, 78, 67]",False,complete,117,117,5121,0,1587,0,1587,1735,148,0,0,lowest_first,True,2,111,24,111,24,24,24,24
2,210469,18,34,115,"[12, 13, 14, 17, 18, 26, 28, 32, 36, 58, 61, 71, 78, 99, 105, 109, 112, 115, 116, 118, 122, 134, 135, 136, 137, 138, 139, 140, 144, 145, 146, 147, 148, 149]","[0, 1, 2, 3, 4, 5, 6, 7, 8, 9, 10, 11, 15, 16, 19, 20, 21, 22, 23, 24, 25, 27, 29, 30, 31, 33, 34, 35, 37, 38, 39, 40, 41, 42, 43, 44, 45, 46, 47, 48, 49, 50, 51, 52, 53, 54, 55, 56, 57, 59, 60, 62, 63, 64, 65, 66, 67, 68, 69, 70, 72, 73, 74, 75, 76, 77, 79, 80, 81, 82, 83, 84, 85, 86, 87, 88, 89, 90, 91, 92, 93, 94, 95, 96, 97, 98, 100, 101, 102, 103, 104, 106, 107, 108, 110, 111, 114, 117, 119, 120, 121, 123, 124, 125, 126, 127, 128, 129, 130, 131, 132, 133, 141, 142, 143]",{},[],0,"[122, 17, 18, 32, 137, 138, 140, 139, 13, 14, 116, 118, 136, 112, 36, 135, 26, 28, 105, 99, 148, 115, 149, 144, 145, 147, 146, 12, 71, 58, 134, 109, 61, 78, 102, 48, 85, 93, 133, 7, 132, 40, 130, 129, 76, 74, 97, 23, 143, 131, 54, 128, 127, 83, 89, 86, 142, 75, 124, 35, 126, 47, 123, 125, 141, 117, 119, 90, 29, 53, 8, 15, 10, 16, 67, 110, 108, 64, 21, 103, 77, 55, 92, 43, 27, 41, 111, 9, 107, 114, 121, 120, 101, 106, 63, 6, 1, 2, 0, 42, 5, 25, 4, 22, 20, 37, 34, 39, 46, 52, 51, 3, 100, 96, 98, 11, 31, 30, 19, 24, 50, 44, 91, 84, 82, 104, 95, 88, 70, 87, 81, 94, 69, 79, 80, 72, 68, 60, 59, 73, 66, 65, 62, 33, 38, 57, 56, 49, 45]",True,28973647895,28.973647895,"[102, 48, 85, 93, 133, 7, 132, 40, 130, 129, 74, 76, 97, 23, 143, 131, 54, 128, 127, 83, 89, 86, 142, 75, 124, 35, 126, 47, 123, 125, 141, 117, 119, 90, 29, 55, 15, 27, 6, 67, 64, 21, 104, 53, 77, 92, 41, 43, 8, 2, 1, 16, 10, 110, 108, 111, 9, 0, 107, 114, 121, 120, 101, 106, 63, 42, 5, 25, 4, 22, 20, 37, 34, 39, 46, 52, 51, 33, 44, 38, 57, 50, 56, 49, 45, 91, 62, 73, 66, 68, 60, 94, 70, 69, 59, 79, 80, 72, 65, 3, 100, 96, 98, 11, 31, 30, 24, 19, 84, 87, 82, 81, 88, 103, 95]","[95, 103, 88, 81, 82, 87, 84, 19, 24, 30, 31, 11, 98, 96, 100, 3, 65, 72, 80, 79, 59, 69, 70, 94, 60, 68, 66, 73, 62, 91, 45, 49, 56, 50, 57, 38, 44, 33, 51, 52, 46, 39, 34, 37, 20, 22, 4, 25, 5, 42, 63, 106, 101, 120, 121, 114, 107, 0, 9, 111, 108, 110, 10, 16, 1, 2, 8, 43, 41, 92, 77, 53, 104, 21, 64, 67, 6, 27, 15, 55, 29, 90, 119, 117, 141, 125, 123, 47, 126, 35, 124, 75, 142, 86, 89, 83, 127, 128, 54, 131, 143, 23, 97, 76, 74, 129, 130, 40, 132, 7, 133, 93, 85, 48, 102]",False,complete,194,194,5869,0,2825,78,2747,2000,1730,2,0,lowest_first,True,2,132,29,132,29,29,29,29
2,210470,19,36,113,"[12, 13, 14, 17, 18, 26, 28, 32, 36, 48, 58, 61, 71, 78, 99, 102, 105, 109, 112, 115, 116, 118, 122, 134, 135, 136, 137, 138, 139, 140, 144, 145, 146, 147, 148, 149]","[0, 1, 2, 3, 4, 5, 6, 7, 8, 9, 10, 11, 15, 16, 19, 20, 21, 22, 23, 24, 25, 27, 29, 30, 31, 33, 34, 35, 37, 38, 39, 40, 41, 42, 43, 44, 45, 46, 47, 49, 50, 51, 52, 53, 54, 55, 56, 57, 59, 60, 62, 63, 64, 65, 66, 67, 68, 69, 70, 72, 73, 74, 75, 76, 77, 79, 80, 81, 82, 83, 84, 85, 86, 87, 88, 89, 90, 91, 92, 93, 94, 95, 96, 97, 98, 100, 101, 103, 104, 106, 107, 108, 110, 111, 114, 117, 119, 120, 121, 123, 124, 125, 126, 127, 128, 129, 130, 131, 132, 133, 141, 142, 143]",{},[],0,"[122, 17, 18, 32, 137, 138, 140, 139, 13, 14, 116, 118, 136, 112, 36, 135, 26, 28, 105, 99, 148, 115, 149, 144, 145, 147, 146, 12, 71, 58, 134, 109, 61, 78, 102, 48, 85, 93, 133, 7, 132, 40, 130, 129, 76, 74, 97, 23, 143, 131, 54, 128, 127, 83, 89, 86, 142, 75, 124, 35, 126, 47, 123, 125, 141, 117, 119, 90, 29, 53, 8, 15, 10, 16, 67, 110, 108, 64, 21, 103, 77, 55, 92, 43, 27, 41, 111, 9, 107, 114, 121, 120, 101, 106, 63, 6, 1, 2, 0, 42, 5, 25, 4, 22, 20, 37, 34, 39, 46, 52, 51, 3, 100, 96, 98, 11, 31, 30, 19, 24, 50, 44, 91, 84, 82, 104, 95, 88, 70, 87, 81, 94, 69, 79, 80, 72, 68, 60, 59, 73, 66, 65, 62, 33, 38, 57, 56, 49, 45]",True,26030907029,26.030907029,"[85, 93, 133, 7, 130, 132, 40, 129, 76, 74, 97, 23, 143, 131, 54, 128, 127, 83, 89, 86, 142, 75, 124, 35, 126, 47, 123, 125, 141, 119, 117, 90, 27, 15, 8, 10, 57, 16, 110, 108, 64, 21, 104, 77, 92, 55, 53, 43, 41, 29, 111, 9, 107, 114, 121, 120, 101, 106, 67, 6, 1, 2, 0, 42, 5, 25, 4, 22, 20, 44, 37, 34, 39, 46, 52, 50, 51, 62, 49, 45, 56, 38, 33, 91, 63, 73, 66, 68, 60, 94, 70, 69, 59, 79, 80, 72, 65, 3, 100, 96, 98, 11, 31, 30, 24, 19, 84, 82, 87, 81, 88, 103, 95]","[95, 103, 88, 81, 87, 82, 84, 19, 24, 30, 31, 11, 98, 96, 100, 3, 65, 72, 80, 79, 59, 69, 70, 94, 60, 68, 66, 73, 63, 91, 33, 38, 56, 45, 49, 62, 51, 50, 52, 46, 39, 34, 37, 44, 20, 22, 4, 25, 5, 42, 0, 2, 1, 6, 67, 106, 101, 120, 121, 114, 107, 9, 111, 29, 41, 43, 53, 55, 92, 77, 104, 21, 64, 108, 110, 16, 57, 10, 8, 15, 27, 90, 117, 119, 141, 125, 123, 47, 126, 35, 124, 75, 142, 86, 89, 83, 127, 128, 54, 131, 143, 23, 97, 74, 76, 129, 40, 132, 130, 7, 133, 93, 85]",False,complete,146,146,5298,0,2395,68,2327,2000,956,0,0,lowest_first,True,2,133,27,133,27,27,27,27
2,210471,20,38,111,"[12, 13, 14, 17, 18, 26, 28, 32, 36, 48, 58, 61, 71, 78, 85, 93, 99, 102, 105, 109, 112, 115, 116, 118, 122, 134, 135, 136, 137, 138, 139, 140, 144, 145, 146, 147, 148, 149]","[0, 1, 2, 3, 4, 5, 6, 7, 8, 9, 10, 11, 15, 16, 19, 20, 21, 22, 23, 24, 25, 27, 29, 30, 31, 33, 34, 35, 37, 38, 39, 40, 41, 42, 43, 44, 45, 46, 47, 49, 50, 51, 52, 53, 54, 55, 56, 57, 59, 60, 62, 63, 64, 65, 66, 67, 68, 69, 70, 72, 73, 74, 75, 76, 77, 79, 80, 81, 82, 83, 84, 86, 87, 88, 89, 90, 91, 92, 94, 95, 96, 97, 98, 100, 101, 103, 104, 106, 107, 108, 110, 111, 114, 117, 119, 120, 121, 123, 124, 125, 126, 127, 128, 129, 130, 131, 132, 133, 141, 142, 143]",{},[],0,"[122, 17, 18, 32, 137, 138, 140, 139, 13, 14, 116, 118, 136, 112, 36, 135, 26, 28, 105, 99, 148, 115, 149, 144, 145, 147, 146, 12, 71, 58, 134, 109, 61, 78, 102, 48, 85, 93, 133, 7, 132, 40, 130, 129, 76, 74, 97, 23, 143, 131, 54, 128, 127, 83, 89, 86, 142, 75, 124, 35, 126, 47, 123, 125, 141, 117, 119, 90, 29, 53, 8, 15, 10, 16, 67, 110, 108, 64, 21, 103, 77, 55, 92, 43, 27, 41, 111, 9, 107, 114, 121, 120, 101, 106, 63, 6, 1, 2, 0, 42, 5, 25, 4, 22, 20, 37, 34, 39, 46, 52, 51, 3, 100, 96, 98, 11, 31, 30, 19, 24, 50, 44, 91, 84, 82, 104, 95, 88, 70, 87, 81, 94, 69, 79, 80, 72, 68, 60, 59, 73, 66, 65, 62, 33, 38, 57, 56, 49, 45]",True,27529971602,27.529971602,"[133, 7, 131, 40, 129, 130, 74, 76, 97, 23, 143, 132, 54, 128, 127, 83, 89, 86, 142, 55, 124, 141, 47, 29, 35, 125, 126, 77, 123, 119, 117, 92, 15, 8, 10, 16, 67, 110, 108, 64, 21, 103, 90, 53, 75, 43, 27, 41, 111, 9, 107, 114, 121, 120, 101, 106, 63, 6, 1, 2, 0, 42, 5, 25, 4, 22, 20, 37, 34, 39, 46, 52, 51, 3, 100, 96, 98, 11, 31, 30, 19, 24, 50, 44, 91, 84, 82, 104, 95, 88, 70, 87, 81, 94, 69, 79, 80, 72, 68, 60, 59, 73, 66, 65, 62, 33, 38, 57, 56, 49, 45]","[45, 49, 56, 57, 38, 33, 62, 65, 66, 73, 59, 60, 68, 72, 80, 79, 69, 94, 81, 87, 70, 88, 95, 104, 82, 84, 91, 44, 50, 24, 19, 30, 31, 11, 98, 96, 100, 3, 51, 52, 46, 39, 34, 37, 20, 22, 4, 25, 5, 42, 0, 2, 1, 6, 63, 106, 101, 120, 121, 114, 107, 9, 111, 41, 27, 43, 75, 53, 90, 103, 21, 64, 108, 110, 67, 16, 10, 8, 15, 92, 117, 119, 123, 77, 126, 125, 35, 29, 47, 141, 124, 55, 142, 86, 89, 83, 127, 128, 54, 132, 143, 23, 97, 76, 74, 130, 129, 40, 131, 7, 133]",False,complete,205,205,5437,0,2698,85,2613,2000,1597,1,0,lowest_first,True,2,134,28,134,28,28,28,28
2,210472,21,40,109,"[7, 12, 13, 14, 17, 18, 26, 28, 32, 36, 48, 58, 61, 71, 78, 85, 93, 99, 102, 105, 109, 112, 115, 116, 118, 122, 133, 134, 135, 136, 137, 138, 139, 140, 144, 145, 146, 147, 148, 149]","[0, 1, 2, 3, 4, 5, 6, 8, 9, 10, 11, 15, 16, 19, 20, 21, 22, 23, 24, 25, 27, 29, 30, 31, 33, 34, 35, 37, 38, 39, 40, 41, 42, 43, 44, 45, 46, 47, 49, 50, 51, 52, 53, 54, 55, 56, 57, 59, 60, 62, 63, 64, 65, 66, 67, 68, 69, 70, 72, 73, 74, 75, 76, 77, 79, 80, 81, 82, 83, 84, 86, 87, 88, 89, 90, 91, 92, 94, 95, 96, 97, 98, 100, 101, 103, 104, 106, 107, 108, 110, 111, 114, 117, 119, 120, 121, 123, 124, 125, 126, 127, 128, 129, 130, 131, 132, 141, 142, 143]",{},[],0,"[122, 17, 18, 32, 137, 138, 140, 139, 13, 14, 116, 118, 136, 112, 36, 135, 26, 28, 105, 99, 148, 115, 149, 144, 145, 147, 146, 12, 71, 58, 134, 109, 61, 78, 102, 48, 85, 93, 133, 7, 132, 40, 130, 129, 76, 74, 97, 23, 143, 131, 54, 128, 127, 83, 89, 86, 142, 75, 124, 35, 126, 47, 123, 125, 141, 117, 119, 90, 29, 53, 8, 15, 10, 16, 67, 110, 108, 64, 21, 103, 77, 55, 92, 43, 27, 41, 111, 9, 107, 114, 121, 120, 101, 106, 63, 6, 1, 2, 0, 42, 5, 25, 4, 22, 20, 37, 34, 39, 46, 52, 51, 3, 100, 96, 98, 11, 31, 30, 19, 24, 50, 44, 91, 84, 82, 104, 95, 88, 70, 87, 81, 94, 69, 79, 80, 72, 68, 60, 59, 73, 66, 65, 62, 33, 38, 57, 56, 49, 45]",True,27841709986,27.841709986,"[131, 40, 130, 129, 76, 74, 97, 23, 143, 132, 52, 128, 127, 83, 89, 86, 142, 77, 124, 35, 126, 47, 125, 141, 29, 123, 55, 119, 117, 92, 15, 6, 27, 2, 1, 10, 16, 67, 110, 108, 64, 21, 103, 75, 90, 53, 43, 41, 8, 111, 9, 0, 107, 114, 121, 120, 101, 106, 63, 42, 5, 25, 4, 22, 20, 37, 34, 39, 46, 54, 51, 3, 100, 96, 98, 11, 31, 30, 33, 44, 24, 19, 38, 57, 50, 56, 49, 45, 91, 62, 70, 60, 68, 84, 82, 104, 95, 88, 73, 66, 87, 81, 94, 65, 72, 80, 79, 69, 59]","[59, 69, 79, 80, 72, 65, 94, 81, 87, 66, 73, 88, 95, 104, 82, 84, 68, 60, 70, 62, 91, 45, 49, 56, 50, 57, 38, 19, 24, 44, 33, 30, 31, 11, 98, 96, 100, 3, 51, 54, 46, 39, 34, 37, 20, 22, 4, 25, 5, 42, 63, 106, 101, 120, 121, 114, 107, 0, 9, 111, 8, 41, 43, 53, 90, 75, 103, 21, 64, 108, 110, 67, 16, 10, 1, 2, 27, 6, 15, 92, 117, 119, 55, 123, 29, 141, 125, 47, 126, 35, 124, 77, 142, 86, 89, 83, 127, 128, 52, 132, 143, 23, 97, 74, 76, 129, 130, 40, 131]",False,complete,206,206,5306,0,2755,86,2669,2000,1695,2,0,lowest_first,True,2,132,29,132,29,29,29,29
2,210473,22,42,107,"[7, 12, 13, 14, 17, 18, 26, 28, 32, 36, 40, 48, 58, 61, 71, 78, 85, 93, 99, 102, 105, 109, 112, 115, 116, 118, 122, 132, 133, 134, 135, 136, 137, 138, 139, 140, 144, 145, 146, 147, 148, 149]","[0, 1, 2, 3, 4, 5, 6, 8, 9, 10, 11, 15, 16, 19, 20, 21, 22, 23, 24, 25, 27, 29, 30, 31, 33, 34, 35, 37, 38, 39, 41, 42, 43, 44, 45, 46, 47, 49, 50, 51, 52, 53, 54, 55, 56, 57, 59, 60, 62, 63, 64, 65, 66, 67, 68, 69, 70, 72, 73, 74, 75, 76, 77, 79, 80, 81, 82, 83, 84, 86, 87, 88, 89, 90, 91, 92, 94, 95, 96, 97, 98, 100, 101, 103, 104, 106, 107, 108, 110, 111, 114, 117, 119, 120, 121, 123, 124, 125, 126, 127, 128, 129, 130, 131, 141, 142, 143]",{},[],0,"[122, 17, 18, 32, 137, 138, 140, 139, 13, 14, 116, 118, 136, 112, 36, 135, 26, 28, 105, 99, 148, 115, 149, 144, 145, 147, 146, 12, 71, 58, 134, 109, 61, 78, 102, 48, 85, 93, 133, 7, 132, 40, 130, 129, 76, 74, 97, 23, 143, 131, 54, 128, 127, 83, 89, 86, 142, 75, 124, 35, 126, 47, 123, 125, 141, 117, 119, 90, 29, 53, 8, 15, 10, 16, 67, 110, 108, 64, 21, 103, 77, 55, 92, 43, 27, 41, 111, 9, 107, 114, 121, 120, 101, 106, 63, 6, 1, 2, 0, 42, 5, 25, 4, 22, 20, 37, 34, 39, 46, 52, 51, 3, 100, 96, 98, 11, 31, 30, 19, 24, 50, 44, 91, 84, 82, 104, 95, 88, 70, 87, 81, 94, 69, 79, 80, 72, 68, 60, 59, 73, 66, 65, 62, 33, 38, 57, 56, 49, 45]",True,25302738239,25.302738239,"[130, 129, 76, 74, 97, 23, 143, 131, 54, 128, 127, 83, 89, 86, 142, 75, 124, 35, 126, 47, 123, 125, 141, 117, 119, 90, 8, 15, 27, 10, 57, 16, 110, 108, 64, 21, 104, 77, 53, 55, 92, 41, 43, 29, 111, 9, 107, 114, 121, 120, 101, 106, 67, 6, 1, 2, 0, 42, 5, 25, 4, 22, 20, 44, 37, 34, 39, 46, 52, 50, 51, 62, 49, 45, 56, 38, 33, 91, 63, 70, 60, 68, 66, 94, 73, 69, 59, 79, 80, 72, 65, 19, 100, 96, 98, 24, 30, 31, 11, 3, 84, 82, 87, 81, 88, 103, 95]","[95, 103, 88, 81, 87, 82, 84, 3, 11, 31, 30, 24, 98, 96, 100, 19, 65, 72, 80, 79, 59, 69, 73, 94, 66, 68, 60, 70, 63, 91, 33, 38, 56, 45, 49, 62, 51, 50, 52, 46, 39, 34, 37, 44, 20, 22, 4, 25, 5, 42, 0, 2, 1, 6, 67, 106, 101, 120, 121, 114, 107, 9, 111, 29, 43, 41, 92, 55, 53, 77, 104, 21, 64, 108, 110, 16, 57, 10, 27, 15, 8, 90, 119, 117, 141, 125, 123, 47, 126, 35, 124, 75, 142, 86, 89, 83, 127, 128, 54, 131, 143, 23, 97, 74, 76, 129, 130]",False,complete,140,140,4733,0,2354,68,2286,2000,954,0,0,lowest_first,True,2,134,27,134,27,27,27,27
2,210474,23,44,105,"[7, 12, 13, 14, 17, 18, 26, 28, 32, 36, 40, 48, 58, 61, 71, 78, 85, 93, 99, 102, 105, 109, 112, 115, 116, 118, 122, 129, 130, 132, 133, 134, 135, 136, 137, 138, 139, 140, 144, 145, 146, 147, 148, 149]","[0, 1, 2, 3, 4, 5, 6, 8, 9, 10, 11, 15, 16, 19, 20, 21, 22, 23, 24, 25, 27, 29, 30, 31, 33, 34, 35, 37, 38, 39, 41, 42, 43, 44, 45, 46, 47, 49, 50, 51, 52, 53, 54, 55, 56, 57, 59, 60, 62, 63, 64, 65, 66, 67, 68, 69, 70, 72, 73, 74, 75, 76, 77, 79, 80, 81, 82, 83, 84, 86, 87, 88, 89, 90, 91, 92, 94, 95, 96, 97, 98, 100, 101, 103, 104, 106, 107, 108, 110, 111, 114, 117, 119, 120, 121, 123, 124, 125, 126, 127, 128, 131, 141, 142, 143]",{},[],0,"[122, 17, 18, 32, 137, 138, 140, 139, 13, 14, 116, 118, 136, 112, 36, 135, 26, 28, 105, 99, 148, 115, 149, 144, 145, 147, 146, 12, 71, 58, 134, 109, 61, 78, 102, 48, 85, 93, 133, 7, 132, 40, 130, 129, 76, 74, 97, 23, 143, 131, 54, 128, 127, 83, 89, 86, 142, 75, 124, 35, 126, 47, 123, 125, 141, 117, 119, 90, 29, 53, 8, 15, 10, 16, 67, 110, 108, 64, 21, 103, 77, 55, 92, 43, 27, 41, 111, 9, 107, 114, 121, 120, 101, 106, 63, 6, 1, 2, 0, 42, 5, 25, 4, 22, 20, 37, 34, 39, 46, 52, 51, 3, 100, 96, 98, 11, 31, 30, 19, 24, 50, 44, 91, 84, 82, 104, 95, 88, 70, 87, 81, 94, 69, 79, 80, 72, 68, 60, 59, 73, 66, 65, 62, 33, 38, 57, 56, 49, 45]",True,48389245419,48.389245419,"[74, 76, 97, 23, 143, 131, 54, 128, 127, 83, 89, 86, 141, 55, 124, 142, 47, 8, 126, 125, 123, 67, 52, 92, 117, 121, 41, 43, 106, 101, 51, 46, 63, 64, 90, 77, 75, 53, 119, 27, 15, 29, 120, 114, 107, 10, 16, 6, 1, 2, 22, 4, 5, 3, 100, 96, 98, 11, 31, 30, 70, 69, 94, 79, 80, 62, 60, 59, 68, 66, 72, 65, 103, 73, 87, 21, 91, 104, 95, 88, 82, 81, 44, 84, 37, 24, 20, 19, 25, 50, 42, 35, 34, 39, 49, 45, 56, 57, 38, 33, 110, 108, 111, 9, 0]","[0, 9, 111, 108, 110, 33, 38, 57, 56, 45, 49, 39, 34, 35, 42, 50, 25, 19, 20, 24, 37, 84, 44, 81, 82, 88, 95, 104, 91, 21, 87, 73, 103, 65, 72, 66, 68, 59, 60, 62, 80, 79, 94, 69, 70, 30, 31, 11, 98, 96, 100, 3, 5, 4, 22, 2, 1, 6, 16, 10, 107, 114, 120, 29, 15, 27, 119, 53, 75, 77, 90, 64, 63, 46, 51, 101, 106, 43, 41, 121, 117, 92, 52, 67, 123, 125, 126, 8, 47, 142, 124, 55, 141, 86, 89, 83, 127, 128, 54, 131, 143, 23, 97, 76, 74]",False,complete,299,299,7029,0,4824,184,4640,2000,1598,6,0,lowest_first,True,2,136,26,136,26,26,26,26
2,210475,24,46,103,"[7, 12, 13, 14, 17, 18, 26, 28, 32, 36, 40, 48, 58, 61, 71, 74, 76, 78, 85, 93, 99, 102, 105, 109, 112, 115, 116, 118, 122, 129, 130, 132, 133, 134, 135, 136, 137, 138, 139, 140, 144, 145, 146, 147, 148, 149]","[0, 1, 2, 3, 4, 5, 6, 8, 9, 10, 11, 15, 16, 19, 20, 21, 22, 23, 24, 25, 27, 29, 30, 31, 33, 34, 35, 37, 38, 39, 41, 42, 43, 44, 45, 46, 47, 49, 50, 51, 52, 53, 54, 55, 56, 57, 59, 60, 62, 63, 64, 65, 66, 67, 68, 69, 70, 72, 73, 75, 77, 79, 80, 81, 82, 83, 84, 86, 87, 88, 89, 90, 91, 92, 94, 95, 96, 97, 98, 100, 101, 103, 104, 106, 107, 108, 110, 111, 114, 117, 119, 120, 121, 123, 124, 125, 126, 127, 128, 131, 141, 142, 143]",{},[],0,"[122, 17, 18, 32, 137, 138, 140, 139, 13, 14, 116, 118, 136, 112, 36, 135, 26, 28, 105, 99, 148, 115, 149, 144, 145, 147, 146, 12, 71, 58, 134, 109, 61, 78, 102, 48, 85, 93, 133, 7, 132, 40, 130, 129, 76, 74, 97, 23, 143, 131, 54, 128, 127, 83, 89, 86, 142, 75, 124, 35, 126, 47, 123, 125, 141, 117, 119, 90, 29, 53, 8, 15, 10, 16, 67, 110, 108, 64, 21, 103, 77, 55, 92, 43, 27, 41, 111, 9, 107, 114, 121, 120, 101, 106, 63, 6, 1, 2, 0, 42, 5, 25, 4, 22, 20, 37, 34, 39, 46, 52, 51, 3, 100, 96, 98, 11, 31, 30, 19, 24, 50, 44, 91, 84, 82, 104, 95, 88, 70, 87, 81, 94, 69, 79, 80, 72, 68, 60, 59, 73, 66, 65, 62, 33, 38, 57, 56, 49, 45]",True,26319240768,26.319240768,"[97, 23, 143, 131, 54, 128, 127, 83, 89, 86, 141, 55, 124, 142, 47, 29, 35, 125, 126, 77, 123, 119, 117, 92, 8, 15, 10, 16, 67, 110, 108, 64, 21, 103, 75, 53, 90, 27, 41, 43, 111, 9, 107, 114, 121, 120, 101, 106, 63, 6, 1, 2, 0, 42, 5, 25, 4, 22, 20, 37, 34, 39, 46, 52, 51, 3, 100, 96, 98, 11, 31, 30, 19, 24, 50, 44, 91, 84, 82, 104, 95, 88, 70, 87, 81, 94, 69, 79, 80, 72, 68, 60, 59, 73, 66, 65, 62, 33, 38, 57, 56, 49, 45]","[45, 49, 56, 57, 38, 33, 62, 65, 66, 73, 59, 60, 68, 72, 80, 79, 69, 94, 81, 87, 70, 88, 95, 104, 82, 84, 91, 44, 50, 24, 19, 30, 31, 11, 98, 96, 100, 3, 51, 52, 46, 39, 34, 37, 20, 22, 4, 25, 5, 42, 0, 2, 1, 6, 63, 106, 101, 120, 121, 114, 107, 9, 111, 43, 41, 27, 90, 53, 75, 103, 21, 64, 108, 110, 67, 16, 10, 15, 8, 92, 117, 119, 123, 77, 126, 125, 35, 29, 47, 142, 124, 55, 141, 86, 89, 83, 127, 128, 54, 131, 143, 23, 97]",False,complete,200,200,4774,0,2688,86,2602,2000,1717,2,0,lowest_first,True,2,134,28,134,28,28,28,28
2,210476,25,48,101,"[7, 12, 13, 14, 17, 18, 23, 26, 28, 32, 36, 40, 48, 58, 61, 71, 74, 76, 78, 85, 93, 97, 99, 102, 105, 109, 112, 115, 116, 118, 122, 129, 130, 132, 133, 134, 135, 136, 137, 138, 139, 140, 144, 145, 146, 147, 148, 149]","[0, 1, 2, 3, 4, 5, 6, 8, 9, 10, 11, 15, 16, 19, 20, 21, 22, 24, 25, 27, 29, 30, 31, 33, 34, 35, 37, 38, 39, 41, 42, 43, 44, 45, 46, 47, 49, 50, 51, 52, 53, 54, 55, 56, 57, 59, 60, 62, 63, 64, 65, 66, 67, 68, 69, 70, 72, 73, 75, 77, 79, 80, 81, 82, 83, 84, 86, 87, 88, 89, 90, 91, 92, 94, 95, 96, 98, 100, 101, 103, 104, 106, 107, 108, 110, 111, 114, 117, 119, 120, 121, 123, 124, 125, 126, 127, 128, 131, 141, 142, 143]",{},[],0,"[122, 17, 18, 32, 137, 138, 140, 139, 13, 14, 116, 118, 136, 112, 36, 135, 26, 28, 105, 99, 148, 115, 149, 144, 145, 147, 146, 12, 71, 58, 134, 109, 61, 78, 102, 48, 85, 93, 133, 7, 132, 40, 130, 129, 76, 74, 97, 23, 143, 131, 54, 128, 127, 83, 89, 86, 142, 75, 124, 35, 126, 47, 123, 125, 141, 117, 119, 90, 29, 53, 8, 15, 10, 16, 67, 110, 108, 64, 21, 103, 77, 55, 92, 43, 27, 41, 111, 9, 107, 114, 121, 120, 101, 106, 63, 6, 1, 2, 0, 42, 5, 25, 4, 22, 20, 37, 34, 39, 46, 52, 51, 3, 100, 96, 98, 11, 31, 30, 19, 24, 50, 44, 91, 84, 82, 104, 95, 88, 70, 87, 81, 94, 69, 79, 80, 72, 68, 60, 59, 73, 66, 65, 62, 33, 38, 57, 56, 49, 45]",True,24255391263,24.255391263,"[143, 131, 54, 128, 127, 83, 89, 86, 141, 55, 124, 142, 47, 29, 35, 125, 126, 75, 10, 16, 110, 108, 111, 9, 6, 1, 2, 67, 64, 21, 104, 123, 90, 53, 77, 117, 92, 119, 15, 8, 0, 41, 27, 43, 107, 114, 121, 120, 101, 106, 63, 42, 5, 25, 4, 22, 20, 37, 34, 39, 46, 52, 51, 33, 44, 38, 57, 50, 56, 49, 45, 91, 62, 73, 66, 68, 60, 94, 70, 69, 59, 79, 80, 72, 65, 3, 100, 96, 98, 11, 31, 30, 24, 19, 84, 82, 87, 81, 88, 103, 95]","[95, 103, 88, 81, 87, 82, 84, 19, 24, 30, 31, 11, 98, 96, 100, 3, 65, 72, 80, 79, 59, 69, 70, 94, 60, 68, 66, 73, 62, 91, 45, 49, 56, 50, 57, 38, 44, 33, 51, 52, 46, 39, 34, 37, 20, 22, 4, 25, 5, 42, 63, 106, 101, 120, 121, 114, 107, 43, 27, 41, 0, 8, 15, 119, 92, 117, 77, 53, 90, 123, 104, 21, 64, 67, 2, 1, 6, 9, 111, 108, 110, 16, 10, 75, 126, 125, 35, 29, 47, 142, 124, 55, 141, 86, 89, 83, 127, 128, 54, 131, 143]",False,complete,177,177,4670,0,2512,77,2435,2000,1499,1,0,lowest_first,True,2,120,27,120,27,27,27,27
2,210477,26,50,99,"[7, 12, 13, 14, 17, 18, 23, 26, 28, 32, 36, 40, 48, 58, 61, 71, 74, 76, 78, 85, 93, 97, 99, 102, 105, 109, 112, 115, 116, 118, 122, 129, 130, 131, 132, 133, 134, 135, 136, 137, 138, 139, 140, 143, 144, 145, 146, 147, 148, 149]","[0, 1, 2, 3, 4, 5, 6, 8, 9, 10, 11, 15, 16, 19, 20, 21, 22, 24, 25, 27, 29, 30, 31, 33, 34, 35, 37, 38, 39, 41, 42, 43, 44, 45, 46, 47, 49, 50, 51, 52, 53, 54, 55, 56, 57, 59, 60, 62, 63, 64, 65, 66, 67, 68, 69, 70, 72, 73, 75, 77, 79, 80, 81, 82, 83, 84, 86, 87, 88, 89, 90, 91, 92, 94, 95, 96, 98, 100, 101, 103, 104, 106, 107, 108, 110, 111, 114, 117, 119, 120, 121, 123, 124, 125, 126, 127, 128, 141, 142]",{},[],0,"[122, 17, 18, 32, 137, 138, 140, 139, 13, 14, 116, 118, 136, 112, 36, 135, 26, 28, 105, 99, 148, 115, 149, 144, 145, 147, 146, 12, 71, 58, 134, 109, 61, 78, 102, 48, 85, 93, 133, 7, 132, 40, 130, 129, 76, 74, 97, 23, 143, 131, 54, 128, 127, 83, 89, 86, 142, 75, 124, 35, 126, 47, 123, 125, 141, 117, 119, 90, 29, 53, 8, 15, 10, 16, 67, 110, 108, 64, 21, 103, 77, 55, 92, 43, 27, 41, 111, 9, 107, 114, 121, 120, 101, 106, 63, 6, 1, 2, 0, 42, 5, 25, 4, 22, 20, 37, 34, 39, 46, 52, 51, 3, 100, 96, 98, 11, 31, 30, 19, 24, 50, 44, 91, 84, 82, 104, 95, 88, 70, 87, 81, 94, 69, 79, 80, 72, 68, 60, 59, 73, 66, 65, 62, 33, 38, 57, 56, 49, 45]",True,51751077364,51.751077364,"[54, 128, 127, 83, 89, 86, 141, 55, 124, 142, 47, 8, 126, 125, 123, 67, 52, 119, 90, 121, 41, 43, 106, 101, 51, 46, 63, 64, 92, 53, 117, 77, 75, 15, 29, 27, 120, 114, 107, 10, 16, 6, 1, 2, 22, 4, 5, 3, 100, 96, 98, 11, 31, 30, 70, 69, 94, 79, 80, 62, 60, 59, 68, 66, 72, 65, 104, 73, 87, 21, 91, 103, 95, 88, 82, 81, 44, 84, 37, 20, 24, 19, 25, 50, 42, 35, 34, 39, 49, 45, 56, 57, 38, 33, 110, 108, 111, 9, 0]","[0, 9, 111, 108, 110, 33, 38, 57, 56, 45, 49, 39, 34, 35, 42, 50, 25, 19, 24, 20, 37, 84, 44, 81, 82, 88, 95, 103, 91, 21, 87, 73, 104, 65, 72, 66, 68, 59, 60, 62, 80, 79, 94, 69, 70, 30, 31, 11, 98, 96, 100, 3, 5, 4, 22, 2, 1, 6, 16, 10, 107, 114, 120, 27, 29, 15, 75, 77, 117, 53, 92, 64, 63, 46, 51, 101, 106, 43, 41, 121, 90, 119, 52, 67, 123, 125, 126, 8, 47, 142, 124, 55, 141, 86, 89, 83, 127, 128, 54]",False,complete,310,310,6769,0,5021,199,4822,2000,1593,6,0,lowest_first,True,2,136,26,136,26,26,26,26
2,210478,27,52,97,"[7, 12, 13, 14, 17, 18, 23, 26, 28, 32, 36, 40, 48, 54, 58, 61, 71, 74, 76, 78, 85, 93, 97, 99, 102, 105, 109, 112, 115, 116, 118, 122, 128, 129, 130, 131, 132, 133, 134, 135, 136, 137, 138, 139, 140, 143, 144, 145, 146, 147, 148, 149]","[0, 1, 2, 3, 4, 5, 6, 8, 9, 10, 11, 15, 16, 19, 20, 21, 22, 24, 25, 27, 29, 30, 31, 33, 34, 35, 37, 38, 39, 41, 42, 43, 44, 45, 46, 47, 49, 50, 51, 52, 53, 55, 56, 57, 59, 60, 62, 63, 64, 65, 66, 67, 68, 69, 70, 72, 73, 75, 77, 79, 80, 81, 82, 83, 84, 86, 87, 88, 89, 90, 91, 92, 94, 95, 96, 98, 100, 101, 103, 104, 106, 107, 108, 110, 111, 114, 117, 119, 120, 121, 123, 124, 125, 126, 127, 141, 142]",{},[],0,"[122, 17, 18, 32, 137, 138, 140, 139, 13, 14, 116, 118, 136, 112, 36, 135, 26, 28, 105, 99, 148, 115, 149, 144, 145, 147, 146, 12, 71, 58, 134, 109, 61, 78, 102, 48, 85, 93, 133, 7, 132, 40, 130, 129, 76, 74, 97, 23, 143, 131, 54, 128, 127, 83, 89, 86, 142, 75, 124, 35, 126, 47, 123, 125, 141, 117, 119, 90, 29, 53, 8, 15, 10, 16, 67, 110, 108, 64, 21, 103, 77, 55, 92, 43, 27, 41, 111, 9, 107, 114, 121, 120, 101, 106, 63, 6, 1, 2, 0, 42, 5, 25, 4, 22, 20, 37, 34, 39, 46, 52, 51, 3, 100, 96, 98, 11, 31, 30, 19, 24, 50, 44, 91, 84, 82, 104, 95, 88, 70, 87, 81, 94, 69, 79, 80, 72, 68, 60, 59, 73, 66, 65, 62, 33, 38, 57, 56, 49, 45]",True,23522628898,23.522628898,"[127, 83, 89, 86, 142, 75, 124, 35, 126, 47, 123, 125, 141, 117, 119, 90, 27, 15, 8, 10, 57, 16, 110, 108, 64, 21, 104, 53, 92, 77, 55, 29, 43, 41, 111, 9, 107, 114, 121, 120, 101, 106, 67, 6, 1, 2, 0, 42, 5, 25, 4, 22, 20, 44, 37, 34, 39, 46, 52, 50, 51, 62, 49, 45, 56, 38, 33, 91, 63, 70, 60, 68, 66, 94, 73, 69, 59, 79, 80, 72, 65, 3, 100, 96, 98, 11, 31, 30, 24, 19, 84, 82, 87, 81, 88, 103, 95]","[95, 103, 88, 81, 87, 82, 84, 19, 24, 30, 31, 11, 98, 96, 100, 3, 65, 72, 80, 79, 59, 69, 73, 94, 66, 68, 60, 70, 63, 91, 33, 38, 56, 45, 49, 62, 51, 50, 52, 46, 39, 34, 37, 44, 20, 22, 4, 25, 5, 42, 0, 2, 1, 6, 67, 106, 101, 120, 121, 114, 107, 9, 111, 41, 43, 29, 55, 77, 92, 53, 104, 21, 64, 108, 110, 16, 57, 10, 8, 15, 27, 90, 119, 117, 141, 125, 123, 47, 126, 35, 124, 75, 142, 86, 89, 83, 127]",False,complete,130,130,3879,0,2265,68,2197,2000,954,0,0,lowest_first,True,2,133,27,133,27,27,27,27
2,210479,28,54,95,"[7, 12, 13, 14, 17, 18, 23, 26, 28, 32, 36, 40, 48, 54, 58, 61, 71, 74, 76, 78, 83, 85, 93, 97, 99, 102, 105, 109, 112, 115, 116, 118, 122, 127, 128, 129, 130, 131, 132, 133, 134, 135, 136, 137, 138, 139, 140, 143, 144, 145, 146, 147, 148, 149]","[0, 1, 2, 3, 4, 5, 6, 8, 9, 10, 11, 15, 16, 19, 20, 21, 22, 24, 25, 27, 29, 30, 31, 33, 34, 35, 37, 38, 39, 41, 42, 43, 44, 45, 46, 47, 49, 50, 51, 52, 53, 55, 56, 57, 59, 60, 62, 63, 64, 65, 66, 67, 68, 69, 70, 72, 73, 75, 77, 79, 80, 81, 82, 84, 86, 87, 88, 89, 90, 91, 92, 94, 95, 96, 98, 100, 101, 103, 104, 106, 107, 108, 110, 111, 114, 117, 119, 120, 121, 123, 124, 125, 126, 141, 142]",{},[],0,"[122, 17, 18, 32, 137, 138, 140, 139, 13, 14, 116, 118, 136, 112, 36, 135, 26, 28, 105, 99, 148, 115, 149, 144, 145, 147, 146, 12, 71, 58, 134, 109, 61, 78, 102, 48, 85, 93, 133, 7, 132, 40, 130, 129, 76, 74, 97, 23, 143, 131, 54, 128, 127, 83, 89, 86, 142, 75, 124, 35, 126, 47, 123, 125, 141, 117, 119, 90, 29, 53, 8, 15, 10, 16, 67, 110, 108, 64, 21, 103, 77, 55, 92, 43, 27, 41, 111, 9, 107, 114, 121, 120, 101, 106, 63, 6, 1, 2, 0, 42, 5, 25, 4, 22, 20, 37, 34, 39, 46, 52, 51, 3, 100, 96, 98, 11, 31, 30, 19, 24, 50, 44, 91, 84, 82, 104, 95, 88, 70, 87, 81, 94, 69, 79, 80, 72, 68, 60, 59, 73, 66, 65, 62, 33, 38, 57, 56, 49, 45]",True,24721510616,24.721510616,"[89, 86, 142, 75, 124, 35, 126, 47, 123, 125, 141, 117, 119, 90, 29, 53, 8, 27, 6, 2, 1, 10, 16, 67, 110, 108, 64, 21, 104, 92, 77, 55, 15, 43, 41, 111, 9, 0, 107, 114, 121, 120, 101, 106, 63, 42, 5, 25, 4, 22, 20, 37, 34, 39, 46, 52, 51, 33, 44, 38, 57, 50, 56, 49, 45, 91, 62, 70, 60, 68, 66, 94, 73, 69, 59, 79, 80, 72, 65, 19, 100, 96, 98, 24, 30, 31, 11, 3, 84, 82, 87, 81, 88, 103, 95]","[95, 103, 88, 81, 87, 82, 84, 3, 11, 31, 30, 24, 98, 96, 100, 19, 65, 72, 80, 79, 59, 69, 73, 94, 66, 68, 60, 70, 62, 91, 45, 49, 56, 50, 57, 38, 44, 33, 51, 52, 46, 39, 34, 37, 20, 22, 4, 25, 5, 42, 63, 106, 101, 120, 121, 114, 107, 0, 9, 111, 41, 43, 15, 55, 77, 92, 104, 21, 64, 108, 110, 67, 16, 10, 1, 2, 6, 27, 8, 53, 29, 90, 119, 117, 141, 125, 123, 47, 126, 35, 124, 75, 142, 86, 89]",False,complete,171,171,4054,0,2569,77,2492,2000,1534,1,0,lowest_first,True,2,130,29,130,29,29,29,29
2,210480,29,56,93,"[7, 12, 13, 14, 17, 18, 23, 26, 28, 32, 36, 40, 48, 54, 58, 61, 71, 74, 76, 78, 83, 85, 86, 89, 93, 97, 99, 102, 105, 109, 112, 115, 116, 118, 122, 127, 128, 129, 130, 131, 132, 133, 134, 135, 136, 137, 138, 139, 140, 143, 144, 145, 146, 147, 148, 149]","[0, 1, 2, 3, 4, 5, 6, 8, 9, 10, 11, 15, 16, 19, 20, 21, 22, 24, 25, 27, 29, 30, 31, 33, 34, 35, 37, 38, 39, 41, 42, 43, 44, 45, 46, 47, 49, 50, 51, 52, 53, 55, 56, 57, 59, 60, 62, 63, 64, 65, 66, 67, 68, 69, 70, 72, 73, 75, 77, 79, 80, 81, 82, 84, 87, 88, 90, 91, 92, 94, 95, 96, 98, 100, 101, 103, 104, 106, 107, 108, 110, 111, 114, 117, 119, 120, 121, 123, 124, 125, 126, 141, 142]",{},[],0,"[122, 17, 18, 32, 137, 138, 140, 139, 13, 14, 116, 118, 136, 112, 36, 135, 26, 28, 105, 99, 148, 115, 149, 144, 145, 147, 146, 12, 71, 58, 134, 109, 61, 78, 102, 48, 85, 93, 133, 7, 132, 40, 130, 129, 76, 74, 97, 23, 143, 131, 54, 128, 127, 83, 89, 86, 142, 75, 124, 35, 126, 47, 123, 125, 141, 117, 119, 90, 29, 53, 8, 15, 10, 16, 67, 110, 108, 64, 21, 103, 77, 55, 92, 43, 27, 41, 111, 9, 107, 114, 121, 120, 101, 106, 63, 6, 1, 2, 0, 42, 5, 25, 4, 22, 20, 37, 34, 39, 46, 52, 51, 3, 100, 96, 98, 11, 31, 30, 19, 24, 50, 44, 91, 84, 82, 104, 95, 88, 70, 87, 81, 94, 69, 79, 80, 72, 68, 60, 59, 73, 66, 65, 62, 33, 38, 57, 56, 49, 45]",True,50179921667,50.179921667,"[142, 55, 124, 141, 47, 8, 126, 125, 123, 67, 52, 119, 92, 121, 41, 43, 106, 101, 51, 46, 63, 64, 117, 90, 53, 77, 75, 15, 29, 27, 120, 114, 107, 10, 16, 6, 1, 2, 22, 4, 5, 3, 100, 96, 98, 11, 31, 30, 70, 69, 94, 79, 80, 62, 60, 59, 68, 66, 72, 65, 104, 73, 87, 21, 91, 103, 95, 88, 82, 81, 44, 84, 37, 20, 24, 19, 25, 50, 42, 35, 34, 39, 49, 45, 56, 57, 38, 33, 110, 108, 111, 9, 0]","[0, 9, 111, 108, 110, 33, 38, 57, 56, 45, 49, 39, 34, 35, 42, 50, 25, 19, 24, 20, 37, 84, 44, 81, 82, 88, 95, 103, 91, 21, 87, 73, 104, 65, 72, 66, 68, 59, 60, 62, 80, 79, 94, 69, 70, 30, 31, 11, 98, 96, 100, 3, 5, 4, 22, 2, 1, 6, 16, 10, 107, 114, 120, 27, 29, 15, 75, 77, 53, 90, 117, 64, 63, 46, 51, 101, 106, 43, 41, 121, 92, 119, 52, 67, 123, 125, 126, 8, 47, 141, 124, 55, 142]",False,complete,311,311,6452,0,5090,199,4891,2000,1596,6,0,lowest_first,True,2,136,26,136,26,26,26,26
2,210481,30,58,91,"[7, 12, 13, 14, 17, 18, 23, 26, 28, 32, 36, 40, 48, 54, 58, 61, 71, 74, 75, 76, 78, 83, 85, 86, 89, 93, 97, 99, 102, 105, 109, 112, 115, 116, 118, 122, 127, 128, 129, 130, 131, 132, 133, 134, 135, 136, 137, 138, 139, 140, 142, 143, 144, 145, 146, 147, 148, 149]","[0, 1, 2, 3, 4, 5, 6, 8, 9, 10, 11, 15, 16, 19, 20, 21, 22, 24, 25, 27, 29, 30, 31, 33, 34, 35, 37, 38, 39, 41, 42, 43, 44, 45, 46, 47, 49, 50, 51, 52, 53, 55, 56, 57, 59, 60, 62, 63, 64, 65, 66, 67, 68, 69, 70, 72, 73, 77, 79, 80, 81, 82, 84, 87, 88, 90, 91, 92, 94, 95, 96, 98, 100, 101, 103, 104, 106, 107, 108, 110, 111, 114, 117, 119, 120, 121, 123, 124, 125, 126, 141]",{},[],0,"[122, 17, 18, 32, 137, 138, 140, 139, 13, 14, 116, 118, 136, 112, 36, 135, 26, 28, 105, 99, 148, 115, 149, 144, 145, 147, 146, 12, 71, 58, 134, 109, 61, 78, 102, 48, 85, 93, 133, 7, 132, 40, 130, 129, 76, 74, 97, 23, 143, 131, 54, 128, 127, 83, 89, 86, 142, 75, 124, 35, 126, 47, 123, 125, 141, 117, 119, 90, 29, 53, 8, 15, 10, 16, 67, 110, 108, 64, 21, 103, 77, 55, 92, 43, 27, 41, 111, 9, 107, 114, 121, 120, 101, 106, 63, 6, 1, 2, 0, 42, 5, 25, 4, 22, 20, 37, 34, 39, 46, 52, 51, 3, 100, 96, 98, 11, 31, 30, 19, 24, 50, 44, 91, 84, 82, 104, 95, 88, 70, 87, 81, 94, 69, 79, 80, 72, 68, 60, 59, 73, 66, 65, 62, 33, 38, 57, 56, 49, 45]",True,20771911981,20.771911981,"[124, 35, 126, 47, 123, 125, 141, 117, 119, 90, 27, 15, 8, 10, 57, 16, 110, 108, 64, 21, 103, 92, 53, 55, 77, 43, 41, 29, 111, 9, 107, 114, 121, 120, 101, 106, 67, 6, 1, 2, 0, 42, 5, 25, 4, 22, 20, 44, 37, 34, 39, 46, 52, 50, 51, 62, 49, 45, 56, 38, 33, 91, 63, 70, 60, 68, 66, 94, 73, 69, 59, 79, 80, 72, 65, 3, 100, 96, 98, 11, 31, 30, 24, 19, 84, 82, 87, 81, 88, 104, 95]","[95, 104, 88, 81, 87, 82, 84, 19, 24, 30, 31, 11, 98, 96, 100, 3, 65, 72, 80, 79, 59, 69, 73, 94, 66, 68, 60, 70, 63, 91, 33, 38, 56, 45, 49, 62, 51, 50, 52, 46, 39, 34, 37, 44, 20, 22, 4, 25, 5, 42, 0, 2, 1, 6, 67, 106, 101, 120, 121, 114, 107, 9, 111, 29, 41, 43, 77, 55, 53, 92, 103, 21, 64, 108, 110, 16, 57, 10, 8, 15, 27, 90, 119, 117, 141, 125, 123, 47, 126, 35, 124]",False,complete,124,124,3400,0,2105,68,2037,2000,954,0,0,lowest_first,True,2,133,27,133,27,27,27,27
2,210482,31,60,89,"[7, 12, 13, 14, 17, 18, 23, 26, 28, 32, 35, 36, 40, 48, 54, 58, 61, 71, 74, 75, 76, 78, 83, 85, 86, 89, 93, 97, 99, 102, 105, 109, 112, 115, 116, 118, 122, 124, 127, 128, 129, 130, 131, 132, 133, 134, 135, 136, 137, 138, 139, 140, 142, 143, 144, 145, 146, 147, 148, 149]","[0, 1, 2, 3, 4, 5, 6, 8, 9, 10, 11, 15, 16, 19, 20, 21, 22, 24, 25, 27, 29, 30, 31, 33, 34, 37, 38, 39, 41, 42, 43, 44, 45, 46, 47, 49, 50, 51, 52, 53, 55, 56, 57, 59, 60, 62, 63, 64, 65, 66, 67, 68, 69, 70, 72, 73, 77, 79, 80, 81, 82, 84, 87, 88, 90, 91, 92, 94, 95, 96, 98, 100, 101, 103, 104, 106, 107, 108, 110, 111, 114, 117, 119, 120, 121, 123, 125, 126, 141]",{},[],0,"[122, 17, 18, 32, 137, 138, 140, 139, 13, 14, 116, 118, 136, 112, 36, 135, 26, 28, 105, 99, 148, 115, 149, 144, 145, 147, 146, 12, 71, 58, 134, 109, 61, 78, 102, 48, 85, 93, 133, 7, 132, 40, 130, 129, 76, 74, 97, 23, 143, 131, 54, 128, 127, 83, 89, 86, 142, 75, 124, 35, 126, 47, 123, 125, 141, 117, 119, 90, 29, 53, 8, 15, 10, 16, 67, 110, 108, 64, 21, 103, 77, 55, 92, 43, 27, 41, 111, 9, 107, 114, 121, 120, 101, 106, 63, 6, 1, 2, 0, 42, 5, 25, 4, 22, 20, 37, 34, 39, 46, 52, 51, 3, 100, 96, 98, 11, 31, 30, 19, 24, 50, 44, 91, 84, 82, 104, 95, 88, 70, 87, 81, 94, 69, 79, 80, 72, 68, 60, 59, 73, 66, 65, 62, 33, 38, 57, 56, 49, 45]",True,19254929283,19.254929283,"[126, 47, 123, 125, 141, 119, 117, 90, 8, 15, 27, 10, 57, 16, 110, 108, 64, 21, 103, 55, 92, 77, 53, 43, 41, 29, 111, 9, 107, 114, 121, 120, 101, 106, 67, 6, 1, 2, 0, 42, 5, 25, 4, 22, 20, 44, 37, 34, 39, 46, 52, 50, 51, 62, 49, 45, 56, 38, 33, 91, 63, 73, 66, 68, 60, 94, 70, 69, 59, 79, 80, 72, 65, 19, 100, 96, 98, 24, 30, 31, 11, 3, 84, 82, 87, 81, 88, 104, 95]","[95, 104, 88, 81, 87, 82, 84, 3, 11, 31, 30, 24, 98, 96, 100, 19, 65, 72, 80, 79, 59, 69, 70, 94, 60, 68, 66, 73, 63, 91, 33, 38, 56, 45, 49, 62, 51, 50, 52, 46, 39, 34, 37, 44, 20, 22, 4, 25, 5, 42, 0, 2, 1, 6, 67, 106, 101, 120, 121, 114, 107, 9, 111, 29, 41, 43, 53, 77, 92, 55, 103, 21, 64, 108, 110, 16, 57, 10, 27, 15, 8, 90, 117, 119, 141, 125, 123, 47, 126]",False,complete,122,122,3238,0,2044,68,1976,2000,956,0,0,lowest_first,True,2,134,27,134,27,27,27,27
2,210483,32,62,87,"[7, 12, 13, 14, 17, 18, 23, 26, 28, 32, 35, 36, 40, 47, 48, 54, 58, 61, 71, 74, 75, 76, 78, 83, 85, 86, 89, 93, 97, 99, 102, 105, 109, 112, 115, 116, 118, 122, 124, 126, 127, 128, 129, 130, 131, 132, 133, 134, 135, 136, 137, 138, 139, 140, 142, 143, 144, 145, 146, 147, 148, 149]","[0, 1, 2, 3, 4, 5, 6, 8, 9, 10, 11, 15, 16, 19, 20, 21, 22, 24, 25, 27, 29, 30, 31, 33, 34, 37, 38, 39, 41, 42, 43, 44, 45, 46, 49, 50, 51, 52, 53, 55, 56, 57, 59, 60, 62, 63, 64, 65, 66, 67, 68, 69, 70, 72, 73, 77, 79, 80, 81, 82, 84, 87, 88, 90, 91, 92, 94, 95, 96, 98, 100, 101, 103, 104, 106, 107, 108, 110, 111, 114, 117, 119, 120, 121, 123, 125, 141]",{},[],0,"[122, 17, 18, 32, 137, 138, 140, 139, 13, 14, 116, 118, 136, 112, 36, 135, 26, 28, 105, 99, 148, 115, 149, 144, 145, 147, 146, 12, 71, 58, 134, 109, 61, 78, 102, 48, 85, 93, 133, 7, 132, 40, 130, 129, 76, 74, 97, 23, 143, 131, 54, 128, 127, 83, 89, 86, 142, 75, 124, 35, 126, 47, 123, 125, 141, 117, 119, 90, 29, 53, 8, 15, 10, 16, 67, 110, 108, 64, 21, 103, 77, 55, 92, 43, 27, 41, 111, 9, 107, 114, 121, 120, 101, 106, 63, 6, 1, 2, 0, 42, 5, 25, 4, 22, 20, 37, 34, 39, 46, 52, 51, 3, 100, 96, 98, 11, 31, 30, 19, 24, 50, 44, 91, 84, 82, 104, 95, 88, 70, 87, 81, 94, 69, 79, 80, 72, 68, 60, 59, 73, 66, 65, 62, 33, 38, 57, 56, 49, 45]",True,18419470883,18.419470883,"[123, 125, 141, 117, 119, 90, 27, 15, 8, 10, 57, 16, 110, 108, 64, 21, 103, 55, 53, 77, 92, 41, 29, 43, 111, 9, 107, 114, 121, 120, 101, 106, 67, 6, 1, 2, 0, 42, 5, 25, 4, 22, 20, 44, 37, 34, 39, 46, 52, 50, 51, 62, 49, 45, 56, 38, 33, 91, 63, 70, 60, 68, 66, 94, 73, 69, 59, 79, 80, 72, 65, 3, 100, 96, 98, 11, 31, 30, 24, 19, 84, 87, 82, 81, 88, 104, 95]","[95, 104, 88, 81, 82, 87, 84, 19, 24, 30, 31, 11, 98, 96, 100, 3, 65, 72, 80, 79, 59, 69, 73, 94, 66, 68, 60, 70, 63, 91, 33, 38, 56, 45, 49, 62, 51, 50, 52, 46, 39, 34, 37, 44, 20, 22, 4, 25, 5, 42, 0, 2, 1, 6, 67, 106, 101, 120, 121, 114, 107, 9, 111, 43, 29, 41, 92, 77, 53, 55, 103, 21, 64, 108, 110, 16, 57, 10, 8, 15, 27, 90, 119, 117, 141, 125, 123]",False,complete,120,120,3087,0,2000,68,1932,2000,941,0,0,lowest_first,True,2,133,27,133,27,27,27,27
2,210484,33,64,85,"[7, 12, 13, 14, 17, 18, 23, 26, 28, 32, 35, 36, 40, 47, 48, 54, 58, 61, 71, 74, 75, 76, 78, 83, 85, 86, 89, 93, 97, 99, 102, 105, 109, 112, 115, 116, 118, 122, 123, 124, 125, 126, 127, 128, 129, 130, 131, 132, 133, 134, 135, 136, 137, 138, 139, 140, 142, 143, 144, 145, 146, 147, 148, 149]","[0, 1, 2, 3, 4, 5, 6, 8, 9, 10, 11, 15, 16, 19, 20, 21, 22, 24, 25, 27, 29, 30, 31, 33, 34, 37, 38, 39, 41, 42, 43, 44, 45, 46, 49, 50, 51, 52, 53, 55, 56, 57, 59, 60, 62, 63, 64, 65, 66, 67, 68, 69, 70, 72, 73, 77, 79, 80, 81, 82, 84, 87, 88, 90, 91, 92, 94, 95, 96, 98, 100, 101, 103, 104, 106, 107, 108, 110, 111, 114, 117, 119, 120, 121, 141]",{},[],0,"[122, 17, 18, 32, 137, 138, 140, 139, 13, 14, 116, 118, 136, 112, 36, 135, 26, 28, 105, 99, 148, 115, 149, 144, 145, 147, 146, 12, 71, 58, 134, 109, 61, 78, 102, 48, 85, 93, 133, 7, 132, 40, 130, 129, 76, 74, 97, 23, 143, 131, 54, 128, 127, 83, 89, 86, 142, 75, 124, 35, 126, 47, 123, 125, 141, 117, 119, 90, 29, 53, 8, 15, 10, 16, 67, 110, 108, 64, 21, 103, 77, 55, 92, 43, 27, 41, 111, 9, 107, 114, 121, 120, 101, 106, 63, 6, 1, 2, 0, 42, 5, 25, 4, 22, 20, 37, 34, 39, 46, 52, 51, 3, 100, 96, 98, 11, 31, 30, 19, 24, 50, 44, 91, 84, 82, 104, 95, 88, 70, 87, 81, 94, 69, 79, 80, 72, 68, 60, 59, 73, 66, 65, 62, 33, 38, 57, 56, 49, 45]",True,19526689080,19.526689080,"[141, 119, 117, 90, 8, 15, 29, 55, 10, 16, 67, 110, 108, 64, 21, 103, 92, 77, 53, 41, 27, 43, 111, 9, 107, 114, 121, 120, 101, 106, 63, 6, 1, 2, 0, 42, 5, 25, 4, 22, 20, 37, 34, 39, 46, 52, 51, 3, 100, 96, 98, 11, 31, 30, 95, 104, 44, 24, 19, 50, 84, 82, 91, 88, 70, 87, 81, 94, 69, 79, 80, 72, 68, 60, 59, 73, 66, 65, 62, 33, 38, 57, 56, 49, 45]","[45, 49, 56, 57, 38, 33, 62, 65, 66, 73, 59, 60, 68, 72, 80, 79, 69, 94, 81, 87, 70, 88, 91, 82, 84, 50, 19, 24, 44, 104, 95, 30, 31, 11, 98, 96, 100, 3, 51, 52, 46, 39, 34, 37, 20, 22, 4, 25, 5, 42, 0, 2, 1, 6, 63, 106, 101, 120, 121, 114, 107, 9, 111, 43, 27, 41, 53, 77, 92, 103, 21, 64, 108, 110, 67, 16, 10, 55, 29, 15, 8, 90, 117, 119, 141]",False,complete,182,182,3344,0,2318,86,2232,2000,1712,2,0,lowest_first,True,2,134,28,134,28,28,28,28
2,210485,34,66,83,"[7, 12, 13, 14, 17, 18, 23, 26, 28, 32, 35, 36, 40, 47, 48, 54, 58, 61, 71, 74, 75, 76, 78, 83, 85, 86, 89, 93, 97, 99, 102, 105, 109, 112, 115, 116, 117, 118, 122, 123, 124, 125, 126, 127, 128, 129, 130, 131, 132, 133, 134, 135, 136, 137, 138, 139, 140, 141, 142, 143, 144, 145, 146, 147, 148, 149]","[0, 1, 2, 3, 4, 5, 6, 8, 9, 10, 11, 15, 16, 19, 20, 21, 22, 24, 25, 27, 29, 30, 31, 33, 34, 37, 38, 39, 41, 42, 43, 44, 45, 46, 49, 50, 51, 52, 53, 55, 56, 57, 59, 60, 62, 63, 64, 65, 66, 67, 68, 69, 70, 72, 73, 77, 79, 80, 81, 82, 84, 87, 88, 90, 91, 92, 94, 95, 96, 98, 100, 101, 103, 104, 106, 107, 108, 110, 111, 114, 119, 120, 121]",{},[],0,"[122, 17, 18, 32, 137, 138, 140, 139, 13, 14, 116, 118, 136, 112, 36, 135, 26, 28, 105, 99, 148, 115, 149, 144, 145, 147, 146, 12, 71, 58, 134, 109, 61, 78, 102, 48, 85, 93, 133, 7, 132, 40, 130, 129, 76, 74, 97, 23, 143, 131, 54, 128, 127, 83, 89, 86, 142, 75, 124, 35, 126, 47, 123, 125, 141, 117, 119, 90, 29, 53, 8, 15, 10, 16, 67, 110, 108, 64, 21, 103, 77, 55, 92, 43, 27, 41, 111, 9, 107, 114, 121, 120, 101, 106, 63, 6, 1, 2, 0, 42, 5, 25, 4, 22, 20, 37, 34, 39, 46, 52, 51, 3, 100, 96, 98, 11, 31, 30, 19, 24, 50, 44, 91, 84, 82, 104, 95, 88, 70, 87, 81, 94, 69, 79, 80, 72, 68, 60, 59, 73, 66, 65, 62, 33, 38, 57, 56, 49, 45]",True,17790810286,17.790810286,"[119, 90, 29, 55, 15, 8, 10, 16, 67, 110, 108, 64, 21, 104, 53, 92, 77, 27, 43, 41, 111, 9, 107, 114, 121, 120, 101, 106, 63, 6, 1, 2, 0, 42, 5, 25, 4, 22, 20, 37, 34, 39, 46, 52, 51, 33, 44, 38, 57, 50, 56, 49, 45, 91, 62, 73, 66, 68, 60, 94, 70, 69, 59, 79, 80, 72, 65, 19, 100, 96, 98, 24, 30, 31, 11, 3, 84, 82, 87, 81, 88, 103, 95]","[95, 103, 88, 81, 87, 82, 84, 3, 11, 31, 30, 24, 98, 96, 100, 19, 65, 72, 80, 79, 59, 69, 70, 94, 60, 68, 66, 73, 62, 91, 45, 49, 56, 50, 57, 38, 44, 33, 51, 52, 46, 39, 34, 37, 20, 22, 4, 25, 5, 42, 0, 2, 1, 6, 63, 106, 101, 120, 121, 114, 107, 9, 111, 41, 43, 27, 77, 92, 53, 104, 21, 64, 108, 110, 67, 16, 10, 8, 15, 55, 29, 90, 119]",False,complete,159,159,3117,0,2155,77,2078,2000,1557,1,0,lowest_first,True,2,132,27,132,27,27,27,27
2,210486,35,68,81,"[7, 12, 13, 14, 17, 18, 23, 26, 28, 32, 35, 36, 40, 47, 48, 54, 58, 61, 71, 74, 75, 76, 78, 83, 85, 86, 89, 90, 93, 97, 99, 102, 105, 109, 112, 115, 116, 117, 118, 119, 122, 123, 124, 125, 126, 127, 128, 129, 130, 131, 132, 133, 134, 135, 136, 137, 138, 139, 140, 141, 142, 143, 144, 145, 146, 147, 148, 149]","[0, 1, 2, 3, 4, 5, 6, 8, 9, 10, 11, 15, 16, 19, 20, 21, 22, 24, 25, 27, 29, 30, 31, 33, 34, 37, 38, 39, 41, 42, 43, 44, 45, 46, 49, 50, 51, 52, 53, 55, 56, 57, 59, 60, 62, 63, 64, 65, 66, 67, 68, 69, 70, 72, 73, 77, 79, 80, 81, 82, 84, 87, 88, 91, 92, 94, 95, 96, 98, 100, 101, 103, 104, 106, 107, 108, 110, 111, 114, 120, 121]",{},[],0,"[122, 17, 18, 32, 137, 138, 140, 139, 13, 14, 116, 118, 136, 112, 36, 135, 26, 28, 105, 99, 148, 115, 149, 144, 145, 147, 146, 12, 71, 58, 134, 109, 61, 78, 102, 48, 85, 93, 133, 7, 132, 40, 130, 129, 76, 74, 97, 23, 143, 131, 54, 128, 127, 83, 89, 86, 142, 75, 124, 35, 126, 47, 123, 125, 141, 117, 119, 90, 29, 53, 8, 15, 10, 16, 67, 110, 108, 64, 21, 103, 77, 55, 92, 43, 27, 41, 111, 9, 107, 114, 121, 120, 101, 106, 63, 6, 1, 2, 0, 42, 5, 25, 4, 22, 20, 37, 34, 39, 46, 52, 51, 3, 100, 96, 98, 11, 31, 30, 19, 24, 50, 44, 91, 84, 82, 104, 95, 88, 70, 87, 81, 94, 69, 79, 80, 72, 68, 60, 59, 73, 66, 65, 62, 33, 38, 57, 56, 49, 45]",True,16465081605,16.465081605,"[8, 15, 29, 55, 10, 16, 67, 110, 108, 64, 21, 104, 53, 92, 77, 41, 43, 27, 111, 9, 107, 114, 121, 120, 101, 106, 63, 6, 1, 2, 0, 42, 5, 25, 4, 22, 20, 37, 34, 39, 46, 52, 51, 3, 100, 96, 98, 11, 31, 30, 95, 103, 44, 24, 19, 50, 84, 82, 91, 88, 70, 87, 81, 94, 69, 79, 80, 72, 68, 60, 59, 73, 66, 65, 62, 33, 38, 57, 56, 49, 45]","[45, 49, 56, 57, 38, 33, 62, 65, 66, 73, 59, 60, 68, 72, 80, 79, 69, 94, 81, 87, 70, 88, 91, 82, 84, 50, 19, 24, 44, 103, 95, 30, 31, 11, 98, 96, 100, 3, 51, 52, 46, 39, 34, 37, 20, 22, 4, 25, 5, 42, 0, 2, 1, 6, 63, 106, 101, 120, 121, 114, 107, 9, 111, 27, 43, 41, 77, 92, 53, 104, 21, 64, 108, 110, 67, 16, 10, 55, 29, 15, 8]",False,complete,167,167,2999,0,2102,81,2021,2000,1591,1,0,lowest_first,True,2,134,28,134,28,28,28,28
2,210487,36,70,79,"[7, 12, 13, 14, 17, 18, 23, 26, 28, 29, 32, 35, 36, 40, 47, 48, 53, 54, 58, 61, 71, 74, 75, 76, 78, 83, 85, 86, 89, 90, 93, 97, 99, 102, 105, 109, 112, 115, 116, 117, 118, 119, 122, 123, 124, 125, 126, 127, 128, 129, 130, 131, 132, 133, 134, 135, 136, 137, 138, 139, 140, 141, 142, 143, 144, 145, 146, 147, 148, 149]","[0, 1, 2, 3, 4, 5, 6, 8, 9, 10, 11, 15, 16, 19, 20, 21, 22, 24, 25, 27, 30, 31, 33, 34, 37, 38, 39, 41, 42, 43, 44, 45, 46, 49, 50, 51, 52, 55, 56, 57, 59, 60, 62, 63, 64, 65, 66, 67, 68, 69, 70, 72, 73, 77, 79, 80, 81, 82, 84, 87, 88, 91, 92, 94, 95, 96, 98, 100, 101, 103, 104, 106, 107, 108, 110, 111, 114, 120, 121]",{},[],0,"[122, 17, 18, 32, 137, 138, 140, 139, 13, 14, 116, 118, 136, 112, 36, 135, 26, 28, 105, 99, 148, 115, 149, 144, 145, 147, 146, 12, 71, 58, 134, 109, 61, 78, 102, 48, 85, 93, 133, 7, 132, 40, 130, 129, 76, 74, 97, 23, 143, 131, 54, 128, 127, 83, 89, 86, 142, 75, 124, 35, 126, 47, 123, 125, 141, 117, 119, 90, 29, 53, 8, 15, 10, 16, 67, 110, 108, 64, 21, 103, 77, 55, 92, 43, 27, 41, 111, 9, 107, 114, 121, 120, 101, 106, 63, 6, 1, 2, 0, 42, 5, 25, 4, 22, 20, 37, 34, 39, 46, 52, 51, 3, 100, 96, 98, 11, 31, 30, 19, 24, 50, 44, 91, 84, 82, 104, 95, 88, 70, 87, 81, 94, 69, 79, 80, 72, 68, 60, 59, 73, 66, 65, 62, 33, 38, 57, 56, 49, 45]",True,15444693820,15.444693820,"[8, 15, 10, 16, 67, 110, 108, 64, 21, 103, 55, 92, 77, 43, 41, 27, 111, 9, 107, 114, 121, 120, 101, 106, 63, 6, 1, 2, 0, 42, 5, 25, 4, 22, 20, 37, 34, 39, 46, 52, 51, 33, 44, 38, 57, 50, 56, 49, 45, 91, 62, 70, 60, 68, 66, 94, 73, 69, 59, 79, 80, 72, 65, 3, 100, 96, 98, 11, 31, 30, 24, 19, 84, 82, 87, 81, 88, 104, 95]","[95, 104, 88, 81, 87, 82, 84, 19, 24, 30, 31, 11, 98, 96, 100, 3, 65, 72, 80, 79, 59, 69, 73, 94, 66, 68, 60, 70, 62, 91, 45, 49, 56, 50, 57, 38, 44, 33, 51, 52, 46, 39, 34, 37, 20, 22, 4, 25, 5, 42, 0, 2, 1, 6, 63, 106, 101, 120, 121, 114, 107, 9, 111, 27, 41, 43, 77, 92, 55, 103, 21, 64, 108, 110, 67, 16, 10, 15, 8]",False,complete,155,155,2854,0,2014,77,1937,2000,1555,1,0,lowest_first,True,2,131,27,131,27,27,27,27
2,210488,37,72,77,"[7, 8, 12, 13, 14, 15, 17, 18, 23, 26, 28, 29, 32, 35, 36, 40, 47, 48, 53, 54, 58, 61, 71, 74, 75, 76, 78, 83, 85, 86, 89, 90, 93, 97, 99, 102, 105, 109, 112, 115, 116, 117, 118, 119, 122, 123, 124, 125, 126, 127, 128, 129, 130, 131, 132, 133, 134, 135, 136, 137, 138, 139, 140, 141, 142, 143, 144, 145, 146, 147, 148, 149]","[0, 1, 2, 3, 4, 5, 6, 9, 10, 11, 16, 19, 20, 21, 22, 24, 25, 27, 30, 31, 33, 34, 37, 38, 39, 41, 42, 43, 44, 45, 46, 49, 50, 51, 52, 55, 56, 57, 59, 60, 62, 63, 64, 65, 66, 67, 68, 69, 70, 72, 73, 77, 79, 80, 81, 82, 84, 87, 88, 91, 92, 94, 95, 96, 98, 100, 101, 103, 104, 106, 107, 108, 110, 111, 114, 120, 121]",{},[],0,"[122, 17, 18, 32, 137, 138, 140, 139, 13, 14, 116, 118, 136, 112, 36, 135, 26, 28, 105, 99, 148, 115, 149, 144, 145, 147, 146, 12, 71, 58, 134, 109, 61, 78, 102, 48, 85, 93, 133, 7, 132, 40, 130, 129, 76, 74, 97, 23, 143, 131, 54, 128, 127, 83, 89, 86, 142, 75, 124, 35, 126, 47, 123, 125, 141, 117, 119, 90, 29, 53, 8, 15, 10, 16, 67, 110, 108, 64, 21, 103, 77, 55, 92, 43, 27, 41, 111, 9, 107, 114, 121, 120, 101, 106, 63, 6, 1, 2, 0, 42, 5, 25, 4, 22, 20, 37, 34, 39, 46, 52, 51, 3, 100, 96, 98, 11, 31, 30, 19, 24, 50, 44, 91, 84, 82, 104, 95, 88, 70, 87, 81, 94, 69, 79, 80, 72, 68, 60, 59, 73, 66, 65, 62, 33, 38, 57, 56, 49, 45]",True,14144784647,14.144784647,"[10, 16, 67, 110, 108, 64, 21, 104, 77, 55, 92, 41, 27, 43, 111, 9, 107, 114, 121, 120, 101, 106, 63, 6, 1, 2, 0, 42, 5, 25, 4, 22, 20, 37, 34, 39, 46, 52, 51, 3, 100, 96, 98, 11, 31, 30, 95, 103, 44, 24, 19, 50, 84, 82, 91, 88, 70, 87, 81, 94, 69, 79, 80, 72, 68, 60, 59, 73, 66, 65, 62, 33, 38, 57, 56, 49, 45]","[45, 49, 56, 57, 38, 33, 62, 65, 66, 73, 59, 60, 68, 72, 80, 79, 69, 94, 81, 87, 70, 88, 91, 82, 84, 50, 19, 24, 44, 103, 95, 30, 31, 11, 98, 96, 100, 3, 51, 52, 46, 39, 34, 37, 20, 22, 4, 25, 5, 42, 0, 2, 1, 6, 63, 106, 101, 120, 121, 114, 107, 9, 111, 43, 27, 41, 92, 55, 77, 104, 21, 64, 108, 110, 67, 16, 10]",False,complete,163,163,2729,0,1949,81,1868,2000,1591,1,0,lowest_first,True,2,134,28,134,28,28,28,28
2,210489,38,74,75,"[7, 8, 10, 12, 13, 14, 15, 16, 17, 18, 23, 26, 28, 29, 32, 35, 36, 40, 47, 48, 53, 54, 58, 61, 71, 74, 75, 76, 78, 83, 85, 86, 89, 90, 93, 97, 99, 102, 105, 109, 112, 115, 116, 117, 118, 119, 122, 123, 124, 125, 126, 127, 128, 129, 130, 131, 132, 133, 134, 135, 136, 137, 138, 139, 140, 141, 142, 143, 144, 145, 146, 147, 148, 149]","[0, 1, 2, 3, 4, 5, 6, 9, 11, 19, 20, 21, 22, 24, 25, 27, 30, 31, 33, 34, 37, 38, 39, 41, 42, 43, 44, 45, 46, 49, 50, 51, 52, 55, 56, 57, 59, 60, 62, 63, 64, 65, 66, 67, 68, 69, 70, 72, 73, 77, 79, 80, 81, 82, 84, 87, 88, 91, 92, 94, 95, 96, 98, 100, 101, 103, 104, 106, 107, 108, 110, 111, 114, 120, 121]","{""support_1"": 111, ""support_2"": 106}","[106, 111]",2,"[122, 17, 18, 32, 137, 138, 140, 139, 13, 14, 116, 118, 136, 112, 36, 135, 26, 28, 105, 99, 148, 115, 149, 144, 145, 147, 146, 12, 71, 58, 134, 109, 61, 78, 102, 48, 85, 93, 133, 7, 132, 40, 130, 129, 76, 74, 97, 23, 143, 131, 54, 128, 127, 83, 89, 86, 142, 75, 124, 35, 126, 47, 123, 125, 141, 117, 119, 90, 29, 53, 8, 15, 10, 16, 67, 110, 108, 64, 21, 103, 77, 55, 92, 43, 27, 41, 111, 9, 107, 114, 121, 120, 101, 106, 63, 6, 1, 2, 0, 42, 5, 25, 4, 22, 20, 37, 34, 39, 46, 52, 51, 3, 100, 96, 98, 11, 31, 30, 19, 24, 50, 44, 91, 84, 82, 104, 95, 88, 70, 87, 81, 94, 69, 79, 80, 72, 68, 60, 59, 73, 66, 65, 62, 33, 38, 57, 56, 49, 45]",True,13340081001,13.340081001,"[67, 110, 108, 64, 21, 103, 55, 77, 92, 27, 41, 43, 111, 9, 107, 114, 121, 120, 101, 106, 63, 6, 1, 2, 0, 42, 5, 25, 4, 22, 20, 37, 34, 39, 46, 52, 51, 3, 100, 96, 98, 11, 31, 30, 19, 24, 50, 44, 91, 84, 82, 104, 95, 88, 70, 87, 81, 94, 69, 79, 80, 72, 68, 60, 59, 73, 66, 65, 62, 33, 38, 57, 56, 49, 45]","[45, 49, 56, 57, 38, 33, 62, 65, 66, 73, 59, 60, 68, 72, 80, 79, 69, 94, 81, 87, 70, 88, 95, 104, 82, 84, 91, 44, 50, 24, 19, 30, 31, 11, 98, 96, 100, 3, 51, 52, 46, 39, 34, 37, 20, 22, 4, 25, 5, 42, 0, 2, 1, 6, 63, 106, 101, 120, 121, 114, 107, 9, 111, 43, 41, 27, 92, 77, 55, 103, 21, 64, 108, 110, 67]",False,complete,164,164,2675,0,1932,82,1850,2000,1704,2,0,lowest_first,True,2,131,26,131,28,28,26,28
2,210490,39,76,73,"[7, 8, 10, 12, 13, 14, 15, 16, 17, 18, 23, 26, 28, 29, 32, 35, 36, 40, 47, 48, 53, 54, 58, 61, 67, 71, 74, 75, 76, 78, 83, 85, 86, 89, 90, 93, 97, 99, 102, 105, 109, 110, 112, 115, 116, 117, 118, 119, 122, 123, 124, 125, 126, 127, 128, 129, 130, 131, 132, 133, 134, 135, 136, 137, 138, 139, 140, 141, 142, 143, 144, 145, 146, 147, 148, 149]","[0, 1, 2, 3, 4, 5, 6, 9, 11, 19, 20, 21, 22, 24, 25, 27, 30, 31, 33, 34, 37, 38, 39, 41, 42, 43, 44, 45, 46, 49, 50, 51, 52, 55, 56, 57, 59, 60, 62, 63, 64, 65, 66, 68, 69, 70, 72, 73, 77, 79, 80, 81, 82, 84, 87, 88, 91, 92, 94, 95, 96, 98, 100, 101, 103, 104, 106, 107, 108, 111, 114, 120, 121]","{""support_1"": 111, ""support_2"": 106}","[106, 111]",2,"[122, 17, 18, 32, 137, 138, 140, 139, 13, 14, 116, 118, 136, 112, 36, 135, 26, 28, 105, 99, 148, 115, 149, 144, 145, 147, 146, 12, 71, 58, 134, 109, 61, 78, 102, 48, 85, 93, 133, 7, 132, 40, 130, 129, 76, 74, 97, 23, 143, 131, 54, 128, 127, 83, 89, 86, 142, 75, 124, 35, 126, 47, 123, 125, 141, 117, 119, 90, 29, 53, 8, 15, 10, 16, 67, 110, 108, 64, 21, 103, 77, 55, 92, 43, 27, 41, 111, 9, 107, 114, 121, 120, 101, 106, 63, 6, 1, 2, 0, 42, 5, 25, 4, 22, 20, 37, 34, 39, 46, 52, 51, 3, 100, 96, 98, 11, 31, 30, 19, 24, 50, 44, 91, 84, 82, 104, 95, 88, 70, 87, 81, 94, 69, 79, 80, 72, 68, 60, 59, 73, 66, 65, 62, 33, 38, 57, 56, 49, 45]",True,13312673360,13.312673360,"[108, 64, 21, 103, 55, 92, 77, 43, 27, 41, 111, 9, 107, 114, 121, 120, 101, 106, 63, 6, 1, 2, 0, 42, 5, 25, 4, 22, 20, 37, 34, 39, 46, 52, 51, 33, 44, 38, 57, 50, 56, 49, 45, 91, 62, 73, 66, 68, 60, 94, 70, 69, 59, 79, 80, 72, 65, 3, 100, 96, 98, 11, 31, 30, 24, 19, 84, 87, 82, 81, 88, 104, 95]","[95, 104, 88, 81, 82, 87, 84, 19, 24, 30, 31, 11, 98, 96, 100, 3, 65, 72, 80, 79, 59, 69, 70, 94, 60, 68, 66, 73, 62, 91, 45, 49, 56, 50, 57, 38, 44, 33, 51, 52, 46, 39, 34, 37, 20, 22, 4, 25, 5, 42, 0, 2, 1, 6, 63, 106, 101, 120, 121, 114, 107, 9, 111, 41, 27, 43, 77, 92, 55, 103, 21, 64, 108]",False,complete,152,152,2585,0,1904,78,1826,2000,1665,2,0,lowest_first,True,2,124,25,124,27,27,25,27
2,210491,40,78,71,"[7, 8, 10, 12, 13, 14, 15, 16, 17, 18, 23, 26, 28, 29, 32, 35, 36, 40, 47, 48, 53, 54, 58, 61, 64, 67, 71, 74, 75, 76, 78, 83, 85, 86, 89, 90, 93, 97, 99, 102, 105, 108, 109, 110, 112, 115, 116, 117, 118, 119, 122, 123, 124, 125, 126, 127, 128, 129, 130, 131, 132, 133, 134, 135, 136, 137, 138, 139, 140, 141, 142, 143, 144, 145, 146, 147, 148, 149]","[0, 1, 2, 3, 4, 5, 6, 9, 11, 19, 20, 21, 22, 24, 25, 27, 30, 31, 33, 34, 37, 38, 39, 41, 42, 43, 44, 45, 46, 49, 50, 51, 52, 55, 56, 57, 59, 60, 62, 63, 65, 66, 68, 69, 70, 72, 73, 77, 79, 80, 81, 82, 84, 87, 88, 91, 92, 94, 95, 96, 98, 100, 101, 103, 104, 106, 107, 111, 114, 120, 121]","{""support_1"": 111, ""support_2"": 106}","[106, 111]",2,"[122, 17, 18, 32, 137, 138, 140, 139, 13, 14, 116, 118, 136, 112, 36, 135, 26, 28, 105, 99, 148, 115, 149, 144, 145, 147, 146, 12, 71, 58, 134, 109, 61, 78, 102, 48, 85, 93, 133, 7, 132, 40, 130, 129, 76, 74, 97, 23, 143, 131, 54, 128, 127, 83, 89, 86, 142, 75, 124, 35, 126, 47, 123, 125, 141, 117, 119, 90, 29, 53, 8, 15, 10, 16, 67, 110, 108, 64, 21, 103, 77, 55, 92, 43, 27, 41, 111, 9, 107, 114, 121, 120, 101, 106, 63, 6, 1, 2, 0, 42, 5, 25, 4, 22, 20, 37, 34, 39, 46, 52, 51, 3, 100, 96, 98, 11, 31, 30, 19, 24, 50, 44, 91, 84, 82, 104, 95, 88, 70, 87, 81, 94, 69, 79, 80, 72, 68, 60, 59, 73, 66, 65, 62, 33, 38, 57, 56, 49, 45]",True,12620896660,12.620896660,"[21, 104, 55, 77, 92, 27, 43, 41, 111, 9, 107, 114, 121, 120, 101, 106, 63, 6, 1, 2, 0, 42, 5, 25, 4, 22, 20, 37, 34, 39, 46, 52, 51, 33, 44, 38, 57, 50, 56, 49, 45, 91, 62, 73, 66, 68, 60, 94, 70, 69, 59, 79, 80, 72, 65, 3, 100, 96, 98, 11, 31, 30, 24, 19, 84, 82, 87, 81, 88, 103, 95]","[95, 103, 88, 81, 87, 82, 84, 19, 24, 30, 31, 11, 98, 96, 100, 3, 65, 72, 80, 79, 59, 69, 70, 94, 60, 68, 66, 73, 62, 91, 45, 49, 56, 50, 57, 38, 44, 33, 51, 52, 46, 39, 34, 37, 20, 22, 4, 25, 5, 42, 0, 2, 1, 6, 63, 106, 101, 120, 121, 114, 107, 9, 111, 41, 43, 27, 92, 77, 55, 104, 21]",False,complete,147,147,2451,0,1826,77,1749,2000,1545,1,0,lowest_first,True,2,120,25,120,27,27,25,27
2,210492,41,80,69,"[7, 8, 10, 12, 13, 14, 15, 16, 17, 18, 21, 23, 26, 28, 29, 32, 35, 36, 40, 47, 48, 53, 54, 58, 61, 64, 67, 71, 74, 75, 76, 78, 83, 85, 86, 89, 90, 93, 97, 99, 102, 103, 105, 108, 109, 110, 112, 115, 116, 117, 118, 119, 122, 123, 124, 125, 126, 127, 128, 129, 130, 131, 132, 133, 134, 135, 136, 137, 138, 139, 140, 141, 142, 143, 144, 145, 146, 147, 148, 149]","[0, 1, 2, 3, 4, 5, 6, 9, 11, 19, 20, 22, 24, 25, 27, 30, 31, 33, 34, 37, 38, 39, 41, 42, 43, 44, 45, 46, 49, 50, 51, 52, 55, 56, 57, 59, 60, 62, 63, 65, 66, 68, 69, 70, 72, 73, 77, 79, 80, 81, 82, 84, 87, 88, 91, 92, 94, 95, 96, 98, 100, 101, 104, 106, 107, 111, 114, 120, 121]","{""support_1"": 111, ""support_2"": 106}","[106, 111]",2,"[122, 17, 18, 32, 137, 138, 140, 139, 13, 14, 116, 118, 136, 112, 36, 135, 26, 28, 105, 99, 148, 115, 149, 144, 145, 147, 146, 12, 71, 58, 134, 109, 61, 78, 102, 48, 85, 93, 133, 7, 132, 40, 130, 129, 76, 74, 97, 23, 143, 131, 54, 128, 127, 83, 89, 86, 142, 75, 124, 35, 126, 47, 123, 125, 141, 117, 119, 90, 29, 53, 8, 15, 10, 16, 67, 110, 108, 64, 21, 103, 77, 55, 92, 43, 27, 41, 111, 9, 107, 114, 121, 120, 101, 106, 63, 6, 1, 2, 0, 42, 5, 25, 4, 22, 20, 37, 34, 39, 46, 52, 51, 3, 100, 96, 98, 11, 31, 30, 19, 24, 50, 44, 91, 84, 82, 104, 95, 88, 70, 87, 81, 94, 69, 79, 80, 72, 68, 60, 59, 73, 66, 65, 62, 33, 38, 57, 56, 49, 45]",True,11878583485,11.878583485,"[77, 55, 92, 43, 41, 27, 111, 9, 107, 114, 121, 120, 101, 106, 63, 6, 1, 2, 0, 42, 5, 25, 4, 22, 20, 37, 34, 39, 46, 52, 51, 33, 44, 38, 57, 50, 56, 49, 45, 91, 62, 73, 66, 68, 60, 94, 70, 69, 59, 79, 80, 72, 65, 3, 100, 96, 98, 11, 31, 30, 24, 19, 84, 87, 82, 81, 88, 104, 95]","[95, 104, 88, 81, 82, 87, 84, 19, 24, 30, 31, 11, 98, 96, 100, 3, 65, 72, 80, 79, 59, 69, 70, 94, 60, 68, 66, 73, 62, 91, 45, 49, 56, 50, 57, 38, 44, 33, 51, 52, 46, 39, 34, 37, 20, 22, 4, 25, 5, 42, 0, 2, 1, 6, 63, 106, 101, 120, 121, 114, 107, 9, 111, 27, 41, 43, 92, 55, 77]",False,complete,145,145,2382,0,1781,77,1704,2000,1545,1,0,lowest_first,True,2,116,25,116,27,27,25,27
2,210493,42,82,67,"[7, 8, 10, 12, 13, 14, 15, 16, 17, 18, 21, 23, 26, 28, 29, 32, 35, 36, 40, 47, 48, 53, 54, 55, 58, 61, 64, 67, 71, 74, 75, 76, 77, 78, 83, 85, 86, 89, 90, 93, 97, 99, 102, 103, 105, 108, 109, 110, 112, 115, 116, 117, 118, 119, 122, 123, 124, 125, 126, 127, 128, 129, 130, 131, 132, 133, 134, 135, 136, 137, 138, 139, 140, 141, 142, 143, 144, 145, 146, 147, 148, 149]","[0, 1, 2, 3, 4, 5, 6, 9, 11, 19, 20, 22, 24, 25, 27, 30, 31, 33, 34, 37, 38, 39, 41, 42, 43, 44, 45, 46, 49, 50, 51, 52, 56, 57, 59, 60, 62, 63, 65, 66, 68, 69, 70, 72, 73, 79, 80, 81, 82, 84, 87, 88, 91, 92, 94, 95, 96, 98, 100, 101, 104, 106, 107, 111, 114, 120, 121]","{""support_1"": 111, ""support_2"": 106}","[106, 111]",2,"[122, 17, 18, 32, 137, 138, 140, 139, 13, 14, 116, 118, 136, 112, 36, 135, 26, 28, 105, 99, 148, 115, 149, 144, 145, 147, 146, 12, 71, 58, 134, 109, 61, 78, 102, 48, 85, 93, 133, 7, 132, 40, 130, 129, 76, 74, 97, 23, 143, 131, 54, 128, 127, 83, 89, 86, 142, 75, 124, 35, 126, 47, 123, 125, 141, 117, 119, 90, 29, 53, 8, 15, 10, 16, 67, 110, 108, 64, 21, 103, 77, 55, 92, 43, 27, 41, 111, 9, 107, 114, 121, 120, 101, 106, 63, 6, 1, 2, 0, 42, 5, 25, 4, 22, 20, 37, 34, 39, 46, 52, 51, 3, 100, 96, 98, 11, 31, 30, 19, 24, 50, 44, 91, 84, 82, 104, 95, 88, 70, 87, 81, 94, 69, 79, 80, 72, 68, 60, 59, 73, 66, 65, 62, 33, 38, 57, 56, 49, 45]",True,11531222975,11.531222975,"[92, 27, 43, 41, 111, 9, 107, 114, 121, 120, 101, 106, 63, 6, 1, 2, 0, 42, 5, 25, 4, 22, 20, 37, 34, 39, 46, 52, 51, 33, 44, 38, 57, 50, 56, 49, 45, 91, 62, 73, 66, 68, 60, 94, 70, 69, 59, 79, 80, 72, 65, 19, 100, 96, 98, 24, 30, 31, 11, 3, 84, 87, 82, 81, 88, 104, 95]","[95, 104, 88, 81, 82, 87, 84, 3, 11, 31, 30, 24, 98, 96, 100, 19, 65, 72, 80, 79, 59, 69, 70, 94, 60, 68, 66, 73, 62, 91, 45, 49, 56, 50, 57, 38, 44, 33, 51, 52, 46, 39, 34, 37, 20, 22, 4, 25, 5, 42, 0, 2, 1, 6, 63, 106, 101, 120, 121, 114, 107, 9, 111, 41, 43, 27, 92]",False,complete,143,143,2307,0,1724,77,1647,2000,1545,1,0,lowest_first,True,2,113,25,113,27,27,25,27
2,210494,43,84,65,"[7, 8, 10, 12, 13, 14, 15, 16, 17, 18, 21, 23, 26, 28, 29, 32, 35, 36, 40, 43, 47, 48, 53, 54, 55, 58, 61, 64, 67, 71, 74, 75, 76, 77, 78, 83, 85, 86, 89, 90, 92, 93, 97, 99, 102, 103, 105, 108, 109, 110, 112, 115, 116, 117, 118, 119, 122, 123, 124, 125, 126, 127, 128, 129, 130, 131, 132, 133, 134, 135, 136, 137, 138, 139, 140, 141, 142, 143, 144, 145, 146, 147, 148, 149]","[0, 1, 2, 3, 4, 5, 6, 9, 11, 19, 20, 22, 24, 25, 27, 30, 31, 33, 34, 37, 38, 39, 41, 42, 44, 45, 46, 49, 50, 51, 52, 56, 57, 59, 60, 62, 63, 65, 66, 68, 69, 70, 72, 73, 79, 80, 81, 82, 84, 87, 88, 91, 94, 95, 96, 98, 100, 101, 104, 106, 107, 111, 114, 120, 121]","{""support_1"": 111, ""support_2"": 106}","[106, 111]",2,"[122, 17, 18, 32, 137, 138, 140, 139, 13, 14, 116, 118, 136, 112, 36, 135, 26, 28, 105, 99, 148, 115, 149, 144, 145, 147, 146, 12, 71, 58, 134, 109, 61, 78, 102, 48, 85, 93, 133, 7, 132, 40, 130, 129, 76, 74, 97, 23, 143, 131, 54, 128, 127, 83, 89, 86, 142, 75, 124, 35, 126, 47, 123, 125, 141, 117, 119, 90, 29, 53, 8, 15, 10, 16, 67, 110, 108, 64, 21, 103, 77, 55, 92, 43, 27, 41, 111, 9, 107, 114, 121, 120, 101, 106, 63, 6, 1, 2, 0, 42, 5, 25, 4, 22, 20, 37, 34, 39, 46, 52, 51, 3, 100, 96, 98, 11, 31, 30, 19, 24, 50, 44, 91, 84, 82, 104, 95, 88, 70, 87, 81, 94, 69, 79, 80, 72, 68, 60, 59, 73, 66, 65, 62, 33, 38, 57, 56, 49, 45]",True,11166041881,11.166041881,"[27, 41, 111, 9, 107, 114, 121, 120, 101, 106, 63, 6, 1, 2, 0, 42, 5, 25, 4, 22, 20, 37, 34, 39, 46, 52, 51, 33, 44, 38, 57, 50, 56, 49, 45, 91, 62, 73, 66, 68, 60, 94, 70, 69, 59, 79, 80, 72, 65, 3, 100, 96, 98, 11, 31, 30, 24, 19, 84, 82, 87, 81, 88, 104, 95]","[95, 104, 88, 81, 87, 82, 84, 19, 24, 30, 31, 11, 98, 96, 100, 3, 65, 72, 80, 79, 59, 69, 70, 94, 60, 68, 66, 73, 62, 91, 45, 49, 56, 50, 57, 38, 44, 33, 51, 52, 46, 39, 34, 37, 20, 22, 4, 25, 5, 42, 0, 2, 1, 6, 63, 106, 101, 120, 121, 114, 107, 9, 111, 41, 27]",False,complete,144,144,2306,0,1733,78,1655,2000,1665,2,0,lowest_first,True,2,108,25,108,27,27,25,27
2,210495,44,86,63,"[7, 8, 10, 12, 13, 14, 15, 16, 17, 18, 21, 23, 26, 27, 28, 29, 32, 35, 36, 40, 41, 43, 47, 48, 53, 54, 55, 58, 61, 64, 67, 71, 74, 75, 76, 77, 78, 83, 85, 86, 89, 90, 92, 93, 97, 99, 102, 103, 105, 108, 109, 110, 112, 115, 116, 117, 118, 119, 122, 123, 124, 125, 126, 127, 128, 129, 130, 131, 132, 133, 134, 135, 136, 137, 138, 139, 140, 141, 142, 143, 144, 145, 146, 147, 148, 149]","[0, 1, 2, 3, 4, 5, 6, 9, 11, 19, 20, 22, 24, 25, 30, 31, 33, 34, 37, 38, 39, 42, 44, 45, 46, 49, 50, 51, 52, 56, 57, 59, 60, 62, 63, 65, 66, 68, 69, 70, 72, 73, 79, 80, 81, 82, 84, 87, 88, 91, 94, 95, 96, 98, 100, 101, 104, 106, 107, 111, 114, 120, 121]","{""support_1"": 111, ""support_2"": 106}","[106, 111]",2,"[122, 17, 18, 32, 137, 138, 140, 139, 13, 14, 116, 118, 136, 112, 36, 135, 26, 28, 105, 99, 148, 115, 149, 144, 145, 147, 146, 12, 71, 58, 134, 109, 61, 78, 102, 48, 85, 93, 133, 7, 132, 40, 130, 129, 76, 74, 97, 23, 143, 131, 54, 128, 127, 83, 89, 86, 142, 75, 124, 35, 126, 47, 123, 125, 141, 117, 119, 90, 29, 53, 8, 15, 10, 16, 67, 110, 108, 64, 21, 103, 77, 55, 92, 43, 27, 41, 111, 9, 107, 114, 121, 120, 101, 106, 63, 6, 1, 2, 0, 42, 5, 25, 4, 22, 20, 37, 34, 39, 46, 52, 51, 3, 100, 96, 98, 11, 31, 30, 19, 24, 50, 44, 91, 84, 82, 104, 95, 88, 70, 87, 81, 94, 69, 79, 80, 72, 68, 60, 59, 73, 66, 65, 62, 33, 38, 57, 56, 49, 45]",True,10486054188,10.486054188,"[111, 9, 107, 114, 121, 120, 101, 106, 63, 6, 1, 2, 0, 42, 5, 25, 4, 22, 20, 37, 34, 39, 46, 52, 51, 3, 100, 96, 98, 11, 31, 30, 95, 104, 44, 24, 19, 50, 84, 82, 91, 88, 70, 87, 81, 94, 69, 79, 80, 72, 68, 60, 59, 73, 66, 65, 62, 33, 38, 57, 56, 49, 45]","[45, 49, 56, 57, 38, 33, 62, 65, 66, 73, 59, 60, 68, 72, 80, 79, 69, 94, 81, 87, 70, 88, 91, 82, 84, 50, 19, 24, 44, 104, 95, 30, 31, 11, 98, 96, 100, 3, 51, 52, 46, 39, 34, 37, 20, 22, 4, 25, 5, 42, 0, 2, 1, 6, 63, 106, 101, 120, 121, 114, 107, 9, 111]",False,complete,160,160,2256,0,1701,86,1615,2000,1700,2,0,lowest_first,True,2,107,26,107,27,27,26,28
2,210496,45,88,61,"[7, 8, 9, 10, 12, 13, 14, 15, 16, 17, 18, 21, 23, 26, 27, 28, 29, 32, 35, 36, 40, 41, 43, 47, 48, 53, 54, 55, 58, 61, 64, 67, 71, 74, 75, 76, 77, 78, 83, 85, 86, 89, 90, 92, 93, 97, 99, 102, 103, 105, 108, 109, 110, 111, 112, 115, 116, 117, 118, 119, 122, 123, 124, 125, 126, 127, 128, 129, 130, 131, 132, 133, 134, 135, 136, 137, 138, 139, 140, 141, 142, 143, 144, 145, 146, 147, 148, 149]","[0, 1, 2, 3, 4, 5, 6, 11, 19, 20, 22, 24, 25, 30, 31, 33, 34, 37, 38, 39, 42, 44, 45, 46, 49, 50, 51, 52, 56, 57, 59, 60, 62, 63, 65, 66, 68, 69, 70, 72, 73, 79, 80, 81, 82, 84, 87, 88, 91, 94, 95, 96, 98, 100, 101, 104, 106, 107, 114, 120, 121]","{""support_2"": 106}",[106],1,"[122, 17, 18, 32, 137, 138, 140, 139, 13, 14, 116, 118, 136, 112, 36, 135, 26, 28, 105, 99, 148, 115, 149, 144, 145, 147, 146, 12, 71, 58, 134, 109, 61, 78, 102, 48, 85, 93, 133, 7, 132, 40, 130, 129, 76, 74, 97, 23, 143, 131, 54, 128, 127, 83, 89, 86, 142, 75, 124, 35, 126, 47, 123, 125, 141, 117, 119, 90, 29, 53, 8, 15, 10, 16, 67, 110, 108, 64, 21, 103, 77, 55, 92, 43, 27, 41, 111, 9, 107, 114, 121, 120, 101, 106, 63, 6, 1, 2, 0, 42, 5, 25, 4, 22, 20, 37, 34, 39, 46, 52, 51, 3, 100, 96, 98, 11, 31, 30, 19, 24, 50, 44, 91, 84, 82, 104, 95, 88, 70, 87, 81, 94, 69, 79, 80, 72, 68, 60, 59, 73, 66, 65, 62, 33, 38, 57, 56, 49, 45]",True,10200128451,10.200128451,"[107, 114, 121, 120, 101, 106, 63, 6, 1, 2, 0, 42, 5, 25, 4, 22, 20, 37, 34, 39, 46, 52, 51, 33, 44, 38, 57, 50, 56, 49, 45, 91, 62, 70, 60, 68, 66, 94, 73, 69, 59, 79, 80, 72, 65, 19, 100, 96, 98, 24, 30, 31, 11, 3, 84, 87, 82, 81, 88, 104, 95]","[95, 104, 88, 81, 82, 87, 84, 3, 11, 31, 30, 24, 98, 96, 100, 19, 65, 72, 80, 79, 59, 69, 73, 94, 66, 68, 60, 70, 62, 91, 45, 49, 56, 50, 57, 38, 44, 33, 51, 52, 46, 39, 34, 37, 20, 22, 4, 25, 5, 42, 0, 2, 1, 6, 63, 106, 101, 120, 121, 114, 107]",False,complete,140,140,2170,0,1642,78,1564,2000,1663,2,0,lowest_first,True,2,102,24,102,25,25,24,25
2,210497,46,90,59,"[7, 8, 9, 10, 12, 13, 14, 15, 16, 17, 18, 21, 23, 26, 27, 28, 29, 32, 35, 36, 40, 41, 43, 47, 48, 53, 54, 55, 58, 61, 64, 67, 71, 74, 75, 76, 77, 78, 83, 85, 86, 89, 90, 92, 93, 97, 99, 102, 103, 105, 107, 108, 109, 110, 111, 112, 114, 115, 116, 117, 118, 119, 122, 123, 124, 125, 126, 127, 128, 129, 130, 131, 132, 133, 134, 135, 136, 137, 138, 139, 140, 141, 142, 143, 144, 145, 146, 147, 148, 149]","[0, 1, 2, 3, 4, 5, 6, 11, 19, 20, 22, 24, 25, 30, 31, 33, 34, 37, 38, 39, 42, 44, 45, 46, 49, 50, 51, 52, 56, 57, 59, 60, 62, 63, 65, 66, 68, 69, 70, 72, 73, 79, 80, 81, 82, 84, 87, 88, 91, 94, 95, 96, 98, 100, 101, 104, 106, 120, 121]","{""support_1"": 121, ""support_2"": 106}","[106, 121]",2,"[122, 17, 18, 32, 137, 138, 140, 139, 13, 14, 116, 118, 136, 112, 36, 135, 26, 28, 105, 99, 148, 115, 149, 144, 145, 147, 146, 12, 71, 58, 134, 109, 61, 78, 102, 48, 85, 93, 133, 7, 132, 40, 130, 129, 76, 74, 97, 23, 143, 131, 54, 128, 127, 83, 89, 86, 142, 75, 124, 35, 126, 47, 123, 125, 141, 117, 119, 90, 29, 53, 8, 15, 10, 16, 67, 110, 108, 64, 21, 103, 77, 55, 92, 43, 27, 41, 111, 9, 107, 114, 121, 120, 101, 106, 63, 6, 1, 2, 0, 42, 5, 25, 4, 22, 20, 37, 34, 39, 46, 52, 51, 3, 100, 96, 98, 11, 31, 30, 19, 24, 50, 44, 91, 84, 82, 104, 95, 88, 70, 87, 81, 94, 69, 79, 80, 72, 68, 60, 59, 73, 66, 65, 62, 33, 38, 57, 56, 49, 45]",True,9863474463,9.863474463,"[121, 120, 101, 106, 63, 6, 1, 2, 0, 42, 5, 25, 4, 22, 20, 37, 34, 39, 46, 52, 51, 33, 44, 38, 57, 50, 56, 49, 45, 91, 62, 70, 60, 68, 66, 94, 73, 69, 59, 79, 80, 72, 65, 3, 100, 96, 98, 11, 31, 30, 24, 19, 84, 82, 87, 81, 88, 104, 95]","[95, 104, 88, 81, 87, 82, 84, 19, 24, 30, 31, 11, 98, 96, 100, 3, 65, 72, 80, 79, 59, 69, 73, 94, 66, 68, 60, 70, 62, 91, 45, 49, 56, 50, 57, 38, 44, 33, 51, 52, 46, 39, 34, 37, 20, 22, 4, 25, 5, 42, 0, 2, 1, 6, 63, 106, 101, 120, 121]",False,complete,138,138,2098,0,1608,78,1530,2000,1611,2,0,lowest_first,True,2,97,23,97,24,24,23,25
2,210498,47,92,57,"[7, 8, 9, 10, 12, 13, 14, 15, 16, 17, 18, 21, 23, 26, 27, 28, 29, 32, 35, 36, 40, 41, 43, 47, 48, 53, 54, 55, 58, 61, 64, 67, 71, 74, 75, 76, 77, 78, 83, 85, 86, 89, 90, 92, 93, 97, 99, 102, 103, 105, 107, 108, 109, 110, 111, 112, 114, 115, 116, 117, 118, 119, 120, 121, 122, 123, 124, 125, 126, 127, 128, 129, 130, 131, 132, 133, 134, 135, 136, 137, 138, 139, 140, 141, 142, 143, 144, 145, 146, 147, 148, 149]","[0, 1, 2, 3, 4, 5, 6, 11, 19, 20, 22, 24, 25, 30, 31, 33, 34, 37, 38, 39, 42, 44, 45, 46, 49, 50, 51, 52, 56, 57, 59, 60, 62, 63, 65, 66, 68, 69, 70, 72, 73, 79, 80, 81, 82, 84, 87, 88, 91, 94, 95, 96, 98, 100, 101, 104, 106]","{""support_2"": 106}",[106],1,"[122, 17, 18, 32, 137, 138, 140, 139, 13, 14, 116, 118, 136, 112, 36, 135, 26, 28, 105, 99, 148, 115, 149, 144, 145, 147, 146, 12, 71, 58, 134, 109, 61, 78, 102, 48, 85, 93, 133, 7, 132, 40, 130, 129, 76, 74, 97, 23, 143, 131, 54, 128, 127, 83, 89, 86, 142, 75, 124, 35, 126, 47, 123, 125, 141, 117, 119, 90, 29, 53, 8, 15, 10, 16, 67, 110, 108, 64, 21, 103, 77, 55, 92, 43, 27, 41, 111, 9, 107, 114, 121, 120, 101, 106, 63, 6, 1, 2, 0, 42, 5, 25, 4, 22, 20, 37, 34, 39, 46, 52, 51, 3, 100, 96, 98, 11, 31, 30, 19, 24, 50, 44, 91, 84, 82, 104, 95, 88, 70, 87, 81, 94, 69, 79, 80, 72, 68, 60, 59, 73, 66, 65, 62, 33, 38, 57, 56, 49, 45]",True,9222299095,9.222299095,"[101, 106, 63, 6, 1, 2, 0, 42, 5, 25, 4, 22, 20, 37, 34, 39, 46, 52, 51, 3, 100, 96, 98, 11, 31, 30, 19, 24, 50, 44, 91, 84, 82, 104, 95, 88, 70, 87, 81, 94, 69, 79, 80, 72, 68, 60, 59, 73, 66, 65, 62, 33, 38, 57, 56, 49, 45]","[45, 49, 56, 57, 38, 33, 62, 65, 66, 73, 59, 60, 68, 72, 80, 79, 69, 94, 81, 87, 70, 88, 95, 104, 82, 84, 91, 44, 50, 24, 19, 30, 31, 11, 98, 96, 100, 3, 51, 52, 46, 39, 34, 37, 20, 22, 4, 25, 5, 42, 0, 2, 1, 6, 63, 106, 101]",True,complete,151,151,1997,0,1540,85,1455,2000,1533,1,0,lowest_first,True,2,97,23,97,24,24,23,24
2,210499,48,94,55,"[7, 8, 9, 10, 12, 13, 14, 15, 16, 17, 18, 21, 23, 26, 27, 28, 29, 32, 35, 36, 40, 41, 43, 47, 48, 53, 54, 55, 58, 61, 64, 67, 71, 74, 75, 76, 77, 78, 83, 85, 86, 89, 90, 92, 93, 97, 99, 101, 102, 103, 105, 106, 107, 108, 109, 110, 111, 112, 114, 115, 116, 117, 118, 119, 120, 121, 122, 123, 124, 125, 126, 127, 128, 129, 130, 131, 132, 133, 134, 135, 136, 137, 138, 139, 140, 141, 142, 143, 144, 145, 146, 147, 148, 149]","[0, 1, 2, 3, 4, 5, 6, 11, 19, 20, 22, 24, 25, 30, 31, 33, 34, 37, 38, 39, 42, 44, 45, 46, 49, 50, 51, 52, 56, 57, 59, 60, 62, 63, 65, 66, 68, 69, 70, 72, 73, 79, 80, 81, 82, 84, 87, 88, 91, 94, 95, 96, 98, 100, 104]","{""support_1"": 84}",[84],1,"[122, 17, 18, 32, 137, 138, 140, 139, 13, 14, 116, 118, 136, 112, 36, 135, 26, 28, 105, 99, 148, 115, 149, 144, 145, 147, 146, 12, 71, 58, 134, 109, 61, 78, 102, 48, 85, 93, 133, 7, 132, 40, 130, 129, 76, 74, 97, 23, 143, 131, 54, 128, 127, 83, 89, 86, 142, 75, 124, 35, 126, 47, 123, 125, 141, 117, 119, 90, 29, 53, 8, 15, 10, 16, 67, 110, 108, 64, 21, 103, 77, 55, 92, 43, 27, 41, 111, 9, 107, 114, 121, 120, 101, 106, 63, 6, 1, 2, 0, 42, 5, 25, 4, 22, 20, 37, 34, 39, 46, 52, 51, 3, 100, 96, 98, 11, 31, 30, 19, 24, 50, 44, 91, 84, 82, 104, 95, 88, 70, 87, 81, 94, 69, 79, 80, 72, 68, 60, 59, 73, 66, 65, 62, 33, 38, 57, 56, 49, 45]",True,8741223960,8.741223960,"[63, 6, 1, 2, 0, 42, 5, 25, 4, 22, 20, 37, 34, 39, 46, 52, 51, 33, 44, 38, 57, 50, 56, 49, 45, 91, 62, 70, 60, 68, 66, 94, 73, 69, 59, 79, 80, 72, 65, 3, 100, 96, 98, 11, 31, 30, 24, 19, 84, 82, 87, 81, 88, 104, 95]","[95, 104, 88, 81, 87, 82, 84, 19, 24, 30, 31, 11, 98, 96, 100, 3, 65, 72, 80, 79, 59, 69, 73, 94, 66, 68, 60, 70, 62, 91, 45, 49, 56, 50, 57, 38, 44, 33, 51, 52, 46, 39, 34, 37, 20, 22, 4, 25, 5, 42, 0, 2, 1, 6, 63]",False,complete,131,131,1897,0,1486,77,1409,2000,1489,1,0,lowest_first,True,2,92,21,92,22,22,21,22
2,210500,49,96,53,"[6, 7, 8, 9, 10, 12, 13, 14, 15, 16, 17, 18, 21, 23, 26, 27, 28, 29, 32, 35, 36, 40, 41, 43, 47, 48, 53, 54, 55, 58, 61, 63, 64, 67, 71, 74, 75, 76, 77, 78, 83, 85, 86, 89, 90, 92, 93, 97, 99, 101, 102, 103, 105, 106, 107, 108, 109, 110, 111, 112, 114, 115, 116, 117, 118, 119, 120, 121, 122, 123, 124, 125, 126, 127, 128, 129, 130, 131, 132, 133, 134, 135, 136, 137, 138, 139, 140, 141, 142, 143, 144, 145, 146, 147, 148, 149]","[0, 1, 2, 3, 4, 5, 11, 19, 20, 22, 24, 25, 30, 31, 33, 34, 37, 38, 39, 42, 44, 45, 46, 49, 50, 51, 52, 56, 57, 59, 60, 62, 65, 66, 68, 69, 70, 72, 73, 79, 80, 81, 82, 84, 87, 88, 91, 94, 95, 96, 98, 100, 104]","{""support_1"": 84, ""support_2"": 2}","[2, 84]",2,"[122, 17, 18, 32, 137, 138, 140, 139, 13, 14, 116, 118, 136, 112, 36, 135, 26, 28, 105, 99, 148, 115, 149, 144, 145, 147, 146, 12, 71, 58, 134, 109, 61, 78, 102, 48, 85, 93, 133, 7, 132, 40, 130, 129, 76, 74, 97, 23, 143, 131, 54, 128, 127, 83, 89, 86, 142, 75, 124, 35, 126, 47, 123, 125, 141, 117, 119, 90, 29, 53, 8, 15, 10, 16, 67, 110, 108, 64, 21, 103, 77, 55, 92, 43, 27, 41, 111, 9, 107, 114, 121, 120, 101, 106, 63, 6, 1, 2, 0, 42, 5, 25, 4, 22, 20, 37, 34, 39, 46, 52, 51, 3, 100, 96, 98, 11, 31, 30, 19, 24, 50, 44, 91, 84, 82, 104, 95, 88, 70, 87, 81, 94, 69, 79, 80, 72, 68, 60, 59, 73, 66, 65, 62, 33, 38, 57, 56, 49, 45]",True,8704900228,8.704900228,"[1, 2, 0, 42, 5, 25, 4, 22, 20, 37, 34, 39, 46, 52, 51, 3, 100, 96, 98, 11, 31, 30, 33, 44, 24, 19, 38, 57, 50, 56, 49, 45, 91, 62, 73, 66, 68, 84, 82, 104, 95, 88, 70, 60, 87, 81, 94, 65, 72, 80, 79, 69, 59]","[59, 69, 79, 80, 72, 65, 94, 81, 87, 60, 70, 88, 95, 104, 82, 84, 68, 66, 73, 62, 91, 45, 49, 56, 50, 57, 38, 19, 24, 44, 33, 30, 31, 11, 98, 96, 100, 3, 51, 52, 46, 39, 34, 37, 20, 22, 4, 25, 5, 42, 0, 2, 1]",False,complete,150,150,1874,0,1491,86,1405,2000,1606,2,0,lowest_first,True,2,91,20,91,22,22,20,22
2,210501,50,98,51,"[1, 2, 6, 7, 8, 9, 10, 12, 13, 14, 15, 16, 17, 18, 21, 23, 26, 27, 28, 29, 32, 35, 36, 40, 41, 43, 47, 48, 53, 54, 55, 58, 61, 63, 64, 67, 71, 74, 75, 76, 77, 78, 83, 85, 86, 89, 90, 92, 93, 97, 99, 101, 102, 103, 105, 106, 107, 108, 109, 110, 111, 112, 114, 115, 116, 117, 118, 119, 120, 121, 122, 123, 124, 125, 126, 127, 128, 129, 130, 131, 132, 133, 134, 135, 136, 137, 138, 139, 140, 141, 142, 143, 144, 145, 146, 147, 148, 149]","[0, 3, 4, 5, 11, 19, 20, 22, 24, 25, 30, 31, 33, 34, 37, 38, 39, 42, 44, 45, 46, 49, 50, 51, 52, 56, 57, 59, 60, 62, 65, 66, 68, 69, 70, 72, 73, 79, 80, 81, 82, 84, 87, 88, 91, 94, 95, 96, 98, 100, 104]","{""support_1"": 84}",[84],1,"[122, 17, 18, 32, 137, 138, 140, 139, 13, 14, 116, 118, 136, 112, 36, 135, 26, 28, 105, 99, 148, 115, 149, 144, 145, 147, 146, 12, 71, 58, 134, 109, 61, 78, 102, 48, 85, 93, 133, 7, 132, 40, 130, 129, 76, 74, 97, 23, 143, 131, 54, 128, 127, 83, 89, 86, 142, 75, 124, 35, 126, 47, 123, 125, 141, 117, 119, 90, 29, 53, 8, 15, 10, 16, 67, 110, 108, 64, 21, 103, 77, 55, 92, 43, 27, 41, 111, 9, 107, 114, 121, 120, 101, 106, 63, 6, 1, 2, 0, 42, 5, 25, 4, 22, 20, 37, 34, 39, 46, 52, 51, 3, 100, 96, 98, 11, 31, 30, 19, 24, 50, 44, 91, 84, 82, 104, 95, 88, 70, 87, 81, 94, 69, 79, 80, 72, 68, 60, 59, 73, 66, 65, 62, 33, 38, 57, 56, 49, 45]",True,8844720364,8.844720364,"[0, 42, 5, 25, 4, 22, 20, 37, 34, 39, 46, 52, 51, 33, 44, 38, 57, 50, 56, 49, 45, 91, 62, 73, 66, 68, 60, 94, 70, 69, 59, 79, 80, 72, 65, 3, 100, 96, 98, 11, 31, 30, 24, 19, 84, 87, 82, 81, 88, 104, 95]","[95, 104, 88, 81, 82, 87, 84, 19, 24, 30, 31, 11, 98, 96, 100, 3, 65, 72, 80, 79, 59, 69, 70, 94, 60, 68, 66, 73, 62, 91, 45, 49, 56, 50, 57, 38, 44, 33, 51, 52, 46, 39, 34, 37, 20, 22, 4, 25, 5, 42, 0]",False,complete,130,130,1820,0,1506,78,1428,2000,1565,2,0,lowest_first,True,2,86,20,86,21,21,20,21
2,210502,51,100,49,"[0, 1, 2, 6, 7, 8, 9, 10, 12, 13, 14, 15, 16, 17, 18, 21, 23, 26, 27, 28, 29, 32, 35, 36, 40, 41, 42, 43, 47, 48, 53, 54, 55, 58, 61, 63, 64, 67, 71, 74, 75, 76, 77, 78, 83, 85, 86, 89, 90, 92, 93, 97, 99, 101, 102, 103, 105, 106, 107, 108, 109, 110, 111, 112, 114, 115, 116, 117, 118, 119, 120, 121, 122, 123, 124, 125, 126, 127, 128, 129, 130, 131, 132, 133, 134, 135, 136, 137, 138, 139, 140, 141, 142, 143, 144, 145, 146, 147, 148, 149]","[3, 4, 5, 11, 19, 20, 22, 24, 25, 30, 31, 33, 34, 37, 38, 39, 44, 45, 46, 49, 50, 51, 52, 56, 57, 59, 60, 62, 65, 66, 68, 69, 70, 72, 73, 79, 80, 81, 82, 84, 87, 88, 91, 94, 95, 96, 98, 100, 104]","{""support_1"": 84, ""support_2"": 5}","[5, 84]",2,"[122, 17, 18, 32, 137, 138, 140, 139, 13, 14, 116, 118, 136, 112, 36, 135, 26, 28, 105, 99, 148, 115, 149, 144, 145, 147, 146, 12, 71, 58, 134, 109, 61, 78, 102, 48, 85, 93, 133, 7, 132, 40, 130, 129, 76, 74, 97, 23, 143, 131, 54, 128, 127, 83, 89, 86, 142, 75, 124, 35, 126, 47, 123, 125, 141, 117, 119, 90, 29, 53, 8, 15, 10, 16, 67, 110, 108, 64, 21, 103, 77, 55, 92, 43, 27, 41, 111, 9, 107, 114, 121, 120, 101, 106, 63, 6, 1, 2, 0, 42, 5, 25, 4, 22, 20, 37, 34, 39, 46, 52, 51, 3, 100, 96, 98, 11, 31, 30, 19, 24, 50, 44, 91, 84, 82, 104, 95, 88, 70, 87, 81, 94, 69, 79, 80, 72, 68, 60, 59, 73, 66, 65, 62, 33, 38, 57, 56, 49, 45]",True,8619792624,8.619792624,"[5, 25, 4, 22, 20, 37, 34, 39, 46, 52, 51, 33, 44, 38, 57, 50, 56, 49, 45, 91, 62, 73, 66, 68, 60, 94, 70, 69, 59, 79, 80, 72, 65, 19, 100, 96, 98, 24, 30, 31, 11, 3, 84, 82, 87, 81, 88, 104, 95]","[95, 104, 88, 81, 87, 82, 84, 3, 11, 31, 30, 24, 98, 96, 100, 19, 65, 72, 80, 79, 59, 69, 70, 94, 60, 68, 66, 73, 62, 91, 45, 49, 56, 50, 57, 38, 44, 33, 51, 52, 46, 39, 34, 37, 20, 22, 4, 25, 5]",False,complete,128,128,1737,0,1477,78,1399,2000,1522,2,0,lowest_first,True,2,84,19,84,20,20,19,21
2,210503,52,102,47,"[0, 1, 2, 5, 6, 7, 8, 9, 10, 12, 13, 14, 15, 16, 17, 18, 21, 23, 25, 26, 27, 28, 29, 32, 35, 36, 40, 41, 42, 43, 47, 48, 53, 54, 55, 58, 61, 63, 64, 67, 71, 74, 75, 76, 77, 78, 83, 85, 86, 89, 90, 92, 93, 97, 99, 101, 102, 103, 105, 106, 107, 108, 109, 110, 111, 112, 114, 115, 116, 117, 118, 119, 120, 121, 122, 123, 124, 125, 126, 127, 128, 129, 130, 131, 132, 133, 134, 135, 136, 137, 138, 139, 140, 141, 142, 143, 144, 145, 146, 147, 148, 149]","[3, 4, 11, 19, 20, 22, 24, 30, 31, 33, 34, 37, 38, 39, 44, 45, 46, 49, 50, 51, 52, 56, 57, 59, 60, 62, 65, 66, 68, 69, 70, 72, 73, 79, 80, 81, 82, 84, 87, 88, 91, 94, 95, 96, 98, 100, 104]","{""support_1"": 84, ""support_2"": 22}","[22, 84]",2,"[122, 17, 18, 32, 137, 138, 140, 139, 13, 14, 116, 118, 136, 112, 36, 135, 26, 28, 105, 99, 148, 115, 149, 144, 145, 147, 146, 12, 71, 58, 134, 109, 61, 78, 102, 48, 85, 93, 133, 7, 132, 40, 130, 129, 76, 74, 97, 23, 143, 131, 54, 128, 127, 83, 89, 86, 142, 75, 124, 35, 126, 47, 123, 125, 141, 117, 119, 90, 29, 53, 8, 15, 10, 16, 67, 110, 108, 64, 21, 103, 77, 55, 92, 43, 27, 41, 111, 9, 107, 114, 121, 120, 101, 106, 63, 6, 1, 2, 0, 42, 5, 25, 4, 22, 20, 37, 34, 39, 46, 52, 51, 3, 100, 96, 98, 11, 31, 30, 19, 24, 50, 44, 91, 84, 82, 104, 95, 88, 70, 87, 81, 94, 69, 79, 80, 72, 68, 60, 59, 73, 66, 65, 62, 33, 38, 57, 56, 49, 45]",True,7958265121,7.958265121,"[4, 22, 20, 37, 34, 39, 46, 52, 51, 3, 100, 96, 98, 11, 31, 30, 19, 24, 50, 44, 91, 84, 82, 104, 95, 88, 70, 87, 81, 94, 69, 79, 80, 72, 68, 60, 59, 73, 66, 65, 62, 33, 38, 57, 56, 49, 45]","[45, 49, 56, 57, 38, 33, 62, 65, 66, 73, 59, 60, 68, 72, 80, 79, 69, 94, 81, 87, 70, 88, 95, 104, 82, 84, 91, 44, 50, 24, 19, 30, 31, 11, 98, 96, 100, 3, 51, 52, 46, 39, 34, 37, 20, 22, 4]",True,complete,141,141,1652,0,1415,85,1330,2000,1435,1,0,lowest_first,True,2,82,19,82,21,21,19,21
2,210504,53,104,45,"[0, 1, 2, 4, 5, 6, 7, 8, 9, 10, 12, 13, 14, 15, 16, 17, 18, 21, 22, 23, 25, 26, 27, 28, 29, 32, 35, 36, 40, 41, 42, 43, 47, 48, 53, 54, 55, 58, 61, 63, 64, 67, 71, 74, 75, 76, 77, 78, 83, 85, 86, 89, 90, 92, 93, 97, 99, 101, 102, 103, 105, 106, 107, 108, 109, 110, 111, 112, 114, 115, 116, 117, 118, 119, 120, 121, 122, 123, 124, 125, 126, 127, 128, 129, 130, 131, 132, 133, 134, 135, 136, 137, 138, 139, 140, 141, 142, 143, 144, 145, 146, 147, 148, 149]","[3, 11, 19, 20, 24, 30, 31, 33, 34, 37, 38, 39, 44, 45, 46, 49, 50, 51, 52, 56, 57, 59, 60, 62, 65, 66, 68, 69, 70, 72, 73, 79, 80, 81, 82, 84, 87, 88, 91, 94, 95, 96, 98, 100, 104]","{""support_1"": 84, ""support_2"": 37}","[37, 84]",2,"[122, 17, 18, 32, 137, 138, 140, 139, 13, 14, 116, 118, 136, 112, 36, 135, 26, 28, 105, 99, 148, 115, 149, 144, 145, 147, 146, 12, 71, 58, 134, 109, 61, 78, 102, 48, 85, 93, 133, 7, 132, 40, 130, 129, 76, 74, 97, 23, 143, 131, 54, 128, 127, 83, 89, 86, 142, 75, 124, 35, 126, 47, 123, 125, 141, 117, 119, 90, 29, 53, 8, 15, 10, 16, 67, 110, 108, 64, 21, 103, 77, 55, 92, 43, 27, 41, 111, 9, 107, 114, 121, 120, 101, 106, 63, 6, 1, 2, 0, 42, 5, 25, 4, 22, 20, 37, 34, 39, 46, 52, 51, 3, 100, 96, 98, 11, 31, 30, 19, 24, 50, 44, 91, 84, 82, 104, 95, 88, 70, 87, 81, 94, 69, 79, 80, 72, 68, 60, 59, 73, 66, 65, 62, 33, 38, 57, 56, 49, 45]",True,8044770759,8.044770759,"[20, 37, 34, 39, 46, 52, 51, 33, 44, 38, 57, 50, 56, 49, 45, 91, 62, 70, 60, 68, 66, 94, 73, 69, 59, 79, 80, 72, 65, 3, 100, 96, 98, 11, 31, 30, 24, 19, 84, 87, 82, 81, 88, 104, 95]","[95, 104, 88, 81, 82, 87, 84, 19, 24, 30, 31, 11, 98, 96, 100, 3, 65, 72, 80, 79, 59, 69, 73, 94, 66, 68, 60, 70, 62, 91, 45, 49, 56, 50, 57, 38, 44, 33, 51, 52, 46, 39, 34, 37, 20]",False,complete,124,124,1645,0,1425,78,1347,2000,1512,2,0,lowest_first,True,2,75,17,75,19,19,17,19
2,210505,54,106,43,"[0, 1, 2, 4, 5, 6, 7, 8, 9, 10, 12, 13, 14, 15, 16, 17, 18, 20, 21, 22, 23, 25, 26, 27, 28, 29, 32, 35, 36, 37, 40, 41, 42, 43, 47, 48, 53, 54, 55, 58, 61, 63, 64, 67, 71, 74, 75, 76, 77, 78, 83, 85, 86, 89, 90, 92, 93, 97, 99, 101, 102, 103, 105, 106, 107, 108, 109, 110, 111, 112, 114, 115, 116, 117, 118, 119, 120, 121, 122, 123, 124, 125, 126, 127, 128, 129, 130, 131, 132, 133, 134, 135, 136, 137, 138, 139, 140, 141, 142, 143, 144, 145, 146, 147, 148, 149]","[3, 11, 19, 24, 30, 31, 33, 34, 38, 39, 44, 45, 46, 49, 50, 51, 52, 56, 57, 59, 60, 62, 65, 66, 68, 69, 70, 72, 73, 79, 80, 81, 82, 84, 87, 88, 91, 94, 95, 96, 98, 100, 104]","{""support_1"": 84, ""support_2"": 34}","[34, 84]",2,"[122, 17, 18, 32, 137, 138, 140, 139, 13, 14, 116, 118, 136, 112, 36, 135, 26, 28, 105, 99, 148, 115, 149, 144, 145, 147, 146, 12, 71, 58, 134, 109, 61, 78, 102, 48, 85, 93, 133, 7, 132, 40, 130, 129, 76, 74, 97, 23, 143, 131, 54, 128, 127, 83, 89, 86, 142, 75, 124, 35, 126, 47, 123, 125, 141, 117, 119, 90, 29, 53, 8, 15, 10, 16, 67, 110, 108, 64, 21, 103, 77, 55, 92, 43, 27, 41, 111, 9, 107, 114, 121, 120, 101, 106, 63, 6, 1, 2, 0, 42, 5, 25, 4, 22, 20, 37, 34, 39, 46, 52, 51, 3, 100, 96, 98, 11, 31, 30, 19, 24, 50, 44, 91, 84, 82, 104, 95, 88, 70, 87, 81, 94, 69, 79, 80, 72, 68, 60, 59, 73, 66, 65, 62, 33, 38, 57, 56, 49, 45]",True,7179076383,7.179076383,"[34, 39, 46, 52, 51, 3, 100, 96, 98, 11, 31, 30, 95, 104, 44, 24, 19, 50, 84, 82, 91, 88, 70, 87, 81, 94, 69, 79, 80, 72, 68, 60, 59, 73, 66, 65, 62, 33, 38, 57, 56, 49, 45]","[45, 49, 56, 57, 38, 33, 62, 65, 66, 73, 59, 60, 68, 72, 80, 79, 69, 94, 81, 87, 70, 88, 91, 82, 84, 50, 19, 24, 44, 104, 95, 30, 31, 11, 98, 96, 100, 3, 51, 52, 46, 39, 34]",False,complete,131,131,1484,0,1295,83,1212,2000,1324,1,0,lowest_first,True,2,74,17,74,18,18,17,19
2,210506,55,108,41,"[0, 1, 2, 4, 5, 6, 7, 8, 9, 10, 12, 13, 14, 15, 16, 17, 18, 20, 21, 22, 23, 25, 26, 27, 28, 29, 32, 34, 35, 36, 37, 39, 40, 41, 42, 43, 47, 48, 53, 54, 55, 58, 61, 63, 64, 67, 71, 74, 75, 76, 77, 78, 83, 85, 86, 89, 90, 92, 93, 97, 99, 101, 102, 103, 105, 106, 107, 108, 109, 110, 111, 112, 114, 115, 116, 117, 118, 119, 120, 121, 122, 123, 124, 125, 126, 127, 128, 129, 130, 131, 132, 133, 134, 135, 136, 137, 138, 139, 140, 141, 142, 143, 144, 145, 146, 147, 148, 149]","[3, 11, 19, 24, 30, 31, 33, 38, 44, 45, 46, 49, 50, 51, 52, 56, 57, 59, 60, 62, 65, 66, 68, 69, 70, 72, 73, 79, 80, 81, 82, 84, 87, 88, 91, 94, 95, 96, 98, 100, 104]","{""support_1"": 84, ""support_2"": 52}","[52, 84]",2,"[122, 17, 18, 32, 137, 138, 140, 139, 13, 14, 116, 118, 136, 112, 36, 135, 26, 28, 105, 99, 148, 115, 149, 144, 145, 147, 146, 12, 71, 58, 134, 109, 61, 78, 102, 48, 85, 93, 133, 7, 132, 40, 130, 129, 76, 74, 97, 23, 143, 131, 54, 128, 127, 83, 89, 86, 142, 75, 124, 35, 126, 47, 123, 125, 141, 117, 119, 90, 29, 53, 8, 15, 10, 16, 67, 110, 108, 64, 21, 103, 77, 55, 92, 43, 27, 41, 111, 9, 107, 114, 121, 120, 101, 106, 63, 6, 1, 2, 0, 42, 5, 25, 4, 22, 20, 37, 34, 39, 46, 52, 51, 3, 100, 96, 98, 11, 31, 30, 19, 24, 50, 44, 91, 84, 82, 104, 95, 88, 70, 87, 81, 94, 69, 79, 80, 72, 68, 60, 59, 73, 66, 65, 62, 33, 38, 57, 56, 49, 45]",True,4698994907,4.698994907,"[46, 52, 51, 3, 100, 96, 98, 11, 31, 30, 33, 44, 24, 19, 38, 57, 50, 56, 49, 45, 91, 62, 73, 66, 68, 84, 82, 104, 95, 88, 70, 60, 87, 81, 94, 65, 72, 80, 79, 69, 59]","[59, 69, 79, 80, 72, 65, 94, 81, 87, 60, 70, 88, 95, 104, 82, 84, 68, 66, 73, 62, 91, 45, 49, 56, 50, 57, 38, 19, 24, 44, 33, 30, 31, 11, 98, 96, 100, 3, 51, 52, 46]",False,complete,98,98,1121,0,890,54,836,1852,1016,3,0,lowest_first,True,2,69,14,69,16,16,14,16
2,210507,56,110,39,"[0, 1, 2, 4, 5, 6, 7, 8, 9, 10, 12, 13, 14, 15, 16, 17, 18, 20, 21, 22, 23, 25, 26, 27, 28, 29, 32, 34, 35, 36, 37, 39, 40, 41, 42, 43, 46, 47, 48, 52, 53, 54, 55, 58, 61, 63, 64, 67, 71, 74, 75, 76, 77, 78, 83, 85, 86, 89, 90, 92, 93, 97, 99, 101, 102, 103, 105, 106, 107, 108, 109, 110, 111, 112, 114, 115, 116, 117, 118, 119, 120, 121, 122, 123, 124, 125, 126, 127, 128, 129, 130, 131, 132, 133, 134, 135, 136, 137, 138, 139, 140, 141, 142, 143, 144, 145, 146, 147, 148, 149]","[3, 11, 19, 24, 30, 31, 33, 38, 44, 45, 49, 50, 51, 56, 57, 59, 60, 62, 65, 66, 68, 69, 70, 72, 73, 79, 80, 81, 82, 84, 87, 88, 91, 94, 95, 96, 98, 100, 104]","{""support_1"": 84, ""support_2"": 51}","[51, 84]",2,"[122, 17, 18, 32, 137, 138, 140, 139, 13, 14, 116, 118, 136, 112, 36, 135, 26, 28, 105, 99, 148, 115, 149, 144, 145, 147, 146, 12, 71, 58, 134, 109, 61, 78, 102, 48, 85, 93, 133, 7, 132, 40, 130, 129, 76, 74, 97, 23, 143, 131, 54, 128, 127, 83, 89, 86, 142, 75, 124, 35, 126, 47, 123, 125, 141, 117, 119, 90, 29, 53, 8, 15, 10, 16, 67, 110, 108, 64, 21, 103, 77, 55, 92, 43, 27, 41, 111, 9, 107, 114, 121, 120, 101, 106, 63, 6, 1, 2, 0, 42, 5, 25, 4, 22, 20, 37, 34, 39, 46, 52, 51, 3, 100, 96, 98, 11, 31, 30, 19, 24, 50, 44, 91, 84, 82, 104, 95, 88, 70, 87, 81, 94, 69, 79, 80, 72, 68, 60, 59, 73, 66, 65, 62, 33, 38, 57, 56, 49, 45]",True,1592489719,1.592489719,"[51, 33, 44, 38, 57, 50, 56, 49, 45, 91, 62, 70, 60, 68, 66, 94, 73, 69, 59, 79, 80, 72, 65, 19, 100, 96, 98, 24, 30, 31, 11, 3, 84, 82, 87, 81, 88, 104, 95]","[95, 104, 88, 81, 87, 82, 84, 3, 11, 31, 30, 24, 98, 96, 100, 19, 65, 72, 80, 79, 59, 69, 73, 94, 66, 68, 60, 70, 62, 91, 45, 49, 56, 50, 57, 38, 44, 33, 51]",False,complete,44,44,546,0,352,2,350,538,188,0,0,lowest_first,True,2,64,13,64,14,14,13,15
2,210508,57,112,37,"[0, 1, 2, 3, 4, 5, 6, 7, 8, 9, 10, 12, 13, 14, 15, 16, 17, 18, 20, 21, 22, 23, 25, 26, 27, 28, 29, 32, 34, 35, 36, 37, 39, 40, 41, 42, 43, 46, 47, 48, 51, 52, 53, 54, 55, 58, 61, 63, 64, 67, 71, 74, 75, 76, 77, 78, 83, 85, 86, 89, 90, 92, 93, 97, 99, 101, 102, 103, 105, 106, 107, 108, 109, 110, 111, 112, 114, 115, 116, 117, 118, 119, 120, 121, 122, 123, 124, 125, 126, 127, 128, 129, 130, 131, 132, 133, 134, 135, 136, 137, 138, 139, 140, 141, 142, 143, 144, 145, 146, 147, 148, 149]","[11, 19, 24, 30, 31, 33, 38, 44, 45, 49, 50, 56, 57, 59, 60, 62, 65, 66, 68, 69, 70, 72, 73, 79, 80, 81, 82, 84, 87, 88, 91, 94, 95, 96, 98, 100, 104]","{""support_1"": 84, ""support_2"": 98}","[84, 98]",2,"[122, 17, 18, 32, 137, 138, 140, 139, 13, 14, 116, 118, 136, 112, 36, 135, 26, 28, 105, 99, 148, 115, 149, 144, 145, 147, 146, 12, 71, 58, 134, 109, 61, 78, 102, 48, 85, 93, 133, 7, 132, 40, 130, 129, 76, 74, 97, 23, 143, 131, 54, 128, 127, 83, 89, 86, 142, 75, 124, 35, 126, 47, 123, 125, 141, 117, 119, 90, 29, 53, 8, 15, 10, 16, 67, 110, 108, 64, 21, 103, 77, 55, 92, 43, 27, 41, 111, 9, 107, 114, 121, 120, 101, 106, 63, 6, 1, 2, 0, 42, 5, 25, 4, 22, 20, 37, 34, 39, 46, 52, 51, 3, 100, 96, 98, 11, 31, 30, 19, 24, 50, 44, 91, 84, 82, 104, 95, 88, 70, 87, 81, 94, 69, 79, 80, 72, 68, 60, 59, 73, 66, 65, 62, 33, 38, 57, 56, 49, 45]",True,1127263986,1.127263986,"[100, 96, 98, 11, 31, 30, 19, 24, 50, 44, 91, 84, 82, 104, 95, 88, 70, 87, 81, 94, 69, 79, 80, 72, 68, 60, 59, 73, 66, 65, 62, 33, 38, 57, 56, 49, 45]","[45, 49, 56, 57, 38, 33, 62, 65, 66, 73, 59, 60, 68, 72, 80, 79, 69, 94, 81, 87, 70, 88, 95, 104, 82, 84, 91, 44, 50, 24, 19, 30, 31, 11, 98, 96, 100]",True,complete,49,49,452,0,286,5,281,358,77,0,0,lowest_first,True,2,63,13,63,15,15,13,15
2,210509,58,114,35,"[0, 1, 2, 3, 4, 5, 6, 7, 8, 9, 10, 12, 13, 14, 15, 16, 17, 18, 20, 21, 22, 23, 25, 26, 27, 28, 29, 32, 34, 35, 36, 37, 39, 40, 41, 42, 43, 46, 47, 48, 51, 52, 53, 54, 55, 58, 61, 63, 64, 67, 71, 74, 75, 76, 77, 78, 83, 85, 86, 89, 90, 92, 93, 96, 97, 99, 100, 101, 102, 103, 105, 106, 107, 108, 109, 110, 111, 112, 114, 115, 116, 117, 118, 119, 120, 121, 122, 123, 124, 125, 126, 127, 128, 129, 130, 131, 132, 133, 134, 135, 136, 137, 138, 139, 140, 141, 142, 143, 144, 145, 146, 147, 148, 149]","[11, 19, 24, 30, 31, 33, 38, 44, 45, 49, 50, 56, 57, 59, 60, 62, 65, 66, 68, 69, 70, 72, 73, 79, 80, 81, 82, 84, 87, 88, 91, 94, 95, 98, 104]","{""support_1"": 84, ""support_2"": 98}","[84, 98]",2,"[122, 17, 18, 32, 137, 138, 140, 139, 13, 14, 116, 118, 136, 112, 36, 135, 26, 28, 105, 99, 148, 115, 149, 144, 145, 147, 146, 12, 71, 58, 134, 109, 61, 78, 102, 48, 85, 93, 133, 7, 132, 40, 130, 129, 76, 74, 97, 23, 143, 131, 54, 128, 127, 83, 89, 86, 142, 75, 124, 35, 126, 47, 123, 125, 141, 117, 119, 90, 29, 53, 8, 15, 10, 16, 67, 110, 108, 64, 21, 103, 77, 55, 92, 43, 27, 41, 111, 9, 107, 114, 121, 120, 101, 106, 63, 6, 1, 2, 0, 42, 5, 25, 4, 22, 20, 37, 34, 39, 46, 52, 51, 3, 100, 96, 98, 11, 31, 30, 19, 24, 50, 44, 91, 84, 82, 104, 95, 88, 70, 87, 81, 94, 69, 79, 80, 72, 68, 60, 59, 73, 66, 65, 62, 33, 38, 57, 56, 49, 45]",True,1064159687,1.064159687,"[98, 11, 31, 30, 95, 104, 44, 24, 19, 50, 84, 82, 91, 88, 70, 87, 81, 94, 69, 79, 80, 72, 68, 60, 59, 73, 66, 65, 62, 33, 38, 57, 56, 49, 45]","[45, 49, 56, 57, 38, 33, 62, 65, 66, 73, 59, 60, 68, 72, 80, 79, 69, 94, 81, 87, 70, 88, 91, 82, 84, 50, 19, 24, 44, 104, 95, 30, 31, 11, 98]",False,complete,47,47,408,0,275,5,270,342,72,0,0,lowest_first,True,2,59,13,59,14,14,13,15
2,210510,59,116,33,"[0, 1, 2, 3, 4, 5, 6, 7, 8, 9, 10, 11, 12, 13, 14, 15, 16, 17, 18, 20, 21, 22, 23, 25, 26, 27, 28, 29, 32, 34, 35, 36, 37, 39, 40, 41, 42, 43, 46, 47, 48, 51, 52, 53, 54, 55, 58, 61, 63, 64, 67, 71, 74, 75, 76, 77, 78, 83, 85, 86, 89, 90, 92, 93, 96, 97, 98, 99, 100, 101, 102, 103, 105, 106, 107, 108, 109, 110, 111, 112, 114, 115, 116, 117, 118, 119, 120, 121, 122, 123, 124, 125, 126, 127, 128, 129, 130, 131, 132, 133, 134, 135, 136, 137, 138, 139, 140, 141, 142, 143, 144, 145, 146, 147, 148, 149]","[19, 24, 30, 31, 33, 38, 44, 45, 49, 50, 56, 57, 59, 60, 62, 65, 66, 68, 69, 70, 72, 73, 79, 80, 81, 82, 84, 87, 88, 91, 94, 95, 104]","{""support_1"": 84, ""support_2"": 31}","[31, 84]",2,"[122, 17, 18, 32, 137, 138, 140, 139, 13, 14, 116, 118, 136, 112, 36, 135, 26, 28, 105, 99, 148, 115, 149, 144, 145, 147, 146, 12, 71, 58, 134, 109, 61, 78, 102, 48, 85, 93, 133, 7, 132, 40, 130, 129, 76, 74, 97, 23, 143, 131, 54, 128, 127, 83, 89, 86, 142, 75, 124, 35, 126, 47, 123, 125, 141, 117, 119, 90, 29, 53, 8, 15, 10, 16, 67, 110, 108, 64, 21, 103, 77, 55, 92, 43, 27, 41, 111, 9, 107, 114, 121, 120, 101, 106, 63, 6, 1, 2, 0, 42, 5, 25, 4, 22, 20, 37, 34, 39, 46, 52, 51, 3, 100, 96, 98, 11, 31, 30, 19, 24, 50, 44, 91, 84, 82, 104, 95, 88, 70, 87, 81, 94, 69, 79, 80, 72, 68, 60, 59, 73, 66, 65, 62, 33, 38, 57, 56, 49, 45]",True,836726708,0.836726708,"[31, 30, 95, 104, 44, 24, 19, 50, 84, 82, 91, 88, 70, 87, 81, 94, 69, 79, 80, 72, 68, 60, 59, 73, 66, 65, 62, 33, 38, 57, 56, 49, 45]","[45, 49, 56, 57, 38, 33, 62, 65, 66, 73, 59, 60, 68, 72, 80, 79, 69, 94, 81, 87, 70, 88, 91, 82, 84, 50, 19, 24, 44, 104, 95, 30, 31]",False,complete,52,52,359,0,242,8,234,281,47,0,0,lowest_first,True,2,55,12,55,13,13,12,14
2,210511,60,118,31,"[0, 1, 2, 3, 4, 5, 6, 7, 8, 9, 10, 11, 12, 13, 14, 15, 16, 17, 18, 20, 21, 22, 23, 25, 26, 27, 28, 29, 30, 31, 32, 34, 35, 36, 37, 39, 40, 41, 42, 43, 46, 47, 48, 51, 52, 53, 54, 55, 58, 61, 63, 64, 67, 71, 74, 75, 76, 77, 78, 83, 85, 86, 89, 90, 92, 93, 96, 97, 98, 99, 100, 101, 102, 103, 105, 106, 107, 108, 109, 110, 111, 112, 114, 115, 116, 117, 118, 119, 120, 121, 122, 123, 124, 125, 126, 127, 128, 129, 130, 131, 132, 133, 134, 135, 136, 137, 138, 139, 140, 141, 142, 143, 144, 145, 146, 147, 148, 149]","[19, 24, 33, 38, 44, 45, 49, 50, 56, 57, 59, 60, 62, 65, 66, 68, 69, 70, 72, 73, 79, 80, 81, 82, 84, 87, 88, 91, 94, 95, 104]","{""support_1"": 84}",[84],1,"[122, 17, 18, 32, 137, 138, 140, 139, 13, 14, 116, 118, 136, 112, 36, 135, 26, 28, 105, 99, 148, 115, 149, 144, 145, 147, 146, 12, 71, 58, 134, 109, 61, 78, 102, 48, 85, 93, 133, 7, 132, 40, 130, 129, 76, 74, 97, 23, 143, 131, 54, 128, 127, 83, 89, 86, 142, 75, 124, 35, 126, 47, 123, 125, 141, 117, 119, 90, 29, 53, 8, 15, 10, 16, 67, 110, 108, 64, 21, 103, 77, 55, 92, 43, 27, 41, 111, 9, 107, 114, 121, 120, 101, 106, 63, 6, 1, 2, 0, 42, 5, 25, 4, 22, 20, 37, 34, 39, 46, 52, 51, 3, 100, 96, 98, 11, 31, 30, 19, 24, 50, 44, 91, 84, 82, 104, 95, 88, 70, 87, 81, 94, 69, 79, 80, 72, 68, 60, 59, 73, 66, 65, 62, 33, 38, 57, 56, 49, 45]",True,706896897,0.706896897,"[95, 104, 44, 24, 19, 50, 84, 82, 91, 88, 70, 87, 81, 94, 69, 79, 80, 72, 68, 60, 59, 73, 66, 65, 62, 33, 38, 57, 56, 49, 45]","[45, 49, 56, 57, 38, 33, 62, 65, 66, 73, 59, 60, 68, 72, 80, 79, 69, 94, 81, 87, 70, 88, 91, 82, 84, 50, 19, 24, 44, 104, 95]",False,complete,50,50,323,0,222,8,214,261,47,0,0,lowest_first,True,2,52,11,52,12,12,11,12
2,210512,61,120,29,"[0, 1, 2, 3, 4, 5, 6, 7, 8, 9, 10, 11, 12, 13, 14, 15, 16, 17, 18, 19, 20, 21, 22, 23, 24, 25, 26, 27, 28, 29, 30, 31, 32, 34, 35, 36, 37, 39, 40, 41, 42, 43, 46, 47, 48, 51, 52, 53, 54, 55, 58, 61, 63, 64, 67, 71, 74, 75, 76, 77, 78, 83, 85, 86, 89, 90, 92, 93, 96, 97, 98, 99, 100, 101, 102, 103, 105, 106, 107, 108, 109, 110, 111, 112, 114, 115, 116, 117, 118, 119, 120, 121, 122, 123, 124, 125, 126, 127, 128, 129, 130, 131, 132, 133, 134, 135, 136, 137, 138, 139, 140, 141, 142, 143, 144, 145, 146, 147, 148, 149]","[33, 38, 44, 45, 49, 50, 56, 57, 59, 60, 62, 65, 66, 68, 69, 70, 72, 73, 79, 80, 81, 82, 84, 87, 88, 91, 94, 95, 104]","{""support_1"": 84, ""support_2"": 44}","[44, 84]",2,"[122, 17, 18, 32, 137, 138, 140, 139, 13, 14, 116, 118, 136, 112, 36, 135, 26, 28, 105, 99, 148, 115, 149, 144, 145, 147, 146, 12, 71, 58, 134, 109, 61, 78, 102, 48, 85, 93, 133, 7, 132, 40, 130, 129, 76, 74, 97, 23, 143, 131, 54, 128, 127, 83, 89, 86, 142, 75, 124, 35, 126, 47, 123, 125, 141, 117, 119, 90, 29, 53, 8, 15, 10, 16, 67, 110, 108, 64, 21, 103, 77, 55, 92, 43, 27, 41, 111, 9, 107, 114, 121, 120, 101, 106, 63, 6, 1, 2, 0, 42, 5, 25, 4, 22, 20, 37, 34, 39, 46, 52, 51, 3, 100, 96, 98, 11, 31, 30, 19, 24, 50, 44, 91, 84, 82, 104, 95, 88, 70, 87, 81, 94, 69, 79, 80, 72, 68, 60, 59, 73, 66, 65, 62, 33, 38, 57, 56, 49, 45]",True,603401172,0.603401172,"[50, 44, 91, 84, 82, 104, 95, 88, 70, 87, 81, 94, 69, 79, 80, 72, 68, 60, 59, 73, 66, 65, 62, 33, 38, 57, 56, 49, 45]","[45, 49, 56, 57, 38, 33, 62, 65, 66, 73, 59, 60, 68, 72, 80, 79, 69, 94, 81, 87, 70, 88, 95, 104, 82, 84, 91, 44, 50]",True,complete,48,48,285,0,201,8,193,210,17,0,0,lowest_first,True,2,48,10,48,12,12,10,12
2,210513,62,122,27,"[0, 1, 2, 3, 4, 5, 6, 7, 8, 9, 10, 11, 12, 13, 14, 15, 16, 17, 18, 19, 20, 21, 22, 23, 24, 25, 26, 27, 28, 29, 30, 31, 32, 34, 35, 36, 37, 39, 40, 41, 42, 43, 44, 46, 47, 48, 50, 51, 52, 53, 54, 55, 58, 61, 63, 64, 67, 71, 74, 75, 76, 77, 78, 83, 85, 86, 89, 90, 92, 93, 96, 97, 98, 99, 100, 101, 102, 103, 105, 106, 107, 108, 109, 110, 111, 112, 114, 115, 116, 117, 118, 119, 120, 121, 122, 123, 124, 125, 126, 127, 128, 129, 130, 131, 132, 133, 134, 135, 136, 137, 138, 139, 140, 141, 142, 143, 144, 145, 146, 147, 148, 149]","[33, 38, 45, 49, 56, 57, 59, 60, 62, 65, 66, 68, 69, 70, 72, 73, 79, 80, 81, 82, 84, 87, 88, 91, 94, 95, 104]","{""support_1"": 84, ""support_2"": 62}","[62, 84]",2,"[122, 17, 18, 32, 137, 138, 140, 139, 13, 14, 116, 118, 136, 112, 36, 135, 26, 28, 105, 99, 148, 115, 149, 144, 145, 147, 146, 12, 71, 58, 134, 109, 61, 78, 102, 48, 85, 93, 133, 7, 132, 40, 130, 129, 76, 74, 97, 23, 143, 131, 54, 128, 127, 83, 89, 86, 142, 75, 124, 35, 126, 47, 123, 125, 141, 117, 119, 90, 29, 53, 8, 15, 10, 16, 67, 110, 108, 64, 21, 103, 77, 55, 92, 43, 27, 41, 111, 9, 107, 114, 121, 120, 101, 106, 63, 6, 1, 2, 0, 42, 5, 25, 4, 22, 20, 37, 34, 39, 46, 52, 51, 3, 100, 96, 98, 11, 31, 30, 19, 24, 50, 44, 91, 84, 82, 104, 95, 88, 70, 87, 81, 94, 69, 79, 80, 72, 68, 60, 59, 73, 66, 65, 62, 33, 38, 57, 56, 49, 45]",True,481327020,0.481327020,"[91, 84, 82, 104, 95, 88, 70, 87, 81, 94, 69, 79, 80, 72, 68, 60, 59, 73, 66, 65, 62, 33, 38, 57, 56, 49, 45]","[45, 49, 56, 57, 38, 33, 62, 65, 66, 73, 59, 60, 68, 72, 80, 79, 69, 94, 81, 87, 70, 88, 95, 104, 82, 84, 91]",True,complete,46,46,255,0,178,8,170,186,16,0,0,lowest_first,True,2,44,9,44,11,11,9,11
2,210514,63,124,25,"[0, 1, 2, 3, 4, 5, 6, 7, 8, 9, 10, 11, 12, 13, 14, 15, 16, 17, 18, 19, 20, 21, 22, 23, 24, 25, 26, 27, 28, 29, 30, 31, 32, 34, 35, 36, 37, 39, 40, 41, 42, 43, 44, 46, 47, 48, 50, 51, 52, 53, 54, 55, 58, 61, 63, 64, 67, 71, 74, 75, 76, 77, 78, 83, 84, 85, 86, 89, 90, 91, 92, 93, 96, 97, 98, 99, 100, 101, 102, 103, 105, 106, 107, 108, 109, 110, 111, 112, 114, 115, 116, 117, 118, 119, 120, 121, 122, 123, 124, 125, 126, 127, 128, 129, 130, 131, 132, 133, 134, 135, 136, 137, 138, 139, 140, 141, 142, 143, 144, 145, 146, 147, 148, 149]","[33, 38, 45, 49, 56, 57, 59, 60, 62, 65, 66, 68, 69, 70, 72, 73, 79, 80, 81, 82, 87, 88, 94, 95, 104]","{""support_1"": 88, ""support_2"": 62}","[62, 88]",2,"[122, 17, 18, 32, 137, 138, 140, 139, 13, 14, 116, 118, 136, 112, 36, 135, 26, 28, 105, 99, 148, 115, 149, 144, 145, 147, 146, 12, 71, 58, 134, 109, 61, 78, 102, 48, 85, 93, 133, 7, 132, 40, 130, 129, 76, 74, 97, 23, 143, 131, 54, 128, 127, 83, 89, 86, 142, 75, 124, 35, 126, 47, 123, 125, 141, 117, 119, 90, 29, 53, 8, 15, 10, 16, 67, 110, 108, 64, 21, 103, 77, 55, 92, 43, 27, 41, 111, 9, 107, 114, 121, 120, 101, 106, 63, 6, 1, 2, 0, 42, 5, 25, 4, 22, 20, 37, 34, 39, 46, 52, 51, 3, 100, 96, 98, 11, 31, 30, 19, 24, 50, 44, 91, 84, 82, 104, 95, 88, 70, 87, 81, 94, 69, 79, 80, 72, 68, 60, 59, 73, 66, 65, 62, 33, 38, 57, 56, 49, 45]",True,378769313,0.378769313,"[82, 104, 95, 88, 70, 87, 81, 94, 69, 79, 80, 72, 68, 60, 59, 73, 66, 65, 62, 33, 38, 57, 56, 49, 45]","[45, 49, 56, 57, 38, 33, 62, 65, 66, 73, 59, 60, 68, 72, 80, 79, 69, 94, 81, 87, 70, 88, 95, 104, 82]",True,complete,36,36,218,0,147,4,143,155,12,0,0,lowest_first,True,2,40,8,40,10,10,8,10
2,210515,64,126,23,"[0, 1, 2, 3, 4, 5, 6, 7, 8, 9, 10, 11, 12, 13, 14, 15, 16, 17, 18, 19, 20, 21, 22, 23, 24, 25, 26, 27, 28, 29, 30, 31, 32, 34, 35, 36, 37, 39, 40, 41, 42, 43, 44, 46, 47, 48, 50, 51, 52, 53, 54, 55, 58, 61, 63, 64, 67, 71, 74, 75, 76, 77, 78, 82, 83, 84, 85, 86, 89, 90, 91, 92, 93, 96, 97, 98, 99, 100, 101, 102, 103, 104, 105, 106, 107, 108, 109, 110, 111, 112, 114, 115, 116, 117, 118, 119, 120, 121, 122, 123, 124, 125, 126, 127, 128, 129, 130, 131, 132, 133, 134, 135, 136, 137, 138, 139, 140, 141, 142, 143, 144, 145, 146, 147, 148, 149]","[33, 38, 45, 49, 56, 57, 59, 60, 62, 65, 66, 68, 69, 70, 72, 73, 79, 80, 81, 87, 88, 94, 95]","{""support_1"": 88, ""support_2"": 62}","[62, 88]",2,"[122, 17, 18, 32, 137, 138, 140, 139, 13, 14, 116, 118, 136, 112, 36, 135, 26, 28, 105, 99, 148, 115, 149, 144, 145, 147, 146, 12, 71, 58, 134, 109, 61, 78, 102, 48, 85, 93, 133, 7, 132, 40, 130, 129, 76, 74, 97, 23, 143, 131, 54, 128, 127, 83, 89, 86, 142, 75, 124, 35, 126, 47, 123, 125, 141, 117, 119, 90, 29, 53, 8, 15, 10, 16, 67, 110, 108, 64, 21, 103, 77, 55, 92, 43, 27, 41, 111, 9, 107, 114, 121, 120, 101, 106, 63, 6, 1, 2, 0, 42, 5, 25, 4, 22, 20, 37, 34, 39, 46, 52, 51, 3, 100, 96, 98, 11, 31, 30, 19, 24, 50, 44, 91, 84, 82, 104, 95, 88, 70, 87, 81, 94, 69, 79, 80, 72, 68, 60, 59, 73, 66, 65, 62, 33, 38, 57, 56, 49, 45]",True,337090544,0.337090544,"[95, 88, 70, 87, 81, 94, 69, 79, 80, 72, 68, 60, 59, 73, 66, 65, 62, 33, 38, 57, 56, 49, 45]","[45, 49, 56, 57, 38, 33, 62, 65, 66, 73, 59, 60, 68, 72, 80, 79, 69, 94, 81, 87, 70, 88, 95]",True,complete,34,34,189,0,132,4,128,140,12,0,0,lowest_first,True,2,36,8,36,10,10,8,10
2,210516,65,128,21,"[0, 1, 2, 3, 4, 5, 6, 7, 8, 9, 10, 11, 12, 13, 14, 15, 16, 17, 18, 19, 20, 21, 22, 23, 24, 25, 26, 27, 28, 29, 30, 31, 32, 34, 35, 36, 37, 39, 40, 41, 42, 43, 44, 46, 47, 48, 50, 51, 52, 53, 54, 55, 58, 61, 63, 64, 67, 71, 74, 75, 76, 77, 78, 82, 83, 84, 85, 86, 88, 89, 90, 91, 92, 93, 95, 96, 97, 98, 99, 100, 101, 102, 103, 104, 105, 106, 107, 108, 109, 110, 111, 112, 114, 115, 116, 117, 118, 119, 120, 121, 122, 123, 124, 125, 126, 127, 128, 129, 130, 131, 132, 133, 134, 135, 136, 137, 138, 139, 140, 141, 142, 143, 144, 145, 146, 147, 148, 149]","[33, 38, 45, 49, 56, 57, 59, 60, 62, 65, 66, 68, 69, 70, 72, 73, 79, 80, 81, 87, 94]","{""support_1"": 94, ""support_2"": 62}","[62, 94]",2,"[122, 17, 18, 32, 137, 138, 140, 139, 13, 14, 116, 118, 136, 112, 36, 135, 26, 28, 105, 99, 148, 115, 149, 144, 145, 147, 146, 12, 71, 58, 134, 109, 61, 78, 102, 48, 85, 93, 133, 7, 132, 40, 130, 129, 76, 74, 97, 23, 143, 131, 54, 128, 127, 83, 89, 86, 142, 75, 124, 35, 126, 47, 123, 125, 141, 117, 119, 90, 29, 53, 8, 15, 10, 16, 67, 110, 108, 64, 21, 103, 77, 55, 92, 43, 27, 41, 111, 9, 107, 114, 121, 120, 101, 106, 63, 6, 1, 2, 0, 42, 5, 25, 4, 22, 20, 37, 34, 39, 46, 52, 51, 3, 100, 96, 98, 11, 31, 30, 19, 24, 50, 44, 91, 84, 82, 104, 95, 88, 70, 87, 81, 94, 69, 79, 80, 72, 68, 60, 59, 73, 66, 65, 62, 33, 38, 57, 56, 49, 45]",True,262891093,0.262891093,"[70, 87, 81, 94, 69, 79, 80, 72, 68, 60, 59, 73, 66, 65, 62, 33, 38, 57, 56, 49, 45]","[45, 49, 56, 57, 38, 33, 62, 65, 66, 73, 59, 60, 68, 72, 80, 79, 69, 94, 81, 87, 70]",True,complete,40,40,167,0,124,8,116,125,9,0,0,lowest_first,True,2,32,7,32,9,9,7,9
2,210517,66,130,19,"[0, 1, 2, 3, 4, 5, 6, 7, 8, 9, 10, 11, 12, 13, 14, 15, 16, 17, 18, 19, 20, 21, 22, 23, 24, 25, 26, 27, 28, 29, 30, 31, 32, 34, 35, 36, 37, 39, 40, 41, 42, 43, 44, 46, 47, 48, 50, 51, 52, 53, 54, 55, 58, 61, 63, 64, 67, 70, 71, 74, 75, 76, 77, 78, 82, 83, 84, 85, 86, 87, 88, 89, 90, 91, 92, 93, 95, 96, 97, 98, 99, 100, 101, 102, 103, 104, 105, 106, 107, 108, 109, 110, 111, 112, 114, 115, 116, 117, 118, 119, 120, 121, 122, 123, 124, 125, 126, 127, 128, 129, 130, 131, 132, 133, 134, 135, 136, 137, 138, 139, 140, 141, 142, 143, 144, 145, 146, 147, 148, 149]","[33, 38, 45, 49, 56, 57, 59, 60, 62, 65, 66, 68, 69, 72, 73, 79, 80, 81, 94]","{""support_1"": 94, ""support_2"": 62}","[62, 94]",2,"[122, 17, 18, 32, 137, 138, 140, 139, 13, 14, 116, 118, 136, 112, 36, 135, 26, 28, 105, 99, 148, 115, 149, 144, 145, 147, 146, 12, 71, 58, 134, 109, 61, 78, 102, 48, 85, 93, 133, 7, 132, 40, 130, 129, 76, 74, 97, 23, 143, 131, 54, 128, 127, 83, 89, 86, 142, 75, 124, 35, 126, 47, 123, 125, 141, 117, 119, 90, 29, 53, 8, 15, 10, 16, 67, 110, 108, 64, 21, 103, 77, 55, 92, 43, 27, 41, 111, 9, 107, 114, 121, 120, 101, 106, 63, 6, 1, 2, 0, 42, 5, 25, 4, 22, 20, 37, 34, 39, 46, 52, 51, 3, 100, 96, 98, 11, 31, 30, 19, 24, 50, 44, 91, 84, 82, 104, 95, 88, 70, 87, 81, 94, 69, 79, 80, 72, 68, 60, 59, 73, 66, 65, 62, 33, 38, 57, 56, 49, 45]",True,226538613,0.226538613,"[81, 94, 69, 79, 80, 72, 68, 60, 59, 73, 66, 65, 62, 33, 38, 57, 56, 49, 45]","[45, 49, 56, 57, 38, 33, 62, 65, 66, 73, 59, 60, 68, 72, 80, 79, 69, 94, 81]",True,complete,38,38,142,0,113,8,105,114,9,0,0,lowest_first,True,2,28,7,28,9,9,7,9
2,210518,67,132,17,"[0, 1, 2, 3, 4, 5, 6, 7, 8, 9, 10, 11, 12, 13, 14, 15, 16, 17, 18, 19, 20, 21, 22, 23, 24, 25, 26, 27, 28, 29, 30, 31, 32, 34, 35, 36, 37, 39, 40, 41, 42, 43, 44, 46, 47, 48, 50, 51, 52, 53, 54, 55, 58, 61, 63, 64, 67, 70, 71, 74, 75, 76, 77, 78, 81, 82, 83, 84, 85, 86, 87, 88, 89, 90, 91, 92, 93, 94, 95, 96, 97, 98, 99, 100, 101, 102, 103, 104, 105, 106, 107, 108, 109, 110, 111, 112, 114, 115, 116, 117, 118, 119, 120, 121, 122, 123, 124, 125, 126, 127, 128, 129, 130, 131, 132, 133, 134, 135, 136, 137, 138, 139, 140, 141, 142, 143, 144, 145, 146, 147, 148, 149]","[33, 38, 45, 49, 56, 57, 59, 60, 62, 65, 66, 68, 69, 72, 73, 79, 80]","{""support_1"": 80, ""support_2"": 62}","[62, 80]",2,"[122, 17, 18, 32, 137, 138, 140, 139, 13, 14, 116, 118, 136, 112, 36, 135, 26, 28, 105, 99, 148, 115, 149, 144, 145, 147, 146, 12, 71, 58, 134, 109, 61, 78, 102, 48, 85, 93, 133, 7, 132, 40, 130, 129, 76, 74, 97, 23, 143, 131, 54, 128, 127, 83, 89, 86, 142, 75, 124, 35, 126, 47, 123, 125, 141, 117, 119, 90, 29, 53, 8, 15, 10, 16, 67, 110, 108, 64, 21, 103, 77, 55, 92, 43, 27, 41, 111, 9, 107, 114, 121, 120, 101, 106, 63, 6, 1, 2, 0, 42, 5, 25, 4, 22, 20, 37, 34, 39, 46, 52, 51, 3, 100, 96, 98, 11, 31, 30, 19, 24, 50, 44, 91, 84, 82, 104, 95, 88, 70, 87, 81, 94, 69, 79, 80, 72, 68, 60, 59, 73, 66, 65, 62, 33, 38, 57, 56, 49, 45]",True,185383957,0.185383957,"[69, 79, 80, 72, 68, 60, 59, 73, 66, 65, 62, 33, 38, 57, 56, 49, 45]","[45, 49, 56, 57, 38, 33, 62, 65, 66, 73, 59, 60, 68, 72, 80, 79, 69]",True,complete,36,36,119,0,99,8,91,99,8,0,0,lowest_first,True,2,24,6,24,8,8,6,8
2,210519,68,134,15,"[0, 1, 2, 3, 4, 5, 6, 7, 8, 9, 10, 11, 12, 13, 14, 15, 16, 17, 18, 19, 20, 21, 22, 23, 24, 25, 26, 27, 28, 29, 30, 31, 32, 34, 35, 36, 37, 39, 40, 41, 42, 43, 44, 46, 47, 48, 50, 51, 52, 53, 54, 55, 58, 61, 63, 64, 67, 69, 70, 71, 74, 75, 76, 77, 78, 79, 81, 82, 83, 84, 85, 86, 87, 88, 89, 90, 91, 92, 93, 94, 95, 96, 97, 98, 99, 100, 101, 102, 103, 104, 105, 106, 107, 108, 109, 110, 111, 112, 114, 115, 116, 117, 118, 119, 120, 121, 122, 123, 124, 125, 126, 127, 128, 129, 130, 131, 132, 133, 134, 135, 136, 137, 138, 139, 140, 141, 142, 143, 144, 145, 146, 147, 148, 149]","[33, 38, 45, 49, 56, 57, 59, 60, 62, 65, 66, 68, 72, 73, 80]","{""support_1"": 80, ""support_2"": 62}","[62, 80]",2,"[122, 17, 18, 32, 137, 138, 140, 139, 13, 14, 116, 118, 136, 112, 36, 135, 26, 28, 105, 99, 148, 115, 149, 144, 145, 147, 146, 12, 71, 58, 134, 109, 61, 78, 102, 48, 85, 93, 133, 7, 132, 40, 130, 129, 76, 74, 97, 23, 143, 131, 54, 128, 127, 83, 89, 86, 142, 75, 124, 35, 126, 47, 123, 125, 141, 117, 119, 90, 29, 53, 8, 15, 10, 16, 67, 110, 108, 64, 21, 103, 77, 55, 92, 43, 27, 41, 111, 9, 107, 114, 121, 120, 101, 106, 63, 6, 1, 2, 0, 42, 5, 25, 4, 22, 20, 37, 34, 39, 46, 52, 51, 3, 100, 96, 98, 11, 31, 30, 19, 24, 50, 44, 91, 84, 82, 104, 95, 88, 70, 87, 81, 94, 69, 79, 80, 72, 68, 60, 59, 73, 66, 65, 62, 33, 38, 57, 56, 49, 45]",True,144054386,0.144054386,"[80, 72, 68, 60, 59, 73, 66, 65, 62, 33, 38, 57, 56, 49, 45]","[45, 49, 56, 57, 38, 33, 62, 65, 66, 73, 59, 60, 68, 72, 80]",True,complete,26,26,91,0,78,4,74,81,7,0,0,lowest_first,True,2,20,6,20,7,7,6,8
2,210520,69,136,13,"[0, 1, 2, 3, 4, 5, 6, 7, 8, 9, 10, 11, 12, 13, 14, 15, 16, 17, 18, 19, 20, 21, 22, 23, 24, 25, 26, 27, 28, 29, 30, 31, 32, 34, 35, 36, 37, 39, 40, 41, 42, 43, 44, 46, 47, 48, 50, 51, 52, 53, 54, 55, 58, 61, 63, 64, 67, 69, 70, 71, 72, 74, 75, 76, 77, 78, 79, 80, 81, 82, 83, 84, 85, 86, 87, 88, 89, 90, 91, 92, 93, 94, 95, 96, 97, 98, 99, 100, 101, 102, 103, 104, 105, 106, 107, 108, 109, 110, 111, 112, 114, 115, 116, 117, 118, 119, 120, 121, 122, 123, 124, 125, 126, 127, 128, 129, 130, 131, 132, 133, 134, 135, 136, 137, 138, 139, 140, 141, 142, 143, 144, 145, 146, 147, 148, 149]","[33, 38, 45, 49, 56, 57, 59, 60, 62, 65, 66, 68, 73]","{""support_1"": 73, ""support_2"": 62}","[62, 73]",2,"[122, 17, 18, 32, 137, 138, 140, 139, 13, 14, 116, 118, 136, 112, 36, 135, 26, 28, 105, 99, 148, 115, 149, 144, 145, 147, 146, 12, 71, 58, 134, 109, 61, 78, 102, 48, 85, 93, 133, 7, 132, 40, 130, 129, 76, 74, 97, 23, 143, 131, 54, 128, 127, 83, 89, 86, 142, 75, 124, 35, 126, 47, 123, 125, 141, 117, 119, 90, 29, 53, 8, 15, 10, 16, 67, 110, 108, 64, 21, 103, 77, 55, 92, 43, 27, 41, 111, 9, 107, 114, 121, 120, 101, 106, 63, 6, 1, 2, 0, 42, 5, 25, 4, 22, 20, 37, 34, 39, 46, 52, 51, 3, 100, 96, 98, 11, 31, 30, 19, 24, 50, 44, 91, 84, 82, 104, 95, 88, 70, 87, 81, 94, 69, 79, 80, 72, 68, 60, 59, 73, 66, 65, 62, 33, 38, 57, 56, 49, 45]",True,93680222,0.093680222,"[68, 60, 59, 73, 66, 65, 62, 33, 38, 57, 56, 49, 45]","[45, 49, 56, 57, 38, 33, 62, 65, 66, 73, 59, 60, 68]",True,complete,32,32,78,0,66,8,58,63,5,0,0,lowest_first,True,2,16,4,16,6,6,4,6
2,210521,70,138,11,"[0, 1, 2, 3, 4, 5, 6, 7, 8, 9, 10, 11, 12, 13, 14, 15, 16, 17, 18, 19, 20, 21, 22, 23, 24, 25, 26, 27, 28, 29, 30, 31, 32, 34, 35, 36, 37, 39, 40, 41, 42, 43, 44, 46, 47, 48, 50, 51, 52, 53, 54, 55, 58, 60, 61, 63, 64, 67, 68, 69, 70, 71, 72, 74, 75, 76, 77, 78, 79, 80, 81, 82, 83, 84, 85, 86, 87, 88, 89, 90, 91, 92, 93, 94, 95, 96, 97, 98, 99, 100, 101, 102, 103, 104, 105, 106, 107, 108, 109, 110, 111, 112, 114, 115, 116, 117, 118, 119, 120, 121, 122, 123, 124, 125, 126, 127, 128, 129, 130, 131, 132, 133, 134, 135, 136, 137, 138, 139, 140, 141, 142, 143, 144, 145, 146, 147, 148, 149]","[33, 38, 45, 49, 56, 57, 59, 62, 65, 66, 73]","{""support_1"": 73, ""support_2"": 62}","[62, 73]",2,"[122, 17, 18, 32, 137, 138, 140, 139, 13, 14, 116, 118, 136, 112, 36, 135, 26, 28, 105, 99, 148, 115, 149, 144, 145, 147, 146, 12, 71, 58, 134, 109, 61, 78, 102, 48, 85, 93, 133, 7, 132, 40, 130, 129, 76, 74, 97, 23, 143, 131, 54, 128, 127, 83, 89, 86, 142, 75, 124, 35, 126, 47, 123, 125, 141, 117, 119, 90, 29, 53, 8, 15, 10, 16, 67, 110, 108, 64, 21, 103, 77, 55, 92, 43, 27, 41, 111, 9, 107, 114, 121, 120, 101, 106, 63, 6, 1, 2, 0, 42, 5, 25, 4, 22, 20, 37, 34, 39, 46, 52, 51, 3, 100, 96, 98, 11, 31, 30, 19, 24, 50, 44, 91, 84, 82, 104, 95, 88, 70, 87, 81, 94, 69, 79, 80, 72, 68, 60, 59, 73, 66, 65, 62, 33, 38, 57, 56, 49, 45]",True,70372699,0.070372699,"[59, 73, 66, 65, 62, 33, 38, 57, 56, 49, 45]","[45, 49, 56, 57, 38, 33, 62, 65, 66, 73, 59]",True,complete,30,30,62,0,56,8,48,53,5,0,0,lowest_first,True,2,12,4,12,6,6,4,6
2,210522,71,140,9,"[0, 1, 2, 3, 4, 5, 6, 7, 8, 9, 10, 11, 12, 13, 14, 15, 16, 17, 18, 19, 20, 21, 22, 23, 24, 25, 26, 27, 28, 29, 30, 31, 32, 34, 35, 36, 37, 39, 40, 41, 42, 43, 44, 46, 47, 48, 50, 51, 52, 53, 54, 55, 58, 59, 60, 61, 63, 64, 67, 68, 69, 70, 71, 72, 73, 74, 75, 76, 77, 78, 79, 80, 81, 82, 83, 84, 85, 86, 87, 88, 89, 90, 91, 92, 93, 94, 95, 96, 97, 98, 99, 100, 101, 102, 103, 104, 105, 106, 107, 108, 109, 110, 111, 112, 114, 115, 116, 117, 118, 119, 120, 121, 122, 123, 124, 125, 126, 127, 128, 129, 130, 131, 132, 133, 134, 135, 136, 137, 138, 139, 140, 141, 142, 143, 144, 145, 146, 147, 148, 149]","[33, 38, 45, 49, 56, 57, 62, 65, 66]","{""support_1"": 66, ""support_2"": 62}","[62, 66]",2,"[122, 17, 18, 32, 137, 138, 140, 139, 13, 14, 116, 118, 136, 112, 36, 135, 26, 28, 105, 99, 148, 115, 149, 144, 145, 147, 146, 12, 71, 58, 134, 109, 61, 78, 102, 48, 85, 93, 133, 7, 132, 40, 130, 129, 76, 74, 97, 23, 143, 131, 54, 128, 127, 83, 89, 86, 142, 75, 124, 35, 126, 47, 123, 125, 141, 117, 119, 90, 29, 53, 8, 15, 10, 16, 67, 110, 108, 64, 21, 103, 77, 55, 92, 43, 27, 41, 111, 9, 107, 114, 121, 120, 101, 106, 63, 6, 1, 2, 0, 42, 5, 25, 4, 22, 20, 37, 34, 39, 46, 52, 51, 3, 100, 96, 98, 11, 31, 30, 19, 24, 50, 44, 91, 84, 82, 104, 95, 88, 70, 87, 81, 94, 69, 79, 80, 72, 68, 60, 59, 73, 66, 65, 62, 33, 38, 57, 56, 49, 45]",True,54503129,0.054503129,"[66, 65, 62, 33, 38, 57, 56, 49, 45]","[45, 49, 56, 57, 38, 33, 62, 65, 66]",True,complete,28,28,51,0,48,8,40,45,5,0,0,lowest_first,True,2,8,3,8,4,4,3,5
2,210523,72,142,7,"[0, 1, 2, 3, 4, 5, 6, 7, 8, 9, 10, 11, 12, 13, 14, 15, 16, 17, 18, 19, 20, 21, 22, 23, 24, 25, 26, 27, 28, 29, 30, 31, 32, 34, 35, 36, 37, 39, 40, 41, 42, 43, 44, 46, 47, 48, 50, 51, 52, 53, 54, 55, 58, 59, 60, 61, 63, 64, 65, 66, 67, 68, 69, 70, 71, 72, 73, 74, 75, 76, 77, 78, 79, 80, 81, 82, 83, 84, 85, 86, 87, 88, 89, 90, 91, 92, 93, 94, 95, 96, 97, 98, 99, 100, 101, 102, 103, 104, 105, 106, 107, 108, 109, 110, 111, 112, 114, 115, 116, 117, 118, 119, 120, 121, 122, 123, 124, 125, 126, 127, 128, 129, 130, 131, 132, 133, 134, 135, 136, 137, 138, 139, 140, 141, 142, 143, 144, 145, 146, 147, 148, 149]","[33, 38, 45, 49, 56, 57, 62]","{""support_2"": 62}",[62],1,"[122, 17, 18, 32, 137, 138, 140, 139, 13, 14, 116, 118, 136, 112, 36, 135, 26, 28, 105, 99, 148, 115, 149, 144, 145, 147, 146, 12, 71, 58, 134, 109, 61, 78, 102, 48, 85, 93, 133, 7, 132, 40, 130, 129, 76, 74, 97, 23, 143, 131, 54, 128, 127, 83, 89, 86, 142, 75, 124, 35, 126, 47, 123, 125, 141, 117, 119, 90, 29, 53, 8, 15, 10, 16, 67, 110, 108, 64, 21, 103, 77, 55, 92, 43, 27, 41, 111, 9, 107, 114, 121, 120, 101, 106, 63, 6, 1, 2, 0, 42, 5, 25, 4, 22, 20, 37, 34, 39, 46, 52, 51, 3, 100, 96, 98, 11, 31, 30, 19, 24, 50, 44, 91, 84, 82, 104, 95, 88, 70, 87, 81, 94, 69, 79, 80, 72, 68, 60, 59, 73, 66, 65, 62, 33, 38, 57, 56, 49, 45]",True,48629902,0.048629902,"[62, 33, 38, 57, 56, 49, 45]","[45, 49, 56, 57, 38, 33, 62]",True,complete,26,26,39,0,45,8,37,42,5,0,0,lowest_first,True,2,6,3,6,3,3,3,4
2,210524,73,144,5,"[0, 1, 2, 3, 4, 5, 6, 7, 8, 9, 10, 11, 12, 13, 14, 15, 16, 17, 18, 19, 20, 21, 22, 23, 24, 25, 26, 27, 28, 29, 30, 31, 32, 33, 34, 35, 36, 37, 39, 40, 41, 42, 43, 44, 46, 47, 48, 50, 51, 52, 53, 54, 55, 58, 59, 60, 61, 62, 63, 64, 65, 66, 67, 68, 69, 70, 71, 72, 73, 74, 75, 76, 77, 78, 79, 80, 81, 82, 83, 84, 85, 86, 87, 88, 89, 90, 91, 92, 93, 94, 95, 96, 97, 98, 99, 100, 101, 102, 103, 104, 105, 106, 107, 108, 109, 110, 111, 112, 114, 115, 116, 117, 118, 119, 120, 121, 122, 123, 124, 125, 126, 127, 128, 129, 130, 131, 132, 133, 134, 135, 136, 137, 138, 139, 140, 141, 142, 143, 144, 145, 146, 147, 148, 149]","[38, 45, 49, 56, 57]","{""support_1"": 57}",[57],1,"[122, 17, 18, 32, 137, 138, 140, 139, 13, 14, 116, 118, 136, 112, 36, 135, 26, 28, 105, 99, 148, 115, 149, 144, 145, 147, 146, 12, 71, 58, 134, 109, 61, 78, 102, 48, 85, 93, 133, 7, 132, 40, 130, 129, 76, 74, 97, 23, 143, 131, 54, 128, 127, 83, 89, 86, 142, 75, 124, 35, 126, 47, 123, 125, 141, 117, 119, 90, 29, 53, 8, 15, 10, 16, 67, 110, 108, 64, 21, 103, 77, 55, 92, 43, 27, 41, 111, 9, 107, 114, 121, 120, 101, 106, 63, 6, 1, 2, 0, 42, 5, 25, 4, 22, 20, 37, 34, 39, 46, 52, 51, 3, 100, 96, 98, 11, 31, 30, 19, 24, 50, 44, 91, 84, 82, 104, 95, 88, 70, 87, 81, 94, 69, 79, 80, 72, 68, 60, 59, 73, 66, 65, 62, 33, 38, 57, 56, 49, 45]",True,31881065,0.031881065,"[38, 57, 56, 49, 45]","[45, 49, 56, 57, 38]",True,complete,16,16,20,0,30,4,26,29,3,0,0,lowest_first,True,2,4,2,4,3,3,2,3
2,210525,74,146,3,"[0, 1, 2, 3, 4, 5, 6, 7, 8, 9, 10, 11, 12, 13, 14, 15, 16, 17, 18, 19, 20, 21, 22, 23, 24, 25, 26, 27, 28, 29, 30, 31, 32, 33, 34, 35, 36, 37, 38, 39, 40, 41, 42, 43, 44, 46, 47, 48, 50, 51, 52, 53, 54, 55, 57, 58, 59, 60, 61, 62, 63, 64, 65, 66, 67, 68, 69, 70, 71, 72, 73, 74, 75, 76, 77, 78, 79, 80, 81, 82, 83, 84, 85, 86, 87, 88, 89, 90, 91, 92, 93, 94, 95, 96, 97, 98, 99, 100, 101, 102, 103, 104, 105, 106, 107, 108, 109, 110, 111, 112, 114, 115, 116, 117, 118, 119, 120, 121, 122, 123, 124, 125, 126, 127, 128, 129, 130, 131, 132, 133, 134, 135, 136, 137, 138, 139, 140, 141, 142, 143, 144, 145, 146, 147, 148, 149]","[45, 49, 56]","{""support_2"": 56}",[56],1,"[122, 17, 18, 32, 137, 138, 140, 139, 13, 14, 116, 118, 136, 112, 36, 135, 26, 28, 105, 99, 148, 115, 149, 144, 145, 147, 146, 12, 71, 58, 134, 109, 61, 78, 102, 48, 85, 93, 133, 7, 132, 40, 130, 129, 76, 74, 97, 23, 143, 131, 54, 128, 127, 83, 89, 86, 142, 75, 124, 35, 126, 47, 123, 125, 141, 117, 119, 90, 29, 53, 8, 15, 10, 16, 67, 110, 108, 64, 21, 103, 77, 55, 92, 43, 27, 41, 111, 9, 107, 114, 121, 120, 101, 106, 63, 6, 1, 2, 0, 42, 5, 25, 4, 22, 20, 37, 34, 39, 46, 52, 51, 3, 100, 96, 98, 11, 31, 30, 19, 24, 50, 44, 91, 84, 82, 104, 95, 88, 70, 87, 81, 94, 69, 79, 80, 72, 68, 60, 59, 73, 66, 65, 62, 33, 38, 57, 56, 49, 45]",True,5600509,0.005600509,"[56, 49, 45]","[45, 49, 56]",True,complete,3,3,4,0,6,0,6,6,0,0,0,lowest_first,True,1,1,1,1,1,1,1,2
2,210526,75,148,1,"[0, 1, 2, 3, 4, 5, 6, 7, 8, 9, 10, 11, 12, 13, 14, 15, 16, 17, 18, 19, 20, 21, 22, 23, 24, 25, 26, 27, 28, 29, 30, 31, 32, 33, 34, 35, 36, 37, 38, 39, 40, 41, 42, 43, 44, 46, 47, 48, 49, 50, 51, 52, 53, 54, 55, 56, 57, 58, 59, 60, 61, 62, 63, 64, 65, 66, 67, 68, 69, 70, 71, 72, 73, 74, 75, 76, 77, 78, 79, 80, 81, 82, 83, 84, 85, 86, 87, 88, 89, 90, 91, 92, 93, 94, 95, 96, 97, 98, 99, 100, 101, 102, 103, 104, 105, 106, 107, 108, 109, 110, 111, 112, 114, 115, 116, 117, 118, 119, 120, 121, 122, 123, 124, 125, 126, 127, 128, 129, 130, 131, 132, 133, 134, 135, 136, 137, 138, 139, 140, 141, 142, 143, 144, 145, 146, 147, 148, 149]",[45],{},[],0,"[122, 17, 18, 32, 137, 138, 140, 139, 13, 14, 116, 118, 136, 112, 36, 135, 26, 28, 105, 99, 148, 115, 149, 144, 145, 147, 146, 12, 71, 58, 134, 109, 61, 78, 102, 48, 85, 93, 133, 7, 132, 40, 130, 129, 76, 74, 97, 23, 143, 131, 54, 128, 127, 83, 89, 86, 142, 75, 124, 35, 126, 47, 123, 125, 141, 117, 119, 90, 29, 53, 8, 15, 10, 16, 67, 110, 108, 64, 21, 103, 77, 55, 92, 43, 27, 41, 111, 9, 107, 114, 121, 120, 101, 106, 63, 6, 1, 2, 0, 42, 5, 25, 4, 22, 20, 37, 34, 39, 46, 52, 51, 3, 100, 96, 98, 11, 31, 30, 19, 24, 50, 44, 91, 84, 82, 104, 95, 88, 70, 87, 81, 94, 69, 79, 80, 72, 68, 60, 59, 73, 66, 65, 62, 33, 38, 57, 56, 49, 45]",True,695819,0.000695819,[45],[45],True,complete,1,1,1,0,2,0,2,2,0,0,0,lowest_first,True,0,0,0,0,0,0,0,0
3,220452,1,0,149,[],"[0, 1, 2, 3, 4, 5, 6, 7, 8, 9, 10, 11, 12, 13, 14, 15, 16, 17, 18, 19, 20, 21, 22, 23, 24, 25, 26, 27, 28, 29, 30, 31, 32, 33, 34, 35, 36, 37, 38, 39, 40, 41, 42, 43, 44, 45, 46, 47, 48, 49, 50, 51, 52, 53, 54, 55, 56, 57, 58, 59, 60, 61, 62, 63, 64, 65, 66, 67, 68, 69, 70, 71, 72, 73, 74, 75, 76, 77, 78, 79, 80, 81, 82, 83, 84, 85, 86, 87, 88, 89, 90, 91, 92, 93, 94, 95, 96, 97, 98, 99, 100, 101, 102, 103, 104, 105, 106, 107, 108, 109, 110, 111, 112, 114, 115, 116, 117, 118, 119, 120, 121, 122, 123, 124, 125, 126, 127, 128, 129, 130, 131, 132, 133, 134, 135, 136, 137, 138, 139, 140, 141, 142, 143, 144, 145, 146, 147, 148, 149]",{},[],0,"[122, 17, 18, 32, 137, 138, 139, 140, 13, 14, 116, 118, 136, 16, 36, 135, 26, 28, 99, 105, 145, 149, 102, 144, 10, 147, 146, 12, 58, 71, 134, 109, 67, 48, 78, 61, 85, 93, 133, 42, 40, 143, 25, 7, 130, 131, 132, 129, 52, 74, 76, 97, 128, 63, 94, 127, 91, 64, 126, 50, 125, 124, 123, 141, 142, 77, 55, 119, 53, 90, 92, 117, 75, 15, 8, 27, 43, 41, 29, 112, 148, 110, 9, 111, 108, 106, 115, 107, 6, 1, 2, 0, 114, 121, 120, 101, 54, 47, 46, 39, 51, 68, 45, 49, 56, 57, 38, 83, 44, 104, 62, 60, 89, 70, 69, 59, 79, 80, 72, 86, 73, 66, 65, 23, 5, 4, 21, 22, 20, 35, 37, 34, 33, 3, 100, 96, 98, 11, 31, 30, 24, 19, 84, 87, 82, 81, 88, 103, 95]",True,19373844431,19.373844431,"[122, 17, 18, 32, 137, 138, 139, 140, 13, 14, 116, 118, 136, 16, 36, 135, 26, 28, 99, 105, 145, 149, 102, 144, 10, 147, 146, 12, 58, 71, 134, 109, 67, 48, 78, 61, 85, 93, 133, 42, 40, 143, 25, 7, 130, 131, 132, 129, 52, 74, 76, 97, 128, 63, 94, 127, 91, 64, 126, 50, 125, 124, 123, 141, 142, 77, 55, 119, 53, 90, 92, 117, 75, 15, 8, 27, 43, 41, 29, 112, 148, 110, 9, 111, 108, 106, 115, 107, 6, 1, 2, 0, 114, 121, 120, 101, 54, 47, 46, 39, 51, 68, 45, 49, 56, 57, 38, 83, 44, 104, 62, 60, 89, 70, 69, 59, 79, 80, 72, 86, 73, 66, 65, 23, 5, 4, 21, 22, 20, 35, 37, 34, 33, 3, 100, 96, 98, 11, 31, 30, 24, 19, 84, 87, 82, 81, 88, 103, 95]","[95, 103, 88, 81, 82, 87, 84, 19, 24, 30, 31, 11, 98, 96, 100, 3, 33, 34, 37, 35, 20, 22, 21, 4, 5, 23, 65, 66, 73, 86, 72, 80, 79, 59, 69, 70, 89, 60, 62, 104, 44, 83, 38, 57, 56, 49, 45, 68, 51, 39, 46, 47, 54, 101, 120, 121, 114, 0, 2, 1, 6, 107, 115, 106, 108, 111, 9, 110, 148, 112, 29, 41, 43, 27, 8, 15, 75, 117, 92, 90, 53, 119, 55, 77, 142, 141, 123, 124, 125, 50, 126, 64, 91, 127, 94, 63, 128, 97, 76, 74, 52, 129, 132, 131, 130, 7, 25, 143, 40, 42, 133, 93, 85, 61, 78, 48, 67, 109, 134, 71, 58, 12, 146, 147, 10, 144, 102, 149, 145, 105, 99, 28, 26, 135, 36, 16, 136, 118, 116, 14, 13, 140, 139, 138, 137, 32, 18, 17, 122]",True,complete,150,150,8929,0,1564,1,1563,1686,123,0,0,lowest_first,True,2,104,29,104,29,29,29,29
3,220453,2,2,147,"[17, 122]","[0, 1, 2, 3, 4, 5, 6, 7, 8, 9, 10, 11, 12, 13, 14, 15, 16, 18, 19, 20, 21, 22, 23, 24, 25, 26, 27, 28, 29, 30, 31, 32, 33, 34, 35, 36, 37, 38, 39, 40, 41, 42, 43, 44, 45, 46, 47, 48, 49, 50, 51, 52, 53, 54, 55, 56, 57, 58, 59, 60, 61, 62, 63, 64, 65, 66, 67, 68, 69, 70, 71, 72, 73, 74, 75, 76, 77, 78, 79, 80, 81, 82, 83, 84, 85, 86, 87, 88, 89, 90, 91, 92, 93, 94, 95, 96, 97, 98, 99, 100, 101, 102, 103, 104, 105, 106, 107, 108, 109, 110, 111, 112, 114, 115, 116, 117, 118, 119, 120, 121, 123, 124, 125, 126, 127, 128, 129, 130, 131, 132, 133, 134, 135, 136, 137, 138, 139, 140, 141, 142, 143, 144, 145, 146, 147, 148, 149]",{},[],0,"[122, 17, 18, 32, 137, 138, 139, 140, 13, 14, 116, 118, 136, 16, 36, 135, 26, 28, 99, 105, 145, 149, 102, 144, 10, 147, 146, 12, 58, 71, 134, 109, 67, 48, 78, 61, 85, 93, 133, 42, 40, 143, 25, 7, 130, 131, 132, 129, 52, 74, 76, 97, 128, 63, 94, 127, 91, 64, 126, 50, 125, 124, 123, 141, 142, 77, 55, 119, 53, 90, 92, 117, 75, 15, 8, 27, 43, 41, 29, 112, 148, 110, 9, 111, 108, 106, 115, 107, 6, 1, 2, 0, 114, 121, 120, 101, 54, 47, 46, 39, 51, 68, 45, 49, 56, 57, 38, 83, 44, 104, 62, 60, 89, 70, 69, 59, 79, 80, 72, 86, 73, 66, 65, 23, 5, 4, 21, 22, 20, 35, 37, 34, 33, 3, 100, 96, 98, 11, 31, 30, 24, 19, 84, 87, 82, 81, 88, 103, 95]",True,23830017567,23.830017567,"[18, 32, 137, 138, 140, 139, 13, 14, 116, 118, 136, 16, 36, 135, 26, 28, 99, 105, 148, 115, 145, 144, 149, 146, 147, 12, 58, 71, 134, 109, 78, 48, 61, 67, 85, 93, 133, 40, 42, 102, 7, 131, 130, 132, 129, 76, 128, 31, 127, 126, 91, 47, 86, 74, 125, 141, 142, 90, 75, 77, 10, 110, 35, 27, 54, 53, 15, 8, 43, 143, 9, 111, 106, 112, 108, 25, 101, 120, 64, 124, 123, 92, 117, 119, 55, 29, 41, 121, 114, 107, 6, 1, 2, 0, 30, 97, 11, 100, 98, 96, 52, 51, 46, 39, 23, 34, 21, 37, 20, 5, 22, 4, 3, 33, 63, 50, 70, 69, 94, 79, 80, 62, 60, 59, 68, 66, 72, 65, 104, 73, 87, 49, 45, 89, 103, 95, 88, 83, 82, 81, 84, 56, 57, 38, 44, 24, 19]","[19, 24, 44, 38, 57, 56, 84, 81, 82, 83, 88, 95, 103, 89, 45, 49, 87, 73, 104, 65, 72, 66, 68, 59, 60, 62, 80, 79, 94, 69, 70, 50, 63, 33, 3, 4, 22, 5, 20, 37, 21, 34, 23, 39, 46, 51, 52, 96, 98, 100, 11, 97, 30, 0, 2, 1, 6, 107, 114, 121, 41, 29, 55, 119, 117, 92, 123, 124, 64, 120, 101, 25, 108, 112, 106, 111, 9, 143, 43, 8, 15, 53, 54, 27, 35, 110, 10, 77, 75, 90, 142, 141, 125, 74, 86, 47, 91, 126, 127, 31, 128, 76, 129, 132, 130, 131, 7, 102, 42, 40, 133, 93, 85, 67, 61, 48, 78, 109, 134, 71, 58, 12, 147, 146, 149, 144, 145, 115, 148, 105, 99, 28, 26, 135, 36, 16, 136, 118, 116, 14, 13, 139, 140, 138, 137, 32, 18]",False,complete,208,208,8935,0,2028,41,1987,2000,274,5,0,lowest_first,True,2,105,23,105,23,23,23,23
3,220454,3,4,145,"[17, 18, 32, 122]","[0, 1, 2, 3, 4, 5, 6, 7, 8, 9, 10, 11, 12, 13, 14, 15, 16, 19, 20, 21, 22, 23, 24, 25, 26, 27, 28, 29, 30, 31, 33, 34, 35, 36, 37, 38, 39, 40, 41, 42, 43, 44, 45, 46, 47, 48, 49, 50, 51, 52, 53, 54, 55, 56, 57, 58, 59, 60, 61, 62, 63, 64, 65, 66, 67, 68, 69, 70, 71, 72, 73, 74, 75, 76, 77, 78, 79, 80, 81, 82, 83, 84, 85, 86, 87, 88, 89, 90, 91, 92, 93, 94, 95, 96, 97, 98, 99, 100, 101, 102, 103, 104, 105, 106, 107, 108, 109, 110, 111, 112, 114, 115, 116, 117, 118, 119, 120, 121, 123, 124, 125, 126, 127, 128, 129, 130, 131, 132, 133, 134, 135, 136, 137, 138, 139, 140, 141, 142, 143, 144, 145, 146, 147, 148, 149]",{},[],0,"[122, 17, 18, 32, 137, 138, 139, 140, 13, 14, 116, 118, 136, 16, 36, 135, 26, 28, 99, 105, 145, 149, 102, 144, 10, 147, 146, 12, 58, 71, 134, 109, 67, 48, 78, 61, 85, 93, 133, 42, 40, 143, 25, 7, 130, 131, 132, 129, 52, 74, 76, 97, 128, 63, 94, 127, 91, 64, 126, 50, 125, 124, 123, 141, 142, 77, 55, 119, 53, 90, 92, 117, 75, 15, 8, 27, 43, 41, 29, 112, 148, 110, 9, 111, 108, 106, 115, 107, 6, 1, 2, 0, 114, 121, 120, 101, 54, 47, 46, 39, 51, 68, 45, 49, 56, 57, 38, 83, 44, 104, 62, 60, 89, 70, 69, 59, 79, 80, 72, 86, 73, 66, 65, 23, 5, 4, 21, 22, 20, 35, 37, 34, 33, 3, 100, 96, 98, 11, 31, 30, 24, 19, 84, 87, 82, 81, 88, 103, 95]",True,29031506230,29.031506230,"[137, 138, 140, 139, 14, 13, 116, 118, 136, 16, 36, 135, 28, 26, 99, 105, 148, 115, 149, 145, 144, 147, 146, 12, 71, 58, 134, 109, 48, 78, 67, 102, 133, 42, 7, 132, 129, 130, 131, 54, 128, 127, 126, 125, 104, 141, 142, 8, 29, 98, 124, 61, 93, 85, 40, 143, 25, 74, 76, 63, 91, 89, 64, 83, 50, 123, 55, 92, 90, 77, 53, 119, 117, 75, 41, 43, 15, 27, 10, 112, 110, 108, 111, 9, 107, 114, 121, 120, 101, 106, 44, 6, 1, 2, 0, 73, 86, 66, 62, 68, 60, 94, 70, 69, 59, 79, 80, 72, 65, 52, 47, 46, 39, 51, 49, 45, 56, 57, 38, 97, 96, 100, 95, 87, 103, 88, 82, 81, 84, 24, 30, 31, 11, 23, 5, 4, 3, 21, 22, 20, 19, 35, 37, 34, 33]","[33, 34, 37, 35, 19, 20, 22, 21, 3, 4, 5, 23, 11, 31, 30, 24, 84, 81, 82, 88, 103, 87, 95, 100, 96, 97, 38, 57, 56, 45, 49, 51, 39, 46, 47, 52, 65, 72, 80, 79, 59, 69, 70, 94, 60, 68, 62, 66, 86, 73, 0, 2, 1, 6, 44, 106, 101, 120, 121, 114, 107, 9, 111, 108, 110, 112, 10, 27, 15, 43, 41, 75, 117, 119, 53, 77, 90, 92, 55, 123, 50, 83, 64, 89, 91, 63, 76, 74, 25, 143, 40, 85, 93, 61, 124, 98, 29, 8, 142, 141, 104, 125, 126, 127, 128, 54, 131, 130, 129, 132, 7, 42, 133, 102, 67, 78, 48, 109, 134, 58, 71, 12, 146, 147, 144, 145, 149, 115, 148, 105, 99, 26, 28, 135, 36, 16, 136, 118, 116, 13, 14, 139, 140, 138, 137]",False,complete,177,177,8394,0,2248,28,2220,2000,883,0,0,lowest_first,True,2,127,27,127,27,27,27,27
3,220455,4,6,143,"[17, 18, 32, 122, 137, 138]","[0, 1, 2, 3, 4, 5, 6, 7, 8, 9, 10, 11, 12, 13, 14, 15, 16, 19, 20, 21, 22, 23, 24, 25, 26, 27, 28, 29, 30, 31, 33, 34, 35, 36, 37, 38, 39, 40, 41, 42, 43, 44, 45, 46, 47, 48, 49, 50, 51, 52, 53, 54, 55, 56, 57, 58, 59, 60, 61, 62, 63, 64, 65, 66, 67, 68, 69, 70, 71, 72, 73, 74, 75, 76, 77, 78, 79, 80, 81, 82, 83, 84, 85, 86, 87, 88, 89, 90, 91, 92, 93, 94, 95, 96, 97, 98, 99, 100, 101, 102, 103, 104, 105, 106, 107, 108, 109, 110, 111, 112, 114, 115, 116, 117, 118, 119, 120, 121, 123, 124, 125, 126, 127, 128, 129, 130, 131, 132, 133, 134, 135, 136, 139, 140, 141, 142, 143, 144, 145, 146, 147, 148, 149]",{},[],0,"[122, 17, 18, 32, 137, 138, 139, 140, 13, 14, 116, 118, 136, 16, 36, 135, 26, 28, 99, 105, 145, 149, 102, 144, 10, 147, 146, 12, 58, 71, 134, 109, 67, 48, 78, 61, 85, 93, 133, 42, 40, 143, 25, 7, 130, 131, 132, 129, 52, 74, 76, 97, 128, 63, 94, 127, 91, 64, 126, 50, 125, 124, 123, 141, 142, 77, 55, 119, 53, 90, 92, 117, 75, 15, 8, 27, 43, 41, 29, 112, 148, 110, 9, 111, 108, 106, 115, 107, 6, 1, 2, 0, 114, 121, 120, 101, 54, 47, 46, 39, 51, 68, 45, 49, 56, 57, 38, 83, 44, 104, 62, 60, 89, 70, 69, 59, 79, 80, 72, 86, 73, 66, 65, 23, 5, 4, 21, 22, 20, 35, 37, 34, 33, 3, 100, 96, 98, 11, 31, 30, 24, 19, 84, 87, 82, 81, 88, 103, 95]",True,38356349915,38.356349915,"[140, 139, 14, 13, 116, 118, 136, 16, 36, 135, 28, 26, 99, 105, 144, 10, 149, 102, 145, 146, 147, 12, 71, 58, 134, 109, 61, 48, 112, 85, 78, 133, 7, 93, 131, 132, 130, 129, 74, 76, 97, 128, 94, 50, 124, 126, 37, 143, 127, 91, 42, 21, 125, 57, 123, 148, 6, 142, 141, 119, 117, 67, 1, 2, 54, 110, 9, 64, 92, 75, 77, 90, 55, 53, 15, 27, 8, 0, 41, 43, 29, 111, 108, 106, 115, 107, 114, 121, 120, 101, 40, 35, 34, 63, 25, 5, 20, 22, 23, 4, 3, 100, 96, 98, 11, 31, 30, 52, 39, 83, 47, 46, 56, 38, 33, 51, 49, 45, 68, 44, 24, 19, 104, 62, 84, 70, 60, 59, 89, 73, 66, 69, 79, 80, 72, 65, 86, 87, 82, 81, 88, 103, 95]","[95, 103, 88, 81, 82, 87, 86, 65, 72, 80, 79, 69, 66, 73, 89, 59, 60, 70, 84, 62, 104, 19, 24, 44, 68, 45, 49, 51, 33, 38, 56, 46, 47, 83, 39, 52, 30, 31, 11, 98, 96, 100, 3, 4, 23, 22, 20, 5, 25, 63, 34, 35, 40, 101, 120, 121, 114, 107, 115, 106, 108, 111, 29, 43, 41, 0, 8, 27, 15, 53, 55, 90, 77, 75, 92, 64, 9, 110, 54, 2, 1, 67, 117, 119, 141, 142, 6, 148, 123, 57, 125, 21, 42, 91, 127, 143, 37, 126, 124, 50, 94, 128, 97, 76, 74, 129, 130, 132, 131, 93, 7, 133, 78, 85, 112, 48, 61, 109, 134, 58, 71, 12, 147, 146, 145, 102, 149, 10, 144, 105, 99, 26, 28, 135, 36, 16, 136, 118, 116, 13, 14, 139, 140]",False,complete,426,426,11013,0,4884,390,4494,2000,2122,160,0,lowest_first,True,2,126,29,126,29,29,29,29
3,220456,5,8,141,"[17, 18, 32, 122, 137, 138, 139, 140]","[0, 1, 2, 3, 4, 5, 6, 7, 8, 9, 10, 11, 12, 13, 14, 15, 16, 19, 20, 21, 22, 23, 24, 25, 26, 27, 28, 29, 30, 31, 33, 34, 35, 36, 37, 38, 39, 40, 41, 42, 43, 44, 45, 46, 47, 48, 49, 50, 51, 52, 53, 54, 55, 56, 57, 58, 59, 60, 61, 62, 63, 64, 65, 66, 67, 68, 69, 70, 71, 72, 73, 74, 75, 76, 77, 78, 79, 80, 81, 82, 83, 84, 85, 86, 87, 88, 89, 90, 91, 92, 93, 94, 95, 96, 97, 98, 99, 100, 101, 102, 103, 104, 105, 106, 107, 108, 109, 110, 111, 112, 114, 115, 116, 117, 118, 119, 120, 121, 123, 124, 125, 126, 127, 128, 129, 130, 131, 132, 133, 134, 135, 136, 141, 142, 143, 144, 145, 146, 147, 148, 149]",{},[],0,"[122, 17, 18, 32, 137, 138, 139, 140, 13, 14, 116, 118, 136, 16, 36, 135, 26, 28, 99, 105, 145, 149, 102, 144, 10, 147, 146, 12, 58, 71, 134, 109, 67, 48, 78, 61, 85, 93, 133, 42, 40, 143, 25, 7, 130, 131, 132, 129, 52, 74, 76, 97, 128, 63, 94, 127, 91, 64, 126, 50, 125, 124, 123, 141, 142, 77, 55, 119, 53, 90, 92, 117, 75, 15, 8, 27, 43, 41, 29, 112, 148, 110, 9, 111, 108, 106, 115, 107, 6, 1, 2, 0, 114, 121, 120, 101, 54, 47, 46, 39, 51, 68, 45, 49, 56, 57, 38, 83, 44, 104, 62, 60, 89, 70, 69, 59, 79, 80, 72, 86, 73, 66, 65, 23, 5, 4, 21, 22, 20, 35, 37, 34, 33, 3, 100, 96, 98, 11, 31, 30, 24, 19, 84, 87, 82, 81, 88, 103, 95]",True,20984262771,20.984262771,"[13, 14, 116, 118, 136, 112, 36, 135, 28, 26, 99, 105, 144, 10, 145, 149, 102, 147, 146, 12, 58, 71, 134, 109, 78, 48, 61, 67, 148, 93, 85, 133, 130, 129, 74, 40, 42, 7, 132, 131, 52, 143, 128, 126, 47, 125, 94, 100, 142, 141, 8, 15, 75, 76, 44, 50, 124, 123, 115, 16, 25, 110, 108, 63, 127, 91, 104, 90, 119, 55, 53, 117, 92, 77, 27, 29, 43, 41, 111, 9, 107, 114, 121, 120, 101, 106, 83, 6, 1, 2, 0, 54, 51, 46, 45, 39, 62, 49, 56, 57, 38, 70, 86, 69, 79, 80, 64, 60, 59, 68, 66, 72, 65, 103, 73, 87, 89, 88, 82, 81, 84, 97, 96, 95, 98, 24, 30, 31, 11, 23, 5, 4, 3, 21, 22, 20, 19, 35, 37, 34, 33]","[33, 34, 37, 35, 19, 20, 22, 21, 3, 4, 5, 23, 11, 31, 30, 24, 98, 95, 96, 97, 84, 81, 82, 88, 89, 87, 73, 103, 65, 72, 66, 68, 59, 60, 64, 80, 79, 69, 86, 70, 38, 57, 56, 49, 62, 39, 45, 46, 51, 54, 0, 2, 1, 6, 83, 106, 101, 120, 121, 114, 107, 9, 111, 41, 43, 29, 27, 77, 92, 117, 53, 55, 119, 90, 104, 91, 127, 63, 108, 110, 25, 16, 115, 123, 124, 50, 44, 76, 75, 15, 8, 141, 142, 100, 94, 125, 47, 126, 128, 143, 52, 131, 132, 7, 42, 40, 74, 129, 130, 133, 85, 93, 148, 67, 61, 48, 78, 109, 134, 71, 58, 12, 146, 147, 102, 149, 145, 10, 144, 105, 99, 26, 28, 135, 36, 112, 136, 118, 116, 14, 13]",False,complete,142,142,7466,0,1574,1,1573,1767,194,0,0,lowest_first,True,2,129,25,129,25,25,25,25
3,220457,6,10,139,"[13, 14, 17, 18, 32, 122, 137, 138, 139, 140]","[0, 1, 2, 3, 4, 5, 6, 7, 8, 9, 10, 11, 12, 15, 16, 19, 20, 21, 22, 23, 24, 25, 26, 27, 28, 29, 30, 31, 33, 34, 35, 36, 37, 38, 39, 40, 41, 42, 43, 44, 45, 46, 47, 48, 49, 50, 51, 52, 53, 54, 55, 56, 57, 58, 59, 60, 61, 62, 63, 64, 65, 66, 67, 68, 69, 70, 71, 72, 73, 74, 75, 76, 77, 78, 79, 80, 81, 82, 83, 84, 85, 86, 87, 88, 89, 90, 91, 92, 93, 94, 95, 96, 97, 98, 99, 100, 101, 102, 103, 104, 105, 106, 107, 108, 109, 110, 111, 112, 114, 115, 116, 117, 118, 119, 120, 121, 123, 124, 125, 126, 127, 128, 129, 130, 131, 132, 133, 134, 135, 136, 141, 142, 143, 144, 145, 146, 147, 148, 149]",{},[],0,"[122, 17, 18, 32, 137, 138, 139, 140, 13, 14, 116, 118, 136, 16, 36, 135, 26, 28, 99, 105, 145, 149, 102, 144, 10, 147, 146, 12, 58, 71, 134, 109, 67, 48, 78, 61, 85, 93, 133, 42, 40, 143, 25, 7, 130, 131, 132, 129, 52, 74, 76, 97, 128, 63, 94, 127, 91, 64, 126, 50, 125, 124, 123, 141, 142, 77, 55, 119, 53, 90, 92, 117, 75, 15, 8, 27, 43, 41, 29, 112, 148, 110, 9, 111, 108, 106, 115, 107, 6, 1, 2, 0, 114, 121, 120, 101, 54, 47, 46, 39, 51, 68, 45, 49, 56, 57, 38, 83, 44, 104, 62, 60, 89, 70, 69, 59, 79, 80, 72, 86, 73, 66, 65, 23, 5, 4, 21, 22, 20, 35, 37, 34, 33, 3, 100, 96, 98, 11, 31, 30, 24, 19, 84, 87, 82, 81, 88, 103, 95]",True,25444243764,25.444243764,"[118, 116, 136, 112, 36, 135, 26, 28, 99, 105, 148, 115, 145, 144, 149, 147, 146, 12, 71, 58, 134, 109, 67, 61, 48, 78, 10, 133, 130, 93, 85, 129, 76, 128, 31, 94, 74, 127, 89, 126, 35, 7, 83, 141, 77, 124, 123, 125, 27, 21, 23, 29, 142, 75, 119, 117, 15, 102, 16, 110, 108, 92, 8, 53, 111, 9, 107, 114, 40, 131, 132, 52, 64, 50, 55, 90, 41, 43, 121, 106, 120, 101, 6, 1, 2, 0, 42, 5, 4, 143, 22, 63, 3, 98, 30, 11, 100, 97, 96, 25, 20, 44, 24, 19, 103, 37, 84, 70, 34, 39, 54, 47, 46, 51, 68, 60, 62, 49, 45, 56, 57, 38, 33, 95, 87, 104, 81, 82, 88, 91, 73, 69, 59, 79, 80, 72, 86, 66, 65]","[65, 66, 86, 72, 80, 79, 59, 69, 73, 91, 88, 82, 81, 104, 87, 95, 33, 38, 57, 56, 45, 49, 62, 60, 68, 51, 46, 47, 54, 39, 34, 70, 84, 37, 103, 19, 24, 44, 20, 25, 96, 97, 100, 11, 30, 98, 3, 63, 22, 143, 4, 5, 42, 0, 2, 1, 6, 101, 120, 106, 121, 43, 41, 90, 55, 50, 64, 52, 132, 131, 40, 114, 107, 9, 111, 53, 8, 92, 108, 110, 16, 102, 15, 117, 119, 75, 142, 29, 23, 21, 27, 125, 123, 124, 77, 141, 83, 7, 35, 126, 89, 127, 74, 94, 31, 128, 76, 129, 85, 93, 130, 133, 10, 78, 48, 61, 67, 109, 134, 58, 71, 12, 146, 147, 149, 144, 145, 115, 148, 105, 99, 28, 26, 135, 36, 112, 136, 116, 118]",False,complete,145,145,7672,0,1882,6,1876,2000,285,0,0,lowest_first,True,2,116,28,116,28,28,28,28
3,220458,7,12,137,"[13, 14, 17, 18, 32, 116, 118, 122, 137, 138, 139, 140]","[0, 1, 2, 3, 4, 5, 6, 7, 8, 9, 10, 11, 12, 15, 16, 19, 20, 21, 22, 23, 24, 25, 26, 27, 28, 29, 30, 31, 33, 34, 35, 36, 37, 38, 39, 40, 41, 42, 43, 44, 45, 46, 47, 48, 49, 50, 51, 52, 53, 54, 55, 56, 57, 58, 59, 60, 61, 62, 63, 64, 65, 66, 67, 68, 69, 70, 71, 72, 73, 74, 75, 76, 77, 78, 79, 80, 81, 82, 83, 84, 85, 86, 87, 88, 89, 90, 91, 92, 93, 94, 95, 96, 97, 98, 99, 100, 101, 102, 103, 104, 105, 106, 107, 108, 109, 110, 111, 112, 114, 115, 117, 119, 120, 121, 123, 124, 125, 126, 127, 128, 129, 130, 131, 132, 133, 134, 135, 136, 141, 142, 143, 144, 145, 146, 147, 148, 149]",{},[],0,"[122, 17, 18, 32, 137, 138, 139, 140, 13, 14, 116, 118, 136, 16, 36, 135, 26, 28, 99, 105, 145, 149, 102, 144, 10, 147, 146, 12, 58, 71, 134, 109, 67, 48, 78, 61, 85, 93, 133, 42, 40, 143, 25, 7, 130, 131, 132, 129, 52, 74, 76, 97, 128, 63, 94, 127, 91, 64, 126, 50, 125, 124, 123, 141, 142, 77, 55, 119, 53, 90, 92, 117, 75, 15, 8, 27, 43, 41, 29, 112, 148, 110, 9, 111, 108, 106, 115, 107, 6, 1, 2, 0, 114, 121, 120, 101, 54, 47, 46, 39, 51, 68, 45, 49, 56, 57, 38, 83, 44, 104, 62, 60, 89, 70, 69, 59, 79, 80, 72, 86, 73, 66, 65, 23, 5, 4, 21, 22, 20, 35, 37, 34, 33, 3, 100, 96, 98, 11, 31, 30, 24, 19, 84, 87, 82, 81, 88, 103, 95]",True,26672761243,26.672761243,"[136, 112, 36, 135, 26, 28, 105, 99, 149, 102, 144, 10, 145, 147, 146, 12, 58, 71, 134, 109, 61, 48, 16, 85, 78, 133, 7, 93, 131, 129, 97, 130, 132, 74, 76, 128, 94, 50, 124, 126, 37, 143, 127, 89, 35, 91, 125, 103, 141, 142, 8, 123, 41, 29, 117, 119, 15, 148, 115, 110, 108, 27, 107, 114, 42, 54, 64, 92, 55, 75, 53, 90, 77, 43, 121, 63, 120, 101, 21, 106, 47, 111, 9, 6, 1, 2, 0, 40, 34, 39, 46, 52, 51, 33, 57, 56, 49, 45, 62, 67, 38, 83, 44, 68, 60, 70, 69, 59, 79, 80, 72, 86, 73, 66, 65, 25, 5, 20, 22, 23, 4, 3, 100, 96, 98, 11, 31, 30, 24, 19, 84, 87, 82, 81, 88, 104, 95]","[95, 104, 88, 81, 82, 87, 84, 19, 24, 30, 31, 11, 98, 96, 100, 3, 4, 23, 22, 20, 5, 25, 65, 66, 73, 86, 72, 80, 79, 59, 69, 70, 60, 68, 44, 83, 38, 67, 62, 45, 49, 56, 57, 33, 51, 52, 46, 39, 34, 40, 0, 2, 1, 6, 9, 111, 47, 106, 21, 101, 120, 63, 121, 43, 77, 90, 53, 75, 55, 92, 64, 54, 42, 114, 107, 27, 108, 110, 115, 148, 15, 119, 117, 29, 41, 123, 8, 142, 141, 103, 125, 91, 35, 89, 127, 143, 37, 126, 124, 50, 94, 128, 76, 74, 132, 130, 97, 129, 131, 93, 7, 133, 78, 85, 16, 48, 61, 109, 134, 71, 58, 12, 146, 147, 145, 10, 144, 102, 149, 99, 105, 28, 26, 135, 36, 112, 136]",False,complete,159,159,7484,0,2186,15,2171,2000,970,0,0,lowest_first,True,2,136,29,136,29,29,29,29
3,220459,8,14,135,"[13, 14, 16, 17, 18, 32, 116, 118, 122, 136, 137, 138, 139, 140]","[0, 1, 2, 3, 4, 5, 6, 7, 8, 9, 10, 11, 12, 15, 19, 20, 21, 22, 23, 24, 25, 26, 27, 28, 29, 30, 31, 33, 34, 35, 36, 37, 38, 39, 40, 41, 42, 43, 44, 45, 46, 47, 48, 49, 50, 51, 52, 53, 54, 55, 56, 57, 58, 59, 60, 61, 62, 63, 64, 65, 66, 67, 68, 69, 70, 71, 72, 73, 74, 75, 76, 77, 78, 79, 80, 81, 82, 83, 84, 85, 86, 87, 88, 89, 90, 91, 92, 93, 94, 95, 96, 97, 98, 99, 100, 101, 102, 103, 104, 105, 106, 107, 108, 109, 110, 111, 112, 114, 115, 117, 119, 120, 121, 123, 124, 125, 126, 127, 128, 129, 130, 131, 132, 133, 134, 135, 141, 142, 143, 144, 145, 146, 147, 148, 149]",{},[],0,"[122, 17, 18, 32, 137, 138, 139, 140, 13, 14, 116, 118, 136, 16, 36, 135, 26, 28, 99, 105, 145, 149, 102, 144, 10, 147, 146, 12, 58, 71, 134, 109, 67, 48, 78, 61, 85, 93, 133, 42, 40, 143, 25, 7, 130, 131, 132, 129, 52, 74, 76, 97, 128, 63, 94, 127, 91, 64, 126, 50, 125, 124, 123, 141, 142, 77, 55, 119, 53, 90, 92, 117, 75, 15, 8, 27, 43, 41, 29, 112, 148, 110, 9, 111, 108, 106, 115, 107, 6, 1, 2, 0, 114, 121, 120, 101, 54, 47, 46, 39, 51, 68, 45, 49, 56, 57, 38, 83, 44, 104, 62, 60, 89, 70, 69, 59, 79, 80, 72, 86, 73, 66, 65, 23, 5, 4, 21, 22, 20, 35, 37, 34, 33, 3, 100, 96, 98, 11, 31, 30, 24, 19, 84, 87, 82, 81, 88, 103, 95]",True,30026054245,30.026054245,"[36, 135, 28, 26, 105, 99, 145, 148, 115, 149, 144, 147, 146, 12, 58, 71, 134, 109, 61, 102, 133, 40, 48, 85, 67, 78, 143, 7, 129, 130, 74, 128, 31, 23, 127, 47, 124, 123, 142, 141, 126, 94, 44, 132, 131, 54, 125, 86, 103, 53, 119, 43, 8, 10, 112, 110, 108, 117, 41, 27, 15, 111, 9, 107, 114, 93, 76, 64, 90, 92, 77, 75, 55, 29, 121, 63, 120, 101, 21, 106, 83, 6, 1, 2, 0, 22, 4, 5, 3, 98, 30, 11, 100, 97, 96, 95, 87, 104, 81, 82, 84, 37, 20, 24, 19, 25, 50, 42, 46, 51, 52, 35, 34, 39, 89, 88, 70, 91, 69, 79, 80, 72, 68, 60, 59, 73, 66, 65, 62, 33, 38, 57, 56, 49, 45]","[45, 49, 56, 57, 38, 33, 62, 65, 66, 73, 59, 60, 68, 72, 80, 79, 69, 91, 70, 88, 89, 39, 34, 35, 52, 51, 46, 42, 50, 25, 19, 24, 20, 37, 84, 82, 81, 104, 87, 95, 96, 97, 100, 11, 30, 98, 3, 5, 4, 22, 0, 2, 1, 6, 83, 106, 21, 101, 120, 63, 121, 29, 55, 75, 77, 92, 90, 64, 76, 93, 114, 107, 9, 111, 15, 27, 41, 117, 108, 110, 112, 10, 8, 43, 119, 53, 103, 86, 125, 54, 131, 132, 44, 94, 126, 141, 142, 123, 124, 47, 127, 23, 31, 128, 74, 130, 129, 7, 143, 78, 67, 85, 48, 40, 133, 102, 61, 109, 134, 71, 58, 12, 146, 147, 144, 149, 115, 148, 145, 99, 105, 26, 28, 135, 36]",False,complete,204,204,7687,0,2664,38,2626,2000,1200,6,0,lowest_first,True,2,121,30,121,30,30,30,30
3,220460,9,16,133,"[13, 14, 16, 17, 18, 32, 36, 116, 118, 122, 135, 136, 137, 138, 139, 140]","[0, 1, 2, 3, 4, 5, 6, 7, 8, 9, 10, 11, 12, 15, 19, 20, 21, 22, 23, 24, 25, 26, 27, 28, 29, 30, 31, 33, 34, 35, 37, 38, 39, 40, 41, 42, 43, 44, 45, 46, 47, 48, 49, 50, 51, 52, 53, 54, 55, 56, 57, 58, 59, 60, 61, 62, 63, 64, 65, 66, 67, 68, 69, 70, 71, 72, 73, 74, 75, 76, 77, 78, 79, 80, 81, 82, 83, 84, 85, 86, 87, 88, 89, 90, 91, 92, 93, 94, 95, 96, 97, 98, 99, 100, 101, 102, 103, 104, 105, 106, 107, 108, 109, 110, 111, 112, 114, 115, 117, 119, 120, 121, 123, 124, 125, 126, 127, 128, 129, 130, 131, 132, 133, 134, 141, 142, 143, 144, 145, 146, 147, 148, 149]",{},[],0,"[122, 17, 18, 32, 137, 138, 139, 140, 13, 14, 116, 118, 136, 16, 36, 135, 26, 28, 99, 105, 145, 149, 102, 144, 10, 147, 146, 12, 58, 71, 134, 109, 67, 48, 78, 61, 85, 93, 133, 42, 40, 143, 25, 7, 130, 131, 132, 129, 52, 74, 76, 97, 128, 63, 94, 127, 91, 64, 126, 50, 125, 124, 123, 141, 142, 77, 55, 119, 53, 90, 92, 117, 75, 15, 8, 27, 43, 41, 29, 112, 148, 110, 9, 111, 108, 106, 115, 107, 6, 1, 2, 0, 114, 121, 120, 101, 54, 47, 46, 39, 51, 68, 45, 49, 56, 57, 38, 83, 44, 104, 62, 60, 89, 70, 69, 59, 79, 80, 72, 86, 73, 66, 65, 23, 5, 4, 21, 22, 20, 35, 37, 34, 33, 3, 100, 96, 98, 11, 31, 30, 24, 19, 84, 87, 82, 81, 88, 103, 95]",True,31072716149,31.072716149,"[26, 28, 105, 99, 145, 148, 115, 144, 149, 147, 146, 12, 71, 58, 134, 109, 61, 102, 133, 40, 48, 85, 67, 78, 143, 7, 129, 130, 76, 93, 128, 23, 31, 127, 47, 86, 89, 126, 44, 132, 131, 125, 124, 123, 141, 142, 117, 92, 8, 15, 10, 112, 121, 103, 106, 101, 74, 52, 110, 108, 64, 77, 75, 119, 55, 90, 53, 43, 27, 29, 41, 120, 114, 107, 111, 9, 6, 1, 2, 0, 42, 5, 4, 21, 22, 35, 3, 98, 30, 11, 63, 97, 25, 96, 20, 100, 83, 24, 19, 37, 84, 82, 104, 95, 34, 39, 46, 54, 50, 51, 91, 88, 70, 87, 81, 94, 69, 79, 80, 72, 68, 60, 59, 73, 66, 65, 62, 33, 38, 57, 56, 49, 45]","[45, 49, 56, 57, 38, 33, 62, 65, 66, 73, 59, 60, 68, 72, 80, 79, 69, 94, 81, 87, 70, 88, 91, 51, 50, 54, 46, 39, 34, 95, 104, 82, 84, 37, 19, 24, 83, 100, 20, 96, 25, 97, 63, 11, 30, 98, 3, 35, 22, 21, 4, 5, 42, 0, 2, 1, 6, 9, 111, 107, 114, 120, 41, 29, 27, 43, 53, 90, 55, 119, 75, 77, 64, 108, 110, 52, 74, 101, 106, 103, 121, 112, 10, 15, 8, 92, 117, 142, 141, 123, 124, 125, 131, 132, 44, 126, 89, 86, 47, 127, 31, 23, 128, 93, 76, 130, 129, 7, 143, 78, 67, 85, 48, 40, 133, 102, 61, 109, 134, 58, 71, 12, 146, 147, 149, 144, 115, 148, 145, 99, 105, 28, 26]",False,complete,201,201,7601,0,2813,106,2707,2000,1158,26,0,lowest_first,True,2,137,28,137,28,28,28,28
3,220461,10,18,131,"[13, 14, 16, 17, 18, 26, 28, 32, 36, 116, 118, 122, 135, 136, 137, 138, 139, 140]","[0, 1, 2, 3, 4, 5, 6, 7, 8, 9, 10, 11, 12, 15, 19, 20, 21, 22, 23, 24, 25, 27, 29, 30, 31, 33, 34, 35, 37, 38, 39, 40, 41, 42, 43, 44, 45, 46, 47, 48, 49, 50, 51, 52, 53, 54, 55, 56, 57, 58, 59, 60, 61, 62, 63, 64, 65, 66, 67, 68, 69, 70, 71, 72, 73, 74, 75, 76, 77, 78, 79, 80, 81, 82, 83, 84, 85, 86, 87, 88, 89, 90, 91, 92, 93, 94, 95, 96, 97, 98, 99, 100, 101, 102, 103, 104, 105, 106, 107, 108, 109, 110, 111, 112, 114, 115, 117, 119, 120, 121, 123, 124, 125, 126, 127, 128, 129, 130, 131, 132, 133, 134, 141, 142, 143, 144, 145, 146, 147, 148, 149]",{},[],0,"[122, 17, 18, 32, 137, 138, 139, 140, 13, 14, 116, 118, 136, 16, 36, 135, 26, 28, 99, 105, 145, 149, 102, 144, 10, 147, 146, 12, 58, 71, 134, 109, 67, 48, 78, 61, 85, 93, 133, 42, 40, 143, 25, 7, 130, 131, 132, 129, 52, 74, 76, 97, 128, 63, 94, 127, 91, 64, 126, 50, 125, 124, 123, 141, 142, 77, 55, 119, 53, 90, 92, 117, 75, 15, 8, 27, 43, 41, 29, 112, 148, 110, 9, 111, 108, 106, 115, 107, 6, 1, 2, 0, 114, 121, 120, 101, 54, 47, 46, 39, 51, 68, 45, 49, 56, 57, 38, 83, 44, 104, 62, 60, 89, 70, 69, 59, 79, 80, 72, 86, 73, 66, 65, 23, 5, 4, 21, 22, 20, 35, 37, 34, 33, 3, 100, 96, 98, 11, 31, 30, 24, 19, 84, 87, 82, 81, 88, 103, 95]",True,25878514273,25.878514273,"[99, 105, 149, 102, 144, 10, 145, 147, 146, 12, 71, 58, 134, 109, 61, 48, 112, 85, 78, 133, 7, 93, 130, 131, 132, 129, 74, 76, 97, 128, 94, 50, 124, 126, 37, 143, 127, 89, 35, 91, 125, 103, 142, 141, 8, 123, 41, 27, 117, 119, 15, 148, 115, 110, 108, 29, 107, 114, 42, 54, 64, 75, 77, 90, 53, 55, 92, 43, 121, 63, 120, 101, 21, 106, 47, 111, 9, 6, 1, 2, 0, 40, 34, 39, 46, 52, 51, 33, 57, 56, 49, 45, 62, 67, 38, 83, 44, 68, 60, 70, 69, 59, 79, 80, 72, 86, 73, 66, 65, 25, 5, 20, 22, 23, 4, 3, 100, 96, 98, 11, 31, 30, 24, 19, 84, 87, 82, 81, 88, 104, 95]","[95, 104, 88, 81, 82, 87, 84, 19, 24, 30, 31, 11, 98, 96, 100, 3, 4, 23, 22, 20, 5, 25, 65, 66, 73, 86, 72, 80, 79, 59, 69, 70, 60, 68, 44, 83, 38, 67, 62, 45, 49, 56, 57, 33, 51, 52, 46, 39, 34, 40, 0, 2, 1, 6, 9, 111, 47, 106, 21, 101, 120, 63, 121, 43, 92, 55, 53, 90, 77, 75, 64, 54, 42, 114, 107, 29, 108, 110, 115, 148, 15, 119, 117, 27, 41, 123, 8, 141, 142, 103, 125, 91, 35, 89, 127, 143, 37, 126, 124, 50, 94, 128, 97, 76, 74, 129, 132, 131, 130, 93, 7, 133, 78, 85, 112, 48, 61, 109, 134, 58, 71, 12, 146, 147, 145, 10, 144, 102, 149, 105, 99]",False,complete,150,150,6749,0,2115,14,2101,2000,898,0,0,lowest_first,True,2,136,29,136,29,29,29,29
3,220462,11,20,129,"[13, 14, 16, 17, 18, 26, 28, 32, 36, 99, 105, 116, 118, 122, 135, 136, 137, 138, 139, 140]","[0, 1, 2, 3, 4, 5, 6, 7, 8, 9, 10, 11, 12, 15, 19, 20, 21, 22, 23, 24, 25, 27, 29, 30, 31, 33, 34, 35, 37, 38, 39, 40, 41, 42, 43, 44, 45, 46, 47, 48, 49, 50, 51, 52, 53, 54, 55, 56, 57, 58, 59, 60, 61, 62, 63, 64, 65, 66, 67, 68, 69, 70, 71, 72, 73, 74, 75, 76, 77, 78, 79, 80, 81, 82, 83, 84, 85, 86, 87, 88, 89, 90, 91, 92, 93, 94, 95, 96, 97, 98, 100, 101, 102, 103, 104, 106, 107, 108, 109, 110, 111, 112, 114, 115, 117, 119, 120, 121, 123, 124, 125, 126, 127, 128, 129, 130, 131, 132, 133, 134, 141, 142, 143, 144, 145, 146, 147, 148, 149]",{},[],0,"[122, 17, 18, 32, 137, 138, 139, 140, 13, 14, 116, 118, 136, 16, 36, 135, 26, 28, 99, 105, 145, 149, 102, 144, 10, 147, 146, 12, 58, 71, 134, 109, 67, 48, 78, 61, 85, 93, 133, 42, 40, 143, 25, 7, 130, 131, 132, 129, 52, 74, 76, 97, 128, 63, 94, 127, 91, 64, 126, 50, 125, 124, 123, 141, 142, 77, 55, 119, 53, 90, 92, 117, 75, 15, 8, 27, 43, 41, 29, 112, 148, 110, 9, 111, 108, 106, 115, 107, 6, 1, 2, 0, 114, 121, 120, 101, 54, 47, 46, 39, 51, 68, 45, 49, 56, 57, 38, 83, 44, 104, 62, 60, 89, 70, 69, 59, 79, 80, 72, 86, 73, 66, 65, 23, 5, 4, 21, 22, 20, 35, 37, 34, 33, 3, 100, 96, 98, 11, 31, 30, 24, 19, 84, 87, 82, 81, 88, 103, 95]",True,30989310122,30.989310122,"[149, 102, 145, 148, 144, 147, 146, 12, 58, 71, 134, 109, 67, 48, 61, 10, 133, 143, 7, 130, 129, 76, 128, 31, 23, 127, 89, 126, 125, 132, 131, 54, 44, 142, 141, 53, 21, 47, 8, 15, 29, 103, 94, 124, 123, 115, 112, 110, 6, 74, 119, 108, 1, 2, 111, 9, 0, 78, 93, 85, 40, 63, 64, 77, 55, 117, 90, 75, 92, 41, 27, 43, 107, 114, 121, 120, 101, 106, 83, 22, 4, 5, 3, 98, 30, 11, 100, 97, 96, 95, 87, 104, 88, 70, 91, 69, 79, 80, 72, 86, 82, 81, 73, 66, 65, 50, 68, 60, 59, 35, 84, 57, 62, 56, 49, 46, 45, 51, 38, 52, 33, 34, 39, 24, 42, 25, 37, 20, 19]","[19, 20, 37, 25, 42, 24, 39, 34, 33, 52, 38, 51, 45, 46, 49, 56, 62, 57, 84, 35, 59, 60, 68, 50, 65, 66, 73, 81, 82, 86, 72, 80, 79, 69, 91, 70, 88, 104, 87, 95, 96, 97, 100, 11, 30, 98, 3, 5, 4, 22, 83, 106, 101, 120, 121, 114, 107, 43, 27, 41, 92, 75, 90, 117, 55, 77, 64, 63, 40, 85, 93, 78, 0, 9, 111, 2, 1, 108, 119, 74, 6, 110, 112, 115, 123, 124, 94, 103, 29, 15, 8, 47, 21, 53, 141, 142, 44, 54, 131, 132, 125, 126, 89, 127, 23, 31, 128, 76, 129, 130, 7, 143, 133, 10, 61, 48, 67, 109, 134, 71, 58, 12, 146, 147, 144, 148, 145, 102, 149]",False,complete,174,174,6944,0,2603,23,2580,2000,1070,6,0,lowest_first,True,2,132,28,132,28,28,28,28
3,220463,12,22,127,"[13, 14, 16, 17, 18, 26, 28, 32, 36, 99, 105, 116, 118, 122, 135, 136, 137, 138, 139, 140, 145, 149]","[0, 1, 2, 3, 4, 5, 6, 7, 8, 9, 10, 11, 12, 15, 19, 20, 21, 22, 23, 24, 25, 27, 29, 30, 31, 33, 34, 35, 37, 38, 39, 40, 41, 42, 43, 44, 45, 46, 47, 48, 49, 50, 51, 52, 53, 54, 55, 56, 57, 58, 59, 60, 61, 62, 63, 64, 65, 66, 67, 68, 69, 70, 71, 72, 73, 74, 75, 76, 77, 78, 79, 80, 81, 82, 83, 84, 85, 86, 87, 88, 89, 90, 91, 92, 93, 94, 95, 96, 97, 98, 100, 101, 102, 103, 104, 106, 107, 108, 109, 110, 111, 112, 114, 115, 117, 119, 120, 121, 123, 124, 125, 126, 127, 128, 129, 130, 131, 132, 133, 134, 141, 142, 143, 144, 146, 147, 148]",{},[],0,"[122, 17, 18, 32, 137, 138, 139, 140, 13, 14, 116, 118, 136, 16, 36, 135, 26, 28, 99, 105, 145, 149, 102, 144, 10, 147, 146, 12, 58, 71, 134, 109, 67, 48, 78, 61, 85, 93, 133, 42, 40, 143, 25, 7, 130, 131, 132, 129, 52, 74, 76, 97, 128, 63, 94, 127, 91, 64, 126, 50, 125, 124, 123, 141, 142, 77, 55, 119, 53, 90, 92, 117, 75, 15, 8, 27, 43, 41, 29, 112, 148, 110, 9, 111, 108, 106, 115, 107, 6, 1, 2, 0, 114, 121, 120, 101, 54, 47, 46, 39, 51, 68, 45, 49, 56, 57, 38, 83, 44, 104, 62, 60, 89, 70, 69, 59, 79, 80, 72, 86, 73, 66, 65, 23, 5, 4, 21, 22, 20, 35, 37, 34, 33, 3, 100, 96, 98, 11, 31, 30, 24, 19, 84, 87, 82, 81, 88, 103, 95]",True,32665807416,32.665807416,"[102, 144, 10, 147, 146, 12, 71, 58, 134, 109, 48, 67, 61, 148, 133, 143, 7, 129, 130, 74, 128, 23, 31, 127, 91, 126, 125, 44, 132, 131, 54, 21, 141, 142, 53, 47, 15, 112, 78, 93, 85, 76, 110, 9, 63, 89, 64, 124, 123, 55, 77, 117, 90, 75, 92, 119, 8, 29, 41, 43, 27, 111, 108, 106, 115, 107, 6, 1, 2, 0, 114, 121, 120, 101, 42, 83, 103, 30, 97, 11, 100, 98, 96, 40, 5, 25, 24, 4, 3, 22, 20, 19, 35, 37, 84, 70, 34, 39, 46, 52, 50, 51, 68, 60, 62, 49, 45, 56, 57, 38, 33, 95, 104, 73, 69, 59, 66, 79, 80, 72, 65, 88, 94, 87, 86, 82, 81]","[81, 82, 86, 87, 94, 88, 65, 72, 80, 79, 66, 59, 69, 73, 104, 95, 33, 38, 57, 56, 45, 49, 62, 60, 68, 51, 50, 52, 46, 39, 34, 70, 84, 37, 35, 19, 20, 22, 3, 4, 24, 25, 5, 40, 96, 98, 100, 11, 97, 30, 103, 83, 42, 101, 120, 121, 114, 0, 2, 1, 6, 107, 115, 106, 108, 111, 27, 43, 41, 29, 8, 119, 92, 75, 90, 117, 77, 55, 123, 124, 64, 89, 63, 9, 110, 76, 85, 93, 78, 112, 15, 47, 53, 142, 141, 21, 54, 131, 132, 44, 125, 126, 91, 127, 31, 23, 128, 74, 130, 129, 7, 143, 133, 148, 61, 67, 48, 109, 134, 58, 71, 12, 146, 147, 10, 144, 102]",False,complete,186,186,7022,0,2921,24,2897,2000,1245,7,0,lowest_first,True,2,134,26,134,26,26,26,26
3,220464,13,24,125,"[13, 14, 16, 17, 18, 26, 28, 32, 36, 99, 102, 105, 116, 118, 122, 135, 136, 137, 138, 139, 140, 144, 145, 149]","[0, 1, 2, 3, 4, 5, 6, 7, 8, 9, 10, 11, 12, 15, 19, 20, 21, 22, 23, 24, 25, 27, 29, 30, 31, 33, 34, 35, 37, 38, 39, 40, 41, 42, 43, 44, 45, 46, 47, 48, 49, 50, 51, 52, 53, 54, 55, 56, 57, 58, 59, 60, 61, 62, 63, 64, 65, 66, 67, 68, 69, 70, 71, 72, 73, 74, 75, 76, 77, 78, 79, 80, 81, 82, 83, 84, 85, 86, 87, 88, 89, 90, 91, 92, 93, 94, 95, 96, 97, 98, 100, 101, 103, 104, 106, 107, 108, 109, 110, 111, 112, 114, 115, 117, 119, 120, 121, 123, 124, 125, 126, 127, 128, 129, 130, 131, 132, 133, 134, 141, 142, 143, 146, 147, 148]",{},[],0,"[122, 17, 18, 32, 137, 138, 139, 140, 13, 14, 116, 118, 136, 16, 36, 135, 26, 28, 99, 105, 145, 149, 102, 144, 10, 147, 146, 12, 58, 71, 134, 109, 67, 48, 78, 61, 85, 93, 133, 42, 40, 143, 25, 7, 130, 131, 132, 129, 52, 74, 76, 97, 128, 63, 94, 127, 91, 64, 126, 50, 125, 124, 123, 141, 142, 77, 55, 119, 53, 90, 92, 117, 75, 15, 8, 27, 43, 41, 29, 112, 148, 110, 9, 111, 108, 106, 115, 107, 6, 1, 2, 0, 114, 121, 120, 101, 54, 47, 46, 39, 51, 68, 45, 49, 56, 57, 38, 83, 44, 104, 62, 60, 89, 70, 69, 59, 79, 80, 72, 86, 73, 66, 65, 23, 5, 4, 21, 22, 20, 35, 37, 34, 33, 3, 100, 96, 98, 11, 31, 30, 24, 19, 84, 87, 82, 81, 88, 103, 95]",True,18445757822,18.445757822,"[10, 147, 146, 12, 71, 58, 134, 109, 78, 61, 67, 48, 93, 85, 133, 40, 42, 143, 25, 7, 130, 132, 131, 129, 74, 76, 52, 97, 128, 63, 94, 127, 91, 64, 126, 50, 125, 124, 123, 141, 142, 119, 75, 90, 117, 92, 55, 77, 53, 27, 41, 43, 8, 29, 15, 112, 148, 110, 9, 111, 108, 106, 115, 107, 6, 1, 2, 0, 114, 121, 120, 101, 54, 47, 46, 39, 51, 68, 45, 49, 56, 57, 38, 83, 44, 103, 62, 60, 89, 70, 69, 59, 79, 80, 72, 86, 73, 66, 65, 31, 30, 11, 24, 100, 98, 96, 84, 87, 82, 81, 88, 104, 95, 23, 5, 4, 3, 21, 22, 20, 19, 35, 37, 34, 33]","[33, 34, 37, 35, 19, 20, 22, 21, 3, 4, 5, 23, 95, 104, 88, 81, 82, 87, 84, 96, 98, 100, 24, 11, 30, 31, 65, 66, 73, 86, 72, 80, 79, 59, 69, 70, 89, 60, 62, 103, 44, 83, 38, 57, 56, 49, 45, 68, 51, 39, 46, 47, 54, 101, 120, 121, 114, 0, 2, 1, 6, 107, 115, 106, 108, 111, 9, 110, 148, 112, 15, 29, 8, 43, 41, 27, 53, 77, 55, 92, 117, 90, 75, 119, 142, 141, 123, 124, 125, 50, 126, 64, 91, 127, 94, 63, 128, 97, 52, 76, 74, 129, 131, 132, 130, 7, 25, 143, 42, 40, 133, 85, 93, 48, 67, 61, 78, 109, 134, 58, 71, 12, 146, 147, 10]",False,complete,125,125,6241,0,1482,0,1482,1592,110,0,0,lowest_first,True,2,94,28,94,28,28,28,28
3,220465,14,26,123,"[10, 13, 14, 16, 17, 18, 26, 28, 32, 36, 99, 102, 105, 116, 118, 122, 135, 136, 137, 138, 139, 140, 144, 145, 147, 149]","[0, 1, 2, 3, 4, 5, 6, 7, 8, 9, 11, 12, 15, 19, 20, 21, 22, 23, 24, 25, 27, 29, 30, 31, 33, 34, 35, 37, 38, 39, 40, 41, 42, 43, 44, 45, 46, 47, 48, 49, 50, 51, 52, 53, 54, 55, 56, 57, 58, 59, 60, 61, 62, 63, 64, 65, 66, 67, 68, 69, 70, 71, 72, 73, 74, 75, 76, 77, 78, 79, 80, 81, 82, 83, 84, 85, 86, 87, 88, 89, 90, 91, 92, 93, 94, 95, 96, 97, 98, 100, 101, 103, 104, 106, 107, 108, 109, 110, 111, 112, 114, 115, 117, 119, 120, 121, 123, 124, 125, 126, 127, 128, 129, 130, 131, 132, 133, 134, 141, 142, 143, 146, 148]",{},[],0,"[122, 17, 18, 32, 137, 138, 139, 140, 13, 14, 116, 118, 136, 16, 36, 135, 26, 28, 99, 105, 145, 149, 102, 144, 10, 147, 146, 12, 58, 71, 134, 109, 67, 48, 78, 61, 85, 93, 133, 42, 40, 143, 25, 7, 130, 131, 132, 129, 52, 74, 76, 97, 128, 63, 94, 127, 91, 64, 126, 50, 125, 124, 123, 141, 142, 77, 55, 119, 53, 90, 92, 117, 75, 15, 8, 27, 43, 41, 29, 112, 148, 110, 9, 111, 108, 106, 115, 107, 6, 1, 2, 0, 114, 121, 120, 101, 54, 47, 46, 39, 51, 68, 45, 49, 56, 57, 38, 83, 44, 104, 62, 60, 89, 70, 69, 59, 79, 80, 72, 86, 73, 66, 65, 23, 5, 4, 21, 22, 20, 35, 37, 34, 33, 3, 100, 96, 98, 11, 31, 30, 24, 19, 84, 87, 82, 81, 88, 103, 95]",True,18760428047,18.760428047,"[146, 12, 58, 71, 134, 109, 78, 48, 61, 67, 85, 93, 133, 42, 40, 143, 25, 7, 130, 132, 129, 131, 52, 76, 74, 97, 128, 63, 94, 127, 91, 64, 126, 50, 125, 124, 123, 141, 142, 119, 117, 55, 53, 90, 75, 77, 92, 15, 29, 41, 8, 27, 43, 112, 148, 110, 9, 111, 108, 106, 115, 107, 6, 1, 2, 0, 114, 121, 120, 101, 54, 47, 46, 39, 51, 68, 45, 49, 56, 57, 38, 83, 44, 103, 62, 60, 89, 70, 69, 59, 79, 80, 72, 86, 73, 66, 65, 31, 30, 11, 24, 100, 98, 96, 84, 82, 87, 81, 88, 104, 95, 23, 5, 4, 3, 21, 22, 20, 19, 35, 37, 34, 33]","[33, 34, 37, 35, 19, 20, 22, 21, 3, 4, 5, 23, 95, 104, 88, 81, 87, 82, 84, 96, 98, 100, 24, 11, 30, 31, 65, 66, 73, 86, 72, 80, 79, 59, 69, 70, 89, 60, 62, 103, 44, 83, 38, 57, 56, 49, 45, 68, 51, 39, 46, 47, 54, 101, 120, 121, 114, 0, 2, 1, 6, 107, 115, 106, 108, 111, 9, 110, 148, 112, 43, 27, 8, 41, 29, 15, 92, 77, 75, 90, 53, 55, 117, 119, 142, 141, 123, 124, 125, 50, 126, 64, 91, 127, 94, 63, 128, 97, 74, 76, 52, 131, 129, 132, 130, 7, 25, 143, 40, 42, 133, 93, 85, 67, 61, 48, 78, 109, 134, 71, 58, 12, 146]",False,complete,127,127,6144,0,1583,0,1583,1694,111,0,0,lowest_first,True,2,94,28,94,28,28,28,28
3,220466,15,28,121,"[10, 12, 13, 14, 16, 17, 18, 26, 28, 32, 36, 99, 102, 105, 116, 118, 122, 135, 136, 137, 138, 139, 140, 144, 145, 146, 147, 149]","[0, 1, 2, 3, 4, 5, 6, 7, 8, 9, 11, 15, 19, 20, 21, 22, 23, 24, 25, 27, 29, 30, 31, 33, 34, 35, 37, 38, 39, 40, 41, 42, 43, 44, 45, 46, 47, 48, 49, 50, 51, 52, 53, 54, 55, 56, 57, 58, 59, 60, 61, 62, 63, 64, 65, 66, 67, 68, 69, 70, 71, 72, 73, 74, 75, 76, 77, 78, 79, 80, 81, 82, 83, 84, 85, 86, 87, 88, 89, 90, 91, 92, 93, 94, 95, 96, 97, 98, 100, 101, 103, 104, 106, 107, 108, 109, 110, 111, 112, 114, 115, 117, 119, 120, 121, 123, 124, 125, 126, 127, 128, 129, 130, 131, 132, 133, 134, 141, 142, 143, 148]",{},[],0,"[122, 17, 18, 32, 137, 138, 139, 140, 13, 14, 116, 118, 136, 16, 36, 135, 26, 28, 99, 105, 145, 149, 102, 144, 10, 147, 146, 12, 58, 71, 134, 109, 67, 48, 78, 61, 85, 93, 133, 42, 40, 143, 25, 7, 130, 131, 132, 129, 52, 74, 76, 97, 128, 63, 94, 127, 91, 64, 126, 50, 125, 124, 123, 141, 142, 77, 55, 119, 53, 90, 92, 117, 75, 15, 8, 27, 43, 41, 29, 112, 148, 110, 9, 111, 108, 106, 115, 107, 6, 1, 2, 0, 114, 121, 120, 101, 54, 47, 46, 39, 51, 68, 45, 49, 56, 57, 38, 83, 44, 104, 62, 60, 89, 70, 69, 59, 79, 80, 72, 86, 73, 66, 65, 23, 5, 4, 21, 22, 20, 35, 37, 34, 33, 3, 100, 96, 98, 11, 31, 30, 24, 19, 84, 87, 82, 81, 88, 103, 95]",True,18709274927,18.709274927,"[71, 58, 134, 109, 67, 78, 61, 48, 85, 93, 133, 40, 42, 143, 25, 7, 130, 129, 131, 132, 54, 74, 76, 97, 128, 63, 94, 127, 89, 64, 126, 50, 125, 124, 123, 142, 141, 92, 119, 53, 117, 55, 77, 75, 90, 41, 8, 27, 15, 43, 29, 112, 148, 110, 9, 111, 108, 106, 115, 107, 6, 1, 2, 0, 114, 121, 120, 101, 52, 47, 46, 39, 51, 68, 45, 49, 56, 57, 38, 83, 44, 104, 62, 60, 91, 70, 69, 59, 79, 80, 72, 86, 73, 66, 65, 31, 30, 11, 24, 100, 98, 96, 84, 82, 87, 81, 88, 103, 95, 23, 5, 4, 3, 21, 22, 20, 19, 35, 37, 34, 33]","[33, 34, 37, 35, 19, 20, 22, 21, 3, 4, 5, 23, 95, 103, 88, 81, 87, 82, 84, 96, 98, 100, 24, 11, 30, 31, 65, 66, 73, 86, 72, 80, 79, 59, 69, 70, 91, 60, 62, 104, 44, 83, 38, 57, 56, 49, 45, 68, 51, 39, 46, 47, 52, 101, 120, 121, 114, 0, 2, 1, 6, 107, 115, 106, 108, 111, 9, 110, 148, 112, 29, 43, 15, 27, 8, 41, 90, 75, 77, 55, 117, 53, 119, 92, 141, 142, 123, 124, 125, 50, 126, 64, 89, 127, 94, 63, 128, 97, 76, 74, 54, 132, 131, 129, 130, 7, 25, 143, 42, 40, 133, 93, 85, 48, 61, 78, 67, 109, 134, 58, 71]",False,complete,125,125,5939,0,1583,0,1583,1694,111,0,0,lowest_first,True,2,94,28,94,28,28,28,28
3,220467,16,30,119,"[10, 12, 13, 14, 16, 17, 18, 26, 28, 32, 36, 58, 71, 99, 102, 105, 116, 118, 122, 135, 136, 137, 138, 139, 140, 144, 145, 146, 147, 149]","[0, 1, 2, 3, 4, 5, 6, 7, 8, 9, 11, 15, 19, 20, 21, 22, 23, 24, 25, 27, 29, 30, 31, 33, 34, 35, 37, 38, 39, 40, 41, 42, 43, 44, 45, 46, 47, 48, 49, 50, 51, 52, 53, 54, 55, 56, 57, 59, 60, 61, 62, 63, 64, 65, 66, 67, 68, 69, 70, 72, 73, 74, 75, 76, 77, 78, 79, 80, 81, 82, 83, 84, 85, 86, 87, 88, 89, 90, 91, 92, 93, 94, 95, 96, 97, 98, 100, 101, 103, 104, 106, 107, 108, 109, 110, 111, 112, 114, 115, 117, 119, 120, 121, 123, 124, 125, 126, 127, 128, 129, 130, 131, 132, 133, 134, 141, 142, 143, 148]",{},[],0,"[122, 17, 18, 32, 137, 138, 139, 140, 13, 14, 116, 118, 136, 16, 36, 135, 26, 28, 99, 105, 145, 149, 102, 144, 10, 147, 146, 12, 58, 71, 134, 109, 67, 48, 78, 61, 85, 93, 133, 42, 40, 143, 25, 7, 130, 131, 132, 129, 52, 74, 76, 97, 128, 63, 94, 127, 91, 64, 126, 50, 125, 124, 123, 141, 142, 77, 55, 119, 53, 90, 92, 117, 75, 15, 8, 27, 43, 41, 29, 112, 148, 110, 9, 111, 108, 106, 115, 107, 6, 1, 2, 0, 114, 121, 120, 101, 54, 47, 46, 39, 51, 68, 45, 49, 56, 57, 38, 83, 44, 104, 62, 60, 89, 70, 69, 59, 79, 80, 72, 86, 73, 66, 65, 23, 5, 4, 21, 22, 20, 35, 37, 34, 33, 3, 100, 96, 98, 11, 31, 30, 24, 19, 84, 87, 82, 81, 88, 103, 95]",True,24967295437,24.967295437,"[134, 109, 61, 48, 112, 85, 78, 133, 7, 93, 130, 131, 132, 129, 74, 76, 97, 128, 94, 50, 124, 126, 37, 143, 127, 89, 35, 91, 125, 103, 141, 142, 15, 123, 43, 27, 117, 119, 8, 148, 115, 110, 108, 29, 111, 9, 107, 114, 40, 52, 64, 55, 75, 53, 77, 92, 90, 41, 121, 63, 120, 101, 21, 106, 47, 6, 1, 2, 0, 42, 34, 39, 46, 54, 51, 33, 57, 56, 49, 45, 62, 67, 38, 83, 44, 68, 60, 70, 69, 59, 79, 80, 72, 86, 73, 66, 65, 25, 5, 20, 22, 23, 4, 3, 100, 96, 98, 11, 31, 30, 24, 19, 84, 87, 82, 81, 88, 104, 95]","[95, 104, 88, 81, 82, 87, 84, 19, 24, 30, 31, 11, 98, 96, 100, 3, 4, 23, 22, 20, 5, 25, 65, 66, 73, 86, 72, 80, 79, 59, 69, 70, 60, 68, 44, 83, 38, 67, 62, 45, 49, 56, 57, 33, 51, 54, 46, 39, 34, 42, 0, 2, 1, 6, 47, 106, 21, 101, 120, 63, 121, 41, 90, 92, 77, 53, 75, 55, 64, 52, 40, 114, 107, 9, 111, 29, 108, 110, 115, 148, 8, 119, 117, 27, 43, 123, 15, 142, 141, 103, 125, 91, 35, 89, 127, 143, 37, 126, 124, 50, 94, 128, 97, 76, 74, 129, 132, 131, 130, 93, 7, 133, 78, 85, 112, 48, 61, 109, 134]",False,complete,138,138,5842,0,2093,14,2079,2000,897,0,0,lowest_first,True,2,115,29,115,29,29,29,29
3,220468,17,32,117,"[10, 12, 13, 14, 16, 17, 18, 26, 28, 32, 36, 58, 71, 99, 102, 105, 109, 116, 118, 122, 134, 135, 136, 137, 138, 139, 140, 144, 145, 146, 147, 149]","[0, 1, 2, 3, 4, 5, 6, 7, 8, 9, 11, 15, 19, 20, 21, 22, 23, 24, 25, 27, 29, 30, 31, 33, 34, 35, 37, 38, 39, 40, 41, 42, 43, 44, 45, 46, 47, 48, 49, 50, 51, 52, 53, 54, 55, 56, 57, 59, 60, 61, 62, 63, 64, 65, 66, 67, 68, 69, 70, 72, 73, 74, 75, 76, 77, 78, 79, 80, 81, 82, 83, 84, 85, 86, 87, 88, 89, 90, 91, 92, 93, 94, 95, 96, 97, 98, 100, 101, 103, 104, 106, 107, 108, 110, 111, 112, 114, 115, 117, 119, 120, 121, 123, 124, 125, 126, 127, 128, 129, 130, 131, 132, 133, 141, 142, 143, 148]",{},[],0,"[122, 17, 18, 32, 137, 138, 139, 140, 13, 14, 116, 118, 136, 16, 36, 135, 26, 28, 99, 105, 145, 149, 102, 144, 10, 147, 146, 12, 58, 71, 134, 109, 67, 48, 78, 61, 85, 93, 133, 42, 40, 143, 25, 7, 130, 131, 132, 129, 52, 74, 76, 97, 128, 63, 94, 127, 91, 64, 126, 50, 125, 124, 123, 141, 142, 77, 55, 119, 53, 90, 92, 117, 75, 15, 8, 27, 43, 41, 29, 112, 148, 110, 9, 111, 108, 106, 115, 107, 6, 1, 2, 0, 114, 121, 120, 101, 54, 47, 46, 39, 51, 68, 45, 49, 56, 57, 38, 83, 44, 104, 62, 60, 89, 70, 69, 59, 79, 80, 72, 86, 73, 66, 65, 23, 5, 4, 21, 22, 20, 35, 37, 34, 33, 3, 100, 96, 98, 11, 31, 30, 24, 19, 84, 87, 82, 81, 88, 103, 95]",True,18772138877,18.772138877,"[48, 67, 78, 61, 93, 85, 133, 40, 42, 143, 25, 7, 130, 129, 131, 132, 76, 54, 74, 97, 128, 63, 94, 127, 91, 64, 126, 50, 125, 124, 123, 142, 141, 119, 117, 92, 75, 53, 77, 90, 55, 27, 43, 41, 15, 29, 8, 112, 148, 110, 9, 111, 108, 106, 115, 107, 6, 1, 2, 0, 114, 121, 120, 101, 52, 47, 46, 39, 51, 68, 45, 49, 56, 57, 38, 83, 44, 103, 62, 60, 89, 70, 69, 59, 79, 80, 72, 86, 73, 66, 65, 23, 5, 4, 21, 22, 20, 35, 37, 34, 33, 19, 100, 96, 98, 24, 30, 31, 11, 3, 84, 82, 87, 81, 88, 104, 95]","[95, 104, 88, 81, 87, 82, 84, 3, 11, 31, 30, 24, 98, 96, 100, 19, 33, 34, 37, 35, 20, 22, 21, 4, 5, 23, 65, 66, 73, 86, 72, 80, 79, 59, 69, 70, 89, 60, 62, 103, 44, 83, 38, 57, 56, 49, 45, 68, 51, 39, 46, 47, 52, 101, 120, 121, 114, 0, 2, 1, 6, 107, 115, 106, 108, 111, 9, 110, 148, 112, 8, 29, 15, 41, 43, 27, 55, 90, 77, 53, 75, 92, 117, 119, 141, 142, 123, 124, 125, 50, 126, 64, 91, 127, 94, 63, 128, 97, 74, 54, 76, 132, 131, 129, 130, 7, 25, 143, 42, 40, 133, 85, 93, 61, 78, 67, 48]",False,complete,122,122,5532,0,1614,1,1613,1737,124,0,0,lowest_first,True,2,105,29,105,29,29,29,29
3,220469,18,34,115,"[10, 12, 13, 14, 16, 17, 18, 26, 28, 32, 36, 48, 58, 67, 71, 99, 102, 105, 109, 116, 118, 122, 134, 135, 136, 137, 138, 139, 140, 144, 145, 146, 147, 149]","[0, 1, 2, 3, 4, 5, 6, 7, 8, 9, 11, 15, 19, 20, 21, 22, 23, 24, 25, 27, 29, 30, 31, 33, 34, 35, 37, 38, 39, 40, 41, 42, 43, 44, 45, 46, 47, 49, 50, 51, 52, 53, 54, 55, 56, 57, 59, 60, 61, 62, 63, 64, 65, 66, 68, 69, 70, 72, 73, 74, 75, 76, 77, 78, 79, 80, 81, 82, 83, 84, 85, 86, 87, 88, 89, 90, 91, 92, 93, 94, 95, 96, 97, 98, 100, 101, 103, 104, 106, 107, 108, 110, 111, 112, 114, 115, 117, 119, 120, 121, 123, 124, 125, 126, 127, 128, 129, 130, 131, 132, 133, 141, 142, 143, 148]",{},[],0,"[122, 17, 18, 32, 137, 138, 139, 140, 13, 14, 116, 118, 136, 16, 36, 135, 26, 28, 99, 105, 145, 149, 102, 144, 10, 147, 146, 12, 58, 71, 134, 109, 67, 48, 78, 61, 85, 93, 133, 42, 40, 143, 25, 7, 130, 131, 132, 129, 52, 74, 76, 97, 128, 63, 94, 127, 91, 64, 126, 50, 125, 124, 123, 141, 142, 77, 55, 119, 53, 90, 92, 117, 75, 15, 8, 27, 43, 41, 29, 112, 148, 110, 9, 111, 108, 106, 115, 107, 6, 1, 2, 0, 114, 121, 120, 101, 54, 47, 46, 39, 51, 68, 45, 49, 56, 57, 38, 83, 44, 104, 62, 60, 89, 70, 69, 59, 79, 80, 72, 86, 73, 66, 65, 23, 5, 4, 21, 22, 20, 35, 37, 34, 33, 3, 100, 96, 98, 11, 31, 30, 24, 19, 84, 87, 82, 81, 88, 103, 95]",True,18453045191,18.453045191,"[78, 61, 93, 85, 133, 42, 40, 143, 25, 7, 129, 131, 130, 132, 76, 52, 74, 97, 128, 63, 94, 127, 91, 64, 126, 50, 125, 124, 123, 141, 142, 77, 55, 75, 92, 90, 119, 53, 117, 15, 41, 27, 29, 43, 8, 112, 148, 110, 9, 111, 108, 106, 115, 107, 6, 1, 2, 0, 114, 121, 120, 101, 54, 47, 46, 39, 51, 68, 45, 49, 56, 57, 38, 83, 44, 104, 62, 60, 89, 70, 69, 59, 79, 80, 72, 86, 73, 66, 65, 31, 30, 11, 24, 100, 98, 96, 84, 87, 82, 81, 88, 103, 95, 23, 5, 4, 3, 21, 22, 20, 19, 35, 37, 34, 33]","[33, 34, 37, 35, 19, 20, 22, 21, 3, 4, 5, 23, 95, 103, 88, 81, 82, 87, 84, 96, 98, 100, 24, 11, 30, 31, 65, 66, 73, 86, 72, 80, 79, 59, 69, 70, 89, 60, 62, 104, 44, 83, 38, 57, 56, 49, 45, 68, 51, 39, 46, 47, 54, 101, 120, 121, 114, 0, 2, 1, 6, 107, 115, 106, 108, 111, 9, 110, 148, 112, 8, 43, 29, 27, 41, 15, 117, 53, 119, 90, 92, 75, 55, 77, 142, 141, 123, 124, 125, 50, 126, 64, 91, 127, 94, 63, 128, 97, 74, 52, 76, 132, 130, 131, 129, 7, 25, 143, 40, 42, 133, 85, 93, 61, 78]",False,complete,119,119,5351,0,1561,0,1561,1672,111,0,0,lowest_first,True,2,94,28,94,28,28,28,28
3,220470,19,36,113,"[10, 12, 13, 14, 16, 17, 18, 26, 28, 32, 36, 48, 58, 61, 67, 71, 78, 99, 102, 105, 109, 116, 118, 122, 134, 135, 136, 137, 138, 139, 140, 144, 145, 146, 147, 149]","[0, 1, 2, 3, 4, 5, 6, 7, 8, 9, 11, 15, 19, 20, 21, 22, 23, 24, 25, 27, 29, 30, 31, 33, 34, 35, 37, 38, 39, 40, 41, 42, 43, 44, 45, 46, 47, 49, 50, 51, 52, 53, 54, 55, 56, 57, 59, 60, 62, 63, 64, 65, 66, 68, 69, 70, 72, 73, 74, 75, 76, 77, 79, 80, 81, 82, 83, 84, 85, 86, 87, 88, 89, 90, 91, 92, 93, 94, 95, 96, 97, 98, 100, 101, 103, 104, 106, 107, 108, 110, 111, 112, 114, 115, 117, 119, 120, 121, 123, 124, 125, 126, 127, 128, 129, 130, 131, 132, 133, 141, 142, 143, 148]",{},[],0,"[122, 17, 18, 32, 137, 138, 139, 140, 13, 14, 116, 118, 136, 16, 36, 135, 26, 28, 99, 105, 145, 149, 102, 144, 10, 147, 146, 12, 58, 71, 134, 109, 67, 48, 78, 61, 85, 93, 133, 42, 40, 143, 25, 7, 130, 131, 132, 129, 52, 74, 76, 97, 128, 63, 94, 127, 91, 64, 126, 50, 125, 124, 123, 141, 142, 77, 55, 119, 53, 90, 92, 117, 75, 15, 8, 27, 43, 41, 29, 112, 148, 110, 9, 111, 108, 106, 115, 107, 6, 1, 2, 0, 114, 121, 120, 101, 54, 47, 46, 39, 51, 68, 45, 49, 56, 57, 38, 83, 44, 104, 62, 60, 89, 70, 69, 59, 79, 80, 72, 86, 73, 66, 65, 23, 5, 4, 21, 22, 20, 35, 37, 34, 33, 3, 100, 96, 98, 11, 31, 30, 24, 19, 84, 87, 82, 81, 88, 103, 95]",True,18305863767,18.305863767,"[93, 85, 133, 42, 40, 143, 25, 7, 129, 130, 131, 132, 76, 52, 74, 97, 128, 63, 94, 127, 89, 64, 126, 50, 125, 124, 123, 142, 141, 53, 90, 119, 92, 77, 117, 75, 55, 15, 41, 8, 29, 43, 27, 112, 148, 110, 9, 111, 108, 106, 115, 107, 6, 1, 2, 0, 114, 121, 120, 101, 54, 47, 46, 39, 51, 68, 45, 49, 56, 57, 38, 83, 44, 104, 62, 60, 91, 70, 69, 59, 79, 80, 72, 86, 73, 66, 65, 31, 30, 24, 11, 100, 98, 96, 84, 87, 82, 81, 88, 103, 95, 23, 5, 4, 3, 21, 22, 20, 19, 35, 37, 34, 33]","[33, 34, 37, 35, 19, 20, 22, 21, 3, 4, 5, 23, 95, 103, 88, 81, 82, 87, 84, 96, 98, 100, 11, 24, 30, 31, 65, 66, 73, 86, 72, 80, 79, 59, 69, 70, 91, 60, 62, 104, 44, 83, 38, 57, 56, 49, 45, 68, 51, 39, 46, 47, 54, 101, 120, 121, 114, 0, 2, 1, 6, 107, 115, 106, 108, 111, 9, 110, 148, 112, 27, 43, 29, 8, 41, 15, 55, 75, 117, 77, 92, 119, 90, 53, 141, 142, 123, 124, 125, 50, 126, 64, 89, 127, 94, 63, 128, 97, 74, 52, 76, 132, 131, 130, 129, 7, 25, 143, 40, 42, 133, 85, 93]",False,complete,117,117,5159,0,1558,0,1558,1669,111,0,0,lowest_first,True,2,94,28,94,28,28,28,28
3,220471,20,38,111,"[10, 12, 13, 14, 16, 17, 18, 26, 28, 32, 36, 48, 58, 61, 67, 71, 78, 85, 93, 99, 102, 105, 109, 116, 118, 122, 134, 135, 136, 137, 138, 139, 140, 144, 145, 146, 147, 149]","[0, 1, 2, 3, 4, 5, 6, 7, 8, 9, 11, 15, 19, 20, 21, 22, 23, 24, 25, 27, 29, 30, 31, 33, 34, 35, 37, 38, 39, 40, 41, 42, 43, 44, 45, 46, 47, 49, 50, 51, 52, 53, 54, 55, 56, 57, 59, 60, 62, 63, 64, 65, 66, 68, 69, 70, 72, 73, 74, 75, 76, 77, 79, 80, 81, 82, 83, 84, 86, 87, 88, 89, 90, 91, 92, 94, 95, 96, 97, 98, 100, 101, 103, 104, 106, 107, 108, 110, 111, 112, 114, 115, 117, 119, 120, 121, 123, 124, 125, 126, 127, 128, 129, 130, 131, 132, 133, 141, 142, 143, 148]",{},[],0,"[122, 17, 18, 32, 137, 138, 139, 140, 13, 14, 116, 118, 136, 16, 36, 135, 26, 28, 99, 105, 145, 149, 102, 144, 10, 147, 146, 12, 58, 71, 134, 109, 67, 48, 78, 61, 85, 93, 133, 42, 40, 143, 25, 7, 130, 131, 132, 129, 52, 74, 76, 97, 128, 63, 94, 127, 91, 64, 126, 50, 125, 124, 123, 141, 142, 77, 55, 119, 53, 90, 92, 117, 75, 15, 8, 27, 43, 41, 29, 112, 148, 110, 9, 111, 108, 106, 115, 107, 6, 1, 2, 0, 114, 121, 120, 101, 54, 47, 46, 39, 51, 68, 45, 49, 56, 57, 38, 83, 44, 104, 62, 60, 89, 70, 69, 59, 79, 80, 72, 86, 73, 66, 65, 23, 5, 4, 21, 22, 20, 35, 37, 34, 33, 3, 100, 96, 98, 11, 31, 30, 24, 19, 84, 87, 82, 81, 88, 103, 95]",True,17156153779,17.156153779,"[133, 42, 40, 143, 25, 7, 129, 130, 132, 131, 54, 76, 74, 97, 128, 63, 94, 127, 91, 64, 126, 50, 125, 124, 123, 142, 141, 75, 53, 90, 55, 117, 119, 92, 77, 8, 27, 43, 15, 29, 41, 112, 148, 110, 9, 111, 108, 106, 115, 107, 6, 1, 2, 0, 114, 121, 120, 101, 52, 47, 46, 39, 51, 68, 45, 49, 56, 57, 38, 83, 44, 104, 62, 60, 89, 70, 69, 59, 79, 80, 72, 86, 73, 66, 65, 31, 30, 11, 24, 100, 98, 96, 84, 82, 87, 81, 88, 103, 95, 23, 5, 4, 3, 21, 22, 20, 19, 35, 37, 34, 33]","[33, 34, 37, 35, 19, 20, 22, 21, 3, 4, 5, 23, 95, 103, 88, 81, 87, 82, 84, 96, 98, 100, 24, 11, 30, 31, 65, 66, 73, 86, 72, 80, 79, 59, 69, 70, 89, 60, 62, 104, 44, 83, 38, 57, 56, 49, 45, 68, 51, 39, 46, 47, 52, 101, 120, 121, 114, 0, 2, 1, 6, 107, 115, 106, 108, 111, 9, 110, 148, 112, 41, 29, 15, 43, 27, 8, 77, 92, 119, 117, 55, 90, 53, 75, 141, 142, 123, 124, 125, 50, 126, 64, 91, 127, 94, 63, 128, 97, 74, 76, 54, 131, 132, 130, 129, 7, 25, 143, 40, 42, 133]",False,complete,111,111,4862,0,1447,0,1447,1557,110,0,0,lowest_first,True,2,94,28,94,28,28,28,28
3,220472,21,40,109,"[10, 12, 13, 14, 16, 17, 18, 26, 28, 32, 36, 42, 48, 58, 61, 67, 71, 78, 85, 93, 99, 102, 105, 109, 116, 118, 122, 133, 134, 135, 136, 137, 138, 139, 140, 144, 145, 146, 147, 149]","[0, 1, 2, 3, 4, 5, 6, 7, 8, 9, 11, 15, 19, 20, 21, 22, 23, 24, 25, 27, 29, 30, 31, 33, 34, 35, 37, 38, 39, 40, 41, 43, 44, 45, 46, 47, 49, 50, 51, 52, 53, 54, 55, 56, 57, 59, 60, 62, 63, 64, 65, 66, 68, 69, 70, 72, 73, 74, 75, 76, 77, 79, 80, 81, 82, 83, 84, 86, 87, 88, 89, 90, 91, 92, 94, 95, 96, 97, 98, 100, 101, 103, 104, 106, 107, 108, 110, 111, 112, 114, 115, 117, 119, 120, 121, 123, 124, 125, 126, 127, 128, 129, 130, 131, 132, 141, 142, 143, 148]",{},[],0,"[122, 17, 18, 32, 137, 138, 139, 140, 13, 14, 116, 118, 136, 16, 36, 135, 26, 28, 99, 105, 145, 149, 102, 144, 10, 147, 146, 12, 58, 71, 134, 109, 67, 48, 78, 61, 85, 93, 133, 42, 40, 143, 25, 7, 130, 131, 132, 129, 52, 74, 76, 97, 128, 63, 94, 127, 91, 64, 126, 50, 125, 124, 123, 141, 142, 77, 55, 119, 53, 90, 92, 117, 75, 15, 8, 27, 43, 41, 29, 112, 148, 110, 9, 111, 108, 106, 115, 107, 6, 1, 2, 0, 114, 121, 120, 101, 54, 47, 46, 39, 51, 68, 45, 49, 56, 57, 38, 83, 44, 104, 62, 60, 89, 70, 69, 59, 79, 80, 72, 86, 73, 66, 65, 23, 5, 4, 21, 22, 20, 35, 37, 34, 33, 3, 100, 96, 98, 11, 31, 30, 24, 19, 84, 87, 82, 81, 88, 103, 95]",True,18206800875,18.206800875,"[40, 143, 25, 7, 132, 130, 129, 131, 74, 52, 76, 97, 128, 63, 94, 127, 89, 64, 126, 50, 125, 124, 123, 142, 141, 119, 92, 77, 55, 117, 53, 90, 75, 15, 41, 8, 43, 27, 29, 112, 148, 110, 9, 111, 108, 106, 115, 107, 6, 1, 2, 0, 114, 121, 120, 101, 54, 47, 46, 39, 51, 68, 45, 49, 56, 57, 38, 83, 44, 103, 62, 60, 91, 70, 69, 59, 79, 80, 72, 86, 73, 66, 65, 23, 5, 4, 21, 22, 20, 35, 37, 34, 33, 19, 100, 96, 98, 24, 30, 31, 11, 3, 84, 82, 87, 81, 88, 104, 95]","[95, 104, 88, 81, 87, 82, 84, 3, 11, 31, 30, 24, 98, 96, 100, 19, 33, 34, 37, 35, 20, 22, 21, 4, 5, 23, 65, 66, 73, 86, 72, 80, 79, 59, 69, 70, 91, 60, 62, 103, 44, 83, 38, 57, 56, 49, 45, 68, 51, 39, 46, 47, 54, 101, 120, 121, 114, 0, 2, 1, 6, 107, 115, 106, 108, 111, 9, 110, 148, 112, 29, 27, 43, 8, 41, 15, 75, 90, 53, 117, 55, 77, 92, 119, 141, 142, 123, 124, 125, 50, 126, 64, 89, 127, 94, 63, 128, 97, 76, 52, 74, 131, 129, 130, 132, 7, 25, 143, 40]",False,complete,114,114,4758,0,1590,1,1589,1713,124,0,0,lowest_first,True,2,105,29,105,29,29,29,29
3,220473,22,42,107,"[10, 12, 13, 14, 16, 17, 18, 26, 28, 32, 36, 40, 42, 48, 58, 61, 67, 71, 78, 85, 93, 99, 102, 105, 109, 116, 118, 122, 133, 134, 135, 136, 137, 138, 139, 140, 143, 144, 145, 146, 147, 149]","[0, 1, 2, 3, 4, 5, 6, 7, 8, 9, 11, 15, 19, 20, 21, 22, 23, 24, 25, 27, 29, 30, 31, 33, 34, 35, 37, 38, 39, 41, 43, 44, 45, 46, 47, 49, 50, 51, 52, 53, 54, 55, 56, 57, 59, 60, 62, 63, 64, 65, 66, 68, 69, 70, 72, 73, 74, 75, 76, 77, 79, 80, 81, 82, 83, 84, 86, 87, 88, 89, 90, 91, 92, 94, 95, 96, 97, 98, 100, 101, 103, 104, 106, 107, 108, 110, 111, 112, 114, 115, 117, 119, 120, 121, 123, 124, 125, 126, 127, 128, 129, 130, 131, 132, 141, 142, 148]",{},[],0,"[122, 17, 18, 32, 137, 138, 139, 140, 13, 14, 116, 118, 136, 16, 36, 135, 26, 28, 99, 105, 145, 149, 102, 144, 10, 147, 146, 12, 58, 71, 134, 109, 67, 48, 78, 61, 85, 93, 133, 42, 40, 143, 25, 7, 130, 131, 132, 129, 52, 74, 76, 97, 128, 63, 94, 127, 91, 64, 126, 50, 125, 124, 123, 141, 142, 77, 55, 119, 53, 90, 92, 117, 75, 15, 8, 27, 43, 41, 29, 112, 148, 110, 9, 111, 108, 106, 115, 107, 6, 1, 2, 0, 114, 121, 120, 101, 54, 47, 46, 39, 51, 68, 45, 49, 56, 57, 38, 83, 44, 104, 62, 60, 89, 70, 69, 59, 79, 80, 72, 86, 73, 66, 65, 23, 5, 4, 21, 22, 20, 35, 37, 34, 33, 3, 100, 96, 98, 11, 31, 30, 24, 19, 84, 87, 82, 81, 88, 103, 95]",True,17129830968,17.129830968,"[25, 7, 132, 131, 130, 129, 74, 76, 54, 97, 128, 63, 94, 127, 89, 64, 126, 50, 125, 124, 123, 141, 142, 53, 119, 77, 90, 117, 75, 55, 92, 8, 29, 43, 41, 15, 27, 112, 148, 110, 9, 111, 108, 106, 115, 107, 6, 1, 2, 0, 114, 121, 120, 101, 52, 47, 46, 39, 51, 68, 45, 49, 56, 57, 38, 83, 44, 103, 62, 60, 91, 70, 69, 59, 79, 80, 72, 86, 73, 66, 65, 31, 30, 11, 24, 100, 98, 96, 84, 87, 82, 81, 88, 104, 95, 23, 5, 4, 3, 21, 22, 20, 19, 35, 37, 34, 33]","[33, 34, 37, 35, 19, 20, 22, 21, 3, 4, 5, 23, 95, 104, 88, 81, 82, 87, 84, 96, 98, 100, 24, 11, 30, 31, 65, 66, 73, 86, 72, 80, 79, 59, 69, 70, 91, 60, 62, 103, 44, 83, 38, 57, 56, 49, 45, 68, 51, 39, 46, 47, 52, 101, 120, 121, 114, 0, 2, 1, 6, 107, 115, 106, 108, 111, 9, 110, 148, 112, 27, 15, 41, 43, 29, 8, 92, 55, 75, 117, 90, 77, 119, 53, 142, 141, 123, 124, 125, 50, 126, 64, 89, 127, 94, 63, 128, 97, 54, 76, 74, 129, 130, 131, 132, 7, 25]",False,complete,107,107,4482,0,1434,0,1434,1544,110,0,0,lowest_first,True,2,94,28,94,28,28,28,28
3,220474,23,44,105,"[7, 10, 12, 13, 14, 16, 17, 18, 25, 26, 28, 32, 36, 40, 42, 48, 58, 61, 67, 71, 78, 85, 93, 99, 102, 105, 109, 116, 118, 122, 133, 134, 135, 136, 137, 138, 139, 140, 143, 144, 145, 146, 147, 149]","[0, 1, 2, 3, 4, 5, 6, 8, 9, 11, 15, 19, 20, 21, 22, 23, 24, 27, 29, 30, 31, 33, 34, 35, 37, 38, 39, 41, 43, 44, 45, 46, 47, 49, 50, 51, 52, 53, 54, 55, 56, 57, 59, 60, 62, 63, 64, 65, 66, 68, 69, 70, 72, 73, 74, 75, 76, 77, 79, 80, 81, 82, 83, 84, 86, 87, 88, 89, 90, 91, 92, 94, 95, 96, 97, 98, 100, 101, 103, 104, 106, 107, 108, 110, 111, 112, 114, 115, 117, 119, 120, 121, 123, 124, 125, 126, 127, 128, 129, 130, 131, 132, 141, 142, 148]",{},[],0,"[122, 17, 18, 32, 137, 138, 139, 140, 13, 14, 116, 118, 136, 16, 36, 135, 26, 28, 99, 105, 145, 149, 102, 144, 10, 147, 146, 12, 58, 71, 134, 109, 67, 48, 78, 61, 85, 93, 133, 42, 40, 143, 25, 7, 130, 131, 132, 129, 52, 74, 76, 97, 128, 63, 94, 127, 91, 64, 126, 50, 125, 124, 123, 141, 142, 77, 55, 119, 53, 90, 92, 117, 75, 15, 8, 27, 43, 41, 29, 112, 148, 110, 9, 111, 108, 106, 115, 107, 6, 1, 2, 0, 114, 121, 120, 101, 54, 47, 46, 39, 51, 68, 45, 49, 56, 57, 38, 83, 44, 104, 62, 60, 89, 70, 69, 59, 79, 80, 72, 86, 73, 66, 65, 23, 5, 4, 21, 22, 20, 35, 37, 34, 33, 3, 100, 96, 98, 11, 31, 30, 24, 19, 84, 87, 82, 81, 88, 103, 95]",True,17813746344,17.813746344,"[131, 129, 132, 130, 52, 74, 76, 97, 128, 63, 94, 127, 91, 64, 126, 50, 125, 124, 123, 141, 142, 77, 90, 117, 55, 53, 119, 75, 92, 41, 27, 29, 43, 8, 15, 112, 148, 110, 9, 111, 108, 106, 115, 107, 6, 1, 2, 0, 114, 121, 120, 101, 54, 47, 46, 39, 51, 68, 45, 49, 56, 57, 38, 83, 44, 104, 62, 60, 89, 70, 69, 59, 79, 80, 72, 86, 73, 66, 65, 31, 30, 24, 11, 100, 98, 96, 84, 82, 87, 81, 88, 103, 95, 23, 5, 4, 3, 21, 22, 20, 19, 35, 37, 34, 33]","[33, 34, 37, 35, 19, 20, 22, 21, 3, 4, 5, 23, 95, 103, 88, 81, 87, 82, 84, 96, 98, 100, 11, 24, 30, 31, 65, 66, 73, 86, 72, 80, 79, 59, 69, 70, 89, 60, 62, 104, 44, 83, 38, 57, 56, 49, 45, 68, 51, 39, 46, 47, 54, 101, 120, 121, 114, 0, 2, 1, 6, 107, 115, 106, 108, 111, 9, 110, 148, 112, 15, 8, 43, 29, 27, 41, 92, 75, 119, 53, 55, 117, 90, 77, 142, 141, 123, 124, 125, 50, 126, 64, 91, 127, 94, 63, 128, 97, 76, 74, 52, 130, 132, 129, 131]",False,complete,109,109,4396,0,1535,0,1535,1646,111,0,0,lowest_first,True,2,94,28,94,28,28,28,28
3,220475,24,46,103,"[7, 10, 12, 13, 14, 16, 17, 18, 25, 26, 28, 32, 36, 40, 42, 48, 58, 61, 67, 71, 78, 85, 93, 99, 102, 105, 109, 116, 118, 122, 130, 131, 133, 134, 135, 136, 137, 138, 139, 140, 143, 144, 145, 146, 147, 149]","[0, 1, 2, 3, 4, 5, 6, 8, 9, 11, 15, 19, 20, 21, 22, 23, 24, 27, 29, 30, 31, 33, 34, 35, 37, 38, 39, 41, 43, 44, 45, 46, 47, 49, 50, 51, 52, 53, 54, 55, 56, 57, 59, 60, 62, 63, 64, 65, 66, 68, 69, 70, 72, 73, 74, 75, 76, 77, 79, 80, 81, 82, 83, 84, 86, 87, 88, 89, 90, 91, 92, 94, 95, 96, 97, 98, 100, 101, 103, 104, 106, 107, 108, 110, 111, 112, 114, 115, 117, 119, 120, 121, 123, 124, 125, 126, 127, 128, 129, 132, 141, 142, 148]",{},[],0,"[122, 17, 18, 32, 137, 138, 139, 140, 13, 14, 116, 118, 136, 16, 36, 135, 26, 28, 99, 105, 145, 149, 102, 144, 10, 147, 146, 12, 58, 71, 134, 109, 67, 48, 78, 61, 85, 93, 133, 42, 40, 143, 25, 7, 130, 131, 132, 129, 52, 74, 76, 97, 128, 63, 94, 127, 91, 64, 126, 50, 125, 124, 123, 141, 142, 77, 55, 119, 53, 90, 92, 117, 75, 15, 8, 27, 43, 41, 29, 112, 148, 110, 9, 111, 108, 106, 115, 107, 6, 1, 2, 0, 114, 121, 120, 101, 54, 47, 46, 39, 51, 68, 45, 49, 56, 57, 38, 83, 44, 104, 62, 60, 89, 70, 69, 59, 79, 80, 72, 86, 73, 66, 65, 23, 5, 4, 21, 22, 20, 35, 37, 34, 33, 3, 100, 96, 98, 11, 31, 30, 24, 19, 84, 87, 82, 81, 88, 103, 95]",True,17513431187,17.513431187,"[129, 132, 74, 52, 76, 97, 128, 63, 94, 127, 91, 64, 126, 50, 125, 124, 123, 141, 142, 77, 90, 119, 117, 53, 55, 75, 92, 27, 43, 15, 8, 29, 41, 112, 148, 110, 9, 111, 108, 106, 115, 107, 6, 1, 2, 0, 114, 121, 120, 101, 54, 47, 46, 39, 51, 68, 45, 49, 56, 57, 38, 83, 44, 104, 62, 60, 89, 70, 69, 59, 79, 80, 72, 86, 73, 66, 65, 31, 30, 24, 11, 100, 98, 96, 84, 87, 82, 81, 88, 103, 95, 23, 5, 4, 3, 21, 22, 20, 19, 35, 37, 34, 33]","[33, 34, 37, 35, 19, 20, 22, 21, 3, 4, 5, 23, 95, 103, 88, 81, 82, 87, 84, 96, 98, 100, 11, 24, 30, 31, 65, 66, 73, 86, 72, 80, 79, 59, 69, 70, 89, 60, 62, 104, 44, 83, 38, 57, 56, 49, 45, 68, 51, 39, 46, 47, 54, 101, 120, 121, 114, 0, 2, 1, 6, 107, 115, 106, 108, 111, 9, 110, 148, 112, 41, 29, 8, 15, 43, 27, 92, 75, 55, 53, 117, 119, 90, 77, 142, 141, 123, 124, 125, 50, 126, 64, 91, 127, 94, 63, 128, 97, 76, 52, 74, 132, 129]",False,complete,107,107,4216,0,1520,0,1520,1631,111,0,0,lowest_first,True,2,94,28,94,28,28,28,28
3,220476,25,48,101,"[7, 10, 12, 13, 14, 16, 17, 18, 25, 26, 28, 32, 36, 40, 42, 48, 58, 61, 67, 71, 78, 85, 93, 99, 102, 105, 109, 116, 118, 122, 129, 130, 131, 132, 133, 134, 135, 136, 137, 138, 139, 140, 143, 144, 145, 146, 147, 149]","[0, 1, 2, 3, 4, 5, 6, 8, 9, 11, 15, 19, 20, 21, 22, 23, 24, 27, 29, 30, 31, 33, 34, 35, 37, 38, 39, 41, 43, 44, 45, 46, 47, 49, 50, 51, 52, 53, 54, 55, 56, 57, 59, 60, 62, 63, 64, 65, 66, 68, 69, 70, 72, 73, 74, 75, 76, 77, 79, 80, 81, 82, 83, 84, 86, 87, 88, 89, 90, 91, 92, 94, 95, 96, 97, 98, 100, 101, 103, 104, 106, 107, 108, 110, 111, 112, 114, 115, 117, 119, 120, 121, 123, 124, 125, 126, 127, 128, 141, 142, 148]",{},[],0,"[122, 17, 18, 32, 137, 138, 139, 140, 13, 14, 116, 118, 136, 16, 36, 135, 26, 28, 99, 105, 145, 149, 102, 144, 10, 147, 146, 12, 58, 71, 134, 109, 67, 48, 78, 61, 85, 93, 133, 42, 40, 143, 25, 7, 130, 131, 132, 129, 52, 74, 76, 97, 128, 63, 94, 127, 91, 64, 126, 50, 125, 124, 123, 141, 142, 77, 55, 119, 53, 90, 92, 117, 75, 15, 8, 27, 43, 41, 29, 112, 148, 110, 9, 111, 108, 106, 115, 107, 6, 1, 2, 0, 114, 121, 120, 101, 54, 47, 46, 39, 51, 68, 45, 49, 56, 57, 38, 83, 44, 104, 62, 60, 89, 70, 69, 59, 79, 80, 72, 86, 73, 66, 65, 23, 5, 4, 21, 22, 20, 35, 37, 34, 33, 3, 100, 96, 98, 11, 31, 30, 24, 19, 84, 87, 82, 81, 88, 103, 95]",True,17578989490,17.578989490,"[52, 74, 76, 97, 128, 63, 94, 127, 91, 64, 126, 50, 125, 124, 123, 141, 142, 90, 53, 119, 77, 55, 75, 92, 117, 8, 27, 29, 41, 43, 15, 112, 148, 110, 9, 111, 108, 106, 115, 107, 6, 1, 2, 0, 114, 121, 120, 101, 54, 47, 46, 39, 51, 68, 45, 49, 56, 57, 38, 83, 44, 103, 62, 60, 89, 70, 69, 59, 79, 80, 72, 86, 73, 66, 65, 31, 30, 11, 24, 100, 98, 96, 84, 82, 87, 81, 88, 104, 95, 23, 5, 4, 3, 21, 22, 20, 19, 35, 37, 34, 33]","[33, 34, 37, 35, 19, 20, 22, 21, 3, 4, 5, 23, 95, 104, 88, 81, 87, 82, 84, 96, 98, 100, 24, 11, 30, 31, 65, 66, 73, 86, 72, 80, 79, 59, 69, 70, 89, 60, 62, 103, 44, 83, 38, 57, 56, 49, 45, 68, 51, 39, 46, 47, 54, 101, 120, 121, 114, 0, 2, 1, 6, 107, 115, 106, 108, 111, 9, 110, 148, 112, 15, 43, 41, 29, 27, 8, 117, 92, 75, 55, 77, 119, 53, 90, 142, 141, 123, 124, 125, 50, 126, 64, 91, 127, 94, 63, 128, 97, 76, 74, 52]",False,complete,105,105,4038,0,1512,0,1512,1623,111,0,0,lowest_first,True,2,94,28,94,28,28,28,28
3,220477,26,50,99,"[7, 10, 12, 13, 14, 16, 17, 18, 25, 26, 28, 32, 36, 40, 42, 48, 52, 58, 61, 67, 71, 74, 78, 85, 93, 99, 102, 105, 109, 116, 118, 122, 129, 130, 131, 132, 133, 134, 135, 136, 137, 138, 139, 140, 143, 144, 145, 146, 147, 149]","[0, 1, 2, 3, 4, 5, 6, 8, 9, 11, 15, 19, 20, 21, 22, 23, 24, 27, 29, 30, 31, 33, 34, 35, 37, 38, 39, 41, 43, 44, 45, 46, 47, 49, 50, 51, 53, 54, 55, 56, 57, 59, 60, 62, 63, 64, 65, 66, 68, 69, 70, 72, 73, 75, 76, 77, 79, 80, 81, 82, 83, 84, 86, 87, 88, 89, 90, 91, 92, 94, 95, 96, 97, 98, 100, 101, 103, 104, 106, 107, 108, 110, 111, 112, 114, 115, 117, 119, 120, 121, 123, 124, 125, 126, 127, 128, 141, 142, 148]",{},[],0,"[122, 17, 18, 32, 137, 138, 139, 140, 13, 14, 116, 118, 136, 16, 36, 135, 26, 28, 99, 105, 145, 149, 102, 144, 10, 147, 146, 12, 58, 71, 134, 109, 67, 48, 78, 61, 85, 93, 133, 42, 40, 143, 25, 7, 130, 131, 132, 129, 52, 74, 76, 97, 128, 63, 94, 127, 91, 64, 126, 50, 125, 124, 123, 141, 142, 77, 55, 119, 53, 90, 92, 117, 75, 15, 8, 27, 43, 41, 29, 112, 148, 110, 9, 111, 108, 106, 115, 107, 6, 1, 2, 0, 114, 121, 120, 101, 54, 47, 46, 39, 51, 68, 45, 49, 56, 57, 38, 83, 44, 104, 62, 60, 89, 70, 69, 59, 79, 80, 72, 86, 73, 66, 65, 23, 5, 4, 21, 22, 20, 35, 37, 34, 33, 3, 100, 96, 98, 11, 31, 30, 24, 19, 84, 87, 82, 81, 88, 103, 95]",True,16236809958,16.236809958,"[76, 97, 128, 63, 94, 127, 91, 64, 126, 50, 125, 124, 123, 141, 142, 55, 90, 75, 117, 77, 119, 92, 53, 43, 41, 27, 15, 8, 29, 112, 148, 110, 9, 111, 108, 106, 115, 107, 6, 1, 2, 0, 114, 121, 120, 101, 54, 47, 46, 39, 51, 68, 45, 49, 56, 57, 38, 83, 44, 103, 62, 60, 89, 70, 69, 59, 79, 80, 72, 86, 73, 66, 65, 23, 5, 4, 21, 22, 20, 35, 37, 34, 33, 19, 100, 96, 98, 24, 30, 31, 11, 3, 84, 87, 82, 81, 88, 104, 95]","[95, 104, 88, 81, 82, 87, 84, 3, 11, 31, 30, 24, 98, 96, 100, 19, 33, 34, 37, 35, 20, 22, 21, 4, 5, 23, 65, 66, 73, 86, 72, 80, 79, 59, 69, 70, 89, 60, 62, 103, 44, 83, 38, 57, 56, 49, 45, 68, 51, 39, 46, 47, 54, 101, 120, 121, 114, 0, 2, 1, 6, 107, 115, 106, 108, 111, 9, 110, 148, 112, 29, 8, 15, 27, 41, 43, 53, 92, 119, 77, 117, 75, 90, 55, 142, 141, 123, 124, 125, 50, 126, 64, 91, 127, 94, 63, 128, 97, 76]",False,complete,100,100,3751,0,1442,1,1441,1564,123,0,0,lowest_first,True,2,105,29,105,29,29,29,29
3,220478,27,52,97,"[7, 10, 12, 13, 14, 16, 17, 18, 25, 26, 28, 32, 36, 40, 42, 48, 52, 58, 61, 67, 71, 74, 76, 78, 85, 93, 97, 99, 102, 105, 109, 116, 118, 122, 129, 130, 131, 132, 133, 134, 135, 136, 137, 138, 139, 140, 143, 144, 145, 146, 147, 149]","[0, 1, 2, 3, 4, 5, 6, 8, 9, 11, 15, 19, 20, 21, 22, 23, 24, 27, 29, 30, 31, 33, 34, 35, 37, 38, 39, 41, 43, 44, 45, 46, 47, 49, 50, 51, 53, 54, 55, 56, 57, 59, 60, 62, 63, 64, 65, 66, 68, 69, 70, 72, 73, 75, 77, 79, 80, 81, 82, 83, 84, 86, 87, 88, 89, 90, 91, 92, 94, 95, 96, 98, 100, 101, 103, 104, 106, 107, 108, 110, 111, 112, 114, 115, 117, 119, 120, 121, 123, 124, 125, 126, 127, 128, 141, 142, 148]",{},[],0,"[122, 17, 18, 32, 137, 138, 139, 140, 13, 14, 116, 118, 136, 16, 36, 135, 26, 28, 99, 105, 145, 149, 102, 144, 10, 147, 146, 12, 58, 71, 134, 109, 67, 48, 78, 61, 85, 93, 133, 42, 40, 143, 25, 7, 130, 131, 132, 129, 52, 74, 76, 97, 128, 63, 94, 127, 91, 64, 126, 50, 125, 124, 123, 141, 142, 77, 55, 119, 53, 90, 92, 117, 75, 15, 8, 27, 43, 41, 29, 112, 148, 110, 9, 111, 108, 106, 115, 107, 6, 1, 2, 0, 114, 121, 120, 101, 54, 47, 46, 39, 51, 68, 45, 49, 56, 57, 38, 83, 44, 104, 62, 60, 89, 70, 69, 59, 79, 80, 72, 86, 73, 66, 65, 23, 5, 4, 21, 22, 20, 35, 37, 34, 33, 3, 100, 96, 98, 11, 31, 30, 24, 19, 84, 87, 82, 81, 88, 103, 95]",True,17223248059,17.223248059,"[128, 63, 94, 127, 91, 64, 126, 50, 125, 124, 123, 141, 142, 77, 75, 90, 55, 92, 119, 53, 117, 41, 29, 43, 15, 27, 8, 112, 148, 110, 9, 111, 108, 106, 115, 107, 6, 1, 2, 0, 114, 121, 120, 101, 54, 47, 46, 39, 51, 68, 45, 49, 56, 57, 38, 83, 44, 103, 62, 60, 89, 70, 69, 59, 79, 80, 72, 86, 73, 66, 65, 23, 5, 4, 21, 22, 20, 35, 37, 34, 33, 19, 100, 96, 98, 24, 30, 31, 11, 3, 84, 82, 87, 81, 88, 104, 95]","[95, 104, 88, 81, 87, 82, 84, 3, 11, 31, 30, 24, 98, 96, 100, 19, 33, 34, 37, 35, 20, 22, 21, 4, 5, 23, 65, 66, 73, 86, 72, 80, 79, 59, 69, 70, 89, 60, 62, 103, 44, 83, 38, 57, 56, 49, 45, 68, 51, 39, 46, 47, 54, 101, 120, 121, 114, 0, 2, 1, 6, 107, 115, 106, 108, 111, 9, 110, 148, 112, 8, 27, 15, 43, 29, 41, 117, 53, 119, 92, 55, 90, 75, 77, 142, 141, 123, 124, 125, 50, 126, 64, 91, 127, 94, 63, 128]",False,complete,102,102,3681,0,1534,1,1533,1657,124,0,0,lowest_first,True,2,105,29,105,29,29,29,29
3,220479,28,54,95,"[7, 10, 12, 13, 14, 16, 17, 18, 25, 26, 28, 32, 36, 40, 42, 48, 52, 58, 61, 63, 67, 71, 74, 76, 78, 85, 93, 97, 99, 102, 105, 109, 116, 118, 122, 128, 129, 130, 131, 132, 133, 134, 135, 136, 137, 138, 139, 140, 143, 144, 145, 146, 147, 149]","[0, 1, 2, 3, 4, 5, 6, 8, 9, 11, 15, 19, 20, 21, 22, 23, 24, 27, 29, 30, 31, 33, 34, 35, 37, 38, 39, 41, 43, 44, 45, 46, 47, 49, 50, 51, 53, 54, 55, 56, 57, 59, 60, 62, 64, 65, 66, 68, 69, 70, 72, 73, 75, 77, 79, 80, 81, 82, 83, 84, 86, 87, 88, 89, 90, 91, 92, 94, 95, 96, 98, 100, 101, 103, 104, 106, 107, 108, 110, 111, 112, 114, 115, 117, 119, 120, 121, 123, 124, 125, 126, 127, 141, 142, 148]",{},[],0,"[122, 17, 18, 32, 137, 138, 139, 140, 13, 14, 116, 118, 136, 16, 36, 135, 26, 28, 99, 105, 145, 149, 102, 144, 10, 147, 146, 12, 58, 71, 134, 109, 67, 48, 78, 61, 85, 93, 133, 42, 40, 143, 25, 7, 130, 131, 132, 129, 52, 74, 76, 97, 128, 63, 94, 127, 91, 64, 126, 50, 125, 124, 123, 141, 142, 77, 55, 119, 53, 90, 92, 117, 75, 15, 8, 27, 43, 41, 29, 112, 148, 110, 9, 111, 108, 106, 115, 107, 6, 1, 2, 0, 114, 121, 120, 101, 54, 47, 46, 39, 51, 68, 45, 49, 56, 57, 38, 83, 44, 104, 62, 60, 89, 70, 69, 59, 79, 80, 72, 86, 73, 66, 65, 23, 5, 4, 21, 22, 20, 35, 37, 34, 33, 3, 100, 96, 98, 11, 31, 30, 24, 19, 84, 87, 82, 81, 88, 103, 95]",True,16559185220,16.559185220,"[94, 127, 89, 64, 126, 50, 125, 124, 123, 142, 141, 77, 90, 55, 92, 53, 117, 119, 75, 27, 41, 15, 8, 29, 43, 112, 148, 110, 9, 111, 108, 106, 115, 107, 6, 1, 2, 0, 114, 121, 120, 101, 54, 47, 46, 39, 51, 68, 45, 49, 56, 57, 38, 83, 44, 103, 62, 60, 91, 70, 69, 59, 79, 80, 72, 86, 73, 66, 65, 23, 5, 4, 21, 22, 20, 35, 37, 34, 33, 3, 100, 96, 98, 11, 31, 30, 24, 19, 84, 82, 87, 81, 88, 104, 95]","[95, 104, 88, 81, 87, 82, 84, 19, 24, 30, 31, 11, 98, 96, 100, 3, 33, 34, 37, 35, 20, 22, 21, 4, 5, 23, 65, 66, 73, 86, 72, 80, 79, 59, 69, 70, 91, 60, 62, 103, 44, 83, 38, 57, 56, 49, 45, 68, 51, 39, 46, 47, 54, 101, 120, 121, 114, 0, 2, 1, 6, 107, 115, 106, 108, 111, 9, 110, 148, 112, 43, 29, 8, 15, 41, 27, 75, 119, 117, 53, 92, 55, 90, 77, 141, 142, 123, 124, 125, 50, 126, 64, 89, 127, 94]",False,complete,100,100,3521,0,1518,1,1517,1641,124,0,0,lowest_first,True,2,104,29,104,29,29,29,29
3,220480,29,56,93,"[7, 10, 12, 13, 14, 16, 17, 18, 25, 26, 28, 32, 36, 40, 42, 48, 52, 58, 61, 63, 67, 71, 74, 76, 78, 85, 93, 94, 97, 99, 102, 105, 109, 116, 118, 122, 127, 128, 129, 130, 131, 132, 133, 134, 135, 136, 137, 138, 139, 140, 143, 144, 145, 146, 147, 149]","[0, 1, 2, 3, 4, 5, 6, 8, 9, 11, 15, 19, 20, 21, 22, 23, 24, 27, 29, 30, 31, 33, 34, 35, 37, 38, 39, 41, 43, 44, 45, 46, 47, 49, 50, 51, 53, 54, 55, 56, 57, 59, 60, 62, 64, 65, 66, 68, 69, 70, 72, 73, 75, 77, 79, 80, 81, 82, 83, 84, 86, 87, 88, 89, 90, 91, 92, 95, 96, 98, 100, 101, 103, 104, 106, 107, 108, 110, 111, 112, 114, 115, 117, 119, 120, 121, 123, 124, 125, 126, 141, 142, 148]",{},[],0,"[122, 17, 18, 32, 137, 138, 139, 140, 13, 14, 116, 118, 136, 16, 36, 135, 26, 28, 99, 105, 145, 149, 102, 144, 10, 147, 146, 12, 58, 71, 134, 109, 67, 48, 78, 61, 85, 93, 133, 42, 40, 143, 25, 7, 130, 131, 132, 129, 52, 74, 76, 97, 128, 63, 94, 127, 91, 64, 126, 50, 125, 124, 123, 141, 142, 77, 55, 119, 53, 90, 92, 117, 75, 15, 8, 27, 43, 41, 29, 112, 148, 110, 9, 111, 108, 106, 115, 107, 6, 1, 2, 0, 114, 121, 120, 101, 54, 47, 46, 39, 51, 68, 45, 49, 56, 57, 38, 83, 44, 104, 62, 60, 89, 70, 69, 59, 79, 80, 72, 86, 73, 66, 65, 23, 5, 4, 21, 22, 20, 35, 37, 34, 33, 3, 100, 96, 98, 11, 31, 30, 24, 19, 84, 87, 82, 81, 88, 103, 95]",True,15211092722,15.211092722,"[89, 64, 126, 50, 125, 124, 123, 142, 141, 75, 92, 117, 90, 77, 55, 53, 119, 41, 27, 29, 15, 8, 43, 112, 148, 110, 9, 111, 108, 106, 115, 107, 6, 1, 2, 0, 114, 121, 120, 101, 54, 47, 46, 39, 51, 68, 45, 49, 56, 57, 38, 83, 44, 103, 62, 60, 91, 70, 69, 59, 79, 80, 72, 86, 73, 66, 65, 23, 5, 4, 21, 22, 20, 35, 37, 34, 33, 3, 100, 96, 98, 11, 31, 30, 24, 19, 84, 82, 87, 81, 88, 104, 95]","[95, 104, 88, 81, 87, 82, 84, 19, 24, 30, 31, 11, 98, 96, 100, 3, 33, 34, 37, 35, 20, 22, 21, 4, 5, 23, 65, 66, 73, 86, 72, 80, 79, 59, 69, 70, 91, 60, 62, 103, 44, 83, 38, 57, 56, 49, 45, 68, 51, 39, 46, 47, 54, 101, 120, 121, 114, 0, 2, 1, 6, 107, 115, 106, 108, 111, 9, 110, 148, 112, 43, 8, 15, 29, 27, 41, 119, 53, 55, 77, 90, 117, 92, 75, 141, 142, 123, 124, 125, 50, 126, 64, 89]",False,complete,94,94,3251,0,1387,1,1386,1509,123,0,0,lowest_first,True,2,104,29,104,29,29,29,29
3,220481,30,58,91,"[7, 10, 12, 13, 14, 16, 17, 18, 25, 26, 28, 32, 36, 40, 42, 48, 52, 58, 61, 63, 64, 67, 71, 74, 76, 78, 85, 91, 93, 94, 97, 99, 102, 105, 109, 116, 118, 122, 127, 128, 129, 130, 131, 132, 133, 134, 135, 136, 137, 138, 139, 140, 143, 144, 145, 146, 147, 149]","[0, 1, 2, 3, 4, 5, 6, 8, 9, 11, 15, 19, 20, 21, 22, 23, 24, 27, 29, 30, 31, 33, 34, 35, 37, 38, 39, 41, 43, 44, 45, 46, 47, 49, 50, 51, 53, 54, 55, 56, 57, 59, 60, 62, 65, 66, 68, 69, 70, 72, 73, 75, 77, 79, 80, 81, 82, 83, 84, 86, 87, 88, 89, 90, 92, 95, 96, 98, 100, 101, 103, 104, 106, 107, 108, 110, 111, 112, 114, 115, 117, 119, 120, 121, 123, 124, 125, 126, 141, 142, 148]",{},[],0,"[122, 17, 18, 32, 137, 138, 139, 140, 13, 14, 116, 118, 136, 16, 36, 135, 26, 28, 99, 105, 145, 149, 102, 144, 10, 147, 146, 12, 58, 71, 134, 109, 67, 48, 78, 61, 85, 93, 133, 42, 40, 143, 25, 7, 130, 131, 132, 129, 52, 74, 76, 97, 128, 63, 94, 127, 91, 64, 126, 50, 125, 124, 123, 141, 142, 77, 55, 119, 53, 90, 92, 117, 75, 15, 8, 27, 43, 41, 29, 112, 148, 110, 9, 111, 108, 106, 115, 107, 6, 1, 2, 0, 114, 121, 120, 101, 54, 47, 46, 39, 51, 68, 45, 49, 56, 57, 38, 83, 44, 104, 62, 60, 89, 70, 69, 59, 79, 80, 72, 86, 73, 66, 65, 23, 5, 4, 21, 22, 20, 35, 37, 34, 33, 3, 100, 96, 98, 11, 31, 30, 24, 19, 84, 87, 82, 81, 88, 103, 95]",True,15653865885,15.653865885,"[126, 50, 125, 124, 123, 142, 141, 55, 53, 90, 92, 117, 119, 75, 77, 29, 43, 41, 8, 15, 27, 112, 148, 110, 9, 111, 108, 106, 115, 107, 6, 1, 2, 0, 114, 121, 120, 101, 54, 47, 46, 39, 51, 68, 45, 49, 56, 57, 38, 83, 44, 103, 62, 60, 89, 70, 69, 59, 79, 80, 72, 86, 73, 66, 65, 31, 30, 11, 24, 100, 98, 96, 84, 87, 82, 81, 88, 104, 95, 23, 5, 4, 3, 21, 22, 20, 19, 35, 37, 34, 33]","[33, 34, 37, 35, 19, 20, 22, 21, 3, 4, 5, 23, 95, 104, 88, 81, 82, 87, 84, 96, 98, 100, 24, 11, 30, 31, 65, 66, 73, 86, 72, 80, 79, 59, 69, 70, 89, 60, 62, 103, 44, 83, 38, 57, 56, 49, 45, 68, 51, 39, 46, 47, 54, 101, 120, 121, 114, 0, 2, 1, 6, 107, 115, 106, 108, 111, 9, 110, 148, 112, 27, 15, 8, 41, 43, 29, 77, 75, 119, 117, 92, 90, 53, 55, 141, 142, 123, 124, 125, 50, 126]",False,complete,95,95,3204,0,1424,0,1424,1535,111,0,0,lowest_first,True,2,94,28,94,28,28,28,28
3,220482,31,60,89,"[7, 10, 12, 13, 14, 16, 17, 18, 25, 26, 28, 32, 36, 40, 42, 48, 50, 52, 58, 61, 63, 64, 67, 71, 74, 76, 78, 85, 91, 93, 94, 97, 99, 102, 105, 109, 116, 118, 122, 126, 127, 128, 129, 130, 131, 132, 133, 134, 135, 136, 137, 138, 139, 140, 143, 144, 145, 146, 147, 149]","[0, 1, 2, 3, 4, 5, 6, 8, 9, 11, 15, 19, 20, 21, 22, 23, 24, 27, 29, 30, 31, 33, 34, 35, 37, 38, 39, 41, 43, 44, 45, 46, 47, 49, 51, 53, 54, 55, 56, 57, 59, 60, 62, 65, 66, 68, 69, 70, 72, 73, 75, 77, 79, 80, 81, 82, 83, 84, 86, 87, 88, 89, 90, 92, 95, 96, 98, 100, 101, 103, 104, 106, 107, 108, 110, 111, 112, 114, 115, 117, 119, 120, 121, 123, 124, 125, 141, 142, 148]",{},[],0,"[122, 17, 18, 32, 137, 138, 139, 140, 13, 14, 116, 118, 136, 16, 36, 135, 26, 28, 99, 105, 145, 149, 102, 144, 10, 147, 146, 12, 58, 71, 134, 109, 67, 48, 78, 61, 85, 93, 133, 42, 40, 143, 25, 7, 130, 131, 132, 129, 52, 74, 76, 97, 128, 63, 94, 127, 91, 64, 126, 50, 125, 124, 123, 141, 142, 77, 55, 119, 53, 90, 92, 117, 75, 15, 8, 27, 43, 41, 29, 112, 148, 110, 9, 111, 108, 106, 115, 107, 6, 1, 2, 0, 114, 121, 120, 101, 54, 47, 46, 39, 51, 68, 45, 49, 56, 57, 38, 83, 44, 104, 62, 60, 89, 70, 69, 59, 79, 80, 72, 86, 73, 66, 65, 23, 5, 4, 21, 22, 20, 35, 37, 34, 33, 3, 100, 96, 98, 11, 31, 30, 24, 19, 84, 87, 82, 81, 88, 103, 95]",True,15362571366,15.362571366,"[125, 124, 123, 141, 142, 92, 119, 53, 117, 75, 77, 55, 90, 43, 41, 27, 29, 8, 15, 112, 148, 110, 9, 111, 108, 106, 115, 107, 6, 1, 2, 0, 114, 121, 120, 101, 54, 47, 46, 39, 51, 68, 45, 49, 56, 57, 38, 83, 44, 104, 62, 60, 89, 70, 69, 59, 79, 80, 72, 86, 73, 66, 65, 23, 5, 4, 21, 22, 20, 35, 37, 34, 33, 19, 100, 96, 98, 24, 30, 31, 11, 3, 84, 82, 87, 81, 88, 103, 95]","[95, 103, 88, 81, 87, 82, 84, 3, 11, 31, 30, 24, 98, 96, 100, 19, 33, 34, 37, 35, 20, 22, 21, 4, 5, 23, 65, 66, 73, 86, 72, 80, 79, 59, 69, 70, 89, 60, 62, 104, 44, 83, 38, 57, 56, 49, 45, 68, 51, 39, 46, 47, 54, 101, 120, 121, 114, 0, 2, 1, 6, 107, 115, 106, 108, 111, 9, 110, 148, 112, 15, 8, 29, 27, 41, 43, 90, 55, 77, 75, 117, 53, 119, 92, 142, 141, 123, 124, 125]",False,complete,94,94,3030,0,1433,1,1432,1556,124,0,0,lowest_first,True,2,105,29,105,29,29,29,29
3,220483,32,62,87,"[7, 10, 12, 13, 14, 16, 17, 18, 25, 26, 28, 32, 36, 40, 42, 48, 50, 52, 58, 61, 63, 64, 67, 71, 74, 76, 78, 85, 91, 93, 94, 97, 99, 102, 105, 109, 116, 118, 122, 124, 125, 126, 127, 128, 129, 130, 131, 132, 133, 134, 135, 136, 137, 138, 139, 140, 143, 144, 145, 146, 147, 149]","[0, 1, 2, 3, 4, 5, 6, 8, 9, 11, 15, 19, 20, 21, 22, 23, 24, 27, 29, 30, 31, 33, 34, 35, 37, 38, 39, 41, 43, 44, 45, 46, 47, 49, 51, 53, 54, 55, 56, 57, 59, 60, 62, 65, 66, 68, 69, 70, 72, 73, 75, 77, 79, 80, 81, 82, 83, 84, 86, 87, 88, 89, 90, 92, 95, 96, 98, 100, 101, 103, 104, 106, 107, 108, 110, 111, 112, 114, 115, 117, 119, 120, 121, 123, 141, 142, 148]",{},[],0,"[122, 17, 18, 32, 137, 138, 139, 140, 13, 14, 116, 118, 136, 16, 36, 135, 26, 28, 99, 105, 145, 149, 102, 144, 10, 147, 146, 12, 58, 71, 134, 109, 67, 48, 78, 61, 85, 93, 133, 42, 40, 143, 25, 7, 130, 131, 132, 129, 52, 74, 76, 97, 128, 63, 94, 127, 91, 64, 126, 50, 125, 124, 123, 141, 142, 77, 55, 119, 53, 90, 92, 117, 75, 15, 8, 27, 43, 41, 29, 112, 148, 110, 9, 111, 108, 106, 115, 107, 6, 1, 2, 0, 114, 121, 120, 101, 54, 47, 46, 39, 51, 68, 45, 49, 56, 57, 38, 83, 44, 104, 62, 60, 89, 70, 69, 59, 79, 80, 72, 86, 73, 66, 65, 23, 5, 4, 21, 22, 20, 35, 37, 34, 33, 3, 100, 96, 98, 11, 31, 30, 24, 19, 84, 87, 82, 81, 88, 103, 95]",True,13980630966,13.980630966,"[123, 141, 142, 117, 75, 53, 55, 90, 119, 77, 92, 15, 43, 8, 41, 27, 29, 112, 148, 110, 9, 111, 108, 106, 115, 107, 6, 1, 2, 0, 114, 121, 120, 101, 54, 47, 46, 39, 51, 68, 45, 49, 56, 57, 38, 83, 44, 104, 62, 60, 89, 70, 69, 59, 79, 80, 72, 86, 73, 66, 65, 31, 30, 24, 11, 100, 98, 96, 84, 87, 82, 81, 88, 103, 95, 23, 5, 4, 3, 21, 22, 20, 19, 35, 37, 34, 33]","[33, 34, 37, 35, 19, 20, 22, 21, 3, 4, 5, 23, 95, 103, 88, 81, 82, 87, 84, 96, 98, 100, 11, 24, 30, 31, 65, 66, 73, 86, 72, 80, 79, 59, 69, 70, 89, 60, 62, 104, 44, 83, 38, 57, 56, 49, 45, 68, 51, 39, 46, 47, 54, 101, 120, 121, 114, 0, 2, 1, 6, 107, 115, 106, 108, 111, 9, 110, 148, 112, 29, 27, 41, 8, 43, 15, 92, 77, 119, 90, 55, 53, 75, 117, 142, 141, 123]",False,complete,91,91,2889,0,1332,0,1332,1443,111,0,0,lowest_first,True,2,94,28,94,28,28,28,28
3,220484,33,64,85,"[7, 10, 12, 13, 14, 16, 17, 18, 25, 26, 28, 32, 36, 40, 42, 48, 50, 52, 58, 61, 63, 64, 67, 71, 74, 76, 78, 85, 91, 93, 94, 97, 99, 102, 105, 109, 116, 118, 122, 123, 124, 125, 126, 127, 128, 129, 130, 131, 132, 133, 134, 135, 136, 137, 138, 139, 140, 141, 143, 144, 145, 146, 147, 149]","[0, 1, 2, 3, 4, 5, 6, 8, 9, 11, 15, 19, 20, 21, 22, 23, 24, 27, 29, 30, 31, 33, 34, 35, 37, 38, 39, 41, 43, 44, 45, 46, 47, 49, 51, 53, 54, 55, 56, 57, 59, 60, 62, 65, 66, 68, 69, 70, 72, 73, 75, 77, 79, 80, 81, 82, 83, 84, 86, 87, 88, 89, 90, 92, 95, 96, 98, 100, 101, 103, 104, 106, 107, 108, 110, 111, 112, 114, 115, 117, 119, 120, 121, 142, 148]",{},[],0,"[122, 17, 18, 32, 137, 138, 139, 140, 13, 14, 116, 118, 136, 16, 36, 135, 26, 28, 99, 105, 145, 149, 102, 144, 10, 147, 146, 12, 58, 71, 134, 109, 67, 48, 78, 61, 85, 93, 133, 42, 40, 143, 25, 7, 130, 131, 132, 129, 52, 74, 76, 97, 128, 63, 94, 127, 91, 64, 126, 50, 125, 124, 123, 141, 142, 77, 55, 119, 53, 90, 92, 117, 75, 15, 8, 27, 43, 41, 29, 112, 148, 110, 9, 111, 108, 106, 115, 107, 6, 1, 2, 0, 114, 121, 120, 101, 54, 47, 46, 39, 51, 68, 45, 49, 56, 57, 38, 83, 44, 104, 62, 60, 89, 70, 69, 59, 79, 80, 72, 86, 73, 66, 65, 23, 5, 4, 21, 22, 20, 35, 37, 34, 33, 3, 100, 96, 98, 11, 31, 30, 24, 19, 84, 87, 82, 81, 88, 103, 95]",True,13223295023,13.223295023,"[142, 75, 77, 55, 117, 119, 92, 53, 90, 8, 29, 43, 15, 41, 27, 112, 148, 110, 9, 111, 108, 106, 115, 107, 6, 1, 2, 0, 114, 121, 120, 101, 54, 47, 46, 39, 51, 68, 45, 49, 56, 57, 38, 83, 44, 104, 62, 60, 89, 70, 69, 59, 79, 80, 72, 86, 73, 66, 65, 23, 5, 4, 21, 22, 20, 35, 37, 34, 33, 19, 100, 96, 98, 24, 30, 31, 11, 3, 84, 87, 82, 81, 88, 103, 95]","[95, 103, 88, 81, 82, 87, 84, 3, 11, 31, 30, 24, 98, 96, 100, 19, 33, 34, 37, 35, 20, 22, 21, 4, 5, 23, 65, 66, 73, 86, 72, 80, 79, 59, 69, 70, 89, 60, 62, 104, 44, 83, 38, 57, 56, 49, 45, 68, 51, 39, 46, 47, 54, 101, 120, 121, 114, 0, 2, 1, 6, 107, 115, 106, 108, 111, 9, 110, 148, 112, 27, 41, 15, 43, 29, 8, 90, 53, 92, 119, 117, 55, 77, 75, 142]",False,complete,90,90,2731,0,1318,1,1317,1441,124,0,0,lowest_first,True,2,105,29,105,29,29,29,29
3,220485,34,66,83,"[7, 10, 12, 13, 14, 16, 17, 18, 25, 26, 28, 32, 36, 40, 42, 48, 50, 52, 58, 61, 63, 64, 67, 71, 74, 76, 77, 78, 85, 91, 93, 94, 97, 99, 102, 105, 109, 116, 118, 122, 123, 124, 125, 126, 127, 128, 129, 130, 131, 132, 133, 134, 135, 136, 137, 138, 139, 140, 141, 142, 143, 144, 145, 146, 147, 149]","[0, 1, 2, 3, 4, 5, 6, 8, 9, 11, 15, 19, 20, 21, 22, 23, 24, 27, 29, 30, 31, 33, 34, 35, 37, 38, 39, 41, 43, 44, 45, 46, 47, 49, 51, 53, 54, 55, 56, 57, 59, 60, 62, 65, 66, 68, 69, 70, 72, 73, 75, 79, 80, 81, 82, 83, 84, 86, 87, 88, 89, 90, 92, 95, 96, 98, 100, 101, 103, 104, 106, 107, 108, 110, 111, 112, 114, 115, 117, 119, 120, 121, 148]",{},[],0,"[122, 17, 18, 32, 137, 138, 139, 140, 13, 14, 116, 118, 136, 16, 36, 135, 26, 28, 99, 105, 145, 149, 102, 144, 10, 147, 146, 12, 58, 71, 134, 109, 67, 48, 78, 61, 85, 93, 133, 42, 40, 143, 25, 7, 130, 131, 132, 129, 52, 74, 76, 97, 128, 63, 94, 127, 91, 64, 126, 50, 125, 124, 123, 141, 142, 77, 55, 119, 53, 90, 92, 117, 75, 15, 8, 27, 43, 41, 29, 112, 148, 110, 9, 111, 108, 106, 115, 107, 6, 1, 2, 0, 114, 121, 120, 101, 54, 47, 46, 39, 51, 68, 45, 49, 56, 57, 38, 83, 44, 104, 62, 60, 89, 70, 69, 59, 79, 80, 72, 86, 73, 66, 65, 23, 5, 4, 21, 22, 20, 35, 37, 34, 33, 3, 100, 96, 98, 11, 31, 30, 24, 19, 84, 87, 82, 81, 88, 103, 95]",True,11172962094,11.172962094,"[75, 117, 119, 53, 90, 92, 55, 43, 15, 8, 29, 41, 27, 112, 148, 110, 9, 111, 108, 106, 115, 107, 6, 1, 2, 0, 114, 121, 120, 101, 54, 47, 46, 39, 51, 68, 45, 49, 56, 57, 38, 83, 44, 103, 62, 60, 89, 70, 69, 59, 79, 80, 72, 86, 73, 66, 65, 31, 30, 24, 11, 100, 98, 96, 84, 87, 82, 81, 88, 104, 95, 23, 5, 4, 3, 21, 22, 20, 19, 35, 37, 34, 33]","[33, 34, 37, 35, 19, 20, 22, 21, 3, 4, 5, 23, 95, 104, 88, 81, 82, 87, 84, 96, 98, 100, 11, 24, 30, 31, 65, 66, 73, 86, 72, 80, 79, 59, 69, 70, 89, 60, 62, 103, 44, 83, 38, 57, 56, 49, 45, 68, 51, 39, 46, 47, 54, 101, 120, 121, 114, 0, 2, 1, 6, 107, 115, 106, 108, 111, 9, 110, 148, 112, 27, 41, 29, 8, 15, 43, 55, 92, 90, 53, 119, 117, 75]",False,complete,83,83,2500,0,1109,0,1109,1219,110,0,0,lowest_first,True,2,94,28,94,28,28,28,28
3,220486,35,68,81,"[7, 10, 12, 13, 14, 16, 17, 18, 25, 26, 28, 32, 36, 40, 42, 48, 50, 52, 55, 58, 61, 63, 64, 67, 71, 74, 76, 77, 78, 85, 91, 93, 94, 97, 99, 102, 105, 109, 116, 118, 119, 122, 123, 124, 125, 126, 127, 128, 129, 130, 131, 132, 133, 134, 135, 136, 137, 138, 139, 140, 141, 142, 143, 144, 145, 146, 147, 149]","[0, 1, 2, 3, 4, 5, 6, 8, 9, 11, 15, 19, 20, 21, 22, 23, 24, 27, 29, 30, 31, 33, 34, 35, 37, 38, 39, 41, 43, 44, 45, 46, 47, 49, 51, 53, 54, 56, 57, 59, 60, 62, 65, 66, 68, 69, 70, 72, 73, 75, 79, 80, 81, 82, 83, 84, 86, 87, 88, 89, 90, 92, 95, 96, 98, 100, 101, 103, 104, 106, 107, 108, 110, 111, 112, 114, 115, 117, 120, 121, 148]",{},[],0,"[122, 17, 18, 32, 137, 138, 139, 140, 13, 14, 116, 118, 136, 16, 36, 135, 26, 28, 99, 105, 145, 149, 102, 144, 10, 147, 146, 12, 58, 71, 134, 109, 67, 48, 78, 61, 85, 93, 133, 42, 40, 143, 25, 7, 130, 131, 132, 129, 52, 74, 76, 97, 128, 63, 94, 127, 91, 64, 126, 50, 125, 124, 123, 141, 142, 77, 55, 119, 53, 90, 92, 117, 75, 15, 8, 27, 43, 41, 29, 112, 148, 110, 9, 111, 108, 106, 115, 107, 6, 1, 2, 0, 114, 121, 120, 101, 54, 47, 46, 39, 51, 68, 45, 49, 56, 57, 38, 83, 44, 104, 62, 60, 89, 70, 69, 59, 79, 80, 72, 86, 73, 66, 65, 23, 5, 4, 21, 22, 20, 35, 37, 34, 33, 3, 100, 96, 98, 11, 31, 30, 24, 19, 84, 87, 82, 81, 88, 103, 95]",True,10425123644,10.425123644,"[75, 53, 92, 90, 117, 29, 43, 8, 41, 27, 15, 112, 148, 110, 9, 111, 108, 106, 115, 107, 6, 1, 2, 0, 114, 121, 120, 101, 54, 47, 46, 39, 51, 68, 45, 49, 56, 57, 38, 83, 44, 104, 62, 60, 89, 70, 69, 59, 79, 80, 72, 86, 73, 66, 65, 23, 5, 4, 21, 22, 20, 35, 37, 34, 33, 3, 100, 96, 98, 11, 31, 30, 24, 19, 84, 82, 87, 81, 88, 103, 95]","[95, 103, 88, 81, 87, 82, 84, 19, 24, 30, 31, 11, 98, 96, 100, 3, 33, 34, 37, 35, 20, 22, 21, 4, 5, 23, 65, 66, 73, 86, 72, 80, 79, 59, 69, 70, 89, 60, 62, 104, 44, 83, 38, 57, 56, 49, 45, 68, 51, 39, 46, 47, 54, 101, 120, 121, 114, 0, 2, 1, 6, 107, 115, 106, 108, 111, 9, 110, 148, 112, 15, 27, 41, 8, 43, 29, 117, 90, 92, 53, 75]",False,complete,82,82,2349,0,1094,1,1093,1216,123,0,0,lowest_first,True,2,104,29,104,29,29,29,29
3,220487,36,70,79,"[7, 10, 12, 13, 14, 16, 17, 18, 25, 26, 28, 32, 36, 40, 42, 48, 50, 52, 53, 55, 58, 61, 63, 64, 67, 71, 74, 76, 77, 78, 85, 90, 91, 93, 94, 97, 99, 102, 105, 109, 116, 118, 119, 122, 123, 124, 125, 126, 127, 128, 129, 130, 131, 132, 133, 134, 135, 136, 137, 138, 139, 140, 141, 142, 143, 144, 145, 146, 147, 149]","[0, 1, 2, 3, 4, 5, 6, 8, 9, 11, 15, 19, 20, 21, 22, 23, 24, 27, 29, 30, 31, 33, 34, 35, 37, 38, 39, 41, 43, 44, 45, 46, 47, 49, 51, 54, 56, 57, 59, 60, 62, 65, 66, 68, 69, 70, 72, 73, 75, 79, 80, 81, 82, 83, 84, 86, 87, 88, 89, 92, 95, 96, 98, 100, 101, 103, 104, 106, 107, 108, 110, 111, 112, 114, 115, 117, 120, 121, 148]",{},[],0,"[122, 17, 18, 32, 137, 138, 139, 140, 13, 14, 116, 118, 136, 16, 36, 135, 26, 28, 99, 105, 145, 149, 102, 144, 10, 147, 146, 12, 58, 71, 134, 109, 67, 48, 78, 61, 85, 93, 133, 42, 40, 143, 25, 7, 130, 131, 132, 129, 52, 74, 76, 97, 128, 63, 94, 127, 91, 64, 126, 50, 125, 124, 123, 141, 142, 77, 55, 119, 53, 90, 92, 117, 75, 15, 8, 27, 43, 41, 29, 112, 148, 110, 9, 111, 108, 106, 115, 107, 6, 1, 2, 0, 114, 121, 120, 101, 54, 47, 46, 39, 51, 68, 45, 49, 56, 57, 38, 83, 44, 104, 62, 60, 89, 70, 69, 59, 79, 80, 72, 86, 73, 66, 65, 23, 5, 4, 21, 22, 20, 35, 37, 34, 33, 3, 100, 96, 98, 11, 31, 30, 24, 19, 84, 87, 82, 81, 88, 103, 95]",True,9524400552,9.524400552,"[92, 117, 75, 43, 29, 27, 15, 41, 8, 112, 148, 110, 9, 111, 108, 106, 115, 107, 6, 1, 2, 0, 114, 121, 120, 101, 54, 47, 46, 39, 51, 68, 45, 49, 56, 57, 38, 83, 44, 104, 62, 60, 89, 70, 69, 59, 79, 80, 72, 86, 73, 66, 65, 23, 5, 4, 21, 22, 20, 35, 37, 34, 33, 3, 100, 96, 98, 11, 31, 30, 24, 19, 84, 82, 87, 81, 88, 103, 95]","[95, 103, 88, 81, 87, 82, 84, 19, 24, 30, 31, 11, 98, 96, 100, 3, 33, 34, 37, 35, 20, 22, 21, 4, 5, 23, 65, 66, 73, 86, 72, 80, 79, 59, 69, 70, 89, 60, 62, 104, 44, 83, 38, 57, 56, 49, 45, 68, 51, 39, 46, 47, 54, 101, 120, 121, 114, 0, 2, 1, 6, 107, 115, 106, 108, 111, 9, 110, 148, 112, 8, 41, 15, 27, 29, 43, 75, 117, 92]",False,complete,80,80,2216,0,1030,1,1029,1152,123,0,0,lowest_first,True,2,104,29,104,29,29,29,29
3,220488,37,72,77,"[7, 10, 12, 13, 14, 16, 17, 18, 25, 26, 28, 32, 36, 40, 42, 48, 50, 52, 53, 55, 58, 61, 63, 64, 67, 71, 74, 76, 77, 78, 85, 90, 91, 92, 93, 94, 97, 99, 102, 105, 109, 116, 117, 118, 119, 122, 123, 124, 125, 126, 127, 128, 129, 130, 131, 132, 133, 134, 135, 136, 137, 138, 139, 140, 141, 142, 143, 144, 145, 146, 147, 149]","[0, 1, 2, 3, 4, 5, 6, 8, 9, 11, 15, 19, 20, 21, 22, 23, 24, 27, 29, 30, 31, 33, 34, 35, 37, 38, 39, 41, 43, 44, 45, 46, 47, 49, 51, 54, 56, 57, 59, 60, 62, 65, 66, 68, 69, 70, 72, 73, 75, 79, 80, 81, 82, 83, 84, 86, 87, 88, 89, 95, 96, 98, 100, 101, 103, 104, 106, 107, 108, 110, 111, 112, 114, 115, 120, 121, 148]",{},[],0,"[122, 17, 18, 32, 137, 138, 139, 140, 13, 14, 116, 118, 136, 16, 36, 135, 26, 28, 99, 105, 145, 149, 102, 144, 10, 147, 146, 12, 58, 71, 134, 109, 67, 48, 78, 61, 85, 93, 133, 42, 40, 143, 25, 7, 130, 131, 132, 129, 52, 74, 76, 97, 128, 63, 94, 127, 91, 64, 126, 50, 125, 124, 123, 141, 142, 77, 55, 119, 53, 90, 92, 117, 75, 15, 8, 27, 43, 41, 29, 112, 148, 110, 9, 111, 108, 106, 115, 107, 6, 1, 2, 0, 114, 121, 120, 101, 54, 47, 46, 39, 51, 68, 45, 49, 56, 57, 38, 83, 44, 104, 62, 60, 89, 70, 69, 59, 79, 80, 72, 86, 73, 66, 65, 23, 5, 4, 21, 22, 20, 35, 37, 34, 33, 3, 100, 96, 98, 11, 31, 30, 24, 19, 84, 87, 82, 81, 88, 103, 95]",True,9492259321,9.492259321,"[75, 8, 29, 15, 27, 43, 41, 112, 148, 110, 9, 111, 108, 106, 115, 107, 6, 1, 2, 0, 114, 121, 120, 101, 54, 47, 46, 39, 51, 68, 45, 49, 56, 57, 38, 83, 44, 104, 62, 60, 89, 70, 69, 59, 79, 80, 72, 86, 73, 66, 65, 23, 5, 4, 21, 22, 20, 35, 37, 34, 33, 3, 100, 96, 98, 11, 31, 30, 24, 19, 84, 87, 82, 81, 88, 103, 95]","[95, 103, 88, 81, 82, 87, 84, 19, 24, 30, 31, 11, 98, 96, 100, 3, 33, 34, 37, 35, 20, 22, 21, 4, 5, 23, 65, 66, 73, 86, 72, 80, 79, 59, 69, 70, 89, 60, 62, 104, 44, 83, 38, 57, 56, 49, 45, 68, 51, 39, 46, 47, 54, 101, 120, 121, 114, 0, 2, 1, 6, 107, 115, 106, 108, 111, 9, 110, 148, 112, 41, 43, 27, 15, 29, 8, 75]",False,complete,82,82,2184,0,1076,1,1075,1199,124,0,0,lowest_first,True,2,104,29,104,29,29,29,29
3,220489,38,74,75,"[7, 10, 12, 13, 14, 15, 16, 17, 18, 25, 26, 28, 32, 36, 40, 42, 48, 50, 52, 53, 55, 58, 61, 63, 64, 67, 71, 74, 75, 76, 77, 78, 85, 90, 91, 92, 93, 94, 97, 99, 102, 105, 109, 116, 117, 118, 119, 122, 123, 124, 125, 126, 127, 128, 129, 130, 131, 132, 133, 134, 135, 136, 137, 138, 139, 140, 141, 142, 143, 144, 145, 146, 147, 149]","[0, 1, 2, 3, 4, 5, 6, 8, 9, 11, 19, 20, 21, 22, 23, 24, 27, 29, 30, 31, 33, 34, 35, 37, 38, 39, 41, 43, 44, 45, 46, 47, 49, 51, 54, 56, 57, 59, 60, 62, 65, 66, 68, 69, 70, 72, 73, 79, 80, 81, 82, 83, 84, 86, 87, 88, 89, 95, 96, 98, 100, 101, 103, 104, 106, 107, 108, 110, 111, 112, 114, 115, 120, 121, 148]",{},[],0,"[122, 17, 18, 32, 137, 138, 139, 140, 13, 14, 116, 118, 136, 16, 36, 135, 26, 28, 99, 105, 145, 149, 102, 144, 10, 147, 146, 12, 58, 71, 134, 109, 67, 48, 78, 61, 85, 93, 133, 42, 40, 143, 25, 7, 130, 131, 132, 129, 52, 74, 76, 97, 128, 63, 94, 127, 91, 64, 126, 50, 125, 124, 123, 141, 142, 77, 55, 119, 53, 90, 92, 117, 75, 15, 8, 27, 43, 41, 29, 112, 148, 110, 9, 111, 108, 106, 115, 107, 6, 1, 2, 0, 114, 121, 120, 101, 54, 47, 46, 39, 51, 68, 45, 49, 56, 57, 38, 83, 44, 104, 62, 60, 89, 70, 69, 59, 79, 80, 72, 86, 73, 66, 65, 23, 5, 4, 21, 22, 20, 35, 37, 34, 33, 3, 100, 96, 98, 11, 31, 30, 24, 19, 84, 87, 82, 81, 88, 103, 95]",True,7794613023,7.794613023,"[27, 41, 8, 43, 29, 112, 148, 110, 9, 111, 108, 106, 115, 107, 6, 1, 2, 0, 114, 121, 120, 101, 54, 47, 46, 39, 51, 68, 45, 49, 56, 57, 38, 83, 44, 103, 62, 60, 89, 70, 69, 59, 79, 80, 72, 86, 73, 66, 65, 23, 5, 4, 21, 22, 20, 35, 37, 34, 33, 3, 100, 96, 98, 11, 31, 30, 24, 19, 84, 87, 82, 81, 88, 104, 95]","[95, 104, 88, 81, 82, 87, 84, 19, 24, 30, 31, 11, 98, 96, 100, 3, 33, 34, 37, 35, 20, 22, 21, 4, 5, 23, 65, 66, 73, 86, 72, 80, 79, 59, 69, 70, 89, 60, 62, 103, 44, 83, 38, 57, 56, 49, 45, 68, 51, 39, 46, 47, 54, 101, 120, 121, 114, 0, 2, 1, 6, 107, 115, 106, 108, 111, 9, 110, 148, 112, 29, 43, 8, 41, 27]",False,complete,76,76,1951,0,908,1,907,1030,123,0,0,lowest_first,True,2,104,29,104,29,29,29,29
3,220490,39,76,73,"[7, 8, 10, 12, 13, 14, 15, 16, 17, 18, 25, 26, 27, 28, 32, 36, 40, 42, 48, 50, 52, 53, 55, 58, 61, 63, 64, 67, 71, 74, 75, 76, 77, 78, 85, 90, 91, 92, 93, 94, 97, 99, 102, 105, 109, 116, 117, 118, 119, 122, 123, 124, 125, 126, 127, 128, 129, 130, 131, 132, 133, 134, 135, 136, 137, 138, 139, 140, 141, 142, 143, 144, 145, 146, 147, 149]","[0, 1, 2, 3, 4, 5, 6, 9, 11, 19, 20, 21, 22, 23, 24, 29, 30, 31, 33, 34, 35, 37, 38, 39, 41, 43, 44, 45, 46, 47, 49, 51, 54, 56, 57, 59, 60, 62, 65, 66, 68, 69, 70, 72, 73, 79, 80, 81, 82, 83, 84, 86, 87, 88, 89, 95, 96, 98, 100, 101, 103, 104, 106, 107, 108, 110, 111, 112, 114, 115, 120, 121, 148]",{},[],0,"[122, 17, 18, 32, 137, 138, 139, 140, 13, 14, 116, 118, 136, 16, 36, 135, 26, 28, 99, 105, 145, 149, 102, 144, 10, 147, 146, 12, 58, 71, 134, 109, 67, 48, 78, 61, 85, 93, 133, 42, 40, 143, 25, 7, 130, 131, 132, 129, 52, 74, 76, 97, 128, 63, 94, 127, 91, 64, 126, 50, 125, 124, 123, 141, 142, 77, 55, 119, 53, 90, 92, 117, 75, 15, 8, 27, 43, 41, 29, 112, 148, 110, 9, 111, 108, 106, 115, 107, 6, 1, 2, 0, 114, 121, 120, 101, 54, 47, 46, 39, 51, 68, 45, 49, 56, 57, 38, 83, 44, 104, 62, 60, 89, 70, 69, 59, 79, 80, 72, 86, 73, 66, 65, 23, 5, 4, 21, 22, 20, 35, 37, 34, 33, 3, 100, 96, 98, 11, 31, 30, 24, 19, 84, 87, 82, 81, 88, 103, 95]",True,6869297764,6.869297764,"[41, 29, 43, 112, 148, 110, 9, 111, 108, 106, 115, 107, 6, 1, 2, 0, 114, 121, 120, 101, 54, 47, 46, 39, 51, 68, 45, 49, 56, 57, 38, 83, 44, 103, 62, 60, 89, 70, 69, 59, 79, 80, 72, 86, 73, 66, 65, 31, 30, 11, 24, 100, 98, 96, 84, 82, 87, 81, 88, 104, 95, 23, 5, 4, 3, 21, 22, 20, 19, 35, 37, 34, 33]","[33, 34, 37, 35, 19, 20, 22, 21, 3, 4, 5, 23, 95, 104, 88, 81, 87, 82, 84, 96, 98, 100, 24, 11, 30, 31, 65, 66, 73, 86, 72, 80, 79, 59, 69, 70, 89, 60, 62, 103, 44, 83, 38, 57, 56, 49, 45, 68, 51, 39, 46, 47, 54, 101, 120, 121, 114, 0, 2, 1, 6, 107, 115, 106, 108, 111, 9, 110, 148, 112, 43, 29, 41]",False,complete,73,73,1830,0,800,0,800,910,110,0,0,lowest_first,True,2,94,28,94,28,28,28,28
3,220491,40,78,71,"[7, 8, 10, 12, 13, 14, 15, 16, 17, 18, 25, 26, 27, 28, 32, 36, 40, 41, 42, 43, 48, 50, 52, 53, 55, 58, 61, 63, 64, 67, 71, 74, 75, 76, 77, 78, 85, 90, 91, 92, 93, 94, 97, 99, 102, 105, 109, 116, 117, 118, 119, 122, 123, 124, 125, 126, 127, 128, 129, 130, 131, 132, 133, 134, 135, 136, 137, 138, 139, 140, 141, 142, 143, 144, 145, 146, 147, 149]","[0, 1, 2, 3, 4, 5, 6, 9, 11, 19, 20, 21, 22, 23, 24, 29, 30, 31, 33, 34, 35, 37, 38, 39, 44, 45, 46, 47, 49, 51, 54, 56, 57, 59, 60, 62, 65, 66, 68, 69, 70, 72, 73, 79, 80, 81, 82, 83, 84, 86, 87, 88, 89, 95, 96, 98, 100, 101, 103, 104, 106, 107, 108, 110, 111, 112, 114, 115, 120, 121, 148]",{},[],0,"[122, 17, 18, 32, 137, 138, 139, 140, 13, 14, 116, 118, 136, 16, 36, 135, 26, 28, 99, 105, 145, 149, 102, 144, 10, 147, 146, 12, 58, 71, 134, 109, 67, 48, 78, 61, 85, 93, 133, 42, 40, 143, 25, 7, 130, 131, 132, 129, 52, 74, 76, 97, 128, 63, 94, 127, 91, 64, 126, 50, 125, 124, 123, 141, 142, 77, 55, 119, 53, 90, 92, 117, 75, 15, 8, 27, 43, 41, 29, 112, 148, 110, 9, 111, 108, 106, 115, 107, 6, 1, 2, 0, 114, 121, 120, 101, 54, 47, 46, 39, 51, 68, 45, 49, 56, 57, 38, 83, 44, 104, 62, 60, 89, 70, 69, 59, 79, 80, 72, 86, 73, 66, 65, 23, 5, 4, 21, 22, 20, 35, 37, 34, 33, 3, 100, 96, 98, 11, 31, 30, 24, 19, 84, 87, 82, 81, 88, 103, 95]",True,7239236967,7.239236967,"[29, 112, 148, 110, 9, 111, 108, 106, 115, 107, 6, 1, 2, 0, 114, 121, 120, 101, 54, 47, 46, 39, 51, 68, 45, 49, 56, 57, 38, 83, 44, 103, 62, 60, 89, 70, 69, 59, 79, 80, 72, 86, 73, 66, 65, 23, 5, 4, 21, 22, 20, 35, 37, 34, 33, 19, 100, 96, 98, 24, 30, 31, 11, 3, 84, 82, 87, 81, 88, 104, 95]","[95, 104, 88, 81, 87, 82, 84, 3, 11, 31, 30, 24, 98, 96, 100, 19, 33, 34, 37, 35, 20, 22, 21, 4, 5, 23, 65, 66, 73, 86, 72, 80, 79, 59, 69, 70, 89, 60, 62, 103, 44, 83, 38, 57, 56, 49, 45, 68, 51, 39, 46, 47, 54, 101, 120, 121, 114, 0, 2, 1, 6, 107, 115, 106, 108, 111, 9, 110, 148, 112, 29]",False,complete,76,76,1791,0,889,1,888,1012,124,0,0,lowest_first,True,2,105,29,105,29,29,29,29
3,220492,41,80,69,"[7, 8, 10, 12, 13, 14, 15, 16, 17, 18, 25, 26, 27, 28, 29, 32, 36, 40, 41, 42, 43, 48, 50, 52, 53, 55, 58, 61, 63, 64, 67, 71, 74, 75, 76, 77, 78, 85, 90, 91, 92, 93, 94, 97, 99, 102, 105, 109, 112, 116, 117, 118, 119, 122, 123, 124, 125, 126, 127, 128, 129, 130, 131, 132, 133, 134, 135, 136, 137, 138, 139, 140, 141, 142, 143, 144, 145, 146, 147, 149]","[0, 1, 2, 3, 4, 5, 6, 9, 11, 19, 20, 21, 22, 23, 24, 30, 31, 33, 34, 35, 37, 38, 39, 44, 45, 46, 47, 49, 51, 54, 56, 57, 59, 60, 62, 65, 66, 68, 69, 70, 72, 73, 79, 80, 81, 82, 83, 84, 86, 87, 88, 89, 95, 96, 98, 100, 101, 103, 104, 106, 107, 108, 110, 111, 114, 115, 120, 121, 148]","{""support_1"": 111}",[111],1,"[122, 17, 18, 32, 137, 138, 139, 140, 13, 14, 116, 118, 136, 16, 36, 135, 26, 28, 99, 105, 145, 149, 102, 144, 10, 147, 146, 12, 58, 71, 134, 109, 67, 48, 78, 61, 85, 93, 133, 42, 40, 143, 25, 7, 130, 131, 132, 129, 52, 74, 76, 97, 128, 63, 94, 127, 91, 64, 126, 50, 125, 124, 123, 141, 142, 77, 55, 119, 53, 90, 92, 117, 75, 15, 8, 27, 43, 41, 29, 112, 148, 110, 9, 111, 108, 106, 115, 107, 6, 1, 2, 0, 114, 121, 120, 101, 54, 47, 46, 39, 51, 68, 45, 49, 56, 57, 38, 83, 44, 104, 62, 60, 89, 70, 69, 59, 79, 80, 72, 86, 73, 66, 65, 23, 5, 4, 21, 22, 20, 35, 37, 34, 33, 3, 100, 96, 98, 11, 31, 30, 24, 19, 84, 87, 82, 81, 88, 103, 95]",True,6340557978,6.340557978,"[148, 110, 9, 111, 108, 106, 115, 107, 6, 1, 2, 0, 114, 121, 120, 101, 54, 47, 46, 39, 51, 68, 45, 49, 56, 57, 38, 83, 44, 104, 62, 60, 89, 70, 69, 59, 79, 80, 72, 86, 73, 66, 65, 23, 5, 4, 21, 22, 20, 35, 37, 34, 33, 3, 100, 96, 98, 11, 31, 30, 24, 19, 84, 87, 82, 81, 88, 103, 95]","[95, 103, 88, 81, 82, 87, 84, 19, 24, 30, 31, 11, 98, 96, 100, 3, 33, 34, 37, 35, 20, 22, 21, 4, 5, 23, 65, 66, 73, 86, 72, 80, 79, 59, 69, 70, 89, 60, 62, 104, 44, 83, 38, 57, 56, 49, 45, 68, 51, 39, 46, 47, 54, 101, 120, 121, 114, 0, 2, 1, 6, 107, 115, 106, 108, 111, 9, 110, 148]",True,complete,74,74,1670,0,825,1,824,947,123,0,0,lowest_first,True,2,103,28,103,29,29,28,29
3,220493,42,82,67,"[7, 8, 10, 12, 13, 14, 15, 16, 17, 18, 25, 26, 27, 28, 29, 32, 36, 40, 41, 42, 43, 48, 50, 52, 53, 55, 58, 61, 63, 64, 67, 71, 74, 75, 76, 77, 78, 85, 90, 91, 92, 93, 94, 97, 99, 102, 105, 109, 110, 112, 116, 117, 118, 119, 122, 123, 124, 125, 126, 127, 128, 129, 130, 131, 132, 133, 134, 135, 136, 137, 138, 139, 140, 141, 142, 143, 144, 145, 146, 147, 148, 149]","[0, 1, 2, 3, 4, 5, 6, 9, 11, 19, 20, 21, 22, 23, 24, 30, 31, 33, 34, 35, 37, 38, 39, 44, 45, 46, 47, 49, 51, 54, 56, 57, 59, 60, 62, 65, 66, 68, 69, 70, 72, 73, 79, 80, 81, 82, 83, 84, 86, 87, 88, 89, 95, 96, 98, 100, 101, 103, 104, 106, 107, 108, 111, 114, 115, 120, 121]","{""support_1"": 111}",[111],1,"[122, 17, 18, 32, 137, 138, 139, 140, 13, 14, 116, 118, 136, 16, 36, 135, 26, 28, 99, 105, 145, 149, 102, 144, 10, 147, 146, 12, 58, 71, 134, 109, 67, 48, 78, 61, 85, 93, 133, 42, 40, 143, 25, 7, 130, 131, 132, 129, 52, 74, 76, 97, 128, 63, 94, 127, 91, 64, 126, 50, 125, 124, 123, 141, 142, 77, 55, 119, 53, 90, 92, 117, 75, 15, 8, 27, 43, 41, 29, 112, 148, 110, 9, 111, 108, 106, 115, 107, 6, 1, 2, 0, 114, 121, 120, 101, 54, 47, 46, 39, 51, 68, 45, 49, 56, 57, 38, 83, 44, 104, 62, 60, 89, 70, 69, 59, 79, 80, 72, 86, 73, 66, 65, 23, 5, 4, 21, 22, 20, 35, 37, 34, 33, 3, 100, 96, 98, 11, 31, 30, 24, 19, 84, 87, 82, 81, 88, 103, 95]",True,5112676577,5.112676577,"[9, 111, 108, 106, 115, 107, 6, 1, 2, 0, 114, 121, 120, 101, 54, 47, 46, 39, 51, 68, 45, 49, 56, 57, 38, 83, 44, 103, 62, 60, 89, 70, 69, 59, 79, 80, 72, 86, 73, 66, 65, 31, 30, 24, 11, 100, 98, 96, 84, 87, 82, 81, 88, 104, 95, 23, 5, 4, 3, 21, 22, 20, 19, 35, 37, 34, 33]","[33, 34, 37, 35, 19, 20, 22, 21, 3, 4, 5, 23, 95, 104, 88, 81, 82, 87, 84, 96, 98, 100, 11, 24, 30, 31, 65, 66, 73, 86, 72, 80, 79, 59, 69, 70, 89, 60, 62, 103, 44, 83, 38, 57, 56, 49, 45, 68, 51, 39, 46, 47, 54, 101, 120, 121, 114, 0, 2, 1, 6, 107, 115, 106, 108, 111, 9]",False,complete,67,67,1467,0,663,0,663,772,109,0,0,lowest_first,True,2,91,27,91,28,28,27,28
3,220494,43,84,65,"[7, 8, 9, 10, 12, 13, 14, 15, 16, 17, 18, 25, 26, 27, 28, 29, 32, 36, 40, 41, 42, 43, 48, 50, 52, 53, 55, 58, 61, 63, 64, 67, 71, 74, 75, 76, 77, 78, 85, 90, 91, 92, 93, 94, 97, 99, 102, 105, 109, 110, 111, 112, 116, 117, 118, 119, 122, 123, 124, 125, 126, 127, 128, 129, 130, 131, 132, 133, 134, 135, 136, 137, 138, 139, 140, 141, 142, 143, 144, 145, 146, 147, 148, 149]","[0, 1, 2, 3, 4, 5, 6, 11, 19, 20, 21, 22, 23, 24, 30, 31, 33, 34, 35, 37, 38, 39, 44, 45, 46, 47, 49, 51, 54, 56, 57, 59, 60, 62, 65, 66, 68, 69, 70, 72, 73, 79, 80, 81, 82, 83, 84, 86, 87, 88, 89, 95, 96, 98, 100, 101, 103, 104, 106, 107, 108, 114, 115, 120, 121]","{""support_1"": 108}",[108],1,"[122, 17, 18, 32, 137, 138, 139, 140, 13, 14, 116, 118, 136, 16, 36, 135, 26, 28, 99, 105, 145, 149, 102, 144, 10, 147, 146, 12, 58, 71, 134, 109, 67, 48, 78, 61, 85, 93, 133, 42, 40, 143, 25, 7, 130, 131, 132, 129, 52, 74, 76, 97, 128, 63, 94, 127, 91, 64, 126, 50, 125, 124, 123, 141, 142, 77, 55, 119, 53, 90, 92, 117, 75, 15, 8, 27, 43, 41, 29, 112, 148, 110, 9, 111, 108, 106, 115, 107, 6, 1, 2, 0, 114, 121, 120, 101, 54, 47, 46, 39, 51, 68, 45, 49, 56, 57, 38, 83, 44, 104, 62, 60, 89, 70, 69, 59, 79, 80, 72, 86, 73, 66, 65, 23, 5, 4, 21, 22, 20, 35, 37, 34, 33, 3, 100, 96, 98, 11, 31, 30, 24, 19, 84, 87, 82, 81, 88, 103, 95]",True,5874633899,5.874633899,"[108, 106, 115, 107, 6, 1, 2, 0, 114, 121, 120, 101, 54, 47, 46, 39, 51, 68, 45, 49, 56, 57, 38, 83, 44, 104, 62, 60, 89, 70, 69, 59, 79, 80, 72, 86, 73, 66, 65, 23, 5, 4, 21, 22, 20, 35, 37, 34, 33, 3, 100, 96, 98, 11, 31, 30, 24, 19, 84, 87, 82, 81, 88, 103, 95]","[95, 103, 88, 81, 82, 87, 84, 19, 24, 30, 31, 11, 98, 96, 100, 3, 33, 34, 37, 35, 20, 22, 21, 4, 5, 23, 65, 66, 73, 86, 72, 80, 79, 59, 69, 70, 89, 60, 62, 104, 44, 83, 38, 57, 56, 49, 45, 68, 51, 39, 46, 47, 54, 101, 120, 121, 114, 0, 2, 1, 6, 107, 115, 106, 108]",True,complete,70,70,1459,0,782,1,781,900,119,0,0,lowest_first,True,2,99,27,99,27,27,27,28
3,220495,44,86,63,"[7, 8, 9, 10, 12, 13, 14, 15, 16, 17, 18, 25, 26, 27, 28, 29, 32, 36, 40, 41, 42, 43, 48, 50, 52, 53, 55, 58, 61, 63, 64, 67, 71, 74, 75, 76, 77, 78, 85, 90, 91, 92, 93, 94, 97, 99, 102, 105, 106, 108, 109, 110, 111, 112, 116, 117, 118, 119, 122, 123, 124, 125, 126, 127, 128, 129, 130, 131, 132, 133, 134, 135, 136, 137, 138, 139, 140, 141, 142, 143, 144, 145, 146, 147, 148, 149]","[0, 1, 2, 3, 4, 5, 6, 11, 19, 20, 21, 22, 23, 24, 30, 31, 33, 34, 35, 37, 38, 39, 44, 45, 46, 47, 49, 51, 54, 56, 57, 59, 60, 62, 65, 66, 68, 69, 70, 72, 73, 79, 80, 81, 82, 83, 84, 86, 87, 88, 89, 95, 96, 98, 100, 101, 103, 104, 107, 114, 115, 120, 121]","{""support_1"": 115}",[115],1,"[122, 17, 18, 32, 137, 138, 139, 140, 13, 14, 116, 118, 136, 16, 36, 135, 26, 28, 99, 105, 145, 149, 102, 144, 10, 147, 146, 12, 58, 71, 134, 109, 67, 48, 78, 61, 85, 93, 133, 42, 40, 143, 25, 7, 130, 131, 132, 129, 52, 74, 76, 97, 128, 63, 94, 127, 91, 64, 126, 50, 125, 124, 123, 141, 142, 77, 55, 119, 53, 90, 92, 117, 75, 15, 8, 27, 43, 41, 29, 112, 148, 110, 9, 111, 108, 106, 115, 107, 6, 1, 2, 0, 114, 121, 120, 101, 54, 47, 46, 39, 51, 68, 45, 49, 56, 57, 38, 83, 44, 104, 62, 60, 89, 70, 69, 59, 79, 80, 72, 86, 73, 66, 65, 23, 5, 4, 21, 22, 20, 35, 37, 34, 33, 3, 100, 96, 98, 11, 31, 30, 24, 19, 84, 87, 82, 81, 88, 103, 95]",True,4168102981,4.168102981,"[115, 107, 6, 1, 2, 0, 114, 121, 120, 101, 54, 47, 46, 39, 51, 68, 45, 49, 56, 57, 38, 83, 44, 103, 62, 60, 89, 70, 69, 59, 79, 80, 72, 86, 73, 66, 65, 31, 30, 11, 24, 100, 98, 96, 84, 82, 87, 81, 88, 104, 95, 23, 5, 4, 3, 21, 22, 20, 19, 35, 37, 34, 33]","[33, 34, 37, 35, 19, 20, 22, 21, 3, 4, 5, 23, 95, 104, 88, 81, 87, 82, 84, 96, 98, 100, 24, 11, 30, 31, 65, 66, 73, 86, 72, 80, 79, 59, 69, 70, 89, 60, 62, 103, 44, 83, 38, 57, 56, 49, 45, 68, 51, 39, 46, 47, 54, 101, 120, 121, 114, 0, 2, 1, 6, 107, 115]",False,complete,63,63,1263,0,586,0,586,691,105,0,0,lowest_first,True,2,87,25,87,25,25,25,26
3,220496,45,88,61,"[7, 8, 9, 10, 12, 13, 14, 15, 16, 17, 18, 25, 26, 27, 28, 29, 32, 36, 40, 41, 42, 43, 48, 50, 52, 53, 55, 58, 61, 63, 64, 67, 71, 74, 75, 76, 77, 78, 85, 90, 91, 92, 93, 94, 97, 99, 102, 105, 106, 107, 108, 109, 110, 111, 112, 115, 116, 117, 118, 119, 122, 123, 124, 125, 126, 127, 128, 129, 130, 131, 132, 133, 134, 135, 136, 137, 138, 139, 140, 141, 142, 143, 144, 145, 146, 147, 148, 149]","[0, 1, 2, 3, 4, 5, 6, 11, 19, 20, 21, 22, 23, 24, 30, 31, 33, 34, 35, 37, 38, 39, 44, 45, 46, 47, 49, 51, 54, 56, 57, 59, 60, 62, 65, 66, 68, 69, 70, 72, 73, 79, 80, 81, 82, 83, 84, 86, 87, 88, 89, 95, 96, 98, 100, 101, 103, 104, 114, 120, 121]","{""support_1"": 121}",[121],1,"[122, 17, 18, 32, 137, 138, 139, 140, 13, 14, 116, 118, 136, 16, 36, 135, 26, 28, 99, 105, 145, 149, 102, 144, 10, 147, 146, 12, 58, 71, 134, 109, 67, 48, 78, 61, 85, 93, 133, 42, 40, 143, 25, 7, 130, 131, 132, 129, 52, 74, 76, 97, 128, 63, 94, 127, 91, 64, 126, 50, 125, 124, 123, 141, 142, 77, 55, 119, 53, 90, 92, 117, 75, 15, 8, 27, 43, 41, 29, 112, 148, 110, 9, 111, 108, 106, 115, 107, 6, 1, 2, 0, 114, 121, 120, 101, 54, 47, 46, 39, 51, 68, 45, 49, 56, 57, 38, 83, 44, 104, 62, 60, 89, 70, 69, 59, 79, 80, 72, 86, 73, 66, 65, 23, 5, 4, 21, 22, 20, 35, 37, 34, 33, 3, 100, 96, 98, 11, 31, 30, 24, 19, 84, 87, 82, 81, 88, 103, 95]",True,3823341793,3.823341793,"[6, 1, 2, 0, 114, 121, 120, 101, 54, 47, 46, 39, 51, 68, 45, 49, 56, 57, 38, 83, 44, 103, 62, 60, 89, 70, 69, 59, 79, 80, 72, 86, 73, 66, 65, 31, 30, 11, 24, 100, 98, 96, 84, 82, 87, 81, 88, 104, 95, 23, 5, 4, 3, 21, 22, 20, 19, 35, 37, 34, 33]","[33, 34, 37, 35, 19, 20, 22, 21, 3, 4, 5, 23, 95, 104, 88, 81, 87, 82, 84, 96, 98, 100, 24, 11, 30, 31, 65, 66, 73, 86, 72, 80, 79, 59, 69, 70, 89, 60, 62, 103, 44, 83, 38, 57, 56, 49, 45, 68, 51, 39, 46, 47, 54, 101, 120, 121, 114, 0, 2, 1, 6]",False,complete,61,61,1166,0,551,0,551,655,104,0,0,lowest_first,True,2,85,24,85,25,25,24,25
3,220497,46,90,59,"[1, 6, 7, 8, 9, 10, 12, 13, 14, 15, 16, 17, 18, 25, 26, 27, 28, 29, 32, 36, 40, 41, 42, 43, 48, 50, 52, 53, 55, 58, 61, 63, 64, 67, 71, 74, 75, 76, 77, 78, 85, 90, 91, 92, 93, 94, 97, 99, 102, 105, 106, 107, 108, 109, 110, 111, 112, 115, 116, 117, 118, 119, 122, 123, 124, 125, 126, 127, 128, 129, 130, 131, 132, 133, 134, 135, 136, 137, 138, 139, 140, 141, 142, 143, 144, 145, 146, 147, 148, 149]","[0, 2, 3, 4, 5, 11, 19, 20, 21, 22, 23, 24, 30, 31, 33, 34, 35, 37, 38, 39, 44, 45, 46, 47, 49, 51, 54, 56, 57, 59, 60, 62, 65, 66, 68, 69, 70, 72, 73, 79, 80, 81, 82, 83, 84, 86, 87, 88, 89, 95, 96, 98, 100, 101, 103, 104, 114, 120, 121]","{""support_1"": 121, ""support_2"": 2}","[2, 121]",2,"[122, 17, 18, 32, 137, 138, 139, 140, 13, 14, 116, 118, 136, 16, 36, 135, 26, 28, 99, 105, 145, 149, 102, 144, 10, 147, 146, 12, 58, 71, 134, 109, 67, 48, 78, 61, 85, 93, 133, 42, 40, 143, 25, 7, 130, 131, 132, 129, 52, 74, 76, 97, 128, 63, 94, 127, 91, 64, 126, 50, 125, 124, 123, 141, 142, 77, 55, 119, 53, 90, 92, 117, 75, 15, 8, 27, 43, 41, 29, 112, 148, 110, 9, 111, 108, 106, 115, 107, 6, 1, 2, 0, 114, 121, 120, 101, 54, 47, 46, 39, 51, 68, 45, 49, 56, 57, 38, 83, 44, 104, 62, 60, 89, 70, 69, 59, 79, 80, 72, 86, 73, 66, 65, 23, 5, 4, 21, 22, 20, 35, 37, 34, 33, 3, 100, 96, 98, 11, 31, 30, 24, 19, 84, 87, 82, 81, 88, 103, 95]",True,4463564900,4.463564900,"[2, 0, 114, 121, 120, 101, 54, 47, 46, 39, 51, 68, 45, 49, 56, 57, 38, 83, 44, 104, 62, 60, 89, 70, 69, 59, 79, 80, 72, 86, 73, 66, 65, 31, 30, 24, 11, 100, 98, 96, 84, 82, 87, 81, 88, 103, 95, 23, 5, 4, 3, 21, 22, 20, 19, 35, 37, 34, 33]","[33, 34, 37, 35, 19, 20, 22, 21, 3, 4, 5, 23, 95, 103, 88, 81, 87, 82, 84, 96, 98, 100, 11, 24, 30, 31, 65, 66, 73, 86, 72, 80, 79, 59, 69, 70, 89, 60, 62, 104, 44, 83, 38, 57, 56, 49, 45, 68, 51, 39, 46, 47, 54, 101, 120, 121, 114, 0, 2]",False,complete,63,63,1192,0,625,0,625,728,103,0,0,lowest_first,True,2,81,23,81,24,24,23,25
3,220498,47,92,57,"[0, 1, 2, 6, 7, 8, 9, 10, 12, 13, 14, 15, 16, 17, 18, 25, 26, 27, 28, 29, 32, 36, 40, 41, 42, 43, 48, 50, 52, 53, 55, 58, 61, 63, 64, 67, 71, 74, 75, 76, 77, 78, 85, 90, 91, 92, 93, 94, 97, 99, 102, 105, 106, 107, 108, 109, 110, 111, 112, 115, 116, 117, 118, 119, 122, 123, 124, 125, 126, 127, 128, 129, 130, 131, 132, 133, 134, 135, 136, 137, 138, 139, 140, 141, 142, 143, 144, 145, 146, 147, 148, 149]","[3, 4, 5, 11, 19, 20, 21, 22, 23, 24, 30, 31, 33, 34, 35, 37, 38, 39, 44, 45, 46, 47, 49, 51, 54, 56, 57, 59, 60, 62, 65, 66, 68, 69, 70, 72, 73, 79, 80, 81, 82, 83, 84, 86, 87, 88, 89, 95, 96, 98, 100, 101, 103, 104, 114, 120, 121]","{""support_1"": 121}",[121],1,"[122, 17, 18, 32, 137, 138, 139, 140, 13, 14, 116, 118, 136, 16, 36, 135, 26, 28, 99, 105, 145, 149, 102, 144, 10, 147, 146, 12, 58, 71, 134, 109, 67, 48, 78, 61, 85, 93, 133, 42, 40, 143, 25, 7, 130, 131, 132, 129, 52, 74, 76, 97, 128, 63, 94, 127, 91, 64, 126, 50, 125, 124, 123, 141, 142, 77, 55, 119, 53, 90, 92, 117, 75, 15, 8, 27, 43, 41, 29, 112, 148, 110, 9, 111, 108, 106, 115, 107, 6, 1, 2, 0, 114, 121, 120, 101, 54, 47, 46, 39, 51, 68, 45, 49, 56, 57, 38, 83, 44, 104, 62, 60, 89, 70, 69, 59, 79, 80, 72, 86, 73, 66, 65, 23, 5, 4, 21, 22, 20, 35, 37, 34, 33, 3, 100, 96, 98, 11, 31, 30, 24, 19, 84, 87, 82, 81, 88, 103, 95]",True,3521364517,3.521364517,"[114, 121, 120, 101, 54, 47, 46, 39, 51, 68, 45, 49, 56, 57, 38, 83, 44, 103, 62, 60, 89, 70, 69, 59, 79, 80, 72, 86, 73, 66, 65, 23, 5, 4, 21, 22, 20, 35, 37, 34, 33, 19, 100, 96, 98, 24, 30, 31, 11, 3, 84, 87, 82, 81, 88, 104, 95]","[95, 104, 88, 81, 82, 87, 84, 3, 11, 31, 30, 24, 98, 96, 100, 19, 33, 34, 37, 35, 20, 22, 21, 4, 5, 23, 65, 66, 73, 86, 72, 80, 79, 59, 69, 70, 89, 60, 62, 103, 44, 83, 38, 57, 56, 49, 45, 68, 51, 39, 46, 47, 54, 101, 120, 121, 114]",False,complete,58,58,1001,0,560,1,559,674,115,0,0,lowest_first,True,2,90,24,90,25,25,24,25
3,220499,48,94,55,"[0, 1, 2, 6, 7, 8, 9, 10, 12, 13, 14, 15, 16, 17, 18, 25, 26, 27, 28, 29, 32, 36, 40, 41, 42, 43, 48, 50, 52, 53, 55, 58, 61, 63, 64, 67, 71, 74, 75, 76, 77, 78, 85, 90, 91, 92, 93, 94, 97, 99, 102, 105, 106, 107, 108, 109, 110, 111, 112, 114, 115, 116, 117, 118, 119, 121, 122, 123, 124, 125, 126, 127, 128, 129, 130, 131, 132, 133, 134, 135, 136, 137, 138, 139, 140, 141, 142, 143, 144, 145, 146, 147, 148, 149]","[3, 4, 5, 11, 19, 20, 21, 22, 23, 24, 30, 31, 33, 34, 35, 37, 38, 39, 44, 45, 46, 47, 49, 51, 54, 56, 57, 59, 60, 62, 65, 66, 68, 69, 70, 72, 73, 79, 80, 81, 82, 83, 84, 86, 87, 88, 89, 95, 96, 98, 100, 101, 103, 104, 120]","{""support_1"": 120, ""support_2"": 101}","[101, 120]",2,"[122, 17, 18, 32, 137, 138, 139, 140, 13, 14, 116, 118, 136, 16, 36, 135, 26, 28, 99, 105, 145, 149, 102, 144, 10, 147, 146, 12, 58, 71, 134, 109, 67, 48, 78, 61, 85, 93, 133, 42, 40, 143, 25, 7, 130, 131, 132, 129, 52, 74, 76, 97, 128, 63, 94, 127, 91, 64, 126, 50, 125, 124, 123, 141, 142, 77, 55, 119, 53, 90, 92, 117, 75, 15, 8, 27, 43, 41, 29, 112, 148, 110, 9, 111, 108, 106, 115, 107, 6, 1, 2, 0, 114, 121, 120, 101, 54, 47, 46, 39, 51, 68, 45, 49, 56, 57, 38, 83, 44, 104, 62, 60, 89, 70, 69, 59, 79, 80, 72, 86, 73, 66, 65, 23, 5, 4, 21, 22, 20, 35, 37, 34, 33, 3, 100, 96, 98, 11, 31, 30, 24, 19, 84, 87, 82, 81, 88, 103, 95]",True,3049985374,3.049985374,"[120, 101, 54, 47, 46, 39, 51, 68, 45, 49, 56, 57, 38, 83, 44, 104, 62, 60, 89, 70, 69, 59, 79, 80, 72, 86, 73, 66, 65, 23, 5, 4, 21, 22, 20, 35, 37, 34, 33, 19, 100, 96, 98, 24, 30, 31, 11, 3, 84, 82, 87, 81, 88, 103, 95]","[95, 103, 88, 81, 87, 82, 84, 3, 11, 31, 30, 24, 98, 96, 100, 19, 33, 34, 37, 35, 20, 22, 21, 4, 5, 23, 65, 66, 73, 86, 72, 80, 79, 59, 69, 70, 89, 60, 62, 104, 44, 83, 38, 57, 56, 49, 45, 68, 51, 39, 46, 47, 54, 101, 120]",False,complete,56,56,930,0,506,1,505,618,113,0,0,lowest_first,True,2,86,22,86,23,23,22,24
3,220500,49,96,53,"[0, 1, 2, 6, 7, 8, 9, 10, 12, 13, 14, 15, 16, 17, 18, 25, 26, 27, 28, 29, 32, 36, 40, 41, 42, 43, 48, 50, 52, 53, 55, 58, 61, 63, 64, 67, 71, 74, 75, 76, 77, 78, 85, 90, 91, 92, 93, 94, 97, 99, 101, 102, 105, 106, 107, 108, 109, 110, 111, 112, 114, 115, 116, 117, 118, 119, 120, 121, 122, 123, 124, 125, 126, 127, 128, 129, 130, 131, 132, 133, 134, 135, 136, 137, 138, 139, 140, 141, 142, 143, 144, 145, 146, 147, 148, 149]","[3, 4, 5, 11, 19, 20, 21, 22, 23, 24, 30, 31, 33, 34, 35, 37, 38, 39, 44, 45, 46, 47, 49, 51, 54, 56, 57, 59, 60, 62, 65, 66, 68, 69, 70, 72, 73, 79, 80, 81, 82, 83, 84, 86, 87, 88, 89, 95, 96, 98, 100, 103, 104]",{},[],0,"[122, 17, 18, 32, 137, 138, 139, 140, 13, 14, 116, 118, 136, 16, 36, 135, 26, 28, 99, 105, 145, 149, 102, 144, 10, 147, 146, 12, 58, 71, 134, 109, 67, 48, 78, 61, 85, 93, 133, 42, 40, 143, 25, 7, 130, 131, 132, 129, 52, 74, 76, 97, 128, 63, 94, 127, 91, 64, 126, 50, 125, 124, 123, 141, 142, 77, 55, 119, 53, 90, 92, 117, 75, 15, 8, 27, 43, 41, 29, 112, 148, 110, 9, 111, 108, 106, 115, 107, 6, 1, 2, 0, 114, 121, 120, 101, 54, 47, 46, 39, 51, 68, 45, 49, 56, 57, 38, 83, 44, 104, 62, 60, 89, 70, 69, 59, 79, 80, 72, 86, 73, 66, 65, 23, 5, 4, 21, 22, 20, 35, 37, 34, 33, 3, 100, 96, 98, 11, 31, 30, 24, 19, 84, 87, 82, 81, 88, 103, 95]",True,2858919949,2.858919949,"[54, 47, 46, 39, 51, 68, 45, 49, 56, 57, 38, 83, 44, 104, 62, 60, 89, 70, 69, 59, 79, 80, 72, 86, 73, 66, 65, 31, 30, 11, 24, 100, 98, 96, 84, 82, 87, 81, 88, 103, 95, 23, 5, 4, 3, 21, 22, 20, 19, 35, 37, 34, 33]","[33, 34, 37, 35, 19, 20, 22, 21, 3, 4, 5, 23, 95, 103, 88, 81, 87, 82, 84, 96, 98, 100, 24, 11, 30, 31, 65, 66, 73, 86, 72, 80, 79, 59, 69, 70, 89, 60, 62, 104, 44, 83, 38, 57, 56, 49, 45, 68, 51, 39, 46, 47, 54]",False,complete,53,53,876,0,460,0,460,560,100,0,0,lowest_first,True,2,74,21,74,21,21,21,21
3,220501,50,98,51,"[0, 1, 2, 6, 7, 8, 9, 10, 12, 13, 14, 15, 16, 17, 18, 25, 26, 27, 28, 29, 32, 36, 40, 41, 42, 43, 47, 48, 50, 52, 53, 54, 55, 58, 61, 63, 64, 67, 71, 74, 75, 76, 77, 78, 85, 90, 91, 92, 93, 94, 97, 99, 101, 102, 105, 106, 107, 108, 109, 110, 111, 112, 114, 115, 116, 117, 118, 119, 120, 121, 122, 123, 124, 125, 126, 127, 128, 129, 130, 131, 132, 133, 134, 135, 136, 137, 138, 139, 140, 141, 142, 143, 144, 145, 146, 147, 148, 149]","[3, 4, 5, 11, 19, 20, 21, 22, 23, 24, 30, 31, 33, 34, 35, 37, 38, 39, 44, 45, 46, 49, 51, 56, 57, 59, 60, 62, 65, 66, 68, 69, 70, 72, 73, 79, 80, 81, 82, 83, 84, 86, 87, 88, 89, 95, 96, 98, 100, 103, 104]","{""support_1"": 46}",[46],1,"[122, 17, 18, 32, 137, 138, 139, 140, 13, 14, 116, 118, 136, 16, 36, 135, 26, 28, 99, 105, 145, 149, 102, 144, 10, 147, 146, 12, 58, 71, 134, 109, 67, 48, 78, 61, 85, 93, 133, 42, 40, 143, 25, 7, 130, 131, 132, 129, 52, 74, 76, 97, 128, 63, 94, 127, 91, 64, 126, 50, 125, 124, 123, 141, 142, 77, 55, 119, 53, 90, 92, 117, 75, 15, 8, 27, 43, 41, 29, 112, 148, 110, 9, 111, 108, 106, 115, 107, 6, 1, 2, 0, 114, 121, 120, 101, 54, 47, 46, 39, 51, 68, 45, 49, 56, 57, 38, 83, 44, 104, 62, 60, 89, 70, 69, 59, 79, 80, 72, 86, 73, 66, 65, 23, 5, 4, 21, 22, 20, 35, 37, 34, 33, 3, 100, 96, 98, 11, 31, 30, 24, 19, 84, 87, 82, 81, 88, 103, 95]",True,2575362684,2.575362684,"[46, 39, 51, 68, 45, 49, 56, 57, 38, 83, 44, 103, 62, 60, 89, 70, 69, 59, 79, 80, 72, 86, 73, 66, 65, 23, 5, 4, 21, 22, 20, 35, 37, 34, 33, 3, 100, 96, 98, 11, 31, 30, 24, 19, 84, 87, 82, 81, 88, 104, 95]","[95, 104, 88, 81, 82, 87, 84, 19, 24, 30, 31, 11, 98, 96, 100, 3, 33, 34, 37, 35, 20, 22, 21, 4, 5, 23, 65, 66, 73, 86, 72, 80, 79, 59, 69, 70, 89, 60, 62, 103, 44, 83, 38, 57, 56, 49, 45, 68, 51, 39, 46]",False,complete,52,52,780,0,454,1,453,547,94,0,0,lowest_first,True,2,82,20,82,20,20,20,21
3,220502,51,100,49,"[0, 1, 2, 6, 7, 8, 9, 10, 12, 13, 14, 15, 16, 17, 18, 25, 26, 27, 28, 29, 32, 36, 39, 40, 41, 42, 43, 46, 47, 48, 50, 52, 53, 54, 55, 58, 61, 63, 64, 67, 71, 74, 75, 76, 77, 78, 85, 90, 91, 92, 93, 94, 97, 99, 101, 102, 105, 106, 107, 108, 109, 110, 111, 112, 114, 115, 116, 117, 118, 119, 120, 121, 122, 123, 124, 125, 126, 127, 128, 129, 130, 131, 132, 133, 134, 135, 136, 137, 138, 139, 140, 141, 142, 143, 144, 145, 146, 147, 148, 149]","[3, 4, 5, 11, 19, 20, 21, 22, 23, 24, 30, 31, 33, 34, 35, 37, 38, 44, 45, 49, 51, 56, 57, 59, 60, 62, 65, 66, 68, 69, 70, 72, 73, 79, 80, 81, 82, 83, 84, 86, 87, 88, 89, 95, 96, 98, 100, 103, 104]","{""support_1"": 51}",[51],1,"[122, 17, 18, 32, 137, 138, 139, 140, 13, 14, 116, 118, 136, 16, 36, 135, 26, 28, 99, 105, 145, 149, 102, 144, 10, 147, 146, 12, 58, 71, 134, 109, 67, 48, 78, 61, 85, 93, 133, 42, 40, 143, 25, 7, 130, 131, 132, 129, 52, 74, 76, 97, 128, 63, 94, 127, 91, 64, 126, 50, 125, 124, 123, 141, 142, 77, 55, 119, 53, 90, 92, 117, 75, 15, 8, 27, 43, 41, 29, 112, 148, 110, 9, 111, 108, 106, 115, 107, 6, 1, 2, 0, 114, 121, 120, 101, 54, 47, 46, 39, 51, 68, 45, 49, 56, 57, 38, 83, 44, 104, 62, 60, 89, 70, 69, 59, 79, 80, 72, 86, 73, 66, 65, 23, 5, 4, 21, 22, 20, 35, 37, 34, 33, 3, 100, 96, 98, 11, 31, 30, 24, 19, 84, 87, 82, 81, 88, 103, 95]",True,2090039524,2.090039524,"[51, 68, 45, 49, 56, 57, 38, 83, 44, 103, 62, 60, 89, 70, 69, 59, 79, 80, 72, 86, 73, 66, 65, 31, 30, 24, 11, 100, 98, 96, 84, 82, 87, 81, 88, 104, 95, 23, 5, 4, 3, 21, 22, 20, 19, 35, 37, 34, 33]","[33, 34, 37, 35, 19, 20, 22, 21, 3, 4, 5, 23, 95, 104, 88, 81, 87, 82, 84, 96, 98, 100, 11, 24, 30, 31, 65, 66, 73, 86, 72, 80, 79, 59, 69, 70, 89, 60, 62, 103, 44, 83, 38, 57, 56, 49, 45, 68, 51]",False,complete,49,49,713,0,375,0,375,456,81,0,0,lowest_first,True,2,70,18,70,18,18,18,19
3,220503,52,102,47,"[0, 1, 2, 6, 7, 8, 9, 10, 12, 13, 14, 15, 16, 17, 18, 25, 26, 27, 28, 29, 32, 36, 39, 40, 41, 42, 43, 46, 47, 48, 50, 51, 52, 53, 54, 55, 58, 61, 63, 64, 67, 68, 71, 74, 75, 76, 77, 78, 85, 90, 91, 92, 93, 94, 97, 99, 101, 102, 105, 106, 107, 108, 109, 110, 111, 112, 114, 115, 116, 117, 118, 119, 120, 121, 122, 123, 124, 125, 126, 127, 128, 129, 130, 131, 132, 133, 134, 135, 136, 137, 138, 139, 140, 141, 142, 143, 144, 145, 146, 147, 148, 149]","[3, 4, 5, 11, 19, 20, 21, 22, 23, 24, 30, 31, 33, 34, 35, 37, 38, 44, 45, 49, 56, 57, 59, 60, 62, 65, 66, 69, 70, 72, 73, 79, 80, 81, 82, 83, 84, 86, 87, 88, 89, 95, 96, 98, 100, 103, 104]","{""support_1"": 62}",[62],1,"[122, 17, 18, 32, 137, 138, 139, 140, 13, 14, 116, 118, 136, 16, 36, 135, 26, 28, 99, 105, 145, 149, 102, 144, 10, 147, 146, 12, 58, 71, 134, 109, 67, 48, 78, 61, 85, 93, 133, 42, 40, 143, 25, 7, 130, 131, 132, 129, 52, 74, 76, 97, 128, 63, 94, 127, 91, 64, 126, 50, 125, 124, 123, 141, 142, 77, 55, 119, 53, 90, 92, 117, 75, 15, 8, 27, 43, 41, 29, 112, 148, 110, 9, 111, 108, 106, 115, 107, 6, 1, 2, 0, 114, 121, 120, 101, 54, 47, 46, 39, 51, 68, 45, 49, 56, 57, 38, 83, 44, 104, 62, 60, 89, 70, 69, 59, 79, 80, 72, 86, 73, 66, 65, 23, 5, 4, 21, 22, 20, 35, 37, 34, 33, 3, 100, 96, 98, 11, 31, 30, 24, 19, 84, 87, 82, 81, 88, 103, 95]",True,1866730534,1.866730534,"[45, 49, 56, 57, 38, 83, 44, 104, 62, 60, 89, 70, 69, 59, 79, 80, 72, 86, 73, 66, 65, 31, 30, 11, 24, 100, 98, 96, 84, 87, 82, 81, 88, 103, 95, 23, 5, 4, 3, 21, 22, 20, 19, 35, 37, 34, 33]","[33, 34, 37, 35, 19, 20, 22, 21, 3, 4, 5, 23, 95, 103, 88, 81, 82, 87, 84, 96, 98, 100, 24, 11, 30, 31, 65, 66, 73, 86, 72, 80, 79, 59, 69, 70, 89, 60, 62, 104, 44, 83, 38, 57, 56, 49, 45]",False,complete,47,47,641,0,342,0,342,422,80,0,0,lowest_first,True,2,68,17,68,18,18,17,18
3,220504,53,104,45,"[0, 1, 2, 6, 7, 8, 9, 10, 12, 13, 14, 15, 16, 17, 18, 25, 26, 27, 28, 29, 32, 36, 39, 40, 41, 42, 43, 45, 46, 47, 48, 49, 50, 51, 52, 53, 54, 55, 58, 61, 63, 64, 67, 68, 71, 74, 75, 76, 77, 78, 85, 90, 91, 92, 93, 94, 97, 99, 101, 102, 105, 106, 107, 108, 109, 110, 111, 112, 114, 115, 116, 117, 118, 119, 120, 121, 122, 123, 124, 125, 126, 127, 128, 129, 130, 131, 132, 133, 134, 135, 136, 137, 138, 139, 140, 141, 142, 143, 144, 145, 146, 147, 148, 149]","[3, 4, 5, 11, 19, 20, 21, 22, 23, 24, 30, 31, 33, 34, 35, 37, 38, 44, 56, 57, 59, 60, 62, 65, 66, 69, 70, 72, 73, 79, 80, 81, 82, 83, 84, 86, 87, 88, 89, 95, 96, 98, 100, 103, 104]","{""support_1"": 62, ""support_2"": 57}","[57, 62]",2,"[122, 17, 18, 32, 137, 138, 139, 140, 13, 14, 116, 118, 136, 16, 36, 135, 26, 28, 99, 105, 145, 149, 102, 144, 10, 147, 146, 12, 58, 71, 134, 109, 67, 48, 78, 61, 85, 93, 133, 42, 40, 143, 25, 7, 130, 131, 132, 129, 52, 74, 76, 97, 128, 63, 94, 127, 91, 64, 126, 50, 125, 124, 123, 141, 142, 77, 55, 119, 53, 90, 92, 117, 75, 15, 8, 27, 43, 41, 29, 112, 148, 110, 9, 111, 108, 106, 115, 107, 6, 1, 2, 0, 114, 121, 120, 101, 54, 47, 46, 39, 51, 68, 45, 49, 56, 57, 38, 83, 44, 104, 62, 60, 89, 70, 69, 59, 79, 80, 72, 86, 73, 66, 65, 23, 5, 4, 21, 22, 20, 35, 37, 34, 33, 3, 100, 96, 98, 11, 31, 30, 24, 19, 84, 87, 82, 81, 88, 103, 95]",True,1796190821,1.796190821,"[56, 57, 38, 83, 44, 104, 62, 60, 89, 70, 69, 59, 79, 80, 72, 86, 73, 66, 65, 23, 5, 4, 21, 22, 20, 35, 37, 34, 33, 3, 100, 96, 98, 11, 31, 30, 24, 19, 84, 82, 87, 81, 88, 103, 95]","[95, 103, 88, 81, 87, 82, 84, 19, 24, 30, 31, 11, 98, 96, 100, 3, 33, 34, 37, 35, 20, 22, 21, 4, 5, 23, 65, 66, 73, 86, 72, 80, 79, 59, 69, 70, 89, 60, 62, 104, 44, 83, 38, 57, 56]",False,complete,46,46,573,0,361,1,360,412,52,0,0,lowest_first,True,2,74,17,74,19,19,17,19
3,220505,54,106,43,"[0, 1, 2, 6, 7, 8, 9, 10, 12, 13, 14, 15, 16, 17, 18, 25, 26, 27, 28, 29, 32, 36, 39, 40, 41, 42, 43, 45, 46, 47, 48, 49, 50, 51, 52, 53, 54, 55, 56, 57, 58, 61, 63, 64, 67, 68, 71, 74, 75, 76, 77, 78, 85, 90, 91, 92, 93, 94, 97, 99, 101, 102, 105, 106, 107, 108, 109, 110, 111, 112, 114, 115, 116, 117, 118, 119, 120, 121, 122, 123, 124, 125, 126, 127, 128, 129, 130, 131, 132, 133, 134, 135, 136, 137, 138, 139, 140, 141, 142, 143, 144, 145, 146, 147, 148, 149]","[3, 4, 5, 11, 19, 20, 21, 22, 23, 24, 30, 31, 33, 34, 35, 37, 38, 44, 59, 60, 62, 65, 66, 69, 70, 72, 73, 79, 80, 81, 82, 83, 84, 86, 87, 88, 89, 95, 96, 98, 100, 103, 104]","{""support_1"": 62, ""support_2"": 44}","[44, 62]",2,"[122, 17, 18, 32, 137, 138, 139, 140, 13, 14, 116, 118, 136, 16, 36, 135, 26, 28, 99, 105, 145, 149, 102, 144, 10, 147, 146, 12, 58, 71, 134, 109, 67, 48, 78, 61, 85, 93, 133, 42, 40, 143, 25, 7, 130, 131, 132, 129, 52, 74, 76, 97, 128, 63, 94, 127, 91, 64, 126, 50, 125, 124, 123, 141, 142, 77, 55, 119, 53, 90, 92, 117, 75, 15, 8, 27, 43, 41, 29, 112, 148, 110, 9, 111, 108, 106, 115, 107, 6, 1, 2, 0, 114, 121, 120, 101, 54, 47, 46, 39, 51, 68, 45, 49, 56, 57, 38, 83, 44, 104, 62, 60, 89, 70, 69, 59, 79, 80, 72, 86, 73, 66, 65, 23, 5, 4, 21, 22, 20, 35, 37, 34, 33, 3, 100, 96, 98, 11, 31, 30, 24, 19, 84, 87, 82, 81, 88, 103, 95]",True,1405281926,1.405281926,"[38, 83, 44, 103, 62, 60, 89, 70, 69, 59, 79, 80, 72, 86, 73, 66, 65, 31, 30, 24, 11, 100, 98, 96, 84, 87, 82, 81, 88, 104, 95, 23, 5, 4, 3, 21, 22, 20, 19, 35, 37, 34, 33]","[33, 34, 37, 35, 19, 20, 22, 21, 3, 4, 5, 23, 95, 104, 88, 81, 82, 87, 84, 96, 98, 100, 11, 24, 30, 31, 65, 66, 73, 86, 72, 80, 79, 59, 69, 70, 89, 60, 62, 103, 44, 83, 38]",False,complete,43,43,536,0,281,0,281,315,34,0,0,lowest_first,True,2,60,15,60,17,17,15,17
3,220506,55,108,41,"[0, 1, 2, 6, 7, 8, 9, 10, 12, 13, 14, 15, 16, 17, 18, 25, 26, 27, 28, 29, 32, 36, 38, 39, 40, 41, 42, 43, 45, 46, 47, 48, 49, 50, 51, 52, 53, 54, 55, 56, 57, 58, 61, 63, 64, 67, 68, 71, 74, 75, 76, 77, 78, 83, 85, 90, 91, 92, 93, 94, 97, 99, 101, 102, 105, 106, 107, 108, 109, 110, 111, 112, 114, 115, 116, 117, 118, 119, 120, 121, 122, 123, 124, 125, 126, 127, 128, 129, 130, 131, 132, 133, 134, 135, 136, 137, 138, 139, 140, 141, 142, 143, 144, 145, 146, 147, 148, 149]","[3, 4, 5, 11, 19, 20, 21, 22, 23, 24, 30, 31, 33, 34, 35, 37, 44, 59, 60, 62, 65, 66, 69, 70, 72, 73, 79, 80, 81, 82, 84, 86, 87, 88, 89, 95, 96, 98, 100, 103, 104]","{""support_1"": 62, ""support_2"": 44}","[44, 62]",2,"[122, 17, 18, 32, 137, 138, 139, 140, 13, 14, 116, 118, 136, 16, 36, 135, 26, 28, 99, 105, 145, 149, 102, 144, 10, 147, 146, 12, 58, 71, 134, 109, 67, 48, 78, 61, 85, 93, 133, 42, 40, 143, 25, 7, 130, 131, 132, 129, 52, 74, 76, 97, 128, 63, 94, 127, 91, 64, 126, 50, 125, 124, 123, 141, 142, 77, 55, 119, 53, 90, 92, 117, 75, 15, 8, 27, 43, 41, 29, 112, 148, 110, 9, 111, 108, 106, 115, 107, 6, 1, 2, 0, 114, 121, 120, 101, 54, 47, 46, 39, 51, 68, 45, 49, 56, 57, 38, 83, 44, 104, 62, 60, 89, 70, 69, 59, 79, 80, 72, 86, 73, 66, 65, 23, 5, 4, 21, 22, 20, 35, 37, 34, 33, 3, 100, 96, 98, 11, 31, 30, 24, 19, 84, 87, 82, 81, 88, 103, 95]",True,1285320683,1.285320683,"[44, 104, 62, 60, 89, 70, 69, 59, 79, 80, 72, 86, 73, 66, 65, 31, 30, 24, 11, 100, 98, 96, 84, 82, 87, 81, 88, 103, 95, 23, 5, 4, 3, 21, 22, 20, 19, 35, 37, 34, 33]","[33, 34, 37, 35, 19, 20, 22, 21, 3, 4, 5, 23, 95, 103, 88, 81, 87, 82, 84, 96, 98, 100, 11, 24, 30, 31, 65, 66, 73, 86, 72, 80, 79, 59, 69, 70, 89, 60, 62, 104, 44]",False,complete,41,41,493,0,266,0,266,300,34,0,0,lowest_first,True,2,56,15,56,16,16,15,17
3,220507,56,110,39,"[0, 1, 2, 6, 7, 8, 9, 10, 12, 13, 14, 15, 16, 17, 18, 25, 26, 27, 28, 29, 32, 36, 38, 39, 40, 41, 42, 43, 44, 45, 46, 47, 48, 49, 50, 51, 52, 53, 54, 55, 56, 57, 58, 61, 63, 64, 67, 68, 71, 74, 75, 76, 77, 78, 83, 85, 90, 91, 92, 93, 94, 97, 99, 101, 102, 104, 105, 106, 107, 108, 109, 110, 111, 112, 114, 115, 116, 117, 118, 119, 120, 121, 122, 123, 124, 125, 126, 127, 128, 129, 130, 131, 132, 133, 134, 135, 136, 137, 138, 139, 140, 141, 142, 143, 144, 145, 146, 147, 148, 149]","[3, 4, 5, 11, 19, 20, 21, 22, 23, 24, 30, 31, 33, 34, 35, 37, 59, 60, 62, 65, 66, 69, 70, 72, 73, 79, 80, 81, 82, 84, 86, 87, 88, 89, 95, 96, 98, 100, 103]","{""support_1"": 62, ""support_2"": 84}","[62, 84]",2,"[122, 17, 18, 32, 137, 138, 139, 140, 13, 14, 116, 118, 136, 16, 36, 135, 26, 28, 99, 105, 145, 149, 102, 144, 10, 147, 146, 12, 58, 71, 134, 109, 67, 48, 78, 61, 85, 93, 133, 42, 40, 143, 25, 7, 130, 131, 132, 129, 52, 74, 76, 97, 128, 63, 94, 127, 91, 64, 126, 50, 125, 124, 123, 141, 142, 77, 55, 119, 53, 90, 92, 117, 75, 15, 8, 27, 43, 41, 29, 112, 148, 110, 9, 111, 108, 106, 115, 107, 6, 1, 2, 0, 114, 121, 120, 101, 54, 47, 46, 39, 51, 68, 45, 49, 56, 57, 38, 83, 44, 104, 62, 60, 89, 70, 69, 59, 79, 80, 72, 86, 73, 66, 65, 23, 5, 4, 21, 22, 20, 35, 37, 34, 33, 3, 100, 96, 98, 11, 31, 30, 24, 19, 84, 87, 82, 81, 88, 103, 95]",True,1215650057,1.215650057,"[62, 60, 89, 70, 69, 59, 79, 80, 72, 86, 73, 66, 65, 23, 5, 4, 21, 22, 20, 35, 37, 34, 33, 3, 100, 96, 98, 11, 31, 30, 24, 19, 84, 87, 82, 81, 88, 103, 95]","[95, 103, 88, 81, 82, 87, 84, 19, 24, 30, 31, 11, 98, 96, 100, 3, 33, 34, 37, 35, 20, 22, 21, 4, 5, 23, 65, 66, 73, 86, 72, 80, 79, 59, 69, 70, 89, 60, 62]",True,complete,40,40,445,0,279,1,278,324,46,0,0,lowest_first,True,2,62,15,62,16,16,15,17
3,220508,57,112,37,"[0, 1, 2, 6, 7, 8, 9, 10, 12, 13, 14, 15, 16, 17, 18, 25, 26, 27, 28, 29, 32, 36, 38, 39, 40, 41, 42, 43, 44, 45, 46, 47, 48, 49, 50, 51, 52, 53, 54, 55, 56, 57, 58, 60, 61, 62, 63, 64, 67, 68, 71, 74, 75, 76, 77, 78, 83, 85, 90, 91, 92, 93, 94, 97, 99, 101, 102, 104, 105, 106, 107, 108, 109, 110, 111, 112, 114, 115, 116, 117, 118, 119, 120, 121, 122, 123, 124, 125, 126, 127, 128, 129, 130, 131, 132, 133, 134, 135, 136, 137, 138, 139, 140, 141, 142, 143, 144, 145, 146, 147, 148, 149]","[3, 4, 5, 11, 19, 20, 21, 22, 23, 24, 30, 31, 33, 34, 35, 37, 59, 65, 66, 69, 70, 72, 73, 79, 80, 81, 82, 84, 86, 87, 88, 89, 95, 96, 98, 100, 103]","{""support_1"": 70, ""support_2"": 84}","[70, 84]",2,"[122, 17, 18, 32, 137, 138, 139, 140, 13, 14, 116, 118, 136, 16, 36, 135, 26, 28, 99, 105, 145, 149, 102, 144, 10, 147, 146, 12, 58, 71, 134, 109, 67, 48, 78, 61, 85, 93, 133, 42, 40, 143, 25, 7, 130, 131, 132, 129, 52, 74, 76, 97, 128, 63, 94, 127, 91, 64, 126, 50, 125, 124, 123, 141, 142, 77, 55, 119, 53, 90, 92, 117, 75, 15, 8, 27, 43, 41, 29, 112, 148, 110, 9, 111, 108, 106, 115, 107, 6, 1, 2, 0, 114, 121, 120, 101, 54, 47, 46, 39, 51, 68, 45, 49, 56, 57, 38, 83, 44, 104, 62, 60, 89, 70, 69, 59, 79, 80, 72, 86, 73, 66, 65, 23, 5, 4, 21, 22, 20, 35, 37, 34, 33, 3, 100, 96, 98, 11, 31, 30, 24, 19, 84, 87, 82, 81, 88, 103, 95]",True,830040991,0.830040991,"[89, 70, 69, 59, 79, 80, 72, 86, 73, 66, 65, 31, 30, 11, 24, 100, 98, 96, 84, 82, 87, 81, 88, 103, 95, 23, 5, 4, 3, 21, 22, 20, 19, 35, 37, 34, 33]","[33, 34, 37, 35, 19, 20, 22, 21, 3, 4, 5, 23, 95, 103, 88, 81, 87, 82, 84, 96, 98, 100, 24, 11, 30, 31, 65, 66, 73, 86, 72, 80, 79, 59, 69, 70, 89]",False,complete,37,37,415,0,194,0,194,222,28,0,0,lowest_first,True,2,48,12,48,14,14,12,14
3,220509,58,114,35,"[0, 1, 2, 6, 7, 8, 9, 10, 12, 13, 14, 15, 16, 17, 18, 25, 26, 27, 28, 29, 32, 36, 38, 39, 40, 41, 42, 43, 44, 45, 46, 47, 48, 49, 50, 51, 52, 53, 54, 55, 56, 57, 58, 60, 61, 62, 63, 64, 67, 68, 70, 71, 74, 75, 76, 77, 78, 83, 85, 89, 90, 91, 92, 93, 94, 97, 99, 101, 102, 104, 105, 106, 107, 108, 109, 110, 111, 112, 114, 115, 116, 117, 118, 119, 120, 121, 122, 123, 124, 125, 126, 127, 128, 129, 130, 131, 132, 133, 134, 135, 136, 137, 138, 139, 140, 141, 142, 143, 144, 145, 146, 147, 148, 149]","[3, 4, 5, 11, 19, 20, 21, 22, 23, 24, 30, 31, 33, 34, 35, 37, 59, 65, 66, 69, 72, 73, 79, 80, 81, 82, 84, 86, 87, 88, 95, 96, 98, 100, 103]","{""support_1"": 80, ""support_2"": 84}","[80, 84]",2,"[122, 17, 18, 32, 137, 138, 139, 140, 13, 14, 116, 118, 136, 16, 36, 135, 26, 28, 99, 105, 145, 149, 102, 144, 10, 147, 146, 12, 58, 71, 134, 109, 67, 48, 78, 61, 85, 93, 133, 42, 40, 143, 25, 7, 130, 131, 132, 129, 52, 74, 76, 97, 128, 63, 94, 127, 91, 64, 126, 50, 125, 124, 123, 141, 142, 77, 55, 119, 53, 90, 92, 117, 75, 15, 8, 27, 43, 41, 29, 112, 148, 110, 9, 111, 108, 106, 115, 107, 6, 1, 2, 0, 114, 121, 120, 101, 54, 47, 46, 39, 51, 68, 45, 49, 56, 57, 38, 83, 44, 104, 62, 60, 89, 70, 69, 59, 79, 80, 72, 86, 73, 66, 65, 23, 5, 4, 21, 22, 20, 35, 37, 34, 33, 3, 100, 96, 98, 11, 31, 30, 24, 19, 84, 87, 82, 81, 88, 103, 95]",True,680429653,0.680429653,"[69, 59, 79, 80, 72, 86, 73, 66, 65, 31, 30, 24, 11, 100, 98, 96, 84, 87, 82, 81, 88, 103, 95, 23, 5, 4, 3, 21, 22, 20, 19, 35, 37, 34, 33]","[33, 34, 37, 35, 19, 20, 22, 21, 3, 4, 5, 23, 95, 103, 88, 81, 82, 87, 84, 96, 98, 100, 11, 24, 30, 31, 65, 66, 73, 86, 72, 80, 79, 59, 69]",False,complete,35,35,379,0,167,0,167,193,26,0,0,lowest_first,True,2,44,11,44,13,13,11,13
3,220510,59,116,33,"[0, 1, 2, 6, 7, 8, 9, 10, 12, 13, 14, 15, 16, 17, 18, 25, 26, 27, 28, 29, 32, 36, 38, 39, 40, 41, 42, 43, 44, 45, 46, 47, 48, 49, 50, 51, 52, 53, 54, 55, 56, 57, 58, 59, 60, 61, 62, 63, 64, 67, 68, 69, 70, 71, 74, 75, 76, 77, 78, 83, 85, 89, 90, 91, 92, 93, 94, 97, 99, 101, 102, 104, 105, 106, 107, 108, 109, 110, 111, 112, 114, 115, 116, 117, 118, 119, 120, 121, 122, 123, 124, 125, 126, 127, 128, 129, 130, 131, 132, 133, 134, 135, 136, 137, 138, 139, 140, 141, 142, 143, 144, 145, 146, 147, 148, 149]","[3, 4, 5, 11, 19, 20, 21, 22, 23, 24, 30, 31, 33, 34, 35, 37, 65, 66, 72, 73, 79, 80, 81, 82, 84, 86, 87, 88, 95, 96, 98, 100, 103]","{""support_1"": 80, ""support_2"": 84}","[80, 84]",2,"[122, 17, 18, 32, 137, 138, 139, 140, 13, 14, 116, 118, 136, 16, 36, 135, 26, 28, 99, 105, 145, 149, 102, 144, 10, 147, 146, 12, 58, 71, 134, 109, 67, 48, 78, 61, 85, 93, 133, 42, 40, 143, 25, 7, 130, 131, 132, 129, 52, 74, 76, 97, 128, 63, 94, 127, 91, 64, 126, 50, 125, 124, 123, 141, 142, 77, 55, 119, 53, 90, 92, 117, 75, 15, 8, 27, 43, 41, 29, 112, 148, 110, 9, 111, 108, 106, 115, 107, 6, 1, 2, 0, 114, 121, 120, 101, 54, 47, 46, 39, 51, 68, 45, 49, 56, 57, 38, 83, 44, 104, 62, 60, 89, 70, 69, 59, 79, 80, 72, 86, 73, 66, 65, 23, 5, 4, 21, 22, 20, 35, 37, 34, 33, 3, 100, 96, 98, 11, 31, 30, 24, 19, 84, 87, 82, 81, 88, 103, 95]",True,620236559,0.620236559,"[79, 80, 72, 86, 73, 66, 65, 31, 30, 11, 24, 100, 98, 96, 84, 82, 87, 81, 88, 103, 95, 23, 5, 4, 3, 21, 22, 20, 19, 35, 37, 34, 33]","[33, 34, 37, 35, 19, 20, 22, 21, 3, 4, 5, 23, 95, 103, 88, 81, 87, 82, 84, 96, 98, 100, 24, 11, 30, 31, 65, 66, 73, 86, 72, 80, 79]",False,complete,33,33,344,0,159,0,159,185,26,0,0,lowest_first,True,2,40,11,40,13,13,11,13
3,220511,60,118,31,"[0, 1, 2, 6, 7, 8, 9, 10, 12, 13, 14, 15, 16, 17, 18, 25, 26, 27, 28, 29, 32, 36, 38, 39, 40, 41, 42, 43, 44, 45, 46, 47, 48, 49, 50, 51, 52, 53, 54, 55, 56, 57, 58, 59, 60, 61, 62, 63, 64, 67, 68, 69, 70, 71, 74, 75, 76, 77, 78, 79, 80, 83, 85, 89, 90, 91, 92, 93, 94, 97, 99, 101, 102, 104, 105, 106, 107, 108, 109, 110, 111, 112, 114, 115, 116, 117, 118, 119, 120, 121, 122, 123, 124, 125, 126, 127, 128, 129, 130, 131, 132, 133, 134, 135, 136, 137, 138, 139, 140, 141, 142, 143, 144, 145, 146, 147, 148, 149]","[3, 4, 5, 11, 19, 20, 21, 22, 23, 24, 30, 31, 33, 34, 35, 37, 65, 66, 72, 73, 81, 82, 84, 86, 87, 88, 95, 96, 98, 100, 103]","{""support_1"": 72, ""support_2"": 84}","[72, 84]",2,"[122, 17, 18, 32, 137, 138, 139, 140, 13, 14, 116, 118, 136, 16, 36, 135, 26, 28, 99, 105, 145, 149, 102, 144, 10, 147, 146, 12, 58, 71, 134, 109, 67, 48, 78, 61, 85, 93, 133, 42, 40, 143, 25, 7, 130, 131, 132, 129, 52, 74, 76, 97, 128, 63, 94, 127, 91, 64, 126, 50, 125, 124, 123, 141, 142, 77, 55, 119, 53, 90, 92, 117, 75, 15, 8, 27, 43, 41, 29, 112, 148, 110, 9, 111, 108, 106, 115, 107, 6, 1, 2, 0, 114, 121, 120, 101, 54, 47, 46, 39, 51, 68, 45, 49, 56, 57, 38, 83, 44, 104, 62, 60, 89, 70, 69, 59, 79, 80, 72, 86, 73, 66, 65, 23, 5, 4, 21, 22, 20, 35, 37, 34, 33, 3, 100, 96, 98, 11, 31, 30, 24, 19, 84, 87, 82, 81, 88, 103, 95]",True,482576755,0.482576755,"[72, 86, 73, 66, 65, 31, 30, 11, 24, 100, 98, 96, 84, 87, 82, 81, 88, 103, 95, 23, 5, 4, 3, 21, 22, 20, 19, 35, 37, 34, 33]","[33, 34, 37, 35, 19, 20, 22, 21, 3, 4, 5, 23, 95, 103, 88, 81, 82, 87, 84, 96, 98, 100, 24, 11, 30, 31, 65, 66, 73, 86, 72]",False,complete,31,31,311,0,137,0,137,160,23,0,0,lowest_first,True,2,36,10,36,11,11,10,12
3,220512,61,120,29,"[0, 1, 2, 6, 7, 8, 9, 10, 12, 13, 14, 15, 16, 17, 18, 25, 26, 27, 28, 29, 32, 36, 38, 39, 40, 41, 42, 43, 44, 45, 46, 47, 48, 49, 50, 51, 52, 53, 54, 55, 56, 57, 58, 59, 60, 61, 62, 63, 64, 67, 68, 69, 70, 71, 72, 74, 75, 76, 77, 78, 79, 80, 83, 85, 86, 89, 90, 91, 92, 93, 94, 97, 99, 101, 102, 104, 105, 106, 107, 108, 109, 110, 111, 112, 114, 115, 116, 117, 118, 119, 120, 121, 122, 123, 124, 125, 126, 127, 128, 129, 130, 131, 132, 133, 134, 135, 136, 137, 138, 139, 140, 141, 142, 143, 144, 145, 146, 147, 148, 149]","[3, 4, 5, 11, 19, 20, 21, 22, 23, 24, 30, 31, 33, 34, 35, 37, 65, 66, 73, 81, 82, 84, 87, 88, 95, 96, 98, 100, 103]","{""support_1"": 73, ""support_2"": 84}","[73, 84]",2,"[122, 17, 18, 32, 137, 138, 139, 140, 13, 14, 116, 118, 136, 16, 36, 135, 26, 28, 99, 105, 145, 149, 102, 144, 10, 147, 146, 12, 58, 71, 134, 109, 67, 48, 78, 61, 85, 93, 133, 42, 40, 143, 25, 7, 130, 131, 132, 129, 52, 74, 76, 97, 128, 63, 94, 127, 91, 64, 126, 50, 125, 124, 123, 141, 142, 77, 55, 119, 53, 90, 92, 117, 75, 15, 8, 27, 43, 41, 29, 112, 148, 110, 9, 111, 108, 106, 115, 107, 6, 1, 2, 0, 114, 121, 120, 101, 54, 47, 46, 39, 51, 68, 45, 49, 56, 57, 38, 83, 44, 104, 62, 60, 89, 70, 69, 59, 79, 80, 72, 86, 73, 66, 65, 23, 5, 4, 21, 22, 20, 35, 37, 34, 33, 3, 100, 96, 98, 11, 31, 30, 24, 19, 84, 87, 82, 81, 88, 103, 95]",True,331729536,0.331729536,"[73, 66, 65, 31, 30, 11, 24, 100, 98, 96, 84, 82, 87, 81, 88, 103, 95, 23, 5, 4, 3, 21, 22, 20, 19, 35, 37, 34, 33]","[33, 34, 37, 35, 19, 20, 22, 21, 3, 4, 5, 23, 95, 103, 88, 81, 87, 82, 84, 96, 98, 100, 24, 11, 30, 31, 65, 66, 73]",False,complete,29,29,280,0,106,0,106,129,23,0,0,lowest_first,True,2,32,9,32,10,10,9,11
3,220513,62,122,27,"[0, 1, 2, 6, 7, 8, 9, 10, 12, 13, 14, 15, 16, 17, 18, 25, 26, 27, 28, 29, 32, 36, 38, 39, 40, 41, 42, 43, 44, 45, 46, 47, 48, 49, 50, 51, 52, 53, 54, 55, 56, 57, 58, 59, 60, 61, 62, 63, 64, 66, 67, 68, 69, 70, 71, 72, 73, 74, 75, 76, 77, 78, 79, 80, 83, 85, 86, 89, 90, 91, 92, 93, 94, 97, 99, 101, 102, 104, 105, 106, 107, 108, 109, 110, 111, 112, 114, 115, 116, 117, 118, 119, 120, 121, 122, 123, 124, 125, 126, 127, 128, 129, 130, 131, 132, 133, 134, 135, 136, 137, 138, 139, 140, 141, 142, 143, 144, 145, 146, 147, 148, 149]","[3, 4, 5, 11, 19, 20, 21, 22, 23, 24, 30, 31, 33, 34, 35, 37, 65, 81, 82, 84, 87, 88, 95, 96, 98, 100, 103]","{""support_2"": 84}",[84],1,"[122, 17, 18, 32, 137, 138, 139, 140, 13, 14, 116, 118, 136, 16, 36, 135, 26, 28, 99, 105, 145, 149, 102, 144, 10, 147, 146, 12, 58, 71, 134, 109, 67, 48, 78, 61, 85, 93, 133, 42, 40, 143, 25, 7, 130, 131, 132, 129, 52, 74, 76, 97, 128, 63, 94, 127, 91, 64, 126, 50, 125, 124, 123, 141, 142, 77, 55, 119, 53, 90, 92, 117, 75, 15, 8, 27, 43, 41, 29, 112, 148, 110, 9, 111, 108, 106, 115, 107, 6, 1, 2, 0, 114, 121, 120, 101, 54, 47, 46, 39, 51, 68, 45, 49, 56, 57, 38, 83, 44, 104, 62, 60, 89, 70, 69, 59, 79, 80, 72, 86, 73, 66, 65, 23, 5, 4, 21, 22, 20, 35, 37, 34, 33, 3, 100, 96, 98, 11, 31, 30, 24, 19, 84, 87, 82, 81, 88, 103, 95]",True,439946386,0.439946386,"[65, 23, 5, 4, 21, 22, 20, 35, 37, 34, 33, 3, 100, 96, 98, 11, 31, 30, 24, 19, 84, 87, 82, 81, 88, 103, 95]","[95, 103, 88, 81, 82, 87, 84, 19, 24, 30, 31, 11, 98, 96, 100, 3, 33, 34, 37, 35, 20, 22, 21, 4, 5, 23, 65]",True,complete,28,28,246,0,138,1,137,173,36,0,0,lowest_first,True,2,39,9,39,10,10,9,10
3,220514,63,124,25,"[0, 1, 2, 6, 7, 8, 9, 10, 12, 13, 14, 15, 16, 17, 18, 23, 25, 26, 27, 28, 29, 32, 36, 38, 39, 40, 41, 42, 43, 44, 45, 46, 47, 48, 49, 50, 51, 52, 53, 54, 55, 56, 57, 58, 59, 60, 61, 62, 63, 64, 65, 66, 67, 68, 69, 70, 71, 72, 73, 74, 75, 76, 77, 78, 79, 80, 83, 85, 86, 89, 90, 91, 92, 93, 94, 97, 99, 101, 102, 104, 105, 106, 107, 108, 109, 110, 111, 112, 114, 115, 116, 117, 118, 119, 120, 121, 122, 123, 124, 125, 126, 127, 128, 129, 130, 131, 132, 133, 134, 135, 136, 137, 138, 139, 140, 141, 142, 143, 144, 145, 146, 147, 148, 149]","[3, 4, 5, 11, 19, 20, 21, 22, 24, 30, 31, 33, 34, 35, 37, 81, 82, 84, 87, 88, 95, 96, 98, 100, 103]","{""support_1"": 5, ""support_2"": 84}","[5, 84]",2,"[122, 17, 18, 32, 137, 138, 139, 140, 13, 14, 116, 118, 136, 16, 36, 135, 26, 28, 99, 105, 145, 149, 102, 144, 10, 147, 146, 12, 58, 71, 134, 109, 67, 48, 78, 61, 85, 93, 133, 42, 40, 143, 25, 7, 130, 131, 132, 129, 52, 74, 76, 97, 128, 63, 94, 127, 91, 64, 126, 50, 125, 124, 123, 141, 142, 77, 55, 119, 53, 90, 92, 117, 75, 15, 8, 27, 43, 41, 29, 112, 148, 110, 9, 111, 108, 106, 115, 107, 6, 1, 2, 0, 114, 121, 120, 101, 54, 47, 46, 39, 51, 68, 45, 49, 56, 57, 38, 83, 44, 104, 62, 60, 89, 70, 69, 59, 79, 80, 72, 86, 73, 66, 65, 23, 5, 4, 21, 22, 20, 35, 37, 34, 33, 3, 100, 96, 98, 11, 31, 30, 24, 19, 84, 87, 82, 81, 88, 103, 95]",True,354223234,0.354223234,"[5, 4, 21, 22, 20, 35, 37, 34, 33, 3, 100, 96, 98, 11, 31, 30, 24, 19, 84, 87, 82, 81, 88, 103, 95]","[95, 103, 88, 81, 82, 87, 84, 19, 24, 30, 31, 11, 98, 96, 100, 3, 33, 34, 37, 35, 20, 22, 21, 4, 5]",True,complete,26,26,205,0,123,1,122,145,23,0,0,lowest_first,True,2,36,8,36,9,9,8,10
3,220515,64,126,23,"[0, 1, 2, 4, 5, 6, 7, 8, 9, 10, 12, 13, 14, 15, 16, 17, 18, 23, 25, 26, 27, 28, 29, 32, 36, 38, 39, 40, 41, 42, 43, 44, 45, 46, 47, 48, 49, 50, 51, 52, 53, 54, 55, 56, 57, 58, 59, 60, 61, 62, 63, 64, 65, 66, 67, 68, 69, 70, 71, 72, 73, 74, 75, 76, 77, 78, 79, 80, 83, 85, 86, 89, 90, 91, 92, 93, 94, 97, 99, 101, 102, 104, 105, 106, 107, 108, 109, 110, 111, 112, 114, 115, 116, 117, 118, 119, 120, 121, 122, 123, 124, 125, 126, 127, 128, 129, 130, 131, 132, 133, 134, 135, 136, 137, 138, 139, 140, 141, 142, 143, 144, 145, 146, 147, 148, 149]","[3, 11, 19, 20, 21, 22, 24, 30, 31, 33, 34, 35, 37, 81, 82, 84, 87, 88, 95, 96, 98, 100, 103]","{""support_1"": 22, ""support_2"": 84}","[22, 84]",2,"[122, 17, 18, 32, 137, 138, 139, 140, 13, 14, 116, 118, 136, 16, 36, 135, 26, 28, 99, 105, 145, 149, 102, 144, 10, 147, 146, 12, 58, 71, 134, 109, 67, 48, 78, 61, 85, 93, 133, 42, 40, 143, 25, 7, 130, 131, 132, 129, 52, 74, 76, 97, 128, 63, 94, 127, 91, 64, 126, 50, 125, 124, 123, 141, 142, 77, 55, 119, 53, 90, 92, 117, 75, 15, 8, 27, 43, 41, 29, 112, 148, 110, 9, 111, 108, 106, 115, 107, 6, 1, 2, 0, 114, 121, 120, 101, 54, 47, 46, 39, 51, 68, 45, 49, 56, 57, 38, 83, 44, 104, 62, 60, 89, 70, 69, 59, 79, 80, 72, 86, 73, 66, 65, 23, 5, 4, 21, 22, 20, 35, 37, 34, 33, 3, 100, 96, 98, 11, 31, 30, 24, 19, 84, 87, 82, 81, 88, 103, 95]",True,285581623,0.285581623,"[21, 22, 20, 35, 37, 34, 33, 19, 100, 96, 98, 24, 30, 31, 11, 3, 84, 87, 82, 81, 88, 103, 95]","[95, 103, 88, 81, 82, 87, 84, 3, 11, 31, 30, 24, 98, 96, 100, 19, 33, 34, 37, 35, 20, 22, 21]",False,complete,24,24,174,0,106,1,105,123,18,0,0,lowest_first,True,2,33,7,33,9,9,7,9
3,220516,65,128,21,"[0, 1, 2, 4, 5, 6, 7, 8, 9, 10, 12, 13, 14, 15, 16, 17, 18, 21, 22, 23, 25, 26, 27, 28, 29, 32, 36, 38, 39, 40, 41, 42, 43, 44, 45, 46, 47, 48, 49, 50, 51, 52, 53, 54, 55, 56, 57, 58, 59, 60, 61, 62, 63, 64, 65, 66, 67, 68, 69, 70, 71, 72, 73, 74, 75, 76, 77, 78, 79, 80, 83, 85, 86, 89, 90, 91, 92, 93, 94, 97, 99, 101, 102, 104, 105, 106, 107, 108, 109, 110, 111, 112, 114, 115, 116, 117, 118, 119, 120, 121, 122, 123, 124, 125, 126, 127, 128, 129, 130, 131, 132, 133, 134, 135, 136, 137, 138, 139, 140, 141, 142, 143, 144, 145, 146, 147, 148, 149]","[3, 11, 19, 20, 24, 30, 31, 33, 34, 35, 37, 81, 82, 84, 87, 88, 95, 96, 98, 100, 103]","{""support_1"": 37, ""support_2"": 84}","[37, 84]",2,"[122, 17, 18, 32, 137, 138, 139, 140, 13, 14, 116, 118, 136, 16, 36, 135, 26, 28, 99, 105, 145, 149, 102, 144, 10, 147, 146, 12, 58, 71, 134, 109, 67, 48, 78, 61, 85, 93, 133, 42, 40, 143, 25, 7, 130, 131, 132, 129, 52, 74, 76, 97, 128, 63, 94, 127, 91, 64, 126, 50, 125, 124, 123, 141, 142, 77, 55, 119, 53, 90, 92, 117, 75, 15, 8, 27, 43, 41, 29, 112, 148, 110, 9, 111, 108, 106, 115, 107, 6, 1, 2, 0, 114, 121, 120, 101, 54, 47, 46, 39, 51, 68, 45, 49, 56, 57, 38, 83, 44, 104, 62, 60, 89, 70, 69, 59, 79, 80, 72, 86, 73, 66, 65, 23, 5, 4, 21, 22, 20, 35, 37, 34, 33, 3, 100, 96, 98, 11, 31, 30, 24, 19, 84, 87, 82, 81, 88, 103, 95]",True,210467176,0.210467176,"[20, 35, 37, 34, 33, 19, 100, 96, 98, 24, 30, 31, 11, 3, 84, 82, 87, 81, 88, 103, 95]","[95, 103, 88, 81, 87, 82, 84, 3, 11, 31, 30, 24, 98, 96, 100, 19, 33, 34, 37, 35, 20]",False,complete,22,22,150,0,85,1,84,100,16,0,0,lowest_first,True,2,29,6,29,8,8,6,8
3,220517,66,130,19,"[0, 1, 2, 4, 5, 6, 7, 8, 9, 10, 12, 13, 14, 15, 16, 17, 18, 20, 21, 22, 23, 25, 26, 27, 28, 29, 32, 35, 36, 38, 39, 40, 41, 42, 43, 44, 45, 46, 47, 48, 49, 50, 51, 52, 53, 54, 55, 56, 57, 58, 59, 60, 61, 62, 63, 64, 65, 66, 67, 68, 69, 70, 71, 72, 73, 74, 75, 76, 77, 78, 79, 80, 83, 85, 86, 89, 90, 91, 92, 93, 94, 97, 99, 101, 102, 104, 105, 106, 107, 108, 109, 110, 111, 112, 114, 115, 116, 117, 118, 119, 120, 121, 122, 123, 124, 125, 126, 127, 128, 129, 130, 131, 132, 133, 134, 135, 136, 137, 138, 139, 140, 141, 142, 143, 144, 145, 146, 147, 148, 149]","[3, 11, 19, 24, 30, 31, 33, 34, 37, 81, 82, 84, 87, 88, 95, 96, 98, 100, 103]","{""support_1"": 37, ""support_2"": 84}","[37, 84]",2,"[122, 17, 18, 32, 137, 138, 139, 140, 13, 14, 116, 118, 136, 16, 36, 135, 26, 28, 99, 105, 145, 149, 102, 144, 10, 147, 146, 12, 58, 71, 134, 109, 67, 48, 78, 61, 85, 93, 133, 42, 40, 143, 25, 7, 130, 131, 132, 129, 52, 74, 76, 97, 128, 63, 94, 127, 91, 64, 126, 50, 125, 124, 123, 141, 142, 77, 55, 119, 53, 90, 92, 117, 75, 15, 8, 27, 43, 41, 29, 112, 148, 110, 9, 111, 108, 106, 115, 107, 6, 1, 2, 0, 114, 121, 120, 101, 54, 47, 46, 39, 51, 68, 45, 49, 56, 57, 38, 83, 44, 104, 62, 60, 89, 70, 69, 59, 79, 80, 72, 86, 73, 66, 65, 23, 5, 4, 21, 22, 20, 35, 37, 34, 33, 3, 100, 96, 98, 11, 31, 30, 24, 19, 84, 87, 82, 81, 88, 103, 95]",True,196448149,0.196448149,"[37, 34, 33, 3, 100, 96, 98, 11, 31, 30, 24, 19, 84, 87, 82, 81, 88, 103, 95]","[95, 103, 88, 81, 82, 87, 84, 19, 24, 30, 31, 11, 98, 96, 100, 3, 33, 34, 37]",True,complete,20,20,134,0,75,1,74,90,16,0,0,lowest_first,True,2,24,6,24,7,7,6,8
3,220518,67,132,17,"[0, 1, 2, 4, 5, 6, 7, 8, 9, 10, 12, 13, 14, 15, 16, 17, 18, 20, 21, 22, 23, 25, 26, 27, 28, 29, 32, 34, 35, 36, 37, 38, 39, 40, 41, 42, 43, 44, 45, 46, 47, 48, 49, 50, 51, 52, 53, 54, 55, 56, 57, 58, 59, 60, 61, 62, 63, 64, 65, 66, 67, 68, 69, 70, 71, 72, 73, 74, 75, 76, 77, 78, 79, 80, 83, 85, 86, 89, 90, 91, 92, 93, 94, 97, 99, 101, 102, 104, 105, 106, 107, 108, 109, 110, 111, 112, 114, 115, 116, 117, 118, 119, 120, 121, 122, 123, 124, 125, 126, 127, 128, 129, 130, 131, 132, 133, 134, 135, 136, 137, 138, 139, 140, 141, 142, 143, 144, 145, 146, 147, 148, 149]","[3, 11, 19, 24, 30, 31, 33, 81, 82, 84, 87, 88, 95, 96, 98, 100, 103]","{""support_2"": 84}",[84],1,"[122, 17, 18, 32, 137, 138, 139, 140, 13, 14, 116, 118, 136, 16, 36, 135, 26, 28, 99, 105, 145, 149, 102, 144, 10, 147, 146, 12, 58, 71, 134, 109, 67, 48, 78, 61, 85, 93, 133, 42, 40, 143, 25, 7, 130, 131, 132, 129, 52, 74, 76, 97, 128, 63, 94, 127, 91, 64, 126, 50, 125, 124, 123, 141, 142, 77, 55, 119, 53, 90, 92, 117, 75, 15, 8, 27, 43, 41, 29, 112, 148, 110, 9, 111, 108, 106, 115, 107, 6, 1, 2, 0, 114, 121, 120, 101, 54, 47, 46, 39, 51, 68, 45, 49, 56, 57, 38, 83, 44, 104, 62, 60, 89, 70, 69, 59, 79, 80, 72, 86, 73, 66, 65, 23, 5, 4, 21, 22, 20, 35, 37, 34, 33, 3, 100, 96, 98, 11, 31, 30, 24, 19, 84, 87, 82, 81, 88, 103, 95]",True,147476848,0.147476848,"[33, 3, 100, 96, 98, 11, 31, 30, 24, 19, 84, 87, 82, 81, 88, 103, 95]","[95, 103, 88, 81, 82, 87, 84, 19, 24, 30, 31, 11, 98, 96, 100, 3, 33]",True,complete,18,18,114,0,63,1,62,78,16,0,0,lowest_first,True,2,21,5,21,6,6,5,6
3,220519,68,134,15,"[0, 1, 2, 3, 4, 5, 6, 7, 8, 9, 10, 12, 13, 14, 15, 16, 17, 18, 20, 21, 22, 23, 25, 26, 27, 28, 29, 32, 33, 34, 35, 36, 37, 38, 39, 40, 41, 42, 43, 44, 45, 46, 47, 48, 49, 50, 51, 52, 53, 54, 55, 56, 57, 58, 59, 60, 61, 62, 63, 64, 65, 66, 67, 68, 69, 70, 71, 72, 73, 74, 75, 76, 77, 78, 79, 80, 83, 85, 86, 89, 90, 91, 92, 93, 94, 97, 99, 101, 102, 104, 105, 106, 107, 108, 109, 110, 111, 112, 114, 115, 116, 117, 118, 119, 120, 121, 122, 123, 124, 125, 126, 127, 128, 129, 130, 131, 132, 133, 134, 135, 136, 137, 138, 139, 140, 141, 142, 143, 144, 145, 146, 147, 148, 149]","[11, 19, 24, 30, 31, 81, 82, 84, 87, 88, 95, 96, 98, 100, 103]","{""support_1"": 98, ""support_2"": 84}","[84, 98]",2,"[122, 17, 18, 32, 137, 138, 139, 140, 13, 14, 116, 118, 136, 16, 36, 135, 26, 28, 99, 105, 145, 149, 102, 144, 10, 147, 146, 12, 58, 71, 134, 109, 67, 48, 78, 61, 85, 93, 133, 42, 40, 143, 25, 7, 130, 131, 132, 129, 52, 74, 76, 97, 128, 63, 94, 127, 91, 64, 126, 50, 125, 124, 123, 141, 142, 77, 55, 119, 53, 90, 92, 117, 75, 15, 8, 27, 43, 41, 29, 112, 148, 110, 9, 111, 108, 106, 115, 107, 6, 1, 2, 0, 114, 121, 120, 101, 54, 47, 46, 39, 51, 68, 45, 49, 56, 57, 38, 83, 44, 104, 62, 60, 89, 70, 69, 59, 79, 80, 72, 86, 73, 66, 65, 23, 5, 4, 21, 22, 20, 35, 37, 34, 33, 3, 100, 96, 98, 11, 31, 30, 24, 19, 84, 87, 82, 81, 88, 103, 95]",True,112986737,0.112986737,"[100, 96, 98, 11, 31, 30, 24, 19, 84, 87, 82, 81, 88, 103, 95]","[95, 103, 88, 81, 82, 87, 84, 19, 24, 30, 31, 11, 98, 96, 100]",True,complete,16,16,87,0,52,1,51,54,3,0,0,lowest_first,True,2,18,4,18,6,6,4,6
3,220520,69,136,13,"[0, 1, 2, 3, 4, 5, 6, 7, 8, 9, 10, 12, 13, 14, 15, 16, 17, 18, 20, 21, 22, 23, 25, 26, 27, 28, 29, 32, 33, 34, 35, 36, 37, 38, 39, 40, 41, 42, 43, 44, 45, 46, 47, 48, 49, 50, 51, 52, 53, 54, 55, 56, 57, 58, 59, 60, 61, 62, 63, 64, 65, 66, 67, 68, 69, 70, 71, 72, 73, 74, 75, 76, 77, 78, 79, 80, 83, 85, 86, 89, 90, 91, 92, 93, 94, 96, 97, 99, 100, 101, 102, 104, 105, 106, 107, 108, 109, 110, 111, 112, 114, 115, 116, 117, 118, 119, 120, 121, 122, 123, 124, 125, 126, 127, 128, 129, 130, 131, 132, 133, 134, 135, 136, 137, 138, 139, 140, 141, 142, 143, 144, 145, 146, 147, 148, 149]","[11, 19, 24, 30, 31, 81, 82, 84, 87, 88, 95, 98, 103]","{""support_1"": 98, ""support_2"": 84}","[84, 98]",2,"[122, 17, 18, 32, 137, 138, 139, 140, 13, 14, 116, 118, 136, 16, 36, 135, 26, 28, 99, 105, 145, 149, 102, 144, 10, 147, 146, 12, 58, 71, 134, 109, 67, 48, 78, 61, 85, 93, 133, 42, 40, 143, 25, 7, 130, 131, 132, 129, 52, 74, 76, 97, 128, 63, 94, 127, 91, 64, 126, 50, 125, 124, 123, 141, 142, 77, 55, 119, 53, 90, 92, 117, 75, 15, 8, 27, 43, 41, 29, 112, 148, 110, 9, 111, 108, 106, 115, 107, 6, 1, 2, 0, 114, 121, 120, 101, 54, 47, 46, 39, 51, 68, 45, 49, 56, 57, 38, 83, 44, 104, 62, 60, 89, 70, 69, 59, 79, 80, 72, 86, 73, 66, 65, 23, 5, 4, 21, 22, 20, 35, 37, 34, 33, 3, 100, 96, 98, 11, 31, 30, 24, 19, 84, 87, 82, 81, 88, 103, 95]",True,84861734,0.084861734,"[98, 11, 31, 30, 24, 19, 84, 82, 87, 81, 88, 103, 95]","[95, 103, 88, 81, 87, 82, 84, 19, 24, 30, 31, 11, 98]",False,complete,14,14,70,0,43,1,42,45,3,0,0,lowest_first,True,2,14,4,14,5,5,4,6
3,220521,70,138,11,"[0, 1, 2, 3, 4, 5, 6, 7, 8, 9, 10, 11, 12, 13, 14, 15, 16, 17, 18, 20, 21, 22, 23, 25, 26, 27, 28, 29, 32, 33, 34, 35, 36, 37, 38, 39, 40, 41, 42, 43, 44, 45, 46, 47, 48, 49, 50, 51, 52, 53, 54, 55, 56, 57, 58, 59, 60, 61, 62, 63, 64, 65, 66, 67, 68, 69, 70, 71, 72, 73, 74, 75, 76, 77, 78, 79, 80, 83, 85, 86, 89, 90, 91, 92, 93, 94, 96, 97, 98, 99, 100, 101, 102, 104, 105, 106, 107, 108, 109, 110, 111, 112, 114, 115, 116, 117, 118, 119, 120, 121, 122, 123, 124, 125, 126, 127, 128, 129, 130, 131, 132, 133, 134, 135, 136, 137, 138, 139, 140, 141, 142, 143, 144, 145, 146, 147, 148, 149]","[19, 24, 30, 31, 81, 82, 84, 87, 88, 95, 103]","{""support_1"": 31, ""support_2"": 84}","[31, 84]",2,"[122, 17, 18, 32, 137, 138, 139, 140, 13, 14, 116, 118, 136, 16, 36, 135, 26, 28, 99, 105, 145, 149, 102, 144, 10, 147, 146, 12, 58, 71, 134, 109, 67, 48, 78, 61, 85, 93, 133, 42, 40, 143, 25, 7, 130, 131, 132, 129, 52, 74, 76, 97, 128, 63, 94, 127, 91, 64, 126, 50, 125, 124, 123, 141, 142, 77, 55, 119, 53, 90, 92, 117, 75, 15, 8, 27, 43, 41, 29, 112, 148, 110, 9, 111, 108, 106, 115, 107, 6, 1, 2, 0, 114, 121, 120, 101, 54, 47, 46, 39, 51, 68, 45, 49, 56, 57, 38, 83, 44, 104, 62, 60, 89, 70, 69, 59, 79, 80, 72, 86, 73, 66, 65, 23, 5, 4, 21, 22, 20, 35, 37, 34, 33, 3, 100, 96, 98, 11, 31, 30, 24, 19, 84, 87, 82, 81, 88, 103, 95]",True,38564781,0.038564781,"[31, 30, 24, 19, 84, 82, 87, 81, 88, 103, 95]","[95, 103, 88, 81, 87, 82, 84, 19, 24, 30, 31]",False,complete,11,11,47,0,23,0,23,25,2,0,0,lowest_first,True,2,10,3,10,4,4,3,5
3,220522,71,140,9,"[0, 1, 2, 3, 4, 5, 6, 7, 8, 9, 10, 11, 12, 13, 14, 15, 16, 17, 18, 20, 21, 22, 23, 25, 26, 27, 28, 29, 30, 31, 32, 33, 34, 35, 36, 37, 38, 39, 40, 41, 42, 43, 44, 45, 46, 47, 48, 49, 50, 51, 52, 53, 54, 55, 56, 57, 58, 59, 60, 61, 62, 63, 64, 65, 66, 67, 68, 69, 70, 71, 72, 73, 74, 75, 76, 77, 78, 79, 80, 83, 85, 86, 89, 90, 91, 92, 93, 94, 96, 97, 98, 99, 100, 101, 102, 104, 105, 106, 107, 108, 109, 110, 111, 112, 114, 115, 116, 117, 118, 119, 120, 121, 122, 123, 124, 125, 126, 127, 128, 129, 130, 131, 132, 133, 134, 135, 136, 137, 138, 139, 140, 141, 142, 143, 144, 145, 146, 147, 148, 149]","[19, 24, 81, 82, 84, 87, 88, 95, 103]","{""support_2"": 84}",[84],1,"[122, 17, 18, 32, 137, 138, 139, 140, 13, 14, 116, 118, 136, 16, 36, 135, 26, 28, 99, 105, 145, 149, 102, 144, 10, 147, 146, 12, 58, 71, 134, 109, 67, 48, 78, 61, 85, 93, 133, 42, 40, 143, 25, 7, 130, 131, 132, 129, 52, 74, 76, 97, 128, 63, 94, 127, 91, 64, 126, 50, 125, 124, 123, 141, 142, 77, 55, 119, 53, 90, 92, 117, 75, 15, 8, 27, 43, 41, 29, 112, 148, 110, 9, 111, 108, 106, 115, 107, 6, 1, 2, 0, 114, 121, 120, 101, 54, 47, 46, 39, 51, 68, 45, 49, 56, 57, 38, 83, 44, 104, 62, 60, 89, 70, 69, 59, 79, 80, 72, 86, 73, 66, 65, 23, 5, 4, 21, 22, 20, 35, 37, 34, 33, 3, 100, 96, 98, 11, 31, 30, 24, 19, 84, 87, 82, 81, 88, 103, 95]",True,21833510,0.021833510,"[24, 19, 84, 82, 87, 81, 88, 103, 95]","[95, 103, 88, 81, 87, 82, 84, 19, 24]",False,complete,9,9,35,0,15,0,15,17,2,0,0,lowest_first,True,1,7,2,7,3,3,2,3
3,220523,72,142,7,"[0, 1, 2, 3, 4, 5, 6, 7, 8, 9, 10, 11, 12, 13, 14, 15, 16, 17, 18, 19, 20, 21, 22, 23, 24, 25, 26, 27, 28, 29, 30, 31, 32, 33, 34, 35, 36, 37, 38, 39, 40, 41, 42, 43, 44, 45, 46, 47, 48, 49, 50, 51, 52, 53, 54, 55, 56, 57, 58, 59, 60, 61, 62, 63, 64, 65, 66, 67, 68, 69, 70, 71, 72, 73, 74, 75, 76, 77, 78, 79, 80, 83, 85, 86, 89, 90, 91, 92, 93, 94, 96, 97, 98, 99, 100, 101, 102, 104, 105, 106, 107, 108, 109, 110, 111, 112, 114, 115, 116, 117, 118, 119, 120, 121, 122, 123, 124, 125, 126, 127, 128, 129, 130, 131, 132, 133, 134, 135, 136, 137, 138, 139, 140, 141, 142, 143, 144, 145, 146, 147, 148, 149]","[81, 82, 84, 87, 88, 95, 103]","{""support_2"": 84}",[84],1,"[122, 17, 18, 32, 137, 138, 139, 140, 13, 14, 116, 118, 136, 16, 36, 135, 26, 28, 99, 105, 145, 149, 102, 144, 10, 147, 146, 12, 58, 71, 134, 109, 67, 48, 78, 61, 85, 93, 133, 42, 40, 143, 25, 7, 130, 131, 132, 129, 52, 74, 76, 97, 128, 63, 94, 127, 91, 64, 126, 50, 125, 124, 123, 141, 142, 77, 55, 119, 53, 90, 92, 117, 75, 15, 8, 27, 43, 41, 29, 112, 148, 110, 9, 111, 108, 106, 115, 107, 6, 1, 2, 0, 114, 121, 120, 101, 54, 47, 46, 39, 51, 68, 45, 49, 56, 57, 38, 83, 44, 104, 62, 60, 89, 70, 69, 59, 79, 80, 72, 86, 73, 66, 65, 23, 5, 4, 21, 22, 20, 35, 37, 34, 33, 3, 100, 96, 98, 11, 31, 30, 24, 19, 84, 87, 82, 81, 88, 103, 95]",True,15526675,0.015526675,"[84, 82, 87, 81, 88, 103, 95]","[95, 103, 88, 81, 87, 82, 84]",False,complete,7,7,21,0,12,0,12,14,2,0,0,lowest_first,True,1,5,2,5,2,2,2,3
3,220524,73,144,5,"[0, 1, 2, 3, 4, 5, 6, 7, 8, 9, 10, 11, 12, 13, 14, 15, 16, 17, 18, 19, 20, 21, 22, 23, 24, 25, 26, 27, 28, 29, 30, 31, 32, 33, 34, 35, 36, 37, 38, 39, 40, 41, 42, 43, 44, 45, 46, 47, 48, 49, 50, 51, 52, 53, 54, 55, 56, 57, 58, 59, 60, 61, 62, 63, 64, 65, 66, 67, 68, 69, 70, 71, 72, 73, 74, 75, 76, 77, 78, 79, 80, 83, 84, 85, 86, 87, 89, 90, 91, 92, 93, 94, 96, 97, 98, 99, 100, 101, 102, 104, 105, 106, 107, 108, 109, 110, 111, 112, 114, 115, 116, 117, 118, 119, 120, 121, 122, 123, 124, 125, 126, 127, 128, 129, 130, 131, 132, 133, 134, 135, 136, 137, 138, 139, 140, 141, 142, 143, 144, 145, 146, 147, 148, 149]","[81, 82, 88, 95, 103]","{""support_1"": 88}",[88],1,"[122, 17, 18, 32, 137, 138, 139, 140, 13, 14, 116, 118, 136, 16, 36, 135, 26, 28, 99, 105, 145, 149, 102, 144, 10, 147, 146, 12, 58, 71, 134, 109, 67, 48, 78, 61, 85, 93, 133, 42, 40, 143, 25, 7, 130, 131, 132, 129, 52, 74, 76, 97, 128, 63, 94, 127, 91, 64, 126, 50, 125, 124, 123, 141, 142, 77, 55, 119, 53, 90, 92, 117, 75, 15, 8, 27, 43, 41, 29, 112, 148, 110, 9, 111, 108, 106, 115, 107, 6, 1, 2, 0, 114, 121, 120, 101, 54, 47, 46, 39, 51, 68, 45, 49, 56, 57, 38, 83, 44, 104, 62, 60, 89, 70, 69, 59, 79, 80, 72, 86, 73, 66, 65, 23, 5, 4, 21, 22, 20, 35, 37, 34, 33, 3, 100, 96, 98, 11, 31, 30, 24, 19, 84, 87, 82, 81, 88, 103, 95]",True,8405859,0.008405859,"[82, 81, 88, 103, 95]","[95, 103, 88, 81, 82]",True,complete,5,5,12,0,8,0,8,8,0,0,0,lowest_first,True,1,3,1,3,2,2,1,2
3,220525,74,146,3,"[0, 1, 2, 3, 4, 5, 6, 7, 8, 9, 10, 11, 12, 13, 14, 15, 16, 17, 18, 19, 20, 21, 22, 23, 24, 25, 26, 27, 28, 29, 30, 31, 32, 33, 34, 35, 36, 37, 38, 39, 40, 41, 42, 43, 44, 45, 46, 47, 48, 49, 50, 51, 52, 53, 54, 55, 56, 57, 58, 59, 60, 61, 62, 63, 64, 65, 66, 67, 68, 69, 70, 71, 72, 73, 74, 75, 76, 77, 78, 79, 80, 81, 82, 83, 84, 85, 86, 87, 89, 90, 91, 92, 93, 94, 96, 97, 98, 99, 100, 101, 102, 104, 105, 106, 107, 108, 109, 110, 111, 112, 114, 115, 116, 117, 118, 119, 120, 121, 122, 123, 124, 125, 126, 127, 128, 129, 130, 131, 132, 133, 134, 135, 136, 137, 138, 139, 140, 141, 142, 143, 144, 145, 146, 147, 148, 149]","[88, 95, 103]","{""support_1"": 88}",[88],1,"[122, 17, 18, 32, 137, 138, 139, 140, 13, 14, 116, 118, 136, 16, 36, 135, 26, 28, 99, 105, 145, 149, 102, 144, 10, 147, 146, 12, 58, 71, 134, 109, 67, 48, 78, 61, 85, 93, 133, 42, 40, 143, 25, 7, 130, 131, 132, 129, 52, 74, 76, 97, 128, 63, 94, 127, 91, 64, 126, 50, 125, 124, 123, 141, 142, 77, 55, 119, 53, 90, 92, 117, 75, 15, 8, 27, 43, 41, 29, 112, 148, 110, 9, 111, 108, 106, 115, 107, 6, 1, 2, 0, 114, 121, 120, 101, 54, 47, 46, 39, 51, 68, 45, 49, 56, 57, 38, 83, 44, 104, 62, 60, 89, 70, 69, 59, 79, 80, 72, 86, 73, 66, 65, 23, 5, 4, 21, 22, 20, 35, 37, 34, 33, 3, 100, 96, 98, 11, 31, 30, 24, 19, 84, 87, 82, 81, 88, 103, 95]",True,6302999,0.006302999,"[88, 103, 95]","[95, 103, 88]",True,complete,3,3,4,0,6,0,6,6,0,0,0,lowest_first,True,1,1,1,1,1,1,1,2
3,220526,75,148,1,"[0, 1, 2, 3, 4, 5, 6, 7, 8, 9, 10, 11, 12, 13, 14, 15, 16, 17, 18, 19, 20, 21, 22, 23, 24, 25, 26, 27, 28, 29, 30, 31, 32, 33, 34, 35, 36, 37, 38, 39, 40, 41, 42, 43, 44, 45, 46, 47, 48, 49, 50, 51, 52, 53, 54, 55, 56, 57, 58, 59, 60, 61, 62, 63, 64, 65, 66, 67, 68, 69, 70, 71, 72, 73, 74, 75, 76, 77, 78, 79, 80, 81, 82, 83, 84, 85, 86, 87, 88, 89, 90, 91, 92, 93, 94, 96, 97, 98, 99, 100, 101, 102, 103, 104, 105, 106, 107, 108, 109, 110, 111, 112, 114, 115, 116, 117, 118, 119, 120, 121, 122, 123, 124, 125, 126, 127, 128, 129, 130, 131, 132, 133, 134, 135, 136, 137, 138, 139, 140, 141, 142, 143, 144, 145, 146, 147, 148, 149]",[95],{},[],0,"[122, 17, 18, 32, 137, 138, 139, 140, 13, 14, 116, 118, 136, 16, 36, 135, 26, 28, 99, 105, 145, 149, 102, 144, 10, 147, 146, 12, 58, 71, 134, 109, 67, 48, 78, 61, 85, 93, 133, 42, 40, 143, 25, 7, 130, 131, 132, 129, 52, 74, 76, 97, 128, 63, 94, 127, 91, 64, 126, 50, 125, 124, 123, 141, 142, 77, 55, 119, 53, 90, 92, 117, 75, 15, 8, 27, 43, 41, 29, 112, 148, 110, 9, 111, 108, 106, 115, 107, 6, 1, 2, 0, 114, 121, 120, 101, 54, 47, 46, 39, 51, 68, 45, 49, 56, 57, 38, 83, 44, 104, 62, 60, 89, 70, 69, 59, 79, 80, 72, 86, 73, 66, 65, 23, 5, 4, 21, 22, 20, 35, 37, 34, 33, 3, 100, 96, 98, 11, 31, 30, 24, 19, 84, 87, 82, 81, 88, 103, 95]",True,732423,0.000732423,[95],[95],True,complete,1,1,1,0,2,0,2,2,0,0,0,lowest_first,True,0,0,0,0,0,0,0,0
4,230452,1,0,149,[],"[0, 1, 2, 3, 4, 5, 6, 7, 8, 9, 10, 11, 12, 13, 14, 15, 16, 17, 18, 19, 20, 21, 22, 23, 24, 25, 26, 27, 28, 29, 30, 31, 32, 33, 34, 35, 36, 37, 38, 39, 40, 41, 42, 43, 44, 45, 46, 47, 48, 49, 50, 51, 52, 53, 54, 55, 56, 57, 58, 59, 60, 61, 62, 63, 64, 65, 66, 67, 68, 69, 70, 71, 72, 73, 74, 75, 76, 77, 78, 79, 80, 81, 82, 83, 84, 85, 86, 87, 88, 89, 90, 91, 92, 93, 94, 95, 96, 97, 98, 99, 100, 101, 102, 103, 104, 105, 106, 107, 108, 109, 110, 111, 112, 114, 115, 116, 117, 118, 119, 120, 121, 122, 123, 124, 125, 126, 127, 128, 129, 130, 131, 132, 133, 134, 135, 136, 137, 138, 139, 140, 141, 142, 143, 144, 145, 146, 147, 148, 149]",{},[],0,"[122, 17, 18, 32, 137, 138, 139, 140, 14, 13, 116, 118, 136, 16, 36, 135, 26, 28, 99, 105, 149, 102, 148, 144, 145, 146, 147, 12, 58, 71, 134, 109, 67, 78, 115, 48, 133, 42, 7, 132, 129, 131, 130, 54, 128, 127, 126, 125, 104, 141, 142, 8, 27, 98, 124, 10, 112, 61, 85, 93, 40, 143, 25, 76, 74, 110, 108, 63, 91, 89, 64, 83, 50, 123, 53, 119, 55, 77, 75, 117, 90, 92, 41, 29, 15, 43, 111, 9, 107, 114, 121, 120, 101, 106, 44, 6, 1, 2, 0, 70, 86, 62, 60, 68, 66, 94, 73, 69, 59, 79, 80, 72, 65, 52, 47, 46, 39, 51, 49, 45, 56, 57, 38, 97, 96, 100, 95, 87, 103, 88, 82, 81, 84, 24, 30, 31, 11, 23, 5, 4, 3, 21, 22, 20, 19, 35, 37, 34, 33]",True,27669193953,27.669193953,"[122, 17, 18, 32, 137, 138, 139, 140, 14, 13, 116, 118, 136, 16, 36, 135, 26, 28, 99, 105, 149, 102, 148, 144, 145, 146, 147, 12, 58, 71, 134, 109, 67, 78, 115, 48, 133, 42, 7, 132, 129, 131, 130, 54, 128, 127, 126, 125, 104, 141, 142, 8, 27, 98, 124, 10, 112, 61, 85, 93, 40, 143, 25, 76, 74, 110, 108, 63, 91, 89, 64, 83, 50, 123, 53, 119, 55, 77, 75, 117, 90, 92, 41, 29, 15, 43, 111, 9, 107, 114, 121, 120, 101, 106, 44, 6, 1, 2, 0, 70, 86, 62, 60, 68, 66, 94, 73, 69, 59, 79, 80, 72, 65, 52, 47, 46, 39, 51, 49, 45, 56, 57, 38, 97, 96, 100, 95, 87, 103, 88, 82, 81, 84, 24, 30, 31, 11, 23, 5, 4, 3, 21, 22, 20, 19, 35, 37, 34, 33]","[33, 34, 37, 35, 19, 20, 22, 21, 3, 4, 5, 23, 11, 31, 30, 24, 84, 81, 82, 88, 103, 87, 95, 100, 96, 97, 38, 57, 56, 45, 49, 51, 39, 46, 47, 52, 65, 72, 80, 79, 59, 69, 73, 94, 66, 68, 60, 62, 86, 70, 0, 2, 1, 6, 44, 106, 101, 120, 121, 114, 107, 9, 111, 43, 15, 29, 41, 92, 90, 117, 75, 77, 55, 119, 53, 123, 50, 83, 64, 89, 91, 63, 108, 110, 74, 76, 25, 143, 40, 93, 85, 61, 112, 10, 124, 98, 27, 8, 142, 141, 104, 125, 126, 127, 128, 54, 130, 131, 129, 132, 7, 42, 133, 48, 115, 78, 67, 109, 134, 71, 58, 12, 147, 146, 145, 144, 148, 102, 149, 105, 99, 28, 26, 135, 36, 16, 136, 118, 116, 13, 14, 140, 139, 138, 137, 32, 18, 17, 122]",True,complete,178,178,8427,0,2138,25,2113,2000,746,0,0,lowest_first,True,2,153,27,153,27,27,27,27
4,230453,2,2,147,"[17, 122]","[0, 1, 2, 3, 4, 5, 6, 7, 8, 9, 10, 11, 12, 13, 14, 15, 16, 18, 19, 20, 21, 22, 23, 24, 25, 26, 27, 28, 29, 30, 31, 32, 33, 34, 35, 36, 37, 38, 39, 40, 41, 42, 43, 44, 45, 46, 47, 48, 49, 50, 51, 52, 53, 54, 55, 56, 57, 58, 59, 60, 61, 62, 63, 64, 65, 66, 67, 68, 69, 70, 71, 72, 73, 74, 75, 76, 77, 78, 79, 80, 81, 82, 83, 84, 85, 86, 87, 88, 89, 90, 91, 92, 93, 94, 95, 96, 97, 98, 99, 100, 101, 102, 103, 104, 105, 106, 107, 108, 109, 110, 111, 112, 114, 115, 116, 117, 118, 119, 120, 121, 123, 124, 125, 126, 127, 128, 129, 130, 131, 132, 133, 134, 135, 136, 137, 138, 139, 140, 141, 142, 143, 144, 145, 146, 147, 148, 149]",{},[],0,"[122, 17, 18, 32, 137, 138, 139, 140, 14, 13, 116, 118, 136, 16, 36, 135, 26, 28, 99, 105, 149, 102, 148, 144, 145, 146, 147, 12, 58, 71, 134, 109, 67, 78, 115, 48, 133, 42, 7, 132, 129, 131, 130, 54, 128, 127, 126, 125, 104, 141, 142, 8, 27, 98, 124, 10, 112, 61, 85, 93, 40, 143, 25, 76, 74, 110, 108, 63, 91, 89, 64, 83, 50, 123, 53, 119, 55, 77, 75, 117, 90, 92, 41, 29, 15, 43, 111, 9, 107, 114, 121, 120, 101, 106, 44, 6, 1, 2, 0, 70, 86, 62, 60, 68, 66, 94, 73, 69, 59, 79, 80, 72, 65, 52, 47, 46, 39, 51, 49, 45, 56, 57, 38, 97, 96, 100, 95, 87, 103, 88, 82, 81, 84, 24, 30, 31, 11, 23, 5, 4, 3, 21, 22, 20, 19, 35, 37, 34, 33]",True,23452143678,23.452143678,"[18, 32, 137, 138, 140, 139, 14, 13, 118, 116, 136, 112, 36, 135, 26, 28, 105, 99, 145, 148, 115, 149, 144, 147, 146, 12, 71, 58, 134, 109, 61, 67, 78, 10, 48, 133, 129, 93, 85, 130, 74, 42, 40, 7, 131, 132, 54, 143, 128, 31, 127, 47, 35, 126, 125, 141, 27, 104, 124, 55, 103, 123, 119, 102, 16, 110, 142, 25, 108, 76, 63, 89, 64, 75, 90, 117, 92, 53, 77, 43, 8, 29, 15, 41, 111, 9, 107, 114, 121, 120, 101, 106, 50, 95, 98, 100, 96, 30, 97, 11, 6, 1, 2, 0, 52, 51, 46, 45, 49, 56, 57, 68, 62, 60, 91, 70, 69, 59, 79, 80, 88, 87, 94, 72, 83, 73, 66, 65, 84, 24, 44, 86, 82, 81, 38, 23, 39, 34, 33, 21, 37, 20, 19, 5, 22, 4, 3]","[3, 4, 22, 5, 19, 20, 37, 21, 33, 34, 39, 23, 38, 81, 82, 86, 44, 24, 84, 65, 66, 73, 83, 72, 94, 87, 88, 80, 79, 59, 69, 70, 91, 60, 62, 68, 57, 56, 49, 45, 46, 51, 52, 0, 2, 1, 6, 11, 97, 30, 96, 100, 98, 95, 50, 106, 101, 120, 121, 114, 107, 9, 111, 41, 15, 29, 8, 43, 77, 53, 92, 117, 90, 75, 64, 89, 63, 76, 108, 25, 142, 110, 16, 102, 119, 123, 103, 55, 124, 104, 27, 141, 125, 126, 35, 47, 127, 31, 128, 143, 54, 132, 131, 7, 40, 42, 74, 130, 85, 93, 129, 133, 48, 10, 78, 67, 61, 109, 134, 58, 71, 12, 146, 147, 144, 149, 115, 148, 145, 99, 105, 28, 26, 135, 36, 112, 136, 116, 118, 13, 14, 139, 140, 138, 137, 32, 18]",False,complete,150,150,8267,0,1784,3,1781,2000,298,0,0,lowest_first,True,2,138,27,138,27,27,27,27
4,230454,3,4,145,"[17, 18, 32, 122]","[0, 1, 2, 3, 4, 5, 6, 7, 8, 9, 10, 11, 12, 13, 14, 15, 16, 19, 20, 21, 22, 23, 24, 25, 26, 27, 28, 29, 30, 31, 33, 34, 35, 36, 37, 38, 39, 40, 41, 42, 43, 44, 45, 46, 47, 48, 49, 50, 51, 52, 53, 54, 55, 56, 57, 58, 59, 60, 61, 62, 63, 64, 65, 66, 67, 68, 69, 70, 71, 72, 73, 74, 75, 76, 77, 78, 79, 80, 81, 82, 83, 84, 85, 86, 87, 88, 89, 90, 91, 92, 93, 94, 95, 96, 97, 98, 99, 100, 101, 102, 103, 104, 105, 106, 107, 108, 109, 110, 111, 112, 114, 115, 116, 117, 118, 119, 120, 121, 123, 124, 125, 126, 127, 128, 129, 130, 131, 132, 133, 134, 135, 136, 137, 138, 139, 140, 141, 142, 143, 144, 145, 146, 147, 148, 149]",{},[],0,"[122, 17, 18, 32, 137, 138, 139, 140, 14, 13, 116, 118, 136, 16, 36, 135, 26, 28, 99, 105, 149, 102, 148, 144, 145, 146, 147, 12, 58, 71, 134, 109, 67, 78, 115, 48, 133, 42, 7, 132, 129, 131, 130, 54, 128, 127, 126, 125, 104, 141, 142, 8, 27, 98, 124, 10, 112, 61, 85, 93, 40, 143, 25, 76, 74, 110, 108, 63, 91, 89, 64, 83, 50, 123, 53, 119, 55, 77, 75, 117, 90, 92, 41, 29, 15, 43, 111, 9, 107, 114, 121, 120, 101, 106, 44, 6, 1, 2, 0, 70, 86, 62, 60, 68, 66, 94, 73, 69, 59, 79, 80, 72, 65, 52, 47, 46, 39, 51, 49, 45, 56, 57, 38, 97, 96, 100, 95, 87, 103, 88, 82, 81, 84, 24, 30, 31, 11, 23, 5, 4, 3, 21, 22, 20, 19, 35, 37, 34, 33]",True,29685869003,29.685869003,"[137, 138, 139, 140, 14, 13, 116, 118, 136, 112, 36, 135, 26, 28, 105, 99, 145, 149, 102, 148, 144, 146, 147, 12, 58, 71, 134, 109, 61, 48, 78, 115, 85, 93, 133, 7, 132, 40, 130, 129, 74, 76, 97, 23, 143, 131, 52, 128, 127, 83, 89, 86, 142, 75, 124, 35, 126, 47, 141, 123, 119, 117, 125, 90, 29, 53, 8, 27, 6, 2, 1, 10, 16, 67, 110, 108, 64, 21, 104, 77, 55, 92, 41, 15, 43, 111, 9, 0, 107, 114, 121, 120, 101, 106, 63, 42, 5, 25, 4, 22, 20, 37, 34, 39, 46, 54, 51, 33, 44, 38, 57, 50, 56, 49, 45, 91, 62, 70, 60, 68, 66, 94, 73, 69, 59, 79, 80, 72, 65, 3, 100, 96, 98, 11, 31, 30, 24, 19, 84, 82, 87, 81, 88, 103, 95]","[95, 103, 88, 81, 87, 82, 84, 19, 24, 30, 31, 11, 98, 96, 100, 3, 65, 72, 80, 79, 59, 69, 73, 94, 66, 68, 60, 70, 62, 91, 45, 49, 56, 50, 57, 38, 44, 33, 51, 54, 46, 39, 34, 37, 20, 22, 4, 25, 5, 42, 63, 106, 101, 120, 121, 114, 107, 0, 9, 111, 43, 15, 41, 92, 55, 77, 104, 21, 64, 108, 110, 67, 16, 10, 1, 2, 6, 27, 8, 53, 29, 90, 125, 117, 119, 123, 141, 47, 126, 35, 124, 75, 142, 86, 89, 83, 127, 128, 52, 131, 143, 23, 97, 76, 74, 129, 130, 40, 132, 7, 133, 93, 85, 115, 78, 48, 61, 109, 134, 71, 58, 12, 147, 146, 144, 148, 102, 149, 145, 99, 105, 28, 26, 135, 36, 112, 136, 118, 116, 13, 14, 140, 139, 138, 137]",False,complete,221,221,9027,0,2794,77,2717,2000,1534,1,0,lowest_first,True,2,129,29,129,29,29,29,29
4,230455,4,6,143,"[17, 18, 32, 122, 137, 138]","[0, 1, 2, 3, 4, 5, 6, 7, 8, 9, 10, 11, 12, 13, 14, 15, 16, 19, 20, 21, 22, 23, 24, 25, 26, 27, 28, 29, 30, 31, 33, 34, 35, 36, 37, 38, 39, 40, 41, 42, 43, 44, 45, 46, 47, 48, 49, 50, 51, 52, 53, 54, 55, 56, 57, 58, 59, 60, 61, 62, 63, 64, 65, 66, 67, 68, 69, 70, 71, 72, 73, 74, 75, 76, 77, 78, 79, 80, 81, 82, 83, 84, 85, 86, 87, 88, 89, 90, 91, 92, 93, 94, 95, 96, 97, 98, 99, 100, 101, 102, 103, 104, 105, 106, 107, 108, 109, 110, 111, 112, 114, 115, 116, 117, 118, 119, 120, 121, 123, 124, 125, 126, 127, 128, 129, 130, 131, 132, 133, 134, 135, 136, 139, 140, 141, 142, 143, 144, 145, 146, 147, 148, 149]",{},[],0,"[122, 17, 18, 32, 137, 138, 139, 140, 14, 13, 116, 118, 136, 16, 36, 135, 26, 28, 99, 105, 149, 102, 148, 144, 145, 146, 147, 12, 58, 71, 134, 109, 67, 78, 115, 48, 133, 42, 7, 132, 129, 131, 130, 54, 128, 127, 126, 125, 104, 141, 142, 8, 27, 98, 124, 10, 112, 61, 85, 93, 40, 143, 25, 76, 74, 110, 108, 63, 91, 89, 64, 83, 50, 123, 53, 119, 55, 77, 75, 117, 90, 92, 41, 29, 15, 43, 111, 9, 107, 114, 121, 120, 101, 106, 44, 6, 1, 2, 0, 70, 86, 62, 60, 68, 66, 94, 73, 69, 59, 79, 80, 72, 65, 52, 47, 46, 39, 51, 49, 45, 56, 57, 38, 97, 96, 100, 95, 87, 103, 88, 82, 81, 84, 24, 30, 31, 11, 23, 5, 4, 3, 21, 22, 20, 19, 35, 37, 34, 33]",True,19948896193,19.948896193,"[140, 139, 13, 14, 116, 118, 136, 16, 36, 135, 28, 26, 105, 99, 145, 144, 10, 149, 102, 147, 146, 12, 58, 71, 134, 109, 78, 48, 67, 61, 93, 85, 133, 42, 40, 143, 25, 7, 129, 131, 130, 132, 52, 76, 74, 97, 128, 63, 94, 127, 89, 64, 126, 50, 125, 124, 123, 141, 142, 90, 77, 53, 117, 92, 75, 119, 55, 43, 29, 15, 27, 41, 8, 112, 148, 110, 9, 111, 108, 106, 115, 107, 6, 1, 2, 0, 114, 121, 120, 101, 54, 47, 46, 39, 51, 68, 45, 49, 56, 57, 38, 83, 44, 103, 62, 60, 91, 70, 69, 59, 79, 80, 72, 86, 73, 66, 65, 23, 5, 4, 21, 22, 20, 35, 37, 34, 33, 19, 100, 96, 98, 24, 30, 31, 11, 3, 84, 87, 82, 81, 88, 104, 95]","[95, 104, 88, 81, 82, 87, 84, 3, 11, 31, 30, 24, 98, 96, 100, 19, 33, 34, 37, 35, 20, 22, 21, 4, 5, 23, 65, 66, 73, 86, 72, 80, 79, 59, 69, 70, 91, 60, 62, 103, 44, 83, 38, 57, 56, 49, 45, 68, 51, 39, 46, 47, 54, 101, 120, 121, 114, 0, 2, 1, 6, 107, 115, 106, 108, 111, 9, 110, 148, 112, 8, 41, 27, 15, 29, 43, 55, 119, 75, 92, 117, 53, 77, 90, 142, 141, 123, 124, 125, 50, 126, 64, 89, 127, 94, 63, 128, 97, 74, 76, 52, 132, 130, 131, 129, 7, 25, 143, 40, 42, 133, 85, 93, 61, 67, 48, 78, 109, 134, 71, 58, 12, 146, 147, 102, 149, 10, 144, 145, 99, 105, 26, 28, 135, 36, 16, 136, 118, 116, 14, 13, 139, 140]",False,complete,148,148,8305,0,1659,1,1658,1782,124,0,0,lowest_first,True,2,105,29,105,29,29,29,29
4,230456,5,8,141,"[17, 18, 32, 122, 137, 138, 139, 140]","[0, 1, 2, 3, 4, 5, 6, 7, 8, 9, 10, 11, 12, 13, 14, 15, 16, 19, 20, 21, 22, 23, 24, 25, 26, 27, 28, 29, 30, 31, 33, 34, 35, 36, 37, 38, 39, 40, 41, 42, 43, 44, 45, 46, 47, 48, 49, 50, 51, 52, 53, 54, 55, 56, 57, 58, 59, 60, 61, 62, 63, 64, 65, 66, 67, 68, 69, 70, 71, 72, 73, 74, 75, 76, 77, 78, 79, 80, 81, 82, 83, 84, 85, 86, 87, 88, 89, 90, 91, 92, 93, 94, 95, 96, 97, 98, 99, 100, 101, 102, 103, 104, 105, 106, 107, 108, 109, 110, 111, 112, 114, 115, 116, 117, 118, 119, 120, 121, 123, 124, 125, 126, 127, 128, 129, 130, 131, 132, 133, 134, 135, 136, 141, 142, 143, 144, 145, 146, 147, 148, 149]",{},[],0,"[122, 17, 18, 32, 137, 138, 139, 140, 14, 13, 116, 118, 136, 16, 36, 135, 26, 28, 99, 105, 149, 102, 148, 144, 145, 146, 147, 12, 58, 71, 134, 109, 67, 78, 115, 48, 133, 42, 7, 132, 129, 131, 130, 54, 128, 127, 126, 125, 104, 141, 142, 8, 27, 98, 124, 10, 112, 61, 85, 93, 40, 143, 25, 76, 74, 110, 108, 63, 91, 89, 64, 83, 50, 123, 53, 119, 55, 77, 75, 117, 90, 92, 41, 29, 15, 43, 111, 9, 107, 114, 121, 120, 101, 106, 44, 6, 1, 2, 0, 70, 86, 62, 60, 68, 66, 94, 73, 69, 59, 79, 80, 72, 65, 52, 47, 46, 39, 51, 49, 45, 56, 57, 38, 97, 96, 100, 95, 87, 103, 88, 82, 81, 84, 24, 30, 31, 11, 23, 5, 4, 3, 21, 22, 20, 19, 35, 37, 34, 33]",True,20631247992,20.631247992,"[14, 13, 116, 118, 136, 112, 36, 135, 26, 28, 105, 99, 144, 10, 149, 102, 145, 147, 146, 12, 58, 71, 134, 109, 78, 67, 48, 61, 148, 93, 85, 133, 130, 129, 74, 40, 42, 7, 132, 131, 52, 143, 128, 126, 47, 125, 94, 100, 141, 142, 8, 15, 75, 76, 44, 50, 124, 123, 115, 16, 25, 110, 108, 63, 127, 89, 104, 77, 119, 55, 92, 53, 90, 117, 43, 29, 27, 41, 111, 9, 107, 114, 121, 120, 101, 106, 83, 6, 1, 2, 0, 54, 51, 46, 45, 39, 62, 49, 56, 57, 38, 70, 86, 69, 79, 80, 64, 60, 59, 68, 66, 72, 65, 103, 73, 87, 91, 88, 82, 81, 84, 97, 96, 95, 98, 24, 30, 31, 11, 23, 5, 4, 3, 21, 22, 20, 19, 35, 37, 34, 33]","[33, 34, 37, 35, 19, 20, 22, 21, 3, 4, 5, 23, 11, 31, 30, 24, 98, 95, 96, 97, 84, 81, 82, 88, 91, 87, 73, 103, 65, 72, 66, 68, 59, 60, 64, 80, 79, 69, 86, 70, 38, 57, 56, 49, 62, 39, 45, 46, 51, 54, 0, 2, 1, 6, 83, 106, 101, 120, 121, 114, 107, 9, 111, 41, 27, 29, 43, 117, 90, 53, 92, 55, 119, 77, 104, 89, 127, 63, 108, 110, 25, 16, 115, 123, 124, 50, 44, 76, 75, 15, 8, 142, 141, 100, 94, 125, 47, 126, 128, 143, 52, 131, 132, 7, 42, 40, 74, 129, 130, 133, 85, 93, 148, 61, 48, 67, 78, 109, 134, 71, 58, 12, 146, 147, 145, 102, 149, 10, 144, 99, 105, 28, 26, 135, 36, 112, 136, 118, 116, 13, 14]",False,complete,142,142,7462,0,1571,1,1570,1764,194,0,0,lowest_first,True,2,129,25,129,25,25,25,25
4,230457,6,10,139,"[13, 14, 17, 18, 32, 122, 137, 138, 139, 140]","[0, 1, 2, 3, 4, 5, 6, 7, 8, 9, 10, 11, 12, 15, 16, 19, 20, 21, 22, 23, 24, 25, 26, 27, 28, 29, 30, 31, 33, 34, 35, 36, 37, 38, 39, 40, 41, 42, 43, 44, 45, 46, 47, 48, 49, 50, 51, 52, 53, 54, 55, 56, 57, 58, 59, 60, 61, 62, 63, 64, 65, 66, 67, 68, 69, 70, 71, 72, 73, 74, 75, 76, 77, 78, 79, 80, 81, 82, 83, 84, 85, 86, 87, 88, 89, 90, 91, 92, 93, 94, 95, 96, 97, 98, 99, 100, 101, 102, 103, 104, 105, 106, 107, 108, 109, 110, 111, 112, 114, 115, 116, 117, 118, 119, 120, 121, 123, 124, 125, 126, 127, 128, 129, 130, 131, 132, 133, 134, 135, 136, 141, 142, 143, 144, 145, 146, 147, 148, 149]",{},[],0,"[122, 17, 18, 32, 137, 138, 139, 140, 14, 13, 116, 118, 136, 16, 36, 135, 26, 28, 99, 105, 149, 102, 148, 144, 145, 146, 147, 12, 58, 71, 134, 109, 67, 78, 115, 48, 133, 42, 7, 132, 129, 131, 130, 54, 128, 127, 126, 125, 104, 141, 142, 8, 27, 98, 124, 10, 112, 61, 85, 93, 40, 143, 25, 76, 74, 110, 108, 63, 91, 89, 64, 83, 50, 123, 53, 119, 55, 77, 75, 117, 90, 92, 41, 29, 15, 43, 111, 9, 107, 114, 121, 120, 101, 106, 44, 6, 1, 2, 0, 70, 86, 62, 60, 68, 66, 94, 73, 69, 59, 79, 80, 72, 65, 52, 47, 46, 39, 51, 49, 45, 56, 57, 38, 97, 96, 100, 95, 87, 103, 88, 82, 81, 84, 24, 30, 31, 11, 23, 5, 4, 3, 21, 22, 20, 19, 35, 37, 34, 33]",True,18755055046,18.755055046,"[118, 116, 136, 16, 36, 135, 26, 28, 99, 105, 149, 102, 145, 144, 10, 147, 146, 12, 58, 71, 134, 109, 78, 61, 48, 67, 93, 85, 133, 42, 40, 143, 25, 7, 132, 130, 129, 131, 74, 76, 54, 97, 128, 63, 94, 127, 91, 64, 126, 50, 125, 124, 123, 141, 142, 55, 119, 117, 53, 90, 75, 92, 77, 8, 41, 27, 29, 43, 15, 112, 148, 110, 9, 111, 108, 106, 115, 107, 6, 1, 2, 0, 114, 121, 120, 101, 52, 47, 46, 39, 51, 68, 45, 49, 56, 57, 38, 83, 44, 103, 62, 60, 89, 70, 69, 59, 79, 80, 72, 86, 73, 66, 65, 31, 30, 24, 11, 100, 98, 96, 84, 87, 82, 81, 88, 104, 95, 23, 5, 4, 3, 21, 22, 20, 19, 35, 37, 34, 33]","[33, 34, 37, 35, 19, 20, 22, 21, 3, 4, 5, 23, 95, 104, 88, 81, 82, 87, 84, 96, 98, 100, 11, 24, 30, 31, 65, 66, 73, 86, 72, 80, 79, 59, 69, 70, 89, 60, 62, 103, 44, 83, 38, 57, 56, 49, 45, 68, 51, 39, 46, 47, 52, 101, 120, 121, 114, 0, 2, 1, 6, 107, 115, 106, 108, 111, 9, 110, 148, 112, 15, 43, 29, 27, 41, 8, 77, 92, 75, 90, 53, 117, 119, 55, 142, 141, 123, 124, 125, 50, 126, 64, 91, 127, 94, 63, 128, 97, 54, 76, 74, 131, 129, 130, 132, 7, 25, 143, 40, 42, 133, 85, 93, 67, 48, 61, 78, 109, 134, 71, 58, 12, 146, 147, 10, 144, 145, 102, 149, 105, 99, 28, 26, 135, 36, 16, 136, 116, 118]",False,complete,139,139,7756,0,1508,0,1508,1618,110,0,0,lowest_first,True,2,94,28,94,28,28,28,28
4,230458,7,12,137,"[13, 14, 17, 18, 32, 116, 118, 122, 137, 138, 139, 140]","[0, 1, 2, 3, 4, 5, 6, 7, 8, 9, 10, 11, 12, 15, 16, 19, 20, 21, 22, 23, 24, 25, 26, 27, 28, 29, 30, 31, 33, 34, 35, 36, 37, 38, 39, 40, 41, 42, 43, 44, 45, 46, 47, 48, 49, 50, 51, 52, 53, 54, 55, 56, 57, 58, 59, 60, 61, 62, 63, 64, 65, 66, 67, 68, 69, 70, 71, 72, 73, 74, 75, 76, 77, 78, 79, 80, 81, 82, 83, 84, 85, 86, 87, 88, 89, 90, 91, 92, 93, 94, 95, 96, 97, 98, 99, 100, 101, 102, 103, 104, 105, 106, 107, 108, 109, 110, 111, 112, 114, 115, 117, 119, 120, 121, 123, 124, 125, 126, 127, 128, 129, 130, 131, 132, 133, 134, 135, 136, 141, 142, 143, 144, 145, 146, 147, 148, 149]",{},[],0,"[122, 17, 18, 32, 137, 138, 139, 140, 14, 13, 116, 118, 136, 16, 36, 135, 26, 28, 99, 105, 149, 102, 148, 144, 145, 146, 147, 12, 58, 71, 134, 109, 67, 78, 115, 48, 133, 42, 7, 132, 129, 131, 130, 54, 128, 127, 126, 125, 104, 141, 142, 8, 27, 98, 124, 10, 112, 61, 85, 93, 40, 143, 25, 76, 74, 110, 108, 63, 91, 89, 64, 83, 50, 123, 53, 119, 55, 77, 75, 117, 90, 92, 41, 29, 15, 43, 111, 9, 107, 114, 121, 120, 101, 106, 44, 6, 1, 2, 0, 70, 86, 62, 60, 68, 66, 94, 73, 69, 59, 79, 80, 72, 65, 52, 47, 46, 39, 51, 49, 45, 56, 57, 38, 97, 96, 100, 95, 87, 103, 88, 82, 81, 84, 24, 30, 31, 11, 23, 5, 4, 3, 21, 22, 20, 19, 35, 37, 34, 33]",True,22716795354,22.716795354,"[136, 112, 36, 135, 26, 28, 105, 99, 144, 10, 148, 149, 145, 146, 147, 12, 58, 71, 134, 109, 61, 48, 67, 78, 115, 133, 130, 93, 85, 129, 74, 40, 42, 7, 131, 132, 54, 143, 128, 31, 127, 47, 35, 126, 125, 141, 29, 104, 124, 123, 142, 119, 55, 103, 16, 102, 25, 76, 110, 108, 63, 91, 64, 92, 53, 117, 90, 77, 75, 27, 15, 41, 8, 43, 111, 9, 107, 114, 121, 120, 101, 106, 50, 95, 98, 100, 96, 30, 97, 11, 6, 1, 2, 0, 52, 51, 46, 45, 49, 56, 57, 68, 62, 60, 89, 70, 69, 59, 79, 80, 88, 87, 94, 72, 83, 73, 66, 65, 84, 24, 44, 86, 82, 81, 38, 23, 39, 34, 33, 21, 37, 20, 19, 5, 22, 4, 3]","[3, 4, 22, 5, 19, 20, 37, 21, 33, 34, 39, 23, 38, 81, 82, 86, 44, 24, 84, 65, 66, 73, 83, 72, 94, 87, 88, 80, 79, 59, 69, 70, 89, 60, 62, 68, 57, 56, 49, 45, 46, 51, 52, 0, 2, 1, 6, 11, 97, 30, 96, 100, 98, 95, 50, 106, 101, 120, 121, 114, 107, 9, 111, 43, 8, 41, 15, 27, 75, 77, 90, 117, 53, 92, 64, 91, 63, 108, 110, 76, 25, 102, 16, 103, 55, 119, 142, 123, 124, 104, 29, 141, 125, 126, 35, 47, 127, 31, 128, 143, 54, 132, 131, 7, 42, 40, 74, 129, 85, 93, 130, 133, 115, 78, 67, 48, 61, 109, 134, 71, 58, 12, 147, 146, 145, 149, 148, 10, 144, 99, 105, 28, 26, 135, 36, 112, 136]",False,complete,139,139,7052,0,1744,2,1742,2000,309,0,0,lowest_first,True,2,138,27,138,27,27,27,27
4,230459,8,14,135,"[13, 14, 16, 17, 18, 32, 116, 118, 122, 136, 137, 138, 139, 140]","[0, 1, 2, 3, 4, 5, 6, 7, 8, 9, 10, 11, 12, 15, 19, 20, 21, 22, 23, 24, 25, 26, 27, 28, 29, 30, 31, 33, 34, 35, 36, 37, 38, 39, 40, 41, 42, 43, 44, 45, 46, 47, 48, 49, 50, 51, 52, 53, 54, 55, 56, 57, 58, 59, 60, 61, 62, 63, 64, 65, 66, 67, 68, 69, 70, 71, 72, 73, 74, 75, 76, 77, 78, 79, 80, 81, 82, 83, 84, 85, 86, 87, 88, 89, 90, 91, 92, 93, 94, 95, 96, 97, 98, 99, 100, 101, 102, 103, 104, 105, 106, 107, 108, 109, 110, 111, 112, 114, 115, 117, 119, 120, 121, 123, 124, 125, 126, 127, 128, 129, 130, 131, 132, 133, 134, 135, 141, 142, 143, 144, 145, 146, 147, 148, 149]",{},[],0,"[122, 17, 18, 32, 137, 138, 139, 140, 14, 13, 116, 118, 136, 16, 36, 135, 26, 28, 99, 105, 149, 102, 148, 144, 145, 146, 147, 12, 58, 71, 134, 109, 67, 78, 115, 48, 133, 42, 7, 132, 129, 131, 130, 54, 128, 127, 126, 125, 104, 141, 142, 8, 27, 98, 124, 10, 112, 61, 85, 93, 40, 143, 25, 76, 74, 110, 108, 63, 91, 89, 64, 83, 50, 123, 53, 119, 55, 77, 75, 117, 90, 92, 41, 29, 15, 43, 111, 9, 107, 114, 121, 120, 101, 106, 44, 6, 1, 2, 0, 70, 86, 62, 60, 68, 66, 94, 73, 69, 59, 79, 80, 72, 65, 52, 47, 46, 39, 51, 49, 45, 56, 57, 38, 97, 96, 100, 95, 87, 103, 88, 82, 81, 84, 24, 30, 31, 11, 23, 5, 4, 3, 21, 22, 20, 19, 35, 37, 34, 33]",True,18790451188,18.790451188,"[36, 135, 26, 28, 99, 105, 144, 10, 149, 102, 145, 146, 147, 12, 58, 71, 134, 109, 67, 48, 78, 61, 85, 93, 133, 40, 42, 143, 25, 7, 129, 130, 132, 131, 74, 52, 76, 97, 128, 63, 94, 127, 91, 64, 126, 50, 125, 124, 123, 141, 142, 53, 75, 55, 77, 90, 92, 119, 117, 41, 27, 43, 8, 29, 15, 112, 148, 110, 9, 111, 108, 106, 115, 107, 6, 1, 2, 0, 114, 121, 120, 101, 54, 47, 46, 39, 51, 68, 45, 49, 56, 57, 38, 83, 44, 104, 62, 60, 89, 70, 69, 59, 79, 80, 72, 86, 73, 66, 65, 23, 5, 4, 21, 22, 20, 35, 37, 34, 33, 3, 100, 96, 98, 11, 31, 30, 24, 19, 84, 87, 82, 81, 88, 103, 95]","[95, 103, 88, 81, 82, 87, 84, 19, 24, 30, 31, 11, 98, 96, 100, 3, 33, 34, 37, 35, 20, 22, 21, 4, 5, 23, 65, 66, 73, 86, 72, 80, 79, 59, 69, 70, 89, 60, 62, 104, 44, 83, 38, 57, 56, 49, 45, 68, 51, 39, 46, 47, 54, 101, 120, 121, 114, 0, 2, 1, 6, 107, 115, 106, 108, 111, 9, 110, 148, 112, 15, 29, 8, 43, 27, 41, 117, 119, 92, 90, 77, 55, 75, 53, 142, 141, 123, 124, 125, 50, 126, 64, 91, 127, 94, 63, 128, 97, 76, 52, 74, 131, 132, 130, 129, 7, 25, 143, 42, 40, 133, 93, 85, 61, 78, 48, 67, 109, 134, 71, 58, 12, 147, 146, 145, 102, 149, 10, 144, 105, 99, 28, 26, 135, 36]",False,complete,136,136,7295,0,1552,1,1551,1674,123,0,0,lowest_first,True,2,104,29,104,29,29,29,29
4,230460,9,16,133,"[13, 14, 16, 17, 18, 32, 36, 116, 118, 122, 135, 136, 137, 138, 139, 140]","[0, 1, 2, 3, 4, 5, 6, 7, 8, 9, 10, 11, 12, 15, 19, 20, 21, 22, 23, 24, 25, 26, 27, 28, 29, 30, 31, 33, 34, 35, 37, 38, 39, 40, 41, 42, 43, 44, 45, 46, 47, 48, 49, 50, 51, 52, 53, 54, 55, 56, 57, 58, 59, 60, 61, 62, 63, 64, 65, 66, 67, 68, 69, 70, 71, 72, 73, 74, 75, 76, 77, 78, 79, 80, 81, 82, 83, 84, 85, 86, 87, 88, 89, 90, 91, 92, 93, 94, 95, 96, 97, 98, 99, 100, 101, 102, 103, 104, 105, 106, 107, 108, 109, 110, 111, 112, 114, 115, 117, 119, 120, 121, 123, 124, 125, 126, 127, 128, 129, 130, 131, 132, 133, 134, 141, 142, 143, 144, 145, 146, 147, 148, 149]",{},[],0,"[122, 17, 18, 32, 137, 138, 139, 140, 14, 13, 116, 118, 136, 16, 36, 135, 26, 28, 99, 105, 149, 102, 148, 144, 145, 146, 147, 12, 58, 71, 134, 109, 67, 78, 115, 48, 133, 42, 7, 132, 129, 131, 130, 54, 128, 127, 126, 125, 104, 141, 142, 8, 27, 98, 124, 10, 112, 61, 85, 93, 40, 143, 25, 76, 74, 110, 108, 63, 91, 89, 64, 83, 50, 123, 53, 119, 55, 77, 75, 117, 90, 92, 41, 29, 15, 43, 111, 9, 107, 114, 121, 120, 101, 106, 44, 6, 1, 2, 0, 70, 86, 62, 60, 68, 66, 94, 73, 69, 59, 79, 80, 72, 65, 52, 47, 46, 39, 51, 49, 45, 56, 57, 38, 97, 96, 100, 95, 87, 103, 88, 82, 81, 84, 24, 30, 31, 11, 23, 5, 4, 3, 21, 22, 20, 19, 35, 37, 34, 33]",True,25779394387,25.779394387,"[28, 26, 105, 99, 149, 102, 145, 144, 10, 147, 146, 12, 71, 58, 134, 109, 61, 48, 112, 85, 78, 133, 7, 93, 130, 132, 129, 131, 74, 76, 97, 128, 94, 50, 124, 126, 37, 143, 127, 89, 35, 91, 125, 103, 142, 141, 15, 123, 43, 29, 117, 119, 8, 148, 115, 110, 108, 27, 111, 9, 107, 114, 40, 52, 64, 90, 92, 53, 77, 55, 75, 41, 121, 63, 120, 101, 21, 106, 47, 6, 1, 2, 0, 42, 34, 39, 46, 54, 51, 33, 57, 56, 49, 45, 62, 67, 38, 83, 44, 68, 60, 70, 69, 59, 79, 80, 72, 86, 73, 66, 65, 25, 5, 20, 22, 23, 4, 3, 100, 96, 98, 11, 31, 30, 24, 19, 84, 87, 82, 81, 88, 104, 95]","[95, 104, 88, 81, 82, 87, 84, 19, 24, 30, 31, 11, 98, 96, 100, 3, 4, 23, 22, 20, 5, 25, 65, 66, 73, 86, 72, 80, 79, 59, 69, 70, 60, 68, 44, 83, 38, 67, 62, 45, 49, 56, 57, 33, 51, 54, 46, 39, 34, 42, 0, 2, 1, 6, 47, 106, 21, 101, 120, 63, 121, 41, 75, 55, 77, 53, 92, 90, 64, 52, 40, 114, 107, 9, 111, 27, 108, 110, 115, 148, 8, 119, 117, 29, 43, 123, 15, 141, 142, 103, 125, 91, 35, 89, 127, 143, 37, 126, 124, 50, 94, 128, 97, 76, 74, 131, 129, 132, 130, 93, 7, 133, 78, 85, 112, 48, 61, 109, 134, 58, 71, 12, 146, 147, 10, 144, 145, 102, 149, 99, 105, 26, 28]",False,complete,152,152,7289,0,2127,14,2113,2000,897,0,0,lowest_first,True,2,115,29,115,29,29,29,29
4,230461,10,18,131,"[13, 14, 16, 17, 18, 26, 28, 32, 36, 116, 118, 122, 135, 136, 137, 138, 139, 140]","[0, 1, 2, 3, 4, 5, 6, 7, 8, 9, 10, 11, 12, 15, 19, 20, 21, 22, 23, 24, 25, 27, 29, 30, 31, 33, 34, 35, 37, 38, 39, 40, 41, 42, 43, 44, 45, 46, 47, 48, 49, 50, 51, 52, 53, 54, 55, 56, 57, 58, 59, 60, 61, 62, 63, 64, 65, 66, 67, 68, 69, 70, 71, 72, 73, 74, 75, 76, 77, 78, 79, 80, 81, 82, 83, 84, 85, 86, 87, 88, 89, 90, 91, 92, 93, 94, 95, 96, 97, 98, 99, 100, 101, 102, 103, 104, 105, 106, 107, 108, 109, 110, 111, 112, 114, 115, 117, 119, 120, 121, 123, 124, 125, 126, 127, 128, 129, 130, 131, 132, 133, 134, 141, 142, 143, 144, 145, 146, 147, 148, 149]",{},[],0,"[122, 17, 18, 32, 137, 138, 139, 140, 14, 13, 116, 118, 136, 16, 36, 135, 26, 28, 99, 105, 149, 102, 148, 144, 145, 146, 147, 12, 58, 71, 134, 109, 67, 78, 115, 48, 133, 42, 7, 132, 129, 131, 130, 54, 128, 127, 126, 125, 104, 141, 142, 8, 27, 98, 124, 10, 112, 61, 85, 93, 40, 143, 25, 76, 74, 110, 108, 63, 91, 89, 64, 83, 50, 123, 53, 119, 55, 77, 75, 117, 90, 92, 41, 29, 15, 43, 111, 9, 107, 114, 121, 120, 101, 106, 44, 6, 1, 2, 0, 70, 86, 62, 60, 68, 66, 94, 73, 69, 59, 79, 80, 72, 65, 52, 47, 46, 39, 51, 49, 45, 56, 57, 38, 97, 96, 100, 95, 87, 103, 88, 82, 81, 84, 24, 30, 31, 11, 23, 5, 4, 3, 21, 22, 20, 19, 35, 37, 34, 33]",True,19441047004,19.441047004,"[105, 99, 144, 10, 148, 145, 149, 147, 146, 12, 71, 58, 134, 109, 61, 67, 78, 48, 85, 93, 133, 40, 42, 143, 25, 7, 129, 132, 130, 131, 54, 76, 74, 97, 128, 63, 94, 127, 91, 64, 126, 50, 125, 124, 123, 141, 142, 90, 75, 92, 53, 117, 55, 77, 119, 29, 8, 41, 15, 43, 27, 102, 112, 110, 9, 111, 108, 106, 115, 107, 6, 1, 2, 0, 114, 121, 120, 101, 52, 47, 46, 39, 51, 68, 45, 49, 56, 57, 38, 83, 44, 103, 62, 60, 89, 70, 69, 59, 79, 80, 72, 86, 73, 66, 65, 31, 30, 24, 11, 100, 98, 96, 84, 87, 82, 81, 88, 104, 95, 23, 5, 4, 3, 21, 22, 20, 19, 35, 37, 34, 33]","[33, 34, 37, 35, 19, 20, 22, 21, 3, 4, 5, 23, 95, 104, 88, 81, 82, 87, 84, 96, 98, 100, 11, 24, 30, 31, 65, 66, 73, 86, 72, 80, 79, 59, 69, 70, 89, 60, 62, 103, 44, 83, 38, 57, 56, 49, 45, 68, 51, 39, 46, 47, 52, 101, 120, 121, 114, 0, 2, 1, 6, 107, 115, 106, 108, 111, 9, 110, 112, 102, 27, 43, 15, 41, 8, 29, 119, 77, 55, 117, 53, 92, 75, 90, 142, 141, 123, 124, 125, 50, 126, 64, 91, 127, 94, 63, 128, 97, 74, 76, 54, 131, 130, 132, 129, 7, 25, 143, 42, 40, 133, 93, 85, 48, 78, 67, 61, 109, 134, 58, 71, 12, 146, 147, 149, 145, 148, 10, 144, 99, 105]",False,complete,131,131,6868,0,1554,0,1554,1664,110,0,0,lowest_first,True,2,94,28,94,28,28,28,28
4,230462,11,20,129,"[13, 14, 16, 17, 18, 26, 28, 32, 36, 99, 105, 116, 118, 122, 135, 136, 137, 138, 139, 140]","[0, 1, 2, 3, 4, 5, 6, 7, 8, 9, 10, 11, 12, 15, 19, 20, 21, 22, 23, 24, 25, 27, 29, 30, 31, 33, 34, 35, 37, 38, 39, 40, 41, 42, 43, 44, 45, 46, 47, 48, 49, 50, 51, 52, 53, 54, 55, 56, 57, 58, 59, 60, 61, 62, 63, 64, 65, 66, 67, 68, 69, 70, 71, 72, 73, 74, 75, 76, 77, 78, 79, 80, 81, 82, 83, 84, 85, 86, 87, 88, 89, 90, 91, 92, 93, 94, 95, 96, 97, 98, 100, 101, 102, 103, 104, 106, 107, 108, 109, 110, 111, 112, 114, 115, 117, 119, 120, 121, 123, 124, 125, 126, 127, 128, 129, 130, 131, 132, 133, 134, 141, 142, 143, 144, 145, 146, 147, 148, 149]",{},[],0,"[122, 17, 18, 32, 137, 138, 139, 140, 14, 13, 116, 118, 136, 16, 36, 135, 26, 28, 99, 105, 149, 102, 148, 144, 145, 146, 147, 12, 58, 71, 134, 109, 67, 78, 115, 48, 133, 42, 7, 132, 129, 131, 130, 54, 128, 127, 126, 125, 104, 141, 142, 8, 27, 98, 124, 10, 112, 61, 85, 93, 40, 143, 25, 76, 74, 110, 108, 63, 91, 89, 64, 83, 50, 123, 53, 119, 55, 77, 75, 117, 90, 92, 41, 29, 15, 43, 111, 9, 107, 114, 121, 120, 101, 106, 44, 6, 1, 2, 0, 70, 86, 62, 60, 68, 66, 94, 73, 69, 59, 79, 80, 72, 65, 52, 47, 46, 39, 51, 49, 45, 56, 57, 38, 97, 96, 100, 95, 87, 103, 88, 82, 81, 84, 24, 30, 31, 11, 23, 5, 4, 3, 21, 22, 20, 19, 35, 37, 34, 33]",True,18410241481,18.410241481,"[149, 102, 145, 144, 10, 147, 146, 12, 71, 58, 134, 109, 78, 48, 67, 61, 93, 85, 133, 42, 40, 143, 25, 7, 130, 131, 132, 129, 74, 76, 52, 97, 128, 63, 94, 127, 91, 64, 126, 50, 125, 124, 123, 141, 142, 55, 92, 77, 90, 117, 119, 53, 75, 8, 43, 41, 15, 29, 27, 112, 148, 110, 9, 111, 108, 106, 115, 107, 6, 1, 2, 0, 114, 121, 120, 101, 54, 47, 46, 39, 51, 68, 45, 49, 56, 57, 38, 83, 44, 104, 62, 60, 89, 70, 69, 59, 79, 80, 72, 86, 73, 66, 65, 23, 5, 4, 21, 22, 20, 35, 37, 34, 33, 3, 100, 96, 98, 11, 31, 30, 24, 19, 84, 87, 82, 81, 88, 103, 95]","[95, 103, 88, 81, 82, 87, 84, 19, 24, 30, 31, 11, 98, 96, 100, 3, 33, 34, 37, 35, 20, 22, 21, 4, 5, 23, 65, 66, 73, 86, 72, 80, 79, 59, 69, 70, 89, 60, 62, 104, 44, 83, 38, 57, 56, 49, 45, 68, 51, 39, 46, 47, 54, 101, 120, 121, 114, 0, 2, 1, 6, 107, 115, 106, 108, 111, 9, 110, 148, 112, 27, 29, 15, 41, 43, 8, 75, 53, 119, 117, 90, 77, 92, 55, 142, 141, 123, 124, 125, 50, 126, 64, 91, 127, 94, 63, 128, 97, 52, 76, 74, 129, 132, 131, 130, 7, 25, 143, 40, 42, 133, 85, 93, 61, 67, 48, 78, 109, 134, 58, 71, 12, 146, 147, 10, 144, 145, 102, 149]",False,complete,130,130,6652,0,1539,1,1538,1661,123,0,0,lowest_first,True,2,104,29,104,29,29,29,29
4,230463,12,22,127,"[13, 14, 16, 17, 18, 26, 28, 32, 36, 99, 102, 105, 116, 118, 122, 135, 136, 137, 138, 139, 140, 149]","[0, 1, 2, 3, 4, 5, 6, 7, 8, 9, 10, 11, 12, 15, 19, 20, 21, 22, 23, 24, 25, 27, 29, 30, 31, 33, 34, 35, 37, 38, 39, 40, 41, 42, 43, 44, 45, 46, 47, 48, 49, 50, 51, 52, 53, 54, 55, 56, 57, 58, 59, 60, 61, 62, 63, 64, 65, 66, 67, 68, 69, 70, 71, 72, 73, 74, 75, 76, 77, 78, 79, 80, 81, 82, 83, 84, 85, 86, 87, 88, 89, 90, 91, 92, 93, 94, 95, 96, 97, 98, 100, 101, 103, 104, 106, 107, 108, 109, 110, 111, 112, 114, 115, 117, 119, 120, 121, 123, 124, 125, 126, 127, 128, 129, 130, 131, 132, 133, 134, 141, 142, 143, 144, 145, 146, 147, 148]",{},[],0,"[122, 17, 18, 32, 137, 138, 139, 140, 14, 13, 116, 118, 136, 16, 36, 135, 26, 28, 99, 105, 149, 102, 148, 144, 145, 146, 147, 12, 58, 71, 134, 109, 67, 78, 115, 48, 133, 42, 7, 132, 129, 131, 130, 54, 128, 127, 126, 125, 104, 141, 142, 8, 27, 98, 124, 10, 112, 61, 85, 93, 40, 143, 25, 76, 74, 110, 108, 63, 91, 89, 64, 83, 50, 123, 53, 119, 55, 77, 75, 117, 90, 92, 41, 29, 15, 43, 111, 9, 107, 114, 121, 120, 101, 106, 44, 6, 1, 2, 0, 70, 86, 62, 60, 68, 66, 94, 73, 69, 59, 79, 80, 72, 65, 52, 47, 46, 39, 51, 49, 45, 56, 57, 38, 97, 96, 100, 95, 87, 103, 88, 82, 81, 84, 24, 30, 31, 11, 23, 5, 4, 3, 21, 22, 20, 19, 35, 37, 34, 33]",True,18224643927,18.224643927,"[144, 10, 145, 147, 146, 12, 58, 71, 134, 109, 78, 48, 61, 67, 85, 93, 133, 40, 42, 143, 25, 7, 129, 131, 132, 130, 52, 74, 76, 97, 128, 63, 94, 127, 89, 64, 126, 50, 125, 124, 123, 142, 141, 92, 75, 55, 77, 53, 117, 90, 119, 43, 15, 27, 29, 8, 41, 112, 148, 110, 9, 111, 108, 106, 115, 107, 6, 1, 2, 0, 114, 121, 120, 101, 54, 47, 46, 39, 51, 68, 45, 49, 56, 57, 38, 83, 44, 103, 62, 60, 91, 70, 69, 59, 79, 80, 72, 86, 73, 66, 65, 23, 5, 4, 21, 22, 20, 35, 37, 34, 33, 19, 100, 96, 98, 24, 30, 31, 11, 3, 84, 87, 82, 81, 88, 104, 95]","[95, 104, 88, 81, 82, 87, 84, 3, 11, 31, 30, 24, 98, 96, 100, 19, 33, 34, 37, 35, 20, 22, 21, 4, 5, 23, 65, 66, 73, 86, 72, 80, 79, 59, 69, 70, 91, 60, 62, 103, 44, 83, 38, 57, 56, 49, 45, 68, 51, 39, 46, 47, 54, 101, 120, 121, 114, 0, 2, 1, 6, 107, 115, 106, 108, 111, 9, 110, 148, 112, 41, 8, 29, 27, 15, 43, 119, 90, 117, 53, 77, 55, 75, 92, 141, 142, 123, 124, 125, 50, 126, 64, 89, 127, 94, 63, 128, 97, 76, 74, 52, 130, 132, 131, 129, 7, 25, 143, 42, 40, 133, 93, 85, 67, 61, 48, 78, 109, 134, 71, 58, 12, 146, 147, 145, 10, 144]",False,complete,128,128,6436,0,1535,1,1534,1657,123,0,0,lowest_first,True,2,105,29,105,29,29,29,29
4,230464,13,24,125,"[13, 14, 16, 17, 18, 26, 28, 32, 36, 99, 102, 105, 116, 118, 122, 135, 136, 137, 138, 139, 140, 144, 148, 149]","[0, 1, 2, 3, 4, 5, 6, 7, 8, 9, 10, 11, 12, 15, 19, 20, 21, 22, 23, 24, 25, 27, 29, 30, 31, 33, 34, 35, 37, 38, 39, 40, 41, 42, 43, 44, 45, 46, 47, 48, 49, 50, 51, 52, 53, 54, 55, 56, 57, 58, 59, 60, 61, 62, 63, 64, 65, 66, 67, 68, 69, 70, 71, 72, 73, 74, 75, 76, 77, 78, 79, 80, 81, 82, 83, 84, 85, 86, 87, 88, 89, 90, 91, 92, 93, 94, 95, 96, 97, 98, 100, 101, 103, 104, 106, 107, 108, 109, 110, 111, 112, 114, 115, 117, 119, 120, 121, 123, 124, 125, 126, 127, 128, 129, 130, 131, 132, 133, 134, 141, 142, 143, 145, 146, 147]",{},[],0,"[122, 17, 18, 32, 137, 138, 139, 140, 14, 13, 116, 118, 136, 16, 36, 135, 26, 28, 99, 105, 149, 102, 148, 144, 145, 146, 147, 12, 58, 71, 134, 109, 67, 78, 115, 48, 133, 42, 7, 132, 129, 131, 130, 54, 128, 127, 126, 125, 104, 141, 142, 8, 27, 98, 124, 10, 112, 61, 85, 93, 40, 143, 25, 76, 74, 110, 108, 63, 91, 89, 64, 83, 50, 123, 53, 119, 55, 77, 75, 117, 90, 92, 41, 29, 15, 43, 111, 9, 107, 114, 121, 120, 101, 106, 44, 6, 1, 2, 0, 70, 86, 62, 60, 68, 66, 94, 73, 69, 59, 79, 80, 72, 65, 52, 47, 46, 39, 51, 49, 45, 56, 57, 38, 97, 96, 100, 95, 87, 103, 88, 82, 81, 84, 24, 30, 31, 11, 23, 5, 4, 3, 21, 22, 20, 19, 35, 37, 34, 33]",True,21026053301,21.026053301,"[145, 147, 146, 12, 71, 58, 134, 109, 78, 48, 61, 67, 93, 85, 133, 42, 40, 115, 7, 130, 129, 132, 131, 76, 128, 31, 127, 126, 91, 47, 86, 74, 125, 142, 141, 90, 75, 77, 10, 110, 35, 27, 54, 53, 8, 15, 43, 143, 9, 111, 106, 112, 108, 25, 101, 120, 64, 124, 123, 119, 92, 55, 117, 29, 41, 121, 114, 107, 6, 1, 2, 0, 30, 97, 11, 100, 98, 96, 52, 51, 46, 70, 69, 94, 79, 80, 50, 59, 63, 60, 68, 62, 49, 45, 56, 57, 83, 66, 72, 65, 103, 73, 87, 104, 95, 89, 84, 24, 88, 82, 81, 44, 38, 23, 39, 34, 33, 21, 37, 20, 19, 5, 22, 4, 3]","[3, 4, 22, 5, 19, 20, 37, 21, 33, 34, 39, 23, 38, 44, 81, 82, 88, 24, 84, 89, 95, 104, 87, 73, 103, 65, 72, 66, 83, 57, 56, 45, 49, 62, 68, 60, 63, 59, 50, 80, 79, 94, 69, 70, 46, 51, 52, 96, 98, 100, 11, 97, 30, 0, 2, 1, 6, 107, 114, 121, 41, 29, 117, 55, 92, 119, 123, 124, 64, 120, 101, 25, 108, 112, 106, 111, 9, 143, 43, 15, 8, 53, 54, 27, 35, 110, 10, 77, 75, 90, 141, 142, 125, 74, 86, 47, 91, 126, 127, 31, 128, 76, 131, 132, 129, 130, 7, 115, 40, 42, 133, 85, 93, 67, 61, 48, 78, 109, 134, 58, 71, 12, 146, 147, 145]",False,complete,125,125,6023,0,1594,0,1594,1666,72,0,0,lowest_first,True,2,102,24,102,24,24,24,24
4,230465,14,26,123,"[13, 14, 16, 17, 18, 26, 28, 32, 36, 99, 102, 105, 116, 118, 122, 135, 136, 137, 138, 139, 140, 144, 145, 146, 148, 149]","[0, 1, 2, 3, 4, 5, 6, 7, 8, 9, 10, 11, 12, 15, 19, 20, 21, 22, 23, 24, 25, 27, 29, 30, 31, 33, 34, 35, 37, 38, 39, 40, 41, 42, 43, 44, 45, 46, 47, 48, 49, 50, 51, 52, 53, 54, 55, 56, 57, 58, 59, 60, 61, 62, 63, 64, 65, 66, 67, 68, 69, 70, 71, 72, 73, 74, 75, 76, 77, 78, 79, 80, 81, 82, 83, 84, 85, 86, 87, 88, 89, 90, 91, 92, 93, 94, 95, 96, 97, 98, 100, 101, 103, 104, 106, 107, 108, 109, 110, 111, 112, 114, 115, 117, 119, 120, 121, 123, 124, 125, 126, 127, 128, 129, 130, 131, 132, 133, 134, 141, 142, 143, 147]",{},[],0,"[122, 17, 18, 32, 137, 138, 139, 140, 14, 13, 116, 118, 136, 16, 36, 135, 26, 28, 99, 105, 149, 102, 148, 144, 145, 146, 147, 12, 58, 71, 134, 109, 67, 78, 115, 48, 133, 42, 7, 132, 129, 131, 130, 54, 128, 127, 126, 125, 104, 141, 142, 8, 27, 98, 124, 10, 112, 61, 85, 93, 40, 143, 25, 76, 74, 110, 108, 63, 91, 89, 64, 83, 50, 123, 53, 119, 55, 77, 75, 117, 90, 92, 41, 29, 15, 43, 111, 9, 107, 114, 121, 120, 101, 106, 44, 6, 1, 2, 0, 70, 86, 62, 60, 68, 66, 94, 73, 69, 59, 79, 80, 72, 65, 52, 47, 46, 39, 51, 49, 45, 56, 57, 38, 97, 96, 100, 95, 87, 103, 88, 82, 81, 84, 24, 30, 31, 11, 23, 5, 4, 3, 21, 22, 20, 19, 35, 37, 34, 33]",True,32352145694,32.352145694,"[147, 12, 58, 71, 134, 109, 67, 61, 78, 48, 93, 85, 133, 42, 40, 115, 7, 130, 132, 129, 131, 76, 128, 31, 127, 126, 91, 47, 86, 74, 125, 141, 142, 75, 53, 21, 29, 15, 10, 110, 112, 108, 143, 52, 63, 64, 83, 103, 124, 123, 92, 77, 119, 117, 55, 90, 27, 41, 43, 8, 111, 9, 107, 114, 121, 120, 101, 106, 44, 6, 1, 2, 0, 30, 97, 11, 100, 98, 96, 54, 51, 46, 70, 69, 94, 79, 80, 62, 60, 59, 68, 66, 72, 65, 104, 95, 73, 87, 89, 88, 82, 81, 84, 24, 23, 25, 35, 19, 20, 5, 22, 4, 3, 37, 34, 50, 39, 33, 38, 57, 56, 49, 45]","[45, 49, 56, 57, 38, 33, 39, 50, 34, 37, 3, 4, 22, 5, 20, 19, 35, 25, 23, 24, 84, 81, 82, 88, 89, 87, 73, 95, 104, 65, 72, 66, 68, 59, 60, 62, 80, 79, 94, 69, 70, 46, 51, 54, 96, 98, 100, 11, 97, 30, 0, 2, 1, 6, 44, 106, 101, 120, 121, 114, 107, 9, 111, 8, 43, 41, 27, 90, 55, 117, 119, 77, 92, 123, 124, 103, 83, 64, 63, 52, 143, 108, 112, 110, 10, 15, 29, 21, 53, 75, 142, 141, 125, 74, 86, 47, 91, 126, 127, 31, 128, 76, 131, 129, 132, 130, 7, 115, 40, 42, 133, 85, 93, 48, 78, 61, 67, 109, 134, 71, 58, 12, 147]",False,complete,269,269,7124,0,3372,69,3303,2000,1823,9,0,lowest_first,True,2,138,26,138,26,26,26,26
4,230466,15,28,121,"[12, 13, 14, 16, 17, 18, 26, 28, 32, 36, 99, 102, 105, 116, 118, 122, 135, 136, 137, 138, 139, 140, 144, 145, 146, 147, 148, 149]","[0, 1, 2, 3, 4, 5, 6, 7, 8, 9, 10, 11, 15, 19, 20, 21, 22, 23, 24, 25, 27, 29, 30, 31, 33, 34, 35, 37, 38, 39, 40, 41, 42, 43, 44, 45, 46, 47, 48, 49, 50, 51, 52, 53, 54, 55, 56, 57, 58, 59, 60, 61, 62, 63, 64, 65, 66, 67, 68, 69, 70, 71, 72, 73, 74, 75, 76, 77, 78, 79, 80, 81, 82, 83, 84, 85, 86, 87, 88, 89, 90, 91, 92, 93, 94, 95, 96, 97, 98, 100, 101, 103, 104, 106, 107, 108, 109, 110, 111, 112, 114, 115, 117, 119, 120, 121, 123, 124, 125, 126, 127, 128, 129, 130, 131, 132, 133, 134, 141, 142, 143]",{},[],0,"[122, 17, 18, 32, 137, 138, 139, 140, 14, 13, 116, 118, 136, 16, 36, 135, 26, 28, 99, 105, 149, 102, 148, 144, 145, 146, 147, 12, 58, 71, 134, 109, 67, 78, 115, 48, 133, 42, 7, 132, 129, 131, 130, 54, 128, 127, 126, 125, 104, 141, 142, 8, 27, 98, 124, 10, 112, 61, 85, 93, 40, 143, 25, 76, 74, 110, 108, 63, 91, 89, 64, 83, 50, 123, 53, 119, 55, 77, 75, 117, 90, 92, 41, 29, 15, 43, 111, 9, 107, 114, 121, 120, 101, 106, 44, 6, 1, 2, 0, 70, 86, 62, 60, 68, 66, 94, 73, 69, 59, 79, 80, 72, 65, 52, 47, 46, 39, 51, 49, 45, 56, 57, 38, 97, 96, 100, 95, 87, 103, 88, 82, 81, 84, 24, 30, 31, 11, 23, 5, 4, 3, 21, 22, 20, 19, 35, 37, 34, 33]",True,26843905346,26.843905346,"[58, 71, 134, 109, 67, 48, 78, 115, 133, 42, 7, 129, 130, 132, 131, 52, 128, 127, 126, 125, 103, 89, 142, 141, 8, 27, 124, 93, 61, 85, 40, 143, 25, 74, 76, 97, 63, 91, 64, 83, 50, 123, 119, 90, 117, 53, 55, 75, 92, 77, 15, 41, 29, 43, 10, 112, 110, 108, 111, 9, 107, 114, 121, 120, 101, 106, 44, 6, 1, 2, 0, 73, 86, 66, 62, 68, 60, 94, 70, 69, 59, 79, 80, 72, 65, 54, 47, 46, 39, 51, 49, 45, 56, 57, 38, 31, 30, 11, 24, 100, 98, 96, 84, 87, 82, 81, 88, 104, 95, 23, 5, 4, 3, 21, 22, 20, 19, 35, 37, 34, 33]","[33, 34, 37, 35, 19, 20, 22, 21, 3, 4, 5, 23, 95, 104, 88, 81, 82, 87, 84, 96, 98, 100, 24, 11, 30, 31, 38, 57, 56, 45, 49, 51, 39, 46, 47, 54, 65, 72, 80, 79, 59, 69, 70, 94, 60, 68, 62, 66, 86, 73, 0, 2, 1, 6, 44, 106, 101, 120, 121, 114, 107, 9, 111, 108, 110, 112, 10, 43, 29, 41, 15, 77, 92, 75, 55, 53, 117, 90, 119, 123, 50, 83, 64, 91, 63, 97, 76, 74, 25, 143, 40, 85, 61, 93, 124, 27, 8, 141, 142, 89, 103, 125, 126, 127, 128, 52, 131, 132, 130, 129, 7, 42, 133, 115, 78, 48, 67, 109, 134, 71, 58]",False,complete,153,153,5798,0,2172,28,2144,2000,875,0,0,lowest_first,True,2,126,26,126,26,26,26,26
4,230467,16,30,119,"[12, 13, 14, 16, 17, 18, 26, 28, 32, 36, 58, 71, 99, 102, 105, 116, 118, 122, 135, 136, 137, 138, 139, 140, 144, 145, 146, 147, 148, 149]","[0, 1, 2, 3, 4, 5, 6, 7, 8, 9, 10, 11, 15, 19, 20, 21, 22, 23, 24, 25, 27, 29, 30, 31, 33, 34, 35, 37, 38, 39, 40, 41, 42, 43, 44, 45, 46, 47, 48, 49, 50, 51, 52, 53, 54, 55, 56, 57, 59, 60, 61, 62, 63, 64, 65, 66, 67, 68, 69, 70, 72, 73, 74, 75, 76, 77, 78, 79, 80, 81, 82, 83, 84, 85, 86, 87, 88, 89, 90, 91, 92, 93, 94, 95, 96, 97, 98, 100, 101, 103, 104, 106, 107, 108, 109, 110, 111, 112, 114, 115, 117, 119, 120, 121, 123, 124, 125, 126, 127, 128, 129, 130, 131, 132, 133, 134, 141, 142, 143]",{},[],0,"[122, 17, 18, 32, 137, 138, 139, 140, 14, 13, 116, 118, 136, 16, 36, 135, 26, 28, 99, 105, 149, 102, 148, 144, 145, 146, 147, 12, 58, 71, 134, 109, 67, 78, 115, 48, 133, 42, 7, 132, 129, 131, 130, 54, 128, 127, 126, 125, 104, 141, 142, 8, 27, 98, 124, 10, 112, 61, 85, 93, 40, 143, 25, 76, 74, 110, 108, 63, 91, 89, 64, 83, 50, 123, 53, 119, 55, 77, 75, 117, 90, 92, 41, 29, 15, 43, 111, 9, 107, 114, 121, 120, 101, 106, 44, 6, 1, 2, 0, 70, 86, 62, 60, 68, 66, 94, 73, 69, 59, 79, 80, 72, 65, 52, 47, 46, 39, 51, 49, 45, 56, 57, 38, 97, 96, 100, 95, 87, 103, 88, 82, 81, 84, 24, 30, 31, 11, 23, 5, 4, 3, 21, 22, 20, 19, 35, 37, 34, 33]",True,30761175524,30.761175524,"[134, 109, 48, 67, 61, 10, 133, 143, 7, 129, 130, 76, 128, 23, 31, 127, 91, 126, 125, 44, 132, 131, 54, 21, 141, 142, 53, 47, 8, 112, 78, 93, 85, 74, 110, 9, 63, 89, 64, 124, 123, 55, 119, 92, 75, 90, 77, 117, 43, 41, 27, 29, 15, 111, 108, 106, 115, 107, 6, 1, 2, 0, 114, 121, 120, 101, 42, 83, 103, 30, 97, 11, 100, 98, 96, 40, 5, 25, 24, 4, 3, 22, 20, 19, 35, 37, 84, 73, 34, 39, 46, 52, 50, 51, 68, 66, 86, 82, 104, 95, 88, 70, 87, 81, 60, 94, 65, 62, 49, 45, 56, 57, 38, 33, 72, 80, 79, 69, 59]","[59, 69, 79, 80, 72, 33, 38, 57, 56, 45, 49, 62, 65, 94, 60, 81, 87, 70, 88, 95, 104, 82, 86, 66, 68, 51, 50, 52, 46, 39, 34, 73, 84, 37, 35, 19, 20, 22, 3, 4, 24, 25, 5, 40, 96, 98, 100, 11, 97, 30, 103, 83, 42, 101, 120, 121, 114, 0, 2, 1, 6, 107, 115, 106, 108, 111, 15, 29, 27, 41, 43, 117, 77, 90, 75, 92, 119, 55, 123, 124, 64, 89, 63, 9, 110, 74, 85, 93, 78, 112, 8, 47, 53, 142, 141, 21, 54, 131, 132, 44, 125, 126, 91, 127, 31, 23, 128, 76, 130, 129, 7, 143, 133, 10, 61, 67, 48, 109, 134]",False,complete,185,185,6082,0,2807,28,2779,2000,1228,7,0,lowest_first,True,2,134,26,134,26,26,26,26
4,230468,17,32,117,"[12, 13, 14, 16, 17, 18, 26, 28, 32, 36, 58, 71, 99, 102, 105, 109, 116, 118, 122, 134, 135, 136, 137, 138, 139, 140, 144, 145, 146, 147, 148, 149]","[0, 1, 2, 3, 4, 5, 6, 7, 8, 9, 10, 11, 15, 19, 20, 21, 22, 23, 24, 25, 27, 29, 30, 31, 33, 34, 35, 37, 38, 39, 40, 41, 42, 43, 44, 45, 46, 47, 48, 49, 50, 51, 52, 53, 54, 55, 56, 57, 59, 60, 61, 62, 63, 64, 65, 66, 67, 68, 69, 70, 72, 73, 74, 75, 76, 77, 78, 79, 80, 81, 82, 83, 84, 85, 86, 87, 88, 89, 90, 91, 92, 93, 94, 95, 96, 97, 98, 100, 101, 103, 104, 106, 107, 108, 110, 111, 112, 114, 115, 117, 119, 120, 121, 123, 124, 125, 126, 127, 128, 129, 130, 131, 132, 133, 141, 142, 143]",{},[],0,"[122, 17, 18, 32, 137, 138, 139, 140, 14, 13, 116, 118, 136, 16, 36, 135, 26, 28, 99, 105, 149, 102, 148, 144, 145, 146, 147, 12, 58, 71, 134, 109, 67, 78, 115, 48, 133, 42, 7, 132, 129, 131, 130, 54, 128, 127, 126, 125, 104, 141, 142, 8, 27, 98, 124, 10, 112, 61, 85, 93, 40, 143, 25, 76, 74, 110, 108, 63, 91, 89, 64, 83, 50, 123, 53, 119, 55, 77, 75, 117, 90, 92, 41, 29, 15, 43, 111, 9, 107, 114, 121, 120, 101, 106, 44, 6, 1, 2, 0, 70, 86, 62, 60, 68, 66, 94, 73, 69, 59, 79, 80, 72, 65, 52, 47, 46, 39, 51, 49, 45, 56, 57, 38, 97, 96, 100, 95, 87, 103, 88, 82, 81, 84, 24, 30, 31, 11, 23, 5, 4, 3, 21, 22, 20, 19, 35, 37, 34, 33]",True,26686992277,26.686992277,"[48, 78, 67, 115, 133, 40, 7, 129, 130, 128, 127, 126, 125, 104, 131, 132, 54, 142, 141, 8, 27, 98, 61, 93, 85, 42, 143, 25, 76, 74, 63, 89, 91, 64, 83, 50, 124, 123, 53, 55, 77, 117, 92, 75, 90, 119, 29, 43, 15, 41, 10, 112, 110, 108, 111, 9, 107, 114, 121, 120, 101, 106, 44, 6, 1, 2, 0, 73, 86, 66, 62, 68, 60, 94, 70, 69, 59, 79, 80, 72, 65, 52, 47, 46, 39, 51, 49, 45, 56, 57, 38, 97, 96, 100, 95, 87, 103, 88, 82, 81, 84, 24, 30, 31, 11, 23, 5, 4, 3, 21, 22, 20, 19, 35, 37, 34, 33]","[33, 34, 37, 35, 19, 20, 22, 21, 3, 4, 5, 23, 11, 31, 30, 24, 84, 81, 82, 88, 103, 87, 95, 100, 96, 97, 38, 57, 56, 45, 49, 51, 39, 46, 47, 52, 65, 72, 80, 79, 59, 69, 70, 94, 60, 68, 62, 66, 86, 73, 0, 2, 1, 6, 44, 106, 101, 120, 121, 114, 107, 9, 111, 108, 110, 112, 10, 41, 15, 43, 29, 119, 90, 75, 92, 117, 77, 55, 53, 123, 124, 50, 83, 64, 91, 89, 63, 74, 76, 25, 143, 42, 85, 93, 61, 98, 27, 8, 141, 142, 54, 132, 131, 104, 125, 126, 127, 128, 130, 129, 7, 40, 133, 115, 67, 78, 48]",False,complete,149,149,5361,0,2188,28,2160,2000,883,0,0,lowest_first,True,2,128,27,128,27,27,27,27
4,230469,18,34,115,"[12, 13, 14, 16, 17, 18, 26, 28, 32, 36, 58, 67, 71, 78, 99, 102, 105, 109, 116, 118, 122, 134, 135, 136, 137, 138, 139, 140, 144, 145, 146, 147, 148, 149]","[0, 1, 2, 3, 4, 5, 6, 7, 8, 9, 10, 11, 15, 19, 20, 21, 22, 23, 24, 25, 27, 29, 30, 31, 33, 34, 35, 37, 38, 39, 40, 41, 42, 43, 44, 45, 46, 47, 48, 49, 50, 51, 52, 53, 54, 55, 56, 57, 59, 60, 61, 62, 63, 64, 65, 66, 68, 69, 70, 72, 73, 74, 75, 76, 77, 79, 80, 81, 82, 83, 84, 85, 86, 87, 88, 89, 90, 91, 92, 93, 94, 95, 96, 97, 98, 100, 101, 103, 104, 106, 107, 108, 110, 111, 112, 114, 115, 117, 119, 120, 121, 123, 124, 125, 126, 127, 128, 129, 130, 131, 132, 133, 141, 142, 143]",{},[],0,"[122, 17, 18, 32, 137, 138, 139, 140, 14, 13, 116, 118, 136, 16, 36, 135, 26, 28, 99, 105, 149, 102, 148, 144, 145, 146, 147, 12, 58, 71, 134, 109, 67, 78, 115, 48, 133, 42, 7, 132, 129, 131, 130, 54, 128, 127, 126, 125, 104, 141, 142, 8, 27, 98, 124, 10, 112, 61, 85, 93, 40, 143, 25, 76, 74, 110, 108, 63, 91, 89, 64, 83, 50, 123, 53, 119, 55, 77, 75, 117, 90, 92, 41, 29, 15, 43, 111, 9, 107, 114, 121, 120, 101, 106, 44, 6, 1, 2, 0, 70, 86, 62, 60, 68, 66, 94, 73, 69, 59, 79, 80, 72, 65, 52, 47, 46, 39, 51, 49, 45, 56, 57, 38, 97, 96, 100, 95, 87, 103, 88, 82, 81, 84, 24, 30, 31, 11, 23, 5, 4, 3, 21, 22, 20, 19, 35, 37, 34, 33]",True,24860186507,24.860186507,"[115, 48, 133, 40, 7, 129, 130, 128, 127, 126, 125, 103, 131, 132, 52, 91, 142, 141, 8, 10, 112, 61, 93, 85, 42, 143, 25, 74, 76, 110, 108, 97, 63, 89, 64, 83, 50, 124, 123, 53, 119, 55, 92, 77, 75, 117, 90, 15, 29, 43, 27, 41, 111, 9, 107, 114, 121, 120, 101, 106, 44, 6, 1, 2, 0, 73, 86, 66, 62, 68, 60, 94, 70, 69, 59, 79, 80, 72, 65, 54, 47, 46, 39, 51, 49, 45, 56, 57, 38, 31, 30, 24, 11, 100, 98, 96, 84, 87, 82, 81, 88, 104, 95, 23, 5, 4, 3, 21, 22, 20, 19, 35, 37, 34, 33]","[33, 34, 37, 35, 19, 20, 22, 21, 3, 4, 5, 23, 95, 104, 88, 81, 82, 87, 84, 96, 98, 100, 11, 24, 30, 31, 38, 57, 56, 45, 49, 51, 39, 46, 47, 54, 65, 72, 80, 79, 59, 69, 70, 94, 60, 68, 62, 66, 86, 73, 0, 2, 1, 6, 44, 106, 101, 120, 121, 114, 107, 9, 111, 41, 27, 43, 29, 15, 90, 117, 75, 77, 92, 55, 119, 53, 123, 124, 50, 83, 64, 89, 63, 97, 108, 110, 76, 74, 25, 143, 42, 85, 93, 61, 112, 10, 8, 141, 142, 91, 52, 132, 131, 103, 125, 126, 127, 128, 130, 129, 7, 40, 133, 48, 115]",False,complete,147,147,4772,0,2062,28,2034,2000,818,0,0,lowest_first,True,2,157,26,157,26,26,26,26
4,230470,19,36,113,"[12, 13, 14, 16, 17, 18, 26, 28, 32, 36, 48, 58, 67, 71, 78, 99, 102, 105, 109, 115, 116, 118, 122, 134, 135, 136, 137, 138, 139, 140, 144, 145, 146, 147, 148, 149]","[0, 1, 2, 3, 4, 5, 6, 7, 8, 9, 10, 11, 15, 19, 20, 21, 22, 23, 24, 25, 27, 29, 30, 31, 33, 34, 35, 37, 38, 39, 40, 41, 42, 43, 44, 45, 46, 47, 49, 50, 51, 52, 53, 54, 55, 56, 57, 59, 60, 61, 62, 63, 64, 65, 66, 68, 69, 70, 72, 73, 74, 75, 76, 77, 79, 80, 81, 82, 83, 84, 85, 86, 87, 88, 89, 90, 91, 92, 93, 94, 95, 96, 97, 98, 100, 101, 103, 104, 106, 107, 108, 110, 111, 112, 114, 117, 119, 120, 121, 123, 124, 125, 126, 127, 128, 129, 130, 131, 132, 133, 141, 142, 143]",{},[],0,"[122, 17, 18, 32, 137, 138, 139, 140, 14, 13, 116, 118, 136, 16, 36, 135, 26, 28, 99, 105, 149, 102, 148, 144, 145, 146, 147, 12, 58, 71, 134, 109, 67, 78, 115, 48, 133, 42, 7, 132, 129, 131, 130, 54, 128, 127, 126, 125, 104, 141, 142, 8, 27, 98, 124, 10, 112, 61, 85, 93, 40, 143, 25, 76, 74, 110, 108, 63, 91, 89, 64, 83, 50, 123, 53, 119, 55, 77, 75, 117, 90, 92, 41, 29, 15, 43, 111, 9, 107, 114, 121, 120, 101, 106, 44, 6, 1, 2, 0, 70, 86, 62, 60, 68, 66, 94, 73, 69, 59, 79, 80, 72, 65, 52, 47, 46, 39, 51, 49, 45, 56, 57, 38, 97, 96, 100, 95, 87, 103, 88, 82, 81, 84, 24, 30, 31, 11, 23, 5, 4, 3, 21, 22, 20, 19, 35, 37, 34, 33]",True,26470456205,26.470456205,"[133, 40, 7, 130, 129, 128, 127, 126, 125, 104, 132, 131, 54, 141, 142, 8, 27, 98, 61, 93, 85, 42, 143, 25, 74, 76, 63, 91, 89, 64, 83, 50, 124, 123, 119, 117, 55, 77, 53, 90, 92, 75, 15, 43, 29, 41, 10, 112, 110, 108, 111, 9, 107, 114, 121, 120, 101, 106, 44, 6, 1, 2, 0, 70, 86, 62, 60, 68, 66, 94, 73, 69, 59, 79, 80, 72, 65, 52, 47, 46, 39, 51, 49, 45, 56, 57, 38, 97, 96, 100, 95, 87, 103, 88, 82, 81, 84, 24, 30, 31, 11, 23, 5, 4, 3, 21, 22, 20, 19, 35, 37, 34, 33]","[33, 34, 37, 35, 19, 20, 22, 21, 3, 4, 5, 23, 11, 31, 30, 24, 84, 81, 82, 88, 103, 87, 95, 100, 96, 97, 38, 57, 56, 45, 49, 51, 39, 46, 47, 52, 65, 72, 80, 79, 59, 69, 73, 94, 66, 68, 60, 62, 86, 70, 0, 2, 1, 6, 44, 106, 101, 120, 121, 114, 107, 9, 111, 108, 110, 112, 10, 41, 29, 43, 15, 75, 92, 90, 53, 77, 55, 117, 119, 123, 124, 50, 83, 64, 89, 91, 63, 76, 74, 25, 143, 42, 85, 93, 61, 98, 27, 8, 142, 141, 54, 131, 132, 104, 125, 126, 127, 128, 129, 130, 7, 40, 133]",False,complete,142,142,4921,0,2114,25,2089,2000,803,0,0,lowest_first,True,2,128,27,128,27,27,27,27
4,230471,20,38,111,"[12, 13, 14, 16, 17, 18, 26, 28, 32, 36, 42, 48, 58, 67, 71, 78, 99, 102, 105, 109, 115, 116, 118, 122, 133, 134, 135, 136, 137, 138, 139, 140, 144, 145, 146, 147, 148, 149]","[0, 1, 2, 3, 4, 5, 6, 7, 8, 9, 10, 11, 15, 19, 20, 21, 22, 23, 24, 25, 27, 29, 30, 31, 33, 34, 35, 37, 38, 39, 40, 41, 43, 44, 45, 46, 47, 49, 50, 51, 52, 53, 54, 55, 56, 57, 59, 60, 61, 62, 63, 64, 65, 66, 68, 69, 70, 72, 73, 74, 75, 76, 77, 79, 80, 81, 82, 83, 84, 85, 86, 87, 88, 89, 90, 91, 92, 93, 94, 95, 96, 97, 98, 100, 101, 103, 104, 106, 107, 108, 110, 111, 112, 114, 117, 119, 120, 121, 123, 124, 125, 126, 127, 128, 129, 130, 131, 132, 141, 142, 143]",{},[],0,"[122, 17, 18, 32, 137, 138, 139, 140, 14, 13, 116, 118, 136, 16, 36, 135, 26, 28, 99, 105, 149, 102, 148, 144, 145, 146, 147, 12, 58, 71, 134, 109, 67, 78, 115, 48, 133, 42, 7, 132, 129, 131, 130, 54, 128, 127, 126, 125, 104, 141, 142, 8, 27, 98, 124, 10, 112, 61, 85, 93, 40, 143, 25, 76, 74, 110, 108, 63, 91, 89, 64, 83, 50, 123, 53, 119, 55, 77, 75, 117, 90, 92, 41, 29, 15, 43, 111, 9, 107, 114, 121, 120, 101, 106, 44, 6, 1, 2, 0, 70, 86, 62, 60, 68, 66, 94, 73, 69, 59, 79, 80, 72, 65, 52, 47, 46, 39, 51, 49, 45, 56, 57, 38, 97, 96, 100, 95, 87, 103, 88, 82, 81, 84, 24, 30, 31, 11, 23, 5, 4, 3, 21, 22, 20, 19, 35, 37, 34, 33]",True,25461794036,25.461794036,"[7, 130, 129, 131, 132, 52, 128, 127, 126, 125, 104, 141, 142, 8, 27, 98, 61, 85, 93, 40, 143, 25, 76, 74, 63, 91, 89, 64, 83, 50, 124, 123, 77, 117, 119, 53, 92, 55, 75, 90, 15, 43, 29, 41, 10, 112, 110, 108, 111, 9, 107, 114, 121, 120, 101, 106, 44, 6, 1, 2, 0, 70, 86, 62, 60, 68, 66, 94, 73, 69, 59, 79, 80, 72, 65, 54, 47, 46, 39, 51, 49, 45, 56, 57, 38, 97, 96, 100, 95, 87, 103, 88, 82, 81, 84, 24, 30, 31, 11, 23, 5, 4, 3, 21, 22, 20, 19, 35, 37, 34, 33]","[33, 34, 37, 35, 19, 20, 22, 21, 3, 4, 5, 23, 11, 31, 30, 24, 84, 81, 82, 88, 103, 87, 95, 100, 96, 97, 38, 57, 56, 45, 49, 51, 39, 46, 47, 54, 65, 72, 80, 79, 59, 69, 73, 94, 66, 68, 60, 62, 86, 70, 0, 2, 1, 6, 44, 106, 101, 120, 121, 114, 107, 9, 111, 108, 110, 112, 10, 41, 29, 43, 15, 90, 75, 55, 92, 53, 119, 117, 77, 123, 124, 50, 83, 64, 89, 91, 63, 74, 76, 25, 143, 40, 93, 85, 61, 98, 27, 8, 142, 141, 104, 125, 126, 127, 128, 52, 132, 131, 129, 130, 7]",False,complete,140,140,4743,0,2091,25,2066,2000,803,0,0,lowest_first,True,2,128,27,128,27,27,27,27
4,230472,21,40,109,"[7, 12, 13, 14, 16, 17, 18, 26, 28, 32, 36, 42, 48, 58, 67, 71, 78, 99, 102, 105, 109, 115, 116, 118, 122, 132, 133, 134, 135, 136, 137, 138, 139, 140, 144, 145, 146, 147, 148, 149]","[0, 1, 2, 3, 4, 5, 6, 8, 9, 10, 11, 15, 19, 20, 21, 22, 23, 24, 25, 27, 29, 30, 31, 33, 34, 35, 37, 38, 39, 40, 41, 43, 44, 45, 46, 47, 49, 50, 51, 52, 53, 54, 55, 56, 57, 59, 60, 61, 62, 63, 64, 65, 66, 68, 69, 70, 72, 73, 74, 75, 76, 77, 79, 80, 81, 82, 83, 84, 85, 86, 87, 88, 89, 90, 91, 92, 93, 94, 95, 96, 97, 98, 100, 101, 103, 104, 106, 107, 108, 110, 111, 112, 114, 117, 119, 120, 121, 123, 124, 125, 126, 127, 128, 129, 130, 131, 141, 142, 143]",{},[],0,"[122, 17, 18, 32, 137, 138, 139, 140, 14, 13, 116, 118, 136, 16, 36, 135, 26, 28, 99, 105, 149, 102, 148, 144, 145, 146, 147, 12, 58, 71, 134, 109, 67, 78, 115, 48, 133, 42, 7, 132, 129, 131, 130, 54, 128, 127, 126, 125, 104, 141, 142, 8, 27, 98, 124, 10, 112, 61, 85, 93, 40, 143, 25, 76, 74, 110, 108, 63, 91, 89, 64, 83, 50, 123, 53, 119, 55, 77, 75, 117, 90, 92, 41, 29, 15, 43, 111, 9, 107, 114, 121, 120, 101, 106, 44, 6, 1, 2, 0, 70, 86, 62, 60, 68, 66, 94, 73, 69, 59, 79, 80, 72, 65, 52, 47, 46, 39, 51, 49, 45, 56, 57, 38, 97, 96, 100, 95, 87, 103, 88, 82, 81, 84, 24, 30, 31, 11, 23, 5, 4, 3, 21, 22, 20, 19, 35, 37, 34, 33]",True,25230420115,25.230420115,"[131, 130, 129, 54, 128, 127, 126, 125, 103, 89, 141, 142, 15, 29, 98, 124, 123, 10, 112, 61, 93, 85, 40, 143, 25, 76, 74, 110, 108, 63, 91, 64, 83, 50, 77, 90, 75, 117, 92, 119, 55, 53, 27, 43, 41, 8, 111, 9, 107, 114, 121, 120, 101, 106, 44, 6, 1, 2, 0, 73, 86, 66, 62, 68, 60, 94, 70, 69, 59, 79, 80, 72, 65, 52, 47, 46, 39, 51, 49, 45, 56, 57, 38, 97, 96, 100, 95, 87, 104, 88, 82, 81, 84, 24, 30, 31, 11, 23, 5, 4, 3, 21, 22, 20, 19, 35, 37, 34, 33]","[33, 34, 37, 35, 19, 20, 22, 21, 3, 4, 5, 23, 11, 31, 30, 24, 84, 81, 82, 88, 104, 87, 95, 100, 96, 97, 38, 57, 56, 45, 49, 51, 39, 46, 47, 52, 65, 72, 80, 79, 59, 69, 70, 94, 60, 68, 62, 66, 86, 73, 0, 2, 1, 6, 44, 106, 101, 120, 121, 114, 107, 9, 111, 8, 41, 43, 27, 53, 55, 119, 92, 117, 75, 90, 77, 50, 83, 64, 91, 63, 108, 110, 74, 76, 25, 143, 40, 85, 93, 61, 112, 10, 123, 124, 98, 29, 15, 142, 141, 89, 103, 125, 126, 127, 128, 54, 129, 130, 131]",False,complete,141,141,4319,0,2106,28,2078,2000,826,0,0,lowest_first,True,2,149,27,149,27,27,27,27
4,230473,22,42,107,"[7, 12, 13, 14, 16, 17, 18, 26, 28, 32, 36, 42, 48, 58, 67, 71, 78, 99, 102, 105, 109, 115, 116, 118, 122, 129, 131, 132, 133, 134, 135, 136, 137, 138, 139, 140, 144, 145, 146, 147, 148, 149]","[0, 1, 2, 3, 4, 5, 6, 8, 9, 10, 11, 15, 19, 20, 21, 22, 23, 24, 25, 27, 29, 30, 31, 33, 34, 35, 37, 38, 39, 40, 41, 43, 44, 45, 46, 47, 49, 50, 51, 52, 53, 54, 55, 56, 57, 59, 60, 61, 62, 63, 64, 65, 66, 68, 69, 70, 72, 73, 74, 75, 76, 77, 79, 80, 81, 82, 83, 84, 85, 86, 87, 88, 89, 90, 91, 92, 93, 94, 95, 96, 97, 98, 100, 101, 103, 104, 106, 107, 108, 110, 111, 112, 114, 117, 119, 120, 121, 123, 124, 125, 126, 127, 128, 130, 141, 142, 143]",{},[],0,"[122, 17, 18, 32, 137, 138, 139, 140, 14, 13, 116, 118, 136, 16, 36, 135, 26, 28, 99, 105, 149, 102, 148, 144, 145, 146, 147, 12, 58, 71, 134, 109, 67, 78, 115, 48, 133, 42, 7, 132, 129, 131, 130, 54, 128, 127, 126, 125, 104, 141, 142, 8, 27, 98, 124, 10, 112, 61, 85, 93, 40, 143, 25, 76, 74, 110, 108, 63, 91, 89, 64, 83, 50, 123, 53, 119, 55, 77, 75, 117, 90, 92, 41, 29, 15, 43, 111, 9, 107, 114, 121, 120, 101, 106, 44, 6, 1, 2, 0, 70, 86, 62, 60, 68, 66, 94, 73, 69, 59, 79, 80, 72, 65, 52, 47, 46, 39, 51, 49, 45, 56, 57, 38, 97, 96, 100, 95, 87, 103, 88, 82, 81, 84, 24, 30, 31, 11, 23, 5, 4, 3, 21, 22, 20, 19, 35, 37, 34, 33]",True,25038480870,25.038480870,"[130, 52, 128, 127, 126, 125, 103, 89, 141, 142, 8, 27, 124, 93, 61, 85, 40, 143, 25, 76, 74, 97, 63, 91, 64, 83, 50, 123, 90, 92, 55, 75, 117, 77, 53, 119, 29, 43, 15, 41, 10, 112, 110, 108, 111, 9, 107, 114, 121, 120, 101, 106, 44, 6, 1, 2, 0, 73, 86, 66, 62, 68, 60, 94, 70, 69, 59, 79, 80, 72, 65, 54, 47, 46, 39, 51, 49, 45, 56, 57, 38, 23, 5, 4, 21, 22, 20, 35, 37, 34, 33, 3, 100, 96, 98, 11, 31, 30, 24, 19, 84, 82, 87, 81, 88, 104, 95]","[95, 104, 88, 81, 87, 82, 84, 19, 24, 30, 31, 11, 98, 96, 100, 3, 33, 34, 37, 35, 20, 22, 21, 4, 5, 23, 38, 57, 56, 45, 49, 51, 39, 46, 47, 54, 65, 72, 80, 79, 59, 69, 70, 94, 60, 68, 62, 66, 86, 73, 0, 2, 1, 6, 44, 106, 101, 120, 121, 114, 107, 9, 111, 108, 110, 112, 10, 41, 15, 43, 29, 119, 53, 77, 117, 75, 55, 92, 90, 123, 50, 83, 64, 91, 63, 97, 74, 76, 25, 143, 40, 85, 61, 93, 124, 27, 8, 142, 141, 89, 103, 125, 126, 127, 128, 52, 130]",False,complete,140,140,4470,0,2137,29,2108,2000,888,0,0,lowest_first,True,2,136,27,136,27,27,27,27
4,230474,23,44,105,"[7, 12, 13, 14, 16, 17, 18, 26, 28, 32, 36, 42, 48, 54, 58, 67, 71, 78, 99, 102, 105, 109, 115, 116, 118, 122, 129, 130, 131, 132, 133, 134, 135, 136, 137, 138, 139, 140, 144, 145, 146, 147, 148, 149]","[0, 1, 2, 3, 4, 5, 6, 8, 9, 10, 11, 15, 19, 20, 21, 22, 23, 24, 25, 27, 29, 30, 31, 33, 34, 35, 37, 38, 39, 40, 41, 43, 44, 45, 46, 47, 49, 50, 51, 52, 53, 55, 56, 57, 59, 60, 61, 62, 63, 64, 65, 66, 68, 69, 70, 72, 73, 74, 75, 76, 77, 79, 80, 81, 82, 83, 84, 85, 86, 87, 88, 89, 90, 91, 92, 93, 94, 95, 96, 97, 98, 100, 101, 103, 104, 106, 107, 108, 110, 111, 112, 114, 117, 119, 120, 121, 123, 124, 125, 126, 127, 128, 141, 142, 143]",{},[],0,"[122, 17, 18, 32, 137, 138, 139, 140, 14, 13, 116, 118, 136, 16, 36, 135, 26, 28, 99, 105, 149, 102, 148, 144, 145, 146, 147, 12, 58, 71, 134, 109, 67, 78, 115, 48, 133, 42, 7, 132, 129, 131, 130, 54, 128, 127, 126, 125, 104, 141, 142, 8, 27, 98, 124, 10, 112, 61, 85, 93, 40, 143, 25, 76, 74, 110, 108, 63, 91, 89, 64, 83, 50, 123, 53, 119, 55, 77, 75, 117, 90, 92, 41, 29, 15, 43, 111, 9, 107, 114, 121, 120, 101, 106, 44, 6, 1, 2, 0, 70, 86, 62, 60, 68, 66, 94, 73, 69, 59, 79, 80, 72, 65, 52, 47, 46, 39, 51, 49, 45, 56, 57, 38, 97, 96, 100, 95, 87, 103, 88, 82, 81, 84, 24, 30, 31, 11, 23, 5, 4, 3, 21, 22, 20, 19, 35, 37, 34, 33]",True,24747647395,24.747647395,"[128, 127, 126, 125, 104, 142, 141, 15, 29, 98, 124, 10, 123, 119, 112, 61, 93, 85, 40, 143, 25, 76, 74, 110, 108, 63, 89, 91, 64, 83, 50, 55, 117, 75, 53, 90, 92, 77, 43, 27, 41, 8, 111, 9, 107, 114, 121, 120, 101, 106, 44, 6, 1, 2, 0, 73, 86, 66, 62, 68, 60, 94, 70, 69, 59, 79, 80, 72, 65, 52, 47, 46, 39, 51, 49, 45, 56, 57, 38, 97, 96, 100, 95, 87, 103, 88, 82, 81, 84, 24, 30, 31, 11, 23, 5, 4, 3, 21, 22, 20, 19, 35, 37, 34, 33]","[33, 34, 37, 35, 19, 20, 22, 21, 3, 4, 5, 23, 11, 31, 30, 24, 84, 81, 82, 88, 103, 87, 95, 100, 96, 97, 38, 57, 56, 45, 49, 51, 39, 46, 47, 52, 65, 72, 80, 79, 59, 69, 70, 94, 60, 68, 62, 66, 86, 73, 0, 2, 1, 6, 44, 106, 101, 120, 121, 114, 107, 9, 111, 8, 41, 27, 43, 77, 92, 90, 53, 75, 117, 55, 50, 83, 64, 91, 89, 63, 108, 110, 74, 76, 25, 143, 40, 85, 93, 61, 112, 119, 123, 10, 124, 98, 29, 15, 141, 142, 104, 125, 126, 127, 128]",False,complete,137,137,3949,0,2090,28,2062,2000,826,0,0,lowest_first,True,2,151,27,151,27,27,27,27
4,230475,24,46,103,"[7, 12, 13, 14, 16, 17, 18, 26, 28, 32, 36, 42, 48, 54, 58, 67, 71, 78, 99, 102, 105, 109, 115, 116, 118, 122, 127, 128, 129, 130, 131, 132, 133, 134, 135, 136, 137, 138, 139, 140, 144, 145, 146, 147, 148, 149]","[0, 1, 2, 3, 4, 5, 6, 8, 9, 10, 11, 15, 19, 20, 21, 22, 23, 24, 25, 27, 29, 30, 31, 33, 34, 35, 37, 38, 39, 40, 41, 43, 44, 45, 46, 47, 49, 50, 51, 52, 53, 55, 56, 57, 59, 60, 61, 62, 63, 64, 65, 66, 68, 69, 70, 72, 73, 74, 75, 76, 77, 79, 80, 81, 82, 83, 84, 85, 86, 87, 88, 89, 90, 91, 92, 93, 94, 95, 96, 97, 98, 100, 101, 103, 104, 106, 107, 108, 110, 111, 112, 114, 117, 119, 120, 121, 123, 124, 125, 126, 141, 142, 143]",{},[],0,"[122, 17, 18, 32, 137, 138, 139, 140, 14, 13, 116, 118, 136, 16, 36, 135, 26, 28, 99, 105, 149, 102, 148, 144, 145, 146, 147, 12, 58, 71, 134, 109, 67, 78, 115, 48, 133, 42, 7, 132, 129, 131, 130, 54, 128, 127, 126, 125, 104, 141, 142, 8, 27, 98, 124, 10, 112, 61, 85, 93, 40, 143, 25, 76, 74, 110, 108, 63, 91, 89, 64, 83, 50, 123, 53, 119, 55, 77, 75, 117, 90, 92, 41, 29, 15, 43, 111, 9, 107, 114, 121, 120, 101, 106, 44, 6, 1, 2, 0, 70, 86, 62, 60, 68, 66, 94, 73, 69, 59, 79, 80, 72, 65, 52, 47, 46, 39, 51, 49, 45, 56, 57, 38, 97, 96, 100, 95, 87, 103, 88, 82, 81, 84, 24, 30, 31, 11, 23, 5, 4, 3, 21, 22, 20, 19, 35, 37, 34, 33]",True,23707890840,23.707890840,"[126, 125, 104, 142, 141, 8, 29, 98, 124, 61, 85, 93, 40, 143, 25, 74, 76, 63, 89, 91, 64, 83, 50, 123, 92, 117, 90, 53, 77, 75, 119, 55, 43, 41, 15, 27, 10, 112, 110, 108, 111, 9, 107, 114, 121, 120, 101, 106, 44, 6, 1, 2, 0, 70, 86, 62, 60, 68, 66, 94, 73, 69, 59, 79, 80, 72, 65, 52, 47, 46, 39, 51, 49, 45, 56, 57, 38, 97, 96, 100, 95, 87, 103, 88, 82, 81, 84, 24, 30, 31, 11, 23, 5, 4, 3, 21, 22, 20, 19, 35, 37, 34, 33]","[33, 34, 37, 35, 19, 20, 22, 21, 3, 4, 5, 23, 11, 31, 30, 24, 84, 81, 82, 88, 103, 87, 95, 100, 96, 97, 38, 57, 56, 45, 49, 51, 39, 46, 47, 52, 65, 72, 80, 79, 59, 69, 73, 94, 66, 68, 60, 62, 86, 70, 0, 2, 1, 6, 44, 106, 101, 120, 121, 114, 107, 9, 111, 108, 110, 112, 10, 27, 15, 41, 43, 55, 119, 75, 77, 53, 90, 117, 92, 123, 50, 83, 64, 91, 89, 63, 76, 74, 25, 143, 40, 93, 85, 61, 124, 98, 29, 8, 141, 142, 104, 125, 126]",False,complete,132,132,4074,0,2012,25,1987,2000,803,0,0,lowest_first,True,2,127,27,127,27,27,27,27
4,230476,25,48,101,"[7, 12, 13, 14, 16, 17, 18, 26, 28, 32, 36, 42, 48, 54, 58, 67, 71, 78, 99, 102, 105, 109, 115, 116, 118, 122, 125, 126, 127, 128, 129, 130, 131, 132, 133, 134, 135, 136, 137, 138, 139, 140, 144, 145, 146, 147, 148, 149]","[0, 1, 2, 3, 4, 5, 6, 8, 9, 10, 11, 15, 19, 20, 21, 22, 23, 24, 25, 27, 29, 30, 31, 33, 34, 35, 37, 38, 39, 40, 41, 43, 44, 45, 46, 47, 49, 50, 51, 52, 53, 55, 56, 57, 59, 60, 61, 62, 63, 64, 65, 66, 68, 69, 70, 72, 73, 74, 75, 76, 77, 79, 80, 81, 82, 83, 84, 85, 86, 87, 88, 89, 90, 91, 92, 93, 94, 95, 96, 97, 98, 100, 101, 103, 104, 106, 107, 108, 110, 111, 112, 114, 117, 119, 120, 121, 123, 124, 141, 142, 143]",{},[],0,"[122, 17, 18, 32, 137, 138, 139, 140, 14, 13, 116, 118, 136, 16, 36, 135, 26, 28, 99, 105, 149, 102, 148, 144, 145, 146, 147, 12, 58, 71, 134, 109, 67, 78, 115, 48, 133, 42, 7, 132, 129, 131, 130, 54, 128, 127, 126, 125, 104, 141, 142, 8, 27, 98, 124, 10, 112, 61, 85, 93, 40, 143, 25, 76, 74, 110, 108, 63, 91, 89, 64, 83, 50, 123, 53, 119, 55, 77, 75, 117, 90, 92, 41, 29, 15, 43, 111, 9, 107, 114, 121, 120, 101, 106, 44, 6, 1, 2, 0, 70, 86, 62, 60, 68, 66, 94, 73, 69, 59, 79, 80, 72, 65, 52, 47, 46, 39, 51, 49, 45, 56, 57, 38, 97, 96, 100, 95, 87, 103, 88, 82, 81, 84, 24, 30, 31, 11, 23, 5, 4, 3, 21, 22, 20, 19, 35, 37, 34, 33]",True,21543059175,21.543059175,"[103, 91, 141, 142, 15, 29, 98, 124, 123, 10, 112, 61, 85, 93, 40, 143, 25, 76, 74, 110, 108, 63, 89, 64, 83, 50, 77, 90, 119, 55, 117, 53, 75, 92, 8, 27, 43, 41, 111, 9, 107, 114, 121, 120, 101, 106, 44, 6, 1, 2, 0, 70, 86, 62, 60, 68, 66, 94, 73, 69, 59, 79, 80, 72, 65, 52, 47, 46, 39, 51, 49, 45, 56, 57, 38, 97, 96, 100, 95, 87, 104, 88, 82, 81, 84, 24, 30, 31, 11, 23, 5, 4, 3, 21, 22, 20, 19, 35, 37, 34, 33]","[33, 34, 37, 35, 19, 20, 22, 21, 3, 4, 5, 23, 11, 31, 30, 24, 84, 81, 82, 88, 104, 87, 95, 100, 96, 97, 38, 57, 56, 45, 49, 51, 39, 46, 47, 52, 65, 72, 80, 79, 59, 69, 73, 94, 66, 68, 60, 62, 86, 70, 0, 2, 1, 6, 44, 106, 101, 120, 121, 114, 107, 9, 111, 41, 43, 27, 8, 92, 75, 53, 117, 55, 119, 90, 77, 50, 83, 64, 89, 63, 108, 110, 74, 76, 25, 143, 40, 93, 85, 61, 112, 10, 123, 124, 98, 29, 15, 142, 141, 91, 103]",False,complete,130,130,3575,0,1902,25,1877,2000,746,0,0,lowest_first,True,2,149,27,149,27,27,27,27
4,230477,26,50,99,"[7, 12, 13, 14, 16, 17, 18, 26, 28, 32, 36, 42, 48, 54, 58, 67, 71, 78, 99, 102, 104, 105, 109, 115, 116, 118, 122, 125, 126, 127, 128, 129, 130, 131, 132, 133, 134, 135, 136, 137, 138, 139, 140, 141, 144, 145, 146, 147, 148, 149]","[0, 1, 2, 3, 4, 5, 6, 8, 9, 10, 11, 15, 19, 20, 21, 22, 23, 24, 25, 27, 29, 30, 31, 33, 34, 35, 37, 38, 39, 40, 41, 43, 44, 45, 46, 47, 49, 50, 51, 52, 53, 55, 56, 57, 59, 60, 61, 62, 63, 64, 65, 66, 68, 69, 70, 72, 73, 74, 75, 76, 77, 79, 80, 81, 82, 83, 84, 85, 86, 87, 88, 89, 90, 91, 92, 93, 94, 95, 96, 97, 98, 100, 101, 103, 106, 107, 108, 110, 111, 112, 114, 117, 119, 120, 121, 123, 124, 142, 143]",{},[],0,"[122, 17, 18, 32, 137, 138, 139, 140, 14, 13, 116, 118, 136, 16, 36, 135, 26, 28, 99, 105, 149, 102, 148, 144, 145, 146, 147, 12, 58, 71, 134, 109, 67, 78, 115, 48, 133, 42, 7, 132, 129, 131, 130, 54, 128, 127, 126, 125, 104, 141, 142, 8, 27, 98, 124, 10, 112, 61, 85, 93, 40, 143, 25, 76, 74, 110, 108, 63, 91, 89, 64, 83, 50, 123, 53, 119, 55, 77, 75, 117, 90, 92, 41, 29, 15, 43, 111, 9, 107, 114, 121, 120, 101, 106, 44, 6, 1, 2, 0, 70, 86, 62, 60, 68, 66, 94, 73, 69, 59, 79, 80, 72, 65, 52, 47, 46, 39, 51, 49, 45, 56, 57, 38, 97, 96, 100, 95, 87, 103, 88, 82, 81, 84, 24, 30, 31, 11, 23, 5, 4, 3, 21, 22, 20, 19, 35, 37, 34, 33]",True,20040585752,20.040585752,"[142, 8, 27, 98, 124, 10, 112, 61, 93, 85, 40, 143, 25, 74, 76, 110, 108, 63, 91, 89, 64, 83, 50, 123, 117, 119, 53, 55, 75, 77, 92, 90, 41, 15, 29, 43, 111, 9, 107, 114, 121, 120, 101, 106, 44, 6, 1, 2, 0, 73, 86, 66, 62, 68, 60, 94, 70, 69, 59, 79, 80, 72, 65, 52, 47, 46, 39, 51, 49, 45, 56, 57, 38, 97, 96, 100, 95, 87, 103, 88, 82, 81, 84, 24, 30, 31, 11, 23, 5, 4, 3, 21, 22, 20, 19, 35, 37, 34, 33]","[33, 34, 37, 35, 19, 20, 22, 21, 3, 4, 5, 23, 11, 31, 30, 24, 84, 81, 82, 88, 103, 87, 95, 100, 96, 97, 38, 57, 56, 45, 49, 51, 39, 46, 47, 52, 65, 72, 80, 79, 59, 69, 70, 94, 60, 68, 62, 66, 86, 73, 0, 2, 1, 6, 44, 106, 101, 120, 121, 114, 107, 9, 111, 43, 29, 15, 41, 90, 92, 77, 75, 55, 53, 119, 117, 123, 50, 83, 64, 89, 91, 63, 108, 110, 76, 74, 25, 143, 40, 85, 93, 61, 112, 10, 124, 98, 27, 8, 142]",False,complete,131,131,3437,0,1874,28,1846,2000,826,0,0,lowest_first,True,2,153,27,153,27,27,27,27
4,230478,27,52,97,"[7, 8, 12, 13, 14, 16, 17, 18, 26, 28, 32, 36, 42, 48, 54, 58, 67, 71, 78, 99, 102, 104, 105, 109, 115, 116, 118, 122, 125, 126, 127, 128, 129, 130, 131, 132, 133, 134, 135, 136, 137, 138, 139, 140, 141, 142, 144, 145, 146, 147, 148, 149]","[0, 1, 2, 3, 4, 5, 6, 9, 10, 11, 15, 19, 20, 21, 22, 23, 24, 25, 27, 29, 30, 31, 33, 34, 35, 37, 38, 39, 40, 41, 43, 44, 45, 46, 47, 49, 50, 51, 52, 53, 55, 56, 57, 59, 60, 61, 62, 63, 64, 65, 66, 68, 69, 70, 72, 73, 74, 75, 76, 77, 79, 80, 81, 82, 83, 84, 85, 86, 87, 88, 89, 90, 91, 92, 93, 94, 95, 96, 97, 98, 100, 101, 103, 106, 107, 108, 110, 111, 112, 114, 117, 119, 120, 121, 123, 124, 143]",{},[],0,"[122, 17, 18, 32, 137, 138, 139, 140, 14, 13, 116, 118, 136, 16, 36, 135, 26, 28, 99, 105, 149, 102, 148, 144, 145, 146, 147, 12, 58, 71, 134, 109, 67, 78, 115, 48, 133, 42, 7, 132, 129, 131, 130, 54, 128, 127, 126, 125, 104, 141, 142, 8, 27, 98, 124, 10, 112, 61, 85, 93, 40, 143, 25, 76, 74, 110, 108, 63, 91, 89, 64, 83, 50, 123, 53, 119, 55, 77, 75, 117, 90, 92, 41, 29, 15, 43, 111, 9, 107, 114, 121, 120, 101, 106, 44, 6, 1, 2, 0, 70, 86, 62, 60, 68, 66, 94, 73, 69, 59, 79, 80, 72, 65, 52, 47, 46, 39, 51, 49, 45, 56, 57, 38, 97, 96, 100, 95, 87, 103, 88, 82, 81, 84, 24, 30, 31, 11, 23, 5, 4, 3, 21, 22, 20, 19, 35, 37, 34, 33]",True,17875805138,17.875805138,"[27, 98, 124, 10, 112, 61, 85, 93, 40, 143, 25, 76, 74, 110, 108, 63, 91, 89, 64, 83, 50, 123, 75, 90, 55, 92, 117, 77, 119, 53, 41, 15, 29, 43, 111, 9, 107, 114, 121, 120, 101, 106, 44, 6, 1, 2, 0, 73, 86, 66, 62, 68, 60, 94, 70, 69, 59, 79, 80, 72, 65, 52, 47, 46, 39, 51, 49, 45, 56, 57, 38, 97, 96, 100, 95, 87, 103, 88, 82, 81, 84, 24, 30, 31, 11, 23, 5, 4, 3, 21, 22, 20, 19, 35, 37, 34, 33]","[33, 34, 37, 35, 19, 20, 22, 21, 3, 4, 5, 23, 11, 31, 30, 24, 84, 81, 82, 88, 103, 87, 95, 100, 96, 97, 38, 57, 56, 45, 49, 51, 39, 46, 47, 52, 65, 72, 80, 79, 59, 69, 70, 94, 60, 68, 62, 66, 86, 73, 0, 2, 1, 6, 44, 106, 101, 120, 121, 114, 107, 9, 111, 43, 29, 15, 41, 53, 119, 77, 117, 92, 55, 90, 75, 123, 50, 83, 64, 89, 91, 63, 108, 110, 74, 76, 25, 143, 40, 93, 85, 61, 112, 10, 124, 98, 27]",False,complete,129,129,3288,0,1777,28,1749,2000,826,0,0,lowest_first,True,2,153,27,153,27,27,27,27
4,230479,28,54,95,"[7, 8, 12, 13, 14, 16, 17, 18, 26, 27, 28, 32, 36, 42, 48, 54, 58, 67, 71, 78, 98, 99, 102, 104, 105, 109, 115, 116, 118, 122, 125, 126, 127, 128, 129, 130, 131, 132, 133, 134, 135, 136, 137, 138, 139, 140, 141, 142, 144, 145, 146, 147, 148, 149]","[0, 1, 2, 3, 4, 5, 6, 9, 10, 11, 15, 19, 20, 21, 22, 23, 24, 25, 29, 30, 31, 33, 34, 35, 37, 38, 39, 40, 41, 43, 44, 45, 46, 47, 49, 50, 51, 52, 53, 55, 56, 57, 59, 60, 61, 62, 63, 64, 65, 66, 68, 69, 70, 72, 73, 74, 75, 76, 77, 79, 80, 81, 82, 83, 84, 85, 86, 87, 88, 89, 90, 91, 92, 93, 94, 95, 96, 97, 100, 101, 103, 106, 107, 108, 110, 111, 112, 114, 117, 119, 120, 121, 123, 124, 143]",{},[],0,"[122, 17, 18, 32, 137, 138, 139, 140, 14, 13, 116, 118, 136, 16, 36, 135, 26, 28, 99, 105, 149, 102, 148, 144, 145, 146, 147, 12, 58, 71, 134, 109, 67, 78, 115, 48, 133, 42, 7, 132, 129, 131, 130, 54, 128, 127, 126, 125, 104, 141, 142, 8, 27, 98, 124, 10, 112, 61, 85, 93, 40, 143, 25, 76, 74, 110, 108, 63, 91, 89, 64, 83, 50, 123, 53, 119, 55, 77, 75, 117, 90, 92, 41, 29, 15, 43, 111, 9, 107, 114, 121, 120, 101, 106, 44, 6, 1, 2, 0, 70, 86, 62, 60, 68, 66, 94, 73, 69, 59, 79, 80, 72, 65, 52, 47, 46, 39, 51, 49, 45, 56, 57, 38, 97, 96, 100, 95, 87, 103, 88, 82, 81, 84, 24, 30, 31, 11, 23, 5, 4, 3, 21, 22, 20, 19, 35, 37, 34, 33]",True,16399972791,16.399972791,"[124, 10, 112, 61, 85, 93, 40, 143, 25, 74, 76, 110, 108, 63, 91, 89, 64, 83, 50, 123, 92, 90, 119, 55, 75, 53, 77, 117, 41, 29, 15, 43, 111, 9, 107, 114, 121, 120, 101, 106, 44, 6, 1, 2, 0, 73, 86, 66, 62, 68, 60, 94, 70, 69, 59, 79, 80, 72, 65, 52, 47, 46, 39, 51, 49, 45, 56, 57, 38, 97, 96, 100, 95, 87, 103, 88, 82, 81, 84, 24, 30, 31, 11, 23, 5, 4, 3, 21, 22, 20, 19, 35, 37, 34, 33]","[33, 34, 37, 35, 19, 20, 22, 21, 3, 4, 5, 23, 11, 31, 30, 24, 84, 81, 82, 88, 103, 87, 95, 100, 96, 97, 38, 57, 56, 45, 49, 51, 39, 46, 47, 52, 65, 72, 80, 79, 59, 69, 70, 94, 60, 68, 62, 66, 86, 73, 0, 2, 1, 6, 44, 106, 101, 120, 121, 114, 107, 9, 111, 43, 15, 29, 41, 117, 77, 53, 75, 55, 119, 90, 92, 123, 50, 83, 64, 89, 91, 63, 108, 110, 76, 74, 25, 143, 40, 93, 85, 61, 112, 10, 124]",False,complete,127,127,3140,0,1696,28,1668,2000,826,0,0,lowest_first,True,2,153,27,153,27,27,27,27
4,230480,29,56,93,"[7, 8, 10, 12, 13, 14, 16, 17, 18, 26, 27, 28, 32, 36, 42, 48, 54, 58, 67, 71, 78, 98, 99, 102, 104, 105, 109, 115, 116, 118, 122, 124, 125, 126, 127, 128, 129, 130, 131, 132, 133, 134, 135, 136, 137, 138, 139, 140, 141, 142, 144, 145, 146, 147, 148, 149]","[0, 1, 2, 3, 4, 5, 6, 9, 11, 15, 19, 20, 21, 22, 23, 24, 25, 29, 30, 31, 33, 34, 35, 37, 38, 39, 40, 41, 43, 44, 45, 46, 47, 49, 50, 51, 52, 53, 55, 56, 57, 59, 60, 61, 62, 63, 64, 65, 66, 68, 69, 70, 72, 73, 74, 75, 76, 77, 79, 80, 81, 82, 83, 84, 85, 86, 87, 88, 89, 90, 91, 92, 93, 94, 95, 96, 97, 100, 101, 103, 106, 107, 108, 110, 111, 112, 114, 117, 119, 120, 121, 123, 143]","{""support_1"": 111}",[111],1,"[122, 17, 18, 32, 137, 138, 139, 140, 14, 13, 116, 118, 136, 16, 36, 135, 26, 28, 99, 105, 149, 102, 148, 144, 145, 146, 147, 12, 58, 71, 134, 109, 67, 78, 115, 48, 133, 42, 7, 132, 129, 131, 130, 54, 128, 127, 126, 125, 104, 141, 142, 8, 27, 98, 124, 10, 112, 61, 85, 93, 40, 143, 25, 76, 74, 110, 108, 63, 91, 89, 64, 83, 50, 123, 53, 119, 55, 77, 75, 117, 90, 92, 41, 29, 15, 43, 111, 9, 107, 114, 121, 120, 101, 106, 44, 6, 1, 2, 0, 70, 86, 62, 60, 68, 66, 94, 73, 69, 59, 79, 80, 72, 65, 52, 47, 46, 39, 51, 49, 45, 56, 57, 38, 97, 96, 100, 95, 87, 103, 88, 82, 81, 84, 24, 30, 31, 11, 23, 5, 4, 3, 21, 22, 20, 19, 35, 37, 34, 33]",True,14619995241,14.619995241,"[112, 61, 93, 85, 40, 143, 25, 76, 74, 110, 108, 63, 91, 89, 64, 83, 50, 123, 119, 90, 117, 77, 92, 75, 53, 55, 43, 29, 41, 15, 111, 9, 107, 114, 121, 120, 101, 106, 44, 6, 1, 2, 0, 73, 86, 66, 62, 68, 60, 94, 70, 69, 59, 79, 80, 72, 65, 52, 47, 46, 39, 51, 49, 45, 56, 57, 38, 97, 96, 100, 95, 87, 103, 88, 82, 81, 84, 24, 30, 31, 11, 23, 5, 4, 3, 21, 22, 20, 19, 35, 37, 34, 33]","[33, 34, 37, 35, 19, 20, 22, 21, 3, 4, 5, 23, 11, 31, 30, 24, 84, 81, 82, 88, 103, 87, 95, 100, 96, 97, 38, 57, 56, 45, 49, 51, 39, 46, 47, 52, 65, 72, 80, 79, 59, 69, 70, 94, 60, 68, 62, 66, 86, 73, 0, 2, 1, 6, 44, 106, 101, 120, 121, 114, 107, 9, 111, 15, 41, 29, 43, 55, 53, 75, 92, 77, 117, 90, 119, 123, 50, 83, 64, 89, 91, 63, 108, 110, 74, 76, 25, 143, 40, 85, 93, 61, 112]",False,complete,125,125,2999,0,1610,28,1582,2000,825,0,0,lowest_first,True,2,152,26,152,27,27,26,27
4,230481,30,58,91,"[7, 8, 10, 12, 13, 14, 16, 17, 18, 26, 27, 28, 32, 36, 42, 48, 54, 58, 61, 67, 71, 78, 98, 99, 102, 104, 105, 109, 112, 115, 116, 118, 122, 124, 125, 126, 127, 128, 129, 130, 131, 132, 133, 134, 135, 136, 137, 138, 139, 140, 141, 142, 144, 145, 146, 147, 148, 149]","[0, 1, 2, 3, 4, 5, 6, 9, 11, 15, 19, 20, 21, 22, 23, 24, 25, 29, 30, 31, 33, 34, 35, 37, 38, 39, 40, 41, 43, 44, 45, 46, 47, 49, 50, 51, 52, 53, 55, 56, 57, 59, 60, 62, 63, 64, 65, 66, 68, 69, 70, 72, 73, 74, 75, 76, 77, 79, 80, 81, 82, 83, 84, 85, 86, 87, 88, 89, 90, 91, 92, 93, 94, 95, 96, 97, 100, 101, 103, 106, 107, 108, 110, 111, 114, 117, 119, 120, 121, 123, 143]","{""support_1"": 111, ""support_2"": 106}","[106, 111]",2,"[122, 17, 18, 32, 137, 138, 139, 140, 14, 13, 116, 118, 136, 16, 36, 135, 26, 28, 99, 105, 149, 102, 148, 144, 145, 146, 147, 12, 58, 71, 134, 109, 67, 78, 115, 48, 133, 42, 7, 132, 129, 131, 130, 54, 128, 127, 126, 125, 104, 141, 142, 8, 27, 98, 124, 10, 112, 61, 85, 93, 40, 143, 25, 76, 74, 110, 108, 63, 91, 89, 64, 83, 50, 123, 53, 119, 55, 77, 75, 117, 90, 92, 41, 29, 15, 43, 111, 9, 107, 114, 121, 120, 101, 106, 44, 6, 1, 2, 0, 70, 86, 62, 60, 68, 66, 94, 73, 69, 59, 79, 80, 72, 65, 52, 47, 46, 39, 51, 49, 45, 56, 57, 38, 97, 96, 100, 95, 87, 103, 88, 82, 81, 84, 24, 30, 31, 11, 23, 5, 4, 3, 21, 22, 20, 19, 35, 37, 34, 33]",True,13540978396,13.540978396,"[93, 85, 40, 143, 25, 74, 76, 110, 108, 63, 91, 89, 64, 83, 50, 123, 119, 117, 92, 90, 77, 55, 53, 75, 43, 41, 29, 15, 111, 9, 107, 114, 121, 120, 101, 106, 44, 6, 1, 2, 0, 73, 86, 66, 62, 68, 60, 94, 70, 69, 59, 79, 80, 72, 65, 52, 47, 46, 39, 51, 49, 45, 56, 57, 38, 97, 96, 100, 95, 87, 103, 88, 82, 81, 84, 24, 30, 31, 11, 23, 5, 4, 3, 21, 22, 20, 19, 35, 37, 34, 33]","[33, 34, 37, 35, 19, 20, 22, 21, 3, 4, 5, 23, 11, 31, 30, 24, 84, 81, 82, 88, 103, 87, 95, 100, 96, 97, 38, 57, 56, 45, 49, 51, 39, 46, 47, 52, 65, 72, 80, 79, 59, 69, 70, 94, 60, 68, 62, 66, 86, 73, 0, 2, 1, 6, 44, 106, 101, 120, 121, 114, 107, 9, 111, 15, 29, 41, 43, 75, 53, 55, 77, 90, 92, 117, 119, 123, 50, 83, 64, 89, 91, 63, 108, 110, 76, 74, 25, 143, 40, 85, 93]",False,complete,123,123,2880,0,1554,28,1526,2000,814,0,0,lowest_first,True,2,148,25,148,27,27,25,27
4,230482,31,60,89,"[7, 8, 10, 12, 13, 14, 16, 17, 18, 26, 27, 28, 32, 36, 42, 48, 54, 58, 61, 67, 71, 78, 85, 93, 98, 99, 102, 104, 105, 109, 112, 115, 116, 118, 122, 124, 125, 126, 127, 128, 129, 130, 131, 132, 133, 134, 135, 136, 137, 138, 139, 140, 141, 142, 144, 145, 146, 147, 148, 149]","[0, 1, 2, 3, 4, 5, 6, 9, 11, 15, 19, 20, 21, 22, 23, 24, 25, 29, 30, 31, 33, 34, 35, 37, 38, 39, 40, 41, 43, 44, 45, 46, 47, 49, 50, 51, 52, 53, 55, 56, 57, 59, 60, 62, 63, 64, 65, 66, 68, 69, 70, 72, 73, 74, 75, 76, 77, 79, 80, 81, 82, 83, 84, 86, 87, 88, 89, 90, 91, 92, 94, 95, 96, 97, 100, 101, 103, 106, 107, 108, 110, 111, 114, 117, 119, 120, 121, 123, 143]","{""support_1"": 111, ""support_2"": 106}","[106, 111]",2,"[122, 17, 18, 32, 137, 138, 139, 140, 14, 13, 116, 118, 136, 16, 36, 135, 26, 28, 99, 105, 149, 102, 148, 144, 145, 146, 147, 12, 58, 71, 134, 109, 67, 78, 115, 48, 133, 42, 7, 132, 129, 131, 130, 54, 128, 127, 126, 125, 104, 141, 142, 8, 27, 98, 124, 10, 112, 61, 85, 93, 40, 143, 25, 76, 74, 110, 108, 63, 91, 89, 64, 83, 50, 123, 53, 119, 55, 77, 75, 117, 90, 92, 41, 29, 15, 43, 111, 9, 107, 114, 121, 120, 101, 106, 44, 6, 1, 2, 0, 70, 86, 62, 60, 68, 66, 94, 73, 69, 59, 79, 80, 72, 65, 52, 47, 46, 39, 51, 49, 45, 56, 57, 38, 97, 96, 100, 95, 87, 103, 88, 82, 81, 84, 24, 30, 31, 11, 23, 5, 4, 3, 21, 22, 20, 19, 35, 37, 34, 33]",True,13585302913,13.585302913,"[40, 143, 25, 76, 74, 110, 108, 63, 89, 91, 64, 83, 50, 123, 92, 119, 117, 53, 77, 90, 55, 75, 29, 43, 15, 41, 111, 9, 107, 114, 121, 120, 101, 106, 44, 6, 1, 2, 0, 73, 86, 66, 62, 68, 60, 94, 70, 69, 59, 79, 80, 72, 65, 52, 47, 46, 39, 51, 49, 45, 56, 57, 38, 97, 96, 100, 95, 87, 103, 88, 82, 81, 84, 24, 30, 31, 11, 23, 5, 4, 3, 21, 22, 20, 19, 35, 37, 34, 33]","[33, 34, 37, 35, 19, 20, 22, 21, 3, 4, 5, 23, 11, 31, 30, 24, 84, 81, 82, 88, 103, 87, 95, 100, 96, 97, 38, 57, 56, 45, 49, 51, 39, 46, 47, 52, 65, 72, 80, 79, 59, 69, 70, 94, 60, 68, 62, 66, 86, 73, 0, 2, 1, 6, 44, 106, 101, 120, 121, 114, 107, 9, 111, 41, 15, 43, 29, 75, 55, 90, 77, 53, 117, 119, 92, 123, 50, 83, 64, 91, 89, 63, 108, 110, 74, 76, 25, 143, 40]",False,complete,121,121,2776,0,1547,28,1519,2000,814,0,0,lowest_first,True,2,144,25,144,27,27,25,27
4,230483,32,62,87,"[7, 8, 10, 12, 13, 14, 16, 17, 18, 26, 27, 28, 32, 36, 40, 42, 48, 54, 58, 61, 67, 71, 78, 85, 93, 98, 99, 102, 104, 105, 109, 112, 115, 116, 118, 122, 124, 125, 126, 127, 128, 129, 130, 131, 132, 133, 134, 135, 136, 137, 138, 139, 140, 141, 142, 143, 144, 145, 146, 147, 148, 149]","[0, 1, 2, 3, 4, 5, 6, 9, 11, 15, 19, 20, 21, 22, 23, 24, 25, 29, 30, 31, 33, 34, 35, 37, 38, 39, 41, 43, 44, 45, 46, 47, 49, 50, 51, 52, 53, 55, 56, 57, 59, 60, 62, 63, 64, 65, 66, 68, 69, 70, 72, 73, 74, 75, 76, 77, 79, 80, 81, 82, 83, 84, 86, 87, 88, 89, 90, 91, 92, 94, 95, 96, 97, 100, 101, 103, 106, 107, 108, 110, 111, 114, 117, 119, 120, 121, 123]","{""support_1"": 111, ""support_2"": 106}","[106, 111]",2,"[122, 17, 18, 32, 137, 138, 139, 140, 14, 13, 116, 118, 136, 16, 36, 135, 26, 28, 99, 105, 149, 102, 148, 144, 145, 146, 147, 12, 58, 71, 134, 109, 67, 78, 115, 48, 133, 42, 7, 132, 129, 131, 130, 54, 128, 127, 126, 125, 104, 141, 142, 8, 27, 98, 124, 10, 112, 61, 85, 93, 40, 143, 25, 76, 74, 110, 108, 63, 91, 89, 64, 83, 50, 123, 53, 119, 55, 77, 75, 117, 90, 92, 41, 29, 15, 43, 111, 9, 107, 114, 121, 120, 101, 106, 44, 6, 1, 2, 0, 70, 86, 62, 60, 68, 66, 94, 73, 69, 59, 79, 80, 72, 65, 52, 47, 46, 39, 51, 49, 45, 56, 57, 38, 97, 96, 100, 95, 87, 103, 88, 82, 81, 84, 24, 30, 31, 11, 23, 5, 4, 3, 21, 22, 20, 19, 35, 37, 34, 33]",True,13190343132,13.190343132,"[25, 74, 76, 110, 108, 63, 89, 91, 64, 83, 50, 123, 119, 55, 117, 75, 53, 90, 92, 77, 15, 43, 29, 41, 111, 9, 107, 114, 121, 120, 101, 106, 44, 6, 1, 2, 0, 73, 86, 66, 62, 68, 60, 94, 70, 69, 59, 79, 80, 72, 65, 52, 47, 46, 39, 51, 49, 45, 56, 57, 38, 97, 96, 100, 95, 87, 103, 88, 82, 81, 84, 24, 30, 31, 11, 23, 5, 4, 3, 21, 22, 20, 19, 35, 37, 34, 33]","[33, 34, 37, 35, 19, 20, 22, 21, 3, 4, 5, 23, 11, 31, 30, 24, 84, 81, 82, 88, 103, 87, 95, 100, 96, 97, 38, 57, 56, 45, 49, 51, 39, 46, 47, 52, 65, 72, 80, 79, 59, 69, 70, 94, 60, 68, 62, 66, 86, 73, 0, 2, 1, 6, 44, 106, 101, 120, 121, 114, 107, 9, 111, 41, 29, 43, 15, 77, 92, 90, 53, 75, 117, 55, 119, 123, 50, 83, 64, 91, 89, 63, 108, 110, 76, 74, 25]",False,complete,119,119,2678,0,1539,28,1511,2000,814,0,0,lowest_first,True,2,140,25,140,27,27,25,27
4,230484,33,64,85,"[7, 8, 10, 12, 13, 14, 16, 17, 18, 25, 26, 27, 28, 32, 36, 40, 42, 48, 54, 58, 61, 67, 71, 76, 78, 85, 93, 98, 99, 102, 104, 105, 109, 112, 115, 116, 118, 122, 124, 125, 126, 127, 128, 129, 130, 131, 132, 133, 134, 135, 136, 137, 138, 139, 140, 141, 142, 143, 144, 145, 146, 147, 148, 149]","[0, 1, 2, 3, 4, 5, 6, 9, 11, 15, 19, 20, 21, 22, 23, 24, 29, 30, 31, 33, 34, 35, 37, 38, 39, 41, 43, 44, 45, 46, 47, 49, 50, 51, 52, 53, 55, 56, 57, 59, 60, 62, 63, 64, 65, 66, 68, 69, 70, 72, 73, 74, 75, 77, 79, 80, 81, 82, 83, 84, 86, 87, 88, 89, 90, 91, 92, 94, 95, 96, 97, 100, 101, 103, 106, 107, 108, 110, 111, 114, 117, 119, 120, 121, 123]","{""support_1"": 111, ""support_2"": 106}","[106, 111]",2,"[122, 17, 18, 32, 137, 138, 139, 140, 14, 13, 116, 118, 136, 16, 36, 135, 26, 28, 99, 105, 149, 102, 148, 144, 145, 146, 147, 12, 58, 71, 134, 109, 67, 78, 115, 48, 133, 42, 7, 132, 129, 131, 130, 54, 128, 127, 126, 125, 104, 141, 142, 8, 27, 98, 124, 10, 112, 61, 85, 93, 40, 143, 25, 76, 74, 110, 108, 63, 91, 89, 64, 83, 50, 123, 53, 119, 55, 77, 75, 117, 90, 92, 41, 29, 15, 43, 111, 9, 107, 114, 121, 120, 101, 106, 44, 6, 1, 2, 0, 70, 86, 62, 60, 68, 66, 94, 73, 69, 59, 79, 80, 72, 65, 52, 47, 46, 39, 51, 49, 45, 56, 57, 38, 97, 96, 100, 95, 87, 103, 88, 82, 81, 84, 24, 30, 31, 11, 23, 5, 4, 3, 21, 22, 20, 19, 35, 37, 34, 33]",True,12722139071,12.722139071,"[74, 110, 108, 63, 91, 89, 64, 83, 50, 123, 77, 53, 55, 117, 90, 75, 119, 92, 29, 41, 15, 43, 111, 9, 107, 114, 121, 120, 101, 106, 44, 6, 1, 2, 0, 70, 86, 62, 60, 68, 66, 94, 73, 69, 59, 79, 80, 72, 65, 52, 47, 46, 39, 51, 49, 45, 56, 57, 38, 97, 96, 100, 95, 87, 103, 88, 82, 81, 84, 24, 30, 31, 11, 23, 5, 4, 3, 21, 22, 20, 19, 35, 37, 34, 33]","[33, 34, 37, 35, 19, 20, 22, 21, 3, 4, 5, 23, 11, 31, 30, 24, 84, 81, 82, 88, 103, 87, 95, 100, 96, 97, 38, 57, 56, 45, 49, 51, 39, 46, 47, 52, 65, 72, 80, 79, 59, 69, 73, 94, 66, 68, 60, 62, 86, 70, 0, 2, 1, 6, 44, 106, 101, 120, 121, 114, 107, 9, 111, 43, 15, 41, 29, 92, 119, 75, 90, 117, 55, 53, 77, 123, 50, 83, 64, 89, 91, 63, 108, 110, 74]",False,complete,114,114,2516,0,1464,25,1439,2000,734,0,0,lowest_first,True,2,136,25,136,27,27,25,27
4,230485,34,66,83,"[7, 8, 10, 12, 13, 14, 16, 17, 18, 25, 26, 27, 28, 32, 36, 40, 42, 48, 54, 58, 61, 67, 71, 74, 76, 78, 85, 93, 98, 99, 102, 104, 105, 109, 110, 112, 115, 116, 118, 122, 124, 125, 126, 127, 128, 129, 130, 131, 132, 133, 134, 135, 136, 137, 138, 139, 140, 141, 142, 143, 144, 145, 146, 147, 148, 149]","[0, 1, 2, 3, 4, 5, 6, 9, 11, 15, 19, 20, 21, 22, 23, 24, 29, 30, 31, 33, 34, 35, 37, 38, 39, 41, 43, 44, 45, 46, 47, 49, 50, 51, 52, 53, 55, 56, 57, 59, 60, 62, 63, 64, 65, 66, 68, 69, 70, 72, 73, 75, 77, 79, 80, 81, 82, 83, 84, 86, 87, 88, 89, 90, 91, 92, 94, 95, 96, 97, 100, 101, 103, 106, 107, 108, 111, 114, 117, 119, 120, 121, 123]","{""support_1"": 111, ""support_2"": 106}","[106, 111]",2,"[122, 17, 18, 32, 137, 138, 139, 140, 14, 13, 116, 118, 136, 16, 36, 135, 26, 28, 99, 105, 149, 102, 148, 144, 145, 146, 147, 12, 58, 71, 134, 109, 67, 78, 115, 48, 133, 42, 7, 132, 129, 131, 130, 54, 128, 127, 126, 125, 104, 141, 142, 8, 27, 98, 124, 10, 112, 61, 85, 93, 40, 143, 25, 76, 74, 110, 108, 63, 91, 89, 64, 83, 50, 123, 53, 119, 55, 77, 75, 117, 90, 92, 41, 29, 15, 43, 111, 9, 107, 114, 121, 120, 101, 106, 44, 6, 1, 2, 0, 70, 86, 62, 60, 68, 66, 94, 73, 69, 59, 79, 80, 72, 65, 52, 47, 46, 39, 51, 49, 45, 56, 57, 38, 97, 96, 100, 95, 87, 103, 88, 82, 81, 84, 24, 30, 31, 11, 23, 5, 4, 3, 21, 22, 20, 19, 35, 37, 34, 33]",True,12522476146,12.522476146,"[108, 63, 89, 91, 64, 83, 50, 123, 119, 77, 55, 90, 117, 75, 53, 92, 41, 15, 29, 43, 111, 9, 107, 114, 121, 120, 101, 106, 44, 6, 1, 2, 0, 70, 86, 62, 60, 68, 66, 94, 73, 69, 59, 79, 80, 72, 65, 52, 47, 46, 39, 51, 49, 45, 56, 57, 38, 97, 96, 100, 95, 87, 103, 88, 82, 81, 84, 24, 30, 31, 11, 23, 5, 4, 3, 21, 22, 20, 19, 35, 37, 34, 33]","[33, 34, 37, 35, 19, 20, 22, 21, 3, 4, 5, 23, 11, 31, 30, 24, 84, 81, 82, 88, 103, 87, 95, 100, 96, 97, 38, 57, 56, 45, 49, 51, 39, 46, 47, 52, 65, 72, 80, 79, 59, 69, 73, 94, 66, 68, 60, 62, 86, 70, 0, 2, 1, 6, 44, 106, 101, 120, 121, 114, 107, 9, 111, 43, 29, 15, 41, 92, 53, 75, 117, 90, 55, 77, 119, 123, 50, 83, 64, 91, 89, 63, 108]",False,complete,112,112,2427,0,1453,25,1428,2000,734,0,0,lowest_first,True,2,132,25,132,27,27,25,27
4,230486,35,68,81,"[7, 8, 10, 12, 13, 14, 16, 17, 18, 25, 26, 27, 28, 32, 36, 40, 42, 48, 54, 58, 61, 63, 67, 71, 74, 76, 78, 85, 93, 98, 99, 102, 104, 105, 108, 109, 110, 112, 115, 116, 118, 122, 124, 125, 126, 127, 128, 129, 130, 131, 132, 133, 134, 135, 136, 137, 138, 139, 140, 141, 142, 143, 144, 145, 146, 147, 148, 149]","[0, 1, 2, 3, 4, 5, 6, 9, 11, 15, 19, 20, 21, 22, 23, 24, 29, 30, 31, 33, 34, 35, 37, 38, 39, 41, 43, 44, 45, 46, 47, 49, 50, 51, 52, 53, 55, 56, 57, 59, 60, 62, 64, 65, 66, 68, 69, 70, 72, 73, 75, 77, 79, 80, 81, 82, 83, 84, 86, 87, 88, 89, 90, 91, 92, 94, 95, 96, 97, 100, 101, 103, 106, 107, 111, 114, 117, 119, 120, 121, 123]","{""support_1"": 111, ""support_2"": 106}","[106, 111]",2,"[122, 17, 18, 32, 137, 138, 139, 140, 14, 13, 116, 118, 136, 16, 36, 135, 26, 28, 99, 105, 149, 102, 148, 144, 145, 146, 147, 12, 58, 71, 134, 109, 67, 78, 115, 48, 133, 42, 7, 132, 129, 131, 130, 54, 128, 127, 126, 125, 104, 141, 142, 8, 27, 98, 124, 10, 112, 61, 85, 93, 40, 143, 25, 76, 74, 110, 108, 63, 91, 89, 64, 83, 50, 123, 53, 119, 55, 77, 75, 117, 90, 92, 41, 29, 15, 43, 111, 9, 107, 114, 121, 120, 101, 106, 44, 6, 1, 2, 0, 70, 86, 62, 60, 68, 66, 94, 73, 69, 59, 79, 80, 72, 65, 52, 47, 46, 39, 51, 49, 45, 56, 57, 38, 97, 96, 100, 95, 87, 103, 88, 82, 81, 84, 24, 30, 31, 11, 23, 5, 4, 3, 21, 22, 20, 19, 35, 37, 34, 33]",True,12309095286,12.309095286,"[91, 89, 64, 83, 50, 123, 117, 77, 92, 55, 90, 75, 119, 53, 15, 43, 29, 41, 111, 9, 107, 114, 121, 120, 101, 106, 44, 6, 1, 2, 0, 70, 86, 62, 60, 68, 66, 94, 73, 69, 59, 79, 80, 72, 65, 52, 47, 46, 39, 51, 49, 45, 56, 57, 38, 97, 96, 100, 95, 87, 103, 88, 82, 81, 84, 24, 30, 31, 11, 23, 5, 4, 3, 21, 22, 20, 19, 35, 37, 34, 33]","[33, 34, 37, 35, 19, 20, 22, 21, 3, 4, 5, 23, 11, 31, 30, 24, 84, 81, 82, 88, 103, 87, 95, 100, 96, 97, 38, 57, 56, 45, 49, 51, 39, 46, 47, 52, 65, 72, 80, 79, 59, 69, 73, 94, 66, 68, 60, 62, 86, 70, 0, 2, 1, 6, 44, 106, 101, 120, 121, 114, 107, 9, 111, 41, 29, 43, 15, 53, 119, 75, 90, 55, 92, 77, 117, 123, 50, 83, 64, 89, 91]",False,complete,110,110,2342,0,1437,25,1412,2000,734,0,0,lowest_first,True,2,128,25,128,27,27,25,27
4,230487,36,70,79,"[7, 8, 10, 12, 13, 14, 16, 17, 18, 25, 26, 27, 28, 32, 36, 40, 42, 48, 54, 58, 61, 63, 67, 71, 74, 76, 78, 85, 89, 91, 93, 98, 99, 102, 104, 105, 108, 109, 110, 112, 115, 116, 118, 122, 124, 125, 126, 127, 128, 129, 130, 131, 132, 133, 134, 135, 136, 137, 138, 139, 140, 141, 142, 143, 144, 145, 146, 147, 148, 149]","[0, 1, 2, 3, 4, 5, 6, 9, 11, 15, 19, 20, 21, 22, 23, 24, 29, 30, 31, 33, 34, 35, 37, 38, 39, 41, 43, 44, 45, 46, 47, 49, 50, 51, 52, 53, 55, 56, 57, 59, 60, 62, 64, 65, 66, 68, 69, 70, 72, 73, 75, 77, 79, 80, 81, 82, 83, 84, 86, 87, 88, 90, 92, 94, 95, 96, 97, 100, 101, 103, 106, 107, 111, 114, 117, 119, 120, 121, 123]","{""support_1"": 111, ""support_2"": 106}","[106, 111]",2,"[122, 17, 18, 32, 137, 138, 139, 140, 14, 13, 116, 118, 136, 16, 36, 135, 26, 28, 99, 105, 149, 102, 148, 144, 145, 146, 147, 12, 58, 71, 134, 109, 67, 78, 115, 48, 133, 42, 7, 132, 129, 131, 130, 54, 128, 127, 126, 125, 104, 141, 142, 8, 27, 98, 124, 10, 112, 61, 85, 93, 40, 143, 25, 76, 74, 110, 108, 63, 91, 89, 64, 83, 50, 123, 53, 119, 55, 77, 75, 117, 90, 92, 41, 29, 15, 43, 111, 9, 107, 114, 121, 120, 101, 106, 44, 6, 1, 2, 0, 70, 86, 62, 60, 68, 66, 94, 73, 69, 59, 79, 80, 72, 65, 52, 47, 46, 39, 51, 49, 45, 56, 57, 38, 97, 96, 100, 95, 87, 103, 88, 82, 81, 84, 24, 30, 31, 11, 23, 5, 4, 3, 21, 22, 20, 19, 35, 37, 34, 33]",True,12543639136,12.543639136,"[64, 83, 50, 123, 75, 119, 117, 77, 90, 55, 92, 53, 43, 41, 15, 29, 111, 9, 107, 114, 121, 120, 101, 106, 44, 6, 1, 2, 0, 73, 86, 66, 62, 68, 60, 94, 70, 69, 59, 79, 80, 72, 65, 52, 47, 46, 39, 51, 49, 45, 56, 57, 38, 97, 96, 100, 95, 87, 103, 88, 82, 81, 84, 24, 30, 31, 11, 23, 5, 4, 3, 21, 22, 20, 19, 35, 37, 34, 33]","[33, 34, 37, 35, 19, 20, 22, 21, 3, 4, 5, 23, 11, 31, 30, 24, 84, 81, 82, 88, 103, 87, 95, 100, 96, 97, 38, 57, 56, 45, 49, 51, 39, 46, 47, 52, 65, 72, 80, 79, 59, 69, 70, 94, 60, 68, 62, 66, 86, 73, 0, 2, 1, 6, 44, 106, 101, 120, 121, 114, 107, 9, 111, 29, 15, 41, 43, 53, 92, 55, 90, 77, 117, 119, 75, 123, 50, 83, 64]",False,complete,111,111,2324,0,1488,28,1460,2000,814,0,0,lowest_first,True,2,124,25,124,27,27,25,27
4,230488,37,72,77,"[7, 8, 10, 12, 13, 14, 16, 17, 18, 25, 26, 27, 28, 32, 36, 40, 42, 48, 54, 58, 61, 63, 64, 67, 71, 74, 76, 78, 83, 85, 89, 91, 93, 98, 99, 102, 104, 105, 108, 109, 110, 112, 115, 116, 118, 122, 124, 125, 126, 127, 128, 129, 130, 131, 132, 133, 134, 135, 136, 137, 138, 139, 140, 141, 142, 143, 144, 145, 146, 147, 148, 149]","[0, 1, 2, 3, 4, 5, 6, 9, 11, 15, 19, 20, 21, 22, 23, 24, 29, 30, 31, 33, 34, 35, 37, 38, 39, 41, 43, 44, 45, 46, 47, 49, 50, 51, 52, 53, 55, 56, 57, 59, 60, 62, 65, 66, 68, 69, 70, 72, 73, 75, 77, 79, 80, 81, 82, 84, 86, 87, 88, 90, 92, 94, 95, 96, 97, 100, 101, 103, 106, 107, 111, 114, 117, 119, 120, 121, 123]","{""support_1"": 111, ""support_2"": 106}","[106, 111]",2,"[122, 17, 18, 32, 137, 138, 139, 140, 14, 13, 116, 118, 136, 16, 36, 135, 26, 28, 99, 105, 149, 102, 148, 144, 145, 146, 147, 12, 58, 71, 134, 109, 67, 78, 115, 48, 133, 42, 7, 132, 129, 131, 130, 54, 128, 127, 126, 125, 104, 141, 142, 8, 27, 98, 124, 10, 112, 61, 85, 93, 40, 143, 25, 76, 74, 110, 108, 63, 91, 89, 64, 83, 50, 123, 53, 119, 55, 77, 75, 117, 90, 92, 41, 29, 15, 43, 111, 9, 107, 114, 121, 120, 101, 106, 44, 6, 1, 2, 0, 70, 86, 62, 60, 68, 66, 94, 73, 69, 59, 79, 80, 72, 65, 52, 47, 46, 39, 51, 49, 45, 56, 57, 38, 97, 96, 100, 95, 87, 103, 88, 82, 81, 84, 24, 30, 31, 11, 23, 5, 4, 3, 21, 22, 20, 19, 35, 37, 34, 33]",True,12191587356,12.191587356,"[50, 123, 90, 77, 92, 53, 119, 55, 75, 117, 15, 29, 41, 43, 111, 9, 107, 114, 121, 120, 101, 106, 44, 6, 1, 2, 0, 73, 86, 66, 62, 68, 60, 94, 70, 69, 59, 79, 80, 72, 65, 52, 47, 46, 39, 51, 49, 45, 56, 57, 38, 97, 96, 100, 95, 87, 103, 88, 82, 81, 84, 24, 30, 31, 11, 23, 5, 4, 3, 21, 22, 20, 19, 35, 37, 34, 33]","[33, 34, 37, 35, 19, 20, 22, 21, 3, 4, 5, 23, 11, 31, 30, 24, 84, 81, 82, 88, 103, 87, 95, 100, 96, 97, 38, 57, 56, 45, 49, 51, 39, 46, 47, 52, 65, 72, 80, 79, 59, 69, 70, 94, 60, 68, 62, 66, 86, 73, 0, 2, 1, 6, 44, 106, 101, 120, 121, 114, 107, 9, 111, 43, 41, 29, 15, 117, 75, 55, 119, 53, 92, 77, 90, 123, 50]",False,complete,109,109,2237,0,1458,28,1430,2000,814,0,0,lowest_first,True,2,120,25,120,27,27,25,27
4,230489,38,74,75,"[7, 8, 10, 12, 13, 14, 16, 17, 18, 25, 26, 27, 28, 32, 36, 40, 42, 48, 50, 54, 58, 61, 63, 64, 67, 71, 74, 76, 78, 83, 85, 89, 91, 93, 98, 99, 102, 104, 105, 108, 109, 110, 112, 115, 116, 118, 122, 123, 124, 125, 126, 127, 128, 129, 130, 131, 132, 133, 134, 135, 136, 137, 138, 139, 140, 141, 142, 143, 144, 145, 146, 147, 148, 149]","[0, 1, 2, 3, 4, 5, 6, 9, 11, 15, 19, 20, 21, 22, 23, 24, 29, 30, 31, 33, 34, 35, 37, 38, 39, 41, 43, 44, 45, 46, 47, 49, 51, 52, 53, 55, 56, 57, 59, 60, 62, 65, 66, 68, 69, 70, 72, 73, 75, 77, 79, 80, 81, 82, 84, 86, 87, 88, 90, 92, 94, 95, 96, 97, 100, 101, 103, 106, 107, 111, 114, 117, 119, 120, 121]","{""support_1"": 111, ""support_2"": 106}","[106, 111]",2,"[122, 17, 18, 32, 137, 138, 139, 140, 14, 13, 116, 118, 136, 16, 36, 135, 26, 28, 99, 105, 149, 102, 148, 144, 145, 146, 147, 12, 58, 71, 134, 109, 67, 78, 115, 48, 133, 42, 7, 132, 129, 131, 130, 54, 128, 127, 126, 125, 104, 141, 142, 8, 27, 98, 124, 10, 112, 61, 85, 93, 40, 143, 25, 76, 74, 110, 108, 63, 91, 89, 64, 83, 50, 123, 53, 119, 55, 77, 75, 117, 90, 92, 41, 29, 15, 43, 111, 9, 107, 114, 121, 120, 101, 106, 44, 6, 1, 2, 0, 70, 86, 62, 60, 68, 66, 94, 73, 69, 59, 79, 80, 72, 65, 52, 47, 46, 39, 51, 49, 45, 56, 57, 38, 97, 96, 100, 95, 87, 103, 88, 82, 81, 84, 24, 30, 31, 11, 23, 5, 4, 3, 21, 22, 20, 19, 35, 37, 34, 33]",True,11736575570,11.736575570,"[55, 119, 117, 53, 75, 90, 77, 92, 15, 41, 43, 29, 111, 9, 107, 114, 121, 120, 101, 106, 44, 6, 1, 2, 0, 73, 86, 66, 62, 68, 60, 94, 70, 69, 59, 79, 80, 72, 65, 52, 47, 46, 39, 51, 49, 45, 56, 57, 38, 97, 96, 100, 95, 87, 103, 88, 82, 81, 84, 24, 30, 31, 11, 23, 5, 4, 3, 21, 22, 20, 19, 35, 37, 34, 33]","[33, 34, 37, 35, 19, 20, 22, 21, 3, 4, 5, 23, 11, 31, 30, 24, 84, 81, 82, 88, 103, 87, 95, 100, 96, 97, 38, 57, 56, 45, 49, 51, 39, 46, 47, 52, 65, 72, 80, 79, 59, 69, 70, 94, 60, 68, 62, 66, 86, 73, 0, 2, 1, 6, 44, 106, 101, 120, 121, 114, 107, 9, 111, 29, 43, 41, 15, 92, 77, 90, 75, 53, 117, 119, 55]",False,complete,107,107,2157,0,1422,28,1394,2000,814,0,0,lowest_first,True,2,116,25,116,27,27,25,27
4,230490,39,76,73,"[7, 8, 10, 12, 13, 14, 16, 17, 18, 25, 26, 27, 28, 32, 36, 40, 42, 48, 50, 53, 54, 58, 61, 63, 64, 67, 71, 74, 76, 78, 83, 85, 89, 91, 93, 98, 99, 102, 104, 105, 108, 109, 110, 112, 115, 116, 118, 119, 122, 123, 124, 125, 126, 127, 128, 129, 130, 131, 132, 133, 134, 135, 136, 137, 138, 139, 140, 141, 142, 143, 144, 145, 146, 147, 148, 149]","[0, 1, 2, 3, 4, 5, 6, 9, 11, 15, 19, 20, 21, 22, 23, 24, 29, 30, 31, 33, 34, 35, 37, 38, 39, 41, 43, 44, 45, 46, 47, 49, 51, 52, 55, 56, 57, 59, 60, 62, 65, 66, 68, 69, 70, 72, 73, 75, 77, 79, 80, 81, 82, 84, 86, 87, 88, 90, 92, 94, 95, 96, 97, 100, 101, 103, 106, 107, 111, 114, 117, 120, 121]","{""support_1"": 111, ""support_2"": 106}","[106, 111]",2,"[122, 17, 18, 32, 137, 138, 139, 140, 14, 13, 116, 118, 136, 16, 36, 135, 26, 28, 99, 105, 149, 102, 148, 144, 145, 146, 147, 12, 58, 71, 134, 109, 67, 78, 115, 48, 133, 42, 7, 132, 129, 131, 130, 54, 128, 127, 126, 125, 104, 141, 142, 8, 27, 98, 124, 10, 112, 61, 85, 93, 40, 143, 25, 76, 74, 110, 108, 63, 91, 89, 64, 83, 50, 123, 53, 119, 55, 77, 75, 117, 90, 92, 41, 29, 15, 43, 111, 9, 107, 114, 121, 120, 101, 106, 44, 6, 1, 2, 0, 70, 86, 62, 60, 68, 66, 94, 73, 69, 59, 79, 80, 72, 65, 52, 47, 46, 39, 51, 49, 45, 56, 57, 38, 97, 96, 100, 95, 87, 103, 88, 82, 81, 84, 24, 30, 31, 11, 23, 5, 4, 3, 21, 22, 20, 19, 35, 37, 34, 33]",True,10873187775,10.873187775,"[77, 75, 55, 92, 90, 117, 41, 43, 15, 29, 111, 9, 107, 114, 121, 120, 101, 106, 44, 6, 1, 2, 0, 73, 86, 66, 62, 68, 60, 94, 70, 69, 59, 79, 80, 72, 65, 52, 47, 46, 39, 51, 49, 45, 56, 57, 38, 97, 96, 100, 95, 87, 103, 88, 82, 81, 84, 24, 30, 31, 11, 23, 5, 4, 3, 21, 22, 20, 19, 35, 37, 34, 33]","[33, 34, 37, 35, 19, 20, 22, 21, 3, 4, 5, 23, 11, 31, 30, 24, 84, 81, 82, 88, 103, 87, 95, 100, 96, 97, 38, 57, 56, 45, 49, 51, 39, 46, 47, 52, 65, 72, 80, 79, 59, 69, 70, 94, 60, 68, 62, 66, 86, 73, 0, 2, 1, 6, 44, 106, 101, 120, 121, 114, 107, 9, 111, 29, 15, 43, 41, 117, 90, 92, 55, 75, 77]",False,complete,105,105,2080,0,1368,28,1340,2000,814,0,0,lowest_first,True,2,112,25,112,27,27,25,27
4,230491,40,78,71,"[7, 8, 10, 12, 13, 14, 16, 17, 18, 25, 26, 27, 28, 32, 36, 40, 42, 48, 50, 53, 54, 55, 58, 61, 63, 64, 67, 71, 74, 76, 77, 78, 83, 85, 89, 91, 93, 98, 99, 102, 104, 105, 108, 109, 110, 112, 115, 116, 118, 119, 122, 123, 124, 125, 126, 127, 128, 129, 130, 131, 132, 133, 134, 135, 136, 137, 138, 139, 140, 141, 142, 143, 144, 145, 146, 147, 148, 149]","[0, 1, 2, 3, 4, 5, 6, 9, 11, 15, 19, 20, 21, 22, 23, 24, 29, 30, 31, 33, 34, 35, 37, 38, 39, 41, 43, 44, 45, 46, 47, 49, 51, 52, 56, 57, 59, 60, 62, 65, 66, 68, 69, 70, 72, 73, 75, 79, 80, 81, 82, 84, 86, 87, 88, 90, 92, 94, 95, 96, 97, 100, 101, 103, 106, 107, 111, 114, 117, 120, 121]","{""support_1"": 111, ""support_2"": 106}","[106, 111]",2,"[122, 17, 18, 32, 137, 138, 139, 140, 14, 13, 116, 118, 136, 16, 36, 135, 26, 28, 99, 105, 149, 102, 148, 144, 145, 146, 147, 12, 58, 71, 134, 109, 67, 78, 115, 48, 133, 42, 7, 132, 129, 131, 130, 54, 128, 127, 126, 125, 104, 141, 142, 8, 27, 98, 124, 10, 112, 61, 85, 93, 40, 143, 25, 76, 74, 110, 108, 63, 91, 89, 64, 83, 50, 123, 53, 119, 55, 77, 75, 117, 90, 92, 41, 29, 15, 43, 111, 9, 107, 114, 121, 120, 101, 106, 44, 6, 1, 2, 0, 70, 86, 62, 60, 68, 66, 94, 73, 69, 59, 79, 80, 72, 65, 52, 47, 46, 39, 51, 49, 45, 56, 57, 38, 97, 96, 100, 95, 87, 103, 88, 82, 81, 84, 24, 30, 31, 11, 23, 5, 4, 3, 21, 22, 20, 19, 35, 37, 34, 33]",True,9902448240,9.902448240,"[92, 117, 90, 75, 43, 41, 29, 15, 111, 9, 107, 114, 121, 120, 101, 106, 44, 6, 1, 2, 0, 70, 86, 62, 60, 68, 66, 94, 73, 69, 59, 79, 80, 72, 65, 52, 47, 46, 39, 51, 49, 45, 56, 57, 38, 97, 96, 100, 95, 87, 103, 88, 82, 81, 84, 24, 30, 31, 11, 23, 5, 4, 3, 21, 22, 20, 19, 35, 37, 34, 33]","[33, 34, 37, 35, 19, 20, 22, 21, 3, 4, 5, 23, 11, 31, 30, 24, 84, 81, 82, 88, 103, 87, 95, 100, 96, 97, 38, 57, 56, 45, 49, 51, 39, 46, 47, 52, 65, 72, 80, 79, 59, 69, 73, 94, 66, 68, 60, 62, 86, 70, 0, 2, 1, 6, 44, 106, 101, 120, 121, 114, 107, 9, 111, 15, 29, 41, 43, 75, 90, 117, 92]",False,complete,100,100,1940,0,1254,25,1229,1963,734,0,0,lowest_first,True,2,108,25,108,27,27,25,27
4,230492,41,80,69,"[7, 8, 10, 12, 13, 14, 16, 17, 18, 25, 26, 27, 28, 32, 36, 40, 42, 48, 50, 53, 54, 55, 58, 61, 63, 64, 67, 71, 74, 75, 76, 77, 78, 83, 85, 89, 91, 93, 98, 99, 102, 104, 105, 108, 109, 110, 112, 115, 116, 117, 118, 119, 122, 123, 124, 125, 126, 127, 128, 129, 130, 131, 132, 133, 134, 135, 136, 137, 138, 139, 140, 141, 142, 143, 144, 145, 146, 147, 148, 149]","[0, 1, 2, 3, 4, 5, 6, 9, 11, 15, 19, 20, 21, 22, 23, 24, 29, 30, 31, 33, 34, 35, 37, 38, 39, 41, 43, 44, 45, 46, 47, 49, 51, 52, 56, 57, 59, 60, 62, 65, 66, 68, 69, 70, 72, 73, 79, 80, 81, 82, 84, 86, 87, 88, 90, 92, 94, 95, 96, 97, 100, 101, 103, 106, 107, 111, 114, 120, 121]","{""support_1"": 111, ""support_2"": 106}","[106, 111]",2,"[122, 17, 18, 32, 137, 138, 139, 140, 14, 13, 116, 118, 136, 16, 36, 135, 26, 28, 99, 105, 149, 102, 148, 144, 145, 146, 147, 12, 58, 71, 134, 109, 67, 78, 115, 48, 133, 42, 7, 132, 129, 131, 130, 54, 128, 127, 126, 125, 104, 141, 142, 8, 27, 98, 124, 10, 112, 61, 85, 93, 40, 143, 25, 76, 74, 110, 108, 63, 91, 89, 64, 83, 50, 123, 53, 119, 55, 77, 75, 117, 90, 92, 41, 29, 15, 43, 111, 9, 107, 114, 121, 120, 101, 106, 44, 6, 1, 2, 0, 70, 86, 62, 60, 68, 66, 94, 73, 69, 59, 79, 80, 72, 65, 52, 47, 46, 39, 51, 49, 45, 56, 57, 38, 97, 96, 100, 95, 87, 103, 88, 82, 81, 84, 24, 30, 31, 11, 23, 5, 4, 3, 21, 22, 20, 19, 35, 37, 34, 33]",True,9711306199,9.711306199,"[90, 92, 29, 41, 15, 43, 111, 9, 107, 114, 121, 120, 101, 106, 44, 6, 1, 2, 0, 73, 86, 66, 62, 68, 60, 94, 70, 69, 59, 79, 80, 72, 65, 52, 47, 46, 39, 51, 49, 45, 56, 57, 38, 97, 96, 100, 95, 87, 103, 88, 82, 81, 84, 24, 30, 31, 11, 23, 5, 4, 3, 21, 22, 20, 19, 35, 37, 34, 33]","[33, 34, 37, 35, 19, 20, 22, 21, 3, 4, 5, 23, 11, 31, 30, 24, 84, 81, 82, 88, 103, 87, 95, 100, 96, 97, 38, 57, 56, 45, 49, 51, 39, 46, 47, 52, 65, 72, 80, 79, 59, 69, 70, 94, 60, 68, 62, 66, 86, 73, 0, 2, 1, 6, 44, 106, 101, 120, 121, 114, 107, 9, 111, 43, 15, 41, 29, 92, 90]",False,complete,101,101,1936,0,1266,28,1238,2000,814,0,0,lowest_first,True,2,104,25,104,27,27,25,27
4,230493,42,82,67,"[7, 8, 10, 12, 13, 14, 16, 17, 18, 25, 26, 27, 28, 32, 36, 40, 42, 48, 50, 53, 54, 55, 58, 61, 63, 64, 67, 71, 74, 75, 76, 77, 78, 83, 85, 89, 90, 91, 92, 93, 98, 99, 102, 104, 105, 108, 109, 110, 112, 115, 116, 117, 118, 119, 122, 123, 124, 125, 126, 127, 128, 129, 130, 131, 132, 133, 134, 135, 136, 137, 138, 139, 140, 141, 142, 143, 144, 145, 146, 147, 148, 149]","[0, 1, 2, 3, 4, 5, 6, 9, 11, 15, 19, 20, 21, 22, 23, 24, 29, 30, 31, 33, 34, 35, 37, 38, 39, 41, 43, 44, 45, 46, 47, 49, 51, 52, 56, 57, 59, 60, 62, 65, 66, 68, 69, 70, 72, 73, 79, 80, 81, 82, 84, 86, 87, 88, 94, 95, 96, 97, 100, 101, 103, 106, 107, 111, 114, 120, 121]","{""support_1"": 111, ""support_2"": 106}","[106, 111]",2,"[122, 17, 18, 32, 137, 138, 139, 140, 14, 13, 116, 118, 136, 16, 36, 135, 26, 28, 99, 105, 149, 102, 148, 144, 145, 146, 147, 12, 58, 71, 134, 109, 67, 78, 115, 48, 133, 42, 7, 132, 129, 131, 130, 54, 128, 127, 126, 125, 104, 141, 142, 8, 27, 98, 124, 10, 112, 61, 85, 93, 40, 143, 25, 76, 74, 110, 108, 63, 91, 89, 64, 83, 50, 123, 53, 119, 55, 77, 75, 117, 90, 92, 41, 29, 15, 43, 111, 9, 107, 114, 121, 120, 101, 106, 44, 6, 1, 2, 0, 70, 86, 62, 60, 68, 66, 94, 73, 69, 59, 79, 80, 72, 65, 52, 47, 46, 39, 51, 49, 45, 56, 57, 38, 97, 96, 100, 95, 87, 103, 88, 82, 81, 84, 24, 30, 31, 11, 23, 5, 4, 3, 21, 22, 20, 19, 35, 37, 34, 33]",True,8540042779,8.540042779,"[15, 43, 41, 29, 111, 9, 107, 114, 121, 120, 101, 106, 44, 6, 1, 2, 0, 70, 86, 62, 60, 68, 66, 94, 73, 69, 59, 79, 80, 72, 65, 52, 47, 46, 39, 51, 49, 45, 56, 57, 38, 97, 96, 100, 95, 87, 103, 88, 82, 81, 84, 24, 30, 31, 11, 23, 5, 4, 3, 21, 22, 20, 19, 35, 37, 34, 33]","[33, 34, 37, 35, 19, 20, 22, 21, 3, 4, 5, 23, 11, 31, 30, 24, 84, 81, 82, 88, 103, 87, 95, 100, 96, 97, 38, 57, 56, 45, 49, 51, 39, 46, 47, 52, 65, 72, 80, 79, 59, 69, 73, 94, 66, 68, 60, 62, 86, 70, 0, 2, 1, 6, 44, 106, 101, 120, 121, 114, 107, 9, 111, 29, 41, 43, 15]",False,complete,96,96,1803,0,1148,25,1123,1857,734,0,0,lowest_first,True,2,100,25,100,27,27,25,27
4,230494,43,84,65,"[7, 8, 10, 12, 13, 14, 16, 17, 18, 25, 26, 27, 28, 29, 32, 36, 40, 41, 42, 48, 50, 53, 54, 55, 58, 61, 63, 64, 67, 71, 74, 75, 76, 77, 78, 83, 85, 89, 90, 91, 92, 93, 98, 99, 102, 104, 105, 108, 109, 110, 112, 115, 116, 117, 118, 119, 122, 123, 124, 125, 126, 127, 128, 129, 130, 131, 132, 133, 134, 135, 136, 137, 138, 139, 140, 141, 142, 143, 144, 145, 146, 147, 148, 149]","[0, 1, 2, 3, 4, 5, 6, 9, 11, 15, 19, 20, 21, 22, 23, 24, 30, 31, 33, 34, 35, 37, 38, 39, 43, 44, 45, 46, 47, 49, 51, 52, 56, 57, 59, 60, 62, 65, 66, 68, 69, 70, 72, 73, 79, 80, 81, 82, 84, 86, 87, 88, 94, 95, 96, 97, 100, 101, 103, 106, 107, 111, 114, 120, 121]","{""support_1"": 111, ""support_2"": 106}","[106, 111]",2,"[122, 17, 18, 32, 137, 138, 139, 140, 14, 13, 116, 118, 136, 16, 36, 135, 26, 28, 99, 105, 149, 102, 148, 144, 145, 146, 147, 12, 58, 71, 134, 109, 67, 78, 115, 48, 133, 42, 7, 132, 129, 131, 130, 54, 128, 127, 126, 125, 104, 141, 142, 8, 27, 98, 124, 10, 112, 61, 85, 93, 40, 143, 25, 76, 74, 110, 108, 63, 91, 89, 64, 83, 50, 123, 53, 119, 55, 77, 75, 117, 90, 92, 41, 29, 15, 43, 111, 9, 107, 114, 121, 120, 101, 106, 44, 6, 1, 2, 0, 70, 86, 62, 60, 68, 66, 94, 73, 69, 59, 79, 80, 72, 65, 52, 47, 46, 39, 51, 49, 45, 56, 57, 38, 97, 96, 100, 95, 87, 103, 88, 82, 81, 84, 24, 30, 31, 11, 23, 5, 4, 3, 21, 22, 20, 19, 35, 37, 34, 33]",True,8043790776,8.043790776,"[15, 43, 111, 9, 107, 114, 121, 120, 101, 106, 44, 6, 1, 2, 0, 70, 86, 62, 60, 68, 66, 94, 73, 69, 59, 79, 80, 72, 65, 52, 47, 46, 39, 51, 49, 45, 56, 57, 38, 97, 96, 100, 95, 87, 103, 88, 82, 81, 84, 24, 30, 31, 11, 23, 5, 4, 3, 21, 22, 20, 19, 35, 37, 34, 33]","[33, 34, 37, 35, 19, 20, 22, 21, 3, 4, 5, 23, 11, 31, 30, 24, 84, 81, 82, 88, 103, 87, 95, 100, 96, 97, 38, 57, 56, 45, 49, 51, 39, 46, 47, 52, 65, 72, 80, 79, 59, 69, 73, 94, 66, 68, 60, 62, 86, 70, 0, 2, 1, 6, 44, 106, 101, 120, 121, 114, 107, 9, 111, 43, 15]",True,complete,94,94,1734,0,1092,25,1067,1801,734,0,0,lowest_first,True,2,96,25,96,27,27,25,27
4,230495,44,86,63,"[7, 8, 10, 12, 13, 14, 15, 16, 17, 18, 25, 26, 27, 28, 29, 32, 36, 40, 41, 42, 43, 48, 50, 53, 54, 55, 58, 61, 63, 64, 67, 71, 74, 75, 76, 77, 78, 83, 85, 89, 90, 91, 92, 93, 98, 99, 102, 104, 105, 108, 109, 110, 112, 115, 116, 117, 118, 119, 122, 123, 124, 125, 126, 127, 128, 129, 130, 131, 132, 133, 134, 135, 136, 137, 138, 139, 140, 141, 142, 143, 144, 145, 146, 147, 148, 149]","[0, 1, 2, 3, 4, 5, 6, 9, 11, 19, 20, 21, 22, 23, 24, 30, 31, 33, 34, 35, 37, 38, 39, 44, 45, 46, 47, 49, 51, 52, 56, 57, 59, 60, 62, 65, 66, 68, 69, 70, 72, 73, 79, 80, 81, 82, 84, 86, 87, 88, 94, 95, 96, 97, 100, 101, 103, 106, 107, 111, 114, 120, 121]","{""support_1"": 111, ""support_2"": 106}","[106, 111]",2,"[122, 17, 18, 32, 137, 138, 139, 140, 14, 13, 116, 118, 136, 16, 36, 135, 26, 28, 99, 105, 149, 102, 148, 144, 145, 146, 147, 12, 58, 71, 134, 109, 67, 78, 115, 48, 133, 42, 7, 132, 129, 131, 130, 54, 128, 127, 126, 125, 104, 141, 142, 8, 27, 98, 124, 10, 112, 61, 85, 93, 40, 143, 25, 76, 74, 110, 108, 63, 91, 89, 64, 83, 50, 123, 53, 119, 55, 77, 75, 117, 90, 92, 41, 29, 15, 43, 111, 9, 107, 114, 121, 120, 101, 106, 44, 6, 1, 2, 0, 70, 86, 62, 60, 68, 66, 94, 73, 69, 59, 79, 80, 72, 65, 52, 47, 46, 39, 51, 49, 45, 56, 57, 38, 97, 96, 100, 95, 87, 103, 88, 82, 81, 84, 24, 30, 31, 11, 23, 5, 4, 3, 21, 22, 20, 19, 35, 37, 34, 33]",True,7902623117,7.902623117,"[111, 9, 107, 114, 121, 120, 101, 106, 44, 6, 1, 2, 0, 73, 86, 66, 62, 68, 60, 94, 70, 69, 59, 79, 80, 72, 65, 52, 47, 46, 39, 51, 49, 45, 56, 57, 38, 97, 96, 100, 95, 87, 103, 88, 82, 81, 84, 24, 30, 31, 11, 23, 5, 4, 3, 21, 22, 20, 19, 35, 37, 34, 33]","[33, 34, 37, 35, 19, 20, 22, 21, 3, 4, 5, 23, 11, 31, 30, 24, 84, 81, 82, 88, 103, 87, 95, 100, 96, 97, 38, 57, 56, 45, 49, 51, 39, 46, 47, 52, 65, 72, 80, 79, 59, 69, 70, 94, 60, 68, 62, 66, 86, 73, 0, 2, 1, 6, 44, 106, 101, 120, 121, 114, 107, 9, 111]",False,complete,95,95,1733,0,1103,28,1075,1889,814,0,0,lowest_first,True,2,92,25,92,26,26,25,27
4,230496,45,88,61,"[7, 8, 9, 10, 12, 13, 14, 15, 16, 17, 18, 25, 26, 27, 28, 29, 32, 36, 40, 41, 42, 43, 48, 50, 53, 54, 55, 58, 61, 63, 64, 67, 71, 74, 75, 76, 77, 78, 83, 85, 89, 90, 91, 92, 93, 98, 99, 102, 104, 105, 108, 109, 110, 111, 112, 115, 116, 117, 118, 119, 122, 123, 124, 125, 126, 127, 128, 129, 130, 131, 132, 133, 134, 135, 136, 137, 138, 139, 140, 141, 142, 143, 144, 145, 146, 147, 148, 149]","[0, 1, 2, 3, 4, 5, 6, 11, 19, 20, 21, 22, 23, 24, 30, 31, 33, 34, 35, 37, 38, 39, 44, 45, 46, 47, 49, 51, 52, 56, 57, 59, 60, 62, 65, 66, 68, 69, 70, 72, 73, 79, 80, 81, 82, 84, 86, 87, 88, 94, 95, 96, 97, 100, 101, 103, 106, 107, 114, 120, 121]","{""support_2"": 106}",[106],1,"[122, 17, 18, 32, 137, 138, 139, 140, 14, 13, 116, 118, 136, 16, 36, 135, 26, 28, 99, 105, 149, 102, 148, 144, 145, 146, 147, 12, 58, 71, 134, 109, 67, 78, 115, 48, 133, 42, 7, 132, 129, 131, 130, 54, 128, 127, 126, 125, 104, 141, 142, 8, 27, 98, 124, 10, 112, 61, 85, 93, 40, 143, 25, 76, 74, 110, 108, 63, 91, 89, 64, 83, 50, 123, 53, 119, 55, 77, 75, 117, 90, 92, 41, 29, 15, 43, 111, 9, 107, 114, 121, 120, 101, 106, 44, 6, 1, 2, 0, 70, 86, 62, 60, 68, 66, 94, 73, 69, 59, 79, 80, 72, 65, 52, 47, 46, 39, 51, 49, 45, 56, 57, 38, 97, 96, 100, 95, 87, 103, 88, 82, 81, 84, 24, 30, 31, 11, 23, 5, 4, 3, 21, 22, 20, 19, 35, 37, 34, 33]",True,7481743935,7.481743935,"[107, 114, 121, 120, 101, 106, 44, 6, 1, 2, 0, 73, 86, 66, 62, 68, 60, 94, 70, 69, 59, 79, 80, 72, 65, 52, 47, 46, 39, 51, 49, 45, 56, 57, 38, 97, 96, 100, 95, 87, 103, 88, 82, 81, 84, 24, 30, 31, 11, 23, 5, 4, 3, 21, 22, 20, 19, 35, 37, 34, 33]","[33, 34, 37, 35, 19, 20, 22, 21, 3, 4, 5, 23, 11, 31, 30, 24, 84, 81, 82, 88, 103, 87, 95, 100, 96, 97, 38, 57, 56, 45, 49, 51, 39, 46, 47, 52, 65, 72, 80, 79, 59, 69, 70, 94, 60, 68, 62, 66, 86, 73, 0, 2, 1, 6, 44, 106, 101, 120, 121, 114, 107]",False,complete,93,93,1671,0,1072,28,1044,1858,814,0,0,lowest_first,True,2,89,24,89,25,25,24,25
4,230497,46,90,59,"[7, 8, 9, 10, 12, 13, 14, 15, 16, 17, 18, 25, 26, 27, 28, 29, 32, 36, 40, 41, 42, 43, 48, 50, 53, 54, 55, 58, 61, 63, 64, 67, 71, 74, 75, 76, 77, 78, 83, 85, 89, 90, 91, 92, 93, 98, 99, 102, 104, 105, 107, 108, 109, 110, 111, 112, 114, 115, 116, 117, 118, 119, 122, 123, 124, 125, 126, 127, 128, 129, 130, 131, 132, 133, 134, 135, 136, 137, 138, 139, 140, 141, 142, 143, 144, 145, 146, 147, 148, 149]","[0, 1, 2, 3, 4, 5, 6, 11, 19, 20, 21, 22, 23, 24, 30, 31, 33, 34, 35, 37, 38, 39, 44, 45, 46, 47, 49, 51, 52, 56, 57, 59, 60, 62, 65, 66, 68, 69, 70, 72, 73, 79, 80, 81, 82, 84, 86, 87, 88, 94, 95, 96, 97, 100, 101, 103, 106, 120, 121]","{""support_1"": 121, ""support_2"": 106}","[106, 121]",2,"[122, 17, 18, 32, 137, 138, 139, 140, 14, 13, 116, 118, 136, 16, 36, 135, 26, 28, 99, 105, 149, 102, 148, 144, 145, 146, 147, 12, 58, 71, 134, 109, 67, 78, 115, 48, 133, 42, 7, 132, 129, 131, 130, 54, 128, 127, 126, 125, 104, 141, 142, 8, 27, 98, 124, 10, 112, 61, 85, 93, 40, 143, 25, 76, 74, 110, 108, 63, 91, 89, 64, 83, 50, 123, 53, 119, 55, 77, 75, 117, 90, 92, 41, 29, 15, 43, 111, 9, 107, 114, 121, 120, 101, 106, 44, 6, 1, 2, 0, 70, 86, 62, 60, 68, 66, 94, 73, 69, 59, 79, 80, 72, 65, 52, 47, 46, 39, 51, 49, 45, 56, 57, 38, 97, 96, 100, 95, 87, 103, 88, 82, 81, 84, 24, 30, 31, 11, 23, 5, 4, 3, 21, 22, 20, 19, 35, 37, 34, 33]",True,6690857595,6.690857595,"[121, 120, 101, 106, 44, 6, 1, 2, 0, 70, 86, 62, 60, 68, 66, 94, 73, 69, 59, 79, 80, 72, 65, 52, 47, 46, 39, 51, 49, 45, 56, 57, 38, 97, 96, 100, 95, 87, 103, 88, 82, 81, 84, 24, 30, 31, 11, 23, 5, 4, 3, 21, 22, 20, 19, 35, 37, 34, 33]","[33, 34, 37, 35, 19, 20, 22, 21, 3, 4, 5, 23, 11, 31, 30, 24, 84, 81, 82, 88, 103, 87, 95, 100, 96, 97, 38, 57, 56, 45, 49, 51, 39, 46, 47, 52, 65, 72, 80, 79, 59, 69, 73, 94, 66, 68, 60, 62, 86, 70, 0, 2, 1, 6, 44, 106, 101, 120, 121]",True,complete,88,88,1528,0,973,25,948,1651,703,0,0,lowest_first,True,2,85,23,85,24,24,23,25
4,230498,47,92,57,"[7, 8, 9, 10, 12, 13, 14, 15, 16, 17, 18, 25, 26, 27, 28, 29, 32, 36, 40, 41, 42, 43, 48, 50, 53, 54, 55, 58, 61, 63, 64, 67, 71, 74, 75, 76, 77, 78, 83, 85, 89, 90, 91, 92, 93, 98, 99, 102, 104, 105, 107, 108, 109, 110, 111, 112, 114, 115, 116, 117, 118, 119, 120, 121, 122, 123, 124, 125, 126, 127, 128, 129, 130, 131, 132, 133, 134, 135, 136, 137, 138, 139, 140, 141, 142, 143, 144, 145, 146, 147, 148, 149]","[0, 1, 2, 3, 4, 5, 6, 11, 19, 20, 21, 22, 23, 24, 30, 31, 33, 34, 35, 37, 38, 39, 44, 45, 46, 47, 49, 51, 52, 56, 57, 59, 60, 62, 65, 66, 68, 69, 70, 72, 73, 79, 80, 81, 82, 84, 86, 87, 88, 94, 95, 96, 97, 100, 101, 103, 106]","{""support_2"": 106}",[106],1,"[122, 17, 18, 32, 137, 138, 139, 140, 14, 13, 116, 118, 136, 16, 36, 135, 26, 28, 99, 105, 149, 102, 148, 144, 145, 146, 147, 12, 58, 71, 134, 109, 67, 78, 115, 48, 133, 42, 7, 132, 129, 131, 130, 54, 128, 127, 126, 125, 104, 141, 142, 8, 27, 98, 124, 10, 112, 61, 85, 93, 40, 143, 25, 76, 74, 110, 108, 63, 91, 89, 64, 83, 50, 123, 53, 119, 55, 77, 75, 117, 90, 92, 41, 29, 15, 43, 111, 9, 107, 114, 121, 120, 101, 106, 44, 6, 1, 2, 0, 70, 86, 62, 60, 68, 66, 94, 73, 69, 59, 79, 80, 72, 65, 52, 47, 46, 39, 51, 49, 45, 56, 57, 38, 97, 96, 100, 95, 87, 103, 88, 82, 81, 84, 24, 30, 31, 11, 23, 5, 4, 3, 21, 22, 20, 19, 35, 37, 34, 33]",True,6451986639,6.451986639,"[101, 106, 44, 6, 1, 2, 0, 70, 86, 62, 60, 68, 66, 94, 73, 69, 59, 79, 80, 72, 65, 52, 47, 46, 39, 51, 49, 45, 56, 57, 38, 97, 96, 100, 95, 87, 103, 88, 82, 81, 84, 24, 30, 31, 11, 23, 5, 4, 3, 21, 22, 20, 19, 35, 37, 34, 33]","[33, 34, 37, 35, 19, 20, 22, 21, 3, 4, 5, 23, 11, 31, 30, 24, 84, 81, 82, 88, 103, 87, 95, 100, 96, 97, 38, 57, 56, 45, 49, 51, 39, 46, 47, 52, 65, 72, 80, 79, 59, 69, 73, 94, 66, 68, 60, 62, 86, 70, 0, 2, 1, 6, 44, 106, 101]",True,complete,86,86,1472,0,941,25,916,1619,703,0,0,lowest_first,True,2,82,22,82,23,23,22,23
4,230499,48,94,55,"[7, 8, 9, 10, 12, 13, 14, 15, 16, 17, 18, 25, 26, 27, 28, 29, 32, 36, 40, 41, 42, 43, 48, 50, 53, 54, 55, 58, 61, 63, 64, 67, 71, 74, 75, 76, 77, 78, 83, 85, 89, 90, 91, 92, 93, 98, 99, 101, 102, 104, 105, 106, 107, 108, 109, 110, 111, 112, 114, 115, 116, 117, 118, 119, 120, 121, 122, 123, 124, 125, 126, 127, 128, 129, 130, 131, 132, 133, 134, 135, 136, 137, 138, 139, 140, 141, 142, 143, 144, 145, 146, 147, 148, 149]","[0, 1, 2, 3, 4, 5, 6, 11, 19, 20, 21, 22, 23, 24, 30, 31, 33, 34, 35, 37, 38, 39, 44, 45, 46, 47, 49, 51, 52, 56, 57, 59, 60, 62, 65, 66, 68, 69, 70, 72, 73, 79, 80, 81, 82, 84, 86, 87, 88, 94, 95, 96, 97, 100, 103]","{""support_1"": 84}",[84],1,"[122, 17, 18, 32, 137, 138, 139, 140, 14, 13, 116, 118, 136, 16, 36, 135, 26, 28, 99, 105, 149, 102, 148, 144, 145, 146, 147, 12, 58, 71, 134, 109, 67, 78, 115, 48, 133, 42, 7, 132, 129, 131, 130, 54, 128, 127, 126, 125, 104, 141, 142, 8, 27, 98, 124, 10, 112, 61, 85, 93, 40, 143, 25, 76, 74, 110, 108, 63, 91, 89, 64, 83, 50, 123, 53, 119, 55, 77, 75, 117, 90, 92, 41, 29, 15, 43, 111, 9, 107, 114, 121, 120, 101, 106, 44, 6, 1, 2, 0, 70, 86, 62, 60, 68, 66, 94, 73, 69, 59, 79, 80, 72, 65, 52, 47, 46, 39, 51, 49, 45, 56, 57, 38, 97, 96, 100, 95, 87, 103, 88, 82, 81, 84, 24, 30, 31, 11, 23, 5, 4, 3, 21, 22, 20, 19, 35, 37, 34, 33]",True,6112847652,6.112847652,"[44, 6, 1, 2, 0, 70, 86, 62, 60, 68, 66, 94, 73, 69, 59, 79, 80, 72, 65, 52, 47, 46, 39, 51, 49, 45, 56, 57, 38, 97, 96, 100, 95, 87, 103, 88, 82, 81, 84, 24, 30, 31, 11, 23, 5, 4, 3, 21, 22, 20, 19, 35, 37, 34, 33]","[33, 34, 37, 35, 19, 20, 22, 21, 3, 4, 5, 23, 11, 31, 30, 24, 84, 81, 82, 88, 103, 87, 95, 100, 96, 97, 38, 57, 56, 45, 49, 51, 39, 46, 47, 52, 65, 72, 80, 79, 59, 69, 73, 94, 66, 68, 60, 62, 86, 70, 0, 2, 1, 6, 44]",True,complete,84,84,1385,0,913,25,888,1589,701,0,0,lowest_first,True,2,80,21,80,22,22,21,22
4,230500,49,96,53,"[6, 7, 8, 9, 10, 12, 13, 14, 15, 16, 17, 18, 25, 26, 27, 28, 29, 32, 36, 40, 41, 42, 43, 44, 48, 50, 53, 54, 55, 58, 61, 63, 64, 67, 71, 74, 75, 76, 77, 78, 83, 85, 89, 90, 91, 92, 93, 98, 99, 101, 102, 104, 105, 106, 107, 108, 109, 110, 111, 112, 114, 115, 116, 117, 118, 119, 120, 121, 122, 123, 124, 125, 126, 127, 128, 129, 130, 131, 132, 133, 134, 135, 136, 137, 138, 139, 140, 141, 142, 143, 144, 145, 146, 147, 148, 149]","[0, 1, 2, 3, 4, 5, 11, 19, 20, 21, 22, 23, 24, 30, 31, 33, 34, 35, 37, 38, 39, 45, 46, 47, 49, 51, 52, 56, 57, 59, 60, 62, 65, 66, 68, 69, 70, 72, 73, 79, 80, 81, 82, 84, 86, 87, 88, 94, 95, 96, 97, 100, 103]","{""support_1"": 84, ""support_2"": 2}","[2, 84]",2,"[122, 17, 18, 32, 137, 138, 139, 140, 14, 13, 116, 118, 136, 16, 36, 135, 26, 28, 99, 105, 149, 102, 148, 144, 145, 146, 147, 12, 58, 71, 134, 109, 67, 78, 115, 48, 133, 42, 7, 132, 129, 131, 130, 54, 128, 127, 126, 125, 104, 141, 142, 8, 27, 98, 124, 10, 112, 61, 85, 93, 40, 143, 25, 76, 74, 110, 108, 63, 91, 89, 64, 83, 50, 123, 53, 119, 55, 77, 75, 117, 90, 92, 41, 29, 15, 43, 111, 9, 107, 114, 121, 120, 101, 106, 44, 6, 1, 2, 0, 70, 86, 62, 60, 68, 66, 94, 73, 69, 59, 79, 80, 72, 65, 52, 47, 46, 39, 51, 49, 45, 56, 57, 38, 97, 96, 100, 95, 87, 103, 88, 82, 81, 84, 24, 30, 31, 11, 23, 5, 4, 3, 21, 22, 20, 19, 35, 37, 34, 33]",True,5877520695,5.877520695,"[1, 2, 0, 70, 86, 62, 60, 68, 66, 94, 73, 69, 59, 79, 80, 72, 65, 52, 47, 46, 39, 51, 49, 45, 56, 57, 38, 97, 96, 100, 95, 87, 103, 88, 82, 81, 84, 24, 30, 31, 11, 23, 5, 4, 3, 21, 22, 20, 19, 35, 37, 34, 33]","[33, 34, 37, 35, 19, 20, 22, 21, 3, 4, 5, 23, 11, 31, 30, 24, 84, 81, 82, 88, 103, 87, 95, 100, 96, 97, 38, 57, 56, 45, 49, 51, 39, 46, 47, 52, 65, 72, 80, 79, 59, 69, 73, 94, 66, 68, 60, 62, 86, 70, 0, 2, 1]",True,complete,82,82,1297,0,875,25,850,1526,676,0,0,lowest_first,True,2,77,20,77,22,22,20,22
4,230501,50,98,51,"[1, 2, 6, 7, 8, 9, 10, 12, 13, 14, 15, 16, 17, 18, 25, 26, 27, 28, 29, 32, 36, 40, 41, 42, 43, 44, 48, 50, 53, 54, 55, 58, 61, 63, 64, 67, 71, 74, 75, 76, 77, 78, 83, 85, 89, 90, 91, 92, 93, 98, 99, 101, 102, 104, 105, 106, 107, 108, 109, 110, 111, 112, 114, 115, 116, 117, 118, 119, 120, 121, 122, 123, 124, 125, 126, 127, 128, 129, 130, 131, 132, 133, 134, 135, 136, 137, 138, 139, 140, 141, 142, 143, 144, 145, 146, 147, 148, 149]","[0, 3, 4, 5, 11, 19, 20, 21, 22, 23, 24, 30, 31, 33, 34, 35, 37, 38, 39, 45, 46, 47, 49, 51, 52, 56, 57, 59, 60, 62, 65, 66, 68, 69, 70, 72, 73, 79, 80, 81, 82, 84, 86, 87, 88, 94, 95, 96, 97, 100, 103]","{""support_1"": 84}",[84],1,"[122, 17, 18, 32, 137, 138, 139, 140, 14, 13, 116, 118, 136, 16, 36, 135, 26, 28, 99, 105, 149, 102, 148, 144, 145, 146, 147, 12, 58, 71, 134, 109, 67, 78, 115, 48, 133, 42, 7, 132, 129, 131, 130, 54, 128, 127, 126, 125, 104, 141, 142, 8, 27, 98, 124, 10, 112, 61, 85, 93, 40, 143, 25, 76, 74, 110, 108, 63, 91, 89, 64, 83, 50, 123, 53, 119, 55, 77, 75, 117, 90, 92, 41, 29, 15, 43, 111, 9, 107, 114, 121, 120, 101, 106, 44, 6, 1, 2, 0, 70, 86, 62, 60, 68, 66, 94, 73, 69, 59, 79, 80, 72, 65, 52, 47, 46, 39, 51, 49, 45, 56, 57, 38, 97, 96, 100, 95, 87, 103, 88, 82, 81, 84, 24, 30, 31, 11, 23, 5, 4, 3, 21, 22, 20, 19, 35, 37, 34, 33]",True,6242749934,6.242749934,"[0, 73, 86, 66, 62, 68, 60, 94, 70, 69, 59, 79, 80, 72, 65, 52, 47, 46, 39, 51, 49, 45, 56, 57, 38, 97, 96, 100, 95, 87, 103, 88, 82, 81, 84, 24, 30, 31, 11, 23, 5, 4, 3, 21, 22, 20, 19, 35, 37, 34, 33]","[33, 34, 37, 35, 19, 20, 22, 21, 3, 4, 5, 23, 11, 31, 30, 24, 84, 81, 82, 88, 103, 87, 95, 100, 96, 97, 38, 57, 56, 45, 49, 51, 39, 46, 47, 52, 65, 72, 80, 79, 59, 69, 70, 94, 60, 68, 62, 66, 86, 73, 0]",False,complete,83,83,1310,0,936,28,908,1664,756,0,0,lowest_first,True,2,74,20,74,21,21,20,21
4,230502,51,100,49,"[0, 1, 2, 6, 7, 8, 9, 10, 12, 13, 14, 15, 16, 17, 18, 25, 26, 27, 28, 29, 32, 36, 40, 41, 42, 43, 44, 48, 50, 53, 54, 55, 58, 61, 63, 64, 67, 70, 71, 74, 75, 76, 77, 78, 83, 85, 89, 90, 91, 92, 93, 98, 99, 101, 102, 104, 105, 106, 107, 108, 109, 110, 111, 112, 114, 115, 116, 117, 118, 119, 120, 121, 122, 123, 124, 125, 126, 127, 128, 129, 130, 131, 132, 133, 134, 135, 136, 137, 138, 139, 140, 141, 142, 143, 144, 145, 146, 147, 148, 149]","[3, 4, 5, 11, 19, 20, 21, 22, 23, 24, 30, 31, 33, 34, 35, 37, 38, 39, 45, 46, 47, 49, 51, 52, 56, 57, 59, 60, 62, 65, 66, 68, 69, 72, 73, 79, 80, 81, 82, 84, 86, 87, 88, 94, 95, 96, 97, 100, 103]","{""support_1"": 84, ""support_2"": 86}","[84, 86]",2,"[122, 17, 18, 32, 137, 138, 139, 140, 14, 13, 116, 118, 136, 16, 36, 135, 26, 28, 99, 105, 149, 102, 148, 144, 145, 146, 147, 12, 58, 71, 134, 109, 67, 78, 115, 48, 133, 42, 7, 132, 129, 131, 130, 54, 128, 127, 126, 125, 104, 141, 142, 8, 27, 98, 124, 10, 112, 61, 85, 93, 40, 143, 25, 76, 74, 110, 108, 63, 91, 89, 64, 83, 50, 123, 53, 119, 55, 77, 75, 117, 90, 92, 41, 29, 15, 43, 111, 9, 107, 114, 121, 120, 101, 106, 44, 6, 1, 2, 0, 70, 86, 62, 60, 68, 66, 94, 73, 69, 59, 79, 80, 72, 65, 52, 47, 46, 39, 51, 49, 45, 56, 57, 38, 97, 96, 100, 95, 87, 103, 88, 82, 81, 84, 24, 30, 31, 11, 23, 5, 4, 3, 21, 22, 20, 19, 35, 37, 34, 33]",True,2373096765,2.373096765,"[86, 62, 60, 68, 66, 94, 73, 69, 59, 79, 80, 72, 65, 52, 47, 46, 39, 51, 49, 45, 56, 57, 38, 97, 96, 100, 95, 87, 103, 88, 82, 81, 84, 24, 30, 31, 11, 23, 5, 4, 3, 21, 22, 20, 19, 35, 37, 34, 33]","[33, 34, 37, 35, 19, 20, 22, 21, 3, 4, 5, 23, 11, 31, 30, 24, 84, 81, 82, 88, 103, 87, 95, 100, 96, 97, 38, 57, 56, 45, 49, 51, 39, 46, 47, 52, 65, 72, 80, 79, 59, 69, 73, 94, 66, 68, 60, 62, 86]",True,complete,51,51,726,0,407,0,407,509,102,0,0,lowest_first,True,2,71,19,71,20,20,19,21
4,230503,52,102,47,"[0, 1, 2, 6, 7, 8, 9, 10, 12, 13, 14, 15, 16, 17, 18, 25, 26, 27, 28, 29, 32, 36, 40, 41, 42, 43, 44, 48, 50, 53, 54, 55, 58, 61, 62, 63, 64, 67, 70, 71, 74, 75, 76, 77, 78, 83, 85, 86, 89, 90, 91, 92, 93, 98, 99, 101, 102, 104, 105, 106, 107, 108, 109, 110, 111, 112, 114, 115, 116, 117, 118, 119, 120, 121, 122, 123, 124, 125, 126, 127, 128, 129, 130, 131, 132, 133, 134, 135, 136, 137, 138, 139, 140, 141, 142, 143, 144, 145, 146, 147, 148, 149]","[3, 4, 5, 11, 19, 20, 21, 22, 23, 24, 30, 31, 33, 34, 35, 37, 38, 39, 45, 46, 47, 49, 51, 52, 56, 57, 59, 60, 65, 66, 68, 69, 72, 73, 79, 80, 81, 82, 84, 87, 88, 94, 95, 96, 97, 100, 103]","{""support_1"": 84, ""support_2"": 68}","[68, 84]",2,"[122, 17, 18, 32, 137, 138, 139, 140, 14, 13, 116, 118, 136, 16, 36, 135, 26, 28, 99, 105, 149, 102, 148, 144, 145, 146, 147, 12, 58, 71, 134, 109, 67, 78, 115, 48, 133, 42, 7, 132, 129, 131, 130, 54, 128, 127, 126, 125, 104, 141, 142, 8, 27, 98, 124, 10, 112, 61, 85, 93, 40, 143, 25, 76, 74, 110, 108, 63, 91, 89, 64, 83, 50, 123, 53, 119, 55, 77, 75, 117, 90, 92, 41, 29, 15, 43, 111, 9, 107, 114, 121, 120, 101, 106, 44, 6, 1, 2, 0, 70, 86, 62, 60, 68, 66, 94, 73, 69, 59, 79, 80, 72, 65, 52, 47, 46, 39, 51, 49, 45, 56, 57, 38, 97, 96, 100, 95, 87, 103, 88, 82, 81, 84, 24, 30, 31, 11, 23, 5, 4, 3, 21, 22, 20, 19, 35, 37, 34, 33]",True,1860923284,1.860923284,"[60, 68, 66, 94, 73, 69, 59, 79, 80, 72, 65, 52, 47, 46, 39, 51, 49, 45, 56, 57, 38, 97, 96, 100, 95, 87, 103, 88, 82, 81, 84, 24, 30, 31, 11, 23, 5, 4, 3, 21, 22, 20, 19, 35, 37, 34, 33]","[33, 34, 37, 35, 19, 20, 22, 21, 3, 4, 5, 23, 11, 31, 30, 24, 84, 81, 82, 88, 103, 87, 95, 100, 96, 97, 38, 57, 56, 45, 49, 51, 39, 46, 47, 52, 65, 72, 80, 79, 59, 69, 73, 94, 66, 68, 60]",True,complete,48,48,659,0,343,0,343,408,65,0,0,lowest_first,True,2,67,18,67,20,20,18,20
4,230504,53,104,45,"[0, 1, 2, 6, 7, 8, 9, 10, 12, 13, 14, 15, 16, 17, 18, 25, 26, 27, 28, 29, 32, 36, 40, 41, 42, 43, 44, 48, 50, 53, 54, 55, 58, 60, 61, 62, 63, 64, 67, 68, 70, 71, 74, 75, 76, 77, 78, 83, 85, 86, 89, 90, 91, 92, 93, 98, 99, 101, 102, 104, 105, 106, 107, 108, 109, 110, 111, 112, 114, 115, 116, 117, 118, 119, 120, 121, 122, 123, 124, 125, 126, 127, 128, 129, 130, 131, 132, 133, 134, 135, 136, 137, 138, 139, 140, 141, 142, 143, 144, 145, 146, 147, 148, 149]","[3, 4, 5, 11, 19, 20, 21, 22, 23, 24, 30, 31, 33, 34, 35, 37, 38, 39, 45, 46, 47, 49, 51, 52, 56, 57, 59, 65, 66, 69, 72, 73, 79, 80, 81, 82, 84, 87, 88, 94, 95, 96, 97, 100, 103]","{""support_1"": 84, ""support_2"": 66}","[66, 84]",2,"[122, 17, 18, 32, 137, 138, 139, 140, 14, 13, 116, 118, 136, 16, 36, 135, 26, 28, 99, 105, 149, 102, 148, 144, 145, 146, 147, 12, 58, 71, 134, 109, 67, 78, 115, 48, 133, 42, 7, 132, 129, 131, 130, 54, 128, 127, 126, 125, 104, 141, 142, 8, 27, 98, 124, 10, 112, 61, 85, 93, 40, 143, 25, 76, 74, 110, 108, 63, 91, 89, 64, 83, 50, 123, 53, 119, 55, 77, 75, 117, 90, 92, 41, 29, 15, 43, 111, 9, 107, 114, 121, 120, 101, 106, 44, 6, 1, 2, 0, 70, 86, 62, 60, 68, 66, 94, 73, 69, 59, 79, 80, 72, 65, 52, 47, 46, 39, 51, 49, 45, 56, 57, 38, 97, 96, 100, 95, 87, 103, 88, 82, 81, 84, 24, 30, 31, 11, 23, 5, 4, 3, 21, 22, 20, 19, 35, 37, 34, 33]",True,1666461351,1.666461351,"[66, 94, 73, 69, 59, 79, 80, 72, 65, 52, 47, 46, 39, 51, 49, 45, 56, 57, 38, 97, 96, 100, 95, 87, 103, 88, 82, 81, 84, 24, 30, 31, 11, 23, 5, 4, 3, 21, 22, 20, 19, 35, 37, 34, 33]","[33, 34, 37, 35, 19, 20, 22, 21, 3, 4, 5, 23, 11, 31, 30, 24, 84, 81, 82, 88, 103, 87, 95, 100, 96, 97, 38, 57, 56, 45, 49, 51, 39, 46, 47, 52, 65, 72, 80, 79, 59, 69, 73, 94, 66]",True,complete,46,46,614,0,315,0,315,376,61,0,0,lowest_first,True,2,63,17,63,18,18,17,19
4,230505,54,106,43,"[0, 1, 2, 6, 7, 8, 9, 10, 12, 13, 14, 15, 16, 17, 18, 25, 26, 27, 28, 29, 32, 36, 40, 41, 42, 43, 44, 48, 50, 53, 54, 55, 58, 60, 61, 62, 63, 64, 66, 67, 68, 70, 71, 74, 75, 76, 77, 78, 83, 85, 86, 89, 90, 91, 92, 93, 94, 98, 99, 101, 102, 104, 105, 106, 107, 108, 109, 110, 111, 112, 114, 115, 116, 117, 118, 119, 120, 121, 122, 123, 124, 125, 126, 127, 128, 129, 130, 131, 132, 133, 134, 135, 136, 137, 138, 139, 140, 141, 142, 143, 144, 145, 146, 147, 148, 149]","[3, 4, 5, 11, 19, 20, 21, 22, 23, 24, 30, 31, 33, 34, 35, 37, 38, 39, 45, 46, 47, 49, 51, 52, 56, 57, 59, 65, 69, 72, 73, 79, 80, 81, 82, 84, 87, 88, 95, 96, 97, 100, 103]","{""support_1"": 84, ""support_2"": 73}","[73, 84]",2,"[122, 17, 18, 32, 137, 138, 139, 140, 14, 13, 116, 118, 136, 16, 36, 135, 26, 28, 99, 105, 149, 102, 148, 144, 145, 146, 147, 12, 58, 71, 134, 109, 67, 78, 115, 48, 133, 42, 7, 132, 129, 131, 130, 54, 128, 127, 126, 125, 104, 141, 142, 8, 27, 98, 124, 10, 112, 61, 85, 93, 40, 143, 25, 76, 74, 110, 108, 63, 91, 89, 64, 83, 50, 123, 53, 119, 55, 77, 75, 117, 90, 92, 41, 29, 15, 43, 111, 9, 107, 114, 121, 120, 101, 106, 44, 6, 1, 2, 0, 70, 86, 62, 60, 68, 66, 94, 73, 69, 59, 79, 80, 72, 65, 52, 47, 46, 39, 51, 49, 45, 56, 57, 38, 97, 96, 100, 95, 87, 103, 88, 82, 81, 84, 24, 30, 31, 11, 23, 5, 4, 3, 21, 22, 20, 19, 35, 37, 34, 33]",True,1385632410,1.385632410,"[73, 69, 59, 79, 80, 72, 65, 52, 47, 46, 39, 51, 49, 45, 56, 57, 38, 97, 96, 100, 95, 87, 103, 88, 82, 81, 84, 24, 30, 31, 11, 23, 5, 4, 3, 21, 22, 20, 19, 35, 37, 34, 33]","[33, 34, 37, 35, 19, 20, 22, 21, 3, 4, 5, 23, 11, 31, 30, 24, 84, 81, 82, 88, 103, 87, 95, 100, 96, 97, 38, 57, 56, 45, 49, 51, 39, 46, 47, 52, 65, 72, 80, 79, 59, 69, 73]",True,complete,44,44,571,0,281,0,281,342,61,0,0,lowest_first,True,2,59,16,59,17,17,16,18
4,230506,55,108,41,"[0, 1, 2, 6, 7, 8, 9, 10, 12, 13, 14, 15, 16, 17, 18, 25, 26, 27, 28, 29, 32, 36, 40, 41, 42, 43, 44, 48, 50, 53, 54, 55, 58, 60, 61, 62, 63, 64, 66, 67, 68, 69, 70, 71, 73, 74, 75, 76, 77, 78, 83, 85, 86, 89, 90, 91, 92, 93, 94, 98, 99, 101, 102, 104, 105, 106, 107, 108, 109, 110, 111, 112, 114, 115, 116, 117, 118, 119, 120, 121, 122, 123, 124, 125, 126, 127, 128, 129, 130, 131, 132, 133, 134, 135, 136, 137, 138, 139, 140, 141, 142, 143, 144, 145, 146, 147, 148, 149]","[3, 4, 5, 11, 19, 20, 21, 22, 23, 24, 30, 31, 33, 34, 35, 37, 38, 39, 45, 46, 47, 49, 51, 52, 56, 57, 59, 65, 72, 79, 80, 81, 82, 84, 87, 88, 95, 96, 97, 100, 103]","{""support_1"": 84, ""support_2"": 80}","[80, 84]",2,"[122, 17, 18, 32, 137, 138, 139, 140, 14, 13, 116, 118, 136, 16, 36, 135, 26, 28, 99, 105, 149, 102, 148, 144, 145, 146, 147, 12, 58, 71, 134, 109, 67, 78, 115, 48, 133, 42, 7, 132, 129, 131, 130, 54, 128, 127, 126, 125, 104, 141, 142, 8, 27, 98, 124, 10, 112, 61, 85, 93, 40, 143, 25, 76, 74, 110, 108, 63, 91, 89, 64, 83, 50, 123, 53, 119, 55, 77, 75, 117, 90, 92, 41, 29, 15, 43, 111, 9, 107, 114, 121, 120, 101, 106, 44, 6, 1, 2, 0, 70, 86, 62, 60, 68, 66, 94, 73, 69, 59, 79, 80, 72, 65, 52, 47, 46, 39, 51, 49, 45, 56, 57, 38, 97, 96, 100, 95, 87, 103, 88, 82, 81, 84, 24, 30, 31, 11, 23, 5, 4, 3, 21, 22, 20, 19, 35, 37, 34, 33]",True,1087896584,1.087896584,"[59, 79, 80, 72, 65, 52, 47, 46, 39, 51, 49, 45, 56, 57, 38, 97, 96, 100, 95, 87, 103, 88, 82, 81, 84, 24, 30, 31, 11, 23, 5, 4, 3, 21, 22, 20, 19, 35, 37, 34, 33]","[33, 34, 37, 35, 19, 20, 22, 21, 3, 4, 5, 23, 11, 31, 30, 24, 84, 81, 82, 88, 103, 87, 95, 100, 96, 97, 38, 57, 56, 45, 49, 51, 39, 46, 47, 52, 65, 72, 80, 79, 59]",True,complete,41,41,512,0,232,0,232,281,49,0,0,lowest_first,True,2,55,15,55,17,17,15,17
4,230507,56,110,39,"[0, 1, 2, 6, 7, 8, 9, 10, 12, 13, 14, 15, 16, 17, 18, 25, 26, 27, 28, 29, 32, 36, 40, 41, 42, 43, 44, 48, 50, 53, 54, 55, 58, 59, 60, 61, 62, 63, 64, 66, 67, 68, 69, 70, 71, 73, 74, 75, 76, 77, 78, 79, 83, 85, 86, 89, 90, 91, 92, 93, 94, 98, 99, 101, 102, 104, 105, 106, 107, 108, 109, 110, 111, 112, 114, 115, 116, 117, 118, 119, 120, 121, 122, 123, 124, 125, 126, 127, 128, 129, 130, 131, 132, 133, 134, 135, 136, 137, 138, 139, 140, 141, 142, 143, 144, 145, 146, 147, 148, 149]","[3, 4, 5, 11, 19, 20, 21, 22, 23, 24, 30, 31, 33, 34, 35, 37, 38, 39, 45, 46, 47, 49, 51, 52, 56, 57, 65, 72, 80, 81, 82, 84, 87, 88, 95, 96, 97, 100, 103]","{""support_1"": 84, ""support_2"": 80}","[80, 84]",2,"[122, 17, 18, 32, 137, 138, 139, 140, 14, 13, 116, 118, 136, 16, 36, 135, 26, 28, 99, 105, 149, 102, 148, 144, 145, 146, 147, 12, 58, 71, 134, 109, 67, 78, 115, 48, 133, 42, 7, 132, 129, 131, 130, 54, 128, 127, 126, 125, 104, 141, 142, 8, 27, 98, 124, 10, 112, 61, 85, 93, 40, 143, 25, 76, 74, 110, 108, 63, 91, 89, 64, 83, 50, 123, 53, 119, 55, 77, 75, 117, 90, 92, 41, 29, 15, 43, 111, 9, 107, 114, 121, 120, 101, 106, 44, 6, 1, 2, 0, 70, 86, 62, 60, 68, 66, 94, 73, 69, 59, 79, 80, 72, 65, 52, 47, 46, 39, 51, 49, 45, 56, 57, 38, 97, 96, 100, 95, 87, 103, 88, 82, 81, 84, 24, 30, 31, 11, 23, 5, 4, 3, 21, 22, 20, 19, 35, 37, 34, 33]",True,1024527729,1.024527729,"[80, 72, 65, 52, 47, 46, 39, 51, 49, 45, 56, 57, 38, 97, 96, 100, 95, 87, 103, 88, 82, 81, 84, 24, 30, 31, 11, 23, 5, 4, 3, 21, 22, 20, 19, 35, 37, 34, 33]","[33, 34, 37, 35, 19, 20, 22, 21, 3, 4, 5, 23, 11, 31, 30, 24, 84, 81, 82, 88, 103, 87, 95, 100, 96, 97, 38, 57, 56, 45, 49, 51, 39, 46, 47, 52, 65, 72, 80]",True,complete,39,39,473,0,223,0,223,272,49,0,0,lowest_first,True,2,51,15,51,16,16,15,17
4,230508,57,112,37,"[0, 1, 2, 6, 7, 8, 9, 10, 12, 13, 14, 15, 16, 17, 18, 25, 26, 27, 28, 29, 32, 36, 40, 41, 42, 43, 44, 48, 50, 53, 54, 55, 58, 59, 60, 61, 62, 63, 64, 66, 67, 68, 69, 70, 71, 72, 73, 74, 75, 76, 77, 78, 79, 80, 83, 85, 86, 89, 90, 91, 92, 93, 94, 98, 99, 101, 102, 104, 105, 106, 107, 108, 109, 110, 111, 112, 114, 115, 116, 117, 118, 119, 120, 121, 122, 123, 124, 125, 126, 127, 128, 129, 130, 131, 132, 133, 134, 135, 136, 137, 138, 139, 140, 141, 142, 143, 144, 145, 146, 147, 148, 149]","[3, 4, 5, 11, 19, 20, 21, 22, 23, 24, 30, 31, 33, 34, 35, 37, 38, 39, 45, 46, 47, 49, 51, 52, 56, 57, 65, 81, 82, 84, 87, 88, 95, 96, 97, 100, 103]","{""support_1"": 84}",[84],1,"[122, 17, 18, 32, 137, 138, 139, 140, 14, 13, 116, 118, 136, 16, 36, 135, 26, 28, 99, 105, 149, 102, 148, 144, 145, 146, 147, 12, 58, 71, 134, 109, 67, 78, 115, 48, 133, 42, 7, 132, 129, 131, 130, 54, 128, 127, 126, 125, 104, 141, 142, 8, 27, 98, 124, 10, 112, 61, 85, 93, 40, 143, 25, 76, 74, 110, 108, 63, 91, 89, 64, 83, 50, 123, 53, 119, 55, 77, 75, 117, 90, 92, 41, 29, 15, 43, 111, 9, 107, 114, 121, 120, 101, 106, 44, 6, 1, 2, 0, 70, 86, 62, 60, 68, 66, 94, 73, 69, 59, 79, 80, 72, 65, 52, 47, 46, 39, 51, 49, 45, 56, 57, 38, 97, 96, 100, 95, 87, 103, 88, 82, 81, 84, 24, 30, 31, 11, 23, 5, 4, 3, 21, 22, 20, 19, 35, 37, 34, 33]",True,865800525,0.865800525,"[65, 52, 47, 46, 39, 51, 49, 45, 56, 57, 38, 97, 96, 100, 95, 87, 103, 88, 82, 81, 84, 24, 30, 31, 11, 23, 5, 4, 3, 21, 22, 20, 19, 35, 37, 34, 33]","[33, 34, 37, 35, 19, 20, 22, 21, 3, 4, 5, 23, 11, 31, 30, 24, 84, 81, 82, 88, 103, 87, 95, 100, 96, 97, 38, 57, 56, 45, 49, 51, 39, 46, 47, 52, 65]",True,complete,37,37,439,0,204,0,204,253,49,0,0,lowest_first,True,2,48,14,48,15,15,14,15
4,230509,58,114,35,"[0, 1, 2, 6, 7, 8, 9, 10, 12, 13, 14, 15, 16, 17, 18, 25, 26, 27, 28, 29, 32, 36, 40, 41, 42, 43, 44, 48, 50, 52, 53, 54, 55, 58, 59, 60, 61, 62, 63, 64, 65, 66, 67, 68, 69, 70, 71, 72, 73, 74, 75, 76, 77, 78, 79, 80, 83, 85, 86, 89, 90, 91, 92, 93, 94, 98, 99, 101, 102, 104, 105, 106, 107, 108, 109, 110, 111, 112, 114, 115, 116, 117, 118, 119, 120, 121, 122, 123, 124, 125, 126, 127, 128, 129, 130, 131, 132, 133, 134, 135, 136, 137, 138, 139, 140, 141, 142, 143, 144, 145, 146, 147, 148, 149]","[3, 4, 5, 11, 19, 20, 21, 22, 23, 24, 30, 31, 33, 34, 35, 37, 38, 39, 45, 46, 47, 49, 51, 56, 57, 81, 82, 84, 87, 88, 95, 96, 97, 100, 103]","{""support_1"": 84, ""support_2"": 47}","[47, 84]",2,"[122, 17, 18, 32, 137, 138, 139, 140, 14, 13, 116, 118, 136, 16, 36, 135, 26, 28, 99, 105, 149, 102, 148, 144, 145, 146, 147, 12, 58, 71, 134, 109, 67, 78, 115, 48, 133, 42, 7, 132, 129, 131, 130, 54, 128, 127, 126, 125, 104, 141, 142, 8, 27, 98, 124, 10, 112, 61, 85, 93, 40, 143, 25, 76, 74, 110, 108, 63, 91, 89, 64, 83, 50, 123, 53, 119, 55, 77, 75, 117, 90, 92, 41, 29, 15, 43, 111, 9, 107, 114, 121, 120, 101, 106, 44, 6, 1, 2, 0, 70, 86, 62, 60, 68, 66, 94, 73, 69, 59, 79, 80, 72, 65, 52, 47, 46, 39, 51, 49, 45, 56, 57, 38, 97, 96, 100, 95, 87, 103, 88, 82, 81, 84, 24, 30, 31, 11, 23, 5, 4, 3, 21, 22, 20, 19, 35, 37, 34, 33]",True,748503602,0.748503602,"[47, 46, 39, 51, 49, 45, 56, 57, 38, 97, 96, 100, 95, 87, 103, 88, 82, 81, 84, 24, 30, 31, 11, 23, 5, 4, 3, 21, 22, 20, 19, 35, 37, 34, 33]","[33, 34, 37, 35, 19, 20, 22, 21, 3, 4, 5, 23, 11, 31, 30, 24, 84, 81, 82, 88, 103, 87, 95, 100, 96, 97, 38, 57, 56, 45, 49, 51, 39, 46, 47]",True,complete,35,35,378,0,185,0,185,221,36,0,0,lowest_first,True,2,45,13,45,14,14,13,15
4,230510,59,116,33,"[0, 1, 2, 6, 7, 8, 9, 10, 12, 13, 14, 15, 16, 17, 18, 25, 26, 27, 28, 29, 32, 36, 40, 41, 42, 43, 44, 46, 47, 48, 50, 52, 53, 54, 55, 58, 59, 60, 61, 62, 63, 64, 65, 66, 67, 68, 69, 70, 71, 72, 73, 74, 75, 76, 77, 78, 79, 80, 83, 85, 86, 89, 90, 91, 92, 93, 94, 98, 99, 101, 102, 104, 105, 106, 107, 108, 109, 110, 111, 112, 114, 115, 116, 117, 118, 119, 120, 121, 122, 123, 124, 125, 126, 127, 128, 129, 130, 131, 132, 133, 134, 135, 136, 137, 138, 139, 140, 141, 142, 143, 144, 145, 146, 147, 148, 149]","[3, 4, 5, 11, 19, 20, 21, 22, 23, 24, 30, 31, 33, 34, 35, 37, 38, 39, 45, 49, 51, 56, 57, 81, 82, 84, 87, 88, 95, 96, 97, 100, 103]","{""support_1"": 84, ""support_2"": 51}","[51, 84]",2,"[122, 17, 18, 32, 137, 138, 139, 140, 14, 13, 116, 118, 136, 16, 36, 135, 26, 28, 99, 105, 149, 102, 148, 144, 145, 146, 147, 12, 58, 71, 134, 109, 67, 78, 115, 48, 133, 42, 7, 132, 129, 131, 130, 54, 128, 127, 126, 125, 104, 141, 142, 8, 27, 98, 124, 10, 112, 61, 85, 93, 40, 143, 25, 76, 74, 110, 108, 63, 91, 89, 64, 83, 50, 123, 53, 119, 55, 77, 75, 117, 90, 92, 41, 29, 15, 43, 111, 9, 107, 114, 121, 120, 101, 106, 44, 6, 1, 2, 0, 70, 86, 62, 60, 68, 66, 94, 73, 69, 59, 79, 80, 72, 65, 52, 47, 46, 39, 51, 49, 45, 56, 57, 38, 97, 96, 100, 95, 87, 103, 88, 82, 81, 84, 24, 30, 31, 11, 23, 5, 4, 3, 21, 22, 20, 19, 35, 37, 34, 33]",True,574184861,0.574184861,"[39, 51, 49, 45, 56, 57, 38, 97, 96, 100, 95, 87, 103, 88, 82, 81, 84, 24, 30, 31, 11, 23, 5, 4, 3, 21, 22, 20, 19, 35, 37, 34, 33]","[33, 34, 37, 35, 19, 20, 22, 21, 3, 4, 5, 23, 11, 31, 30, 24, 84, 81, 82, 88, 103, 87, 95, 100, 96, 97, 38, 57, 56, 45, 49, 51, 39]",True,complete,33,33,344,0,151,0,151,183,32,0,0,lowest_first,True,2,41,11,41,13,13,11,13
4,230511,60,118,31,"[0, 1, 2, 6, 7, 8, 9, 10, 12, 13, 14, 15, 16, 17, 18, 25, 26, 27, 28, 29, 32, 36, 39, 40, 41, 42, 43, 44, 46, 47, 48, 50, 51, 52, 53, 54, 55, 58, 59, 60, 61, 62, 63, 64, 65, 66, 67, 68, 69, 70, 71, 72, 73, 74, 75, 76, 77, 78, 79, 80, 83, 85, 86, 89, 90, 91, 92, 93, 94, 98, 99, 101, 102, 104, 105, 106, 107, 108, 109, 110, 111, 112, 114, 115, 116, 117, 118, 119, 120, 121, 122, 123, 124, 125, 126, 127, 128, 129, 130, 131, 132, 133, 134, 135, 136, 137, 138, 139, 140, 141, 142, 143, 144, 145, 146, 147, 148, 149]","[3, 4, 5, 11, 19, 20, 21, 22, 23, 24, 30, 31, 33, 34, 35, 37, 38, 45, 49, 56, 57, 81, 82, 84, 87, 88, 95, 96, 97, 100, 103]","{""support_1"": 84, ""support_2"": 57}","[57, 84]",2,"[122, 17, 18, 32, 137, 138, 139, 140, 14, 13, 116, 118, 136, 16, 36, 135, 26, 28, 99, 105, 149, 102, 148, 144, 145, 146, 147, 12, 58, 71, 134, 109, 67, 78, 115, 48, 133, 42, 7, 132, 129, 131, 130, 54, 128, 127, 126, 125, 104, 141, 142, 8, 27, 98, 124, 10, 112, 61, 85, 93, 40, 143, 25, 76, 74, 110, 108, 63, 91, 89, 64, 83, 50, 123, 53, 119, 55, 77, 75, 117, 90, 92, 41, 29, 15, 43, 111, 9, 107, 114, 121, 120, 101, 106, 44, 6, 1, 2, 0, 70, 86, 62, 60, 68, 66, 94, 73, 69, 59, 79, 80, 72, 65, 52, 47, 46, 39, 51, 49, 45, 56, 57, 38, 97, 96, 100, 95, 87, 103, 88, 82, 81, 84, 24, 30, 31, 11, 23, 5, 4, 3, 21, 22, 20, 19, 35, 37, 34, 33]",True,454437212,0.454437212,"[49, 45, 56, 57, 38, 97, 96, 100, 95, 87, 103, 88, 82, 81, 84, 24, 30, 31, 11, 23, 5, 4, 3, 21, 22, 20, 19, 35, 37, 34, 33]","[33, 34, 37, 35, 19, 20, 22, 21, 3, 4, 5, 23, 11, 31, 30, 24, 84, 81, 82, 88, 103, 87, 95, 100, 96, 97, 38, 57, 56, 45, 49]",True,complete,31,31,313,0,131,0,131,162,31,0,0,lowest_first,True,2,37,10,37,12,12,10,12
4,230512,61,120,29,"[0, 1, 2, 6, 7, 8, 9, 10, 12, 13, 14, 15, 16, 17, 18, 25, 26, 27, 28, 29, 32, 36, 39, 40, 41, 42, 43, 44, 45, 46, 47, 48, 49, 50, 51, 52, 53, 54, 55, 58, 59, 60, 61, 62, 63, 64, 65, 66, 67, 68, 69, 70, 71, 72, 73, 74, 75, 76, 77, 78, 79, 80, 83, 85, 86, 89, 90, 91, 92, 93, 94, 98, 99, 101, 102, 104, 105, 106, 107, 108, 109, 110, 111, 112, 114, 115, 116, 117, 118, 119, 120, 121, 122, 123, 124, 125, 126, 127, 128, 129, 130, 131, 132, 133, 134, 135, 136, 137, 138, 139, 140, 141, 142, 143, 144, 145, 146, 147, 148, 149]","[3, 4, 5, 11, 19, 20, 21, 22, 23, 24, 30, 31, 33, 34, 35, 37, 38, 56, 57, 81, 82, 84, 87, 88, 95, 96, 97, 100, 103]","{""support_1"": 84, ""support_2"": 57}","[57, 84]",2,"[122, 17, 18, 32, 137, 138, 139, 140, 14, 13, 116, 118, 136, 16, 36, 135, 26, 28, 99, 105, 149, 102, 148, 144, 145, 146, 147, 12, 58, 71, 134, 109, 67, 78, 115, 48, 133, 42, 7, 132, 129, 131, 130, 54, 128, 127, 126, 125, 104, 141, 142, 8, 27, 98, 124, 10, 112, 61, 85, 93, 40, 143, 25, 76, 74, 110, 108, 63, 91, 89, 64, 83, 50, 123, 53, 119, 55, 77, 75, 117, 90, 92, 41, 29, 15, 43, 111, 9, 107, 114, 121, 120, 101, 106, 44, 6, 1, 2, 0, 70, 86, 62, 60, 68, 66, 94, 73, 69, 59, 79, 80, 72, 65, 52, 47, 46, 39, 51, 49, 45, 56, 57, 38, 97, 96, 100, 95, 87, 103, 88, 82, 81, 84, 24, 30, 31, 11, 23, 5, 4, 3, 21, 22, 20, 19, 35, 37, 34, 33]",True,448113869,0.448113869,"[56, 57, 38, 97, 96, 100, 95, 87, 103, 88, 82, 81, 84, 24, 30, 31, 11, 23, 5, 4, 3, 21, 22, 20, 19, 35, 37, 34, 33]","[33, 34, 37, 35, 19, 20, 22, 21, 3, 4, 5, 23, 11, 31, 30, 24, 84, 81, 82, 88, 103, 87, 95, 100, 96, 97, 38, 57, 56]",True,complete,29,29,283,0,123,0,123,154,31,0,0,lowest_first,True,2,33,10,33,12,12,10,12
4,230513,62,122,27,"[0, 1, 2, 6, 7, 8, 9, 10, 12, 13, 14, 15, 16, 17, 18, 25, 26, 27, 28, 29, 32, 36, 39, 40, 41, 42, 43, 44, 45, 46, 47, 48, 49, 50, 51, 52, 53, 54, 55, 56, 57, 58, 59, 60, 61, 62, 63, 64, 65, 66, 67, 68, 69, 70, 71, 72, 73, 74, 75, 76, 77, 78, 79, 80, 83, 85, 86, 89, 90, 91, 92, 93, 94, 98, 99, 101, 102, 104, 105, 106, 107, 108, 109, 110, 111, 112, 114, 115, 116, 117, 118, 119, 120, 121, 122, 123, 124, 125, 126, 127, 128, 129, 130, 131, 132, 133, 134, 135, 136, 137, 138, 139, 140, 141, 142, 143, 144, 145, 146, 147, 148, 149]","[3, 4, 5, 11, 19, 20, 21, 22, 23, 24, 30, 31, 33, 34, 35, 37, 38, 81, 82, 84, 87, 88, 95, 96, 97, 100, 103]","{""support_1"": 84, ""support_2"": 38}","[38, 84]",2,"[122, 17, 18, 32, 137, 138, 139, 140, 14, 13, 116, 118, 136, 16, 36, 135, 26, 28, 99, 105, 149, 102, 148, 144, 145, 146, 147, 12, 58, 71, 134, 109, 67, 78, 115, 48, 133, 42, 7, 132, 129, 131, 130, 54, 128, 127, 126, 125, 104, 141, 142, 8, 27, 98, 124, 10, 112, 61, 85, 93, 40, 143, 25, 76, 74, 110, 108, 63, 91, 89, 64, 83, 50, 123, 53, 119, 55, 77, 75, 117, 90, 92, 41, 29, 15, 43, 111, 9, 107, 114, 121, 120, 101, 106, 44, 6, 1, 2, 0, 70, 86, 62, 60, 68, 66, 94, 73, 69, 59, 79, 80, 72, 65, 52, 47, 46, 39, 51, 49, 45, 56, 57, 38, 97, 96, 100, 95, 87, 103, 88, 82, 81, 84, 24, 30, 31, 11, 23, 5, 4, 3, 21, 22, 20, 19, 35, 37, 34, 33]",True,313975224,0.313975224,"[38, 97, 96, 100, 95, 87, 103, 88, 82, 81, 84, 24, 30, 31, 11, 23, 5, 4, 3, 21, 22, 20, 19, 35, 37, 34, 33]","[33, 34, 37, 35, 19, 20, 22, 21, 3, 4, 5, 23, 11, 31, 30, 24, 84, 81, 82, 88, 103, 87, 95, 100, 96, 97, 38]",True,complete,27,27,256,0,101,0,101,132,31,0,0,lowest_first,True,2,29,9,29,10,10,9,11
4,230514,63,124,25,"[0, 1, 2, 6, 7, 8, 9, 10, 12, 13, 14, 15, 16, 17, 18, 25, 26, 27, 28, 29, 32, 36, 38, 39, 40, 41, 42, 43, 44, 45, 46, 47, 48, 49, 50, 51, 52, 53, 54, 55, 56, 57, 58, 59, 60, 61, 62, 63, 64, 65, 66, 67, 68, 69, 70, 71, 72, 73, 74, 75, 76, 77, 78, 79, 80, 83, 85, 86, 89, 90, 91, 92, 93, 94, 97, 98, 99, 101, 102, 104, 105, 106, 107, 108, 109, 110, 111, 112, 114, 115, 116, 117, 118, 119, 120, 121, 122, 123, 124, 125, 126, 127, 128, 129, 130, 131, 132, 133, 134, 135, 136, 137, 138, 139, 140, 141, 142, 143, 144, 145, 146, 147, 148, 149]","[3, 4, 5, 11, 19, 20, 21, 22, 23, 24, 30, 31, 33, 34, 35, 37, 81, 82, 84, 87, 88, 95, 96, 100, 103]","{""support_1"": 84, ""support_2"": 100}","[84, 100]",2,"[122, 17, 18, 32, 137, 138, 139, 140, 14, 13, 116, 118, 136, 16, 36, 135, 26, 28, 99, 105, 149, 102, 148, 144, 145, 146, 147, 12, 58, 71, 134, 109, 67, 78, 115, 48, 133, 42, 7, 132, 129, 131, 130, 54, 128, 127, 126, 125, 104, 141, 142, 8, 27, 98, 124, 10, 112, 61, 85, 93, 40, 143, 25, 76, 74, 110, 108, 63, 91, 89, 64, 83, 50, 123, 53, 119, 55, 77, 75, 117, 90, 92, 41, 29, 15, 43, 111, 9, 107, 114, 121, 120, 101, 106, 44, 6, 1, 2, 0, 70, 86, 62, 60, 68, 66, 94, 73, 69, 59, 79, 80, 72, 65, 52, 47, 46, 39, 51, 49, 45, 56, 57, 38, 97, 96, 100, 95, 87, 103, 88, 82, 81, 84, 24, 30, 31, 11, 23, 5, 4, 3, 21, 22, 20, 19, 35, 37, 34, 33]",True,253765431,0.253765431,"[96, 100, 95, 87, 103, 88, 82, 81, 84, 24, 30, 31, 11, 23, 5, 4, 3, 21, 22, 20, 19, 35, 37, 34, 33]","[33, 34, 37, 35, 19, 20, 22, 21, 3, 4, 5, 23, 11, 31, 30, 24, 84, 81, 82, 88, 103, 87, 95, 100, 96]",True,complete,25,25,223,0,88,0,88,106,18,0,0,lowest_first,True,2,26,8,26,10,10,8,10
4,230515,64,126,23,"[0, 1, 2, 6, 7, 8, 9, 10, 12, 13, 14, 15, 16, 17, 18, 25, 26, 27, 28, 29, 32, 36, 38, 39, 40, 41, 42, 43, 44, 45, 46, 47, 48, 49, 50, 51, 52, 53, 54, 55, 56, 57, 58, 59, 60, 61, 62, 63, 64, 65, 66, 67, 68, 69, 70, 71, 72, 73, 74, 75, 76, 77, 78, 79, 80, 83, 85, 86, 89, 90, 91, 92, 93, 94, 96, 97, 98, 99, 100, 101, 102, 104, 105, 106, 107, 108, 109, 110, 111, 112, 114, 115, 116, 117, 118, 119, 120, 121, 122, 123, 124, 125, 126, 127, 128, 129, 130, 131, 132, 133, 134, 135, 136, 137, 138, 139, 140, 141, 142, 143, 144, 145, 146, 147, 148, 149]","[3, 4, 5, 11, 19, 20, 21, 22, 23, 24, 30, 31, 33, 34, 35, 37, 81, 82, 84, 87, 88, 95, 103]","{""support_1"": 84}",[84],1,"[122, 17, 18, 32, 137, 138, 139, 140, 14, 13, 116, 118, 136, 16, 36, 135, 26, 28, 99, 105, 149, 102, 148, 144, 145, 146, 147, 12, 58, 71, 134, 109, 67, 78, 115, 48, 133, 42, 7, 132, 129, 131, 130, 54, 128, 127, 126, 125, 104, 141, 142, 8, 27, 98, 124, 10, 112, 61, 85, 93, 40, 143, 25, 76, 74, 110, 108, 63, 91, 89, 64, 83, 50, 123, 53, 119, 55, 77, 75, 117, 90, 92, 41, 29, 15, 43, 111, 9, 107, 114, 121, 120, 101, 106, 44, 6, 1, 2, 0, 70, 86, 62, 60, 68, 66, 94, 73, 69, 59, 79, 80, 72, 65, 52, 47, 46, 39, 51, 49, 45, 56, 57, 38, 97, 96, 100, 95, 87, 103, 88, 82, 81, 84, 24, 30, 31, 11, 23, 5, 4, 3, 21, 22, 20, 19, 35, 37, 34, 33]",True,242121555,0.242121555,"[95, 87, 103, 88, 82, 81, 84, 24, 30, 31, 11, 23, 5, 4, 3, 21, 22, 20, 19, 35, 37, 34, 33]","[33, 34, 37, 35, 19, 20, 22, 21, 3, 4, 5, 23, 11, 31, 30, 24, 84, 81, 82, 88, 103, 87, 95]",True,complete,23,23,199,0,85,0,85,103,18,0,0,lowest_first,True,2,23,8,23,9,9,8,9
4,230516,65,128,21,"[0, 1, 2, 6, 7, 8, 9, 10, 12, 13, 14, 15, 16, 17, 18, 25, 26, 27, 28, 29, 32, 36, 38, 39, 40, 41, 42, 43, 44, 45, 46, 47, 48, 49, 50, 51, 52, 53, 54, 55, 56, 57, 58, 59, 60, 61, 62, 63, 64, 65, 66, 67, 68, 69, 70, 71, 72, 73, 74, 75, 76, 77, 78, 79, 80, 83, 85, 86, 87, 89, 90, 91, 92, 93, 94, 95, 96, 97, 98, 99, 100, 101, 102, 104, 105, 106, 107, 108, 109, 110, 111, 112, 114, 115, 116, 117, 118, 119, 120, 121, 122, 123, 124, 125, 126, 127, 128, 129, 130, 131, 132, 133, 134, 135, 136, 137, 138, 139, 140, 141, 142, 143, 144, 145, 146, 147, 148, 149]","[3, 4, 5, 11, 19, 20, 21, 22, 23, 24, 30, 31, 33, 34, 35, 37, 81, 82, 84, 88, 103]","{""support_1"": 84, ""support_2"": 103}","[84, 103]",2,"[122, 17, 18, 32, 137, 138, 139, 140, 14, 13, 116, 118, 136, 16, 36, 135, 26, 28, 99, 105, 149, 102, 148, 144, 145, 146, 147, 12, 58, 71, 134, 109, 67, 78, 115, 48, 133, 42, 7, 132, 129, 131, 130, 54, 128, 127, 126, 125, 104, 141, 142, 8, 27, 98, 124, 10, 112, 61, 85, 93, 40, 143, 25, 76, 74, 110, 108, 63, 91, 89, 64, 83, 50, 123, 53, 119, 55, 77, 75, 117, 90, 92, 41, 29, 15, 43, 111, 9, 107, 114, 121, 120, 101, 106, 44, 6, 1, 2, 0, 70, 86, 62, 60, 68, 66, 94, 73, 69, 59, 79, 80, 72, 65, 52, 47, 46, 39, 51, 49, 45, 56, 57, 38, 97, 96, 100, 95, 87, 103, 88, 82, 81, 84, 24, 30, 31, 11, 23, 5, 4, 3, 21, 22, 20, 19, 35, 37, 34, 33]",True,188033725,0.188033725,"[103, 88, 82, 81, 84, 24, 30, 31, 11, 23, 5, 4, 3, 21, 22, 20, 19, 35, 37, 34, 33]","[33, 34, 37, 35, 19, 20, 22, 21, 3, 4, 5, 23, 11, 31, 30, 24, 84, 81, 82, 88, 103]",True,complete,21,21,169,0,68,0,68,77,9,0,0,lowest_first,True,2,19,7,19,8,8,7,9
4,230517,66,130,19,"[0, 1, 2, 6, 7, 8, 9, 10, 12, 13, 14, 15, 16, 17, 18, 25, 26, 27, 28, 29, 32, 36, 38, 39, 40, 41, 42, 43, 44, 45, 46, 47, 48, 49, 50, 51, 52, 53, 54, 55, 56, 57, 58, 59, 60, 61, 62, 63, 64, 65, 66, 67, 68, 69, 70, 71, 72, 73, 74, 75, 76, 77, 78, 79, 80, 83, 85, 86, 87, 88, 89, 90, 91, 92, 93, 94, 95, 96, 97, 98, 99, 100, 101, 102, 103, 104, 105, 106, 107, 108, 109, 110, 111, 112, 114, 115, 116, 117, 118, 119, 120, 121, 122, 123, 124, 125, 126, 127, 128, 129, 130, 131, 132, 133, 134, 135, 136, 137, 138, 139, 140, 141, 142, 143, 144, 145, 146, 147, 148, 149]","[3, 4, 5, 11, 19, 20, 21, 22, 23, 24, 30, 31, 33, 34, 35, 37, 81, 82, 84]","{""support_1"": 84}",[84],1,"[122, 17, 18, 32, 137, 138, 139, 140, 14, 13, 116, 118, 136, 16, 36, 135, 26, 28, 99, 105, 149, 102, 148, 144, 145, 146, 147, 12, 58, 71, 134, 109, 67, 78, 115, 48, 133, 42, 7, 132, 129, 131, 130, 54, 128, 127, 126, 125, 104, 141, 142, 8, 27, 98, 124, 10, 112, 61, 85, 93, 40, 143, 25, 76, 74, 110, 108, 63, 91, 89, 64, 83, 50, 123, 53, 119, 55, 77, 75, 117, 90, 92, 41, 29, 15, 43, 111, 9, 107, 114, 121, 120, 101, 106, 44, 6, 1, 2, 0, 70, 86, 62, 60, 68, 66, 94, 73, 69, 59, 79, 80, 72, 65, 52, 47, 46, 39, 51, 49, 45, 56, 57, 38, 97, 96, 100, 95, 87, 103, 88, 82, 81, 84, 24, 30, 31, 11, 23, 5, 4, 3, 21, 22, 20, 19, 35, 37, 34, 33]",True,132756533,0.132756533,"[82, 81, 84, 24, 30, 31, 11, 23, 5, 4, 3, 21, 22, 20, 19, 35, 37, 34, 33]","[33, 34, 37, 35, 19, 20, 22, 21, 3, 4, 5, 23, 11, 31, 30, 24, 84, 81, 82]",True,complete,19,19,149,0,56,0,56,65,9,0,0,lowest_first,True,1,16,6,16,7,7,6,7
4,230518,67,132,17,"[0, 1, 2, 6, 7, 8, 9, 10, 12, 13, 14, 15, 16, 17, 18, 25, 26, 27, 28, 29, 32, 36, 38, 39, 40, 41, 42, 43, 44, 45, 46, 47, 48, 49, 50, 51, 52, 53, 54, 55, 56, 57, 58, 59, 60, 61, 62, 63, 64, 65, 66, 67, 68, 69, 70, 71, 72, 73, 74, 75, 76, 77, 78, 79, 80, 81, 82, 83, 85, 86, 87, 88, 89, 90, 91, 92, 93, 94, 95, 96, 97, 98, 99, 100, 101, 102, 103, 104, 105, 106, 107, 108, 109, 110, 111, 112, 114, 115, 116, 117, 118, 119, 120, 121, 122, 123, 124, 125, 126, 127, 128, 129, 130, 131, 132, 133, 134, 135, 136, 137, 138, 139, 140, 141, 142, 143, 144, 145, 146, 147, 148, 149]","[3, 4, 5, 11, 19, 20, 21, 22, 23, 24, 30, 31, 33, 34, 35, 37, 84]","{""support_1"": 84}",[84],1,"[122, 17, 18, 32, 137, 138, 139, 140, 14, 13, 116, 118, 136, 16, 36, 135, 26, 28, 99, 105, 149, 102, 148, 144, 145, 146, 147, 12, 58, 71, 134, 109, 67, 78, 115, 48, 133, 42, 7, 132, 129, 131, 130, 54, 128, 127, 126, 125, 104, 141, 142, 8, 27, 98, 124, 10, 112, 61, 85, 93, 40, 143, 25, 76, 74, 110, 108, 63, 91, 89, 64, 83, 50, 123, 53, 119, 55, 77, 75, 117, 90, 92, 41, 29, 15, 43, 111, 9, 107, 114, 121, 120, 101, 106, 44, 6, 1, 2, 0, 70, 86, 62, 60, 68, 66, 94, 73, 69, 59, 79, 80, 72, 65, 52, 47, 46, 39, 51, 49, 45, 56, 57, 38, 97, 96, 100, 95, 87, 103, 88, 82, 81, 84, 24, 30, 31, 11, 23, 5, 4, 3, 21, 22, 20, 19, 35, 37, 34, 33]",True,114885319,0.114885319,"[84, 24, 30, 31, 11, 23, 5, 4, 3, 21, 22, 20, 19, 35, 37, 34, 33]","[33, 34, 37, 35, 19, 20, 22, 21, 3, 4, 5, 23, 11, 31, 30, 24, 84]",True,complete,17,17,119,0,51,0,51,60,9,0,0,lowest_first,True,1,14,6,14,6,6,6,7
4,230519,68,134,15,"[0, 1, 2, 6, 7, 8, 9, 10, 12, 13, 14, 15, 16, 17, 18, 24, 25, 26, 27, 28, 29, 32, 36, 38, 39, 40, 41, 42, 43, 44, 45, 46, 47, 48, 49, 50, 51, 52, 53, 54, 55, 56, 57, 58, 59, 60, 61, 62, 63, 64, 65, 66, 67, 68, 69, 70, 71, 72, 73, 74, 75, 76, 77, 78, 79, 80, 81, 82, 83, 84, 85, 86, 87, 88, 89, 90, 91, 92, 93, 94, 95, 96, 97, 98, 99, 100, 101, 102, 103, 104, 105, 106, 107, 108, 109, 110, 111, 112, 114, 115, 116, 117, 118, 119, 120, 121, 122, 123, 124, 125, 126, 127, 128, 129, 130, 131, 132, 133, 134, 135, 136, 137, 138, 139, 140, 141, 142, 143, 144, 145, 146, 147, 148, 149]","[3, 4, 5, 11, 19, 20, 21, 22, 23, 30, 31, 33, 34, 35, 37]","{""support_1"": 31}",[31],1,"[122, 17, 18, 32, 137, 138, 139, 140, 14, 13, 116, 118, 136, 16, 36, 135, 26, 28, 99, 105, 149, 102, 148, 144, 145, 146, 147, 12, 58, 71, 134, 109, 67, 78, 115, 48, 133, 42, 7, 132, 129, 131, 130, 54, 128, 127, 126, 125, 104, 141, 142, 8, 27, 98, 124, 10, 112, 61, 85, 93, 40, 143, 25, 76, 74, 110, 108, 63, 91, 89, 64, 83, 50, 123, 53, 119, 55, 77, 75, 117, 90, 92, 41, 29, 15, 43, 111, 9, 107, 114, 121, 120, 101, 106, 44, 6, 1, 2, 0, 70, 86, 62, 60, 68, 66, 94, 73, 69, 59, 79, 80, 72, 65, 52, 47, 46, 39, 51, 49, 45, 56, 57, 38, 97, 96, 100, 95, 87, 103, 88, 82, 81, 84, 24, 30, 31, 11, 23, 5, 4, 3, 21, 22, 20, 19, 35, 37, 34, 33]",True,93303462,0.093303462,"[30, 31, 11, 23, 5, 4, 3, 21, 22, 20, 19, 35, 37, 34, 33]","[33, 34, 37, 35, 19, 20, 22, 21, 3, 4, 5, 23, 11, 31, 30]",True,complete,15,15,94,0,41,0,41,49,8,0,0,lowest_first,True,1,12,5,12,6,6,5,6
4,230520,69,136,13,"[0, 1, 2, 6, 7, 8, 9, 10, 12, 13, 14, 15, 16, 17, 18, 24, 25, 26, 27, 28, 29, 30, 31, 32, 36, 38, 39, 40, 41, 42, 43, 44, 45, 46, 47, 48, 49, 50, 51, 52, 53, 54, 55, 56, 57, 58, 59, 60, 61, 62, 63, 64, 65, 66, 67, 68, 69, 70, 71, 72, 73, 74, 75, 76, 77, 78, 79, 80, 81, 82, 83, 84, 85, 86, 87, 88, 89, 90, 91, 92, 93, 94, 95, 96, 97, 98, 99, 100, 101, 102, 103, 104, 105, 106, 107, 108, 109, 110, 111, 112, 114, 115, 116, 117, 118, 119, 120, 121, 122, 123, 124, 125, 126, 127, 128, 129, 130, 131, 132, 133, 134, 135, 136, 137, 138, 139, 140, 141, 142, 143, 144, 145, 146, 147, 148, 149]","[3, 4, 5, 11, 19, 20, 21, 22, 23, 33, 34, 35, 37]","{""support_1"": 11}",[11],1,"[122, 17, 18, 32, 137, 138, 139, 140, 14, 13, 116, 118, 136, 16, 36, 135, 26, 28, 99, 105, 149, 102, 148, 144, 145, 146, 147, 12, 58, 71, 134, 109, 67, 78, 115, 48, 133, 42, 7, 132, 129, 131, 130, 54, 128, 127, 126, 125, 104, 141, 142, 8, 27, 98, 124, 10, 112, 61, 85, 93, 40, 143, 25, 76, 74, 110, 108, 63, 91, 89, 64, 83, 50, 123, 53, 119, 55, 77, 75, 117, 90, 92, 41, 29, 15, 43, 111, 9, 107, 114, 121, 120, 101, 106, 44, 6, 1, 2, 0, 70, 86, 62, 60, 68, 66, 94, 73, 69, 59, 79, 80, 72, 65, 52, 47, 46, 39, 51, 49, 45, 56, 57, 38, 97, 96, 100, 95, 87, 103, 88, 82, 81, 84, 24, 30, 31, 11, 23, 5, 4, 3, 21, 22, 20, 19, 35, 37, 34, 33]",True,60480533,0.060480533,"[11, 23, 5, 4, 3, 21, 22, 20, 19, 35, 37, 34, 33]","[33, 34, 37, 35, 19, 20, 22, 21, 3, 4, 5, 23, 11]",True,complete,13,13,73,0,33,0,33,41,8,0,0,lowest_first,True,1,10,4,10,4,4,4,5
4,230521,70,138,11,"[0, 1, 2, 6, 7, 8, 9, 10, 11, 12, 13, 14, 15, 16, 17, 18, 23, 24, 25, 26, 27, 28, 29, 30, 31, 32, 36, 38, 39, 40, 41, 42, 43, 44, 45, 46, 47, 48, 49, 50, 51, 52, 53, 54, 55, 56, 57, 58, 59, 60, 61, 62, 63, 64, 65, 66, 67, 68, 69, 70, 71, 72, 73, 74, 75, 76, 77, 78, 79, 80, 81, 82, 83, 84, 85, 86, 87, 88, 89, 90, 91, 92, 93, 94, 95, 96, 97, 98, 99, 100, 101, 102, 103, 104, 105, 106, 107, 108, 109, 110, 111, 112, 114, 115, 116, 117, 118, 119, 120, 121, 122, 123, 124, 125, 126, 127, 128, 129, 130, 131, 132, 133, 134, 135, 136, 137, 138, 139, 140, 141, 142, 143, 144, 145, 146, 147, 148, 149]","[3, 4, 5, 19, 20, 21, 22, 33, 34, 35, 37]","{""support_1"": 5}",[5],1,"[122, 17, 18, 32, 137, 138, 139, 140, 14, 13, 116, 118, 136, 16, 36, 135, 26, 28, 99, 105, 149, 102, 148, 144, 145, 146, 147, 12, 58, 71, 134, 109, 67, 78, 115, 48, 133, 42, 7, 132, 129, 131, 130, 54, 128, 127, 126, 125, 104, 141, 142, 8, 27, 98, 124, 10, 112, 61, 85, 93, 40, 143, 25, 76, 74, 110, 108, 63, 91, 89, 64, 83, 50, 123, 53, 119, 55, 77, 75, 117, 90, 92, 41, 29, 15, 43, 111, 9, 107, 114, 121, 120, 101, 106, 44, 6, 1, 2, 0, 70, 86, 62, 60, 68, 66, 94, 73, 69, 59, 79, 80, 72, 65, 52, 47, 46, 39, 51, 49, 45, 56, 57, 38, 97, 96, 100, 95, 87, 103, 88, 82, 81, 84, 24, 30, 31, 11, 23, 5, 4, 3, 21, 22, 20, 19, 35, 37, 34, 33]",True,45534381,0.045534381,"[5, 4, 3, 21, 22, 20, 19, 35, 37, 34, 33]","[33, 34, 37, 35, 19, 20, 22, 21, 3, 4, 5]",True,complete,11,11,52,0,27,0,27,34,7,0,0,lowest_first,True,1,9,3,9,3,3,3,4
4,230522,71,140,9,"[0, 1, 2, 4, 5, 6, 7, 8, 9, 10, 11, 12, 13, 14, 15, 16, 17, 18, 23, 24, 25, 26, 27, 28, 29, 30, 31, 32, 36, 38, 39, 40, 41, 42, 43, 44, 45, 46, 47, 48, 49, 50, 51, 52, 53, 54, 55, 56, 57, 58, 59, 60, 61, 62, 63, 64, 65, 66, 67, 68, 69, 70, 71, 72, 73, 74, 75, 76, 77, 78, 79, 80, 81, 82, 83, 84, 85, 86, 87, 88, 89, 90, 91, 92, 93, 94, 95, 96, 97, 98, 99, 100, 101, 102, 103, 104, 105, 106, 107, 108, 109, 110, 111, 112, 114, 115, 116, 117, 118, 119, 120, 121, 122, 123, 124, 125, 126, 127, 128, 129, 130, 131, 132, 133, 134, 135, 136, 137, 138, 139, 140, 141, 142, 143, 144, 145, 146, 147, 148, 149]","[3, 19, 20, 21, 22, 33, 34, 35, 37]","{""support_1"": 22}",[22],1,"[122, 17, 18, 32, 137, 138, 139, 140, 14, 13, 116, 118, 136, 16, 36, 135, 26, 28, 99, 105, 149, 102, 148, 144, 145, 146, 147, 12, 58, 71, 134, 109, 67, 78, 115, 48, 133, 42, 7, 132, 129, 131, 130, 54, 128, 127, 126, 125, 104, 141, 142, 8, 27, 98, 124, 10, 112, 61, 85, 93, 40, 143, 25, 76, 74, 110, 108, 63, 91, 89, 64, 83, 50, 123, 53, 119, 55, 77, 75, 117, 90, 92, 41, 29, 15, 43, 111, 9, 107, 114, 121, 120, 101, 106, 44, 6, 1, 2, 0, 70, 86, 62, 60, 68, 66, 94, 73, 69, 59, 79, 80, 72, 65, 52, 47, 46, 39, 51, 49, 45, 56, 57, 38, 97, 96, 100, 95, 87, 103, 88, 82, 81, 84, 24, 30, 31, 11, 23, 5, 4, 3, 21, 22, 20, 19, 35, 37, 34, 33]",True,31910391,0.031910391,"[3, 21, 22, 20, 19, 35, 37, 34, 33]","[33, 34, 37, 35, 19, 20, 22, 21, 3]",True,complete,9,9,35,0,21,0,21,23,2,0,0,lowest_first,True,1,7,2,7,3,3,2,3
4,230523,72,142,7,"[0, 1, 2, 3, 4, 5, 6, 7, 8, 9, 10, 11, 12, 13, 14, 15, 16, 17, 18, 21, 23, 24, 25, 26, 27, 28, 29, 30, 31, 32, 36, 38, 39, 40, 41, 42, 43, 44, 45, 46, 47, 48, 49, 50, 51, 52, 53, 54, 55, 56, 57, 58, 59, 60, 61, 62, 63, 64, 65, 66, 67, 68, 69, 70, 71, 72, 73, 74, 75, 76, 77, 78, 79, 80, 81, 82, 83, 84, 85, 86, 87, 88, 89, 90, 91, 92, 93, 94, 95, 96, 97, 98, 99, 100, 101, 102, 103, 104, 105, 106, 107, 108, 109, 110, 111, 112, 114, 115, 116, 117, 118, 119, 120, 121, 122, 123, 124, 125, 126, 127, 128, 129, 130, 131, 132, 133, 134, 135, 136, 137, 138, 139, 140, 141, 142, 143, 144, 145, 146, 147, 148, 149]","[19, 20, 22, 33, 34, 35, 37]","{""support_1"": 22}",[22],1,"[122, 17, 18, 32, 137, 138, 139, 140, 14, 13, 116, 118, 136, 16, 36, 135, 26, 28, 99, 105, 149, 102, 148, 144, 145, 146, 147, 12, 58, 71, 134, 109, 67, 78, 115, 48, 133, 42, 7, 132, 129, 131, 130, 54, 128, 127, 126, 125, 104, 141, 142, 8, 27, 98, 124, 10, 112, 61, 85, 93, 40, 143, 25, 76, 74, 110, 108, 63, 91, 89, 64, 83, 50, 123, 53, 119, 55, 77, 75, 117, 90, 92, 41, 29, 15, 43, 111, 9, 107, 114, 121, 120, 101, 106, 44, 6, 1, 2, 0, 70, 86, 62, 60, 68, 66, 94, 73, 69, 59, 79, 80, 72, 65, 52, 47, 46, 39, 51, 49, 45, 56, 57, 38, 97, 96, 100, 95, 87, 103, 88, 82, 81, 84, 24, 30, 31, 11, 23, 5, 4, 3, 21, 22, 20, 19, 35, 37, 34, 33]",True,20201517,0.020201517,"[22, 20, 19, 35, 37, 34, 33]","[33, 34, 37, 35, 19, 20, 22]",True,complete,7,7,22,0,15,0,15,17,2,0,0,lowest_first,True,1,5,2,5,2,2,2,3
4,230524,73,144,5,"[0, 1, 2, 3, 4, 5, 6, 7, 8, 9, 10, 11, 12, 13, 14, 15, 16, 17, 18, 20, 21, 22, 23, 24, 25, 26, 27, 28, 29, 30, 31, 32, 36, 38, 39, 40, 41, 42, 43, 44, 45, 46, 47, 48, 49, 50, 51, 52, 53, 54, 55, 56, 57, 58, 59, 60, 61, 62, 63, 64, 65, 66, 67, 68, 69, 70, 71, 72, 73, 74, 75, 76, 77, 78, 79, 80, 81, 82, 83, 84, 85, 86, 87, 88, 89, 90, 91, 92, 93, 94, 95, 96, 97, 98, 99, 100, 101, 102, 103, 104, 105, 106, 107, 108, 109, 110, 111, 112, 114, 115, 116, 117, 118, 119, 120, 121, 122, 123, 124, 125, 126, 127, 128, 129, 130, 131, 132, 133, 134, 135, 136, 137, 138, 139, 140, 141, 142, 143, 144, 145, 146, 147, 148, 149]","[19, 33, 34, 35, 37]","{""support_1"": 37}",[37],1,"[122, 17, 18, 32, 137, 138, 139, 140, 14, 13, 116, 118, 136, 16, 36, 135, 26, 28, 99, 105, 149, 102, 148, 144, 145, 146, 147, 12, 58, 71, 134, 109, 67, 78, 115, 48, 133, 42, 7, 132, 129, 131, 130, 54, 128, 127, 126, 125, 104, 141, 142, 8, 27, 98, 124, 10, 112, 61, 85, 93, 40, 143, 25, 76, 74, 110, 108, 63, 91, 89, 64, 83, 50, 123, 53, 119, 55, 77, 75, 117, 90, 92, 41, 29, 15, 43, 111, 9, 107, 114, 121, 120, 101, 106, 44, 6, 1, 2, 0, 70, 86, 62, 60, 68, 66, 94, 73, 69, 59, 79, 80, 72, 65, 52, 47, 46, 39, 51, 49, 45, 56, 57, 38, 97, 96, 100, 95, 87, 103, 88, 82, 81, 84, 24, 30, 31, 11, 23, 5, 4, 3, 21, 22, 20, 19, 35, 37, 34, 33]",True,10976111,0.010976111,"[19, 35, 37, 34, 33]","[33, 34, 37, 35, 19]",True,complete,5,5,11,0,10,0,10,10,0,0,0,lowest_first,True,1,3,1,3,2,2,1,2
4,230525,74,146,3,"[0, 1, 2, 3, 4, 5, 6, 7, 8, 9, 10, 11, 12, 13, 14, 15, 16, 17, 18, 19, 20, 21, 22, 23, 24, 25, 26, 27, 28, 29, 30, 31, 32, 35, 36, 38, 39, 40, 41, 42, 43, 44, 45, 46, 47, 48, 49, 50, 51, 52, 53, 54, 55, 56, 57, 58, 59, 60, 61, 62, 63, 64, 65, 66, 67, 68, 69, 70, 71, 72, 73, 74, 75, 76, 77, 78, 79, 80, 81, 82, 83, 84, 85, 86, 87, 88, 89, 90, 91, 92, 93, 94, 95, 96, 97, 98, 99, 100, 101, 102, 103, 104, 105, 106, 107, 108, 109, 110, 111, 112, 114, 115, 116, 117, 118, 119, 120, 121, 122, 123, 124, 125, 126, 127, 128, 129, 130, 131, 132, 133, 134, 135, 136, 137, 138, 139, 140, 141, 142, 143, 144, 145, 146, 147, 148, 149]","[33, 34, 37]","{""support_1"": 37}",[37],1,"[122, 17, 18, 32, 137, 138, 139, 140, 14, 13, 116, 118, 136, 16, 36, 135, 26, 28, 99, 105, 149, 102, 148, 144, 145, 146, 147, 12, 58, 71, 134, 109, 67, 78, 115, 48, 133, 42, 7, 132, 129, 131, 130, 54, 128, 127, 126, 125, 104, 141, 142, 8, 27, 98, 124, 10, 112, 61, 85, 93, 40, 143, 25, 76, 74, 110, 108, 63, 91, 89, 64, 83, 50, 123, 53, 119, 55, 77, 75, 117, 90, 92, 41, 29, 15, 43, 111, 9, 107, 114, 121, 120, 101, 106, 44, 6, 1, 2, 0, 70, 86, 62, 60, 68, 66, 94, 73, 69, 59, 79, 80, 72, 65, 52, 47, 46, 39, 51, 49, 45, 56, 57, 38, 97, 96, 100, 95, 87, 103, 88, 82, 81, 84, 24, 30, 31, 11, 23, 5, 4, 3, 21, 22, 20, 19, 35, 37, 34, 33]",True,5732099,0.005732099,"[37, 34, 33]","[33, 34, 37]",True,complete,3,3,4,0,6,0,6,6,0,0,0,lowest_first,True,1,1,1,1,1,1,1,2
4,230526,75,148,1,"[0, 1, 2, 3, 4, 5, 6, 7, 8, 9, 10, 11, 12, 13, 14, 15, 16, 17, 18, 19, 20, 21, 22, 23, 24, 25, 26, 27, 28, 29, 30, 31, 32, 34, 35, 36, 37, 38, 39, 40, 41, 42, 43, 44, 45, 46, 47, 48, 49, 50, 51, 52, 53, 54, 55, 56, 57, 58, 59, 60, 61, 62, 63, 64, 65, 66, 67, 68, 69, 70, 71, 72, 73, 74, 75, 76, 77, 78, 79, 80, 81, 82, 83, 84, 85, 86, 87, 88, 89, 90, 91, 92, 93, 94, 95, 96, 97, 98, 99, 100, 101, 102, 103, 104, 105, 106, 107, 108, 109, 110, 111, 112, 114, 115, 116, 117, 118, 119, 120, 121, 122, 123, 124, 125, 126, 127, 128, 129, 130, 131, 132, 133, 134, 135, 136, 137, 138, 139, 140, 141, 142, 143, 144, 145, 146, 147, 148, 149]",[33],{},[],0,"[122, 17, 18, 32, 137, 138, 139, 140, 14, 13, 116, 118, 136, 16, 36, 135, 26, 28, 99, 105, 149, 102, 148, 144, 145, 146, 147, 12, 58, 71, 134, 109, 67, 78, 115, 48, 133, 42, 7, 132, 129, 131, 130, 54, 128, 127, 126, 125, 104, 141, 142, 8, 27, 98, 124, 10, 112, 61, 85, 93, 40, 143, 25, 76, 74, 110, 108, 63, 91, 89, 64, 83, 50, 123, 53, 119, 55, 77, 75, 117, 90, 92, 41, 29, 15, 43, 111, 9, 107, 114, 121, 120, 101, 106, 44, 6, 1, 2, 0, 70, 86, 62, 60, 68, 66, 94, 73, 69, 59, 79, 80, 72, 65, 52, 47, 46, 39, 51, 49, 45, 56, 57, 38, 97, 96, 100, 95, 87, 103, 88, 82, 81, 84, 24, 30, 31, 11, 23, 5, 4, 3, 21, 22, 20, 19, 35, 37, 34, 33]",True,702530,0.000702530,[33],[33],True,complete,1,1,1,0,2,0,2,2,0,0,0,lowest_first,True,0,0,0,0,0,0,0,0
5,240452,1,0,149,[],"[0, 1, 2, 3, 4, 5, 6, 7, 8, 9, 10, 11, 12, 13, 14, 15, 16, 17, 18, 19, 20, 21, 22, 23, 24, 25, 26, 27, 28, 29, 30, 31, 32, 33, 34, 35, 36, 37, 38, 39, 40, 41, 42, 43, 44, 45, 46, 47, 48, 49, 50, 51, 52, 53, 54, 55, 56, 57, 58, 59, 60, 61, 62, 63, 64, 65, 66, 67, 68, 69, 70, 71, 72, 73, 74, 75, 76, 77, 78, 79, 80, 81, 82, 83, 84, 85, 86, 87, 88, 89, 90, 91, 92, 93, 94, 95, 96, 97, 98, 99, 100, 101, 102, 103, 104, 105, 106, 107, 108, 109, 110, 111, 112, 114, 115, 116, 117, 118, 119, 120, 121, 122, 123, 124, 125, 126, 127, 128, 129, 130, 131, 132, 133, 134, 135, 136, 137, 138, 139, 140, 141, 142, 143, 144, 145, 146, 147, 148, 149]",{},[],0,"[122, 17, 18, 32, 137, 138, 139, 140, 13, 14, 118, 116, 136, 112, 36, 135, 26, 28, 105, 99, 144, 10, 148, 145, 149, 147, 146, 12, 58, 71, 134, 109, 48, 78, 67, 61, 115, 133, 130, 93, 85, 129, 76, 128, 31, 94, 74, 127, 89, 126, 35, 7, 83, 141, 92, 124, 123, 125, 142, 117, 102, 30, 110, 108, 15, 111, 119, 107, 114, 40, 42, 143, 131, 132, 54, 64, 50, 75, 53, 90, 55, 77, 27, 41, 29, 8, 43, 121, 106, 120, 101, 9, 97, 16, 11, 100, 98, 96, 25, 63, 104, 95, 87, 103, 88, 70, 91, 69, 79, 80, 72, 86, 82, 81, 73, 66, 65, 47, 68, 60, 59, 44, 84, 24, 62, 57, 6, 1, 2, 0, 52, 51, 46, 49, 45, 56, 38, 23, 39, 34, 33, 21, 37, 20, 19, 5, 22, 4, 3]",True,23643619601,23.643619601,"[122, 17, 18, 32, 137, 138, 139, 140, 13, 14, 118, 116, 136, 112, 36, 135, 26, 28, 105, 99, 144, 10, 148, 145, 149, 147, 146, 12, 58, 71, 134, 109, 48, 78, 67, 61, 115, 133, 130, 93, 85, 129, 76, 128, 31, 94, 74, 127, 89, 126, 35, 7, 83, 141, 92, 124, 123, 125, 142, 117, 102, 30, 110, 108, 15, 111, 119, 107, 114, 40, 42, 143, 131, 132, 54, 64, 50, 75, 53, 90, 55, 77, 27, 41, 29, 8, 43, 121, 106, 120, 101, 9, 97, 16, 11, 100, 98, 96, 25, 63, 104, 95, 87, 103, 88, 70, 91, 69, 79, 80, 72, 86, 82, 81, 73, 66, 65, 47, 68, 60, 59, 44, 84, 24, 62, 57, 6, 1, 2, 0, 52, 51, 46, 49, 45, 56, 38, 23, 39, 34, 33, 21, 37, 20, 19, 5, 22, 4, 3]","[3, 4, 22, 5, 19, 20, 37, 21, 33, 34, 39, 23, 38, 56, 45, 49, 46, 51, 52, 0, 2, 1, 6, 57, 62, 24, 84, 44, 59, 60, 68, 47, 65, 66, 73, 81, 82, 86, 72, 80, 79, 69, 91, 70, 88, 103, 87, 95, 104, 63, 25, 96, 98, 100, 11, 16, 97, 9, 101, 120, 106, 121, 43, 8, 29, 41, 27, 77, 55, 90, 53, 75, 50, 64, 54, 132, 131, 143, 42, 40, 114, 107, 119, 111, 15, 108, 110, 30, 102, 117, 142, 125, 123, 124, 92, 141, 83, 7, 35, 126, 89, 127, 74, 94, 31, 128, 76, 129, 85, 93, 130, 133, 115, 61, 67, 78, 48, 109, 134, 71, 58, 12, 146, 147, 149, 145, 148, 10, 144, 99, 105, 28, 26, 135, 36, 112, 136, 116, 118, 14, 13, 140, 139, 138, 137, 32, 18, 17, 122]",True,complete,150,150,8407,0,1737,1,1736,1850,114,0,0,lowest_first,True,2,135,27,135,27,27,27,27
5,240453,2,2,147,"[17, 122]","[0, 1, 2, 3, 4, 5, 6, 7, 8, 9, 10, 11, 12, 13, 14, 15, 16, 18, 19, 20, 21, 22, 23, 24, 25, 26, 27, 28, 29, 30, 31, 32, 33, 34, 35, 36, 37, 38, 39, 40, 41, 42, 43, 44, 45, 46, 47, 48, 49, 50, 51, 52, 53, 54, 55, 56, 57, 58, 59, 60, 61, 62, 63, 64, 65, 66, 67, 68, 69, 70, 71, 72, 73, 74, 75, 76, 77, 78, 79, 80, 81, 82, 83, 84, 85, 86, 87, 88, 89, 90, 91, 92, 93, 94, 95, 96, 97, 98, 99, 100, 101, 102, 103, 104, 105, 106, 107, 108, 109, 110, 111, 112, 114, 115, 116, 117, 118, 119, 120, 121, 123, 124, 125, 126, 127, 128, 129, 130, 131, 132, 133, 134, 135, 136, 137, 138, 139, 140, 141, 142, 143, 144, 145, 146, 147, 148, 149]",{},[],0,"[122, 17, 18, 32, 137, 138, 139, 140, 13, 14, 118, 116, 136, 112, 36, 135, 26, 28, 105, 99, 144, 10, 148, 145, 149, 147, 146, 12, 58, 71, 134, 109, 48, 78, 67, 61, 115, 133, 130, 93, 85, 129, 76, 128, 31, 94, 74, 127, 89, 126, 35, 7, 83, 141, 92, 124, 123, 125, 142, 117, 102, 30, 110, 108, 15, 111, 119, 107, 114, 40, 42, 143, 131, 132, 54, 64, 50, 75, 53, 90, 55, 77, 27, 41, 29, 8, 43, 121, 106, 120, 101, 9, 97, 16, 11, 100, 98, 96, 25, 63, 104, 95, 87, 103, 88, 70, 91, 69, 79, 80, 72, 86, 82, 81, 73, 66, 65, 47, 68, 60, 59, 44, 84, 24, 62, 57, 6, 1, 2, 0, 52, 51, 46, 49, 45, 56, 38, 23, 39, 34, 33, 21, 37, 20, 19, 5, 22, 4, 3]",True,21345098323,21.345098323,"[18, 32, 137, 138, 139, 140, 14, 13, 116, 118, 136, 112, 36, 135, 26, 28, 99, 105, 149, 102, 145, 148, 144, 146, 147, 12, 71, 58, 134, 109, 67, 61, 48, 78, 10, 93, 85, 133, 130, 129, 74, 42, 40, 7, 132, 131, 52, 143, 128, 126, 47, 125, 94, 100, 142, 141, 15, 8, 75, 76, 44, 50, 124, 123, 115, 16, 25, 110, 108, 63, 127, 89, 103, 92, 77, 117, 55, 90, 53, 119, 41, 27, 29, 43, 111, 9, 107, 114, 121, 120, 101, 106, 83, 6, 1, 2, 0, 54, 51, 46, 45, 39, 62, 49, 56, 57, 38, 70, 86, 69, 79, 80, 64, 60, 59, 68, 66, 72, 65, 104, 73, 87, 91, 88, 82, 81, 84, 97, 96, 95, 98, 24, 30, 31, 11, 23, 5, 4, 3, 21, 22, 20, 19, 35, 37, 34, 33]","[33, 34, 37, 35, 19, 20, 22, 21, 3, 4, 5, 23, 11, 31, 30, 24, 98, 95, 96, 97, 84, 81, 82, 88, 91, 87, 73, 104, 65, 72, 66, 68, 59, 60, 64, 80, 79, 69, 86, 70, 38, 57, 56, 49, 62, 39, 45, 46, 51, 54, 0, 2, 1, 6, 83, 106, 101, 120, 121, 114, 107, 9, 111, 43, 29, 27, 41, 119, 53, 90, 55, 117, 77, 92, 103, 89, 127, 63, 108, 110, 25, 16, 115, 123, 124, 50, 44, 76, 75, 8, 15, 141, 142, 100, 94, 125, 47, 126, 128, 143, 52, 131, 132, 7, 40, 42, 74, 129, 130, 133, 85, 93, 10, 78, 48, 61, 67, 109, 134, 58, 71, 12, 147, 146, 144, 148, 145, 102, 149, 105, 99, 28, 26, 135, 36, 112, 136, 118, 116, 13, 14, 140, 139, 138, 137, 32, 18]",False,complete,148,148,8162,0,1593,1,1592,1786,194,0,0,lowest_first,True,2,129,25,129,25,25,25,25
5,240454,3,4,145,"[17, 18, 32, 122]","[0, 1, 2, 3, 4, 5, 6, 7, 8, 9, 10, 11, 12, 13, 14, 15, 16, 19, 20, 21, 22, 23, 24, 25, 26, 27, 28, 29, 30, 31, 33, 34, 35, 36, 37, 38, 39, 40, 41, 42, 43, 44, 45, 46, 47, 48, 49, 50, 51, 52, 53, 54, 55, 56, 57, 58, 59, 60, 61, 62, 63, 64, 65, 66, 67, 68, 69, 70, 71, 72, 73, 74, 75, 76, 77, 78, 79, 80, 81, 82, 83, 84, 85, 86, 87, 88, 89, 90, 91, 92, 93, 94, 95, 96, 97, 98, 99, 100, 101, 102, 103, 104, 105, 106, 107, 108, 109, 110, 111, 112, 114, 115, 116, 117, 118, 119, 120, 121, 123, 124, 125, 126, 127, 128, 129, 130, 131, 132, 133, 134, 135, 136, 137, 138, 139, 140, 141, 142, 143, 144, 145, 146, 147, 148, 149]",{},[],0,"[122, 17, 18, 32, 137, 138, 139, 140, 13, 14, 118, 116, 136, 112, 36, 135, 26, 28, 105, 99, 144, 10, 148, 145, 149, 147, 146, 12, 58, 71, 134, 109, 48, 78, 67, 61, 115, 133, 130, 93, 85, 129, 76, 128, 31, 94, 74, 127, 89, 126, 35, 7, 83, 141, 92, 124, 123, 125, 142, 117, 102, 30, 110, 108, 15, 111, 119, 107, 114, 40, 42, 143, 131, 132, 54, 64, 50, 75, 53, 90, 55, 77, 27, 41, 29, 8, 43, 121, 106, 120, 101, 9, 97, 16, 11, 100, 98, 96, 25, 63, 104, 95, 87, 103, 88, 70, 91, 69, 79, 80, 72, 86, 82, 81, 73, 66, 65, 47, 68, 60, 59, 44, 84, 24, 62, 57, 6, 1, 2, 0, 52, 51, 46, 49, 45, 56, 38, 23, 39, 34, 33, 21, 37, 20, 19, 5, 22, 4, 3]",True,21122945256,21.122945256,"[137, 138, 140, 139, 13, 14, 116, 118, 136, 16, 36, 135, 28, 26, 99, 105, 145, 144, 10, 148, 149, 146, 147, 12, 71, 58, 134, 109, 78, 48, 61, 67, 93, 85, 133, 42, 40, 143, 25, 7, 131, 129, 130, 132, 74, 52, 76, 97, 128, 63, 94, 127, 89, 64, 126, 50, 125, 124, 123, 141, 142, 55, 77, 90, 119, 53, 117, 75, 92, 29, 27, 43, 8, 41, 15, 102, 112, 110, 9, 111, 108, 106, 115, 107, 6, 1, 2, 0, 114, 121, 120, 101, 54, 47, 46, 39, 51, 68, 45, 49, 56, 57, 38, 83, 44, 104, 62, 60, 91, 70, 69, 59, 79, 80, 72, 86, 73, 66, 65, 31, 30, 11, 24, 100, 98, 96, 84, 87, 82, 81, 88, 103, 95, 23, 5, 4, 3, 21, 22, 20, 19, 35, 37, 34, 33]","[33, 34, 37, 35, 19, 20, 22, 21, 3, 4, 5, 23, 95, 103, 88, 81, 82, 87, 84, 96, 98, 100, 24, 11, 30, 31, 65, 66, 73, 86, 72, 80, 79, 59, 69, 70, 91, 60, 62, 104, 44, 83, 38, 57, 56, 49, 45, 68, 51, 39, 46, 47, 54, 101, 120, 121, 114, 0, 2, 1, 6, 107, 115, 106, 108, 111, 9, 110, 112, 102, 15, 41, 8, 43, 27, 29, 92, 75, 117, 53, 119, 90, 77, 55, 142, 141, 123, 124, 125, 50, 126, 64, 89, 127, 94, 63, 128, 97, 76, 52, 74, 132, 130, 129, 131, 7, 25, 143, 40, 42, 133, 85, 93, 67, 61, 48, 78, 109, 134, 58, 71, 12, 147, 146, 149, 148, 10, 144, 145, 105, 99, 26, 28, 135, 36, 16, 136, 118, 116, 14, 13, 139, 140, 138, 137]",False,complete,149,149,8557,0,1680,0,1680,1791,111,0,0,lowest_first,True,2,94,28,94,28,28,28,28
5,240455,4,6,143,"[17, 18, 32, 122, 137, 138]","[0, 1, 2, 3, 4, 5, 6, 7, 8, 9, 10, 11, 12, 13, 14, 15, 16, 19, 20, 21, 22, 23, 24, 25, 26, 27, 28, 29, 30, 31, 33, 34, 35, 36, 37, 38, 39, 40, 41, 42, 43, 44, 45, 46, 47, 48, 49, 50, 51, 52, 53, 54, 55, 56, 57, 58, 59, 60, 61, 62, 63, 64, 65, 66, 67, 68, 69, 70, 71, 72, 73, 74, 75, 76, 77, 78, 79, 80, 81, 82, 83, 84, 85, 86, 87, 88, 89, 90, 91, 92, 93, 94, 95, 96, 97, 98, 99, 100, 101, 102, 103, 104, 105, 106, 107, 108, 109, 110, 111, 112, 114, 115, 116, 117, 118, 119, 120, 121, 123, 124, 125, 126, 127, 128, 129, 130, 131, 132, 133, 134, 135, 136, 139, 140, 141, 142, 143, 144, 145, 146, 147, 148, 149]",{},[],0,"[122, 17, 18, 32, 137, 138, 139, 140, 13, 14, 118, 116, 136, 112, 36, 135, 26, 28, 105, 99, 144, 10, 148, 145, 149, 147, 146, 12, 58, 71, 134, 109, 48, 78, 67, 61, 115, 133, 130, 93, 85, 129, 76, 128, 31, 94, 74, 127, 89, 126, 35, 7, 83, 141, 92, 124, 123, 125, 142, 117, 102, 30, 110, 108, 15, 111, 119, 107, 114, 40, 42, 143, 131, 132, 54, 64, 50, 75, 53, 90, 55, 77, 27, 41, 29, 8, 43, 121, 106, 120, 101, 9, 97, 16, 11, 100, 98, 96, 25, 63, 104, 95, 87, 103, 88, 70, 91, 69, 79, 80, 72, 86, 82, 81, 73, 66, 65, 47, 68, 60, 59, 44, 84, 24, 62, 57, 6, 1, 2, 0, 52, 51, 46, 49, 45, 56, 38, 23, 39, 34, 33, 21, 37, 20, 19, 5, 22, 4, 3]",True,26173737338,26.173737338,"[139, 140, 13, 14, 116, 118, 136, 16, 36, 135, 28, 26, 105, 99, 145, 148, 115, 149, 144, 146, 147, 12, 58, 71, 134, 109, 48, 67, 78, 102, 133, 40, 7, 129, 130, 128, 127, 126, 125, 103, 131, 132, 54, 91, 142, 141, 8, 10, 112, 61, 85, 93, 42, 143, 25, 76, 74, 110, 108, 97, 63, 89, 64, 83, 50, 124, 123, 119, 117, 77, 53, 55, 92, 75, 90, 41, 15, 27, 29, 43, 111, 9, 107, 114, 121, 120, 101, 106, 44, 6, 1, 2, 0, 70, 86, 62, 60, 68, 66, 94, 73, 69, 59, 79, 80, 72, 65, 52, 47, 46, 39, 51, 49, 45, 56, 57, 38, 31, 30, 24, 11, 100, 98, 96, 84, 82, 87, 81, 88, 104, 95, 23, 5, 4, 3, 21, 22, 20, 19, 35, 37, 34, 33]","[33, 34, 37, 35, 19, 20, 22, 21, 3, 4, 5, 23, 95, 104, 88, 81, 87, 82, 84, 96, 98, 100, 11, 24, 30, 31, 38, 57, 56, 45, 49, 51, 39, 46, 47, 52, 65, 72, 80, 79, 59, 69, 73, 94, 66, 68, 60, 62, 86, 70, 0, 2, 1, 6, 44, 106, 101, 120, 121, 114, 107, 9, 111, 43, 29, 27, 15, 41, 90, 75, 92, 55, 53, 77, 117, 119, 123, 124, 50, 83, 64, 89, 63, 97, 108, 110, 74, 76, 25, 143, 42, 93, 85, 61, 112, 10, 8, 141, 142, 91, 54, 132, 131, 103, 125, 126, 127, 128, 130, 129, 7, 40, 133, 102, 78, 67, 48, 109, 134, 71, 58, 12, 147, 146, 144, 149, 115, 148, 145, 99, 105, 26, 28, 135, 36, 16, 136, 118, 116, 14, 13, 140, 139]",False,complete,172,172,7671,0,2065,25,2040,2000,738,0,0,lowest_first,True,2,157,26,157,26,26,26,26
5,240456,5,8,141,"[17, 18, 32, 122, 137, 138, 139, 140]","[0, 1, 2, 3, 4, 5, 6, 7, 8, 9, 10, 11, 12, 13, 14, 15, 16, 19, 20, 21, 22, 23, 24, 25, 26, 27, 28, 29, 30, 31, 33, 34, 35, 36, 37, 38, 39, 40, 41, 42, 43, 44, 45, 46, 47, 48, 49, 50, 51, 52, 53, 54, 55, 56, 57, 58, 59, 60, 61, 62, 63, 64, 65, 66, 67, 68, 69, 70, 71, 72, 73, 74, 75, 76, 77, 78, 79, 80, 81, 82, 83, 84, 85, 86, 87, 88, 89, 90, 91, 92, 93, 94, 95, 96, 97, 98, 99, 100, 101, 102, 103, 104, 105, 106, 107, 108, 109, 110, 111, 112, 114, 115, 116, 117, 118, 119, 120, 121, 123, 124, 125, 126, 127, 128, 129, 130, 131, 132, 133, 134, 135, 136, 141, 142, 143, 144, 145, 146, 147, 148, 149]",{},[],0,"[122, 17, 18, 32, 137, 138, 139, 140, 13, 14, 118, 116, 136, 112, 36, 135, 26, 28, 105, 99, 144, 10, 148, 145, 149, 147, 146, 12, 58, 71, 134, 109, 48, 78, 67, 61, 115, 133, 130, 93, 85, 129, 76, 128, 31, 94, 74, 127, 89, 126, 35, 7, 83, 141, 92, 124, 123, 125, 142, 117, 102, 30, 110, 108, 15, 111, 119, 107, 114, 40, 42, 143, 131, 132, 54, 64, 50, 75, 53, 90, 55, 77, 27, 41, 29, 8, 43, 121, 106, 120, 101, 9, 97, 16, 11, 100, 98, 96, 25, 63, 104, 95, 87, 103, 88, 70, 91, 69, 79, 80, 72, 86, 82, 81, 73, 66, 65, 47, 68, 60, 59, 44, 84, 24, 62, 57, 6, 1, 2, 0, 52, 51, 46, 49, 45, 56, 38, 23, 39, 34, 33, 21, 37, 20, 19, 5, 22, 4, 3]",True,22288594174,22.288594174,"[14, 13, 116, 118, 136, 16, 36, 135, 26, 28, 99, 105, 149, 102, 145, 148, 144, 147, 146, 12, 71, 58, 134, 109, 48, 78, 61, 67, 85, 93, 133, 42, 40, 115, 7, 132, 131, 130, 129, 76, 128, 31, 127, 126, 91, 47, 86, 74, 125, 141, 142, 90, 92, 15, 124, 57, 75, 77, 143, 8, 10, 112, 110, 108, 123, 119, 43, 29, 117, 111, 9, 107, 25, 114, 52, 64, 55, 53, 27, 41, 121, 106, 120, 101, 6, 1, 2, 0, 30, 97, 11, 100, 98, 96, 54, 51, 46, 39, 89, 50, 45, 49, 63, 56, 38, 83, 44, 24, 104, 62, 73, 66, 68, 84, 82, 103, 95, 88, 70, 60, 87, 81, 94, 65, 23, 5, 4, 3, 21, 22, 20, 19, 35, 37, 34, 33, 72, 80, 79, 69, 59]","[59, 69, 79, 80, 72, 33, 34, 37, 35, 19, 20, 22, 21, 3, 4, 5, 23, 65, 94, 81, 87, 60, 70, 88, 95, 103, 82, 84, 68, 66, 73, 62, 104, 24, 44, 83, 38, 56, 63, 49, 45, 50, 89, 39, 46, 51, 54, 96, 98, 100, 11, 97, 30, 0, 2, 1, 6, 101, 120, 106, 121, 41, 27, 53, 55, 64, 52, 114, 25, 107, 9, 111, 117, 29, 43, 119, 123, 108, 110, 112, 10, 8, 143, 77, 75, 57, 124, 15, 92, 90, 142, 141, 125, 74, 86, 47, 91, 126, 127, 31, 128, 76, 129, 130, 131, 132, 7, 115, 40, 42, 133, 93, 85, 67, 61, 78, 48, 109, 134, 58, 71, 12, 146, 147, 144, 148, 145, 102, 149, 105, 99, 28, 26, 135, 36, 16, 136, 118, 116, 13, 14]",False,complete,163,163,7787,0,1716,8,1708,1779,71,0,0,lowest_first,True,2,103,24,103,24,24,24,24
5,240457,6,10,139,"[13, 14, 17, 18, 32, 122, 137, 138, 139, 140]","[0, 1, 2, 3, 4, 5, 6, 7, 8, 9, 10, 11, 12, 15, 16, 19, 20, 21, 22, 23, 24, 25, 26, 27, 28, 29, 30, 31, 33, 34, 35, 36, 37, 38, 39, 40, 41, 42, 43, 44, 45, 46, 47, 48, 49, 50, 51, 52, 53, 54, 55, 56, 57, 58, 59, 60, 61, 62, 63, 64, 65, 66, 67, 68, 69, 70, 71, 72, 73, 74, 75, 76, 77, 78, 79, 80, 81, 82, 83, 84, 85, 86, 87, 88, 89, 90, 91, 92, 93, 94, 95, 96, 97, 98, 99, 100, 101, 102, 103, 104, 105, 106, 107, 108, 109, 110, 111, 112, 114, 115, 116, 117, 118, 119, 120, 121, 123, 124, 125, 126, 127, 128, 129, 130, 131, 132, 133, 134, 135, 136, 141, 142, 143, 144, 145, 146, 147, 148, 149]",{},[],0,"[122, 17, 18, 32, 137, 138, 139, 140, 13, 14, 118, 116, 136, 112, 36, 135, 26, 28, 105, 99, 144, 10, 148, 145, 149, 147, 146, 12, 58, 71, 134, 109, 48, 78, 67, 61, 115, 133, 130, 93, 85, 129, 76, 128, 31, 94, 74, 127, 89, 126, 35, 7, 83, 141, 92, 124, 123, 125, 142, 117, 102, 30, 110, 108, 15, 111, 119, 107, 114, 40, 42, 143, 131, 132, 54, 64, 50, 75, 53, 90, 55, 77, 27, 41, 29, 8, 43, 121, 106, 120, 101, 9, 97, 16, 11, 100, 98, 96, 25, 63, 104, 95, 87, 103, 88, 70, 91, 69, 79, 80, 72, 86, 82, 81, 73, 66, 65, 47, 68, 60, 59, 44, 84, 24, 62, 57, 6, 1, 2, 0, 52, 51, 46, 49, 45, 56, 38, 23, 39, 34, 33, 21, 37, 20, 19, 5, 22, 4, 3]",True,32242385508,32.242385508,"[118, 116, 136, 16, 36, 135, 28, 26, 105, 99, 144, 10, 148, 145, 149, 146, 147, 12, 58, 71, 134, 109, 67, 61, 48, 102, 133, 143, 7, 129, 130, 76, 128, 23, 31, 127, 91, 126, 125, 44, 131, 132, 54, 21, 142, 141, 53, 47, 8, 112, 78, 85, 93, 74, 110, 9, 63, 89, 64, 124, 123, 119, 75, 90, 92, 55, 77, 117, 27, 29, 41, 15, 43, 111, 108, 106, 115, 107, 6, 1, 2, 0, 114, 121, 120, 101, 42, 83, 103, 22, 4, 5, 3, 98, 30, 11, 100, 97, 96, 95, 104, 84, 37, 24, 20, 19, 25, 50, 40, 46, 51, 52, 35, 34, 39, 86, 82, 88, 70, 87, 81, 94, 69, 79, 80, 72, 68, 60, 59, 73, 66, 65, 62, 33, 38, 57, 56, 49, 45]","[45, 49, 56, 57, 38, 33, 62, 65, 66, 73, 59, 60, 68, 72, 80, 79, 69, 94, 81, 87, 70, 88, 82, 86, 39, 34, 35, 52, 51, 46, 40, 50, 25, 19, 20, 24, 37, 84, 104, 95, 96, 97, 100, 11, 30, 98, 3, 5, 4, 22, 103, 83, 42, 101, 120, 121, 114, 0, 2, 1, 6, 107, 115, 106, 108, 111, 43, 15, 41, 29, 27, 117, 77, 55, 92, 90, 75, 119, 123, 124, 64, 89, 63, 9, 110, 74, 93, 85, 78, 112, 8, 47, 53, 141, 142, 21, 54, 132, 131, 44, 125, 126, 91, 127, 31, 23, 128, 76, 130, 129, 7, 143, 133, 102, 48, 61, 67, 109, 134, 71, 58, 12, 147, 146, 149, 145, 148, 10, 144, 99, 105, 26, 28, 135, 36, 16, 136, 116, 118]",False,complete,201,201,8140,0,2846,30,2816,2000,1264,6,0,lowest_first,True,2,131,32,131,32,32,32,32
5,240458,7,12,137,"[13, 14, 17, 18, 32, 116, 118, 122, 137, 138, 139, 140]","[0, 1, 2, 3, 4, 5, 6, 7, 8, 9, 10, 11, 12, 15, 16, 19, 20, 21, 22, 23, 24, 25, 26, 27, 28, 29, 30, 31, 33, 34, 35, 36, 37, 38, 39, 40, 41, 42, 43, 44, 45, 46, 47, 48, 49, 50, 51, 52, 53, 54, 55, 56, 57, 58, 59, 60, 61, 62, 63, 64, 65, 66, 67, 68, 69, 70, 71, 72, 73, 74, 75, 76, 77, 78, 79, 80, 81, 82, 83, 84, 85, 86, 87, 88, 89, 90, 91, 92, 93, 94, 95, 96, 97, 98, 99, 100, 101, 102, 103, 104, 105, 106, 107, 108, 109, 110, 111, 112, 114, 115, 117, 119, 120, 121, 123, 124, 125, 126, 127, 128, 129, 130, 131, 132, 133, 134, 135, 136, 141, 142, 143, 144, 145, 146, 147, 148, 149]",{},[],0,"[122, 17, 18, 32, 137, 138, 139, 140, 13, 14, 118, 116, 136, 112, 36, 135, 26, 28, 105, 99, 144, 10, 148, 145, 149, 147, 146, 12, 58, 71, 134, 109, 48, 78, 67, 61, 115, 133, 130, 93, 85, 129, 76, 128, 31, 94, 74, 127, 89, 126, 35, 7, 83, 141, 92, 124, 123, 125, 142, 117, 102, 30, 110, 108, 15, 111, 119, 107, 114, 40, 42, 143, 131, 132, 54, 64, 50, 75, 53, 90, 55, 77, 27, 41, 29, 8, 43, 121, 106, 120, 101, 9, 97, 16, 11, 100, 98, 96, 25, 63, 104, 95, 87, 103, 88, 70, 91, 69, 79, 80, 72, 86, 82, 81, 73, 66, 65, 47, 68, 60, 59, 44, 84, 24, 62, 57, 6, 1, 2, 0, 52, 51, 46, 49, 45, 56, 38, 23, 39, 34, 33, 21, 37, 20, 19, 5, 22, 4, 3]",True,28488153808,28.488153808,"[136, 16, 36, 135, 28, 26, 99, 105, 145, 148, 115, 144, 149, 147, 146, 12, 71, 58, 134, 109, 61, 102, 133, 40, 48, 85, 67, 78, 143, 7, 129, 130, 76, 93, 128, 31, 23, 127, 47, 86, 89, 126, 44, 132, 131, 125, 124, 123, 141, 142, 75, 54, 74, 119, 121, 106, 101, 63, 64, 92, 53, 90, 55, 117, 77, 41, 43, 27, 15, 8, 29, 120, 114, 107, 10, 112, 108, 110, 111, 9, 6, 1, 2, 0, 42, 5, 4, 21, 22, 35, 3, 98, 30, 11, 100, 97, 96, 25, 20, 83, 24, 19, 103, 37, 84, 82, 104, 95, 34, 39, 46, 52, 50, 51, 91, 88, 70, 87, 81, 94, 69, 79, 80, 72, 68, 60, 59, 73, 66, 65, 62, 33, 38, 57, 56, 49, 45]","[45, 49, 56, 57, 38, 33, 62, 65, 66, 73, 59, 60, 68, 72, 80, 79, 69, 94, 81, 87, 70, 88, 91, 51, 50, 52, 46, 39, 34, 95, 104, 82, 84, 37, 103, 19, 24, 83, 20, 25, 96, 97, 100, 11, 30, 98, 3, 35, 22, 21, 4, 5, 42, 0, 2, 1, 6, 9, 111, 110, 108, 112, 10, 107, 114, 120, 29, 8, 15, 27, 43, 41, 77, 117, 55, 90, 53, 92, 64, 63, 101, 106, 121, 119, 74, 54, 75, 142, 141, 123, 124, 125, 131, 132, 44, 126, 89, 86, 47, 127, 23, 31, 128, 93, 76, 130, 129, 7, 143, 78, 67, 85, 48, 40, 133, 102, 61, 109, 134, 58, 71, 12, 146, 147, 149, 144, 115, 148, 145, 105, 99, 26, 28, 135, 36, 16, 136]",False,complete,187,187,7859,0,2495,45,2450,2000,659,0,0,lowest_first,True,2,117,30,117,30,30,30,30
5,240459,8,14,135,"[13, 14, 17, 18, 32, 112, 116, 118, 122, 136, 137, 138, 139, 140]","[0, 1, 2, 3, 4, 5, 6, 7, 8, 9, 10, 11, 12, 15, 16, 19, 20, 21, 22, 23, 24, 25, 26, 27, 28, 29, 30, 31, 33, 34, 35, 36, 37, 38, 39, 40, 41, 42, 43, 44, 45, 46, 47, 48, 49, 50, 51, 52, 53, 54, 55, 56, 57, 58, 59, 60, 61, 62, 63, 64, 65, 66, 67, 68, 69, 70, 71, 72, 73, 74, 75, 76, 77, 78, 79, 80, 81, 82, 83, 84, 85, 86, 87, 88, 89, 90, 91, 92, 93, 94, 95, 96, 97, 98, 99, 100, 101, 102, 103, 104, 105, 106, 107, 108, 109, 110, 111, 114, 115, 117, 119, 120, 121, 123, 124, 125, 126, 127, 128, 129, 130, 131, 132, 133, 134, 135, 141, 142, 143, 144, 145, 146, 147, 148, 149]",{},[],0,"[122, 17, 18, 32, 137, 138, 139, 140, 13, 14, 118, 116, 136, 112, 36, 135, 26, 28, 105, 99, 144, 10, 148, 145, 149, 147, 146, 12, 58, 71, 134, 109, 48, 78, 67, 61, 115, 133, 130, 93, 85, 129, 76, 128, 31, 94, 74, 127, 89, 126, 35, 7, 83, 141, 92, 124, 123, 125, 142, 117, 102, 30, 110, 108, 15, 111, 119, 107, 114, 40, 42, 143, 131, 132, 54, 64, 50, 75, 53, 90, 55, 77, 27, 41, 29, 8, 43, 121, 106, 120, 101, 9, 97, 16, 11, 100, 98, 96, 25, 63, 104, 95, 87, 103, 88, 70, 91, 69, 79, 80, 72, 86, 82, 81, 73, 66, 65, 47, 68, 60, 59, 44, 84, 24, 62, 57, 6, 1, 2, 0, 52, 51, 46, 49, 45, 56, 38, 23, 39, 34, 33, 21, 37, 20, 19, 5, 22, 4, 3]",True,22119963185,22.119963185,"[36, 135, 28, 26, 105, 99, 148, 115, 144, 145, 149, 147, 146, 12, 71, 58, 134, 109, 61, 67, 78, 10, 48, 133, 129, 93, 85, 130, 74, 42, 40, 7, 132, 131, 52, 143, 128, 127, 31, 47, 35, 126, 125, 141, 29, 104, 124, 123, 142, 117, 55, 8, 86, 102, 16, 25, 76, 110, 108, 63, 91, 64, 53, 90, 77, 119, 75, 92, 41, 27, 15, 43, 111, 9, 107, 114, 121, 120, 101, 106, 50, 6, 1, 2, 0, 30, 97, 11, 89, 98, 96, 83, 100, 44, 24, 84, 82, 103, 95, 88, 70, 87, 81, 94, 69, 79, 80, 72, 68, 60, 59, 73, 66, 65, 62, 57, 54, 51, 46, 49, 45, 56, 38, 23, 39, 34, 33, 21, 37, 20, 19, 5, 22, 4, 3]","[3, 4, 22, 5, 19, 20, 37, 21, 33, 34, 39, 23, 38, 56, 45, 49, 46, 51, 54, 57, 62, 65, 66, 73, 59, 60, 68, 72, 80, 79, 69, 94, 81, 87, 70, 88, 95, 103, 82, 84, 24, 44, 100, 83, 96, 98, 89, 11, 97, 30, 0, 2, 1, 6, 50, 106, 101, 120, 121, 114, 107, 9, 111, 43, 15, 27, 41, 92, 75, 119, 77, 90, 53, 64, 91, 63, 108, 110, 76, 25, 16, 102, 86, 8, 55, 117, 142, 123, 124, 104, 29, 141, 125, 126, 35, 47, 31, 127, 128, 143, 52, 131, 132, 7, 40, 42, 74, 130, 85, 93, 129, 133, 48, 10, 78, 67, 61, 109, 134, 58, 71, 12, 146, 147, 149, 145, 144, 115, 148, 99, 105, 26, 28, 135, 36]",False,complete,135,135,6733,0,1617,0,1617,1789,172,0,0,lowest_first,True,2,133,24,133,24,24,24,24
5,240460,9,16,133,"[13, 14, 17, 18, 32, 36, 112, 116, 118, 122, 135, 136, 137, 138, 139, 140]","[0, 1, 2, 3, 4, 5, 6, 7, 8, 9, 10, 11, 12, 15, 16, 19, 20, 21, 22, 23, 24, 25, 26, 27, 28, 29, 30, 31, 33, 34, 35, 37, 38, 39, 40, 41, 42, 43, 44, 45, 46, 47, 48, 49, 50, 51, 52, 53, 54, 55, 56, 57, 58, 59, 60, 61, 62, 63, 64, 65, 66, 67, 68, 69, 70, 71, 72, 73, 74, 75, 76, 77, 78, 79, 80, 81, 82, 83, 84, 85, 86, 87, 88, 89, 90, 91, 92, 93, 94, 95, 96, 97, 98, 99, 100, 101, 102, 103, 104, 105, 106, 107, 108, 109, 110, 111, 114, 115, 117, 119, 120, 121, 123, 124, 125, 126, 127, 128, 129, 130, 131, 132, 133, 134, 141, 142, 143, 144, 145, 146, 147, 148, 149]",{},[],0,"[122, 17, 18, 32, 137, 138, 139, 140, 13, 14, 118, 116, 136, 112, 36, 135, 26, 28, 105, 99, 144, 10, 148, 145, 149, 147, 146, 12, 58, 71, 134, 109, 48, 78, 67, 61, 115, 133, 130, 93, 85, 129, 76, 128, 31, 94, 74, 127, 89, 126, 35, 7, 83, 141, 92, 124, 123, 125, 142, 117, 102, 30, 110, 108, 15, 111, 119, 107, 114, 40, 42, 143, 131, 132, 54, 64, 50, 75, 53, 90, 55, 77, 27, 41, 29, 8, 43, 121, 106, 120, 101, 9, 97, 16, 11, 100, 98, 96, 25, 63, 104, 95, 87, 103, 88, 70, 91, 69, 79, 80, 72, 86, 82, 81, 73, 66, 65, 47, 68, 60, 59, 44, 84, 24, 62, 57, 6, 1, 2, 0, 52, 51, 46, 49, 45, 56, 38, 23, 39, 34, 33, 21, 37, 20, 19, 5, 22, 4, 3]",True,20630193617,20.630193617,"[26, 28, 99, 105, 149, 102, 144, 10, 145, 147, 146, 12, 58, 71, 134, 109, 61, 78, 48, 67, 148, 93, 85, 133, 130, 129, 74, 42, 40, 7, 132, 131, 52, 143, 128, 126, 47, 125, 94, 100, 141, 142, 15, 8, 77, 76, 44, 50, 124, 123, 115, 16, 25, 110, 108, 63, 127, 89, 104, 55, 117, 92, 119, 90, 75, 53, 27, 43, 41, 29, 111, 9, 107, 114, 121, 120, 101, 106, 83, 6, 1, 2, 0, 54, 51, 46, 45, 39, 62, 49, 56, 57, 38, 70, 86, 69, 79, 80, 64, 60, 59, 68, 66, 72, 65, 103, 73, 87, 91, 88, 82, 81, 84, 97, 96, 95, 98, 24, 30, 31, 11, 23, 5, 4, 3, 21, 22, 20, 19, 35, 37, 34, 33]","[33, 34, 37, 35, 19, 20, 22, 21, 3, 4, 5, 23, 11, 31, 30, 24, 98, 95, 96, 97, 84, 81, 82, 88, 91, 87, 73, 103, 65, 72, 66, 68, 59, 60, 64, 80, 79, 69, 86, 70, 38, 57, 56, 49, 62, 39, 45, 46, 51, 54, 0, 2, 1, 6, 83, 106, 101, 120, 121, 114, 107, 9, 111, 29, 41, 43, 27, 53, 75, 90, 119, 92, 117, 55, 104, 89, 127, 63, 108, 110, 25, 16, 115, 123, 124, 50, 44, 76, 77, 8, 15, 142, 141, 100, 94, 125, 47, 126, 128, 143, 52, 131, 132, 7, 40, 42, 74, 129, 130, 133, 85, 93, 148, 67, 48, 78, 61, 109, 134, 71, 58, 12, 146, 147, 145, 10, 144, 102, 149, 105, 99, 28, 26]",False,complete,134,134,6573,0,1566,1,1565,1759,194,0,0,lowest_first,True,2,129,25,129,25,25,25,25
5,240461,10,18,131,"[13, 14, 17, 18, 26, 28, 32, 36, 112, 116, 118, 122, 135, 136, 137, 138, 139, 140]","[0, 1, 2, 3, 4, 5, 6, 7, 8, 9, 10, 11, 12, 15, 16, 19, 20, 21, 22, 23, 24, 25, 27, 29, 30, 31, 33, 34, 35, 37, 38, 39, 40, 41, 42, 43, 44, 45, 46, 47, 48, 49, 50, 51, 52, 53, 54, 55, 56, 57, 58, 59, 60, 61, 62, 63, 64, 65, 66, 67, 68, 69, 70, 71, 72, 73, 74, 75, 76, 77, 78, 79, 80, 81, 82, 83, 84, 85, 86, 87, 88, 89, 90, 91, 92, 93, 94, 95, 96, 97, 98, 99, 100, 101, 102, 103, 104, 105, 106, 107, 108, 109, 110, 111, 114, 115, 117, 119, 120, 121, 123, 124, 125, 126, 127, 128, 129, 130, 131, 132, 133, 134, 141, 142, 143, 144, 145, 146, 147, 148, 149]",{},[],0,"[122, 17, 18, 32, 137, 138, 139, 140, 13, 14, 118, 116, 136, 112, 36, 135, 26, 28, 105, 99, 144, 10, 148, 145, 149, 147, 146, 12, 58, 71, 134, 109, 48, 78, 67, 61, 115, 133, 130, 93, 85, 129, 76, 128, 31, 94, 74, 127, 89, 126, 35, 7, 83, 141, 92, 124, 123, 125, 142, 117, 102, 30, 110, 108, 15, 111, 119, 107, 114, 40, 42, 143, 131, 132, 54, 64, 50, 75, 53, 90, 55, 77, 27, 41, 29, 8, 43, 121, 106, 120, 101, 9, 97, 16, 11, 100, 98, 96, 25, 63, 104, 95, 87, 103, 88, 70, 91, 69, 79, 80, 72, 86, 82, 81, 73, 66, 65, 47, 68, 60, 59, 44, 84, 24, 62, 57, 6, 1, 2, 0, 52, 51, 46, 49, 45, 56, 38, 23, 39, 34, 33, 21, 37, 20, 19, 5, 22, 4, 3]",True,23415334962,23.415334962,"[105, 99, 145, 148, 115, 144, 149, 146, 147, 12, 58, 71, 134, 109, 78, 67, 48, 61, 10, 133, 129, 93, 85, 130, 74, 40, 42, 7, 131, 132, 52, 143, 128, 127, 31, 47, 35, 126, 125, 141, 29, 104, 124, 123, 142, 55, 86, 119, 8, 102, 30, 111, 108, 117, 43, 27, 110, 107, 25, 114, 76, 64, 90, 75, 77, 92, 53, 15, 41, 121, 91, 120, 101, 63, 106, 50, 9, 97, 16, 11, 89, 98, 96, 83, 100, 44, 24, 84, 82, 103, 95, 88, 70, 87, 81, 94, 69, 79, 80, 72, 68, 60, 59, 73, 66, 65, 62, 57, 6, 1, 2, 0, 54, 51, 46, 49, 45, 56, 38, 23, 39, 34, 33, 21, 37, 20, 19, 5, 22, 4, 3]","[3, 4, 22, 5, 19, 20, 37, 21, 33, 34, 39, 23, 38, 56, 45, 49, 46, 51, 54, 0, 2, 1, 6, 57, 62, 65, 66, 73, 59, 60, 68, 72, 80, 79, 69, 94, 81, 87, 70, 88, 95, 103, 82, 84, 24, 44, 100, 83, 96, 98, 89, 11, 16, 97, 9, 50, 106, 63, 101, 120, 91, 121, 41, 15, 53, 92, 77, 75, 90, 64, 76, 114, 25, 107, 110, 27, 43, 117, 108, 111, 30, 102, 8, 119, 86, 55, 142, 123, 124, 104, 29, 141, 125, 126, 35, 47, 31, 127, 128, 143, 52, 132, 131, 7, 42, 40, 74, 130, 85, 93, 129, 133, 10, 61, 48, 67, 78, 109, 134, 71, 58, 12, 147, 146, 149, 144, 115, 148, 145, 99, 105]",False,complete,131,131,6312,0,1736,0,1736,1823,87,0,0,lowest_first,True,2,131,26,131,26,26,26,26
5,240462,11,20,129,"[13, 14, 17, 18, 26, 28, 32, 36, 99, 105, 112, 116, 118, 122, 135, 136, 137, 138, 139, 140]","[0, 1, 2, 3, 4, 5, 6, 7, 8, 9, 10, 11, 12, 15, 16, 19, 20, 21, 22, 23, 24, 25, 27, 29, 30, 31, 33, 34, 35, 37, 38, 39, 40, 41, 42, 43, 44, 45, 46, 47, 48, 49, 50, 51, 52, 53, 54, 55, 56, 57, 58, 59, 60, 61, 62, 63, 64, 65, 66, 67, 68, 69, 70, 71, 72, 73, 74, 75, 76, 77, 78, 79, 80, 81, 82, 83, 84, 85, 86, 87, 88, 89, 90, 91, 92, 93, 94, 95, 96, 97, 98, 100, 101, 102, 103, 104, 106, 107, 108, 109, 110, 111, 114, 115, 117, 119, 120, 121, 123, 124, 125, 126, 127, 128, 129, 130, 131, 132, 133, 134, 141, 142, 143, 144, 145, 146, 147, 148, 149]",{},[],0,"[122, 17, 18, 32, 137, 138, 139, 140, 13, 14, 118, 116, 136, 112, 36, 135, 26, 28, 105, 99, 144, 10, 148, 145, 149, 147, 146, 12, 58, 71, 134, 109, 48, 78, 67, 61, 115, 133, 130, 93, 85, 129, 76, 128, 31, 94, 74, 127, 89, 126, 35, 7, 83, 141, 92, 124, 123, 125, 142, 117, 102, 30, 110, 108, 15, 111, 119, 107, 114, 40, 42, 143, 131, 132, 54, 64, 50, 75, 53, 90, 55, 77, 27, 41, 29, 8, 43, 121, 106, 120, 101, 9, 97, 16, 11, 100, 98, 96, 25, 63, 104, 95, 87, 103, 88, 70, 91, 69, 79, 80, 72, 86, 82, 81, 73, 66, 65, 47, 68, 60, 59, 44, 84, 24, 62, 57, 6, 1, 2, 0, 52, 51, 46, 49, 45, 56, 38, 23, 39, 34, 33, 21, 37, 20, 19, 5, 22, 4, 3]",True,23332248892,23.332248892,"[148, 115, 144, 149, 145, 146, 147, 12, 71, 58, 134, 109, 67, 61, 78, 10, 48, 133, 130, 93, 85, 129, 76, 128, 31, 94, 74, 127, 91, 126, 35, 7, 83, 125, 102, 30, 124, 21, 123, 110, 142, 141, 77, 75, 90, 29, 117, 6, 23, 15, 1, 2, 119, 108, 42, 143, 131, 132, 52, 64, 50, 104, 92, 53, 55, 8, 27, 43, 41, 111, 0, 9, 97, 16, 11, 100, 98, 96, 107, 114, 121, 120, 101, 106, 63, 95, 87, 103, 88, 70, 89, 69, 79, 80, 72, 86, 82, 81, 73, 66, 65, 47, 68, 60, 59, 44, 84, 57, 62, 56, 46, 49, 45, 51, 38, 54, 33, 34, 39, 24, 40, 25, 37, 20, 19, 5, 22, 4, 3]","[3, 4, 22, 5, 19, 20, 37, 25, 40, 24, 39, 34, 33, 54, 38, 51, 45, 49, 46, 56, 62, 57, 84, 44, 59, 60, 68, 47, 65, 66, 73, 81, 82, 86, 72, 80, 79, 69, 89, 70, 88, 103, 87, 95, 63, 106, 101, 120, 121, 114, 107, 96, 98, 100, 11, 16, 97, 9, 0, 111, 41, 43, 27, 8, 55, 53, 92, 104, 50, 64, 52, 132, 131, 143, 42, 108, 119, 2, 1, 15, 23, 6, 117, 29, 90, 75, 77, 141, 142, 110, 123, 21, 124, 30, 102, 125, 83, 7, 35, 126, 91, 127, 74, 94, 31, 128, 76, 129, 85, 93, 130, 133, 48, 10, 78, 61, 67, 109, 134, 58, 71, 12, 147, 146, 145, 149, 144, 115, 148]",False,complete,130,130,5956,0,1772,1,1771,1965,194,0,0,lowest_first,True,2,160,27,160,27,27,27,27
5,240463,12,22,127,"[10, 13, 14, 17, 18, 26, 28, 32, 36, 99, 105, 112, 116, 118, 122, 135, 136, 137, 138, 139, 140, 144]","[0, 1, 2, 3, 4, 5, 6, 7, 8, 9, 11, 12, 15, 16, 19, 20, 21, 22, 23, 24, 25, 27, 29, 30, 31, 33, 34, 35, 37, 38, 39, 40, 41, 42, 43, 44, 45, 46, 47, 48, 49, 50, 51, 52, 53, 54, 55, 56, 57, 58, 59, 60, 61, 62, 63, 64, 65, 66, 67, 68, 69, 70, 71, 72, 73, 74, 75, 76, 77, 78, 79, 80, 81, 82, 83, 84, 85, 86, 87, 88, 89, 90, 91, 92, 93, 94, 95, 96, 97, 98, 100, 101, 102, 103, 104, 106, 107, 108, 109, 110, 111, 114, 115, 117, 119, 120, 121, 123, 124, 125, 126, 127, 128, 129, 130, 131, 132, 133, 134, 141, 142, 143, 145, 146, 147, 148, 149]",{},[],0,"[122, 17, 18, 32, 137, 138, 139, 140, 13, 14, 118, 116, 136, 112, 36, 135, 26, 28, 105, 99, 144, 10, 148, 145, 149, 147, 146, 12, 58, 71, 134, 109, 48, 78, 67, 61, 115, 133, 130, 93, 85, 129, 76, 128, 31, 94, 74, 127, 89, 126, 35, 7, 83, 141, 92, 124, 123, 125, 142, 117, 102, 30, 110, 108, 15, 111, 119, 107, 114, 40, 42, 143, 131, 132, 54, 64, 50, 75, 53, 90, 55, 77, 27, 41, 29, 8, 43, 121, 106, 120, 101, 9, 97, 16, 11, 100, 98, 96, 25, 63, 104, 95, 87, 103, 88, 70, 91, 69, 79, 80, 72, 86, 82, 81, 73, 66, 65, 47, 68, 60, 59, 44, 84, 24, 62, 57, 6, 1, 2, 0, 52, 51, 46, 49, 45, 56, 38, 23, 39, 34, 33, 21, 37, 20, 19, 5, 22, 4, 3]",True,20448869034,20.448869034,"[148, 149, 145, 146, 147, 12, 58, 71, 134, 109, 48, 61, 67, 78, 102, 93, 85, 133, 130, 129, 74, 42, 40, 7, 132, 131, 52, 143, 128, 126, 47, 125, 94, 100, 141, 142, 8, 15, 75, 76, 44, 50, 124, 123, 115, 16, 25, 110, 108, 63, 127, 91, 103, 117, 119, 92, 90, 53, 55, 77, 43, 29, 27, 41, 111, 9, 107, 114, 121, 120, 101, 106, 83, 6, 1, 2, 0, 54, 51, 46, 45, 39, 62, 49, 56, 57, 38, 70, 86, 69, 79, 80, 64, 60, 59, 68, 66, 72, 65, 104, 73, 87, 89, 88, 82, 81, 84, 97, 96, 95, 98, 24, 30, 31, 11, 23, 5, 4, 3, 21, 22, 20, 19, 35, 37, 34, 33]","[33, 34, 37, 35, 19, 20, 22, 21, 3, 4, 5, 23, 11, 31, 30, 24, 98, 95, 96, 97, 84, 81, 82, 88, 89, 87, 73, 104, 65, 72, 66, 68, 59, 60, 64, 80, 79, 69, 86, 70, 38, 57, 56, 49, 62, 39, 45, 46, 51, 54, 0, 2, 1, 6, 83, 106, 101, 120, 121, 114, 107, 9, 111, 41, 27, 29, 43, 77, 55, 53, 90, 92, 119, 117, 103, 91, 127, 63, 108, 110, 25, 16, 115, 123, 124, 50, 44, 76, 75, 15, 8, 142, 141, 100, 94, 125, 47, 126, 128, 143, 52, 131, 132, 7, 40, 42, 74, 129, 130, 133, 85, 93, 102, 78, 67, 61, 48, 109, 134, 71, 58, 12, 147, 146, 145, 149, 148]",False,complete,128,128,5940,0,1562,1,1561,1755,194,0,0,lowest_first,True,2,129,25,129,25,25,25,25
5,240464,13,24,125,"[10, 13, 14, 17, 18, 26, 28, 32, 36, 99, 105, 112, 116, 118, 122, 135, 136, 137, 138, 139, 140, 144, 145, 148]","[0, 1, 2, 3, 4, 5, 6, 7, 8, 9, 11, 12, 15, 16, 19, 20, 21, 22, 23, 24, 25, 27, 29, 30, 31, 33, 34, 35, 37, 38, 39, 40, 41, 42, 43, 44, 45, 46, 47, 48, 49, 50, 51, 52, 53, 54, 55, 56, 57, 58, 59, 60, 61, 62, 63, 64, 65, 66, 67, 68, 69, 70, 71, 72, 73, 74, 75, 76, 77, 78, 79, 80, 81, 82, 83, 84, 85, 86, 87, 88, 89, 90, 91, 92, 93, 94, 95, 96, 97, 98, 100, 101, 102, 103, 104, 106, 107, 108, 109, 110, 111, 114, 115, 117, 119, 120, 121, 123, 124, 125, 126, 127, 128, 129, 130, 131, 132, 133, 134, 141, 142, 143, 146, 147, 149]",{},[],0,"[122, 17, 18, 32, 137, 138, 139, 140, 13, 14, 118, 116, 136, 112, 36, 135, 26, 28, 105, 99, 144, 10, 148, 145, 149, 147, 146, 12, 58, 71, 134, 109, 48, 78, 67, 61, 115, 133, 130, 93, 85, 129, 76, 128, 31, 94, 74, 127, 89, 126, 35, 7, 83, 141, 92, 124, 123, 125, 142, 117, 102, 30, 110, 108, 15, 111, 119, 107, 114, 40, 42, 143, 131, 132, 54, 64, 50, 75, 53, 90, 55, 77, 27, 41, 29, 8, 43, 121, 106, 120, 101, 9, 97, 16, 11, 100, 98, 96, 25, 63, 104, 95, 87, 103, 88, 70, 91, 69, 79, 80, 72, 86, 82, 81, 73, 66, 65, 47, 68, 60, 59, 44, 84, 24, 62, 57, 6, 1, 2, 0, 52, 51, 46, 49, 45, 56, 38, 23, 39, 34, 33, 21, 37, 20, 19, 5, 22, 4, 3]",True,26680506017,26.680506017,"[149, 147, 146, 12, 71, 58, 134, 109, 78, 67, 48, 61, 102, 93, 85, 133, 130, 129, 76, 128, 97, 94, 74, 127, 91, 126, 35, 7, 21, 125, 83, 75, 141, 77, 142, 92, 16, 40, 42, 131, 132, 52, 110, 9, 64, 50, 124, 123, 90, 117, 55, 119, 53, 8, 43, 15, 27, 29, 41, 111, 108, 106, 115, 107, 6, 1, 2, 0, 114, 121, 120, 101, 143, 63, 104, 70, 86, 69, 79, 80, 62, 60, 59, 68, 66, 72, 65, 103, 73, 87, 89, 88, 81, 31, 82, 100, 96, 95, 30, 98, 11, 84, 23, 25, 24, 44, 19, 20, 5, 22, 4, 3, 37, 34, 47, 33, 39, 38, 46, 54, 51, 57, 56, 49, 45]","[45, 49, 56, 57, 51, 54, 46, 38, 39, 33, 47, 34, 37, 3, 4, 22, 5, 20, 19, 44, 24, 25, 23, 84, 11, 98, 30, 95, 96, 100, 82, 31, 81, 88, 89, 87, 73, 103, 65, 72, 66, 68, 59, 60, 62, 80, 79, 69, 86, 70, 104, 63, 143, 101, 120, 121, 114, 0, 2, 1, 6, 107, 115, 106, 108, 111, 41, 29, 27, 15, 43, 8, 53, 119, 55, 117, 90, 123, 124, 50, 64, 9, 110, 52, 132, 131, 42, 40, 16, 92, 142, 77, 141, 75, 83, 125, 21, 7, 35, 126, 91, 127, 74, 94, 97, 128, 76, 129, 130, 133, 85, 93, 102, 61, 48, 67, 78, 109, 134, 58, 71, 12, 146, 147, 149]",False,complete,156,156,6611,0,2247,18,2229,2000,999,1,0,lowest_first,True,2,126,29,126,29,29,29,29
5,240465,14,26,123,"[10, 13, 14, 17, 18, 26, 28, 32, 36, 99, 105, 112, 116, 118, 122, 135, 136, 137, 138, 139, 140, 144, 145, 147, 148, 149]","[0, 1, 2, 3, 4, 5, 6, 7, 8, 9, 11, 12, 15, 16, 19, 20, 21, 22, 23, 24, 25, 27, 29, 30, 31, 33, 34, 35, 37, 38, 39, 40, 41, 42, 43, 44, 45, 46, 47, 48, 49, 50, 51, 52, 53, 54, 55, 56, 57, 58, 59, 60, 61, 62, 63, 64, 65, 66, 67, 68, 69, 70, 71, 72, 73, 74, 75, 76, 77, 78, 79, 80, 81, 82, 83, 84, 85, 86, 87, 88, 89, 90, 91, 92, 93, 94, 95, 96, 97, 98, 100, 101, 102, 103, 104, 106, 107, 108, 109, 110, 111, 114, 115, 117, 119, 120, 121, 123, 124, 125, 126, 127, 128, 129, 130, 131, 132, 133, 134, 141, 142, 143, 146]",{},[],0,"[122, 17, 18, 32, 137, 138, 139, 140, 13, 14, 118, 116, 136, 112, 36, 135, 26, 28, 105, 99, 144, 10, 148, 145, 149, 147, 146, 12, 58, 71, 134, 109, 48, 78, 67, 61, 115, 133, 130, 93, 85, 129, 76, 128, 31, 94, 74, 127, 89, 126, 35, 7, 83, 141, 92, 124, 123, 125, 142, 117, 102, 30, 110, 108, 15, 111, 119, 107, 114, 40, 42, 143, 131, 132, 54, 64, 50, 75, 53, 90, 55, 77, 27, 41, 29, 8, 43, 121, 106, 120, 101, 9, 97, 16, 11, 100, 98, 96, 25, 63, 104, 95, 87, 103, 88, 70, 91, 69, 79, 80, 72, 86, 82, 81, 73, 66, 65, 47, 68, 60, 59, 44, 84, 24, 62, 57, 6, 1, 2, 0, 52, 51, 46, 49, 45, 56, 38, 23, 39, 34, 33, 21, 37, 20, 19, 5, 22, 4, 3]",True,31356770712,31.356770712,"[146, 12, 58, 71, 134, 109, 61, 78, 67, 115, 48, 133, 129, 93, 85, 130, 76, 128, 31, 94, 74, 127, 89, 126, 35, 7, 83, 141, 77, 124, 123, 125, 27, 21, 23, 29, 142, 75, 119, 90, 102, 16, 110, 117, 92, 108, 40, 143, 131, 132, 52, 64, 50, 104, 55, 53, 41, 43, 8, 15, 111, 9, 107, 114, 121, 120, 101, 106, 63, 6, 1, 2, 0, 22, 4, 5, 3, 98, 30, 11, 100, 97, 96, 95, 87, 103, 88, 70, 91, 69, 79, 80, 72, 86, 82, 81, 73, 66, 65, 47, 68, 60, 59, 44, 84, 57, 62, 56, 49, 46, 45, 51, 38, 54, 33, 34, 39, 24, 42, 25, 37, 20, 19]","[19, 20, 37, 25, 42, 24, 39, 34, 33, 54, 38, 51, 45, 46, 49, 56, 62, 57, 84, 44, 59, 60, 68, 47, 65, 66, 73, 81, 82, 86, 72, 80, 79, 69, 91, 70, 88, 103, 87, 95, 96, 97, 100, 11, 30, 98, 3, 5, 4, 22, 0, 2, 1, 6, 63, 106, 101, 120, 121, 114, 107, 9, 111, 15, 8, 43, 41, 53, 55, 104, 50, 64, 52, 132, 131, 143, 40, 108, 92, 117, 110, 16, 102, 90, 119, 75, 142, 29, 23, 21, 27, 125, 123, 124, 77, 141, 83, 7, 35, 126, 89, 127, 74, 94, 31, 128, 76, 130, 85, 93, 129, 133, 48, 115, 67, 78, 61, 109, 134, 71, 58, 12, 146]",False,complete,187,187,6689,0,2907,59,2848,2000,1873,13,0,lowest_first,True,2,146,28,146,28,28,28,28
5,240466,15,28,121,"[10, 12, 13, 14, 17, 18, 26, 28, 32, 36, 99, 105, 112, 116, 118, 122, 135, 136, 137, 138, 139, 140, 144, 145, 146, 147, 148, 149]","[0, 1, 2, 3, 4, 5, 6, 7, 8, 9, 11, 15, 16, 19, 20, 21, 22, 23, 24, 25, 27, 29, 30, 31, 33, 34, 35, 37, 38, 39, 40, 41, 42, 43, 44, 45, 46, 47, 48, 49, 50, 51, 52, 53, 54, 55, 56, 57, 58, 59, 60, 61, 62, 63, 64, 65, 66, 67, 68, 69, 70, 71, 72, 73, 74, 75, 76, 77, 78, 79, 80, 81, 82, 83, 84, 85, 86, 87, 88, 89, 90, 91, 92, 93, 94, 95, 96, 97, 98, 100, 101, 102, 103, 104, 106, 107, 108, 109, 110, 111, 114, 115, 117, 119, 120, 121, 123, 124, 125, 126, 127, 128, 129, 130, 131, 132, 133, 134, 141, 142, 143]",{},[],0,"[122, 17, 18, 32, 137, 138, 139, 140, 13, 14, 118, 116, 136, 112, 36, 135, 26, 28, 105, 99, 144, 10, 148, 145, 149, 147, 146, 12, 58, 71, 134, 109, 48, 78, 67, 61, 115, 133, 130, 93, 85, 129, 76, 128, 31, 94, 74, 127, 89, 126, 35, 7, 83, 141, 92, 124, 123, 125, 142, 117, 102, 30, 110, 108, 15, 111, 119, 107, 114, 40, 42, 143, 131, 132, 54, 64, 50, 75, 53, 90, 55, 77, 27, 41, 29, 8, 43, 121, 106, 120, 101, 9, 97, 16, 11, 100, 98, 96, 25, 63, 104, 95, 87, 103, 88, 70, 91, 69, 79, 80, 72, 86, 82, 81, 73, 66, 65, 47, 68, 60, 59, 44, 84, 24, 62, 57, 6, 1, 2, 0, 52, 51, 46, 49, 45, 56, 38, 23, 39, 34, 33, 21, 37, 20, 19, 5, 22, 4, 3]",True,25475991998,25.475991998,"[58, 71, 134, 109, 78, 48, 67, 61, 102, 93, 85, 133, 130, 129, 76, 128, 97, 94, 74, 127, 91, 126, 35, 7, 21, 125, 83, 75, 142, 77, 141, 90, 16, 42, 40, 131, 132, 52, 110, 9, 64, 50, 124, 123, 117, 53, 92, 119, 55, 43, 8, 15, 41, 29, 27, 111, 108, 106, 115, 107, 6, 1, 2, 0, 114, 121, 120, 101, 143, 63, 104, 70, 86, 69, 79, 80, 62, 60, 59, 68, 66, 72, 65, 103, 73, 87, 89, 88, 81, 31, 82, 100, 96, 95, 30, 98, 11, 84, 23, 25, 24, 44, 19, 20, 5, 22, 4, 3, 37, 34, 47, 33, 39, 46, 38, 54, 51, 57, 56, 49, 45]","[45, 49, 56, 57, 51, 54, 38, 46, 39, 33, 47, 34, 37, 3, 4, 22, 5, 20, 19, 44, 24, 25, 23, 84, 11, 98, 30, 95, 96, 100, 82, 31, 81, 88, 89, 87, 73, 103, 65, 72, 66, 68, 59, 60, 62, 80, 79, 69, 86, 70, 104, 63, 143, 101, 120, 121, 114, 0, 2, 1, 6, 107, 115, 106, 108, 111, 27, 29, 41, 15, 8, 43, 55, 119, 92, 53, 117, 123, 124, 50, 64, 9, 110, 52, 132, 131, 40, 42, 16, 90, 141, 77, 142, 75, 83, 125, 21, 7, 35, 126, 91, 127, 74, 94, 97, 128, 76, 129, 130, 133, 85, 93, 102, 61, 67, 48, 78, 109, 134, 71, 58]",False,complete,148,148,6102,0,2129,18,2111,2000,998,1,0,lowest_first,True,2,126,29,126,29,29,29,29
5,240467,16,30,119,"[10, 12, 13, 14, 17, 18, 26, 28, 32, 36, 58, 71, 99, 105, 112, 116, 118, 122, 135, 136, 137, 138, 139, 140, 144, 145, 146, 147, 148, 149]","[0, 1, 2, 3, 4, 5, 6, 7, 8, 9, 11, 15, 16, 19, 20, 21, 22, 23, 24, 25, 27, 29, 30, 31, 33, 34, 35, 37, 38, 39, 40, 41, 42, 43, 44, 45, 46, 47, 48, 49, 50, 51, 52, 53, 54, 55, 56, 57, 59, 60, 61, 62, 63, 64, 65, 66, 67, 68, 69, 70, 72, 73, 74, 75, 76, 77, 78, 79, 80, 81, 82, 83, 84, 85, 86, 87, 88, 89, 90, 91, 92, 93, 94, 95, 96, 97, 98, 100, 101, 102, 103, 104, 106, 107, 108, 109, 110, 111, 114, 115, 117, 119, 120, 121, 123, 124, 125, 126, 127, 128, 129, 130, 131, 132, 133, 134, 141, 142, 143]",{},[],0,"[122, 17, 18, 32, 137, 138, 139, 140, 13, 14, 118, 116, 136, 112, 36, 135, 26, 28, 105, 99, 144, 10, 148, 145, 149, 147, 146, 12, 58, 71, 134, 109, 48, 78, 67, 61, 115, 133, 130, 93, 85, 129, 76, 128, 31, 94, 74, 127, 89, 126, 35, 7, 83, 141, 92, 124, 123, 125, 142, 117, 102, 30, 110, 108, 15, 111, 119, 107, 114, 40, 42, 143, 131, 132, 54, 64, 50, 75, 53, 90, 55, 77, 27, 41, 29, 8, 43, 121, 106, 120, 101, 9, 97, 16, 11, 100, 98, 96, 25, 63, 104, 95, 87, 103, 88, 70, 91, 69, 79, 80, 72, 86, 82, 81, 73, 66, 65, 47, 68, 60, 59, 44, 84, 24, 62, 57, 6, 1, 2, 0, 52, 51, 46, 49, 45, 56, 38, 23, 39, 34, 33, 21, 37, 20, 19, 5, 22, 4, 3]",True,19748618976,19.748618976,"[134, 109, 48, 67, 61, 78, 102, 93, 85, 133, 130, 129, 74, 40, 42, 7, 131, 132, 52, 143, 128, 126, 47, 125, 94, 100, 142, 141, 8, 15, 77, 76, 44, 50, 124, 123, 115, 16, 25, 110, 108, 63, 127, 89, 104, 75, 119, 53, 117, 92, 55, 90, 41, 29, 27, 43, 111, 9, 107, 114, 121, 120, 101, 106, 83, 6, 1, 2, 0, 54, 51, 46, 45, 39, 62, 49, 56, 57, 38, 70, 86, 69, 79, 80, 64, 60, 59, 68, 66, 72, 65, 103, 73, 87, 91, 88, 82, 81, 84, 97, 96, 95, 98, 24, 30, 31, 11, 23, 5, 4, 3, 21, 22, 20, 19, 35, 37, 34, 33]","[33, 34, 37, 35, 19, 20, 22, 21, 3, 4, 5, 23, 11, 31, 30, 24, 98, 95, 96, 97, 84, 81, 82, 88, 91, 87, 73, 103, 65, 72, 66, 68, 59, 60, 64, 80, 79, 69, 86, 70, 38, 57, 56, 49, 62, 39, 45, 46, 51, 54, 0, 2, 1, 6, 83, 106, 101, 120, 121, 114, 107, 9, 111, 43, 27, 29, 41, 90, 55, 92, 117, 53, 119, 75, 104, 89, 127, 63, 108, 110, 25, 16, 115, 123, 124, 50, 44, 76, 77, 15, 8, 141, 142, 100, 94, 125, 47, 126, 128, 143, 52, 132, 131, 7, 42, 40, 74, 129, 130, 133, 85, 93, 102, 78, 61, 67, 48, 109, 134]",False,complete,120,120,5121,0,1542,1,1541,1735,194,0,0,lowest_first,True,2,129,25,129,25,25,25,25
5,240468,17,32,117,"[10, 12, 13, 14, 17, 18, 26, 28, 32, 36, 58, 71, 99, 105, 109, 112, 116, 118, 122, 134, 135, 136, 137, 138, 139, 140, 144, 145, 146, 147, 148, 149]","[0, 1, 2, 3, 4, 5, 6, 7, 8, 9, 11, 15, 16, 19, 20, 21, 22, 23, 24, 25, 27, 29, 30, 31, 33, 34, 35, 37, 38, 39, 40, 41, 42, 43, 44, 45, 46, 47, 48, 49, 50, 51, 52, 53, 54, 55, 56, 57, 59, 60, 61, 62, 63, 64, 65, 66, 67, 68, 69, 70, 72, 73, 74, 75, 76, 77, 78, 79, 80, 81, 82, 83, 84, 85, 86, 87, 88, 89, 90, 91, 92, 93, 94, 95, 96, 97, 98, 100, 101, 102, 103, 104, 106, 107, 108, 110, 111, 114, 115, 117, 119, 120, 121, 123, 124, 125, 126, 127, 128, 129, 130, 131, 132, 133, 141, 142, 143]",{},[],0,"[122, 17, 18, 32, 137, 138, 139, 140, 13, 14, 118, 116, 136, 112, 36, 135, 26, 28, 105, 99, 144, 10, 148, 145, 149, 147, 146, 12, 58, 71, 134, 109, 48, 78, 67, 61, 115, 133, 130, 93, 85, 129, 76, 128, 31, 94, 74, 127, 89, 126, 35, 7, 83, 141, 92, 124, 123, 125, 142, 117, 102, 30, 110, 108, 15, 111, 119, 107, 114, 40, 42, 143, 131, 132, 54, 64, 50, 75, 53, 90, 55, 77, 27, 41, 29, 8, 43, 121, 106, 120, 101, 9, 97, 16, 11, 100, 98, 96, 25, 63, 104, 95, 87, 103, 88, 70, 91, 69, 79, 80, 72, 86, 82, 81, 73, 66, 65, 47, 68, 60, 59, 44, 84, 24, 62, 57, 6, 1, 2, 0, 52, 51, 46, 49, 45, 56, 38, 23, 39, 34, 33, 21, 37, 20, 19, 5, 22, 4, 3]",True,20925054547,20.925054547,"[61, 67, 48, 78, 102, 93, 85, 133, 130, 129, 74, 42, 40, 7, 131, 132, 54, 143, 128, 126, 47, 125, 124, 123, 142, 141, 117, 104, 103, 127, 55, 86, 25, 29, 16, 52, 53, 8, 110, 9, 76, 51, 46, 39, 64, 119, 77, 90, 92, 75, 15, 43, 41, 27, 111, 108, 91, 115, 97, 107, 114, 121, 120, 101, 106, 83, 95, 31, 100, 96, 30, 98, 11, 6, 1, 2, 0, 70, 69, 63, 79, 80, 62, 60, 59, 68, 94, 72, 66, 65, 73, 87, 89, 88, 82, 81, 84, 24, 50, 44, 49, 45, 56, 57, 38, 23, 5, 4, 3, 21, 22, 20, 19, 35, 37, 34, 33]","[33, 34, 37, 35, 19, 20, 22, 21, 3, 4, 5, 23, 38, 57, 56, 45, 49, 44, 50, 24, 84, 81, 82, 88, 89, 87, 73, 65, 66, 72, 94, 68, 59, 60, 62, 80, 79, 63, 69, 70, 0, 2, 1, 6, 11, 98, 30, 96, 100, 31, 95, 83, 106, 101, 120, 121, 114, 107, 97, 115, 91, 108, 111, 27, 41, 43, 15, 75, 92, 90, 77, 119, 64, 39, 46, 51, 76, 9, 110, 8, 53, 52, 16, 29, 25, 86, 55, 127, 103, 104, 117, 141, 142, 123, 124, 125, 47, 126, 128, 143, 54, 132, 131, 7, 40, 42, 74, 129, 130, 133, 85, 93, 102, 78, 48, 67, 61]",False,complete,118,118,5118,0,1590,0,1590,1815,225,0,0,lowest_first,True,2,110,25,110,25,25,25,25
5,240469,18,34,115,"[10, 12, 13, 14, 17, 18, 26, 28, 32, 36, 48, 58, 71, 78, 99, 105, 109, 112, 116, 118, 122, 134, 135, 136, 137, 138, 139, 140, 144, 145, 146, 147, 148, 149]","[0, 1, 2, 3, 4, 5, 6, 7, 8, 9, 11, 15, 16, 19, 20, 21, 22, 23, 24, 25, 27, 29, 30, 31, 33, 34, 35, 37, 38, 39, 40, 41, 42, 43, 44, 45, 46, 47, 49, 50, 51, 52, 53, 54, 55, 56, 57, 59, 60, 61, 62, 63, 64, 65, 66, 67, 68, 69, 70, 72, 73, 74, 75, 76, 77, 79, 80, 81, 82, 83, 84, 85, 86, 87, 88, 89, 90, 91, 92, 93, 94, 95, 96, 97, 98, 100, 101, 102, 103, 104, 106, 107, 108, 110, 111, 114, 115, 117, 119, 120, 121, 123, 124, 125, 126, 127, 128, 129, 130, 131, 132, 133, 141, 142, 143]",{},[],0,"[122, 17, 18, 32, 137, 138, 139, 140, 13, 14, 118, 116, 136, 112, 36, 135, 26, 28, 105, 99, 144, 10, 148, 145, 149, 147, 146, 12, 58, 71, 134, 109, 48, 78, 67, 61, 115, 133, 130, 93, 85, 129, 76, 128, 31, 94, 74, 127, 89, 126, 35, 7, 83, 141, 92, 124, 123, 125, 142, 117, 102, 30, 110, 108, 15, 111, 119, 107, 114, 40, 42, 143, 131, 132, 54, 64, 50, 75, 53, 90, 55, 77, 27, 41, 29, 8, 43, 121, 106, 120, 101, 9, 97, 16, 11, 100, 98, 96, 25, 63, 104, 95, 87, 103, 88, 70, 91, 69, 79, 80, 72, 86, 82, 81, 73, 66, 65, 47, 68, 60, 59, 44, 84, 24, 62, 57, 6, 1, 2, 0, 52, 51, 46, 49, 45, 56, 38, 23, 39, 34, 33, 21, 37, 20, 19, 5, 22, 4, 3]",True,20444816404,20.444816404,"[61, 67, 102, 93, 85, 133, 130, 129, 74, 42, 40, 7, 131, 132, 54, 143, 128, 126, 47, 125, 124, 123, 141, 142, 55, 127, 94, 15, 16, 25, 76, 110, 9, 97, 63, 89, 64, 77, 75, 53, 117, 119, 92, 90, 43, 8, 29, 41, 27, 111, 108, 106, 115, 107, 6, 1, 2, 0, 114, 121, 120, 101, 52, 51, 46, 70, 39, 103, 31, 30, 11, 100, 98, 96, 95, 87, 104, 88, 91, 73, 69, 79, 80, 72, 65, 66, 50, 68, 60, 59, 83, 86, 82, 81, 44, 84, 24, 62, 49, 45, 56, 57, 38, 23, 5, 4, 3, 21, 22, 20, 19, 35, 37, 34, 33]","[33, 34, 37, 35, 19, 20, 22, 21, 3, 4, 5, 23, 38, 57, 56, 45, 49, 62, 24, 84, 44, 81, 82, 86, 83, 59, 60, 68, 50, 66, 65, 72, 80, 79, 69, 73, 91, 88, 104, 87, 95, 96, 98, 100, 11, 30, 31, 103, 39, 70, 46, 51, 52, 101, 120, 121, 114, 0, 2, 1, 6, 107, 115, 106, 108, 111, 27, 41, 29, 8, 43, 90, 92, 119, 117, 53, 75, 77, 64, 89, 63, 97, 9, 110, 76, 25, 16, 15, 94, 127, 55, 142, 141, 123, 124, 125, 47, 126, 128, 143, 54, 132, 131, 7, 40, 42, 74, 129, 130, 133, 85, 93, 102, 67, 61]",False,complete,120,120,5002,0,1631,1,1630,1761,131,0,0,lowest_first,True,2,112,26,112,26,26,26,26
5,240470,19,36,113,"[10, 12, 13, 14, 17, 18, 26, 28, 32, 36, 48, 58, 61, 67, 71, 78, 99, 105, 109, 112, 116, 118, 122, 134, 135, 136, 137, 138, 139, 140, 144, 145, 146, 147, 148, 149]","[0, 1, 2, 3, 4, 5, 6, 7, 8, 9, 11, 15, 16, 19, 20, 21, 22, 23, 24, 25, 27, 29, 30, 31, 33, 34, 35, 37, 38, 39, 40, 41, 42, 43, 44, 45, 46, 47, 49, 50, 51, 52, 53, 54, 55, 56, 57, 59, 60, 62, 63, 64, 65, 66, 68, 69, 70, 72, 73, 74, 75, 76, 77, 79, 80, 81, 82, 83, 84, 85, 86, 87, 88, 89, 90, 91, 92, 93, 94, 95, 96, 97, 98, 100, 101, 102, 103, 104, 106, 107, 108, 110, 111, 114, 115, 117, 119, 120, 121, 123, 124, 125, 126, 127, 128, 129, 130, 131, 132, 133, 141, 142, 143]",{},[],0,"[122, 17, 18, 32, 137, 138, 139, 140, 13, 14, 118, 116, 136, 112, 36, 135, 26, 28, 105, 99, 144, 10, 148, 145, 149, 147, 146, 12, 58, 71, 134, 109, 48, 78, 67, 61, 115, 133, 130, 93, 85, 129, 76, 128, 31, 94, 74, 127, 89, 126, 35, 7, 83, 141, 92, 124, 123, 125, 142, 117, 102, 30, 110, 108, 15, 111, 119, 107, 114, 40, 42, 143, 131, 132, 54, 64, 50, 75, 53, 90, 55, 77, 27, 41, 29, 8, 43, 121, 106, 120, 101, 9, 97, 16, 11, 100, 98, 96, 25, 63, 104, 95, 87, 103, 88, 70, 91, 69, 79, 80, 72, 86, 82, 81, 73, 66, 65, 47, 68, 60, 59, 44, 84, 24, 62, 57, 6, 1, 2, 0, 52, 51, 46, 49, 45, 56, 38, 23, 39, 34, 33, 21, 37, 20, 19, 5, 22, 4, 3]",True,27015158585,27.015158585,"[102, 93, 85, 133, 130, 129, 76, 128, 97, 94, 74, 127, 91, 126, 35, 7, 21, 125, 83, 92, 124, 123, 141, 142, 119, 8, 117, 115, 16, 42, 40, 143, 132, 131, 52, 110, 108, 64, 50, 103, 75, 90, 55, 77, 53, 41, 15, 29, 27, 43, 111, 9, 107, 114, 121, 120, 101, 106, 63, 6, 1, 2, 0, 70, 86, 69, 79, 80, 62, 60, 59, 68, 66, 72, 65, 104, 73, 87, 89, 88, 81, 31, 82, 100, 96, 95, 30, 98, 11, 84, 23, 25, 24, 44, 19, 20, 5, 22, 4, 3, 37, 34, 47, 33, 39, 46, 38, 54, 51, 57, 56, 49, 45]","[45, 49, 56, 57, 51, 54, 38, 46, 39, 33, 47, 34, 37, 3, 4, 22, 5, 20, 19, 44, 24, 25, 23, 84, 11, 98, 30, 95, 96, 100, 82, 31, 81, 88, 89, 87, 73, 104, 65, 72, 66, 68, 59, 60, 62, 80, 79, 69, 86, 70, 0, 2, 1, 6, 63, 106, 101, 120, 121, 114, 107, 9, 111, 43, 27, 29, 15, 41, 53, 77, 55, 90, 75, 103, 50, 64, 108, 110, 52, 131, 132, 143, 40, 42, 16, 115, 117, 8, 119, 142, 141, 123, 124, 92, 83, 125, 21, 7, 35, 126, 91, 127, 74, 94, 97, 128, 76, 129, 130, 133, 85, 93, 102]",False,complete,164,164,5270,0,2407,36,2371,2000,1570,6,0,lowest_first,True,2,148,28,148,28,28,28,28
5,240471,20,38,111,"[10, 12, 13, 14, 17, 18, 26, 28, 32, 36, 48, 58, 61, 67, 71, 78, 99, 105, 109, 112, 115, 116, 118, 122, 133, 134, 135, 136, 137, 138, 139, 140, 144, 145, 146, 147, 148, 149]","[0, 1, 2, 3, 4, 5, 6, 7, 8, 9, 11, 15, 16, 19, 20, 21, 22, 23, 24, 25, 27, 29, 30, 31, 33, 34, 35, 37, 38, 39, 40, 41, 42, 43, 44, 45, 46, 47, 49, 50, 51, 52, 53, 54, 55, 56, 57, 59, 60, 62, 63, 64, 65, 66, 68, 69, 70, 72, 73, 74, 75, 76, 77, 79, 80, 81, 82, 83, 84, 85, 86, 87, 88, 89, 90, 91, 92, 93, 94, 95, 96, 97, 98, 100, 101, 102, 103, 104, 106, 107, 108, 110, 111, 114, 117, 119, 120, 121, 123, 124, 125, 126, 127, 128, 129, 130, 131, 132, 141, 142, 143]",{},[],0,"[122, 17, 18, 32, 137, 138, 139, 140, 13, 14, 118, 116, 136, 112, 36, 135, 26, 28, 105, 99, 144, 10, 148, 145, 149, 147, 146, 12, 58, 71, 134, 109, 48, 78, 67, 61, 115, 133, 130, 93, 85, 129, 76, 128, 31, 94, 74, 127, 89, 126, 35, 7, 83, 141, 92, 124, 123, 125, 142, 117, 102, 30, 110, 108, 15, 111, 119, 107, 114, 40, 42, 143, 131, 132, 54, 64, 50, 75, 53, 90, 55, 77, 27, 41, 29, 8, 43, 121, 106, 120, 101, 9, 97, 16, 11, 100, 98, 96, 25, 63, 104, 95, 87, 103, 88, 70, 91, 69, 79, 80, 72, 86, 82, 81, 73, 66, 65, 47, 68, 60, 59, 44, 84, 24, 62, 57, 6, 1, 2, 0, 52, 51, 46, 49, 45, 56, 38, 23, 39, 34, 33, 21, 37, 20, 19, 5, 22, 4, 3]",True,20370896893,20.370896893,"[130, 93, 85, 129, 74, 42, 40, 7, 131, 132, 54, 143, 128, 31, 127, 47, 35, 126, 125, 141, 29, 103, 124, 123, 142, 53, 86, 15, 16, 25, 76, 110, 108, 64, 90, 75, 117, 92, 77, 119, 55, 27, 8, 43, 41, 111, 9, 107, 102, 114, 121, 89, 120, 101, 63, 106, 50, 6, 1, 2, 0, 30, 97, 11, 91, 98, 96, 83, 100, 44, 24, 84, 82, 104, 95, 88, 70, 87, 81, 94, 69, 79, 80, 72, 68, 60, 59, 73, 66, 65, 62, 57, 52, 51, 46, 49, 45, 56, 38, 23, 39, 34, 33, 21, 37, 20, 19, 5, 22, 4, 3]","[3, 4, 22, 5, 19, 20, 37, 21, 33, 34, 39, 23, 38, 56, 45, 49, 46, 51, 52, 57, 62, 65, 66, 73, 59, 60, 68, 72, 80, 79, 69, 94, 81, 87, 70, 88, 95, 104, 82, 84, 24, 44, 100, 83, 96, 98, 91, 11, 97, 30, 0, 2, 1, 6, 50, 106, 63, 101, 120, 89, 121, 114, 102, 107, 9, 111, 41, 43, 8, 27, 55, 119, 77, 92, 117, 75, 90, 64, 108, 110, 76, 25, 16, 15, 86, 53, 142, 123, 124, 103, 29, 141, 125, 126, 35, 47, 127, 31, 128, 143, 54, 132, 131, 7, 40, 42, 74, 129, 85, 93, 130]",False,complete,111,111,4552,0,1578,0,1578,1726,148,0,0,lowest_first,True,2,111,24,111,24,24,24,24
5,240472,21,40,109,"[10, 12, 13, 14, 17, 18, 26, 28, 32, 36, 48, 58, 61, 67, 71, 78, 93, 99, 105, 109, 112, 115, 116, 118, 122, 130, 133, 134, 135, 136, 137, 138, 139, 140, 144, 145, 146, 147, 148, 149]","[0, 1, 2, 3, 4, 5, 6, 7, 8, 9, 11, 15, 16, 19, 20, 21, 22, 23, 24, 25, 27, 29, 30, 31, 33, 34, 35, 37, 38, 39, 40, 41, 42, 43, 44, 45, 46, 47, 49, 50, 51, 52, 53, 54, 55, 56, 57, 59, 60, 62, 63, 64, 65, 66, 68, 69, 70, 72, 73, 74, 75, 76, 77, 79, 80, 81, 82, 83, 84, 85, 86, 87, 88, 89, 90, 91, 92, 94, 95, 96, 97, 98, 100, 101, 102, 103, 104, 106, 107, 108, 110, 111, 114, 117, 119, 120, 121, 123, 124, 125, 126, 127, 128, 129, 131, 132, 141, 142, 143]",{},[],0,"[122, 17, 18, 32, 137, 138, 139, 140, 13, 14, 118, 116, 136, 112, 36, 135, 26, 28, 105, 99, 144, 10, 148, 145, 149, 147, 146, 12, 58, 71, 134, 109, 48, 78, 67, 61, 115, 133, 130, 93, 85, 129, 76, 128, 31, 94, 74, 127, 89, 126, 35, 7, 83, 141, 92, 124, 123, 125, 142, 117, 102, 30, 110, 108, 15, 111, 119, 107, 114, 40, 42, 143, 131, 132, 54, 64, 50, 75, 53, 90, 55, 77, 27, 41, 29, 8, 43, 121, 106, 120, 101, 9, 97, 16, 11, 100, 98, 96, 25, 63, 104, 95, 87, 103, 88, 70, 91, 69, 79, 80, 72, 86, 82, 81, 73, 66, 65, 47, 68, 60, 59, 44, 84, 24, 62, 57, 6, 1, 2, 0, 52, 51, 46, 49, 45, 56, 38, 23, 39, 34, 33, 21, 37, 20, 19, 5, 22, 4, 3]",True,20747433866,20.747433866,"[85, 129, 74, 40, 42, 7, 131, 132, 52, 143, 128, 127, 31, 47, 35, 126, 125, 141, 29, 103, 124, 123, 142, 55, 15, 104, 117, 16, 102, 110, 25, 108, 76, 63, 91, 64, 75, 119, 92, 77, 53, 90, 27, 8, 41, 43, 111, 9, 107, 114, 121, 120, 101, 106, 50, 95, 98, 100, 96, 30, 97, 11, 6, 1, 2, 0, 54, 51, 46, 45, 49, 56, 57, 68, 62, 60, 89, 70, 69, 59, 79, 80, 88, 87, 94, 72, 83, 73, 66, 65, 84, 24, 44, 86, 82, 81, 38, 23, 39, 34, 33, 21, 37, 20, 19, 5, 22, 4, 3]","[3, 4, 22, 5, 19, 20, 37, 21, 33, 34, 39, 23, 38, 81, 82, 86, 44, 24, 84, 65, 66, 73, 83, 72, 94, 87, 88, 80, 79, 59, 69, 70, 89, 60, 62, 68, 57, 56, 49, 45, 46, 51, 54, 0, 2, 1, 6, 11, 97, 30, 96, 100, 98, 95, 50, 106, 101, 120, 121, 114, 107, 9, 111, 43, 41, 8, 27, 90, 53, 77, 92, 119, 75, 64, 91, 63, 76, 108, 25, 110, 102, 16, 117, 104, 15, 55, 142, 123, 124, 103, 29, 141, 125, 126, 35, 47, 31, 127, 128, 143, 52, 132, 131, 7, 42, 40, 74, 129, 85]",False,complete,111,111,4230,0,1673,2,1671,1971,300,0,0,lowest_first,True,2,135,27,135,27,27,27,27
5,240473,22,42,107,"[10, 12, 13, 14, 17, 18, 26, 28, 32, 36, 48, 58, 61, 67, 71, 78, 85, 93, 99, 105, 109, 112, 115, 116, 118, 122, 129, 130, 133, 134, 135, 136, 137, 138, 139, 140, 144, 145, 146, 147, 148, 149]","[0, 1, 2, 3, 4, 5, 6, 7, 8, 9, 11, 15, 16, 19, 20, 21, 22, 23, 24, 25, 27, 29, 30, 31, 33, 34, 35, 37, 38, 39, 40, 41, 42, 43, 44, 45, 46, 47, 49, 50, 51, 52, 53, 54, 55, 56, 57, 59, 60, 62, 63, 64, 65, 66, 68, 69, 70, 72, 73, 74, 75, 76, 77, 79, 80, 81, 82, 83, 84, 86, 87, 88, 89, 90, 91, 92, 94, 95, 96, 97, 98, 100, 101, 102, 103, 104, 106, 107, 108, 110, 111, 114, 117, 119, 120, 121, 123, 124, 125, 126, 127, 128, 131, 132, 141, 142, 143]",{},[],0,"[122, 17, 18, 32, 137, 138, 139, 140, 13, 14, 118, 116, 136, 112, 36, 135, 26, 28, 105, 99, 144, 10, 148, 145, 149, 147, 146, 12, 58, 71, 134, 109, 48, 78, 67, 61, 115, 133, 130, 93, 85, 129, 76, 128, 31, 94, 74, 127, 89, 126, 35, 7, 83, 141, 92, 124, 123, 125, 142, 117, 102, 30, 110, 108, 15, 111, 119, 107, 114, 40, 42, 143, 131, 132, 54, 64, 50, 75, 53, 90, 55, 77, 27, 41, 29, 8, 43, 121, 106, 120, 101, 9, 97, 16, 11, 100, 98, 96, 25, 63, 104, 95, 87, 103, 88, 70, 91, 69, 79, 80, 72, 86, 82, 81, 73, 66, 65, 47, 68, 60, 59, 44, 84, 24, 62, 57, 6, 1, 2, 0, 52, 51, 46, 49, 45, 56, 38, 23, 39, 34, 33, 21, 37, 20, 19, 5, 22, 4, 3]",True,22481085643,22.481085643,"[76, 128, 31, 94, 74, 127, 91, 126, 35, 7, 83, 125, 102, 30, 124, 21, 123, 110, 141, 142, 77, 75, 92, 27, 23, 117, 8, 15, 119, 108, 6, 111, 106, 101, 120, 29, 121, 114, 107, 1, 2, 0, 40, 131, 132, 54, 64, 50, 53, 90, 55, 41, 43, 9, 97, 16, 11, 100, 98, 96, 42, 5, 4, 3, 143, 22, 63, 25, 20, 44, 24, 19, 103, 37, 84, 70, 34, 39, 52, 47, 46, 51, 68, 60, 62, 49, 45, 56, 57, 38, 33, 59, 89, 73, 66, 69, 79, 80, 72, 65, 86, 87, 82, 81, 88, 104, 95]","[95, 104, 88, 81, 82, 87, 86, 65, 72, 80, 79, 69, 66, 73, 89, 59, 33, 38, 57, 56, 45, 49, 62, 60, 68, 51, 46, 47, 52, 39, 34, 70, 84, 37, 103, 19, 24, 44, 20, 25, 63, 22, 143, 3, 4, 5, 42, 96, 98, 100, 11, 16, 97, 9, 43, 41, 55, 90, 53, 50, 64, 54, 132, 131, 40, 0, 2, 1, 107, 114, 121, 29, 120, 101, 106, 111, 6, 108, 119, 15, 8, 117, 23, 27, 92, 75, 77, 142, 141, 110, 123, 21, 124, 30, 102, 125, 83, 7, 35, 126, 91, 127, 74, 94, 31, 128, 76]",False,complete,116,116,4280,0,1780,7,1773,1977,204,0,0,lowest_first,True,2,130,26,130,26,26,26,26
5,240474,23,44,105,"[10, 12, 13, 14, 17, 18, 26, 28, 32, 36, 48, 58, 61, 67, 71, 76, 78, 85, 93, 99, 105, 109, 112, 115, 116, 118, 122, 128, 129, 130, 133, 134, 135, 136, 137, 138, 139, 140, 144, 145, 146, 147, 148, 149]","[0, 1, 2, 3, 4, 5, 6, 7, 8, 9, 11, 15, 16, 19, 20, 21, 22, 23, 24, 25, 27, 29, 30, 31, 33, 34, 35, 37, 38, 39, 40, 41, 42, 43, 44, 45, 46, 47, 49, 50, 51, 52, 53, 54, 55, 56, 57, 59, 60, 62, 63, 64, 65, 66, 68, 69, 70, 72, 73, 74, 75, 77, 79, 80, 81, 82, 83, 84, 86, 87, 88, 89, 90, 91, 92, 94, 95, 96, 97, 98, 100, 101, 102, 103, 104, 106, 107, 108, 110, 111, 114, 117, 119, 120, 121, 123, 124, 125, 126, 127, 131, 132, 141, 142, 143]",{},[],0,"[122, 17, 18, 32, 137, 138, 139, 140, 13, 14, 118, 116, 136, 112, 36, 135, 26, 28, 105, 99, 144, 10, 148, 145, 149, 147, 146, 12, 58, 71, 134, 109, 48, 78, 67, 61, 115, 133, 130, 93, 85, 129, 76, 128, 31, 94, 74, 127, 89, 126, 35, 7, 83, 141, 92, 124, 123, 125, 142, 117, 102, 30, 110, 108, 15, 111, 119, 107, 114, 40, 42, 143, 131, 132, 54, 64, 50, 75, 53, 90, 55, 77, 27, 41, 29, 8, 43, 121, 106, 120, 101, 9, 97, 16, 11, 100, 98, 96, 25, 63, 104, 95, 87, 103, 88, 70, 91, 69, 79, 80, 72, 86, 82, 81, 73, 66, 65, 47, 68, 60, 59, 44, 84, 24, 62, 57, 6, 1, 2, 0, 52, 51, 46, 49, 45, 56, 38, 23, 39, 34, 33, 21, 37, 20, 19, 5, 22, 4, 3]",True,18689486816,18.689486816,"[31, 94, 74, 127, 91, 126, 35, 7, 83, 125, 102, 30, 124, 21, 123, 110, 141, 142, 90, 15, 108, 16, 111, 9, 40, 42, 143, 132, 131, 52, 97, 11, 100, 64, 50, 104, 117, 53, 92, 75, 77, 55, 119, 27, 43, 41, 29, 8, 98, 96, 107, 114, 121, 120, 101, 106, 63, 95, 87, 103, 88, 70, 89, 69, 79, 80, 72, 86, 82, 81, 73, 66, 65, 47, 68, 60, 59, 44, 62, 84, 24, 23, 25, 57, 56, 49, 46, 45, 51, 38, 54, 39, 34, 33, 37, 20, 19, 5, 22, 3, 4, 2, 6, 1, 0]","[0, 1, 6, 2, 4, 3, 22, 5, 19, 20, 37, 33, 34, 39, 54, 38, 51, 45, 46, 49, 56, 57, 25, 23, 24, 84, 62, 44, 59, 60, 68, 47, 65, 66, 73, 81, 82, 86, 72, 80, 79, 69, 89, 70, 88, 103, 87, 95, 63, 106, 101, 120, 121, 114, 107, 96, 98, 8, 29, 41, 43, 27, 119, 55, 77, 75, 92, 53, 117, 104, 50, 64, 100, 11, 97, 52, 131, 132, 143, 42, 40, 9, 111, 16, 108, 15, 90, 142, 141, 110, 123, 21, 124, 30, 102, 125, 83, 7, 35, 126, 91, 127, 74, 94, 31]",False,complete,106,106,3592,0,1580,1,1579,1827,248,0,0,lowest_first,True,2,158,28,158,28,28,28,28
5,240475,24,46,103,"[10, 12, 13, 14, 17, 18, 26, 28, 31, 32, 36, 48, 58, 61, 67, 71, 76, 78, 85, 93, 94, 99, 105, 109, 112, 115, 116, 118, 122, 128, 129, 130, 133, 134, 135, 136, 137, 138, 139, 140, 144, 145, 146, 147, 148, 149]","[0, 1, 2, 3, 4, 5, 6, 7, 8, 9, 11, 15, 16, 19, 20, 21, 22, 23, 24, 25, 27, 29, 30, 33, 34, 35, 37, 38, 39, 40, 41, 42, 43, 44, 45, 46, 47, 49, 50, 51, 52, 53, 54, 55, 56, 57, 59, 60, 62, 63, 64, 65, 66, 68, 69, 70, 72, 73, 74, 75, 77, 79, 80, 81, 82, 83, 84, 86, 87, 88, 89, 90, 91, 92, 95, 96, 97, 98, 100, 101, 102, 103, 104, 106, 107, 108, 110, 111, 114, 117, 119, 120, 121, 123, 124, 125, 126, 127, 131, 132, 141, 142, 143]",{},[],0,"[122, 17, 18, 32, 137, 138, 139, 140, 13, 14, 118, 116, 136, 112, 36, 135, 26, 28, 105, 99, 144, 10, 148, 145, 149, 147, 146, 12, 58, 71, 134, 109, 48, 78, 67, 61, 115, 133, 130, 93, 85, 129, 76, 128, 31, 94, 74, 127, 89, 126, 35, 7, 83, 141, 92, 124, 123, 125, 142, 117, 102, 30, 110, 108, 15, 111, 119, 107, 114, 40, 42, 143, 131, 132, 54, 64, 50, 75, 53, 90, 55, 77, 27, 41, 29, 8, 43, 121, 106, 120, 101, 9, 97, 16, 11, 100, 98, 96, 25, 63, 104, 95, 87, 103, 88, 70, 91, 69, 79, 80, 72, 86, 82, 81, 73, 66, 65, 47, 68, 60, 59, 44, 84, 24, 62, 57, 6, 1, 2, 0, 52, 51, 46, 49, 45, 56, 38, 23, 39, 34, 33, 21, 37, 20, 19, 5, 22, 4, 3]",True,19295248584,19.295248584,"[74, 127, 91, 126, 35, 7, 83, 125, 102, 30, 124, 21, 123, 110, 142, 141, 77, 75, 92, 29, 117, 6, 23, 8, 1, 2, 108, 40, 143, 132, 131, 54, 64, 50, 103, 53, 119, 90, 55, 43, 27, 15, 41, 111, 0, 9, 97, 16, 11, 100, 98, 96, 107, 114, 121, 120, 101, 106, 63, 95, 87, 104, 88, 70, 89, 69, 79, 80, 72, 86, 82, 81, 73, 66, 65, 47, 68, 60, 59, 44, 84, 57, 62, 56, 49, 46, 45, 51, 38, 52, 33, 34, 39, 24, 42, 25, 37, 20, 19, 5, 22, 4, 3]","[3, 4, 22, 5, 19, 20, 37, 25, 42, 24, 39, 34, 33, 52, 38, 51, 45, 46, 49, 56, 62, 57, 84, 44, 59, 60, 68, 47, 65, 66, 73, 81, 82, 86, 72, 80, 79, 69, 89, 70, 88, 104, 87, 95, 63, 106, 101, 120, 121, 114, 107, 96, 98, 100, 11, 16, 97, 9, 0, 111, 41, 15, 27, 43, 55, 90, 119, 53, 103, 50, 64, 54, 131, 132, 143, 40, 108, 2, 1, 8, 23, 6, 117, 29, 92, 75, 77, 141, 142, 110, 123, 21, 124, 30, 102, 125, 83, 7, 35, 126, 91, 127, 74]",False,complete,104,104,3415,0,1601,1,1600,1794,194,0,0,lowest_first,True,2,161,27,161,27,27,27,27
5,240476,25,48,101,"[10, 12, 13, 14, 17, 18, 26, 28, 31, 32, 36, 48, 58, 61, 67, 71, 74, 76, 78, 85, 93, 94, 99, 105, 109, 112, 115, 116, 118, 122, 127, 128, 129, 130, 133, 134, 135, 136, 137, 138, 139, 140, 144, 145, 146, 147, 148, 149]","[0, 1, 2, 3, 4, 5, 6, 7, 8, 9, 11, 15, 16, 19, 20, 21, 22, 23, 24, 25, 27, 29, 30, 33, 34, 35, 37, 38, 39, 40, 41, 42, 43, 44, 45, 46, 47, 49, 50, 51, 52, 53, 54, 55, 56, 57, 59, 60, 62, 63, 64, 65, 66, 68, 69, 70, 72, 73, 75, 77, 79, 80, 81, 82, 83, 84, 86, 87, 88, 89, 90, 91, 92, 95, 96, 97, 98, 100, 101, 102, 103, 104, 106, 107, 108, 110, 111, 114, 117, 119, 120, 121, 123, 124, 125, 126, 131, 132, 141, 142, 143]",{},[],0,"[122, 17, 18, 32, 137, 138, 139, 140, 13, 14, 118, 116, 136, 112, 36, 135, 26, 28, 105, 99, 144, 10, 148, 145, 149, 147, 146, 12, 58, 71, 134, 109, 48, 78, 67, 61, 115, 133, 130, 93, 85, 129, 76, 128, 31, 94, 74, 127, 89, 126, 35, 7, 83, 141, 92, 124, 123, 125, 142, 117, 102, 30, 110, 108, 15, 111, 119, 107, 114, 40, 42, 143, 131, 132, 54, 64, 50, 75, 53, 90, 55, 77, 27, 41, 29, 8, 43, 121, 106, 120, 101, 9, 97, 16, 11, 100, 98, 96, 25, 63, 104, 95, 87, 103, 88, 70, 91, 69, 79, 80, 72, 86, 82, 81, 73, 66, 65, 47, 68, 60, 59, 44, 84, 24, 62, 57, 6, 1, 2, 0, 52, 51, 46, 49, 45, 56, 38, 23, 39, 34, 33, 21, 37, 20, 19, 5, 22, 4, 3]",True,26646854075,26.646854075,"[89, 126, 35, 7, 83, 142, 77, 124, 123, 125, 27, 21, 119, 23, 75, 16, 102, 141, 92, 110, 29, 117, 90, 108, 40, 143, 132, 131, 54, 64, 50, 104, 55, 53, 8, 43, 15, 41, 111, 9, 107, 114, 121, 120, 101, 106, 63, 6, 1, 2, 0, 30, 97, 11, 100, 98, 96, 95, 87, 103, 88, 70, 91, 69, 79, 80, 72, 86, 82, 81, 73, 66, 65, 47, 68, 60, 59, 44, 84, 57, 62, 56, 46, 49, 45, 51, 38, 52, 33, 34, 39, 24, 42, 25, 37, 20, 19, 5, 22, 4, 3]","[3, 4, 22, 5, 19, 20, 37, 25, 42, 24, 39, 34, 33, 52, 38, 51, 45, 49, 46, 56, 62, 57, 84, 44, 59, 60, 68, 47, 65, 66, 73, 81, 82, 86, 72, 80, 79, 69, 91, 70, 88, 103, 87, 95, 96, 98, 100, 11, 97, 30, 0, 2, 1, 6, 63, 106, 101, 120, 121, 114, 107, 9, 111, 41, 15, 43, 8, 53, 55, 104, 50, 64, 54, 131, 132, 143, 40, 108, 90, 117, 29, 110, 92, 141, 102, 16, 75, 23, 119, 21, 27, 125, 123, 124, 77, 142, 83, 7, 35, 126, 89]",False,complete,164,164,4545,0,2708,58,2650,2000,1811,13,0,lowest_first,True,2,146,26,146,26,26,26,26
5,240477,26,50,99,"[10, 12, 13, 14, 17, 18, 26, 28, 31, 32, 36, 48, 58, 61, 67, 71, 74, 76, 78, 85, 89, 93, 94, 99, 105, 109, 112, 115, 116, 118, 122, 126, 127, 128, 129, 130, 133, 134, 135, 136, 137, 138, 139, 140, 144, 145, 146, 147, 148, 149]","[0, 1, 2, 3, 4, 5, 6, 7, 8, 9, 11, 15, 16, 19, 20, 21, 22, 23, 24, 25, 27, 29, 30, 33, 34, 35, 37, 38, 39, 40, 41, 42, 43, 44, 45, 46, 47, 49, 50, 51, 52, 53, 54, 55, 56, 57, 59, 60, 62, 63, 64, 65, 66, 68, 69, 70, 72, 73, 75, 77, 79, 80, 81, 82, 83, 84, 86, 87, 88, 90, 91, 92, 95, 96, 97, 98, 100, 101, 102, 103, 104, 106, 107, 108, 110, 111, 114, 117, 119, 120, 121, 123, 124, 125, 131, 132, 141, 142, 143]",{},[],0,"[122, 17, 18, 32, 137, 138, 139, 140, 13, 14, 118, 116, 136, 112, 36, 135, 26, 28, 105, 99, 144, 10, 148, 145, 149, 147, 146, 12, 58, 71, 134, 109, 48, 78, 67, 61, 115, 133, 130, 93, 85, 129, 76, 128, 31, 94, 74, 127, 89, 126, 35, 7, 83, 141, 92, 124, 123, 125, 142, 117, 102, 30, 110, 108, 15, 111, 119, 107, 114, 40, 42, 143, 131, 132, 54, 64, 50, 75, 53, 90, 55, 77, 27, 41, 29, 8, 43, 121, 106, 120, 101, 9, 97, 16, 11, 100, 98, 96, 25, 63, 104, 95, 87, 103, 88, 70, 91, 69, 79, 80, 72, 86, 82, 81, 73, 66, 65, 47, 68, 60, 59, 44, 84, 24, 62, 57, 6, 1, 2, 0, 52, 51, 46, 49, 45, 56, 38, 23, 39, 34, 33, 21, 37, 20, 19, 5, 22, 4, 3]",True,20132126949,20.132126949,"[35, 7, 83, 141, 75, 124, 125, 27, 21, 123, 23, 142, 77, 92, 119, 8, 15, 29, 117, 53, 16, 40, 132, 131, 52, 110, 108, 64, 50, 55, 90, 43, 41, 111, 9, 107, 102, 114, 121, 106, 120, 101, 6, 1, 2, 0, 42, 5, 4, 143, 22, 63, 3, 98, 30, 11, 100, 97, 96, 25, 20, 44, 24, 19, 103, 37, 84, 70, 34, 39, 54, 47, 46, 51, 68, 60, 62, 49, 45, 56, 57, 38, 33, 95, 87, 104, 81, 82, 88, 91, 73, 69, 59, 79, 80, 72, 86, 66, 65]","[65, 66, 86, 72, 80, 79, 59, 69, 73, 91, 88, 82, 81, 104, 87, 95, 33, 38, 57, 56, 45, 49, 62, 60, 68, 51, 46, 47, 54, 39, 34, 70, 84, 37, 103, 19, 24, 44, 20, 25, 96, 97, 100, 11, 30, 98, 3, 63, 22, 143, 4, 5, 42, 0, 2, 1, 6, 101, 120, 106, 121, 114, 102, 107, 9, 111, 41, 43, 90, 55, 50, 64, 108, 110, 52, 131, 132, 40, 16, 53, 117, 29, 15, 8, 119, 92, 77, 142, 23, 123, 21, 27, 125, 124, 75, 141, 83, 7, 35]",False,complete,105,105,3778,0,1677,6,1671,1966,295,0,0,lowest_first,True,2,113,28,113,28,28,28,28
5,240478,27,52,97,"[7, 10, 12, 13, 14, 17, 18, 26, 28, 31, 32, 35, 36, 48, 58, 61, 67, 71, 74, 76, 78, 85, 89, 93, 94, 99, 105, 109, 112, 115, 116, 118, 122, 126, 127, 128, 129, 130, 133, 134, 135, 136, 137, 138, 139, 140, 144, 145, 146, 147, 148, 149]","[0, 1, 2, 3, 4, 5, 6, 8, 9, 11, 15, 16, 19, 20, 21, 22, 23, 24, 25, 27, 29, 30, 33, 34, 37, 38, 39, 40, 41, 42, 43, 44, 45, 46, 47, 49, 50, 51, 52, 53, 54, 55, 56, 57, 59, 60, 62, 63, 64, 65, 66, 68, 69, 70, 72, 73, 75, 77, 79, 80, 81, 82, 83, 84, 86, 87, 88, 90, 91, 92, 95, 96, 97, 98, 100, 101, 102, 103, 104, 106, 107, 108, 110, 111, 114, 117, 119, 120, 121, 123, 124, 125, 131, 132, 141, 142, 143]",{},[],0,"[122, 17, 18, 32, 137, 138, 139, 140, 13, 14, 118, 116, 136, 112, 36, 135, 26, 28, 105, 99, 144, 10, 148, 145, 149, 147, 146, 12, 58, 71, 134, 109, 48, 78, 67, 61, 115, 133, 130, 93, 85, 129, 76, 128, 31, 94, 74, 127, 89, 126, 35, 7, 83, 141, 92, 124, 123, 125, 142, 117, 102, 30, 110, 108, 15, 111, 119, 107, 114, 40, 42, 143, 131, 132, 54, 64, 50, 75, 53, 90, 55, 77, 27, 41, 29, 8, 43, 121, 106, 120, 101, 9, 97, 16, 11, 100, 98, 96, 25, 63, 104, 95, 87, 103, 88, 70, 91, 69, 79, 80, 72, 86, 82, 81, 73, 66, 65, 47, 68, 60, 59, 44, 84, 24, 62, 57, 6, 1, 2, 0, 52, 51, 46, 49, 45, 56, 38, 23, 39, 34, 33, 21, 37, 20, 19, 5, 22, 4, 3]",True,19410386077,19.410386077,"[83, 141, 75, 124, 125, 27, 21, 123, 23, 142, 77, 92, 119, 8, 15, 29, 117, 53, 16, 40, 131, 132, 52, 110, 108, 64, 50, 90, 55, 41, 43, 111, 9, 107, 102, 114, 121, 106, 120, 101, 6, 1, 2, 0, 42, 5, 4, 143, 22, 63, 3, 98, 30, 11, 100, 97, 96, 25, 20, 44, 24, 19, 103, 37, 84, 70, 34, 39, 54, 47, 46, 51, 68, 60, 62, 49, 45, 56, 57, 38, 33, 95, 87, 104, 81, 82, 88, 91, 73, 69, 59, 79, 80, 72, 86, 66, 65]","[65, 66, 86, 72, 80, 79, 59, 69, 73, 91, 88, 82, 81, 104, 87, 95, 33, 38, 57, 56, 45, 49, 62, 60, 68, 51, 46, 47, 54, 39, 34, 70, 84, 37, 103, 19, 24, 44, 20, 25, 96, 97, 100, 11, 30, 98, 3, 63, 22, 143, 4, 5, 42, 0, 2, 1, 6, 101, 120, 106, 121, 114, 102, 107, 9, 111, 43, 41, 55, 90, 50, 64, 108, 110, 52, 132, 131, 40, 16, 53, 117, 29, 15, 8, 119, 92, 77, 142, 23, 123, 21, 27, 125, 124, 75, 141, 83]",False,complete,103,103,3610,0,1652,6,1646,1941,295,0,0,lowest_first,True,2,113,28,113,28,28,28,28
5,240479,28,54,95,"[7, 10, 12, 13, 14, 17, 18, 26, 28, 31, 32, 35, 36, 48, 58, 61, 67, 71, 74, 76, 78, 83, 85, 89, 93, 94, 99, 105, 109, 112, 115, 116, 118, 122, 126, 127, 128, 129, 130, 133, 134, 135, 136, 137, 138, 139, 140, 141, 144, 145, 146, 147, 148, 149]","[0, 1, 2, 3, 4, 5, 6, 8, 9, 11, 15, 16, 19, 20, 21, 22, 23, 24, 25, 27, 29, 30, 33, 34, 37, 38, 39, 40, 41, 42, 43, 44, 45, 46, 47, 49, 50, 51, 52, 53, 54, 55, 56, 57, 59, 60, 62, 63, 64, 65, 66, 68, 69, 70, 72, 73, 75, 77, 79, 80, 81, 82, 84, 86, 87, 88, 90, 91, 92, 95, 96, 97, 98, 100, 101, 102, 103, 104, 106, 107, 108, 110, 111, 114, 117, 119, 120, 121, 123, 124, 125, 131, 132, 142, 143]",{},[],0,"[122, 17, 18, 32, 137, 138, 139, 140, 13, 14, 118, 116, 136, 112, 36, 135, 26, 28, 105, 99, 144, 10, 148, 145, 149, 147, 146, 12, 58, 71, 134, 109, 48, 78, 67, 61, 115, 133, 130, 93, 85, 129, 76, 128, 31, 94, 74, 127, 89, 126, 35, 7, 83, 141, 92, 124, 123, 125, 142, 117, 102, 30, 110, 108, 15, 111, 119, 107, 114, 40, 42, 143, 131, 132, 54, 64, 50, 75, 53, 90, 55, 77, 27, 41, 29, 8, 43, 121, 106, 120, 101, 9, 97, 16, 11, 100, 98, 96, 25, 63, 104, 95, 87, 103, 88, 70, 91, 69, 79, 80, 72, 86, 82, 81, 73, 66, 65, 47, 68, 60, 59, 44, 84, 24, 62, 57, 6, 1, 2, 0, 52, 51, 46, 49, 45, 56, 38, 23, 39, 34, 33, 21, 37, 20, 19, 5, 22, 4, 3]",True,24221248312,24.221248312,"[75, 124, 125, 27, 21, 123, 23, 142, 77, 90, 119, 29, 102, 16, 110, 117, 92, 108, 40, 143, 132, 131, 54, 64, 50, 104, 55, 53, 15, 8, 43, 41, 111, 9, 107, 114, 121, 120, 101, 106, 63, 6, 1, 2, 0, 30, 97, 11, 100, 98, 96, 95, 87, 103, 88, 70, 91, 69, 79, 80, 72, 86, 82, 81, 73, 66, 65, 47, 68, 60, 59, 44, 84, 57, 62, 56, 49, 46, 45, 51, 38, 52, 33, 34, 39, 24, 42, 25, 37, 20, 19, 5, 22, 4, 3]","[3, 4, 22, 5, 19, 20, 37, 25, 42, 24, 39, 34, 33, 52, 38, 51, 45, 46, 49, 56, 62, 57, 84, 44, 59, 60, 68, 47, 65, 66, 73, 81, 82, 86, 72, 80, 79, 69, 91, 70, 88, 103, 87, 95, 96, 98, 100, 11, 97, 30, 0, 2, 1, 6, 63, 106, 101, 120, 121, 114, 107, 9, 111, 41, 43, 8, 15, 53, 55, 104, 50, 64, 54, 131, 132, 143, 40, 108, 92, 117, 110, 16, 102, 29, 119, 90, 77, 142, 23, 123, 21, 27, 125, 124, 75]",False,complete,158,158,4065,0,2573,58,2515,2000,1800,13,0,lowest_first,True,2,143,26,143,26,26,26,26
5,240480,29,56,93,"[7, 10, 12, 13, 14, 17, 18, 26, 28, 31, 32, 35, 36, 48, 58, 61, 67, 71, 74, 76, 78, 83, 85, 89, 92, 93, 94, 99, 105, 109, 112, 115, 116, 118, 122, 124, 126, 127, 128, 129, 130, 133, 134, 135, 136, 137, 138, 139, 140, 141, 144, 145, 146, 147, 148, 149]","[0, 1, 2, 3, 4, 5, 6, 8, 9, 11, 15, 16, 19, 20, 21, 22, 23, 24, 25, 27, 29, 30, 33, 34, 37, 38, 39, 40, 41, 42, 43, 44, 45, 46, 47, 49, 50, 51, 52, 53, 54, 55, 56, 57, 59, 60, 62, 63, 64, 65, 66, 68, 69, 70, 72, 73, 75, 77, 79, 80, 81, 82, 84, 86, 87, 88, 90, 91, 95, 96, 97, 98, 100, 101, 102, 103, 104, 106, 107, 108, 110, 111, 114, 117, 119, 120, 121, 123, 125, 131, 132, 142, 143]",{},[],0,"[122, 17, 18, 32, 137, 138, 139, 140, 13, 14, 118, 116, 136, 112, 36, 135, 26, 28, 105, 99, 144, 10, 148, 145, 149, 147, 146, 12, 58, 71, 134, 109, 48, 78, 67, 61, 115, 133, 130, 93, 85, 129, 76, 128, 31, 94, 74, 127, 89, 126, 35, 7, 83, 141, 92, 124, 123, 125, 142, 117, 102, 30, 110, 108, 15, 111, 119, 107, 114, 40, 42, 143, 131, 132, 54, 64, 50, 75, 53, 90, 55, 77, 27, 41, 29, 8, 43, 121, 106, 120, 101, 9, 97, 16, 11, 100, 98, 96, 25, 63, 104, 95, 87, 103, 88, 70, 91, 69, 79, 80, 72, 86, 82, 81, 73, 66, 65, 47, 68, 60, 59, 44, 84, 24, 62, 57, 6, 1, 2, 0, 52, 51, 46, 49, 45, 56, 38, 23, 39, 34, 33, 21, 37, 20, 19, 5, 22, 4, 3]",True,14397337742,14.397337742,"[123, 125, 142, 119, 8, 15, 90, 16, 42, 40, 143, 131, 132, 52, 110, 108, 64, 50, 53, 75, 77, 117, 55, 41, 29, 43, 27, 111, 9, 107, 102, 114, 121, 106, 120, 101, 25, 63, 103, 6, 1, 2, 0, 30, 97, 11, 100, 98, 96, 95, 87, 104, 88, 70, 91, 69, 79, 80, 72, 86, 82, 81, 73, 66, 65, 47, 68, 60, 59, 44, 84, 24, 62, 57, 54, 51, 46, 49, 45, 56, 38, 23, 39, 34, 33, 21, 37, 20, 19, 5, 22, 4, 3]","[3, 4, 22, 5, 19, 20, 37, 21, 33, 34, 39, 23, 38, 56, 45, 49, 46, 51, 54, 57, 62, 24, 84, 44, 59, 60, 68, 47, 65, 66, 73, 81, 82, 86, 72, 80, 79, 69, 91, 70, 88, 104, 87, 95, 96, 98, 100, 11, 97, 30, 0, 2, 1, 6, 103, 63, 25, 101, 120, 106, 121, 114, 102, 107, 9, 111, 27, 43, 29, 41, 55, 117, 77, 75, 53, 50, 64, 108, 110, 52, 132, 131, 143, 40, 42, 16, 90, 15, 8, 119, 142, 125, 123]",False,complete,94,94,3069,0,1300,1,1299,1475,176,0,0,lowest_first,True,2,113,26,113,26,26,26,26
5,240481,30,58,91,"[7, 10, 12, 13, 14, 17, 18, 26, 28, 31, 32, 35, 36, 48, 58, 61, 67, 71, 74, 76, 78, 83, 85, 89, 92, 93, 94, 99, 105, 109, 112, 115, 116, 118, 122, 123, 124, 125, 126, 127, 128, 129, 130, 133, 134, 135, 136, 137, 138, 139, 140, 141, 144, 145, 146, 147, 148, 149]","[0, 1, 2, 3, 4, 5, 6, 8, 9, 11, 15, 16, 19, 20, 21, 22, 23, 24, 25, 27, 29, 30, 33, 34, 37, 38, 39, 40, 41, 42, 43, 44, 45, 46, 47, 49, 50, 51, 52, 53, 54, 55, 56, 57, 59, 60, 62, 63, 64, 65, 66, 68, 69, 70, 72, 73, 75, 77, 79, 80, 81, 82, 84, 86, 87, 88, 90, 91, 95, 96, 97, 98, 100, 101, 102, 103, 104, 106, 107, 108, 110, 111, 114, 117, 119, 120, 121, 131, 132, 142, 143]",{},[],0,"[122, 17, 18, 32, 137, 138, 139, 140, 13, 14, 118, 116, 136, 112, 36, 135, 26, 28, 105, 99, 144, 10, 148, 145, 149, 147, 146, 12, 58, 71, 134, 109, 48, 78, 67, 61, 115, 133, 130, 93, 85, 129, 76, 128, 31, 94, 74, 127, 89, 126, 35, 7, 83, 141, 92, 124, 123, 125, 142, 117, 102, 30, 110, 108, 15, 111, 119, 107, 114, 40, 42, 143, 131, 132, 54, 64, 50, 75, 53, 90, 55, 77, 27, 41, 29, 8, 43, 121, 106, 120, 101, 9, 97, 16, 11, 100, 98, 96, 25, 63, 104, 95, 87, 103, 88, 70, 91, 69, 79, 80, 72, 86, 82, 81, 73, 66, 65, 47, 68, 60, 59, 44, 84, 24, 62, 57, 6, 1, 2, 0, 52, 51, 46, 49, 45, 56, 38, 23, 39, 34, 33, 21, 37, 20, 19, 5, 22, 4, 3]",True,13275937280,13.275937280,"[142, 117, 102, 30, 110, 108, 15, 111, 119, 107, 114, 40, 42, 143, 132, 131, 52, 64, 50, 55, 75, 90, 77, 53, 8, 41, 27, 29, 43, 121, 106, 120, 101, 9, 97, 16, 11, 100, 98, 96, 25, 63, 104, 95, 87, 103, 88, 70, 91, 69, 79, 80, 72, 86, 82, 81, 73, 66, 65, 47, 68, 60, 59, 44, 62, 84, 24, 57, 6, 1, 2, 0, 54, 51, 46, 49, 45, 56, 38, 23, 39, 34, 33, 21, 37, 20, 19, 5, 22, 4, 3]","[3, 4, 22, 5, 19, 20, 37, 21, 33, 34, 39, 23, 38, 56, 45, 49, 46, 51, 54, 0, 2, 1, 6, 57, 24, 84, 62, 44, 59, 60, 68, 47, 65, 66, 73, 81, 82, 86, 72, 80, 79, 69, 91, 70, 88, 103, 87, 95, 104, 63, 25, 96, 98, 100, 11, 16, 97, 9, 101, 120, 106, 121, 43, 29, 27, 41, 8, 53, 77, 90, 75, 55, 50, 64, 52, 131, 132, 143, 42, 40, 114, 107, 119, 111, 15, 108, 110, 30, 102, 117, 142]",False,complete,92,92,2614,0,1259,1,1258,1372,114,0,0,lowest_first,True,2,136,27,136,27,27,27,27
5,240482,31,60,89,"[7, 10, 12, 13, 14, 17, 18, 26, 28, 31, 32, 35, 36, 48, 58, 61, 67, 71, 74, 76, 78, 83, 85, 89, 92, 93, 94, 99, 105, 109, 112, 115, 116, 117, 118, 122, 123, 124, 125, 126, 127, 128, 129, 130, 133, 134, 135, 136, 137, 138, 139, 140, 141, 142, 144, 145, 146, 147, 148, 149]","[0, 1, 2, 3, 4, 5, 6, 8, 9, 11, 15, 16, 19, 20, 21, 22, 23, 24, 25, 27, 29, 30, 33, 34, 37, 38, 39, 40, 41, 42, 43, 44, 45, 46, 47, 49, 50, 51, 52, 53, 54, 55, 56, 57, 59, 60, 62, 63, 64, 65, 66, 68, 69, 70, 72, 73, 75, 77, 79, 80, 81, 82, 84, 86, 87, 88, 90, 91, 95, 96, 97, 98, 100, 101, 102, 103, 104, 106, 107, 108, 110, 111, 114, 119, 120, 121, 131, 132, 143]",{},[],0,"[122, 17, 18, 32, 137, 138, 139, 140, 13, 14, 118, 116, 136, 112, 36, 135, 26, 28, 105, 99, 144, 10, 148, 145, 149, 147, 146, 12, 58, 71, 134, 109, 48, 78, 67, 61, 115, 133, 130, 93, 85, 129, 76, 128, 31, 94, 74, 127, 89, 126, 35, 7, 83, 141, 92, 124, 123, 125, 142, 117, 102, 30, 110, 108, 15, 111, 119, 107, 114, 40, 42, 143, 131, 132, 54, 64, 50, 75, 53, 90, 55, 77, 27, 41, 29, 8, 43, 121, 106, 120, 101, 9, 97, 16, 11, 100, 98, 96, 25, 63, 104, 95, 87, 103, 88, 70, 91, 69, 79, 80, 72, 86, 82, 81, 73, 66, 65, 47, 68, 60, 59, 44, 84, 24, 62, 57, 6, 1, 2, 0, 52, 51, 46, 49, 45, 56, 38, 23, 39, 34, 33, 21, 37, 20, 19, 5, 22, 4, 3]",True,12187472141,12.187472141,"[102, 30, 110, 108, 15, 111, 119, 107, 114, 40, 42, 143, 132, 131, 54, 64, 50, 77, 53, 75, 90, 55, 41, 43, 8, 27, 29, 121, 106, 120, 101, 9, 97, 16, 11, 100, 98, 96, 25, 63, 103, 95, 87, 104, 88, 70, 91, 69, 79, 80, 72, 86, 82, 81, 73, 66, 65, 47, 68, 60, 59, 44, 84, 24, 62, 57, 6, 1, 2, 0, 52, 51, 46, 49, 45, 56, 38, 23, 39, 34, 33, 21, 37, 20, 19, 5, 22, 4, 3]","[3, 4, 22, 5, 19, 20, 37, 21, 33, 34, 39, 23, 38, 56, 45, 49, 46, 51, 52, 0, 2, 1, 6, 57, 62, 24, 84, 44, 59, 60, 68, 47, 65, 66, 73, 81, 82, 86, 72, 80, 79, 69, 91, 70, 88, 104, 87, 95, 103, 63, 25, 96, 98, 100, 11, 16, 97, 9, 101, 120, 106, 121, 29, 27, 8, 43, 41, 55, 90, 75, 53, 77, 50, 64, 54, 131, 132, 143, 42, 40, 114, 107, 119, 111, 15, 108, 110, 30, 102]",False,complete,90,90,2477,0,1185,1,1184,1298,114,0,0,lowest_first,True,2,135,27,135,27,27,27,27
5,240483,32,62,87,"[7, 10, 12, 13, 14, 17, 18, 26, 28, 30, 31, 32, 35, 36, 48, 58, 61, 67, 71, 74, 76, 78, 83, 85, 89, 92, 93, 94, 99, 102, 105, 109, 112, 115, 116, 117, 118, 122, 123, 124, 125, 126, 127, 128, 129, 130, 133, 134, 135, 136, 137, 138, 139, 140, 141, 142, 144, 145, 146, 147, 148, 149]","[0, 1, 2, 3, 4, 5, 6, 8, 9, 11, 15, 16, 19, 20, 21, 22, 23, 24, 25, 27, 29, 33, 34, 37, 38, 39, 40, 41, 42, 43, 44, 45, 46, 47, 49, 50, 51, 52, 53, 54, 55, 56, 57, 59, 60, 62, 63, 64, 65, 66, 68, 69, 70, 72, 73, 75, 77, 79, 80, 81, 82, 84, 86, 87, 88, 90, 91, 95, 96, 97, 98, 100, 101, 103, 104, 106, 107, 108, 110, 111, 114, 119, 120, 121, 131, 132, 143]","{""support_1"": 111}",[111],1,"[122, 17, 18, 32, 137, 138, 139, 140, 13, 14, 118, 116, 136, 112, 36, 135, 26, 28, 105, 99, 144, 10, 148, 145, 149, 147, 146, 12, 58, 71, 134, 109, 48, 78, 67, 61, 115, 133, 130, 93, 85, 129, 76, 128, 31, 94, 74, 127, 89, 126, 35, 7, 83, 141, 92, 124, 123, 125, 142, 117, 102, 30, 110, 108, 15, 111, 119, 107, 114, 40, 42, 143, 131, 132, 54, 64, 50, 75, 53, 90, 55, 77, 27, 41, 29, 8, 43, 121, 106, 120, 101, 9, 97, 16, 11, 100, 98, 96, 25, 63, 104, 95, 87, 103, 88, 70, 91, 69, 79, 80, 72, 86, 82, 81, 73, 66, 65, 47, 68, 60, 59, 44, 84, 24, 62, 57, 6, 1, 2, 0, 52, 51, 46, 49, 45, 56, 38, 23, 39, 34, 33, 21, 37, 20, 19, 5, 22, 4, 3]",True,10958274195,10.958274195,"[110, 108, 15, 111, 119, 107, 114, 40, 42, 143, 132, 131, 52, 64, 50, 55, 90, 77, 53, 75, 41, 29, 27, 8, 43, 121, 106, 120, 101, 9, 97, 16, 11, 100, 98, 96, 25, 63, 103, 95, 87, 104, 88, 70, 91, 69, 79, 80, 72, 86, 82, 81, 73, 66, 65, 47, 68, 60, 59, 44, 84, 24, 62, 57, 6, 1, 2, 0, 54, 51, 46, 49, 45, 56, 38, 23, 39, 34, 33, 21, 37, 20, 19, 5, 22, 4, 3]","[3, 4, 22, 5, 19, 20, 37, 21, 33, 34, 39, 23, 38, 56, 45, 49, 46, 51, 54, 0, 2, 1, 6, 57, 62, 24, 84, 44, 59, 60, 68, 47, 65, 66, 73, 81, 82, 86, 72, 80, 79, 69, 91, 70, 88, 104, 87, 95, 103, 63, 25, 96, 98, 100, 11, 16, 97, 9, 101, 120, 106, 121, 43, 8, 27, 29, 41, 75, 53, 77, 90, 55, 50, 64, 52, 131, 132, 143, 42, 40, 114, 107, 119, 111, 15, 108, 110]",False,complete,88,88,2340,0,1129,1,1128,1241,113,0,0,lowest_first,True,2,133,26,133,27,27,26,27
5,240484,33,64,85,"[7, 10, 12, 13, 14, 17, 18, 26, 28, 30, 31, 32, 35, 36, 48, 58, 61, 67, 71, 74, 76, 78, 83, 85, 89, 92, 93, 94, 99, 102, 105, 108, 109, 110, 112, 115, 116, 117, 118, 122, 123, 124, 125, 126, 127, 128, 129, 130, 133, 134, 135, 136, 137, 138, 139, 140, 141, 142, 144, 145, 146, 147, 148, 149]","[0, 1, 2, 3, 4, 5, 6, 8, 9, 11, 15, 16, 19, 20, 21, 22, 23, 24, 25, 27, 29, 33, 34, 37, 38, 39, 40, 41, 42, 43, 44, 45, 46, 47, 49, 50, 51, 52, 53, 54, 55, 56, 57, 59, 60, 62, 63, 64, 65, 66, 68, 69, 70, 72, 73, 75, 77, 79, 80, 81, 82, 84, 86, 87, 88, 90, 91, 95, 96, 97, 98, 100, 101, 103, 104, 106, 107, 111, 114, 119, 120, 121, 131, 132, 143]","{""support_1"": 111}",[111],1,"[122, 17, 18, 32, 137, 138, 139, 140, 13, 14, 118, 116, 136, 112, 36, 135, 26, 28, 105, 99, 144, 10, 148, 145, 149, 147, 146, 12, 58, 71, 134, 109, 48, 78, 67, 61, 115, 133, 130, 93, 85, 129, 76, 128, 31, 94, 74, 127, 89, 126, 35, 7, 83, 141, 92, 124, 123, 125, 142, 117, 102, 30, 110, 108, 15, 111, 119, 107, 114, 40, 42, 143, 131, 132, 54, 64, 50, 75, 53, 90, 55, 77, 27, 41, 29, 8, 43, 121, 106, 120, 101, 9, 97, 16, 11, 100, 98, 96, 25, 63, 104, 95, 87, 103, 88, 70, 91, 69, 79, 80, 72, 86, 82, 81, 73, 66, 65, 47, 68, 60, 59, 44, 84, 24, 62, 57, 6, 1, 2, 0, 52, 51, 46, 49, 45, 56, 38, 23, 39, 34, 33, 21, 37, 20, 19, 5, 22, 4, 3]",True,10992568348,10.992568348,"[15, 111, 119, 107, 114, 40, 42, 143, 131, 132, 54, 64, 50, 90, 77, 55, 75, 53, 41, 27, 29, 43, 8, 121, 106, 120, 101, 9, 97, 16, 11, 100, 98, 96, 25, 63, 103, 95, 87, 104, 88, 70, 91, 69, 79, 80, 72, 86, 82, 81, 73, 66, 65, 47, 68, 60, 59, 44, 62, 84, 24, 57, 6, 1, 2, 0, 52, 51, 46, 49, 45, 56, 38, 23, 39, 34, 33, 21, 37, 20, 19, 5, 22, 4, 3]","[3, 4, 22, 5, 19, 20, 37, 21, 33, 34, 39, 23, 38, 56, 45, 49, 46, 51, 52, 0, 2, 1, 6, 57, 24, 84, 62, 44, 59, 60, 68, 47, 65, 66, 73, 81, 82, 86, 72, 80, 79, 69, 91, 70, 88, 104, 87, 95, 103, 63, 25, 96, 98, 100, 11, 16, 97, 9, 101, 120, 106, 121, 8, 43, 29, 27, 41, 53, 75, 55, 77, 90, 50, 64, 54, 132, 131, 143, 42, 40, 114, 107, 119, 111, 15]",False,complete,86,86,2217,0,1123,1,1122,1235,113,0,0,lowest_first,True,2,132,26,132,27,27,26,27
5,240485,34,66,83,"[7, 10, 12, 13, 14, 15, 17, 18, 26, 28, 30, 31, 32, 35, 36, 48, 58, 61, 67, 71, 74, 76, 78, 83, 85, 89, 92, 93, 94, 99, 102, 105, 108, 109, 110, 111, 112, 115, 116, 117, 118, 122, 123, 124, 125, 126, 127, 128, 129, 130, 133, 134, 135, 136, 137, 138, 139, 140, 141, 142, 144, 145, 146, 147, 148, 149]","[0, 1, 2, 3, 4, 5, 6, 8, 9, 11, 16, 19, 20, 21, 22, 23, 24, 25, 27, 29, 33, 34, 37, 38, 39, 40, 41, 42, 43, 44, 45, 46, 47, 49, 50, 51, 52, 53, 54, 55, 56, 57, 59, 60, 62, 63, 64, 65, 66, 68, 69, 70, 72, 73, 75, 77, 79, 80, 81, 82, 84, 86, 87, 88, 90, 91, 95, 96, 97, 98, 100, 101, 103, 104, 106, 107, 114, 119, 120, 121, 131, 132, 143]","{""support_1"": 9}",[9],1,"[122, 17, 18, 32, 137, 138, 139, 140, 13, 14, 118, 116, 136, 112, 36, 135, 26, 28, 105, 99, 144, 10, 148, 145, 149, 147, 146, 12, 58, 71, 134, 109, 48, 78, 67, 61, 115, 133, 130, 93, 85, 129, 76, 128, 31, 94, 74, 127, 89, 126, 35, 7, 83, 141, 92, 124, 123, 125, 142, 117, 102, 30, 110, 108, 15, 111, 119, 107, 114, 40, 42, 143, 131, 132, 54, 64, 50, 75, 53, 90, 55, 77, 27, 41, 29, 8, 43, 121, 106, 120, 101, 9, 97, 16, 11, 100, 98, 96, 25, 63, 104, 95, 87, 103, 88, 70, 91, 69, 79, 80, 72, 86, 82, 81, 73, 66, 65, 47, 68, 60, 59, 44, 84, 24, 62, 57, 6, 1, 2, 0, 52, 51, 46, 49, 45, 56, 38, 23, 39, 34, 33, 21, 37, 20, 19, 5, 22, 4, 3]",True,9471060985,9.471060985,"[119, 107, 114, 40, 42, 143, 131, 132, 54, 64, 50, 90, 53, 77, 55, 75, 43, 41, 29, 27, 8, 121, 106, 120, 101, 9, 97, 16, 11, 100, 98, 96, 25, 63, 104, 95, 87, 103, 88, 70, 91, 69, 79, 80, 72, 86, 82, 81, 73, 66, 65, 47, 68, 60, 59, 44, 62, 84, 24, 57, 6, 1, 2, 0, 52, 51, 46, 49, 45, 56, 38, 23, 39, 34, 33, 21, 37, 20, 19, 5, 22, 4, 3]","[3, 4, 22, 5, 19, 20, 37, 21, 33, 34, 39, 23, 38, 56, 45, 49, 46, 51, 52, 0, 2, 1, 6, 57, 24, 84, 62, 44, 59, 60, 68, 47, 65, 66, 73, 81, 82, 86, 72, 80, 79, 69, 91, 70, 88, 103, 87, 95, 104, 63, 25, 96, 98, 100, 11, 16, 97, 9, 101, 120, 106, 121, 8, 27, 29, 41, 43, 75, 55, 77, 53, 90, 50, 64, 54, 132, 131, 143, 42, 40, 114, 107, 119]",False,complete,84,84,2098,0,1033,1,1032,1139,107,0,0,lowest_first,True,2,130,25,130,26,26,25,26
5,240486,35,68,81,"[7, 10, 12, 13, 14, 15, 17, 18, 26, 28, 30, 31, 32, 35, 36, 48, 58, 61, 67, 71, 74, 76, 78, 83, 85, 89, 92, 93, 94, 99, 102, 105, 107, 108, 109, 110, 111, 112, 115, 116, 117, 118, 119, 122, 123, 124, 125, 126, 127, 128, 129, 130, 133, 134, 135, 136, 137, 138, 139, 140, 141, 142, 144, 145, 146, 147, 148, 149]","[0, 1, 2, 3, 4, 5, 6, 8, 9, 11, 16, 19, 20, 21, 22, 23, 24, 25, 27, 29, 33, 34, 37, 38, 39, 40, 41, 42, 43, 44, 45, 46, 47, 49, 50, 51, 52, 53, 54, 55, 56, 57, 59, 60, 62, 63, 64, 65, 66, 68, 69, 70, 72, 73, 75, 77, 79, 80, 81, 82, 84, 86, 87, 88, 90, 91, 95, 96, 97, 98, 100, 101, 103, 104, 106, 114, 120, 121, 131, 132, 143]","{""support_1"": 9, ""support_2"": 121}","[9, 121]",2,"[122, 17, 18, 32, 137, 138, 139, 140, 13, 14, 118, 116, 136, 112, 36, 135, 26, 28, 105, 99, 144, 10, 148, 145, 149, 147, 146, 12, 58, 71, 134, 109, 48, 78, 67, 61, 115, 133, 130, 93, 85, 129, 76, 128, 31, 94, 74, 127, 89, 126, 35, 7, 83, 141, 92, 124, 123, 125, 142, 117, 102, 30, 110, 108, 15, 111, 119, 107, 114, 40, 42, 143, 131, 132, 54, 64, 50, 75, 53, 90, 55, 77, 27, 41, 29, 8, 43, 121, 106, 120, 101, 9, 97, 16, 11, 100, 98, 96, 25, 63, 104, 95, 87, 103, 88, 70, 91, 69, 79, 80, 72, 86, 82, 81, 73, 66, 65, 47, 68, 60, 59, 44, 84, 24, 62, 57, 6, 1, 2, 0, 52, 51, 46, 49, 45, 56, 38, 23, 39, 34, 33, 21, 37, 20, 19, 5, 22, 4, 3]",True,8184863096,8.184863096,"[114, 40, 42, 143, 132, 131, 54, 64, 50, 53, 75, 90, 77, 55, 43, 27, 8, 29, 41, 121, 106, 120, 101, 9, 97, 16, 11, 100, 98, 96, 25, 63, 103, 95, 87, 104, 88, 70, 91, 69, 79, 80, 72, 86, 82, 81, 73, 66, 65, 47, 68, 60, 59, 44, 62, 84, 24, 57, 6, 1, 2, 0, 52, 51, 46, 49, 45, 56, 38, 23, 39, 34, 33, 21, 37, 20, 19, 5, 22, 4, 3]","[3, 4, 22, 5, 19, 20, 37, 21, 33, 34, 39, 23, 38, 56, 45, 49, 46, 51, 52, 0, 2, 1, 6, 57, 24, 84, 62, 44, 59, 60, 68, 47, 65, 66, 73, 81, 82, 86, 72, 80, 79, 69, 91, 70, 88, 104, 87, 95, 103, 63, 25, 96, 98, 100, 11, 16, 97, 9, 101, 120, 106, 121, 41, 29, 8, 27, 43, 55, 77, 90, 75, 53, 50, 64, 54, 131, 132, 143, 42, 40, 114]",False,complete,82,82,1978,0,950,1,949,1053,104,0,0,lowest_first,True,2,127,24,127,26,26,24,26
5,240487,36,70,79,"[7, 10, 12, 13, 14, 15, 17, 18, 26, 28, 30, 31, 32, 35, 36, 40, 48, 58, 61, 67, 71, 74, 76, 78, 83, 85, 89, 92, 93, 94, 99, 102, 105, 107, 108, 109, 110, 111, 112, 114, 115, 116, 117, 118, 119, 122, 123, 124, 125, 126, 127, 128, 129, 130, 133, 134, 135, 136, 137, 138, 139, 140, 141, 142, 144, 145, 146, 147, 148, 149]","[0, 1, 2, 3, 4, 5, 6, 8, 9, 11, 16, 19, 20, 21, 22, 23, 24, 25, 27, 29, 33, 34, 37, 38, 39, 41, 42, 43, 44, 45, 46, 47, 49, 50, 51, 52, 53, 54, 55, 56, 57, 59, 60, 62, 63, 64, 65, 66, 68, 69, 70, 72, 73, 75, 77, 79, 80, 81, 82, 84, 86, 87, 88, 90, 91, 95, 96, 97, 98, 100, 101, 103, 104, 106, 120, 121, 131, 132, 143]","{""support_1"": 9, ""support_2"": 121}","[9, 121]",2,"[122, 17, 18, 32, 137, 138, 139, 140, 13, 14, 118, 116, 136, 112, 36, 135, 26, 28, 105, 99, 144, 10, 148, 145, 149, 147, 146, 12, 58, 71, 134, 109, 48, 78, 67, 61, 115, 133, 130, 93, 85, 129, 76, 128, 31, 94, 74, 127, 89, 126, 35, 7, 83, 141, 92, 124, 123, 125, 142, 117, 102, 30, 110, 108, 15, 111, 119, 107, 114, 40, 42, 143, 131, 132, 54, 64, 50, 75, 53, 90, 55, 77, 27, 41, 29, 8, 43, 121, 106, 120, 101, 9, 97, 16, 11, 100, 98, 96, 25, 63, 104, 95, 87, 103, 88, 70, 91, 69, 79, 80, 72, 86, 82, 81, 73, 66, 65, 47, 68, 60, 59, 44, 84, 24, 62, 57, 6, 1, 2, 0, 52, 51, 46, 49, 45, 56, 38, 23, 39, 34, 33, 21, 37, 20, 19, 5, 22, 4, 3]",True,8301123314,8.301123314,"[42, 143, 132, 131, 54, 64, 50, 53, 55, 77, 75, 90, 41, 29, 27, 43, 8, 121, 106, 120, 101, 9, 97, 16, 11, 100, 98, 96, 25, 63, 103, 95, 87, 104, 88, 70, 91, 69, 79, 80, 72, 86, 82, 81, 73, 66, 65, 47, 68, 60, 59, 44, 84, 24, 62, 57, 6, 1, 2, 0, 52, 51, 46, 49, 45, 56, 38, 23, 39, 34, 33, 21, 37, 20, 19, 5, 22, 4, 3]","[3, 4, 22, 5, 19, 20, 37, 21, 33, 34, 39, 23, 38, 56, 45, 49, 46, 51, 52, 0, 2, 1, 6, 57, 62, 24, 84, 44, 59, 60, 68, 47, 65, 66, 73, 81, 82, 86, 72, 80, 79, 69, 91, 70, 88, 104, 87, 95, 103, 63, 25, 96, 98, 100, 11, 16, 97, 9, 101, 120, 106, 121, 8, 43, 27, 29, 41, 90, 75, 77, 55, 53, 50, 64, 54, 131, 132, 143, 42]",False,complete,80,80,1891,0,939,1,938,1042,104,0,0,lowest_first,True,2,122,24,122,26,26,24,26
5,240488,37,72,77,"[7, 10, 12, 13, 14, 15, 17, 18, 26, 28, 30, 31, 32, 35, 36, 40, 42, 48, 58, 61, 67, 71, 74, 76, 78, 83, 85, 89, 92, 93, 94, 99, 102, 105, 107, 108, 109, 110, 111, 112, 114, 115, 116, 117, 118, 119, 122, 123, 124, 125, 126, 127, 128, 129, 130, 133, 134, 135, 136, 137, 138, 139, 140, 141, 142, 143, 144, 145, 146, 147, 148, 149]","[0, 1, 2, 3, 4, 5, 6, 8, 9, 11, 16, 19, 20, 21, 22, 23, 24, 25, 27, 29, 33, 34, 37, 38, 39, 41, 43, 44, 45, 46, 47, 49, 50, 51, 52, 53, 54, 55, 56, 57, 59, 60, 62, 63, 64, 65, 66, 68, 69, 70, 72, 73, 75, 77, 79, 80, 81, 82, 84, 86, 87, 88, 90, 91, 95, 96, 97, 98, 100, 101, 103, 104, 106, 120, 121, 131, 132]","{""support_1"": 9, ""support_2"": 121}","[9, 121]",2,"[122, 17, 18, 32, 137, 138, 139, 140, 13, 14, 118, 116, 136, 112, 36, 135, 26, 28, 105, 99, 144, 10, 148, 145, 149, 147, 146, 12, 58, 71, 134, 109, 48, 78, 67, 61, 115, 133, 130, 93, 85, 129, 76, 128, 31, 94, 74, 127, 89, 126, 35, 7, 83, 141, 92, 124, 123, 125, 142, 117, 102, 30, 110, 108, 15, 111, 119, 107, 114, 40, 42, 143, 131, 132, 54, 64, 50, 75, 53, 90, 55, 77, 27, 41, 29, 8, 43, 121, 106, 120, 101, 9, 97, 16, 11, 100, 98, 96, 25, 63, 104, 95, 87, 103, 88, 70, 91, 69, 79, 80, 72, 86, 82, 81, 73, 66, 65, 47, 68, 60, 59, 44, 84, 24, 62, 57, 6, 1, 2, 0, 52, 51, 46, 49, 45, 56, 38, 23, 39, 34, 33, 21, 37, 20, 19, 5, 22, 4, 3]",True,8120355610,8.120355610,"[132, 131, 54, 64, 50, 90, 75, 77, 53, 55, 29, 8, 43, 27, 41, 121, 106, 120, 101, 9, 97, 16, 11, 100, 98, 96, 25, 63, 103, 95, 87, 104, 88, 70, 91, 69, 79, 80, 72, 86, 82, 81, 73, 66, 65, 47, 68, 60, 59, 44, 62, 84, 24, 57, 6, 1, 2, 0, 52, 51, 46, 49, 45, 56, 38, 23, 39, 34, 33, 21, 37, 20, 19, 5, 22, 4, 3]","[3, 4, 22, 5, 19, 20, 37, 21, 33, 34, 39, 23, 38, 56, 45, 49, 46, 51, 52, 0, 2, 1, 6, 57, 24, 84, 62, 44, 59, 60, 68, 47, 65, 66, 73, 81, 82, 86, 72, 80, 79, 69, 91, 70, 88, 104, 87, 95, 103, 63, 25, 96, 98, 100, 11, 16, 97, 9, 101, 120, 106, 121, 41, 27, 43, 8, 29, 55, 53, 77, 75, 90, 50, 64, 54, 131, 132]",False,complete,78,78,1807,0,940,1,939,1043,104,0,0,lowest_first,True,2,119,24,119,26,26,24,26
5,240489,38,74,75,"[7, 10, 12, 13, 14, 15, 17, 18, 26, 28, 30, 31, 32, 35, 36, 40, 42, 48, 58, 61, 67, 71, 74, 76, 78, 83, 85, 89, 92, 93, 94, 99, 102, 105, 107, 108, 109, 110, 111, 112, 114, 115, 116, 117, 118, 119, 122, 123, 124, 125, 126, 127, 128, 129, 130, 131, 132, 133, 134, 135, 136, 137, 138, 139, 140, 141, 142, 143, 144, 145, 146, 147, 148, 149]","[0, 1, 2, 3, 4, 5, 6, 8, 9, 11, 16, 19, 20, 21, 22, 23, 24, 25, 27, 29, 33, 34, 37, 38, 39, 41, 43, 44, 45, 46, 47, 49, 50, 51, 52, 53, 54, 55, 56, 57, 59, 60, 62, 63, 64, 65, 66, 68, 69, 70, 72, 73, 75, 77, 79, 80, 81, 82, 84, 86, 87, 88, 90, 91, 95, 96, 97, 98, 100, 101, 103, 104, 106, 120, 121]","{""support_1"": 9, ""support_2"": 121}","[9, 121]",2,"[122, 17, 18, 32, 137, 138, 139, 140, 13, 14, 118, 116, 136, 112, 36, 135, 26, 28, 105, 99, 144, 10, 148, 145, 149, 147, 146, 12, 58, 71, 134, 109, 48, 78, 67, 61, 115, 133, 130, 93, 85, 129, 76, 128, 31, 94, 74, 127, 89, 126, 35, 7, 83, 141, 92, 124, 123, 125, 142, 117, 102, 30, 110, 108, 15, 111, 119, 107, 114, 40, 42, 143, 131, 132, 54, 64, 50, 75, 53, 90, 55, 77, 27, 41, 29, 8, 43, 121, 106, 120, 101, 9, 97, 16, 11, 100, 98, 96, 25, 63, 104, 95, 87, 103, 88, 70, 91, 69, 79, 80, 72, 86, 82, 81, 73, 66, 65, 47, 68, 60, 59, 44, 84, 24, 62, 57, 6, 1, 2, 0, 52, 51, 46, 49, 45, 56, 38, 23, 39, 34, 33, 21, 37, 20, 19, 5, 22, 4, 3]",True,8169040157,8.169040157,"[52, 64, 50, 90, 77, 53, 75, 55, 27, 43, 41, 29, 8, 121, 106, 120, 101, 9, 97, 16, 11, 100, 98, 96, 25, 63, 103, 95, 87, 104, 88, 70, 91, 69, 79, 80, 72, 86, 82, 81, 73, 66, 65, 47, 68, 60, 59, 44, 62, 84, 24, 57, 6, 1, 2, 0, 54, 51, 46, 49, 45, 56, 38, 23, 39, 34, 33, 21, 37, 20, 19, 5, 22, 4, 3]","[3, 4, 22, 5, 19, 20, 37, 21, 33, 34, 39, 23, 38, 56, 45, 49, 46, 51, 54, 0, 2, 1, 6, 57, 24, 84, 62, 44, 59, 60, 68, 47, 65, 66, 73, 81, 82, 86, 72, 80, 79, 69, 91, 70, 88, 104, 87, 95, 103, 63, 25, 96, 98, 100, 11, 16, 97, 9, 101, 120, 106, 121, 8, 29, 41, 43, 27, 55, 75, 53, 77, 90, 50, 64, 52]",False,complete,76,76,1722,0,930,1,929,1033,104,0,0,lowest_first,True,2,115,24,115,26,26,24,26
5,240490,39,76,73,"[7, 10, 12, 13, 14, 15, 17, 18, 26, 28, 30, 31, 32, 35, 36, 40, 42, 48, 54, 58, 61, 64, 67, 71, 74, 76, 78, 83, 85, 89, 92, 93, 94, 99, 102, 105, 107, 108, 109, 110, 111, 112, 114, 115, 116, 117, 118, 119, 122, 123, 124, 125, 126, 127, 128, 129, 130, 131, 132, 133, 134, 135, 136, 137, 138, 139, 140, 141, 142, 143, 144, 145, 146, 147, 148, 149]","[0, 1, 2, 3, 4, 5, 6, 8, 9, 11, 16, 19, 20, 21, 22, 23, 24, 25, 27, 29, 33, 34, 37, 38, 39, 41, 43, 44, 45, 46, 47, 49, 50, 51, 52, 53, 55, 56, 57, 59, 60, 62, 63, 65, 66, 68, 69, 70, 72, 73, 75, 77, 79, 80, 81, 82, 84, 86, 87, 88, 90, 91, 95, 96, 97, 98, 100, 101, 103, 104, 106, 120, 121]","{""support_1"": 9, ""support_2"": 121}","[9, 121]",2,"[122, 17, 18, 32, 137, 138, 139, 140, 13, 14, 118, 116, 136, 112, 36, 135, 26, 28, 105, 99, 144, 10, 148, 145, 149, 147, 146, 12, 58, 71, 134, 109, 48, 78, 67, 61, 115, 133, 130, 93, 85, 129, 76, 128, 31, 94, 74, 127, 89, 126, 35, 7, 83, 141, 92, 124, 123, 125, 142, 117, 102, 30, 110, 108, 15, 111, 119, 107, 114, 40, 42, 143, 131, 132, 54, 64, 50, 75, 53, 90, 55, 77, 27, 41, 29, 8, 43, 121, 106, 120, 101, 9, 97, 16, 11, 100, 98, 96, 25, 63, 104, 95, 87, 103, 88, 70, 91, 69, 79, 80, 72, 86, 82, 81, 73, 66, 65, 47, 68, 60, 59, 44, 84, 24, 62, 57, 6, 1, 2, 0, 52, 51, 46, 49, 45, 56, 38, 23, 39, 34, 33, 21, 37, 20, 19, 5, 22, 4, 3]",True,7737488211,7.737488211,"[50, 55, 77, 90, 75, 53, 8, 41, 27, 43, 29, 121, 106, 120, 101, 9, 97, 16, 11, 100, 98, 96, 25, 63, 104, 95, 87, 103, 88, 70, 91, 69, 79, 80, 72, 86, 82, 81, 73, 66, 65, 47, 68, 60, 59, 44, 84, 24, 62, 57, 6, 1, 2, 0, 52, 51, 46, 49, 45, 56, 38, 23, 39, 34, 33, 21, 37, 20, 19, 5, 22, 4, 3]","[3, 4, 22, 5, 19, 20, 37, 21, 33, 34, 39, 23, 38, 56, 45, 49, 46, 51, 52, 0, 2, 1, 6, 57, 62, 24, 84, 44, 59, 60, 68, 47, 65, 66, 73, 81, 82, 86, 72, 80, 79, 69, 91, 70, 88, 103, 87, 95, 104, 63, 25, 96, 98, 100, 11, 16, 97, 9, 101, 120, 106, 121, 29, 43, 27, 41, 8, 53, 75, 90, 77, 55, 50]",False,complete,74,74,1642,0,912,1,911,1015,104,0,0,lowest_first,True,2,110,24,110,26,26,24,26
5,240491,40,78,71,"[7, 10, 12, 13, 14, 15, 17, 18, 26, 28, 30, 31, 32, 35, 36, 40, 42, 48, 50, 54, 58, 61, 64, 67, 71, 74, 75, 76, 78, 83, 85, 89, 92, 93, 94, 99, 102, 105, 107, 108, 109, 110, 111, 112, 114, 115, 116, 117, 118, 119, 122, 123, 124, 125, 126, 127, 128, 129, 130, 131, 132, 133, 134, 135, 136, 137, 138, 139, 140, 141, 142, 143, 144, 145, 146, 147, 148, 149]","[0, 1, 2, 3, 4, 5, 6, 8, 9, 11, 16, 19, 20, 21, 22, 23, 24, 25, 27, 29, 33, 34, 37, 38, 39, 41, 43, 44, 45, 46, 47, 49, 51, 52, 53, 55, 56, 57, 59, 60, 62, 63, 65, 66, 68, 69, 70, 72, 73, 77, 79, 80, 81, 82, 84, 86, 87, 88, 90, 91, 95, 96, 97, 98, 100, 101, 103, 104, 106, 120, 121]","{""support_1"": 9, ""support_2"": 121}","[9, 121]",2,"[122, 17, 18, 32, 137, 138, 139, 140, 13, 14, 118, 116, 136, 112, 36, 135, 26, 28, 105, 99, 144, 10, 148, 145, 149, 147, 146, 12, 58, 71, 134, 109, 48, 78, 67, 61, 115, 133, 130, 93, 85, 129, 76, 128, 31, 94, 74, 127, 89, 126, 35, 7, 83, 141, 92, 124, 123, 125, 142, 117, 102, 30, 110, 108, 15, 111, 119, 107, 114, 40, 42, 143, 131, 132, 54, 64, 50, 75, 53, 90, 55, 77, 27, 41, 29, 8, 43, 121, 106, 120, 101, 9, 97, 16, 11, 100, 98, 96, 25, 63, 104, 95, 87, 103, 88, 70, 91, 69, 79, 80, 72, 86, 82, 81, 73, 66, 65, 47, 68, 60, 59, 44, 84, 24, 62, 57, 6, 1, 2, 0, 52, 51, 46, 49, 45, 56, 38, 23, 39, 34, 33, 21, 37, 20, 19, 5, 22, 4, 3]",True,7093275891,7.093275891,"[77, 53, 90, 55, 41, 8, 29, 43, 27, 121, 106, 120, 101, 9, 97, 16, 11, 100, 98, 96, 25, 63, 103, 95, 87, 104, 88, 70, 91, 69, 79, 80, 72, 86, 82, 81, 73, 66, 65, 47, 68, 60, 59, 44, 84, 24, 62, 57, 6, 1, 2, 0, 52, 51, 46, 49, 45, 56, 38, 23, 39, 34, 33, 21, 37, 20, 19, 5, 22, 4, 3]","[3, 4, 22, 5, 19, 20, 37, 21, 33, 34, 39, 23, 38, 56, 45, 49, 46, 51, 52, 0, 2, 1, 6, 57, 62, 24, 84, 44, 59, 60, 68, 47, 65, 66, 73, 81, 82, 86, 72, 80, 79, 69, 91, 70, 88, 104, 87, 95, 103, 63, 25, 96, 98, 100, 11, 16, 97, 9, 101, 120, 106, 121, 27, 43, 29, 8, 41, 55, 90, 53, 77]",False,complete,72,72,1566,0,867,1,866,970,104,0,0,lowest_first,True,2,106,24,106,26,26,24,26
5,240492,41,80,69,"[7, 10, 12, 13, 14, 15, 17, 18, 26, 28, 30, 31, 32, 35, 36, 40, 42, 48, 50, 53, 54, 58, 61, 64, 67, 71, 74, 75, 76, 78, 83, 85, 89, 90, 92, 93, 94, 99, 102, 105, 107, 108, 109, 110, 111, 112, 114, 115, 116, 117, 118, 119, 122, 123, 124, 125, 126, 127, 128, 129, 130, 131, 132, 133, 134, 135, 136, 137, 138, 139, 140, 141, 142, 143, 144, 145, 146, 147, 148, 149]","[0, 1, 2, 3, 4, 5, 6, 8, 9, 11, 16, 19, 20, 21, 22, 23, 24, 25, 27, 29, 33, 34, 37, 38, 39, 41, 43, 44, 45, 46, 47, 49, 51, 52, 55, 56, 57, 59, 60, 62, 63, 65, 66, 68, 69, 70, 72, 73, 77, 79, 80, 81, 82, 84, 86, 87, 88, 91, 95, 96, 97, 98, 100, 101, 103, 104, 106, 120, 121]","{""support_1"": 9, ""support_2"": 121}","[9, 121]",2,"[122, 17, 18, 32, 137, 138, 139, 140, 13, 14, 118, 116, 136, 112, 36, 135, 26, 28, 105, 99, 144, 10, 148, 145, 149, 147, 146, 12, 58, 71, 134, 109, 48, 78, 67, 61, 115, 133, 130, 93, 85, 129, 76, 128, 31, 94, 74, 127, 89, 126, 35, 7, 83, 141, 92, 124, 123, 125, 142, 117, 102, 30, 110, 108, 15, 111, 119, 107, 114, 40, 42, 143, 131, 132, 54, 64, 50, 75, 53, 90, 55, 77, 27, 41, 29, 8, 43, 121, 106, 120, 101, 9, 97, 16, 11, 100, 98, 96, 25, 63, 104, 95, 87, 103, 88, 70, 91, 69, 79, 80, 72, 86, 82, 81, 73, 66, 65, 47, 68, 60, 59, 44, 84, 24, 62, 57, 6, 1, 2, 0, 52, 51, 46, 49, 45, 56, 38, 23, 39, 34, 33, 21, 37, 20, 19, 5, 22, 4, 3]",True,6535903094,6.535903094,"[55, 77, 27, 29, 41, 8, 43, 121, 106, 120, 101, 9, 97, 16, 11, 100, 98, 96, 25, 63, 104, 95, 87, 103, 88, 70, 91, 69, 79, 80, 72, 86, 82, 81, 73, 66, 65, 47, 68, 60, 59, 44, 84, 24, 62, 57, 6, 1, 2, 0, 52, 51, 46, 49, 45, 56, 38, 23, 39, 34, 33, 21, 37, 20, 19, 5, 22, 4, 3]","[3, 4, 22, 5, 19, 20, 37, 21, 33, 34, 39, 23, 38, 56, 45, 49, 46, 51, 52, 0, 2, 1, 6, 57, 62, 24, 84, 44, 59, 60, 68, 47, 65, 66, 73, 81, 82, 86, 72, 80, 79, 69, 91, 70, 88, 103, 87, 95, 104, 63, 25, 96, 98, 100, 11, 16, 97, 9, 101, 120, 106, 121, 43, 8, 41, 29, 27, 77, 55]",False,complete,70,70,1489,0,814,1,813,917,104,0,0,lowest_first,True,2,102,24,102,26,26,24,26
5,240493,42,82,67,"[7, 10, 12, 13, 14, 15, 17, 18, 26, 28, 30, 31, 32, 35, 36, 40, 42, 48, 50, 53, 54, 55, 58, 61, 64, 67, 71, 74, 75, 76, 77, 78, 83, 85, 89, 90, 92, 93, 94, 99, 102, 105, 107, 108, 109, 110, 111, 112, 114, 115, 116, 117, 118, 119, 122, 123, 124, 125, 126, 127, 128, 129, 130, 131, 132, 133, 134, 135, 136, 137, 138, 139, 140, 141, 142, 143, 144, 145, 146, 147, 148, 149]","[0, 1, 2, 3, 4, 5, 6, 8, 9, 11, 16, 19, 20, 21, 22, 23, 24, 25, 27, 29, 33, 34, 37, 38, 39, 41, 43, 44, 45, 46, 47, 49, 51, 52, 56, 57, 59, 60, 62, 63, 65, 66, 68, 69, 70, 72, 73, 79, 80, 81, 82, 84, 86, 87, 88, 91, 95, 96, 97, 98, 100, 101, 103, 104, 106, 120, 121]","{""support_1"": 9, ""support_2"": 121}","[9, 121]",2,"[122, 17, 18, 32, 137, 138, 139, 140, 13, 14, 118, 116, 136, 112, 36, 135, 26, 28, 105, 99, 144, 10, 148, 145, 149, 147, 146, 12, 58, 71, 134, 109, 48, 78, 67, 61, 115, 133, 130, 93, 85, 129, 76, 128, 31, 94, 74, 127, 89, 126, 35, 7, 83, 141, 92, 124, 123, 125, 142, 117, 102, 30, 110, 108, 15, 111, 119, 107, 114, 40, 42, 143, 131, 132, 54, 64, 50, 75, 53, 90, 55, 77, 27, 41, 29, 8, 43, 121, 106, 120, 101, 9, 97, 16, 11, 100, 98, 96, 25, 63, 104, 95, 87, 103, 88, 70, 91, 69, 79, 80, 72, 86, 82, 81, 73, 66, 65, 47, 68, 60, 59, 44, 84, 24, 62, 57, 6, 1, 2, 0, 52, 51, 46, 49, 45, 56, 38, 23, 39, 34, 33, 21, 37, 20, 19, 5, 22, 4, 3]",True,5839932230,5.839932230,"[8, 41, 29, 43, 27, 121, 106, 120, 101, 9, 97, 16, 11, 100, 98, 96, 25, 63, 103, 95, 87, 104, 88, 70, 91, 69, 79, 80, 72, 86, 82, 81, 73, 66, 65, 47, 68, 60, 59, 44, 62, 84, 24, 57, 6, 1, 2, 0, 52, 51, 46, 49, 45, 56, 38, 23, 39, 34, 33, 21, 37, 20, 19, 5, 22, 4, 3]","[3, 4, 22, 5, 19, 20, 37, 21, 33, 34, 39, 23, 38, 56, 45, 49, 46, 51, 52, 0, 2, 1, 6, 57, 24, 84, 62, 44, 59, 60, 68, 47, 65, 66, 73, 81, 82, 86, 72, 80, 79, 69, 91, 70, 88, 104, 87, 95, 103, 63, 25, 96, 98, 100, 11, 16, 97, 9, 101, 120, 106, 121, 27, 43, 29, 41, 8]",False,complete,68,68,1415,0,764,1,763,867,104,0,0,lowest_first,True,2,99,24,99,26,26,24,26
5,240494,43,84,65,"[7, 10, 12, 13, 14, 15, 17, 18, 26, 27, 28, 30, 31, 32, 35, 36, 40, 41, 42, 48, 50, 53, 54, 55, 58, 61, 64, 67, 71, 74, 75, 76, 77, 78, 83, 85, 89, 90, 92, 93, 94, 99, 102, 105, 107, 108, 109, 110, 111, 112, 114, 115, 116, 117, 118, 119, 122, 123, 124, 125, 126, 127, 128, 129, 130, 131, 132, 133, 134, 135, 136, 137, 138, 139, 140, 141, 142, 143, 144, 145, 146, 147, 148, 149]","[0, 1, 2, 3, 4, 5, 6, 8, 9, 11, 16, 19, 20, 21, 22, 23, 24, 25, 29, 33, 34, 37, 38, 39, 43, 44, 45, 46, 47, 49, 51, 52, 56, 57, 59, 60, 62, 63, 65, 66, 68, 69, 70, 72, 73, 79, 80, 81, 82, 84, 86, 87, 88, 91, 95, 96, 97, 98, 100, 101, 103, 104, 106, 120, 121]","{""support_1"": 9, ""support_2"": 121}","[9, 121]",2,"[122, 17, 18, 32, 137, 138, 139, 140, 13, 14, 118, 116, 136, 112, 36, 135, 26, 28, 105, 99, 144, 10, 148, 145, 149, 147, 146, 12, 58, 71, 134, 109, 48, 78, 67, 61, 115, 133, 130, 93, 85, 129, 76, 128, 31, 94, 74, 127, 89, 126, 35, 7, 83, 141, 92, 124, 123, 125, 142, 117, 102, 30, 110, 108, 15, 111, 119, 107, 114, 40, 42, 143, 131, 132, 54, 64, 50, 75, 53, 90, 55, 77, 27, 41, 29, 8, 43, 121, 106, 120, 101, 9, 97, 16, 11, 100, 98, 96, 25, 63, 104, 95, 87, 103, 88, 70, 91, 69, 79, 80, 72, 86, 82, 81, 73, 66, 65, 47, 68, 60, 59, 44, 84, 24, 62, 57, 6, 1, 2, 0, 52, 51, 46, 49, 45, 56, 38, 23, 39, 34, 33, 21, 37, 20, 19, 5, 22, 4, 3]",True,5291188297,5.291188297,"[8, 43, 29, 121, 106, 120, 101, 9, 97, 16, 11, 100, 98, 96, 25, 63, 103, 95, 87, 104, 88, 70, 91, 69, 79, 80, 72, 86, 82, 81, 73, 66, 65, 47, 68, 60, 59, 44, 84, 24, 62, 57, 6, 1, 2, 0, 52, 51, 46, 49, 45, 56, 38, 23, 39, 34, 33, 21, 37, 20, 19, 5, 22, 4, 3]","[3, 4, 22, 5, 19, 20, 37, 21, 33, 34, 39, 23, 38, 56, 45, 49, 46, 51, 52, 0, 2, 1, 6, 57, 62, 24, 84, 44, 59, 60, 68, 47, 65, 66, 73, 81, 82, 86, 72, 80, 79, 69, 91, 70, 88, 104, 87, 95, 103, 63, 25, 96, 98, 100, 11, 16, 97, 9, 101, 120, 106, 121, 29, 43, 8]",False,complete,66,66,1348,0,709,1,708,812,104,0,0,lowest_first,True,2,94,24,94,26,26,24,26
5,240495,44,86,63,"[7, 8, 10, 12, 13, 14, 15, 17, 18, 26, 27, 28, 29, 30, 31, 32, 35, 36, 40, 41, 42, 48, 50, 53, 54, 55, 58, 61, 64, 67, 71, 74, 75, 76, 77, 78, 83, 85, 89, 90, 92, 93, 94, 99, 102, 105, 107, 108, 109, 110, 111, 112, 114, 115, 116, 117, 118, 119, 122, 123, 124, 125, 126, 127, 128, 129, 130, 131, 132, 133, 134, 135, 136, 137, 138, 139, 140, 141, 142, 143, 144, 145, 146, 147, 148, 149]","[0, 1, 2, 3, 4, 5, 6, 9, 11, 16, 19, 20, 21, 22, 23, 24, 25, 33, 34, 37, 38, 39, 43, 44, 45, 46, 47, 49, 51, 52, 56, 57, 59, 60, 62, 63, 65, 66, 68, 69, 70, 72, 73, 79, 80, 81, 82, 84, 86, 87, 88, 91, 95, 96, 97, 98, 100, 101, 103, 104, 106, 120, 121]","{""support_1"": 9, ""support_2"": 121}","[9, 121]",2,"[122, 17, 18, 32, 137, 138, 139, 140, 13, 14, 118, 116, 136, 112, 36, 135, 26, 28, 105, 99, 144, 10, 148, 145, 149, 147, 146, 12, 58, 71, 134, 109, 48, 78, 67, 61, 115, 133, 130, 93, 85, 129, 76, 128, 31, 94, 74, 127, 89, 126, 35, 7, 83, 141, 92, 124, 123, 125, 142, 117, 102, 30, 110, 108, 15, 111, 119, 107, 114, 40, 42, 143, 131, 132, 54, 64, 50, 75, 53, 90, 55, 77, 27, 41, 29, 8, 43, 121, 106, 120, 101, 9, 97, 16, 11, 100, 98, 96, 25, 63, 104, 95, 87, 103, 88, 70, 91, 69, 79, 80, 72, 86, 82, 81, 73, 66, 65, 47, 68, 60, 59, 44, 84, 24, 62, 57, 6, 1, 2, 0, 52, 51, 46, 49, 45, 56, 38, 23, 39, 34, 33, 21, 37, 20, 19, 5, 22, 4, 3]",True,4755251271,4.755251271,"[43, 121, 106, 120, 101, 9, 97, 16, 11, 100, 98, 96, 25, 63, 104, 95, 87, 103, 88, 70, 91, 69, 79, 80, 72, 86, 82, 81, 73, 66, 65, 47, 68, 60, 59, 44, 84, 24, 62, 57, 6, 1, 2, 0, 52, 51, 46, 49, 45, 56, 38, 23, 39, 34, 33, 21, 37, 20, 19, 5, 22, 4, 3]","[3, 4, 22, 5, 19, 20, 37, 21, 33, 34, 39, 23, 38, 56, 45, 49, 46, 51, 52, 0, 2, 1, 6, 57, 62, 24, 84, 44, 59, 60, 68, 47, 65, 66, 73, 81, 82, 86, 72, 80, 79, 69, 91, 70, 88, 103, 87, 95, 104, 63, 25, 96, 98, 100, 11, 16, 97, 9, 101, 120, 106, 121, 43]",True,complete,64,64,1280,0,654,1,653,757,104,0,0,lowest_first,True,2,90,24,90,26,26,24,26
5,240496,45,88,61,"[7, 8, 10, 12, 13, 14, 15, 17, 18, 26, 27, 28, 29, 30, 31, 32, 35, 36, 40, 41, 42, 43, 48, 50, 53, 54, 55, 58, 61, 64, 67, 71, 74, 75, 76, 77, 78, 83, 85, 89, 90, 92, 93, 94, 99, 102, 105, 107, 108, 109, 110, 111, 112, 114, 115, 116, 117, 118, 119, 121, 122, 123, 124, 125, 126, 127, 128, 129, 130, 131, 132, 133, 134, 135, 136, 137, 138, 139, 140, 141, 142, 143, 144, 145, 146, 147, 148, 149]","[0, 1, 2, 3, 4, 5, 6, 9, 11, 16, 19, 20, 21, 22, 23, 24, 25, 33, 34, 37, 38, 39, 44, 45, 46, 47, 49, 51, 52, 56, 57, 59, 60, 62, 63, 65, 66, 68, 69, 70, 72, 73, 79, 80, 81, 82, 84, 86, 87, 88, 91, 95, 96, 97, 98, 100, 101, 103, 104, 106, 120]","{""support_1"": 9, ""support_2"": 120}","[9, 120]",2,"[122, 17, 18, 32, 137, 138, 139, 140, 13, 14, 118, 116, 136, 112, 36, 135, 26, 28, 105, 99, 144, 10, 148, 145, 149, 147, 146, 12, 58, 71, 134, 109, 48, 78, 67, 61, 115, 133, 130, 93, 85, 129, 76, 128, 31, 94, 74, 127, 89, 126, 35, 7, 83, 141, 92, 124, 123, 125, 142, 117, 102, 30, 110, 108, 15, 111, 119, 107, 114, 40, 42, 143, 131, 132, 54, 64, 50, 75, 53, 90, 55, 77, 27, 41, 29, 8, 43, 121, 106, 120, 101, 9, 97, 16, 11, 100, 98, 96, 25, 63, 104, 95, 87, 103, 88, 70, 91, 69, 79, 80, 72, 86, 82, 81, 73, 66, 65, 47, 68, 60, 59, 44, 84, 24, 62, 57, 6, 1, 2, 0, 52, 51, 46, 49, 45, 56, 38, 23, 39, 34, 33, 21, 37, 20, 19, 5, 22, 4, 3]",True,3999205466,3.999205466,"[106, 120, 101, 9, 97, 16, 11, 100, 98, 96, 25, 63, 104, 95, 87, 103, 88, 70, 91, 69, 79, 80, 72, 86, 82, 81, 73, 66, 65, 47, 68, 60, 59, 44, 84, 24, 62, 57, 6, 1, 2, 0, 52, 51, 46, 49, 45, 56, 38, 23, 39, 34, 33, 21, 37, 20, 19, 5, 22, 4, 3]","[3, 4, 22, 5, 19, 20, 37, 21, 33, 34, 39, 23, 38, 56, 45, 49, 46, 51, 52, 0, 2, 1, 6, 57, 62, 24, 84, 44, 59, 60, 68, 47, 65, 66, 73, 81, 82, 86, 72, 80, 79, 69, 91, 70, 88, 103, 87, 95, 104, 63, 25, 96, 98, 100, 11, 16, 97, 9, 101, 120, 106]",True,complete,62,62,1216,0,595,1,594,698,104,0,0,lowest_first,True,2,86,23,86,25,25,23,25
5,240497,46,90,59,"[7, 8, 10, 12, 13, 14, 15, 17, 18, 26, 27, 28, 29, 30, 31, 32, 35, 36, 40, 41, 42, 43, 48, 50, 53, 54, 55, 58, 61, 64, 67, 71, 74, 75, 76, 77, 78, 83, 85, 89, 90, 92, 93, 94, 99, 102, 105, 106, 107, 108, 109, 110, 111, 112, 114, 115, 116, 117, 118, 119, 120, 121, 122, 123, 124, 125, 126, 127, 128, 129, 130, 131, 132, 133, 134, 135, 136, 137, 138, 139, 140, 141, 142, 143, 144, 145, 146, 147, 148, 149]","[0, 1, 2, 3, 4, 5, 6, 9, 11, 16, 19, 20, 21, 22, 23, 24, 25, 33, 34, 37, 38, 39, 44, 45, 46, 47, 49, 51, 52, 56, 57, 59, 60, 62, 63, 65, 66, 68, 69, 70, 72, 73, 79, 80, 81, 82, 84, 86, 87, 88, 91, 95, 96, 97, 98, 100, 101, 103, 104]","{""support_1"": 9, ""support_2"": 101}","[9, 101]",2,"[122, 17, 18, 32, 137, 138, 139, 140, 13, 14, 118, 116, 136, 112, 36, 135, 26, 28, 105, 99, 144, 10, 148, 145, 149, 147, 146, 12, 58, 71, 134, 109, 48, 78, 67, 61, 115, 133, 130, 93, 85, 129, 76, 128, 31, 94, 74, 127, 89, 126, 35, 7, 83, 141, 92, 124, 123, 125, 142, 117, 102, 30, 110, 108, 15, 111, 119, 107, 114, 40, 42, 143, 131, 132, 54, 64, 50, 75, 53, 90, 55, 77, 27, 41, 29, 8, 43, 121, 106, 120, 101, 9, 97, 16, 11, 100, 98, 96, 25, 63, 104, 95, 87, 103, 88, 70, 91, 69, 79, 80, 72, 86, 82, 81, 73, 66, 65, 47, 68, 60, 59, 44, 84, 24, 62, 57, 6, 1, 2, 0, 52, 51, 46, 49, 45, 56, 38, 23, 39, 34, 33, 21, 37, 20, 19, 5, 22, 4, 3]",True,3673292531,3.673292531,"[101, 9, 97, 16, 11, 100, 98, 96, 25, 63, 104, 95, 87, 103, 88, 70, 91, 69, 79, 80, 72, 86, 82, 81, 73, 66, 65, 47, 68, 60, 59, 44, 62, 84, 24, 57, 6, 1, 2, 0, 52, 51, 46, 49, 45, 56, 38, 23, 39, 34, 33, 21, 37, 20, 19, 5, 22, 4, 3]","[3, 4, 22, 5, 19, 20, 37, 21, 33, 34, 39, 23, 38, 56, 45, 49, 46, 51, 52, 0, 2, 1, 6, 57, 24, 84, 62, 44, 59, 60, 68, 47, 65, 66, 73, 81, 82, 86, 72, 80, 79, 69, 91, 70, 88, 103, 87, 95, 104, 63, 25, 96, 98, 100, 11, 16, 97, 9, 101]",False,complete,60,60,1149,0,551,1,550,654,104,0,0,lowest_first,True,2,83,22,83,23,23,22,24
5,240498,47,92,57,"[7, 8, 9, 10, 12, 13, 14, 15, 17, 18, 26, 27, 28, 29, 30, 31, 32, 35, 36, 40, 41, 42, 43, 48, 50, 53, 54, 55, 58, 61, 64, 67, 71, 74, 75, 76, 77, 78, 83, 85, 89, 90, 92, 93, 94, 99, 101, 102, 105, 106, 107, 108, 109, 110, 111, 112, 114, 115, 116, 117, 118, 119, 120, 121, 122, 123, 124, 125, 126, 127, 128, 129, 130, 131, 132, 133, 134, 135, 136, 137, 138, 139, 140, 141, 142, 143, 144, 145, 146, 147, 148, 149]","[0, 1, 2, 3, 4, 5, 6, 11, 16, 19, 20, 21, 22, 23, 24, 25, 33, 34, 37, 38, 39, 44, 45, 46, 47, 49, 51, 52, 56, 57, 59, 60, 62, 63, 65, 66, 68, 69, 70, 72, 73, 79, 80, 81, 82, 84, 86, 87, 88, 91, 95, 96, 97, 98, 100, 103, 104]","{""support_1"": 16}",[16],1,"[122, 17, 18, 32, 137, 138, 139, 140, 13, 14, 118, 116, 136, 112, 36, 135, 26, 28, 105, 99, 144, 10, 148, 145, 149, 147, 146, 12, 58, 71, 134, 109, 48, 78, 67, 61, 115, 133, 130, 93, 85, 129, 76, 128, 31, 94, 74, 127, 89, 126, 35, 7, 83, 141, 92, 124, 123, 125, 142, 117, 102, 30, 110, 108, 15, 111, 119, 107, 114, 40, 42, 143, 131, 132, 54, 64, 50, 75, 53, 90, 55, 77, 27, 41, 29, 8, 43, 121, 106, 120, 101, 9, 97, 16, 11, 100, 98, 96, 25, 63, 104, 95, 87, 103, 88, 70, 91, 69, 79, 80, 72, 86, 82, 81, 73, 66, 65, 47, 68, 60, 59, 44, 84, 24, 62, 57, 6, 1, 2, 0, 52, 51, 46, 49, 45, 56, 38, 23, 39, 34, 33, 21, 37, 20, 19, 5, 22, 4, 3]",True,3223547689,3.223547689,"[97, 16, 11, 100, 98, 96, 25, 63, 103, 95, 87, 104, 88, 70, 91, 69, 79, 80, 72, 86, 82, 81, 73, 66, 65, 47, 68, 60, 59, 44, 84, 24, 62, 57, 6, 1, 2, 0, 52, 51, 46, 49, 45, 56, 38, 23, 39, 34, 33, 21, 37, 20, 19, 5, 22, 4, 3]","[3, 4, 22, 5, 19, 20, 37, 21, 33, 34, 39, 23, 38, 56, 45, 49, 46, 51, 52, 0, 2, 1, 6, 57, 62, 24, 84, 44, 59, 60, 68, 47, 65, 66, 73, 81, 82, 86, 72, 80, 79, 69, 91, 70, 88, 104, 87, 95, 103, 63, 25, 96, 98, 100, 11, 16, 97]",False,complete,58,58,1076,0,519,1,518,622,104,0,0,lowest_first,True,2,80,21,80,22,22,21,22
5,240499,48,94,55,"[7, 8, 9, 10, 12, 13, 14, 15, 16, 17, 18, 26, 27, 28, 29, 30, 31, 32, 35, 36, 40, 41, 42, 43, 48, 50, 53, 54, 55, 58, 61, 64, 67, 71, 74, 75, 76, 77, 78, 83, 85, 89, 90, 92, 93, 94, 97, 99, 101, 102, 105, 106, 107, 108, 109, 110, 111, 112, 114, 115, 116, 117, 118, 119, 120, 121, 122, 123, 124, 125, 126, 127, 128, 129, 130, 131, 132, 133, 134, 135, 136, 137, 138, 139, 140, 141, 142, 143, 144, 145, 146, 147, 148, 149]","[0, 1, 2, 3, 4, 5, 6, 11, 19, 20, 21, 22, 23, 24, 25, 33, 34, 37, 38, 39, 44, 45, 46, 47, 49, 51, 52, 56, 57, 59, 60, 62, 63, 65, 66, 68, 69, 70, 72, 73, 79, 80, 81, 82, 84, 86, 87, 88, 91, 95, 96, 98, 100, 103, 104]","{""support_1"": 98}",[98],1,"[122, 17, 18, 32, 137, 138, 139, 140, 13, 14, 118, 116, 136, 112, 36, 135, 26, 28, 105, 99, 144, 10, 148, 145, 149, 147, 146, 12, 58, 71, 134, 109, 48, 78, 67, 61, 115, 133, 130, 93, 85, 129, 76, 128, 31, 94, 74, 127, 89, 126, 35, 7, 83, 141, 92, 124, 123, 125, 142, 117, 102, 30, 110, 108, 15, 111, 119, 107, 114, 40, 42, 143, 131, 132, 54, 64, 50, 75, 53, 90, 55, 77, 27, 41, 29, 8, 43, 121, 106, 120, 101, 9, 97, 16, 11, 100, 98, 96, 25, 63, 104, 95, 87, 103, 88, 70, 91, 69, 79, 80, 72, 86, 82, 81, 73, 66, 65, 47, 68, 60, 59, 44, 84, 24, 62, 57, 6, 1, 2, 0, 52, 51, 46, 49, 45, 56, 38, 23, 39, 34, 33, 21, 37, 20, 19, 5, 22, 4, 3]",True,2953618640,2.953618640,"[11, 100, 98, 96, 25, 63, 104, 95, 87, 103, 88, 70, 91, 69, 79, 80, 72, 86, 82, 81, 73, 66, 65, 47, 68, 60, 59, 44, 84, 24, 62, 57, 6, 1, 2, 0, 52, 51, 46, 49, 45, 56, 38, 23, 39, 34, 33, 21, 37, 20, 19, 5, 22, 4, 3]","[3, 4, 22, 5, 19, 20, 37, 21, 33, 34, 39, 23, 38, 56, 45, 49, 46, 51, 52, 0, 2, 1, 6, 57, 62, 24, 84, 44, 59, 60, 68, 47, 65, 66, 73, 81, 82, 86, 72, 80, 79, 69, 91, 70, 88, 103, 87, 95, 104, 63, 25, 96, 98, 100, 11]",True,complete,56,56,987,0,485,1,484,587,103,0,0,lowest_first,True,2,78,20,78,21,21,20,21
5,240500,49,96,53,"[7, 8, 9, 10, 11, 12, 13, 14, 15, 16, 17, 18, 26, 27, 28, 29, 30, 31, 32, 35, 36, 40, 41, 42, 43, 48, 50, 53, 54, 55, 58, 61, 64, 67, 71, 74, 75, 76, 77, 78, 83, 85, 89, 90, 92, 93, 94, 97, 99, 100, 101, 102, 105, 106, 107, 108, 109, 110, 111, 112, 114, 115, 116, 117, 118, 119, 120, 121, 122, 123, 124, 125, 126, 127, 128, 129, 130, 131, 132, 133, 134, 135, 136, 137, 138, 139, 140, 141, 142, 143, 144, 145, 146, 147, 148, 149]","[0, 1, 2, 3, 4, 5, 6, 19, 20, 21, 22, 23, 24, 25, 33, 34, 37, 38, 39, 44, 45, 46, 47, 49, 51, 52, 56, 57, 59, 60, 62, 63, 65, 66, 68, 69, 70, 72, 73, 79, 80, 81, 82, 84, 86, 87, 88, 91, 95, 96, 98, 103, 104]","{""support_1"": 98}",[98],1,"[122, 17, 18, 32, 137, 138, 139, 140, 13, 14, 118, 116, 136, 112, 36, 135, 26, 28, 105, 99, 144, 10, 148, 145, 149, 147, 146, 12, 58, 71, 134, 109, 48, 78, 67, 61, 115, 133, 130, 93, 85, 129, 76, 128, 31, 94, 74, 127, 89, 126, 35, 7, 83, 141, 92, 124, 123, 125, 142, 117, 102, 30, 110, 108, 15, 111, 119, 107, 114, 40, 42, 143, 131, 132, 54, 64, 50, 75, 53, 90, 55, 77, 27, 41, 29, 8, 43, 121, 106, 120, 101, 9, 97, 16, 11, 100, 98, 96, 25, 63, 104, 95, 87, 103, 88, 70, 91, 69, 79, 80, 72, 86, 82, 81, 73, 66, 65, 47, 68, 60, 59, 44, 84, 24, 62, 57, 6, 1, 2, 0, 52, 51, 46, 49, 45, 56, 38, 23, 39, 34, 33, 21, 37, 20, 19, 5, 22, 4, 3]",True,2908140007,2.908140007,"[98, 96, 25, 63, 103, 95, 87, 104, 88, 70, 91, 69, 79, 80, 72, 86, 82, 81, 73, 66, 65, 47, 68, 60, 59, 44, 62, 84, 24, 57, 6, 1, 2, 0, 52, 51, 46, 49, 45, 56, 38, 23, 39, 34, 33, 21, 37, 20, 19, 5, 22, 4, 3]","[3, 4, 22, 5, 19, 20, 37, 21, 33, 34, 39, 23, 38, 56, 45, 49, 46, 51, 52, 0, 2, 1, 6, 57, 24, 84, 62, 44, 59, 60, 68, 47, 65, 66, 73, 81, 82, 86, 72, 80, 79, 69, 91, 70, 88, 104, 87, 95, 103, 63, 25, 96, 98]",False,complete,54,54,896,0,476,1,475,578,103,0,0,lowest_first,True,2,77,20,77,20,20,20,21
5,240501,50,98,51,"[7, 8, 9, 10, 11, 12, 13, 14, 15, 16, 17, 18, 26, 27, 28, 29, 30, 31, 32, 35, 36, 40, 41, 42, 43, 48, 50, 53, 54, 55, 58, 61, 64, 67, 71, 74, 75, 76, 77, 78, 83, 85, 89, 90, 92, 93, 94, 96, 97, 98, 99, 100, 101, 102, 105, 106, 107, 108, 109, 110, 111, 112, 114, 115, 116, 117, 118, 119, 120, 121, 122, 123, 124, 125, 126, 127, 128, 129, 130, 131, 132, 133, 134, 135, 136, 137, 138, 139, 140, 141, 142, 143, 144, 145, 146, 147, 148, 149]","[0, 1, 2, 3, 4, 5, 6, 19, 20, 21, 22, 23, 24, 25, 33, 34, 37, 38, 39, 44, 45, 46, 47, 49, 51, 52, 56, 57, 59, 60, 62, 63, 65, 66, 68, 69, 70, 72, 73, 79, 80, 81, 82, 84, 86, 87, 88, 91, 95, 103, 104]",{},[],0,"[122, 17, 18, 32, 137, 138, 139, 140, 13, 14, 118, 116, 136, 112, 36, 135, 26, 28, 105, 99, 144, 10, 148, 145, 149, 147, 146, 12, 58, 71, 134, 109, 48, 78, 67, 61, 115, 133, 130, 93, 85, 129, 76, 128, 31, 94, 74, 127, 89, 126, 35, 7, 83, 141, 92, 124, 123, 125, 142, 117, 102, 30, 110, 108, 15, 111, 119, 107, 114, 40, 42, 143, 131, 132, 54, 64, 50, 75, 53, 90, 55, 77, 27, 41, 29, 8, 43, 121, 106, 120, 101, 9, 97, 16, 11, 100, 98, 96, 25, 63, 104, 95, 87, 103, 88, 70, 91, 69, 79, 80, 72, 86, 82, 81, 73, 66, 65, 47, 68, 60, 59, 44, 84, 24, 62, 57, 6, 1, 2, 0, 52, 51, 46, 49, 45, 56, 38, 23, 39, 34, 33, 21, 37, 20, 19, 5, 22, 4, 3]",True,2558270550,2.558270550,"[25, 63, 103, 95, 87, 104, 88, 70, 91, 69, 79, 80, 72, 86, 82, 81, 73, 66, 65, 47, 68, 60, 59, 44, 62, 84, 24, 57, 6, 1, 2, 0, 52, 51, 46, 49, 45, 56, 38, 23, 39, 34, 33, 21, 37, 20, 19, 5, 22, 4, 3]","[3, 4, 22, 5, 19, 20, 37, 21, 33, 34, 39, 23, 38, 56, 45, 49, 46, 51, 52, 0, 2, 1, 6, 57, 24, 84, 62, 44, 59, 60, 68, 47, 65, 66, 73, 81, 82, 86, 72, 80, 79, 69, 91, 70, 88, 104, 87, 95, 103, 63, 25]",False,complete,52,52,812,0,447,1,446,549,103,0,0,lowest_first,True,2,76,19,76,19,19,19,19
5,240502,51,100,49,"[7, 8, 9, 10, 11, 12, 13, 14, 15, 16, 17, 18, 25, 26, 27, 28, 29, 30, 31, 32, 35, 36, 40, 41, 42, 43, 48, 50, 53, 54, 55, 58, 61, 63, 64, 67, 71, 74, 75, 76, 77, 78, 83, 85, 89, 90, 92, 93, 94, 96, 97, 98, 99, 100, 101, 102, 105, 106, 107, 108, 109, 110, 111, 112, 114, 115, 116, 117, 118, 119, 120, 121, 122, 123, 124, 125, 126, 127, 128, 129, 130, 131, 132, 133, 134, 135, 136, 137, 138, 139, 140, 141, 142, 143, 144, 145, 146, 147, 148, 149]","[0, 1, 2, 3, 4, 5, 6, 19, 20, 21, 22, 23, 24, 33, 34, 37, 38, 39, 44, 45, 46, 47, 49, 51, 52, 56, 57, 59, 60, 62, 65, 66, 68, 69, 70, 72, 73, 79, 80, 81, 82, 84, 86, 87, 88, 91, 95, 103, 104]","{""support_1"": 84}",[84],1,"[122, 17, 18, 32, 137, 138, 139, 140, 13, 14, 118, 116, 136, 112, 36, 135, 26, 28, 105, 99, 144, 10, 148, 145, 149, 147, 146, 12, 58, 71, 134, 109, 48, 78, 67, 61, 115, 133, 130, 93, 85, 129, 76, 128, 31, 94, 74, 127, 89, 126, 35, 7, 83, 141, 92, 124, 123, 125, 142, 117, 102, 30, 110, 108, 15, 111, 119, 107, 114, 40, 42, 143, 131, 132, 54, 64, 50, 75, 53, 90, 55, 77, 27, 41, 29, 8, 43, 121, 106, 120, 101, 9, 97, 16, 11, 100, 98, 96, 25, 63, 104, 95, 87, 103, 88, 70, 91, 69, 79, 80, 72, 86, 82, 81, 73, 66, 65, 47, 68, 60, 59, 44, 84, 24, 62, 57, 6, 1, 2, 0, 52, 51, 46, 49, 45, 56, 38, 23, 39, 34, 33, 21, 37, 20, 19, 5, 22, 4, 3]",True,2336330636,2.336330636,"[104, 95, 87, 103, 88, 70, 91, 69, 79, 80, 72, 86, 82, 81, 73, 66, 65, 47, 68, 60, 59, 44, 62, 84, 24, 57, 6, 1, 2, 0, 52, 51, 46, 49, 45, 56, 38, 23, 39, 34, 33, 21, 37, 20, 19, 5, 22, 4, 3]","[3, 4, 22, 5, 19, 20, 37, 21, 33, 34, 39, 23, 38, 56, 45, 49, 46, 51, 52, 0, 2, 1, 6, 57, 24, 84, 62, 44, 59, 60, 68, 47, 65, 66, 73, 81, 82, 86, 72, 80, 79, 69, 91, 70, 88, 103, 87, 95, 104]",False,complete,50,50,725,0,415,1,414,516,102,0,0,lowest_first,True,2,74,18,74,19,19,18,19
5,240503,52,102,47,"[7, 8, 9, 10, 11, 12, 13, 14, 15, 16, 17, 18, 25, 26, 27, 28, 29, 30, 31, 32, 35, 36, 40, 41, 42, 43, 48, 50, 53, 54, 55, 58, 61, 63, 64, 67, 71, 74, 75, 76, 77, 78, 83, 85, 89, 90, 92, 93, 94, 95, 96, 97, 98, 99, 100, 101, 102, 104, 105, 106, 107, 108, 109, 110, 111, 112, 114, 115, 116, 117, 118, 119, 120, 121, 122, 123, 124, 125, 126, 127, 128, 129, 130, 131, 132, 133, 134, 135, 136, 137, 138, 139, 140, 141, 142, 143, 144, 145, 146, 147, 148, 149]","[0, 1, 2, 3, 4, 5, 6, 19, 20, 21, 22, 23, 24, 33, 34, 37, 38, 39, 44, 45, 46, 47, 49, 51, 52, 56, 57, 59, 60, 62, 65, 66, 68, 69, 70, 72, 73, 79, 80, 81, 82, 84, 86, 87, 88, 91, 103]","{""support_1"": 84, ""support_2"": 103}","[84, 103]",2,"[122, 17, 18, 32, 137, 138, 139, 140, 13, 14, 118, 116, 136, 112, 36, 135, 26, 28, 105, 99, 144, 10, 148, 145, 149, 147, 146, 12, 58, 71, 134, 109, 48, 78, 67, 61, 115, 133, 130, 93, 85, 129, 76, 128, 31, 94, 74, 127, 89, 126, 35, 7, 83, 141, 92, 124, 123, 125, 142, 117, 102, 30, 110, 108, 15, 111, 119, 107, 114, 40, 42, 143, 131, 132, 54, 64, 50, 75, 53, 90, 55, 77, 27, 41, 29, 8, 43, 121, 106, 120, 101, 9, 97, 16, 11, 100, 98, 96, 25, 63, 104, 95, 87, 103, 88, 70, 91, 69, 79, 80, 72, 86, 82, 81, 73, 66, 65, 47, 68, 60, 59, 44, 84, 24, 62, 57, 6, 1, 2, 0, 52, 51, 46, 49, 45, 56, 38, 23, 39, 34, 33, 21, 37, 20, 19, 5, 22, 4, 3]",True,2005449646,2.005449646,"[87, 103, 88, 70, 91, 69, 79, 80, 72, 86, 82, 81, 73, 66, 65, 47, 68, 60, 59, 44, 84, 24, 62, 57, 6, 1, 2, 0, 52, 51, 46, 49, 45, 56, 38, 23, 39, 34, 33, 21, 37, 20, 19, 5, 22, 4, 3]","[3, 4, 22, 5, 19, 20, 37, 21, 33, 34, 39, 23, 38, 56, 45, 49, 46, 51, 52, 0, 2, 1, 6, 57, 62, 24, 84, 44, 59, 60, 68, 47, 65, 66, 73, 81, 82, 86, 72, 80, 79, 69, 91, 70, 88, 103, 87]",True,complete,48,48,647,0,371,1,370,437,67,0,0,lowest_first,True,2,70,17,70,19,19,17,19
5,240504,53,104,45,"[7, 8, 9, 10, 11, 12, 13, 14, 15, 16, 17, 18, 25, 26, 27, 28, 29, 30, 31, 32, 35, 36, 40, 41, 42, 43, 48, 50, 53, 54, 55, 58, 61, 63, 64, 67, 71, 74, 75, 76, 77, 78, 83, 85, 87, 89, 90, 92, 93, 94, 95, 96, 97, 98, 99, 100, 101, 102, 103, 104, 105, 106, 107, 108, 109, 110, 111, 112, 114, 115, 116, 117, 118, 119, 120, 121, 122, 123, 124, 125, 126, 127, 128, 129, 130, 131, 132, 133, 134, 135, 136, 137, 138, 139, 140, 141, 142, 143, 144, 145, 146, 147, 148, 149]","[0, 1, 2, 3, 4, 5, 6, 19, 20, 21, 22, 23, 24, 33, 34, 37, 38, 39, 44, 45, 46, 47, 49, 51, 52, 56, 57, 59, 60, 62, 65, 66, 68, 69, 70, 72, 73, 79, 80, 81, 82, 84, 86, 88, 91]","{""support_1"": 84, ""support_2"": 88}","[84, 88]",2,"[122, 17, 18, 32, 137, 138, 139, 140, 13, 14, 118, 116, 136, 112, 36, 135, 26, 28, 105, 99, 144, 10, 148, 145, 149, 147, 146, 12, 58, 71, 134, 109, 48, 78, 67, 61, 115, 133, 130, 93, 85, 129, 76, 128, 31, 94, 74, 127, 89, 126, 35, 7, 83, 141, 92, 124, 123, 125, 142, 117, 102, 30, 110, 108, 15, 111, 119, 107, 114, 40, 42, 143, 131, 132, 54, 64, 50, 75, 53, 90, 55, 77, 27, 41, 29, 8, 43, 121, 106, 120, 101, 9, 97, 16, 11, 100, 98, 96, 25, 63, 104, 95, 87, 103, 88, 70, 91, 69, 79, 80, 72, 86, 82, 81, 73, 66, 65, 47, 68, 60, 59, 44, 84, 24, 62, 57, 6, 1, 2, 0, 52, 51, 46, 49, 45, 56, 38, 23, 39, 34, 33, 21, 37, 20, 19, 5, 22, 4, 3]",True,1748768244,1.748768244,"[88, 70, 91, 69, 79, 80, 72, 86, 82, 81, 73, 66, 65, 47, 68, 60, 59, 44, 84, 24, 62, 57, 6, 1, 2, 0, 52, 51, 46, 49, 45, 56, 38, 23, 39, 34, 33, 21, 37, 20, 19, 5, 22, 4, 3]","[3, 4, 22, 5, 19, 20, 37, 21, 33, 34, 39, 23, 38, 56, 45, 49, 46, 51, 52, 0, 2, 1, 6, 57, 62, 24, 84, 44, 59, 60, 68, 47, 65, 66, 73, 81, 82, 86, 72, 80, 79, 69, 91, 70, 88]",True,complete,46,46,603,0,341,1,340,404,64,0,0,lowest_first,True,2,66,16,66,17,17,16,18
5,240505,54,106,43,"[7, 8, 9, 10, 11, 12, 13, 14, 15, 16, 17, 18, 25, 26, 27, 28, 29, 30, 31, 32, 35, 36, 40, 41, 42, 43, 48, 50, 53, 54, 55, 58, 61, 63, 64, 67, 70, 71, 74, 75, 76, 77, 78, 83, 85, 87, 88, 89, 90, 92, 93, 94, 95, 96, 97, 98, 99, 100, 101, 102, 103, 104, 105, 106, 107, 108, 109, 110, 111, 112, 114, 115, 116, 117, 118, 119, 120, 121, 122, 123, 124, 125, 126, 127, 128, 129, 130, 131, 132, 133, 134, 135, 136, 137, 138, 139, 140, 141, 142, 143, 144, 145, 146, 147, 148, 149]","[0, 1, 2, 3, 4, 5, 6, 19, 20, 21, 22, 23, 24, 33, 34, 37, 38, 39, 44, 45, 46, 47, 49, 51, 52, 56, 57, 59, 60, 62, 65, 66, 68, 69, 72, 73, 79, 80, 81, 82, 84, 86, 91]","{""support_1"": 84, ""support_2"": 91}","[84, 91]",2,"[122, 17, 18, 32, 137, 138, 139, 140, 13, 14, 118, 116, 136, 112, 36, 135, 26, 28, 105, 99, 144, 10, 148, 145, 149, 147, 146, 12, 58, 71, 134, 109, 48, 78, 67, 61, 115, 133, 130, 93, 85, 129, 76, 128, 31, 94, 74, 127, 89, 126, 35, 7, 83, 141, 92, 124, 123, 125, 142, 117, 102, 30, 110, 108, 15, 111, 119, 107, 114, 40, 42, 143, 131, 132, 54, 64, 50, 75, 53, 90, 55, 77, 27, 41, 29, 8, 43, 121, 106, 120, 101, 9, 97, 16, 11, 100, 98, 96, 25, 63, 104, 95, 87, 103, 88, 70, 91, 69, 79, 80, 72, 86, 82, 81, 73, 66, 65, 47, 68, 60, 59, 44, 84, 24, 62, 57, 6, 1, 2, 0, 52, 51, 46, 49, 45, 56, 38, 23, 39, 34, 33, 21, 37, 20, 19, 5, 22, 4, 3]",True,1412827646,1.412827646,"[91, 69, 79, 80, 72, 86, 82, 81, 73, 66, 65, 47, 68, 60, 59, 44, 84, 24, 62, 57, 6, 1, 2, 0, 52, 51, 46, 49, 45, 56, 38, 23, 39, 34, 33, 21, 37, 20, 19, 5, 22, 4, 3]","[3, 4, 22, 5, 19, 20, 37, 21, 33, 34, 39, 23, 38, 56, 45, 49, 46, 51, 52, 0, 2, 1, 6, 57, 62, 24, 84, 44, 59, 60, 68, 47, 65, 66, 73, 81, 82, 86, 72, 80, 79, 69, 91]",True,complete,43,43,539,0,293,0,293,333,40,0,0,lowest_first,True,2,62,15,62,16,16,15,17
5,240506,55,108,41,"[7, 8, 9, 10, 11, 12, 13, 14, 15, 16, 17, 18, 25, 26, 27, 28, 29, 30, 31, 32, 35, 36, 40, 41, 42, 43, 48, 50, 53, 54, 55, 58, 61, 63, 64, 67, 69, 70, 71, 74, 75, 76, 77, 78, 83, 85, 87, 88, 89, 90, 91, 92, 93, 94, 95, 96, 97, 98, 99, 100, 101, 102, 103, 104, 105, 106, 107, 108, 109, 110, 111, 112, 114, 115, 116, 117, 118, 119, 120, 121, 122, 123, 124, 125, 126, 127, 128, 129, 130, 131, 132, 133, 134, 135, 136, 137, 138, 139, 140, 141, 142, 143, 144, 145, 146, 147, 148, 149]","[0, 1, 2, 3, 4, 5, 6, 19, 20, 21, 22, 23, 24, 33, 34, 37, 38, 39, 44, 45, 46, 47, 49, 51, 52, 56, 57, 59, 60, 62, 65, 66, 68, 72, 73, 79, 80, 81, 82, 84, 86]","{""support_1"": 84, ""support_2"": 80}","[80, 84]",2,"[122, 17, 18, 32, 137, 138, 139, 140, 13, 14, 118, 116, 136, 112, 36, 135, 26, 28, 105, 99, 144, 10, 148, 145, 149, 147, 146, 12, 58, 71, 134, 109, 48, 78, 67, 61, 115, 133, 130, 93, 85, 129, 76, 128, 31, 94, 74, 127, 89, 126, 35, 7, 83, 141, 92, 124, 123, 125, 142, 117, 102, 30, 110, 108, 15, 111, 119, 107, 114, 40, 42, 143, 131, 132, 54, 64, 50, 75, 53, 90, 55, 77, 27, 41, 29, 8, 43, 121, 106, 120, 101, 9, 97, 16, 11, 100, 98, 96, 25, 63, 104, 95, 87, 103, 88, 70, 91, 69, 79, 80, 72, 86, 82, 81, 73, 66, 65, 47, 68, 60, 59, 44, 84, 24, 62, 57, 6, 1, 2, 0, 52, 51, 46, 49, 45, 56, 38, 23, 39, 34, 33, 21, 37, 20, 19, 5, 22, 4, 3]",True,1244816806,1.244816806,"[79, 80, 72, 86, 82, 81, 73, 66, 65, 47, 68, 60, 59, 44, 62, 84, 24, 57, 6, 1, 2, 0, 52, 51, 46, 49, 45, 56, 38, 23, 39, 34, 33, 21, 37, 20, 19, 5, 22, 4, 3]","[3, 4, 22, 5, 19, 20, 37, 21, 33, 34, 39, 23, 38, 56, 45, 49, 46, 51, 52, 0, 2, 1, 6, 57, 24, 84, 62, 44, 59, 60, 68, 47, 65, 66, 73, 81, 82, 86, 72, 80, 79]",False,complete,41,41,495,0,266,0,266,304,38,0,0,lowest_first,True,2,59,14,59,16,16,14,16
5,240507,56,110,39,"[7, 8, 9, 10, 11, 12, 13, 14, 15, 16, 17, 18, 25, 26, 27, 28, 29, 30, 31, 32, 35, 36, 40, 41, 42, 43, 48, 50, 53, 54, 55, 58, 61, 63, 64, 67, 69, 70, 71, 74, 75, 76, 77, 78, 79, 80, 83, 85, 87, 88, 89, 90, 91, 92, 93, 94, 95, 96, 97, 98, 99, 100, 101, 102, 103, 104, 105, 106, 107, 108, 109, 110, 111, 112, 114, 115, 116, 117, 118, 119, 120, 121, 122, 123, 124, 125, 126, 127, 128, 129, 130, 131, 132, 133, 134, 135, 136, 137, 138, 139, 140, 141, 142, 143, 144, 145, 146, 147, 148, 149]","[0, 1, 2, 3, 4, 5, 6, 19, 20, 21, 22, 23, 24, 33, 34, 37, 38, 39, 44, 45, 46, 47, 49, 51, 52, 56, 57, 59, 60, 62, 65, 66, 68, 72, 73, 81, 82, 84, 86]","{""support_1"": 84, ""support_2"": 72}","[72, 84]",2,"[122, 17, 18, 32, 137, 138, 139, 140, 13, 14, 118, 116, 136, 112, 36, 135, 26, 28, 105, 99, 144, 10, 148, 145, 149, 147, 146, 12, 58, 71, 134, 109, 48, 78, 67, 61, 115, 133, 130, 93, 85, 129, 76, 128, 31, 94, 74, 127, 89, 126, 35, 7, 83, 141, 92, 124, 123, 125, 142, 117, 102, 30, 110, 108, 15, 111, 119, 107, 114, 40, 42, 143, 131, 132, 54, 64, 50, 75, 53, 90, 55, 77, 27, 41, 29, 8, 43, 121, 106, 120, 101, 9, 97, 16, 11, 100, 98, 96, 25, 63, 104, 95, 87, 103, 88, 70, 91, 69, 79, 80, 72, 86, 82, 81, 73, 66, 65, 47, 68, 60, 59, 44, 84, 24, 62, 57, 6, 1, 2, 0, 52, 51, 46, 49, 45, 56, 38, 23, 39, 34, 33, 21, 37, 20, 19, 5, 22, 4, 3]",True,1035872388,1.035872388,"[72, 86, 82, 81, 73, 66, 65, 47, 68, 60, 59, 44, 84, 24, 62, 57, 6, 1, 2, 0, 52, 51, 46, 49, 45, 56, 38, 23, 39, 34, 33, 21, 37, 20, 19, 5, 22, 4, 3]","[3, 4, 22, 5, 19, 20, 37, 21, 33, 34, 39, 23, 38, 56, 45, 49, 46, 51, 52, 0, 2, 1, 6, 57, 62, 24, 84, 44, 59, 60, 68, 47, 65, 66, 73, 81, 82, 86, 72]",True,complete,39,39,458,0,235,0,235,269,34,0,0,lowest_first,True,2,54,13,54,14,14,13,15
5,240508,57,112,37,"[7, 8, 9, 10, 11, 12, 13, 14, 15, 16, 17, 18, 25, 26, 27, 28, 29, 30, 31, 32, 35, 36, 40, 41, 42, 43, 48, 50, 53, 54, 55, 58, 61, 63, 64, 67, 69, 70, 71, 72, 74, 75, 76, 77, 78, 79, 80, 83, 85, 86, 87, 88, 89, 90, 91, 92, 93, 94, 95, 96, 97, 98, 99, 100, 101, 102, 103, 104, 105, 106, 107, 108, 109, 110, 111, 112, 114, 115, 116, 117, 118, 119, 120, 121, 122, 123, 124, 125, 126, 127, 128, 129, 130, 131, 132, 133, 134, 135, 136, 137, 138, 139, 140, 141, 142, 143, 144, 145, 146, 147, 148, 149]","[0, 1, 2, 3, 4, 5, 6, 19, 20, 21, 22, 23, 24, 33, 34, 37, 38, 39, 44, 45, 46, 47, 49, 51, 52, 56, 57, 59, 60, 62, 65, 66, 68, 73, 81, 82, 84]","{""support_1"": 84, ""support_2"": 73}","[73, 84]",2,"[122, 17, 18, 32, 137, 138, 139, 140, 13, 14, 118, 116, 136, 112, 36, 135, 26, 28, 105, 99, 144, 10, 148, 145, 149, 147, 146, 12, 58, 71, 134, 109, 48, 78, 67, 61, 115, 133, 130, 93, 85, 129, 76, 128, 31, 94, 74, 127, 89, 126, 35, 7, 83, 141, 92, 124, 123, 125, 142, 117, 102, 30, 110, 108, 15, 111, 119, 107, 114, 40, 42, 143, 131, 132, 54, 64, 50, 75, 53, 90, 55, 77, 27, 41, 29, 8, 43, 121, 106, 120, 101, 9, 97, 16, 11, 100, 98, 96, 25, 63, 104, 95, 87, 103, 88, 70, 91, 69, 79, 80, 72, 86, 82, 81, 73, 66, 65, 47, 68, 60, 59, 44, 84, 24, 62, 57, 6, 1, 2, 0, 52, 51, 46, 49, 45, 56, 38, 23, 39, 34, 33, 21, 37, 20, 19, 5, 22, 4, 3]",True,799916931,0.799916931,"[82, 81, 73, 66, 65, 47, 68, 60, 59, 44, 84, 24, 62, 57, 6, 1, 2, 0, 52, 51, 46, 49, 45, 56, 38, 23, 39, 34, 33, 21, 37, 20, 19, 5, 22, 4, 3]","[3, 4, 22, 5, 19, 20, 37, 21, 33, 34, 39, 23, 38, 56, 45, 49, 46, 51, 52, 0, 2, 1, 6, 57, 62, 24, 84, 44, 59, 60, 68, 47, 65, 66, 73, 81, 82]",True,complete,37,37,419,0,196,0,196,230,34,0,0,lowest_first,True,2,50,12,50,14,14,12,14
5,240509,58,114,35,"[7, 8, 9, 10, 11, 12, 13, 14, 15, 16, 17, 18, 25, 26, 27, 28, 29, 30, 31, 32, 35, 36, 40, 41, 42, 43, 48, 50, 53, 54, 55, 58, 61, 63, 64, 67, 69, 70, 71, 72, 74, 75, 76, 77, 78, 79, 80, 81, 82, 83, 85, 86, 87, 88, 89, 90, 91, 92, 93, 94, 95, 96, 97, 98, 99, 100, 101, 102, 103, 104, 105, 106, 107, 108, 109, 110, 111, 112, 114, 115, 116, 117, 118, 119, 120, 121, 122, 123, 124, 125, 126, 127, 128, 129, 130, 131, 132, 133, 134, 135, 136, 137, 138, 139, 140, 141, 142, 143, 144, 145, 146, 147, 148, 149]","[0, 1, 2, 3, 4, 5, 6, 19, 20, 21, 22, 23, 24, 33, 34, 37, 38, 39, 44, 45, 46, 47, 49, 51, 52, 56, 57, 59, 60, 62, 65, 66, 68, 73, 84]","{""support_1"": 84, ""support_2"": 73}","[73, 84]",2,"[122, 17, 18, 32, 137, 138, 139, 140, 13, 14, 118, 116, 136, 112, 36, 135, 26, 28, 105, 99, 144, 10, 148, 145, 149, 147, 146, 12, 58, 71, 134, 109, 48, 78, 67, 61, 115, 133, 130, 93, 85, 129, 76, 128, 31, 94, 74, 127, 89, 126, 35, 7, 83, 141, 92, 124, 123, 125, 142, 117, 102, 30, 110, 108, 15, 111, 119, 107, 114, 40, 42, 143, 131, 132, 54, 64, 50, 75, 53, 90, 55, 77, 27, 41, 29, 8, 43, 121, 106, 120, 101, 9, 97, 16, 11, 100, 98, 96, 25, 63, 104, 95, 87, 103, 88, 70, 91, 69, 79, 80, 72, 86, 82, 81, 73, 66, 65, 47, 68, 60, 59, 44, 84, 24, 62, 57, 6, 1, 2, 0, 52, 51, 46, 49, 45, 56, 38, 23, 39, 34, 33, 21, 37, 20, 19, 5, 22, 4, 3]",True,747362236,0.747362236,"[73, 66, 65, 47, 68, 60, 59, 44, 84, 24, 62, 57, 6, 1, 2, 0, 52, 51, 46, 49, 45, 56, 38, 23, 39, 34, 33, 21, 37, 20, 19, 5, 22, 4, 3]","[3, 4, 22, 5, 19, 20, 37, 21, 33, 34, 39, 23, 38, 56, 45, 49, 46, 51, 52, 0, 2, 1, 6, 57, 62, 24, 84, 44, 59, 60, 68, 47, 65, 66, 73]",True,complete,35,35,383,0,187,0,187,221,34,0,0,lowest_first,True,2,46,12,46,13,13,12,14
5,240510,59,116,33,"[7, 8, 9, 10, 11, 12, 13, 14, 15, 16, 17, 18, 25, 26, 27, 28, 29, 30, 31, 32, 35, 36, 40, 41, 42, 43, 48, 50, 53, 54, 55, 58, 61, 63, 64, 66, 67, 69, 70, 71, 72, 73, 74, 75, 76, 77, 78, 79, 80, 81, 82, 83, 85, 86, 87, 88, 89, 90, 91, 92, 93, 94, 95, 96, 97, 98, 99, 100, 101, 102, 103, 104, 105, 106, 107, 108, 109, 110, 111, 112, 114, 115, 116, 117, 118, 119, 120, 121, 122, 123, 124, 125, 126, 127, 128, 129, 130, 131, 132, 133, 134, 135, 136, 137, 138, 139, 140, 141, 142, 143, 144, 145, 146, 147, 148, 149]","[0, 1, 2, 3, 4, 5, 6, 19, 20, 21, 22, 23, 24, 33, 34, 37, 38, 39, 44, 45, 46, 47, 49, 51, 52, 56, 57, 59, 60, 62, 65, 68, 84]","{""support_1"": 84, ""support_2"": 68}","[68, 84]",2,"[122, 17, 18, 32, 137, 138, 139, 140, 13, 14, 118, 116, 136, 112, 36, 135, 26, 28, 105, 99, 144, 10, 148, 145, 149, 147, 146, 12, 58, 71, 134, 109, 48, 78, 67, 61, 115, 133, 130, 93, 85, 129, 76, 128, 31, 94, 74, 127, 89, 126, 35, 7, 83, 141, 92, 124, 123, 125, 142, 117, 102, 30, 110, 108, 15, 111, 119, 107, 114, 40, 42, 143, 131, 132, 54, 64, 50, 75, 53, 90, 55, 77, 27, 41, 29, 8, 43, 121, 106, 120, 101, 9, 97, 16, 11, 100, 98, 96, 25, 63, 104, 95, 87, 103, 88, 70, 91, 69, 79, 80, 72, 86, 82, 81, 73, 66, 65, 47, 68, 60, 59, 44, 84, 24, 62, 57, 6, 1, 2, 0, 52, 51, 46, 49, 45, 56, 38, 23, 39, 34, 33, 21, 37, 20, 19, 5, 22, 4, 3]",True,594012319,0.594012319,"[65, 47, 68, 60, 59, 44, 84, 24, 62, 57, 6, 1, 2, 0, 52, 51, 46, 49, 45, 56, 38, 23, 39, 34, 33, 21, 37, 20, 19, 5, 22, 4, 3]","[3, 4, 22, 5, 19, 20, 37, 21, 33, 34, 39, 23, 38, 56, 45, 49, 46, 51, 52, 0, 2, 1, 6, 57, 62, 24, 84, 44, 59, 60, 68, 47, 65]",True,complete,33,33,350,0,162,0,162,194,32,0,0,lowest_first,True,2,42,11,42,13,13,11,13
5,240511,60,118,31,"[7, 8, 9, 10, 11, 12, 13, 14, 15, 16, 17, 18, 25, 26, 27, 28, 29, 30, 31, 32, 35, 36, 40, 41, 42, 43, 47, 48, 50, 53, 54, 55, 58, 61, 63, 64, 65, 66, 67, 69, 70, 71, 72, 73, 74, 75, 76, 77, 78, 79, 80, 81, 82, 83, 85, 86, 87, 88, 89, 90, 91, 92, 93, 94, 95, 96, 97, 98, 99, 100, 101, 102, 103, 104, 105, 106, 107, 108, 109, 110, 111, 112, 114, 115, 116, 117, 118, 119, 120, 121, 122, 123, 124, 125, 126, 127, 128, 129, 130, 131, 132, 133, 134, 135, 136, 137, 138, 139, 140, 141, 142, 143, 144, 145, 146, 147, 148, 149]","[0, 1, 2, 3, 4, 5, 6, 19, 20, 21, 22, 23, 24, 33, 34, 37, 38, 39, 44, 45, 46, 49, 51, 52, 56, 57, 59, 60, 62, 68, 84]","{""support_1"": 84, ""support_2"": 68}","[68, 84]",2,"[122, 17, 18, 32, 137, 138, 139, 140, 13, 14, 118, 116, 136, 112, 36, 135, 26, 28, 105, 99, 144, 10, 148, 145, 149, 147, 146, 12, 58, 71, 134, 109, 48, 78, 67, 61, 115, 133, 130, 93, 85, 129, 76, 128, 31, 94, 74, 127, 89, 126, 35, 7, 83, 141, 92, 124, 123, 125, 142, 117, 102, 30, 110, 108, 15, 111, 119, 107, 114, 40, 42, 143, 131, 132, 54, 64, 50, 75, 53, 90, 55, 77, 27, 41, 29, 8, 43, 121, 106, 120, 101, 9, 97, 16, 11, 100, 98, 96, 25, 63, 104, 95, 87, 103, 88, 70, 91, 69, 79, 80, 72, 86, 82, 81, 73, 66, 65, 47, 68, 60, 59, 44, 84, 24, 62, 57, 6, 1, 2, 0, 52, 51, 46, 49, 45, 56, 38, 23, 39, 34, 33, 21, 37, 20, 19, 5, 22, 4, 3]",True,563985954,0.563985954,"[68, 60, 59, 44, 62, 84, 24, 57, 6, 1, 2, 0, 52, 51, 46, 49, 45, 56, 38, 23, 39, 34, 33, 21, 37, 20, 19, 5, 22, 4, 3]","[3, 4, 22, 5, 19, 20, 37, 21, 33, 34, 39, 23, 38, 56, 45, 49, 46, 51, 52, 0, 2, 1, 6, 57, 24, 84, 62, 44, 59, 60, 68]",False,complete,31,31,315,0,154,0,154,186,32,0,0,lowest_first,True,2,39,11,39,12,12,11,13
5,240512,61,120,29,"[7, 8, 9, 10, 11, 12, 13, 14, 15, 16, 17, 18, 25, 26, 27, 28, 29, 30, 31, 32, 35, 36, 40, 41, 42, 43, 47, 48, 50, 53, 54, 55, 58, 60, 61, 63, 64, 65, 66, 67, 68, 69, 70, 71, 72, 73, 74, 75, 76, 77, 78, 79, 80, 81, 82, 83, 85, 86, 87, 88, 89, 90, 91, 92, 93, 94, 95, 96, 97, 98, 99, 100, 101, 102, 103, 104, 105, 106, 107, 108, 109, 110, 111, 112, 114, 115, 116, 117, 118, 119, 120, 121, 122, 123, 124, 125, 126, 127, 128, 129, 130, 131, 132, 133, 134, 135, 136, 137, 138, 139, 140, 141, 142, 143, 144, 145, 146, 147, 148, 149]","[0, 1, 2, 3, 4, 5, 6, 19, 20, 21, 22, 23, 24, 33, 34, 37, 38, 39, 44, 45, 46, 49, 51, 52, 56, 57, 59, 62, 84]","{""support_1"": 84, ""support_2"": 62}","[62, 84]",2,"[122, 17, 18, 32, 137, 138, 139, 140, 13, 14, 118, 116, 136, 112, 36, 135, 26, 28, 105, 99, 144, 10, 148, 145, 149, 147, 146, 12, 58, 71, 134, 109, 48, 78, 67, 61, 115, 133, 130, 93, 85, 129, 76, 128, 31, 94, 74, 127, 89, 126, 35, 7, 83, 141, 92, 124, 123, 125, 142, 117, 102, 30, 110, 108, 15, 111, 119, 107, 114, 40, 42, 143, 131, 132, 54, 64, 50, 75, 53, 90, 55, 77, 27, 41, 29, 8, 43, 121, 106, 120, 101, 9, 97, 16, 11, 100, 98, 96, 25, 63, 104, 95, 87, 103, 88, 70, 91, 69, 79, 80, 72, 86, 82, 81, 73, 66, 65, 47, 68, 60, 59, 44, 84, 24, 62, 57, 6, 1, 2, 0, 52, 51, 46, 49, 45, 56, 38, 23, 39, 34, 33, 21, 37, 20, 19, 5, 22, 4, 3]",True,443116413,0.443116413,"[59, 44, 62, 84, 24, 57, 6, 1, 2, 0, 52, 51, 46, 49, 45, 56, 38, 23, 39, 34, 33, 21, 37, 20, 19, 5, 22, 4, 3]","[3, 4, 22, 5, 19, 20, 37, 21, 33, 34, 39, 23, 38, 56, 45, 49, 46, 51, 52, 0, 2, 1, 6, 57, 24, 84, 62, 44, 59]",False,complete,29,29,285,0,133,0,133,164,31,0,0,lowest_first,True,2,35,10,35,12,12,10,12
5,240513,62,122,27,"[7, 8, 9, 10, 11, 12, 13, 14, 15, 16, 17, 18, 25, 26, 27, 28, 29, 30, 31, 32, 35, 36, 40, 41, 42, 43, 44, 47, 48, 50, 53, 54, 55, 58, 59, 60, 61, 63, 64, 65, 66, 67, 68, 69, 70, 71, 72, 73, 74, 75, 76, 77, 78, 79, 80, 81, 82, 83, 85, 86, 87, 88, 89, 90, 91, 92, 93, 94, 95, 96, 97, 98, 99, 100, 101, 102, 103, 104, 105, 106, 107, 108, 109, 110, 111, 112, 114, 115, 116, 117, 118, 119, 120, 121, 122, 123, 124, 125, 126, 127, 128, 129, 130, 131, 132, 133, 134, 135, 136, 137, 138, 139, 140, 141, 142, 143, 144, 145, 146, 147, 148, 149]","[0, 1, 2, 3, 4, 5, 6, 19, 20, 21, 22, 23, 24, 33, 34, 37, 38, 39, 45, 46, 49, 51, 52, 56, 57, 62, 84]","{""support_1"": 84, ""support_2"": 62}","[62, 84]",2,"[122, 17, 18, 32, 137, 138, 139, 140, 13, 14, 118, 116, 136, 112, 36, 135, 26, 28, 105, 99, 144, 10, 148, 145, 149, 147, 146, 12, 58, 71, 134, 109, 48, 78, 67, 61, 115, 133, 130, 93, 85, 129, 76, 128, 31, 94, 74, 127, 89, 126, 35, 7, 83, 141, 92, 124, 123, 125, 142, 117, 102, 30, 110, 108, 15, 111, 119, 107, 114, 40, 42, 143, 131, 132, 54, 64, 50, 75, 53, 90, 55, 77, 27, 41, 29, 8, 43, 121, 106, 120, 101, 9, 97, 16, 11, 100, 98, 96, 25, 63, 104, 95, 87, 103, 88, 70, 91, 69, 79, 80, 72, 86, 82, 81, 73, 66, 65, 47, 68, 60, 59, 44, 84, 24, 62, 57, 6, 1, 2, 0, 52, 51, 46, 49, 45, 56, 38, 23, 39, 34, 33, 21, 37, 20, 19, 5, 22, 4, 3]",True,403248175,0.403248175,"[84, 24, 62, 57, 6, 1, 2, 0, 52, 51, 46, 49, 45, 56, 38, 23, 39, 34, 33, 21, 37, 20, 19, 5, 22, 4, 3]","[3, 4, 22, 5, 19, 20, 37, 21, 33, 34, 39, 23, 38, 56, 45, 49, 46, 51, 52, 0, 2, 1, 6, 57, 62, 24, 84]",True,complete,27,27,262,0,120,0,120,151,31,0,0,lowest_first,True,2,30,10,30,11,11,10,12
5,240514,63,124,25,"[7, 8, 9, 10, 11, 12, 13, 14, 15, 16, 17, 18, 24, 25, 26, 27, 28, 29, 30, 31, 32, 35, 36, 40, 41, 42, 43, 44, 47, 48, 50, 53, 54, 55, 58, 59, 60, 61, 63, 64, 65, 66, 67, 68, 69, 70, 71, 72, 73, 74, 75, 76, 77, 78, 79, 80, 81, 82, 83, 84, 85, 86, 87, 88, 89, 90, 91, 92, 93, 94, 95, 96, 97, 98, 99, 100, 101, 102, 103, 104, 105, 106, 107, 108, 109, 110, 111, 112, 114, 115, 116, 117, 118, 119, 120, 121, 122, 123, 124, 125, 126, 127, 128, 129, 130, 131, 132, 133, 134, 135, 136, 137, 138, 139, 140, 141, 142, 143, 144, 145, 146, 147, 148, 149]","[0, 1, 2, 3, 4, 5, 6, 19, 20, 21, 22, 23, 33, 34, 37, 38, 39, 45, 46, 49, 51, 52, 56, 57, 62]","{""support_2"": 62}",[62],1,"[122, 17, 18, 32, 137, 138, 139, 140, 13, 14, 118, 116, 136, 112, 36, 135, 26, 28, 105, 99, 144, 10, 148, 145, 149, 147, 146, 12, 58, 71, 134, 109, 48, 78, 67, 61, 115, 133, 130, 93, 85, 129, 76, 128, 31, 94, 74, 127, 89, 126, 35, 7, 83, 141, 92, 124, 123, 125, 142, 117, 102, 30, 110, 108, 15, 111, 119, 107, 114, 40, 42, 143, 131, 132, 54, 64, 50, 75, 53, 90, 55, 77, 27, 41, 29, 8, 43, 121, 106, 120, 101, 9, 97, 16, 11, 100, 98, 96, 25, 63, 104, 95, 87, 103, 88, 70, 91, 69, 79, 80, 72, 86, 82, 81, 73, 66, 65, 47, 68, 60, 59, 44, 84, 24, 62, 57, 6, 1, 2, 0, 52, 51, 46, 49, 45, 56, 38, 23, 39, 34, 33, 21, 37, 20, 19, 5, 22, 4, 3]",True,326063844,0.326063844,"[62, 57, 6, 1, 2, 0, 52, 51, 46, 49, 45, 56, 38, 23, 39, 34, 33, 21, 37, 20, 19, 5, 22, 4, 3]","[3, 4, 22, 5, 19, 20, 37, 21, 33, 34, 39, 23, 38, 56, 45, 49, 46, 51, 52, 0, 2, 1, 6, 57, 62]",True,complete,25,25,238,0,106,0,106,137,31,0,0,lowest_first,True,2,27,9,27,9,9,9,10
5,240515,64,126,23,"[7, 8, 9, 10, 11, 12, 13, 14, 15, 16, 17, 18, 24, 25, 26, 27, 28, 29, 30, 31, 32, 35, 36, 40, 41, 42, 43, 44, 47, 48, 50, 53, 54, 55, 57, 58, 59, 60, 61, 62, 63, 64, 65, 66, 67, 68, 69, 70, 71, 72, 73, 74, 75, 76, 77, 78, 79, 80, 81, 82, 83, 84, 85, 86, 87, 88, 89, 90, 91, 92, 93, 94, 95, 96, 97, 98, 99, 100, 101, 102, 103, 104, 105, 106, 107, 108, 109, 110, 111, 112, 114, 115, 116, 117, 118, 119, 120, 121, 122, 123, 124, 125, 126, 127, 128, 129, 130, 131, 132, 133, 134, 135, 136, 137, 138, 139, 140, 141, 142, 143, 144, 145, 146, 147, 148, 149]","[0, 1, 2, 3, 4, 5, 6, 19, 20, 21, 22, 23, 33, 34, 37, 38, 39, 45, 46, 49, 51, 52, 56]","{""support_1"": 56}",[56],1,"[122, 17, 18, 32, 137, 138, 139, 140, 13, 14, 118, 116, 136, 112, 36, 135, 26, 28, 105, 99, 144, 10, 148, 145, 149, 147, 146, 12, 58, 71, 134, 109, 48, 78, 67, 61, 115, 133, 130, 93, 85, 129, 76, 128, 31, 94, 74, 127, 89, 126, 35, 7, 83, 141, 92, 124, 123, 125, 142, 117, 102, 30, 110, 108, 15, 111, 119, 107, 114, 40, 42, 143, 131, 132, 54, 64, 50, 75, 53, 90, 55, 77, 27, 41, 29, 8, 43, 121, 106, 120, 101, 9, 97, 16, 11, 100, 98, 96, 25, 63, 104, 95, 87, 103, 88, 70, 91, 69, 79, 80, 72, 86, 82, 81, 73, 66, 65, 47, 68, 60, 59, 44, 84, 24, 62, 57, 6, 1, 2, 0, 52, 51, 46, 49, 45, 56, 38, 23, 39, 34, 33, 21, 37, 20, 19, 5, 22, 4, 3]",True,228088991,0.228088991,"[6, 1, 2, 0, 52, 51, 46, 49, 45, 56, 38, 23, 39, 34, 33, 21, 37, 20, 19, 5, 22, 4, 3]","[3, 4, 22, 5, 19, 20, 37, 21, 33, 34, 39, 23, 38, 56, 45, 49, 46, 51, 52, 0, 2, 1, 6]",True,complete,23,23,198,0,81,0,81,109,28,0,0,lowest_first,True,2,25,7,25,8,8,7,8
5,240516,65,128,21,"[1, 6, 7, 8, 9, 10, 11, 12, 13, 14, 15, 16, 17, 18, 24, 25, 26, 27, 28, 29, 30, 31, 32, 35, 36, 40, 41, 42, 43, 44, 47, 48, 50, 53, 54, 55, 57, 58, 59, 60, 61, 62, 63, 64, 65, 66, 67, 68, 69, 70, 71, 72, 73, 74, 75, 76, 77, 78, 79, 80, 81, 82, 83, 84, 85, 86, 87, 88, 89, 90, 91, 92, 93, 94, 95, 96, 97, 98, 99, 100, 101, 102, 103, 104, 105, 106, 107, 108, 109, 110, 111, 112, 114, 115, 116, 117, 118, 119, 120, 121, 122, 123, 124, 125, 126, 127, 128, 129, 130, 131, 132, 133, 134, 135, 136, 137, 138, 139, 140, 141, 142, 143, 144, 145, 146, 147, 148, 149]","[0, 2, 3, 4, 5, 19, 20, 21, 22, 23, 33, 34, 37, 38, 39, 45, 46, 49, 51, 52, 56]","{""support_1"": 56, ""support_2"": 2}","[2, 56]",2,"[122, 17, 18, 32, 137, 138, 139, 140, 13, 14, 118, 116, 136, 112, 36, 135, 26, 28, 105, 99, 144, 10, 148, 145, 149, 147, 146, 12, 58, 71, 134, 109, 48, 78, 67, 61, 115, 133, 130, 93, 85, 129, 76, 128, 31, 94, 74, 127, 89, 126, 35, 7, 83, 141, 92, 124, 123, 125, 142, 117, 102, 30, 110, 108, 15, 111, 119, 107, 114, 40, 42, 143, 131, 132, 54, 64, 50, 75, 53, 90, 55, 77, 27, 41, 29, 8, 43, 121, 106, 120, 101, 9, 97, 16, 11, 100, 98, 96, 25, 63, 104, 95, 87, 103, 88, 70, 91, 69, 79, 80, 72, 86, 82, 81, 73, 66, 65, 47, 68, 60, 59, 44, 84, 24, 62, 57, 6, 1, 2, 0, 52, 51, 46, 49, 45, 56, 38, 23, 39, 34, 33, 21, 37, 20, 19, 5, 22, 4, 3]",True,174254558,0.174254558,"[2, 0, 52, 51, 46, 49, 45, 56, 38, 23, 39, 34, 33, 21, 37, 20, 19, 5, 22, 4, 3]","[3, 4, 22, 5, 19, 20, 37, 21, 33, 34, 39, 23, 38, 56, 45, 49, 46, 51, 52, 0, 2]",True,complete,21,21,167,0,69,0,69,87,18,0,0,lowest_first,True,2,21,6,21,7,7,6,8
5,240517,66,130,19,"[0, 1, 2, 6, 7, 8, 9, 10, 11, 12, 13, 14, 15, 16, 17, 18, 24, 25, 26, 27, 28, 29, 30, 31, 32, 35, 36, 40, 41, 42, 43, 44, 47, 48, 50, 53, 54, 55, 57, 58, 59, 60, 61, 62, 63, 64, 65, 66, 67, 68, 69, 70, 71, 72, 73, 74, 75, 76, 77, 78, 79, 80, 81, 82, 83, 84, 85, 86, 87, 88, 89, 90, 91, 92, 93, 94, 95, 96, 97, 98, 99, 100, 101, 102, 103, 104, 105, 106, 107, 108, 109, 110, 111, 112, 114, 115, 116, 117, 118, 119, 120, 121, 122, 123, 124, 125, 126, 127, 128, 129, 130, 131, 132, 133, 134, 135, 136, 137, 138, 139, 140, 141, 142, 143, 144, 145, 146, 147, 148, 149]","[3, 4, 5, 19, 20, 21, 22, 23, 33, 34, 37, 38, 39, 45, 46, 49, 51, 52, 56]","{""support_1"": 56}",[56],1,"[122, 17, 18, 32, 137, 138, 139, 140, 13, 14, 118, 116, 136, 112, 36, 135, 26, 28, 105, 99, 144, 10, 148, 145, 149, 147, 146, 12, 58, 71, 134, 109, 48, 78, 67, 61, 115, 133, 130, 93, 85, 129, 76, 128, 31, 94, 74, 127, 89, 126, 35, 7, 83, 141, 92, 124, 123, 125, 142, 117, 102, 30, 110, 108, 15, 111, 119, 107, 114, 40, 42, 143, 131, 132, 54, 64, 50, 75, 53, 90, 55, 77, 27, 41, 29, 8, 43, 121, 106, 120, 101, 9, 97, 16, 11, 100, 98, 96, 25, 63, 104, 95, 87, 103, 88, 70, 91, 69, 79, 80, 72, 86, 82, 81, 73, 66, 65, 47, 68, 60, 59, 44, 84, 24, 62, 57, 6, 1, 2, 0, 52, 51, 46, 49, 45, 56, 38, 23, 39, 34, 33, 21, 37, 20, 19, 5, 22, 4, 3]",True,157630595,0.157630595,"[52, 51, 46, 49, 45, 56, 38, 23, 39, 34, 33, 21, 37, 20, 19, 5, 22, 4, 3]","[3, 4, 22, 5, 19, 20, 37, 21, 33, 34, 39, 23, 38, 56, 45, 49, 46, 51, 52]",True,complete,19,19,139,0,64,0,64,82,18,0,0,lowest_first,True,2,19,6,19,7,7,6,7
5,240518,67,132,17,"[0, 1, 2, 6, 7, 8, 9, 10, 11, 12, 13, 14, 15, 16, 17, 18, 24, 25, 26, 27, 28, 29, 30, 31, 32, 35, 36, 40, 41, 42, 43, 44, 47, 48, 50, 51, 52, 53, 54, 55, 57, 58, 59, 60, 61, 62, 63, 64, 65, 66, 67, 68, 69, 70, 71, 72, 73, 74, 75, 76, 77, 78, 79, 80, 81, 82, 83, 84, 85, 86, 87, 88, 89, 90, 91, 92, 93, 94, 95, 96, 97, 98, 99, 100, 101, 102, 103, 104, 105, 106, 107, 108, 109, 110, 111, 112, 114, 115, 116, 117, 118, 119, 120, 121, 122, 123, 124, 125, 126, 127, 128, 129, 130, 131, 132, 133, 134, 135, 136, 137, 138, 139, 140, 141, 142, 143, 144, 145, 146, 147, 148, 149]","[3, 4, 5, 19, 20, 21, 22, 23, 33, 34, 37, 38, 39, 45, 46, 49, 56]","{""support_1"": 56, ""support_2"": 46}","[46, 56]",2,"[122, 17, 18, 32, 137, 138, 139, 140, 13, 14, 118, 116, 136, 112, 36, 135, 26, 28, 105, 99, 144, 10, 148, 145, 149, 147, 146, 12, 58, 71, 134, 109, 48, 78, 67, 61, 115, 133, 130, 93, 85, 129, 76, 128, 31, 94, 74, 127, 89, 126, 35, 7, 83, 141, 92, 124, 123, 125, 142, 117, 102, 30, 110, 108, 15, 111, 119, 107, 114, 40, 42, 143, 131, 132, 54, 64, 50, 75, 53, 90, 55, 77, 27, 41, 29, 8, 43, 121, 106, 120, 101, 9, 97, 16, 11, 100, 98, 96, 25, 63, 104, 95, 87, 103, 88, 70, 91, 69, 79, 80, 72, 86, 82, 81, 73, 66, 65, 47, 68, 60, 59, 44, 84, 24, 62, 57, 6, 1, 2, 0, 52, 51, 46, 49, 45, 56, 38, 23, 39, 34, 33, 21, 37, 20, 19, 5, 22, 4, 3]",True,113853307,0.113853307,"[46, 49, 45, 56, 38, 23, 39, 34, 33, 21, 37, 20, 19, 5, 22, 4, 3]","[3, 4, 22, 5, 19, 20, 37, 21, 33, 34, 39, 23, 38, 56, 45, 49, 46]",True,complete,17,17,113,0,52,0,52,60,8,0,0,lowest_first,True,1,15,5,15,6,6,5,7
5,240519,68,134,15,"[0, 1, 2, 6, 7, 8, 9, 10, 11, 12, 13, 14, 15, 16, 17, 18, 24, 25, 26, 27, 28, 29, 30, 31, 32, 35, 36, 40, 41, 42, 43, 44, 46, 47, 48, 49, 50, 51, 52, 53, 54, 55, 57, 58, 59, 60, 61, 62, 63, 64, 65, 66, 67, 68, 69, 70, 71, 72, 73, 74, 75, 76, 77, 78, 79, 80, 81, 82, 83, 84, 85, 86, 87, 88, 89, 90, 91, 92, 93, 94, 95, 96, 97, 98, 99, 100, 101, 102, 103, 104, 105, 106, 107, 108, 109, 110, 111, 112, 114, 115, 116, 117, 118, 119, 120, 121, 122, 123, 124, 125, 126, 127, 128, 129, 130, 131, 132, 133, 134, 135, 136, 137, 138, 139, 140, 141, 142, 143, 144, 145, 146, 147, 148, 149]","[3, 4, 5, 19, 20, 21, 22, 23, 33, 34, 37, 38, 39, 45, 56]","{""support_1"": 56}",[56],1,"[122, 17, 18, 32, 137, 138, 139, 140, 13, 14, 118, 116, 136, 112, 36, 135, 26, 28, 105, 99, 144, 10, 148, 145, 149, 147, 146, 12, 58, 71, 134, 109, 48, 78, 67, 61, 115, 133, 130, 93, 85, 129, 76, 128, 31, 94, 74, 127, 89, 126, 35, 7, 83, 141, 92, 124, 123, 125, 142, 117, 102, 30, 110, 108, 15, 111, 119, 107, 114, 40, 42, 143, 131, 132, 54, 64, 50, 75, 53, 90, 55, 77, 27, 41, 29, 8, 43, 121, 106, 120, 101, 9, 97, 16, 11, 100, 98, 96, 25, 63, 104, 95, 87, 103, 88, 70, 91, 69, 79, 80, 72, 86, 82, 81, 73, 66, 65, 47, 68, 60, 59, 44, 84, 24, 62, 57, 6, 1, 2, 0, 52, 51, 46, 49, 45, 56, 38, 23, 39, 34, 33, 21, 37, 20, 19, 5, 22, 4, 3]",True,104130794,0.104130794,"[45, 56, 38, 23, 39, 34, 33, 21, 37, 20, 19, 5, 22, 4, 3]","[3, 4, 22, 5, 19, 20, 37, 21, 33, 34, 39, 23, 38, 56, 45]",True,complete,15,15,91,0,49,0,49,57,8,0,0,lowest_first,True,1,13,5,13,6,6,5,6
5,240520,69,136,13,"[0, 1, 2, 6, 7, 8, 9, 10, 11, 12, 13, 14, 15, 16, 17, 18, 24, 25, 26, 27, 28, 29, 30, 31, 32, 35, 36, 40, 41, 42, 43, 44, 45, 46, 47, 48, 49, 50, 51, 52, 53, 54, 55, 56, 57, 58, 59, 60, 61, 62, 63, 64, 65, 66, 67, 68, 69, 70, 71, 72, 73, 74, 75, 76, 77, 78, 79, 80, 81, 82, 83, 84, 85, 86, 87, 88, 89, 90, 91, 92, 93, 94, 95, 96, 97, 98, 99, 100, 101, 102, 103, 104, 105, 106, 107, 108, 109, 110, 111, 112, 114, 115, 116, 117, 118, 119, 120, 121, 122, 123, 124, 125, 126, 127, 128, 129, 130, 131, 132, 133, 134, 135, 136, 137, 138, 139, 140, 141, 142, 143, 144, 145, 146, 147, 148, 149]","[3, 4, 5, 19, 20, 21, 22, 23, 33, 34, 37, 38, 39]","{""support_1"": 38}",[38],1,"[122, 17, 18, 32, 137, 138, 139, 140, 13, 14, 118, 116, 136, 112, 36, 135, 26, 28, 105, 99, 144, 10, 148, 145, 149, 147, 146, 12, 58, 71, 134, 109, 48, 78, 67, 61, 115, 133, 130, 93, 85, 129, 76, 128, 31, 94, 74, 127, 89, 126, 35, 7, 83, 141, 92, 124, 123, 125, 142, 117, 102, 30, 110, 108, 15, 111, 119, 107, 114, 40, 42, 143, 131, 132, 54, 64, 50, 75, 53, 90, 55, 77, 27, 41, 29, 8, 43, 121, 106, 120, 101, 9, 97, 16, 11, 100, 98, 96, 25, 63, 104, 95, 87, 103, 88, 70, 91, 69, 79, 80, 72, 86, 82, 81, 73, 66, 65, 47, 68, 60, 59, 44, 84, 24, 62, 57, 6, 1, 2, 0, 52, 51, 46, 49, 45, 56, 38, 23, 39, 34, 33, 21, 37, 20, 19, 5, 22, 4, 3]",True,78270207,0.078270207,"[38, 23, 39, 34, 33, 21, 37, 20, 19, 5, 22, 4, 3]","[3, 4, 22, 5, 19, 20, 37, 21, 33, 34, 39, 23, 38]",True,complete,13,13,70,0,39,0,39,44,5,0,0,lowest_first,True,1,11,4,11,4,4,4,5
5,240521,70,138,11,"[0, 1, 2, 6, 7, 8, 9, 10, 11, 12, 13, 14, 15, 16, 17, 18, 23, 24, 25, 26, 27, 28, 29, 30, 31, 32, 35, 36, 38, 40, 41, 42, 43, 44, 45, 46, 47, 48, 49, 50, 51, 52, 53, 54, 55, 56, 57, 58, 59, 60, 61, 62, 63, 64, 65, 66, 67, 68, 69, 70, 71, 72, 73, 74, 75, 76, 77, 78, 79, 80, 81, 82, 83, 84, 85, 86, 87, 88, 89, 90, 91, 92, 93, 94, 95, 96, 97, 98, 99, 100, 101, 102, 103, 104, 105, 106, 107, 108, 109, 110, 111, 112, 114, 115, 116, 117, 118, 119, 120, 121, 122, 123, 124, 125, 126, 127, 128, 129, 130, 131, 132, 133, 134, 135, 136, 137, 138, 139, 140, 141, 142, 143, 144, 145, 146, 147, 148, 149]","[3, 4, 5, 19, 20, 21, 22, 33, 34, 37, 39]","{""support_1"": 39}",[39],1,"[122, 17, 18, 32, 137, 138, 139, 140, 13, 14, 118, 116, 136, 112, 36, 135, 26, 28, 105, 99, 144, 10, 148, 145, 149, 147, 146, 12, 58, 71, 134, 109, 48, 78, 67, 61, 115, 133, 130, 93, 85, 129, 76, 128, 31, 94, 74, 127, 89, 126, 35, 7, 83, 141, 92, 124, 123, 125, 142, 117, 102, 30, 110, 108, 15, 111, 119, 107, 114, 40, 42, 143, 131, 132, 54, 64, 50, 75, 53, 90, 55, 77, 27, 41, 29, 8, 43, 121, 106, 120, 101, 9, 97, 16, 11, 100, 98, 96, 25, 63, 104, 95, 87, 103, 88, 70, 91, 69, 79, 80, 72, 86, 82, 81, 73, 66, 65, 47, 68, 60, 59, 44, 84, 24, 62, 57, 6, 1, 2, 0, 52, 51, 46, 49, 45, 56, 38, 23, 39, 34, 33, 21, 37, 20, 19, 5, 22, 4, 3]",True,50930231,0.050930231,"[39, 34, 33, 21, 37, 20, 19, 5, 22, 4, 3]","[3, 4, 22, 5, 19, 20, 37, 21, 33, 34, 39]",True,complete,11,11,51,0,29,0,29,34,5,0,0,lowest_first,True,1,9,3,9,3,3,3,4
5,240522,71,140,9,"[0, 1, 2, 6, 7, 8, 9, 10, 11, 12, 13, 14, 15, 16, 17, 18, 23, 24, 25, 26, 27, 28, 29, 30, 31, 32, 34, 35, 36, 38, 39, 40, 41, 42, 43, 44, 45, 46, 47, 48, 49, 50, 51, 52, 53, 54, 55, 56, 57, 58, 59, 60, 61, 62, 63, 64, 65, 66, 67, 68, 69, 70, 71, 72, 73, 74, 75, 76, 77, 78, 79, 80, 81, 82, 83, 84, 85, 86, 87, 88, 89, 90, 91, 92, 93, 94, 95, 96, 97, 98, 99, 100, 101, 102, 103, 104, 105, 106, 107, 108, 109, 110, 111, 112, 114, 115, 116, 117, 118, 119, 120, 121, 122, 123, 124, 125, 126, 127, 128, 129, 130, 131, 132, 133, 134, 135, 136, 137, 138, 139, 140, 141, 142, 143, 144, 145, 146, 147, 148, 149]","[3, 4, 5, 19, 20, 21, 22, 33, 37]","{""support_1"": 37}",[37],1,"[122, 17, 18, 32, 137, 138, 139, 140, 13, 14, 118, 116, 136, 112, 36, 135, 26, 28, 105, 99, 144, 10, 148, 145, 149, 147, 146, 12, 58, 71, 134, 109, 48, 78, 67, 61, 115, 133, 130, 93, 85, 129, 76, 128, 31, 94, 74, 127, 89, 126, 35, 7, 83, 141, 92, 124, 123, 125, 142, 117, 102, 30, 110, 108, 15, 111, 119, 107, 114, 40, 42, 143, 131, 132, 54, 64, 50, 75, 53, 90, 55, 77, 27, 41, 29, 8, 43, 121, 106, 120, 101, 9, 97, 16, 11, 100, 98, 96, 25, 63, 104, 95, 87, 103, 88, 70, 91, 69, 79, 80, 72, 86, 82, 81, 73, 66, 65, 47, 68, 60, 59, 44, 84, 24, 62, 57, 6, 1, 2, 0, 52, 51, 46, 49, 45, 56, 38, 23, 39, 34, 33, 21, 37, 20, 19, 5, 22, 4, 3]",True,29881894,0.029881894,"[33, 21, 37, 20, 19, 5, 22, 4, 3]","[3, 4, 22, 5, 19, 20, 37, 21, 33]",True,complete,9,9,35,0,20,0,20,22,2,0,0,lowest_first,True,1,7,2,7,3,3,2,3
5,240523,72,142,7,"[0, 1, 2, 6, 7, 8, 9, 10, 11, 12, 13, 14, 15, 16, 17, 18, 21, 23, 24, 25, 26, 27, 28, 29, 30, 31, 32, 33, 34, 35, 36, 38, 39, 40, 41, 42, 43, 44, 45, 46, 47, 48, 49, 50, 51, 52, 53, 54, 55, 56, 57, 58, 59, 60, 61, 62, 63, 64, 65, 66, 67, 68, 69, 70, 71, 72, 73, 74, 75, 76, 77, 78, 79, 80, 81, 82, 83, 84, 85, 86, 87, 88, 89, 90, 91, 92, 93, 94, 95, 96, 97, 98, 99, 100, 101, 102, 103, 104, 105, 106, 107, 108, 109, 110, 111, 112, 114, 115, 116, 117, 118, 119, 120, 121, 122, 123, 124, 125, 126, 127, 128, 129, 130, 131, 132, 133, 134, 135, 136, 137, 138, 139, 140, 141, 142, 143, 144, 145, 146, 147, 148, 149]","[3, 4, 5, 19, 20, 22, 37]","{""support_1"": 37}",[37],1,"[122, 17, 18, 32, 137, 138, 139, 140, 13, 14, 118, 116, 136, 112, 36, 135, 26, 28, 105, 99, 144, 10, 148, 145, 149, 147, 146, 12, 58, 71, 134, 109, 48, 78, 67, 61, 115, 133, 130, 93, 85, 129, 76, 128, 31, 94, 74, 127, 89, 126, 35, 7, 83, 141, 92, 124, 123, 125, 142, 117, 102, 30, 110, 108, 15, 111, 119, 107, 114, 40, 42, 143, 131, 132, 54, 64, 50, 75, 53, 90, 55, 77, 27, 41, 29, 8, 43, 121, 106, 120, 101, 9, 97, 16, 11, 100, 98, 96, 25, 63, 104, 95, 87, 103, 88, 70, 91, 69, 79, 80, 72, 86, 82, 81, 73, 66, 65, 47, 68, 60, 59, 44, 84, 24, 62, 57, 6, 1, 2, 0, 52, 51, 46, 49, 45, 56, 38, 23, 39, 34, 33, 21, 37, 20, 19, 5, 22, 4, 3]",True,20947714,0.020947714,"[37, 20, 19, 5, 22, 4, 3]","[3, 4, 22, 5, 19, 20, 37]",True,complete,7,7,22,0,15,0,15,17,2,0,0,lowest_first,True,1,5,2,5,2,2,2,3
5,240524,73,144,5,"[0, 1, 2, 6, 7, 8, 9, 10, 11, 12, 13, 14, 15, 16, 17, 18, 20, 21, 23, 24, 25, 26, 27, 28, 29, 30, 31, 32, 33, 34, 35, 36, 37, 38, 39, 40, 41, 42, 43, 44, 45, 46, 47, 48, 49, 50, 51, 52, 53, 54, 55, 56, 57, 58, 59, 60, 61, 62, 63, 64, 65, 66, 67, 68, 69, 70, 71, 72, 73, 74, 75, 76, 77, 78, 79, 80, 81, 82, 83, 84, 85, 86, 87, 88, 89, 90, 91, 92, 93, 94, 95, 96, 97, 98, 99, 100, 101, 102, 103, 104, 105, 106, 107, 108, 109, 110, 111, 112, 114, 115, 116, 117, 118, 119, 120, 121, 122, 123, 124, 125, 126, 127, 128, 129, 130, 131, 132, 133, 134, 135, 136, 137, 138, 139, 140, 141, 142, 143, 144, 145, 146, 147, 148, 149]","[3, 4, 5, 19, 22]","{""support_1"": 22}",[22],1,"[122, 17, 18, 32, 137, 138, 139, 140, 13, 14, 118, 116, 136, 112, 36, 135, 26, 28, 105, 99, 144, 10, 148, 145, 149, 147, 146, 12, 58, 71, 134, 109, 48, 78, 67, 61, 115, 133, 130, 93, 85, 129, 76, 128, 31, 94, 74, 127, 89, 126, 35, 7, 83, 141, 92, 124, 123, 125, 142, 117, 102, 30, 110, 108, 15, 111, 119, 107, 114, 40, 42, 143, 131, 132, 54, 64, 50, 75, 53, 90, 55, 77, 27, 41, 29, 8, 43, 121, 106, 120, 101, 9, 97, 16, 11, 100, 98, 96, 25, 63, 104, 95, 87, 103, 88, 70, 91, 69, 79, 80, 72, 86, 82, 81, 73, 66, 65, 47, 68, 60, 59, 44, 84, 24, 62, 57, 6, 1, 2, 0, 52, 51, 46, 49, 45, 56, 38, 23, 39, 34, 33, 21, 37, 20, 19, 5, 22, 4, 3]",True,11444721,0.011444721,"[19, 5, 22, 4, 3]","[3, 4, 22, 5, 19]",True,complete,5,5,11,0,10,0,10,10,0,0,0,lowest_first,True,1,3,1,3,2,2,1,2
5,240525,74,146,3,"[0, 1, 2, 5, 6, 7, 8, 9, 10, 11, 12, 13, 14, 15, 16, 17, 18, 19, 20, 21, 23, 24, 25, 26, 27, 28, 29, 30, 31, 32, 33, 34, 35, 36, 37, 38, 39, 40, 41, 42, 43, 44, 45, 46, 47, 48, 49, 50, 51, 52, 53, 54, 55, 56, 57, 58, 59, 60, 61, 62, 63, 64, 65, 66, 67, 68, 69, 70, 71, 72, 73, 74, 75, 76, 77, 78, 79, 80, 81, 82, 83, 84, 85, 86, 87, 88, 89, 90, 91, 92, 93, 94, 95, 96, 97, 98, 99, 100, 101, 102, 103, 104, 105, 106, 107, 108, 109, 110, 111, 112, 114, 115, 116, 117, 118, 119, 120, 121, 122, 123, 124, 125, 126, 127, 128, 129, 130, 131, 132, 133, 134, 135, 136, 137, 138, 139, 140, 141, 142, 143, 144, 145, 146, 147, 148, 149]","[3, 4, 22]","{""support_1"": 22}",[22],1,"[122, 17, 18, 32, 137, 138, 139, 140, 13, 14, 118, 116, 136, 112, 36, 135, 26, 28, 105, 99, 144, 10, 148, 145, 149, 147, 146, 12, 58, 71, 134, 109, 48, 78, 67, 61, 115, 133, 130, 93, 85, 129, 76, 128, 31, 94, 74, 127, 89, 126, 35, 7, 83, 141, 92, 124, 123, 125, 142, 117, 102, 30, 110, 108, 15, 111, 119, 107, 114, 40, 42, 143, 131, 132, 54, 64, 50, 75, 53, 90, 55, 77, 27, 41, 29, 8, 43, 121, 106, 120, 101, 9, 97, 16, 11, 100, 98, 96, 25, 63, 104, 95, 87, 103, 88, 70, 91, 69, 79, 80, 72, 86, 82, 81, 73, 66, 65, 47, 68, 60, 59, 44, 84, 24, 62, 57, 6, 1, 2, 0, 52, 51, 46, 49, 45, 56, 38, 23, 39, 34, 33, 21, 37, 20, 19, 5, 22, 4, 3]",True,6339202,0.006339202,"[22, 4, 3]","[3, 4, 22]",True,complete,3,3,4,0,6,0,6,6,0,0,0,lowest_first,True,1,1,1,1,1,1,1,2
5,240526,75,148,1,"[0, 1, 2, 4, 5, 6, 7, 8, 9, 10, 11, 12, 13, 14, 15, 16, 17, 18, 19, 20, 21, 22, 23, 24, 25, 26, 27, 28, 29, 30, 31, 32, 33, 34, 35, 36, 37, 38, 39, 40, 41, 42, 43, 44, 45, 46, 47, 48, 49, 50, 51, 52, 53, 54, 55, 56, 57, 58, 59, 60, 61, 62, 63, 64, 65, 66, 67, 68, 69, 70, 71, 72, 73, 74, 75, 76, 77, 78, 79, 80, 81, 82, 83, 84, 85, 86, 87, 88, 89, 90, 91, 92, 93, 94, 95, 96, 97, 98, 99, 100, 101, 102, 103, 104, 105, 106, 107, 108, 109, 110, 111, 112, 114, 115, 116, 117, 118, 119, 120, 121, 122, 123, 124, 125, 126, 127, 128, 129, 130, 131, 132, 133, 134, 135, 136, 137, 138, 139, 140, 141, 142, 143, 144, 145, 146, 147, 148, 149]",[3],{},[],0,"[122, 17, 18, 32, 137, 138, 139, 140, 13, 14, 118, 116, 136, 112, 36, 135, 26, 28, 105, 99, 144, 10, 148, 145, 149, 147, 146, 12, 58, 71, 134, 109, 48, 78, 67, 61, 115, 133, 130, 93, 85, 129, 76, 128, 31, 94, 74, 127, 89, 126, 35, 7, 83, 141, 92, 124, 123, 125, 142, 117, 102, 30, 110, 108, 15, 111, 119, 107, 114, 40, 42, 143, 131, 132, 54, 64, 50, 75, 53, 90, 55, 77, 27, 41, 29, 8, 43, 121, 106, 120, 101, 9, 97, 16, 11, 100, 98, 96, 25, 63, 104, 95, 87, 103, 88, 70, 91, 69, 79, 80, 72, 86, 82, 81, 73, 66, 65, 47, 68, 60, 59, 44, 84, 24, 62, 57, 6, 1, 2, 0, 52, 51, 46, 49, 45, 56, 38, 23, 39, 34, 33, 21, 37, 20, 19, 5, 22, 4, 3]",True,740779,0.000740779,[3],[3],True,complete,1,1,1,0,2,0,2,2,0,0,0,lowest_first,True,0,0,0,0,0,0,0,0
