repetition,seed,run_index,removed_prefix_count,included_rod_count,excluded_rods,included_rods,initial_supports,initial_supported_rods,initial_support_count,default_order,success,elapsed_ns,elapsed_s,removal_sequence,assembly_sequence,search_stop_reason,search_expansions,search_attempted_transitions,search_enqueued_candidates,search_backtracks,rigidity_check_calls,rigidity_cache_hits,rigidity_cache_misses,rigidity_cached_entries,peak_supports,support_steps,supported_rod_steps,support_assignment_episodes,supported_rod_episodes,support_additions,support_releases
1,452,1,0,149,[],"[0, 1, 2, 3, 4, 5, 6, 7, 8, 9, 10, 11, 12, 13, 14, 15, 16, 17, 18, 19, 20, 21, 22, 23, 24, 25, 26, 27, 28, 29, 30, 31, 32, 33, 34, 35, 36, 37, 38, 39, 40, 41, 42, 43, 44, 45, 46, 47, 48, 49, 50, 51, 52, 53, 54, 55, 56, 57, 58, 59, 60, 61, 62, 63, 64, 65, 66, 67, 68, 69, 70, 71, 72, 73, 74, 75, 76, 77, 78, 79, 80, 81, 82, 83, 84, 85, 86, 87, 88, 89, 90, 91, 92, 93, 94, 95, 96, 97, 98, 99, 100, 101, 102, 103, 104, 105, 106, 107, 108, 109, 110, 111, 112, 114, 115, 116, 117, 118, 119, 120, 121, 122, 123, 124, 125, 126, 127, 128, 129, 130, 131, 132, 133, 134, 135, 136, 137, 138, 139, 140, 141, 142, 143, 144, 145, 146, 147, 148, 149]",{},[],0,"[133, 109, 70, 90, 124, 21, 135, 149, 98, 41, 145, 74, 122, 147, 132, 105, 93, 137, 36, 61, 75, 44, 121, 125, 92, 84, 5, 68, 57, 140, 146, 35, 139, 118, 64, 32, 144, 128, 78, 129, 27, 123, 67, 58, 130, 100, 50, 71, 94, 136, 134, 112, 142, 56, 127, 111, 18, 131, 86, 141, 54, 37, 55, 47, 29, 15, 43, 40, 16, 148, 91, 53, 2, 17, 77, 8, 89, 76, 85, 26, 31, 119, 66, 126, 138, 73, 69, 117, 79, 72, 80, 46, 65, 28, 48, 34, 52, 51, 49, 63, 60, 38, 62, 59, 83, 33, 39, 103, 104, 14, 45, 42, 106, 87, 88, 97, 82, 81, 99, 96, 120, 101, 102, 95, 114, 116, 115, 110, 9, 108, 13, 143, 107, 7, 10, 1, 12, 0, 6, 11, 30, 25, 20, 23, 4, 24, 19, 22, 3]",True,112957355171,112.957355171,"[133, 109, 70, 90, 124, 21, 135, 149, 98, 41, 145, 74, 122, 147, 132, 105, 93, 137, 36, 61, 75, 44, 121, 125, 92, 84, 5, 68, 57, 140, 146, 35, 139, 118, 64, 32, 144, 128, 78, 129, 27, 123, 67, 58, 130, 100, 50, 71, 94, 136, 134, 112, 142, 56, 127, 111, 18, 131, 86, 141, 54, 37, 55, 47, 29, 15, 43, 40, 16, 148, 91, 53, 2, 17, 77, 8, 89, 76, 85, 26, 31, 119, 66, 126, 138, 73, 69, 117, 79, 72, 80, 46, 65, 28, 48, 34, 52, 51, 49, 63, 60, 38, 62, 59, 83, 33, 39, 103, 104, 14, 45, 42, 106, 87, 88, 97, 82, 81, 99, 96, 120, 101, 102, 95, 114, 116, 115, 110, 9, 108, 13, 143, 107, 7, 10, 1, 12, 0, 6, 11, 30, 25, 20, 23, 4, 24, 19, 22, 3]","[3, 22, 19, 24, 4, 23, 20, 25, 30, 11, 6, 0, 12, 1, 10, 7, 107, 143, 13, 108, 9, 110, 115, 116, 114, 95, 102, 101, 120, 96, 99, 81, 82, 97, 88, 87, 106, 42, 45, 14, 104, 103, 39, 33, 83, 59, 62, 38, 60, 63, 49, 51, 52, 34, 48, 28, 65, 46, 80, 72, 79, 117, 69, 73, 138, 126, 66, 119, 31, 26, 85, 76, 89, 8, 77, 17, 2, 53, 91, 148, 16, 40, 43, 15, 29, 47, 55, 37, 54, 141, 86, 131, 18, 111, 127, 56, 142, 112, 134, 136, 94, 71, 50, 100, 130, 58, 67, 123, 27, 129, 78, 128, 144, 32, 64, 118, 139, 35, 146, 140, 57, 68, 5, 84, 92, 125, 121, 44, 75, 61, 36, 137, 93, 105, 132, 147, 122, 74, 145, 41, 98, 149, 135, 21, 124, 90, 70, 109, 133]",complete,5306,5306,14518,4947,10677,287,10390,2000,2,271,271,32,32,32,32
1,452,2,2,147,"[109, 133]","[0, 1, 2, 3, 4, 5, 6, 7, 8, 9, 10, 11, 12, 13, 14, 15, 16, 17, 18, 19, 20, 21, 22, 23, 24, 25, 26, 27, 28, 29, 30, 31, 32, 33, 34, 35, 36, 37, 38, 39, 40, 41, 42, 43, 44, 45, 46, 47, 48, 49, 50, 51, 52, 53, 54, 55, 56, 57, 58, 59, 60, 61, 62, 63, 64, 65, 66, 67, 68, 69, 70, 71, 72, 73, 74, 75, 76, 77, 78, 79, 80, 81, 82, 83, 84, 85, 86, 87, 88, 89, 90, 91, 92, 93, 94, 95, 96, 97, 98, 99, 100, 101, 102, 103, 104, 105, 106, 107, 108, 110, 111, 112, 114, 115, 116, 117, 118, 119, 120, 121, 122, 123, 124, 125, 126, 127, 128, 129, 130, 131, 132, 134, 135, 136, 137, 138, 139, 140, 141, 142, 143, 144, 145, 146, 147, 148, 149]",{},[],0,"[133, 109, 70, 90, 124, 21, 135, 149, 98, 41, 145, 74, 122, 147, 132, 105, 93, 137, 36, 61, 75, 44, 121, 125, 92, 84, 5, 68, 57, 140, 146, 35, 139, 118, 64, 32, 144, 128, 78, 129, 27, 123, 67, 58, 130, 100, 50, 71, 94, 136, 134, 112, 142, 56, 127, 111, 18, 131, 86, 141, 54, 37, 55, 47, 29, 15, 43, 40, 16, 148, 91, 53, 2, 17, 77, 8, 89, 76, 85, 26, 31, 119, 66, 126, 138, 73, 69, 117, 79, 72, 80, 46, 65, 28, 48, 34, 52, 51, 49, 63, 60, 38, 62, 59, 83, 33, 39, 103, 104, 14, 45, 42, 106, 87, 88, 97, 82, 81, 99, 96, 120, 101, 102, 95, 114, 116, 115, 110, 9, 108, 13, 143, 107, 7, 10, 1, 12, 0, 6, 11, 30, 25, 20, 23, 4, 24, 19, 22, 3]",True,113764612923,113.764612923,"[70, 90, 124, 21, 135, 149, 98, 41, 145, 74, 122, 147, 132, 105, 93, 137, 36, 61, 75, 44, 121, 125, 92, 84, 5, 68, 57, 140, 146, 35, 139, 118, 64, 32, 144, 128, 78, 129, 27, 123, 67, 58, 130, 100, 50, 71, 94, 136, 134, 112, 142, 56, 127, 111, 18, 131, 86, 141, 54, 37, 55, 47, 29, 15, 43, 40, 16, 148, 91, 53, 2, 17, 77, 8, 89, 76, 85, 26, 31, 119, 66, 126, 138, 73, 69, 117, 79, 72, 80, 46, 65, 28, 48, 34, 52, 51, 49, 63, 60, 38, 62, 59, 83, 33, 39, 103, 104, 14, 45, 42, 106, 87, 88, 97, 82, 81, 99, 96, 120, 101, 102, 95, 114, 116, 115, 110, 9, 108, 13, 143, 107, 7, 10, 1, 12, 0, 6, 11, 30, 25, 20, 23, 4, 24, 19, 22, 3]","[3, 22, 19, 24, 4, 23, 20, 25, 30, 11, 6, 0, 12, 1, 10, 7, 107, 143, 13, 108, 9, 110, 115, 116, 114, 95, 102, 101, 120, 96, 99, 81, 82, 97, 88, 87, 106, 42, 45, 14, 104, 103, 39, 33, 83, 59, 62, 38, 60, 63, 49, 51, 52, 34, 48, 28, 65, 46, 80, 72, 79, 117, 69, 73, 138, 126, 66, 119, 31, 26, 85, 76, 89, 8, 77, 17, 2, 53, 91, 148, 16, 40, 43, 15, 29, 47, 55, 37, 54, 141, 86, 131, 18, 111, 127, 56, 142, 112, 134, 136, 94, 71, 50, 100, 130, 58, 67, 123, 27, 129, 78, 128, 144, 32, 64, 118, 139, 35, 146, 140, 57, 68, 5, 84, 92, 125, 121, 44, 75, 61, 36, 137, 93, 105, 132, 147, 122, 74, 145, 41, 98, 149, 135, 21, 124, 90, 70]",complete,5304,5304,14241,4947,10675,287,10388,2000,2,271,271,32,32,32,32
1,452,3,4,145,"[70, 90, 109, 133]","[0, 1, 2, 3, 4, 5, 6, 7, 8, 9, 10, 11, 12, 13, 14, 15, 16, 17, 18, 19, 20, 21, 22, 23, 24, 25, 26, 27, 28, 29, 30, 31, 32, 33, 34, 35, 36, 37, 38, 39, 40, 41, 42, 43, 44, 45, 46, 47, 48, 49, 50, 51, 52, 53, 54, 55, 56, 57, 58, 59, 60, 61, 62, 63, 64, 65, 66, 67, 68, 69, 71, 72, 73, 74, 75, 76, 77, 78, 79, 80, 81, 82, 83, 84, 85, 86, 87, 88, 89, 91, 92, 93, 94, 95, 96, 97, 98, 99, 100, 101, 102, 103, 104, 105, 106, 107, 108, 110, 111, 112, 114, 115, 116, 117, 118, 119, 120, 121, 122, 123, 124, 125, 126, 127, 128, 129, 130, 131, 132, 134, 135, 136, 137, 138, 139, 140, 141, 142, 143, 144, 145, 146, 147, 148, 149]","{""support_1"": 129}",[129],1,"[133, 109, 70, 90, 124, 21, 135, 149, 98, 41, 145, 74, 122, 147, 132, 105, 93, 137, 36, 61, 75, 44, 121, 125, 92, 84, 5, 68, 57, 140, 146, 35, 139, 118, 64, 32, 144, 128, 78, 129, 27, 123, 67, 58, 130, 100, 50, 71, 94, 136, 134, 112, 142, 56, 127, 111, 18, 131, 86, 141, 54, 37, 55, 47, 29, 15, 43, 40, 16, 148, 91, 53, 2, 17, 77, 8, 89, 76, 85, 26, 31, 119, 66, 126, 138, 73, 69, 117, 79, 72, 80, 46, 65, 28, 48, 34, 52, 51, 49, 63, 60, 38, 62, 59, 83, 33, 39, 103, 104, 14, 45, 42, 106, 87, 88, 97, 82, 81, 99, 96, 120, 101, 102, 95, 114, 116, 115, 110, 9, 108, 13, 143, 107, 7, 10, 1, 12, 0, 6, 11, 30, 25, 20, 23, 4, 24, 19, 22, 3]",True,111621539488,111.621539488,"[124, 21, 135, 149, 98, 41, 145, 74, 122, 147, 132, 105, 93, 137, 36, 61, 75, 44, 121, 125, 92, 84, 5, 68, 57, 140, 146, 35, 139, 118, 64, 32, 144, 128, 78, 129, 27, 123, 67, 134, 55, 138, 85, 18, 116, 77, 7, 16, 40, 141, 142, 8, 15, 43, 136, 14, 126, 6, 37, 23, 100, 2, 127, 94, 53, 91, 17, 131, 76, 54, 50, 117, 56, 58, 29, 130, 112, 148, 119, 120, 114, 115, 1, 13, 10, 111, 9, 110, 0, 108, 47, 48, 34, 52, 26, 46, 107, 51, 49, 45, 62, 63, 38, 33, 60, 39, 22, 89, 71, 69, 79, 42, 59, 4, 31, 80, 103, 72, 73, 66, 143, 65, 86, 20, 12, 28, 25, 30, 24, 99, 83, 82, 11, 19, 104, 97, 96, 3, 88, 87, 101, 106, 95, 81, 102]","[102, 81, 95, 106, 101, 87, 88, 3, 96, 97, 104, 19, 11, 82, 83, 99, 24, 30, 25, 28, 12, 20, 86, 65, 143, 66, 73, 72, 103, 80, 31, 4, 59, 42, 79, 69, 71, 89, 22, 39, 60, 33, 38, 63, 62, 45, 49, 51, 107, 46, 26, 52, 34, 48, 47, 108, 0, 110, 9, 111, 10, 13, 1, 115, 114, 120, 119, 148, 112, 130, 29, 58, 56, 117, 50, 54, 76, 131, 17, 91, 53, 94, 127, 2, 100, 23, 37, 6, 126, 14, 136, 43, 15, 8, 142, 141, 40, 16, 7, 77, 116, 18, 85, 138, 55, 134, 67, 123, 27, 129, 78, 128, 144, 32, 64, 118, 139, 35, 146, 140, 57, 68, 5, 84, 92, 125, 121, 44, 75, 61, 36, 137, 93, 105, 132, 147, 122, 74, 145, 41, 98, 149, 135, 21, 124]",complete,5025,5025,13462,4739,8729,162,8567,2000,2,273,273,28,28,27,28
1,452,4,6,143,"[21, 70, 90, 109, 124, 133]","[0, 1, 2, 3, 4, 5, 6, 7, 8, 9, 10, 11, 12, 13, 14, 15, 16, 17, 18, 19, 20, 22, 23, 24, 25, 26, 27, 28, 29, 30, 31, 32, 33, 34, 35, 36, 37, 38, 39, 40, 41, 42, 43, 44, 45, 46, 47, 48, 49, 50, 51, 52, 53, 54, 55, 56, 57, 58, 59, 60, 61, 62, 63, 64, 65, 66, 67, 68, 69, 71, 72, 73, 74, 75, 76, 77, 78, 79, 80, 81, 82, 83, 84, 85, 86, 87, 88, 89, 91, 92, 93, 94, 95, 96, 97, 98, 99, 100, 101, 102, 103, 104, 105, 106, 107, 108, 110, 111, 112, 114, 115, 116, 117, 118, 119, 120, 121, 122, 123, 125, 126, 127, 128, 129, 130, 131, 132, 134, 135, 136, 137, 138, 139, 140, 141, 142, 143, 144, 145, 146, 147, 148, 149]","{""support_1"": 129}",[129],1,"[133, 109, 70, 90, 124, 21, 135, 149, 98, 41, 145, 74, 122, 147, 132, 105, 93, 137, 36, 61, 75, 44, 121, 125, 92, 84, 5, 68, 57, 140, 146, 35, 139, 118, 64, 32, 144, 128, 78, 129, 27, 123, 67, 58, 130, 100, 50, 71, 94, 136, 134, 112, 142, 56, 127, 111, 18, 131, 86, 141, 54, 37, 55, 47, 29, 15, 43, 40, 16, 148, 91, 53, 2, 17, 77, 8, 89, 76, 85, 26, 31, 119, 66, 126, 138, 73, 69, 117, 79, 72, 80, 46, 65, 28, 48, 34, 52, 51, 49, 63, 60, 38, 62, 59, 83, 33, 39, 103, 104, 14, 45, 42, 106, 87, 88, 97, 82, 81, 99, 96, 120, 101, 102, 95, 114, 116, 115, 110, 9, 108, 13, 143, 107, 7, 10, 1, 12, 0, 6, 11, 30, 25, 20, 23, 4, 24, 19, 22, 3]",True,113326261311,113.326261311,"[135, 149, 98, 41, 145, 74, 122, 147, 132, 105, 93, 137, 36, 61, 75, 44, 121, 125, 92, 84, 5, 68, 57, 140, 146, 35, 139, 118, 64, 32, 144, 128, 78, 129, 27, 123, 67, 134, 55, 138, 85, 18, 116, 77, 7, 16, 40, 141, 142, 8, 15, 43, 136, 14, 126, 6, 37, 23, 100, 2, 127, 94, 53, 91, 17, 131, 76, 54, 50, 117, 56, 58, 29, 130, 112, 148, 119, 120, 114, 115, 1, 13, 10, 111, 9, 110, 0, 108, 47, 48, 34, 52, 26, 46, 107, 51, 49, 45, 62, 63, 38, 33, 60, 39, 22, 89, 71, 69, 79, 42, 59, 4, 31, 80, 103, 72, 73, 66, 143, 65, 86, 20, 12, 28, 25, 30, 24, 99, 83, 82, 11, 19, 104, 97, 96, 3, 88, 87, 101, 106, 95, 81, 102]","[102, 81, 95, 106, 101, 87, 88, 3, 96, 97, 104, 19, 11, 82, 83, 99, 24, 30, 25, 28, 12, 20, 86, 65, 143, 66, 73, 72, 103, 80, 31, 4, 59, 42, 79, 69, 71, 89, 22, 39, 60, 33, 38, 63, 62, 45, 49, 51, 107, 46, 26, 52, 34, 48, 47, 108, 0, 110, 9, 111, 10, 13, 1, 115, 114, 120, 119, 148, 112, 130, 29, 58, 56, 117, 50, 54, 76, 131, 17, 91, 53, 94, 127, 2, 100, 23, 37, 6, 126, 14, 136, 43, 15, 8, 142, 141, 40, 16, 7, 77, 116, 18, 85, 138, 55, 134, 67, 123, 27, 129, 78, 128, 144, 32, 64, 118, 139, 35, 146, 140, 57, 68, 5, 84, 92, 125, 121, 44, 75, 61, 36, 137, 93, 105, 132, 147, 122, 74, 145, 41, 98, 149, 135]",complete,5023,5023,13193,4739,8727,162,8565,2000,2,271,271,28,28,27,28
1,452,5,8,141,"[21, 70, 90, 109, 124, 133, 135, 149]","[0, 1, 2, 3, 4, 5, 6, 7, 8, 9, 10, 11, 12, 13, 14, 15, 16, 17, 18, 19, 20, 22, 23, 24, 25, 26, 27, 28, 29, 30, 31, 32, 33, 34, 35, 36, 37, 38, 39, 40, 41, 42, 43, 44, 45, 46, 47, 48, 49, 50, 51, 52, 53, 54, 55, 56, 57, 58, 59, 60, 61, 62, 63, 64, 65, 66, 67, 68, 69, 71, 72, 73, 74, 75, 76, 77, 78, 79, 80, 81, 82, 83, 84, 85, 86, 87, 88, 89, 91, 92, 93, 94, 95, 96, 97, 98, 99, 100, 101, 102, 103, 104, 105, 106, 107, 108, 110, 111, 112, 114, 115, 116, 117, 118, 119, 120, 121, 122, 123, 125, 126, 127, 128, 129, 130, 131, 132, 134, 136, 137, 138, 139, 140, 141, 142, 143, 144, 145, 146, 147, 148]","{""support_1"": 129}",[129],1,"[133, 109, 70, 90, 124, 21, 135, 149, 98, 41, 145, 74, 122, 147, 132, 105, 93, 137, 36, 61, 75, 44, 121, 125, 92, 84, 5, 68, 57, 140, 146, 35, 139, 118, 64, 32, 144, 128, 78, 129, 27, 123, 67, 58, 130, 100, 50, 71, 94, 136, 134, 112, 142, 56, 127, 111, 18, 131, 86, 141, 54, 37, 55, 47, 29, 15, 43, 40, 16, 148, 91, 53, 2, 17, 77, 8, 89, 76, 85, 26, 31, 119, 66, 126, 138, 73, 69, 117, 79, 72, 80, 46, 65, 28, 48, 34, 52, 51, 49, 63, 60, 38, 62, 59, 83, 33, 39, 103, 104, 14, 45, 42, 106, 87, 88, 97, 82, 81, 99, 96, 120, 101, 102, 95, 114, 116, 115, 110, 9, 108, 13, 143, 107, 7, 10, 1, 12, 0, 6, 11, 30, 25, 20, 23, 4, 24, 19, 22, 3]",False,1087414081214,1087.414081214,[],[],stagnation_limit,52350,52350,59810,48650,101168,3861,97307,2000,2,223,223,24,24,23,22
1,452,6,10,139,"[21, 41, 70, 90, 98, 109, 124, 133, 135, 149]","[0, 1, 2, 3, 4, 5, 6, 7, 8, 9, 10, 11, 12, 13, 14, 15, 16, 17, 18, 19, 20, 22, 23, 24, 25, 26, 27, 28, 29, 30, 31, 32, 33, 34, 35, 36, 37, 38, 39, 40, 42, 43, 44, 45, 46, 47, 48, 49, 50, 51, 52, 53, 54, 55, 56, 57, 58, 59, 60, 61, 62, 63, 64, 65, 66, 67, 68, 69, 71, 72, 73, 74, 75, 76, 77, 78, 79, 80, 81, 82, 83, 84, 85, 86, 87, 88, 89, 91, 92, 93, 94, 95, 96, 97, 99, 100, 101, 102, 103, 104, 105, 106, 107, 108, 110, 111, 112, 114, 115, 116, 117, 118, 119, 120, 121, 122, 123, 125, 126, 127, 128, 129, 130, 131, 132, 134, 136, 137, 138, 139, 140, 141, 142, 143, 144, 145, 146, 147, 148]","{""support_1"": 129}",[129],1,"[133, 109, 70, 90, 124, 21, 135, 149, 98, 41, 145, 74, 122, 147, 132, 105, 93, 137, 36, 61, 75, 44, 121, 125, 92, 84, 5, 68, 57, 140, 146, 35, 139, 118, 64, 32, 144, 128, 78, 129, 27, 123, 67, 58, 130, 100, 50, 71, 94, 136, 134, 112, 142, 56, 127, 111, 18, 131, 86, 141, 54, 37, 55, 47, 29, 15, 43, 40, 16, 148, 91, 53, 2, 17, 77, 8, 89, 76, 85, 26, 31, 119, 66, 126, 138, 73, 69, 117, 79, 72, 80, 46, 65, 28, 48, 34, 52, 51, 49, 63, 60, 38, 62, 59, 83, 33, 39, 103, 104, 14, 45, 42, 106, 87, 88, 97, 82, 81, 99, 96, 120, 101, 102, 95, 114, 116, 115, 110, 9, 108, 13, 143, 107, 7, 10, 1, 12, 0, 6, 11, 30, 25, 20, 23, 4, 24, 19, 22, 3]",False,544378458485,544.378458485,[],[],stagnation_limit,20267,20267,26810,19040,36699,881,35818,2000,2,146,146,5,5,4,3
1,452,7,12,137,"[21, 41, 70, 74, 90, 98, 109, 124, 133, 135, 145, 149]","[0, 1, 2, 3, 4, 5, 6, 7, 8, 9, 10, 11, 12, 13, 14, 15, 16, 17, 18, 19, 20, 22, 23, 24, 25, 26, 27, 28, 29, 30, 31, 32, 33, 34, 35, 36, 37, 38, 39, 40, 42, 43, 44, 45, 46, 47, 48, 49, 50, 51, 52, 53, 54, 55, 56, 57, 58, 59, 60, 61, 62, 63, 64, 65, 66, 67, 68, 69, 71, 72, 73, 75, 76, 77, 78, 79, 80, 81, 82, 83, 84, 85, 86, 87, 88, 89, 91, 92, 93, 94, 95, 96, 97, 99, 100, 101, 102, 103, 104, 105, 106, 107, 108, 110, 111, 112, 114, 115, 116, 117, 118, 119, 120, 121, 122, 123, 125, 126, 127, 128, 129, 130, 131, 132, 134, 136, 137, 138, 139, 140, 141, 142, 143, 144, 146, 147, 148]","{""support_1"": 129, ""support_2"": 130}","[129, 130]",2,"[133, 109, 70, 90, 124, 21, 135, 149, 98, 41, 145, 74, 122, 147, 132, 105, 93, 137, 36, 61, 75, 44, 121, 125, 92, 84, 5, 68, 57, 140, 146, 35, 139, 118, 64, 32, 144, 128, 78, 129, 27, 123, 67, 58, 130, 100, 50, 71, 94, 136, 134, 112, 142, 56, 127, 111, 18, 131, 86, 141, 54, 37, 55, 47, 29, 15, 43, 40, 16, 148, 91, 53, 2, 17, 77, 8, 89, 76, 85, 26, 31, 119, 66, 126, 138, 73, 69, 117, 79, 72, 80, 46, 65, 28, 48, 34, 52, 51, 49, 63, 60, 38, 62, 59, 83, 33, 39, 103, 104, 14, 45, 42, 106, 87, 88, 97, 82, 81, 99, 96, 120, 101, 102, 95, 114, 116, 115, 110, 9, 108, 13, 143, 107, 7, 10, 1, 12, 0, 6, 11, 30, 25, 20, 23, 4, 24, 19, 22, 3]",True,117420941608,117.420941608,"[122, 147, 132, 105, 93, 137, 36, 61, 75, 44, 121, 125, 92, 84, 5, 68, 57, 140, 146, 35, 139, 118, 64, 32, 144, 128, 78, 129, 27, 123, 67, 134, 55, 138, 85, 18, 116, 77, 7, 16, 40, 141, 142, 8, 15, 43, 136, 14, 126, 6, 37, 23, 100, 2, 127, 94, 53, 91, 17, 131, 76, 54, 50, 117, 56, 58, 29, 130, 112, 110, 13, 1, 119, 10, 9, 111, 120, 148, 108, 0, 114, 115, 47, 34, 26, 48, 107, 46, 52, 51, 49, 45, 62, 89, 86, 66, 73, 80, 72, 79, 65, 69, 63, 38, 33, 60, 39, 22, 59, 71, 102, 104, 101, 106, 103, 87, 42, 143, 20, 25, 88, 97, 4, 96, 95, 28, 83, 12, 99, 82, 81, 11, 30, 31, 3, 24, 19]","[19, 24, 3, 31, 30, 11, 81, 82, 99, 12, 83, 28, 95, 96, 4, 97, 88, 25, 20, 143, 42, 87, 103, 106, 101, 104, 102, 71, 59, 22, 39, 60, 33, 38, 63, 69, 65, 79, 72, 80, 73, 66, 86, 89, 62, 45, 49, 51, 52, 46, 107, 48, 26, 34, 47, 115, 114, 0, 108, 148, 120, 111, 9, 10, 119, 1, 13, 110, 112, 130, 29, 58, 56, 117, 50, 54, 76, 131, 17, 91, 53, 94, 127, 2, 100, 23, 37, 6, 126, 14, 136, 43, 15, 8, 142, 141, 40, 16, 7, 77, 116, 18, 85, 138, 55, 134, 67, 123, 27, 129, 78, 128, 144, 32, 64, 118, 139, 35, 146, 140, 57, 68, 5, 84, 92, 125, 121, 44, 75, 61, 36, 137, 93, 105, 132, 147, 122]",complete,5368,5368,12748,5093,8999,162,8837,2000,2,260,260,30,30,28,30
1,452,8,14,135,"[21, 41, 70, 74, 90, 98, 109, 122, 124, 133, 135, 145, 147, 149]","[0, 1, 2, 3, 4, 5, 6, 7, 8, 9, 10, 11, 12, 13, 14, 15, 16, 17, 18, 19, 20, 22, 23, 24, 25, 26, 27, 28, 29, 30, 31, 32, 33, 34, 35, 36, 37, 38, 39, 40, 42, 43, 44, 45, 46, 47, 48, 49, 50, 51, 52, 53, 54, 55, 56, 57, 58, 59, 60, 61, 62, 63, 64, 65, 66, 67, 68, 69, 71, 72, 73, 75, 76, 77, 78, 79, 80, 81, 82, 83, 84, 85, 86, 87, 88, 89, 91, 92, 93, 94, 95, 96, 97, 99, 100, 101, 102, 103, 104, 105, 106, 107, 108, 110, 111, 112, 114, 115, 116, 117, 118, 119, 120, 121, 123, 125, 126, 127, 128, 129, 130, 131, 132, 134, 136, 137, 138, 139, 140, 141, 142, 143, 144, 146, 148]","{""support_1"": 129, ""support_2"": 130}","[129, 130]",2,"[133, 109, 70, 90, 124, 21, 135, 149, 98, 41, 145, 74, 122, 147, 132, 105, 93, 137, 36, 61, 75, 44, 121, 125, 92, 84, 5, 68, 57, 140, 146, 35, 139, 118, 64, 32, 144, 128, 78, 129, 27, 123, 67, 58, 130, 100, 50, 71, 94, 136, 134, 112, 142, 56, 127, 111, 18, 131, 86, 141, 54, 37, 55, 47, 29, 15, 43, 40, 16, 148, 91, 53, 2, 17, 77, 8, 89, 76, 85, 26, 31, 119, 66, 126, 138, 73, 69, 117, 79, 72, 80, 46, 65, 28, 48, 34, 52, 51, 49, 63, 60, 38, 62, 59, 83, 33, 39, 103, 104, 14, 45, 42, 106, 87, 88, 97, 82, 81, 99, 96, 120, 101, 102, 95, 114, 116, 115, 110, 9, 108, 13, 143, 107, 7, 10, 1, 12, 0, 6, 11, 30, 25, 20, 23, 4, 24, 19, 22, 3]",True,114185664885,114.185664885,"[132, 105, 93, 137, 36, 61, 75, 44, 121, 125, 92, 84, 5, 68, 57, 140, 146, 35, 139, 118, 64, 32, 144, 128, 78, 129, 27, 123, 67, 134, 55, 138, 85, 18, 116, 77, 7, 16, 40, 141, 142, 8, 15, 43, 136, 14, 126, 6, 37, 23, 100, 2, 127, 94, 53, 91, 17, 131, 76, 54, 50, 117, 56, 58, 29, 130, 112, 110, 13, 1, 119, 10, 9, 111, 120, 148, 108, 0, 114, 115, 47, 34, 26, 48, 107, 46, 52, 51, 49, 45, 62, 89, 86, 66, 73, 80, 72, 79, 65, 69, 63, 38, 33, 60, 39, 22, 59, 71, 102, 104, 101, 106, 103, 87, 42, 143, 20, 25, 88, 97, 4, 96, 95, 28, 83, 12, 99, 82, 81, 11, 30, 31, 3, 24, 19]","[19, 24, 3, 31, 30, 11, 81, 82, 99, 12, 83, 28, 95, 96, 4, 97, 88, 25, 20, 143, 42, 87, 103, 106, 101, 104, 102, 71, 59, 22, 39, 60, 33, 38, 63, 69, 65, 79, 72, 80, 73, 66, 86, 89, 62, 45, 49, 51, 52, 46, 107, 48, 26, 34, 47, 115, 114, 0, 108, 148, 120, 111, 9, 10, 119, 1, 13, 110, 112, 130, 29, 58, 56, 117, 50, 54, 76, 131, 17, 91, 53, 94, 127, 2, 100, 23, 37, 6, 126, 14, 136, 43, 15, 8, 142, 141, 40, 16, 7, 77, 116, 18, 85, 138, 55, 134, 67, 123, 27, 129, 78, 128, 144, 32, 64, 118, 139, 35, 146, 140, 57, 68, 5, 84, 92, 125, 121, 44, 75, 61, 36, 137, 93, 105, 132]",complete,5365,5365,12495,5092,8996,162,8834,2000,2,256,256,30,30,28,30
1,452,9,16,133,"[21, 41, 70, 74, 90, 98, 105, 109, 122, 124, 132, 133, 135, 145, 147, 149]","[0, 1, 2, 3, 4, 5, 6, 7, 8, 9, 10, 11, 12, 13, 14, 15, 16, 17, 18, 19, 20, 22, 23, 24, 25, 26, 27, 28, 29, 30, 31, 32, 33, 34, 35, 36, 37, 38, 39, 40, 42, 43, 44, 45, 46, 47, 48, 49, 50, 51, 52, 53, 54, 55, 56, 57, 58, 59, 60, 61, 62, 63, 64, 65, 66, 67, 68, 69, 71, 72, 73, 75, 76, 77, 78, 79, 80, 81, 82, 83, 84, 85, 86, 87, 88, 89, 91, 92, 93, 94, 95, 96, 97, 99, 100, 101, 102, 103, 104, 106, 107, 108, 110, 111, 112, 114, 115, 116, 117, 118, 119, 120, 121, 123, 125, 126, 127, 128, 129, 130, 131, 134, 136, 137, 138, 139, 140, 141, 142, 143, 144, 146, 148]","{""support_1"": 129, ""support_2"": 130}","[129, 130]",2,"[133, 109, 70, 90, 124, 21, 135, 149, 98, 41, 145, 74, 122, 147, 132, 105, 93, 137, 36, 61, 75, 44, 121, 125, 92, 84, 5, 68, 57, 140, 146, 35, 139, 118, 64, 32, 144, 128, 78, 129, 27, 123, 67, 58, 130, 100, 50, 71, 94, 136, 134, 112, 142, 56, 127, 111, 18, 131, 86, 141, 54, 37, 55, 47, 29, 15, 43, 40, 16, 148, 91, 53, 2, 17, 77, 8, 89, 76, 85, 26, 31, 119, 66, 126, 138, 73, 69, 117, 79, 72, 80, 46, 65, 28, 48, 34, 52, 51, 49, 63, 60, 38, 62, 59, 83, 33, 39, 103, 104, 14, 45, 42, 106, 87, 88, 97, 82, 81, 99, 96, 120, 101, 102, 95, 114, 116, 115, 110, 9, 108, 13, 143, 107, 7, 10, 1, 12, 0, 6, 11, 30, 25, 20, 23, 4, 24, 19, 22, 3]",True,113925408010,113.925408010,"[93, 137, 36, 61, 75, 44, 121, 125, 92, 84, 5, 68, 57, 140, 146, 35, 139, 118, 64, 32, 144, 128, 78, 129, 27, 123, 67, 134, 55, 138, 85, 18, 116, 77, 7, 16, 40, 141, 142, 8, 15, 43, 136, 14, 126, 6, 37, 23, 100, 2, 127, 94, 53, 91, 17, 131, 76, 54, 50, 117, 56, 58, 29, 130, 112, 110, 13, 1, 119, 10, 9, 111, 120, 148, 108, 0, 114, 115, 47, 34, 26, 48, 107, 46, 52, 51, 49, 45, 62, 89, 86, 66, 73, 80, 72, 79, 65, 69, 63, 38, 33, 60, 39, 22, 59, 71, 102, 104, 101, 106, 103, 87, 42, 143, 20, 25, 88, 97, 4, 96, 95, 28, 83, 12, 99, 82, 81, 11, 30, 31, 3, 24, 19]","[19, 24, 3, 31, 30, 11, 81, 82, 99, 12, 83, 28, 95, 96, 4, 97, 88, 25, 20, 143, 42, 87, 103, 106, 101, 104, 102, 71, 59, 22, 39, 60, 33, 38, 63, 69, 65, 79, 72, 80, 73, 66, 86, 89, 62, 45, 49, 51, 52, 46, 107, 48, 26, 34, 47, 115, 114, 0, 108, 148, 120, 111, 9, 10, 119, 1, 13, 110, 112, 130, 29, 58, 56, 117, 50, 54, 76, 131, 17, 91, 53, 94, 127, 2, 100, 23, 37, 6, 126, 14, 136, 43, 15, 8, 142, 141, 40, 16, 7, 77, 116, 18, 85, 138, 55, 134, 67, 123, 27, 129, 78, 128, 144, 32, 64, 118, 139, 35, 146, 140, 57, 68, 5, 84, 92, 125, 121, 44, 75, 61, 36, 137, 93]",complete,5363,5363,12246,5092,8994,162,8832,2000,2,252,252,30,30,28,30
1,452,10,18,131,"[21, 41, 70, 74, 90, 93, 98, 105, 109, 122, 124, 132, 133, 135, 137, 145, 147, 149]","[0, 1, 2, 3, 4, 5, 6, 7, 8, 9, 10, 11, 12, 13, 14, 15, 16, 17, 18, 19, 20, 22, 23, 24, 25, 26, 27, 28, 29, 30, 31, 32, 33, 34, 35, 36, 37, 38, 39, 40, 42, 43, 44, 45, 46, 47, 48, 49, 50, 51, 52, 53, 54, 55, 56, 57, 58, 59, 60, 61, 62, 63, 64, 65, 66, 67, 68, 69, 71, 72, 73, 75, 76, 77, 78, 79, 80, 81, 82, 83, 84, 85, 86, 87, 88, 89, 91, 92, 94, 95, 96, 97, 99, 100, 101, 102, 103, 104, 106, 107, 108, 110, 111, 112, 114, 115, 116, 117, 118, 119, 120, 121, 123, 125, 126, 127, 128, 129, 130, 131, 134, 136, 138, 139, 140, 141, 142, 143, 144, 146, 148]","{""support_1"": 129, ""support_2"": 130}","[129, 130]",2,"[133, 109, 70, 90, 124, 21, 135, 149, 98, 41, 145, 74, 122, 147, 132, 105, 93, 137, 36, 61, 75, 44, 121, 125, 92, 84, 5, 68, 57, 140, 146, 35, 139, 118, 64, 32, 144, 128, 78, 129, 27, 123, 67, 58, 130, 100, 50, 71, 94, 136, 134, 112, 142, 56, 127, 111, 18, 131, 86, 141, 54, 37, 55, 47, 29, 15, 43, 40, 16, 148, 91, 53, 2, 17, 77, 8, 89, 76, 85, 26, 31, 119, 66, 126, 138, 73, 69, 117, 79, 72, 80, 46, 65, 28, 48, 34, 52, 51, 49, 63, 60, 38, 62, 59, 83, 33, 39, 103, 104, 14, 45, 42, 106, 87, 88, 97, 82, 81, 99, 96, 120, 101, 102, 95, 114, 116, 115, 110, 9, 108, 13, 143, 107, 7, 10, 1, 12, 0, 6, 11, 30, 25, 20, 23, 4, 24, 19, 22, 3]",True,113479800465,113.479800465,"[36, 61, 75, 44, 121, 125, 92, 84, 5, 68, 57, 140, 146, 35, 139, 118, 64, 32, 144, 128, 78, 129, 27, 123, 67, 134, 55, 138, 85, 18, 116, 77, 7, 16, 40, 141, 142, 8, 15, 43, 136, 14, 126, 6, 37, 23, 100, 2, 127, 94, 53, 91, 17, 131, 76, 54, 50, 117, 56, 58, 29, 130, 112, 110, 13, 1, 119, 10, 9, 111, 120, 148, 108, 0, 114, 115, 47, 34, 26, 48, 107, 46, 52, 51, 49, 45, 62, 89, 86, 66, 73, 80, 72, 79, 65, 69, 63, 38, 33, 60, 39, 22, 59, 71, 102, 104, 101, 106, 103, 87, 42, 143, 20, 25, 88, 97, 4, 96, 95, 28, 83, 12, 99, 82, 81, 11, 30, 31, 3, 24, 19]","[19, 24, 3, 31, 30, 11, 81, 82, 99, 12, 83, 28, 95, 96, 4, 97, 88, 25, 20, 143, 42, 87, 103, 106, 101, 104, 102, 71, 59, 22, 39, 60, 33, 38, 63, 69, 65, 79, 72, 80, 73, 66, 86, 89, 62, 45, 49, 51, 52, 46, 107, 48, 26, 34, 47, 115, 114, 0, 108, 148, 120, 111, 9, 10, 119, 1, 13, 110, 112, 130, 29, 58, 56, 117, 50, 54, 76, 131, 17, 91, 53, 94, 127, 2, 100, 23, 37, 6, 126, 14, 136, 43, 15, 8, 142, 141, 40, 16, 7, 77, 116, 18, 85, 138, 55, 134, 67, 123, 27, 129, 78, 128, 144, 32, 64, 118, 139, 35, 146, 140, 57, 68, 5, 84, 92, 125, 121, 44, 75, 61, 36]",complete,5357,5357,12001,5088,8988,162,8826,2000,2,248,248,30,30,28,30
1,452,11,20,129,"[21, 36, 41, 61, 70, 74, 90, 93, 98, 105, 109, 122, 124, 132, 133, 135, 137, 145, 147, 149]","[0, 1, 2, 3, 4, 5, 6, 7, 8, 9, 10, 11, 12, 13, 14, 15, 16, 17, 18, 19, 20, 22, 23, 24, 25, 26, 27, 28, 29, 30, 31, 32, 33, 34, 35, 37, 38, 39, 40, 42, 43, 44, 45, 46, 47, 48, 49, 50, 51, 52, 53, 54, 55, 56, 57, 58, 59, 60, 62, 63, 64, 65, 66, 67, 68, 69, 71, 72, 73, 75, 76, 77, 78, 79, 80, 81, 82, 83, 84, 85, 86, 87, 88, 89, 91, 92, 94, 95, 96, 97, 99, 100, 101, 102, 103, 104, 106, 107, 108, 110, 111, 112, 114, 115, 116, 117, 118, 119, 120, 121, 123, 125, 126, 127, 128, 129, 130, 131, 134, 136, 138, 139, 140, 141, 142, 143, 144, 146, 148]","{""support_1"": 129, ""support_2"": 130}","[129, 130]",2,"[133, 109, 70, 90, 124, 21, 135, 149, 98, 41, 145, 74, 122, 147, 132, 105, 93, 137, 36, 61, 75, 44, 121, 125, 92, 84, 5, 68, 57, 140, 146, 35, 139, 118, 64, 32, 144, 128, 78, 129, 27, 123, 67, 58, 130, 100, 50, 71, 94, 136, 134, 112, 142, 56, 127, 111, 18, 131, 86, 141, 54, 37, 55, 47, 29, 15, 43, 40, 16, 148, 91, 53, 2, 17, 77, 8, 89, 76, 85, 26, 31, 119, 66, 126, 138, 73, 69, 117, 79, 72, 80, 46, 65, 28, 48, 34, 52, 51, 49, 63, 60, 38, 62, 59, 83, 33, 39, 103, 104, 14, 45, 42, 106, 87, 88, 97, 82, 81, 99, 96, 120, 101, 102, 95, 114, 116, 115, 110, 9, 108, 13, 143, 107, 7, 10, 1, 12, 0, 6, 11, 30, 25, 20, 23, 4, 24, 19, 22, 3]",True,113379858319,113.379858319,"[75, 44, 121, 125, 92, 84, 5, 68, 57, 140, 146, 35, 139, 118, 64, 32, 144, 128, 78, 129, 27, 123, 67, 134, 55, 138, 85, 18, 116, 77, 7, 16, 40, 141, 142, 8, 15, 43, 136, 14, 126, 6, 37, 23, 100, 2, 127, 94, 53, 91, 17, 131, 76, 54, 50, 117, 56, 58, 29, 130, 112, 110, 13, 1, 119, 10, 9, 111, 120, 148, 108, 0, 114, 115, 47, 34, 26, 48, 107, 46, 52, 51, 49, 45, 62, 89, 86, 66, 73, 80, 72, 79, 65, 69, 63, 38, 33, 60, 39, 22, 59, 71, 102, 104, 101, 106, 103, 87, 42, 143, 20, 25, 88, 97, 4, 96, 95, 28, 83, 12, 99, 82, 81, 11, 30, 31, 3, 24, 19]","[19, 24, 3, 31, 30, 11, 81, 82, 99, 12, 83, 28, 95, 96, 4, 97, 88, 25, 20, 143, 42, 87, 103, 106, 101, 104, 102, 71, 59, 22, 39, 60, 33, 38, 63, 69, 65, 79, 72, 80, 73, 66, 86, 89, 62, 45, 49, 51, 52, 46, 107, 48, 26, 34, 47, 115, 114, 0, 108, 148, 120, 111, 9, 10, 119, 1, 13, 110, 112, 130, 29, 58, 56, 117, 50, 54, 76, 131, 17, 91, 53, 94, 127, 2, 100, 23, 37, 6, 126, 14, 136, 43, 15, 8, 142, 141, 40, 16, 7, 77, 116, 18, 85, 138, 55, 134, 67, 123, 27, 129, 78, 128, 144, 32, 64, 118, 139, 35, 146, 140, 57, 68, 5, 84, 92, 125, 121, 44, 75]",complete,5349,5349,11760,5082,8980,162,8818,2000,2,244,244,30,30,28,30
1,452,12,22,127,"[21, 36, 41, 44, 61, 70, 74, 75, 90, 93, 98, 105, 109, 122, 124, 132, 133, 135, 137, 145, 147, 149]","[0, 1, 2, 3, 4, 5, 6, 7, 8, 9, 10, 11, 12, 13, 14, 15, 16, 17, 18, 19, 20, 22, 23, 24, 25, 26, 27, 28, 29, 30, 31, 32, 33, 34, 35, 37, 38, 39, 40, 42, 43, 45, 46, 47, 48, 49, 50, 51, 52, 53, 54, 55, 56, 57, 58, 59, 60, 62, 63, 64, 65, 66, 67, 68, 69, 71, 72, 73, 76, 77, 78, 79, 80, 81, 82, 83, 84, 85, 86, 87, 88, 89, 91, 92, 94, 95, 96, 97, 99, 100, 101, 102, 103, 104, 106, 107, 108, 110, 111, 112, 114, 115, 116, 117, 118, 119, 120, 121, 123, 125, 126, 127, 128, 129, 130, 131, 134, 136, 138, 139, 140, 141, 142, 143, 144, 146, 148]","{""support_1"": 129, ""support_2"": 130}","[129, 130]",2,"[133, 109, 70, 90, 124, 21, 135, 149, 98, 41, 145, 74, 122, 147, 132, 105, 93, 137, 36, 61, 75, 44, 121, 125, 92, 84, 5, 68, 57, 140, 146, 35, 139, 118, 64, 32, 144, 128, 78, 129, 27, 123, 67, 58, 130, 100, 50, 71, 94, 136, 134, 112, 142, 56, 127, 111, 18, 131, 86, 141, 54, 37, 55, 47, 29, 15, 43, 40, 16, 148, 91, 53, 2, 17, 77, 8, 89, 76, 85, 26, 31, 119, 66, 126, 138, 73, 69, 117, 79, 72, 80, 46, 65, 28, 48, 34, 52, 51, 49, 63, 60, 38, 62, 59, 83, 33, 39, 103, 104, 14, 45, 42, 106, 87, 88, 97, 82, 81, 99, 96, 120, 101, 102, 95, 114, 116, 115, 110, 9, 108, 13, 143, 107, 7, 10, 1, 12, 0, 6, 11, 30, 25, 20, 23, 4, 24, 19, 22, 3]",True,112756550836,112.756550836,"[121, 125, 92, 84, 5, 68, 57, 140, 146, 35, 139, 118, 64, 32, 144, 128, 78, 129, 27, 123, 67, 134, 55, 138, 85, 18, 116, 77, 7, 16, 40, 141, 142, 8, 15, 43, 136, 14, 126, 6, 37, 23, 100, 2, 127, 94, 53, 91, 17, 131, 76, 54, 50, 117, 56, 58, 29, 130, 112, 110, 13, 1, 119, 10, 9, 111, 120, 148, 108, 0, 114, 115, 47, 34, 26, 48, 107, 46, 52, 51, 49, 45, 62, 89, 86, 66, 73, 80, 72, 79, 65, 69, 63, 38, 33, 60, 39, 22, 59, 71, 102, 104, 101, 106, 103, 87, 42, 143, 20, 25, 88, 97, 4, 96, 95, 28, 83, 12, 99, 82, 81, 11, 30, 31, 3, 24, 19]","[19, 24, 3, 31, 30, 11, 81, 82, 99, 12, 83, 28, 95, 96, 4, 97, 88, 25, 20, 143, 42, 87, 103, 106, 101, 104, 102, 71, 59, 22, 39, 60, 33, 38, 63, 69, 65, 79, 72, 80, 73, 66, 86, 89, 62, 45, 49, 51, 52, 46, 107, 48, 26, 34, 47, 115, 114, 0, 108, 148, 120, 111, 9, 10, 119, 1, 13, 110, 112, 130, 29, 58, 56, 117, 50, 54, 76, 131, 17, 91, 53, 94, 127, 2, 100, 23, 37, 6, 126, 14, 136, 43, 15, 8, 142, 141, 40, 16, 7, 77, 116, 18, 85, 138, 55, 134, 67, 123, 27, 129, 78, 128, 144, 32, 64, 118, 139, 35, 146, 140, 57, 68, 5, 84, 92, 125, 121]",complete,5347,5347,11523,5082,8978,162,8816,2000,2,240,240,30,30,28,30
1,452,13,24,125,"[21, 36, 41, 44, 61, 70, 74, 75, 90, 93, 98, 105, 109, 121, 122, 124, 125, 132, 133, 135, 137, 145, 147, 149]","[0, 1, 2, 3, 4, 5, 6, 7, 8, 9, 10, 11, 12, 13, 14, 15, 16, 17, 18, 19, 20, 22, 23, 24, 25, 26, 27, 28, 29, 30, 31, 32, 33, 34, 35, 37, 38, 39, 40, 42, 43, 45, 46, 47, 48, 49, 50, 51, 52, 53, 54, 55, 56, 57, 58, 59, 60, 62, 63, 64, 65, 66, 67, 68, 69, 71, 72, 73, 76, 77, 78, 79, 80, 81, 82, 83, 84, 85, 86, 87, 88, 89, 91, 92, 94, 95, 96, 97, 99, 100, 101, 102, 103, 104, 106, 107, 108, 110, 111, 112, 114, 115, 116, 117, 118, 119, 120, 123, 126, 127, 128, 129, 130, 131, 134, 136, 138, 139, 140, 141, 142, 143, 144, 146, 148]","{""support_1"": 129, ""support_2"": 130}","[129, 130]",2,"[133, 109, 70, 90, 124, 21, 135, 149, 98, 41, 145, 74, 122, 147, 132, 105, 93, 137, 36, 61, 75, 44, 121, 125, 92, 84, 5, 68, 57, 140, 146, 35, 139, 118, 64, 32, 144, 128, 78, 129, 27, 123, 67, 58, 130, 100, 50, 71, 94, 136, 134, 112, 142, 56, 127, 111, 18, 131, 86, 141, 54, 37, 55, 47, 29, 15, 43, 40, 16, 148, 91, 53, 2, 17, 77, 8, 89, 76, 85, 26, 31, 119, 66, 126, 138, 73, 69, 117, 79, 72, 80, 46, 65, 28, 48, 34, 52, 51, 49, 63, 60, 38, 62, 59, 83, 33, 39, 103, 104, 14, 45, 42, 106, 87, 88, 97, 82, 81, 99, 96, 120, 101, 102, 95, 114, 116, 115, 110, 9, 108, 13, 143, 107, 7, 10, 1, 12, 0, 6, 11, 30, 25, 20, 23, 4, 24, 19, 22, 3]",True,112163358595,112.163358595,"[92, 84, 5, 68, 57, 140, 146, 35, 139, 118, 64, 32, 144, 128, 78, 129, 27, 123, 67, 134, 55, 138, 85, 18, 116, 77, 7, 16, 40, 141, 142, 8, 15, 43, 136, 14, 126, 6, 37, 23, 100, 2, 127, 94, 53, 91, 17, 131, 76, 54, 50, 117, 56, 58, 29, 130, 112, 110, 13, 1, 119, 10, 9, 111, 120, 148, 108, 0, 114, 115, 47, 34, 26, 48, 107, 46, 52, 51, 49, 45, 62, 89, 86, 66, 73, 80, 72, 79, 65, 69, 63, 38, 33, 60, 39, 22, 59, 71, 102, 104, 101, 106, 103, 87, 42, 143, 20, 25, 88, 97, 4, 96, 95, 28, 83, 12, 99, 82, 81, 11, 30, 31, 3, 24, 19]","[19, 24, 3, 31, 30, 11, 81, 82, 99, 12, 83, 28, 95, 96, 4, 97, 88, 25, 20, 143, 42, 87, 103, 106, 101, 104, 102, 71, 59, 22, 39, 60, 33, 38, 63, 69, 65, 79, 72, 80, 73, 66, 86, 89, 62, 45, 49, 51, 52, 46, 107, 48, 26, 34, 47, 115, 114, 0, 108, 148, 120, 111, 9, 10, 119, 1, 13, 110, 112, 130, 29, 58, 56, 117, 50, 54, 76, 131, 17, 91, 53, 94, 127, 2, 100, 23, 37, 6, 126, 14, 136, 43, 15, 8, 142, 141, 40, 16, 7, 77, 116, 18, 85, 138, 55, 134, 67, 123, 27, 129, 78, 128, 144, 32, 64, 118, 139, 35, 146, 140, 57, 68, 5, 84, 92]",complete,5341,5341,11290,5078,8972,162,8810,2000,2,236,236,30,30,28,30
1,452,14,26,123,"[21, 36, 41, 44, 61, 70, 74, 75, 84, 90, 92, 93, 98, 105, 109, 121, 122, 124, 125, 132, 133, 135, 137, 145, 147, 149]","[0, 1, 2, 3, 4, 5, 6, 7, 8, 9, 10, 11, 12, 13, 14, 15, 16, 17, 18, 19, 20, 22, 23, 24, 25, 26, 27, 28, 29, 30, 31, 32, 33, 34, 35, 37, 38, 39, 40, 42, 43, 45, 46, 47, 48, 49, 50, 51, 52, 53, 54, 55, 56, 57, 58, 59, 60, 62, 63, 64, 65, 66, 67, 68, 69, 71, 72, 73, 76, 77, 78, 79, 80, 81, 82, 83, 85, 86, 87, 88, 89, 91, 94, 95, 96, 97, 99, 100, 101, 102, 103, 104, 106, 107, 108, 110, 111, 112, 114, 115, 116, 117, 118, 119, 120, 123, 126, 127, 128, 129, 130, 131, 134, 136, 138, 139, 140, 141, 142, 143, 144, 146, 148]","{""support_1"": 129, ""support_2"": 130}","[129, 130]",2,"[133, 109, 70, 90, 124, 21, 135, 149, 98, 41, 145, 74, 122, 147, 132, 105, 93, 137, 36, 61, 75, 44, 121, 125, 92, 84, 5, 68, 57, 140, 146, 35, 139, 118, 64, 32, 144, 128, 78, 129, 27, 123, 67, 58, 130, 100, 50, 71, 94, 136, 134, 112, 142, 56, 127, 111, 18, 131, 86, 141, 54, 37, 55, 47, 29, 15, 43, 40, 16, 148, 91, 53, 2, 17, 77, 8, 89, 76, 85, 26, 31, 119, 66, 126, 138, 73, 69, 117, 79, 72, 80, 46, 65, 28, 48, 34, 52, 51, 49, 63, 60, 38, 62, 59, 83, 33, 39, 103, 104, 14, 45, 42, 106, 87, 88, 97, 82, 81, 99, 96, 120, 101, 102, 95, 114, 116, 115, 110, 9, 108, 13, 143, 107, 7, 10, 1, 12, 0, 6, 11, 30, 25, 20, 23, 4, 24, 19, 22, 3]",True,112926613863,112.926613863,"[5, 68, 57, 140, 146, 35, 139, 118, 64, 32, 144, 128, 78, 129, 27, 123, 67, 134, 55, 138, 85, 18, 116, 77, 7, 16, 40, 141, 142, 8, 15, 43, 136, 14, 126, 6, 37, 23, 100, 2, 127, 94, 53, 91, 17, 131, 76, 54, 50, 117, 56, 58, 29, 130, 112, 110, 13, 1, 119, 10, 9, 111, 120, 148, 108, 0, 114, 115, 47, 34, 26, 48, 107, 46, 52, 51, 49, 45, 62, 89, 86, 66, 73, 80, 72, 79, 65, 69, 63, 38, 33, 60, 39, 22, 59, 71, 102, 104, 101, 106, 103, 87, 42, 143, 20, 25, 88, 97, 4, 96, 95, 28, 83, 12, 99, 82, 81, 11, 30, 31, 3, 24, 19]","[19, 24, 3, 31, 30, 11, 81, 82, 99, 12, 83, 28, 95, 96, 4, 97, 88, 25, 20, 143, 42, 87, 103, 106, 101, 104, 102, 71, 59, 22, 39, 60, 33, 38, 63, 69, 65, 79, 72, 80, 73, 66, 86, 89, 62, 45, 49, 51, 52, 46, 107, 48, 26, 34, 47, 115, 114, 0, 108, 148, 120, 111, 9, 10, 119, 1, 13, 110, 112, 130, 29, 58, 56, 117, 50, 54, 76, 131, 17, 91, 53, 94, 127, 2, 100, 23, 37, 6, 126, 14, 136, 43, 15, 8, 142, 141, 40, 16, 7, 77, 116, 18, 85, 138, 55, 134, 67, 123, 27, 129, 78, 128, 144, 32, 64, 118, 139, 35, 146, 140, 57, 68, 5]",complete,5339,5339,11061,5078,8970,162,8808,2000,2,232,232,30,30,28,30
1,452,15,28,121,"[5, 21, 36, 41, 44, 61, 68, 70, 74, 75, 84, 90, 92, 93, 98, 105, 109, 121, 122, 124, 125, 132, 133, 135, 137, 145, 147, 149]","[0, 1, 2, 3, 4, 6, 7, 8, 9, 10, 11, 12, 13, 14, 15, 16, 17, 18, 19, 20, 22, 23, 24, 25, 26, 27, 28, 29, 30, 31, 32, 33, 34, 35, 37, 38, 39, 40, 42, 43, 45, 46, 47, 48, 49, 50, 51, 52, 53, 54, 55, 56, 57, 58, 59, 60, 62, 63, 64, 65, 66, 67, 69, 71, 72, 73, 76, 77, 78, 79, 80, 81, 82, 83, 85, 86, 87, 88, 89, 91, 94, 95, 96, 97, 99, 100, 101, 102, 103, 104, 106, 107, 108, 110, 111, 112, 114, 115, 116, 117, 118, 119, 120, 123, 126, 127, 128, 129, 130, 131, 134, 136, 138, 139, 140, 141, 142, 143, 144, 146, 148]","{""support_1"": 129, ""support_2"": 130}","[129, 130]",2,"[133, 109, 70, 90, 124, 21, 135, 149, 98, 41, 145, 74, 122, 147, 132, 105, 93, 137, 36, 61, 75, 44, 121, 125, 92, 84, 5, 68, 57, 140, 146, 35, 139, 118, 64, 32, 144, 128, 78, 129, 27, 123, 67, 58, 130, 100, 50, 71, 94, 136, 134, 112, 142, 56, 127, 111, 18, 131, 86, 141, 54, 37, 55, 47, 29, 15, 43, 40, 16, 148, 91, 53, 2, 17, 77, 8, 89, 76, 85, 26, 31, 119, 66, 126, 138, 73, 69, 117, 79, 72, 80, 46, 65, 28, 48, 34, 52, 51, 49, 63, 60, 38, 62, 59, 83, 33, 39, 103, 104, 14, 45, 42, 106, 87, 88, 97, 82, 81, 99, 96, 120, 101, 102, 95, 114, 116, 115, 110, 9, 108, 13, 143, 107, 7, 10, 1, 12, 0, 6, 11, 30, 25, 20, 23, 4, 24, 19, 22, 3]",True,112501471698,112.501471698,"[57, 140, 146, 35, 139, 118, 64, 32, 144, 128, 78, 129, 27, 123, 67, 134, 55, 138, 85, 18, 116, 77, 7, 16, 40, 141, 142, 8, 15, 43, 136, 14, 126, 6, 37, 23, 100, 2, 127, 94, 53, 91, 17, 131, 76, 54, 50, 117, 56, 58, 29, 130, 112, 110, 13, 1, 119, 10, 9, 111, 120, 148, 108, 0, 114, 115, 47, 34, 26, 48, 107, 46, 52, 51, 49, 45, 62, 89, 86, 66, 73, 80, 72, 79, 65, 69, 63, 38, 33, 60, 39, 22, 59, 71, 102, 104, 101, 106, 103, 87, 42, 143, 20, 25, 88, 97, 4, 96, 95, 28, 83, 12, 99, 82, 81, 11, 30, 31, 3, 24, 19]","[19, 24, 3, 31, 30, 11, 81, 82, 99, 12, 83, 28, 95, 96, 4, 97, 88, 25, 20, 143, 42, 87, 103, 106, 101, 104, 102, 71, 59, 22, 39, 60, 33, 38, 63, 69, 65, 79, 72, 80, 73, 66, 86, 89, 62, 45, 49, 51, 52, 46, 107, 48, 26, 34, 47, 115, 114, 0, 108, 148, 120, 111, 9, 10, 119, 1, 13, 110, 112, 130, 29, 58, 56, 117, 50, 54, 76, 131, 17, 91, 53, 94, 127, 2, 100, 23, 37, 6, 126, 14, 136, 43, 15, 8, 142, 141, 40, 16, 7, 77, 116, 18, 85, 138, 55, 134, 67, 123, 27, 129, 78, 128, 144, 32, 64, 118, 139, 35, 146, 140, 57]",complete,5335,5335,10836,5076,8966,162,8804,2000,2,228,228,30,30,28,30
1,452,16,30,119,"[5, 21, 36, 41, 44, 57, 61, 68, 70, 74, 75, 84, 90, 92, 93, 98, 105, 109, 121, 122, 124, 125, 132, 133, 135, 137, 140, 145, 147, 149]","[0, 1, 2, 3, 4, 6, 7, 8, 9, 10, 11, 12, 13, 14, 15, 16, 17, 18, 19, 20, 22, 23, 24, 25, 26, 27, 28, 29, 30, 31, 32, 33, 34, 35, 37, 38, 39, 40, 42, 43, 45, 46, 47, 48, 49, 50, 51, 52, 53, 54, 55, 56, 58, 59, 60, 62, 63, 64, 65, 66, 67, 69, 71, 72, 73, 76, 77, 78, 79, 80, 81, 82, 83, 85, 86, 87, 88, 89, 91, 94, 95, 96, 97, 99, 100, 101, 102, 103, 104, 106, 107, 108, 110, 111, 112, 114, 115, 116, 117, 118, 119, 120, 123, 126, 127, 128, 129, 130, 131, 134, 136, 138, 139, 141, 142, 143, 144, 146, 148]","{""support_1"": 129, ""support_2"": 130}","[129, 130]",2,"[133, 109, 70, 90, 124, 21, 135, 149, 98, 41, 145, 74, 122, 147, 132, 105, 93, 137, 36, 61, 75, 44, 121, 125, 92, 84, 5, 68, 57, 140, 146, 35, 139, 118, 64, 32, 144, 128, 78, 129, 27, 123, 67, 58, 130, 100, 50, 71, 94, 136, 134, 112, 142, 56, 127, 111, 18, 131, 86, 141, 54, 37, 55, 47, 29, 15, 43, 40, 16, 148, 91, 53, 2, 17, 77, 8, 89, 76, 85, 26, 31, 119, 66, 126, 138, 73, 69, 117, 79, 72, 80, 46, 65, 28, 48, 34, 52, 51, 49, 63, 60, 38, 62, 59, 83, 33, 39, 103, 104, 14, 45, 42, 106, 87, 88, 97, 82, 81, 99, 96, 120, 101, 102, 95, 114, 116, 115, 110, 9, 108, 13, 143, 107, 7, 10, 1, 12, 0, 6, 11, 30, 25, 20, 23, 4, 24, 19, 22, 3]",True,112033314035,112.033314035,"[146, 35, 139, 118, 64, 32, 144, 128, 78, 129, 27, 123, 67, 134, 55, 138, 85, 18, 116, 77, 7, 16, 40, 141, 142, 8, 15, 43, 136, 14, 126, 6, 37, 23, 100, 2, 127, 94, 53, 91, 17, 131, 76, 54, 50, 117, 56, 58, 29, 130, 112, 110, 13, 1, 119, 10, 9, 111, 120, 148, 108, 0, 114, 115, 47, 34, 26, 48, 107, 46, 52, 51, 49, 45, 62, 89, 86, 66, 73, 80, 72, 79, 65, 69, 63, 38, 33, 60, 39, 22, 59, 71, 102, 104, 101, 106, 103, 87, 42, 143, 20, 25, 88, 97, 4, 96, 95, 28, 83, 12, 99, 82, 81, 11, 30, 31, 3, 24, 19]","[19, 24, 3, 31, 30, 11, 81, 82, 99, 12, 83, 28, 95, 96, 4, 97, 88, 25, 20, 143, 42, 87, 103, 106, 101, 104, 102, 71, 59, 22, 39, 60, 33, 38, 63, 69, 65, 79, 72, 80, 73, 66, 86, 89, 62, 45, 49, 51, 52, 46, 107, 48, 26, 34, 47, 115, 114, 0, 108, 148, 120, 111, 9, 10, 119, 1, 13, 110, 112, 130, 29, 58, 56, 117, 50, 54, 76, 131, 17, 91, 53, 94, 127, 2, 100, 23, 37, 6, 126, 14, 136, 43, 15, 8, 142, 141, 40, 16, 7, 77, 116, 18, 85, 138, 55, 134, 67, 123, 27, 129, 78, 128, 144, 32, 64, 118, 139, 35, 146]",complete,5332,5332,10615,5075,8963,162,8801,2000,2,224,224,30,30,28,30
1,452,17,32,117,"[5, 21, 35, 36, 41, 44, 57, 61, 68, 70, 74, 75, 84, 90, 92, 93, 98, 105, 109, 121, 122, 124, 125, 132, 133, 135, 137, 140, 145, 146, 147, 149]","[0, 1, 2, 3, 4, 6, 7, 8, 9, 10, 11, 12, 13, 14, 15, 16, 17, 18, 19, 20, 22, 23, 24, 25, 26, 27, 28, 29, 30, 31, 32, 33, 34, 37, 38, 39, 40, 42, 43, 45, 46, 47, 48, 49, 50, 51, 52, 53, 54, 55, 56, 58, 59, 60, 62, 63, 64, 65, 66, 67, 69, 71, 72, 73, 76, 77, 78, 79, 80, 81, 82, 83, 85, 86, 87, 88, 89, 91, 94, 95, 96, 97, 99, 100, 101, 102, 103, 104, 106, 107, 108, 110, 111, 112, 114, 115, 116, 117, 118, 119, 120, 123, 126, 127, 128, 129, 130, 131, 134, 136, 138, 139, 141, 142, 143, 144, 148]","{""support_1"": 129, ""support_2"": 130}","[129, 130]",2,"[133, 109, 70, 90, 124, 21, 135, 149, 98, 41, 145, 74, 122, 147, 132, 105, 93, 137, 36, 61, 75, 44, 121, 125, 92, 84, 5, 68, 57, 140, 146, 35, 139, 118, 64, 32, 144, 128, 78, 129, 27, 123, 67, 58, 130, 100, 50, 71, 94, 136, 134, 112, 142, 56, 127, 111, 18, 131, 86, 141, 54, 37, 55, 47, 29, 15, 43, 40, 16, 148, 91, 53, 2, 17, 77, 8, 89, 76, 85, 26, 31, 119, 66, 126, 138, 73, 69, 117, 79, 72, 80, 46, 65, 28, 48, 34, 52, 51, 49, 63, 60, 38, 62, 59, 83, 33, 39, 103, 104, 14, 45, 42, 106, 87, 88, 97, 82, 81, 99, 96, 120, 101, 102, 95, 114, 116, 115, 110, 9, 108, 13, 143, 107, 7, 10, 1, 12, 0, 6, 11, 30, 25, 20, 23, 4, 24, 19, 22, 3]",True,112318087406,112.318087406,"[139, 118, 64, 32, 144, 128, 78, 129, 27, 123, 67, 134, 55, 138, 85, 18, 116, 77, 7, 16, 40, 141, 142, 8, 15, 43, 136, 14, 126, 6, 37, 23, 100, 2, 127, 94, 53, 91, 17, 131, 76, 54, 50, 117, 56, 58, 29, 130, 112, 110, 13, 1, 119, 10, 9, 111, 120, 148, 108, 0, 114, 115, 47, 34, 26, 48, 107, 46, 52, 51, 49, 45, 62, 89, 86, 66, 73, 80, 72, 79, 65, 69, 63, 38, 33, 60, 39, 22, 59, 71, 102, 104, 101, 106, 103, 87, 42, 143, 20, 25, 88, 97, 4, 96, 95, 28, 83, 12, 99, 82, 81, 11, 30, 31, 3, 24, 19]","[19, 24, 3, 31, 30, 11, 81, 82, 99, 12, 83, 28, 95, 96, 4, 97, 88, 25, 20, 143, 42, 87, 103, 106, 101, 104, 102, 71, 59, 22, 39, 60, 33, 38, 63, 69, 65, 79, 72, 80, 73, 66, 86, 89, 62, 45, 49, 51, 52, 46, 107, 48, 26, 34, 47, 115, 114, 0, 108, 148, 120, 111, 9, 10, 119, 1, 13, 110, 112, 130, 29, 58, 56, 117, 50, 54, 76, 131, 17, 91, 53, 94, 127, 2, 100, 23, 37, 6, 126, 14, 136, 43, 15, 8, 142, 141, 40, 16, 7, 77, 116, 18, 85, 138, 55, 134, 67, 123, 27, 129, 78, 128, 144, 32, 64, 118, 139]",complete,5330,5330,10398,5075,8961,162,8799,2000,2,220,220,30,30,28,30
1,452,18,34,115,"[5, 21, 35, 36, 41, 44, 57, 61, 68, 70, 74, 75, 84, 90, 92, 93, 98, 105, 109, 118, 121, 122, 124, 125, 132, 133, 135, 137, 139, 140, 145, 146, 147, 149]","[0, 1, 2, 3, 4, 6, 7, 8, 9, 10, 11, 12, 13, 14, 15, 16, 17, 18, 19, 20, 22, 23, 24, 25, 26, 27, 28, 29, 30, 31, 32, 33, 34, 37, 38, 39, 40, 42, 43, 45, 46, 47, 48, 49, 50, 51, 52, 53, 54, 55, 56, 58, 59, 60, 62, 63, 64, 65, 66, 67, 69, 71, 72, 73, 76, 77, 78, 79, 80, 81, 82, 83, 85, 86, 87, 88, 89, 91, 94, 95, 96, 97, 99, 100, 101, 102, 103, 104, 106, 107, 108, 110, 111, 112, 114, 115, 116, 117, 119, 120, 123, 126, 127, 128, 129, 130, 131, 134, 136, 138, 141, 142, 143, 144, 148]","{""support_1"": 129, ""support_2"": 130}","[129, 130]",2,"[133, 109, 70, 90, 124, 21, 135, 149, 98, 41, 145, 74, 122, 147, 132, 105, 93, 137, 36, 61, 75, 44, 121, 125, 92, 84, 5, 68, 57, 140, 146, 35, 139, 118, 64, 32, 144, 128, 78, 129, 27, 123, 67, 58, 130, 100, 50, 71, 94, 136, 134, 112, 142, 56, 127, 111, 18, 131, 86, 141, 54, 37, 55, 47, 29, 15, 43, 40, 16, 148, 91, 53, 2, 17, 77, 8, 89, 76, 85, 26, 31, 119, 66, 126, 138, 73, 69, 117, 79, 72, 80, 46, 65, 28, 48, 34, 52, 51, 49, 63, 60, 38, 62, 59, 83, 33, 39, 103, 104, 14, 45, 42, 106, 87, 88, 97, 82, 81, 99, 96, 120, 101, 102, 95, 114, 116, 115, 110, 9, 108, 13, 143, 107, 7, 10, 1, 12, 0, 6, 11, 30, 25, 20, 23, 4, 24, 19, 22, 3]",True,111813560079,111.813560079,"[64, 32, 144, 128, 78, 129, 27, 123, 67, 134, 55, 138, 85, 18, 116, 77, 7, 16, 40, 141, 142, 8, 15, 43, 136, 14, 126, 6, 37, 23, 100, 2, 127, 94, 53, 91, 17, 131, 76, 54, 50, 117, 56, 58, 29, 130, 112, 110, 13, 1, 119, 10, 9, 111, 120, 148, 108, 0, 114, 115, 47, 34, 26, 48, 107, 46, 52, 51, 49, 45, 62, 89, 86, 66, 73, 80, 72, 79, 65, 69, 63, 38, 33, 60, 39, 22, 59, 71, 102, 104, 101, 106, 103, 87, 42, 143, 20, 25, 88, 97, 4, 96, 95, 28, 83, 12, 99, 82, 81, 11, 30, 31, 3, 24, 19]","[19, 24, 3, 31, 30, 11, 81, 82, 99, 12, 83, 28, 95, 96, 4, 97, 88, 25, 20, 143, 42, 87, 103, 106, 101, 104, 102, 71, 59, 22, 39, 60, 33, 38, 63, 69, 65, 79, 72, 80, 73, 66, 86, 89, 62, 45, 49, 51, 52, 46, 107, 48, 26, 34, 47, 115, 114, 0, 108, 148, 120, 111, 9, 10, 119, 1, 13, 110, 112, 130, 29, 58, 56, 117, 50, 54, 76, 131, 17, 91, 53, 94, 127, 2, 100, 23, 37, 6, 126, 14, 136, 43, 15, 8, 142, 141, 40, 16, 7, 77, 116, 18, 85, 138, 55, 134, 67, 123, 27, 129, 78, 128, 144, 32, 64]",complete,5326,5326,10185,5073,8957,162,8795,2000,2,216,216,30,30,28,30
1,452,19,36,113,"[5, 21, 32, 35, 36, 41, 44, 57, 61, 64, 68, 70, 74, 75, 84, 90, 92, 93, 98, 105, 109, 118, 121, 122, 124, 125, 132, 133, 135, 137, 139, 140, 145, 146, 147, 149]","[0, 1, 2, 3, 4, 6, 7, 8, 9, 10, 11, 12, 13, 14, 15, 16, 17, 18, 19, 20, 22, 23, 24, 25, 26, 27, 28, 29, 30, 31, 33, 34, 37, 38, 39, 40, 42, 43, 45, 46, 47, 48, 49, 50, 51, 52, 53, 54, 55, 56, 58, 59, 60, 62, 63, 65, 66, 67, 69, 71, 72, 73, 76, 77, 78, 79, 80, 81, 82, 83, 85, 86, 87, 88, 89, 91, 94, 95, 96, 97, 99, 100, 101, 102, 103, 104, 106, 107, 108, 110, 111, 112, 114, 115, 116, 117, 119, 120, 123, 126, 127, 128, 129, 130, 131, 134, 136, 138, 141, 142, 143, 144, 148]","{""support_1"": 129, ""support_2"": 130}","[129, 130]",2,"[133, 109, 70, 90, 124, 21, 135, 149, 98, 41, 145, 74, 122, 147, 132, 105, 93, 137, 36, 61, 75, 44, 121, 125, 92, 84, 5, 68, 57, 140, 146, 35, 139, 118, 64, 32, 144, 128, 78, 129, 27, 123, 67, 58, 130, 100, 50, 71, 94, 136, 134, 112, 142, 56, 127, 111, 18, 131, 86, 141, 54, 37, 55, 47, 29, 15, 43, 40, 16, 148, 91, 53, 2, 17, 77, 8, 89, 76, 85, 26, 31, 119, 66, 126, 138, 73, 69, 117, 79, 72, 80, 46, 65, 28, 48, 34, 52, 51, 49, 63, 60, 38, 62, 59, 83, 33, 39, 103, 104, 14, 45, 42, 106, 87, 88, 97, 82, 81, 99, 96, 120, 101, 102, 95, 114, 116, 115, 110, 9, 108, 13, 143, 107, 7, 10, 1, 12, 0, 6, 11, 30, 25, 20, 23, 4, 24, 19, 22, 3]",True,111567079502,111.567079502,"[144, 128, 78, 129, 27, 123, 67, 134, 55, 138, 85, 18, 116, 77, 7, 16, 40, 141, 142, 8, 15, 43, 136, 14, 126, 6, 37, 23, 100, 2, 127, 94, 53, 91, 17, 131, 76, 54, 50, 117, 56, 58, 29, 130, 112, 110, 13, 1, 119, 10, 9, 111, 120, 148, 108, 0, 114, 115, 47, 34, 26, 48, 107, 46, 52, 51, 49, 45, 62, 89, 86, 66, 73, 80, 72, 79, 65, 69, 63, 38, 33, 60, 39, 22, 59, 71, 102, 104, 101, 106, 103, 87, 42, 143, 20, 25, 88, 97, 4, 96, 95, 28, 83, 12, 99, 82, 81, 11, 30, 31, 3, 24, 19]","[19, 24, 3, 31, 30, 11, 81, 82, 99, 12, 83, 28, 95, 96, 4, 97, 88, 25, 20, 143, 42, 87, 103, 106, 101, 104, 102, 71, 59, 22, 39, 60, 33, 38, 63, 69, 65, 79, 72, 80, 73, 66, 86, 89, 62, 45, 49, 51, 52, 46, 107, 48, 26, 34, 47, 115, 114, 0, 108, 148, 120, 111, 9, 10, 119, 1, 13, 110, 112, 130, 29, 58, 56, 117, 50, 54, 76, 131, 17, 91, 53, 94, 127, 2, 100, 23, 37, 6, 126, 14, 136, 43, 15, 8, 142, 141, 40, 16, 7, 77, 116, 18, 85, 138, 55, 134, 67, 123, 27, 129, 78, 128, 144]",complete,5322,5322,9976,5071,8953,162,8791,2000,2,212,212,30,30,28,30
1,452,20,38,111,"[5, 21, 32, 35, 36, 41, 44, 57, 61, 64, 68, 70, 74, 75, 84, 90, 92, 93, 98, 105, 109, 118, 121, 122, 124, 125, 128, 132, 133, 135, 137, 139, 140, 144, 145, 146, 147, 149]","[0, 1, 2, 3, 4, 6, 7, 8, 9, 10, 11, 12, 13, 14, 15, 16, 17, 18, 19, 20, 22, 23, 24, 25, 26, 27, 28, 29, 30, 31, 33, 34, 37, 38, 39, 40, 42, 43, 45, 46, 47, 48, 49, 50, 51, 52, 53, 54, 55, 56, 58, 59, 60, 62, 63, 65, 66, 67, 69, 71, 72, 73, 76, 77, 78, 79, 80, 81, 82, 83, 85, 86, 87, 88, 89, 91, 94, 95, 96, 97, 99, 100, 101, 102, 103, 104, 106, 107, 108, 110, 111, 112, 114, 115, 116, 117, 119, 120, 123, 126, 127, 129, 130, 131, 134, 136, 138, 141, 142, 143, 148]","{""support_1"": 129, ""support_2"": 130}","[129, 130]",2,"[133, 109, 70, 90, 124, 21, 135, 149, 98, 41, 145, 74, 122, 147, 132, 105, 93, 137, 36, 61, 75, 44, 121, 125, 92, 84, 5, 68, 57, 140, 146, 35, 139, 118, 64, 32, 144, 128, 78, 129, 27, 123, 67, 58, 130, 100, 50, 71, 94, 136, 134, 112, 142, 56, 127, 111, 18, 131, 86, 141, 54, 37, 55, 47, 29, 15, 43, 40, 16, 148, 91, 53, 2, 17, 77, 8, 89, 76, 85, 26, 31, 119, 66, 126, 138, 73, 69, 117, 79, 72, 80, 46, 65, 28, 48, 34, 52, 51, 49, 63, 60, 38, 62, 59, 83, 33, 39, 103, 104, 14, 45, 42, 106, 87, 88, 97, 82, 81, 99, 96, 120, 101, 102, 95, 114, 116, 115, 110, 9, 108, 13, 143, 107, 7, 10, 1, 12, 0, 6, 11, 30, 25, 20, 23, 4, 24, 19, 22, 3]",True,111680788248,111.680788248,"[78, 129, 27, 123, 67, 134, 55, 138, 85, 18, 116, 77, 7, 16, 40, 141, 142, 8, 15, 43, 136, 14, 126, 6, 37, 23, 100, 2, 127, 94, 53, 91, 17, 131, 76, 54, 50, 117, 56, 58, 29, 130, 112, 110, 13, 1, 119, 10, 9, 111, 120, 148, 108, 0, 114, 115, 47, 34, 26, 48, 107, 46, 52, 51, 49, 45, 62, 89, 86, 66, 73, 80, 72, 79, 65, 69, 63, 38, 33, 60, 39, 22, 59, 71, 102, 104, 101, 106, 103, 87, 42, 143, 20, 25, 88, 97, 4, 96, 95, 28, 83, 12, 99, 82, 81, 11, 30, 31, 3, 24, 19]","[19, 24, 3, 31, 30, 11, 81, 82, 99, 12, 83, 28, 95, 96, 4, 97, 88, 25, 20, 143, 42, 87, 103, 106, 101, 104, 102, 71, 59, 22, 39, 60, 33, 38, 63, 69, 65, 79, 72, 80, 73, 66, 86, 89, 62, 45, 49, 51, 52, 46, 107, 48, 26, 34, 47, 115, 114, 0, 108, 148, 120, 111, 9, 10, 119, 1, 13, 110, 112, 130, 29, 58, 56, 117, 50, 54, 76, 131, 17, 91, 53, 94, 127, 2, 100, 23, 37, 6, 126, 14, 136, 43, 15, 8, 142, 141, 40, 16, 7, 77, 116, 18, 85, 138, 55, 134, 67, 123, 27, 129, 78]",complete,5319,5319,9771,5070,8950,162,8788,2000,2,208,208,30,30,28,30
1,452,21,40,109,"[5, 21, 32, 35, 36, 41, 44, 57, 61, 64, 68, 70, 74, 75, 78, 84, 90, 92, 93, 98, 105, 109, 118, 121, 122, 124, 125, 128, 129, 132, 133, 135, 137, 139, 140, 144, 145, 146, 147, 149]","[0, 1, 2, 3, 4, 6, 7, 8, 9, 10, 11, 12, 13, 14, 15, 16, 17, 18, 19, 20, 22, 23, 24, 25, 26, 27, 28, 29, 30, 31, 33, 34, 37, 38, 39, 40, 42, 43, 45, 46, 47, 48, 49, 50, 51, 52, 53, 54, 55, 56, 58, 59, 60, 62, 63, 65, 66, 67, 69, 71, 72, 73, 76, 77, 79, 80, 81, 82, 83, 85, 86, 87, 88, 89, 91, 94, 95, 96, 97, 99, 100, 101, 102, 103, 104, 106, 107, 108, 110, 111, 112, 114, 115, 116, 117, 119, 120, 123, 126, 127, 130, 131, 134, 136, 138, 141, 142, 143, 148]","{""support_2"": 130}",[130],1,"[133, 109, 70, 90, 124, 21, 135, 149, 98, 41, 145, 74, 122, 147, 132, 105, 93, 137, 36, 61, 75, 44, 121, 125, 92, 84, 5, 68, 57, 140, 146, 35, 139, 118, 64, 32, 144, 128, 78, 129, 27, 123, 67, 58, 130, 100, 50, 71, 94, 136, 134, 112, 142, 56, 127, 111, 18, 131, 86, 141, 54, 37, 55, 47, 29, 15, 43, 40, 16, 148, 91, 53, 2, 17, 77, 8, 89, 76, 85, 26, 31, 119, 66, 126, 138, 73, 69, 117, 79, 72, 80, 46, 65, 28, 48, 34, 52, 51, 49, 63, 60, 38, 62, 59, 83, 33, 39, 103, 104, 14, 45, 42, 106, 87, 88, 97, 82, 81, 99, 96, 120, 101, 102, 95, 114, 116, 115, 110, 9, 108, 13, 143, 107, 7, 10, 1, 12, 0, 6, 11, 30, 25, 20, 23, 4, 24, 19, 22, 3]",True,111059314692,111.059314692,"[27, 123, 67, 134, 55, 138, 85, 18, 116, 77, 7, 16, 40, 141, 142, 8, 15, 43, 136, 14, 126, 6, 37, 23, 100, 2, 127, 94, 53, 91, 17, 131, 76, 54, 50, 117, 56, 58, 29, 130, 112, 110, 13, 1, 119, 10, 9, 111, 120, 148, 108, 0, 114, 115, 47, 34, 26, 48, 107, 46, 52, 51, 49, 45, 62, 89, 86, 66, 73, 80, 72, 79, 65, 69, 63, 38, 33, 60, 39, 22, 59, 71, 102, 104, 101, 106, 103, 87, 42, 143, 20, 25, 88, 97, 4, 96, 95, 28, 83, 12, 99, 82, 81, 11, 30, 31, 3, 24, 19]","[19, 24, 3, 31, 30, 11, 81, 82, 99, 12, 83, 28, 95, 96, 4, 97, 88, 25, 20, 143, 42, 87, 103, 106, 101, 104, 102, 71, 59, 22, 39, 60, 33, 38, 63, 69, 65, 79, 72, 80, 73, 66, 86, 89, 62, 45, 49, 51, 52, 46, 107, 48, 26, 34, 47, 115, 114, 0, 108, 148, 120, 111, 9, 10, 119, 1, 13, 110, 112, 130, 29, 58, 56, 117, 50, 54, 76, 131, 17, 91, 53, 94, 127, 2, 100, 23, 37, 6, 126, 14, 136, 43, 15, 8, 142, 141, 40, 16, 7, 77, 116, 18, 85, 138, 55, 134, 67, 123, 27]",complete,5312,5312,9570,5065,8943,162,8781,2000,2,205,205,29,29,28,29
1,452,22,42,107,"[5, 21, 27, 32, 35, 36, 41, 44, 57, 61, 64, 68, 70, 74, 75, 78, 84, 90, 92, 93, 98, 105, 109, 118, 121, 122, 123, 124, 125, 128, 129, 132, 133, 135, 137, 139, 140, 144, 145, 146, 147, 149]","[0, 1, 2, 3, 4, 6, 7, 8, 9, 10, 11, 12, 13, 14, 15, 16, 17, 18, 19, 20, 22, 23, 24, 25, 26, 28, 29, 30, 31, 33, 34, 37, 38, 39, 40, 42, 43, 45, 46, 47, 48, 49, 50, 51, 52, 53, 54, 55, 56, 58, 59, 60, 62, 63, 65, 66, 67, 69, 71, 72, 73, 76, 77, 79, 80, 81, 82, 83, 85, 86, 87, 88, 89, 91, 94, 95, 96, 97, 99, 100, 101, 102, 103, 104, 106, 107, 108, 110, 111, 112, 114, 115, 116, 117, 119, 120, 126, 127, 130, 131, 134, 136, 138, 141, 142, 143, 148]","{""support_2"": 130}",[130],1,"[133, 109, 70, 90, 124, 21, 135, 149, 98, 41, 145, 74, 122, 147, 132, 105, 93, 137, 36, 61, 75, 44, 121, 125, 92, 84, 5, 68, 57, 140, 146, 35, 139, 118, 64, 32, 144, 128, 78, 129, 27, 123, 67, 58, 130, 100, 50, 71, 94, 136, 134, 112, 142, 56, 127, 111, 18, 131, 86, 141, 54, 37, 55, 47, 29, 15, 43, 40, 16, 148, 91, 53, 2, 17, 77, 8, 89, 76, 85, 26, 31, 119, 66, 126, 138, 73, 69, 117, 79, 72, 80, 46, 65, 28, 48, 34, 52, 51, 49, 63, 60, 38, 62, 59, 83, 33, 39, 103, 104, 14, 45, 42, 106, 87, 88, 97, 82, 81, 99, 96, 120, 101, 102, 95, 114, 116, 115, 110, 9, 108, 13, 143, 107, 7, 10, 1, 12, 0, 6, 11, 30, 25, 20, 23, 4, 24, 19, 22, 3]",True,111524458973,111.524458973,"[67, 134, 55, 138, 85, 18, 116, 77, 7, 16, 40, 141, 142, 8, 15, 43, 136, 14, 126, 6, 37, 23, 100, 2, 127, 94, 53, 91, 17, 131, 76, 54, 50, 117, 56, 58, 29, 130, 112, 110, 13, 1, 119, 10, 9, 111, 120, 148, 108, 0, 114, 115, 47, 34, 26, 48, 107, 46, 52, 51, 49, 45, 62, 89, 86, 66, 73, 80, 72, 79, 65, 69, 63, 38, 33, 60, 39, 22, 59, 71, 102, 104, 101, 106, 103, 87, 42, 143, 20, 25, 88, 97, 4, 96, 95, 28, 83, 12, 99, 82, 81, 11, 30, 31, 3, 24, 19]","[19, 24, 3, 31, 30, 11, 81, 82, 99, 12, 83, 28, 95, 96, 4, 97, 88, 25, 20, 143, 42, 87, 103, 106, 101, 104, 102, 71, 59, 22, 39, 60, 33, 38, 63, 69, 65, 79, 72, 80, 73, 66, 86, 89, 62, 45, 49, 51, 52, 46, 107, 48, 26, 34, 47, 115, 114, 0, 108, 148, 120, 111, 9, 10, 119, 1, 13, 110, 112, 130, 29, 58, 56, 117, 50, 54, 76, 131, 17, 91, 53, 94, 127, 2, 100, 23, 37, 6, 126, 14, 136, 43, 15, 8, 142, 141, 40, 16, 7, 77, 116, 18, 85, 138, 55, 134, 67]",complete,5310,5310,9373,5065,8941,162,8779,2000,2,203,203,29,29,28,29
1,452,23,44,105,"[5, 21, 27, 32, 35, 36, 41, 44, 57, 58, 61, 64, 67, 68, 70, 74, 75, 78, 84, 90, 92, 93, 98, 105, 109, 118, 121, 122, 123, 124, 125, 128, 129, 132, 133, 135, 137, 139, 140, 144, 145, 146, 147, 149]","[0, 1, 2, 3, 4, 6, 7, 8, 9, 10, 11, 12, 13, 14, 15, 16, 17, 18, 19, 20, 22, 23, 24, 25, 26, 28, 29, 30, 31, 33, 34, 37, 38, 39, 40, 42, 43, 45, 46, 47, 48, 49, 50, 51, 52, 53, 54, 55, 56, 59, 60, 62, 63, 65, 66, 69, 71, 72, 73, 76, 77, 79, 80, 81, 82, 83, 85, 86, 87, 88, 89, 91, 94, 95, 96, 97, 99, 100, 101, 102, 103, 104, 106, 107, 108, 110, 111, 112, 114, 115, 116, 117, 119, 120, 126, 127, 130, 131, 134, 136, 138, 141, 142, 143, 148]","{""support_1"": 56, ""support_2"": 130}","[56, 130]",2,"[133, 109, 70, 90, 124, 21, 135, 149, 98, 41, 145, 74, 122, 147, 132, 105, 93, 137, 36, 61, 75, 44, 121, 125, 92, 84, 5, 68, 57, 140, 146, 35, 139, 118, 64, 32, 144, 128, 78, 129, 27, 123, 67, 58, 130, 100, 50, 71, 94, 136, 134, 112, 142, 56, 127, 111, 18, 131, 86, 141, 54, 37, 55, 47, 29, 15, 43, 40, 16, 148, 91, 53, 2, 17, 77, 8, 89, 76, 85, 26, 31, 119, 66, 126, 138, 73, 69, 117, 79, 72, 80, 46, 65, 28, 48, 34, 52, 51, 49, 63, 60, 38, 62, 59, 83, 33, 39, 103, 104, 14, 45, 42, 106, 87, 88, 97, 82, 81, 99, 96, 120, 101, 102, 95, 114, 116, 115, 110, 9, 108, 13, 143, 107, 7, 10, 1, 12, 0, 6, 11, 30, 25, 20, 23, 4, 24, 19, 22, 3]",True,155111933590,155.111933590,"[130, 100, 50, 71, 94, 136, 134, 112, 142, 56, 29, 111, 141, 43, 110, 31, 86, 28, 2, 16, 37, 85, 40, 53, 17, 77, 18, 26, 55, 119, 76, 117, 15, 48, 131, 127, 89, 8, 34, 69, 126, 79, 80, 104, 138, 72, 66, 73, 65, 91, 108, 148, 116, 115, 143, 114, 120, 106, 101, 102, 87, 103, 88, 107, 83, 82, 99, 96, 14, 97, 81, 9, 13, 10, 30, 11, 12, 7, 1, 6, 0, 23, 95, 4, 22, 20, 3, 42, 25, 24, 63, 19, 38, 60, 59, 52, 47, 39, 33, 62, 46, 49, 51, 54, 45]","[45, 54, 51, 49, 46, 62, 33, 39, 47, 52, 59, 60, 38, 19, 63, 24, 25, 42, 3, 20, 22, 4, 95, 23, 0, 6, 1, 7, 12, 11, 30, 10, 13, 9, 81, 97, 14, 96, 99, 82, 83, 107, 88, 103, 87, 102, 101, 106, 120, 114, 143, 115, 116, 148, 108, 91, 65, 73, 66, 72, 138, 104, 80, 79, 126, 69, 34, 8, 89, 127, 131, 48, 15, 117, 76, 119, 55, 26, 18, 77, 17, 53, 40, 85, 37, 16, 2, 28, 86, 31, 110, 43, 141, 111, 29, 56, 142, 112, 134, 136, 94, 71, 50, 100, 130]",complete,9602,9602,13542,9019,19045,694,18351,2000,2,204,204,32,32,31,33
1,452,24,46,103,"[5, 21, 27, 32, 35, 36, 41, 44, 57, 58, 61, 64, 67, 68, 70, 74, 75, 78, 84, 90, 92, 93, 98, 100, 105, 109, 118, 121, 122, 123, 124, 125, 128, 129, 130, 132, 133, 135, 137, 139, 140, 144, 145, 146, 147, 149]","[0, 1, 2, 3, 4, 6, 7, 8, 9, 10, 11, 12, 13, 14, 15, 16, 17, 18, 19, 20, 22, 23, 24, 25, 26, 28, 29, 30, 31, 33, 34, 37, 38, 39, 40, 42, 43, 45, 46, 47, 48, 49, 50, 51, 52, 53, 54, 55, 56, 59, 60, 62, 63, 65, 66, 69, 71, 72, 73, 76, 77, 79, 80, 81, 82, 83, 85, 86, 87, 88, 89, 91, 94, 95, 96, 97, 99, 101, 102, 103, 104, 106, 107, 108, 110, 111, 112, 114, 115, 116, 117, 119, 120, 126, 127, 131, 134, 136, 138, 141, 142, 143, 148]","{""support_1"": 56, ""support_2"": 76}","[56, 76]",2,"[133, 109, 70, 90, 124, 21, 135, 149, 98, 41, 145, 74, 122, 147, 132, 105, 93, 137, 36, 61, 75, 44, 121, 125, 92, 84, 5, 68, 57, 140, 146, 35, 139, 118, 64, 32, 144, 128, 78, 129, 27, 123, 67, 58, 130, 100, 50, 71, 94, 136, 134, 112, 142, 56, 127, 111, 18, 131, 86, 141, 54, 37, 55, 47, 29, 15, 43, 40, 16, 148, 91, 53, 2, 17, 77, 8, 89, 76, 85, 26, 31, 119, 66, 126, 138, 73, 69, 117, 79, 72, 80, 46, 65, 28, 48, 34, 52, 51, 49, 63, 60, 38, 62, 59, 83, 33, 39, 103, 104, 14, 45, 42, 106, 87, 88, 97, 82, 81, 99, 96, 120, 101, 102, 95, 114, 116, 115, 110, 9, 108, 13, 143, 107, 7, 10, 1, 12, 0, 6, 11, 30, 25, 20, 23, 4, 24, 19, 22, 3]",False,976935668415,976.935668415,[],[],stagnation_limit,39812,39812,42610,38161,72170,3053,69117,2000,2,92,92,6,6,4,4
1,452,25,48,101,"[5, 21, 27, 32, 35, 36, 41, 44, 50, 57, 58, 61, 64, 67, 68, 70, 71, 74, 75, 78, 84, 90, 92, 93, 98, 100, 105, 109, 118, 121, 122, 123, 124, 125, 128, 129, 130, 132, 133, 135, 137, 139, 140, 144, 145, 146, 147, 149]","[0, 1, 2, 3, 4, 6, 7, 8, 9, 10, 11, 12, 13, 14, 15, 16, 17, 18, 19, 20, 22, 23, 24, 25, 26, 28, 29, 30, 31, 33, 34, 37, 38, 39, 40, 42, 43, 45, 46, 47, 48, 49, 51, 52, 53, 54, 55, 56, 59, 60, 62, 63, 65, 66, 69, 72, 73, 76, 77, 79, 80, 81, 82, 83, 85, 86, 87, 88, 89, 91, 94, 95, 96, 97, 99, 101, 102, 103, 104, 106, 107, 108, 110, 111, 112, 114, 115, 116, 117, 119, 120, 126, 127, 131, 134, 136, 138, 141, 142, 143, 148]","{""support_1"": 56, ""support_2"": 76}","[56, 76]",2,"[133, 109, 70, 90, 124, 21, 135, 149, 98, 41, 145, 74, 122, 147, 132, 105, 93, 137, 36, 61, 75, 44, 121, 125, 92, 84, 5, 68, 57, 140, 146, 35, 139, 118, 64, 32, 144, 128, 78, 129, 27, 123, 67, 58, 130, 100, 50, 71, 94, 136, 134, 112, 142, 56, 127, 111, 18, 131, 86, 141, 54, 37, 55, 47, 29, 15, 43, 40, 16, 148, 91, 53, 2, 17, 77, 8, 89, 76, 85, 26, 31, 119, 66, 126, 138, 73, 69, 117, 79, 72, 80, 46, 65, 28, 48, 34, 52, 51, 49, 63, 60, 38, 62, 59, 83, 33, 39, 103, 104, 14, 45, 42, 106, 87, 88, 97, 82, 81, 99, 96, 120, 101, 102, 95, 114, 116, 115, 110, 9, 108, 13, 143, 107, 7, 10, 1, 12, 0, 6, 11, 30, 25, 20, 23, 4, 24, 19, 22, 3]",False,974331042435,974.331042435,[],[],stagnation_limit,39808,39808,42425,38159,72166,3053,69113,2000,2,88,88,6,6,4,4
1,452,26,50,99,"[5, 21, 27, 32, 35, 36, 41, 44, 50, 57, 58, 61, 64, 67, 68, 70, 71, 74, 75, 78, 84, 90, 92, 93, 94, 98, 100, 105, 109, 118, 121, 122, 123, 124, 125, 128, 129, 130, 132, 133, 135, 136, 137, 139, 140, 144, 145, 146, 147, 149]","[0, 1, 2, 3, 4, 6, 7, 8, 9, 10, 11, 12, 13, 14, 15, 16, 17, 18, 19, 20, 22, 23, 24, 25, 26, 28, 29, 30, 31, 33, 34, 37, 38, 39, 40, 42, 43, 45, 46, 47, 48, 49, 51, 52, 53, 54, 55, 56, 59, 60, 62, 63, 65, 66, 69, 72, 73, 76, 77, 79, 80, 81, 82, 83, 85, 86, 87, 88, 89, 91, 95, 96, 97, 99, 101, 102, 103, 104, 106, 107, 108, 110, 111, 112, 114, 115, 116, 117, 119, 120, 126, 127, 131, 134, 138, 141, 142, 143, 148]","{""support_1"": 56, ""support_2"": 76}","[56, 76]",2,"[133, 109, 70, 90, 124, 21, 135, 149, 98, 41, 145, 74, 122, 147, 132, 105, 93, 137, 36, 61, 75, 44, 121, 125, 92, 84, 5, 68, 57, 140, 146, 35, 139, 118, 64, 32, 144, 128, 78, 129, 27, 123, 67, 58, 130, 100, 50, 71, 94, 136, 134, 112, 142, 56, 127, 111, 18, 131, 86, 141, 54, 37, 55, 47, 29, 15, 43, 40, 16, 148, 91, 53, 2, 17, 77, 8, 89, 76, 85, 26, 31, 119, 66, 126, 138, 73, 69, 117, 79, 72, 80, 46, 65, 28, 48, 34, 52, 51, 49, 63, 60, 38, 62, 59, 83, 33, 39, 103, 104, 14, 45, 42, 106, 87, 88, 97, 82, 81, 99, 96, 120, 101, 102, 95, 114, 116, 115, 110, 9, 108, 13, 143, 107, 7, 10, 1, 12, 0, 6, 11, 30, 25, 20, 23, 4, 24, 19, 22, 3]",False,993575551202,993.575551202,[],[],stagnation_limit,39805,39805,42244,38158,72163,3053,69110,2000,2,84,84,6,6,4,4
1,452,27,52,97,"[5, 21, 27, 32, 35, 36, 41, 44, 50, 57, 58, 61, 64, 67, 68, 70, 71, 74, 75, 78, 84, 90, 92, 93, 94, 98, 100, 105, 109, 112, 118, 121, 122, 123, 124, 125, 128, 129, 130, 132, 133, 134, 135, 136, 137, 139, 140, 144, 145, 146, 147, 149]","[0, 1, 2, 3, 4, 6, 7, 8, 9, 10, 11, 12, 13, 14, 15, 16, 17, 18, 19, 20, 22, 23, 24, 25, 26, 28, 29, 30, 31, 33, 34, 37, 38, 39, 40, 42, 43, 45, 46, 47, 48, 49, 51, 52, 53, 54, 55, 56, 59, 60, 62, 63, 65, 66, 69, 72, 73, 76, 77, 79, 80, 81, 82, 83, 85, 86, 87, 88, 89, 91, 95, 96, 97, 99, 101, 102, 103, 104, 106, 107, 108, 110, 111, 114, 115, 116, 117, 119, 120, 126, 127, 131, 138, 141, 142, 143, 148]","{""support_1"": 56, ""support_2"": 76}","[56, 76]",2,"[133, 109, 70, 90, 124, 21, 135, 149, 98, 41, 145, 74, 122, 147, 132, 105, 93, 137, 36, 61, 75, 44, 121, 125, 92, 84, 5, 68, 57, 140, 146, 35, 139, 118, 64, 32, 144, 128, 78, 129, 27, 123, 67, 58, 130, 100, 50, 71, 94, 136, 134, 112, 142, 56, 127, 111, 18, 131, 86, 141, 54, 37, 55, 47, 29, 15, 43, 40, 16, 148, 91, 53, 2, 17, 77, 8, 89, 76, 85, 26, 31, 119, 66, 126, 138, 73, 69, 117, 79, 72, 80, 46, 65, 28, 48, 34, 52, 51, 49, 63, 60, 38, 62, 59, 83, 33, 39, 103, 104, 14, 45, 42, 106, 87, 88, 97, 82, 81, 99, 96, 120, 101, 102, 95, 114, 116, 115, 110, 9, 108, 13, 143, 107, 7, 10, 1, 12, 0, 6, 11, 30, 25, 20, 23, 4, 24, 19, 22, 3]",False,996026317105,996.026317105,[],[],stagnation_limit,39803,39803,42067,38158,72161,3053,69108,2000,2,80,80,6,6,4,4
1,452,28,54,95,"[5, 21, 27, 32, 35, 36, 41, 44, 50, 56, 57, 58, 61, 64, 67, 68, 70, 71, 74, 75, 78, 84, 90, 92, 93, 94, 98, 100, 105, 109, 112, 118, 121, 122, 123, 124, 125, 128, 129, 130, 132, 133, 134, 135, 136, 137, 139, 140, 142, 144, 145, 146, 147, 149]","[0, 1, 2, 3, 4, 6, 7, 8, 9, 10, 11, 12, 13, 14, 15, 16, 17, 18, 19, 20, 22, 23, 24, 25, 26, 28, 29, 30, 31, 33, 34, 37, 38, 39, 40, 42, 43, 45, 46, 47, 48, 49, 51, 52, 53, 54, 55, 59, 60, 62, 63, 65, 66, 69, 72, 73, 76, 77, 79, 80, 81, 82, 83, 85, 86, 87, 88, 89, 91, 95, 96, 97, 99, 101, 102, 103, 104, 106, 107, 108, 110, 111, 114, 115, 116, 117, 119, 120, 126, 127, 131, 138, 141, 143, 148]","{""support_1"": 48, ""support_2"": 76}","[48, 76]",2,"[133, 109, 70, 90, 124, 21, 135, 149, 98, 41, 145, 74, 122, 147, 132, 105, 93, 137, 36, 61, 75, 44, 121, 125, 92, 84, 5, 68, 57, 140, 146, 35, 139, 118, 64, 32, 144, 128, 78, 129, 27, 123, 67, 58, 130, 100, 50, 71, 94, 136, 134, 112, 142, 56, 127, 111, 18, 131, 86, 141, 54, 37, 55, 47, 29, 15, 43, 40, 16, 148, 91, 53, 2, 17, 77, 8, 89, 76, 85, 26, 31, 119, 66, 126, 138, 73, 69, 117, 79, 72, 80, 46, 65, 28, 48, 34, 52, 51, 49, 63, 60, 38, 62, 59, 83, 33, 39, 103, 104, 14, 45, 42, 106, 87, 88, 97, 82, 81, 99, 96, 120, 101, 102, 95, 114, 116, 115, 110, 9, 108, 13, 143, 107, 7, 10, 1, 12, 0, 6, 11, 30, 25, 20, 23, 4, 24, 19, 22, 3]",True,222752778315,222.752778315,"[127, 111, 18, 131, 86, 141, 54, 37, 55, 47, 29, 15, 43, 40, 16, 148, 91, 53, 2, 17, 77, 8, 89, 76, 80, 28, 23, 138, 117, 69, 126, 79, 119, 72, 104, 73, 66, 65, 85, 110, 108, 116, 115, 114, 107, 97, 120, 106, 101, 102, 96, 26, 99, 87, 103, 88, 95, 82, 83, 48, 52, 46, 34, 81, 51, 49, 62, 38, 39, 63, 22, 45, 33, 60, 20, 143, 59, 31, 9, 42, 25, 7, 11, 30, 24, 13, 14, 12, 1, 10, 6, 0, 4, 3, 19]","[19, 3, 4, 0, 6, 10, 1, 12, 14, 13, 24, 30, 11, 7, 25, 42, 9, 31, 59, 143, 20, 60, 33, 45, 22, 63, 39, 38, 62, 49, 51, 81, 34, 46, 52, 48, 83, 82, 95, 88, 103, 87, 99, 26, 96, 102, 101, 106, 120, 97, 107, 114, 115, 116, 108, 110, 85, 65, 66, 73, 104, 72, 119, 79, 126, 69, 117, 138, 23, 28, 80, 76, 89, 8, 77, 17, 2, 53, 91, 148, 16, 40, 43, 15, 29, 47, 55, 37, 54, 141, 86, 131, 18, 111, 127]",complete,10362,10362,13522,9918,19311,631,18680,2000,2,179,179,35,35,33,35
1,452,29,56,93,"[5, 21, 27, 32, 35, 36, 41, 44, 50, 56, 57, 58, 61, 64, 67, 68, 70, 71, 74, 75, 78, 84, 90, 92, 93, 94, 98, 100, 105, 109, 111, 112, 118, 121, 122, 123, 124, 125, 127, 128, 129, 130, 132, 133, 134, 135, 136, 137, 139, 140, 142, 144, 145, 146, 147, 149]","[0, 1, 2, 3, 4, 6, 7, 8, 9, 10, 11, 12, 13, 14, 15, 16, 17, 18, 19, 20, 22, 23, 24, 25, 26, 28, 29, 30, 31, 33, 34, 37, 38, 39, 40, 42, 43, 45, 46, 47, 48, 49, 51, 52, 53, 54, 55, 59, 60, 62, 63, 65, 66, 69, 72, 73, 76, 77, 79, 80, 81, 82, 83, 85, 86, 87, 88, 89, 91, 95, 96, 97, 99, 101, 102, 103, 104, 106, 107, 108, 110, 114, 115, 116, 117, 119, 120, 126, 131, 138, 141, 143, 148]","{""support_1"": 48, ""support_2"": 76}","[48, 76]",2,"[133, 109, 70, 90, 124, 21, 135, 149, 98, 41, 145, 74, 122, 147, 132, 105, 93, 137, 36, 61, 75, 44, 121, 125, 92, 84, 5, 68, 57, 140, 146, 35, 139, 118, 64, 32, 144, 128, 78, 129, 27, 123, 67, 58, 130, 100, 50, 71, 94, 136, 134, 112, 142, 56, 127, 111, 18, 131, 86, 141, 54, 37, 55, 47, 29, 15, 43, 40, 16, 148, 91, 53, 2, 17, 77, 8, 89, 76, 85, 26, 31, 119, 66, 126, 138, 73, 69, 117, 79, 72, 80, 46, 65, 28, 48, 34, 52, 51, 49, 63, 60, 38, 62, 59, 83, 33, 39, 103, 104, 14, 45, 42, 106, 87, 88, 97, 82, 81, 99, 96, 120, 101, 102, 95, 114, 116, 115, 110, 9, 108, 13, 143, 107, 7, 10, 1, 12, 0, 6, 11, 30, 25, 20, 23, 4, 24, 19, 22, 3]",True,216430448297,216.430448297,"[18, 131, 86, 141, 54, 37, 55, 47, 29, 15, 43, 40, 16, 148, 91, 53, 2, 17, 77, 8, 89, 76, 80, 28, 23, 138, 117, 69, 126, 79, 119, 72, 104, 73, 66, 65, 85, 110, 108, 116, 115, 114, 107, 97, 120, 106, 101, 102, 96, 26, 99, 87, 103, 88, 95, 82, 83, 48, 52, 46, 34, 81, 51, 49, 62, 38, 39, 63, 22, 45, 33, 60, 20, 143, 59, 31, 9, 42, 25, 7, 11, 30, 24, 13, 14, 12, 1, 10, 6, 0, 4, 3, 19]","[19, 3, 4, 0, 6, 10, 1, 12, 14, 13, 24, 30, 11, 7, 25, 42, 9, 31, 59, 143, 20, 60, 33, 45, 22, 63, 39, 38, 62, 49, 51, 81, 34, 46, 52, 48, 83, 82, 95, 88, 103, 87, 99, 26, 96, 102, 101, 106, 120, 97, 107, 114, 115, 116, 108, 110, 85, 65, 66, 73, 104, 72, 119, 79, 126, 69, 117, 138, 23, 28, 80, 76, 89, 8, 77, 17, 2, 53, 91, 148, 16, 40, 43, 15, 29, 47, 55, 37, 54, 141, 86, 131, 18]",complete,10359,10359,13353,9917,19308,631,18677,2000,2,175,175,35,35,33,35
1,452,30,58,91,"[5, 18, 21, 27, 32, 35, 36, 41, 44, 50, 56, 57, 58, 61, 64, 67, 68, 70, 71, 74, 75, 78, 84, 90, 92, 93, 94, 98, 100, 105, 109, 111, 112, 118, 121, 122, 123, 124, 125, 127, 128, 129, 130, 131, 132, 133, 134, 135, 136, 137, 139, 140, 142, 144, 145, 146, 147, 149]","[0, 1, 2, 3, 4, 6, 7, 8, 9, 10, 11, 12, 13, 14, 15, 16, 17, 19, 20, 22, 23, 24, 25, 26, 28, 29, 30, 31, 33, 34, 37, 38, 39, 40, 42, 43, 45, 46, 47, 48, 49, 51, 52, 53, 54, 55, 59, 60, 62, 63, 65, 66, 69, 72, 73, 76, 77, 79, 80, 81, 82, 83, 85, 86, 87, 88, 89, 91, 95, 96, 97, 99, 101, 102, 103, 104, 106, 107, 108, 110, 114, 115, 116, 117, 119, 120, 126, 138, 141, 143, 148]","{""support_1"": 48, ""support_2"": 76}","[48, 76]",2,"[133, 109, 70, 90, 124, 21, 135, 149, 98, 41, 145, 74, 122, 147, 132, 105, 93, 137, 36, 61, 75, 44, 121, 125, 92, 84, 5, 68, 57, 140, 146, 35, 139, 118, 64, 32, 144, 128, 78, 129, 27, 123, 67, 58, 130, 100, 50, 71, 94, 136, 134, 112, 142, 56, 127, 111, 18, 131, 86, 141, 54, 37, 55, 47, 29, 15, 43, 40, 16, 148, 91, 53, 2, 17, 77, 8, 89, 76, 85, 26, 31, 119, 66, 126, 138, 73, 69, 117, 79, 72, 80, 46, 65, 28, 48, 34, 52, 51, 49, 63, 60, 38, 62, 59, 83, 33, 39, 103, 104, 14, 45, 42, 106, 87, 88, 97, 82, 81, 99, 96, 120, 101, 102, 95, 114, 116, 115, 110, 9, 108, 13, 143, 107, 7, 10, 1, 12, 0, 6, 11, 30, 25, 20, 23, 4, 24, 19, 22, 3]",True,213472289137,213.472289137,"[86, 141, 54, 37, 55, 47, 29, 15, 43, 40, 16, 148, 91, 53, 2, 17, 77, 8, 89, 76, 80, 28, 23, 138, 117, 69, 126, 79, 119, 72, 104, 73, 66, 65, 85, 110, 108, 116, 115, 114, 107, 97, 120, 106, 101, 102, 96, 26, 99, 87, 103, 88, 95, 82, 83, 48, 52, 46, 34, 81, 51, 49, 62, 38, 39, 63, 22, 45, 33, 60, 20, 143, 59, 31, 9, 42, 25, 7, 11, 30, 24, 13, 14, 12, 1, 10, 6, 0, 4, 3, 19]","[19, 3, 4, 0, 6, 10, 1, 12, 14, 13, 24, 30, 11, 7, 25, 42, 9, 31, 59, 143, 20, 60, 33, 45, 22, 63, 39, 38, 62, 49, 51, 81, 34, 46, 52, 48, 83, 82, 95, 88, 103, 87, 99, 26, 96, 102, 101, 106, 120, 97, 107, 114, 115, 116, 108, 110, 85, 65, 66, 73, 104, 72, 119, 79, 126, 69, 117, 138, 23, 28, 80, 76, 89, 8, 77, 17, 2, 53, 91, 148, 16, 40, 43, 15, 29, 47, 55, 37, 54, 141, 86]",complete,10355,10355,13188,9915,19304,631,18673,2000,2,171,171,35,35,33,35
1,452,31,60,89,"[5, 18, 21, 27, 32, 35, 36, 41, 44, 50, 56, 57, 58, 61, 64, 67, 68, 70, 71, 74, 75, 78, 84, 86, 90, 92, 93, 94, 98, 100, 105, 109, 111, 112, 118, 121, 122, 123, 124, 125, 127, 128, 129, 130, 131, 132, 133, 134, 135, 136, 137, 139, 140, 141, 142, 144, 145, 146, 147, 149]","[0, 1, 2, 3, 4, 6, 7, 8, 9, 10, 11, 12, 13, 14, 15, 16, 17, 19, 20, 22, 23, 24, 25, 26, 28, 29, 30, 31, 33, 34, 37, 38, 39, 40, 42, 43, 45, 46, 47, 48, 49, 51, 52, 53, 54, 55, 59, 60, 62, 63, 65, 66, 69, 72, 73, 76, 77, 79, 80, 81, 82, 83, 85, 87, 88, 89, 91, 95, 96, 97, 99, 101, 102, 103, 104, 106, 107, 108, 110, 114, 115, 116, 117, 119, 120, 126, 138, 143, 148]","{""support_1"": 48, ""support_2"": 76}","[48, 76]",2,"[133, 109, 70, 90, 124, 21, 135, 149, 98, 41, 145, 74, 122, 147, 132, 105, 93, 137, 36, 61, 75, 44, 121, 125, 92, 84, 5, 68, 57, 140, 146, 35, 139, 118, 64, 32, 144, 128, 78, 129, 27, 123, 67, 58, 130, 100, 50, 71, 94, 136, 134, 112, 142, 56, 127, 111, 18, 131, 86, 141, 54, 37, 55, 47, 29, 15, 43, 40, 16, 148, 91, 53, 2, 17, 77, 8, 89, 76, 85, 26, 31, 119, 66, 126, 138, 73, 69, 117, 79, 72, 80, 46, 65, 28, 48, 34, 52, 51, 49, 63, 60, 38, 62, 59, 83, 33, 39, 103, 104, 14, 45, 42, 106, 87, 88, 97, 82, 81, 99, 96, 120, 101, 102, 95, 114, 116, 115, 110, 9, 108, 13, 143, 107, 7, 10, 1, 12, 0, 6, 11, 30, 25, 20, 23, 4, 24, 19, 22, 3]",True,216912246016,216.912246016,"[54, 37, 55, 47, 29, 15, 43, 40, 16, 148, 91, 53, 2, 17, 77, 8, 89, 76, 80, 28, 23, 138, 117, 69, 126, 79, 119, 72, 104, 73, 66, 65, 85, 110, 108, 116, 115, 114, 107, 97, 120, 106, 101, 102, 96, 26, 99, 87, 103, 88, 95, 82, 83, 48, 52, 46, 34, 81, 51, 49, 62, 38, 39, 63, 22, 45, 33, 60, 20, 143, 59, 31, 9, 42, 25, 7, 11, 30, 24, 13, 14, 12, 1, 10, 6, 0, 4, 3, 19]","[19, 3, 4, 0, 6, 10, 1, 12, 14, 13, 24, 30, 11, 7, 25, 42, 9, 31, 59, 143, 20, 60, 33, 45, 22, 63, 39, 38, 62, 49, 51, 81, 34, 46, 52, 48, 83, 82, 95, 88, 103, 87, 99, 26, 96, 102, 101, 106, 120, 97, 107, 114, 115, 116, 108, 110, 85, 65, 66, 73, 104, 72, 119, 79, 126, 69, 117, 138, 23, 28, 80, 76, 89, 8, 77, 17, 2, 53, 91, 148, 16, 40, 43, 15, 29, 47, 55, 37, 54]",complete,10350,10350,13027,9912,19299,631,18668,2000,2,167,167,35,35,33,35
1,452,32,62,87,"[5, 18, 21, 27, 32, 35, 36, 37, 41, 44, 50, 54, 56, 57, 58, 61, 64, 67, 68, 70, 71, 74, 75, 78, 84, 86, 90, 92, 93, 94, 98, 100, 105, 109, 111, 112, 118, 121, 122, 123, 124, 125, 127, 128, 129, 130, 131, 132, 133, 134, 135, 136, 137, 139, 140, 141, 142, 144, 145, 146, 147, 149]","[0, 1, 2, 3, 4, 6, 7, 8, 9, 10, 11, 12, 13, 14, 15, 16, 17, 19, 20, 22, 23, 24, 25, 26, 28, 29, 30, 31, 33, 34, 38, 39, 40, 42, 43, 45, 46, 47, 48, 49, 51, 52, 53, 55, 59, 60, 62, 63, 65, 66, 69, 72, 73, 76, 77, 79, 80, 81, 82, 83, 85, 87, 88, 89, 91, 95, 96, 97, 99, 101, 102, 103, 104, 106, 107, 108, 110, 114, 115, 116, 117, 119, 120, 126, 138, 143, 148]","{""support_1"": 48, ""support_2"": 76}","[48, 76]",2,"[133, 109, 70, 90, 124, 21, 135, 149, 98, 41, 145, 74, 122, 147, 132, 105, 93, 137, 36, 61, 75, 44, 121, 125, 92, 84, 5, 68, 57, 140, 146, 35, 139, 118, 64, 32, 144, 128, 78, 129, 27, 123, 67, 58, 130, 100, 50, 71, 94, 136, 134, 112, 142, 56, 127, 111, 18, 131, 86, 141, 54, 37, 55, 47, 29, 15, 43, 40, 16, 148, 91, 53, 2, 17, 77, 8, 89, 76, 85, 26, 31, 119, 66, 126, 138, 73, 69, 117, 79, 72, 80, 46, 65, 28, 48, 34, 52, 51, 49, 63, 60, 38, 62, 59, 83, 33, 39, 103, 104, 14, 45, 42, 106, 87, 88, 97, 82, 81, 99, 96, 120, 101, 102, 95, 114, 116, 115, 110, 9, 108, 13, 143, 107, 7, 10, 1, 12, 0, 6, 11, 30, 25, 20, 23, 4, 24, 19, 22, 3]",True,215479264972,215.479264972,"[55, 47, 29, 15, 43, 40, 16, 148, 91, 53, 2, 17, 77, 8, 89, 76, 80, 28, 23, 138, 117, 69, 126, 79, 119, 72, 104, 73, 66, 65, 85, 110, 108, 116, 115, 114, 107, 97, 120, 106, 101, 102, 96, 26, 99, 87, 103, 88, 95, 82, 83, 48, 52, 46, 34, 81, 51, 49, 62, 38, 39, 63, 22, 45, 33, 60, 20, 143, 59, 31, 9, 42, 25, 7, 11, 30, 24, 13, 14, 12, 1, 10, 6, 0, 4, 3, 19]","[19, 3, 4, 0, 6, 10, 1, 12, 14, 13, 24, 30, 11, 7, 25, 42, 9, 31, 59, 143, 20, 60, 33, 45, 22, 63, 39, 38, 62, 49, 51, 81, 34, 46, 52, 48, 83, 82, 95, 88, 103, 87, 99, 26, 96, 102, 101, 106, 120, 97, 107, 114, 115, 116, 108, 110, 85, 65, 66, 73, 104, 72, 119, 79, 126, 69, 117, 138, 23, 28, 80, 76, 89, 8, 77, 17, 2, 53, 91, 148, 16, 40, 43, 15, 29, 47, 55]",complete,10346,10346,12870,9910,19295,631,18664,2000,2,163,163,35,35,33,35
1,452,33,64,85,"[5, 18, 21, 27, 32, 35, 36, 37, 41, 44, 47, 50, 54, 55, 56, 57, 58, 61, 64, 67, 68, 70, 71, 74, 75, 78, 84, 86, 90, 92, 93, 94, 98, 100, 105, 109, 111, 112, 118, 121, 122, 123, 124, 125, 127, 128, 129, 130, 131, 132, 133, 134, 135, 136, 137, 139, 140, 141, 142, 144, 145, 146, 147, 149]","[0, 1, 2, 3, 4, 6, 7, 8, 9, 10, 11, 12, 13, 14, 15, 16, 17, 19, 20, 22, 23, 24, 25, 26, 28, 29, 30, 31, 33, 34, 38, 39, 40, 42, 43, 45, 46, 48, 49, 51, 52, 53, 59, 60, 62, 63, 65, 66, 69, 72, 73, 76, 77, 79, 80, 81, 82, 83, 85, 87, 88, 89, 91, 95, 96, 97, 99, 101, 102, 103, 104, 106, 107, 108, 110, 114, 115, 116, 117, 119, 120, 126, 138, 143, 148]","{""support_1"": 48, ""support_2"": 76}","[48, 76]",2,"[133, 109, 70, 90, 124, 21, 135, 149, 98, 41, 145, 74, 122, 147, 132, 105, 93, 137, 36, 61, 75, 44, 121, 125, 92, 84, 5, 68, 57, 140, 146, 35, 139, 118, 64, 32, 144, 128, 78, 129, 27, 123, 67, 58, 130, 100, 50, 71, 94, 136, 134, 112, 142, 56, 127, 111, 18, 131, 86, 141, 54, 37, 55, 47, 29, 15, 43, 40, 16, 148, 91, 53, 2, 17, 77, 8, 89, 76, 85, 26, 31, 119, 66, 126, 138, 73, 69, 117, 79, 72, 80, 46, 65, 28, 48, 34, 52, 51, 49, 63, 60, 38, 62, 59, 83, 33, 39, 103, 104, 14, 45, 42, 106, 87, 88, 97, 82, 81, 99, 96, 120, 101, 102, 95, 114, 116, 115, 110, 9, 108, 13, 143, 107, 7, 10, 1, 12, 0, 6, 11, 30, 25, 20, 23, 4, 24, 19, 22, 3]",True,212764910734,212.764910734,"[29, 15, 43, 40, 16, 148, 91, 53, 2, 17, 77, 8, 89, 76, 80, 28, 23, 138, 117, 69, 126, 79, 119, 72, 104, 73, 66, 65, 85, 110, 108, 116, 115, 114, 107, 97, 120, 106, 101, 102, 96, 26, 99, 87, 103, 88, 95, 82, 83, 48, 52, 46, 34, 81, 51, 49, 62, 38, 39, 63, 22, 45, 33, 60, 20, 143, 59, 31, 9, 42, 25, 7, 11, 30, 24, 13, 14, 12, 1, 10, 6, 0, 4, 3, 19]","[19, 3, 4, 0, 6, 10, 1, 12, 14, 13, 24, 30, 11, 7, 25, 42, 9, 31, 59, 143, 20, 60, 33, 45, 22, 63, 39, 38, 62, 49, 51, 81, 34, 46, 52, 48, 83, 82, 95, 88, 103, 87, 99, 26, 96, 102, 101, 106, 120, 97, 107, 114, 115, 116, 108, 110, 85, 65, 66, 73, 104, 72, 119, 79, 126, 69, 117, 138, 23, 28, 80, 76, 89, 8, 77, 17, 2, 53, 91, 148, 16, 40, 43, 15, 29]",complete,10344,10344,12717,9910,19293,631,18662,2000,2,159,159,35,35,33,35
1,452,34,66,83,"[5, 15, 18, 21, 27, 29, 32, 35, 36, 37, 41, 44, 47, 50, 54, 55, 56, 57, 58, 61, 64, 67, 68, 70, 71, 74, 75, 78, 84, 86, 90, 92, 93, 94, 98, 100, 105, 109, 111, 112, 118, 121, 122, 123, 124, 125, 127, 128, 129, 130, 131, 132, 133, 134, 135, 136, 137, 139, 140, 141, 142, 144, 145, 146, 147, 149]","[0, 1, 2, 3, 4, 6, 7, 8, 9, 10, 11, 12, 13, 14, 16, 17, 19, 20, 22, 23, 24, 25, 26, 28, 30, 31, 33, 34, 38, 39, 40, 42, 43, 45, 46, 48, 49, 51, 52, 53, 59, 60, 62, 63, 65, 66, 69, 72, 73, 76, 77, 79, 80, 81, 82, 83, 85, 87, 88, 89, 91, 95, 96, 97, 99, 101, 102, 103, 104, 106, 107, 108, 110, 114, 115, 116, 117, 119, 120, 126, 138, 143, 148]","{""support_1"": 48, ""support_2"": 76}","[48, 76]",2,"[133, 109, 70, 90, 124, 21, 135, 149, 98, 41, 145, 74, 122, 147, 132, 105, 93, 137, 36, 61, 75, 44, 121, 125, 92, 84, 5, 68, 57, 140, 146, 35, 139, 118, 64, 32, 144, 128, 78, 129, 27, 123, 67, 58, 130, 100, 50, 71, 94, 136, 134, 112, 142, 56, 127, 111, 18, 131, 86, 141, 54, 37, 55, 47, 29, 15, 43, 40, 16, 148, 91, 53, 2, 17, 77, 8, 89, 76, 85, 26, 31, 119, 66, 126, 138, 73, 69, 117, 79, 72, 80, 46, 65, 28, 48, 34, 52, 51, 49, 63, 60, 38, 62, 59, 83, 33, 39, 103, 104, 14, 45, 42, 106, 87, 88, 97, 82, 81, 99, 96, 120, 101, 102, 95, 114, 116, 115, 110, 9, 108, 13, 143, 107, 7, 10, 1, 12, 0, 6, 11, 30, 25, 20, 23, 4, 24, 19, 22, 3]",True,210951879309,210.951879309,"[43, 40, 16, 148, 91, 53, 2, 17, 77, 8, 89, 76, 80, 28, 23, 138, 117, 69, 126, 79, 119, 72, 104, 73, 66, 65, 85, 110, 108, 116, 115, 114, 107, 97, 120, 106, 101, 102, 96, 26, 99, 87, 103, 88, 95, 82, 83, 48, 52, 46, 34, 81, 51, 49, 62, 38, 39, 63, 22, 45, 33, 60, 20, 143, 59, 31, 9, 42, 25, 7, 11, 30, 24, 13, 14, 12, 1, 10, 6, 0, 4, 3, 19]","[19, 3, 4, 0, 6, 10, 1, 12, 14, 13, 24, 30, 11, 7, 25, 42, 9, 31, 59, 143, 20, 60, 33, 45, 22, 63, 39, 38, 62, 49, 51, 81, 34, 46, 52, 48, 83, 82, 95, 88, 103, 87, 99, 26, 96, 102, 101, 106, 120, 97, 107, 114, 115, 116, 108, 110, 85, 65, 66, 73, 104, 72, 119, 79, 126, 69, 117, 138, 23, 28, 80, 76, 89, 8, 77, 17, 2, 53, 91, 148, 16, 40, 43]",complete,10339,10339,12568,9907,19288,631,18657,2000,2,155,155,35,35,33,35
1,452,35,68,81,"[5, 15, 18, 21, 27, 29, 32, 35, 36, 37, 40, 41, 43, 44, 47, 50, 54, 55, 56, 57, 58, 61, 64, 67, 68, 70, 71, 74, 75, 78, 84, 86, 90, 92, 93, 94, 98, 100, 105, 109, 111, 112, 118, 121, 122, 123, 124, 125, 127, 128, 129, 130, 131, 132, 133, 134, 135, 136, 137, 139, 140, 141, 142, 144, 145, 146, 147, 149]","[0, 1, 2, 3, 4, 6, 7, 8, 9, 10, 11, 12, 13, 14, 16, 17, 19, 20, 22, 23, 24, 25, 26, 28, 30, 31, 33, 34, 38, 39, 42, 45, 46, 48, 49, 51, 52, 53, 59, 60, 62, 63, 65, 66, 69, 72, 73, 76, 77, 79, 80, 81, 82, 83, 85, 87, 88, 89, 91, 95, 96, 97, 99, 101, 102, 103, 104, 106, 107, 108, 110, 114, 115, 116, 117, 119, 120, 126, 138, 143, 148]","{""support_1"": 48, ""support_2"": 76}","[48, 76]",2,"[133, 109, 70, 90, 124, 21, 135, 149, 98, 41, 145, 74, 122, 147, 132, 105, 93, 137, 36, 61, 75, 44, 121, 125, 92, 84, 5, 68, 57, 140, 146, 35, 139, 118, 64, 32, 144, 128, 78, 129, 27, 123, 67, 58, 130, 100, 50, 71, 94, 136, 134, 112, 142, 56, 127, 111, 18, 131, 86, 141, 54, 37, 55, 47, 29, 15, 43, 40, 16, 148, 91, 53, 2, 17, 77, 8, 89, 76, 85, 26, 31, 119, 66, 126, 138, 73, 69, 117, 79, 72, 80, 46, 65, 28, 48, 34, 52, 51, 49, 63, 60, 38, 62, 59, 83, 33, 39, 103, 104, 14, 45, 42, 106, 87, 88, 97, 82, 81, 99, 96, 120, 101, 102, 95, 114, 116, 115, 110, 9, 108, 13, 143, 107, 7, 10, 1, 12, 0, 6, 11, 30, 25, 20, 23, 4, 24, 19, 22, 3]",True,215184410704,215.184410704,"[16, 148, 91, 53, 2, 17, 77, 8, 89, 76, 80, 28, 23, 138, 117, 69, 126, 79, 119, 72, 104, 73, 66, 65, 85, 110, 108, 116, 115, 114, 107, 97, 120, 106, 101, 102, 96, 26, 99, 87, 103, 88, 95, 82, 83, 48, 52, 46, 34, 81, 51, 49, 62, 38, 39, 63, 22, 45, 33, 60, 20, 143, 59, 31, 9, 42, 25, 7, 11, 30, 24, 13, 14, 12, 1, 10, 6, 0, 4, 3, 19]","[19, 3, 4, 0, 6, 10, 1, 12, 14, 13, 24, 30, 11, 7, 25, 42, 9, 31, 59, 143, 20, 60, 33, 45, 22, 63, 39, 38, 62, 49, 51, 81, 34, 46, 52, 48, 83, 82, 95, 88, 103, 87, 99, 26, 96, 102, 101, 106, 120, 97, 107, 114, 115, 116, 108, 110, 85, 65, 66, 73, 104, 72, 119, 79, 126, 69, 117, 138, 23, 28, 80, 76, 89, 8, 77, 17, 2, 53, 91, 148, 16]",complete,10330,10330,12423,9900,19279,631,18648,2000,2,151,151,35,35,33,35
1,452,36,70,79,"[5, 15, 16, 18, 21, 27, 29, 32, 35, 36, 37, 40, 41, 43, 44, 47, 50, 54, 55, 56, 57, 58, 61, 64, 67, 68, 70, 71, 74, 75, 78, 84, 86, 90, 92, 93, 94, 98, 100, 105, 109, 111, 112, 118, 121, 122, 123, 124, 125, 127, 128, 129, 130, 131, 132, 133, 134, 135, 136, 137, 139, 140, 141, 142, 144, 145, 146, 147, 148, 149]","[0, 1, 2, 3, 4, 6, 7, 8, 9, 10, 11, 12, 13, 14, 17, 19, 20, 22, 23, 24, 25, 26, 28, 30, 31, 33, 34, 38, 39, 42, 45, 46, 48, 49, 51, 52, 53, 59, 60, 62, 63, 65, 66, 69, 72, 73, 76, 77, 79, 80, 81, 82, 83, 85, 87, 88, 89, 91, 95, 96, 97, 99, 101, 102, 103, 104, 106, 107, 108, 110, 114, 115, 116, 117, 119, 120, 126, 138, 143]","{""support_1"": 48, ""support_2"": 76}","[48, 76]",2,"[133, 109, 70, 90, 124, 21, 135, 149, 98, 41, 145, 74, 122, 147, 132, 105, 93, 137, 36, 61, 75, 44, 121, 125, 92, 84, 5, 68, 57, 140, 146, 35, 139, 118, 64, 32, 144, 128, 78, 129, 27, 123, 67, 58, 130, 100, 50, 71, 94, 136, 134, 112, 142, 56, 127, 111, 18, 131, 86, 141, 54, 37, 55, 47, 29, 15, 43, 40, 16, 148, 91, 53, 2, 17, 77, 8, 89, 76, 85, 26, 31, 119, 66, 126, 138, 73, 69, 117, 79, 72, 80, 46, 65, 28, 48, 34, 52, 51, 49, 63, 60, 38, 62, 59, 83, 33, 39, 103, 104, 14, 45, 42, 106, 87, 88, 97, 82, 81, 99, 96, 120, 101, 102, 95, 114, 116, 115, 110, 9, 108, 13, 143, 107, 7, 10, 1, 12, 0, 6, 11, 30, 25, 20, 23, 4, 24, 19, 22, 3]",True,208374235051,208.374235051,"[91, 53, 2, 17, 77, 8, 89, 76, 80, 28, 23, 138, 117, 69, 126, 79, 119, 72, 104, 73, 66, 65, 85, 110, 108, 116, 115, 114, 107, 97, 120, 106, 101, 102, 96, 26, 99, 87, 103, 88, 95, 82, 83, 48, 52, 46, 34, 81, 51, 49, 62, 38, 39, 63, 22, 45, 33, 60, 20, 143, 59, 31, 9, 42, 25, 7, 11, 30, 24, 13, 14, 12, 1, 10, 6, 0, 4, 3, 19]","[19, 3, 4, 0, 6, 10, 1, 12, 14, 13, 24, 30, 11, 7, 25, 42, 9, 31, 59, 143, 20, 60, 33, 45, 22, 63, 39, 38, 62, 49, 51, 81, 34, 46, 52, 48, 83, 82, 95, 88, 103, 87, 99, 26, 96, 102, 101, 106, 120, 97, 107, 114, 115, 116, 108, 110, 85, 65, 66, 73, 104, 72, 119, 79, 126, 69, 117, 138, 23, 28, 80, 76, 89, 8, 77, 17, 2, 53, 91]",complete,10325,10325,12282,9897,19274,631,18643,2000,2,147,147,35,35,33,35
1,452,37,72,77,"[5, 15, 16, 18, 21, 27, 29, 32, 35, 36, 37, 40, 41, 43, 44, 47, 50, 53, 54, 55, 56, 57, 58, 61, 64, 67, 68, 70, 71, 74, 75, 78, 84, 86, 90, 91, 92, 93, 94, 98, 100, 105, 109, 111, 112, 118, 121, 122, 123, 124, 125, 127, 128, 129, 130, 131, 132, 133, 134, 135, 136, 137, 139, 140, 141, 142, 144, 145, 146, 147, 148, 149]","[0, 1, 2, 3, 4, 6, 7, 8, 9, 10, 11, 12, 13, 14, 17, 19, 20, 22, 23, 24, 25, 26, 28, 30, 31, 33, 34, 38, 39, 42, 45, 46, 48, 49, 51, 52, 59, 60, 62, 63, 65, 66, 69, 72, 73, 76, 77, 79, 80, 81, 82, 83, 85, 87, 88, 89, 95, 96, 97, 99, 101, 102, 103, 104, 106, 107, 108, 110, 114, 115, 116, 117, 119, 120, 126, 138, 143]","{""support_1"": 48, ""support_2"": 76}","[48, 76]",2,"[133, 109, 70, 90, 124, 21, 135, 149, 98, 41, 145, 74, 122, 147, 132, 105, 93, 137, 36, 61, 75, 44, 121, 125, 92, 84, 5, 68, 57, 140, 146, 35, 139, 118, 64, 32, 144, 128, 78, 129, 27, 123, 67, 58, 130, 100, 50, 71, 94, 136, 134, 112, 142, 56, 127, 111, 18, 131, 86, 141, 54, 37, 55, 47, 29, 15, 43, 40, 16, 148, 91, 53, 2, 17, 77, 8, 89, 76, 85, 26, 31, 119, 66, 126, 138, 73, 69, 117, 79, 72, 80, 46, 65, 28, 48, 34, 52, 51, 49, 63, 60, 38, 62, 59, 83, 33, 39, 103, 104, 14, 45, 42, 106, 87, 88, 97, 82, 81, 99, 96, 120, 101, 102, 95, 114, 116, 115, 110, 9, 108, 13, 143, 107, 7, 10, 1, 12, 0, 6, 11, 30, 25, 20, 23, 4, 24, 19, 22, 3]",True,209959259190,209.959259190,"[2, 17, 77, 8, 89, 76, 80, 28, 23, 138, 117, 69, 126, 79, 119, 72, 104, 73, 66, 65, 85, 110, 108, 116, 115, 114, 107, 97, 120, 106, 101, 102, 96, 26, 99, 87, 103, 88, 95, 82, 83, 48, 52, 46, 34, 81, 51, 49, 62, 38, 39, 63, 22, 45, 33, 60, 20, 143, 59, 31, 9, 42, 25, 7, 11, 30, 24, 13, 14, 12, 1, 10, 6, 0, 4, 3, 19]","[19, 3, 4, 0, 6, 10, 1, 12, 14, 13, 24, 30, 11, 7, 25, 42, 9, 31, 59, 143, 20, 60, 33, 45, 22, 63, 39, 38, 62, 49, 51, 81, 34, 46, 52, 48, 83, 82, 95, 88, 103, 87, 99, 26, 96, 102, 101, 106, 120, 97, 107, 114, 115, 116, 108, 110, 85, 65, 66, 73, 104, 72, 119, 79, 126, 69, 117, 138, 23, 28, 80, 76, 89, 8, 77, 17, 2]",complete,10318,10318,12145,9892,19267,631,18636,2000,2,143,143,35,35,33,35
1,452,38,74,75,"[2, 5, 15, 16, 17, 18, 21, 27, 29, 32, 35, 36, 37, 40, 41, 43, 44, 47, 50, 53, 54, 55, 56, 57, 58, 61, 64, 67, 68, 70, 71, 74, 75, 78, 84, 86, 90, 91, 92, 93, 94, 98, 100, 105, 109, 111, 112, 118, 121, 122, 123, 124, 125, 127, 128, 129, 130, 131, 132, 133, 134, 135, 136, 137, 139, 140, 141, 142, 144, 145, 146, 147, 148, 149]","[0, 1, 3, 4, 6, 7, 8, 9, 10, 11, 12, 13, 14, 19, 20, 22, 23, 24, 25, 26, 28, 30, 31, 33, 34, 38, 39, 42, 45, 46, 48, 49, 51, 52, 59, 60, 62, 63, 65, 66, 69, 72, 73, 76, 77, 79, 80, 81, 82, 83, 85, 87, 88, 89, 95, 96, 97, 99, 101, 102, 103, 104, 106, 107, 108, 110, 114, 115, 116, 117, 119, 120, 126, 138, 143]","{""support_1"": 48, ""support_2"": 76}","[48, 76]",2,"[133, 109, 70, 90, 124, 21, 135, 149, 98, 41, 145, 74, 122, 147, 132, 105, 93, 137, 36, 61, 75, 44, 121, 125, 92, 84, 5, 68, 57, 140, 146, 35, 139, 118, 64, 32, 144, 128, 78, 129, 27, 123, 67, 58, 130, 100, 50, 71, 94, 136, 134, 112, 142, 56, 127, 111, 18, 131, 86, 141, 54, 37, 55, 47, 29, 15, 43, 40, 16, 148, 91, 53, 2, 17, 77, 8, 89, 76, 85, 26, 31, 119, 66, 126, 138, 73, 69, 117, 79, 72, 80, 46, 65, 28, 48, 34, 52, 51, 49, 63, 60, 38, 62, 59, 83, 33, 39, 103, 104, 14, 45, 42, 106, 87, 88, 97, 82, 81, 99, 96, 120, 101, 102, 95, 114, 116, 115, 110, 9, 108, 13, 143, 107, 7, 10, 1, 12, 0, 6, 11, 30, 25, 20, 23, 4, 24, 19, 22, 3]",True,204952977478,204.952977478,"[77, 8, 89, 76, 80, 28, 23, 138, 117, 69, 126, 79, 119, 72, 104, 73, 66, 65, 85, 110, 108, 116, 115, 114, 107, 97, 120, 106, 101, 102, 96, 26, 99, 87, 103, 88, 95, 82, 83, 48, 52, 46, 34, 81, 51, 49, 62, 38, 39, 63, 22, 45, 33, 60, 20, 143, 59, 31, 9, 42, 25, 7, 11, 30, 24, 13, 14, 12, 1, 10, 6, 0, 4, 3, 19]","[19, 3, 4, 0, 6, 10, 1, 12, 14, 13, 24, 30, 11, 7, 25, 42, 9, 31, 59, 143, 20, 60, 33, 45, 22, 63, 39, 38, 62, 49, 51, 81, 34, 46, 52, 48, 83, 82, 95, 88, 103, 87, 99, 26, 96, 102, 101, 106, 120, 97, 107, 114, 115, 116, 108, 110, 85, 65, 66, 73, 104, 72, 119, 79, 126, 69, 117, 138, 23, 28, 80, 76, 89, 8, 77]",complete,10311,10311,12012,9887,19260,631,18629,2000,2,139,139,35,35,33,35
1,452,39,76,73,"[2, 5, 8, 15, 16, 17, 18, 21, 27, 29, 32, 35, 36, 37, 40, 41, 43, 44, 47, 50, 53, 54, 55, 56, 57, 58, 61, 64, 67, 68, 70, 71, 74, 75, 77, 78, 84, 86, 90, 91, 92, 93, 94, 98, 100, 105, 109, 111, 112, 118, 121, 122, 123, 124, 125, 127, 128, 129, 130, 131, 132, 133, 134, 135, 136, 137, 139, 140, 141, 142, 144, 145, 146, 147, 148, 149]","[0, 1, 3, 4, 6, 7, 9, 10, 11, 12, 13, 14, 19, 20, 22, 23, 24, 25, 26, 28, 30, 31, 33, 34, 38, 39, 42, 45, 46, 48, 49, 51, 52, 59, 60, 62, 63, 65, 66, 69, 72, 73, 76, 79, 80, 81, 82, 83, 85, 87, 88, 89, 95, 96, 97, 99, 101, 102, 103, 104, 106, 107, 108, 110, 114, 115, 116, 117, 119, 120, 126, 138, 143]","{""support_1"": 48, ""support_2"": 76}","[48, 76]",2,"[133, 109, 70, 90, 124, 21, 135, 149, 98, 41, 145, 74, 122, 147, 132, 105, 93, 137, 36, 61, 75, 44, 121, 125, 92, 84, 5, 68, 57, 140, 146, 35, 139, 118, 64, 32, 144, 128, 78, 129, 27, 123, 67, 58, 130, 100, 50, 71, 94, 136, 134, 112, 142, 56, 127, 111, 18, 131, 86, 141, 54, 37, 55, 47, 29, 15, 43, 40, 16, 148, 91, 53, 2, 17, 77, 8, 89, 76, 85, 26, 31, 119, 66, 126, 138, 73, 69, 117, 79, 72, 80, 46, 65, 28, 48, 34, 52, 51, 49, 63, 60, 38, 62, 59, 83, 33, 39, 103, 104, 14, 45, 42, 106, 87, 88, 97, 82, 81, 99, 96, 120, 101, 102, 95, 114, 116, 115, 110, 9, 108, 13, 143, 107, 7, 10, 1, 12, 0, 6, 11, 30, 25, 20, 23, 4, 24, 19, 22, 3]",True,211503084329,211.503084329,"[89, 76, 80, 28, 23, 138, 117, 69, 126, 79, 119, 72, 104, 73, 66, 65, 85, 110, 108, 116, 115, 114, 107, 97, 120, 106, 101, 102, 96, 26, 99, 87, 103, 88, 95, 82, 83, 48, 52, 46, 34, 81, 51, 49, 62, 38, 39, 63, 22, 45, 33, 60, 20, 143, 59, 31, 9, 42, 25, 7, 11, 30, 24, 13, 14, 12, 1, 10, 6, 0, 4, 3, 19]","[19, 3, 4, 0, 6, 10, 1, 12, 14, 13, 24, 30, 11, 7, 25, 42, 9, 31, 59, 143, 20, 60, 33, 45, 22, 63, 39, 38, 62, 49, 51, 81, 34, 46, 52, 48, 83, 82, 95, 88, 103, 87, 99, 26, 96, 102, 101, 106, 120, 97, 107, 114, 115, 116, 108, 110, 85, 65, 66, 73, 104, 72, 119, 79, 126, 69, 117, 138, 23, 28, 80, 76, 89]",complete,10307,10307,11883,9885,19256,631,18625,2000,2,135,135,35,35,33,35
1,452,40,78,71,"[2, 5, 8, 15, 16, 17, 18, 21, 27, 29, 32, 35, 36, 37, 40, 41, 43, 44, 47, 50, 53, 54, 55, 56, 57, 58, 61, 64, 67, 68, 70, 71, 74, 75, 76, 77, 78, 84, 86, 89, 90, 91, 92, 93, 94, 98, 100, 105, 109, 111, 112, 118, 121, 122, 123, 124, 125, 127, 128, 129, 130, 131, 132, 133, 134, 135, 136, 137, 139, 140, 141, 142, 144, 145, 146, 147, 148, 149]","[0, 1, 3, 4, 6, 7, 9, 10, 11, 12, 13, 14, 19, 20, 22, 23, 24, 25, 26, 28, 30, 31, 33, 34, 38, 39, 42, 45, 46, 48, 49, 51, 52, 59, 60, 62, 63, 65, 66, 69, 72, 73, 79, 80, 81, 82, 83, 85, 87, 88, 95, 96, 97, 99, 101, 102, 103, 104, 106, 107, 108, 110, 114, 115, 116, 117, 119, 120, 126, 138, 143]","{""support_1"": 48, ""support_2"": 73}","[48, 73]",2,"[133, 109, 70, 90, 124, 21, 135, 149, 98, 41, 145, 74, 122, 147, 132, 105, 93, 137, 36, 61, 75, 44, 121, 125, 92, 84, 5, 68, 57, 140, 146, 35, 139, 118, 64, 32, 144, 128, 78, 129, 27, 123, 67, 58, 130, 100, 50, 71, 94, 136, 134, 112, 142, 56, 127, 111, 18, 131, 86, 141, 54, 37, 55, 47, 29, 15, 43, 40, 16, 148, 91, 53, 2, 17, 77, 8, 89, 76, 85, 26, 31, 119, 66, 126, 138, 73, 69, 117, 79, 72, 80, 46, 65, 28, 48, 34, 52, 51, 49, 63, 60, 38, 62, 59, 83, 33, 39, 103, 104, 14, 45, 42, 106, 87, 88, 97, 82, 81, 99, 96, 120, 101, 102, 95, 114, 116, 115, 110, 9, 108, 13, 143, 107, 7, 10, 1, 12, 0, 6, 11, 30, 25, 20, 23, 4, 24, 19, 22, 3]",True,143445069486,143.445069486,"[85, 26, 31, 119, 66, 126, 138, 73, 69, 117, 79, 72, 80, 30, 48, 65, 34, 46, 52, 51, 49, 45, 62, 63, 38, 39, 42, 60, 33, 59, 104, 120, 110, 108, 99, 114, 107, 115, 143, 116, 83, 82, 103, 88, 87, 81, 102, 96, 101, 106, 14, 13, 9, 97, 95, 10, 23, 11, 24, 25, 20, 12, 22, 28, 1, 19, 7, 6, 4, 0, 3]","[3, 0, 4, 6, 7, 19, 1, 28, 22, 12, 20, 25, 24, 11, 23, 10, 95, 97, 9, 13, 14, 106, 101, 96, 102, 81, 87, 88, 103, 82, 83, 116, 143, 115, 107, 114, 99, 108, 110, 120, 104, 59, 33, 60, 42, 39, 38, 63, 62, 45, 49, 51, 52, 46, 34, 65, 48, 30, 80, 72, 79, 117, 69, 73, 138, 126, 66, 119, 31, 26, 85]",complete,7668,7668,9148,7234,16640,604,16036,2000,2,127,127,28,28,26,28
1,452,41,80,69,"[2, 5, 8, 15, 16, 17, 18, 21, 26, 27, 29, 32, 35, 36, 37, 40, 41, 43, 44, 47, 50, 53, 54, 55, 56, 57, 58, 61, 64, 67, 68, 70, 71, 74, 75, 76, 77, 78, 84, 85, 86, 89, 90, 91, 92, 93, 94, 98, 100, 105, 109, 111, 112, 118, 121, 122, 123, 124, 125, 127, 128, 129, 130, 131, 132, 133, 134, 135, 136, 137, 139, 140, 141, 142, 144, 145, 146, 147, 148, 149]","[0, 1, 3, 4, 6, 7, 9, 10, 11, 12, 13, 14, 19, 20, 22, 23, 24, 25, 28, 30, 31, 33, 34, 38, 39, 42, 45, 46, 48, 49, 51, 52, 59, 60, 62, 63, 65, 66, 69, 72, 73, 79, 80, 81, 82, 83, 87, 88, 95, 96, 97, 99, 101, 102, 103, 104, 106, 107, 108, 110, 114, 115, 116, 117, 119, 120, 126, 138, 143]","{""support_1"": 48, ""support_2"": 73}","[48, 73]",2,"[133, 109, 70, 90, 124, 21, 135, 149, 98, 41, 145, 74, 122, 147, 132, 105, 93, 137, 36, 61, 75, 44, 121, 125, 92, 84, 5, 68, 57, 140, 146, 35, 139, 118, 64, 32, 144, 128, 78, 129, 27, 123, 67, 58, 130, 100, 50, 71, 94, 136, 134, 112, 142, 56, 127, 111, 18, 131, 86, 141, 54, 37, 55, 47, 29, 15, 43, 40, 16, 148, 91, 53, 2, 17, 77, 8, 89, 76, 85, 26, 31, 119, 66, 126, 138, 73, 69, 117, 79, 72, 80, 46, 65, 28, 48, 34, 52, 51, 49, 63, 60, 38, 62, 59, 83, 33, 39, 103, 104, 14, 45, 42, 106, 87, 88, 97, 82, 81, 99, 96, 120, 101, 102, 95, 114, 116, 115, 110, 9, 108, 13, 143, 107, 7, 10, 1, 12, 0, 6, 11, 30, 25, 20, 23, 4, 24, 19, 22, 3]",True,138584352451,138.584352451,"[31, 119, 66, 126, 138, 73, 69, 117, 79, 72, 80, 30, 48, 65, 34, 46, 52, 51, 49, 45, 62, 63, 38, 39, 42, 60, 33, 59, 104, 120, 110, 108, 99, 114, 107, 115, 143, 116, 83, 82, 103, 88, 87, 81, 102, 96, 101, 106, 14, 13, 9, 97, 95, 10, 23, 11, 24, 25, 20, 12, 22, 28, 1, 19, 7, 6, 4, 0, 3]","[3, 0, 4, 6, 7, 19, 1, 28, 22, 12, 20, 25, 24, 11, 23, 10, 95, 97, 9, 13, 14, 106, 101, 96, 102, 81, 87, 88, 103, 82, 83, 116, 143, 115, 107, 114, 99, 108, 110, 120, 104, 59, 33, 60, 42, 39, 38, 63, 62, 45, 49, 51, 52, 46, 34, 65, 48, 30, 80, 72, 79, 117, 69, 73, 138, 126, 66, 119, 31]",complete,7666,7666,9027,7234,16638,604,16034,2000,2,123,123,28,28,26,28
1,452,42,82,67,"[2, 5, 8, 15, 16, 17, 18, 21, 26, 27, 29, 31, 32, 35, 36, 37, 40, 41, 43, 44, 47, 50, 53, 54, 55, 56, 57, 58, 61, 64, 67, 68, 70, 71, 74, 75, 76, 77, 78, 84, 85, 86, 89, 90, 91, 92, 93, 94, 98, 100, 105, 109, 111, 112, 118, 119, 121, 122, 123, 124, 125, 127, 128, 129, 130, 131, 132, 133, 134, 135, 136, 137, 139, 140, 141, 142, 144, 145, 146, 147, 148, 149]","[0, 1, 3, 4, 6, 7, 9, 10, 11, 12, 13, 14, 19, 20, 22, 23, 24, 25, 28, 30, 33, 34, 38, 39, 42, 45, 46, 48, 49, 51, 52, 59, 60, 62, 63, 65, 66, 69, 72, 73, 79, 80, 81, 82, 83, 87, 88, 95, 96, 97, 99, 101, 102, 103, 104, 106, 107, 108, 110, 114, 115, 116, 117, 120, 126, 138, 143]","{""support_1"": 48, ""support_2"": 73}","[48, 73]",2,"[133, 109, 70, 90, 124, 21, 135, 149, 98, 41, 145, 74, 122, 147, 132, 105, 93, 137, 36, 61, 75, 44, 121, 125, 92, 84, 5, 68, 57, 140, 146, 35, 139, 118, 64, 32, 144, 128, 78, 129, 27, 123, 67, 58, 130, 100, 50, 71, 94, 136, 134, 112, 142, 56, 127, 111, 18, 131, 86, 141, 54, 37, 55, 47, 29, 15, 43, 40, 16, 148, 91, 53, 2, 17, 77, 8, 89, 76, 85, 26, 31, 119, 66, 126, 138, 73, 69, 117, 79, 72, 80, 46, 65, 28, 48, 34, 52, 51, 49, 63, 60, 38, 62, 59, 83, 33, 39, 103, 104, 14, 45, 42, 106, 87, 88, 97, 82, 81, 99, 96, 120, 101, 102, 95, 114, 116, 115, 110, 9, 108, 13, 143, 107, 7, 10, 1, 12, 0, 6, 11, 30, 25, 20, 23, 4, 24, 19, 22, 3]",True,66465336904,66.465336904,"[66, 126, 138, 73, 69, 117, 79, 72, 80, 46, 65, 42, 48, 34, 52, 51, 49, 62, 60, 45, 39, 63, 28, 13, 7, 38, 1, 33, 59, 6, 14, 143, 10, 9, 106, 110, 120, 0, 108, 114, 107, 115, 101, 103, 116, 97, 102, 96, 99, 83, 82, 104, 95, 88, 87, 11, 25, 12, 30, 20, 81, 23, 4, 24, 19, 22, 3]","[3, 22, 19, 24, 4, 23, 81, 20, 30, 12, 25, 11, 87, 88, 95, 104, 82, 83, 99, 96, 102, 97, 116, 103, 101, 115, 107, 114, 108, 0, 120, 110, 106, 9, 10, 143, 14, 6, 59, 33, 1, 38, 7, 13, 28, 63, 39, 45, 60, 62, 49, 51, 52, 34, 48, 42, 65, 46, 80, 72, 79, 117, 69, 73, 138, 126, 66]",complete,3388,3388,4774,3214,6781,107,6674,2000,2,123,123,30,30,28,30
1,452,43,84,65,"[2, 5, 8, 15, 16, 17, 18, 21, 26, 27, 29, 31, 32, 35, 36, 37, 40, 41, 43, 44, 47, 50, 53, 54, 55, 56, 57, 58, 61, 64, 66, 67, 68, 70, 71, 74, 75, 76, 77, 78, 84, 85, 86, 89, 90, 91, 92, 93, 94, 98, 100, 105, 109, 111, 112, 118, 119, 121, 122, 123, 124, 125, 126, 127, 128, 129, 130, 131, 132, 133, 134, 135, 136, 137, 139, 140, 141, 142, 144, 145, 146, 147, 148, 149]","[0, 1, 3, 4, 6, 7, 9, 10, 11, 12, 13, 14, 19, 20, 22, 23, 24, 25, 28, 30, 33, 34, 38, 39, 42, 45, 46, 48, 49, 51, 52, 59, 60, 62, 63, 65, 69, 72, 73, 79, 80, 81, 82, 83, 87, 88, 95, 96, 97, 99, 101, 102, 103, 104, 106, 107, 108, 110, 114, 115, 116, 117, 120, 138, 143]","{""support_1"": 48, ""support_2"": 73}","[48, 73]",2,"[133, 109, 70, 90, 124, 21, 135, 149, 98, 41, 145, 74, 122, 147, 132, 105, 93, 137, 36, 61, 75, 44, 121, 125, 92, 84, 5, 68, 57, 140, 146, 35, 139, 118, 64, 32, 144, 128, 78, 129, 27, 123, 67, 58, 130, 100, 50, 71, 94, 136, 134, 112, 142, 56, 127, 111, 18, 131, 86, 141, 54, 37, 55, 47, 29, 15, 43, 40, 16, 148, 91, 53, 2, 17, 77, 8, 89, 76, 85, 26, 31, 119, 66, 126, 138, 73, 69, 117, 79, 72, 80, 46, 65, 28, 48, 34, 52, 51, 49, 63, 60, 38, 62, 59, 83, 33, 39, 103, 104, 14, 45, 42, 106, 87, 88, 97, 82, 81, 99, 96, 120, 101, 102, 95, 114, 116, 115, 110, 9, 108, 13, 143, 107, 7, 10, 1, 12, 0, 6, 11, 30, 25, 20, 23, 4, 24, 19, 22, 3]",True,163520454690,163.520454690,"[138, 73, 117, 69, 80, 79, 72, 46, 65, 52, 48, 62, 49, 51, 110, 104, 60, 63, 45, 59, 34, 38, 30, 33, 39, 42, 143, 120, 114, 116, 108, 115, 28, 102, 7, 101, 107, 106, 9, 97, 11, 96, 99, 87, 103, 88, 95, 82, 23, 83, 22, 24, 81, 25, 20, 13, 19, 12, 10, 1, 0, 4, 3, 6, 14]","[14, 6, 3, 4, 0, 1, 10, 12, 19, 13, 20, 25, 81, 24, 22, 83, 23, 82, 95, 88, 103, 87, 99, 96, 11, 97, 9, 106, 107, 101, 7, 102, 28, 115, 108, 116, 114, 120, 143, 42, 39, 33, 30, 38, 34, 59, 45, 63, 60, 104, 110, 51, 49, 62, 48, 52, 65, 46, 72, 79, 80, 69, 117, 73, 138]",complete,8112,8112,9282,7707,16339,480,15859,2000,2,123,123,23,23,21,23
1,452,44,86,63,"[2, 5, 8, 15, 16, 17, 18, 21, 26, 27, 29, 31, 32, 35, 36, 37, 40, 41, 43, 44, 47, 50, 53, 54, 55, 56, 57, 58, 61, 64, 66, 67, 68, 70, 71, 73, 74, 75, 76, 77, 78, 84, 85, 86, 89, 90, 91, 92, 93, 94, 98, 100, 105, 109, 111, 112, 118, 119, 121, 122, 123, 124, 125, 126, 127, 128, 129, 130, 131, 132, 133, 134, 135, 136, 137, 138, 139, 140, 141, 142, 144, 145, 146, 147, 148, 149]","[0, 1, 3, 4, 6, 7, 9, 10, 11, 12, 13, 14, 19, 20, 22, 23, 24, 25, 28, 30, 33, 34, 38, 39, 42, 45, 46, 48, 49, 51, 52, 59, 60, 62, 63, 65, 69, 72, 79, 80, 81, 82, 83, 87, 88, 95, 96, 97, 99, 101, 102, 103, 104, 106, 107, 108, 110, 114, 115, 116, 117, 120, 143]","{""support_1"": 48, ""support_2"": 79}","[48, 79]",2,"[133, 109, 70, 90, 124, 21, 135, 149, 98, 41, 145, 74, 122, 147, 132, 105, 93, 137, 36, 61, 75, 44, 121, 125, 92, 84, 5, 68, 57, 140, 146, 35, 139, 118, 64, 32, 144, 128, 78, 129, 27, 123, 67, 58, 130, 100, 50, 71, 94, 136, 134, 112, 142, 56, 127, 111, 18, 131, 86, 141, 54, 37, 55, 47, 29, 15, 43, 40, 16, 148, 91, 53, 2, 17, 77, 8, 89, 76, 85, 26, 31, 119, 66, 126, 138, 73, 69, 117, 79, 72, 80, 46, 65, 28, 48, 34, 52, 51, 49, 63, 60, 38, 62, 59, 83, 33, 39, 103, 104, 14, 45, 42, 106, 87, 88, 97, 82, 81, 99, 96, 120, 101, 102, 95, 114, 116, 115, 110, 9, 108, 13, 143, 107, 7, 10, 1, 12, 0, 6, 11, 30, 25, 20, 23, 4, 24, 19, 22, 3]",False,635906870823,635.906870823,[],[],stagnation_limit,41063,41063,41860,37836,85880,3767,82113,2000,2,60,60,11,11,9,9
1,452,45,88,61,"[2, 5, 8, 15, 16, 17, 18, 21, 26, 27, 29, 31, 32, 35, 36, 37, 40, 41, 43, 44, 47, 50, 53, 54, 55, 56, 57, 58, 61, 64, 66, 67, 68, 69, 70, 71, 73, 74, 75, 76, 77, 78, 84, 85, 86, 89, 90, 91, 92, 93, 94, 98, 100, 105, 109, 111, 112, 117, 118, 119, 121, 122, 123, 124, 125, 126, 127, 128, 129, 130, 131, 132, 133, 134, 135, 136, 137, 138, 139, 140, 141, 142, 144, 145, 146, 147, 148, 149]","[0, 1, 3, 4, 6, 7, 9, 10, 11, 12, 13, 14, 19, 20, 22, 23, 24, 25, 28, 30, 33, 34, 38, 39, 42, 45, 46, 48, 49, 51, 52, 59, 60, 62, 63, 65, 72, 79, 80, 81, 82, 83, 87, 88, 95, 96, 97, 99, 101, 102, 103, 104, 106, 107, 108, 110, 114, 115, 116, 120, 143]","{""support_1"": 48, ""support_2"": 79}","[48, 79]",2,"[133, 109, 70, 90, 124, 21, 135, 149, 98, 41, 145, 74, 122, 147, 132, 105, 93, 137, 36, 61, 75, 44, 121, 125, 92, 84, 5, 68, 57, 140, 146, 35, 139, 118, 64, 32, 144, 128, 78, 129, 27, 123, 67, 58, 130, 100, 50, 71, 94, 136, 134, 112, 142, 56, 127, 111, 18, 131, 86, 141, 54, 37, 55, 47, 29, 15, 43, 40, 16, 148, 91, 53, 2, 17, 77, 8, 89, 76, 85, 26, 31, 119, 66, 126, 138, 73, 69, 117, 79, 72, 80, 46, 65, 28, 48, 34, 52, 51, 49, 63, 60, 38, 62, 59, 83, 33, 39, 103, 104, 14, 45, 42, 106, 87, 88, 97, 82, 81, 99, 96, 120, 101, 102, 95, 114, 116, 115, 110, 9, 108, 13, 143, 107, 7, 10, 1, 12, 0, 6, 11, 30, 25, 20, 23, 4, 24, 19, 22, 3]",False,646449081559,646.449081559,[],[],stagnation_limit,41053,41053,41755,37828,85870,3767,82103,2000,2,56,56,10,10,9,9
1,452,46,90,59,"[2, 5, 8, 15, 16, 17, 18, 21, 26, 27, 29, 31, 32, 35, 36, 37, 40, 41, 43, 44, 47, 50, 53, 54, 55, 56, 57, 58, 61, 64, 66, 67, 68, 69, 70, 71, 72, 73, 74, 75, 76, 77, 78, 79, 84, 85, 86, 89, 90, 91, 92, 93, 94, 98, 100, 105, 109, 111, 112, 117, 118, 119, 121, 122, 123, 124, 125, 126, 127, 128, 129, 130, 131, 132, 133, 134, 135, 136, 137, 138, 139, 140, 141, 142, 144, 145, 146, 147, 148, 149]","[0, 1, 3, 4, 6, 7, 9, 10, 11, 12, 13, 14, 19, 20, 22, 23, 24, 25, 28, 30, 33, 34, 38, 39, 42, 45, 46, 48, 49, 51, 52, 59, 60, 62, 63, 65, 80, 81, 82, 83, 87, 88, 95, 96, 97, 99, 101, 102, 103, 104, 106, 107, 108, 110, 114, 115, 116, 120, 143]","{""support_1"": 48, ""support_2"": 80}","[48, 80]",2,"[133, 109, 70, 90, 124, 21, 135, 149, 98, 41, 145, 74, 122, 147, 132, 105, 93, 137, 36, 61, 75, 44, 121, 125, 92, 84, 5, 68, 57, 140, 146, 35, 139, 118, 64, 32, 144, 128, 78, 129, 27, 123, 67, 58, 130, 100, 50, 71, 94, 136, 134, 112, 142, 56, 127, 111, 18, 131, 86, 141, 54, 37, 55, 47, 29, 15, 43, 40, 16, 148, 91, 53, 2, 17, 77, 8, 89, 76, 85, 26, 31, 119, 66, 126, 138, 73, 69, 117, 79, 72, 80, 46, 65, 28, 48, 34, 52, 51, 49, 63, 60, 38, 62, 59, 83, 33, 39, 103, 104, 14, 45, 42, 106, 87, 88, 97, 82, 81, 99, 96, 120, 101, 102, 95, 114, 116, 115, 110, 9, 108, 13, 143, 107, 7, 10, 1, 12, 0, 6, 11, 30, 25, 20, 23, 4, 24, 19, 22, 3]",True,72429944008,72.429944008,"[80, 46, 65, 42, 48, 34, 52, 51, 49, 62, 45, 39, 63, 60, 28, 23, 106, 59, 38, 87, 104, 33, 103, 83, 88, 82, 97, 99, 81, 120, 101, 96, 102, 114, 116, 95, 110, 115, 9, 108, 107, 11, 143, 13, 30, 24, 22, 20, 25, 12, 4, 3, 19, 6, 7, 10, 14, 1, 0]","[0, 1, 14, 10, 7, 6, 19, 3, 4, 12, 25, 20, 22, 24, 30, 13, 143, 11, 107, 108, 9, 115, 110, 95, 116, 114, 102, 96, 101, 120, 81, 99, 97, 82, 88, 83, 103, 33, 104, 87, 38, 59, 106, 23, 28, 60, 63, 39, 45, 62, 49, 51, 52, 34, 48, 42, 65, 46, 80]",complete,3756,3756,4784,3555,7655,222,7433,2000,2,107,107,26,26,25,27
1,452,47,92,57,"[2, 5, 8, 15, 16, 17, 18, 21, 26, 27, 29, 31, 32, 35, 36, 37, 40, 41, 43, 44, 46, 47, 50, 53, 54, 55, 56, 57, 58, 61, 64, 66, 67, 68, 69, 70, 71, 72, 73, 74, 75, 76, 77, 78, 79, 80, 84, 85, 86, 89, 90, 91, 92, 93, 94, 98, 100, 105, 109, 111, 112, 117, 118, 119, 121, 122, 123, 124, 125, 126, 127, 128, 129, 130, 131, 132, 133, 134, 135, 136, 137, 138, 139, 140, 141, 142, 144, 145, 146, 147, 148, 149]","[0, 1, 3, 4, 6, 7, 9, 10, 11, 12, 13, 14, 19, 20, 22, 23, 24, 25, 28, 30, 33, 34, 38, 39, 42, 45, 48, 49, 51, 52, 59, 60, 62, 63, 65, 81, 82, 83, 87, 88, 95, 96, 97, 99, 101, 102, 103, 104, 106, 107, 108, 110, 114, 115, 116, 120, 143]","{""support_1"": 48, ""support_2"": 51}","[48, 51]",2,"[133, 109, 70, 90, 124, 21, 135, 149, 98, 41, 145, 74, 122, 147, 132, 105, 93, 137, 36, 61, 75, 44, 121, 125, 92, 84, 5, 68, 57, 140, 146, 35, 139, 118, 64, 32, 144, 128, 78, 129, 27, 123, 67, 58, 130, 100, 50, 71, 94, 136, 134, 112, 142, 56, 127, 111, 18, 131, 86, 141, 54, 37, 55, 47, 29, 15, 43, 40, 16, 148, 91, 53, 2, 17, 77, 8, 89, 76, 85, 26, 31, 119, 66, 126, 138, 73, 69, 117, 79, 72, 80, 46, 65, 28, 48, 34, 52, 51, 49, 63, 60, 38, 62, 59, 83, 33, 39, 103, 104, 14, 45, 42, 106, 87, 88, 97, 82, 81, 99, 96, 120, 101, 102, 95, 114, 116, 115, 110, 9, 108, 13, 143, 107, 7, 10, 1, 12, 0, 6, 11, 30, 25, 20, 23, 4, 24, 19, 22, 3]",True,293999163618,293.999163618,"[65, 42, 48, 34, 52, 51, 49, 62, 45, 39, 63, 60, 28, 38, 87, 143, 33, 106, 59, 104, 103, 88, 110, 108, 116, 115, 102, 101, 120, 114, 30, 14, 97, 11, 107, 96, 95, 99, 9, 25, 82, 83, 81, 24, 10, 20, 13, 19, 12, 6, 7, 22, 4, 1, 0, 3, 23]","[23, 3, 0, 1, 4, 22, 7, 6, 12, 19, 13, 20, 10, 24, 81, 83, 82, 25, 9, 99, 95, 96, 107, 11, 97, 14, 30, 114, 120, 101, 102, 115, 116, 108, 110, 88, 103, 104, 59, 106, 33, 143, 87, 38, 28, 60, 63, 39, 45, 62, 49, 51, 52, 34, 48, 42, 65]",complete,17715,17715,18669,16128,38643,1212,37431,2000,2,104,104,26,26,24,26
1,452,48,94,55,"[2, 5, 8, 15, 16, 17, 18, 21, 26, 27, 28, 29, 31, 32, 35, 36, 37, 40, 41, 43, 44, 46, 47, 50, 53, 54, 55, 56, 57, 58, 61, 64, 65, 66, 67, 68, 69, 70, 71, 72, 73, 74, 75, 76, 77, 78, 79, 80, 84, 85, 86, 89, 90, 91, 92, 93, 94, 98, 100, 105, 109, 111, 112, 117, 118, 119, 121, 122, 123, 124, 125, 126, 127, 128, 129, 130, 131, 132, 133, 134, 135, 136, 137, 138, 139, 140, 141, 142, 144, 145, 146, 147, 148, 149]","[0, 1, 3, 4, 6, 7, 9, 10, 11, 12, 13, 14, 19, 20, 22, 23, 24, 25, 30, 33, 34, 38, 39, 42, 45, 48, 49, 51, 52, 59, 60, 62, 63, 81, 82, 83, 87, 88, 95, 96, 97, 99, 101, 102, 103, 104, 106, 107, 108, 110, 114, 115, 116, 120, 143]","{""support_1"": 48, ""support_2"": 51}","[48, 51]",2,"[133, 109, 70, 90, 124, 21, 135, 149, 98, 41, 145, 74, 122, 147, 132, 105, 93, 137, 36, 61, 75, 44, 121, 125, 92, 84, 5, 68, 57, 140, 146, 35, 139, 118, 64, 32, 144, 128, 78, 129, 27, 123, 67, 58, 130, 100, 50, 71, 94, 136, 134, 112, 142, 56, 127, 111, 18, 131, 86, 141, 54, 37, 55, 47, 29, 15, 43, 40, 16, 148, 91, 53, 2, 17, 77, 8, 89, 76, 85, 26, 31, 119, 66, 126, 138, 73, 69, 117, 79, 72, 80, 46, 65, 28, 48, 34, 52, 51, 49, 63, 60, 38, 62, 59, 83, 33, 39, 103, 104, 14, 45, 42, 106, 87, 88, 97, 82, 81, 99, 96, 120, 101, 102, 95, 114, 116, 115, 110, 9, 108, 13, 143, 107, 7, 10, 1, 12, 0, 6, 11, 30, 25, 20, 23, 4, 24, 19, 22, 3]",True,52922541530,52.922541530,"[48, 62, 49, 45, 60, 51, 63, 103, 34, 52, 143, 38, 39, 83, 42, 59, 25, 24, 30, 33, 99, 82, 104, 88, 97, 87, 106, 81, 120, 96, 101, 102, 116, 115, 114, 23, 95, 14, 108, 110, 22, 20, 13, 7, 9, 11, 12, 6, 107, 4, 10, 19, 1, 0, 3]","[3, 0, 1, 19, 10, 4, 107, 6, 12, 11, 9, 7, 13, 20, 22, 110, 108, 14, 95, 23, 114, 115, 116, 102, 101, 96, 120, 81, 106, 87, 97, 88, 104, 82, 99, 33, 30, 24, 25, 59, 42, 83, 39, 38, 143, 52, 34, 103, 63, 51, 60, 45, 49, 62, 48]",complete,3269,3269,4082,3081,6879,135,6744,2000,2,99,99,22,22,21,23
1,452,49,96,53,"[2, 5, 8, 15, 16, 17, 18, 21, 26, 27, 28, 29, 31, 32, 34, 35, 36, 37, 40, 41, 43, 44, 46, 47, 48, 50, 53, 54, 55, 56, 57, 58, 61, 64, 65, 66, 67, 68, 69, 70, 71, 72, 73, 74, 75, 76, 77, 78, 79, 80, 84, 85, 86, 89, 90, 91, 92, 93, 94, 98, 100, 105, 109, 111, 112, 117, 118, 119, 121, 122, 123, 124, 125, 126, 127, 128, 129, 130, 131, 132, 133, 134, 135, 136, 137, 138, 139, 140, 141, 142, 144, 145, 146, 147, 148, 149]","[0, 1, 3, 4, 6, 7, 9, 10, 11, 12, 13, 14, 19, 20, 22, 23, 24, 25, 30, 33, 38, 39, 42, 45, 49, 51, 52, 59, 60, 62, 63, 81, 82, 83, 87, 88, 95, 96, 97, 99, 101, 102, 103, 104, 106, 107, 108, 110, 114, 115, 116, 120, 143]","{""support_1"": 39, ""support_2"": 51}","[39, 51]",2,"[133, 109, 70, 90, 124, 21, 135, 149, 98, 41, 145, 74, 122, 147, 132, 105, 93, 137, 36, 61, 75, 44, 121, 125, 92, 84, 5, 68, 57, 140, 146, 35, 139, 118, 64, 32, 144, 128, 78, 129, 27, 123, 67, 58, 130, 100, 50, 71, 94, 136, 134, 112, 142, 56, 127, 111, 18, 131, 86, 141, 54, 37, 55, 47, 29, 15, 43, 40, 16, 148, 91, 53, 2, 17, 77, 8, 89, 76, 85, 26, 31, 119, 66, 126, 138, 73, 69, 117, 79, 72, 80, 46, 65, 28, 48, 34, 52, 51, 49, 63, 60, 38, 62, 59, 83, 33, 39, 103, 104, 14, 45, 42, 106, 87, 88, 97, 82, 81, 99, 96, 120, 101, 102, 95, 114, 116, 115, 110, 9, 108, 13, 143, 107, 7, 10, 1, 12, 0, 6, 11, 30, 25, 20, 23, 4, 24, 19, 22, 3]",True,65411737058,65.411737058,"[52, 51, 49, 63, 60, 38, 62, 59, 83, 33, 14, 103, 39, 42, 45, 104, 106, 87, 88, 97, 82, 99, 120, 101, 81, 96, 102, 95, 114, 116, 115, 110, 108, 7, 9, 107, 23, 13, 10, 1, 12, 11, 6, 0, 143, 30, 22, 20, 25, 4, 3, 24, 19]","[19, 24, 3, 4, 25, 20, 22, 30, 143, 0, 6, 11, 12, 1, 10, 13, 23, 107, 9, 7, 108, 110, 115, 116, 114, 95, 102, 96, 81, 101, 120, 99, 82, 97, 88, 87, 106, 104, 45, 42, 39, 103, 14, 33, 83, 59, 62, 38, 60, 63, 49, 51, 52]",complete,4247,4247,5092,3989,9094,305,8789,2000,2,96,96,23,23,21,23
1,452,50,98,51,"[2, 5, 8, 15, 16, 17, 18, 21, 26, 27, 28, 29, 31, 32, 34, 35, 36, 37, 40, 41, 43, 44, 46, 47, 48, 50, 51, 52, 53, 54, 55, 56, 57, 58, 61, 64, 65, 66, 67, 68, 69, 70, 71, 72, 73, 74, 75, 76, 77, 78, 79, 80, 84, 85, 86, 89, 90, 91, 92, 93, 94, 98, 100, 105, 109, 111, 112, 117, 118, 119, 121, 122, 123, 124, 125, 126, 127, 128, 129, 130, 131, 132, 133, 134, 135, 136, 137, 138, 139, 140, 141, 142, 144, 145, 146, 147, 148, 149]","[0, 1, 3, 4, 6, 7, 9, 10, 11, 12, 13, 14, 19, 20, 22, 23, 24, 25, 30, 33, 38, 39, 42, 45, 49, 59, 60, 62, 63, 81, 82, 83, 87, 88, 95, 96, 97, 99, 101, 102, 103, 104, 106, 107, 108, 110, 114, 115, 116, 120, 143]","{""support_1"": 39, ""support_2"": 62}","[39, 62]",2,"[133, 109, 70, 90, 124, 21, 135, 149, 98, 41, 145, 74, 122, 147, 132, 105, 93, 137, 36, 61, 75, 44, 121, 125, 92, 84, 5, 68, 57, 140, 146, 35, 139, 118, 64, 32, 144, 128, 78, 129, 27, 123, 67, 58, 130, 100, 50, 71, 94, 136, 134, 112, 142, 56, 127, 111, 18, 131, 86, 141, 54, 37, 55, 47, 29, 15, 43, 40, 16, 148, 91, 53, 2, 17, 77, 8, 89, 76, 85, 26, 31, 119, 66, 126, 138, 73, 69, 117, 79, 72, 80, 46, 65, 28, 48, 34, 52, 51, 49, 63, 60, 38, 62, 59, 83, 33, 39, 103, 104, 14, 45, 42, 106, 87, 88, 97, 82, 81, 99, 96, 120, 101, 102, 95, 114, 116, 115, 110, 9, 108, 13, 143, 107, 7, 10, 1, 12, 0, 6, 11, 30, 25, 20, 23, 4, 24, 19, 22, 3]",True,28218957189,28.218957189,"[49, 63, 60, 38, 62, 59, 83, 33, 14, 45, 39, 42, 104, 103, 106, 87, 88, 82, 97, 99, 116, 96, 81, 102, 115, 114, 120, 108, 110, 101, 25, 23, 95, 107, 24, 143, 30, 7, 11, 9, 20, 22, 19, 13, 10, 6, 12, 1, 4, 0, 3]","[3, 0, 4, 1, 12, 6, 10, 13, 19, 22, 20, 9, 11, 7, 30, 143, 24, 107, 95, 23, 25, 101, 110, 108, 120, 114, 115, 102, 81, 96, 116, 99, 97, 82, 88, 87, 106, 103, 104, 42, 39, 45, 14, 33, 83, 59, 62, 38, 60, 63, 49]",complete,1890,1890,2725,1759,4142,206,3936,2000,2,92,92,21,21,19,21
1,452,51,100,49,"[2, 5, 8, 15, 16, 17, 18, 21, 26, 27, 28, 29, 31, 32, 34, 35, 36, 37, 40, 41, 43, 44, 46, 47, 48, 49, 50, 51, 52, 53, 54, 55, 56, 57, 58, 61, 63, 64, 65, 66, 67, 68, 69, 70, 71, 72, 73, 74, 75, 76, 77, 78, 79, 80, 84, 85, 86, 89, 90, 91, 92, 93, 94, 98, 100, 105, 109, 111, 112, 117, 118, 119, 121, 122, 123, 124, 125, 126, 127, 128, 129, 130, 131, 132, 133, 134, 135, 136, 137, 138, 139, 140, 141, 142, 144, 145, 146, 147, 148, 149]","[0, 1, 3, 4, 6, 7, 9, 10, 11, 12, 13, 14, 19, 20, 22, 23, 24, 25, 30, 33, 38, 39, 42, 45, 59, 60, 62, 81, 82, 83, 87, 88, 95, 96, 97, 99, 101, 102, 103, 104, 106, 107, 108, 110, 114, 115, 116, 120, 143]","{""support_1"": 39, ""support_2"": 62}","[39, 62]",2,"[133, 109, 70, 90, 124, 21, 135, 149, 98, 41, 145, 74, 122, 147, 132, 105, 93, 137, 36, 61, 75, 44, 121, 125, 92, 84, 5, 68, 57, 140, 146, 35, 139, 118, 64, 32, 144, 128, 78, 129, 27, 123, 67, 58, 130, 100, 50, 71, 94, 136, 134, 112, 142, 56, 127, 111, 18, 131, 86, 141, 54, 37, 55, 47, 29, 15, 43, 40, 16, 148, 91, 53, 2, 17, 77, 8, 89, 76, 85, 26, 31, 119, 66, 126, 138, 73, 69, 117, 79, 72, 80, 46, 65, 28, 48, 34, 52, 51, 49, 63, 60, 38, 62, 59, 83, 33, 39, 103, 104, 14, 45, 42, 106, 87, 88, 97, 82, 81, 99, 96, 120, 101, 102, 95, 114, 116, 115, 110, 9, 108, 13, 143, 107, 7, 10, 1, 12, 0, 6, 11, 30, 25, 20, 23, 4, 24, 19, 22, 3]",True,28335175302,28.335175302,"[60, 38, 62, 59, 83, 33, 14, 45, 39, 42, 104, 103, 106, 87, 88, 82, 97, 99, 116, 96, 81, 102, 115, 114, 120, 108, 110, 101, 25, 23, 95, 107, 24, 143, 30, 7, 11, 9, 20, 22, 19, 13, 10, 6, 12, 1, 4, 0, 3]","[3, 0, 4, 1, 12, 6, 10, 13, 19, 22, 20, 9, 11, 7, 30, 143, 24, 107, 95, 23, 25, 101, 110, 108, 120, 114, 115, 102, 81, 96, 116, 99, 97, 82, 88, 87, 106, 103, 104, 42, 39, 45, 14, 33, 83, 59, 62, 38, 60]",complete,1872,1872,2641,1743,4124,206,3918,2000,2,88,88,21,21,19,21
1,452,52,102,47,"[2, 5, 8, 15, 16, 17, 18, 21, 26, 27, 28, 29, 31, 32, 34, 35, 36, 37, 38, 40, 41, 43, 44, 46, 47, 48, 49, 50, 51, 52, 53, 54, 55, 56, 57, 58, 60, 61, 63, 64, 65, 66, 67, 68, 69, 70, 71, 72, 73, 74, 75, 76, 77, 78, 79, 80, 84, 85, 86, 89, 90, 91, 92, 93, 94, 98, 100, 105, 109, 111, 112, 117, 118, 119, 121, 122, 123, 124, 125, 126, 127, 128, 129, 130, 131, 132, 133, 134, 135, 136, 137, 138, 139, 140, 141, 142, 144, 145, 146, 147, 148, 149]","[0, 1, 3, 4, 6, 7, 9, 10, 11, 12, 13, 14, 19, 20, 22, 23, 24, 25, 30, 33, 39, 42, 45, 59, 62, 81, 82, 83, 87, 88, 95, 96, 97, 99, 101, 102, 103, 104, 106, 107, 108, 110, 114, 115, 116, 120, 143]","{""support_1"": 39, ""support_2"": 62}","[39, 62]",2,"[133, 109, 70, 90, 124, 21, 135, 149, 98, 41, 145, 74, 122, 147, 132, 105, 93, 137, 36, 61, 75, 44, 121, 125, 92, 84, 5, 68, 57, 140, 146, 35, 139, 118, 64, 32, 144, 128, 78, 129, 27, 123, 67, 58, 130, 100, 50, 71, 94, 136, 134, 112, 142, 56, 127, 111, 18, 131, 86, 141, 54, 37, 55, 47, 29, 15, 43, 40, 16, 148, 91, 53, 2, 17, 77, 8, 89, 76, 85, 26, 31, 119, 66, 126, 138, 73, 69, 117, 79, 72, 80, 46, 65, 28, 48, 34, 52, 51, 49, 63, 60, 38, 62, 59, 83, 33, 39, 103, 104, 14, 45, 42, 106, 87, 88, 97, 82, 81, 99, 96, 120, 101, 102, 95, 114, 116, 115, 110, 9, 108, 13, 143, 107, 7, 10, 1, 12, 0, 6, 11, 30, 25, 20, 23, 4, 24, 19, 22, 3]",True,13345866814,13.345866814,"[62, 59, 83, 103, 33, 39, 143, 45, 42, 25, 24, 30, 99, 82, 104, 88, 87, 106, 120, 101, 81, 114, 115, 116, 7, 108, 107, 110, 14, 102, 96, 9, 95, 97, 11, 12, 13, 6, 1, 0, 10, 20, 4, 23, 3, 22, 19]","[19, 22, 3, 23, 4, 20, 10, 0, 1, 6, 13, 12, 11, 97, 95, 9, 96, 102, 14, 110, 107, 108, 7, 116, 115, 114, 81, 101, 120, 106, 87, 88, 104, 82, 99, 30, 24, 25, 42, 45, 143, 39, 33, 103, 83, 59, 62]",complete,1137,1137,1751,1035,2394,54,2340,2000,2,85,85,17,17,16,18
1,452,53,104,45,"[2, 5, 8, 15, 16, 17, 18, 21, 26, 27, 28, 29, 31, 32, 34, 35, 36, 37, 38, 40, 41, 43, 44, 46, 47, 48, 49, 50, 51, 52, 53, 54, 55, 56, 57, 58, 59, 60, 61, 62, 63, 64, 65, 66, 67, 68, 69, 70, 71, 72, 73, 74, 75, 76, 77, 78, 79, 80, 84, 85, 86, 89, 90, 91, 92, 93, 94, 98, 100, 105, 109, 111, 112, 117, 118, 119, 121, 122, 123, 124, 125, 126, 127, 128, 129, 130, 131, 132, 133, 134, 135, 136, 137, 138, 139, 140, 141, 142, 144, 145, 146, 147, 148, 149]","[0, 1, 3, 4, 6, 7, 9, 10, 11, 12, 13, 14, 19, 20, 22, 23, 24, 25, 30, 33, 39, 42, 45, 81, 82, 83, 87, 88, 95, 96, 97, 99, 101, 102, 103, 104, 106, 107, 108, 110, 114, 115, 116, 120, 143]","{""support_1"": 39}",[39],1,"[133, 109, 70, 90, 124, 21, 135, 149, 98, 41, 145, 74, 122, 147, 132, 105, 93, 137, 36, 61, 75, 44, 121, 125, 92, 84, 5, 68, 57, 140, 146, 35, 139, 118, 64, 32, 144, 128, 78, 129, 27, 123, 67, 58, 130, 100, 50, 71, 94, 136, 134, 112, 142, 56, 127, 111, 18, 131, 86, 141, 54, 37, 55, 47, 29, 15, 43, 40, 16, 148, 91, 53, 2, 17, 77, 8, 89, 76, 85, 26, 31, 119, 66, 126, 138, 73, 69, 117, 79, 72, 80, 46, 65, 28, 48, 34, 52, 51, 49, 63, 60, 38, 62, 59, 83, 33, 39, 103, 104, 14, 45, 42, 106, 87, 88, 97, 82, 81, 99, 96, 120, 101, 102, 95, 114, 116, 115, 110, 9, 108, 13, 143, 107, 7, 10, 1, 12, 0, 6, 11, 30, 25, 20, 23, 4, 24, 19, 22, 3]",True,13291065318,13.291065318,"[83, 103, 33, 39, 143, 45, 42, 25, 24, 30, 99, 82, 104, 88, 87, 106, 120, 101, 81, 114, 115, 116, 7, 108, 107, 110, 14, 102, 96, 9, 95, 97, 11, 12, 13, 6, 1, 0, 10, 20, 4, 23, 3, 22, 19]","[19, 22, 3, 23, 4, 20, 10, 0, 1, 6, 13, 12, 11, 97, 95, 9, 96, 102, 14, 110, 107, 108, 7, 116, 115, 114, 81, 101, 120, 106, 87, 88, 104, 82, 99, 30, 24, 25, 42, 45, 143, 39, 33, 103, 83]",complete,1134,1134,1670,1034,2391,54,2337,2000,2,83,83,17,17,16,17
1,452,54,106,43,"[2, 5, 8, 15, 16, 17, 18, 21, 26, 27, 28, 29, 31, 32, 33, 34, 35, 36, 37, 38, 40, 41, 43, 44, 46, 47, 48, 49, 50, 51, 52, 53, 54, 55, 56, 57, 58, 59, 60, 61, 62, 63, 64, 65, 66, 67, 68, 69, 70, 71, 72, 73, 74, 75, 76, 77, 78, 79, 80, 83, 84, 85, 86, 89, 90, 91, 92, 93, 94, 98, 100, 105, 109, 111, 112, 117, 118, 119, 121, 122, 123, 124, 125, 126, 127, 128, 129, 130, 131, 132, 133, 134, 135, 136, 137, 138, 139, 140, 141, 142, 144, 145, 146, 147, 148, 149]","[0, 1, 3, 4, 6, 7, 9, 10, 11, 12, 13, 14, 19, 20, 22, 23, 24, 25, 30, 39, 42, 45, 81, 82, 87, 88, 95, 96, 97, 99, 101, 102, 103, 104, 106, 107, 108, 110, 114, 115, 116, 120, 143]","{""support_1"": 39, ""support_2"": 103}","[39, 103]",2,"[133, 109, 70, 90, 124, 21, 135, 149, 98, 41, 145, 74, 122, 147, 132, 105, 93, 137, 36, 61, 75, 44, 121, 125, 92, 84, 5, 68, 57, 140, 146, 35, 139, 118, 64, 32, 144, 128, 78, 129, 27, 123, 67, 58, 130, 100, 50, 71, 94, 136, 134, 112, 142, 56, 127, 111, 18, 131, 86, 141, 54, 37, 55, 47, 29, 15, 43, 40, 16, 148, 91, 53, 2, 17, 77, 8, 89, 76, 85, 26, 31, 119, 66, 126, 138, 73, 69, 117, 79, 72, 80, 46, 65, 28, 48, 34, 52, 51, 49, 63, 60, 38, 62, 59, 83, 33, 39, 103, 104, 14, 45, 42, 106, 87, 88, 97, 82, 81, 99, 96, 120, 101, 102, 95, 114, 116, 115, 110, 9, 108, 13, 143, 107, 7, 10, 1, 12, 0, 6, 11, 30, 25, 20, 23, 4, 24, 19, 22, 3]",True,6134600466,6.134600466,"[39, 103, 42, 45, 104, 143, 106, 87, 88, 82, 97, 81, 99, 116, 96, 102, 115, 108, 101, 114, 110, 120, 7, 30, 6, 1, 9, 0, 95, 107, 24, 25, 14, 11, 13, 12, 10, 20, 23, 19, 4, 22, 3]","[3, 22, 4, 19, 23, 20, 10, 12, 13, 11, 14, 25, 24, 107, 95, 0, 9, 1, 6, 30, 7, 120, 110, 114, 101, 108, 115, 102, 96, 116, 99, 81, 97, 82, 88, 87, 106, 143, 104, 45, 42, 103, 39]",complete,510,510,1057,457,954,6,948,948,2,76,76,17,17,16,18
1,452,55,108,41,"[2, 5, 8, 15, 16, 17, 18, 21, 26, 27, 28, 29, 31, 32, 33, 34, 35, 36, 37, 38, 39, 40, 41, 43, 44, 46, 47, 48, 49, 50, 51, 52, 53, 54, 55, 56, 57, 58, 59, 60, 61, 62, 63, 64, 65, 66, 67, 68, 69, 70, 71, 72, 73, 74, 75, 76, 77, 78, 79, 80, 83, 84, 85, 86, 89, 90, 91, 92, 93, 94, 98, 100, 103, 105, 109, 111, 112, 117, 118, 119, 121, 122, 123, 124, 125, 126, 127, 128, 129, 130, 131, 132, 133, 134, 135, 136, 137, 138, 139, 140, 141, 142, 144, 145, 146, 147, 148, 149]","[0, 1, 3, 4, 6, 7, 9, 10, 11, 12, 13, 14, 19, 20, 22, 23, 24, 25, 30, 42, 45, 81, 82, 87, 88, 95, 96, 97, 99, 101, 102, 104, 106, 107, 108, 110, 114, 115, 116, 120, 143]","{""support_1"": 42, ""support_2"": 88}","[42, 88]",2,"[133, 109, 70, 90, 124, 21, 135, 149, 98, 41, 145, 74, 122, 147, 132, 105, 93, 137, 36, 61, 75, 44, 121, 125, 92, 84, 5, 68, 57, 140, 146, 35, 139, 118, 64, 32, 144, 128, 78, 129, 27, 123, 67, 58, 130, 100, 50, 71, 94, 136, 134, 112, 142, 56, 127, 111, 18, 131, 86, 141, 54, 37, 55, 47, 29, 15, 43, 40, 16, 148, 91, 53, 2, 17, 77, 8, 89, 76, 85, 26, 31, 119, 66, 126, 138, 73, 69, 117, 79, 72, 80, 46, 65, 28, 48, 34, 52, 51, 49, 63, 60, 38, 62, 59, 83, 33, 39, 103, 104, 14, 45, 42, 106, 87, 88, 97, 82, 81, 99, 96, 120, 101, 102, 95, 114, 116, 115, 110, 9, 108, 13, 143, 107, 7, 10, 1, 12, 0, 6, 11, 30, 25, 20, 23, 4, 24, 19, 22, 3]",True,47133854665,47.133854665,"[45, 42, 13, 104, 99, 82, 88, 87, 97, 81, 106, 120, 96, 101, 102, 116, 114, 110, 108, 95, 9, 115, 11, 30, 107, 10, 143, 24, 12, 25, 14, 20, 22, 23, 7, 19, 6, 1, 4, 0, 3]","[3, 0, 4, 1, 6, 19, 7, 23, 22, 20, 14, 25, 12, 24, 143, 10, 107, 30, 11, 115, 9, 95, 108, 110, 114, 116, 102, 101, 96, 120, 106, 81, 97, 87, 88, 82, 99, 104, 13, 42, 45]",complete,3138,3138,3575,2951,6572,182,6390,2000,2,72,72,22,22,20,22
1,452,56,110,39,"[2, 5, 8, 14, 15, 16, 17, 18, 21, 26, 27, 28, 29, 31, 32, 33, 34, 35, 36, 37, 38, 39, 40, 41, 43, 44, 46, 47, 48, 49, 50, 51, 52, 53, 54, 55, 56, 57, 58, 59, 60, 61, 62, 63, 64, 65, 66, 67, 68, 69, 70, 71, 72, 73, 74, 75, 76, 77, 78, 79, 80, 83, 84, 85, 86, 89, 90, 91, 92, 93, 94, 98, 100, 103, 104, 105, 109, 111, 112, 117, 118, 119, 121, 122, 123, 124, 125, 126, 127, 128, 129, 130, 131, 132, 133, 134, 135, 136, 137, 138, 139, 140, 141, 142, 144, 145, 146, 147, 148, 149]","[0, 1, 3, 4, 6, 7, 9, 10, 11, 12, 13, 19, 20, 22, 23, 24, 25, 30, 42, 45, 81, 82, 87, 88, 95, 96, 97, 99, 101, 102, 106, 107, 108, 110, 114, 115, 116, 120, 143]","{""support_1"": 42, ""support_2"": 88}","[42, 88]",2,"[133, 109, 70, 90, 124, 21, 135, 149, 98, 41, 145, 74, 122, 147, 132, 105, 93, 137, 36, 61, 75, 44, 121, 125, 92, 84, 5, 68, 57, 140, 146, 35, 139, 118, 64, 32, 144, 128, 78, 129, 27, 123, 67, 58, 130, 100, 50, 71, 94, 136, 134, 112, 142, 56, 127, 111, 18, 131, 86, 141, 54, 37, 55, 47, 29, 15, 43, 40, 16, 148, 91, 53, 2, 17, 77, 8, 89, 76, 85, 26, 31, 119, 66, 126, 138, 73, 69, 117, 79, 72, 80, 46, 65, 28, 48, 34, 52, 51, 49, 63, 60, 38, 62, 59, 83, 33, 39, 103, 104, 14, 45, 42, 106, 87, 88, 97, 82, 81, 99, 96, 120, 101, 102, 95, 114, 116, 115, 110, 9, 108, 13, 143, 107, 7, 10, 1, 12, 0, 6, 11, 30, 25, 20, 23, 4, 24, 19, 22, 3]",False,2910949207,2.910949207,[],[],open_list_exhausted,189,189,189,184,386,2,384,384,2,6,6,3,3,1,1
1,452,57,112,37,"[2, 5, 8, 14, 15, 16, 17, 18, 21, 26, 27, 28, 29, 31, 32, 33, 34, 35, 36, 37, 38, 39, 40, 41, 42, 43, 44, 45, 46, 47, 48, 49, 50, 51, 52, 53, 54, 55, 56, 57, 58, 59, 60, 61, 62, 63, 64, 65, 66, 67, 68, 69, 70, 71, 72, 73, 74, 75, 76, 77, 78, 79, 80, 83, 84, 85, 86, 89, 90, 91, 92, 93, 94, 98, 100, 103, 104, 105, 109, 111, 112, 117, 118, 119, 121, 122, 123, 124, 125, 126, 127, 128, 129, 130, 131, 132, 133, 134, 135, 136, 137, 138, 139, 140, 141, 142, 144, 145, 146, 147, 148, 149]","[0, 1, 3, 4, 6, 7, 9, 10, 11, 12, 13, 19, 20, 22, 23, 24, 25, 30, 81, 82, 87, 88, 95, 96, 97, 99, 101, 102, 106, 107, 108, 110, 114, 115, 116, 120, 143]","{""support_1"": 110, ""support_2"": 88}","[88, 110]",2,"[133, 109, 70, 90, 124, 21, 135, 149, 98, 41, 145, 74, 122, 147, 132, 105, 93, 137, 36, 61, 75, 44, 121, 125, 92, 84, 5, 68, 57, 140, 146, 35, 139, 118, 64, 32, 144, 128, 78, 129, 27, 123, 67, 58, 130, 100, 50, 71, 94, 136, 134, 112, 142, 56, 127, 111, 18, 131, 86, 141, 54, 37, 55, 47, 29, 15, 43, 40, 16, 148, 91, 53, 2, 17, 77, 8, 89, 76, 85, 26, 31, 119, 66, 126, 138, 73, 69, 117, 79, 72, 80, 46, 65, 28, 48, 34, 52, 51, 49, 63, 60, 38, 62, 59, 83, 33, 39, 103, 104, 14, 45, 42, 106, 87, 88, 97, 82, 81, 99, 96, 120, 101, 102, 95, 114, 116, 115, 110, 9, 108, 13, 143, 107, 7, 10, 1, 12, 0, 6, 11, 30, 25, 20, 23, 4, 24, 19, 22, 3]",True,2539426598,2.539426598,"[106, 87, 88, 97, 82, 81, 99, 116, 96, 102, 115, 114, 120, 108, 110, 107, 101, 6, 143, 7, 9, 13, 10, 95, 1, 0, 23, 25, 12, 11, 30, 4, 22, 20, 3, 24, 19]","[19, 24, 3, 20, 22, 4, 30, 11, 12, 25, 23, 0, 1, 95, 10, 13, 9, 7, 143, 6, 101, 107, 110, 108, 120, 114, 115, 102, 96, 116, 99, 81, 82, 97, 88, 87, 106]",complete,257,257,625,218,489,0,489,489,2,65,65,15,15,13,15
1,452,58,114,35,"[2, 5, 8, 14, 15, 16, 17, 18, 21, 26, 27, 28, 29, 31, 32, 33, 34, 35, 36, 37, 38, 39, 40, 41, 42, 43, 44, 45, 46, 47, 48, 49, 50, 51, 52, 53, 54, 55, 56, 57, 58, 59, 60, 61, 62, 63, 64, 65, 66, 67, 68, 69, 70, 71, 72, 73, 74, 75, 76, 77, 78, 79, 80, 83, 84, 85, 86, 87, 89, 90, 91, 92, 93, 94, 98, 100, 103, 104, 105, 106, 109, 111, 112, 117, 118, 119, 121, 122, 123, 124, 125, 126, 127, 128, 129, 130, 131, 132, 133, 134, 135, 136, 137, 138, 139, 140, 141, 142, 144, 145, 146, 147, 148, 149]","[0, 1, 3, 4, 6, 7, 9, 10, 11, 12, 13, 19, 20, 22, 23, 24, 25, 30, 81, 82, 88, 95, 96, 97, 99, 101, 102, 107, 108, 110, 114, 115, 116, 120, 143]","{""support_1"": 110, ""support_2"": 88}","[88, 110]",2,"[133, 109, 70, 90, 124, 21, 135, 149, 98, 41, 145, 74, 122, 147, 132, 105, 93, 137, 36, 61, 75, 44, 121, 125, 92, 84, 5, 68, 57, 140, 146, 35, 139, 118, 64, 32, 144, 128, 78, 129, 27, 123, 67, 58, 130, 100, 50, 71, 94, 136, 134, 112, 142, 56, 127, 111, 18, 131, 86, 141, 54, 37, 55, 47, 29, 15, 43, 40, 16, 148, 91, 53, 2, 17, 77, 8, 89, 76, 85, 26, 31, 119, 66, 126, 138, 73, 69, 117, 79, 72, 80, 46, 65, 28, 48, 34, 52, 51, 49, 63, 60, 38, 62, 59, 83, 33, 39, 103, 104, 14, 45, 42, 106, 87, 88, 97, 82, 81, 99, 96, 120, 101, 102, 95, 114, 116, 115, 110, 9, 108, 13, 143, 107, 7, 10, 1, 12, 0, 6, 11, 30, 25, 20, 23, 4, 24, 19, 22, 3]",True,1366835684,1.366835684,"[88, 82, 97, 99, 120, 101, 81, 96, 102, 95, 114, 116, 115, 110, 108, 143, 107, 23, 22, 13, 9, 20, 10, 25, 24, 19, 12, 30, 4, 6, 11, 7, 1, 0, 3]","[3, 0, 1, 7, 11, 6, 4, 30, 12, 19, 24, 25, 10, 20, 9, 13, 22, 23, 107, 143, 108, 110, 115, 116, 114, 95, 102, 96, 81, 101, 120, 99, 97, 82, 88]",complete,131,131,516,96,301,0,301,301,2,58,58,16,16,15,17
1,452,59,116,33,"[2, 5, 8, 14, 15, 16, 17, 18, 21, 26, 27, 28, 29, 31, 32, 33, 34, 35, 36, 37, 38, 39, 40, 41, 42, 43, 44, 45, 46, 47, 48, 49, 50, 51, 52, 53, 54, 55, 56, 57, 58, 59, 60, 61, 62, 63, 64, 65, 66, 67, 68, 69, 70, 71, 72, 73, 74, 75, 76, 77, 78, 79, 80, 83, 84, 85, 86, 87, 88, 89, 90, 91, 92, 93, 94, 97, 98, 100, 103, 104, 105, 106, 109, 111, 112, 117, 118, 119, 121, 122, 123, 124, 125, 126, 127, 128, 129, 130, 131, 132, 133, 134, 135, 136, 137, 138, 139, 140, 141, 142, 144, 145, 146, 147, 148, 149]","[0, 1, 3, 4, 6, 7, 9, 10, 11, 12, 13, 19, 20, 22, 23, 24, 25, 30, 81, 82, 95, 96, 99, 101, 102, 107, 108, 110, 114, 115, 116, 120, 143]","{""support_1"": 110, ""support_2"": 99}","[99, 110]",2,"[133, 109, 70, 90, 124, 21, 135, 149, 98, 41, 145, 74, 122, 147, 132, 105, 93, 137, 36, 61, 75, 44, 121, 125, 92, 84, 5, 68, 57, 140, 146, 35, 139, 118, 64, 32, 144, 128, 78, 129, 27, 123, 67, 58, 130, 100, 50, 71, 94, 136, 134, 112, 142, 56, 127, 111, 18, 131, 86, 141, 54, 37, 55, 47, 29, 15, 43, 40, 16, 148, 91, 53, 2, 17, 77, 8, 89, 76, 85, 26, 31, 119, 66, 126, 138, 73, 69, 117, 79, 72, 80, 46, 65, 28, 48, 34, 52, 51, 49, 63, 60, 38, 62, 59, 83, 33, 39, 103, 104, 14, 45, 42, 106, 87, 88, 97, 82, 81, 99, 96, 120, 101, 102, 95, 114, 116, 115, 110, 9, 108, 13, 143, 107, 7, 10, 1, 12, 0, 6, 11, 30, 25, 20, 23, 4, 24, 19, 22, 3]",True,1269075941,1.269075941,"[82, 99, 96, 116, 81, 102, 101, 120, 115, 95, 108, 114, 13, 110, 23, 12, 107, 9, 11, 30, 10, 143, 7, 24, 1, 6, 25, 4, 22, 3, 20, 19, 0]","[0, 19, 20, 3, 22, 4, 25, 6, 1, 24, 7, 143, 10, 30, 11, 9, 107, 12, 23, 110, 13, 114, 108, 95, 115, 120, 101, 102, 81, 116, 96, 99, 82]",complete,129,129,457,96,283,0,283,283,2,56,56,18,18,16,18
1,452,60,118,31,"[2, 5, 8, 14, 15, 16, 17, 18, 21, 26, 27, 28, 29, 31, 32, 33, 34, 35, 36, 37, 38, 39, 40, 41, 42, 43, 44, 45, 46, 47, 48, 49, 50, 51, 52, 53, 54, 55, 56, 57, 58, 59, 60, 61, 62, 63, 64, 65, 66, 67, 68, 69, 70, 71, 72, 73, 74, 75, 76, 77, 78, 79, 80, 81, 82, 83, 84, 85, 86, 87, 88, 89, 90, 91, 92, 93, 94, 97, 98, 100, 103, 104, 105, 106, 109, 111, 112, 117, 118, 119, 121, 122, 123, 124, 125, 126, 127, 128, 129, 130, 131, 132, 133, 134, 135, 136, 137, 138, 139, 140, 141, 142, 144, 145, 146, 147, 148, 149]","[0, 1, 3, 4, 6, 7, 9, 10, 11, 12, 13, 19, 20, 22, 23, 24, 25, 30, 95, 96, 99, 101, 102, 107, 108, 110, 114, 115, 116, 120, 143]","{""support_1"": 110, ""support_2"": 99}","[99, 110]",2,"[133, 109, 70, 90, 124, 21, 135, 149, 98, 41, 145, 74, 122, 147, 132, 105, 93, 137, 36, 61, 75, 44, 121, 125, 92, 84, 5, 68, 57, 140, 146, 35, 139, 118, 64, 32, 144, 128, 78, 129, 27, 123, 67, 58, 130, 100, 50, 71, 94, 136, 134, 112, 142, 56, 127, 111, 18, 131, 86, 141, 54, 37, 55, 47, 29, 15, 43, 40, 16, 148, 91, 53, 2, 17, 77, 8, 89, 76, 85, 26, 31, 119, 66, 126, 138, 73, 69, 117, 79, 72, 80, 46, 65, 28, 48, 34, 52, 51, 49, 63, 60, 38, 62, 59, 83, 33, 39, 103, 104, 14, 45, 42, 106, 87, 88, 97, 82, 81, 99, 96, 120, 101, 102, 95, 114, 116, 115, 110, 9, 108, 13, 143, 107, 7, 10, 1, 12, 0, 6, 11, 30, 25, 20, 23, 4, 24, 19, 22, 3]",True,1250482048,1.250482048,"[99, 116, 96, 102, 101, 120, 95, 115, 108, 114, 13, 7, 107, 110, 143, 25, 24, 30, 9, 10, 1, 6, 12, 20, 11, 0, 23, 19, 4, 22, 3]","[3, 22, 4, 19, 23, 0, 11, 20, 12, 6, 1, 10, 9, 30, 24, 25, 143, 110, 107, 7, 13, 114, 108, 115, 95, 120, 101, 102, 96, 116, 99]",complete,127,127,407,96,284,0,284,284,2,52,52,13,13,12,14
1,452,61,120,29,"[2, 5, 8, 14, 15, 16, 17, 18, 21, 26, 27, 28, 29, 31, 32, 33, 34, 35, 36, 37, 38, 39, 40, 41, 42, 43, 44, 45, 46, 47, 48, 49, 50, 51, 52, 53, 54, 55, 56, 57, 58, 59, 60, 61, 62, 63, 64, 65, 66, 67, 68, 69, 70, 71, 72, 73, 74, 75, 76, 77, 78, 79, 80, 81, 82, 83, 84, 85, 86, 87, 88, 89, 90, 91, 92, 93, 94, 96, 97, 98, 99, 100, 103, 104, 105, 106, 109, 111, 112, 117, 118, 119, 121, 122, 123, 124, 125, 126, 127, 128, 129, 130, 131, 132, 133, 134, 135, 136, 137, 138, 139, 140, 141, 142, 144, 145, 146, 147, 148, 149]","[0, 1, 3, 4, 6, 7, 9, 10, 11, 12, 13, 19, 20, 22, 23, 24, 25, 30, 95, 101, 102, 107, 108, 110, 114, 115, 116, 120, 143]","{""support_1"": 110, ""support_2"": 102}","[102, 110]",2,"[133, 109, 70, 90, 124, 21, 135, 149, 98, 41, 145, 74, 122, 147, 132, 105, 93, 137, 36, 61, 75, 44, 121, 125, 92, 84, 5, 68, 57, 140, 146, 35, 139, 118, 64, 32, 144, 128, 78, 129, 27, 123, 67, 58, 130, 100, 50, 71, 94, 136, 134, 112, 142, 56, 127, 111, 18, 131, 86, 141, 54, 37, 55, 47, 29, 15, 43, 40, 16, 148, 91, 53, 2, 17, 77, 8, 89, 76, 85, 26, 31, 119, 66, 126, 138, 73, 69, 117, 79, 72, 80, 46, 65, 28, 48, 34, 52, 51, 49, 63, 60, 38, 62, 59, 83, 33, 39, 103, 104, 14, 45, 42, 106, 87, 88, 97, 82, 81, 99, 96, 120, 101, 102, 95, 114, 116, 115, 110, 9, 108, 13, 143, 107, 7, 10, 1, 12, 0, 6, 11, 30, 25, 20, 23, 4, 24, 19, 22, 3]",True,504187785,0.504187785,"[120, 101, 102, 95, 114, 116, 115, 110, 108, 107, 143, 23, 22, 30, 24, 25, 11, 20, 9, 12, 4, 19, 7, 3, 6, 13, 1, 10, 0]","[0, 10, 1, 13, 6, 3, 7, 19, 4, 12, 9, 20, 11, 25, 24, 30, 22, 23, 143, 107, 108, 110, 115, 116, 114, 95, 102, 101, 120]",complete,73,73,358,44,134,0,134,134,2,47,47,13,13,11,13
1,452,62,122,27,"[2, 5, 8, 14, 15, 16, 17, 18, 21, 26, 27, 28, 29, 31, 32, 33, 34, 35, 36, 37, 38, 39, 40, 41, 42, 43, 44, 45, 46, 47, 48, 49, 50, 51, 52, 53, 54, 55, 56, 57, 58, 59, 60, 61, 62, 63, 64, 65, 66, 67, 68, 69, 70, 71, 72, 73, 74, 75, 76, 77, 78, 79, 80, 81, 82, 83, 84, 85, 86, 87, 88, 89, 90, 91, 92, 93, 94, 96, 97, 98, 99, 100, 101, 103, 104, 105, 106, 109, 111, 112, 117, 118, 119, 120, 121, 122, 123, 124, 125, 126, 127, 128, 129, 130, 131, 132, 133, 134, 135, 136, 137, 138, 139, 140, 141, 142, 144, 145, 146, 147, 148, 149]","[0, 1, 3, 4, 6, 7, 9, 10, 11, 12, 13, 19, 20, 22, 23, 24, 25, 30, 95, 102, 107, 108, 110, 114, 115, 116, 143]","{""support_1"": 110, ""support_2"": 102}","[102, 110]",2,"[133, 109, 70, 90, 124, 21, 135, 149, 98, 41, 145, 74, 122, 147, 132, 105, 93, 137, 36, 61, 75, 44, 121, 125, 92, 84, 5, 68, 57, 140, 146, 35, 139, 118, 64, 32, 144, 128, 78, 129, 27, 123, 67, 58, 130, 100, 50, 71, 94, 136, 134, 112, 142, 56, 127, 111, 18, 131, 86, 141, 54, 37, 55, 47, 29, 15, 43, 40, 16, 148, 91, 53, 2, 17, 77, 8, 89, 76, 85, 26, 31, 119, 66, 126, 138, 73, 69, 117, 79, 72, 80, 46, 65, 28, 48, 34, 52, 51, 49, 63, 60, 38, 62, 59, 83, 33, 39, 103, 104, 14, 45, 42, 106, 87, 88, 97, 82, 81, 99, 96, 120, 101, 102, 95, 114, 116, 115, 110, 9, 108, 13, 143, 107, 7, 10, 1, 12, 0, 6, 11, 30, 25, 20, 23, 4, 24, 19, 22, 3]",True,457877657,0.457877657,"[102, 95, 114, 116, 115, 110, 108, 107, 143, 23, 22, 30, 24, 25, 11, 20, 9, 12, 4, 19, 7, 3, 6, 13, 1, 10, 0]","[0, 10, 1, 13, 6, 3, 7, 19, 4, 12, 9, 20, 11, 25, 24, 30, 22, 23, 143, 107, 108, 110, 115, 116, 114, 95, 102]",complete,69,69,311,42,130,0,130,130,2,43,43,12,12,11,13
1,452,63,124,25,"[2, 5, 8, 14, 15, 16, 17, 18, 21, 26, 27, 28, 29, 31, 32, 33, 34, 35, 36, 37, 38, 39, 40, 41, 42, 43, 44, 45, 46, 47, 48, 49, 50, 51, 52, 53, 54, 55, 56, 57, 58, 59, 60, 61, 62, 63, 64, 65, 66, 67, 68, 69, 70, 71, 72, 73, 74, 75, 76, 77, 78, 79, 80, 81, 82, 83, 84, 85, 86, 87, 88, 89, 90, 91, 92, 93, 94, 95, 96, 97, 98, 99, 100, 101, 102, 103, 104, 105, 106, 109, 111, 112, 117, 118, 119, 120, 121, 122, 123, 124, 125, 126, 127, 128, 129, 130, 131, 132, 133, 134, 135, 136, 137, 138, 139, 140, 141, 142, 144, 145, 146, 147, 148, 149]","[0, 1, 3, 4, 6, 7, 9, 10, 11, 12, 13, 19, 20, 22, 23, 24, 25, 30, 107, 108, 110, 114, 115, 116, 143]","{""support_1"": 110, ""support_2"": 116}","[110, 116]",2,"[133, 109, 70, 90, 124, 21, 135, 149, 98, 41, 145, 74, 122, 147, 132, 105, 93, 137, 36, 61, 75, 44, 121, 125, 92, 84, 5, 68, 57, 140, 146, 35, 139, 118, 64, 32, 144, 128, 78, 129, 27, 123, 67, 58, 130, 100, 50, 71, 94, 136, 134, 112, 142, 56, 127, 111, 18, 131, 86, 141, 54, 37, 55, 47, 29, 15, 43, 40, 16, 148, 91, 53, 2, 17, 77, 8, 89, 76, 85, 26, 31, 119, 66, 126, 138, 73, 69, 117, 79, 72, 80, 46, 65, 28, 48, 34, 52, 51, 49, 63, 60, 38, 62, 59, 83, 33, 39, 103, 104, 14, 45, 42, 106, 87, 88, 97, 82, 81, 99, 96, 120, 101, 102, 95, 114, 116, 115, 110, 9, 108, 13, 143, 107, 7, 10, 1, 12, 0, 6, 11, 30, 25, 20, 23, 4, 24, 19, 22, 3]",True,425625863,0.425625863,"[114, 116, 115, 110, 108, 107, 143, 23, 22, 30, 24, 25, 11, 20, 9, 19, 13, 12, 7, 6, 10, 4, 3, 1, 0]","[0, 1, 3, 4, 10, 6, 7, 12, 13, 19, 9, 20, 11, 25, 24, 30, 22, 23, 143, 107, 108, 110, 115, 116, 114]",complete,68,68,260,43,123,0,123,123,2,38,38,10,10,8,10
1,452,64,126,23,"[2, 5, 8, 14, 15, 16, 17, 18, 21, 26, 27, 28, 29, 31, 32, 33, 34, 35, 36, 37, 38, 39, 40, 41, 42, 43, 44, 45, 46, 47, 48, 49, 50, 51, 52, 53, 54, 55, 56, 57, 58, 59, 60, 61, 62, 63, 64, 65, 66, 67, 68, 69, 70, 71, 72, 73, 74, 75, 76, 77, 78, 79, 80, 81, 82, 83, 84, 85, 86, 87, 88, 89, 90, 91, 92, 93, 94, 95, 96, 97, 98, 99, 100, 101, 102, 103, 104, 105, 106, 109, 111, 112, 114, 116, 117, 118, 119, 120, 121, 122, 123, 124, 125, 126, 127, 128, 129, 130, 131, 132, 133, 134, 135, 136, 137, 138, 139, 140, 141, 142, 144, 145, 146, 147, 148, 149]","[0, 1, 3, 4, 6, 7, 9, 10, 11, 12, 13, 19, 20, 22, 23, 24, 25, 30, 107, 108, 110, 115, 143]","{""support_1"": 110, ""support_2"": 115}","[110, 115]",2,"[133, 109, 70, 90, 124, 21, 135, 149, 98, 41, 145, 74, 122, 147, 132, 105, 93, 137, 36, 61, 75, 44, 121, 125, 92, 84, 5, 68, 57, 140, 146, 35, 139, 118, 64, 32, 144, 128, 78, 129, 27, 123, 67, 58, 130, 100, 50, 71, 94, 136, 134, 112, 142, 56, 127, 111, 18, 131, 86, 141, 54, 37, 55, 47, 29, 15, 43, 40, 16, 148, 91, 53, 2, 17, 77, 8, 89, 76, 85, 26, 31, 119, 66, 126, 138, 73, 69, 117, 79, 72, 80, 46, 65, 28, 48, 34, 52, 51, 49, 63, 60, 38, 62, 59, 83, 33, 39, 103, 104, 14, 45, 42, 106, 87, 88, 97, 82, 81, 99, 96, 120, 101, 102, 95, 114, 116, 115, 110, 9, 108, 13, 143, 107, 7, 10, 1, 12, 0, 6, 11, 30, 25, 20, 23, 4, 24, 19, 22, 3]",True,501369411,0.501369411,"[115, 110, 143, 108, 23, 30, 24, 11, 25, 20, 107, 22, 6, 7, 19, 4, 3, 12, 1, 13, 10, 9, 0]","[0, 9, 10, 13, 1, 12, 3, 4, 19, 7, 6, 22, 107, 20, 25, 11, 24, 30, 23, 108, 143, 110, 115]",complete,67,67,224,44,146,0,146,146,2,38,38,12,12,11,13
1,452,65,128,21,"[2, 5, 8, 14, 15, 16, 17, 18, 21, 26, 27, 28, 29, 31, 32, 33, 34, 35, 36, 37, 38, 39, 40, 41, 42, 43, 44, 45, 46, 47, 48, 49, 50, 51, 52, 53, 54, 55, 56, 57, 58, 59, 60, 61, 62, 63, 64, 65, 66, 67, 68, 69, 70, 71, 72, 73, 74, 75, 76, 77, 78, 79, 80, 81, 82, 83, 84, 85, 86, 87, 88, 89, 90, 91, 92, 93, 94, 95, 96, 97, 98, 99, 100, 101, 102, 103, 104, 105, 106, 109, 110, 111, 112, 114, 115, 116, 117, 118, 119, 120, 121, 122, 123, 124, 125, 126, 127, 128, 129, 130, 131, 132, 133, 134, 135, 136, 137, 138, 139, 140, 141, 142, 144, 145, 146, 147, 148, 149]","[0, 1, 3, 4, 6, 7, 9, 10, 11, 12, 13, 19, 20, 22, 23, 24, 25, 30, 107, 108, 143]","{""support_1"": 108, ""support_2"": 9}","[9, 108]",2,"[133, 109, 70, 90, 124, 21, 135, 149, 98, 41, 145, 74, 122, 147, 132, 105, 93, 137, 36, 61, 75, 44, 121, 125, 92, 84, 5, 68, 57, 140, 146, 35, 139, 118, 64, 32, 144, 128, 78, 129, 27, 123, 67, 58, 130, 100, 50, 71, 94, 136, 134, 112, 142, 56, 127, 111, 18, 131, 86, 141, 54, 37, 55, 47, 29, 15, 43, 40, 16, 148, 91, 53, 2, 17, 77, 8, 89, 76, 85, 26, 31, 119, 66, 126, 138, 73, 69, 117, 79, 72, 80, 46, 65, 28, 48, 34, 52, 51, 49, 63, 60, 38, 62, 59, 83, 33, 39, 103, 104, 14, 45, 42, 106, 87, 88, 97, 82, 81, 99, 96, 120, 101, 102, 95, 114, 116, 115, 110, 9, 108, 13, 143, 107, 7, 10, 1, 12, 0, 6, 11, 30, 25, 20, 23, 4, 24, 19, 22, 3]",True,283079856,0.283079856,"[9, 108, 13, 10, 6, 7, 1, 23, 0, 12, 4, 11, 107, 30, 143, 22, 25, 20, 3, 24, 19]","[19, 24, 3, 20, 25, 22, 143, 30, 107, 11, 4, 12, 0, 23, 1, 7, 6, 10, 13, 108, 9]",complete,47,47,190,26,100,0,100,100,2,32,32,10,10,9,11
1,452,66,130,19,"[2, 5, 8, 9, 14, 15, 16, 17, 18, 21, 26, 27, 28, 29, 31, 32, 33, 34, 35, 36, 37, 38, 39, 40, 41, 42, 43, 44, 45, 46, 47, 48, 49, 50, 51, 52, 53, 54, 55, 56, 57, 58, 59, 60, 61, 62, 63, 64, 65, 66, 67, 68, 69, 70, 71, 72, 73, 74, 75, 76, 77, 78, 79, 80, 81, 82, 83, 84, 85, 86, 87, 88, 89, 90, 91, 92, 93, 94, 95, 96, 97, 98, 99, 100, 101, 102, 103, 104, 105, 106, 108, 109, 110, 111, 112, 114, 115, 116, 117, 118, 119, 120, 121, 122, 123, 124, 125, 126, 127, 128, 129, 130, 131, 132, 133, 134, 135, 136, 137, 138, 139, 140, 141, 142, 144, 145, 146, 147, 148, 149]","[0, 1, 3, 4, 6, 7, 10, 11, 12, 13, 19, 20, 22, 23, 24, 25, 30, 107, 143]","{""support_2"": 10}",[10],1,"[133, 109, 70, 90, 124, 21, 135, 149, 98, 41, 145, 74, 122, 147, 132, 105, 93, 137, 36, 61, 75, 44, 121, 125, 92, 84, 5, 68, 57, 140, 146, 35, 139, 118, 64, 32, 144, 128, 78, 129, 27, 123, 67, 58, 130, 100, 50, 71, 94, 136, 134, 112, 142, 56, 127, 111, 18, 131, 86, 141, 54, 37, 55, 47, 29, 15, 43, 40, 16, 148, 91, 53, 2, 17, 77, 8, 89, 76, 85, 26, 31, 119, 66, 126, 138, 73, 69, 117, 79, 72, 80, 46, 65, 28, 48, 34, 52, 51, 49, 63, 60, 38, 62, 59, 83, 33, 39, 103, 104, 14, 45, 42, 106, 87, 88, 97, 82, 81, 99, 96, 120, 101, 102, 95, 114, 116, 115, 110, 9, 108, 13, 143, 107, 7, 10, 1, 12, 0, 6, 11, 30, 25, 20, 23, 4, 24, 19, 22, 3]",True,222156711,0.222156711,"[13, 10, 6, 7, 1, 23, 107, 11, 30, 143, 0, 12, 4, 22, 24, 25, 20, 3, 19]","[19, 3, 20, 25, 24, 22, 4, 12, 0, 143, 30, 11, 107, 23, 1, 7, 6, 10, 13]",complete,38,38,155,19,84,0,84,84,2,29,29,10,10,9,10
1,452,67,132,17,"[2, 5, 8, 9, 13, 14, 15, 16, 17, 18, 21, 26, 27, 28, 29, 31, 32, 33, 34, 35, 36, 37, 38, 39, 40, 41, 42, 43, 44, 45, 46, 47, 48, 49, 50, 51, 52, 53, 54, 55, 56, 57, 58, 59, 60, 61, 62, 63, 64, 65, 66, 67, 68, 69, 70, 71, 72, 73, 74, 75, 76, 77, 78, 79, 80, 81, 82, 83, 84, 85, 86, 87, 88, 89, 90, 91, 92, 93, 94, 95, 96, 97, 98, 99, 100, 101, 102, 103, 104, 105, 106, 108, 109, 110, 111, 112, 114, 115, 116, 117, 118, 119, 120, 121, 122, 123, 124, 125, 126, 127, 128, 129, 130, 131, 132, 133, 134, 135, 136, 137, 138, 139, 140, 141, 142, 143, 144, 145, 146, 147, 148, 149]","[0, 1, 3, 4, 6, 7, 10, 11, 12, 19, 20, 22, 23, 24, 25, 30, 107]","{""support_1"": 11, ""support_2"": 10}","[10, 11]",2,"[133, 109, 70, 90, 124, 21, 135, 149, 98, 41, 145, 74, 122, 147, 132, 105, 93, 137, 36, 61, 75, 44, 121, 125, 92, 84, 5, 68, 57, 140, 146, 35, 139, 118, 64, 32, 144, 128, 78, 129, 27, 123, 67, 58, 130, 100, 50, 71, 94, 136, 134, 112, 142, 56, 127, 111, 18, 131, 86, 141, 54, 37, 55, 47, 29, 15, 43, 40, 16, 148, 91, 53, 2, 17, 77, 8, 89, 76, 85, 26, 31, 119, 66, 126, 138, 73, 69, 117, 79, 72, 80, 46, 65, 28, 48, 34, 52, 51, 49, 63, 60, 38, 62, 59, 83, 33, 39, 103, 104, 14, 45, 42, 106, 87, 88, 97, 82, 81, 99, 96, 120, 101, 102, 95, 114, 116, 115, 110, 9, 108, 13, 143, 107, 7, 10, 1, 12, 0, 6, 11, 30, 25, 20, 23, 4, 24, 19, 22, 3]",True,230858992,0.230858992,"[107, 7, 10, 1, 12, 0, 6, 23, 11, 25, 20, 30, 4, 24, 19, 22, 3]","[3, 22, 19, 24, 4, 30, 20, 25, 11, 23, 6, 0, 12, 1, 10, 7, 107]",complete,47,47,122,30,89,0,89,89,2,28,28,8,8,6,8
1,452,68,134,15,"[2, 5, 7, 8, 9, 13, 14, 15, 16, 17, 18, 21, 26, 27, 28, 29, 31, 32, 33, 34, 35, 36, 37, 38, 39, 40, 41, 42, 43, 44, 45, 46, 47, 48, 49, 50, 51, 52, 53, 54, 55, 56, 57, 58, 59, 60, 61, 62, 63, 64, 65, 66, 67, 68, 69, 70, 71, 72, 73, 74, 75, 76, 77, 78, 79, 80, 81, 82, 83, 84, 85, 86, 87, 88, 89, 90, 91, 92, 93, 94, 95, 96, 97, 98, 99, 100, 101, 102, 103, 104, 105, 106, 107, 108, 109, 110, 111, 112, 114, 115, 116, 117, 118, 119, 120, 121, 122, 123, 124, 125, 126, 127, 128, 129, 130, 131, 132, 133, 134, 135, 136, 137, 138, 139, 140, 141, 142, 143, 144, 145, 146, 147, 148, 149]","[0, 1, 3, 4, 6, 10, 11, 12, 19, 20, 22, 23, 24, 25, 30]","{""support_1"": 11, ""support_2"": 10}","[10, 11]",2,"[133, 109, 70, 90, 124, 21, 135, 149, 98, 41, 145, 74, 122, 147, 132, 105, 93, 137, 36, 61, 75, 44, 121, 125, 92, 84, 5, 68, 57, 140, 146, 35, 139, 118, 64, 32, 144, 128, 78, 129, 27, 123, 67, 58, 130, 100, 50, 71, 94, 136, 134, 112, 142, 56, 127, 111, 18, 131, 86, 141, 54, 37, 55, 47, 29, 15, 43, 40, 16, 148, 91, 53, 2, 17, 77, 8, 89, 76, 85, 26, 31, 119, 66, 126, 138, 73, 69, 117, 79, 72, 80, 46, 65, 28, 48, 34, 52, 51, 49, 63, 60, 38, 62, 59, 83, 33, 39, 103, 104, 14, 45, 42, 106, 87, 88, 97, 82, 81, 99, 96, 120, 101, 102, 95, 114, 116, 115, 110, 9, 108, 13, 143, 107, 7, 10, 1, 12, 0, 6, 11, 30, 25, 20, 23, 4, 24, 19, 22, 3]",True,209242305,0.209242305,"[10, 1, 12, 0, 6, 23, 11, 25, 20, 30, 4, 24, 19, 22, 3]","[3, 22, 19, 24, 4, 30, 20, 25, 11, 23, 6, 0, 12, 1, 10]",complete,36,36,95,21,78,0,78,78,2,24,24,7,7,6,8
1,452,69,136,13,"[1, 2, 5, 7, 8, 9, 10, 13, 14, 15, 16, 17, 18, 21, 26, 27, 28, 29, 31, 32, 33, 34, 35, 36, 37, 38, 39, 40, 41, 42, 43, 44, 45, 46, 47, 48, 49, 50, 51, 52, 53, 54, 55, 56, 57, 58, 59, 60, 61, 62, 63, 64, 65, 66, 67, 68, 69, 70, 71, 72, 73, 74, 75, 76, 77, 78, 79, 80, 81, 82, 83, 84, 85, 86, 87, 88, 89, 90, 91, 92, 93, 94, 95, 96, 97, 98, 99, 100, 101, 102, 103, 104, 105, 106, 107, 108, 109, 110, 111, 112, 114, 115, 116, 117, 118, 119, 120, 121, 122, 123, 124, 125, 126, 127, 128, 129, 130, 131, 132, 133, 134, 135, 136, 137, 138, 139, 140, 141, 142, 143, 144, 145, 146, 147, 148, 149]","[0, 3, 4, 6, 11, 12, 19, 20, 22, 23, 24, 25, 30]","{""support_1"": 11, ""support_2"": 6}","[6, 11]",2,"[133, 109, 70, 90, 124, 21, 135, 149, 98, 41, 145, 74, 122, 147, 132, 105, 93, 137, 36, 61, 75, 44, 121, 125, 92, 84, 5, 68, 57, 140, 146, 35, 139, 118, 64, 32, 144, 128, 78, 129, 27, 123, 67, 58, 130, 100, 50, 71, 94, 136, 134, 112, 142, 56, 127, 111, 18, 131, 86, 141, 54, 37, 55, 47, 29, 15, 43, 40, 16, 148, 91, 53, 2, 17, 77, 8, 89, 76, 85, 26, 31, 119, 66, 126, 138, 73, 69, 117, 79, 72, 80, 46, 65, 28, 48, 34, 52, 51, 49, 63, 60, 38, 62, 59, 83, 33, 39, 103, 104, 14, 45, 42, 106, 87, 88, 97, 82, 81, 99, 96, 120, 101, 102, 95, 114, 116, 115, 110, 9, 108, 13, 143, 107, 7, 10, 1, 12, 0, 6, 11, 30, 25, 20, 23, 4, 24, 19, 22, 3]",True,100477674,0.100477674,"[12, 0, 6, 11, 4, 30, 23, 22, 20, 24, 3, 19, 25]","[25, 19, 3, 24, 20, 22, 23, 30, 4, 11, 6, 0, 12]",complete,24,24,76,11,47,0,47,47,2,21,21,8,8,6,8
1,452,70,138,11,"[0, 1, 2, 5, 7, 8, 9, 10, 12, 13, 14, 15, 16, 17, 18, 21, 26, 27, 28, 29, 31, 32, 33, 34, 35, 36, 37, 38, 39, 40, 41, 42, 43, 44, 45, 46, 47, 48, 49, 50, 51, 52, 53, 54, 55, 56, 57, 58, 59, 60, 61, 62, 63, 64, 65, 66, 67, 68, 69, 70, 71, 72, 73, 74, 75, 76, 77, 78, 79, 80, 81, 82, 83, 84, 85, 86, 87, 88, 89, 90, 91, 92, 93, 94, 95, 96, 97, 98, 99, 100, 101, 102, 103, 104, 105, 106, 107, 108, 109, 110, 111, 112, 114, 115, 116, 117, 118, 119, 120, 121, 122, 123, 124, 125, 126, 127, 128, 129, 130, 131, 132, 133, 134, 135, 136, 137, 138, 139, 140, 141, 142, 143, 144, 145, 146, 147, 148, 149]","[3, 4, 6, 11, 19, 20, 22, 23, 24, 25, 30]","{""support_1"": 11, ""support_2"": 6}","[6, 11]",2,"[133, 109, 70, 90, 124, 21, 135, 149, 98, 41, 145, 74, 122, 147, 132, 105, 93, 137, 36, 61, 75, 44, 121, 125, 92, 84, 5, 68, 57, 140, 146, 35, 139, 118, 64, 32, 144, 128, 78, 129, 27, 123, 67, 58, 130, 100, 50, 71, 94, 136, 134, 112, 142, 56, 127, 111, 18, 131, 86, 141, 54, 37, 55, 47, 29, 15, 43, 40, 16, 148, 91, 53, 2, 17, 77, 8, 89, 76, 85, 26, 31, 119, 66, 126, 138, 73, 69, 117, 79, 72, 80, 46, 65, 28, 48, 34, 52, 51, 49, 63, 60, 38, 62, 59, 83, 33, 39, 103, 104, 14, 45, 42, 106, 87, 88, 97, 82, 81, 99, 96, 120, 101, 102, 95, 114, 116, 115, 110, 9, 108, 13, 143, 107, 7, 10, 1, 12, 0, 6, 11, 30, 25, 20, 23, 4, 24, 19, 22, 3]",True,62602434,0.062602434,"[6, 11, 4, 30, 23, 22, 20, 24, 3, 19, 25]","[25, 19, 3, 24, 20, 22, 23, 30, 4, 11, 6]",complete,17,17,55,6,32,0,32,32,2,17,17,7,7,6,8
1,452,71,140,9,"[0, 1, 2, 5, 6, 7, 8, 9, 10, 11, 12, 13, 14, 15, 16, 17, 18, 21, 26, 27, 28, 29, 31, 32, 33, 34, 35, 36, 37, 38, 39, 40, 41, 42, 43, 44, 45, 46, 47, 48, 49, 50, 51, 52, 53, 54, 55, 56, 57, 58, 59, 60, 61, 62, 63, 64, 65, 66, 67, 68, 69, 70, 71, 72, 73, 74, 75, 76, 77, 78, 79, 80, 81, 82, 83, 84, 85, 86, 87, 88, 89, 90, 91, 92, 93, 94, 95, 96, 97, 98, 99, 100, 101, 102, 103, 104, 105, 106, 107, 108, 109, 110, 111, 112, 114, 115, 116, 117, 118, 119, 120, 121, 122, 123, 124, 125, 126, 127, 128, 129, 130, 131, 132, 133, 134, 135, 136, 137, 138, 139, 140, 141, 142, 143, 144, 145, 146, 147, 148, 149]","[3, 4, 19, 20, 22, 23, 24, 25, 30]","{""support_1"": 30, ""support_2"": 20}","[20, 30]",2,"[133, 109, 70, 90, 124, 21, 135, 149, 98, 41, 145, 74, 122, 147, 132, 105, 93, 137, 36, 61, 75, 44, 121, 125, 92, 84, 5, 68, 57, 140, 146, 35, 139, 118, 64, 32, 144, 128, 78, 129, 27, 123, 67, 58, 130, 100, 50, 71, 94, 136, 134, 112, 142, 56, 127, 111, 18, 131, 86, 141, 54, 37, 55, 47, 29, 15, 43, 40, 16, 148, 91, 53, 2, 17, 77, 8, 89, 76, 85, 26, 31, 119, 66, 126, 138, 73, 69, 117, 79, 72, 80, 46, 65, 28, 48, 34, 52, 51, 49, 63, 60, 38, 62, 59, 83, 33, 39, 103, 104, 14, 45, 42, 106, 87, 88, 97, 82, 81, 99, 96, 120, 101, 102, 95, 114, 116, 115, 110, 9, 108, 13, 143, 107, 7, 10, 1, 12, 0, 6, 11, 30, 25, 20, 23, 4, 24, 19, 22, 3]",True,25569917,0.025569917,"[30, 25, 20, 23, 4, 24, 19, 22, 3]","[3, 22, 19, 24, 4, 23, 20, 25, 30]",complete,12,12,34,3,17,0,17,17,2,12,12,4,4,3,5
1,452,72,142,7,"[0, 1, 2, 5, 6, 7, 8, 9, 10, 11, 12, 13, 14, 15, 16, 17, 18, 21, 25, 26, 27, 28, 29, 30, 31, 32, 33, 34, 35, 36, 37, 38, 39, 40, 41, 42, 43, 44, 45, 46, 47, 48, 49, 50, 51, 52, 53, 54, 55, 56, 57, 58, 59, 60, 61, 62, 63, 64, 65, 66, 67, 68, 69, 70, 71, 72, 73, 74, 75, 76, 77, 78, 79, 80, 81, 82, 83, 84, 85, 86, 87, 88, 89, 90, 91, 92, 93, 94, 95, 96, 97, 98, 99, 100, 101, 102, 103, 104, 105, 106, 107, 108, 109, 110, 111, 112, 114, 115, 116, 117, 118, 119, 120, 121, 122, 123, 124, 125, 126, 127, 128, 129, 130, 131, 132, 133, 134, 135, 136, 137, 138, 139, 140, 141, 142, 143, 144, 145, 146, 147, 148, 149]","[3, 4, 19, 20, 22, 23, 24]","{""support_1"": 24, ""support_2"": 20}","[20, 24]",2,"[133, 109, 70, 90, 124, 21, 135, 149, 98, 41, 145, 74, 122, 147, 132, 105, 93, 137, 36, 61, 75, 44, 121, 125, 92, 84, 5, 68, 57, 140, 146, 35, 139, 118, 64, 32, 144, 128, 78, 129, 27, 123, 67, 58, 130, 100, 50, 71, 94, 136, 134, 112, 142, 56, 127, 111, 18, 131, 86, 141, 54, 37, 55, 47, 29, 15, 43, 40, 16, 148, 91, 53, 2, 17, 77, 8, 89, 76, 85, 26, 31, 119, 66, 126, 138, 73, 69, 117, 79, 72, 80, 46, 65, 28, 48, 34, 52, 51, 49, 63, 60, 38, 62, 59, 83, 33, 39, 103, 104, 14, 45, 42, 106, 87, 88, 97, 82, 81, 99, 96, 120, 101, 102, 95, 114, 116, 115, 110, 9, 108, 13, 143, 107, 7, 10, 1, 12, 0, 6, 11, 30, 25, 20, 23, 4, 24, 19, 22, 3]",True,18885661,0.018885661,"[20, 23, 4, 24, 19, 22, 3]","[3, 22, 19, 24, 4, 23, 20]",complete,9,9,21,2,14,0,14,14,2,8,8,3,3,2,4
1,452,73,144,5,"[0, 1, 2, 5, 6, 7, 8, 9, 10, 11, 12, 13, 14, 15, 16, 17, 18, 20, 21, 23, 25, 26, 27, 28, 29, 30, 31, 32, 33, 34, 35, 36, 37, 38, 39, 40, 41, 42, 43, 44, 45, 46, 47, 48, 49, 50, 51, 52, 53, 54, 55, 56, 57, 58, 59, 60, 61, 62, 63, 64, 65, 66, 67, 68, 69, 70, 71, 72, 73, 74, 75, 76, 77, 78, 79, 80, 81, 82, 83, 84, 85, 86, 87, 88, 89, 90, 91, 92, 93, 94, 95, 96, 97, 98, 99, 100, 101, 102, 103, 104, 105, 106, 107, 108, 109, 110, 111, 112, 114, 115, 116, 117, 118, 119, 120, 121, 122, 123, 124, 125, 126, 127, 128, 129, 130, 131, 132, 133, 134, 135, 136, 137, 138, 139, 140, 141, 142, 143, 144, 145, 146, 147, 148, 149]","[3, 4, 19, 22, 24]","{""support_1"": 24, ""support_2"": 22}","[22, 24]",2,"[133, 109, 70, 90, 124, 21, 135, 149, 98, 41, 145, 74, 122, 147, 132, 105, 93, 137, 36, 61, 75, 44, 121, 125, 92, 84, 5, 68, 57, 140, 146, 35, 139, 118, 64, 32, 144, 128, 78, 129, 27, 123, 67, 58, 130, 100, 50, 71, 94, 136, 134, 112, 142, 56, 127, 111, 18, 131, 86, 141, 54, 37, 55, 47, 29, 15, 43, 40, 16, 148, 91, 53, 2, 17, 77, 8, 89, 76, 85, 26, 31, 119, 66, 126, 138, 73, 69, 117, 79, 72, 80, 46, 65, 28, 48, 34, 52, 51, 49, 63, 60, 38, 62, 59, 83, 33, 39, 103, 104, 14, 45, 42, 106, 87, 88, 97, 82, 81, 99, 96, 120, 101, 102, 95, 114, 116, 115, 110, 9, 108, 13, 143, 107, 7, 10, 1, 12, 0, 6, 11, 30, 25, 20, 23, 4, 24, 19, 22, 3]",True,6834606,0.006834606,"[4, 24, 19, 22, 3]","[3, 22, 19, 24, 4]",complete,5,5,12,0,7,0,7,7,2,4,4,2,2,0,2
1,452,74,146,3,"[0, 1, 2, 4, 5, 6, 7, 8, 9, 10, 11, 12, 13, 14, 15, 16, 17, 18, 20, 21, 23, 24, 25, 26, 27, 28, 29, 30, 31, 32, 33, 34, 35, 36, 37, 38, 39, 40, 41, 42, 43, 44, 45, 46, 47, 48, 49, 50, 51, 52, 53, 54, 55, 56, 57, 58, 59, 60, 61, 62, 63, 64, 65, 66, 67, 68, 69, 70, 71, 72, 73, 74, 75, 76, 77, 78, 79, 80, 81, 82, 83, 84, 85, 86, 87, 88, 89, 90, 91, 92, 93, 94, 95, 96, 97, 98, 99, 100, 101, 102, 103, 104, 105, 106, 107, 108, 109, 110, 111, 112, 114, 115, 116, 117, 118, 119, 120, 121, 122, 123, 124, 125, 126, 127, 128, 129, 130, 131, 132, 133, 134, 135, 136, 137, 138, 139, 140, 141, 142, 143, 144, 145, 146, 147, 148, 149]","[3, 19, 22]","{""support_2"": 22}",[22],1,"[133, 109, 70, 90, 124, 21, 135, 149, 98, 41, 145, 74, 122, 147, 132, 105, 93, 137, 36, 61, 75, 44, 121, 125, 92, 84, 5, 68, 57, 140, 146, 35, 139, 118, 64, 32, 144, 128, 78, 129, 27, 123, 67, 58, 130, 100, 50, 71, 94, 136, 134, 112, 142, 56, 127, 111, 18, 131, 86, 141, 54, 37, 55, 47, 29, 15, 43, 40, 16, 148, 91, 53, 2, 17, 77, 8, 89, 76, 85, 26, 31, 119, 66, 126, 138, 73, 69, 117, 79, 72, 80, 46, 65, 28, 48, 34, 52, 51, 49, 63, 60, 38, 62, 59, 83, 33, 39, 103, 104, 14, 45, 42, 106, 87, 88, 97, 82, 81, 99, 96, 120, 101, 102, 95, 114, 116, 115, 110, 9, 108, 13, 143, 107, 7, 10, 1, 12, 0, 6, 11, 30, 25, 20, 23, 4, 24, 19, 22, 3]",True,3346398,0.003346398,"[19, 22, 3]","[3, 22, 19]",complete,3,3,6,0,5,0,5,5,1,1,1,1,1,0,1
1,452,75,148,1,"[0, 1, 2, 4, 5, 6, 7, 8, 9, 10, 11, 12, 13, 14, 15, 16, 17, 18, 19, 20, 21, 22, 23, 24, 25, 26, 27, 28, 29, 30, 31, 32, 33, 34, 35, 36, 37, 38, 39, 40, 41, 42, 43, 44, 45, 46, 47, 48, 49, 50, 51, 52, 53, 54, 55, 56, 57, 58, 59, 60, 61, 62, 63, 64, 65, 66, 67, 68, 69, 70, 71, 72, 73, 74, 75, 76, 77, 78, 79, 80, 81, 82, 83, 84, 85, 86, 87, 88, 89, 90, 91, 92, 93, 94, 95, 96, 97, 98, 99, 100, 101, 102, 103, 104, 105, 106, 107, 108, 109, 110, 111, 112, 114, 115, 116, 117, 118, 119, 120, 121, 122, 123, 124, 125, 126, 127, 128, 129, 130, 131, 132, 133, 134, 135, 136, 137, 138, 139, 140, 141, 142, 143, 144, 145, 146, 147, 148, 149]",[3],{},[],0,"[133, 109, 70, 90, 124, 21, 135, 149, 98, 41, 145, 74, 122, 147, 132, 105, 93, 137, 36, 61, 75, 44, 121, 125, 92, 84, 5, 68, 57, 140, 146, 35, 139, 118, 64, 32, 144, 128, 78, 129, 27, 123, 67, 58, 130, 100, 50, 71, 94, 136, 134, 112, 142, 56, 127, 111, 18, 131, 86, 141, 54, 37, 55, 47, 29, 15, 43, 40, 16, 148, 91, 53, 2, 17, 77, 8, 89, 76, 85, 26, 31, 119, 66, 126, 138, 73, 69, 117, 79, 72, 80, 46, 65, 28, 48, 34, 52, 51, 49, 63, 60, 38, 62, 59, 83, 33, 39, 103, 104, 14, 45, 42, 106, 87, 88, 97, 82, 81, 99, 96, 120, 101, 102, 95, 114, 116, 115, 110, 9, 108, 13, 143, 107, 7, 10, 1, 12, 0, 6, 11, 30, 25, 20, 23, 4, 24, 19, 22, 3]",True,728543,0.000728543,[3],[3],complete,1,1,1,0,2,0,2,2,0,0,0,0,0,0,0
2,453,1,0,149,[],"[0, 1, 2, 3, 4, 5, 6, 7, 8, 9, 10, 11, 12, 13, 14, 15, 16, 17, 18, 19, 20, 21, 22, 23, 24, 25, 26, 27, 28, 29, 30, 31, 32, 33, 34, 35, 36, 37, 38, 39, 40, 41, 42, 43, 44, 45, 46, 47, 48, 49, 50, 51, 52, 53, 54, 55, 56, 57, 58, 59, 60, 61, 62, 63, 64, 65, 66, 67, 68, 69, 70, 71, 72, 73, 74, 75, 76, 77, 78, 79, 80, 81, 82, 83, 84, 85, 86, 87, 88, 89, 90, 91, 92, 93, 94, 95, 96, 97, 98, 99, 100, 101, 102, 103, 104, 105, 106, 107, 108, 109, 110, 111, 112, 114, 115, 116, 117, 118, 119, 120, 121, 122, 123, 124, 125, 126, 127, 128, 129, 130, 131, 132, 133, 134, 135, 136, 137, 138, 139, 140, 141, 142, 143, 144, 145, 146, 147, 148, 149]",{},[],0,"[39, 2, 131, 83, 99, 61, 93, 142, 140, 85, 141, 110, 21, 15, 133, 40, 138, 98, 121, 53, 143, 44, 17, 124, 23, 145, 125, 52, 8, 75, 16, 148, 106, 100, 80, 55, 92, 149, 54, 68, 126, 127, 147, 77, 51, 104, 86, 146, 32, 47, 128, 18, 129, 130, 112, 27, 22, 90, 78, 50, 123, 42, 43, 139, 116, 7, 74, 117, 6, 41, 119, 135, 29, 71, 136, 122, 137, 132, 109, 111, 89, 108, 134, 97, 26, 120, 114, 107, 115, 118, 96, 102, 35, 37, 58, 101, 105, 94, 87, 46, 48, 34, 36, 13, 144, 1, 9, 0, 10, 14, 5, 20, 25, 4, 28, 103, 12, 95, 88, 91, 62, 82, 81, 84, 31, 11, 24, 30, 3, 19, 49, 64, 63, 60, 56, 57, 45, 38, 76, 33, 70, 69, 79, 67, 59, 66, 73, 72, 65]",True,86076855117,86.076855117,"[39, 2, 131, 83, 99, 61, 93, 142, 140, 85, 141, 110, 21, 15, 133, 40, 138, 98, 121, 53, 143, 44, 17, 124, 23, 145, 125, 52, 8, 75, 16, 148, 106, 100, 80, 55, 92, 149, 54, 68, 126, 127, 147, 77, 51, 104, 86, 146, 32, 47, 128, 18, 129, 130, 112, 27, 22, 90, 78, 50, 123, 42, 43, 139, 116, 7, 74, 117, 6, 41, 119, 135, 29, 71, 136, 122, 137, 132, 109, 111, 89, 108, 134, 97, 26, 120, 114, 107, 115, 118, 96, 102, 35, 37, 58, 101, 105, 94, 87, 46, 48, 34, 36, 13, 144, 1, 9, 0, 10, 14, 5, 20, 25, 4, 28, 103, 12, 95, 88, 91, 62, 82, 81, 84, 31, 11, 24, 30, 3, 19, 49, 64, 63, 60, 56, 57, 45, 38, 76, 33, 70, 69, 79, 67, 59, 66, 73, 72, 65]","[65, 72, 73, 66, 59, 67, 79, 69, 70, 33, 76, 38, 45, 57, 56, 60, 63, 64, 49, 19, 3, 30, 24, 11, 31, 84, 81, 82, 62, 91, 88, 95, 12, 103, 28, 4, 25, 20, 5, 14, 10, 0, 9, 1, 144, 13, 36, 34, 48, 46, 87, 94, 105, 101, 58, 37, 35, 102, 96, 118, 115, 107, 114, 120, 26, 97, 134, 108, 89, 111, 109, 132, 137, 122, 136, 71, 29, 135, 119, 41, 6, 117, 74, 7, 116, 139, 43, 42, 123, 50, 78, 90, 22, 27, 112, 130, 129, 18, 128, 47, 32, 146, 86, 104, 51, 77, 147, 127, 126, 68, 54, 149, 92, 55, 80, 100, 106, 148, 16, 75, 8, 52, 125, 145, 23, 124, 17, 44, 143, 53, 121, 98, 138, 40, 133, 15, 21, 110, 141, 85, 140, 142, 93, 61, 99, 83, 131, 2, 39]",complete,4825,4825,13729,4491,9726,409,9317,2000,2,284,284,30,30,30,30
2,453,2,2,147,"[2, 39]","[0, 1, 3, 4, 5, 6, 7, 8, 9, 10, 11, 12, 13, 14, 15, 16, 17, 18, 19, 20, 21, 22, 23, 24, 25, 26, 27, 28, 29, 30, 31, 32, 33, 34, 35, 36, 37, 38, 40, 41, 42, 43, 44, 45, 46, 47, 48, 49, 50, 51, 52, 53, 54, 55, 56, 57, 58, 59, 60, 61, 62, 63, 64, 65, 66, 67, 68, 69, 70, 71, 72, 73, 74, 75, 76, 77, 78, 79, 80, 81, 82, 83, 84, 85, 86, 87, 88, 89, 90, 91, 92, 93, 94, 95, 96, 97, 98, 99, 100, 101, 102, 103, 104, 105, 106, 107, 108, 109, 110, 111, 112, 114, 115, 116, 117, 118, 119, 120, 121, 122, 123, 124, 125, 126, 127, 128, 129, 130, 131, 132, 133, 134, 135, 136, 137, 138, 139, 140, 141, 142, 143, 144, 145, 146, 147, 148, 149]","{""support_1"": 133, ""support_2"": 131}","[131, 133]",2,"[39, 2, 131, 83, 99, 61, 93, 142, 140, 85, 141, 110, 21, 15, 133, 40, 138, 98, 121, 53, 143, 44, 17, 124, 23, 145, 125, 52, 8, 75, 16, 148, 106, 100, 80, 55, 92, 149, 54, 68, 126, 127, 147, 77, 51, 104, 86, 146, 32, 47, 128, 18, 129, 130, 112, 27, 22, 90, 78, 50, 123, 42, 43, 139, 116, 7, 74, 117, 6, 41, 119, 135, 29, 71, 136, 122, 137, 132, 109, 111, 89, 108, 134, 97, 26, 120, 114, 107, 115, 118, 96, 102, 35, 37, 58, 101, 105, 94, 87, 46, 48, 34, 36, 13, 144, 1, 9, 0, 10, 14, 5, 20, 25, 4, 28, 103, 12, 95, 88, 91, 62, 82, 81, 84, 31, 11, 24, 30, 3, 19, 49, 64, 63, 60, 56, 57, 45, 38, 76, 33, 70, 69, 79, 67, 59, 66, 73, 72, 65]",True,153695574582,153.695574582,"[131, 83, 99, 61, 93, 142, 140, 85, 141, 110, 21, 15, 133, 40, 138, 98, 121, 53, 143, 44, 17, 124, 23, 145, 125, 52, 8, 75, 16, 148, 106, 100, 80, 55, 92, 149, 54, 68, 126, 127, 147, 77, 51, 104, 86, 146, 32, 47, 128, 18, 129, 130, 112, 27, 22, 90, 78, 50, 123, 42, 43, 139, 116, 7, 74, 117, 6, 41, 119, 135, 29, 71, 136, 122, 137, 132, 109, 14, 144, 134, 120, 94, 114, 115, 118, 5, 108, 107, 111, 9, 1, 26, 10, 37, 4, 13, 97, 0, 96, 102, 12, 101, 105, 28, 31, 11, 62, 3, 30, 36, 20, 25, 24, 84, 89, 19, 82, 103, 95, 87, 81, 88, 79, 72, 91, 69, 70, 76, 73, 57, 66, 67, 56, 64, 65, 60, 63, 38, 58, 49, 35, 59, 34, 33, 46, 45, 48]","[48, 45, 46, 33, 34, 59, 35, 49, 58, 38, 63, 60, 65, 64, 56, 67, 66, 57, 73, 76, 70, 69, 91, 72, 79, 88, 81, 87, 95, 103, 82, 19, 89, 84, 24, 25, 20, 36, 30, 3, 62, 11, 31, 28, 105, 101, 12, 102, 96, 0, 97, 13, 4, 37, 10, 26, 1, 9, 111, 107, 108, 5, 118, 115, 114, 94, 120, 134, 144, 14, 109, 132, 137, 122, 136, 71, 29, 135, 119, 41, 6, 117, 74, 7, 116, 139, 43, 42, 123, 50, 78, 90, 22, 27, 112, 130, 129, 18, 128, 47, 32, 146, 86, 104, 51, 77, 147, 127, 126, 68, 54, 149, 92, 55, 80, 100, 106, 148, 16, 75, 8, 52, 125, 145, 23, 124, 17, 44, 143, 53, 121, 98, 138, 40, 133, 15, 21, 110, 141, 85, 140, 142, 93, 61, 99, 83, 131]",complete,9844,9844,18524,9158,20007,993,19014,2000,2,282,282,28,28,27,29
2,453,3,4,145,"[2, 39, 83, 131]","[0, 1, 3, 4, 5, 6, 7, 8, 9, 10, 11, 12, 13, 14, 15, 16, 17, 18, 19, 20, 21, 22, 23, 24, 25, 26, 27, 28, 29, 30, 31, 32, 33, 34, 35, 36, 37, 38, 40, 41, 42, 43, 44, 45, 46, 47, 48, 49, 50, 51, 52, 53, 54, 55, 56, 57, 58, 59, 60, 61, 62, 63, 64, 65, 66, 67, 68, 69, 70, 71, 72, 73, 74, 75, 76, 77, 78, 79, 80, 81, 82, 84, 85, 86, 87, 88, 89, 90, 91, 92, 93, 94, 95, 96, 97, 98, 99, 100, 101, 102, 103, 104, 105, 106, 107, 108, 109, 110, 111, 112, 114, 115, 116, 117, 118, 119, 120, 121, 122, 123, 124, 125, 126, 127, 128, 129, 130, 132, 133, 134, 135, 136, 137, 138, 139, 140, 141, 142, 143, 144, 145, 146, 147, 148, 149]","{""support_1"": 133, ""support_2"": 132}","[132, 133]",2,"[39, 2, 131, 83, 99, 61, 93, 142, 140, 85, 141, 110, 21, 15, 133, 40, 138, 98, 121, 53, 143, 44, 17, 124, 23, 145, 125, 52, 8, 75, 16, 148, 106, 100, 80, 55, 92, 149, 54, 68, 126, 127, 147, 77, 51, 104, 86, 146, 32, 47, 128, 18, 129, 130, 112, 27, 22, 90, 78, 50, 123, 42, 43, 139, 116, 7, 74, 117, 6, 41, 119, 135, 29, 71, 136, 122, 137, 132, 109, 111, 89, 108, 134, 97, 26, 120, 114, 107, 115, 118, 96, 102, 35, 37, 58, 101, 105, 94, 87, 46, 48, 34, 36, 13, 144, 1, 9, 0, 10, 14, 5, 20, 25, 4, 28, 103, 12, 95, 88, 91, 62, 82, 81, 84, 31, 11, 24, 30, 3, 19, 49, 64, 63, 60, 56, 57, 45, 38, 76, 33, 70, 69, 79, 67, 59, 66, 73, 72, 65]",False,848381682214,848.381682214,[],[],stagnation_limit,33308,33308,40667,32111,68816,1882,66934,2000,2,184,184,12,12,10,10
2,453,4,6,143,"[2, 39, 61, 83, 99, 131]","[0, 1, 3, 4, 5, 6, 7, 8, 9, 10, 11, 12, 13, 14, 15, 16, 17, 18, 19, 20, 21, 22, 23, 24, 25, 26, 27, 28, 29, 30, 31, 32, 33, 34, 35, 36, 37, 38, 40, 41, 42, 43, 44, 45, 46, 47, 48, 49, 50, 51, 52, 53, 54, 55, 56, 57, 58, 59, 60, 62, 63, 64, 65, 66, 67, 68, 69, 70, 71, 72, 73, 74, 75, 76, 77, 78, 79, 80, 81, 82, 84, 85, 86, 87, 88, 89, 90, 91, 92, 93, 94, 95, 96, 97, 98, 100, 101, 102, 103, 104, 105, 106, 107, 108, 109, 110, 111, 112, 114, 115, 116, 117, 118, 119, 120, 121, 122, 123, 124, 125, 126, 127, 128, 129, 130, 132, 133, 134, 135, 136, 137, 138, 139, 140, 141, 142, 143, 144, 145, 146, 147, 148, 149]","{""support_1"": 133, ""support_2"": 132}","[132, 133]",2,"[39, 2, 131, 83, 99, 61, 93, 142, 140, 85, 141, 110, 21, 15, 133, 40, 138, 98, 121, 53, 143, 44, 17, 124, 23, 145, 125, 52, 8, 75, 16, 148, 106, 100, 80, 55, 92, 149, 54, 68, 126, 127, 147, 77, 51, 104, 86, 146, 32, 47, 128, 18, 129, 130, 112, 27, 22, 90, 78, 50, 123, 42, 43, 139, 116, 7, 74, 117, 6, 41, 119, 135, 29, 71, 136, 122, 137, 132, 109, 111, 89, 108, 134, 97, 26, 120, 114, 107, 115, 118, 96, 102, 35, 37, 58, 101, 105, 94, 87, 46, 48, 34, 36, 13, 144, 1, 9, 0, 10, 14, 5, 20, 25, 4, 28, 103, 12, 95, 88, 91, 62, 82, 81, 84, 31, 11, 24, 30, 3, 19, 49, 64, 63, 60, 56, 57, 45, 38, 76, 33, 70, 69, 79, 67, 59, 66, 73, 72, 65]",False,872919992336,872.919992336,[],[],stagnation_limit,33304,33304,40398,32109,68812,1882,66930,2000,2,180,180,12,12,10,10
2,453,5,8,141,"[2, 39, 61, 83, 93, 99, 131, 142]","[0, 1, 3, 4, 5, 6, 7, 8, 9, 10, 11, 12, 13, 14, 15, 16, 17, 18, 19, 20, 21, 22, 23, 24, 25, 26, 27, 28, 29, 30, 31, 32, 33, 34, 35, 36, 37, 38, 40, 41, 42, 43, 44, 45, 46, 47, 48, 49, 50, 51, 52, 53, 54, 55, 56, 57, 58, 59, 60, 62, 63, 64, 65, 66, 67, 68, 69, 70, 71, 72, 73, 74, 75, 76, 77, 78, 79, 80, 81, 82, 84, 85, 86, 87, 88, 89, 90, 91, 92, 94, 95, 96, 97, 98, 100, 101, 102, 103, 104, 105, 106, 107, 108, 109, 110, 111, 112, 114, 115, 116, 117, 118, 119, 120, 121, 122, 123, 124, 125, 126, 127, 128, 129, 130, 132, 133, 134, 135, 136, 137, 138, 139, 140, 141, 143, 144, 145, 146, 147, 148, 149]","{""support_1"": 133, ""support_2"": 132}","[132, 133]",2,"[39, 2, 131, 83, 99, 61, 93, 142, 140, 85, 141, 110, 21, 15, 133, 40, 138, 98, 121, 53, 143, 44, 17, 124, 23, 145, 125, 52, 8, 75, 16, 148, 106, 100, 80, 55, 92, 149, 54, 68, 126, 127, 147, 77, 51, 104, 86, 146, 32, 47, 128, 18, 129, 130, 112, 27, 22, 90, 78, 50, 123, 42, 43, 139, 116, 7, 74, 117, 6, 41, 119, 135, 29, 71, 136, 122, 137, 132, 109, 111, 89, 108, 134, 97, 26, 120, 114, 107, 115, 118, 96, 102, 35, 37, 58, 101, 105, 94, 87, 46, 48, 34, 36, 13, 144, 1, 9, 0, 10, 14, 5, 20, 25, 4, 28, 103, 12, 95, 88, 91, 62, 82, 81, 84, 31, 11, 24, 30, 3, 19, 49, 64, 63, 60, 56, 57, 45, 38, 76, 33, 70, 69, 79, 67, 59, 66, 73, 72, 65]",False,880550178431,880.550178431,[],[],stagnation_limit,33302,33302,40133,32109,68810,1882,66928,2000,2,176,176,12,12,10,10
2,453,6,10,139,"[2, 39, 61, 83, 85, 93, 99, 131, 140, 142]","[0, 1, 3, 4, 5, 6, 7, 8, 9, 10, 11, 12, 13, 14, 15, 16, 17, 18, 19, 20, 21, 22, 23, 24, 25, 26, 27, 28, 29, 30, 31, 32, 33, 34, 35, 36, 37, 38, 40, 41, 42, 43, 44, 45, 46, 47, 48, 49, 50, 51, 52, 53, 54, 55, 56, 57, 58, 59, 60, 62, 63, 64, 65, 66, 67, 68, 69, 70, 71, 72, 73, 74, 75, 76, 77, 78, 79, 80, 81, 82, 84, 86, 87, 88, 89, 90, 91, 92, 94, 95, 96, 97, 98, 100, 101, 102, 103, 104, 105, 106, 107, 108, 109, 110, 111, 112, 114, 115, 116, 117, 118, 119, 120, 121, 122, 123, 124, 125, 126, 127, 128, 129, 130, 132, 133, 134, 135, 136, 137, 138, 139, 141, 143, 144, 145, 146, 147, 148, 149]","{""support_1"": 133, ""support_2"": 132}","[132, 133]",2,"[39, 2, 131, 83, 99, 61, 93, 142, 140, 85, 141, 110, 21, 15, 133, 40, 138, 98, 121, 53, 143, 44, 17, 124, 23, 145, 125, 52, 8, 75, 16, 148, 106, 100, 80, 55, 92, 149, 54, 68, 126, 127, 147, 77, 51, 104, 86, 146, 32, 47, 128, 18, 129, 130, 112, 27, 22, 90, 78, 50, 123, 42, 43, 139, 116, 7, 74, 117, 6, 41, 119, 135, 29, 71, 136, 122, 137, 132, 109, 111, 89, 108, 134, 97, 26, 120, 114, 107, 115, 118, 96, 102, 35, 37, 58, 101, 105, 94, 87, 46, 48, 34, 36, 13, 144, 1, 9, 0, 10, 14, 5, 20, 25, 4, 28, 103, 12, 95, 88, 91, 62, 82, 81, 84, 31, 11, 24, 30, 3, 19, 49, 64, 63, 60, 56, 57, 45, 38, 76, 33, 70, 69, 79, 67, 59, 66, 73, 72, 65]",True,405793693904,405.793693904,"[141, 110, 21, 15, 133, 40, 138, 98, 121, 53, 143, 44, 17, 124, 23, 145, 125, 52, 8, 75, 16, 148, 106, 100, 80, 55, 92, 149, 54, 68, 126, 127, 147, 77, 51, 104, 86, 146, 32, 47, 128, 18, 129, 130, 112, 27, 22, 90, 78, 50, 123, 42, 43, 139, 116, 7, 74, 117, 6, 41, 119, 135, 29, 71, 136, 122, 137, 132, 109, 28, 134, 94, 57, 111, 108, 120, 114, 107, 115, 118, 103, 97, 96, 102, 101, 95, 105, 144, 87, 9, 1, 13, 10, 14, 0, 89, 91, 88, 82, 81, 5, 84, 4, 26, 12, 31, 11, 30, 3, 24, 36, 25, 20, 35, 37, 34, 62, 19, 48, 64, 46, 58, 49, 67, 66, 45, 56, 76, 73, 38, 33, 70, 60, 69, 79, 63, 72, 65, 59]","[59, 65, 72, 63, 79, 69, 60, 70, 33, 38, 73, 76, 56, 45, 66, 67, 49, 58, 46, 64, 48, 19, 62, 34, 37, 35, 20, 25, 36, 24, 3, 30, 11, 31, 12, 26, 4, 84, 5, 81, 82, 88, 91, 89, 0, 14, 10, 13, 1, 9, 87, 144, 105, 95, 101, 102, 96, 97, 103, 118, 115, 107, 114, 120, 108, 111, 57, 94, 134, 28, 109, 132, 137, 122, 136, 71, 29, 135, 119, 41, 6, 117, 74, 7, 116, 139, 43, 42, 123, 50, 78, 90, 22, 27, 112, 130, 129, 18, 128, 47, 32, 146, 86, 104, 51, 77, 147, 127, 126, 68, 54, 149, 92, 55, 80, 100, 106, 148, 16, 75, 8, 52, 125, 145, 23, 124, 17, 44, 143, 53, 121, 98, 138, 40, 133, 15, 21, 110, 141]",complete,18737,18737,26252,17812,38017,1382,36635,2000,2,269,269,31,31,29,31
2,453,7,12,137,"[2, 39, 61, 83, 85, 93, 99, 110, 131, 140, 141, 142]","[0, 1, 3, 4, 5, 6, 7, 8, 9, 10, 11, 12, 13, 14, 15, 16, 17, 18, 19, 20, 21, 22, 23, 24, 25, 26, 27, 28, 29, 30, 31, 32, 33, 34, 35, 36, 37, 38, 40, 41, 42, 43, 44, 45, 46, 47, 48, 49, 50, 51, 52, 53, 54, 55, 56, 57, 58, 59, 60, 62, 63, 64, 65, 66, 67, 68, 69, 70, 71, 72, 73, 74, 75, 76, 77, 78, 79, 80, 81, 82, 84, 86, 87, 88, 89, 90, 91, 92, 94, 95, 96, 97, 98, 100, 101, 102, 103, 104, 105, 106, 107, 108, 109, 111, 112, 114, 115, 116, 117, 118, 119, 120, 121, 122, 123, 124, 125, 126, 127, 128, 129, 130, 132, 133, 134, 135, 136, 137, 138, 139, 143, 144, 145, 146, 147, 148, 149]","{""support_1"": 133, ""support_2"": 132}","[132, 133]",2,"[39, 2, 131, 83, 99, 61, 93, 142, 140, 85, 141, 110, 21, 15, 133, 40, 138, 98, 121, 53, 143, 44, 17, 124, 23, 145, 125, 52, 8, 75, 16, 148, 106, 100, 80, 55, 92, 149, 54, 68, 126, 127, 147, 77, 51, 104, 86, 146, 32, 47, 128, 18, 129, 130, 112, 27, 22, 90, 78, 50, 123, 42, 43, 139, 116, 7, 74, 117, 6, 41, 119, 135, 29, 71, 136, 122, 137, 132, 109, 111, 89, 108, 134, 97, 26, 120, 114, 107, 115, 118, 96, 102, 35, 37, 58, 101, 105, 94, 87, 46, 48, 34, 36, 13, 144, 1, 9, 0, 10, 14, 5, 20, 25, 4, 28, 103, 12, 95, 88, 91, 62, 82, 81, 84, 31, 11, 24, 30, 3, 19, 49, 64, 63, 60, 56, 57, 45, 38, 76, 33, 70, 69, 79, 67, 59, 66, 73, 72, 65]",True,394355785772,394.355785772,"[21, 15, 133, 40, 138, 98, 121, 53, 143, 44, 17, 124, 23, 145, 125, 52, 8, 75, 16, 148, 106, 100, 80, 55, 92, 149, 54, 68, 126, 127, 147, 77, 51, 104, 86, 146, 32, 47, 128, 18, 129, 130, 112, 27, 22, 90, 78, 50, 123, 42, 43, 139, 116, 7, 74, 117, 6, 41, 119, 135, 29, 71, 136, 122, 137, 132, 109, 28, 134, 94, 57, 111, 108, 120, 114, 107, 115, 118, 103, 97, 96, 102, 101, 95, 105, 144, 87, 9, 1, 13, 10, 14, 0, 89, 91, 88, 82, 81, 5, 84, 4, 26, 12, 31, 11, 30, 3, 24, 36, 25, 20, 35, 37, 34, 62, 19, 48, 64, 46, 58, 49, 67, 66, 45, 56, 76, 73, 38, 33, 70, 60, 69, 79, 63, 72, 65, 59]","[59, 65, 72, 63, 79, 69, 60, 70, 33, 38, 73, 76, 56, 45, 66, 67, 49, 58, 46, 64, 48, 19, 62, 34, 37, 35, 20, 25, 36, 24, 3, 30, 11, 31, 12, 26, 4, 84, 5, 81, 82, 88, 91, 89, 0, 14, 10, 13, 1, 9, 87, 144, 105, 95, 101, 102, 96, 97, 103, 118, 115, 107, 114, 120, 108, 111, 57, 94, 134, 28, 109, 132, 137, 122, 136, 71, 29, 135, 119, 41, 6, 117, 74, 7, 116, 139, 43, 42, 123, 50, 78, 90, 22, 27, 112, 130, 129, 18, 128, 47, 32, 146, 86, 104, 51, 77, 147, 127, 126, 68, 54, 149, 92, 55, 80, 100, 106, 148, 16, 75, 8, 52, 125, 145, 23, 124, 17, 44, 143, 53, 121, 98, 138, 40, 133, 15, 21]",complete,18734,18734,25995,17811,38014,1382,36632,2000,2,265,265,31,31,29,31
2,453,8,14,135,"[2, 15, 21, 39, 61, 83, 85, 93, 99, 110, 131, 140, 141, 142]","[0, 1, 3, 4, 5, 6, 7, 8, 9, 10, 11, 12, 13, 14, 16, 17, 18, 19, 20, 22, 23, 24, 25, 26, 27, 28, 29, 30, 31, 32, 33, 34, 35, 36, 37, 38, 40, 41, 42, 43, 44, 45, 46, 47, 48, 49, 50, 51, 52, 53, 54, 55, 56, 57, 58, 59, 60, 62, 63, 64, 65, 66, 67, 68, 69, 70, 71, 72, 73, 74, 75, 76, 77, 78, 79, 80, 81, 82, 84, 86, 87, 88, 89, 90, 91, 92, 94, 95, 96, 97, 98, 100, 101, 102, 103, 104, 105, 106, 107, 108, 109, 111, 112, 114, 115, 116, 117, 118, 119, 120, 121, 122, 123, 124, 125, 126, 127, 128, 129, 130, 132, 133, 134, 135, 136, 137, 138, 139, 143, 144, 145, 146, 147, 148, 149]","{""support_1"": 133, ""support_2"": 132}","[132, 133]",2,"[39, 2, 131, 83, 99, 61, 93, 142, 140, 85, 141, 110, 21, 15, 133, 40, 138, 98, 121, 53, 143, 44, 17, 124, 23, 145, 125, 52, 8, 75, 16, 148, 106, 100, 80, 55, 92, 149, 54, 68, 126, 127, 147, 77, 51, 104, 86, 146, 32, 47, 128, 18, 129, 130, 112, 27, 22, 90, 78, 50, 123, 42, 43, 139, 116, 7, 74, 117, 6, 41, 119, 135, 29, 71, 136, 122, 137, 132, 109, 111, 89, 108, 134, 97, 26, 120, 114, 107, 115, 118, 96, 102, 35, 37, 58, 101, 105, 94, 87, 46, 48, 34, 36, 13, 144, 1, 9, 0, 10, 14, 5, 20, 25, 4, 28, 103, 12, 95, 88, 91, 62, 82, 81, 84, 31, 11, 24, 30, 3, 19, 49, 64, 63, 60, 56, 57, 45, 38, 76, 33, 70, 69, 79, 67, 59, 66, 73, 72, 65]",True,391246990385,391.246990385,"[133, 40, 138, 98, 121, 53, 143, 44, 17, 124, 23, 145, 125, 52, 8, 75, 16, 148, 106, 100, 80, 55, 92, 149, 54, 68, 126, 127, 147, 77, 51, 104, 86, 146, 32, 47, 128, 18, 129, 130, 112, 27, 22, 90, 78, 50, 123, 42, 43, 139, 116, 7, 74, 117, 6, 41, 119, 135, 29, 71, 136, 122, 137, 132, 109, 28, 134, 94, 57, 111, 108, 120, 114, 107, 115, 118, 103, 97, 96, 102, 101, 95, 105, 144, 87, 9, 1, 13, 10, 14, 0, 89, 91, 88, 82, 81, 5, 84, 4, 26, 12, 31, 11, 30, 3, 24, 36, 25, 20, 35, 37, 34, 62, 19, 48, 64, 46, 58, 49, 67, 66, 45, 56, 76, 73, 38, 33, 70, 60, 69, 79, 63, 72, 65, 59]","[59, 65, 72, 63, 79, 69, 60, 70, 33, 38, 73, 76, 56, 45, 66, 67, 49, 58, 46, 64, 48, 19, 62, 34, 37, 35, 20, 25, 36, 24, 3, 30, 11, 31, 12, 26, 4, 84, 5, 81, 82, 88, 91, 89, 0, 14, 10, 13, 1, 9, 87, 144, 105, 95, 101, 102, 96, 97, 103, 118, 115, 107, 114, 120, 108, 111, 57, 94, 134, 28, 109, 132, 137, 122, 136, 71, 29, 135, 119, 41, 6, 117, 74, 7, 116, 139, 43, 42, 123, 50, 78, 90, 22, 27, 112, 130, 129, 18, 128, 47, 32, 146, 86, 104, 51, 77, 147, 127, 126, 68, 54, 149, 92, 55, 80, 100, 106, 148, 16, 75, 8, 52, 125, 145, 23, 124, 17, 44, 143, 53, 121, 98, 138, 40, 133]",complete,18732,18732,25742,17811,38012,1382,36630,2000,2,261,261,30,30,29,31
2,453,9,16,133,"[2, 15, 21, 39, 40, 61, 83, 85, 93, 99, 110, 131, 133, 140, 141, 142]","[0, 1, 3, 4, 5, 6, 7, 8, 9, 10, 11, 12, 13, 14, 16, 17, 18, 19, 20, 22, 23, 24, 25, 26, 27, 28, 29, 30, 31, 32, 33, 34, 35, 36, 37, 38, 41, 42, 43, 44, 45, 46, 47, 48, 49, 50, 51, 52, 53, 54, 55, 56, 57, 58, 59, 60, 62, 63, 64, 65, 66, 67, 68, 69, 70, 71, 72, 73, 74, 75, 76, 77, 78, 79, 80, 81, 82, 84, 86, 87, 88, 89, 90, 91, 92, 94, 95, 96, 97, 98, 100, 101, 102, 103, 104, 105, 106, 107, 108, 109, 111, 112, 114, 115, 116, 117, 118, 119, 120, 121, 122, 123, 124, 125, 126, 127, 128, 129, 130, 132, 134, 135, 136, 137, 138, 139, 143, 144, 145, 146, 147, 148, 149]","{""support_1"": 134, ""support_2"": 132}","[132, 134]",2,"[39, 2, 131, 83, 99, 61, 93, 142, 140, 85, 141, 110, 21, 15, 133, 40, 138, 98, 121, 53, 143, 44, 17, 124, 23, 145, 125, 52, 8, 75, 16, 148, 106, 100, 80, 55, 92, 149, 54, 68, 126, 127, 147, 77, 51, 104, 86, 146, 32, 47, 128, 18, 129, 130, 112, 27, 22, 90, 78, 50, 123, 42, 43, 139, 116, 7, 74, 117, 6, 41, 119, 135, 29, 71, 136, 122, 137, 132, 109, 111, 89, 108, 134, 97, 26, 120, 114, 107, 115, 118, 96, 102, 35, 37, 58, 101, 105, 94, 87, 46, 48, 34, 36, 13, 144, 1, 9, 0, 10, 14, 5, 20, 25, 4, 28, 103, 12, 95, 88, 91, 62, 82, 81, 84, 31, 11, 24, 30, 3, 19, 49, 64, 63, 60, 56, 57, 45, 38, 76, 33, 70, 69, 79, 67, 59, 66, 73, 72, 65]",True,121026010394,121.026010394,"[138, 98, 121, 53, 143, 44, 17, 124, 23, 145, 125, 52, 8, 75, 16, 148, 106, 100, 80, 55, 92, 149, 54, 68, 126, 127, 147, 77, 51, 104, 86, 146, 32, 47, 128, 18, 129, 130, 112, 27, 22, 90, 78, 50, 123, 42, 43, 139, 116, 7, 74, 117, 6, 41, 119, 135, 29, 71, 136, 122, 137, 132, 109, 111, 89, 108, 134, 97, 120, 114, 96, 107, 115, 102, 118, 26, 35, 64, 36, 101, 105, 58, 46, 48, 34, 37, 14, 9, 144, 1, 10, 5, 0, 13, 4, 12, 28, 103, 20, 25, 95, 31, 11, 30, 24, 84, 91, 82, 19, 3, 88, 67, 87, 94, 81, 79, 72, 66, 73, 57, 69, 65, 76, 70, 62, 60, 56, 59, 63, 49, 45, 38, 33]","[33, 38, 45, 49, 63, 59, 56, 60, 62, 70, 76, 65, 69, 57, 73, 66, 72, 79, 81, 94, 87, 67, 88, 3, 19, 82, 91, 84, 24, 30, 11, 31, 95, 25, 20, 103, 28, 12, 4, 13, 0, 5, 10, 1, 144, 9, 14, 37, 34, 48, 46, 58, 105, 101, 36, 64, 35, 26, 118, 102, 115, 107, 96, 114, 120, 97, 134, 108, 89, 111, 109, 132, 137, 122, 136, 71, 29, 135, 119, 41, 6, 117, 74, 7, 116, 139, 43, 42, 123, 50, 78, 90, 22, 27, 112, 130, 129, 18, 128, 47, 32, 146, 86, 104, 51, 77, 147, 127, 126, 68, 54, 149, 92, 55, 80, 100, 106, 148, 16, 75, 8, 52, 125, 145, 23, 124, 17, 44, 143, 53, 121, 98, 138]",complete,6696,6696,13544,6299,13926,478,13448,2000,2,256,256,29,29,27,29
2,453,10,18,131,"[2, 15, 21, 39, 40, 61, 83, 85, 93, 98, 99, 110, 131, 133, 138, 140, 141, 142]","[0, 1, 3, 4, 5, 6, 7, 8, 9, 10, 11, 12, 13, 14, 16, 17, 18, 19, 20, 22, 23, 24, 25, 26, 27, 28, 29, 30, 31, 32, 33, 34, 35, 36, 37, 38, 41, 42, 43, 44, 45, 46, 47, 48, 49, 50, 51, 52, 53, 54, 55, 56, 57, 58, 59, 60, 62, 63, 64, 65, 66, 67, 68, 69, 70, 71, 72, 73, 74, 75, 76, 77, 78, 79, 80, 81, 82, 84, 86, 87, 88, 89, 90, 91, 92, 94, 95, 96, 97, 100, 101, 102, 103, 104, 105, 106, 107, 108, 109, 111, 112, 114, 115, 116, 117, 118, 119, 120, 121, 122, 123, 124, 125, 126, 127, 128, 129, 130, 132, 134, 135, 136, 137, 139, 143, 144, 145, 146, 147, 148, 149]","{""support_1"": 134, ""support_2"": 132}","[132, 134]",2,"[39, 2, 131, 83, 99, 61, 93, 142, 140, 85, 141, 110, 21, 15, 133, 40, 138, 98, 121, 53, 143, 44, 17, 124, 23, 145, 125, 52, 8, 75, 16, 148, 106, 100, 80, 55, 92, 149, 54, 68, 126, 127, 147, 77, 51, 104, 86, 146, 32, 47, 128, 18, 129, 130, 112, 27, 22, 90, 78, 50, 123, 42, 43, 139, 116, 7, 74, 117, 6, 41, 119, 135, 29, 71, 136, 122, 137, 132, 109, 111, 89, 108, 134, 97, 26, 120, 114, 107, 115, 118, 96, 102, 35, 37, 58, 101, 105, 94, 87, 46, 48, 34, 36, 13, 144, 1, 9, 0, 10, 14, 5, 20, 25, 4, 28, 103, 12, 95, 88, 91, 62, 82, 81, 84, 31, 11, 24, 30, 3, 19, 49, 64, 63, 60, 56, 57, 45, 38, 76, 33, 70, 69, 79, 67, 59, 66, 73, 72, 65]",True,117181517983,117.181517983,"[121, 53, 143, 44, 17, 124, 23, 145, 125, 52, 8, 75, 16, 148, 106, 100, 80, 55, 92, 149, 54, 68, 126, 127, 147, 77, 51, 104, 86, 146, 32, 47, 128, 18, 129, 130, 112, 27, 22, 90, 78, 50, 123, 42, 43, 139, 116, 7, 74, 117, 6, 41, 119, 135, 29, 71, 136, 122, 137, 132, 109, 111, 89, 108, 134, 97, 120, 114, 96, 107, 115, 102, 118, 26, 35, 64, 36, 101, 105, 58, 46, 48, 34, 37, 14, 9, 144, 1, 10, 5, 0, 13, 4, 12, 28, 103, 20, 25, 95, 31, 11, 30, 24, 84, 91, 82, 19, 3, 88, 67, 87, 94, 81, 79, 72, 66, 73, 57, 69, 65, 76, 70, 62, 60, 56, 59, 63, 49, 45, 38, 33]","[33, 38, 45, 49, 63, 59, 56, 60, 62, 70, 76, 65, 69, 57, 73, 66, 72, 79, 81, 94, 87, 67, 88, 3, 19, 82, 91, 84, 24, 30, 11, 31, 95, 25, 20, 103, 28, 12, 4, 13, 0, 5, 10, 1, 144, 9, 14, 37, 34, 48, 46, 58, 105, 101, 36, 64, 35, 26, 118, 102, 115, 107, 96, 114, 120, 97, 134, 108, 89, 111, 109, 132, 137, 122, 136, 71, 29, 135, 119, 41, 6, 117, 74, 7, 116, 139, 43, 42, 123, 50, 78, 90, 22, 27, 112, 130, 129, 18, 128, 47, 32, 146, 86, 104, 51, 77, 147, 127, 126, 68, 54, 149, 92, 55, 80, 100, 106, 148, 16, 75, 8, 52, 125, 145, 23, 124, 17, 44, 143, 53, 121]",complete,6693,6693,13299,6298,13923,478,13445,2000,2,252,252,29,29,27,29
2,453,11,20,129,"[2, 15, 21, 39, 40, 53, 61, 83, 85, 93, 98, 99, 110, 121, 131, 133, 138, 140, 141, 142]","[0, 1, 3, 4, 5, 6, 7, 8, 9, 10, 11, 12, 13, 14, 16, 17, 18, 19, 20, 22, 23, 24, 25, 26, 27, 28, 29, 30, 31, 32, 33, 34, 35, 36, 37, 38, 41, 42, 43, 44, 45, 46, 47, 48, 49, 50, 51, 52, 54, 55, 56, 57, 58, 59, 60, 62, 63, 64, 65, 66, 67, 68, 69, 70, 71, 72, 73, 74, 75, 76, 77, 78, 79, 80, 81, 82, 84, 86, 87, 88, 89, 90, 91, 92, 94, 95, 96, 97, 100, 101, 102, 103, 104, 105, 106, 107, 108, 109, 111, 112, 114, 115, 116, 117, 118, 119, 120, 122, 123, 124, 125, 126, 127, 128, 129, 130, 132, 134, 135, 136, 137, 139, 143, 144, 145, 146, 147, 148, 149]","{""support_1"": 134, ""support_2"": 132}","[132, 134]",2,"[39, 2, 131, 83, 99, 61, 93, 142, 140, 85, 141, 110, 21, 15, 133, 40, 138, 98, 121, 53, 143, 44, 17, 124, 23, 145, 125, 52, 8, 75, 16, 148, 106, 100, 80, 55, 92, 149, 54, 68, 126, 127, 147, 77, 51, 104, 86, 146, 32, 47, 128, 18, 129, 130, 112, 27, 22, 90, 78, 50, 123, 42, 43, 139, 116, 7, 74, 117, 6, 41, 119, 135, 29, 71, 136, 122, 137, 132, 109, 111, 89, 108, 134, 97, 26, 120, 114, 107, 115, 118, 96, 102, 35, 37, 58, 101, 105, 94, 87, 46, 48, 34, 36, 13, 144, 1, 9, 0, 10, 14, 5, 20, 25, 4, 28, 103, 12, 95, 88, 91, 62, 82, 81, 84, 31, 11, 24, 30, 3, 19, 49, 64, 63, 60, 56, 57, 45, 38, 76, 33, 70, 69, 79, 67, 59, 66, 73, 72, 65]",True,121265128331,121.265128331,"[143, 44, 17, 124, 23, 145, 125, 52, 8, 75, 16, 148, 106, 100, 80, 55, 92, 149, 54, 68, 126, 127, 147, 77, 51, 104, 86, 146, 32, 47, 128, 18, 129, 130, 112, 27, 22, 90, 78, 50, 123, 42, 43, 139, 116, 7, 74, 117, 6, 41, 119, 135, 29, 71, 136, 122, 137, 132, 109, 111, 89, 108, 134, 97, 120, 114, 96, 107, 115, 102, 118, 26, 35, 64, 36, 101, 105, 58, 46, 48, 34, 37, 14, 9, 144, 1, 10, 5, 0, 13, 4, 12, 28, 103, 20, 25, 95, 31, 11, 30, 24, 84, 91, 82, 19, 3, 88, 67, 87, 94, 81, 79, 72, 66, 73, 57, 69, 65, 76, 70, 62, 60, 56, 59, 63, 49, 45, 38, 33]","[33, 38, 45, 49, 63, 59, 56, 60, 62, 70, 76, 65, 69, 57, 73, 66, 72, 79, 81, 94, 87, 67, 88, 3, 19, 82, 91, 84, 24, 30, 11, 31, 95, 25, 20, 103, 28, 12, 4, 13, 0, 5, 10, 1, 144, 9, 14, 37, 34, 48, 46, 58, 105, 101, 36, 64, 35, 26, 118, 102, 115, 107, 96, 114, 120, 97, 134, 108, 89, 111, 109, 132, 137, 122, 136, 71, 29, 135, 119, 41, 6, 117, 74, 7, 116, 139, 43, 42, 123, 50, 78, 90, 22, 27, 112, 130, 129, 18, 128, 47, 32, 146, 86, 104, 51, 77, 147, 127, 126, 68, 54, 149, 92, 55, 80, 100, 106, 148, 16, 75, 8, 52, 125, 145, 23, 124, 17, 44, 143]",complete,6690,6690,13058,6297,13920,478,13442,2000,2,248,248,29,29,27,29
2,453,12,22,127,"[2, 15, 21, 39, 40, 44, 53, 61, 83, 85, 93, 98, 99, 110, 121, 131, 133, 138, 140, 141, 142, 143]","[0, 1, 3, 4, 5, 6, 7, 8, 9, 10, 11, 12, 13, 14, 16, 17, 18, 19, 20, 22, 23, 24, 25, 26, 27, 28, 29, 30, 31, 32, 33, 34, 35, 36, 37, 38, 41, 42, 43, 45, 46, 47, 48, 49, 50, 51, 52, 54, 55, 56, 57, 58, 59, 60, 62, 63, 64, 65, 66, 67, 68, 69, 70, 71, 72, 73, 74, 75, 76, 77, 78, 79, 80, 81, 82, 84, 86, 87, 88, 89, 90, 91, 92, 94, 95, 96, 97, 100, 101, 102, 103, 104, 105, 106, 107, 108, 109, 111, 112, 114, 115, 116, 117, 118, 119, 120, 122, 123, 124, 125, 126, 127, 128, 129, 130, 132, 134, 135, 136, 137, 139, 144, 145, 146, 147, 148, 149]","{""support_1"": 134, ""support_2"": 132}","[132, 134]",2,"[39, 2, 131, 83, 99, 61, 93, 142, 140, 85, 141, 110, 21, 15, 133, 40, 138, 98, 121, 53, 143, 44, 17, 124, 23, 145, 125, 52, 8, 75, 16, 148, 106, 100, 80, 55, 92, 149, 54, 68, 126, 127, 147, 77, 51, 104, 86, 146, 32, 47, 128, 18, 129, 130, 112, 27, 22, 90, 78, 50, 123, 42, 43, 139, 116, 7, 74, 117, 6, 41, 119, 135, 29, 71, 136, 122, 137, 132, 109, 111, 89, 108, 134, 97, 26, 120, 114, 107, 115, 118, 96, 102, 35, 37, 58, 101, 105, 94, 87, 46, 48, 34, 36, 13, 144, 1, 9, 0, 10, 14, 5, 20, 25, 4, 28, 103, 12, 95, 88, 91, 62, 82, 81, 84, 31, 11, 24, 30, 3, 19, 49, 64, 63, 60, 56, 57, 45, 38, 76, 33, 70, 69, 79, 67, 59, 66, 73, 72, 65]",True,120769222685,120.769222685,"[17, 124, 23, 145, 125, 52, 8, 75, 16, 148, 106, 100, 80, 55, 92, 149, 54, 68, 126, 127, 147, 77, 51, 104, 86, 146, 32, 47, 128, 18, 129, 130, 112, 27, 22, 90, 78, 50, 123, 42, 43, 139, 116, 7, 74, 117, 6, 41, 119, 135, 29, 71, 136, 122, 137, 132, 109, 111, 89, 108, 134, 97, 120, 114, 96, 107, 115, 102, 118, 26, 35, 64, 36, 101, 105, 58, 46, 48, 34, 37, 14, 9, 144, 1, 10, 5, 0, 13, 4, 12, 28, 103, 20, 25, 95, 31, 11, 30, 24, 84, 91, 82, 19, 3, 88, 67, 87, 94, 81, 79, 72, 66, 73, 57, 69, 65, 76, 70, 62, 60, 56, 59, 63, 49, 45, 38, 33]","[33, 38, 45, 49, 63, 59, 56, 60, 62, 70, 76, 65, 69, 57, 73, 66, 72, 79, 81, 94, 87, 67, 88, 3, 19, 82, 91, 84, 24, 30, 11, 31, 95, 25, 20, 103, 28, 12, 4, 13, 0, 5, 10, 1, 144, 9, 14, 37, 34, 48, 46, 58, 105, 101, 36, 64, 35, 26, 118, 102, 115, 107, 96, 114, 120, 97, 134, 108, 89, 111, 109, 132, 137, 122, 136, 71, 29, 135, 119, 41, 6, 117, 74, 7, 116, 139, 43, 42, 123, 50, 78, 90, 22, 27, 112, 130, 129, 18, 128, 47, 32, 146, 86, 104, 51, 77, 147, 127, 126, 68, 54, 149, 92, 55, 80, 100, 106, 148, 16, 75, 8, 52, 125, 145, 23, 124, 17]",complete,6688,6688,12821,6297,13918,478,13440,2000,2,244,244,29,29,27,29
2,453,13,24,125,"[2, 15, 17, 21, 39, 40, 44, 53, 61, 83, 85, 93, 98, 99, 110, 121, 124, 131, 133, 138, 140, 141, 142, 143]","[0, 1, 3, 4, 5, 6, 7, 8, 9, 10, 11, 12, 13, 14, 16, 18, 19, 20, 22, 23, 24, 25, 26, 27, 28, 29, 30, 31, 32, 33, 34, 35, 36, 37, 38, 41, 42, 43, 45, 46, 47, 48, 49, 50, 51, 52, 54, 55, 56, 57, 58, 59, 60, 62, 63, 64, 65, 66, 67, 68, 69, 70, 71, 72, 73, 74, 75, 76, 77, 78, 79, 80, 81, 82, 84, 86, 87, 88, 89, 90, 91, 92, 94, 95, 96, 97, 100, 101, 102, 103, 104, 105, 106, 107, 108, 109, 111, 112, 114, 115, 116, 117, 118, 119, 120, 122, 123, 125, 126, 127, 128, 129, 130, 132, 134, 135, 136, 137, 139, 144, 145, 146, 147, 148, 149]","{""support_1"": 134, ""support_2"": 132}","[132, 134]",2,"[39, 2, 131, 83, 99, 61, 93, 142, 140, 85, 141, 110, 21, 15, 133, 40, 138, 98, 121, 53, 143, 44, 17, 124, 23, 145, 125, 52, 8, 75, 16, 148, 106, 100, 80, 55, 92, 149, 54, 68, 126, 127, 147, 77, 51, 104, 86, 146, 32, 47, 128, 18, 129, 130, 112, 27, 22, 90, 78, 50, 123, 42, 43, 139, 116, 7, 74, 117, 6, 41, 119, 135, 29, 71, 136, 122, 137, 132, 109, 111, 89, 108, 134, 97, 26, 120, 114, 107, 115, 118, 96, 102, 35, 37, 58, 101, 105, 94, 87, 46, 48, 34, 36, 13, 144, 1, 9, 0, 10, 14, 5, 20, 25, 4, 28, 103, 12, 95, 88, 91, 62, 82, 81, 84, 31, 11, 24, 30, 3, 19, 49, 64, 63, 60, 56, 57, 45, 38, 76, 33, 70, 69, 79, 67, 59, 66, 73, 72, 65]",True,118200408132,118.200408132,"[23, 145, 125, 52, 8, 75, 16, 148, 106, 100, 80, 55, 92, 149, 54, 68, 126, 127, 147, 77, 51, 104, 86, 146, 32, 47, 128, 18, 129, 130, 112, 27, 22, 90, 78, 50, 123, 42, 43, 139, 116, 7, 74, 117, 6, 41, 119, 135, 29, 71, 136, 122, 137, 132, 109, 111, 89, 108, 134, 97, 120, 114, 96, 107, 115, 102, 118, 26, 35, 64, 36, 101, 105, 58, 46, 48, 34, 37, 14, 9, 144, 1, 10, 5, 0, 13, 4, 12, 28, 103, 20, 25, 95, 31, 11, 30, 24, 84, 91, 82, 19, 3, 88, 67, 87, 94, 81, 79, 72, 66, 73, 57, 69, 65, 76, 70, 62, 60, 56, 59, 63, 49, 45, 38, 33]","[33, 38, 45, 49, 63, 59, 56, 60, 62, 70, 76, 65, 69, 57, 73, 66, 72, 79, 81, 94, 87, 67, 88, 3, 19, 82, 91, 84, 24, 30, 11, 31, 95, 25, 20, 103, 28, 12, 4, 13, 0, 5, 10, 1, 144, 9, 14, 37, 34, 48, 46, 58, 105, 101, 36, 64, 35, 26, 118, 102, 115, 107, 96, 114, 120, 97, 134, 108, 89, 111, 109, 132, 137, 122, 136, 71, 29, 135, 119, 41, 6, 117, 74, 7, 116, 139, 43, 42, 123, 50, 78, 90, 22, 27, 112, 130, 129, 18, 128, 47, 32, 146, 86, 104, 51, 77, 147, 127, 126, 68, 54, 149, 92, 55, 80, 100, 106, 148, 16, 75, 8, 52, 125, 145, 23]",complete,6686,6686,12588,6297,13916,478,13438,2000,2,240,240,29,29,27,29
2,453,14,26,123,"[2, 15, 17, 21, 23, 39, 40, 44, 53, 61, 83, 85, 93, 98, 99, 110, 121, 124, 131, 133, 138, 140, 141, 142, 143, 145]","[0, 1, 3, 4, 5, 6, 7, 8, 9, 10, 11, 12, 13, 14, 16, 18, 19, 20, 22, 24, 25, 26, 27, 28, 29, 30, 31, 32, 33, 34, 35, 36, 37, 38, 41, 42, 43, 45, 46, 47, 48, 49, 50, 51, 52, 54, 55, 56, 57, 58, 59, 60, 62, 63, 64, 65, 66, 67, 68, 69, 70, 71, 72, 73, 74, 75, 76, 77, 78, 79, 80, 81, 82, 84, 86, 87, 88, 89, 90, 91, 92, 94, 95, 96, 97, 100, 101, 102, 103, 104, 105, 106, 107, 108, 109, 111, 112, 114, 115, 116, 117, 118, 119, 120, 122, 123, 125, 126, 127, 128, 129, 130, 132, 134, 135, 136, 137, 139, 144, 146, 147, 148, 149]","{""support_1"": 134, ""support_2"": 132}","[132, 134]",2,"[39, 2, 131, 83, 99, 61, 93, 142, 140, 85, 141, 110, 21, 15, 133, 40, 138, 98, 121, 53, 143, 44, 17, 124, 23, 145, 125, 52, 8, 75, 16, 148, 106, 100, 80, 55, 92, 149, 54, 68, 126, 127, 147, 77, 51, 104, 86, 146, 32, 47, 128, 18, 129, 130, 112, 27, 22, 90, 78, 50, 123, 42, 43, 139, 116, 7, 74, 117, 6, 41, 119, 135, 29, 71, 136, 122, 137, 132, 109, 111, 89, 108, 134, 97, 26, 120, 114, 107, 115, 118, 96, 102, 35, 37, 58, 101, 105, 94, 87, 46, 48, 34, 36, 13, 144, 1, 9, 0, 10, 14, 5, 20, 25, 4, 28, 103, 12, 95, 88, 91, 62, 82, 81, 84, 31, 11, 24, 30, 3, 19, 49, 64, 63, 60, 56, 57, 45, 38, 76, 33, 70, 69, 79, 67, 59, 66, 73, 72, 65]",True,107227218932,107.227218932,"[125, 52, 8, 75, 16, 148, 106, 100, 80, 55, 92, 149, 54, 68, 126, 127, 147, 77, 51, 104, 86, 146, 32, 47, 128, 18, 129, 130, 112, 27, 22, 90, 78, 50, 123, 42, 43, 139, 116, 7, 74, 117, 6, 41, 119, 135, 29, 71, 136, 122, 137, 132, 109, 105, 5, 134, 118, 102, 96, 26, 97, 101, 120, 37, 114, 144, 115, 108, 13, 107, 111, 1, 4, 9, 0, 10, 31, 30, 14, 11, 3, 28, 12, 91, 103, 95, 84, 82, 24, 25, 20, 35, 19, 36, 34, 64, 48, 46, 58, 89, 94, 87, 88, 62, 81, 60, 63, 79, 69, 70, 76, 59, 73, 72, 57, 56, 66, 67, 38, 49, 45, 65, 33]","[33, 65, 45, 49, 38, 67, 66, 56, 57, 72, 73, 59, 76, 70, 69, 79, 63, 60, 81, 62, 88, 87, 94, 89, 58, 46, 48, 64, 34, 36, 19, 35, 20, 25, 24, 82, 84, 95, 103, 91, 12, 28, 3, 11, 14, 30, 31, 10, 0, 9, 4, 1, 111, 107, 13, 108, 115, 144, 114, 37, 120, 101, 97, 26, 96, 102, 118, 134, 5, 105, 109, 132, 137, 122, 136, 71, 29, 135, 119, 41, 6, 117, 74, 7, 116, 139, 43, 42, 123, 50, 78, 90, 22, 27, 112, 130, 129, 18, 128, 47, 32, 146, 86, 104, 51, 77, 147, 127, 126, 68, 54, 149, 92, 55, 80, 100, 106, 148, 16, 75, 8, 52, 125]",complete,5469,5469,11021,5151,10364,262,10102,2000,2,232,232,26,26,24,26
2,453,15,28,121,"[2, 15, 17, 21, 23, 39, 40, 44, 52, 53, 61, 83, 85, 93, 98, 99, 110, 121, 124, 125, 131, 133, 138, 140, 141, 142, 143, 145]","[0, 1, 3, 4, 5, 6, 7, 8, 9, 10, 11, 12, 13, 14, 16, 18, 19, 20, 22, 24, 25, 26, 27, 28, 29, 30, 31, 32, 33, 34, 35, 36, 37, 38, 41, 42, 43, 45, 46, 47, 48, 49, 50, 51, 54, 55, 56, 57, 58, 59, 60, 62, 63, 64, 65, 66, 67, 68, 69, 70, 71, 72, 73, 74, 75, 76, 77, 78, 79, 80, 81, 82, 84, 86, 87, 88, 89, 90, 91, 92, 94, 95, 96, 97, 100, 101, 102, 103, 104, 105, 106, 107, 108, 109, 111, 112, 114, 115, 116, 117, 118, 119, 120, 122, 123, 126, 127, 128, 129, 130, 132, 134, 135, 136, 137, 139, 144, 146, 147, 148, 149]","{""support_1"": 134, ""support_2"": 132}","[132, 134]",2,"[39, 2, 131, 83, 99, 61, 93, 142, 140, 85, 141, 110, 21, 15, 133, 40, 138, 98, 121, 53, 143, 44, 17, 124, 23, 145, 125, 52, 8, 75, 16, 148, 106, 100, 80, 55, 92, 149, 54, 68, 126, 127, 147, 77, 51, 104, 86, 146, 32, 47, 128, 18, 129, 130, 112, 27, 22, 90, 78, 50, 123, 42, 43, 139, 116, 7, 74, 117, 6, 41, 119, 135, 29, 71, 136, 122, 137, 132, 109, 111, 89, 108, 134, 97, 26, 120, 114, 107, 115, 118, 96, 102, 35, 37, 58, 101, 105, 94, 87, 46, 48, 34, 36, 13, 144, 1, 9, 0, 10, 14, 5, 20, 25, 4, 28, 103, 12, 95, 88, 91, 62, 82, 81, 84, 31, 11, 24, 30, 3, 19, 49, 64, 63, 60, 56, 57, 45, 38, 76, 33, 70, 69, 79, 67, 59, 66, 73, 72, 65]",True,102643657853,102.643657853,"[8, 75, 16, 148, 106, 100, 80, 55, 92, 149, 54, 68, 126, 127, 147, 77, 51, 104, 86, 146, 32, 47, 128, 18, 129, 130, 112, 27, 22, 90, 78, 50, 123, 42, 43, 139, 116, 7, 74, 117, 6, 41, 119, 135, 29, 71, 136, 122, 137, 132, 109, 105, 5, 134, 118, 102, 96, 26, 97, 101, 120, 37, 114, 144, 115, 108, 13, 107, 111, 1, 4, 9, 0, 10, 31, 30, 14, 11, 3, 28, 12, 91, 103, 95, 84, 82, 24, 25, 20, 35, 19, 36, 34, 64, 48, 46, 58, 89, 94, 87, 88, 62, 81, 60, 63, 79, 69, 70, 76, 59, 73, 72, 57, 56, 66, 67, 38, 49, 45, 65, 33]","[33, 65, 45, 49, 38, 67, 66, 56, 57, 72, 73, 59, 76, 70, 69, 79, 63, 60, 81, 62, 88, 87, 94, 89, 58, 46, 48, 64, 34, 36, 19, 35, 20, 25, 24, 82, 84, 95, 103, 91, 12, 28, 3, 11, 14, 30, 31, 10, 0, 9, 4, 1, 111, 107, 13, 108, 115, 144, 114, 37, 120, 101, 97, 26, 96, 102, 118, 134, 5, 105, 109, 132, 137, 122, 136, 71, 29, 135, 119, 41, 6, 117, 74, 7, 116, 139, 43, 42, 123, 50, 78, 90, 22, 27, 112, 130, 129, 18, 128, 47, 32, 146, 86, 104, 51, 77, 147, 127, 126, 68, 54, 149, 92, 55, 80, 100, 106, 148, 16, 75, 8]",complete,5462,5462,10796,5146,10357,262,10095,2000,2,228,228,26,26,24,26
2,453,16,30,119,"[2, 8, 15, 17, 21, 23, 39, 40, 44, 52, 53, 61, 75, 83, 85, 93, 98, 99, 110, 121, 124, 125, 131, 133, 138, 140, 141, 142, 143, 145]","[0, 1, 3, 4, 5, 6, 7, 9, 10, 11, 12, 13, 14, 16, 18, 19, 20, 22, 24, 25, 26, 27, 28, 29, 30, 31, 32, 33, 34, 35, 36, 37, 38, 41, 42, 43, 45, 46, 47, 48, 49, 50, 51, 54, 55, 56, 57, 58, 59, 60, 62, 63, 64, 65, 66, 67, 68, 69, 70, 71, 72, 73, 74, 76, 77, 78, 79, 80, 81, 82, 84, 86, 87, 88, 89, 90, 91, 92, 94, 95, 96, 97, 100, 101, 102, 103, 104, 105, 106, 107, 108, 109, 111, 112, 114, 115, 116, 117, 118, 119, 120, 122, 123, 126, 127, 128, 129, 130, 132, 134, 135, 136, 137, 139, 144, 146, 147, 148, 149]","{""support_1"": 134, ""support_2"": 132}","[132, 134]",2,"[39, 2, 131, 83, 99, 61, 93, 142, 140, 85, 141, 110, 21, 15, 133, 40, 138, 98, 121, 53, 143, 44, 17, 124, 23, 145, 125, 52, 8, 75, 16, 148, 106, 100, 80, 55, 92, 149, 54, 68, 126, 127, 147, 77, 51, 104, 86, 146, 32, 47, 128, 18, 129, 130, 112, 27, 22, 90, 78, 50, 123, 42, 43, 139, 116, 7, 74, 117, 6, 41, 119, 135, 29, 71, 136, 122, 137, 132, 109, 111, 89, 108, 134, 97, 26, 120, 114, 107, 115, 118, 96, 102, 35, 37, 58, 101, 105, 94, 87, 46, 48, 34, 36, 13, 144, 1, 9, 0, 10, 14, 5, 20, 25, 4, 28, 103, 12, 95, 88, 91, 62, 82, 81, 84, 31, 11, 24, 30, 3, 19, 49, 64, 63, 60, 56, 57, 45, 38, 76, 33, 70, 69, 79, 67, 59, 66, 73, 72, 65]",True,103586905418,103.586905418,"[16, 148, 106, 100, 80, 55, 92, 149, 54, 68, 126, 127, 147, 77, 51, 104, 86, 146, 32, 47, 128, 18, 129, 130, 112, 27, 22, 90, 78, 50, 123, 42, 43, 139, 116, 7, 74, 117, 6, 41, 119, 135, 29, 71, 136, 122, 137, 132, 109, 105, 5, 134, 118, 102, 96, 26, 97, 101, 120, 37, 114, 144, 115, 108, 13, 107, 111, 1, 4, 9, 0, 10, 31, 30, 14, 11, 3, 28, 12, 91, 103, 95, 84, 82, 24, 25, 20, 35, 19, 36, 34, 64, 48, 46, 58, 89, 94, 87, 88, 62, 81, 60, 63, 79, 69, 70, 76, 59, 73, 72, 57, 56, 66, 67, 38, 49, 45, 65, 33]","[33, 65, 45, 49, 38, 67, 66, 56, 57, 72, 73, 59, 76, 70, 69, 79, 63, 60, 81, 62, 88, 87, 94, 89, 58, 46, 48, 64, 34, 36, 19, 35, 20, 25, 24, 82, 84, 95, 103, 91, 12, 28, 3, 11, 14, 30, 31, 10, 0, 9, 4, 1, 111, 107, 13, 108, 115, 144, 114, 37, 120, 101, 97, 26, 96, 102, 118, 134, 5, 105, 109, 132, 137, 122, 136, 71, 29, 135, 119, 41, 6, 117, 74, 7, 116, 139, 43, 42, 123, 50, 78, 90, 22, 27, 112, 130, 129, 18, 128, 47, 32, 146, 86, 104, 51, 77, 147, 127, 126, 68, 54, 149, 92, 55, 80, 100, 106, 148, 16]",complete,5458,5458,10575,5144,10353,262,10091,2000,2,224,224,26,26,24,26
2,453,17,32,117,"[2, 8, 15, 16, 17, 21, 23, 39, 40, 44, 52, 53, 61, 75, 83, 85, 93, 98, 99, 110, 121, 124, 125, 131, 133, 138, 140, 141, 142, 143, 145, 148]","[0, 1, 3, 4, 5, 6, 7, 9, 10, 11, 12, 13, 14, 18, 19, 20, 22, 24, 25, 26, 27, 28, 29, 30, 31, 32, 33, 34, 35, 36, 37, 38, 41, 42, 43, 45, 46, 47, 48, 49, 50, 51, 54, 55, 56, 57, 58, 59, 60, 62, 63, 64, 65, 66, 67, 68, 69, 70, 71, 72, 73, 74, 76, 77, 78, 79, 80, 81, 82, 84, 86, 87, 88, 89, 90, 91, 92, 94, 95, 96, 97, 100, 101, 102, 103, 104, 105, 106, 107, 108, 109, 111, 112, 114, 115, 116, 117, 118, 119, 120, 122, 123, 126, 127, 128, 129, 130, 132, 134, 135, 136, 137, 139, 144, 146, 147, 149]","{""support_1"": 134, ""support_2"": 132}","[132, 134]",2,"[39, 2, 131, 83, 99, 61, 93, 142, 140, 85, 141, 110, 21, 15, 133, 40, 138, 98, 121, 53, 143, 44, 17, 124, 23, 145, 125, 52, 8, 75, 16, 148, 106, 100, 80, 55, 92, 149, 54, 68, 126, 127, 147, 77, 51, 104, 86, 146, 32, 47, 128, 18, 129, 130, 112, 27, 22, 90, 78, 50, 123, 42, 43, 139, 116, 7, 74, 117, 6, 41, 119, 135, 29, 71, 136, 122, 137, 132, 109, 111, 89, 108, 134, 97, 26, 120, 114, 107, 115, 118, 96, 102, 35, 37, 58, 101, 105, 94, 87, 46, 48, 34, 36, 13, 144, 1, 9, 0, 10, 14, 5, 20, 25, 4, 28, 103, 12, 95, 88, 91, 62, 82, 81, 84, 31, 11, 24, 30, 3, 19, 49, 64, 63, 60, 56, 57, 45, 38, 76, 33, 70, 69, 79, 67, 59, 66, 73, 72, 65]",True,105738083071,105.738083071,"[106, 100, 80, 55, 92, 149, 54, 68, 126, 127, 147, 77, 51, 104, 86, 146, 32, 47, 128, 18, 129, 130, 112, 27, 22, 90, 78, 50, 123, 42, 43, 139, 116, 7, 74, 117, 6, 41, 119, 135, 29, 71, 136, 122, 137, 132, 109, 105, 5, 134, 118, 102, 96, 26, 97, 101, 120, 37, 114, 144, 115, 108, 13, 107, 111, 1, 4, 9, 0, 10, 31, 30, 14, 11, 3, 28, 12, 91, 103, 95, 84, 82, 24, 25, 20, 35, 19, 36, 34, 64, 48, 46, 58, 89, 94, 87, 88, 62, 81, 60, 63, 79, 69, 70, 76, 59, 73, 72, 57, 56, 66, 67, 38, 49, 45, 65, 33]","[33, 65, 45, 49, 38, 67, 66, 56, 57, 72, 73, 59, 76, 70, 69, 79, 63, 60, 81, 62, 88, 87, 94, 89, 58, 46, 48, 64, 34, 36, 19, 35, 20, 25, 24, 82, 84, 95, 103, 91, 12, 28, 3, 11, 14, 30, 31, 10, 0, 9, 4, 1, 111, 107, 13, 108, 115, 144, 114, 37, 120, 101, 97, 26, 96, 102, 118, 134, 5, 105, 109, 132, 137, 122, 136, 71, 29, 135, 119, 41, 6, 117, 74, 7, 116, 139, 43, 42, 123, 50, 78, 90, 22, 27, 112, 130, 129, 18, 128, 47, 32, 146, 86, 104, 51, 77, 147, 127, 126, 68, 54, 149, 92, 55, 80, 100, 106]",complete,5456,5456,10358,5144,10351,262,10089,2000,2,220,220,26,26,24,26
2,453,18,34,115,"[2, 8, 15, 16, 17, 21, 23, 39, 40, 44, 52, 53, 61, 75, 83, 85, 93, 98, 99, 100, 106, 110, 121, 124, 125, 131, 133, 138, 140, 141, 142, 143, 145, 148]","[0, 1, 3, 4, 5, 6, 7, 9, 10, 11, 12, 13, 14, 18, 19, 20, 22, 24, 25, 26, 27, 28, 29, 30, 31, 32, 33, 34, 35, 36, 37, 38, 41, 42, 43, 45, 46, 47, 48, 49, 50, 51, 54, 55, 56, 57, 58, 59, 60, 62, 63, 64, 65, 66, 67, 68, 69, 70, 71, 72, 73, 74, 76, 77, 78, 79, 80, 81, 82, 84, 86, 87, 88, 89, 90, 91, 92, 94, 95, 96, 97, 101, 102, 103, 104, 105, 107, 108, 109, 111, 112, 114, 115, 116, 117, 118, 119, 120, 122, 123, 126, 127, 128, 129, 130, 132, 134, 135, 136, 137, 139, 144, 146, 147, 149]","{""support_1"": 134, ""support_2"": 132}","[132, 134]",2,"[39, 2, 131, 83, 99, 61, 93, 142, 140, 85, 141, 110, 21, 15, 133, 40, 138, 98, 121, 53, 143, 44, 17, 124, 23, 145, 125, 52, 8, 75, 16, 148, 106, 100, 80, 55, 92, 149, 54, 68, 126, 127, 147, 77, 51, 104, 86, 146, 32, 47, 128, 18, 129, 130, 112, 27, 22, 90, 78, 50, 123, 42, 43, 139, 116, 7, 74, 117, 6, 41, 119, 135, 29, 71, 136, 122, 137, 132, 109, 111, 89, 108, 134, 97, 26, 120, 114, 107, 115, 118, 96, 102, 35, 37, 58, 101, 105, 94, 87, 46, 48, 34, 36, 13, 144, 1, 9, 0, 10, 14, 5, 20, 25, 4, 28, 103, 12, 95, 88, 91, 62, 82, 81, 84, 31, 11, 24, 30, 3, 19, 49, 64, 63, 60, 56, 57, 45, 38, 76, 33, 70, 69, 79, 67, 59, 66, 73, 72, 65]",True,105770067198,105.770067198,"[80, 55, 92, 149, 54, 68, 126, 127, 147, 77, 51, 104, 86, 146, 32, 47, 128, 18, 129, 130, 112, 27, 22, 90, 78, 50, 123, 42, 43, 139, 116, 7, 74, 117, 6, 41, 119, 135, 29, 71, 136, 122, 137, 132, 109, 105, 5, 134, 118, 102, 96, 26, 97, 101, 120, 37, 114, 144, 115, 108, 13, 107, 111, 1, 4, 9, 0, 10, 31, 30, 14, 11, 3, 28, 12, 91, 103, 95, 84, 82, 24, 25, 20, 35, 19, 36, 34, 64, 48, 46, 58, 89, 94, 87, 88, 62, 81, 60, 63, 79, 69, 70, 76, 59, 73, 72, 57, 56, 66, 67, 38, 49, 45, 65, 33]","[33, 65, 45, 49, 38, 67, 66, 56, 57, 72, 73, 59, 76, 70, 69, 79, 63, 60, 81, 62, 88, 87, 94, 89, 58, 46, 48, 64, 34, 36, 19, 35, 20, 25, 24, 82, 84, 95, 103, 91, 12, 28, 3, 11, 14, 30, 31, 10, 0, 9, 4, 1, 111, 107, 13, 108, 115, 144, 114, 37, 120, 101, 97, 26, 96, 102, 118, 134, 5, 105, 109, 132, 137, 122, 136, 71, 29, 135, 119, 41, 6, 117, 74, 7, 116, 139, 43, 42, 123, 50, 78, 90, 22, 27, 112, 130, 129, 18, 128, 47, 32, 146, 86, 104, 51, 77, 147, 127, 126, 68, 54, 149, 92, 55, 80]",complete,5447,5447,10145,5137,10342,262,10080,2000,2,216,216,26,26,24,26
2,453,19,36,113,"[2, 8, 15, 16, 17, 21, 23, 39, 40, 44, 52, 53, 55, 61, 75, 80, 83, 85, 93, 98, 99, 100, 106, 110, 121, 124, 125, 131, 133, 138, 140, 141, 142, 143, 145, 148]","[0, 1, 3, 4, 5, 6, 7, 9, 10, 11, 12, 13, 14, 18, 19, 20, 22, 24, 25, 26, 27, 28, 29, 30, 31, 32, 33, 34, 35, 36, 37, 38, 41, 42, 43, 45, 46, 47, 48, 49, 50, 51, 54, 56, 57, 58, 59, 60, 62, 63, 64, 65, 66, 67, 68, 69, 70, 71, 72, 73, 74, 76, 77, 78, 79, 81, 82, 84, 86, 87, 88, 89, 90, 91, 92, 94, 95, 96, 97, 101, 102, 103, 104, 105, 107, 108, 109, 111, 112, 114, 115, 116, 117, 118, 119, 120, 122, 123, 126, 127, 128, 129, 130, 132, 134, 135, 136, 137, 139, 144, 146, 147, 149]","{""support_1"": 134, ""support_2"": 132}","[132, 134]",2,"[39, 2, 131, 83, 99, 61, 93, 142, 140, 85, 141, 110, 21, 15, 133, 40, 138, 98, 121, 53, 143, 44, 17, 124, 23, 145, 125, 52, 8, 75, 16, 148, 106, 100, 80, 55, 92, 149, 54, 68, 126, 127, 147, 77, 51, 104, 86, 146, 32, 47, 128, 18, 129, 130, 112, 27, 22, 90, 78, 50, 123, 42, 43, 139, 116, 7, 74, 117, 6, 41, 119, 135, 29, 71, 136, 122, 137, 132, 109, 111, 89, 108, 134, 97, 26, 120, 114, 107, 115, 118, 96, 102, 35, 37, 58, 101, 105, 94, 87, 46, 48, 34, 36, 13, 144, 1, 9, 0, 10, 14, 5, 20, 25, 4, 28, 103, 12, 95, 88, 91, 62, 82, 81, 84, 31, 11, 24, 30, 3, 19, 49, 64, 63, 60, 56, 57, 45, 38, 76, 33, 70, 69, 79, 67, 59, 66, 73, 72, 65]",True,105472479014,105.472479014,"[92, 149, 54, 68, 126, 127, 147, 77, 51, 104, 86, 146, 32, 47, 128, 18, 129, 130, 112, 27, 22, 90, 78, 50, 123, 42, 43, 139, 116, 7, 74, 117, 6, 41, 119, 135, 29, 71, 136, 122, 137, 132, 109, 105, 5, 134, 118, 102, 96, 26, 97, 101, 120, 37, 114, 144, 115, 108, 13, 107, 111, 1, 4, 9, 0, 10, 31, 30, 14, 11, 3, 28, 12, 91, 103, 95, 84, 82, 24, 25, 20, 35, 19, 36, 34, 64, 48, 46, 58, 89, 94, 87, 88, 62, 81, 60, 63, 79, 69, 70, 76, 59, 73, 72, 57, 56, 66, 67, 38, 49, 45, 65, 33]","[33, 65, 45, 49, 38, 67, 66, 56, 57, 72, 73, 59, 76, 70, 69, 79, 63, 60, 81, 62, 88, 87, 94, 89, 58, 46, 48, 64, 34, 36, 19, 35, 20, 25, 24, 82, 84, 95, 103, 91, 12, 28, 3, 11, 14, 30, 31, 10, 0, 9, 4, 1, 111, 107, 13, 108, 115, 144, 114, 37, 120, 101, 97, 26, 96, 102, 118, 134, 5, 105, 109, 132, 137, 122, 136, 71, 29, 135, 119, 41, 6, 117, 74, 7, 116, 139, 43, 42, 123, 50, 78, 90, 22, 27, 112, 130, 129, 18, 128, 47, 32, 146, 86, 104, 51, 77, 147, 127, 126, 68, 54, 149, 92]",complete,5443,5443,9936,5135,10338,262,10076,2000,2,212,212,26,26,24,26
2,453,20,38,111,"[2, 8, 15, 16, 17, 21, 23, 39, 40, 44, 52, 53, 55, 61, 75, 80, 83, 85, 92, 93, 98, 99, 100, 106, 110, 121, 124, 125, 131, 133, 138, 140, 141, 142, 143, 145, 148, 149]","[0, 1, 3, 4, 5, 6, 7, 9, 10, 11, 12, 13, 14, 18, 19, 20, 22, 24, 25, 26, 27, 28, 29, 30, 31, 32, 33, 34, 35, 36, 37, 38, 41, 42, 43, 45, 46, 47, 48, 49, 50, 51, 54, 56, 57, 58, 59, 60, 62, 63, 64, 65, 66, 67, 68, 69, 70, 71, 72, 73, 74, 76, 77, 78, 79, 81, 82, 84, 86, 87, 88, 89, 90, 91, 94, 95, 96, 97, 101, 102, 103, 104, 105, 107, 108, 109, 111, 112, 114, 115, 116, 117, 118, 119, 120, 122, 123, 126, 127, 128, 129, 130, 132, 134, 135, 136, 137, 139, 144, 146, 147]","{""support_1"": 134, ""support_2"": 132}","[132, 134]",2,"[39, 2, 131, 83, 99, 61, 93, 142, 140, 85, 141, 110, 21, 15, 133, 40, 138, 98, 121, 53, 143, 44, 17, 124, 23, 145, 125, 52, 8, 75, 16, 148, 106, 100, 80, 55, 92, 149, 54, 68, 126, 127, 147, 77, 51, 104, 86, 146, 32, 47, 128, 18, 129, 130, 112, 27, 22, 90, 78, 50, 123, 42, 43, 139, 116, 7, 74, 117, 6, 41, 119, 135, 29, 71, 136, 122, 137, 132, 109, 111, 89, 108, 134, 97, 26, 120, 114, 107, 115, 118, 96, 102, 35, 37, 58, 101, 105, 94, 87, 46, 48, 34, 36, 13, 144, 1, 9, 0, 10, 14, 5, 20, 25, 4, 28, 103, 12, 95, 88, 91, 62, 82, 81, 84, 31, 11, 24, 30, 3, 19, 49, 64, 63, 60, 56, 57, 45, 38, 76, 33, 70, 69, 79, 67, 59, 66, 73, 72, 65]",True,100885078939,100.885078939,"[54, 68, 126, 127, 147, 77, 51, 104, 86, 146, 32, 47, 128, 18, 129, 130, 112, 27, 22, 90, 78, 50, 123, 42, 43, 139, 116, 7, 74, 117, 6, 41, 119, 135, 29, 71, 136, 122, 137, 132, 109, 105, 5, 134, 118, 102, 96, 26, 97, 101, 120, 37, 114, 144, 115, 108, 13, 107, 111, 1, 4, 9, 0, 10, 31, 30, 14, 11, 3, 28, 12, 91, 103, 95, 84, 82, 24, 25, 20, 35, 19, 36, 34, 64, 48, 46, 58, 89, 94, 87, 88, 62, 81, 60, 63, 79, 69, 70, 76, 59, 73, 72, 57, 56, 66, 67, 38, 49, 45, 65, 33]","[33, 65, 45, 49, 38, 67, 66, 56, 57, 72, 73, 59, 76, 70, 69, 79, 63, 60, 81, 62, 88, 87, 94, 89, 58, 46, 48, 64, 34, 36, 19, 35, 20, 25, 24, 82, 84, 95, 103, 91, 12, 28, 3, 11, 14, 30, 31, 10, 0, 9, 4, 1, 111, 107, 13, 108, 115, 144, 114, 37, 120, 101, 97, 26, 96, 102, 118, 134, 5, 105, 109, 132, 137, 122, 136, 71, 29, 135, 119, 41, 6, 117, 74, 7, 116, 139, 43, 42, 123, 50, 78, 90, 22, 27, 112, 130, 129, 18, 128, 47, 32, 146, 86, 104, 51, 77, 147, 127, 126, 68, 54]",complete,5439,5439,9731,5133,10334,262,10072,2000,2,208,208,26,26,24,26
2,453,21,40,109,"[2, 8, 15, 16, 17, 21, 23, 39, 40, 44, 52, 53, 54, 55, 61, 68, 75, 80, 83, 85, 92, 93, 98, 99, 100, 106, 110, 121, 124, 125, 131, 133, 138, 140, 141, 142, 143, 145, 148, 149]","[0, 1, 3, 4, 5, 6, 7, 9, 10, 11, 12, 13, 14, 18, 19, 20, 22, 24, 25, 26, 27, 28, 29, 30, 31, 32, 33, 34, 35, 36, 37, 38, 41, 42, 43, 45, 46, 47, 48, 49, 50, 51, 56, 57, 58, 59, 60, 62, 63, 64, 65, 66, 67, 69, 70, 71, 72, 73, 74, 76, 77, 78, 79, 81, 82, 84, 86, 87, 88, 89, 90, 91, 94, 95, 96, 97, 101, 102, 103, 104, 105, 107, 108, 109, 111, 112, 114, 115, 116, 117, 118, 119, 120, 122, 123, 126, 127, 128, 129, 130, 132, 134, 135, 136, 137, 139, 144, 146, 147]","{""support_1"": 134, ""support_2"": 132}","[132, 134]",2,"[39, 2, 131, 83, 99, 61, 93, 142, 140, 85, 141, 110, 21, 15, 133, 40, 138, 98, 121, 53, 143, 44, 17, 124, 23, 145, 125, 52, 8, 75, 16, 148, 106, 100, 80, 55, 92, 149, 54, 68, 126, 127, 147, 77, 51, 104, 86, 146, 32, 47, 128, 18, 129, 130, 112, 27, 22, 90, 78, 50, 123, 42, 43, 139, 116, 7, 74, 117, 6, 41, 119, 135, 29, 71, 136, 122, 137, 132, 109, 111, 89, 108, 134, 97, 26, 120, 114, 107, 115, 118, 96, 102, 35, 37, 58, 101, 105, 94, 87, 46, 48, 34, 36, 13, 144, 1, 9, 0, 10, 14, 5, 20, 25, 4, 28, 103, 12, 95, 88, 91, 62, 82, 81, 84, 31, 11, 24, 30, 3, 19, 49, 64, 63, 60, 56, 57, 45, 38, 76, 33, 70, 69, 79, 67, 59, 66, 73, 72, 65]",True,104393542622,104.393542622,"[126, 127, 147, 77, 51, 104, 86, 146, 32, 47, 128, 18, 129, 130, 112, 27, 22, 90, 78, 50, 123, 42, 43, 139, 116, 7, 74, 117, 6, 41, 119, 135, 29, 71, 136, 122, 137, 132, 109, 105, 5, 134, 118, 102, 96, 26, 97, 101, 120, 37, 114, 144, 115, 108, 13, 107, 111, 1, 4, 9, 0, 10, 31, 30, 14, 11, 3, 28, 12, 91, 103, 95, 84, 82, 24, 25, 20, 35, 19, 36, 34, 64, 48, 46, 58, 89, 94, 87, 88, 62, 81, 60, 63, 79, 69, 70, 76, 59, 73, 72, 57, 56, 66, 67, 38, 49, 45, 65, 33]","[33, 65, 45, 49, 38, 67, 66, 56, 57, 72, 73, 59, 76, 70, 69, 79, 63, 60, 81, 62, 88, 87, 94, 89, 58, 46, 48, 64, 34, 36, 19, 35, 20, 25, 24, 82, 84, 95, 103, 91, 12, 28, 3, 11, 14, 30, 31, 10, 0, 9, 4, 1, 111, 107, 13, 108, 115, 144, 114, 37, 120, 101, 97, 26, 96, 102, 118, 134, 5, 105, 109, 132, 137, 122, 136, 71, 29, 135, 119, 41, 6, 117, 74, 7, 116, 139, 43, 42, 123, 50, 78, 90, 22, 27, 112, 130, 129, 18, 128, 47, 32, 146, 86, 104, 51, 77, 147, 127, 126]",complete,5437,5437,9530,5133,10332,262,10070,2000,2,204,204,26,26,24,26
2,453,22,42,107,"[2, 8, 15, 16, 17, 21, 23, 39, 40, 44, 52, 53, 54, 55, 61, 68, 75, 80, 83, 85, 92, 93, 98, 99, 100, 106, 110, 121, 124, 125, 126, 127, 131, 133, 138, 140, 141, 142, 143, 145, 148, 149]","[0, 1, 3, 4, 5, 6, 7, 9, 10, 11, 12, 13, 14, 18, 19, 20, 22, 24, 25, 26, 27, 28, 29, 30, 31, 32, 33, 34, 35, 36, 37, 38, 41, 42, 43, 45, 46, 47, 48, 49, 50, 51, 56, 57, 58, 59, 60, 62, 63, 64, 65, 66, 67, 69, 70, 71, 72, 73, 74, 76, 77, 78, 79, 81, 82, 84, 86, 87, 88, 89, 90, 91, 94, 95, 96, 97, 101, 102, 103, 104, 105, 107, 108, 109, 111, 112, 114, 115, 116, 117, 118, 119, 120, 122, 123, 128, 129, 130, 132, 134, 135, 136, 137, 139, 144, 146, 147]","{""support_1"": 134, ""support_2"": 132}","[132, 134]",2,"[39, 2, 131, 83, 99, 61, 93, 142, 140, 85, 141, 110, 21, 15, 133, 40, 138, 98, 121, 53, 143, 44, 17, 124, 23, 145, 125, 52, 8, 75, 16, 148, 106, 100, 80, 55, 92, 149, 54, 68, 126, 127, 147, 77, 51, 104, 86, 146, 32, 47, 128, 18, 129, 130, 112, 27, 22, 90, 78, 50, 123, 42, 43, 139, 116, 7, 74, 117, 6, 41, 119, 135, 29, 71, 136, 122, 137, 132, 109, 111, 89, 108, 134, 97, 26, 120, 114, 107, 115, 118, 96, 102, 35, 37, 58, 101, 105, 94, 87, 46, 48, 34, 36, 13, 144, 1, 9, 0, 10, 14, 5, 20, 25, 4, 28, 103, 12, 95, 88, 91, 62, 82, 81, 84, 31, 11, 24, 30, 3, 19, 49, 64, 63, 60, 56, 57, 45, 38, 76, 33, 70, 69, 79, 67, 59, 66, 73, 72, 65]",True,104629740751,104.629740751,"[147, 77, 51, 104, 86, 146, 32, 47, 128, 18, 129, 130, 112, 27, 22, 90, 78, 50, 123, 42, 43, 139, 116, 7, 74, 117, 6, 41, 119, 135, 29, 71, 136, 122, 137, 132, 109, 105, 5, 134, 118, 102, 96, 26, 97, 101, 120, 37, 114, 144, 115, 108, 13, 107, 111, 1, 4, 9, 0, 10, 31, 30, 14, 11, 3, 28, 12, 91, 103, 95, 84, 82, 24, 25, 20, 35, 19, 36, 34, 64, 48, 46, 58, 89, 94, 87, 88, 62, 81, 60, 63, 79, 69, 70, 76, 59, 73, 72, 57, 56, 66, 67, 38, 49, 45, 65, 33]","[33, 65, 45, 49, 38, 67, 66, 56, 57, 72, 73, 59, 76, 70, 69, 79, 63, 60, 81, 62, 88, 87, 94, 89, 58, 46, 48, 64, 34, 36, 19, 35, 20, 25, 24, 82, 84, 95, 103, 91, 12, 28, 3, 11, 14, 30, 31, 10, 0, 9, 4, 1, 111, 107, 13, 108, 115, 144, 114, 37, 120, 101, 97, 26, 96, 102, 118, 134, 5, 105, 109, 132, 137, 122, 136, 71, 29, 135, 119, 41, 6, 117, 74, 7, 116, 139, 43, 42, 123, 50, 78, 90, 22, 27, 112, 130, 129, 18, 128, 47, 32, 146, 86, 104, 51, 77, 147]",complete,5434,5434,9333,5132,10329,262,10067,2000,2,200,200,26,26,24,26
2,453,23,44,105,"[2, 8, 15, 16, 17, 21, 23, 39, 40, 44, 52, 53, 54, 55, 61, 68, 75, 77, 80, 83, 85, 92, 93, 98, 99, 100, 106, 110, 121, 124, 125, 126, 127, 131, 133, 138, 140, 141, 142, 143, 145, 147, 148, 149]","[0, 1, 3, 4, 5, 6, 7, 9, 10, 11, 12, 13, 14, 18, 19, 20, 22, 24, 25, 26, 27, 28, 29, 30, 31, 32, 33, 34, 35, 36, 37, 38, 41, 42, 43, 45, 46, 47, 48, 49, 50, 51, 56, 57, 58, 59, 60, 62, 63, 64, 65, 66, 67, 69, 70, 71, 72, 73, 74, 76, 78, 79, 81, 82, 84, 86, 87, 88, 89, 90, 91, 94, 95, 96, 97, 101, 102, 103, 104, 105, 107, 108, 109, 111, 112, 114, 115, 116, 117, 118, 119, 120, 122, 123, 128, 129, 130, 132, 134, 135, 136, 137, 139, 144, 146]","{""support_1"": 134, ""support_2"": 132}","[132, 134]",2,"[39, 2, 131, 83, 99, 61, 93, 142, 140, 85, 141, 110, 21, 15, 133, 40, 138, 98, 121, 53, 143, 44, 17, 124, 23, 145, 125, 52, 8, 75, 16, 148, 106, 100, 80, 55, 92, 149, 54, 68, 126, 127, 147, 77, 51, 104, 86, 146, 32, 47, 128, 18, 129, 130, 112, 27, 22, 90, 78, 50, 123, 42, 43, 139, 116, 7, 74, 117, 6, 41, 119, 135, 29, 71, 136, 122, 137, 132, 109, 111, 89, 108, 134, 97, 26, 120, 114, 107, 115, 118, 96, 102, 35, 37, 58, 101, 105, 94, 87, 46, 48, 34, 36, 13, 144, 1, 9, 0, 10, 14, 5, 20, 25, 4, 28, 103, 12, 95, 88, 91, 62, 82, 81, 84, 31, 11, 24, 30, 3, 19, 49, 64, 63, 60, 56, 57, 45, 38, 76, 33, 70, 69, 79, 67, 59, 66, 73, 72, 65]",True,104130159848,104.130159848,"[51, 104, 86, 146, 32, 47, 128, 18, 129, 130, 112, 27, 22, 90, 78, 50, 123, 42, 43, 139, 116, 7, 74, 117, 6, 41, 119, 135, 29, 71, 136, 122, 137, 132, 109, 105, 5, 134, 118, 102, 96, 26, 97, 101, 120, 37, 114, 144, 115, 108, 13, 107, 111, 1, 4, 9, 0, 10, 31, 30, 14, 11, 3, 28, 12, 91, 103, 95, 84, 82, 24, 25, 20, 35, 19, 36, 34, 64, 48, 46, 58, 89, 94, 87, 88, 62, 81, 60, 63, 79, 69, 70, 76, 59, 73, 72, 57, 56, 66, 67, 38, 49, 45, 65, 33]","[33, 65, 45, 49, 38, 67, 66, 56, 57, 72, 73, 59, 76, 70, 69, 79, 63, 60, 81, 62, 88, 87, 94, 89, 58, 46, 48, 64, 34, 36, 19, 35, 20, 25, 24, 82, 84, 95, 103, 91, 12, 28, 3, 11, 14, 30, 31, 10, 0, 9, 4, 1, 111, 107, 13, 108, 115, 144, 114, 37, 120, 101, 97, 26, 96, 102, 118, 134, 5, 105, 109, 132, 137, 122, 136, 71, 29, 135, 119, 41, 6, 117, 74, 7, 116, 139, 43, 42, 123, 50, 78, 90, 22, 27, 112, 130, 129, 18, 128, 47, 32, 146, 86, 104, 51]",complete,5431,5431,9140,5131,10326,262,10064,2000,2,196,196,26,26,24,26
2,453,24,46,103,"[2, 8, 15, 16, 17, 21, 23, 39, 40, 44, 51, 52, 53, 54, 55, 61, 68, 75, 77, 80, 83, 85, 92, 93, 98, 99, 100, 104, 106, 110, 121, 124, 125, 126, 127, 131, 133, 138, 140, 141, 142, 143, 145, 147, 148, 149]","[0, 1, 3, 4, 5, 6, 7, 9, 10, 11, 12, 13, 14, 18, 19, 20, 22, 24, 25, 26, 27, 28, 29, 30, 31, 32, 33, 34, 35, 36, 37, 38, 41, 42, 43, 45, 46, 47, 48, 49, 50, 56, 57, 58, 59, 60, 62, 63, 64, 65, 66, 67, 69, 70, 71, 72, 73, 74, 76, 78, 79, 81, 82, 84, 86, 87, 88, 89, 90, 91, 94, 95, 96, 97, 101, 102, 103, 105, 107, 108, 109, 111, 112, 114, 115, 116, 117, 118, 119, 120, 122, 123, 128, 129, 130, 132, 134, 135, 136, 137, 139, 144, 146]","{""support_1"": 134, ""support_2"": 132}","[132, 134]",2,"[39, 2, 131, 83, 99, 61, 93, 142, 140, 85, 141, 110, 21, 15, 133, 40, 138, 98, 121, 53, 143, 44, 17, 124, 23, 145, 125, 52, 8, 75, 16, 148, 106, 100, 80, 55, 92, 149, 54, 68, 126, 127, 147, 77, 51, 104, 86, 146, 32, 47, 128, 18, 129, 130, 112, 27, 22, 90, 78, 50, 123, 42, 43, 139, 116, 7, 74, 117, 6, 41, 119, 135, 29, 71, 136, 122, 137, 132, 109, 111, 89, 108, 134, 97, 26, 120, 114, 107, 115, 118, 96, 102, 35, 37, 58, 101, 105, 94, 87, 46, 48, 34, 36, 13, 144, 1, 9, 0, 10, 14, 5, 20, 25, 4, 28, 103, 12, 95, 88, 91, 62, 82, 81, 84, 31, 11, 24, 30, 3, 19, 49, 64, 63, 60, 56, 57, 45, 38, 76, 33, 70, 69, 79, 67, 59, 66, 73, 72, 65]",True,104162207153,104.162207153,"[86, 146, 32, 47, 128, 18, 129, 130, 112, 27, 22, 90, 78, 50, 123, 42, 43, 139, 116, 7, 74, 117, 6, 41, 119, 135, 29, 71, 136, 122, 137, 132, 109, 105, 5, 134, 118, 102, 96, 26, 97, 101, 120, 37, 114, 144, 115, 108, 13, 107, 111, 1, 4, 9, 0, 10, 31, 30, 14, 11, 3, 28, 12, 91, 103, 95, 84, 82, 24, 25, 20, 35, 19, 36, 34, 64, 48, 46, 58, 89, 94, 87, 88, 62, 81, 60, 63, 79, 69, 70, 76, 59, 73, 72, 57, 56, 66, 67, 38, 49, 45, 65, 33]","[33, 65, 45, 49, 38, 67, 66, 56, 57, 72, 73, 59, 76, 70, 69, 79, 63, 60, 81, 62, 88, 87, 94, 89, 58, 46, 48, 64, 34, 36, 19, 35, 20, 25, 24, 82, 84, 95, 103, 91, 12, 28, 3, 11, 14, 30, 31, 10, 0, 9, 4, 1, 111, 107, 13, 108, 115, 144, 114, 37, 120, 101, 97, 26, 96, 102, 118, 134, 5, 105, 109, 132, 137, 122, 136, 71, 29, 135, 119, 41, 6, 117, 74, 7, 116, 139, 43, 42, 123, 50, 78, 90, 22, 27, 112, 130, 129, 18, 128, 47, 32, 146, 86]",complete,5427,5427,8951,5129,10322,262,10060,2000,2,192,192,26,26,24,26
2,453,25,48,101,"[2, 8, 15, 16, 17, 21, 23, 39, 40, 44, 51, 52, 53, 54, 55, 61, 68, 75, 77, 80, 83, 85, 86, 92, 93, 98, 99, 100, 104, 106, 110, 121, 124, 125, 126, 127, 131, 133, 138, 140, 141, 142, 143, 145, 146, 147, 148, 149]","[0, 1, 3, 4, 5, 6, 7, 9, 10, 11, 12, 13, 14, 18, 19, 20, 22, 24, 25, 26, 27, 28, 29, 30, 31, 32, 33, 34, 35, 36, 37, 38, 41, 42, 43, 45, 46, 47, 48, 49, 50, 56, 57, 58, 59, 60, 62, 63, 64, 65, 66, 67, 69, 70, 71, 72, 73, 74, 76, 78, 79, 81, 82, 84, 87, 88, 89, 90, 91, 94, 95, 96, 97, 101, 102, 103, 105, 107, 108, 109, 111, 112, 114, 115, 116, 117, 118, 119, 120, 122, 123, 128, 129, 130, 132, 134, 135, 136, 137, 139, 144]","{""support_1"": 134, ""support_2"": 132}","[132, 134]",2,"[39, 2, 131, 83, 99, 61, 93, 142, 140, 85, 141, 110, 21, 15, 133, 40, 138, 98, 121, 53, 143, 44, 17, 124, 23, 145, 125, 52, 8, 75, 16, 148, 106, 100, 80, 55, 92, 149, 54, 68, 126, 127, 147, 77, 51, 104, 86, 146, 32, 47, 128, 18, 129, 130, 112, 27, 22, 90, 78, 50, 123, 42, 43, 139, 116, 7, 74, 117, 6, 41, 119, 135, 29, 71, 136, 122, 137, 132, 109, 111, 89, 108, 134, 97, 26, 120, 114, 107, 115, 118, 96, 102, 35, 37, 58, 101, 105, 94, 87, 46, 48, 34, 36, 13, 144, 1, 9, 0, 10, 14, 5, 20, 25, 4, 28, 103, 12, 95, 88, 91, 62, 82, 81, 84, 31, 11, 24, 30, 3, 19, 49, 64, 63, 60, 56, 57, 45, 38, 76, 33, 70, 69, 79, 67, 59, 66, 73, 72, 65]",True,100329920406,100.329920406,"[32, 47, 128, 18, 129, 130, 112, 27, 22, 90, 78, 50, 123, 42, 43, 139, 116, 7, 74, 117, 6, 41, 119, 135, 29, 71, 136, 122, 137, 132, 109, 105, 5, 134, 118, 102, 96, 26, 97, 101, 120, 37, 114, 144, 115, 108, 13, 107, 111, 1, 4, 9, 0, 10, 31, 30, 14, 11, 3, 28, 12, 91, 103, 95, 84, 82, 24, 25, 20, 35, 19, 36, 34, 64, 48, 46, 58, 89, 94, 87, 88, 62, 81, 60, 63, 79, 69, 70, 76, 59, 73, 72, 57, 56, 66, 67, 38, 49, 45, 65, 33]","[33, 65, 45, 49, 38, 67, 66, 56, 57, 72, 73, 59, 76, 70, 69, 79, 63, 60, 81, 62, 88, 87, 94, 89, 58, 46, 48, 64, 34, 36, 19, 35, 20, 25, 24, 82, 84, 95, 103, 91, 12, 28, 3, 11, 14, 30, 31, 10, 0, 9, 4, 1, 111, 107, 13, 108, 115, 144, 114, 37, 120, 101, 97, 26, 96, 102, 118, 134, 5, 105, 109, 132, 137, 122, 136, 71, 29, 135, 119, 41, 6, 117, 74, 7, 116, 139, 43, 42, 123, 50, 78, 90, 22, 27, 112, 130, 129, 18, 128, 47, 32]",complete,5424,5424,8766,5128,10319,262,10057,2000,2,188,188,26,26,24,26
2,453,26,50,99,"[2, 8, 15, 16, 17, 21, 23, 32, 39, 40, 44, 47, 51, 52, 53, 54, 55, 61, 68, 75, 77, 80, 83, 85, 86, 92, 93, 98, 99, 100, 104, 106, 110, 121, 124, 125, 126, 127, 131, 133, 138, 140, 141, 142, 143, 145, 146, 147, 148, 149]","[0, 1, 3, 4, 5, 6, 7, 9, 10, 11, 12, 13, 14, 18, 19, 20, 22, 24, 25, 26, 27, 28, 29, 30, 31, 33, 34, 35, 36, 37, 38, 41, 42, 43, 45, 46, 48, 49, 50, 56, 57, 58, 59, 60, 62, 63, 64, 65, 66, 67, 69, 70, 71, 72, 73, 74, 76, 78, 79, 81, 82, 84, 87, 88, 89, 90, 91, 94, 95, 96, 97, 101, 102, 103, 105, 107, 108, 109, 111, 112, 114, 115, 116, 117, 118, 119, 120, 122, 123, 128, 129, 130, 132, 134, 135, 136, 137, 139, 144]","{""support_1"": 134, ""support_2"": 132}","[132, 134]",2,"[39, 2, 131, 83, 99, 61, 93, 142, 140, 85, 141, 110, 21, 15, 133, 40, 138, 98, 121, 53, 143, 44, 17, 124, 23, 145, 125, 52, 8, 75, 16, 148, 106, 100, 80, 55, 92, 149, 54, 68, 126, 127, 147, 77, 51, 104, 86, 146, 32, 47, 128, 18, 129, 130, 112, 27, 22, 90, 78, 50, 123, 42, 43, 139, 116, 7, 74, 117, 6, 41, 119, 135, 29, 71, 136, 122, 137, 132, 109, 111, 89, 108, 134, 97, 26, 120, 114, 107, 115, 118, 96, 102, 35, 37, 58, 101, 105, 94, 87, 46, 48, 34, 36, 13, 144, 1, 9, 0, 10, 14, 5, 20, 25, 4, 28, 103, 12, 95, 88, 91, 62, 82, 81, 84, 31, 11, 24, 30, 3, 19, 49, 64, 63, 60, 56, 57, 45, 38, 76, 33, 70, 69, 79, 67, 59, 66, 73, 72, 65]",True,100182615143,100.182615143,"[128, 18, 129, 130, 112, 27, 22, 90, 78, 50, 123, 42, 43, 139, 116, 7, 74, 117, 6, 41, 119, 135, 29, 71, 136, 122, 137, 132, 109, 105, 5, 134, 118, 102, 96, 26, 97, 101, 120, 37, 114, 144, 115, 108, 13, 107, 111, 1, 4, 9, 0, 10, 31, 30, 14, 11, 3, 28, 12, 91, 103, 95, 84, 82, 24, 25, 20, 35, 19, 36, 34, 64, 48, 46, 58, 89, 94, 87, 88, 62, 81, 60, 63, 79, 69, 70, 76, 59, 73, 72, 57, 56, 66, 67, 38, 49, 45, 65, 33]","[33, 65, 45, 49, 38, 67, 66, 56, 57, 72, 73, 59, 76, 70, 69, 79, 63, 60, 81, 62, 88, 87, 94, 89, 58, 46, 48, 64, 34, 36, 19, 35, 20, 25, 24, 82, 84, 95, 103, 91, 12, 28, 3, 11, 14, 30, 31, 10, 0, 9, 4, 1, 111, 107, 13, 108, 115, 144, 114, 37, 120, 101, 97, 26, 96, 102, 118, 134, 5, 105, 109, 132, 137, 122, 136, 71, 29, 135, 119, 41, 6, 117, 74, 7, 116, 139, 43, 42, 123, 50, 78, 90, 22, 27, 112, 130, 129, 18, 128]",complete,5416,5416,8585,5122,10311,262,10049,2000,2,184,184,26,26,24,26
2,453,27,52,97,"[2, 8, 15, 16, 17, 18, 21, 23, 32, 39, 40, 44, 47, 51, 52, 53, 54, 55, 61, 68, 75, 77, 80, 83, 85, 86, 92, 93, 98, 99, 100, 104, 106, 110, 121, 124, 125, 126, 127, 128, 131, 133, 138, 140, 141, 142, 143, 145, 146, 147, 148, 149]","[0, 1, 3, 4, 5, 6, 7, 9, 10, 11, 12, 13, 14, 19, 20, 22, 24, 25, 26, 27, 28, 29, 30, 31, 33, 34, 35, 36, 37, 38, 41, 42, 43, 45, 46, 48, 49, 50, 56, 57, 58, 59, 60, 62, 63, 64, 65, 66, 67, 69, 70, 71, 72, 73, 74, 76, 78, 79, 81, 82, 84, 87, 88, 89, 90, 91, 94, 95, 96, 97, 101, 102, 103, 105, 107, 108, 109, 111, 112, 114, 115, 116, 117, 118, 119, 120, 122, 123, 129, 130, 132, 134, 135, 136, 137, 139, 144]","{""support_1"": 134, ""support_2"": 132}","[132, 134]",2,"[39, 2, 131, 83, 99, 61, 93, 142, 140, 85, 141, 110, 21, 15, 133, 40, 138, 98, 121, 53, 143, 44, 17, 124, 23, 145, 125, 52, 8, 75, 16, 148, 106, 100, 80, 55, 92, 149, 54, 68, 126, 127, 147, 77, 51, 104, 86, 146, 32, 47, 128, 18, 129, 130, 112, 27, 22, 90, 78, 50, 123, 42, 43, 139, 116, 7, 74, 117, 6, 41, 119, 135, 29, 71, 136, 122, 137, 132, 109, 111, 89, 108, 134, 97, 26, 120, 114, 107, 115, 118, 96, 102, 35, 37, 58, 101, 105, 94, 87, 46, 48, 34, 36, 13, 144, 1, 9, 0, 10, 14, 5, 20, 25, 4, 28, 103, 12, 95, 88, 91, 62, 82, 81, 84, 31, 11, 24, 30, 3, 19, 49, 64, 63, 60, 56, 57, 45, 38, 76, 33, 70, 69, 79, 67, 59, 66, 73, 72, 65]",True,103166408683,103.166408683,"[129, 130, 112, 27, 22, 90, 78, 50, 123, 42, 43, 139, 116, 7, 74, 117, 6, 41, 119, 135, 29, 71, 136, 122, 137, 132, 109, 105, 5, 134, 118, 102, 96, 26, 97, 101, 120, 37, 114, 144, 115, 108, 13, 107, 111, 1, 4, 9, 0, 10, 31, 30, 14, 11, 3, 28, 12, 91, 103, 95, 84, 82, 24, 25, 20, 35, 19, 36, 34, 64, 48, 46, 58, 89, 94, 87, 88, 62, 81, 60, 63, 79, 69, 70, 76, 59, 73, 72, 57, 56, 66, 67, 38, 49, 45, 65, 33]","[33, 65, 45, 49, 38, 67, 66, 56, 57, 72, 73, 59, 76, 70, 69, 79, 63, 60, 81, 62, 88, 87, 94, 89, 58, 46, 48, 64, 34, 36, 19, 35, 20, 25, 24, 82, 84, 95, 103, 91, 12, 28, 3, 11, 14, 30, 31, 10, 0, 9, 4, 1, 111, 107, 13, 108, 115, 144, 114, 37, 120, 101, 97, 26, 96, 102, 118, 134, 5, 105, 109, 132, 137, 122, 136, 71, 29, 135, 119, 41, 6, 117, 74, 7, 116, 139, 43, 42, 123, 50, 78, 90, 22, 27, 112, 130, 129]",complete,5413,5413,8408,5121,10308,262,10046,2000,2,180,180,26,26,24,26
2,453,28,54,95,"[2, 8, 15, 16, 17, 18, 21, 23, 32, 39, 40, 44, 47, 51, 52, 53, 54, 55, 61, 68, 75, 77, 80, 83, 85, 86, 92, 93, 98, 99, 100, 104, 106, 110, 121, 124, 125, 126, 127, 128, 129, 130, 131, 133, 138, 140, 141, 142, 143, 145, 146, 147, 148, 149]","[0, 1, 3, 4, 5, 6, 7, 9, 10, 11, 12, 13, 14, 19, 20, 22, 24, 25, 26, 27, 28, 29, 30, 31, 33, 34, 35, 36, 37, 38, 41, 42, 43, 45, 46, 48, 49, 50, 56, 57, 58, 59, 60, 62, 63, 64, 65, 66, 67, 69, 70, 71, 72, 73, 74, 76, 78, 79, 81, 82, 84, 87, 88, 89, 90, 91, 94, 95, 96, 97, 101, 102, 103, 105, 107, 108, 109, 111, 112, 114, 115, 116, 117, 118, 119, 120, 122, 123, 132, 134, 135, 136, 137, 139, 144]","{""support_1"": 134, ""support_2"": 132}","[132, 134]",2,"[39, 2, 131, 83, 99, 61, 93, 142, 140, 85, 141, 110, 21, 15, 133, 40, 138, 98, 121, 53, 143, 44, 17, 124, 23, 145, 125, 52, 8, 75, 16, 148, 106, 100, 80, 55, 92, 149, 54, 68, 126, 127, 147, 77, 51, 104, 86, 146, 32, 47, 128, 18, 129, 130, 112, 27, 22, 90, 78, 50, 123, 42, 43, 139, 116, 7, 74, 117, 6, 41, 119, 135, 29, 71, 136, 122, 137, 132, 109, 111, 89, 108, 134, 97, 26, 120, 114, 107, 115, 118, 96, 102, 35, 37, 58, 101, 105, 94, 87, 46, 48, 34, 36, 13, 144, 1, 9, 0, 10, 14, 5, 20, 25, 4, 28, 103, 12, 95, 88, 91, 62, 82, 81, 84, 31, 11, 24, 30, 3, 19, 49, 64, 63, 60, 56, 57, 45, 38, 76, 33, 70, 69, 79, 67, 59, 66, 73, 72, 65]",True,102976665066,102.976665066,"[112, 27, 22, 90, 78, 50, 123, 42, 43, 139, 116, 7, 74, 117, 6, 41, 119, 135, 29, 71, 136, 122, 137, 132, 109, 105, 5, 134, 118, 102, 96, 26, 97, 101, 120, 37, 114, 144, 115, 108, 13, 107, 111, 1, 4, 9, 0, 10, 31, 30, 14, 11, 3, 28, 12, 91, 103, 95, 84, 82, 24, 25, 20, 35, 19, 36, 34, 64, 48, 46, 58, 89, 94, 87, 88, 62, 81, 60, 63, 79, 69, 70, 76, 59, 73, 72, 57, 56, 66, 67, 38, 49, 45, 65, 33]","[33, 65, 45, 49, 38, 67, 66, 56, 57, 72, 73, 59, 76, 70, 69, 79, 63, 60, 81, 62, 88, 87, 94, 89, 58, 46, 48, 64, 34, 36, 19, 35, 20, 25, 24, 82, 84, 95, 103, 91, 12, 28, 3, 11, 14, 30, 31, 10, 0, 9, 4, 1, 111, 107, 13, 108, 115, 144, 114, 37, 120, 101, 97, 26, 96, 102, 118, 134, 5, 105, 109, 132, 137, 122, 136, 71, 29, 135, 119, 41, 6, 117, 74, 7, 116, 139, 43, 42, 123, 50, 78, 90, 22, 27, 112]",complete,5411,5411,8235,5121,10306,262,10044,2000,2,176,176,26,26,24,26
2,453,29,56,93,"[2, 8, 15, 16, 17, 18, 21, 23, 27, 32, 39, 40, 44, 47, 51, 52, 53, 54, 55, 61, 68, 75, 77, 80, 83, 85, 86, 92, 93, 98, 99, 100, 104, 106, 110, 112, 121, 124, 125, 126, 127, 128, 129, 130, 131, 133, 138, 140, 141, 142, 143, 145, 146, 147, 148, 149]","[0, 1, 3, 4, 5, 6, 7, 9, 10, 11, 12, 13, 14, 19, 20, 22, 24, 25, 26, 28, 29, 30, 31, 33, 34, 35, 36, 37, 38, 41, 42, 43, 45, 46, 48, 49, 50, 56, 57, 58, 59, 60, 62, 63, 64, 65, 66, 67, 69, 70, 71, 72, 73, 74, 76, 78, 79, 81, 82, 84, 87, 88, 89, 90, 91, 94, 95, 96, 97, 101, 102, 103, 105, 107, 108, 109, 111, 114, 115, 116, 117, 118, 119, 120, 122, 123, 132, 134, 135, 136, 137, 139, 144]","{""support_1"": 134, ""support_2"": 132}","[132, 134]",2,"[39, 2, 131, 83, 99, 61, 93, 142, 140, 85, 141, 110, 21, 15, 133, 40, 138, 98, 121, 53, 143, 44, 17, 124, 23, 145, 125, 52, 8, 75, 16, 148, 106, 100, 80, 55, 92, 149, 54, 68, 126, 127, 147, 77, 51, 104, 86, 146, 32, 47, 128, 18, 129, 130, 112, 27, 22, 90, 78, 50, 123, 42, 43, 139, 116, 7, 74, 117, 6, 41, 119, 135, 29, 71, 136, 122, 137, 132, 109, 111, 89, 108, 134, 97, 26, 120, 114, 107, 115, 118, 96, 102, 35, 37, 58, 101, 105, 94, 87, 46, 48, 34, 36, 13, 144, 1, 9, 0, 10, 14, 5, 20, 25, 4, 28, 103, 12, 95, 88, 91, 62, 82, 81, 84, 31, 11, 24, 30, 3, 19, 49, 64, 63, 60, 56, 57, 45, 38, 76, 33, 70, 69, 79, 67, 59, 66, 73, 72, 65]",True,103111945231,103.111945231,"[22, 90, 78, 50, 123, 42, 43, 139, 116, 7, 74, 117, 6, 41, 119, 135, 29, 71, 136, 122, 137, 132, 109, 105, 5, 134, 118, 102, 96, 26, 97, 101, 120, 37, 114, 144, 115, 108, 13, 107, 111, 1, 4, 9, 0, 10, 31, 30, 14, 11, 3, 28, 12, 91, 103, 95, 84, 82, 24, 25, 20, 35, 19, 36, 34, 64, 48, 46, 58, 89, 94, 87, 88, 62, 81, 60, 63, 79, 69, 70, 76, 59, 73, 72, 57, 56, 66, 67, 38, 49, 45, 65, 33]","[33, 65, 45, 49, 38, 67, 66, 56, 57, 72, 73, 59, 76, 70, 69, 79, 63, 60, 81, 62, 88, 87, 94, 89, 58, 46, 48, 64, 34, 36, 19, 35, 20, 25, 24, 82, 84, 95, 103, 91, 12, 28, 3, 11, 14, 30, 31, 10, 0, 9, 4, 1, 111, 107, 13, 108, 115, 144, 114, 37, 120, 101, 97, 26, 96, 102, 118, 134, 5, 105, 109, 132, 137, 122, 136, 71, 29, 135, 119, 41, 6, 117, 74, 7, 116, 139, 43, 42, 123, 50, 78, 90, 22]",complete,5409,5409,8066,5121,10304,262,10042,2000,2,172,172,26,26,24,26
2,453,30,58,91,"[2, 8, 15, 16, 17, 18, 21, 22, 23, 27, 32, 39, 40, 44, 47, 51, 52, 53, 54, 55, 61, 68, 75, 77, 80, 83, 85, 86, 90, 92, 93, 98, 99, 100, 104, 106, 110, 112, 121, 124, 125, 126, 127, 128, 129, 130, 131, 133, 138, 140, 141, 142, 143, 145, 146, 147, 148, 149]","[0, 1, 3, 4, 5, 6, 7, 9, 10, 11, 12, 13, 14, 19, 20, 24, 25, 26, 28, 29, 30, 31, 33, 34, 35, 36, 37, 38, 41, 42, 43, 45, 46, 48, 49, 50, 56, 57, 58, 59, 60, 62, 63, 64, 65, 66, 67, 69, 70, 71, 72, 73, 74, 76, 78, 79, 81, 82, 84, 87, 88, 89, 91, 94, 95, 96, 97, 101, 102, 103, 105, 107, 108, 109, 111, 114, 115, 116, 117, 118, 119, 120, 122, 123, 132, 134, 135, 136, 137, 139, 144]","{""support_1"": 134, ""support_2"": 132}","[132, 134]",2,"[39, 2, 131, 83, 99, 61, 93, 142, 140, 85, 141, 110, 21, 15, 133, 40, 138, 98, 121, 53, 143, 44, 17, 124, 23, 145, 125, 52, 8, 75, 16, 148, 106, 100, 80, 55, 92, 149, 54, 68, 126, 127, 147, 77, 51, 104, 86, 146, 32, 47, 128, 18, 129, 130, 112, 27, 22, 90, 78, 50, 123, 42, 43, 139, 116, 7, 74, 117, 6, 41, 119, 135, 29, 71, 136, 122, 137, 132, 109, 111, 89, 108, 134, 97, 26, 120, 114, 107, 115, 118, 96, 102, 35, 37, 58, 101, 105, 94, 87, 46, 48, 34, 36, 13, 144, 1, 9, 0, 10, 14, 5, 20, 25, 4, 28, 103, 12, 95, 88, 91, 62, 82, 81, 84, 31, 11, 24, 30, 3, 19, 49, 64, 63, 60, 56, 57, 45, 38, 76, 33, 70, 69, 79, 67, 59, 66, 73, 72, 65]",True,100493869181,100.493869181,"[78, 50, 123, 42, 43, 139, 116, 7, 74, 117, 6, 41, 119, 135, 29, 71, 136, 122, 137, 132, 109, 105, 5, 134, 118, 102, 96, 26, 97, 101, 120, 37, 114, 144, 115, 108, 13, 107, 111, 1, 4, 9, 0, 10, 31, 30, 14, 11, 3, 28, 12, 91, 103, 95, 84, 82, 24, 25, 20, 35, 19, 36, 34, 64, 48, 46, 58, 89, 94, 87, 88, 62, 81, 60, 63, 79, 69, 70, 76, 59, 73, 72, 57, 56, 66, 67, 38, 49, 45, 65, 33]","[33, 65, 45, 49, 38, 67, 66, 56, 57, 72, 73, 59, 76, 70, 69, 79, 63, 60, 81, 62, 88, 87, 94, 89, 58, 46, 48, 64, 34, 36, 19, 35, 20, 25, 24, 82, 84, 95, 103, 91, 12, 28, 3, 11, 14, 30, 31, 10, 0, 9, 4, 1, 111, 107, 13, 108, 115, 144, 114, 37, 120, 101, 97, 26, 96, 102, 118, 134, 5, 105, 109, 132, 137, 122, 136, 71, 29, 135, 119, 41, 6, 117, 74, 7, 116, 139, 43, 42, 123, 50, 78]",complete,5405,5405,7901,5119,10300,262,10038,2000,2,168,168,26,26,24,26
2,453,31,60,89,"[2, 8, 15, 16, 17, 18, 21, 22, 23, 27, 32, 39, 40, 44, 47, 50, 51, 52, 53, 54, 55, 61, 68, 75, 77, 78, 80, 83, 85, 86, 90, 92, 93, 98, 99, 100, 104, 106, 110, 112, 121, 124, 125, 126, 127, 128, 129, 130, 131, 133, 138, 140, 141, 142, 143, 145, 146, 147, 148, 149]","[0, 1, 3, 4, 5, 6, 7, 9, 10, 11, 12, 13, 14, 19, 20, 24, 25, 26, 28, 29, 30, 31, 33, 34, 35, 36, 37, 38, 41, 42, 43, 45, 46, 48, 49, 56, 57, 58, 59, 60, 62, 63, 64, 65, 66, 67, 69, 70, 71, 72, 73, 74, 76, 79, 81, 82, 84, 87, 88, 89, 91, 94, 95, 96, 97, 101, 102, 103, 105, 107, 108, 109, 111, 114, 115, 116, 117, 118, 119, 120, 122, 123, 132, 134, 135, 136, 137, 139, 144]","{""support_1"": 134, ""support_2"": 132}","[132, 134]",2,"[39, 2, 131, 83, 99, 61, 93, 142, 140, 85, 141, 110, 21, 15, 133, 40, 138, 98, 121, 53, 143, 44, 17, 124, 23, 145, 125, 52, 8, 75, 16, 148, 106, 100, 80, 55, 92, 149, 54, 68, 126, 127, 147, 77, 51, 104, 86, 146, 32, 47, 128, 18, 129, 130, 112, 27, 22, 90, 78, 50, 123, 42, 43, 139, 116, 7, 74, 117, 6, 41, 119, 135, 29, 71, 136, 122, 137, 132, 109, 111, 89, 108, 134, 97, 26, 120, 114, 107, 115, 118, 96, 102, 35, 37, 58, 101, 105, 94, 87, 46, 48, 34, 36, 13, 144, 1, 9, 0, 10, 14, 5, 20, 25, 4, 28, 103, 12, 95, 88, 91, 62, 82, 81, 84, 31, 11, 24, 30, 3, 19, 49, 64, 63, 60, 56, 57, 45, 38, 76, 33, 70, 69, 79, 67, 59, 66, 73, 72, 65]",True,98924374488,98.924374488,"[123, 42, 43, 139, 116, 7, 74, 117, 6, 41, 119, 135, 29, 71, 136, 122, 137, 132, 109, 105, 5, 134, 118, 102, 96, 26, 97, 101, 120, 37, 114, 144, 115, 108, 13, 107, 111, 1, 4, 9, 0, 10, 31, 30, 14, 11, 3, 28, 12, 91, 103, 95, 84, 82, 24, 25, 20, 35, 19, 36, 34, 64, 48, 46, 58, 89, 94, 87, 88, 62, 81, 60, 63, 79, 69, 70, 76, 59, 73, 72, 57, 56, 66, 67, 38, 49, 45, 65, 33]","[33, 65, 45, 49, 38, 67, 66, 56, 57, 72, 73, 59, 76, 70, 69, 79, 63, 60, 81, 62, 88, 87, 94, 89, 58, 46, 48, 64, 34, 36, 19, 35, 20, 25, 24, 82, 84, 95, 103, 91, 12, 28, 3, 11, 14, 30, 31, 10, 0, 9, 4, 1, 111, 107, 13, 108, 115, 144, 114, 37, 120, 101, 97, 26, 96, 102, 118, 134, 5, 105, 109, 132, 137, 122, 136, 71, 29, 135, 119, 41, 6, 117, 74, 7, 116, 139, 43, 42, 123]",complete,5402,5402,7740,5118,10297,262,10035,2000,2,164,164,26,26,24,26
2,453,32,62,87,"[2, 8, 15, 16, 17, 18, 21, 22, 23, 27, 32, 39, 40, 42, 44, 47, 50, 51, 52, 53, 54, 55, 61, 68, 75, 77, 78, 80, 83, 85, 86, 90, 92, 93, 98, 99, 100, 104, 106, 110, 112, 121, 123, 124, 125, 126, 127, 128, 129, 130, 131, 133, 138, 140, 141, 142, 143, 145, 146, 147, 148, 149]","[0, 1, 3, 4, 5, 6, 7, 9, 10, 11, 12, 13, 14, 19, 20, 24, 25, 26, 28, 29, 30, 31, 33, 34, 35, 36, 37, 38, 41, 43, 45, 46, 48, 49, 56, 57, 58, 59, 60, 62, 63, 64, 65, 66, 67, 69, 70, 71, 72, 73, 74, 76, 79, 81, 82, 84, 87, 88, 89, 91, 94, 95, 96, 97, 101, 102, 103, 105, 107, 108, 109, 111, 114, 115, 116, 117, 118, 119, 120, 122, 132, 134, 135, 136, 137, 139, 144]","{""support_1"": 134, ""support_2"": 132}","[132, 134]",2,"[39, 2, 131, 83, 99, 61, 93, 142, 140, 85, 141, 110, 21, 15, 133, 40, 138, 98, 121, 53, 143, 44, 17, 124, 23, 145, 125, 52, 8, 75, 16, 148, 106, 100, 80, 55, 92, 149, 54, 68, 126, 127, 147, 77, 51, 104, 86, 146, 32, 47, 128, 18, 129, 130, 112, 27, 22, 90, 78, 50, 123, 42, 43, 139, 116, 7, 74, 117, 6, 41, 119, 135, 29, 71, 136, 122, 137, 132, 109, 111, 89, 108, 134, 97, 26, 120, 114, 107, 115, 118, 96, 102, 35, 37, 58, 101, 105, 94, 87, 46, 48, 34, 36, 13, 144, 1, 9, 0, 10, 14, 5, 20, 25, 4, 28, 103, 12, 95, 88, 91, 62, 82, 81, 84, 31, 11, 24, 30, 3, 19, 49, 64, 63, 60, 56, 57, 45, 38, 76, 33, 70, 69, 79, 67, 59, 66, 73, 72, 65]",True,98904790152,98.904790152,"[43, 139, 116, 7, 74, 117, 6, 41, 119, 135, 29, 71, 136, 122, 137, 132, 109, 105, 5, 134, 118, 102, 96, 26, 97, 101, 120, 37, 114, 144, 115, 108, 13, 107, 111, 1, 4, 9, 0, 10, 31, 30, 14, 11, 3, 28, 12, 91, 103, 95, 84, 82, 24, 25, 20, 35, 19, 36, 34, 64, 48, 46, 58, 89, 94, 87, 88, 62, 81, 60, 63, 79, 69, 70, 76, 59, 73, 72, 57, 56, 66, 67, 38, 49, 45, 65, 33]","[33, 65, 45, 49, 38, 67, 66, 56, 57, 72, 73, 59, 76, 70, 69, 79, 63, 60, 81, 62, 88, 87, 94, 89, 58, 46, 48, 64, 34, 36, 19, 35, 20, 25, 24, 82, 84, 95, 103, 91, 12, 28, 3, 11, 14, 30, 31, 10, 0, 9, 4, 1, 111, 107, 13, 108, 115, 144, 114, 37, 120, 101, 97, 26, 96, 102, 118, 134, 5, 105, 109, 132, 137, 122, 136, 71, 29, 135, 119, 41, 6, 117, 74, 7, 116, 139, 43]",complete,5393,5393,7583,5111,10288,262,10026,2000,2,160,160,26,26,24,26
2,453,33,64,85,"[2, 8, 15, 16, 17, 18, 21, 22, 23, 27, 32, 39, 40, 42, 43, 44, 47, 50, 51, 52, 53, 54, 55, 61, 68, 75, 77, 78, 80, 83, 85, 86, 90, 92, 93, 98, 99, 100, 104, 106, 110, 112, 121, 123, 124, 125, 126, 127, 128, 129, 130, 131, 133, 138, 139, 140, 141, 142, 143, 145, 146, 147, 148, 149]","[0, 1, 3, 4, 5, 6, 7, 9, 10, 11, 12, 13, 14, 19, 20, 24, 25, 26, 28, 29, 30, 31, 33, 34, 35, 36, 37, 38, 41, 45, 46, 48, 49, 56, 57, 58, 59, 60, 62, 63, 64, 65, 66, 67, 69, 70, 71, 72, 73, 74, 76, 79, 81, 82, 84, 87, 88, 89, 91, 94, 95, 96, 97, 101, 102, 103, 105, 107, 108, 109, 111, 114, 115, 116, 117, 118, 119, 120, 122, 132, 134, 135, 136, 137, 144]","{""support_1"": 134, ""support_2"": 132}","[132, 134]",2,"[39, 2, 131, 83, 99, 61, 93, 142, 140, 85, 141, 110, 21, 15, 133, 40, 138, 98, 121, 53, 143, 44, 17, 124, 23, 145, 125, 52, 8, 75, 16, 148, 106, 100, 80, 55, 92, 149, 54, 68, 126, 127, 147, 77, 51, 104, 86, 146, 32, 47, 128, 18, 129, 130, 112, 27, 22, 90, 78, 50, 123, 42, 43, 139, 116, 7, 74, 117, 6, 41, 119, 135, 29, 71, 136, 122, 137, 132, 109, 111, 89, 108, 134, 97, 26, 120, 114, 107, 115, 118, 96, 102, 35, 37, 58, 101, 105, 94, 87, 46, 48, 34, 36, 13, 144, 1, 9, 0, 10, 14, 5, 20, 25, 4, 28, 103, 12, 95, 88, 91, 62, 82, 81, 84, 31, 11, 24, 30, 3, 19, 49, 64, 63, 60, 56, 57, 45, 38, 76, 33, 70, 69, 79, 67, 59, 66, 73, 72, 65]",True,99165414438,99.165414438,"[116, 7, 74, 117, 6, 41, 119, 135, 29, 71, 136, 122, 137, 132, 109, 105, 5, 134, 118, 102, 96, 26, 97, 101, 120, 37, 114, 144, 115, 108, 13, 107, 111, 1, 4, 9, 0, 10, 31, 30, 14, 11, 3, 28, 12, 91, 103, 95, 84, 82, 24, 25, 20, 35, 19, 36, 34, 64, 48, 46, 58, 89, 94, 87, 88, 62, 81, 60, 63, 79, 69, 70, 76, 59, 73, 72, 57, 56, 66, 67, 38, 49, 45, 65, 33]","[33, 65, 45, 49, 38, 67, 66, 56, 57, 72, 73, 59, 76, 70, 69, 79, 63, 60, 81, 62, 88, 87, 94, 89, 58, 46, 48, 64, 34, 36, 19, 35, 20, 25, 24, 82, 84, 95, 103, 91, 12, 28, 3, 11, 14, 30, 31, 10, 0, 9, 4, 1, 111, 107, 13, 108, 115, 144, 114, 37, 120, 101, 97, 26, 96, 102, 118, 134, 5, 105, 109, 132, 137, 122, 136, 71, 29, 135, 119, 41, 6, 117, 74, 7, 116]",complete,5387,5387,7430,5107,10282,262,10020,2000,2,156,156,26,26,24,26
2,453,34,66,83,"[2, 7, 8, 15, 16, 17, 18, 21, 22, 23, 27, 32, 39, 40, 42, 43, 44, 47, 50, 51, 52, 53, 54, 55, 61, 68, 75, 77, 78, 80, 83, 85, 86, 90, 92, 93, 98, 99, 100, 104, 106, 110, 112, 116, 121, 123, 124, 125, 126, 127, 128, 129, 130, 131, 133, 138, 139, 140, 141, 142, 143, 145, 146, 147, 148, 149]","[0, 1, 3, 4, 5, 6, 9, 10, 11, 12, 13, 14, 19, 20, 24, 25, 26, 28, 29, 30, 31, 33, 34, 35, 36, 37, 38, 41, 45, 46, 48, 49, 56, 57, 58, 59, 60, 62, 63, 64, 65, 66, 67, 69, 70, 71, 72, 73, 74, 76, 79, 81, 82, 84, 87, 88, 89, 91, 94, 95, 96, 97, 101, 102, 103, 105, 107, 108, 109, 111, 114, 115, 117, 118, 119, 120, 122, 132, 134, 135, 136, 137, 144]","{""support_1"": 134, ""support_2"": 132}","[132, 134]",2,"[39, 2, 131, 83, 99, 61, 93, 142, 140, 85, 141, 110, 21, 15, 133, 40, 138, 98, 121, 53, 143, 44, 17, 124, 23, 145, 125, 52, 8, 75, 16, 148, 106, 100, 80, 55, 92, 149, 54, 68, 126, 127, 147, 77, 51, 104, 86, 146, 32, 47, 128, 18, 129, 130, 112, 27, 22, 90, 78, 50, 123, 42, 43, 139, 116, 7, 74, 117, 6, 41, 119, 135, 29, 71, 136, 122, 137, 132, 109, 111, 89, 108, 134, 97, 26, 120, 114, 107, 115, 118, 96, 102, 35, 37, 58, 101, 105, 94, 87, 46, 48, 34, 36, 13, 144, 1, 9, 0, 10, 14, 5, 20, 25, 4, 28, 103, 12, 95, 88, 91, 62, 82, 81, 84, 31, 11, 24, 30, 3, 19, 49, 64, 63, 60, 56, 57, 45, 38, 76, 33, 70, 69, 79, 67, 59, 66, 73, 72, 65]",True,102021510840,102.021510840,"[74, 117, 6, 41, 119, 135, 29, 71, 136, 122, 137, 132, 109, 105, 5, 134, 118, 102, 96, 26, 97, 101, 120, 37, 114, 144, 115, 108, 13, 107, 111, 1, 4, 9, 0, 10, 31, 30, 14, 11, 3, 28, 12, 91, 103, 95, 84, 82, 24, 25, 20, 35, 19, 36, 34, 64, 48, 46, 58, 89, 94, 87, 88, 62, 81, 60, 63, 79, 69, 70, 76, 59, 73, 72, 57, 56, 66, 67, 38, 49, 45, 65, 33]","[33, 65, 45, 49, 38, 67, 66, 56, 57, 72, 73, 59, 76, 70, 69, 79, 63, 60, 81, 62, 88, 87, 94, 89, 58, 46, 48, 64, 34, 36, 19, 35, 20, 25, 24, 82, 84, 95, 103, 91, 12, 28, 3, 11, 14, 30, 31, 10, 0, 9, 4, 1, 111, 107, 13, 108, 115, 144, 114, 37, 120, 101, 97, 26, 96, 102, 118, 134, 5, 105, 109, 132, 137, 122, 136, 71, 29, 135, 119, 41, 6, 117, 74]",complete,5382,5382,7281,5104,10277,262,10015,2000,2,152,152,26,26,24,26
2,453,35,68,81,"[2, 7, 8, 15, 16, 17, 18, 21, 22, 23, 27, 32, 39, 40, 42, 43, 44, 47, 50, 51, 52, 53, 54, 55, 61, 68, 74, 75, 77, 78, 80, 83, 85, 86, 90, 92, 93, 98, 99, 100, 104, 106, 110, 112, 116, 117, 121, 123, 124, 125, 126, 127, 128, 129, 130, 131, 133, 138, 139, 140, 141, 142, 143, 145, 146, 147, 148, 149]","[0, 1, 3, 4, 5, 6, 9, 10, 11, 12, 13, 14, 19, 20, 24, 25, 26, 28, 29, 30, 31, 33, 34, 35, 36, 37, 38, 41, 45, 46, 48, 49, 56, 57, 58, 59, 60, 62, 63, 64, 65, 66, 67, 69, 70, 71, 72, 73, 76, 79, 81, 82, 84, 87, 88, 89, 91, 94, 95, 96, 97, 101, 102, 103, 105, 107, 108, 109, 111, 114, 115, 118, 119, 120, 122, 132, 134, 135, 136, 137, 144]","{""support_1"": 134, ""support_2"": 132}","[132, 134]",2,"[39, 2, 131, 83, 99, 61, 93, 142, 140, 85, 141, 110, 21, 15, 133, 40, 138, 98, 121, 53, 143, 44, 17, 124, 23, 145, 125, 52, 8, 75, 16, 148, 106, 100, 80, 55, 92, 149, 54, 68, 126, 127, 147, 77, 51, 104, 86, 146, 32, 47, 128, 18, 129, 130, 112, 27, 22, 90, 78, 50, 123, 42, 43, 139, 116, 7, 74, 117, 6, 41, 119, 135, 29, 71, 136, 122, 137, 132, 109, 111, 89, 108, 134, 97, 26, 120, 114, 107, 115, 118, 96, 102, 35, 37, 58, 101, 105, 94, 87, 46, 48, 34, 36, 13, 144, 1, 9, 0, 10, 14, 5, 20, 25, 4, 28, 103, 12, 95, 88, 91, 62, 82, 81, 84, 31, 11, 24, 30, 3, 19, 49, 64, 63, 60, 56, 57, 45, 38, 76, 33, 70, 69, 79, 67, 59, 66, 73, 72, 65]",True,101406324819,101.406324819,"[6, 41, 119, 135, 29, 71, 136, 122, 137, 132, 109, 105, 5, 134, 118, 102, 96, 26, 97, 101, 120, 37, 114, 144, 115, 108, 13, 107, 111, 1, 4, 9, 0, 10, 31, 30, 14, 11, 3, 28, 12, 91, 103, 95, 84, 82, 24, 25, 20, 35, 19, 36, 34, 64, 48, 46, 58, 89, 94, 87, 88, 62, 81, 60, 63, 79, 69, 70, 76, 59, 73, 72, 57, 56, 66, 67, 38, 49, 45, 65, 33]","[33, 65, 45, 49, 38, 67, 66, 56, 57, 72, 73, 59, 76, 70, 69, 79, 63, 60, 81, 62, 88, 87, 94, 89, 58, 46, 48, 64, 34, 36, 19, 35, 20, 25, 24, 82, 84, 95, 103, 91, 12, 28, 3, 11, 14, 30, 31, 10, 0, 9, 4, 1, 111, 107, 13, 108, 115, 144, 114, 37, 120, 101, 97, 26, 96, 102, 118, 134, 5, 105, 109, 132, 137, 122, 136, 71, 29, 135, 119, 41, 6]",complete,5377,5377,7136,5101,10272,262,10010,2000,2,148,148,26,26,24,26
2,453,36,70,79,"[2, 6, 7, 8, 15, 16, 17, 18, 21, 22, 23, 27, 32, 39, 40, 41, 42, 43, 44, 47, 50, 51, 52, 53, 54, 55, 61, 68, 74, 75, 77, 78, 80, 83, 85, 86, 90, 92, 93, 98, 99, 100, 104, 106, 110, 112, 116, 117, 121, 123, 124, 125, 126, 127, 128, 129, 130, 131, 133, 138, 139, 140, 141, 142, 143, 145, 146, 147, 148, 149]","[0, 1, 3, 4, 5, 9, 10, 11, 12, 13, 14, 19, 20, 24, 25, 26, 28, 29, 30, 31, 33, 34, 35, 36, 37, 38, 45, 46, 48, 49, 56, 57, 58, 59, 60, 62, 63, 64, 65, 66, 67, 69, 70, 71, 72, 73, 76, 79, 81, 82, 84, 87, 88, 89, 91, 94, 95, 96, 97, 101, 102, 103, 105, 107, 108, 109, 111, 114, 115, 118, 119, 120, 122, 132, 134, 135, 136, 137, 144]","{""support_1"": 134, ""support_2"": 132}","[132, 134]",2,"[39, 2, 131, 83, 99, 61, 93, 142, 140, 85, 141, 110, 21, 15, 133, 40, 138, 98, 121, 53, 143, 44, 17, 124, 23, 145, 125, 52, 8, 75, 16, 148, 106, 100, 80, 55, 92, 149, 54, 68, 126, 127, 147, 77, 51, 104, 86, 146, 32, 47, 128, 18, 129, 130, 112, 27, 22, 90, 78, 50, 123, 42, 43, 139, 116, 7, 74, 117, 6, 41, 119, 135, 29, 71, 136, 122, 137, 132, 109, 111, 89, 108, 134, 97, 26, 120, 114, 107, 115, 118, 96, 102, 35, 37, 58, 101, 105, 94, 87, 46, 48, 34, 36, 13, 144, 1, 9, 0, 10, 14, 5, 20, 25, 4, 28, 103, 12, 95, 88, 91, 62, 82, 81, 84, 31, 11, 24, 30, 3, 19, 49, 64, 63, 60, 56, 57, 45, 38, 76, 33, 70, 69, 79, 67, 59, 66, 73, 72, 65]",True,101529000479,101.529000479,"[119, 135, 29, 71, 136, 122, 137, 132, 109, 105, 5, 134, 118, 102, 96, 26, 97, 101, 120, 37, 114, 144, 115, 108, 13, 107, 111, 1, 4, 9, 0, 10, 31, 30, 14, 11, 3, 28, 12, 91, 103, 95, 84, 82, 24, 25, 20, 35, 19, 36, 34, 64, 48, 46, 58, 89, 94, 87, 88, 62, 81, 60, 63, 79, 69, 70, 76, 59, 73, 72, 57, 56, 66, 67, 38, 49, 45, 65, 33]","[33, 65, 45, 49, 38, 67, 66, 56, 57, 72, 73, 59, 76, 70, 69, 79, 63, 60, 81, 62, 88, 87, 94, 89, 58, 46, 48, 64, 34, 36, 19, 35, 20, 25, 24, 82, 84, 95, 103, 91, 12, 28, 3, 11, 14, 30, 31, 10, 0, 9, 4, 1, 111, 107, 13, 108, 115, 144, 114, 37, 120, 101, 97, 26, 96, 102, 118, 134, 5, 105, 109, 132, 137, 122, 136, 71, 29, 135, 119]",complete,5369,5369,6995,5095,10264,262,10002,2000,2,144,144,26,26,24,26
2,453,37,72,77,"[2, 6, 7, 8, 15, 16, 17, 18, 21, 22, 23, 27, 32, 39, 40, 41, 42, 43, 44, 47, 50, 51, 52, 53, 54, 55, 61, 68, 74, 75, 77, 78, 80, 83, 85, 86, 90, 92, 93, 98, 99, 100, 104, 106, 110, 112, 116, 117, 119, 121, 123, 124, 125, 126, 127, 128, 129, 130, 131, 133, 135, 138, 139, 140, 141, 142, 143, 145, 146, 147, 148, 149]","[0, 1, 3, 4, 5, 9, 10, 11, 12, 13, 14, 19, 20, 24, 25, 26, 28, 29, 30, 31, 33, 34, 35, 36, 37, 38, 45, 46, 48, 49, 56, 57, 58, 59, 60, 62, 63, 64, 65, 66, 67, 69, 70, 71, 72, 73, 76, 79, 81, 82, 84, 87, 88, 89, 91, 94, 95, 96, 97, 101, 102, 103, 105, 107, 108, 109, 111, 114, 115, 118, 120, 122, 132, 134, 136, 137, 144]","{""support_1"": 134, ""support_2"": 132}","[132, 134]",2,"[39, 2, 131, 83, 99, 61, 93, 142, 140, 85, 141, 110, 21, 15, 133, 40, 138, 98, 121, 53, 143, 44, 17, 124, 23, 145, 125, 52, 8, 75, 16, 148, 106, 100, 80, 55, 92, 149, 54, 68, 126, 127, 147, 77, 51, 104, 86, 146, 32, 47, 128, 18, 129, 130, 112, 27, 22, 90, 78, 50, 123, 42, 43, 139, 116, 7, 74, 117, 6, 41, 119, 135, 29, 71, 136, 122, 137, 132, 109, 111, 89, 108, 134, 97, 26, 120, 114, 107, 115, 118, 96, 102, 35, 37, 58, 101, 105, 94, 87, 46, 48, 34, 36, 13, 144, 1, 9, 0, 10, 14, 5, 20, 25, 4, 28, 103, 12, 95, 88, 91, 62, 82, 81, 84, 31, 11, 24, 30, 3, 19, 49, 64, 63, 60, 56, 57, 45, 38, 76, 33, 70, 69, 79, 67, 59, 66, 73, 72, 65]",True,100754361441,100.754361441,"[29, 71, 136, 122, 137, 132, 109, 105, 5, 134, 118, 102, 96, 26, 97, 101, 120, 37, 114, 144, 115, 108, 13, 107, 111, 1, 4, 9, 0, 10, 31, 30, 14, 11, 3, 28, 12, 91, 103, 95, 84, 82, 24, 25, 20, 35, 19, 36, 34, 64, 48, 46, 58, 89, 94, 87, 88, 62, 81, 60, 63, 79, 69, 70, 76, 59, 73, 72, 57, 56, 66, 67, 38, 49, 45, 65, 33]","[33, 65, 45, 49, 38, 67, 66, 56, 57, 72, 73, 59, 76, 70, 69, 79, 63, 60, 81, 62, 88, 87, 94, 89, 58, 46, 48, 64, 34, 36, 19, 35, 20, 25, 24, 82, 84, 95, 103, 91, 12, 28, 3, 11, 14, 30, 31, 10, 0, 9, 4, 1, 111, 107, 13, 108, 115, 144, 114, 37, 120, 101, 97, 26, 96, 102, 118, 134, 5, 105, 109, 132, 137, 122, 136, 71, 29]",complete,5353,5353,6858,5081,10248,262,9986,2000,2,140,140,26,26,24,26
2,453,38,74,75,"[2, 6, 7, 8, 15, 16, 17, 18, 21, 22, 23, 27, 29, 32, 39, 40, 41, 42, 43, 44, 47, 50, 51, 52, 53, 54, 55, 61, 68, 71, 74, 75, 77, 78, 80, 83, 85, 86, 90, 92, 93, 98, 99, 100, 104, 106, 110, 112, 116, 117, 119, 121, 123, 124, 125, 126, 127, 128, 129, 130, 131, 133, 135, 138, 139, 140, 141, 142, 143, 145, 146, 147, 148, 149]","[0, 1, 3, 4, 5, 9, 10, 11, 12, 13, 14, 19, 20, 24, 25, 26, 28, 30, 31, 33, 34, 35, 36, 37, 38, 45, 46, 48, 49, 56, 57, 58, 59, 60, 62, 63, 64, 65, 66, 67, 69, 70, 72, 73, 76, 79, 81, 82, 84, 87, 88, 89, 91, 94, 95, 96, 97, 101, 102, 103, 105, 107, 108, 109, 111, 114, 115, 118, 120, 122, 132, 134, 136, 137, 144]","{""support_1"": 134, ""support_2"": 132}","[132, 134]",2,"[39, 2, 131, 83, 99, 61, 93, 142, 140, 85, 141, 110, 21, 15, 133, 40, 138, 98, 121, 53, 143, 44, 17, 124, 23, 145, 125, 52, 8, 75, 16, 148, 106, 100, 80, 55, 92, 149, 54, 68, 126, 127, 147, 77, 51, 104, 86, 146, 32, 47, 128, 18, 129, 130, 112, 27, 22, 90, 78, 50, 123, 42, 43, 139, 116, 7, 74, 117, 6, 41, 119, 135, 29, 71, 136, 122, 137, 132, 109, 111, 89, 108, 134, 97, 26, 120, 114, 107, 115, 118, 96, 102, 35, 37, 58, 101, 105, 94, 87, 46, 48, 34, 36, 13, 144, 1, 9, 0, 10, 14, 5, 20, 25, 4, 28, 103, 12, 95, 88, 91, 62, 82, 81, 84, 31, 11, 24, 30, 3, 19, 49, 64, 63, 60, 56, 57, 45, 38, 76, 33, 70, 69, 79, 67, 59, 66, 73, 72, 65]",True,100446303786,100.446303786,"[136, 122, 137, 132, 109, 105, 5, 134, 118, 102, 96, 26, 97, 101, 120, 37, 114, 144, 115, 108, 13, 107, 111, 1, 4, 9, 0, 10, 31, 30, 14, 11, 3, 28, 12, 91, 103, 95, 84, 82, 24, 25, 20, 35, 19, 36, 34, 64, 48, 46, 58, 89, 94, 87, 88, 62, 81, 60, 63, 79, 69, 70, 76, 59, 73, 72, 57, 56, 66, 67, 38, 49, 45, 65, 33]","[33, 65, 45, 49, 38, 67, 66, 56, 57, 72, 73, 59, 76, 70, 69, 79, 63, 60, 81, 62, 88, 87, 94, 89, 58, 46, 48, 64, 34, 36, 19, 35, 20, 25, 24, 82, 84, 95, 103, 91, 12, 28, 3, 11, 14, 30, 31, 10, 0, 9, 4, 1, 111, 107, 13, 108, 115, 144, 114, 37, 120, 101, 97, 26, 96, 102, 118, 134, 5, 105, 109, 132, 137, 122, 136]",complete,5331,5331,6725,5061,10226,262,9964,2000,2,136,136,26,26,24,26
2,453,39,76,73,"[2, 6, 7, 8, 15, 16, 17, 18, 21, 22, 23, 27, 29, 32, 39, 40, 41, 42, 43, 44, 47, 50, 51, 52, 53, 54, 55, 61, 68, 71, 74, 75, 77, 78, 80, 83, 85, 86, 90, 92, 93, 98, 99, 100, 104, 106, 110, 112, 116, 117, 119, 121, 122, 123, 124, 125, 126, 127, 128, 129, 130, 131, 133, 135, 136, 138, 139, 140, 141, 142, 143, 145, 146, 147, 148, 149]","[0, 1, 3, 4, 5, 9, 10, 11, 12, 13, 14, 19, 20, 24, 25, 26, 28, 30, 31, 33, 34, 35, 36, 37, 38, 45, 46, 48, 49, 56, 57, 58, 59, 60, 62, 63, 64, 65, 66, 67, 69, 70, 72, 73, 76, 79, 81, 82, 84, 87, 88, 89, 91, 94, 95, 96, 97, 101, 102, 103, 105, 107, 108, 109, 111, 114, 115, 118, 120, 132, 134, 137, 144]","{""support_1"": 134, ""support_2"": 132}","[132, 134]",2,"[39, 2, 131, 83, 99, 61, 93, 142, 140, 85, 141, 110, 21, 15, 133, 40, 138, 98, 121, 53, 143, 44, 17, 124, 23, 145, 125, 52, 8, 75, 16, 148, 106, 100, 80, 55, 92, 149, 54, 68, 126, 127, 147, 77, 51, 104, 86, 146, 32, 47, 128, 18, 129, 130, 112, 27, 22, 90, 78, 50, 123, 42, 43, 139, 116, 7, 74, 117, 6, 41, 119, 135, 29, 71, 136, 122, 137, 132, 109, 111, 89, 108, 134, 97, 26, 120, 114, 107, 115, 118, 96, 102, 35, 37, 58, 101, 105, 94, 87, 46, 48, 34, 36, 13, 144, 1, 9, 0, 10, 14, 5, 20, 25, 4, 28, 103, 12, 95, 88, 91, 62, 82, 81, 84, 31, 11, 24, 30, 3, 19, 49, 64, 63, 60, 56, 57, 45, 38, 76, 33, 70, 69, 79, 67, 59, 66, 73, 72, 65]",True,99547758925,99.547758925,"[137, 132, 109, 105, 5, 134, 118, 102, 96, 26, 97, 101, 120, 37, 114, 144, 115, 108, 13, 107, 111, 1, 4, 9, 0, 10, 31, 30, 14, 11, 3, 28, 12, 91, 103, 95, 84, 82, 24, 25, 20, 35, 19, 36, 34, 64, 48, 46, 58, 89, 94, 87, 88, 62, 81, 60, 63, 79, 69, 70, 76, 59, 73, 72, 57, 56, 66, 67, 38, 49, 45, 65, 33]","[33, 65, 45, 49, 38, 67, 66, 56, 57, 72, 73, 59, 76, 70, 69, 79, 63, 60, 81, 62, 88, 87, 94, 89, 58, 46, 48, 64, 34, 36, 19, 35, 20, 25, 24, 82, 84, 95, 103, 91, 12, 28, 3, 11, 14, 30, 31, 10, 0, 9, 4, 1, 111, 107, 13, 108, 115, 144, 114, 37, 120, 101, 97, 26, 96, 102, 118, 134, 5, 105, 109, 132, 137]",complete,5303,5303,6596,5035,10198,262,9936,2000,2,132,132,26,26,24,26
2,453,40,78,71,"[2, 6, 7, 8, 15, 16, 17, 18, 21, 22, 23, 27, 29, 32, 39, 40, 41, 42, 43, 44, 47, 50, 51, 52, 53, 54, 55, 61, 68, 71, 74, 75, 77, 78, 80, 83, 85, 86, 90, 92, 93, 98, 99, 100, 104, 106, 110, 112, 116, 117, 119, 121, 122, 123, 124, 125, 126, 127, 128, 129, 130, 131, 132, 133, 135, 136, 137, 138, 139, 140, 141, 142, 143, 145, 146, 147, 148, 149]","[0, 1, 3, 4, 5, 9, 10, 11, 12, 13, 14, 19, 20, 24, 25, 26, 28, 30, 31, 33, 34, 35, 36, 37, 38, 45, 46, 48, 49, 56, 57, 58, 59, 60, 62, 63, 64, 65, 66, 67, 69, 70, 72, 73, 76, 79, 81, 82, 84, 87, 88, 89, 91, 94, 95, 96, 97, 101, 102, 103, 105, 107, 108, 109, 111, 114, 115, 118, 120, 134, 144]","{""support_1"": 134}",[134],1,"[39, 2, 131, 83, 99, 61, 93, 142, 140, 85, 141, 110, 21, 15, 133, 40, 138, 98, 121, 53, 143, 44, 17, 124, 23, 145, 125, 52, 8, 75, 16, 148, 106, 100, 80, 55, 92, 149, 54, 68, 126, 127, 147, 77, 51, 104, 86, 146, 32, 47, 128, 18, 129, 130, 112, 27, 22, 90, 78, 50, 123, 42, 43, 139, 116, 7, 74, 117, 6, 41, 119, 135, 29, 71, 136, 122, 137, 132, 109, 111, 89, 108, 134, 97, 26, 120, 114, 107, 115, 118, 96, 102, 35, 37, 58, 101, 105, 94, 87, 46, 48, 34, 36, 13, 144, 1, 9, 0, 10, 14, 5, 20, 25, 4, 28, 103, 12, 95, 88, 91, 62, 82, 81, 84, 31, 11, 24, 30, 3, 19, 49, 64, 63, 60, 56, 57, 45, 38, 76, 33, 70, 69, 79, 67, 59, 66, 73, 72, 65]",True,96319286804,96.319286804,"[109, 105, 5, 134, 118, 102, 96, 26, 97, 101, 120, 37, 114, 144, 115, 108, 13, 107, 111, 1, 4, 9, 0, 10, 31, 30, 14, 11, 3, 28, 12, 91, 103, 95, 84, 82, 24, 25, 20, 35, 19, 36, 34, 64, 48, 46, 58, 89, 94, 87, 88, 62, 81, 60, 63, 79, 69, 70, 76, 59, 73, 72, 57, 56, 66, 67, 38, 49, 45, 65, 33]","[33, 65, 45, 49, 38, 67, 66, 56, 57, 72, 73, 59, 76, 70, 69, 79, 63, 60, 81, 62, 88, 87, 94, 89, 58, 46, 48, 64, 34, 36, 19, 35, 20, 25, 24, 82, 84, 95, 103, 91, 12, 28, 3, 11, 14, 30, 31, 10, 0, 9, 4, 1, 111, 107, 13, 108, 115, 144, 114, 37, 120, 101, 97, 26, 96, 102, 118, 134, 5, 105, 109]",complete,5236,5236,6471,4970,10131,262,9869,2000,2,129,129,25,25,24,25
2,453,41,80,69,"[2, 6, 7, 8, 15, 16, 17, 18, 21, 22, 23, 27, 29, 32, 39, 40, 41, 42, 43, 44, 47, 50, 51, 52, 53, 54, 55, 61, 68, 71, 74, 75, 77, 78, 80, 83, 85, 86, 90, 92, 93, 98, 99, 100, 104, 106, 109, 110, 111, 112, 116, 117, 119, 121, 122, 123, 124, 125, 126, 127, 128, 129, 130, 131, 132, 133, 135, 136, 137, 138, 139, 140, 141, 142, 143, 145, 146, 147, 148, 149]","[0, 1, 3, 4, 5, 9, 10, 11, 12, 13, 14, 19, 20, 24, 25, 26, 28, 30, 31, 33, 34, 35, 36, 37, 38, 45, 46, 48, 49, 56, 57, 58, 59, 60, 62, 63, 64, 65, 66, 67, 69, 70, 72, 73, 76, 79, 81, 82, 84, 87, 88, 89, 91, 94, 95, 96, 97, 101, 102, 103, 105, 107, 108, 114, 115, 118, 120, 134, 144]","{""support_1"": 134, ""support_2"": 115}","[115, 134]",2,"[39, 2, 131, 83, 99, 61, 93, 142, 140, 85, 141, 110, 21, 15, 133, 40, 138, 98, 121, 53, 143, 44, 17, 124, 23, 145, 125, 52, 8, 75, 16, 148, 106, 100, 80, 55, 92, 149, 54, 68, 126, 127, 147, 77, 51, 104, 86, 146, 32, 47, 128, 18, 129, 130, 112, 27, 22, 90, 78, 50, 123, 42, 43, 139, 116, 7, 74, 117, 6, 41, 119, 135, 29, 71, 136, 122, 137, 132, 109, 111, 89, 108, 134, 97, 26, 120, 114, 107, 115, 118, 96, 102, 35, 37, 58, 101, 105, 94, 87, 46, 48, 34, 36, 13, 144, 1, 9, 0, 10, 14, 5, 20, 25, 4, 28, 103, 12, 95, 88, 91, 62, 82, 81, 84, 31, 11, 24, 30, 3, 19, 49, 64, 63, 60, 56, 57, 45, 38, 76, 33, 70, 69, 79, 67, 59, 66, 73, 72, 65]",True,104105661602,104.105661602,"[89, 108, 134, 97, 118, 115, 102, 114, 120, 107, 31, 96, 30, 9, 37, 144, 1, 101, 0, 105, 14, 10, 5, 11, 13, 26, 4, 3, 12, 28, 58, 46, 35, 48, 34, 36, 20, 25, 62, 24, 84, 79, 19, 69, 103, 95, 82, 91, 88, 87, 81, 94, 72, 70, 76, 73, 66, 67, 57, 65, 49, 56, 38, 63, 33, 45, 64, 60, 59]","[59, 60, 64, 45, 33, 63, 38, 56, 49, 65, 57, 67, 66, 73, 76, 70, 72, 94, 81, 87, 88, 91, 82, 95, 103, 69, 19, 79, 84, 24, 62, 25, 20, 36, 34, 48, 35, 46, 58, 28, 12, 3, 4, 26, 13, 11, 5, 10, 14, 105, 0, 101, 1, 144, 37, 9, 30, 96, 31, 107, 120, 114, 102, 115, 118, 97, 134, 108, 89]",complete,5503,5503,6678,5282,11198,385,10813,2000,2,123,123,31,31,29,31
2,453,42,82,67,"[2, 6, 7, 8, 15, 16, 17, 18, 21, 22, 23, 27, 29, 32, 39, 40, 41, 42, 43, 44, 47, 50, 51, 52, 53, 54, 55, 61, 68, 71, 74, 75, 77, 78, 80, 83, 85, 86, 89, 90, 92, 93, 98, 99, 100, 104, 106, 108, 109, 110, 111, 112, 116, 117, 119, 121, 122, 123, 124, 125, 126, 127, 128, 129, 130, 131, 132, 133, 135, 136, 137, 138, 139, 140, 141, 142, 143, 145, 146, 147, 148, 149]","[0, 1, 3, 4, 5, 9, 10, 11, 12, 13, 14, 19, 20, 24, 25, 26, 28, 30, 31, 33, 34, 35, 36, 37, 38, 45, 46, 48, 49, 56, 57, 58, 59, 60, 62, 63, 64, 65, 66, 67, 69, 70, 72, 73, 76, 79, 81, 82, 84, 87, 88, 91, 94, 95, 96, 97, 101, 102, 103, 105, 107, 114, 115, 118, 120, 134, 144]","{""support_1"": 134, ""support_2"": 115}","[115, 134]",2,"[39, 2, 131, 83, 99, 61, 93, 142, 140, 85, 141, 110, 21, 15, 133, 40, 138, 98, 121, 53, 143, 44, 17, 124, 23, 145, 125, 52, 8, 75, 16, 148, 106, 100, 80, 55, 92, 149, 54, 68, 126, 127, 147, 77, 51, 104, 86, 146, 32, 47, 128, 18, 129, 130, 112, 27, 22, 90, 78, 50, 123, 42, 43, 139, 116, 7, 74, 117, 6, 41, 119, 135, 29, 71, 136, 122, 137, 132, 109, 111, 89, 108, 134, 97, 26, 120, 114, 107, 115, 118, 96, 102, 35, 37, 58, 101, 105, 94, 87, 46, 48, 34, 36, 13, 144, 1, 9, 0, 10, 14, 5, 20, 25, 4, 28, 103, 12, 95, 88, 91, 62, 82, 81, 84, 31, 11, 24, 30, 3, 19, 49, 64, 63, 60, 56, 57, 45, 38, 76, 33, 70, 69, 79, 67, 59, 66, 73, 72, 65]",True,53176347751,53.176347751,"[134, 97, 120, 114, 96, 107, 115, 102, 118, 26, 35, 37, 64, 101, 105, 58, 46, 48, 34, 36, 13, 144, 9, 1, 10, 31, 0, 14, 20, 25, 28, 5, 4, 12, 94, 11, 3, 30, 67, 24, 19, 66, 84, 87, 82, 103, 95, 88, 81, 76, 91, 73, 72, 79, 70, 65, 62, 69, 60, 57, 56, 59, 63, 49, 45, 38, 33]","[33, 38, 45, 49, 63, 59, 56, 57, 60, 69, 62, 65, 70, 79, 72, 73, 91, 76, 81, 88, 95, 103, 82, 87, 84, 66, 19, 24, 67, 30, 3, 11, 94, 12, 4, 5, 28, 25, 20, 14, 0, 31, 10, 1, 9, 144, 13, 36, 34, 48, 46, 58, 105, 101, 64, 37, 35, 26, 118, 102, 115, 107, 96, 114, 120, 97, 134]",complete,3108,3108,4301,2918,6481,211,6270,2000,2,122,122,27,27,26,28
2,453,43,84,65,"[2, 6, 7, 8, 15, 16, 17, 18, 21, 22, 23, 27, 29, 32, 39, 40, 41, 42, 43, 44, 47, 50, 51, 52, 53, 54, 55, 61, 68, 71, 74, 75, 77, 78, 80, 83, 85, 86, 89, 90, 92, 93, 97, 98, 99, 100, 104, 106, 108, 109, 110, 111, 112, 116, 117, 119, 121, 122, 123, 124, 125, 126, 127, 128, 129, 130, 131, 132, 133, 134, 135, 136, 137, 138, 139, 140, 141, 142, 143, 145, 146, 147, 148, 149]","[0, 1, 3, 4, 5, 9, 10, 11, 12, 13, 14, 19, 20, 24, 25, 26, 28, 30, 31, 33, 34, 35, 36, 37, 38, 45, 46, 48, 49, 56, 57, 58, 59, 60, 62, 63, 64, 65, 66, 67, 69, 70, 72, 73, 76, 79, 81, 82, 84, 87, 88, 91, 94, 95, 96, 101, 102, 103, 105, 107, 114, 115, 118, 120, 144]","{""support_1"": 105, ""support_2"": 115}","[105, 115]",2,"[39, 2, 131, 83, 99, 61, 93, 142, 140, 85, 141, 110, 21, 15, 133, 40, 138, 98, 121, 53, 143, 44, 17, 124, 23, 145, 125, 52, 8, 75, 16, 148, 106, 100, 80, 55, 92, 149, 54, 68, 126, 127, 147, 77, 51, 104, 86, 146, 32, 47, 128, 18, 129, 130, 112, 27, 22, 90, 78, 50, 123, 42, 43, 139, 116, 7, 74, 117, 6, 41, 119, 135, 29, 71, 136, 122, 137, 132, 109, 111, 89, 108, 134, 97, 26, 120, 114, 107, 115, 118, 96, 102, 35, 37, 58, 101, 105, 94, 87, 46, 48, 34, 36, 13, 144, 1, 9, 0, 10, 14, 5, 20, 25, 4, 28, 103, 12, 95, 88, 91, 62, 82, 81, 84, 31, 11, 24, 30, 3, 19, 49, 64, 63, 60, 56, 57, 45, 38, 76, 33, 70, 69, 79, 67, 59, 66, 73, 72, 65]",True,134853223896,134.853223896,"[26, 120, 114, 107, 115, 118, 96, 102, 35, 64, 101, 105, 37, 58, 46, 48, 34, 36, 20, 25, 28, 9, 13, 144, 1, 0, 10, 5, 14, 91, 4, 12, 31, 11, 3, 30, 103, 24, 84, 94, 87, 82, 19, 95, 81, 88, 69, 63, 79, 62, 60, 59, 70, 76, 72, 66, 73, 65, 67, 57, 56, 49, 38, 45, 33]","[33, 45, 38, 49, 56, 57, 67, 65, 73, 66, 72, 76, 70, 59, 60, 62, 79, 63, 69, 88, 81, 95, 19, 82, 87, 94, 84, 24, 103, 30, 3, 11, 31, 12, 4, 91, 14, 5, 10, 0, 1, 144, 13, 9, 28, 25, 20, 36, 34, 48, 46, 58, 37, 105, 101, 64, 35, 102, 96, 118, 115, 107, 114, 120, 26]",complete,7693,7693,8730,7313,16950,637,16313,2000,2,117,117,28,28,26,28
2,453,44,86,63,"[2, 6, 7, 8, 15, 16, 17, 18, 21, 22, 23, 26, 27, 29, 32, 39, 40, 41, 42, 43, 44, 47, 50, 51, 52, 53, 54, 55, 61, 68, 71, 74, 75, 77, 78, 80, 83, 85, 86, 89, 90, 92, 93, 97, 98, 99, 100, 104, 106, 108, 109, 110, 111, 112, 116, 117, 119, 120, 121, 122, 123, 124, 125, 126, 127, 128, 129, 130, 131, 132, 133, 134, 135, 136, 137, 138, 139, 140, 141, 142, 143, 145, 146, 147, 148, 149]","[0, 1, 3, 4, 5, 9, 10, 11, 12, 13, 14, 19, 20, 24, 25, 28, 30, 31, 33, 34, 35, 36, 37, 38, 45, 46, 48, 49, 56, 57, 58, 59, 60, 62, 63, 64, 65, 66, 67, 69, 70, 72, 73, 76, 79, 81, 82, 84, 87, 88, 91, 94, 95, 96, 101, 102, 103, 105, 107, 114, 115, 118, 144]","{""support_1"": 105, ""support_2"": 115}","[105, 115]",2,"[39, 2, 131, 83, 99, 61, 93, 142, 140, 85, 141, 110, 21, 15, 133, 40, 138, 98, 121, 53, 143, 44, 17, 124, 23, 145, 125, 52, 8, 75, 16, 148, 106, 100, 80, 55, 92, 149, 54, 68, 126, 127, 147, 77, 51, 104, 86, 146, 32, 47, 128, 18, 129, 130, 112, 27, 22, 90, 78, 50, 123, 42, 43, 139, 116, 7, 74, 117, 6, 41, 119, 135, 29, 71, 136, 122, 137, 132, 109, 111, 89, 108, 134, 97, 26, 120, 114, 107, 115, 118, 96, 102, 35, 37, 58, 101, 105, 94, 87, 46, 48, 34, 36, 13, 144, 1, 9, 0, 10, 14, 5, 20, 25, 4, 28, 103, 12, 95, 88, 91, 62, 82, 81, 84, 31, 11, 24, 30, 3, 19, 49, 64, 63, 60, 56, 57, 45, 38, 76, 33, 70, 69, 79, 67, 59, 66, 73, 72, 65]",False,434810432462,434.810432462,[],[],stagnation_limit,21015,21015,21357,19995,45214,2142,43072,2000,2,31,31,8,8,6,6
2,453,45,88,61,"[2, 6, 7, 8, 15, 16, 17, 18, 21, 22, 23, 26, 27, 29, 32, 39, 40, 41, 42, 43, 44, 47, 50, 51, 52, 53, 54, 55, 61, 68, 71, 74, 75, 77, 78, 80, 83, 85, 86, 89, 90, 92, 93, 97, 98, 99, 100, 104, 106, 107, 108, 109, 110, 111, 112, 114, 116, 117, 119, 120, 121, 122, 123, 124, 125, 126, 127, 128, 129, 130, 131, 132, 133, 134, 135, 136, 137, 138, 139, 140, 141, 142, 143, 145, 146, 147, 148, 149]","[0, 1, 3, 4, 5, 9, 10, 11, 12, 13, 14, 19, 20, 24, 25, 28, 30, 31, 33, 34, 35, 36, 37, 38, 45, 46, 48, 49, 56, 57, 58, 59, 60, 62, 63, 64, 65, 66, 67, 69, 70, 72, 73, 76, 79, 81, 82, 84, 87, 88, 91, 94, 95, 96, 101, 102, 103, 105, 115, 118, 144]","{""support_1"": 105, ""support_2"": 115}","[105, 115]",2,"[39, 2, 131, 83, 99, 61, 93, 142, 140, 85, 141, 110, 21, 15, 133, 40, 138, 98, 121, 53, 143, 44, 17, 124, 23, 145, 125, 52, 8, 75, 16, 148, 106, 100, 80, 55, 92, 149, 54, 68, 126, 127, 147, 77, 51, 104, 86, 146, 32, 47, 128, 18, 129, 130, 112, 27, 22, 90, 78, 50, 123, 42, 43, 139, 116, 7, 74, 117, 6, 41, 119, 135, 29, 71, 136, 122, 137, 132, 109, 111, 89, 108, 134, 97, 26, 120, 114, 107, 115, 118, 96, 102, 35, 37, 58, 101, 105, 94, 87, 46, 48, 34, 36, 13, 144, 1, 9, 0, 10, 14, 5, 20, 25, 4, 28, 103, 12, 95, 88, 91, 62, 82, 81, 84, 31, 11, 24, 30, 3, 19, 49, 64, 63, 60, 56, 57, 45, 38, 76, 33, 70, 69, 79, 67, 59, 66, 73, 72, 65]",True,30212242450,30.212242450,"[115, 118, 96, 102, 35, 37, 64, 101, 105, 58, 46, 48, 34, 36, 9, 13, 144, 1, 10, 14, 5, 20, 4, 25, 28, 91, 12, 0, 31, 11, 3, 30, 24, 94, 19, 84, 87, 82, 81, 103, 88, 62, 63, 95, 79, 69, 60, 70, 76, 59, 73, 72, 57, 56, 66, 67, 38, 49, 45, 65, 33]","[33, 65, 45, 49, 38, 67, 66, 56, 57, 72, 73, 59, 76, 70, 60, 69, 79, 95, 63, 62, 88, 103, 81, 82, 87, 84, 19, 94, 24, 30, 3, 11, 31, 0, 12, 91, 28, 25, 4, 20, 5, 14, 10, 1, 144, 13, 9, 36, 34, 48, 46, 58, 105, 101, 64, 37, 35, 102, 96, 118, 115]",complete,1493,1493,2404,1408,3382,62,3320,2000,2,110,110,26,26,25,27
2,453,46,90,59,"[2, 6, 7, 8, 15, 16, 17, 18, 21, 22, 23, 26, 27, 29, 32, 39, 40, 41, 42, 43, 44, 47, 50, 51, 52, 53, 54, 55, 61, 68, 71, 74, 75, 77, 78, 80, 83, 85, 86, 89, 90, 92, 93, 97, 98, 99, 100, 104, 106, 107, 108, 109, 110, 111, 112, 114, 115, 116, 117, 118, 119, 120, 121, 122, 123, 124, 125, 126, 127, 128, 129, 130, 131, 132, 133, 134, 135, 136, 137, 138, 139, 140, 141, 142, 143, 145, 146, 147, 148, 149]","[0, 1, 3, 4, 5, 9, 10, 11, 12, 13, 14, 19, 20, 24, 25, 28, 30, 31, 33, 34, 35, 36, 37, 38, 45, 46, 48, 49, 56, 57, 58, 59, 60, 62, 63, 64, 65, 66, 67, 69, 70, 72, 73, 76, 79, 81, 82, 84, 87, 88, 91, 94, 95, 96, 101, 102, 103, 105, 144]","{""support_1"": 105, ""support_2"": 96}","[96, 105]",2,"[39, 2, 131, 83, 99, 61, 93, 142, 140, 85, 141, 110, 21, 15, 133, 40, 138, 98, 121, 53, 143, 44, 17, 124, 23, 145, 125, 52, 8, 75, 16, 148, 106, 100, 80, 55, 92, 149, 54, 68, 126, 127, 147, 77, 51, 104, 86, 146, 32, 47, 128, 18, 129, 130, 112, 27, 22, 90, 78, 50, 123, 42, 43, 139, 116, 7, 74, 117, 6, 41, 119, 135, 29, 71, 136, 122, 137, 132, 109, 111, 89, 108, 134, 97, 26, 120, 114, 107, 115, 118, 96, 102, 35, 37, 58, 101, 105, 94, 87, 46, 48, 34, 36, 13, 144, 1, 9, 0, 10, 14, 5, 20, 25, 4, 28, 103, 12, 95, 88, 91, 62, 82, 81, 84, 31, 11, 24, 30, 3, 19, 49, 64, 63, 60, 56, 57, 45, 38, 76, 33, 70, 69, 79, 67, 59, 66, 73, 72, 65]",True,521537718915,521.537718915,"[96, 102, 105, 64, 101, 31, 9, 13, 144, 1, 10, 5, 4, 14, 30, 0, 11, 3, 12, 28, 84, 24, 36, 25, 20, 19, 35, 37, 34, 63, 48, 46, 58, 94, 87, 103, 95, 82, 81, 88, 79, 69, 91, 62, 60, 59, 70, 76, 72, 66, 73, 65, 67, 49, 57, 38, 45, 33, 56]","[56, 33, 45, 38, 57, 49, 67, 65, 73, 66, 72, 76, 70, 59, 60, 62, 91, 69, 79, 88, 81, 82, 95, 103, 87, 94, 58, 46, 48, 63, 34, 37, 35, 19, 20, 25, 36, 24, 84, 28, 12, 3, 11, 0, 30, 14, 4, 5, 10, 1, 144, 13, 9, 31, 101, 64, 105, 102, 96]",complete,25865,25865,26767,24834,54200,2289,51911,2000,2,106,106,23,23,22,24
2,453,47,92,57,"[2, 6, 7, 8, 15, 16, 17, 18, 21, 22, 23, 26, 27, 29, 32, 39, 40, 41, 42, 43, 44, 47, 50, 51, 52, 53, 54, 55, 61, 68, 71, 74, 75, 77, 78, 80, 83, 85, 86, 89, 90, 92, 93, 96, 97, 98, 99, 100, 102, 104, 106, 107, 108, 109, 110, 111, 112, 114, 115, 116, 117, 118, 119, 120, 121, 122, 123, 124, 125, 126, 127, 128, 129, 130, 131, 132, 133, 134, 135, 136, 137, 138, 139, 140, 141, 142, 143, 145, 146, 147, 148, 149]","[0, 1, 3, 4, 5, 9, 10, 11, 12, 13, 14, 19, 20, 24, 25, 28, 30, 31, 33, 34, 35, 36, 37, 38, 45, 46, 48, 49, 56, 57, 58, 59, 60, 62, 63, 64, 65, 66, 67, 69, 70, 72, 73, 76, 79, 81, 82, 84, 87, 88, 91, 94, 95, 101, 103, 105, 144]","{""support_1"": 105}",[105],1,"[39, 2, 131, 83, 99, 61, 93, 142, 140, 85, 141, 110, 21, 15, 133, 40, 138, 98, 121, 53, 143, 44, 17, 124, 23, 145, 125, 52, 8, 75, 16, 148, 106, 100, 80, 55, 92, 149, 54, 68, 126, 127, 147, 77, 51, 104, 86, 146, 32, 47, 128, 18, 129, 130, 112, 27, 22, 90, 78, 50, 123, 42, 43, 139, 116, 7, 74, 117, 6, 41, 119, 135, 29, 71, 136, 122, 137, 132, 109, 111, 89, 108, 134, 97, 26, 120, 114, 107, 115, 118, 96, 102, 35, 37, 58, 101, 105, 94, 87, 46, 48, 34, 36, 13, 144, 1, 9, 0, 10, 14, 5, 20, 25, 4, 28, 103, 12, 95, 88, 91, 62, 82, 81, 84, 31, 11, 24, 30, 3, 19, 49, 64, 63, 60, 56, 57, 45, 38, 76, 33, 70, 69, 79, 67, 59, 66, 73, 72, 65]",True,146968286577,146.968286577,"[105, 64, 101, 63, 79, 69, 76, 70, 57, 60, 59, 62, 67, 38, 56, 49, 48, 58, 46, 37, 45, 94, 66, 72, 73, 103, 87, 95, 91, 88, 82, 84, 31, 9, 13, 81, 144, 1, 65, 0, 10, 14, 20, 35, 34, 36, 5, 28, 4, 33, 25, 12, 11, 3, 30, 24, 19]","[19, 24, 30, 3, 11, 12, 25, 33, 4, 28, 5, 36, 34, 35, 20, 14, 10, 0, 65, 1, 144, 81, 13, 9, 31, 84, 82, 88, 91, 95, 87, 103, 73, 72, 66, 94, 45, 37, 46, 58, 48, 49, 56, 38, 67, 62, 59, 60, 57, 70, 76, 69, 79, 63, 101, 64, 105]",complete,7818,7818,8636,7460,15172,956,14216,2000,2,102,102,24,24,24,25
2,453,48,94,55,"[2, 6, 7, 8, 15, 16, 17, 18, 21, 22, 23, 26, 27, 29, 32, 35, 37, 39, 40, 41, 42, 43, 44, 47, 50, 51, 52, 53, 54, 55, 61, 68, 71, 74, 75, 77, 78, 80, 83, 85, 86, 89, 90, 92, 93, 96, 97, 98, 99, 100, 102, 104, 106, 107, 108, 109, 110, 111, 112, 114, 115, 116, 117, 118, 119, 120, 121, 122, 123, 124, 125, 126, 127, 128, 129, 130, 131, 132, 133, 134, 135, 136, 137, 138, 139, 140, 141, 142, 143, 145, 146, 147, 148, 149]","[0, 1, 3, 4, 5, 9, 10, 11, 12, 13, 14, 19, 20, 24, 25, 28, 30, 31, 33, 34, 36, 38, 45, 46, 48, 49, 56, 57, 58, 59, 60, 62, 63, 64, 65, 66, 67, 69, 70, 72, 73, 76, 79, 81, 82, 84, 87, 88, 91, 94, 95, 101, 103, 105, 144]","{""support_1"": 105, ""support_2"": 48}","[48, 105]",2,"[39, 2, 131, 83, 99, 61, 93, 142, 140, 85, 141, 110, 21, 15, 133, 40, 138, 98, 121, 53, 143, 44, 17, 124, 23, 145, 125, 52, 8, 75, 16, 148, 106, 100, 80, 55, 92, 149, 54, 68, 126, 127, 147, 77, 51, 104, 86, 146, 32, 47, 128, 18, 129, 130, 112, 27, 22, 90, 78, 50, 123, 42, 43, 139, 116, 7, 74, 117, 6, 41, 119, 135, 29, 71, 136, 122, 137, 132, 109, 111, 89, 108, 134, 97, 26, 120, 114, 107, 115, 118, 96, 102, 35, 37, 58, 101, 105, 94, 87, 46, 48, 34, 36, 13, 144, 1, 9, 0, 10, 14, 5, 20, 25, 4, 28, 103, 12, 95, 88, 91, 62, 82, 81, 84, 31, 11, 24, 30, 3, 19, 49, 64, 63, 60, 56, 57, 45, 38, 76, 33, 70, 69, 79, 67, 59, 66, 73, 72, 65]",True,136860461731,136.860461731,"[58, 101, 105, 103, 46, 48, 34, 36, 95, 20, 25, 28, 1, 144, 13, 9, 10, 0, 31, 14, 5, 4, 12, 11, 3, 30, 84, 24, 67, 82, 94, 87, 88, 79, 64, 72, 81, 19, 91, 76, 69, 70, 66, 73, 60, 57, 65, 63, 38, 56, 62, 33, 59, 49, 45]","[45, 49, 59, 33, 62, 56, 38, 63, 65, 57, 60, 73, 66, 70, 69, 76, 91, 19, 81, 72, 64, 79, 88, 87, 94, 82, 67, 24, 84, 30, 3, 11, 12, 4, 5, 14, 31, 0, 10, 9, 13, 144, 1, 28, 25, 20, 95, 36, 34, 48, 46, 103, 105, 101, 58]",complete,8177,8177,8992,7706,16020,441,15579,2000,2,100,100,22,22,20,22
2,453,49,96,53,"[2, 6, 7, 8, 15, 16, 17, 18, 21, 22, 23, 26, 27, 29, 32, 35, 37, 39, 40, 41, 42, 43, 44, 47, 50, 51, 52, 53, 54, 55, 58, 61, 68, 71, 74, 75, 77, 78, 80, 83, 85, 86, 89, 90, 92, 93, 96, 97, 98, 99, 100, 101, 102, 104, 106, 107, 108, 109, 110, 111, 112, 114, 115, 116, 117, 118, 119, 120, 121, 122, 123, 124, 125, 126, 127, 128, 129, 130, 131, 132, 133, 134, 135, 136, 137, 138, 139, 140, 141, 142, 143, 145, 146, 147, 148, 149]","[0, 1, 3, 4, 5, 9, 10, 11, 12, 13, 14, 19, 20, 24, 25, 28, 30, 31, 33, 34, 36, 38, 45, 46, 48, 49, 56, 57, 59, 60, 62, 63, 64, 65, 66, 67, 69, 70, 72, 73, 76, 79, 81, 82, 84, 87, 88, 91, 94, 95, 103, 105, 144]","{""support_1"": 105, ""support_2"": 48}","[48, 105]",2,"[39, 2, 131, 83, 99, 61, 93, 142, 140, 85, 141, 110, 21, 15, 133, 40, 138, 98, 121, 53, 143, 44, 17, 124, 23, 145, 125, 52, 8, 75, 16, 148, 106, 100, 80, 55, 92, 149, 54, 68, 126, 127, 147, 77, 51, 104, 86, 146, 32, 47, 128, 18, 129, 130, 112, 27, 22, 90, 78, 50, 123, 42, 43, 139, 116, 7, 74, 117, 6, 41, 119, 135, 29, 71, 136, 122, 137, 132, 109, 111, 89, 108, 134, 97, 26, 120, 114, 107, 115, 118, 96, 102, 35, 37, 58, 101, 105, 94, 87, 46, 48, 34, 36, 13, 144, 1, 9, 0, 10, 14, 5, 20, 25, 4, 28, 103, 12, 95, 88, 91, 62, 82, 81, 84, 31, 11, 24, 30, 3, 19, 49, 64, 63, 60, 56, 57, 45, 38, 76, 33, 70, 69, 79, 67, 59, 66, 73, 72, 65]",False,615997489108,615.997489108,[],[],stagnation_limit,41563,41563,41797,38902,77996,3157,74839,2000,2,32,32,7,7,5,5
2,453,50,98,51,"[2, 6, 7, 8, 15, 16, 17, 18, 21, 22, 23, 26, 27, 29, 32, 35, 37, 39, 40, 41, 42, 43, 44, 47, 50, 51, 52, 53, 54, 55, 58, 61, 68, 71, 74, 75, 77, 78, 80, 83, 85, 86, 89, 90, 92, 93, 94, 96, 97, 98, 99, 100, 101, 102, 104, 105, 106, 107, 108, 109, 110, 111, 112, 114, 115, 116, 117, 118, 119, 120, 121, 122, 123, 124, 125, 126, 127, 128, 129, 130, 131, 132, 133, 134, 135, 136, 137, 138, 139, 140, 141, 142, 143, 145, 146, 147, 148, 149]","[0, 1, 3, 4, 5, 9, 10, 11, 12, 13, 14, 19, 20, 24, 25, 28, 30, 31, 33, 34, 36, 38, 45, 46, 48, 49, 56, 57, 59, 60, 62, 63, 64, 65, 66, 67, 69, 70, 72, 73, 76, 79, 81, 82, 84, 87, 88, 91, 95, 103, 144]","{""support_1"": 91, ""support_2"": 48}","[48, 91]",2,"[39, 2, 131, 83, 99, 61, 93, 142, 140, 85, 141, 110, 21, 15, 133, 40, 138, 98, 121, 53, 143, 44, 17, 124, 23, 145, 125, 52, 8, 75, 16, 148, 106, 100, 80, 55, 92, 149, 54, 68, 126, 127, 147, 77, 51, 104, 86, 146, 32, 47, 128, 18, 129, 130, 112, 27, 22, 90, 78, 50, 123, 42, 43, 139, 116, 7, 74, 117, 6, 41, 119, 135, 29, 71, 136, 122, 137, 132, 109, 111, 89, 108, 134, 97, 26, 120, 114, 107, 115, 118, 96, 102, 35, 37, 58, 101, 105, 94, 87, 46, 48, 34, 36, 13, 144, 1, 9, 0, 10, 14, 5, 20, 25, 4, 28, 103, 12, 95, 88, 91, 62, 82, 81, 84, 31, 11, 24, 30, 3, 19, 49, 64, 63, 60, 56, 57, 45, 38, 76, 33, 70, 69, 79, 67, 59, 66, 73, 72, 65]",True,159891004991,159.891004991,"[46, 48, 34, 36, 144, 1, 13, 87, 9, 0, 10, 14, 5, 4, 12, 20, 28, 103, 25, 95, 88, 91, 62, 82, 81, 84, 31, 24, 30, 19, 11, 64, 79, 69, 72, 76, 73, 70, 3, 66, 63, 65, 60, 67, 38, 59, 56, 57, 49, 45, 33]","[33, 45, 49, 57, 56, 59, 38, 67, 60, 65, 63, 66, 3, 70, 73, 76, 72, 69, 79, 64, 11, 19, 30, 24, 31, 84, 81, 82, 62, 91, 88, 95, 25, 103, 28, 20, 12, 4, 5, 14, 10, 0, 9, 87, 13, 1, 144, 36, 34, 48, 46]",complete,10035,10035,10696,9456,19782,702,19080,2000,2,92,92,23,23,21,23
2,453,51,100,49,"[2, 6, 7, 8, 15, 16, 17, 18, 21, 22, 23, 26, 27, 29, 32, 35, 37, 39, 40, 41, 42, 43, 44, 46, 47, 50, 51, 52, 53, 54, 55, 58, 61, 68, 71, 74, 75, 77, 78, 80, 83, 85, 86, 87, 89, 90, 92, 93, 94, 96, 97, 98, 99, 100, 101, 102, 104, 105, 106, 107, 108, 109, 110, 111, 112, 114, 115, 116, 117, 118, 119, 120, 121, 122, 123, 124, 125, 126, 127, 128, 129, 130, 131, 132, 133, 134, 135, 136, 137, 138, 139, 140, 141, 142, 143, 145, 146, 147, 148, 149]","[0, 1, 3, 4, 5, 9, 10, 11, 12, 13, 14, 19, 20, 24, 25, 28, 30, 31, 33, 34, 36, 38, 45, 48, 49, 56, 57, 59, 60, 62, 63, 64, 65, 66, 67, 69, 70, 72, 73, 76, 79, 81, 82, 84, 88, 91, 95, 103, 144]","{""support_1"": 91, ""support_2"": 48}","[48, 91]",2,"[39, 2, 131, 83, 99, 61, 93, 142, 140, 85, 141, 110, 21, 15, 133, 40, 138, 98, 121, 53, 143, 44, 17, 124, 23, 145, 125, 52, 8, 75, 16, 148, 106, 100, 80, 55, 92, 149, 54, 68, 126, 127, 147, 77, 51, 104, 86, 146, 32, 47, 128, 18, 129, 130, 112, 27, 22, 90, 78, 50, 123, 42, 43, 139, 116, 7, 74, 117, 6, 41, 119, 135, 29, 71, 136, 122, 137, 132, 109, 111, 89, 108, 134, 97, 26, 120, 114, 107, 115, 118, 96, 102, 35, 37, 58, 101, 105, 94, 87, 46, 48, 34, 36, 13, 144, 1, 9, 0, 10, 14, 5, 20, 25, 4, 28, 103, 12, 95, 88, 91, 62, 82, 81, 84, 31, 11, 24, 30, 3, 19, 49, 64, 63, 60, 56, 57, 45, 38, 76, 33, 70, 69, 79, 67, 59, 66, 73, 72, 65]",True,34316502632,34.316502632,"[48, 34, 36, 14, 144, 1, 9, 0, 10, 31, 13, 20, 25, 28, 5, 4, 12, 103, 95, 11, 30, 24, 88, 91, 57, 19, 84, 3, 82, 72, 79, 81, 64, 67, 66, 73, 65, 63, 38, 56, 33, 76, 69, 62, 70, 49, 45, 60, 59]","[59, 60, 45, 49, 70, 62, 69, 76, 33, 56, 38, 63, 65, 73, 66, 67, 64, 81, 79, 72, 82, 3, 84, 19, 57, 91, 88, 24, 30, 11, 95, 103, 12, 4, 5, 28, 25, 20, 13, 31, 10, 0, 9, 1, 144, 14, 36, 34, 48]",complete,2372,2372,2989,2219,4631,128,4503,2000,2,91,91,21,21,20,22
2,453,52,102,47,"[2, 6, 7, 8, 15, 16, 17, 18, 21, 22, 23, 26, 27, 29, 32, 34, 35, 37, 39, 40, 41, 42, 43, 44, 46, 47, 48, 50, 51, 52, 53, 54, 55, 58, 61, 68, 71, 74, 75, 77, 78, 80, 83, 85, 86, 87, 89, 90, 92, 93, 94, 96, 97, 98, 99, 100, 101, 102, 104, 105, 106, 107, 108, 109, 110, 111, 112, 114, 115, 116, 117, 118, 119, 120, 121, 122, 123, 124, 125, 126, 127, 128, 129, 130, 131, 132, 133, 134, 135, 136, 137, 138, 139, 140, 141, 142, 143, 145, 146, 147, 148, 149]","[0, 1, 3, 4, 5, 9, 10, 11, 12, 13, 14, 19, 20, 24, 25, 28, 30, 31, 33, 36, 38, 45, 49, 56, 57, 59, 60, 62, 63, 64, 65, 66, 67, 69, 70, 72, 73, 76, 79, 81, 82, 84, 88, 91, 95, 103, 144]","{""support_1"": 91, ""support_2"": 36}","[36, 91]",2,"[39, 2, 131, 83, 99, 61, 93, 142, 140, 85, 141, 110, 21, 15, 133, 40, 138, 98, 121, 53, 143, 44, 17, 124, 23, 145, 125, 52, 8, 75, 16, 148, 106, 100, 80, 55, 92, 149, 54, 68, 126, 127, 147, 77, 51, 104, 86, 146, 32, 47, 128, 18, 129, 130, 112, 27, 22, 90, 78, 50, 123, 42, 43, 139, 116, 7, 74, 117, 6, 41, 119, 135, 29, 71, 136, 122, 137, 132, 109, 111, 89, 108, 134, 97, 26, 120, 114, 107, 115, 118, 96, 102, 35, 37, 58, 101, 105, 94, 87, 46, 48, 34, 36, 13, 144, 1, 9, 0, 10, 14, 5, 20, 25, 4, 28, 103, 12, 95, 88, 91, 62, 82, 81, 84, 31, 11, 24, 30, 3, 19, 49, 64, 63, 60, 56, 57, 45, 38, 76, 33, 70, 69, 79, 67, 59, 66, 73, 72, 65]",True,54383425331,54.383425331,"[36, 20, 25, 28, 14, 9, 144, 1, 10, 13, 31, 0, 5, 4, 12, 11, 3, 30, 103, 24, 95, 19, 88, 91, 82, 64, 84, 66, 81, 79, 67, 72, 73, 65, 62, 76, 69, 70, 60, 63, 57, 56, 59, 49, 38, 45, 33]","[33, 45, 38, 49, 59, 56, 57, 63, 60, 70, 69, 76, 62, 65, 73, 72, 67, 79, 81, 66, 84, 64, 82, 91, 88, 19, 95, 24, 103, 30, 3, 11, 12, 4, 5, 0, 31, 13, 10, 1, 144, 9, 14, 28, 25, 20, 36]",complete,3635,3635,4193,3427,7020,237,6783,2000,2,85,85,18,18,17,19
2,453,53,104,45,"[2, 6, 7, 8, 13, 15, 16, 17, 18, 21, 22, 23, 26, 27, 29, 32, 34, 35, 36, 37, 39, 40, 41, 42, 43, 44, 46, 47, 48, 50, 51, 52, 53, 54, 55, 58, 61, 68, 71, 74, 75, 77, 78, 80, 83, 85, 86, 87, 89, 90, 92, 93, 94, 96, 97, 98, 99, 100, 101, 102, 104, 105, 106, 107, 108, 109, 110, 111, 112, 114, 115, 116, 117, 118, 119, 120, 121, 122, 123, 124, 125, 126, 127, 128, 129, 130, 131, 132, 133, 134, 135, 136, 137, 138, 139, 140, 141, 142, 143, 145, 146, 147, 148, 149]","[0, 1, 3, 4, 5, 9, 10, 11, 12, 14, 19, 20, 24, 25, 28, 30, 31, 33, 38, 45, 49, 56, 57, 59, 60, 62, 63, 64, 65, 66, 67, 69, 70, 72, 73, 76, 79, 81, 82, 84, 88, 91, 95, 103, 144]","{""support_1"": 91, ""support_2"": 10}","[10, 91]",2,"[39, 2, 131, 83, 99, 61, 93, 142, 140, 85, 141, 110, 21, 15, 133, 40, 138, 98, 121, 53, 143, 44, 17, 124, 23, 145, 125, 52, 8, 75, 16, 148, 106, 100, 80, 55, 92, 149, 54, 68, 126, 127, 147, 77, 51, 104, 86, 146, 32, 47, 128, 18, 129, 130, 112, 27, 22, 90, 78, 50, 123, 42, 43, 139, 116, 7, 74, 117, 6, 41, 119, 135, 29, 71, 136, 122, 137, 132, 109, 111, 89, 108, 134, 97, 26, 120, 114, 107, 115, 118, 96, 102, 35, 37, 58, 101, 105, 94, 87, 46, 48, 34, 36, 13, 144, 1, 9, 0, 10, 14, 5, 20, 25, 4, 28, 103, 12, 95, 88, 91, 62, 82, 81, 84, 31, 11, 24, 30, 3, 19, 49, 64, 63, 60, 56, 57, 45, 38, 76, 33, 70, 69, 79, 67, 59, 66, 73, 72, 65]",True,5082396136,5.082396136,"[144, 1, 9, 0, 10, 14, 5, 20, 25, 4, 28, 103, 12, 31, 95, 11, 30, 24, 88, 91, 64, 19, 3, 84, 82, 72, 76, 73, 79, 62, 81, 66, 63, 69, 60, 67, 65, 49, 59, 56, 57, 70, 45, 38, 33]","[33, 38, 45, 70, 57, 56, 59, 49, 65, 67, 60, 69, 63, 66, 81, 62, 79, 73, 76, 72, 82, 84, 3, 19, 64, 91, 88, 24, 30, 11, 95, 31, 12, 103, 28, 4, 25, 20, 5, 14, 10, 0, 9, 1, 144]",complete,406,406,977,354,842,1,841,841,2,83,83,21,21,19,21
2,453,54,106,43,"[1, 2, 6, 7, 8, 13, 15, 16, 17, 18, 21, 22, 23, 26, 27, 29, 32, 34, 35, 36, 37, 39, 40, 41, 42, 43, 44, 46, 47, 48, 50, 51, 52, 53, 54, 55, 58, 61, 68, 71, 74, 75, 77, 78, 80, 83, 85, 86, 87, 89, 90, 92, 93, 94, 96, 97, 98, 99, 100, 101, 102, 104, 105, 106, 107, 108, 109, 110, 111, 112, 114, 115, 116, 117, 118, 119, 120, 121, 122, 123, 124, 125, 126, 127, 128, 129, 130, 131, 132, 133, 134, 135, 136, 137, 138, 139, 140, 141, 142, 143, 144, 145, 146, 147, 148, 149]","[0, 3, 4, 5, 9, 10, 11, 12, 14, 19, 20, 24, 25, 28, 30, 31, 33, 38, 45, 49, 56, 57, 59, 60, 62, 63, 64, 65, 66, 67, 69, 70, 72, 73, 76, 79, 81, 82, 84, 88, 91, 95, 103]","{""support_1"": 91, ""support_2"": 10}","[10, 91]",2,"[39, 2, 131, 83, 99, 61, 93, 142, 140, 85, 141, 110, 21, 15, 133, 40, 138, 98, 121, 53, 143, 44, 17, 124, 23, 145, 125, 52, 8, 75, 16, 148, 106, 100, 80, 55, 92, 149, 54, 68, 126, 127, 147, 77, 51, 104, 86, 146, 32, 47, 128, 18, 129, 130, 112, 27, 22, 90, 78, 50, 123, 42, 43, 139, 116, 7, 74, 117, 6, 41, 119, 135, 29, 71, 136, 122, 137, 132, 109, 111, 89, 108, 134, 97, 26, 120, 114, 107, 115, 118, 96, 102, 35, 37, 58, 101, 105, 94, 87, 46, 48, 34, 36, 13, 144, 1, 9, 0, 10, 14, 5, 20, 25, 4, 28, 103, 12, 95, 88, 91, 62, 82, 81, 84, 31, 11, 24, 30, 3, 19, 49, 64, 63, 60, 56, 57, 45, 38, 76, 33, 70, 69, 79, 67, 59, 66, 73, 72, 65]",True,5105009091,5.105009091,"[9, 0, 10, 14, 5, 20, 25, 4, 28, 103, 12, 31, 95, 11, 30, 24, 88, 91, 64, 19, 3, 84, 82, 72, 76, 73, 79, 62, 81, 66, 63, 69, 60, 67, 65, 49, 59, 56, 57, 70, 45, 38, 33]","[33, 38, 45, 70, 57, 56, 59, 49, 65, 67, 60, 69, 63, 66, 81, 62, 79, 73, 76, 72, 82, 84, 3, 19, 64, 91, 88, 24, 30, 11, 95, 31, 12, 103, 28, 4, 25, 20, 5, 14, 10, 0, 9]",complete,386,386,906,336,822,1,821,821,2,79,79,21,21,19,21
2,453,55,108,41,"[0, 1, 2, 6, 7, 8, 9, 13, 15, 16, 17, 18, 21, 22, 23, 26, 27, 29, 32, 34, 35, 36, 37, 39, 40, 41, 42, 43, 44, 46, 47, 48, 50, 51, 52, 53, 54, 55, 58, 61, 68, 71, 74, 75, 77, 78, 80, 83, 85, 86, 87, 89, 90, 92, 93, 94, 96, 97, 98, 99, 100, 101, 102, 104, 105, 106, 107, 108, 109, 110, 111, 112, 114, 115, 116, 117, 118, 119, 120, 121, 122, 123, 124, 125, 126, 127, 128, 129, 130, 131, 132, 133, 134, 135, 136, 137, 138, 139, 140, 141, 142, 143, 144, 145, 146, 147, 148, 149]","[3, 4, 5, 10, 11, 12, 14, 19, 20, 24, 25, 28, 30, 31, 33, 38, 45, 49, 56, 57, 59, 60, 62, 63, 64, 65, 66, 67, 69, 70, 72, 73, 76, 79, 81, 82, 84, 88, 91, 95, 103]","{""support_1"": 91, ""support_2"": 10}","[10, 91]",2,"[39, 2, 131, 83, 99, 61, 93, 142, 140, 85, 141, 110, 21, 15, 133, 40, 138, 98, 121, 53, 143, 44, 17, 124, 23, 145, 125, 52, 8, 75, 16, 148, 106, 100, 80, 55, 92, 149, 54, 68, 126, 127, 147, 77, 51, 104, 86, 146, 32, 47, 128, 18, 129, 130, 112, 27, 22, 90, 78, 50, 123, 42, 43, 139, 116, 7, 74, 117, 6, 41, 119, 135, 29, 71, 136, 122, 137, 132, 109, 111, 89, 108, 134, 97, 26, 120, 114, 107, 115, 118, 96, 102, 35, 37, 58, 101, 105, 94, 87, 46, 48, 34, 36, 13, 144, 1, 9, 0, 10, 14, 5, 20, 25, 4, 28, 103, 12, 95, 88, 91, 62, 82, 81, 84, 31, 11, 24, 30, 3, 19, 49, 64, 63, 60, 56, 57, 45, 38, 76, 33, 70, 69, 79, 67, 59, 66, 73, 72, 65]",True,5071183920,5.071183920,"[10, 14, 5, 20, 25, 4, 28, 103, 12, 31, 95, 11, 30, 24, 88, 91, 64, 19, 3, 84, 82, 72, 76, 73, 79, 62, 81, 66, 63, 69, 60, 67, 65, 49, 59, 56, 57, 70, 45, 38, 33]","[33, 38, 45, 70, 57, 56, 59, 49, 65, 67, 60, 69, 63, 66, 81, 62, 79, 73, 76, 72, 82, 84, 3, 19, 64, 91, 88, 24, 30, 11, 95, 31, 12, 103, 28, 4, 25, 20, 5, 14, 10]",complete,375,375,838,327,811,1,810,810,2,75,75,20,20,19,21
2,453,56,110,39,"[0, 1, 2, 6, 7, 8, 9, 10, 13, 14, 15, 16, 17, 18, 21, 22, 23, 26, 27, 29, 32, 34, 35, 36, 37, 39, 40, 41, 42, 43, 44, 46, 47, 48, 50, 51, 52, 53, 54, 55, 58, 61, 68, 71, 74, 75, 77, 78, 80, 83, 85, 86, 87, 89, 90, 92, 93, 94, 96, 97, 98, 99, 100, 101, 102, 104, 105, 106, 107, 108, 109, 110, 111, 112, 114, 115, 116, 117, 118, 119, 120, 121, 122, 123, 124, 125, 126, 127, 128, 129, 130, 131, 132, 133, 134, 135, 136, 137, 138, 139, 140, 141, 142, 143, 144, 145, 146, 147, 148, 149]","[3, 4, 5, 11, 12, 19, 20, 24, 25, 28, 30, 31, 33, 38, 45, 49, 56, 57, 59, 60, 62, 63, 64, 65, 66, 67, 69, 70, 72, 73, 76, 79, 81, 82, 84, 88, 91, 95, 103]","{""support_1"": 91, ""support_2"": 25}","[25, 91]",2,"[39, 2, 131, 83, 99, 61, 93, 142, 140, 85, 141, 110, 21, 15, 133, 40, 138, 98, 121, 53, 143, 44, 17, 124, 23, 145, 125, 52, 8, 75, 16, 148, 106, 100, 80, 55, 92, 149, 54, 68, 126, 127, 147, 77, 51, 104, 86, 146, 32, 47, 128, 18, 129, 130, 112, 27, 22, 90, 78, 50, 123, 42, 43, 139, 116, 7, 74, 117, 6, 41, 119, 135, 29, 71, 136, 122, 137, 132, 109, 111, 89, 108, 134, 97, 26, 120, 114, 107, 115, 118, 96, 102, 35, 37, 58, 101, 105, 94, 87, 46, 48, 34, 36, 13, 144, 1, 9, 0, 10, 14, 5, 20, 25, 4, 28, 103, 12, 95, 88, 91, 62, 82, 81, 84, 31, 11, 24, 30, 3, 19, 49, 64, 63, 60, 56, 57, 45, 38, 76, 33, 70, 69, 79, 67, 59, 66, 73, 72, 65]",True,4569143379,4.569143379,"[5, 20, 25, 4, 28, 103, 12, 31, 95, 11, 30, 24, 88, 91, 84, 3, 19, 82, 72, 64, 76, 73, 62, 79, 69, 81, 66, 63, 60, 67, 59, 70, 65, 57, 56, 49, 45, 38, 33]","[33, 38, 45, 49, 56, 57, 65, 70, 59, 67, 60, 63, 66, 81, 69, 79, 62, 73, 76, 64, 72, 82, 19, 3, 84, 91, 88, 24, 30, 11, 95, 31, 12, 103, 28, 4, 25, 20, 5]",complete,357,357,769,311,755,1,754,754,2,69,69,18,18,16,18
2,453,57,112,37,"[0, 1, 2, 5, 6, 7, 8, 9, 10, 13, 14, 15, 16, 17, 18, 20, 21, 22, 23, 26, 27, 29, 32, 34, 35, 36, 37, 39, 40, 41, 42, 43, 44, 46, 47, 48, 50, 51, 52, 53, 54, 55, 58, 61, 68, 71, 74, 75, 77, 78, 80, 83, 85, 86, 87, 89, 90, 92, 93, 94, 96, 97, 98, 99, 100, 101, 102, 104, 105, 106, 107, 108, 109, 110, 111, 112, 114, 115, 116, 117, 118, 119, 120, 121, 122, 123, 124, 125, 126, 127, 128, 129, 130, 131, 132, 133, 134, 135, 136, 137, 138, 139, 140, 141, 142, 143, 144, 145, 146, 147, 148, 149]","[3, 4, 11, 12, 19, 24, 25, 28, 30, 31, 33, 38, 45, 49, 56, 57, 59, 60, 62, 63, 64, 65, 66, 67, 69, 70, 72, 73, 76, 79, 81, 82, 84, 88, 91, 95, 103]","{""support_1"": 91, ""support_2"": 25}","[25, 91]",2,"[39, 2, 131, 83, 99, 61, 93, 142, 140, 85, 141, 110, 21, 15, 133, 40, 138, 98, 121, 53, 143, 44, 17, 124, 23, 145, 125, 52, 8, 75, 16, 148, 106, 100, 80, 55, 92, 149, 54, 68, 126, 127, 147, 77, 51, 104, 86, 146, 32, 47, 128, 18, 129, 130, 112, 27, 22, 90, 78, 50, 123, 42, 43, 139, 116, 7, 74, 117, 6, 41, 119, 135, 29, 71, 136, 122, 137, 132, 109, 111, 89, 108, 134, 97, 26, 120, 114, 107, 115, 118, 96, 102, 35, 37, 58, 101, 105, 94, 87, 46, 48, 34, 36, 13, 144, 1, 9, 0, 10, 14, 5, 20, 25, 4, 28, 103, 12, 95, 88, 91, 62, 82, 81, 84, 31, 11, 24, 30, 3, 19, 49, 64, 63, 60, 56, 57, 45, 38, 76, 33, 70, 69, 79, 67, 59, 66, 73, 72, 65]",True,1822325681,1.822325681,"[25, 4, 28, 103, 95, 12, 31, 11, 30, 24, 88, 91, 64, 3, 84, 82, 62, 79, 72, 81, 19, 69, 49, 57, 45, 56, 73, 76, 70, 63, 60, 38, 33, 67, 59, 66, 65]","[65, 66, 59, 67, 33, 38, 60, 63, 70, 76, 73, 56, 45, 57, 49, 69, 19, 81, 72, 79, 62, 82, 84, 3, 64, 91, 88, 24, 30, 11, 31, 12, 95, 103, 28, 4, 25]",complete,161,161,543,124,375,0,375,375,2,64,64,17,17,16,18
2,453,58,114,35,"[0, 1, 2, 4, 5, 6, 7, 8, 9, 10, 13, 14, 15, 16, 17, 18, 20, 21, 22, 23, 25, 26, 27, 29, 32, 34, 35, 36, 37, 39, 40, 41, 42, 43, 44, 46, 47, 48, 50, 51, 52, 53, 54, 55, 58, 61, 68, 71, 74, 75, 77, 78, 80, 83, 85, 86, 87, 89, 90, 92, 93, 94, 96, 97, 98, 99, 100, 101, 102, 104, 105, 106, 107, 108, 109, 110, 111, 112, 114, 115, 116, 117, 118, 119, 120, 121, 122, 123, 124, 125, 126, 127, 128, 129, 130, 131, 132, 133, 134, 135, 136, 137, 138, 139, 140, 141, 142, 143, 144, 145, 146, 147, 148, 149]","[3, 11, 12, 19, 24, 28, 30, 31, 33, 38, 45, 49, 56, 57, 59, 60, 62, 63, 64, 65, 66, 67, 69, 70, 72, 73, 76, 79, 81, 82, 84, 88, 91, 95, 103]","{""support_1"": 91, ""support_2"": 28}","[28, 91]",2,"[39, 2, 131, 83, 99, 61, 93, 142, 140, 85, 141, 110, 21, 15, 133, 40, 138, 98, 121, 53, 143, 44, 17, 124, 23, 145, 125, 52, 8, 75, 16, 148, 106, 100, 80, 55, 92, 149, 54, 68, 126, 127, 147, 77, 51, 104, 86, 146, 32, 47, 128, 18, 129, 130, 112, 27, 22, 90, 78, 50, 123, 42, 43, 139, 116, 7, 74, 117, 6, 41, 119, 135, 29, 71, 136, 122, 137, 132, 109, 111, 89, 108, 134, 97, 26, 120, 114, 107, 115, 118, 96, 102, 35, 37, 58, 101, 105, 94, 87, 46, 48, 34, 36, 13, 144, 1, 9, 0, 10, 14, 5, 20, 25, 4, 28, 103, 12, 95, 88, 91, 62, 82, 81, 84, 31, 11, 24, 30, 3, 19, 49, 64, 63, 60, 56, 57, 45, 38, 76, 33, 70, 69, 79, 67, 59, 66, 73, 72, 65]",True,2198661077,2.198661077,"[28, 103, 12, 31, 95, 11, 30, 24, 88, 91, 84, 3, 19, 82, 72, 64, 76, 73, 62, 79, 81, 63, 69, 66, 60, 67, 65, 49, 59, 56, 57, 70, 45, 38, 33]","[33, 38, 45, 70, 57, 56, 59, 49, 65, 67, 60, 66, 69, 63, 81, 79, 62, 73, 76, 64, 72, 82, 19, 3, 84, 91, 88, 24, 30, 11, 95, 31, 12, 103, 28]",complete,212,212,538,175,436,0,436,436,2,63,63,16,16,15,17
2,453,59,116,33,"[0, 1, 2, 4, 5, 6, 7, 8, 9, 10, 13, 14, 15, 16, 17, 18, 20, 21, 22, 23, 25, 26, 27, 28, 29, 32, 34, 35, 36, 37, 39, 40, 41, 42, 43, 44, 46, 47, 48, 50, 51, 52, 53, 54, 55, 58, 61, 68, 71, 74, 75, 77, 78, 80, 83, 85, 86, 87, 89, 90, 92, 93, 94, 96, 97, 98, 99, 100, 101, 102, 103, 104, 105, 106, 107, 108, 109, 110, 111, 112, 114, 115, 116, 117, 118, 119, 120, 121, 122, 123, 124, 125, 126, 127, 128, 129, 130, 131, 132, 133, 134, 135, 136, 137, 138, 139, 140, 141, 142, 143, 144, 145, 146, 147, 148, 149]","[3, 11, 12, 19, 24, 30, 31, 33, 38, 45, 49, 56, 57, 59, 60, 62, 63, 64, 65, 66, 67, 69, 70, 72, 73, 76, 79, 81, 82, 84, 88, 91, 95]","{""support_1"": 91, ""support_2"": 12}","[12, 91]",2,"[39, 2, 131, 83, 99, 61, 93, 142, 140, 85, 141, 110, 21, 15, 133, 40, 138, 98, 121, 53, 143, 44, 17, 124, 23, 145, 125, 52, 8, 75, 16, 148, 106, 100, 80, 55, 92, 149, 54, 68, 126, 127, 147, 77, 51, 104, 86, 146, 32, 47, 128, 18, 129, 130, 112, 27, 22, 90, 78, 50, 123, 42, 43, 139, 116, 7, 74, 117, 6, 41, 119, 135, 29, 71, 136, 122, 137, 132, 109, 111, 89, 108, 134, 97, 26, 120, 114, 107, 115, 118, 96, 102, 35, 37, 58, 101, 105, 94, 87, 46, 48, 34, 36, 13, 144, 1, 9, 0, 10, 14, 5, 20, 25, 4, 28, 103, 12, 95, 88, 91, 62, 82, 81, 84, 31, 11, 24, 30, 3, 19, 49, 64, 63, 60, 56, 57, 45, 38, 76, 33, 70, 69, 79, 67, 59, 66, 73, 72, 65]",True,1752139814,1.752139814,"[95, 12, 31, 11, 30, 24, 88, 91, 84, 3, 19, 82, 72, 63, 79, 81, 69, 76, 70, 73, 66, 62, 60, 64, 57, 59, 49, 65, 56, 38, 33, 45, 67]","[67, 45, 33, 38, 56, 65, 49, 59, 57, 64, 60, 62, 66, 73, 70, 76, 69, 81, 79, 63, 72, 82, 19, 3, 84, 91, 88, 24, 30, 11, 31, 12, 95]",complete,163,163,437,130,362,0,362,362,2,58,58,17,17,15,17
2,453,60,118,31,"[0, 1, 2, 4, 5, 6, 7, 8, 9, 10, 12, 13, 14, 15, 16, 17, 18, 20, 21, 22, 23, 25, 26, 27, 28, 29, 32, 34, 35, 36, 37, 39, 40, 41, 42, 43, 44, 46, 47, 48, 50, 51, 52, 53, 54, 55, 58, 61, 68, 71, 74, 75, 77, 78, 80, 83, 85, 86, 87, 89, 90, 92, 93, 94, 95, 96, 97, 98, 99, 100, 101, 102, 103, 104, 105, 106, 107, 108, 109, 110, 111, 112, 114, 115, 116, 117, 118, 119, 120, 121, 122, 123, 124, 125, 126, 127, 128, 129, 130, 131, 132, 133, 134, 135, 136, 137, 138, 139, 140, 141, 142, 143, 144, 145, 146, 147, 148, 149]","[3, 11, 19, 24, 30, 31, 33, 38, 45, 49, 56, 57, 59, 60, 62, 63, 64, 65, 66, 67, 69, 70, 72, 73, 76, 79, 81, 82, 84, 88, 91]","{""support_1"": 91, ""support_2"": 84}","[84, 91]",2,"[39, 2, 131, 83, 99, 61, 93, 142, 140, 85, 141, 110, 21, 15, 133, 40, 138, 98, 121, 53, 143, 44, 17, 124, 23, 145, 125, 52, 8, 75, 16, 148, 106, 100, 80, 55, 92, 149, 54, 68, 126, 127, 147, 77, 51, 104, 86, 146, 32, 47, 128, 18, 129, 130, 112, 27, 22, 90, 78, 50, 123, 42, 43, 139, 116, 7, 74, 117, 6, 41, 119, 135, 29, 71, 136, 122, 137, 132, 109, 111, 89, 108, 134, 97, 26, 120, 114, 107, 115, 118, 96, 102, 35, 37, 58, 101, 105, 94, 87, 46, 48, 34, 36, 13, 144, 1, 9, 0, 10, 14, 5, 20, 25, 4, 28, 103, 12, 95, 88, 91, 62, 82, 81, 84, 31, 11, 24, 30, 3, 19, 49, 64, 63, 60, 56, 57, 45, 38, 76, 33, 70, 69, 79, 67, 59, 66, 73, 72, 65]",True,656799483,0.656799483,"[88, 91, 79, 82, 81, 84, 24, 19, 72, 31, 11, 30, 66, 64, 73, 57, 67, 76, 62, 49, 45, 65, 3, 69, 70, 56, 38, 60, 63, 33, 59]","[59, 33, 63, 60, 38, 56, 70, 69, 3, 65, 45, 49, 62, 76, 67, 57, 73, 64, 66, 30, 11, 31, 72, 19, 24, 84, 81, 82, 79, 91, 88]",complete,101,101,386,70,160,0,160,160,2,52,52,11,11,9,11
2,453,61,120,29,"[0, 1, 2, 4, 5, 6, 7, 8, 9, 10, 12, 13, 14, 15, 16, 17, 18, 20, 21, 22, 23, 25, 26, 27, 28, 29, 32, 34, 35, 36, 37, 39, 40, 41, 42, 43, 44, 46, 47, 48, 50, 51, 52, 53, 54, 55, 58, 61, 68, 71, 74, 75, 77, 78, 80, 83, 85, 86, 87, 88, 89, 90, 91, 92, 93, 94, 95, 96, 97, 98, 99, 100, 101, 102, 103, 104, 105, 106, 107, 108, 109, 110, 111, 112, 114, 115, 116, 117, 118, 119, 120, 121, 122, 123, 124, 125, 126, 127, 128, 129, 130, 131, 132, 133, 134, 135, 136, 137, 138, 139, 140, 141, 142, 143, 144, 145, 146, 147, 148, 149]","[3, 11, 19, 24, 30, 31, 33, 38, 45, 49, 56, 57, 59, 60, 62, 63, 64, 65, 66, 67, 69, 70, 72, 73, 76, 79, 81, 82, 84]","{""support_1"": 76, ""support_2"": 84}","[76, 84]",2,"[39, 2, 131, 83, 99, 61, 93, 142, 140, 85, 141, 110, 21, 15, 133, 40, 138, 98, 121, 53, 143, 44, 17, 124, 23, 145, 125, 52, 8, 75, 16, 148, 106, 100, 80, 55, 92, 149, 54, 68, 126, 127, 147, 77, 51, 104, 86, 146, 32, 47, 128, 18, 129, 130, 112, 27, 22, 90, 78, 50, 123, 42, 43, 139, 116, 7, 74, 117, 6, 41, 119, 135, 29, 71, 136, 122, 137, 132, 109, 111, 89, 108, 134, 97, 26, 120, 114, 107, 115, 118, 96, 102, 35, 37, 58, 101, 105, 94, 87, 46, 48, 34, 36, 13, 144, 1, 9, 0, 10, 14, 5, 20, 25, 4, 28, 103, 12, 95, 88, 91, 62, 82, 81, 84, 31, 11, 24, 30, 3, 19, 49, 64, 63, 60, 56, 57, 45, 38, 76, 33, 70, 69, 79, 67, 59, 66, 73, 72, 65]",True,776362015,0.776362015,"[62, 82, 81, 84, 24, 19, 31, 11, 3, 30, 49, 64, 45, 63, 56, 57, 76, 38, 60, 33, 70, 67, 66, 79, 73, 72, 65, 69, 59]","[59, 69, 65, 72, 73, 79, 66, 67, 70, 33, 60, 38, 76, 57, 56, 63, 45, 64, 49, 30, 3, 11, 31, 19, 24, 84, 81, 82, 62]",complete,110,110,337,81,208,0,208,208,2,51,51,13,13,11,13
2,453,62,122,27,"[0, 1, 2, 4, 5, 6, 7, 8, 9, 10, 12, 13, 14, 15, 16, 17, 18, 20, 21, 22, 23, 25, 26, 27, 28, 29, 32, 34, 35, 36, 37, 39, 40, 41, 42, 43, 44, 46, 47, 48, 50, 51, 52, 53, 54, 55, 58, 61, 62, 68, 71, 74, 75, 77, 78, 80, 82, 83, 85, 86, 87, 88, 89, 90, 91, 92, 93, 94, 95, 96, 97, 98, 99, 100, 101, 102, 103, 104, 105, 106, 107, 108, 109, 110, 111, 112, 114, 115, 116, 117, 118, 119, 120, 121, 122, 123, 124, 125, 126, 127, 128, 129, 130, 131, 132, 133, 134, 135, 136, 137, 138, 139, 140, 141, 142, 143, 144, 145, 146, 147, 148, 149]","[3, 11, 19, 24, 30, 31, 33, 38, 45, 49, 56, 57, 59, 60, 63, 64, 65, 66, 67, 69, 70, 72, 73, 76, 79, 81, 84]","{""support_1"": 76, ""support_2"": 84}","[76, 84]",2,"[39, 2, 131, 83, 99, 61, 93, 142, 140, 85, 141, 110, 21, 15, 133, 40, 138, 98, 121, 53, 143, 44, 17, 124, 23, 145, 125, 52, 8, 75, 16, 148, 106, 100, 80, 55, 92, 149, 54, 68, 126, 127, 147, 77, 51, 104, 86, 146, 32, 47, 128, 18, 129, 130, 112, 27, 22, 90, 78, 50, 123, 42, 43, 139, 116, 7, 74, 117, 6, 41, 119, 135, 29, 71, 136, 122, 137, 132, 109, 111, 89, 108, 134, 97, 26, 120, 114, 107, 115, 118, 96, 102, 35, 37, 58, 101, 105, 94, 87, 46, 48, 34, 36, 13, 144, 1, 9, 0, 10, 14, 5, 20, 25, 4, 28, 103, 12, 95, 88, 91, 62, 82, 81, 84, 31, 11, 24, 30, 3, 19, 49, 64, 63, 60, 56, 57, 45, 38, 76, 33, 70, 69, 79, 67, 59, 66, 73, 72, 65]",True,405616692,0.405616692,"[81, 84, 31, 11, 24, 30, 3, 19, 49, 64, 63, 60, 56, 57, 38, 33, 76, 45, 70, 67, 66, 79, 73, 72, 65, 69, 59]","[59, 69, 65, 72, 73, 79, 66, 67, 70, 45, 76, 33, 38, 57, 56, 60, 63, 64, 49, 19, 3, 30, 24, 11, 31, 84, 81]",complete,81,81,295,54,123,0,123,123,2,45,45,13,13,11,13
2,453,63,124,25,"[0, 1, 2, 4, 5, 6, 7, 8, 9, 10, 12, 13, 14, 15, 16, 17, 18, 20, 21, 22, 23, 25, 26, 27, 28, 29, 32, 34, 35, 36, 37, 39, 40, 41, 42, 43, 44, 46, 47, 48, 50, 51, 52, 53, 54, 55, 58, 61, 62, 68, 71, 74, 75, 77, 78, 80, 81, 82, 83, 84, 85, 86, 87, 88, 89, 90, 91, 92, 93, 94, 95, 96, 97, 98, 99, 100, 101, 102, 103, 104, 105, 106, 107, 108, 109, 110, 111, 112, 114, 115, 116, 117, 118, 119, 120, 121, 122, 123, 124, 125, 126, 127, 128, 129, 130, 131, 132, 133, 134, 135, 136, 137, 138, 139, 140, 141, 142, 143, 144, 145, 146, 147, 148, 149]","[3, 11, 19, 24, 30, 31, 33, 38, 45, 49, 56, 57, 59, 60, 63, 64, 65, 66, 67, 69, 70, 72, 73, 76, 79]","{""support_1"": 76, ""support_2"": 31}","[31, 76]",2,"[39, 2, 131, 83, 99, 61, 93, 142, 140, 85, 141, 110, 21, 15, 133, 40, 138, 98, 121, 53, 143, 44, 17, 124, 23, 145, 125, 52, 8, 75, 16, 148, 106, 100, 80, 55, 92, 149, 54, 68, 126, 127, 147, 77, 51, 104, 86, 146, 32, 47, 128, 18, 129, 130, 112, 27, 22, 90, 78, 50, 123, 42, 43, 139, 116, 7, 74, 117, 6, 41, 119, 135, 29, 71, 136, 122, 137, 132, 109, 111, 89, 108, 134, 97, 26, 120, 114, 107, 115, 118, 96, 102, 35, 37, 58, 101, 105, 94, 87, 46, 48, 34, 36, 13, 144, 1, 9, 0, 10, 14, 5, 20, 25, 4, 28, 103, 12, 95, 88, 91, 62, 82, 81, 84, 31, 11, 24, 30, 3, 19, 49, 64, 63, 60, 56, 57, 45, 38, 76, 33, 70, 69, 79, 67, 59, 66, 73, 72, 65]",True,334000982,0.334000982,"[31, 11, 24, 30, 3, 19, 49, 64, 45, 63, 56, 57, 38, 67, 76, 66, 33, 60, 79, 70, 73, 72, 65, 69, 59]","[59, 69, 65, 72, 73, 70, 79, 60, 33, 66, 76, 67, 38, 57, 56, 63, 45, 64, 49, 19, 3, 30, 24, 11, 31]",complete,61,61,254,36,109,0,109,109,2,41,41,11,11,10,12
2,453,64,126,23,"[0, 1, 2, 4, 5, 6, 7, 8, 9, 10, 11, 12, 13, 14, 15, 16, 17, 18, 20, 21, 22, 23, 25, 26, 27, 28, 29, 31, 32, 34, 35, 36, 37, 39, 40, 41, 42, 43, 44, 46, 47, 48, 50, 51, 52, 53, 54, 55, 58, 61, 62, 68, 71, 74, 75, 77, 78, 80, 81, 82, 83, 84, 85, 86, 87, 88, 89, 90, 91, 92, 93, 94, 95, 96, 97, 98, 99, 100, 101, 102, 103, 104, 105, 106, 107, 108, 109, 110, 111, 112, 114, 115, 116, 117, 118, 119, 120, 121, 122, 123, 124, 125, 126, 127, 128, 129, 130, 131, 132, 133, 134, 135, 136, 137, 138, 139, 140, 141, 142, 143, 144, 145, 146, 147, 148, 149]","[3, 19, 24, 30, 33, 38, 45, 49, 56, 57, 59, 60, 63, 64, 65, 66, 67, 69, 70, 72, 73, 76, 79]","{""support_1"": 76, ""support_2"": 30}","[30, 76]",2,"[39, 2, 131, 83, 99, 61, 93, 142, 140, 85, 141, 110, 21, 15, 133, 40, 138, 98, 121, 53, 143, 44, 17, 124, 23, 145, 125, 52, 8, 75, 16, 148, 106, 100, 80, 55, 92, 149, 54, 68, 126, 127, 147, 77, 51, 104, 86, 146, 32, 47, 128, 18, 129, 130, 112, 27, 22, 90, 78, 50, 123, 42, 43, 139, 116, 7, 74, 117, 6, 41, 119, 135, 29, 71, 136, 122, 137, 132, 109, 111, 89, 108, 134, 97, 26, 120, 114, 107, 115, 118, 96, 102, 35, 37, 58, 101, 105, 94, 87, 46, 48, 34, 36, 13, 144, 1, 9, 0, 10, 14, 5, 20, 25, 4, 28, 103, 12, 95, 88, 91, 62, 82, 81, 84, 31, 11, 24, 30, 3, 19, 49, 64, 63, 60, 56, 57, 45, 38, 76, 33, 70, 69, 79, 67, 59, 66, 73, 72, 65]",True,220637671,0.220637671,"[24, 30, 3, 19, 49, 64, 63, 60, 56, 57, 45, 38, 76, 33, 70, 67, 66, 79, 73, 72, 65, 69, 59]","[59, 69, 65, 72, 73, 79, 66, 67, 70, 33, 76, 38, 45, 57, 56, 60, 63, 64, 49, 19, 3, 30, 24]",complete,40,40,216,17,72,0,72,72,2,37,37,10,10,8,10
2,453,65,128,21,"[0, 1, 2, 4, 5, 6, 7, 8, 9, 10, 11, 12, 13, 14, 15, 16, 17, 18, 20, 21, 22, 23, 24, 25, 26, 27, 28, 29, 30, 31, 32, 34, 35, 36, 37, 39, 40, 41, 42, 43, 44, 46, 47, 48, 50, 51, 52, 53, 54, 55, 58, 61, 62, 68, 71, 74, 75, 77, 78, 80, 81, 82, 83, 84, 85, 86, 87, 88, 89, 90, 91, 92, 93, 94, 95, 96, 97, 98, 99, 100, 101, 102, 103, 104, 105, 106, 107, 108, 109, 110, 111, 112, 114, 115, 116, 117, 118, 119, 120, 121, 122, 123, 124, 125, 126, 127, 128, 129, 130, 131, 132, 133, 134, 135, 136, 137, 138, 139, 140, 141, 142, 143, 144, 145, 146, 147, 148, 149]","[3, 19, 33, 38, 45, 49, 56, 57, 59, 60, 63, 64, 65, 66, 67, 69, 70, 72, 73, 76, 79]","{""support_1"": 76}",[76],1,"[39, 2, 131, 83, 99, 61, 93, 142, 140, 85, 141, 110, 21, 15, 133, 40, 138, 98, 121, 53, 143, 44, 17, 124, 23, 145, 125, 52, 8, 75, 16, 148, 106, 100, 80, 55, 92, 149, 54, 68, 126, 127, 147, 77, 51, 104, 86, 146, 32, 47, 128, 18, 129, 130, 112, 27, 22, 90, 78, 50, 123, 42, 43, 139, 116, 7, 74, 117, 6, 41, 119, 135, 29, 71, 136, 122, 137, 132, 109, 111, 89, 108, 134, 97, 26, 120, 114, 107, 115, 118, 96, 102, 35, 37, 58, 101, 105, 94, 87, 46, 48, 34, 36, 13, 144, 1, 9, 0, 10, 14, 5, 20, 25, 4, 28, 103, 12, 95, 88, 91, 62, 82, 81, 84, 31, 11, 24, 30, 3, 19, 49, 64, 63, 60, 56, 57, 45, 38, 76, 33, 70, 69, 79, 67, 59, 66, 73, 72, 65]",True,186287476,0.186287476,"[3, 19, 49, 64, 63, 60, 56, 57, 45, 38, 76, 33, 70, 67, 66, 79, 73, 72, 65, 69, 59]","[59, 69, 65, 72, 73, 79, 66, 67, 70, 33, 76, 38, 45, 57, 56, 60, 63, 64, 49, 19, 3]",complete,35,35,180,14,67,0,67,67,2,34,34,9,9,8,9
2,453,66,130,19,"[0, 1, 2, 3, 4, 5, 6, 7, 8, 9, 10, 11, 12, 13, 14, 15, 16, 17, 18, 19, 20, 21, 22, 23, 24, 25, 26, 27, 28, 29, 30, 31, 32, 34, 35, 36, 37, 39, 40, 41, 42, 43, 44, 46, 47, 48, 50, 51, 52, 53, 54, 55, 58, 61, 62, 68, 71, 74, 75, 77, 78, 80, 81, 82, 83, 84, 85, 86, 87, 88, 89, 90, 91, 92, 93, 94, 95, 96, 97, 98, 99, 100, 101, 102, 103, 104, 105, 106, 107, 108, 109, 110, 111, 112, 114, 115, 116, 117, 118, 119, 120, 121, 122, 123, 124, 125, 126, 127, 128, 129, 130, 131, 132, 133, 134, 135, 136, 137, 138, 139, 140, 141, 142, 143, 144, 145, 146, 147, 148, 149]","[33, 38, 45, 49, 56, 57, 59, 60, 63, 64, 65, 66, 67, 69, 70, 72, 73, 76, 79]","{""support_1"": 76}",[76],1,"[39, 2, 131, 83, 99, 61, 93, 142, 140, 85, 141, 110, 21, 15, 133, 40, 138, 98, 121, 53, 143, 44, 17, 124, 23, 145, 125, 52, 8, 75, 16, 148, 106, 100, 80, 55, 92, 149, 54, 68, 126, 127, 147, 77, 51, 104, 86, 146, 32, 47, 128, 18, 129, 130, 112, 27, 22, 90, 78, 50, 123, 42, 43, 139, 116, 7, 74, 117, 6, 41, 119, 135, 29, 71, 136, 122, 137, 132, 109, 111, 89, 108, 134, 97, 26, 120, 114, 107, 115, 118, 96, 102, 35, 37, 58, 101, 105, 94, 87, 46, 48, 34, 36, 13, 144, 1, 9, 0, 10, 14, 5, 20, 25, 4, 28, 103, 12, 95, 88, 91, 62, 82, 81, 84, 31, 11, 24, 30, 3, 19, 49, 64, 63, 60, 56, 57, 45, 38, 76, 33, 70, 69, 79, 67, 59, 66, 73, 72, 65]",True,173649565,0.173649565,"[49, 64, 63, 60, 56, 57, 38, 33, 76, 45, 70, 67, 66, 79, 73, 72, 65, 69, 59]","[59, 69, 65, 72, 73, 79, 66, 67, 70, 45, 76, 33, 38, 57, 56, 60, 63, 64, 49]",complete,35,35,148,16,69,0,69,69,2,32,32,10,10,9,10
2,453,67,132,17,"[0, 1, 2, 3, 4, 5, 6, 7, 8, 9, 10, 11, 12, 13, 14, 15, 16, 17, 18, 19, 20, 21, 22, 23, 24, 25, 26, 27, 28, 29, 30, 31, 32, 34, 35, 36, 37, 39, 40, 41, 42, 43, 44, 46, 47, 48, 49, 50, 51, 52, 53, 54, 55, 58, 61, 62, 64, 68, 71, 74, 75, 77, 78, 80, 81, 82, 83, 84, 85, 86, 87, 88, 89, 90, 91, 92, 93, 94, 95, 96, 97, 98, 99, 100, 101, 102, 103, 104, 105, 106, 107, 108, 109, 110, 111, 112, 114, 115, 116, 117, 118, 119, 120, 121, 122, 123, 124, 125, 126, 127, 128, 129, 130, 131, 132, 133, 134, 135, 136, 137, 138, 139, 140, 141, 142, 143, 144, 145, 146, 147, 148, 149]","[33, 38, 45, 56, 57, 59, 60, 63, 65, 66, 67, 69, 70, 72, 73, 76, 79]","{""support_1"": 76, ""support_2"": 57}","[57, 76]",2,"[39, 2, 131, 83, 99, 61, 93, 142, 140, 85, 141, 110, 21, 15, 133, 40, 138, 98, 121, 53, 143, 44, 17, 124, 23, 145, 125, 52, 8, 75, 16, 148, 106, 100, 80, 55, 92, 149, 54, 68, 126, 127, 147, 77, 51, 104, 86, 146, 32, 47, 128, 18, 129, 130, 112, 27, 22, 90, 78, 50, 123, 42, 43, 139, 116, 7, 74, 117, 6, 41, 119, 135, 29, 71, 136, 122, 137, 132, 109, 111, 89, 108, 134, 97, 26, 120, 114, 107, 115, 118, 96, 102, 35, 37, 58, 101, 105, 94, 87, 46, 48, 34, 36, 13, 144, 1, 9, 0, 10, 14, 5, 20, 25, 4, 28, 103, 12, 95, 88, 91, 62, 82, 81, 84, 31, 11, 24, 30, 3, 19, 49, 64, 63, 60, 56, 57, 45, 38, 76, 33, 70, 69, 79, 67, 59, 66, 73, 72, 65]",True,145313263,0.145313263,"[63, 60, 56, 57, 38, 33, 76, 45, 70, 67, 66, 79, 73, 72, 65, 69, 59]","[59, 69, 65, 72, 73, 79, 66, 67, 70, 45, 76, 33, 38, 57, 56, 60, 63]",complete,32,32,118,15,63,0,63,63,2,28,28,10,10,8,10
2,453,68,134,15,"[0, 1, 2, 3, 4, 5, 6, 7, 8, 9, 10, 11, 12, 13, 14, 15, 16, 17, 18, 19, 20, 21, 22, 23, 24, 25, 26, 27, 28, 29, 30, 31, 32, 34, 35, 36, 37, 39, 40, 41, 42, 43, 44, 46, 47, 48, 49, 50, 51, 52, 53, 54, 55, 58, 60, 61, 62, 63, 64, 68, 71, 74, 75, 77, 78, 80, 81, 82, 83, 84, 85, 86, 87, 88, 89, 90, 91, 92, 93, 94, 95, 96, 97, 98, 99, 100, 101, 102, 103, 104, 105, 106, 107, 108, 109, 110, 111, 112, 114, 115, 116, 117, 118, 119, 120, 121, 122, 123, 124, 125, 126, 127, 128, 129, 130, 131, 132, 133, 134, 135, 136, 137, 138, 139, 140, 141, 142, 143, 144, 145, 146, 147, 148, 149]","[33, 38, 45, 56, 57, 59, 65, 66, 67, 69, 70, 72, 73, 76, 79]","{""support_1"": 76, ""support_2"": 57}","[57, 76]",2,"[39, 2, 131, 83, 99, 61, 93, 142, 140, 85, 141, 110, 21, 15, 133, 40, 138, 98, 121, 53, 143, 44, 17, 124, 23, 145, 125, 52, 8, 75, 16, 148, 106, 100, 80, 55, 92, 149, 54, 68, 126, 127, 147, 77, 51, 104, 86, 146, 32, 47, 128, 18, 129, 130, 112, 27, 22, 90, 78, 50, 123, 42, 43, 139, 116, 7, 74, 117, 6, 41, 119, 135, 29, 71, 136, 122, 137, 132, 109, 111, 89, 108, 134, 97, 26, 120, 114, 107, 115, 118, 96, 102, 35, 37, 58, 101, 105, 94, 87, 46, 48, 34, 36, 13, 144, 1, 9, 0, 10, 14, 5, 20, 25, 4, 28, 103, 12, 95, 88, 91, 62, 82, 81, 84, 31, 11, 24, 30, 3, 19, 49, 64, 63, 60, 56, 57, 45, 38, 76, 33, 70, 69, 79, 67, 59, 66, 73, 72, 65]",True,136316686,0.136316686,"[56, 57, 38, 33, 76, 45, 70, 67, 66, 79, 73, 72, 65, 69, 59]","[59, 69, 65, 72, 73, 79, 66, 67, 70, 45, 76, 33, 38, 57, 56]",complete,30,30,91,15,60,0,60,60,2,24,24,10,10,8,10
2,453,69,136,13,"[0, 1, 2, 3, 4, 5, 6, 7, 8, 9, 10, 11, 12, 13, 14, 15, 16, 17, 18, 19, 20, 21, 22, 23, 24, 25, 26, 27, 28, 29, 30, 31, 32, 34, 35, 36, 37, 39, 40, 41, 42, 43, 44, 46, 47, 48, 49, 50, 51, 52, 53, 54, 55, 56, 57, 58, 60, 61, 62, 63, 64, 68, 71, 74, 75, 77, 78, 80, 81, 82, 83, 84, 85, 86, 87, 88, 89, 90, 91, 92, 93, 94, 95, 96, 97, 98, 99, 100, 101, 102, 103, 104, 105, 106, 107, 108, 109, 110, 111, 112, 114, 115, 116, 117, 118, 119, 120, 121, 122, 123, 124, 125, 126, 127, 128, 129, 130, 131, 132, 133, 134, 135, 136, 137, 138, 139, 140, 141, 142, 143, 144, 145, 146, 147, 148, 149]","[33, 38, 45, 59, 65, 66, 67, 69, 70, 72, 73, 76, 79]","{""support_1"": 76, ""support_2"": 67}","[67, 76]",2,"[39, 2, 131, 83, 99, 61, 93, 142, 140, 85, 141, 110, 21, 15, 133, 40, 138, 98, 121, 53, 143, 44, 17, 124, 23, 145, 125, 52, 8, 75, 16, 148, 106, 100, 80, 55, 92, 149, 54, 68, 126, 127, 147, 77, 51, 104, 86, 146, 32, 47, 128, 18, 129, 130, 112, 27, 22, 90, 78, 50, 123, 42, 43, 139, 116, 7, 74, 117, 6, 41, 119, 135, 29, 71, 136, 122, 137, 132, 109, 111, 89, 108, 134, 97, 26, 120, 114, 107, 115, 118, 96, 102, 35, 37, 58, 101, 105, 94, 87, 46, 48, 34, 36, 13, 144, 1, 9, 0, 10, 14, 5, 20, 25, 4, 28, 103, 12, 95, 88, 91, 62, 82, 81, 84, 31, 11, 24, 30, 3, 19, 49, 64, 63, 60, 56, 57, 45, 38, 76, 33, 70, 69, 79, 67, 59, 66, 73, 72, 65]",True,59021183,0.059021183,"[45, 38, 76, 33, 70, 69, 79, 67, 59, 66, 73, 72, 65]","[65, 72, 73, 66, 59, 67, 79, 69, 70, 33, 76, 38, 45]",complete,20,20,71,7,32,0,32,32,2,18,18,7,7,5,7
2,453,70,138,11,"[0, 1, 2, 3, 4, 5, 6, 7, 8, 9, 10, 11, 12, 13, 14, 15, 16, 17, 18, 19, 20, 21, 22, 23, 24, 25, 26, 27, 28, 29, 30, 31, 32, 34, 35, 36, 37, 38, 39, 40, 41, 42, 43, 44, 45, 46, 47, 48, 49, 50, 51, 52, 53, 54, 55, 56, 57, 58, 60, 61, 62, 63, 64, 68, 71, 74, 75, 77, 78, 80, 81, 82, 83, 84, 85, 86, 87, 88, 89, 90, 91, 92, 93, 94, 95, 96, 97, 98, 99, 100, 101, 102, 103, 104, 105, 106, 107, 108, 109, 110, 111, 112, 114, 115, 116, 117, 118, 119, 120, 121, 122, 123, 124, 125, 126, 127, 128, 129, 130, 131, 132, 133, 134, 135, 136, 137, 138, 139, 140, 141, 142, 143, 144, 145, 146, 147, 148, 149]","[33, 59, 65, 66, 67, 69, 70, 72, 73, 76, 79]","{""support_1"": 76, ""support_2"": 67}","[67, 76]",2,"[39, 2, 131, 83, 99, 61, 93, 142, 140, 85, 141, 110, 21, 15, 133, 40, 138, 98, 121, 53, 143, 44, 17, 124, 23, 145, 125, 52, 8, 75, 16, 148, 106, 100, 80, 55, 92, 149, 54, 68, 126, 127, 147, 77, 51, 104, 86, 146, 32, 47, 128, 18, 129, 130, 112, 27, 22, 90, 78, 50, 123, 42, 43, 139, 116, 7, 74, 117, 6, 41, 119, 135, 29, 71, 136, 122, 137, 132, 109, 111, 89, 108, 134, 97, 26, 120, 114, 107, 115, 118, 96, 102, 35, 37, 58, 101, 105, 94, 87, 46, 48, 34, 36, 13, 144, 1, 9, 0, 10, 14, 5, 20, 25, 4, 28, 103, 12, 95, 88, 91, 62, 82, 81, 84, 31, 11, 24, 30, 3, 19, 49, 64, 63, 60, 56, 57, 45, 38, 76, 33, 70, 69, 79, 67, 59, 66, 73, 72, 65]",True,50970742,0.050970742,"[76, 33, 70, 69, 79, 67, 59, 66, 73, 72, 65]","[65, 72, 73, 66, 59, 67, 79, 69, 70, 33, 76]",complete,17,17,52,6,29,0,29,29,2,14,14,6,6,5,7
2,453,71,140,9,"[0, 1, 2, 3, 4, 5, 6, 7, 8, 9, 10, 11, 12, 13, 14, 15, 16, 17, 18, 19, 20, 21, 22, 23, 24, 25, 26, 27, 28, 29, 30, 31, 32, 33, 34, 35, 36, 37, 38, 39, 40, 41, 42, 43, 44, 45, 46, 47, 48, 49, 50, 51, 52, 53, 54, 55, 56, 57, 58, 60, 61, 62, 63, 64, 68, 71, 74, 75, 76, 77, 78, 80, 81, 82, 83, 84, 85, 86, 87, 88, 89, 90, 91, 92, 93, 94, 95, 96, 97, 98, 99, 100, 101, 102, 103, 104, 105, 106, 107, 108, 109, 110, 111, 112, 114, 115, 116, 117, 118, 119, 120, 121, 122, 123, 124, 125, 126, 127, 128, 129, 130, 131, 132, 133, 134, 135, 136, 137, 138, 139, 140, 141, 142, 143, 144, 145, 146, 147, 148, 149]","[59, 65, 66, 67, 69, 70, 72, 73, 79]","{""support_1"": 70, ""support_2"": 67}","[67, 70]",2,"[39, 2, 131, 83, 99, 61, 93, 142, 140, 85, 141, 110, 21, 15, 133, 40, 138, 98, 121, 53, 143, 44, 17, 124, 23, 145, 125, 52, 8, 75, 16, 148, 106, 100, 80, 55, 92, 149, 54, 68, 126, 127, 147, 77, 51, 104, 86, 146, 32, 47, 128, 18, 129, 130, 112, 27, 22, 90, 78, 50, 123, 42, 43, 139, 116, 7, 74, 117, 6, 41, 119, 135, 29, 71, 136, 122, 137, 132, 109, 111, 89, 108, 134, 97, 26, 120, 114, 107, 115, 118, 96, 102, 35, 37, 58, 101, 105, 94, 87, 46, 48, 34, 36, 13, 144, 1, 9, 0, 10, 14, 5, 20, 25, 4, 28, 103, 12, 95, 88, 91, 62, 82, 81, 84, 31, 11, 24, 30, 3, 19, 49, 64, 63, 60, 56, 57, 45, 38, 76, 33, 70, 69, 79, 67, 59, 66, 73, 72, 65]",True,23223464,0.023223464,"[70, 67, 66, 79, 73, 72, 65, 69, 59]","[59, 69, 65, 72, 73, 79, 66, 67, 70]",complete,10,10,31,1,16,0,16,16,2,12,12,5,5,4,6
2,453,72,142,7,"[0, 1, 2, 3, 4, 5, 6, 7, 8, 9, 10, 11, 12, 13, 14, 15, 16, 17, 18, 19, 20, 21, 22, 23, 24, 25, 26, 27, 28, 29, 30, 31, 32, 33, 34, 35, 36, 37, 38, 39, 40, 41, 42, 43, 44, 45, 46, 47, 48, 49, 50, 51, 52, 53, 54, 55, 56, 57, 58, 60, 61, 62, 63, 64, 68, 69, 70, 71, 74, 75, 76, 77, 78, 80, 81, 82, 83, 84, 85, 86, 87, 88, 89, 90, 91, 92, 93, 94, 95, 96, 97, 98, 99, 100, 101, 102, 103, 104, 105, 106, 107, 108, 109, 110, 111, 112, 114, 115, 116, 117, 118, 119, 120, 121, 122, 123, 124, 125, 126, 127, 128, 129, 130, 131, 132, 133, 134, 135, 136, 137, 138, 139, 140, 141, 142, 143, 144, 145, 146, 147, 148, 149]","[59, 65, 66, 67, 72, 73, 79]","{""support_1"": 79, ""support_2"": 67}","[67, 79]",2,"[39, 2, 131, 83, 99, 61, 93, 142, 140, 85, 141, 110, 21, 15, 133, 40, 138, 98, 121, 53, 143, 44, 17, 124, 23, 145, 125, 52, 8, 75, 16, 148, 106, 100, 80, 55, 92, 149, 54, 68, 126, 127, 147, 77, 51, 104, 86, 146, 32, 47, 128, 18, 129, 130, 112, 27, 22, 90, 78, 50, 123, 42, 43, 139, 116, 7, 74, 117, 6, 41, 119, 135, 29, 71, 136, 122, 137, 132, 109, 111, 89, 108, 134, 97, 26, 120, 114, 107, 115, 118, 96, 102, 35, 37, 58, 101, 105, 94, 87, 46, 48, 34, 36, 13, 144, 1, 9, 0, 10, 14, 5, 20, 25, 4, 28, 103, 12, 95, 88, 91, 62, 82, 81, 84, 31, 11, 24, 30, 3, 19, 49, 64, 63, 60, 56, 57, 45, 38, 76, 33, 70, 69, 79, 67, 59, 66, 73, 72, 65]",True,13414778,0.013414778,"[79, 67, 59, 66, 73, 72, 65]","[65, 72, 73, 66, 59, 67, 79]",complete,7,7,22,0,11,0,11,11,2,6,6,3,3,2,4
2,453,73,144,5,"[0, 1, 2, 3, 4, 5, 6, 7, 8, 9, 10, 11, 12, 13, 14, 15, 16, 17, 18, 19, 20, 21, 22, 23, 24, 25, 26, 27, 28, 29, 30, 31, 32, 33, 34, 35, 36, 37, 38, 39, 40, 41, 42, 43, 44, 45, 46, 47, 48, 49, 50, 51, 52, 53, 54, 55, 56, 57, 58, 60, 61, 62, 63, 64, 67, 68, 69, 70, 71, 74, 75, 76, 77, 78, 79, 80, 81, 82, 83, 84, 85, 86, 87, 88, 89, 90, 91, 92, 93, 94, 95, 96, 97, 98, 99, 100, 101, 102, 103, 104, 105, 106, 107, 108, 109, 110, 111, 112, 114, 115, 116, 117, 118, 119, 120, 121, 122, 123, 124, 125, 126, 127, 128, 129, 130, 131, 132, 133, 134, 135, 136, 137, 138, 139, 140, 141, 142, 143, 144, 145, 146, 147, 148, 149]","[59, 65, 66, 72, 73]","{""support_1"": 73}",[73],1,"[39, 2, 131, 83, 99, 61, 93, 142, 140, 85, 141, 110, 21, 15, 133, 40, 138, 98, 121, 53, 143, 44, 17, 124, 23, 145, 125, 52, 8, 75, 16, 148, 106, 100, 80, 55, 92, 149, 54, 68, 126, 127, 147, 77, 51, 104, 86, 146, 32, 47, 128, 18, 129, 130, 112, 27, 22, 90, 78, 50, 123, 42, 43, 139, 116, 7, 74, 117, 6, 41, 119, 135, 29, 71, 136, 122, 137, 132, 109, 111, 89, 108, 134, 97, 26, 120, 114, 107, 115, 118, 96, 102, 35, 37, 58, 101, 105, 94, 87, 46, 48, 34, 36, 13, 144, 1, 9, 0, 10, 14, 5, 20, 25, 4, 28, 103, 12, 95, 88, 91, 62, 82, 81, 84, 31, 11, 24, 30, 3, 19, 49, 64, 63, 60, 56, 57, 45, 38, 76, 33, 70, 69, 79, 67, 59, 66, 73, 72, 65]",True,8174148,0.008174148,"[59, 66, 73, 72, 65]","[65, 72, 73, 66, 59]",complete,5,5,11,0,8,0,8,8,1,3,3,2,2,1,2
2,453,74,146,3,"[0, 1, 2, 3, 4, 5, 6, 7, 8, 9, 10, 11, 12, 13, 14, 15, 16, 17, 18, 19, 20, 21, 22, 23, 24, 25, 26, 27, 28, 29, 30, 31, 32, 33, 34, 35, 36, 37, 38, 39, 40, 41, 42, 43, 44, 45, 46, 47, 48, 49, 50, 51, 52, 53, 54, 55, 56, 57, 58, 59, 60, 61, 62, 63, 64, 66, 67, 68, 69, 70, 71, 74, 75, 76, 77, 78, 79, 80, 81, 82, 83, 84, 85, 86, 87, 88, 89, 90, 91, 92, 93, 94, 95, 96, 97, 98, 99, 100, 101, 102, 103, 104, 105, 106, 107, 108, 109, 110, 111, 112, 114, 115, 116, 117, 118, 119, 120, 121, 122, 123, 124, 125, 126, 127, 128, 129, 130, 131, 132, 133, 134, 135, 136, 137, 138, 139, 140, 141, 142, 143, 144, 145, 146, 147, 148, 149]","[65, 72, 73]","{""support_1"": 73}",[73],1,"[39, 2, 131, 83, 99, 61, 93, 142, 140, 85, 141, 110, 21, 15, 133, 40, 138, 98, 121, 53, 143, 44, 17, 124, 23, 145, 125, 52, 8, 75, 16, 148, 106, 100, 80, 55, 92, 149, 54, 68, 126, 127, 147, 77, 51, 104, 86, 146, 32, 47, 128, 18, 129, 130, 112, 27, 22, 90, 78, 50, 123, 42, 43, 139, 116, 7, 74, 117, 6, 41, 119, 135, 29, 71, 136, 122, 137, 132, 109, 111, 89, 108, 134, 97, 26, 120, 114, 107, 115, 118, 96, 102, 35, 37, 58, 101, 105, 94, 87, 46, 48, 34, 36, 13, 144, 1, 9, 0, 10, 14, 5, 20, 25, 4, 28, 103, 12, 95, 88, 91, 62, 82, 81, 84, 31, 11, 24, 30, 3, 19, 49, 64, 63, 60, 56, 57, 45, 38, 76, 33, 70, 69, 79, 67, 59, 66, 73, 72, 65]",True,5510659,0.005510659,"[73, 72, 65]","[65, 72, 73]",complete,3,3,4,0,6,0,6,6,1,1,1,1,1,1,2
2,453,75,148,1,"[0, 1, 2, 3, 4, 5, 6, 7, 8, 9, 10, 11, 12, 13, 14, 15, 16, 17, 18, 19, 20, 21, 22, 23, 24, 25, 26, 27, 28, 29, 30, 31, 32, 33, 34, 35, 36, 37, 38, 39, 40, 41, 42, 43, 44, 45, 46, 47, 48, 49, 50, 51, 52, 53, 54, 55, 56, 57, 58, 59, 60, 61, 62, 63, 64, 66, 67, 68, 69, 70, 71, 72, 73, 74, 75, 76, 77, 78, 79, 80, 81, 82, 83, 84, 85, 86, 87, 88, 89, 90, 91, 92, 93, 94, 95, 96, 97, 98, 99, 100, 101, 102, 103, 104, 105, 106, 107, 108, 109, 110, 111, 112, 114, 115, 116, 117, 118, 119, 120, 121, 122, 123, 124, 125, 126, 127, 128, 129, 130, 131, 132, 133, 134, 135, 136, 137, 138, 139, 140, 141, 142, 143, 144, 145, 146, 147, 148, 149]",[65],{},[],0,"[39, 2, 131, 83, 99, 61, 93, 142, 140, 85, 141, 110, 21, 15, 133, 40, 138, 98, 121, 53, 143, 44, 17, 124, 23, 145, 125, 52, 8, 75, 16, 148, 106, 100, 80, 55, 92, 149, 54, 68, 126, 127, 147, 77, 51, 104, 86, 146, 32, 47, 128, 18, 129, 130, 112, 27, 22, 90, 78, 50, 123, 42, 43, 139, 116, 7, 74, 117, 6, 41, 119, 135, 29, 71, 136, 122, 137, 132, 109, 111, 89, 108, 134, 97, 26, 120, 114, 107, 115, 118, 96, 102, 35, 37, 58, 101, 105, 94, 87, 46, 48, 34, 36, 13, 144, 1, 9, 0, 10, 14, 5, 20, 25, 4, 28, 103, 12, 95, 88, 91, 62, 82, 81, 84, 31, 11, 24, 30, 3, 19, 49, 64, 63, 60, 56, 57, 45, 38, 76, 33, 70, 69, 79, 67, 59, 66, 73, 72, 65]",True,666091,0.000666091,[65],[65],complete,1,1,1,0,2,0,2,2,0,0,0,0,0,0,0
3,454,1,0,149,[],"[0, 1, 2, 3, 4, 5, 6, 7, 8, 9, 10, 11, 12, 13, 14, 15, 16, 17, 18, 19, 20, 21, 22, 23, 24, 25, 26, 27, 28, 29, 30, 31, 32, 33, 34, 35, 36, 37, 38, 39, 40, 41, 42, 43, 44, 45, 46, 47, 48, 49, 50, 51, 52, 53, 54, 55, 56, 57, 58, 59, 60, 61, 62, 63, 64, 65, 66, 67, 68, 69, 70, 71, 72, 73, 74, 75, 76, 77, 78, 79, 80, 81, 82, 83, 84, 85, 86, 87, 88, 89, 90, 91, 92, 93, 94, 95, 96, 97, 98, 99, 100, 101, 102, 103, 104, 105, 106, 107, 108, 109, 110, 111, 112, 114, 115, 116, 117, 118, 119, 120, 121, 122, 123, 124, 125, 126, 127, 128, 129, 130, 131, 132, 133, 134, 135, 136, 137, 138, 139, 140, 141, 142, 143, 144, 145, 146, 147, 148, 149]",{},[],0,[],False,582860189454,582.860189454,[],[],stagnation_limit,20363,20363,28000,19261,40426,748,39678,2000,2,146,146,7,7,7,5
