repetition,seed,run_index,removed_prefix_count,included_rod_count,excluded_rods,included_rods,initial_supports,initial_supported_rods,initial_support_count,default_order,success,elapsed_ns,elapsed_s,removal_sequence,assembly_sequence,search_stop_reason,search_expansions,search_attempted_transitions,search_enqueued_candidates,search_backtracks,rigidity_check_calls,rigidity_cache_hits,rigidity_cache_misses,rigidity_cached_entries,peak_supports,support_steps,supported_rod_steps,support_assignment_episodes,supported_rod_episodes,support_additions,support_releases
1,452,1,0,149,[],"[0, 1, 2, 3, 4, 5, 6, 7, 8, 9, 10, 11, 12, 13, 14, 15, 16, 17, 18, 19, 20, 21, 22, 23, 24, 25, 26, 27, 28, 29, 30, 31, 32, 33, 34, 35, 36, 37, 38, 39, 40, 41, 42, 43, 44, 45, 46, 47, 48, 49, 50, 51, 52, 53, 54, 55, 56, 57, 58, 59, 60, 61, 62, 63, 64, 65, 66, 67, 68, 69, 70, 71, 72, 73, 74, 75, 76, 77, 78, 79, 80, 81, 82, 83, 84, 85, 86, 87, 88, 89, 90, 91, 92, 93, 94, 95, 96, 97, 98, 99, 100, 101, 102, 103, 104, 105, 106, 107, 108, 109, 110, 111, 112, 114, 115, 116, 117, 118, 119, 120, 121, 122, 123, 124, 125, 126, 127, 128, 129, 130, 131, 132, 133, 134, 135, 136, 137, 138, 139, 140, 141, 142, 143, 144, 145, 146, 147, 148, 149]",{},[],0,"[137, 138, 139, 140, 136, 135, 134, 133, 129, 130, 131, 132, 128, 127, 13, 14, 116, 118, 26, 28, 40, 42, 52, 54, 74, 76, 89, 91, 17, 122, 18, 32, 16, 112, 36, 99, 105, 144, 10, 145, 148, 115, 149, 102, 146, 147, 12, 58, 71, 109, 61, 67, 78, 85, 93, 143, 25, 7, 39, 51, 97, 106, 101, 120, 121, 114, 108, 110, 111, 9, 6, 1, 2, 48, 46, 47, 70, 69, 79, 80, 72, 73, 94, 66, 68, 86, 23, 126, 125, 124, 123, 141, 142, 62, 5, 4, 22, 21, 20, 37, 34, 35, 31, 30, 11, 98, 96, 100, 63, 60, 64, 83, 84, 24, 44, 82, 38, 57, 56, 49, 50, 87, 88, 103, 104, 53, 55, 45, 75, 77, 59, 90, 92, 65, 81, 117, 119, 95, 107, 8, 15, 0, 27, 29, 3, 41, 43, 19, 33]",True,19440370096,19.440370096,"[137, 138, 139, 140, 136, 135, 134, 133, 129, 130, 131, 132, 128, 127, 13, 14, 116, 118, 26, 28, 40, 42, 52, 54, 74, 76, 89, 91, 17, 122, 18, 32, 16, 112, 36, 99, 105, 144, 10, 145, 148, 115, 149, 102, 146, 147, 12, 58, 71, 109, 61, 67, 78, 85, 93, 143, 25, 7, 39, 51, 97, 106, 101, 120, 121, 114, 108, 110, 111, 9, 6, 1, 2, 48, 46, 47, 70, 69, 79, 80, 72, 73, 94, 66, 68, 86, 23, 126, 125, 124, 123, 141, 142, 62, 5, 4, 22, 21, 20, 37, 34, 35, 31, 30, 11, 98, 96, 100, 63, 60, 64, 83, 84, 24, 44, 82, 38, 57, 56, 49, 50, 87, 88, 103, 104, 53, 55, 45, 75, 77, 59, 90, 92, 65, 81, 117, 119, 95, 107, 8, 15, 0, 27, 29, 3, 41, 43, 19, 33]","[33, 19, 43, 41, 3, 29, 27, 0, 15, 8, 107, 95, 119, 117, 81, 65, 92, 90, 59, 77, 75, 45, 55, 53, 104, 103, 88, 87, 50, 49, 56, 57, 38, 82, 44, 24, 84, 83, 64, 60, 63, 100, 96, 98, 11, 30, 31, 35, 34, 37, 20, 21, 22, 4, 5, 62, 142, 141, 123, 124, 125, 126, 23, 86, 68, 66, 94, 73, 72, 80, 79, 69, 70, 47, 46, 48, 2, 1, 6, 9, 111, 110, 108, 114, 121, 120, 101, 106, 97, 51, 39, 7, 25, 143, 93, 85, 78, 67, 61, 109, 71, 58, 12, 147, 146, 102, 149, 115, 148, 145, 10, 144, 105, 99, 36, 112, 16, 32, 18, 122, 17, 91, 89, 76, 74, 54, 52, 42, 40, 28, 26, 118, 116, 14, 13, 127, 128, 132, 131, 130, 129, 133, 134, 135, 136, 140, 139, 138, 137]",complete,339,339,9799,190,1939,854,1085,1085,2,146,146,44,44,44,44
1,452,2,2,147,"[137, 138]","[0, 1, 2, 3, 4, 5, 6, 7, 8, 9, 10, 11, 12, 13, 14, 15, 16, 17, 18, 19, 20, 21, 22, 23, 24, 25, 26, 27, 28, 29, 30, 31, 32, 33, 34, 35, 36, 37, 38, 39, 40, 41, 42, 43, 44, 45, 46, 47, 48, 49, 50, 51, 52, 53, 54, 55, 56, 57, 58, 59, 60, 61, 62, 63, 64, 65, 66, 67, 68, 69, 70, 71, 72, 73, 74, 75, 76, 77, 78, 79, 80, 81, 82, 83, 84, 85, 86, 87, 88, 89, 90, 91, 92, 93, 94, 95, 96, 97, 98, 99, 100, 101, 102, 103, 104, 105, 106, 107, 108, 109, 110, 111, 112, 114, 115, 116, 117, 118, 119, 120, 121, 122, 123, 124, 125, 126, 127, 128, 129, 130, 131, 132, 133, 134, 135, 136, 139, 140, 141, 142, 143, 144, 145, 146, 147, 148, 149]",{},[],0,"[137, 138, 139, 140, 136, 135, 134, 133, 129, 130, 131, 132, 128, 127, 13, 14, 116, 118, 26, 28, 40, 42, 52, 54, 74, 76, 89, 91, 17, 122, 18, 32, 16, 112, 36, 99, 105, 144, 10, 145, 148, 115, 149, 102, 146, 147, 12, 58, 71, 109, 61, 67, 78, 85, 93, 143, 25, 7, 39, 51, 97, 106, 101, 120, 121, 114, 108, 110, 111, 9, 6, 1, 2, 48, 46, 47, 70, 69, 79, 80, 72, 73, 94, 66, 68, 86, 23, 126, 125, 124, 123, 141, 142, 62, 5, 4, 22, 21, 20, 37, 34, 35, 31, 30, 11, 98, 96, 100, 63, 60, 64, 83, 84, 24, 44, 82, 38, 57, 56, 49, 50, 87, 88, 103, 104, 53, 55, 45, 75, 77, 59, 90, 92, 65, 81, 117, 119, 95, 107, 8, 15, 0, 27, 29, 3, 41, 43, 19, 33]",True,19435793637,19.435793637,"[139, 140, 136, 135, 134, 133, 129, 130, 131, 132, 128, 127, 13, 14, 116, 118, 26, 28, 40, 42, 52, 54, 74, 76, 89, 91, 17, 122, 18, 32, 16, 112, 36, 99, 105, 144, 10, 145, 148, 115, 149, 102, 146, 147, 12, 58, 71, 109, 61, 67, 78, 85, 93, 143, 25, 7, 39, 51, 97, 106, 101, 120, 121, 114, 108, 110, 111, 9, 6, 1, 2, 48, 46, 47, 70, 69, 79, 80, 72, 73, 94, 66, 68, 86, 23, 126, 125, 124, 123, 141, 142, 62, 5, 4, 22, 21, 20, 37, 34, 35, 31, 30, 11, 98, 96, 100, 63, 60, 64, 83, 84, 24, 44, 82, 38, 57, 56, 49, 50, 87, 88, 103, 104, 53, 55, 45, 75, 77, 59, 90, 92, 65, 81, 117, 119, 95, 107, 8, 15, 0, 27, 29, 3, 41, 43, 19, 33]","[33, 19, 43, 41, 3, 29, 27, 0, 15, 8, 107, 95, 119, 117, 81, 65, 92, 90, 59, 77, 75, 45, 55, 53, 104, 103, 88, 87, 50, 49, 56, 57, 38, 82, 44, 24, 84, 83, 64, 60, 63, 100, 96, 98, 11, 30, 31, 35, 34, 37, 20, 21, 22, 4, 5, 62, 142, 141, 123, 124, 125, 126, 23, 86, 68, 66, 94, 73, 72, 80, 79, 69, 70, 47, 46, 48, 2, 1, 6, 9, 111, 110, 108, 114, 121, 120, 101, 106, 97, 51, 39, 7, 25, 143, 93, 85, 78, 67, 61, 109, 71, 58, 12, 147, 146, 102, 149, 115, 148, 145, 10, 144, 105, 99, 36, 112, 16, 32, 18, 122, 17, 91, 89, 76, 74, 54, 52, 42, 40, 28, 26, 118, 116, 14, 13, 127, 128, 132, 131, 130, 129, 133, 134, 135, 136, 140, 139]",complete,337,337,9522,190,1937,854,1083,1083,2,146,146,44,44,44,44
1,452,3,4,145,"[137, 138, 139, 140]","[0, 1, 2, 3, 4, 5, 6, 7, 8, 9, 10, 11, 12, 13, 14, 15, 16, 17, 18, 19, 20, 21, 22, 23, 24, 25, 26, 27, 28, 29, 30, 31, 32, 33, 34, 35, 36, 37, 38, 39, 40, 41, 42, 43, 44, 45, 46, 47, 48, 49, 50, 51, 52, 53, 54, 55, 56, 57, 58, 59, 60, 61, 62, 63, 64, 65, 66, 67, 68, 69, 70, 71, 72, 73, 74, 75, 76, 77, 78, 79, 80, 81, 82, 83, 84, 85, 86, 87, 88, 89, 90, 91, 92, 93, 94, 95, 96, 97, 98, 99, 100, 101, 102, 103, 104, 105, 106, 107, 108, 109, 110, 111, 112, 114, 115, 116, 117, 118, 119, 120, 121, 122, 123, 124, 125, 126, 127, 128, 129, 130, 131, 132, 133, 134, 135, 136, 141, 142, 143, 144, 145, 146, 147, 148, 149]",{},[],0,"[137, 138, 139, 140, 136, 135, 134, 133, 129, 130, 131, 132, 128, 127, 13, 14, 116, 118, 26, 28, 40, 42, 52, 54, 74, 76, 89, 91, 17, 122, 18, 32, 16, 112, 36, 99, 105, 144, 10, 145, 148, 115, 149, 102, 146, 147, 12, 58, 71, 109, 61, 67, 78, 85, 93, 143, 25, 7, 39, 51, 97, 106, 101, 120, 121, 114, 108, 110, 111, 9, 6, 1, 2, 48, 46, 47, 70, 69, 79, 80, 72, 73, 94, 66, 68, 86, 23, 126, 125, 124, 123, 141, 142, 62, 5, 4, 22, 21, 20, 37, 34, 35, 31, 30, 11, 98, 96, 100, 63, 60, 64, 83, 84, 24, 44, 82, 38, 57, 56, 49, 50, 87, 88, 103, 104, 53, 55, 45, 75, 77, 59, 90, 92, 65, 81, 117, 119, 95, 107, 8, 15, 0, 27, 29, 3, 41, 43, 19, 33]",True,19255335379,19.255335379,"[136, 135, 134, 133, 129, 130, 131, 132, 128, 127, 13, 14, 116, 118, 26, 28, 40, 42, 52, 54, 74, 76, 89, 91, 17, 122, 18, 32, 16, 112, 36, 99, 105, 144, 10, 145, 148, 115, 149, 102, 146, 147, 12, 58, 71, 109, 61, 67, 78, 85, 93, 143, 25, 7, 39, 51, 97, 106, 101, 120, 121, 114, 108, 110, 111, 9, 6, 1, 2, 48, 46, 47, 70, 69, 79, 80, 72, 73, 94, 66, 68, 86, 23, 126, 125, 124, 123, 141, 142, 62, 5, 4, 22, 21, 20, 37, 34, 35, 31, 30, 11, 98, 96, 100, 63, 60, 64, 83, 84, 24, 44, 82, 38, 57, 56, 49, 50, 87, 88, 103, 104, 53, 55, 45, 75, 77, 59, 90, 92, 65, 81, 117, 119, 95, 107, 8, 15, 0, 27, 29, 3, 41, 43, 19, 33]","[33, 19, 43, 41, 3, 29, 27, 0, 15, 8, 107, 95, 119, 117, 81, 65, 92, 90, 59, 77, 75, 45, 55, 53, 104, 103, 88, 87, 50, 49, 56, 57, 38, 82, 44, 24, 84, 83, 64, 60, 63, 100, 96, 98, 11, 30, 31, 35, 34, 37, 20, 21, 22, 4, 5, 62, 142, 141, 123, 124, 125, 126, 23, 86, 68, 66, 94, 73, 72, 80, 79, 69, 70, 47, 46, 48, 2, 1, 6, 9, 111, 110, 108, 114, 121, 120, 101, 106, 97, 51, 39, 7, 25, 143, 93, 85, 78, 67, 61, 109, 71, 58, 12, 147, 146, 102, 149, 115, 148, 145, 10, 144, 105, 99, 36, 112, 16, 32, 18, 122, 17, 91, 89, 76, 74, 54, 52, 42, 40, 28, 26, 118, 116, 14, 13, 127, 128, 132, 131, 130, 129, 133, 134, 135, 136]",complete,335,335,9249,190,1935,854,1081,1081,2,146,146,44,44,44,44
1,452,4,6,143,"[135, 136, 137, 138, 139, 140]","[0, 1, 2, 3, 4, 5, 6, 7, 8, 9, 10, 11, 12, 13, 14, 15, 16, 17, 18, 19, 20, 21, 22, 23, 24, 25, 26, 27, 28, 29, 30, 31, 32, 33, 34, 35, 36, 37, 38, 39, 40, 41, 42, 43, 44, 45, 46, 47, 48, 49, 50, 51, 52, 53, 54, 55, 56, 57, 58, 59, 60, 61, 62, 63, 64, 65, 66, 67, 68, 69, 70, 71, 72, 73, 74, 75, 76, 77, 78, 79, 80, 81, 82, 83, 84, 85, 86, 87, 88, 89, 90, 91, 92, 93, 94, 95, 96, 97, 98, 99, 100, 101, 102, 103, 104, 105, 106, 107, 108, 109, 110, 111, 112, 114, 115, 116, 117, 118, 119, 120, 121, 122, 123, 124, 125, 126, 127, 128, 129, 130, 131, 132, 133, 134, 141, 142, 143, 144, 145, 146, 147, 148, 149]",{},[],0,"[137, 138, 139, 140, 136, 135, 134, 133, 129, 130, 131, 132, 128, 127, 13, 14, 116, 118, 26, 28, 40, 42, 52, 54, 74, 76, 89, 91, 17, 122, 18, 32, 16, 112, 36, 99, 105, 144, 10, 145, 148, 115, 149, 102, 146, 147, 12, 58, 71, 109, 61, 67, 78, 85, 93, 143, 25, 7, 39, 51, 97, 106, 101, 120, 121, 114, 108, 110, 111, 9, 6, 1, 2, 48, 46, 47, 70, 69, 79, 80, 72, 73, 94, 66, 68, 86, 23, 126, 125, 124, 123, 141, 142, 62, 5, 4, 22, 21, 20, 37, 34, 35, 31, 30, 11, 98, 96, 100, 63, 60, 64, 83, 84, 24, 44, 82, 38, 57, 56, 49, 50, 87, 88, 103, 104, 53, 55, 45, 75, 77, 59, 90, 92, 65, 81, 117, 119, 95, 107, 8, 15, 0, 27, 29, 3, 41, 43, 19, 33]",True,18232583912,18.232583912,"[134, 133, 129, 130, 131, 132, 128, 127, 13, 14, 116, 118, 26, 28, 40, 42, 52, 54, 74, 76, 89, 91, 17, 122, 18, 32, 16, 112, 36, 99, 105, 144, 10, 145, 148, 115, 149, 102, 146, 147, 12, 58, 71, 109, 61, 67, 78, 85, 93, 143, 25, 7, 39, 51, 97, 106, 101, 120, 121, 114, 108, 110, 111, 9, 6, 1, 2, 48, 46, 47, 70, 69, 79, 80, 72, 73, 94, 66, 68, 86, 23, 126, 125, 124, 123, 141, 142, 62, 5, 4, 22, 21, 20, 37, 34, 35, 31, 30, 11, 98, 96, 100, 63, 60, 64, 83, 84, 24, 44, 82, 38, 57, 56, 49, 50, 87, 88, 103, 104, 53, 55, 45, 75, 77, 59, 90, 92, 65, 81, 117, 119, 95, 107, 8, 15, 0, 27, 29, 3, 41, 43, 19, 33]","[33, 19, 43, 41, 3, 29, 27, 0, 15, 8, 107, 95, 119, 117, 81, 65, 92, 90, 59, 77, 75, 45, 55, 53, 104, 103, 88, 87, 50, 49, 56, 57, 38, 82, 44, 24, 84, 83, 64, 60, 63, 100, 96, 98, 11, 30, 31, 35, 34, 37, 20, 21, 22, 4, 5, 62, 142, 141, 123, 124, 125, 126, 23, 86, 68, 66, 94, 73, 72, 80, 79, 69, 70, 47, 46, 48, 2, 1, 6, 9, 111, 110, 108, 114, 121, 120, 101, 106, 97, 51, 39, 7, 25, 143, 93, 85, 78, 67, 61, 109, 71, 58, 12, 147, 146, 102, 149, 115, 148, 145, 10, 144, 105, 99, 36, 112, 16, 32, 18, 122, 17, 91, 89, 76, 74, 54, 52, 42, 40, 28, 26, 118, 116, 14, 13, 127, 128, 132, 131, 130, 129, 133, 134]",complete,333,333,8980,190,1933,854,1079,1079,2,146,146,44,44,44,44
1,452,5,8,141,"[133, 134, 135, 136, 137, 138, 139, 140]","[0, 1, 2, 3, 4, 5, 6, 7, 8, 9, 10, 11, 12, 13, 14, 15, 16, 17, 18, 19, 20, 21, 22, 23, 24, 25, 26, 27, 28, 29, 30, 31, 32, 33, 34, 35, 36, 37, 38, 39, 40, 41, 42, 43, 44, 45, 46, 47, 48, 49, 50, 51, 52, 53, 54, 55, 56, 57, 58, 59, 60, 61, 62, 63, 64, 65, 66, 67, 68, 69, 70, 71, 72, 73, 74, 75, 76, 77, 78, 79, 80, 81, 82, 83, 84, 85, 86, 87, 88, 89, 90, 91, 92, 93, 94, 95, 96, 97, 98, 99, 100, 101, 102, 103, 104, 105, 106, 107, 108, 109, 110, 111, 112, 114, 115, 116, 117, 118, 119, 120, 121, 122, 123, 124, 125, 126, 127, 128, 129, 130, 131, 132, 141, 142, 143, 144, 145, 146, 147, 148, 149]",{},[],0,"[137, 138, 139, 140, 136, 135, 134, 133, 129, 130, 131, 132, 128, 127, 13, 14, 116, 118, 26, 28, 40, 42, 52, 54, 74, 76, 89, 91, 17, 122, 18, 32, 16, 112, 36, 99, 105, 144, 10, 145, 148, 115, 149, 102, 146, 147, 12, 58, 71, 109, 61, 67, 78, 85, 93, 143, 25, 7, 39, 51, 97, 106, 101, 120, 121, 114, 108, 110, 111, 9, 6, 1, 2, 48, 46, 47, 70, 69, 79, 80, 72, 73, 94, 66, 68, 86, 23, 126, 125, 124, 123, 141, 142, 62, 5, 4, 22, 21, 20, 37, 34, 35, 31, 30, 11, 98, 96, 100, 63, 60, 64, 83, 84, 24, 44, 82, 38, 57, 56, 49, 50, 87, 88, 103, 104, 53, 55, 45, 75, 77, 59, 90, 92, 65, 81, 117, 119, 95, 107, 8, 15, 0, 27, 29, 3, 41, 43, 19, 33]",True,18462817580,18.462817580,"[129, 130, 131, 132, 128, 127, 13, 14, 116, 118, 26, 28, 40, 42, 52, 54, 74, 76, 89, 91, 17, 122, 18, 32, 16, 112, 36, 99, 105, 144, 10, 145, 148, 115, 149, 102, 146, 147, 12, 58, 71, 109, 61, 67, 78, 85, 93, 143, 25, 7, 39, 51, 97, 106, 101, 120, 121, 114, 108, 110, 111, 9, 6, 1, 2, 48, 46, 47, 70, 69, 79, 80, 72, 73, 94, 66, 68, 86, 23, 126, 125, 124, 123, 141, 142, 62, 5, 4, 22, 21, 20, 37, 34, 35, 31, 30, 11, 98, 96, 100, 63, 60, 64, 83, 84, 24, 44, 82, 38, 57, 56, 49, 50, 87, 88, 103, 104, 53, 55, 45, 75, 77, 59, 90, 92, 65, 81, 117, 119, 95, 107, 8, 15, 0, 27, 29, 3, 41, 43, 19, 33]","[33, 19, 43, 41, 3, 29, 27, 0, 15, 8, 107, 95, 119, 117, 81, 65, 92, 90, 59, 77, 75, 45, 55, 53, 104, 103, 88, 87, 50, 49, 56, 57, 38, 82, 44, 24, 84, 83, 64, 60, 63, 100, 96, 98, 11, 30, 31, 35, 34, 37, 20, 21, 22, 4, 5, 62, 142, 141, 123, 124, 125, 126, 23, 86, 68, 66, 94, 73, 72, 80, 79, 69, 70, 47, 46, 48, 2, 1, 6, 9, 111, 110, 108, 114, 121, 120, 101, 106, 97, 51, 39, 7, 25, 143, 93, 85, 78, 67, 61, 109, 71, 58, 12, 147, 146, 102, 149, 115, 148, 145, 10, 144, 105, 99, 36, 112, 16, 32, 18, 122, 17, 91, 89, 76, 74, 54, 52, 42, 40, 28, 26, 118, 116, 14, 13, 127, 128, 132, 131, 130, 129]",complete,331,331,8715,190,1931,854,1077,1077,2,146,146,44,44,44,44
1,452,6,10,139,"[129, 130, 133, 134, 135, 136, 137, 138, 139, 140]","[0, 1, 2, 3, 4, 5, 6, 7, 8, 9, 10, 11, 12, 13, 14, 15, 16, 17, 18, 19, 20, 21, 22, 23, 24, 25, 26, 27, 28, 29, 30, 31, 32, 33, 34, 35, 36, 37, 38, 39, 40, 41, 42, 43, 44, 45, 46, 47, 48, 49, 50, 51, 52, 53, 54, 55, 56, 57, 58, 59, 60, 61, 62, 63, 64, 65, 66, 67, 68, 69, 70, 71, 72, 73, 74, 75, 76, 77, 78, 79, 80, 81, 82, 83, 84, 85, 86, 87, 88, 89, 90, 91, 92, 93, 94, 95, 96, 97, 98, 99, 100, 101, 102, 103, 104, 105, 106, 107, 108, 109, 110, 111, 112, 114, 115, 116, 117, 118, 119, 120, 121, 122, 123, 124, 125, 126, 127, 128, 131, 132, 141, 142, 143, 144, 145, 146, 147, 148, 149]",{},[],0,"[137, 138, 139, 140, 136, 135, 134, 133, 129, 130, 131, 132, 128, 127, 13, 14, 116, 118, 26, 28, 40, 42, 52, 54, 74, 76, 89, 91, 17, 122, 18, 32, 16, 112, 36, 99, 105, 144, 10, 145, 148, 115, 149, 102, 146, 147, 12, 58, 71, 109, 61, 67, 78, 85, 93, 143, 25, 7, 39, 51, 97, 106, 101, 120, 121, 114, 108, 110, 111, 9, 6, 1, 2, 48, 46, 47, 70, 69, 79, 80, 72, 73, 94, 66, 68, 86, 23, 126, 125, 124, 123, 141, 142, 62, 5, 4, 22, 21, 20, 37, 34, 35, 31, 30, 11, 98, 96, 100, 63, 60, 64, 83, 84, 24, 44, 82, 38, 57, 56, 49, 50, 87, 88, 103, 104, 53, 55, 45, 75, 77, 59, 90, 92, 65, 81, 117, 119, 95, 107, 8, 15, 0, 27, 29, 3, 41, 43, 19, 33]",True,18613959210,18.613959210,"[131, 132, 128, 127, 13, 14, 116, 118, 26, 28, 40, 42, 52, 54, 74, 76, 89, 91, 17, 122, 18, 32, 16, 112, 36, 99, 105, 144, 10, 145, 148, 115, 149, 102, 146, 147, 12, 58, 71, 109, 61, 67, 78, 85, 93, 143, 25, 7, 39, 51, 97, 106, 101, 120, 121, 114, 108, 110, 111, 9, 6, 1, 2, 48, 46, 47, 70, 69, 79, 80, 72, 73, 94, 66, 68, 86, 23, 126, 125, 124, 123, 141, 142, 62, 5, 4, 22, 21, 20, 37, 34, 35, 31, 30, 11, 98, 96, 100, 63, 60, 64, 83, 84, 24, 44, 82, 38, 57, 56, 49, 50, 87, 88, 103, 104, 53, 55, 45, 75, 77, 59, 90, 92, 65, 81, 117, 119, 95, 107, 8, 15, 0, 27, 29, 3, 41, 43, 19, 33]","[33, 19, 43, 41, 3, 29, 27, 0, 15, 8, 107, 95, 119, 117, 81, 65, 92, 90, 59, 77, 75, 45, 55, 53, 104, 103, 88, 87, 50, 49, 56, 57, 38, 82, 44, 24, 84, 83, 64, 60, 63, 100, 96, 98, 11, 30, 31, 35, 34, 37, 20, 21, 22, 4, 5, 62, 142, 141, 123, 124, 125, 126, 23, 86, 68, 66, 94, 73, 72, 80, 79, 69, 70, 47, 46, 48, 2, 1, 6, 9, 111, 110, 108, 114, 121, 120, 101, 106, 97, 51, 39, 7, 25, 143, 93, 85, 78, 67, 61, 109, 71, 58, 12, 147, 146, 102, 149, 115, 148, 145, 10, 144, 105, 99, 36, 112, 16, 32, 18, 122, 17, 91, 89, 76, 74, 54, 52, 42, 40, 28, 26, 118, 116, 14, 13, 127, 128, 132, 131]",complete,329,329,8454,190,1929,854,1075,1075,2,146,146,44,44,44,44
1,452,7,12,137,"[129, 130, 131, 132, 133, 134, 135, 136, 137, 138, 139, 140]","[0, 1, 2, 3, 4, 5, 6, 7, 8, 9, 10, 11, 12, 13, 14, 15, 16, 17, 18, 19, 20, 21, 22, 23, 24, 25, 26, 27, 28, 29, 30, 31, 32, 33, 34, 35, 36, 37, 38, 39, 40, 41, 42, 43, 44, 45, 46, 47, 48, 49, 50, 51, 52, 53, 54, 55, 56, 57, 58, 59, 60, 61, 62, 63, 64, 65, 66, 67, 68, 69, 70, 71, 72, 73, 74, 75, 76, 77, 78, 79, 80, 81, 82, 83, 84, 85, 86, 87, 88, 89, 90, 91, 92, 93, 94, 95, 96, 97, 98, 99, 100, 101, 102, 103, 104, 105, 106, 107, 108, 109, 110, 111, 112, 114, 115, 116, 117, 118, 119, 120, 121, 122, 123, 124, 125, 126, 127, 128, 141, 142, 143, 144, 145, 146, 147, 148, 149]",{},[],0,"[137, 138, 139, 140, 136, 135, 134, 133, 129, 130, 131, 132, 128, 127, 13, 14, 116, 118, 26, 28, 40, 42, 52, 54, 74, 76, 89, 91, 17, 122, 18, 32, 16, 112, 36, 99, 105, 144, 10, 145, 148, 115, 149, 102, 146, 147, 12, 58, 71, 109, 61, 67, 78, 85, 93, 143, 25, 7, 39, 51, 97, 106, 101, 120, 121, 114, 108, 110, 111, 9, 6, 1, 2, 48, 46, 47, 70, 69, 79, 80, 72, 73, 94, 66, 68, 86, 23, 126, 125, 124, 123, 141, 142, 62, 5, 4, 22, 21, 20, 37, 34, 35, 31, 30, 11, 98, 96, 100, 63, 60, 64, 83, 84, 24, 44, 82, 38, 57, 56, 49, 50, 87, 88, 103, 104, 53, 55, 45, 75, 77, 59, 90, 92, 65, 81, 117, 119, 95, 107, 8, 15, 0, 27, 29, 3, 41, 43, 19, 33]",True,18616466177,18.616466177,"[128, 127, 13, 14, 116, 118, 26, 28, 40, 42, 52, 54, 74, 76, 89, 91, 17, 122, 18, 32, 16, 112, 36, 99, 105, 144, 10, 145, 148, 115, 149, 102, 146, 147, 12, 58, 71, 109, 61, 67, 78, 85, 93, 143, 25, 7, 39, 51, 97, 106, 101, 120, 121, 114, 108, 110, 111, 9, 6, 1, 2, 48, 46, 47, 70, 69, 79, 80, 72, 73, 94, 66, 68, 86, 23, 126, 125, 124, 123, 141, 142, 62, 5, 4, 22, 21, 20, 37, 34, 35, 31, 30, 11, 98, 96, 100, 63, 60, 64, 83, 84, 24, 44, 82, 38, 57, 56, 49, 50, 87, 88, 103, 104, 53, 55, 45, 75, 77, 59, 90, 92, 65, 81, 117, 119, 95, 107, 8, 15, 0, 27, 29, 3, 41, 43, 19, 33]","[33, 19, 43, 41, 3, 29, 27, 0, 15, 8, 107, 95, 119, 117, 81, 65, 92, 90, 59, 77, 75, 45, 55, 53, 104, 103, 88, 87, 50, 49, 56, 57, 38, 82, 44, 24, 84, 83, 64, 60, 63, 100, 96, 98, 11, 30, 31, 35, 34, 37, 20, 21, 22, 4, 5, 62, 142, 141, 123, 124, 125, 126, 23, 86, 68, 66, 94, 73, 72, 80, 79, 69, 70, 47, 46, 48, 2, 1, 6, 9, 111, 110, 108, 114, 121, 120, 101, 106, 97, 51, 39, 7, 25, 143, 93, 85, 78, 67, 61, 109, 71, 58, 12, 147, 146, 102, 149, 115, 148, 145, 10, 144, 105, 99, 36, 112, 16, 32, 18, 122, 17, 91, 89, 76, 74, 54, 52, 42, 40, 28, 26, 118, 116, 14, 13, 127, 128]",complete,327,327,8197,190,1927,854,1073,1073,2,146,146,44,44,44,44
1,452,8,14,135,"[127, 128, 129, 130, 131, 132, 133, 134, 135, 136, 137, 138, 139, 140]","[0, 1, 2, 3, 4, 5, 6, 7, 8, 9, 10, 11, 12, 13, 14, 15, 16, 17, 18, 19, 20, 21, 22, 23, 24, 25, 26, 27, 28, 29, 30, 31, 32, 33, 34, 35, 36, 37, 38, 39, 40, 41, 42, 43, 44, 45, 46, 47, 48, 49, 50, 51, 52, 53, 54, 55, 56, 57, 58, 59, 60, 61, 62, 63, 64, 65, 66, 67, 68, 69, 70, 71, 72, 73, 74, 75, 76, 77, 78, 79, 80, 81, 82, 83, 84, 85, 86, 87, 88, 89, 90, 91, 92, 93, 94, 95, 96, 97, 98, 99, 100, 101, 102, 103, 104, 105, 106, 107, 108, 109, 110, 111, 112, 114, 115, 116, 117, 118, 119, 120, 121, 122, 123, 124, 125, 126, 141, 142, 143, 144, 145, 146, 147, 148, 149]",{},[],0,"[137, 138, 139, 140, 136, 135, 134, 133, 129, 130, 131, 132, 128, 127, 13, 14, 116, 118, 26, 28, 40, 42, 52, 54, 74, 76, 89, 91, 17, 122, 18, 32, 16, 112, 36, 99, 105, 144, 10, 145, 148, 115, 149, 102, 146, 147, 12, 58, 71, 109, 61, 67, 78, 85, 93, 143, 25, 7, 39, 51, 97, 106, 101, 120, 121, 114, 108, 110, 111, 9, 6, 1, 2, 48, 46, 47, 70, 69, 79, 80, 72, 73, 94, 66, 68, 86, 23, 126, 125, 124, 123, 141, 142, 62, 5, 4, 22, 21, 20, 37, 34, 35, 31, 30, 11, 98, 96, 100, 63, 60, 64, 83, 84, 24, 44, 82, 38, 57, 56, 49, 50, 87, 88, 103, 104, 53, 55, 45, 75, 77, 59, 90, 92, 65, 81, 117, 119, 95, 107, 8, 15, 0, 27, 29, 3, 41, 43, 19, 33]",True,18390342089,18.390342089,"[13, 14, 116, 118, 26, 28, 40, 42, 52, 54, 74, 76, 89, 91, 17, 122, 18, 32, 16, 112, 36, 99, 105, 144, 10, 145, 148, 115, 149, 102, 146, 147, 12, 58, 71, 109, 61, 67, 78, 85, 93, 143, 25, 7, 39, 51, 97, 106, 101, 120, 121, 114, 108, 110, 111, 9, 6, 1, 2, 48, 46, 47, 70, 69, 79, 80, 72, 73, 94, 66, 68, 86, 23, 126, 125, 124, 123, 141, 142, 62, 5, 4, 22, 21, 20, 37, 34, 35, 31, 30, 11, 98, 96, 100, 63, 60, 64, 83, 84, 24, 44, 82, 38, 57, 56, 49, 50, 87, 88, 103, 104, 53, 55, 45, 75, 77, 59, 90, 92, 65, 81, 117, 119, 95, 107, 8, 15, 0, 27, 29, 3, 41, 43, 19, 33]","[33, 19, 43, 41, 3, 29, 27, 0, 15, 8, 107, 95, 119, 117, 81, 65, 92, 90, 59, 77, 75, 45, 55, 53, 104, 103, 88, 87, 50, 49, 56, 57, 38, 82, 44, 24, 84, 83, 64, 60, 63, 100, 96, 98, 11, 30, 31, 35, 34, 37, 20, 21, 22, 4, 5, 62, 142, 141, 123, 124, 125, 126, 23, 86, 68, 66, 94, 73, 72, 80, 79, 69, 70, 47, 46, 48, 2, 1, 6, 9, 111, 110, 108, 114, 121, 120, 101, 106, 97, 51, 39, 7, 25, 143, 93, 85, 78, 67, 61, 109, 71, 58, 12, 147, 146, 102, 149, 115, 148, 145, 10, 144, 105, 99, 36, 112, 16, 32, 18, 122, 17, 91, 89, 76, 74, 54, 52, 42, 40, 28, 26, 118, 116, 14, 13]",complete,325,325,7944,190,1925,854,1071,1071,2,146,146,44,44,44,44
1,452,9,16,133,"[13, 14, 127, 128, 129, 130, 131, 132, 133, 134, 135, 136, 137, 138, 139, 140]","[0, 1, 2, 3, 4, 5, 6, 7, 8, 9, 10, 11, 12, 15, 16, 17, 18, 19, 20, 21, 22, 23, 24, 25, 26, 27, 28, 29, 30, 31, 32, 33, 34, 35, 36, 37, 38, 39, 40, 41, 42, 43, 44, 45, 46, 47, 48, 49, 50, 51, 52, 53, 54, 55, 56, 57, 58, 59, 60, 61, 62, 63, 64, 65, 66, 67, 68, 69, 70, 71, 72, 73, 74, 75, 76, 77, 78, 79, 80, 81, 82, 83, 84, 85, 86, 87, 88, 89, 90, 91, 92, 93, 94, 95, 96, 97, 98, 99, 100, 101, 102, 103, 104, 105, 106, 107, 108, 109, 110, 111, 112, 114, 115, 116, 117, 118, 119, 120, 121, 122, 123, 124, 125, 126, 141, 142, 143, 144, 145, 146, 147, 148, 149]",{},[],0,"[137, 138, 139, 140, 136, 135, 134, 133, 129, 130, 131, 132, 128, 127, 13, 14, 116, 118, 26, 28, 40, 42, 52, 54, 74, 76, 89, 91, 17, 122, 18, 32, 16, 112, 36, 99, 105, 144, 10, 145, 148, 115, 149, 102, 146, 147, 12, 58, 71, 109, 61, 67, 78, 85, 93, 143, 25, 7, 39, 51, 97, 106, 101, 120, 121, 114, 108, 110, 111, 9, 6, 1, 2, 48, 46, 47, 70, 69, 79, 80, 72, 73, 94, 66, 68, 86, 23, 126, 125, 124, 123, 141, 142, 62, 5, 4, 22, 21, 20, 37, 34, 35, 31, 30, 11, 98, 96, 100, 63, 60, 64, 83, 84, 24, 44, 82, 38, 57, 56, 49, 50, 87, 88, 103, 104, 53, 55, 45, 75, 77, 59, 90, 92, 65, 81, 117, 119, 95, 107, 8, 15, 0, 27, 29, 3, 41, 43, 19, 33]",True,18557249650,18.557249650,"[116, 118, 26, 28, 40, 42, 52, 54, 74, 76, 89, 91, 17, 122, 18, 32, 16, 112, 36, 99, 105, 144, 10, 145, 148, 115, 149, 102, 146, 147, 12, 58, 71, 109, 61, 67, 78, 85, 93, 143, 25, 7, 39, 51, 97, 106, 101, 120, 121, 114, 108, 110, 111, 9, 6, 1, 2, 48, 46, 47, 70, 69, 79, 80, 72, 73, 94, 66, 68, 86, 23, 126, 125, 124, 123, 141, 142, 62, 5, 4, 22, 21, 20, 37, 34, 35, 31, 30, 11, 98, 96, 100, 63, 60, 64, 83, 84, 24, 44, 82, 38, 57, 56, 49, 50, 87, 88, 103, 104, 53, 55, 45, 75, 77, 59, 90, 92, 65, 81, 117, 119, 95, 107, 8, 15, 0, 27, 29, 3, 41, 43, 19, 33]","[33, 19, 43, 41, 3, 29, 27, 0, 15, 8, 107, 95, 119, 117, 81, 65, 92, 90, 59, 77, 75, 45, 55, 53, 104, 103, 88, 87, 50, 49, 56, 57, 38, 82, 44, 24, 84, 83, 64, 60, 63, 100, 96, 98, 11, 30, 31, 35, 34, 37, 20, 21, 22, 4, 5, 62, 142, 141, 123, 124, 125, 126, 23, 86, 68, 66, 94, 73, 72, 80, 79, 69, 70, 47, 46, 48, 2, 1, 6, 9, 111, 110, 108, 114, 121, 120, 101, 106, 97, 51, 39, 7, 25, 143, 93, 85, 78, 67, 61, 109, 71, 58, 12, 147, 146, 102, 149, 115, 148, 145, 10, 144, 105, 99, 36, 112, 16, 32, 18, 122, 17, 91, 89, 76, 74, 54, 52, 42, 40, 28, 26, 118, 116]",complete,323,323,7695,190,1923,854,1069,1069,2,146,146,44,44,44,44
1,452,10,18,131,"[13, 14, 116, 118, 127, 128, 129, 130, 131, 132, 133, 134, 135, 136, 137, 138, 139, 140]","[0, 1, 2, 3, 4, 5, 6, 7, 8, 9, 10, 11, 12, 15, 16, 17, 18, 19, 20, 21, 22, 23, 24, 25, 26, 27, 28, 29, 30, 31, 32, 33, 34, 35, 36, 37, 38, 39, 40, 41, 42, 43, 44, 45, 46, 47, 48, 49, 50, 51, 52, 53, 54, 55, 56, 57, 58, 59, 60, 61, 62, 63, 64, 65, 66, 67, 68, 69, 70, 71, 72, 73, 74, 75, 76, 77, 78, 79, 80, 81, 82, 83, 84, 85, 86, 87, 88, 89, 90, 91, 92, 93, 94, 95, 96, 97, 98, 99, 100, 101, 102, 103, 104, 105, 106, 107, 108, 109, 110, 111, 112, 114, 115, 117, 119, 120, 121, 122, 123, 124, 125, 126, 141, 142, 143, 144, 145, 146, 147, 148, 149]",{},[],0,"[137, 138, 139, 140, 136, 135, 134, 133, 129, 130, 131, 132, 128, 127, 13, 14, 116, 118, 26, 28, 40, 42, 52, 54, 74, 76, 89, 91, 17, 122, 18, 32, 16, 112, 36, 99, 105, 144, 10, 145, 148, 115, 149, 102, 146, 147, 12, 58, 71, 109, 61, 67, 78, 85, 93, 143, 25, 7, 39, 51, 97, 106, 101, 120, 121, 114, 108, 110, 111, 9, 6, 1, 2, 48, 46, 47, 70, 69, 79, 80, 72, 73, 94, 66, 68, 86, 23, 126, 125, 124, 123, 141, 142, 62, 5, 4, 22, 21, 20, 37, 34, 35, 31, 30, 11, 98, 96, 100, 63, 60, 64, 83, 84, 24, 44, 82, 38, 57, 56, 49, 50, 87, 88, 103, 104, 53, 55, 45, 75, 77, 59, 90, 92, 65, 81, 117, 119, 95, 107, 8, 15, 0, 27, 29, 3, 41, 43, 19, 33]",True,19123546065,19.123546065,"[26, 28, 40, 42, 52, 54, 74, 76, 89, 91, 17, 122, 18, 32, 16, 112, 36, 99, 105, 144, 10, 145, 148, 115, 149, 102, 146, 147, 12, 58, 71, 109, 61, 67, 78, 85, 93, 143, 25, 7, 39, 51, 97, 106, 101, 120, 121, 114, 108, 110, 111, 9, 6, 1, 2, 48, 46, 47, 70, 69, 79, 80, 72, 73, 94, 66, 68, 86, 23, 126, 125, 124, 123, 141, 142, 62, 5, 4, 22, 21, 20, 37, 34, 35, 31, 30, 11, 98, 96, 100, 63, 60, 64, 83, 84, 24, 44, 82, 38, 57, 56, 49, 50, 87, 88, 103, 104, 53, 55, 45, 75, 77, 59, 90, 92, 65, 81, 117, 119, 95, 107, 8, 15, 0, 27, 29, 3, 41, 43, 19, 33]","[33, 19, 43, 41, 3, 29, 27, 0, 15, 8, 107, 95, 119, 117, 81, 65, 92, 90, 59, 77, 75, 45, 55, 53, 104, 103, 88, 87, 50, 49, 56, 57, 38, 82, 44, 24, 84, 83, 64, 60, 63, 100, 96, 98, 11, 30, 31, 35, 34, 37, 20, 21, 22, 4, 5, 62, 142, 141, 123, 124, 125, 126, 23, 86, 68, 66, 94, 73, 72, 80, 79, 69, 70, 47, 46, 48, 2, 1, 6, 9, 111, 110, 108, 114, 121, 120, 101, 106, 97, 51, 39, 7, 25, 143, 93, 85, 78, 67, 61, 109, 71, 58, 12, 147, 146, 102, 149, 115, 148, 145, 10, 144, 105, 99, 36, 112, 16, 32, 18, 122, 17, 91, 89, 76, 74, 54, 52, 42, 40, 28, 26]",complete,321,321,7450,190,1921,854,1067,1067,2,146,146,44,44,44,44
1,452,11,20,129,"[13, 14, 26, 28, 116, 118, 127, 128, 129, 130, 131, 132, 133, 134, 135, 136, 137, 138, 139, 140]","[0, 1, 2, 3, 4, 5, 6, 7, 8, 9, 10, 11, 12, 15, 16, 17, 18, 19, 20, 21, 22, 23, 24, 25, 27, 29, 30, 31, 32, 33, 34, 35, 36, 37, 38, 39, 40, 41, 42, 43, 44, 45, 46, 47, 48, 49, 50, 51, 52, 53, 54, 55, 56, 57, 58, 59, 60, 61, 62, 63, 64, 65, 66, 67, 68, 69, 70, 71, 72, 73, 74, 75, 76, 77, 78, 79, 80, 81, 82, 83, 84, 85, 86, 87, 88, 89, 90, 91, 92, 93, 94, 95, 96, 97, 98, 99, 100, 101, 102, 103, 104, 105, 106, 107, 108, 109, 110, 111, 112, 114, 115, 117, 119, 120, 121, 122, 123, 124, 125, 126, 141, 142, 143, 144, 145, 146, 147, 148, 149]",{},[],0,"[137, 138, 139, 140, 136, 135, 134, 133, 129, 130, 131, 132, 128, 127, 13, 14, 116, 118, 26, 28, 40, 42, 52, 54, 74, 76, 89, 91, 17, 122, 18, 32, 16, 112, 36, 99, 105, 144, 10, 145, 148, 115, 149, 102, 146, 147, 12, 58, 71, 109, 61, 67, 78, 85, 93, 143, 25, 7, 39, 51, 97, 106, 101, 120, 121, 114, 108, 110, 111, 9, 6, 1, 2, 48, 46, 47, 70, 69, 79, 80, 72, 73, 94, 66, 68, 86, 23, 126, 125, 124, 123, 141, 142, 62, 5, 4, 22, 21, 20, 37, 34, 35, 31, 30, 11, 98, 96, 100, 63, 60, 64, 83, 84, 24, 44, 82, 38, 57, 56, 49, 50, 87, 88, 103, 104, 53, 55, 45, 75, 77, 59, 90, 92, 65, 81, 117, 119, 95, 107, 8, 15, 0, 27, 29, 3, 41, 43, 19, 33]",True,18907640549,18.907640549,"[40, 42, 52, 54, 74, 76, 89, 91, 17, 122, 18, 32, 16, 112, 36, 99, 105, 144, 10, 145, 148, 115, 149, 102, 146, 147, 12, 58, 71, 109, 61, 67, 78, 85, 93, 143, 25, 7, 39, 51, 97, 106, 101, 120, 121, 114, 108, 110, 111, 9, 6, 1, 2, 48, 46, 47, 70, 69, 79, 80, 72, 73, 94, 66, 68, 86, 23, 126, 125, 124, 123, 141, 142, 62, 5, 4, 22, 21, 20, 37, 34, 35, 31, 30, 11, 98, 96, 100, 63, 60, 64, 83, 84, 24, 44, 82, 38, 57, 56, 49, 50, 87, 88, 103, 104, 53, 55, 45, 75, 77, 59, 90, 92, 65, 81, 117, 119, 95, 107, 8, 15, 0, 27, 29, 3, 41, 43, 19, 33]","[33, 19, 43, 41, 3, 29, 27, 0, 15, 8, 107, 95, 119, 117, 81, 65, 92, 90, 59, 77, 75, 45, 55, 53, 104, 103, 88, 87, 50, 49, 56, 57, 38, 82, 44, 24, 84, 83, 64, 60, 63, 100, 96, 98, 11, 30, 31, 35, 34, 37, 20, 21, 22, 4, 5, 62, 142, 141, 123, 124, 125, 126, 23, 86, 68, 66, 94, 73, 72, 80, 79, 69, 70, 47, 46, 48, 2, 1, 6, 9, 111, 110, 108, 114, 121, 120, 101, 106, 97, 51, 39, 7, 25, 143, 93, 85, 78, 67, 61, 109, 71, 58, 12, 147, 146, 102, 149, 115, 148, 145, 10, 144, 105, 99, 36, 112, 16, 32, 18, 122, 17, 91, 89, 76, 74, 54, 52, 42, 40]",complete,319,319,7209,190,1919,854,1065,1065,2,146,146,44,44,44,44
1,452,12,22,127,"[13, 14, 26, 28, 40, 42, 116, 118, 127, 128, 129, 130, 131, 132, 133, 134, 135, 136, 137, 138, 139, 140]","[0, 1, 2, 3, 4, 5, 6, 7, 8, 9, 10, 11, 12, 15, 16, 17, 18, 19, 20, 21, 22, 23, 24, 25, 27, 29, 30, 31, 32, 33, 34, 35, 36, 37, 38, 39, 41, 43, 44, 45, 46, 47, 48, 49, 50, 51, 52, 53, 54, 55, 56, 57, 58, 59, 60, 61, 62, 63, 64, 65, 66, 67, 68, 69, 70, 71, 72, 73, 74, 75, 76, 77, 78, 79, 80, 81, 82, 83, 84, 85, 86, 87, 88, 89, 90, 91, 92, 93, 94, 95, 96, 97, 98, 99, 100, 101, 102, 103, 104, 105, 106, 107, 108, 109, 110, 111, 112, 114, 115, 117, 119, 120, 121, 122, 123, 124, 125, 126, 141, 142, 143, 144, 145, 146, 147, 148, 149]",{},[],0,"[137, 138, 139, 140, 136, 135, 134, 133, 129, 130, 131, 132, 128, 127, 13, 14, 116, 118, 26, 28, 40, 42, 52, 54, 74, 76, 89, 91, 17, 122, 18, 32, 16, 112, 36, 99, 105, 144, 10, 145, 148, 115, 149, 102, 146, 147, 12, 58, 71, 109, 61, 67, 78, 85, 93, 143, 25, 7, 39, 51, 97, 106, 101, 120, 121, 114, 108, 110, 111, 9, 6, 1, 2, 48, 46, 47, 70, 69, 79, 80, 72, 73, 94, 66, 68, 86, 23, 126, 125, 124, 123, 141, 142, 62, 5, 4, 22, 21, 20, 37, 34, 35, 31, 30, 11, 98, 96, 100, 63, 60, 64, 83, 84, 24, 44, 82, 38, 57, 56, 49, 50, 87, 88, 103, 104, 53, 55, 45, 75, 77, 59, 90, 92, 65, 81, 117, 119, 95, 107, 8, 15, 0, 27, 29, 3, 41, 43, 19, 33]",True,18827373335,18.827373335,"[52, 54, 74, 76, 89, 91, 17, 122, 18, 32, 16, 112, 36, 99, 105, 144, 10, 145, 148, 115, 149, 102, 146, 147, 12, 58, 71, 109, 61, 67, 78, 85, 93, 143, 25, 7, 39, 51, 97, 106, 101, 120, 121, 114, 108, 110, 111, 9, 6, 1, 2, 48, 46, 47, 70, 69, 79, 80, 72, 73, 94, 66, 68, 86, 23, 126, 125, 124, 123, 141, 142, 62, 5, 4, 22, 21, 20, 37, 34, 35, 31, 30, 11, 98, 96, 100, 63, 60, 64, 83, 84, 24, 44, 82, 38, 57, 56, 49, 50, 87, 88, 103, 104, 53, 55, 45, 75, 77, 59, 90, 92, 65, 81, 117, 119, 95, 107, 8, 15, 0, 27, 29, 3, 41, 43, 19, 33]","[33, 19, 43, 41, 3, 29, 27, 0, 15, 8, 107, 95, 119, 117, 81, 65, 92, 90, 59, 77, 75, 45, 55, 53, 104, 103, 88, 87, 50, 49, 56, 57, 38, 82, 44, 24, 84, 83, 64, 60, 63, 100, 96, 98, 11, 30, 31, 35, 34, 37, 20, 21, 22, 4, 5, 62, 142, 141, 123, 124, 125, 126, 23, 86, 68, 66, 94, 73, 72, 80, 79, 69, 70, 47, 46, 48, 2, 1, 6, 9, 111, 110, 108, 114, 121, 120, 101, 106, 97, 51, 39, 7, 25, 143, 93, 85, 78, 67, 61, 109, 71, 58, 12, 147, 146, 102, 149, 115, 148, 145, 10, 144, 105, 99, 36, 112, 16, 32, 18, 122, 17, 91, 89, 76, 74, 54, 52]",complete,317,317,6972,190,1917,854,1063,1063,2,146,146,44,44,44,44
1,452,13,24,125,"[13, 14, 26, 28, 40, 42, 52, 54, 116, 118, 127, 128, 129, 130, 131, 132, 133, 134, 135, 136, 137, 138, 139, 140]","[0, 1, 2, 3, 4, 5, 6, 7, 8, 9, 10, 11, 12, 15, 16, 17, 18, 19, 20, 21, 22, 23, 24, 25, 27, 29, 30, 31, 32, 33, 34, 35, 36, 37, 38, 39, 41, 43, 44, 45, 46, 47, 48, 49, 50, 51, 53, 55, 56, 57, 58, 59, 60, 61, 62, 63, 64, 65, 66, 67, 68, 69, 70, 71, 72, 73, 74, 75, 76, 77, 78, 79, 80, 81, 82, 83, 84, 85, 86, 87, 88, 89, 90, 91, 92, 93, 94, 95, 96, 97, 98, 99, 100, 101, 102, 103, 104, 105, 106, 107, 108, 109, 110, 111, 112, 114, 115, 117, 119, 120, 121, 122, 123, 124, 125, 126, 141, 142, 143, 144, 145, 146, 147, 148, 149]",{},[],0,"[137, 138, 139, 140, 136, 135, 134, 133, 129, 130, 131, 132, 128, 127, 13, 14, 116, 118, 26, 28, 40, 42, 52, 54, 74, 76, 89, 91, 17, 122, 18, 32, 16, 112, 36, 99, 105, 144, 10, 145, 148, 115, 149, 102, 146, 147, 12, 58, 71, 109, 61, 67, 78, 85, 93, 143, 25, 7, 39, 51, 97, 106, 101, 120, 121, 114, 108, 110, 111, 9, 6, 1, 2, 48, 46, 47, 70, 69, 79, 80, 72, 73, 94, 66, 68, 86, 23, 126, 125, 124, 123, 141, 142, 62, 5, 4, 22, 21, 20, 37, 34, 35, 31, 30, 11, 98, 96, 100, 63, 60, 64, 83, 84, 24, 44, 82, 38, 57, 56, 49, 50, 87, 88, 103, 104, 53, 55, 45, 75, 77, 59, 90, 92, 65, 81, 117, 119, 95, 107, 8, 15, 0, 27, 29, 3, 41, 43, 19, 33]",True,18753379708,18.753379708,"[74, 76, 89, 91, 17, 122, 18, 32, 16, 112, 36, 99, 105, 144, 10, 145, 148, 115, 149, 102, 146, 147, 12, 58, 71, 109, 61, 67, 78, 85, 93, 143, 25, 7, 39, 51, 97, 106, 101, 120, 121, 114, 108, 110, 111, 9, 6, 1, 2, 48, 46, 47, 70, 69, 79, 80, 72, 73, 94, 66, 68, 86, 23, 126, 125, 124, 123, 141, 142, 62, 5, 4, 22, 21, 20, 37, 34, 35, 31, 30, 11, 98, 96, 100, 63, 60, 64, 83, 84, 24, 44, 82, 38, 57, 56, 49, 50, 87, 88, 103, 104, 53, 55, 45, 75, 77, 59, 90, 92, 65, 81, 117, 119, 95, 107, 8, 15, 0, 27, 29, 3, 41, 43, 19, 33]","[33, 19, 43, 41, 3, 29, 27, 0, 15, 8, 107, 95, 119, 117, 81, 65, 92, 90, 59, 77, 75, 45, 55, 53, 104, 103, 88, 87, 50, 49, 56, 57, 38, 82, 44, 24, 84, 83, 64, 60, 63, 100, 96, 98, 11, 30, 31, 35, 34, 37, 20, 21, 22, 4, 5, 62, 142, 141, 123, 124, 125, 126, 23, 86, 68, 66, 94, 73, 72, 80, 79, 69, 70, 47, 46, 48, 2, 1, 6, 9, 111, 110, 108, 114, 121, 120, 101, 106, 97, 51, 39, 7, 25, 143, 93, 85, 78, 67, 61, 109, 71, 58, 12, 147, 146, 102, 149, 115, 148, 145, 10, 144, 105, 99, 36, 112, 16, 32, 18, 122, 17, 91, 89, 76, 74]",complete,315,315,6739,190,1915,854,1061,1061,2,146,146,44,44,44,44
1,452,14,26,123,"[13, 14, 26, 28, 40, 42, 52, 54, 74, 76, 116, 118, 127, 128, 129, 130, 131, 132, 133, 134, 135, 136, 137, 138, 139, 140]","[0, 1, 2, 3, 4, 5, 6, 7, 8, 9, 10, 11, 12, 15, 16, 17, 18, 19, 20, 21, 22, 23, 24, 25, 27, 29, 30, 31, 32, 33, 34, 35, 36, 37, 38, 39, 41, 43, 44, 45, 46, 47, 48, 49, 50, 51, 53, 55, 56, 57, 58, 59, 60, 61, 62, 63, 64, 65, 66, 67, 68, 69, 70, 71, 72, 73, 75, 77, 78, 79, 80, 81, 82, 83, 84, 85, 86, 87, 88, 89, 90, 91, 92, 93, 94, 95, 96, 97, 98, 99, 100, 101, 102, 103, 104, 105, 106, 107, 108, 109, 110, 111, 112, 114, 115, 117, 119, 120, 121, 122, 123, 124, 125, 126, 141, 142, 143, 144, 145, 146, 147, 148, 149]",{},[],0,"[137, 138, 139, 140, 136, 135, 134, 133, 129, 130, 131, 132, 128, 127, 13, 14, 116, 118, 26, 28, 40, 42, 52, 54, 74, 76, 89, 91, 17, 122, 18, 32, 16, 112, 36, 99, 105, 144, 10, 145, 148, 115, 149, 102, 146, 147, 12, 58, 71, 109, 61, 67, 78, 85, 93, 143, 25, 7, 39, 51, 97, 106, 101, 120, 121, 114, 108, 110, 111, 9, 6, 1, 2, 48, 46, 47, 70, 69, 79, 80, 72, 73, 94, 66, 68, 86, 23, 126, 125, 124, 123, 141, 142, 62, 5, 4, 22, 21, 20, 37, 34, 35, 31, 30, 11, 98, 96, 100, 63, 60, 64, 83, 84, 24, 44, 82, 38, 57, 56, 49, 50, 87, 88, 103, 104, 53, 55, 45, 75, 77, 59, 90, 92, 65, 81, 117, 119, 95, 107, 8, 15, 0, 27, 29, 3, 41, 43, 19, 33]",True,18956169222,18.956169222,"[89, 91, 17, 122, 18, 32, 16, 112, 36, 99, 105, 144, 10, 145, 148, 115, 149, 102, 146, 147, 12, 58, 71, 109, 61, 67, 78, 85, 93, 143, 25, 7, 39, 51, 97, 106, 101, 120, 121, 114, 108, 110, 111, 9, 6, 1, 2, 48, 46, 47, 70, 69, 79, 80, 72, 73, 94, 66, 68, 86, 23, 126, 125, 124, 123, 141, 142, 62, 5, 4, 22, 21, 20, 37, 34, 35, 31, 30, 11, 98, 96, 100, 63, 60, 64, 83, 84, 24, 44, 82, 38, 57, 56, 49, 50, 87, 88, 103, 104, 53, 55, 45, 75, 77, 59, 90, 92, 65, 81, 117, 119, 95, 107, 8, 15, 0, 27, 29, 3, 41, 43, 19, 33]","[33, 19, 43, 41, 3, 29, 27, 0, 15, 8, 107, 95, 119, 117, 81, 65, 92, 90, 59, 77, 75, 45, 55, 53, 104, 103, 88, 87, 50, 49, 56, 57, 38, 82, 44, 24, 84, 83, 64, 60, 63, 100, 96, 98, 11, 30, 31, 35, 34, 37, 20, 21, 22, 4, 5, 62, 142, 141, 123, 124, 125, 126, 23, 86, 68, 66, 94, 73, 72, 80, 79, 69, 70, 47, 46, 48, 2, 1, 6, 9, 111, 110, 108, 114, 121, 120, 101, 106, 97, 51, 39, 7, 25, 143, 93, 85, 78, 67, 61, 109, 71, 58, 12, 147, 146, 102, 149, 115, 148, 145, 10, 144, 105, 99, 36, 112, 16, 32, 18, 122, 17, 91, 89]",complete,313,313,6510,190,1913,854,1059,1059,2,146,146,44,44,44,44
1,452,15,28,121,"[13, 14, 26, 28, 40, 42, 52, 54, 74, 76, 89, 91, 116, 118, 127, 128, 129, 130, 131, 132, 133, 134, 135, 136, 137, 138, 139, 140]","[0, 1, 2, 3, 4, 5, 6, 7, 8, 9, 10, 11, 12, 15, 16, 17, 18, 19, 20, 21, 22, 23, 24, 25, 27, 29, 30, 31, 32, 33, 34, 35, 36, 37, 38, 39, 41, 43, 44, 45, 46, 47, 48, 49, 50, 51, 53, 55, 56, 57, 58, 59, 60, 61, 62, 63, 64, 65, 66, 67, 68, 69, 70, 71, 72, 73, 75, 77, 78, 79, 80, 81, 82, 83, 84, 85, 86, 87, 88, 90, 92, 93, 94, 95, 96, 97, 98, 99, 100, 101, 102, 103, 104, 105, 106, 107, 108, 109, 110, 111, 112, 114, 115, 117, 119, 120, 121, 122, 123, 124, 125, 126, 141, 142, 143, 144, 145, 146, 147, 148, 149]",{},[],0,"[137, 138, 139, 140, 136, 135, 134, 133, 129, 130, 131, 132, 128, 127, 13, 14, 116, 118, 26, 28, 40, 42, 52, 54, 74, 76, 89, 91, 17, 122, 18, 32, 16, 112, 36, 99, 105, 144, 10, 145, 148, 115, 149, 102, 146, 147, 12, 58, 71, 109, 61, 67, 78, 85, 93, 143, 25, 7, 39, 51, 97, 106, 101, 120, 121, 114, 108, 110, 111, 9, 6, 1, 2, 48, 46, 47, 70, 69, 79, 80, 72, 73, 94, 66, 68, 86, 23, 126, 125, 124, 123, 141, 142, 62, 5, 4, 22, 21, 20, 37, 34, 35, 31, 30, 11, 98, 96, 100, 63, 60, 64, 83, 84, 24, 44, 82, 38, 57, 56, 49, 50, 87, 88, 103, 104, 53, 55, 45, 75, 77, 59, 90, 92, 65, 81, 117, 119, 95, 107, 8, 15, 0, 27, 29, 3, 41, 43, 19, 33]",True,18704484832,18.704484832,"[17, 122, 18, 32, 16, 112, 36, 99, 105, 144, 10, 145, 148, 115, 149, 102, 146, 147, 12, 58, 71, 109, 61, 67, 78, 85, 93, 143, 25, 7, 39, 51, 97, 106, 101, 120, 121, 114, 108, 110, 111, 9, 6, 1, 2, 48, 46, 47, 70, 69, 79, 80, 72, 73, 94, 66, 68, 86, 23, 126, 125, 124, 123, 141, 142, 62, 5, 4, 22, 21, 20, 37, 34, 35, 31, 30, 11, 98, 96, 100, 63, 60, 64, 83, 84, 24, 44, 82, 38, 57, 56, 49, 50, 87, 88, 103, 104, 53, 55, 45, 75, 77, 59, 90, 92, 65, 81, 117, 119, 95, 107, 8, 15, 0, 27, 29, 3, 41, 43, 19, 33]","[33, 19, 43, 41, 3, 29, 27, 0, 15, 8, 107, 95, 119, 117, 81, 65, 92, 90, 59, 77, 75, 45, 55, 53, 104, 103, 88, 87, 50, 49, 56, 57, 38, 82, 44, 24, 84, 83, 64, 60, 63, 100, 96, 98, 11, 30, 31, 35, 34, 37, 20, 21, 22, 4, 5, 62, 142, 141, 123, 124, 125, 126, 23, 86, 68, 66, 94, 73, 72, 80, 79, 69, 70, 47, 46, 48, 2, 1, 6, 9, 111, 110, 108, 114, 121, 120, 101, 106, 97, 51, 39, 7, 25, 143, 93, 85, 78, 67, 61, 109, 71, 58, 12, 147, 146, 102, 149, 115, 148, 145, 10, 144, 105, 99, 36, 112, 16, 32, 18, 122, 17]",complete,311,311,6285,190,1911,854,1057,1057,2,146,146,44,44,44,44
1,452,16,30,119,"[13, 14, 17, 26, 28, 40, 42, 52, 54, 74, 76, 89, 91, 116, 118, 122, 127, 128, 129, 130, 131, 132, 133, 134, 135, 136, 137, 138, 139, 140]","[0, 1, 2, 3, 4, 5, 6, 7, 8, 9, 10, 11, 12, 15, 16, 18, 19, 20, 21, 22, 23, 24, 25, 27, 29, 30, 31, 32, 33, 34, 35, 36, 37, 38, 39, 41, 43, 44, 45, 46, 47, 48, 49, 50, 51, 53, 55, 56, 57, 58, 59, 60, 61, 62, 63, 64, 65, 66, 67, 68, 69, 70, 71, 72, 73, 75, 77, 78, 79, 80, 81, 82, 83, 84, 85, 86, 87, 88, 90, 92, 93, 94, 95, 96, 97, 98, 99, 100, 101, 102, 103, 104, 105, 106, 107, 108, 109, 110, 111, 112, 114, 115, 117, 119, 120, 121, 123, 124, 125, 126, 141, 142, 143, 144, 145, 146, 147, 148, 149]",{},[],0,"[137, 138, 139, 140, 136, 135, 134, 133, 129, 130, 131, 132, 128, 127, 13, 14, 116, 118, 26, 28, 40, 42, 52, 54, 74, 76, 89, 91, 17, 122, 18, 32, 16, 112, 36, 99, 105, 144, 10, 145, 148, 115, 149, 102, 146, 147, 12, 58, 71, 109, 61, 67, 78, 85, 93, 143, 25, 7, 39, 51, 97, 106, 101, 120, 121, 114, 108, 110, 111, 9, 6, 1, 2, 48, 46, 47, 70, 69, 79, 80, 72, 73, 94, 66, 68, 86, 23, 126, 125, 124, 123, 141, 142, 62, 5, 4, 22, 21, 20, 37, 34, 35, 31, 30, 11, 98, 96, 100, 63, 60, 64, 83, 84, 24, 44, 82, 38, 57, 56, 49, 50, 87, 88, 103, 104, 53, 55, 45, 75, 77, 59, 90, 92, 65, 81, 117, 119, 95, 107, 8, 15, 0, 27, 29, 3, 41, 43, 19, 33]",True,17948092674,17.948092674,"[18, 32, 16, 112, 36, 99, 105, 144, 10, 145, 148, 115, 149, 102, 146, 147, 12, 58, 71, 109, 61, 67, 78, 85, 93, 143, 25, 7, 39, 51, 97, 106, 101, 120, 121, 114, 108, 110, 111, 9, 6, 1, 2, 48, 46, 47, 70, 69, 79, 80, 72, 73, 94, 66, 68, 86, 23, 126, 125, 124, 123, 141, 142, 62, 5, 4, 22, 21, 20, 37, 34, 35, 31, 30, 11, 98, 96, 100, 63, 60, 64, 83, 84, 24, 44, 82, 38, 57, 56, 49, 50, 87, 88, 103, 104, 53, 55, 45, 75, 77, 59, 90, 92, 65, 81, 117, 119, 95, 107, 8, 15, 0, 27, 29, 3, 41, 43, 19, 33]","[33, 19, 43, 41, 3, 29, 27, 0, 15, 8, 107, 95, 119, 117, 81, 65, 92, 90, 59, 77, 75, 45, 55, 53, 104, 103, 88, 87, 50, 49, 56, 57, 38, 82, 44, 24, 84, 83, 64, 60, 63, 100, 96, 98, 11, 30, 31, 35, 34, 37, 20, 21, 22, 4, 5, 62, 142, 141, 123, 124, 125, 126, 23, 86, 68, 66, 94, 73, 72, 80, 79, 69, 70, 47, 46, 48, 2, 1, 6, 9, 111, 110, 108, 114, 121, 120, 101, 106, 97, 51, 39, 7, 25, 143, 93, 85, 78, 67, 61, 109, 71, 58, 12, 147, 146, 102, 149, 115, 148, 145, 10, 144, 105, 99, 36, 112, 16, 32, 18]",complete,309,309,6064,190,1909,854,1055,1055,2,146,146,44,44,44,44
1,452,17,32,117,"[13, 14, 17, 18, 26, 28, 32, 40, 42, 52, 54, 74, 76, 89, 91, 116, 118, 122, 127, 128, 129, 130, 131, 132, 133, 134, 135, 136, 137, 138, 139, 140]","[0, 1, 2, 3, 4, 5, 6, 7, 8, 9, 10, 11, 12, 15, 16, 19, 20, 21, 22, 23, 24, 25, 27, 29, 30, 31, 33, 34, 35, 36, 37, 38, 39, 41, 43, 44, 45, 46, 47, 48, 49, 50, 51, 53, 55, 56, 57, 58, 59, 60, 61, 62, 63, 64, 65, 66, 67, 68, 69, 70, 71, 72, 73, 75, 77, 78, 79, 80, 81, 82, 83, 84, 85, 86, 87, 88, 90, 92, 93, 94, 95, 96, 97, 98, 99, 100, 101, 102, 103, 104, 105, 106, 107, 108, 109, 110, 111, 112, 114, 115, 117, 119, 120, 121, 123, 124, 125, 126, 141, 142, 143, 144, 145, 146, 147, 148, 149]",{},[],0,"[137, 138, 139, 140, 136, 135, 134, 133, 129, 130, 131, 132, 128, 127, 13, 14, 116, 118, 26, 28, 40, 42, 52, 54, 74, 76, 89, 91, 17, 122, 18, 32, 16, 112, 36, 99, 105, 144, 10, 145, 148, 115, 149, 102, 146, 147, 12, 58, 71, 109, 61, 67, 78, 85, 93, 143, 25, 7, 39, 51, 97, 106, 101, 120, 121, 114, 108, 110, 111, 9, 6, 1, 2, 48, 46, 47, 70, 69, 79, 80, 72, 73, 94, 66, 68, 86, 23, 126, 125, 124, 123, 141, 142, 62, 5, 4, 22, 21, 20, 37, 34, 35, 31, 30, 11, 98, 96, 100, 63, 60, 64, 83, 84, 24, 44, 82, 38, 57, 56, 49, 50, 87, 88, 103, 104, 53, 55, 45, 75, 77, 59, 90, 92, 65, 81, 117, 119, 95, 107, 8, 15, 0, 27, 29, 3, 41, 43, 19, 33]",True,18547524773,18.547524773,"[16, 112, 36, 99, 105, 144, 10, 145, 148, 115, 149, 102, 146, 147, 12, 58, 71, 109, 61, 67, 78, 85, 93, 143, 25, 7, 39, 51, 97, 106, 101, 120, 121, 114, 108, 110, 111, 9, 6, 1, 2, 48, 46, 47, 70, 69, 79, 80, 72, 73, 94, 66, 68, 86, 23, 126, 125, 124, 123, 141, 142, 62, 5, 4, 22, 21, 20, 37, 34, 35, 31, 30, 11, 98, 96, 100, 63, 60, 64, 83, 84, 24, 44, 82, 38, 57, 56, 49, 50, 87, 88, 103, 104, 53, 55, 45, 75, 77, 59, 90, 92, 65, 81, 117, 119, 95, 107, 8, 15, 0, 27, 29, 3, 41, 43, 19, 33]","[33, 19, 43, 41, 3, 29, 27, 0, 15, 8, 107, 95, 119, 117, 81, 65, 92, 90, 59, 77, 75, 45, 55, 53, 104, 103, 88, 87, 50, 49, 56, 57, 38, 82, 44, 24, 84, 83, 64, 60, 63, 100, 96, 98, 11, 30, 31, 35, 34, 37, 20, 21, 22, 4, 5, 62, 142, 141, 123, 124, 125, 126, 23, 86, 68, 66, 94, 73, 72, 80, 79, 69, 70, 47, 46, 48, 2, 1, 6, 9, 111, 110, 108, 114, 121, 120, 101, 106, 97, 51, 39, 7, 25, 143, 93, 85, 78, 67, 61, 109, 71, 58, 12, 147, 146, 102, 149, 115, 148, 145, 10, 144, 105, 99, 36, 112, 16]",complete,307,307,5847,190,1907,854,1053,1053,2,146,146,44,44,44,44
1,452,18,34,115,"[13, 14, 16, 17, 18, 26, 28, 32, 40, 42, 52, 54, 74, 76, 89, 91, 112, 116, 118, 122, 127, 128, 129, 130, 131, 132, 133, 134, 135, 136, 137, 138, 139, 140]","[0, 1, 2, 3, 4, 5, 6, 7, 8, 9, 10, 11, 12, 15, 19, 20, 21, 22, 23, 24, 25, 27, 29, 30, 31, 33, 34, 35, 36, 37, 38, 39, 41, 43, 44, 45, 46, 47, 48, 49, 50, 51, 53, 55, 56, 57, 58, 59, 60, 61, 62, 63, 64, 65, 66, 67, 68, 69, 70, 71, 72, 73, 75, 77, 78, 79, 80, 81, 82, 83, 84, 85, 86, 87, 88, 90, 92, 93, 94, 95, 96, 97, 98, 99, 100, 101, 102, 103, 104, 105, 106, 107, 108, 109, 110, 111, 114, 115, 117, 119, 120, 121, 123, 124, 125, 126, 141, 142, 143, 144, 145, 146, 147, 148, 149]","{""support_1"": 108}",[108],1,"[137, 138, 139, 140, 136, 135, 134, 133, 129, 130, 131, 132, 128, 127, 13, 14, 116, 118, 26, 28, 40, 42, 52, 54, 74, 76, 89, 91, 17, 122, 18, 32, 16, 112, 36, 99, 105, 144, 10, 145, 148, 115, 149, 102, 146, 147, 12, 58, 71, 109, 61, 67, 78, 85, 93, 143, 25, 7, 39, 51, 97, 106, 101, 120, 121, 114, 108, 110, 111, 9, 6, 1, 2, 48, 46, 47, 70, 69, 79, 80, 72, 73, 94, 66, 68, 86, 23, 126, 125, 124, 123, 141, 142, 62, 5, 4, 22, 21, 20, 37, 34, 35, 31, 30, 11, 98, 96, 100, 63, 60, 64, 83, 84, 24, 44, 82, 38, 57, 56, 49, 50, 87, 88, 103, 104, 53, 55, 45, 75, 77, 59, 90, 92, 65, 81, 117, 119, 95, 107, 8, 15, 0, 27, 29, 3, 41, 43, 19, 33]",True,18506077687,18.506077687,"[36, 99, 105, 144, 10, 145, 148, 115, 149, 102, 146, 147, 12, 58, 71, 109, 61, 67, 78, 85, 93, 143, 25, 7, 39, 51, 97, 106, 101, 120, 121, 114, 108, 110, 111, 9, 6, 1, 2, 48, 46, 47, 70, 69, 79, 80, 72, 73, 94, 66, 68, 86, 23, 126, 125, 124, 123, 141, 142, 62, 5, 4, 22, 21, 20, 37, 34, 35, 31, 30, 11, 98, 96, 100, 63, 60, 64, 83, 84, 24, 44, 82, 38, 57, 56, 49, 50, 87, 88, 103, 104, 53, 55, 45, 75, 77, 59, 90, 92, 65, 81, 117, 119, 95, 107, 8, 15, 0, 27, 29, 3, 41, 43, 19, 33]","[33, 19, 43, 41, 3, 29, 27, 0, 15, 8, 107, 95, 119, 117, 81, 65, 92, 90, 59, 77, 75, 45, 55, 53, 104, 103, 88, 87, 50, 49, 56, 57, 38, 82, 44, 24, 84, 83, 64, 60, 63, 100, 96, 98, 11, 30, 31, 35, 34, 37, 20, 21, 22, 4, 5, 62, 142, 141, 123, 124, 125, 126, 23, 86, 68, 66, 94, 73, 72, 80, 79, 69, 70, 47, 46, 48, 2, 1, 6, 9, 111, 110, 108, 114, 121, 120, 101, 106, 97, 51, 39, 7, 25, 143, 93, 85, 78, 67, 61, 109, 71, 58, 12, 147, 146, 102, 149, 115, 148, 145, 10, 144, 105, 99, 36]",complete,305,305,5634,190,1905,854,1051,1051,2,145,145,44,44,43,44
1,452,19,36,113,"[13, 14, 16, 17, 18, 26, 28, 32, 36, 40, 42, 52, 54, 74, 76, 89, 91, 99, 112, 116, 118, 122, 127, 128, 129, 130, 131, 132, 133, 134, 135, 136, 137, 138, 139, 140]","[0, 1, 2, 3, 4, 5, 6, 7, 8, 9, 10, 11, 12, 15, 19, 20, 21, 22, 23, 24, 25, 27, 29, 30, 31, 33, 34, 35, 37, 38, 39, 41, 43, 44, 45, 46, 47, 48, 49, 50, 51, 53, 55, 56, 57, 58, 59, 60, 61, 62, 63, 64, 65, 66, 67, 68, 69, 70, 71, 72, 73, 75, 77, 78, 79, 80, 81, 82, 83, 84, 85, 86, 87, 88, 90, 92, 93, 94, 95, 96, 97, 98, 100, 101, 102, 103, 104, 105, 106, 107, 108, 109, 110, 111, 114, 115, 117, 119, 120, 121, 123, 124, 125, 126, 141, 142, 143, 144, 145, 146, 147, 148, 149]","{""support_1"": 108}",[108],1,"[137, 138, 139, 140, 136, 135, 134, 133, 129, 130, 131, 132, 128, 127, 13, 14, 116, 118, 26, 28, 40, 42, 52, 54, 74, 76, 89, 91, 17, 122, 18, 32, 16, 112, 36, 99, 105, 144, 10, 145, 148, 115, 149, 102, 146, 147, 12, 58, 71, 109, 61, 67, 78, 85, 93, 143, 25, 7, 39, 51, 97, 106, 101, 120, 121, 114, 108, 110, 111, 9, 6, 1, 2, 48, 46, 47, 70, 69, 79, 80, 72, 73, 94, 66, 68, 86, 23, 126, 125, 124, 123, 141, 142, 62, 5, 4, 22, 21, 20, 37, 34, 35, 31, 30, 11, 98, 96, 100, 63, 60, 64, 83, 84, 24, 44, 82, 38, 57, 56, 49, 50, 87, 88, 103, 104, 53, 55, 45, 75, 77, 59, 90, 92, 65, 81, 117, 119, 95, 107, 8, 15, 0, 27, 29, 3, 41, 43, 19, 33]",True,17321237576,17.321237576,"[105, 144, 10, 145, 148, 115, 149, 102, 146, 147, 12, 58, 71, 109, 61, 67, 78, 85, 93, 143, 25, 7, 39, 51, 97, 106, 101, 120, 121, 114, 108, 110, 111, 9, 6, 1, 2, 48, 46, 47, 70, 69, 79, 80, 72, 73, 94, 66, 68, 86, 23, 126, 125, 124, 123, 141, 142, 62, 5, 4, 22, 21, 20, 37, 34, 35, 31, 30, 11, 98, 96, 100, 63, 60, 64, 83, 84, 24, 44, 82, 38, 57, 56, 49, 50, 87, 88, 103, 104, 53, 55, 45, 75, 77, 59, 90, 92, 65, 81, 117, 119, 95, 107, 8, 15, 0, 27, 29, 3, 41, 43, 19, 33]","[33, 19, 43, 41, 3, 29, 27, 0, 15, 8, 107, 95, 119, 117, 81, 65, 92, 90, 59, 77, 75, 45, 55, 53, 104, 103, 88, 87, 50, 49, 56, 57, 38, 82, 44, 24, 84, 83, 64, 60, 63, 100, 96, 98, 11, 30, 31, 35, 34, 37, 20, 21, 22, 4, 5, 62, 142, 141, 123, 124, 125, 126, 23, 86, 68, 66, 94, 73, 72, 80, 79, 69, 70, 47, 46, 48, 2, 1, 6, 9, 111, 110, 108, 114, 121, 120, 101, 106, 97, 51, 39, 7, 25, 143, 93, 85, 78, 67, 61, 109, 71, 58, 12, 147, 146, 102, 149, 115, 148, 145, 10, 144, 105]",complete,301,301,5425,188,1851,828,1023,1023,2,143,143,44,44,43,44
1,452,20,38,111,"[13, 14, 16, 17, 18, 26, 28, 32, 36, 40, 42, 52, 54, 74, 76, 89, 91, 99, 105, 112, 116, 118, 122, 127, 128, 129, 130, 131, 132, 133, 134, 135, 136, 137, 138, 139, 140, 144]","[0, 1, 2, 3, 4, 5, 6, 7, 8, 9, 10, 11, 12, 15, 19, 20, 21, 22, 23, 24, 25, 27, 29, 30, 31, 33, 34, 35, 37, 38, 39, 41, 43, 44, 45, 46, 47, 48, 49, 50, 51, 53, 55, 56, 57, 58, 59, 60, 61, 62, 63, 64, 65, 66, 67, 68, 69, 70, 71, 72, 73, 75, 77, 78, 79, 80, 81, 82, 83, 84, 85, 86, 87, 88, 90, 92, 93, 94, 95, 96, 97, 98, 100, 101, 102, 103, 104, 106, 107, 108, 109, 110, 111, 114, 115, 117, 119, 120, 121, 123, 124, 125, 126, 141, 142, 143, 145, 146, 147, 148, 149]","{""support_1"": 108}",[108],1,"[137, 138, 139, 140, 136, 135, 134, 133, 129, 130, 131, 132, 128, 127, 13, 14, 116, 118, 26, 28, 40, 42, 52, 54, 74, 76, 89, 91, 17, 122, 18, 32, 16, 112, 36, 99, 105, 144, 10, 145, 148, 115, 149, 102, 146, 147, 12, 58, 71, 109, 61, 67, 78, 85, 93, 143, 25, 7, 39, 51, 97, 106, 101, 120, 121, 114, 108, 110, 111, 9, 6, 1, 2, 48, 46, 47, 70, 69, 79, 80, 72, 73, 94, 66, 68, 86, 23, 126, 125, 124, 123, 141, 142, 62, 5, 4, 22, 21, 20, 37, 34, 35, 31, 30, 11, 98, 96, 100, 63, 60, 64, 83, 84, 24, 44, 82, 38, 57, 56, 49, 50, 87, 88, 103, 104, 53, 55, 45, 75, 77, 59, 90, 92, 65, 81, 117, 119, 95, 107, 8, 15, 0, 27, 29, 3, 41, 43, 19, 33]",True,16648496204,16.648496204,"[10, 145, 148, 115, 149, 102, 146, 147, 12, 58, 71, 109, 61, 67, 78, 85, 93, 143, 25, 7, 39, 51, 97, 106, 101, 120, 121, 114, 108, 110, 111, 9, 6, 1, 2, 48, 46, 47, 70, 69, 79, 80, 72, 73, 94, 66, 68, 86, 23, 126, 125, 124, 123, 141, 142, 62, 5, 4, 22, 21, 20, 37, 34, 35, 31, 30, 11, 98, 96, 100, 63, 60, 64, 83, 84, 24, 44, 82, 38, 57, 56, 49, 50, 87, 88, 103, 104, 53, 55, 45, 75, 77, 59, 90, 92, 65, 81, 117, 119, 95, 107, 8, 15, 0, 27, 29, 3, 41, 43, 19, 33]","[33, 19, 43, 41, 3, 29, 27, 0, 15, 8, 107, 95, 119, 117, 81, 65, 92, 90, 59, 77, 75, 45, 55, 53, 104, 103, 88, 87, 50, 49, 56, 57, 38, 82, 44, 24, 84, 83, 64, 60, 63, 100, 96, 98, 11, 30, 31, 35, 34, 37, 20, 21, 22, 4, 5, 62, 142, 141, 123, 124, 125, 126, 23, 86, 68, 66, 94, 73, 72, 80, 79, 69, 70, 47, 46, 48, 2, 1, 6, 9, 111, 110, 108, 114, 121, 120, 101, 106, 97, 51, 39, 7, 25, 143, 93, 85, 78, 67, 61, 109, 71, 58, 12, 147, 146, 102, 149, 115, 148, 145, 10]",complete,297,297,5220,186,1797,802,995,995,2,141,141,44,44,43,44
1,452,21,40,109,"[10, 13, 14, 16, 17, 18, 26, 28, 32, 36, 40, 42, 52, 54, 74, 76, 89, 91, 99, 105, 112, 116, 118, 122, 127, 128, 129, 130, 131, 132, 133, 134, 135, 136, 137, 138, 139, 140, 144, 145]","[0, 1, 2, 3, 4, 5, 6, 7, 8, 9, 11, 12, 15, 19, 20, 21, 22, 23, 24, 25, 27, 29, 30, 31, 33, 34, 35, 37, 38, 39, 41, 43, 44, 45, 46, 47, 48, 49, 50, 51, 53, 55, 56, 57, 58, 59, 60, 61, 62, 63, 64, 65, 66, 67, 68, 69, 70, 71, 72, 73, 75, 77, 78, 79, 80, 81, 82, 83, 84, 85, 86, 87, 88, 90, 92, 93, 94, 95, 96, 97, 98, 100, 101, 102, 103, 104, 106, 107, 108, 109, 110, 111, 114, 115, 117, 119, 120, 121, 123, 124, 125, 126, 141, 142, 143, 146, 147, 148, 149]","{""support_1"": 108}",[108],1,"[137, 138, 139, 140, 136, 135, 134, 133, 129, 130, 131, 132, 128, 127, 13, 14, 116, 118, 26, 28, 40, 42, 52, 54, 74, 76, 89, 91, 17, 122, 18, 32, 16, 112, 36, 99, 105, 144, 10, 145, 148, 115, 149, 102, 146, 147, 12, 58, 71, 109, 61, 67, 78, 85, 93, 143, 25, 7, 39, 51, 97, 106, 101, 120, 121, 114, 108, 110, 111, 9, 6, 1, 2, 48, 46, 47, 70, 69, 79, 80, 72, 73, 94, 66, 68, 86, 23, 126, 125, 124, 123, 141, 142, 62, 5, 4, 22, 21, 20, 37, 34, 35, 31, 30, 11, 98, 96, 100, 63, 60, 64, 83, 84, 24, 44, 82, 38, 57, 56, 49, 50, 87, 88, 103, 104, 53, 55, 45, 75, 77, 59, 90, 92, 65, 81, 117, 119, 95, 107, 8, 15, 0, 27, 29, 3, 41, 43, 19, 33]",True,15627129723,15.627129723,"[148, 115, 149, 102, 146, 147, 12, 58, 71, 109, 61, 67, 78, 85, 93, 143, 25, 7, 39, 51, 97, 106, 101, 120, 121, 114, 108, 110, 111, 9, 6, 1, 2, 48, 46, 47, 70, 69, 79, 80, 72, 73, 94, 66, 68, 86, 23, 126, 125, 124, 123, 141, 142, 62, 5, 4, 22, 21, 20, 37, 34, 35, 31, 30, 11, 98, 96, 100, 63, 60, 64, 83, 84, 24, 44, 82, 38, 57, 56, 49, 50, 87, 88, 103, 104, 53, 55, 45, 75, 77, 59, 90, 92, 65, 81, 117, 119, 95, 107, 8, 15, 0, 27, 29, 3, 41, 43, 19, 33]","[33, 19, 43, 41, 3, 29, 27, 0, 15, 8, 107, 95, 119, 117, 81, 65, 92, 90, 59, 77, 75, 45, 55, 53, 104, 103, 88, 87, 50, 49, 56, 57, 38, 82, 44, 24, 84, 83, 64, 60, 63, 100, 96, 98, 11, 30, 31, 35, 34, 37, 20, 21, 22, 4, 5, 62, 142, 141, 123, 124, 125, 126, 23, 86, 68, 66, 94, 73, 72, 80, 79, 69, 70, 47, 46, 48, 2, 1, 6, 9, 111, 110, 108, 114, 121, 120, 101, 106, 97, 51, 39, 7, 25, 143, 93, 85, 78, 67, 61, 109, 71, 58, 12, 147, 146, 102, 149, 115, 148]",complete,293,293,5019,184,1749,779,970,970,2,139,139,44,44,43,44
1,452,22,42,107,"[10, 13, 14, 16, 17, 18, 26, 28, 32, 36, 40, 42, 52, 54, 74, 76, 89, 91, 99, 105, 112, 115, 116, 118, 122, 127, 128, 129, 130, 131, 132, 133, 134, 135, 136, 137, 138, 139, 140, 144, 145, 148]","[0, 1, 2, 3, 4, 5, 6, 7, 8, 9, 11, 12, 15, 19, 20, 21, 22, 23, 24, 25, 27, 29, 30, 31, 33, 34, 35, 37, 38, 39, 41, 43, 44, 45, 46, 47, 48, 49, 50, 51, 53, 55, 56, 57, 58, 59, 60, 61, 62, 63, 64, 65, 66, 67, 68, 69, 70, 71, 72, 73, 75, 77, 78, 79, 80, 81, 82, 83, 84, 85, 86, 87, 88, 90, 92, 93, 94, 95, 96, 97, 98, 100, 101, 102, 103, 104, 106, 107, 108, 109, 110, 111, 114, 117, 119, 120, 121, 123, 124, 125, 126, 141, 142, 143, 146, 147, 149]","{""support_1"": 108}",[108],1,"[137, 138, 139, 140, 136, 135, 134, 133, 129, 130, 131, 132, 128, 127, 13, 14, 116, 118, 26, 28, 40, 42, 52, 54, 74, 76, 89, 91, 17, 122, 18, 32, 16, 112, 36, 99, 105, 144, 10, 145, 148, 115, 149, 102, 146, 147, 12, 58, 71, 109, 61, 67, 78, 85, 93, 143, 25, 7, 39, 51, 97, 106, 101, 120, 121, 114, 108, 110, 111, 9, 6, 1, 2, 48, 46, 47, 70, 69, 79, 80, 72, 73, 94, 66, 68, 86, 23, 126, 125, 124, 123, 141, 142, 62, 5, 4, 22, 21, 20, 37, 34, 35, 31, 30, 11, 98, 96, 100, 63, 60, 64, 83, 84, 24, 44, 82, 38, 57, 56, 49, 50, 87, 88, 103, 104, 53, 55, 45, 75, 77, 59, 90, 92, 65, 81, 117, 119, 95, 107, 8, 15, 0, 27, 29, 3, 41, 43, 19, 33]",True,14653485800,14.653485800,"[149, 102, 146, 147, 12, 58, 71, 109, 61, 67, 78, 85, 93, 143, 25, 7, 39, 51, 97, 106, 101, 120, 121, 114, 108, 110, 111, 9, 6, 1, 2, 48, 46, 47, 70, 69, 79, 80, 72, 73, 94, 66, 68, 86, 23, 126, 125, 124, 123, 141, 142, 62, 5, 4, 22, 21, 20, 37, 34, 35, 31, 30, 11, 98, 96, 100, 63, 60, 64, 83, 84, 24, 44, 82, 38, 57, 56, 49, 50, 87, 88, 103, 104, 53, 55, 45, 75, 77, 59, 90, 92, 65, 81, 117, 119, 95, 107, 8, 15, 0, 27, 29, 3, 41, 43, 19, 33]","[33, 19, 43, 41, 3, 29, 27, 0, 15, 8, 107, 95, 119, 117, 81, 65, 92, 90, 59, 77, 75, 45, 55, 53, 104, 103, 88, 87, 50, 49, 56, 57, 38, 82, 44, 24, 84, 83, 64, 60, 63, 100, 96, 98, 11, 30, 31, 35, 34, 37, 20, 21, 22, 4, 5, 62, 142, 141, 123, 124, 125, 126, 23, 86, 68, 66, 94, 73, 72, 80, 79, 69, 70, 47, 46, 48, 2, 1, 6, 9, 111, 110, 108, 114, 121, 120, 101, 106, 97, 51, 39, 7, 25, 143, 93, 85, 78, 67, 61, 109, 71, 58, 12, 147, 146, 102, 149]",complete,289,289,4822,182,1707,759,948,948,2,137,137,44,44,43,44
1,452,23,44,105,"[10, 13, 14, 16, 17, 18, 26, 28, 32, 36, 40, 42, 52, 54, 74, 76, 89, 91, 99, 102, 105, 112, 115, 116, 118, 122, 127, 128, 129, 130, 131, 132, 133, 134, 135, 136, 137, 138, 139, 140, 144, 145, 148, 149]","[0, 1, 2, 3, 4, 5, 6, 7, 8, 9, 11, 12, 15, 19, 20, 21, 22, 23, 24, 25, 27, 29, 30, 31, 33, 34, 35, 37, 38, 39, 41, 43, 44, 45, 46, 47, 48, 49, 50, 51, 53, 55, 56, 57, 58, 59, 60, 61, 62, 63, 64, 65, 66, 67, 68, 69, 70, 71, 72, 73, 75, 77, 78, 79, 80, 81, 82, 83, 84, 85, 86, 87, 88, 90, 92, 93, 94, 95, 96, 97, 98, 100, 101, 103, 104, 106, 107, 108, 109, 110, 111, 114, 117, 119, 120, 121, 123, 124, 125, 126, 141, 142, 143, 146, 147]","{""support_1"": 108, ""support_2"": 101}","[101, 108]",2,"[137, 138, 139, 140, 136, 135, 134, 133, 129, 130, 131, 132, 128, 127, 13, 14, 116, 118, 26, 28, 40, 42, 52, 54, 74, 76, 89, 91, 17, 122, 18, 32, 16, 112, 36, 99, 105, 144, 10, 145, 148, 115, 149, 102, 146, 147, 12, 58, 71, 109, 61, 67, 78, 85, 93, 143, 25, 7, 39, 51, 97, 106, 101, 120, 121, 114, 108, 110, 111, 9, 6, 1, 2, 48, 46, 47, 70, 69, 79, 80, 72, 73, 94, 66, 68, 86, 23, 126, 125, 124, 123, 141, 142, 62, 5, 4, 22, 21, 20, 37, 34, 35, 31, 30, 11, 98, 96, 100, 63, 60, 64, 83, 84, 24, 44, 82, 38, 57, 56, 49, 50, 87, 88, 103, 104, 53, 55, 45, 75, 77, 59, 90, 92, 65, 81, 117, 119, 95, 107, 8, 15, 0, 27, 29, 3, 41, 43, 19, 33]",True,14492093751,14.492093751,"[146, 147, 12, 58, 71, 109, 61, 67, 78, 85, 93, 143, 25, 7, 39, 51, 97, 106, 101, 120, 121, 114, 108, 110, 111, 9, 6, 1, 2, 48, 46, 47, 70, 69, 79, 80, 72, 73, 94, 66, 68, 86, 23, 126, 125, 124, 123, 141, 142, 62, 5, 4, 22, 21, 20, 37, 34, 35, 31, 30, 11, 98, 96, 100, 63, 60, 64, 83, 84, 24, 44, 82, 38, 57, 56, 49, 50, 87, 88, 103, 104, 53, 55, 45, 75, 77, 59, 90, 92, 65, 81, 117, 119, 95, 107, 8, 15, 0, 27, 29, 3, 41, 43, 19, 33]","[33, 19, 43, 41, 3, 29, 27, 0, 15, 8, 107, 95, 119, 117, 81, 65, 92, 90, 59, 77, 75, 45, 55, 53, 104, 103, 88, 87, 50, 49, 56, 57, 38, 82, 44, 24, 84, 83, 64, 60, 63, 100, 96, 98, 11, 30, 31, 35, 34, 37, 20, 21, 22, 4, 5, 62, 142, 141, 123, 124, 125, 126, 23, 86, 68, 66, 94, 73, 72, 80, 79, 69, 70, 47, 46, 48, 2, 1, 6, 9, 111, 110, 108, 114, 121, 120, 101, 106, 97, 51, 39, 7, 25, 143, 93, 85, 78, 67, 61, 109, 71, 58, 12, 147, 146]",complete,285,285,4629,180,1676,745,931,931,2,134,134,44,44,42,44
1,452,24,46,103,"[10, 13, 14, 16, 17, 18, 26, 28, 32, 36, 40, 42, 52, 54, 74, 76, 89, 91, 99, 102, 105, 112, 115, 116, 118, 122, 127, 128, 129, 130, 131, 132, 133, 134, 135, 136, 137, 138, 139, 140, 144, 145, 146, 147, 148, 149]","[0, 1, 2, 3, 4, 5, 6, 7, 8, 9, 11, 12, 15, 19, 20, 21, 22, 23, 24, 25, 27, 29, 30, 31, 33, 34, 35, 37, 38, 39, 41, 43, 44, 45, 46, 47, 48, 49, 50, 51, 53, 55, 56, 57, 58, 59, 60, 61, 62, 63, 64, 65, 66, 67, 68, 69, 70, 71, 72, 73, 75, 77, 78, 79, 80, 81, 82, 83, 84, 85, 86, 87, 88, 90, 92, 93, 94, 95, 96, 97, 98, 100, 101, 103, 104, 106, 107, 108, 109, 110, 111, 114, 117, 119, 120, 121, 123, 124, 125, 126, 141, 142, 143]","{""support_1"": 108, ""support_2"": 101}","[101, 108]",2,"[137, 138, 139, 140, 136, 135, 134, 133, 129, 130, 131, 132, 128, 127, 13, 14, 116, 118, 26, 28, 40, 42, 52, 54, 74, 76, 89, 91, 17, 122, 18, 32, 16, 112, 36, 99, 105, 144, 10, 145, 148, 115, 149, 102, 146, 147, 12, 58, 71, 109, 61, 67, 78, 85, 93, 143, 25, 7, 39, 51, 97, 106, 101, 120, 121, 114, 108, 110, 111, 9, 6, 1, 2, 48, 46, 47, 70, 69, 79, 80, 72, 73, 94, 66, 68, 86, 23, 126, 125, 124, 123, 141, 142, 62, 5, 4, 22, 21, 20, 37, 34, 35, 31, 30, 11, 98, 96, 100, 63, 60, 64, 83, 84, 24, 44, 82, 38, 57, 56, 49, 50, 87, 88, 103, 104, 53, 55, 45, 75, 77, 59, 90, 92, 65, 81, 117, 119, 95, 107, 8, 15, 0, 27, 29, 3, 41, 43, 19, 33]",True,13418659166,13.418659166,"[12, 58, 71, 109, 61, 67, 78, 85, 93, 143, 25, 7, 39, 51, 97, 106, 101, 120, 121, 114, 108, 110, 111, 9, 6, 1, 2, 48, 46, 47, 70, 69, 79, 80, 72, 73, 94, 66, 68, 86, 23, 126, 125, 124, 123, 141, 142, 62, 5, 4, 22, 21, 20, 37, 34, 35, 31, 30, 11, 98, 96, 100, 63, 60, 64, 83, 84, 24, 44, 82, 38, 57, 56, 49, 50, 87, 88, 103, 104, 53, 55, 45, 75, 77, 59, 90, 92, 65, 81, 117, 119, 95, 107, 8, 15, 0, 27, 29, 3, 41, 43, 19, 33]","[33, 19, 43, 41, 3, 29, 27, 0, 15, 8, 107, 95, 119, 117, 81, 65, 92, 90, 59, 77, 75, 45, 55, 53, 104, 103, 88, 87, 50, 49, 56, 57, 38, 82, 44, 24, 84, 83, 64, 60, 63, 100, 96, 98, 11, 30, 31, 35, 34, 37, 20, 21, 22, 4, 5, 62, 142, 141, 123, 124, 125, 126, 23, 86, 68, 66, 94, 73, 72, 80, 79, 69, 70, 47, 46, 48, 2, 1, 6, 9, 111, 110, 108, 114, 121, 120, 101, 106, 97, 51, 39, 7, 25, 143, 93, 85, 78, 67, 61, 109, 71, 58, 12]",complete,279,279,4440,176,1634,725,909,909,2,130,130,44,44,42,44
1,452,25,48,101,"[10, 12, 13, 14, 16, 17, 18, 26, 28, 32, 36, 40, 42, 52, 54, 58, 74, 76, 89, 91, 99, 102, 105, 112, 115, 116, 118, 122, 127, 128, 129, 130, 131, 132, 133, 134, 135, 136, 137, 138, 139, 140, 144, 145, 146, 147, 148, 149]","[0, 1, 2, 3, 4, 5, 6, 7, 8, 9, 11, 15, 19, 20, 21, 22, 23, 24, 25, 27, 29, 30, 31, 33, 34, 35, 37, 38, 39, 41, 43, 44, 45, 46, 47, 48, 49, 50, 51, 53, 55, 56, 57, 59, 60, 61, 62, 63, 64, 65, 66, 67, 68, 69, 70, 71, 72, 73, 75, 77, 78, 79, 80, 81, 82, 83, 84, 85, 86, 87, 88, 90, 92, 93, 94, 95, 96, 97, 98, 100, 101, 103, 104, 106, 107, 108, 109, 110, 111, 114, 117, 119, 120, 121, 123, 124, 125, 126, 141, 142, 143]","{""support_1"": 108, ""support_2"": 101}","[101, 108]",2,"[137, 138, 139, 140, 136, 135, 134, 133, 129, 130, 131, 132, 128, 127, 13, 14, 116, 118, 26, 28, 40, 42, 52, 54, 74, 76, 89, 91, 17, 122, 18, 32, 16, 112, 36, 99, 105, 144, 10, 145, 148, 115, 149, 102, 146, 147, 12, 58, 71, 109, 61, 67, 78, 85, 93, 143, 25, 7, 39, 51, 97, 106, 101, 120, 121, 114, 108, 110, 111, 9, 6, 1, 2, 48, 46, 47, 70, 69, 79, 80, 72, 73, 94, 66, 68, 86, 23, 126, 125, 124, 123, 141, 142, 62, 5, 4, 22, 21, 20, 37, 34, 35, 31, 30, 11, 98, 96, 100, 63, 60, 64, 83, 84, 24, 44, 82, 38, 57, 56, 49, 50, 87, 88, 103, 104, 53, 55, 45, 75, 77, 59, 90, 92, 65, 81, 117, 119, 95, 107, 8, 15, 0, 27, 29, 3, 41, 43, 19, 33]",True,13067063679,13.067063679,"[71, 109, 61, 67, 78, 85, 93, 143, 25, 7, 39, 51, 97, 106, 101, 120, 121, 114, 108, 110, 111, 9, 6, 1, 2, 48, 46, 47, 70, 69, 79, 80, 72, 73, 94, 66, 68, 86, 23, 126, 125, 124, 123, 141, 142, 62, 5, 4, 22, 21, 20, 37, 34, 35, 31, 30, 11, 98, 96, 100, 63, 60, 64, 83, 84, 24, 44, 82, 38, 57, 56, 49, 50, 87, 88, 103, 104, 53, 55, 45, 75, 77, 59, 90, 92, 65, 81, 117, 119, 95, 107, 8, 15, 0, 27, 29, 3, 41, 43, 19, 33]","[33, 19, 43, 41, 3, 29, 27, 0, 15, 8, 107, 95, 119, 117, 81, 65, 92, 90, 59, 77, 75, 45, 55, 53, 104, 103, 88, 87, 50, 49, 56, 57, 38, 82, 44, 24, 84, 83, 64, 60, 63, 100, 96, 98, 11, 30, 31, 35, 34, 37, 20, 21, 22, 4, 5, 62, 142, 141, 123, 124, 125, 126, 23, 86, 68, 66, 94, 73, 72, 80, 79, 69, 70, 47, 46, 48, 2, 1, 6, 9, 111, 110, 108, 114, 121, 120, 101, 106, 97, 51, 39, 7, 25, 143, 93, 85, 78, 67, 61, 109, 71]",complete,273,273,4255,172,1592,705,887,887,2,126,126,44,44,42,44
1,452,26,50,99,"[10, 12, 13, 14, 16, 17, 18, 26, 28, 32, 36, 40, 42, 52, 54, 58, 71, 74, 76, 89, 91, 99, 102, 105, 109, 112, 115, 116, 118, 122, 127, 128, 129, 130, 131, 132, 133, 134, 135, 136, 137, 138, 139, 140, 144, 145, 146, 147, 148, 149]","[0, 1, 2, 3, 4, 5, 6, 7, 8, 9, 11, 15, 19, 20, 21, 22, 23, 24, 25, 27, 29, 30, 31, 33, 34, 35, 37, 38, 39, 41, 43, 44, 45, 46, 47, 48, 49, 50, 51, 53, 55, 56, 57, 59, 60, 61, 62, 63, 64, 65, 66, 67, 68, 69, 70, 72, 73, 75, 77, 78, 79, 80, 81, 82, 83, 84, 85, 86, 87, 88, 90, 92, 93, 94, 95, 96, 97, 98, 100, 101, 103, 104, 106, 107, 108, 110, 111, 114, 117, 119, 120, 121, 123, 124, 125, 126, 141, 142, 143]","{""support_1"": 108, ""support_2"": 101}","[101, 108]",2,"[137, 138, 139, 140, 136, 135, 134, 133, 129, 130, 131, 132, 128, 127, 13, 14, 116, 118, 26, 28, 40, 42, 52, 54, 74, 76, 89, 91, 17, 122, 18, 32, 16, 112, 36, 99, 105, 144, 10, 145, 148, 115, 149, 102, 146, 147, 12, 58, 71, 109, 61, 67, 78, 85, 93, 143, 25, 7, 39, 51, 97, 106, 101, 120, 121, 114, 108, 110, 111, 9, 6, 1, 2, 48, 46, 47, 70, 69, 79, 80, 72, 73, 94, 66, 68, 86, 23, 126, 125, 124, 123, 141, 142, 62, 5, 4, 22, 21, 20, 37, 34, 35, 31, 30, 11, 98, 96, 100, 63, 60, 64, 83, 84, 24, 44, 82, 38, 57, 56, 49, 50, 87, 88, 103, 104, 53, 55, 45, 75, 77, 59, 90, 92, 65, 81, 117, 119, 95, 107, 8, 15, 0, 27, 29, 3, 41, 43, 19, 33]",True,12291280412,12.291280412,"[61, 67, 78, 85, 93, 143, 25, 7, 39, 51, 97, 106, 101, 120, 121, 114, 108, 110, 111, 9, 6, 1, 2, 48, 46, 47, 70, 69, 79, 80, 72, 73, 94, 66, 68, 86, 23, 126, 125, 124, 123, 141, 142, 62, 5, 4, 22, 21, 20, 37, 34, 35, 31, 30, 11, 98, 96, 100, 63, 60, 64, 83, 84, 24, 44, 82, 38, 57, 56, 49, 50, 87, 88, 103, 104, 53, 55, 45, 75, 77, 59, 90, 92, 65, 81, 117, 119, 95, 107, 8, 15, 0, 27, 29, 3, 41, 43, 19, 33]","[33, 19, 43, 41, 3, 29, 27, 0, 15, 8, 107, 95, 119, 117, 81, 65, 92, 90, 59, 77, 75, 45, 55, 53, 104, 103, 88, 87, 50, 49, 56, 57, 38, 82, 44, 24, 84, 83, 64, 60, 63, 100, 96, 98, 11, 30, 31, 35, 34, 37, 20, 21, 22, 4, 5, 62, 142, 141, 123, 124, 125, 126, 23, 86, 68, 66, 94, 73, 72, 80, 79, 69, 70, 47, 46, 48, 2, 1, 6, 9, 111, 110, 108, 114, 121, 120, 101, 106, 97, 51, 39, 7, 25, 143, 93, 85, 78, 67, 61]",complete,267,267,4074,168,1550,685,865,865,2,122,122,44,44,42,44
1,452,27,52,97,"[10, 12, 13, 14, 16, 17, 18, 26, 28, 32, 36, 40, 42, 52, 54, 58, 61, 67, 71, 74, 76, 89, 91, 99, 102, 105, 109, 112, 115, 116, 118, 122, 127, 128, 129, 130, 131, 132, 133, 134, 135, 136, 137, 138, 139, 140, 144, 145, 146, 147, 148, 149]","[0, 1, 2, 3, 4, 5, 6, 7, 8, 9, 11, 15, 19, 20, 21, 22, 23, 24, 25, 27, 29, 30, 31, 33, 34, 35, 37, 38, 39, 41, 43, 44, 45, 46, 47, 48, 49, 50, 51, 53, 55, 56, 57, 59, 60, 62, 63, 64, 65, 66, 68, 69, 70, 72, 73, 75, 77, 78, 79, 80, 81, 82, 83, 84, 85, 86, 87, 88, 90, 92, 93, 94, 95, 96, 97, 98, 100, 101, 103, 104, 106, 107, 108, 110, 111, 114, 117, 119, 120, 121, 123, 124, 125, 126, 141, 142, 143]","{""support_1"": 108, ""support_2"": 101}","[101, 108]",2,"[137, 138, 139, 140, 136, 135, 134, 133, 129, 130, 131, 132, 128, 127, 13, 14, 116, 118, 26, 28, 40, 42, 52, 54, 74, 76, 89, 91, 17, 122, 18, 32, 16, 112, 36, 99, 105, 144, 10, 145, 148, 115, 149, 102, 146, 147, 12, 58, 71, 109, 61, 67, 78, 85, 93, 143, 25, 7, 39, 51, 97, 106, 101, 120, 121, 114, 108, 110, 111, 9, 6, 1, 2, 48, 46, 47, 70, 69, 79, 80, 72, 73, 94, 66, 68, 86, 23, 126, 125, 124, 123, 141, 142, 62, 5, 4, 22, 21, 20, 37, 34, 35, 31, 30, 11, 98, 96, 100, 63, 60, 64, 83, 84, 24, 44, 82, 38, 57, 56, 49, 50, 87, 88, 103, 104, 53, 55, 45, 75, 77, 59, 90, 92, 65, 81, 117, 119, 95, 107, 8, 15, 0, 27, 29, 3, 41, 43, 19, 33]",True,11464502299,11.464502299,"[78, 85, 93, 143, 25, 7, 39, 51, 97, 106, 101, 120, 121, 114, 108, 110, 111, 9, 6, 1, 2, 48, 46, 47, 70, 69, 79, 80, 72, 73, 94, 66, 68, 86, 23, 126, 125, 124, 123, 141, 142, 62, 5, 4, 22, 21, 20, 37, 34, 35, 31, 30, 11, 98, 96, 100, 63, 60, 64, 83, 84, 24, 44, 82, 38, 57, 56, 49, 50, 87, 88, 103, 104, 53, 55, 45, 75, 77, 59, 90, 92, 65, 81, 117, 119, 95, 107, 8, 15, 0, 27, 29, 3, 41, 43, 19, 33]","[33, 19, 43, 41, 3, 29, 27, 0, 15, 8, 107, 95, 119, 117, 81, 65, 92, 90, 59, 77, 75, 45, 55, 53, 104, 103, 88, 87, 50, 49, 56, 57, 38, 82, 44, 24, 84, 83, 64, 60, 63, 100, 96, 98, 11, 30, 31, 35, 34, 37, 20, 21, 22, 4, 5, 62, 142, 141, 123, 124, 125, 126, 23, 86, 68, 66, 94, 73, 72, 80, 79, 69, 70, 47, 46, 48, 2, 1, 6, 9, 111, 110, 108, 114, 121, 120, 101, 106, 97, 51, 39, 7, 25, 143, 93, 85, 78]",complete,259,259,3897,162,1508,665,843,843,2,118,118,44,44,42,44
1,452,28,54,95,"[10, 12, 13, 14, 16, 17, 18, 26, 28, 32, 36, 40, 42, 52, 54, 58, 61, 67, 71, 74, 76, 78, 85, 89, 91, 99, 102, 105, 109, 112, 115, 116, 118, 122, 127, 128, 129, 130, 131, 132, 133, 134, 135, 136, 137, 138, 139, 140, 144, 145, 146, 147, 148, 149]","[0, 1, 2, 3, 4, 5, 6, 7, 8, 9, 11, 15, 19, 20, 21, 22, 23, 24, 25, 27, 29, 30, 31, 33, 34, 35, 37, 38, 39, 41, 43, 44, 45, 46, 47, 48, 49, 50, 51, 53, 55, 56, 57, 59, 60, 62, 63, 64, 65, 66, 68, 69, 70, 72, 73, 75, 77, 79, 80, 81, 82, 83, 84, 86, 87, 88, 90, 92, 93, 94, 95, 96, 97, 98, 100, 101, 103, 104, 106, 107, 108, 110, 111, 114, 117, 119, 120, 121, 123, 124, 125, 126, 141, 142, 143]","{""support_1"": 108, ""support_2"": 101}","[101, 108]",2,"[137, 138, 139, 140, 136, 135, 134, 133, 129, 130, 131, 132, 128, 127, 13, 14, 116, 118, 26, 28, 40, 42, 52, 54, 74, 76, 89, 91, 17, 122, 18, 32, 16, 112, 36, 99, 105, 144, 10, 145, 148, 115, 149, 102, 146, 147, 12, 58, 71, 109, 61, 67, 78, 85, 93, 143, 25, 7, 39, 51, 97, 106, 101, 120, 121, 114, 108, 110, 111, 9, 6, 1, 2, 48, 46, 47, 70, 69, 79, 80, 72, 73, 94, 66, 68, 86, 23, 126, 125, 124, 123, 141, 142, 62, 5, 4, 22, 21, 20, 37, 34, 35, 31, 30, 11, 98, 96, 100, 63, 60, 64, 83, 84, 24, 44, 82, 38, 57, 56, 49, 50, 87, 88, 103, 104, 53, 55, 45, 75, 77, 59, 90, 92, 65, 81, 117, 119, 95, 107, 8, 15, 0, 27, 29, 3, 41, 43, 19, 33]",True,11214112906,11.214112906,"[93, 143, 25, 7, 39, 51, 97, 106, 101, 120, 121, 114, 108, 110, 111, 9, 6, 1, 2, 48, 46, 47, 70, 69, 79, 80, 72, 73, 94, 66, 68, 86, 23, 126, 125, 124, 123, 141, 142, 62, 5, 4, 22, 21, 20, 37, 34, 35, 31, 30, 11, 98, 96, 100, 63, 60, 64, 83, 84, 24, 44, 82, 38, 57, 56, 49, 50, 87, 88, 103, 104, 53, 55, 45, 75, 77, 59, 90, 92, 65, 81, 117, 119, 95, 107, 8, 15, 0, 27, 29, 3, 41, 43, 19, 33]","[33, 19, 43, 41, 3, 29, 27, 0, 15, 8, 107, 95, 119, 117, 81, 65, 92, 90, 59, 77, 75, 45, 55, 53, 104, 103, 88, 87, 50, 49, 56, 57, 38, 82, 44, 24, 84, 83, 64, 60, 63, 100, 96, 98, 11, 30, 31, 35, 34, 37, 20, 21, 22, 4, 5, 62, 142, 141, 123, 124, 125, 126, 23, 86, 68, 66, 94, 73, 72, 80, 79, 69, 70, 47, 46, 48, 2, 1, 6, 9, 111, 110, 108, 114, 121, 120, 101, 106, 97, 51, 39, 7, 25, 143, 93]",complete,251,251,3724,156,1466,645,821,821,2,114,114,44,44,42,44
1,452,29,56,93,"[10, 12, 13, 14, 16, 17, 18, 26, 28, 32, 36, 40, 42, 52, 54, 58, 61, 67, 71, 74, 76, 78, 85, 89, 91, 93, 99, 102, 105, 109, 112, 115, 116, 118, 122, 127, 128, 129, 130, 131, 132, 133, 134, 135, 136, 137, 138, 139, 140, 143, 144, 145, 146, 147, 148, 149]","[0, 1, 2, 3, 4, 5, 6, 7, 8, 9, 11, 15, 19, 20, 21, 22, 23, 24, 25, 27, 29, 30, 31, 33, 34, 35, 37, 38, 39, 41, 43, 44, 45, 46, 47, 48, 49, 50, 51, 53, 55, 56, 57, 59, 60, 62, 63, 64, 65, 66, 68, 69, 70, 72, 73, 75, 77, 79, 80, 81, 82, 83, 84, 86, 87, 88, 90, 92, 94, 95, 96, 97, 98, 100, 101, 103, 104, 106, 107, 108, 110, 111, 114, 117, 119, 120, 121, 123, 124, 125, 126, 141, 142]","{""support_1"": 108, ""support_2"": 101}","[101, 108]",2,"[137, 138, 139, 140, 136, 135, 134, 133, 129, 130, 131, 132, 128, 127, 13, 14, 116, 118, 26, 28, 40, 42, 52, 54, 74, 76, 89, 91, 17, 122, 18, 32, 16, 112, 36, 99, 105, 144, 10, 145, 148, 115, 149, 102, 146, 147, 12, 58, 71, 109, 61, 67, 78, 85, 93, 143, 25, 7, 39, 51, 97, 106, 101, 120, 121, 114, 108, 110, 111, 9, 6, 1, 2, 48, 46, 47, 70, 69, 79, 80, 72, 73, 94, 66, 68, 86, 23, 126, 125, 124, 123, 141, 142, 62, 5, 4, 22, 21, 20, 37, 34, 35, 31, 30, 11, 98, 96, 100, 63, 60, 64, 83, 84, 24, 44, 82, 38, 57, 56, 49, 50, 87, 88, 103, 104, 53, 55, 45, 75, 77, 59, 90, 92, 65, 81, 117, 119, 95, 107, 8, 15, 0, 27, 29, 3, 41, 43, 19, 33]",True,10426850217,10.426850217,"[25, 7, 39, 51, 97, 106, 101, 120, 121, 114, 108, 110, 111, 9, 6, 1, 2, 48, 46, 47, 70, 69, 79, 80, 72, 73, 94, 66, 68, 86, 23, 126, 125, 124, 123, 141, 142, 62, 5, 4, 22, 21, 20, 37, 34, 35, 31, 30, 11, 98, 96, 100, 63, 60, 64, 83, 84, 24, 44, 82, 38, 57, 56, 49, 50, 87, 88, 103, 104, 53, 55, 45, 75, 77, 59, 90, 92, 65, 81, 117, 119, 95, 107, 8, 15, 0, 27, 29, 3, 41, 43, 19, 33]","[33, 19, 43, 41, 3, 29, 27, 0, 15, 8, 107, 95, 119, 117, 81, 65, 92, 90, 59, 77, 75, 45, 55, 53, 104, 103, 88, 87, 50, 49, 56, 57, 38, 82, 44, 24, 84, 83, 64, 60, 63, 100, 96, 98, 11, 30, 31, 35, 34, 37, 20, 21, 22, 4, 5, 62, 142, 141, 123, 124, 125, 126, 23, 86, 68, 66, 94, 73, 72, 80, 79, 69, 70, 47, 46, 48, 2, 1, 6, 9, 111, 110, 108, 114, 121, 120, 101, 106, 97, 51, 39, 7, 25]",complete,243,243,3555,150,1424,625,799,799,2,110,110,44,44,42,44
1,452,30,58,91,"[7, 10, 12, 13, 14, 16, 17, 18, 25, 26, 28, 32, 36, 40, 42, 52, 54, 58, 61, 67, 71, 74, 76, 78, 85, 89, 91, 93, 99, 102, 105, 109, 112, 115, 116, 118, 122, 127, 128, 129, 130, 131, 132, 133, 134, 135, 136, 137, 138, 139, 140, 143, 144, 145, 146, 147, 148, 149]","[0, 1, 2, 3, 4, 5, 6, 8, 9, 11, 15, 19, 20, 21, 22, 23, 24, 27, 29, 30, 31, 33, 34, 35, 37, 38, 39, 41, 43, 44, 45, 46, 47, 48, 49, 50, 51, 53, 55, 56, 57, 59, 60, 62, 63, 64, 65, 66, 68, 69, 70, 72, 73, 75, 77, 79, 80, 81, 82, 83, 84, 86, 87, 88, 90, 92, 94, 95, 96, 97, 98, 100, 101, 103, 104, 106, 107, 108, 110, 111, 114, 117, 119, 120, 121, 123, 124, 125, 126, 141, 142]","{""support_1"": 108, ""support_2"": 101}","[101, 108]",2,"[137, 138, 139, 140, 136, 135, 134, 133, 129, 130, 131, 132, 128, 127, 13, 14, 116, 118, 26, 28, 40, 42, 52, 54, 74, 76, 89, 91, 17, 122, 18, 32, 16, 112, 36, 99, 105, 144, 10, 145, 148, 115, 149, 102, 146, 147, 12, 58, 71, 109, 61, 67, 78, 85, 93, 143, 25, 7, 39, 51, 97, 106, 101, 120, 121, 114, 108, 110, 111, 9, 6, 1, 2, 48, 46, 47, 70, 69, 79, 80, 72, 73, 94, 66, 68, 86, 23, 126, 125, 124, 123, 141, 142, 62, 5, 4, 22, 21, 20, 37, 34, 35, 31, 30, 11, 98, 96, 100, 63, 60, 64, 83, 84, 24, 44, 82, 38, 57, 56, 49, 50, 87, 88, 103, 104, 53, 55, 45, 75, 77, 59, 90, 92, 65, 81, 117, 119, 95, 107, 8, 15, 0, 27, 29, 3, 41, 43, 19, 33]",True,10095535802,10.095535802,"[39, 51, 97, 106, 101, 120, 121, 114, 108, 110, 111, 9, 6, 1, 2, 48, 46, 47, 70, 69, 79, 80, 72, 73, 94, 66, 68, 86, 23, 126, 125, 124, 123, 141, 142, 62, 5, 4, 22, 21, 20, 37, 34, 35, 31, 30, 11, 98, 96, 100, 63, 60, 64, 83, 84, 24, 44, 82, 38, 57, 56, 49, 50, 87, 88, 103, 104, 53, 55, 45, 75, 77, 59, 90, 92, 65, 81, 117, 119, 95, 107, 8, 15, 0, 27, 29, 3, 41, 43, 19, 33]","[33, 19, 43, 41, 3, 29, 27, 0, 15, 8, 107, 95, 119, 117, 81, 65, 92, 90, 59, 77, 75, 45, 55, 53, 104, 103, 88, 87, 50, 49, 56, 57, 38, 82, 44, 24, 84, 83, 64, 60, 63, 100, 96, 98, 11, 30, 31, 35, 34, 37, 20, 21, 22, 4, 5, 62, 142, 141, 123, 124, 125, 126, 23, 86, 68, 66, 94, 73, 72, 80, 79, 69, 70, 47, 46, 48, 2, 1, 6, 9, 111, 110, 108, 114, 121, 120, 101, 106, 97, 51, 39]",complete,236,236,3390,145,1384,606,778,778,2,106,106,44,44,42,44
1,452,31,60,89,"[7, 10, 12, 13, 14, 16, 17, 18, 25, 26, 28, 32, 36, 39, 40, 42, 51, 52, 54, 58, 61, 67, 71, 74, 76, 78, 85, 89, 91, 93, 99, 102, 105, 109, 112, 115, 116, 118, 122, 127, 128, 129, 130, 131, 132, 133, 134, 135, 136, 137, 138, 139, 140, 143, 144, 145, 146, 147, 148, 149]","[0, 1, 2, 3, 4, 5, 6, 8, 9, 11, 15, 19, 20, 21, 22, 23, 24, 27, 29, 30, 31, 33, 34, 35, 37, 38, 41, 43, 44, 45, 46, 47, 48, 49, 50, 53, 55, 56, 57, 59, 60, 62, 63, 64, 65, 66, 68, 69, 70, 72, 73, 75, 77, 79, 80, 81, 82, 83, 84, 86, 87, 88, 90, 92, 94, 95, 96, 97, 98, 100, 101, 103, 104, 106, 107, 108, 110, 111, 114, 117, 119, 120, 121, 123, 124, 125, 126, 141, 142]","{""support_1"": 108, ""support_2"": 101}","[101, 108]",2,"[137, 138, 139, 140, 136, 135, 134, 133, 129, 130, 131, 132, 128, 127, 13, 14, 116, 118, 26, 28, 40, 42, 52, 54, 74, 76, 89, 91, 17, 122, 18, 32, 16, 112, 36, 99, 105, 144, 10, 145, 148, 115, 149, 102, 146, 147, 12, 58, 71, 109, 61, 67, 78, 85, 93, 143, 25, 7, 39, 51, 97, 106, 101, 120, 121, 114, 108, 110, 111, 9, 6, 1, 2, 48, 46, 47, 70, 69, 79, 80, 72, 73, 94, 66, 68, 86, 23, 126, 125, 124, 123, 141, 142, 62, 5, 4, 22, 21, 20, 37, 34, 35, 31, 30, 11, 98, 96, 100, 63, 60, 64, 83, 84, 24, 44, 82, 38, 57, 56, 49, 50, 87, 88, 103, 104, 53, 55, 45, 75, 77, 59, 90, 92, 65, 81, 117, 119, 95, 107, 8, 15, 0, 27, 29, 3, 41, 43, 19, 33]",True,9318379646,9.318379646,"[97, 106, 101, 120, 121, 114, 108, 110, 111, 9, 6, 1, 2, 48, 46, 47, 70, 69, 79, 80, 72, 73, 94, 66, 68, 86, 23, 126, 125, 124, 123, 141, 142, 62, 5, 4, 22, 21, 20, 37, 34, 35, 31, 30, 11, 98, 96, 100, 63, 60, 64, 83, 84, 24, 44, 82, 38, 57, 56, 49, 50, 87, 88, 103, 104, 53, 55, 45, 75, 77, 59, 90, 92, 65, 81, 117, 119, 95, 107, 8, 15, 0, 27, 29, 3, 41, 43, 19, 33]","[33, 19, 43, 41, 3, 29, 27, 0, 15, 8, 107, 95, 119, 117, 81, 65, 92, 90, 59, 77, 75, 45, 55, 53, 104, 103, 88, 87, 50, 49, 56, 57, 38, 82, 44, 24, 84, 83, 64, 60, 63, 100, 96, 98, 11, 30, 31, 35, 34, 37, 20, 21, 22, 4, 5, 62, 142, 141, 123, 124, 125, 126, 23, 86, 68, 66, 94, 73, 72, 80, 79, 69, 70, 47, 46, 48, 2, 1, 6, 9, 111, 110, 108, 114, 121, 120, 101, 106, 97]",complete,224,224,3229,135,1334,582,752,752,2,102,102,44,44,42,44
1,452,32,62,87,"[7, 10, 12, 13, 14, 16, 17, 18, 25, 26, 28, 32, 36, 39, 40, 42, 51, 52, 54, 58, 61, 67, 71, 74, 76, 78, 85, 89, 91, 93, 97, 99, 102, 105, 106, 109, 112, 115, 116, 118, 122, 127, 128, 129, 130, 131, 132, 133, 134, 135, 136, 137, 138, 139, 140, 143, 144, 145, 146, 147, 148, 149]","[0, 1, 2, 3, 4, 5, 6, 8, 9, 11, 15, 19, 20, 21, 22, 23, 24, 27, 29, 30, 31, 33, 34, 35, 37, 38, 41, 43, 44, 45, 46, 47, 48, 49, 50, 53, 55, 56, 57, 59, 60, 62, 63, 64, 65, 66, 68, 69, 70, 72, 73, 75, 77, 79, 80, 81, 82, 83, 84, 86, 87, 88, 90, 92, 94, 95, 96, 98, 100, 101, 103, 104, 107, 108, 110, 111, 114, 117, 119, 120, 121, 123, 124, 125, 126, 141, 142]","{""support_1"": 108, ""support_2"": 101}","[101, 108]",2,"[137, 138, 139, 140, 136, 135, 134, 133, 129, 130, 131, 132, 128, 127, 13, 14, 116, 118, 26, 28, 40, 42, 52, 54, 74, 76, 89, 91, 17, 122, 18, 32, 16, 112, 36, 99, 105, 144, 10, 145, 148, 115, 149, 102, 146, 147, 12, 58, 71, 109, 61, 67, 78, 85, 93, 143, 25, 7, 39, 51, 97, 106, 101, 120, 121, 114, 108, 110, 111, 9, 6, 1, 2, 48, 46, 47, 70, 69, 79, 80, 72, 73, 94, 66, 68, 86, 23, 126, 125, 124, 123, 141, 142, 62, 5, 4, 22, 21, 20, 37, 34, 35, 31, 30, 11, 98, 96, 100, 63, 60, 64, 83, 84, 24, 44, 82, 38, 57, 56, 49, 50, 87, 88, 103, 104, 53, 55, 45, 75, 77, 59, 90, 92, 65, 81, 117, 119, 95, 107, 8, 15, 0, 27, 29, 3, 41, 43, 19, 33]",True,8557304651,8.557304651,"[101, 120, 121, 114, 108, 110, 111, 9, 6, 1, 2, 48, 46, 47, 70, 69, 79, 80, 72, 73, 94, 66, 68, 86, 23, 126, 125, 124, 123, 141, 142, 62, 5, 4, 22, 21, 20, 37, 34, 35, 31, 30, 11, 98, 96, 100, 63, 60, 64, 83, 84, 24, 44, 82, 38, 57, 56, 49, 50, 87, 88, 103, 104, 53, 55, 45, 75, 77, 59, 90, 92, 65, 81, 117, 119, 95, 107, 8, 15, 0, 27, 29, 3, 41, 43, 19, 33]","[33, 19, 43, 41, 3, 29, 27, 0, 15, 8, 107, 95, 119, 117, 81, 65, 92, 90, 59, 77, 75, 45, 55, 53, 104, 103, 88, 87, 50, 49, 56, 57, 38, 82, 44, 24, 84, 83, 64, 60, 63, 100, 96, 98, 11, 30, 31, 35, 34, 37, 20, 21, 22, 4, 5, 62, 142, 141, 123, 124, 125, 126, 23, 86, 68, 66, 94, 73, 72, 80, 79, 69, 70, 47, 46, 48, 2, 1, 6, 9, 111, 110, 108, 114, 121, 120, 101]",complete,202,202,3072,115,1264,548,716,716,2,98,98,43,43,42,44
1,452,33,64,85,"[7, 10, 12, 13, 14, 16, 17, 18, 25, 26, 28, 32, 36, 39, 40, 42, 51, 52, 54, 58, 61, 67, 71, 74, 76, 78, 85, 89, 91, 93, 97, 99, 101, 102, 105, 106, 109, 112, 115, 116, 118, 120, 122, 127, 128, 129, 130, 131, 132, 133, 134, 135, 136, 137, 138, 139, 140, 143, 144, 145, 146, 147, 148, 149]","[0, 1, 2, 3, 4, 5, 6, 8, 9, 11, 15, 19, 20, 21, 22, 23, 24, 27, 29, 30, 31, 33, 34, 35, 37, 38, 41, 43, 44, 45, 46, 47, 48, 49, 50, 53, 55, 56, 57, 59, 60, 62, 63, 64, 65, 66, 68, 69, 70, 72, 73, 75, 77, 79, 80, 81, 82, 83, 84, 86, 87, 88, 90, 92, 94, 95, 96, 98, 100, 103, 104, 107, 108, 110, 111, 114, 117, 119, 121, 123, 124, 125, 126, 141, 142]","{""support_1"": 108, ""support_2"": 121}","[108, 121]",2,"[137, 138, 139, 140, 136, 135, 134, 133, 129, 130, 131, 132, 128, 127, 13, 14, 116, 118, 26, 28, 40, 42, 52, 54, 74, 76, 89, 91, 17, 122, 18, 32, 16, 112, 36, 99, 105, 144, 10, 145, 148, 115, 149, 102, 146, 147, 12, 58, 71, 109, 61, 67, 78, 85, 93, 143, 25, 7, 39, 51, 97, 106, 101, 120, 121, 114, 108, 110, 111, 9, 6, 1, 2, 48, 46, 47, 70, 69, 79, 80, 72, 73, 94, 66, 68, 86, 23, 126, 125, 124, 123, 141, 142, 62, 5, 4, 22, 21, 20, 37, 34, 35, 31, 30, 11, 98, 96, 100, 63, 60, 64, 83, 84, 24, 44, 82, 38, 57, 56, 49, 50, 87, 88, 103, 104, 53, 55, 45, 75, 77, 59, 90, 92, 65, 81, 117, 119, 95, 107, 8, 15, 0, 27, 29, 3, 41, 43, 19, 33]",True,8688126614,8.688126614,"[121, 114, 108, 110, 111, 9, 6, 1, 2, 48, 46, 47, 70, 69, 79, 80, 72, 73, 94, 66, 68, 86, 23, 126, 125, 124, 123, 141, 142, 62, 5, 4, 22, 21, 20, 37, 34, 35, 31, 30, 11, 98, 96, 100, 63, 60, 64, 83, 84, 24, 44, 82, 38, 57, 56, 49, 50, 87, 88, 103, 104, 53, 55, 45, 75, 77, 59, 90, 92, 65, 81, 117, 119, 95, 107, 8, 15, 0, 27, 29, 3, 41, 43, 19, 33]","[33, 19, 43, 41, 3, 29, 27, 0, 15, 8, 107, 95, 119, 117, 81, 65, 92, 90, 59, 77, 75, 45, 55, 53, 104, 103, 88, 87, 50, 49, 56, 57, 38, 82, 44, 24, 84, 83, 64, 60, 63, 100, 96, 98, 11, 30, 31, 35, 34, 37, 20, 21, 22, 4, 5, 62, 142, 141, 123, 124, 125, 126, 23, 86, 68, 66, 94, 73, 72, 80, 79, 69, 70, 47, 46, 48, 2, 1, 6, 9, 111, 110, 108, 114, 121]",complete,200,200,2919,115,1259,548,711,711,2,94,94,41,41,40,42
1,452,34,66,83,"[7, 10, 12, 13, 14, 16, 17, 18, 25, 26, 28, 32, 36, 39, 40, 42, 51, 52, 54, 58, 61, 67, 71, 74, 76, 78, 85, 89, 91, 93, 97, 99, 101, 102, 105, 106, 109, 112, 114, 115, 116, 118, 120, 121, 122, 127, 128, 129, 130, 131, 132, 133, 134, 135, 136, 137, 138, 139, 140, 143, 144, 145, 146, 147, 148, 149]","[0, 1, 2, 3, 4, 5, 6, 8, 9, 11, 15, 19, 20, 21, 22, 23, 24, 27, 29, 30, 31, 33, 34, 35, 37, 38, 41, 43, 44, 45, 46, 47, 48, 49, 50, 53, 55, 56, 57, 59, 60, 62, 63, 64, 65, 66, 68, 69, 70, 72, 73, 75, 77, 79, 80, 81, 82, 83, 84, 86, 87, 88, 90, 92, 94, 95, 96, 98, 100, 103, 104, 107, 108, 110, 111, 117, 119, 123, 124, 125, 126, 141, 142]","{""support_1"": 108}",[108],1,"[137, 138, 139, 140, 136, 135, 134, 133, 129, 130, 131, 132, 128, 127, 13, 14, 116, 118, 26, 28, 40, 42, 52, 54, 74, 76, 89, 91, 17, 122, 18, 32, 16, 112, 36, 99, 105, 144, 10, 145, 148, 115, 149, 102, 146, 147, 12, 58, 71, 109, 61, 67, 78, 85, 93, 143, 25, 7, 39, 51, 97, 106, 101, 120, 121, 114, 108, 110, 111, 9, 6, 1, 2, 48, 46, 47, 70, 69, 79, 80, 72, 73, 94, 66, 68, 86, 23, 126, 125, 124, 123, 141, 142, 62, 5, 4, 22, 21, 20, 37, 34, 35, 31, 30, 11, 98, 96, 100, 63, 60, 64, 83, 84, 24, 44, 82, 38, 57, 56, 49, 50, 87, 88, 103, 104, 53, 55, 45, 75, 77, 59, 90, 92, 65, 81, 117, 119, 95, 107, 8, 15, 0, 27, 29, 3, 41, 43, 19, 33]",True,8372635662,8.372635662,"[108, 110, 111, 9, 6, 1, 2, 48, 46, 47, 70, 69, 79, 80, 72, 73, 94, 66, 68, 86, 23, 126, 125, 124, 123, 141, 142, 62, 5, 4, 22, 21, 20, 37, 34, 35, 31, 30, 11, 98, 96, 100, 63, 60, 64, 83, 84, 24, 44, 82, 38, 57, 56, 49, 50, 87, 88, 103, 104, 53, 55, 45, 75, 77, 59, 90, 92, 65, 81, 117, 119, 95, 107, 8, 15, 0, 27, 29, 3, 41, 43, 19, 33]","[33, 19, 43, 41, 3, 29, 27, 0, 15, 8, 107, 95, 119, 117, 81, 65, 92, 90, 59, 77, 75, 45, 55, 53, 104, 103, 88, 87, 50, 49, 56, 57, 38, 82, 44, 24, 84, 83, 64, 60, 63, 100, 96, 98, 11, 30, 31, 35, 34, 37, 20, 21, 22, 4, 5, 62, 142, 141, 123, 124, 125, 126, 23, 86, 68, 66, 94, 73, 72, 80, 79, 69, 70, 47, 46, 48, 2, 1, 6, 9, 111, 110, 108]",complete,198,198,2770,115,1256,548,708,708,2,91,91,39,39,39,40
1,452,35,68,81,"[7, 10, 12, 13, 14, 16, 17, 18, 25, 26, 28, 32, 36, 39, 40, 42, 51, 52, 54, 58, 61, 67, 71, 74, 76, 78, 85, 89, 91, 93, 97, 99, 101, 102, 105, 106, 108, 109, 110, 112, 114, 115, 116, 118, 120, 121, 122, 127, 128, 129, 130, 131, 132, 133, 134, 135, 136, 137, 138, 139, 140, 143, 144, 145, 146, 147, 148, 149]","[0, 1, 2, 3, 4, 5, 6, 8, 9, 11, 15, 19, 20, 21, 22, 23, 24, 27, 29, 30, 31, 33, 34, 35, 37, 38, 41, 43, 44, 45, 46, 47, 48, 49, 50, 53, 55, 56, 57, 59, 60, 62, 63, 64, 65, 66, 68, 69, 70, 72, 73, 75, 77, 79, 80, 81, 82, 83, 84, 86, 87, 88, 90, 92, 94, 95, 96, 98, 100, 103, 104, 107, 111, 117, 119, 123, 124, 125, 126, 141, 142]","{""support_2"": 111}",[111],1,"[137, 138, 139, 140, 136, 135, 134, 133, 129, 130, 131, 132, 128, 127, 13, 14, 116, 118, 26, 28, 40, 42, 52, 54, 74, 76, 89, 91, 17, 122, 18, 32, 16, 112, 36, 99, 105, 144, 10, 145, 148, 115, 149, 102, 146, 147, 12, 58, 71, 109, 61, 67, 78, 85, 93, 143, 25, 7, 39, 51, 97, 106, 101, 120, 121, 114, 108, 110, 111, 9, 6, 1, 2, 48, 46, 47, 70, 69, 79, 80, 72, 73, 94, 66, 68, 86, 23, 126, 125, 124, 123, 141, 142, 62, 5, 4, 22, 21, 20, 37, 34, 35, 31, 30, 11, 98, 96, 100, 63, 60, 64, 83, 84, 24, 44, 82, 38, 57, 56, 49, 50, 87, 88, 103, 104, 53, 55, 45, 75, 77, 59, 90, 92, 65, 81, 117, 119, 95, 107, 8, 15, 0, 27, 29, 3, 41, 43, 19, 33]",True,8428167555,8.428167555,"[111, 9, 6, 1, 2, 48, 46, 47, 70, 69, 79, 80, 72, 73, 94, 66, 68, 86, 23, 126, 125, 124, 123, 141, 142, 62, 5, 4, 22, 21, 20, 37, 34, 35, 31, 30, 11, 98, 96, 100, 63, 60, 64, 83, 84, 24, 44, 82, 38, 57, 56, 49, 50, 87, 88, 103, 104, 53, 55, 45, 75, 77, 59, 90, 92, 65, 81, 117, 119, 95, 107, 8, 15, 0, 27, 29, 3, 41, 43, 19, 33]","[33, 19, 43, 41, 3, 29, 27, 0, 15, 8, 107, 95, 119, 117, 81, 65, 92, 90, 59, 77, 75, 45, 55, 53, 104, 103, 88, 87, 50, 49, 56, 57, 38, 82, 44, 24, 84, 83, 64, 60, 63, 100, 96, 98, 11, 30, 31, 35, 34, 37, 20, 21, 22, 4, 5, 62, 142, 141, 123, 124, 125, 126, 23, 86, 68, 66, 94, 73, 72, 80, 79, 69, 70, 47, 46, 48, 2, 1, 6, 9, 111]",complete,196,196,2625,115,1250,548,702,702,2,88,88,37,37,37,38
1,452,36,70,79,"[7, 9, 10, 12, 13, 14, 16, 17, 18, 25, 26, 28, 32, 36, 39, 40, 42, 51, 52, 54, 58, 61, 67, 71, 74, 76, 78, 85, 89, 91, 93, 97, 99, 101, 102, 105, 106, 108, 109, 110, 111, 112, 114, 115, 116, 118, 120, 121, 122, 127, 128, 129, 130, 131, 132, 133, 134, 135, 136, 137, 138, 139, 140, 143, 144, 145, 146, 147, 148, 149]","[0, 1, 2, 3, 4, 5, 6, 8, 11, 15, 19, 20, 21, 22, 23, 24, 27, 29, 30, 31, 33, 34, 35, 37, 38, 41, 43, 44, 45, 46, 47, 48, 49, 50, 53, 55, 56, 57, 59, 60, 62, 63, 64, 65, 66, 68, 69, 70, 72, 73, 75, 77, 79, 80, 81, 82, 83, 84, 86, 87, 88, 90, 92, 94, 95, 96, 98, 100, 103, 104, 107, 117, 119, 123, 124, 125, 126, 141, 142]",{},[],0,"[137, 138, 139, 140, 136, 135, 134, 133, 129, 130, 131, 132, 128, 127, 13, 14, 116, 118, 26, 28, 40, 42, 52, 54, 74, 76, 89, 91, 17, 122, 18, 32, 16, 112, 36, 99, 105, 144, 10, 145, 148, 115, 149, 102, 146, 147, 12, 58, 71, 109, 61, 67, 78, 85, 93, 143, 25, 7, 39, 51, 97, 106, 101, 120, 121, 114, 108, 110, 111, 9, 6, 1, 2, 48, 46, 47, 70, 69, 79, 80, 72, 73, 94, 66, 68, 86, 23, 126, 125, 124, 123, 141, 142, 62, 5, 4, 22, 21, 20, 37, 34, 35, 31, 30, 11, 98, 96, 100, 63, 60, 64, 83, 84, 24, 44, 82, 38, 57, 56, 49, 50, 87, 88, 103, 104, 53, 55, 45, 75, 77, 59, 90, 92, 65, 81, 117, 119, 95, 107, 8, 15, 0, 27, 29, 3, 41, 43, 19, 33]",True,8175493409,8.175493409,"[6, 1, 2, 48, 46, 47, 70, 69, 79, 80, 72, 73, 94, 66, 68, 86, 23, 126, 125, 124, 123, 141, 142, 62, 5, 4, 22, 21, 20, 37, 34, 35, 31, 30, 11, 98, 96, 100, 63, 60, 64, 83, 84, 24, 44, 82, 38, 57, 56, 49, 50, 87, 88, 103, 104, 53, 55, 45, 75, 77, 59, 90, 92, 65, 81, 117, 119, 95, 107, 8, 15, 0, 27, 29, 3, 41, 43, 19, 33]","[33, 19, 43, 41, 3, 29, 27, 0, 15, 8, 107, 95, 119, 117, 81, 65, 92, 90, 59, 77, 75, 45, 55, 53, 104, 103, 88, 87, 50, 49, 56, 57, 38, 82, 44, 24, 84, 83, 64, 60, 63, 100, 96, 98, 11, 30, 31, 35, 34, 37, 20, 21, 22, 4, 5, 62, 142, 141, 123, 124, 125, 126, 23, 86, 68, 66, 94, 73, 72, 80, 79, 69, 70, 47, 46, 48, 2, 1, 6]",complete,194,194,2484,115,1246,548,698,698,2,87,87,36,36,36,36
1,452,37,72,77,"[1, 6, 7, 9, 10, 12, 13, 14, 16, 17, 18, 25, 26, 28, 32, 36, 39, 40, 42, 51, 52, 54, 58, 61, 67, 71, 74, 76, 78, 85, 89, 91, 93, 97, 99, 101, 102, 105, 106, 108, 109, 110, 111, 112, 114, 115, 116, 118, 120, 121, 122, 127, 128, 129, 130, 131, 132, 133, 134, 135, 136, 137, 138, 139, 140, 143, 144, 145, 146, 147, 148, 149]","[0, 2, 3, 4, 5, 8, 11, 15, 19, 20, 21, 22, 23, 24, 27, 29, 30, 31, 33, 34, 35, 37, 38, 41, 43, 44, 45, 46, 47, 48, 49, 50, 53, 55, 56, 57, 59, 60, 62, 63, 64, 65, 66, 68, 69, 70, 72, 73, 75, 77, 79, 80, 81, 82, 83, 84, 86, 87, 88, 90, 92, 94, 95, 96, 98, 100, 103, 104, 107, 117, 119, 123, 124, 125, 126, 141, 142]","{""support_1"": 2}",[2],1,"[137, 138, 139, 140, 136, 135, 134, 133, 129, 130, 131, 132, 128, 127, 13, 14, 116, 118, 26, 28, 40, 42, 52, 54, 74, 76, 89, 91, 17, 122, 18, 32, 16, 112, 36, 99, 105, 144, 10, 145, 148, 115, 149, 102, 146, 147, 12, 58, 71, 109, 61, 67, 78, 85, 93, 143, 25, 7, 39, 51, 97, 106, 101, 120, 121, 114, 108, 110, 111, 9, 6, 1, 2, 48, 46, 47, 70, 69, 79, 80, 72, 73, 94, 66, 68, 86, 23, 126, 125, 124, 123, 141, 142, 62, 5, 4, 22, 21, 20, 37, 34, 35, 31, 30, 11, 98, 96, 100, 63, 60, 64, 83, 84, 24, 44, 82, 38, 57, 56, 49, 50, 87, 88, 103, 104, 53, 55, 45, 75, 77, 59, 90, 92, 65, 81, 117, 119, 95, 107, 8, 15, 0, 27, 29, 3, 41, 43, 19, 33]",True,8231783069,8.231783069,"[2, 48, 46, 47, 70, 69, 79, 80, 72, 73, 94, 66, 68, 86, 23, 126, 125, 124, 123, 141, 142, 62, 5, 4, 22, 21, 20, 37, 34, 35, 31, 30, 11, 98, 96, 100, 63, 60, 64, 83, 84, 24, 44, 82, 38, 57, 56, 49, 50, 87, 88, 103, 104, 53, 55, 45, 75, 77, 59, 90, 92, 65, 81, 117, 119, 95, 107, 8, 15, 0, 27, 29, 3, 41, 43, 19, 33]","[33, 19, 43, 41, 3, 29, 27, 0, 15, 8, 107, 95, 119, 117, 81, 65, 92, 90, 59, 77, 75, 45, 55, 53, 104, 103, 88, 87, 50, 49, 56, 57, 38, 82, 44, 24, 84, 83, 64, 60, 63, 100, 96, 98, 11, 30, 31, 35, 34, 37, 20, 21, 22, 4, 5, 62, 142, 141, 123, 124, 125, 126, 23, 86, 68, 66, 94, 73, 72, 80, 79, 69, 70, 47, 46, 48, 2]",complete,192,192,2347,115,1243,548,695,695,2,85,85,34,34,34,35
1,452,38,74,75,"[1, 2, 6, 7, 9, 10, 12, 13, 14, 16, 17, 18, 25, 26, 28, 32, 36, 39, 40, 42, 48, 51, 52, 54, 58, 61, 67, 71, 74, 76, 78, 85, 89, 91, 93, 97, 99, 101, 102, 105, 106, 108, 109, 110, 111, 112, 114, 115, 116, 118, 120, 121, 122, 127, 128, 129, 130, 131, 132, 133, 134, 135, 136, 137, 138, 139, 140, 143, 144, 145, 146, 147, 148, 149]","[0, 3, 4, 5, 8, 11, 15, 19, 20, 21, 22, 23, 24, 27, 29, 30, 31, 33, 34, 35, 37, 38, 41, 43, 44, 45, 46, 47, 49, 50, 53, 55, 56, 57, 59, 60, 62, 63, 64, 65, 66, 68, 69, 70, 72, 73, 75, 77, 79, 80, 81, 82, 83, 84, 86, 87, 88, 90, 92, 94, 95, 96, 98, 100, 103, 104, 107, 117, 119, 123, 124, 125, 126, 141, 142]","{""support_1"": 46}",[46],1,"[137, 138, 139, 140, 136, 135, 134, 133, 129, 130, 131, 132, 128, 127, 13, 14, 116, 118, 26, 28, 40, 42, 52, 54, 74, 76, 89, 91, 17, 122, 18, 32, 16, 112, 36, 99, 105, 144, 10, 145, 148, 115, 149, 102, 146, 147, 12, 58, 71, 109, 61, 67, 78, 85, 93, 143, 25, 7, 39, 51, 97, 106, 101, 120, 121, 114, 108, 110, 111, 9, 6, 1, 2, 48, 46, 47, 70, 69, 79, 80, 72, 73, 94, 66, 68, 86, 23, 126, 125, 124, 123, 141, 142, 62, 5, 4, 22, 21, 20, 37, 34, 35, 31, 30, 11, 98, 96, 100, 63, 60, 64, 83, 84, 24, 44, 82, 38, 57, 56, 49, 50, 87, 88, 103, 104, 53, 55, 45, 75, 77, 59, 90, 92, 65, 81, 117, 119, 95, 107, 8, 15, 0, 27, 29, 3, 41, 43, 19, 33]",True,8036782868,8.036782868,"[46, 47, 70, 69, 79, 80, 72, 73, 94, 66, 68, 86, 23, 126, 125, 124, 123, 141, 142, 62, 5, 4, 22, 21, 20, 37, 34, 35, 31, 30, 11, 98, 96, 100, 63, 60, 64, 83, 84, 24, 44, 82, 38, 57, 56, 49, 50, 87, 88, 103, 104, 53, 55, 45, 75, 77, 59, 90, 92, 65, 81, 117, 119, 95, 107, 8, 15, 0, 27, 29, 3, 41, 43, 19, 33]","[33, 19, 43, 41, 3, 29, 27, 0, 15, 8, 107, 95, 119, 117, 81, 65, 92, 90, 59, 77, 75, 45, 55, 53, 104, 103, 88, 87, 50, 49, 56, 57, 38, 82, 44, 24, 84, 83, 64, 60, 63, 100, 96, 98, 11, 30, 31, 35, 34, 37, 20, 21, 22, 4, 5, 62, 142, 141, 123, 124, 125, 126, 23, 86, 68, 66, 94, 73, 72, 80, 79, 69, 70, 47, 46]",complete,190,190,2214,115,1240,548,692,692,2,84,84,33,33,33,34
1,452,39,76,73,"[1, 2, 6, 7, 9, 10, 12, 13, 14, 16, 17, 18, 25, 26, 28, 32, 36, 39, 40, 42, 46, 47, 48, 51, 52, 54, 58, 61, 67, 71, 74, 76, 78, 85, 89, 91, 93, 97, 99, 101, 102, 105, 106, 108, 109, 110, 111, 112, 114, 115, 116, 118, 120, 121, 122, 127, 128, 129, 130, 131, 132, 133, 134, 135, 136, 137, 138, 139, 140, 143, 144, 145, 146, 147, 148, 149]","[0, 3, 4, 5, 8, 11, 15, 19, 20, 21, 22, 23, 24, 27, 29, 30, 31, 33, 34, 35, 37, 38, 41, 43, 44, 45, 49, 50, 53, 55, 56, 57, 59, 60, 62, 63, 64, 65, 66, 68, 69, 70, 72, 73, 75, 77, 79, 80, 81, 82, 83, 84, 86, 87, 88, 90, 92, 94, 95, 96, 98, 100, 103, 104, 107, 117, 119, 123, 124, 125, 126, 141, 142]",{},[],0,"[137, 138, 139, 140, 136, 135, 134, 133, 129, 130, 131, 132, 128, 127, 13, 14, 116, 118, 26, 28, 40, 42, 52, 54, 74, 76, 89, 91, 17, 122, 18, 32, 16, 112, 36, 99, 105, 144, 10, 145, 148, 115, 149, 102, 146, 147, 12, 58, 71, 109, 61, 67, 78, 85, 93, 143, 25, 7, 39, 51, 97, 106, 101, 120, 121, 114, 108, 110, 111, 9, 6, 1, 2, 48, 46, 47, 70, 69, 79, 80, 72, 73, 94, 66, 68, 86, 23, 126, 125, 124, 123, 141, 142, 62, 5, 4, 22, 21, 20, 37, 34, 35, 31, 30, 11, 98, 96, 100, 63, 60, 64, 83, 84, 24, 44, 82, 38, 57, 56, 49, 50, 87, 88, 103, 104, 53, 55, 45, 75, 77, 59, 90, 92, 65, 81, 117, 119, 95, 107, 8, 15, 0, 27, 29, 3, 41, 43, 19, 33]",True,7841079708,7.841079708,"[70, 69, 79, 80, 72, 73, 94, 66, 68, 86, 23, 126, 125, 124, 123, 141, 142, 62, 5, 4, 22, 21, 20, 37, 34, 35, 31, 30, 11, 98, 96, 100, 63, 60, 64, 83, 84, 24, 44, 82, 38, 57, 56, 49, 50, 87, 88, 103, 104, 53, 55, 45, 75, 77, 59, 90, 92, 65, 81, 117, 119, 95, 107, 8, 15, 0, 27, 29, 3, 41, 43, 19, 33]","[33, 19, 43, 41, 3, 29, 27, 0, 15, 8, 107, 95, 119, 117, 81, 65, 92, 90, 59, 77, 75, 45, 55, 53, 104, 103, 88, 87, 50, 49, 56, 57, 38, 82, 44, 24, 84, 83, 64, 60, 63, 100, 96, 98, 11, 30, 31, 35, 34, 37, 20, 21, 22, 4, 5, 62, 142, 141, 123, 124, 125, 126, 23, 86, 68, 66, 94, 73, 72, 80, 79, 69, 70]",complete,188,188,2085,115,1236,548,688,688,2,83,83,32,32,32,32
1,452,40,78,71,"[1, 2, 6, 7, 9, 10, 12, 13, 14, 16, 17, 18, 25, 26, 28, 32, 36, 39, 40, 42, 46, 47, 48, 51, 52, 54, 58, 61, 67, 69, 70, 71, 74, 76, 78, 85, 89, 91, 93, 97, 99, 101, 102, 105, 106, 108, 109, 110, 111, 112, 114, 115, 116, 118, 120, 121, 122, 127, 128, 129, 130, 131, 132, 133, 134, 135, 136, 137, 138, 139, 140, 143, 144, 145, 146, 147, 148, 149]","[0, 3, 4, 5, 8, 11, 15, 19, 20, 21, 22, 23, 24, 27, 29, 30, 31, 33, 34, 35, 37, 38, 41, 43, 44, 45, 49, 50, 53, 55, 56, 57, 59, 60, 62, 63, 64, 65, 66, 68, 72, 73, 75, 77, 79, 80, 81, 82, 83, 84, 86, 87, 88, 90, 92, 94, 95, 96, 98, 100, 103, 104, 107, 117, 119, 123, 124, 125, 126, 141, 142]","{""support_1"": 79}",[79],1,"[137, 138, 139, 140, 136, 135, 134, 133, 129, 130, 131, 132, 128, 127, 13, 14, 116, 118, 26, 28, 40, 42, 52, 54, 74, 76, 89, 91, 17, 122, 18, 32, 16, 112, 36, 99, 105, 144, 10, 145, 148, 115, 149, 102, 146, 147, 12, 58, 71, 109, 61, 67, 78, 85, 93, 143, 25, 7, 39, 51, 97, 106, 101, 120, 121, 114, 108, 110, 111, 9, 6, 1, 2, 48, 46, 47, 70, 69, 79, 80, 72, 73, 94, 66, 68, 86, 23, 126, 125, 124, 123, 141, 142, 62, 5, 4, 22, 21, 20, 37, 34, 35, 31, 30, 11, 98, 96, 100, 63, 60, 64, 83, 84, 24, 44, 82, 38, 57, 56, 49, 50, 87, 88, 103, 104, 53, 55, 45, 75, 77, 59, 90, 92, 65, 81, 117, 119, 95, 107, 8, 15, 0, 27, 29, 3, 41, 43, 19, 33]",True,7821024512,7.821024512,"[79, 80, 72, 73, 94, 66, 68, 86, 23, 126, 125, 124, 123, 141, 142, 62, 5, 4, 22, 21, 20, 37, 34, 35, 31, 30, 11, 98, 96, 100, 63, 60, 64, 83, 84, 24, 44, 82, 38, 57, 56, 49, 50, 87, 88, 103, 104, 53, 55, 45, 75, 77, 59, 90, 92, 65, 81, 117, 119, 95, 107, 8, 15, 0, 27, 29, 3, 41, 43, 19, 33]","[33, 19, 43, 41, 3, 29, 27, 0, 15, 8, 107, 95, 119, 117, 81, 65, 92, 90, 59, 77, 75, 45, 55, 53, 104, 103, 88, 87, 50, 49, 56, 57, 38, 82, 44, 24, 84, 83, 64, 60, 63, 100, 96, 98, 11, 30, 31, 35, 34, 37, 20, 21, 22, 4, 5, 62, 142, 141, 123, 124, 125, 126, 23, 86, 68, 66, 94, 73, 72, 80, 79]",complete,186,186,1960,115,1233,548,685,685,2,81,81,30,30,30,31
1,452,41,80,69,"[1, 2, 6, 7, 9, 10, 12, 13, 14, 16, 17, 18, 25, 26, 28, 32, 36, 39, 40, 42, 46, 47, 48, 51, 52, 54, 58, 61, 67, 69, 70, 71, 74, 76, 78, 79, 80, 85, 89, 91, 93, 97, 99, 101, 102, 105, 106, 108, 109, 110, 111, 112, 114, 115, 116, 118, 120, 121, 122, 127, 128, 129, 130, 131, 132, 133, 134, 135, 136, 137, 138, 139, 140, 143, 144, 145, 146, 147, 148, 149]","[0, 3, 4, 5, 8, 11, 15, 19, 20, 21, 22, 23, 24, 27, 29, 30, 31, 33, 34, 35, 37, 38, 41, 43, 44, 45, 49, 50, 53, 55, 56, 57, 59, 60, 62, 63, 64, 65, 66, 68, 72, 73, 75, 77, 81, 82, 83, 84, 86, 87, 88, 90, 92, 94, 95, 96, 98, 100, 103, 104, 107, 117, 119, 123, 124, 125, 126, 141, 142]","{""support_1"": 72}",[72],1,"[137, 138, 139, 140, 136, 135, 134, 133, 129, 130, 131, 132, 128, 127, 13, 14, 116, 118, 26, 28, 40, 42, 52, 54, 74, 76, 89, 91, 17, 122, 18, 32, 16, 112, 36, 99, 105, 144, 10, 145, 148, 115, 149, 102, 146, 147, 12, 58, 71, 109, 61, 67, 78, 85, 93, 143, 25, 7, 39, 51, 97, 106, 101, 120, 121, 114, 108, 110, 111, 9, 6, 1, 2, 48, 46, 47, 70, 69, 79, 80, 72, 73, 94, 66, 68, 86, 23, 126, 125, 124, 123, 141, 142, 62, 5, 4, 22, 21, 20, 37, 34, 35, 31, 30, 11, 98, 96, 100, 63, 60, 64, 83, 84, 24, 44, 82, 38, 57, 56, 49, 50, 87, 88, 103, 104, 53, 55, 45, 75, 77, 59, 90, 92, 65, 81, 117, 119, 95, 107, 8, 15, 0, 27, 29, 3, 41, 43, 19, 33]",True,7593453024,7.593453024,"[72, 73, 94, 66, 68, 86, 23, 126, 125, 124, 123, 141, 142, 62, 5, 4, 22, 21, 20, 37, 34, 35, 31, 30, 11, 98, 96, 100, 63, 60, 64, 83, 84, 24, 44, 82, 38, 57, 56, 49, 50, 87, 88, 103, 104, 53, 55, 45, 75, 77, 59, 90, 92, 65, 81, 117, 119, 95, 107, 8, 15, 0, 27, 29, 3, 41, 43, 19, 33]","[33, 19, 43, 41, 3, 29, 27, 0, 15, 8, 107, 95, 119, 117, 81, 65, 92, 90, 59, 77, 75, 45, 55, 53, 104, 103, 88, 87, 50, 49, 56, 57, 38, 82, 44, 24, 84, 83, 64, 60, 63, 100, 96, 98, 11, 30, 31, 35, 34, 37, 20, 21, 22, 4, 5, 62, 142, 141, 123, 124, 125, 126, 23, 86, 68, 66, 94, 73, 72]",complete,184,184,1839,115,1228,548,680,680,2,79,79,28,28,28,29
1,452,42,82,67,"[1, 2, 6, 7, 9, 10, 12, 13, 14, 16, 17, 18, 25, 26, 28, 32, 36, 39, 40, 42, 46, 47, 48, 51, 52, 54, 58, 61, 67, 69, 70, 71, 72, 73, 74, 76, 78, 79, 80, 85, 89, 91, 93, 97, 99, 101, 102, 105, 106, 108, 109, 110, 111, 112, 114, 115, 116, 118, 120, 121, 122, 127, 128, 129, 130, 131, 132, 133, 134, 135, 136, 137, 138, 139, 140, 143, 144, 145, 146, 147, 148, 149]","[0, 3, 4, 5, 8, 11, 15, 19, 20, 21, 22, 23, 24, 27, 29, 30, 31, 33, 34, 35, 37, 38, 41, 43, 44, 45, 49, 50, 53, 55, 56, 57, 59, 60, 62, 63, 64, 65, 66, 68, 75, 77, 81, 82, 83, 84, 86, 87, 88, 90, 92, 94, 95, 96, 98, 100, 103, 104, 107, 117, 119, 123, 124, 125, 126, 141, 142]","{""support_1"": 66, ""support_2"": 94}","[66, 94]",2,"[137, 138, 139, 140, 136, 135, 134, 133, 129, 130, 131, 132, 128, 127, 13, 14, 116, 118, 26, 28, 40, 42, 52, 54, 74, 76, 89, 91, 17, 122, 18, 32, 16, 112, 36, 99, 105, 144, 10, 145, 148, 115, 149, 102, 146, 147, 12, 58, 71, 109, 61, 67, 78, 85, 93, 143, 25, 7, 39, 51, 97, 106, 101, 120, 121, 114, 108, 110, 111, 9, 6, 1, 2, 48, 46, 47, 70, 69, 79, 80, 72, 73, 94, 66, 68, 86, 23, 126, 125, 124, 123, 141, 142, 62, 5, 4, 22, 21, 20, 37, 34, 35, 31, 30, 11, 98, 96, 100, 63, 60, 64, 83, 84, 24, 44, 82, 38, 57, 56, 49, 50, 87, 88, 103, 104, 53, 55, 45, 75, 77, 59, 90, 92, 65, 81, 117, 119, 95, 107, 8, 15, 0, 27, 29, 3, 41, 43, 19, 33]",True,7556882095,7.556882095,"[94, 66, 68, 86, 23, 126, 125, 124, 123, 141, 142, 62, 5, 4, 22, 21, 20, 37, 34, 35, 31, 30, 11, 98, 96, 100, 63, 60, 64, 83, 84, 24, 44, 82, 38, 57, 56, 49, 50, 87, 88, 103, 104, 53, 55, 45, 75, 77, 59, 90, 92, 65, 81, 117, 119, 95, 107, 8, 15, 0, 27, 29, 3, 41, 43, 19, 33]","[33, 19, 43, 41, 3, 29, 27, 0, 15, 8, 107, 95, 119, 117, 81, 65, 92, 90, 59, 77, 75, 45, 55, 53, 104, 103, 88, 87, 50, 49, 56, 57, 38, 82, 44, 24, 84, 83, 64, 60, 63, 100, 96, 98, 11, 30, 31, 35, 34, 37, 20, 21, 22, 4, 5, 62, 142, 141, 123, 124, 125, 126, 23, 86, 68, 66, 94]",complete,182,182,1722,115,1219,548,671,671,2,75,75,26,26,25,27
1,452,43,84,65,"[1, 2, 6, 7, 9, 10, 12, 13, 14, 16, 17, 18, 25, 26, 28, 32, 36, 39, 40, 42, 46, 47, 48, 51, 52, 54, 58, 61, 66, 67, 69, 70, 71, 72, 73, 74, 76, 78, 79, 80, 85, 89, 91, 93, 94, 97, 99, 101, 102, 105, 106, 108, 109, 110, 111, 112, 114, 115, 116, 118, 120, 121, 122, 127, 128, 129, 130, 131, 132, 133, 134, 135, 136, 137, 138, 139, 140, 143, 144, 145, 146, 147, 148, 149]","[0, 3, 4, 5, 8, 11, 15, 19, 20, 21, 22, 23, 24, 27, 29, 30, 31, 33, 34, 35, 37, 38, 41, 43, 44, 45, 49, 50, 53, 55, 56, 57, 59, 60, 62, 63, 64, 65, 68, 75, 77, 81, 82, 83, 84, 86, 87, 88, 90, 92, 95, 96, 98, 100, 103, 104, 107, 117, 119, 123, 124, 125, 126, 141, 142]","{""support_1"": 68, ""support_2"": 86}","[68, 86]",2,"[137, 138, 139, 140, 136, 135, 134, 133, 129, 130, 131, 132, 128, 127, 13, 14, 116, 118, 26, 28, 40, 42, 52, 54, 74, 76, 89, 91, 17, 122, 18, 32, 16, 112, 36, 99, 105, 144, 10, 145, 148, 115, 149, 102, 146, 147, 12, 58, 71, 109, 61, 67, 78, 85, 93, 143, 25, 7, 39, 51, 97, 106, 101, 120, 121, 114, 108, 110, 111, 9, 6, 1, 2, 48, 46, 47, 70, 69, 79, 80, 72, 73, 94, 66, 68, 86, 23, 126, 125, 124, 123, 141, 142, 62, 5, 4, 22, 21, 20, 37, 34, 35, 31, 30, 11, 98, 96, 100, 63, 60, 64, 83, 84, 24, 44, 82, 38, 57, 56, 49, 50, 87, 88, 103, 104, 53, 55, 45, 75, 77, 59, 90, 92, 65, 81, 117, 119, 95, 107, 8, 15, 0, 27, 29, 3, 41, 43, 19, 33]",True,7031357706,7.031357706,"[68, 86, 23, 126, 125, 124, 123, 141, 142, 62, 5, 4, 22, 21, 20, 37, 34, 35, 31, 30, 11, 98, 96, 100, 63, 60, 64, 83, 84, 24, 44, 82, 38, 57, 56, 49, 50, 87, 88, 103, 104, 53, 55, 45, 75, 77, 59, 90, 92, 65, 81, 117, 119, 95, 107, 8, 15, 0, 27, 29, 3, 41, 43, 19, 33]","[33, 19, 43, 41, 3, 29, 27, 0, 15, 8, 107, 95, 119, 117, 81, 65, 92, 90, 59, 77, 75, 45, 55, 53, 104, 103, 88, 87, 50, 49, 56, 57, 38, 82, 44, 24, 84, 83, 64, 60, 63, 100, 96, 98, 11, 30, 31, 35, 34, 37, 20, 21, 22, 4, 5, 62, 142, 141, 123, 124, 125, 126, 23, 86, 68]",complete,180,180,1609,115,1188,548,640,640,2,72,72,24,24,23,25
1,452,44,86,63,"[1, 2, 6, 7, 9, 10, 12, 13, 14, 16, 17, 18, 25, 26, 28, 32, 36, 39, 40, 42, 46, 47, 48, 51, 52, 54, 58, 61, 66, 67, 68, 69, 70, 71, 72, 73, 74, 76, 78, 79, 80, 85, 86, 89, 91, 93, 94, 97, 99, 101, 102, 105, 106, 108, 109, 110, 111, 112, 114, 115, 116, 118, 120, 121, 122, 127, 128, 129, 130, 131, 132, 133, 134, 135, 136, 137, 138, 139, 140, 143, 144, 145, 146, 147, 148, 149]","[0, 3, 4, 5, 8, 11, 15, 19, 20, 21, 22, 23, 24, 27, 29, 30, 31, 33, 34, 35, 37, 38, 41, 43, 44, 45, 49, 50, 53, 55, 56, 57, 59, 60, 62, 63, 64, 65, 75, 77, 81, 82, 83, 84, 87, 88, 90, 92, 95, 96, 98, 100, 103, 104, 107, 117, 119, 123, 124, 125, 126, 141, 142]","{""support_1"": 82}",[82],1,"[137, 138, 139, 140, 136, 135, 134, 133, 129, 130, 131, 132, 128, 127, 13, 14, 116, 118, 26, 28, 40, 42, 52, 54, 74, 76, 89, 91, 17, 122, 18, 32, 16, 112, 36, 99, 105, 144, 10, 145, 148, 115, 149, 102, 146, 147, 12, 58, 71, 109, 61, 67, 78, 85, 93, 143, 25, 7, 39, 51, 97, 106, 101, 120, 121, 114, 108, 110, 111, 9, 6, 1, 2, 48, 46, 47, 70, 69, 79, 80, 72, 73, 94, 66, 68, 86, 23, 126, 125, 124, 123, 141, 142, 62, 5, 4, 22, 21, 20, 37, 34, 35, 31, 30, 11, 98, 96, 100, 63, 60, 64, 83, 84, 24, 44, 82, 38, 57, 56, 49, 50, 87, 88, 103, 104, 53, 55, 45, 75, 77, 59, 90, 92, 65, 81, 117, 119, 95, 107, 8, 15, 0, 27, 29, 3, 41, 43, 19, 33]",True,7072793649,7.072793649,"[23, 126, 125, 124, 123, 141, 142, 62, 5, 4, 22, 21, 20, 37, 34, 35, 31, 30, 11, 98, 96, 100, 63, 60, 64, 83, 84, 24, 44, 82, 38, 57, 56, 49, 50, 87, 88, 103, 104, 53, 55, 45, 75, 77, 59, 90, 92, 65, 81, 117, 119, 95, 107, 8, 15, 0, 27, 29, 3, 41, 43, 19, 33]","[33, 19, 43, 41, 3, 29, 27, 0, 15, 8, 107, 95, 119, 117, 81, 65, 92, 90, 59, 77, 75, 45, 55, 53, 104, 103, 88, 87, 50, 49, 56, 57, 38, 82, 44, 24, 84, 83, 64, 60, 63, 100, 96, 98, 11, 30, 31, 35, 34, 37, 20, 21, 22, 4, 5, 62, 142, 141, 123, 124, 125, 126, 23]",complete,178,178,1500,115,1185,548,637,637,2,70,70,23,23,22,23
1,452,45,88,61,"[1, 2, 6, 7, 9, 10, 12, 13, 14, 16, 17, 18, 23, 25, 26, 28, 32, 36, 39, 40, 42, 46, 47, 48, 51, 52, 54, 58, 61, 66, 67, 68, 69, 70, 71, 72, 73, 74, 76, 78, 79, 80, 85, 86, 89, 91, 93, 94, 97, 99, 101, 102, 105, 106, 108, 109, 110, 111, 112, 114, 115, 116, 118, 120, 121, 122, 126, 127, 128, 129, 130, 131, 132, 133, 134, 135, 136, 137, 138, 139, 140, 143, 144, 145, 146, 147, 148, 149]","[0, 3, 4, 5, 8, 11, 15, 19, 20, 21, 22, 24, 27, 29, 30, 31, 33, 34, 35, 37, 38, 41, 43, 44, 45, 49, 50, 53, 55, 56, 57, 59, 60, 62, 63, 64, 65, 75, 77, 81, 82, 83, 84, 87, 88, 90, 92, 95, 96, 98, 100, 103, 104, 107, 117, 119, 123, 124, 125, 141, 142]","{""support_1"": 82, ""support_2"": 4}","[4, 82]",2,"[137, 138, 139, 140, 136, 135, 134, 133, 129, 130, 131, 132, 128, 127, 13, 14, 116, 118, 26, 28, 40, 42, 52, 54, 74, 76, 89, 91, 17, 122, 18, 32, 16, 112, 36, 99, 105, 144, 10, 145, 148, 115, 149, 102, 146, 147, 12, 58, 71, 109, 61, 67, 78, 85, 93, 143, 25, 7, 39, 51, 97, 106, 101, 120, 121, 114, 108, 110, 111, 9, 6, 1, 2, 48, 46, 47, 70, 69, 79, 80, 72, 73, 94, 66, 68, 86, 23, 126, 125, 124, 123, 141, 142, 62, 5, 4, 22, 21, 20, 37, 34, 35, 31, 30, 11, 98, 96, 100, 63, 60, 64, 83, 84, 24, 44, 82, 38, 57, 56, 49, 50, 87, 88, 103, 104, 53, 55, 45, 75, 77, 59, 90, 92, 65, 81, 117, 119, 95, 107, 8, 15, 0, 27, 29, 3, 41, 43, 19, 33]",True,5771338105,5.771338105,"[125, 124, 123, 141, 142, 62, 5, 4, 22, 21, 20, 37, 34, 35, 31, 30, 11, 98, 96, 100, 63, 60, 64, 83, 84, 24, 44, 82, 38, 57, 56, 49, 50, 87, 88, 103, 104, 53, 55, 45, 75, 77, 59, 90, 92, 65, 81, 117, 119, 95, 107, 8, 15, 0, 27, 29, 3, 41, 43, 19, 33]","[33, 19, 43, 41, 3, 29, 27, 0, 15, 8, 107, 95, 119, 117, 81, 65, 92, 90, 59, 77, 75, 45, 55, 53, 104, 103, 88, 87, 50, 49, 56, 57, 38, 82, 44, 24, 84, 83, 64, 60, 63, 100, 96, 98, 11, 30, 31, 35, 34, 37, 20, 21, 22, 4, 5, 62, 142, 141, 123, 124, 125]",complete,167,167,1395,106,1004,459,545,545,2,66,66,23,23,21,23
1,452,46,90,59,"[1, 2, 6, 7, 9, 10, 12, 13, 14, 16, 17, 18, 23, 25, 26, 28, 32, 36, 39, 40, 42, 46, 47, 48, 51, 52, 54, 58, 61, 66, 67, 68, 69, 70, 71, 72, 73, 74, 76, 78, 79, 80, 85, 86, 89, 91, 93, 94, 97, 99, 101, 102, 105, 106, 108, 109, 110, 111, 112, 114, 115, 116, 118, 120, 121, 122, 124, 125, 126, 127, 128, 129, 130, 131, 132, 133, 134, 135, 136, 137, 138, 139, 140, 143, 144, 145, 146, 147, 148, 149]","[0, 3, 4, 5, 8, 11, 15, 19, 20, 21, 22, 24, 27, 29, 30, 31, 33, 34, 35, 37, 38, 41, 43, 44, 45, 49, 50, 53, 55, 56, 57, 59, 60, 62, 63, 64, 65, 75, 77, 81, 82, 83, 84, 87, 88, 90, 92, 95, 96, 98, 100, 103, 104, 107, 117, 119, 123, 141, 142]","{""support_1"": 82, ""support_2"": 4}","[4, 82]",2,"[137, 138, 139, 140, 136, 135, 134, 133, 129, 130, 131, 132, 128, 127, 13, 14, 116, 118, 26, 28, 40, 42, 52, 54, 74, 76, 89, 91, 17, 122, 18, 32, 16, 112, 36, 99, 105, 144, 10, 145, 148, 115, 149, 102, 146, 147, 12, 58, 71, 109, 61, 67, 78, 85, 93, 143, 25, 7, 39, 51, 97, 106, 101, 120, 121, 114, 108, 110, 111, 9, 6, 1, 2, 48, 46, 47, 70, 69, 79, 80, 72, 73, 94, 66, 68, 86, 23, 126, 125, 124, 123, 141, 142, 62, 5, 4, 22, 21, 20, 37, 34, 35, 31, 30, 11, 98, 96, 100, 63, 60, 64, 83, 84, 24, 44, 82, 38, 57, 56, 49, 50, 87, 88, 103, 104, 53, 55, 45, 75, 77, 59, 90, 92, 65, 81, 117, 119, 95, 107, 8, 15, 0, 27, 29, 3, 41, 43, 19, 33]",True,4815402915,4.815402915,"[123, 141, 142, 62, 5, 4, 22, 21, 20, 37, 34, 35, 31, 30, 11, 98, 96, 100, 63, 60, 64, 83, 84, 24, 44, 82, 38, 57, 56, 49, 50, 87, 88, 103, 104, 53, 55, 45, 75, 77, 59, 90, 92, 65, 81, 117, 119, 95, 107, 8, 15, 0, 27, 29, 3, 41, 43, 19, 33]","[33, 19, 43, 41, 3, 29, 27, 0, 15, 8, 107, 95, 119, 117, 81, 65, 92, 90, 59, 77, 75, 45, 55, 53, 104, 103, 88, 87, 50, 49, 56, 57, 38, 82, 44, 24, 84, 83, 64, 60, 63, 100, 96, 98, 11, 30, 31, 35, 34, 37, 20, 21, 22, 4, 5, 62, 142, 141, 123]",complete,143,143,1294,84,836,376,460,460,2,62,62,23,23,21,23
1,452,47,92,57,"[1, 2, 6, 7, 9, 10, 12, 13, 14, 16, 17, 18, 23, 25, 26, 28, 32, 36, 39, 40, 42, 46, 47, 48, 51, 52, 54, 58, 61, 66, 67, 68, 69, 70, 71, 72, 73, 74, 76, 78, 79, 80, 85, 86, 89, 91, 93, 94, 97, 99, 101, 102, 105, 106, 108, 109, 110, 111, 112, 114, 115, 116, 118, 120, 121, 122, 123, 124, 125, 126, 127, 128, 129, 130, 131, 132, 133, 134, 135, 136, 137, 138, 139, 140, 141, 143, 144, 145, 146, 147, 148, 149]","[0, 3, 4, 5, 8, 11, 15, 19, 20, 21, 22, 24, 27, 29, 30, 31, 33, 34, 35, 37, 38, 41, 43, 44, 45, 49, 50, 53, 55, 56, 57, 59, 60, 62, 63, 64, 65, 75, 77, 81, 82, 83, 84, 87, 88, 90, 92, 95, 96, 98, 100, 103, 104, 107, 117, 119, 142]","{""support_1"": 82, ""support_2"": 4}","[4, 82]",2,"[137, 138, 139, 140, 136, 135, 134, 133, 129, 130, 131, 132, 128, 127, 13, 14, 116, 118, 26, 28, 40, 42, 52, 54, 74, 76, 89, 91, 17, 122, 18, 32, 16, 112, 36, 99, 105, 144, 10, 145, 148, 115, 149, 102, 146, 147, 12, 58, 71, 109, 61, 67, 78, 85, 93, 143, 25, 7, 39, 51, 97, 106, 101, 120, 121, 114, 108, 110, 111, 9, 6, 1, 2, 48, 46, 47, 70, 69, 79, 80, 72, 73, 94, 66, 68, 86, 23, 126, 125, 124, 123, 141, 142, 62, 5, 4, 22, 21, 20, 37, 34, 35, 31, 30, 11, 98, 96, 100, 63, 60, 64, 83, 84, 24, 44, 82, 38, 57, 56, 49, 50, 87, 88, 103, 104, 53, 55, 45, 75, 77, 59, 90, 92, 65, 81, 117, 119, 95, 107, 8, 15, 0, 27, 29, 3, 41, 43, 19, 33]",True,3572088808,3.572088808,"[142, 62, 5, 4, 22, 21, 20, 37, 34, 35, 31, 30, 11, 98, 96, 100, 63, 60, 64, 83, 84, 24, 44, 82, 38, 57, 56, 49, 50, 87, 88, 103, 104, 53, 55, 45, 75, 77, 59, 90, 92, 65, 81, 117, 119, 95, 107, 8, 15, 0, 27, 29, 3, 41, 43, 19, 33]","[33, 19, 43, 41, 3, 29, 27, 0, 15, 8, 107, 95, 119, 117, 81, 65, 92, 90, 59, 77, 75, 45, 55, 53, 104, 103, 88, 87, 50, 49, 56, 57, 38, 82, 44, 24, 84, 83, 64, 60, 63, 100, 96, 98, 11, 30, 31, 35, 34, 37, 20, 21, 22, 4, 5, 62, 142]",complete,119,119,1197,62,670,294,376,376,2,58,58,23,23,21,23
1,452,48,94,55,"[1, 2, 6, 7, 9, 10, 12, 13, 14, 16, 17, 18, 23, 25, 26, 28, 32, 36, 39, 40, 42, 46, 47, 48, 51, 52, 54, 58, 61, 62, 66, 67, 68, 69, 70, 71, 72, 73, 74, 76, 78, 79, 80, 85, 86, 89, 91, 93, 94, 97, 99, 101, 102, 105, 106, 108, 109, 110, 111, 112, 114, 115, 116, 118, 120, 121, 122, 123, 124, 125, 126, 127, 128, 129, 130, 131, 132, 133, 134, 135, 136, 137, 138, 139, 140, 141, 142, 143, 144, 145, 146, 147, 148, 149]","[0, 3, 4, 5, 8, 11, 15, 19, 20, 21, 22, 24, 27, 29, 30, 31, 33, 34, 35, 37, 38, 41, 43, 44, 45, 49, 50, 53, 55, 56, 57, 59, 60, 63, 64, 65, 75, 77, 81, 82, 83, 84, 87, 88, 90, 92, 95, 96, 98, 100, 103, 104, 107, 117, 119]","{""support_1"": 82, ""support_2"": 4}","[4, 82]",2,"[137, 138, 139, 140, 136, 135, 134, 133, 129, 130, 131, 132, 128, 127, 13, 14, 116, 118, 26, 28, 40, 42, 52, 54, 74, 76, 89, 91, 17, 122, 18, 32, 16, 112, 36, 99, 105, 144, 10, 145, 148, 115, 149, 102, 146, 147, 12, 58, 71, 109, 61, 67, 78, 85, 93, 143, 25, 7, 39, 51, 97, 106, 101, 120, 121, 114, 108, 110, 111, 9, 6, 1, 2, 48, 46, 47, 70, 69, 79, 80, 72, 73, 94, 66, 68, 86, 23, 126, 125, 124, 123, 141, 142, 62, 5, 4, 22, 21, 20, 37, 34, 35, 31, 30, 11, 98, 96, 100, 63, 60, 64, 83, 84, 24, 44, 82, 38, 57, 56, 49, 50, 87, 88, 103, 104, 53, 55, 45, 75, 77, 59, 90, 92, 65, 81, 117, 119, 95, 107, 8, 15, 0, 27, 29, 3, 41, 43, 19, 33]",True,2440825538,2.440825538,"[5, 4, 22, 21, 20, 37, 34, 35, 31, 30, 11, 98, 96, 100, 63, 60, 64, 83, 84, 24, 44, 82, 38, 57, 56, 49, 50, 87, 88, 103, 104, 53, 55, 45, 75, 77, 59, 90, 92, 65, 81, 117, 119, 95, 107, 8, 15, 0, 27, 29, 3, 41, 43, 19, 33]","[33, 19, 43, 41, 3, 29, 27, 0, 15, 8, 107, 95, 119, 117, 81, 65, 92, 90, 59, 77, 75, 45, 55, 53, 104, 103, 88, 87, 50, 49, 56, 57, 38, 82, 44, 24, 84, 83, 64, 60, 63, 100, 96, 98, 11, 30, 31, 35, 34, 37, 20, 21, 22, 4, 5]",complete,95,95,1104,40,504,212,292,292,2,54,54,23,23,21,23
1,452,49,96,53,"[1, 2, 4, 5, 6, 7, 9, 10, 12, 13, 14, 16, 17, 18, 23, 25, 26, 28, 32, 36, 39, 40, 42, 46, 47, 48, 51, 52, 54, 58, 61, 62, 66, 67, 68, 69, 70, 71, 72, 73, 74, 76, 78, 79, 80, 85, 86, 89, 91, 93, 94, 97, 99, 101, 102, 105, 106, 108, 109, 110, 111, 112, 114, 115, 116, 118, 120, 121, 122, 123, 124, 125, 126, 127, 128, 129, 130, 131, 132, 133, 134, 135, 136, 137, 138, 139, 140, 141, 142, 143, 144, 145, 146, 147, 148, 149]","[0, 3, 8, 11, 15, 19, 20, 21, 22, 24, 27, 29, 30, 31, 33, 34, 35, 37, 38, 41, 43, 44, 45, 49, 50, 53, 55, 56, 57, 59, 60, 63, 64, 65, 75, 77, 81, 82, 83, 84, 87, 88, 90, 92, 95, 96, 98, 100, 103, 104, 107, 117, 119]","{""support_1"": 82, ""support_2"": 22}","[22, 82]",2,"[137, 138, 139, 140, 136, 135, 134, 133, 129, 130, 131, 132, 128, 127, 13, 14, 116, 118, 26, 28, 40, 42, 52, 54, 74, 76, 89, 91, 17, 122, 18, 32, 16, 112, 36, 99, 105, 144, 10, 145, 148, 115, 149, 102, 146, 147, 12, 58, 71, 109, 61, 67, 78, 85, 93, 143, 25, 7, 39, 51, 97, 106, 101, 120, 121, 114, 108, 110, 111, 9, 6, 1, 2, 48, 46, 47, 70, 69, 79, 80, 72, 73, 94, 66, 68, 86, 23, 126, 125, 124, 123, 141, 142, 62, 5, 4, 22, 21, 20, 37, 34, 35, 31, 30, 11, 98, 96, 100, 63, 60, 64, 83, 84, 24, 44, 82, 38, 57, 56, 49, 50, 87, 88, 103, 104, 53, 55, 45, 75, 77, 59, 90, 92, 65, 81, 117, 119, 95, 107, 8, 15, 0, 27, 29, 3, 41, 43, 19, 33]",True,1905752706,1.905752706,"[22, 21, 20, 37, 34, 35, 31, 30, 11, 98, 96, 100, 63, 60, 64, 83, 84, 24, 44, 82, 38, 57, 56, 49, 50, 87, 88, 103, 104, 53, 55, 45, 75, 77, 59, 90, 92, 65, 81, 117, 119, 95, 107, 8, 15, 0, 27, 29, 3, 41, 43, 19, 33]","[33, 19, 43, 41, 3, 29, 27, 0, 15, 8, 107, 95, 119, 117, 81, 65, 92, 90, 59, 77, 75, 45, 55, 53, 104, 103, 88, 87, 50, 49, 56, 57, 38, 82, 44, 24, 84, 83, 64, 60, 63, 100, 96, 98, 11, 30, 31, 35, 34, 37, 20, 21, 22]",complete,78,78,1015,25,413,168,245,245,2,50,50,21,21,20,22
1,452,50,98,51,"[1, 2, 4, 5, 6, 7, 9, 10, 12, 13, 14, 16, 17, 18, 21, 22, 23, 25, 26, 28, 32, 36, 39, 40, 42, 46, 47, 48, 51, 52, 54, 58, 61, 62, 66, 67, 68, 69, 70, 71, 72, 73, 74, 76, 78, 79, 80, 85, 86, 89, 91, 93, 94, 97, 99, 101, 102, 105, 106, 108, 109, 110, 111, 112, 114, 115, 116, 118, 120, 121, 122, 123, 124, 125, 126, 127, 128, 129, 130, 131, 132, 133, 134, 135, 136, 137, 138, 139, 140, 141, 142, 143, 144, 145, 146, 147, 148, 149]","[0, 3, 8, 11, 15, 19, 20, 24, 27, 29, 30, 31, 33, 34, 35, 37, 38, 41, 43, 44, 45, 49, 50, 53, 55, 56, 57, 59, 60, 63, 64, 65, 75, 77, 81, 82, 83, 84, 87, 88, 90, 92, 95, 96, 98, 100, 103, 104, 107, 117, 119]","{""support_1"": 82, ""support_2"": 20}","[20, 82]",2,"[137, 138, 139, 140, 136, 135, 134, 133, 129, 130, 131, 132, 128, 127, 13, 14, 116, 118, 26, 28, 40, 42, 52, 54, 74, 76, 89, 91, 17, 122, 18, 32, 16, 112, 36, 99, 105, 144, 10, 145, 148, 115, 149, 102, 146, 147, 12, 58, 71, 109, 61, 67, 78, 85, 93, 143, 25, 7, 39, 51, 97, 106, 101, 120, 121, 114, 108, 110, 111, 9, 6, 1, 2, 48, 46, 47, 70, 69, 79, 80, 72, 73, 94, 66, 68, 86, 23, 126, 125, 124, 123, 141, 142, 62, 5, 4, 22, 21, 20, 37, 34, 35, 31, 30, 11, 98, 96, 100, 63, 60, 64, 83, 84, 24, 44, 82, 38, 57, 56, 49, 50, 87, 88, 103, 104, 53, 55, 45, 75, 77, 59, 90, 92, 65, 81, 117, 119, 95, 107, 8, 15, 0, 27, 29, 3, 41, 43, 19, 33]",True,1502106967,1.502106967,"[20, 37, 34, 35, 31, 30, 11, 98, 96, 100, 63, 60, 64, 83, 84, 24, 44, 82, 38, 57, 56, 49, 50, 87, 88, 103, 104, 53, 55, 45, 75, 77, 59, 90, 92, 65, 81, 117, 119, 95, 107, 8, 15, 0, 27, 29, 3, 41, 43, 19, 33]","[33, 19, 43, 41, 3, 29, 27, 0, 15, 8, 107, 95, 119, 117, 81, 65, 92, 90, 59, 77, 75, 45, 55, 53, 104, 103, 88, 87, 50, 49, 56, 57, 38, 82, 44, 24, 84, 83, 64, 60, 63, 100, 96, 98, 11, 30, 31, 35, 34, 37, 20]",complete,62,62,930,11,330,128,202,202,2,46,46,20,20,19,21
1,452,51,100,49,"[1, 2, 4, 5, 6, 7, 9, 10, 12, 13, 14, 16, 17, 18, 20, 21, 22, 23, 25, 26, 28, 32, 36, 37, 39, 40, 42, 46, 47, 48, 51, 52, 54, 58, 61, 62, 66, 67, 68, 69, 70, 71, 72, 73, 74, 76, 78, 79, 80, 85, 86, 89, 91, 93, 94, 97, 99, 101, 102, 105, 106, 108, 109, 110, 111, 112, 114, 115, 116, 118, 120, 121, 122, 123, 124, 125, 126, 127, 128, 129, 130, 131, 132, 133, 134, 135, 136, 137, 138, 139, 140, 141, 142, 143, 144, 145, 146, 147, 148, 149]","[0, 3, 8, 11, 15, 19, 24, 27, 29, 30, 31, 33, 34, 35, 38, 41, 43, 44, 45, 49, 50, 53, 55, 56, 57, 59, 60, 63, 64, 65, 75, 77, 81, 82, 83, 84, 87, 88, 90, 92, 95, 96, 98, 100, 103, 104, 107, 117, 119]","{""support_1"": 82, ""support_2"": 34}","[34, 82]",2,"[137, 138, 139, 140, 136, 135, 134, 133, 129, 130, 131, 132, 128, 127, 13, 14, 116, 118, 26, 28, 40, 42, 52, 54, 74, 76, 89, 91, 17, 122, 18, 32, 16, 112, 36, 99, 105, 144, 10, 145, 148, 115, 149, 102, 146, 147, 12, 58, 71, 109, 61, 67, 78, 85, 93, 143, 25, 7, 39, 51, 97, 106, 101, 120, 121, 114, 108, 110, 111, 9, 6, 1, 2, 48, 46, 47, 70, 69, 79, 80, 72, 73, 94, 66, 68, 86, 23, 126, 125, 124, 123, 141, 142, 62, 5, 4, 22, 21, 20, 37, 34, 35, 31, 30, 11, 98, 96, 100, 63, 60, 64, 83, 84, 24, 44, 82, 38, 57, 56, 49, 50, 87, 88, 103, 104, 53, 55, 45, 75, 77, 59, 90, 92, 65, 81, 117, 119, 95, 107, 8, 15, 0, 27, 29, 3, 41, 43, 19, 33]",True,1419143339,1.419143339,"[34, 35, 31, 30, 11, 98, 96, 100, 63, 60, 64, 83, 84, 24, 44, 82, 38, 57, 56, 49, 50, 87, 88, 103, 104, 53, 55, 45, 75, 77, 59, 90, 92, 65, 81, 117, 119, 95, 107, 8, 15, 0, 27, 29, 3, 41, 43, 19, 33]","[33, 19, 43, 41, 3, 29, 27, 0, 15, 8, 107, 95, 119, 117, 81, 65, 92, 90, 59, 77, 75, 45, 55, 53, 104, 103, 88, 87, 50, 49, 56, 57, 38, 82, 44, 24, 84, 83, 64, 60, 63, 100, 96, 98, 11, 30, 31, 35, 34]",complete,60,60,849,11,326,128,198,198,2,42,42,18,18,17,19
1,452,52,102,47,"[1, 2, 4, 5, 6, 7, 9, 10, 12, 13, 14, 16, 17, 18, 20, 21, 22, 23, 25, 26, 28, 32, 34, 35, 36, 37, 39, 40, 42, 46, 47, 48, 51, 52, 54, 58, 61, 62, 66, 67, 68, 69, 70, 71, 72, 73, 74, 76, 78, 79, 80, 85, 86, 89, 91, 93, 94, 97, 99, 101, 102, 105, 106, 108, 109, 110, 111, 112, 114, 115, 116, 118, 120, 121, 122, 123, 124, 125, 126, 127, 128, 129, 130, 131, 132, 133, 134, 135, 136, 137, 138, 139, 140, 141, 142, 143, 144, 145, 146, 147, 148, 149]","[0, 3, 8, 11, 15, 19, 24, 27, 29, 30, 31, 33, 38, 41, 43, 44, 45, 49, 50, 53, 55, 56, 57, 59, 60, 63, 64, 65, 75, 77, 81, 82, 83, 84, 87, 88, 90, 92, 95, 96, 98, 100, 103, 104, 107, 117, 119]","{""support_1"": 82}",[82],1,"[137, 138, 139, 140, 136, 135, 134, 133, 129, 130, 131, 132, 128, 127, 13, 14, 116, 118, 26, 28, 40, 42, 52, 54, 74, 76, 89, 91, 17, 122, 18, 32, 16, 112, 36, 99, 105, 144, 10, 145, 148, 115, 149, 102, 146, 147, 12, 58, 71, 109, 61, 67, 78, 85, 93, 143, 25, 7, 39, 51, 97, 106, 101, 120, 121, 114, 108, 110, 111, 9, 6, 1, 2, 48, 46, 47, 70, 69, 79, 80, 72, 73, 94, 66, 68, 86, 23, 126, 125, 124, 123, 141, 142, 62, 5, 4, 22, 21, 20, 37, 34, 35, 31, 30, 11, 98, 96, 100, 63, 60, 64, 83, 84, 24, 44, 82, 38, 57, 56, 49, 50, 87, 88, 103, 104, 53, 55, 45, 75, 77, 59, 90, 92, 65, 81, 117, 119, 95, 107, 8, 15, 0, 27, 29, 3, 41, 43, 19, 33]",True,1417630620,1.417630620,"[31, 30, 11, 98, 96, 100, 63, 60, 64, 83, 84, 24, 44, 82, 38, 57, 56, 49, 50, 87, 88, 103, 104, 53, 55, 45, 75, 77, 59, 90, 92, 65, 81, 117, 119, 95, 107, 8, 15, 0, 27, 29, 3, 41, 43, 19, 33]","[33, 19, 43, 41, 3, 29, 27, 0, 15, 8, 107, 95, 119, 117, 81, 65, 92, 90, 59, 77, 75, 45, 55, 53, 104, 103, 88, 87, 50, 49, 56, 57, 38, 82, 44, 24, 84, 83, 64, 60, 63, 100, 96, 98, 11, 30, 31]",complete,58,58,772,11,323,128,195,195,2,39,39,17,17,16,17
1,452,53,104,45,"[1, 2, 4, 5, 6, 7, 9, 10, 12, 13, 14, 16, 17, 18, 20, 21, 22, 23, 25, 26, 28, 30, 31, 32, 34, 35, 36, 37, 39, 40, 42, 46, 47, 48, 51, 52, 54, 58, 61, 62, 66, 67, 68, 69, 70, 71, 72, 73, 74, 76, 78, 79, 80, 85, 86, 89, 91, 93, 94, 97, 99, 101, 102, 105, 106, 108, 109, 110, 111, 112, 114, 115, 116, 118, 120, 121, 122, 123, 124, 125, 126, 127, 128, 129, 130, 131, 132, 133, 134, 135, 136, 137, 138, 139, 140, 141, 142, 143, 144, 145, 146, 147, 148, 149]","[0, 3, 8, 11, 15, 19, 24, 27, 29, 33, 38, 41, 43, 44, 45, 49, 50, 53, 55, 56, 57, 59, 60, 63, 64, 65, 75, 77, 81, 82, 83, 84, 87, 88, 90, 92, 95, 96, 98, 100, 103, 104, 107, 117, 119]","{""support_1"": 82, ""support_2"": 11}","[11, 82]",2,"[137, 138, 139, 140, 136, 135, 134, 133, 129, 130, 131, 132, 128, 127, 13, 14, 116, 118, 26, 28, 40, 42, 52, 54, 74, 76, 89, 91, 17, 122, 18, 32, 16, 112, 36, 99, 105, 144, 10, 145, 148, 115, 149, 102, 146, 147, 12, 58, 71, 109, 61, 67, 78, 85, 93, 143, 25, 7, 39, 51, 97, 106, 101, 120, 121, 114, 108, 110, 111, 9, 6, 1, 2, 48, 46, 47, 70, 69, 79, 80, 72, 73, 94, 66, 68, 86, 23, 126, 125, 124, 123, 141, 142, 62, 5, 4, 22, 21, 20, 37, 34, 35, 31, 30, 11, 98, 96, 100, 63, 60, 64, 83, 84, 24, 44, 82, 38, 57, 56, 49, 50, 87, 88, 103, 104, 53, 55, 45, 75, 77, 59, 90, 92, 65, 81, 117, 119, 95, 107, 8, 15, 0, 27, 29, 3, 41, 43, 19, 33]",True,744231138,0.744231138,"[11, 98, 96, 100, 63, 60, 64, 83, 84, 24, 44, 82, 38, 57, 56, 49, 50, 87, 88, 103, 104, 53, 55, 45, 75, 77, 59, 90, 92, 65, 81, 117, 119, 95, 107, 8, 15, 0, 27, 29, 3, 41, 43, 19, 33]","[33, 19, 43, 41, 3, 29, 27, 0, 15, 8, 107, 95, 119, 117, 81, 65, 92, 90, 59, 77, 75, 45, 55, 53, 104, 103, 88, 87, 50, 49, 56, 57, 38, 82, 44, 24, 84, 83, 64, 60, 63, 100, 96, 98, 11]",complete,53,53,699,8,198,67,131,131,2,35,35,16,16,15,17
1,452,54,106,43,"[1, 2, 4, 5, 6, 7, 9, 10, 11, 12, 13, 14, 16, 17, 18, 20, 21, 22, 23, 25, 26, 28, 30, 31, 32, 34, 35, 36, 37, 39, 40, 42, 46, 47, 48, 51, 52, 54, 58, 61, 62, 66, 67, 68, 69, 70, 71, 72, 73, 74, 76, 78, 79, 80, 85, 86, 89, 91, 93, 94, 97, 98, 99, 101, 102, 105, 106, 108, 109, 110, 111, 112, 114, 115, 116, 118, 120, 121, 122, 123, 124, 125, 126, 127, 128, 129, 130, 131, 132, 133, 134, 135, 136, 137, 138, 139, 140, 141, 142, 143, 144, 145, 146, 147, 148, 149]","[0, 3, 8, 15, 19, 24, 27, 29, 33, 38, 41, 43, 44, 45, 49, 50, 53, 55, 56, 57, 59, 60, 63, 64, 65, 75, 77, 81, 82, 83, 84, 87, 88, 90, 92, 95, 96, 100, 103, 104, 107, 117, 119]","{""support_1"": 82, ""support_2"": 96}","[82, 96]",2,"[137, 138, 139, 140, 136, 135, 134, 133, 129, 130, 131, 132, 128, 127, 13, 14, 116, 118, 26, 28, 40, 42, 52, 54, 74, 76, 89, 91, 17, 122, 18, 32, 16, 112, 36, 99, 105, 144, 10, 145, 148, 115, 149, 102, 146, 147, 12, 58, 71, 109, 61, 67, 78, 85, 93, 143, 25, 7, 39, 51, 97, 106, 101, 120, 121, 114, 108, 110, 111, 9, 6, 1, 2, 48, 46, 47, 70, 69, 79, 80, 72, 73, 94, 66, 68, 86, 23, 126, 125, 124, 123, 141, 142, 62, 5, 4, 22, 21, 20, 37, 34, 35, 31, 30, 11, 98, 96, 100, 63, 60, 64, 83, 84, 24, 44, 82, 38, 57, 56, 49, 50, 87, 88, 103, 104, 53, 55, 45, 75, 77, 59, 90, 92, 65, 81, 117, 119, 95, 107, 8, 15, 0, 27, 29, 3, 41, 43, 19, 33]",True,709256789,0.709256789,"[96, 100, 63, 60, 64, 83, 84, 24, 44, 82, 38, 57, 56, 49, 50, 87, 88, 103, 104, 53, 55, 45, 75, 77, 59, 90, 92, 65, 81, 117, 119, 95, 107, 8, 15, 0, 27, 29, 3, 41, 43, 19, 33]","[33, 19, 43, 41, 3, 29, 27, 0, 15, 8, 107, 95, 119, 117, 81, 65, 92, 90, 59, 77, 75, 45, 55, 53, 104, 103, 88, 87, 50, 49, 56, 57, 38, 82, 44, 24, 84, 83, 64, 60, 63, 100, 96]",complete,51,51,630,8,194,67,127,127,2,31,31,14,14,13,15
1,452,55,108,41,"[1, 2, 4, 5, 6, 7, 9, 10, 11, 12, 13, 14, 16, 17, 18, 20, 21, 22, 23, 25, 26, 28, 30, 31, 32, 34, 35, 36, 37, 39, 40, 42, 46, 47, 48, 51, 52, 54, 58, 61, 62, 66, 67, 68, 69, 70, 71, 72, 73, 74, 76, 78, 79, 80, 85, 86, 89, 91, 93, 94, 96, 97, 98, 99, 100, 101, 102, 105, 106, 108, 109, 110, 111, 112, 114, 115, 116, 118, 120, 121, 122, 123, 124, 125, 126, 127, 128, 129, 130, 131, 132, 133, 134, 135, 136, 137, 138, 139, 140, 141, 142, 143, 144, 145, 146, 147, 148, 149]","[0, 3, 8, 15, 19, 24, 27, 29, 33, 38, 41, 43, 44, 45, 49, 50, 53, 55, 56, 57, 59, 60, 63, 64, 65, 75, 77, 81, 82, 83, 84, 87, 88, 90, 92, 95, 103, 104, 107, 117, 119]","{""support_1"": 82}",[82],1,"[137, 138, 139, 140, 136, 135, 134, 133, 129, 130, 131, 132, 128, 127, 13, 14, 116, 118, 26, 28, 40, 42, 52, 54, 74, 76, 89, 91, 17, 122, 18, 32, 16, 112, 36, 99, 105, 144, 10, 145, 148, 115, 149, 102, 146, 147, 12, 58, 71, 109, 61, 67, 78, 85, 93, 143, 25, 7, 39, 51, 97, 106, 101, 120, 121, 114, 108, 110, 111, 9, 6, 1, 2, 48, 46, 47, 70, 69, 79, 80, 72, 73, 94, 66, 68, 86, 23, 126, 125, 124, 123, 141, 142, 62, 5, 4, 22, 21, 20, 37, 34, 35, 31, 30, 11, 98, 96, 100, 63, 60, 64, 83, 84, 24, 44, 82, 38, 57, 56, 49, 50, 87, 88, 103, 104, 53, 55, 45, 75, 77, 59, 90, 92, 65, 81, 117, 119, 95, 107, 8, 15, 0, 27, 29, 3, 41, 43, 19, 33]",True,702898888,0.702898888,"[63, 60, 64, 83, 84, 24, 44, 82, 38, 57, 56, 49, 50, 87, 88, 103, 104, 53, 55, 45, 75, 77, 59, 90, 92, 65, 81, 117, 119, 95, 107, 8, 15, 0, 27, 29, 3, 41, 43, 19, 33]","[33, 19, 43, 41, 3, 29, 27, 0, 15, 8, 107, 95, 119, 117, 81, 65, 92, 90, 59, 77, 75, 45, 55, 53, 104, 103, 88, 87, 50, 49, 56, 57, 38, 82, 44, 24, 84, 83, 64, 60, 63]",complete,49,49,565,8,191,67,124,124,2,28,28,13,13,12,13
1,452,56,110,39,"[1, 2, 4, 5, 6, 7, 9, 10, 11, 12, 13, 14, 16, 17, 18, 20, 21, 22, 23, 25, 26, 28, 30, 31, 32, 34, 35, 36, 37, 39, 40, 42, 46, 47, 48, 51, 52, 54, 58, 60, 61, 62, 63, 66, 67, 68, 69, 70, 71, 72, 73, 74, 76, 78, 79, 80, 85, 86, 89, 91, 93, 94, 96, 97, 98, 99, 100, 101, 102, 105, 106, 108, 109, 110, 111, 112, 114, 115, 116, 118, 120, 121, 122, 123, 124, 125, 126, 127, 128, 129, 130, 131, 132, 133, 134, 135, 136, 137, 138, 139, 140, 141, 142, 143, 144, 145, 146, 147, 148, 149]","[0, 3, 8, 15, 19, 24, 27, 29, 33, 38, 41, 43, 44, 45, 49, 50, 53, 55, 56, 57, 59, 64, 65, 75, 77, 81, 82, 83, 84, 87, 88, 90, 92, 95, 103, 104, 107, 117, 119]","{""support_1"": 82, ""support_2"": 64}","[64, 82]",2,"[137, 138, 139, 140, 136, 135, 134, 133, 129, 130, 131, 132, 128, 127, 13, 14, 116, 118, 26, 28, 40, 42, 52, 54, 74, 76, 89, 91, 17, 122, 18, 32, 16, 112, 36, 99, 105, 144, 10, 145, 148, 115, 149, 102, 146, 147, 12, 58, 71, 109, 61, 67, 78, 85, 93, 143, 25, 7, 39, 51, 97, 106, 101, 120, 121, 114, 108, 110, 111, 9, 6, 1, 2, 48, 46, 47, 70, 69, 79, 80, 72, 73, 94, 66, 68, 86, 23, 126, 125, 124, 123, 141, 142, 62, 5, 4, 22, 21, 20, 37, 34, 35, 31, 30, 11, 98, 96, 100, 63, 60, 64, 83, 84, 24, 44, 82, 38, 57, 56, 49, 50, 87, 88, 103, 104, 53, 55, 45, 75, 77, 59, 90, 92, 65, 81, 117, 119, 95, 107, 8, 15, 0, 27, 29, 3, 41, 43, 19, 33]",True,503176764,0.503176764,"[64, 83, 84, 24, 44, 82, 38, 57, 56, 49, 50, 87, 88, 103, 104, 53, 55, 45, 75, 77, 59, 90, 92, 65, 81, 117, 119, 95, 107, 8, 15, 0, 27, 29, 3, 41, 43, 19, 33]","[33, 19, 43, 41, 3, 29, 27, 0, 15, 8, 107, 95, 119, 117, 81, 65, 92, 90, 59, 77, 75, 45, 55, 53, 104, 103, 88, 87, 50, 49, 56, 57, 38, 82, 44, 24, 84, 83, 64]",complete,46,46,504,7,143,45,98,98,2,24,24,11,11,10,12
1,452,57,112,37,"[1, 2, 4, 5, 6, 7, 9, 10, 11, 12, 13, 14, 16, 17, 18, 20, 21, 22, 23, 25, 26, 28, 30, 31, 32, 34, 35, 36, 37, 39, 40, 42, 46, 47, 48, 51, 52, 54, 58, 60, 61, 62, 63, 64, 66, 67, 68, 69, 70, 71, 72, 73, 74, 76, 78, 79, 80, 83, 85, 86, 89, 91, 93, 94, 96, 97, 98, 99, 100, 101, 102, 105, 106, 108, 109, 110, 111, 112, 114, 115, 116, 118, 120, 121, 122, 123, 124, 125, 126, 127, 128, 129, 130, 131, 132, 133, 134, 135, 136, 137, 138, 139, 140, 141, 142, 143, 144, 145, 146, 147, 148, 149]","[0, 3, 8, 15, 19, 24, 27, 29, 33, 38, 41, 43, 44, 45, 49, 50, 53, 55, 56, 57, 59, 65, 75, 77, 81, 82, 84, 87, 88, 90, 92, 95, 103, 104, 107, 117, 119]","{""support_1"": 82, ""support_2"": 24}","[24, 82]",2,"[137, 138, 139, 140, 136, 135, 134, 133, 129, 130, 131, 132, 128, 127, 13, 14, 116, 118, 26, 28, 40, 42, 52, 54, 74, 76, 89, 91, 17, 122, 18, 32, 16, 112, 36, 99, 105, 144, 10, 145, 148, 115, 149, 102, 146, 147, 12, 58, 71, 109, 61, 67, 78, 85, 93, 143, 25, 7, 39, 51, 97, 106, 101, 120, 121, 114, 108, 110, 111, 9, 6, 1, 2, 48, 46, 47, 70, 69, 79, 80, 72, 73, 94, 66, 68, 86, 23, 126, 125, 124, 123, 141, 142, 62, 5, 4, 22, 21, 20, 37, 34, 35, 31, 30, 11, 98, 96, 100, 63, 60, 64, 83, 84, 24, 44, 82, 38, 57, 56, 49, 50, 87, 88, 103, 104, 53, 55, 45, 75, 77, 59, 90, 92, 65, 81, 117, 119, 95, 107, 8, 15, 0, 27, 29, 3, 41, 43, 19, 33]",True,333362414,0.333362414,"[84, 24, 44, 82, 38, 57, 56, 49, 50, 87, 88, 103, 104, 53, 55, 45, 75, 77, 59, 90, 92, 65, 81, 117, 119, 95, 107, 8, 15, 0, 27, 29, 3, 41, 43, 19, 33]","[33, 19, 43, 41, 3, 29, 27, 0, 15, 8, 107, 95, 119, 117, 81, 65, 92, 90, 59, 77, 75, 45, 55, 53, 104, 103, 88, 87, 50, 49, 56, 57, 38, 82, 44, 24, 84]",complete,43,43,447,6,102,26,76,76,2,21,21,11,11,9,11
1,452,58,114,35,"[1, 2, 4, 5, 6, 7, 9, 10, 11, 12, 13, 14, 16, 17, 18, 20, 21, 22, 23, 24, 25, 26, 28, 30, 31, 32, 34, 35, 36, 37, 39, 40, 42, 46, 47, 48, 51, 52, 54, 58, 60, 61, 62, 63, 64, 66, 67, 68, 69, 70, 71, 72, 73, 74, 76, 78, 79, 80, 83, 84, 85, 86, 89, 91, 93, 94, 96, 97, 98, 99, 100, 101, 102, 105, 106, 108, 109, 110, 111, 112, 114, 115, 116, 118, 120, 121, 122, 123, 124, 125, 126, 127, 128, 129, 130, 131, 132, 133, 134, 135, 136, 137, 138, 139, 140, 141, 142, 143, 144, 145, 146, 147, 148, 149]","[0, 3, 8, 15, 19, 27, 29, 33, 38, 41, 43, 44, 45, 49, 50, 53, 55, 56, 57, 59, 65, 75, 77, 81, 82, 87, 88, 90, 92, 95, 103, 104, 107, 117, 119]","{""support_1"": 82, ""support_2"": 44}","[44, 82]",2,"[137, 138, 139, 140, 136, 135, 134, 133, 129, 130, 131, 132, 128, 127, 13, 14, 116, 118, 26, 28, 40, 42, 52, 54, 74, 76, 89, 91, 17, 122, 18, 32, 16, 112, 36, 99, 105, 144, 10, 145, 148, 115, 149, 102, 146, 147, 12, 58, 71, 109, 61, 67, 78, 85, 93, 143, 25, 7, 39, 51, 97, 106, 101, 120, 121, 114, 108, 110, 111, 9, 6, 1, 2, 48, 46, 47, 70, 69, 79, 80, 72, 73, 94, 66, 68, 86, 23, 126, 125, 124, 123, 141, 142, 62, 5, 4, 22, 21, 20, 37, 34, 35, 31, 30, 11, 98, 96, 100, 63, 60, 64, 83, 84, 24, 44, 82, 38, 57, 56, 49, 50, 87, 88, 103, 104, 53, 55, 45, 75, 77, 59, 90, 92, 65, 81, 117, 119, 95, 107, 8, 15, 0, 27, 29, 3, 41, 43, 19, 33]",True,232080470,0.232080470,"[44, 82, 38, 57, 56, 49, 50, 87, 88, 103, 104, 53, 55, 45, 75, 77, 59, 90, 92, 65, 81, 117, 119, 95, 107, 8, 15, 0, 27, 29, 3, 41, 43, 19, 33]","[33, 19, 43, 41, 3, 29, 27, 0, 15, 8, 107, 95, 119, 117, 81, 65, 92, 90, 59, 77, 75, 45, 55, 53, 104, 103, 88, 87, 50, 49, 56, 57, 38, 82, 44]",complete,37,37,394,2,67,10,57,57,2,17,17,9,9,8,10
1,452,59,116,33,"[1, 2, 4, 5, 6, 7, 9, 10, 11, 12, 13, 14, 16, 17, 18, 20, 21, 22, 23, 24, 25, 26, 28, 30, 31, 32, 34, 35, 36, 37, 39, 40, 42, 44, 46, 47, 48, 51, 52, 54, 58, 60, 61, 62, 63, 64, 66, 67, 68, 69, 70, 71, 72, 73, 74, 76, 78, 79, 80, 82, 83, 84, 85, 86, 89, 91, 93, 94, 96, 97, 98, 99, 100, 101, 102, 105, 106, 108, 109, 110, 111, 112, 114, 115, 116, 118, 120, 121, 122, 123, 124, 125, 126, 127, 128, 129, 130, 131, 132, 133, 134, 135, 136, 137, 138, 139, 140, 141, 142, 143, 144, 145, 146, 147, 148, 149]","[0, 3, 8, 15, 19, 27, 29, 33, 38, 41, 43, 45, 49, 50, 53, 55, 56, 57, 59, 65, 75, 77, 81, 87, 88, 90, 92, 95, 103, 104, 107, 117, 119]","{""support_1"": 88, ""support_2"": 38}","[38, 88]",2,"[137, 138, 139, 140, 136, 135, 134, 133, 129, 130, 131, 132, 128, 127, 13, 14, 116, 118, 26, 28, 40, 42, 52, 54, 74, 76, 89, 91, 17, 122, 18, 32, 16, 112, 36, 99, 105, 144, 10, 145, 148, 115, 149, 102, 146, 147, 12, 58, 71, 109, 61, 67, 78, 85, 93, 143, 25, 7, 39, 51, 97, 106, 101, 120, 121, 114, 108, 110, 111, 9, 6, 1, 2, 48, 46, 47, 70, 69, 79, 80, 72, 73, 94, 66, 68, 86, 23, 126, 125, 124, 123, 141, 142, 62, 5, 4, 22, 21, 20, 37, 34, 35, 31, 30, 11, 98, 96, 100, 63, 60, 64, 83, 84, 24, 44, 82, 38, 57, 56, 49, 50, 87, 88, 103, 104, 53, 55, 45, 75, 77, 59, 90, 92, 65, 81, 117, 119, 95, 107, 8, 15, 0, 27, 29, 3, 41, 43, 19, 33]",True,191324261,0.191324261,"[38, 57, 56, 49, 50, 87, 88, 103, 104, 53, 55, 45, 75, 77, 59, 90, 92, 65, 81, 117, 119, 95, 107, 8, 15, 0, 27, 29, 3, 41, 43, 19, 33]","[33, 19, 43, 41, 3, 29, 27, 0, 15, 8, 107, 95, 119, 117, 81, 65, 92, 90, 59, 77, 75, 45, 55, 53, 104, 103, 88, 87, 50, 49, 56, 57, 38]",complete,35,35,345,2,63,10,53,53,2,13,13,7,7,6,8
1,452,60,118,31,"[1, 2, 4, 5, 6, 7, 9, 10, 11, 12, 13, 14, 16, 17, 18, 20, 21, 22, 23, 24, 25, 26, 28, 30, 31, 32, 34, 35, 36, 37, 38, 39, 40, 42, 44, 46, 47, 48, 51, 52, 54, 57, 58, 60, 61, 62, 63, 64, 66, 67, 68, 69, 70, 71, 72, 73, 74, 76, 78, 79, 80, 82, 83, 84, 85, 86, 89, 91, 93, 94, 96, 97, 98, 99, 100, 101, 102, 105, 106, 108, 109, 110, 111, 112, 114, 115, 116, 118, 120, 121, 122, 123, 124, 125, 126, 127, 128, 129, 130, 131, 132, 133, 134, 135, 136, 137, 138, 139, 140, 141, 142, 143, 144, 145, 146, 147, 148, 149]","[0, 3, 8, 15, 19, 27, 29, 33, 41, 43, 45, 49, 50, 53, 55, 56, 59, 65, 75, 77, 81, 87, 88, 90, 92, 95, 103, 104, 107, 117, 119]","{""support_1"": 88, ""support_2"": 56}","[56, 88]",2,"[137, 138, 139, 140, 136, 135, 134, 133, 129, 130, 131, 132, 128, 127, 13, 14, 116, 118, 26, 28, 40, 42, 52, 54, 74, 76, 89, 91, 17, 122, 18, 32, 16, 112, 36, 99, 105, 144, 10, 145, 148, 115, 149, 102, 146, 147, 12, 58, 71, 109, 61, 67, 78, 85, 93, 143, 25, 7, 39, 51, 97, 106, 101, 120, 121, 114, 108, 110, 111, 9, 6, 1, 2, 48, 46, 47, 70, 69, 79, 80, 72, 73, 94, 66, 68, 86, 23, 126, 125, 124, 123, 141, 142, 62, 5, 4, 22, 21, 20, 37, 34, 35, 31, 30, 11, 98, 96, 100, 63, 60, 64, 83, 84, 24, 44, 82, 38, 57, 56, 49, 50, 87, 88, 103, 104, 53, 55, 45, 75, 77, 59, 90, 92, 65, 81, 117, 119, 95, 107, 8, 15, 0, 27, 29, 3, 41, 43, 19, 33]",True,144914155,0.144914155,"[56, 49, 50, 87, 88, 103, 104, 53, 55, 45, 75, 77, 59, 90, 92, 65, 81, 117, 119, 95, 107, 8, 15, 0, 27, 29, 3, 41, 43, 19, 33]","[33, 19, 43, 41, 3, 29, 27, 0, 15, 8, 107, 95, 119, 117, 81, 65, 92, 90, 59, 77, 75, 45, 55, 53, 104, 103, 88, 87, 50, 49, 56]",complete,32,32,300,1,50,6,44,44,2,9,9,5,5,4,6
1,452,61,120,29,"[1, 2, 4, 5, 6, 7, 9, 10, 11, 12, 13, 14, 16, 17, 18, 20, 21, 22, 23, 24, 25, 26, 28, 30, 31, 32, 34, 35, 36, 37, 38, 39, 40, 42, 44, 46, 47, 48, 49, 51, 52, 54, 56, 57, 58, 60, 61, 62, 63, 64, 66, 67, 68, 69, 70, 71, 72, 73, 74, 76, 78, 79, 80, 82, 83, 84, 85, 86, 89, 91, 93, 94, 96, 97, 98, 99, 100, 101, 102, 105, 106, 108, 109, 110, 111, 112, 114, 115, 116, 118, 120, 121, 122, 123, 124, 125, 126, 127, 128, 129, 130, 131, 132, 133, 134, 135, 136, 137, 138, 139, 140, 141, 142, 143, 144, 145, 146, 147, 148, 149]","[0, 3, 8, 15, 19, 27, 29, 33, 41, 43, 45, 50, 53, 55, 59, 65, 75, 77, 81, 87, 88, 90, 92, 95, 103, 104, 107, 117, 119]","{""support_1"": 88, ""support_2"": 50}","[50, 88]",2,"[137, 138, 139, 140, 136, 135, 134, 133, 129, 130, 131, 132, 128, 127, 13, 14, 116, 118, 26, 28, 40, 42, 52, 54, 74, 76, 89, 91, 17, 122, 18, 32, 16, 112, 36, 99, 105, 144, 10, 145, 148, 115, 149, 102, 146, 147, 12, 58, 71, 109, 61, 67, 78, 85, 93, 143, 25, 7, 39, 51, 97, 106, 101, 120, 121, 114, 108, 110, 111, 9, 6, 1, 2, 48, 46, 47, 70, 69, 79, 80, 72, 73, 94, 66, 68, 86, 23, 126, 125, 124, 123, 141, 142, 62, 5, 4, 22, 21, 20, 37, 34, 35, 31, 30, 11, 98, 96, 100, 63, 60, 64, 83, 84, 24, 44, 82, 38, 57, 56, 49, 50, 87, 88, 103, 104, 53, 55, 45, 75, 77, 59, 90, 92, 65, 81, 117, 119, 95, 107, 8, 15, 0, 27, 29, 3, 41, 43, 19, 33]",True,125151654,0.125151654,"[50, 87, 88, 103, 104, 53, 55, 45, 75, 77, 59, 90, 92, 65, 81, 117, 119, 95, 107, 8, 15, 0, 27, 29, 3, 41, 43, 19, 33]","[33, 19, 43, 41, 3, 29, 27, 0, 15, 8, 107, 95, 119, 117, 81, 65, 92, 90, 59, 77, 75, 45, 55, 53, 104, 103, 88, 87, 50]",complete,30,30,259,1,46,6,40,40,2,5,5,3,3,2,4
1,452,62,122,27,"[1, 2, 4, 5, 6, 7, 9, 10, 11, 12, 13, 14, 16, 17, 18, 20, 21, 22, 23, 24, 25, 26, 28, 30, 31, 32, 34, 35, 36, 37, 38, 39, 40, 42, 44, 46, 47, 48, 49, 50, 51, 52, 54, 56, 57, 58, 60, 61, 62, 63, 64, 66, 67, 68, 69, 70, 71, 72, 73, 74, 76, 78, 79, 80, 82, 83, 84, 85, 86, 87, 89, 91, 93, 94, 96, 97, 98, 99, 100, 101, 102, 105, 106, 108, 109, 110, 111, 112, 114, 115, 116, 118, 120, 121, 122, 123, 124, 125, 126, 127, 128, 129, 130, 131, 132, 133, 134, 135, 136, 137, 138, 139, 140, 141, 142, 143, 144, 145, 146, 147, 148, 149]","[0, 3, 8, 15, 19, 27, 29, 33, 41, 43, 45, 53, 55, 59, 65, 75, 77, 81, 88, 90, 92, 95, 103, 104, 107, 117, 119]","{""support_1"": 88}",[88],1,"[137, 138, 139, 140, 136, 135, 134, 133, 129, 130, 131, 132, 128, 127, 13, 14, 116, 118, 26, 28, 40, 42, 52, 54, 74, 76, 89, 91, 17, 122, 18, 32, 16, 112, 36, 99, 105, 144, 10, 145, 148, 115, 149, 102, 146, 147, 12, 58, 71, 109, 61, 67, 78, 85, 93, 143, 25, 7, 39, 51, 97, 106, 101, 120, 121, 114, 108, 110, 111, 9, 6, 1, 2, 48, 46, 47, 70, 69, 79, 80, 72, 73, 94, 66, 68, 86, 23, 126, 125, 124, 123, 141, 142, 62, 5, 4, 22, 21, 20, 37, 34, 35, 31, 30, 11, 98, 96, 100, 63, 60, 64, 83, 84, 24, 44, 82, 38, 57, 56, 49, 50, 87, 88, 103, 104, 53, 55, 45, 75, 77, 59, 90, 92, 65, 81, 117, 119, 95, 107, 8, 15, 0, 27, 29, 3, 41, 43, 19, 33]",True,86322805,0.086322805,"[88, 103, 104, 53, 55, 45, 75, 77, 59, 90, 92, 65, 81, 117, 119, 95, 107, 8, 15, 0, 27, 29, 3, 41, 43, 19, 33]","[33, 19, 43, 41, 3, 29, 27, 0, 15, 8, 107, 95, 119, 117, 81, 65, 92, 90, 59, 77, 75, 45, 55, 53, 104, 103, 88]",complete,27,27,222,0,32,0,32,32,2,3,3,2,2,2,3
1,452,63,124,25,"[1, 2, 4, 5, 6, 7, 9, 10, 11, 12, 13, 14, 16, 17, 18, 20, 21, 22, 23, 24, 25, 26, 28, 30, 31, 32, 34, 35, 36, 37, 38, 39, 40, 42, 44, 46, 47, 48, 49, 50, 51, 52, 54, 56, 57, 58, 60, 61, 62, 63, 64, 66, 67, 68, 69, 70, 71, 72, 73, 74, 76, 78, 79, 80, 82, 83, 84, 85, 86, 87, 88, 89, 91, 93, 94, 96, 97, 98, 99, 100, 101, 102, 103, 105, 106, 108, 109, 110, 111, 112, 114, 115, 116, 118, 120, 121, 122, 123, 124, 125, 126, 127, 128, 129, 130, 131, 132, 133, 134, 135, 136, 137, 138, 139, 140, 141, 142, 143, 144, 145, 146, 147, 148, 149]","[0, 3, 8, 15, 19, 27, 29, 33, 41, 43, 45, 53, 55, 59, 65, 75, 77, 81, 90, 92, 95, 104, 107, 117, 119]","{""support_2"": 104}",[104],1,"[137, 138, 139, 140, 136, 135, 134, 133, 129, 130, 131, 132, 128, 127, 13, 14, 116, 118, 26, 28, 40, 42, 52, 54, 74, 76, 89, 91, 17, 122, 18, 32, 16, 112, 36, 99, 105, 144, 10, 145, 148, 115, 149, 102, 146, 147, 12, 58, 71, 109, 61, 67, 78, 85, 93, 143, 25, 7, 39, 51, 97, 106, 101, 120, 121, 114, 108, 110, 111, 9, 6, 1, 2, 48, 46, 47, 70, 69, 79, 80, 72, 73, 94, 66, 68, 86, 23, 126, 125, 124, 123, 141, 142, 62, 5, 4, 22, 21, 20, 37, 34, 35, 31, 30, 11, 98, 96, 100, 63, 60, 64, 83, 84, 24, 44, 82, 38, 57, 56, 49, 50, 87, 88, 103, 104, 53, 55, 45, 75, 77, 59, 90, 92, 65, 81, 117, 119, 95, 107, 8, 15, 0, 27, 29, 3, 41, 43, 19, 33]",True,66337126,0.066337126,"[104, 53, 55, 45, 75, 77, 59, 90, 92, 65, 81, 117, 119, 95, 107, 8, 15, 0, 27, 29, 3, 41, 43, 19, 33]","[33, 19, 43, 41, 3, 29, 27, 0, 15, 8, 107, 95, 119, 117, 81, 65, 92, 90, 59, 77, 75, 45, 55, 53, 104]",complete,25,25,189,0,27,0,27,27,0,0,0,0,0,0,1
1,452,64,126,23,"[1, 2, 4, 5, 6, 7, 9, 10, 11, 12, 13, 14, 16, 17, 18, 20, 21, 22, 23, 24, 25, 26, 28, 30, 31, 32, 34, 35, 36, 37, 38, 39, 40, 42, 44, 46, 47, 48, 49, 50, 51, 52, 53, 54, 56, 57, 58, 60, 61, 62, 63, 64, 66, 67, 68, 69, 70, 71, 72, 73, 74, 76, 78, 79, 80, 82, 83, 84, 85, 86, 87, 88, 89, 91, 93, 94, 96, 97, 98, 99, 100, 101, 102, 103, 104, 105, 106, 108, 109, 110, 111, 112, 114, 115, 116, 118, 120, 121, 122, 123, 124, 125, 126, 127, 128, 129, 130, 131, 132, 133, 134, 135, 136, 137, 138, 139, 140, 141, 142, 143, 144, 145, 146, 147, 148, 149]","[0, 3, 8, 15, 19, 27, 29, 33, 41, 43, 45, 55, 59, 65, 75, 77, 81, 90, 92, 95, 107, 117, 119]",{},[],0,"[137, 138, 139, 140, 136, 135, 134, 133, 129, 130, 131, 132, 128, 127, 13, 14, 116, 118, 26, 28, 40, 42, 52, 54, 74, 76, 89, 91, 17, 122, 18, 32, 16, 112, 36, 99, 105, 144, 10, 145, 148, 115, 149, 102, 146, 147, 12, 58, 71, 109, 61, 67, 78, 85, 93, 143, 25, 7, 39, 51, 97, 106, 101, 120, 121, 114, 108, 110, 111, 9, 6, 1, 2, 48, 46, 47, 70, 69, 79, 80, 72, 73, 94, 66, 68, 86, 23, 126, 125, 124, 123, 141, 142, 62, 5, 4, 22, 21, 20, 37, 34, 35, 31, 30, 11, 98, 96, 100, 63, 60, 64, 83, 84, 24, 44, 82, 38, 57, 56, 49, 50, 87, 88, 103, 104, 53, 55, 45, 75, 77, 59, 90, 92, 65, 81, 117, 119, 95, 107, 8, 15, 0, 27, 29, 3, 41, 43, 19, 33]",True,52620989,0.052620989,"[55, 45, 75, 77, 59, 90, 92, 65, 81, 117, 119, 95, 107, 8, 15, 0, 27, 29, 3, 41, 43, 19, 33]","[33, 19, 43, 41, 3, 29, 27, 0, 15, 8, 107, 95, 119, 117, 81, 65, 92, 90, 59, 77, 75, 45, 55]",complete,23,23,160,0,24,0,24,24,0,0,0,0,0,0,0
1,452,65,128,21,"[1, 2, 4, 5, 6, 7, 9, 10, 11, 12, 13, 14, 16, 17, 18, 20, 21, 22, 23, 24, 25, 26, 28, 30, 31, 32, 34, 35, 36, 37, 38, 39, 40, 42, 44, 45, 46, 47, 48, 49, 50, 51, 52, 53, 54, 55, 56, 57, 58, 60, 61, 62, 63, 64, 66, 67, 68, 69, 70, 71, 72, 73, 74, 76, 78, 79, 80, 82, 83, 84, 85, 86, 87, 88, 89, 91, 93, 94, 96, 97, 98, 99, 100, 101, 102, 103, 104, 105, 106, 108, 109, 110, 111, 112, 114, 115, 116, 118, 120, 121, 122, 123, 124, 125, 126, 127, 128, 129, 130, 131, 132, 133, 134, 135, 136, 137, 138, 139, 140, 141, 142, 143, 144, 145, 146, 147, 148, 149]","[0, 3, 8, 15, 19, 27, 29, 33, 41, 43, 59, 65, 75, 77, 81, 90, 92, 95, 107, 117, 119]",{},[],0,"[137, 138, 139, 140, 136, 135, 134, 133, 129, 130, 131, 132, 128, 127, 13, 14, 116, 118, 26, 28, 40, 42, 52, 54, 74, 76, 89, 91, 17, 122, 18, 32, 16, 112, 36, 99, 105, 144, 10, 145, 148, 115, 149, 102, 146, 147, 12, 58, 71, 109, 61, 67, 78, 85, 93, 143, 25, 7, 39, 51, 97, 106, 101, 120, 121, 114, 108, 110, 111, 9, 6, 1, 2, 48, 46, 47, 70, 69, 79, 80, 72, 73, 94, 66, 68, 86, 23, 126, 125, 124, 123, 141, 142, 62, 5, 4, 22, 21, 20, 37, 34, 35, 31, 30, 11, 98, 96, 100, 63, 60, 64, 83, 84, 24, 44, 82, 38, 57, 56, 49, 50, 87, 88, 103, 104, 53, 55, 45, 75, 77, 59, 90, 92, 65, 81, 117, 119, 95, 107, 8, 15, 0, 27, 29, 3, 41, 43, 19, 33]",True,59280548,0.059280548,"[75, 77, 59, 90, 92, 65, 81, 117, 119, 95, 107, 8, 15, 0, 27, 29, 3, 41, 43, 19, 33]","[33, 19, 43, 41, 3, 29, 27, 0, 15, 8, 107, 95, 119, 117, 81, 65, 92, 90, 59, 77, 75]",complete,21,21,134,0,22,0,22,22,0,0,0,0,0,0,0
1,452,66,130,19,"[1, 2, 4, 5, 6, 7, 9, 10, 11, 12, 13, 14, 16, 17, 18, 20, 21, 22, 23, 24, 25, 26, 28, 30, 31, 32, 34, 35, 36, 37, 38, 39, 40, 42, 44, 45, 46, 47, 48, 49, 50, 51, 52, 53, 54, 55, 56, 57, 58, 60, 61, 62, 63, 64, 66, 67, 68, 69, 70, 71, 72, 73, 74, 75, 76, 77, 78, 79, 80, 82, 83, 84, 85, 86, 87, 88, 89, 91, 93, 94, 96, 97, 98, 99, 100, 101, 102, 103, 104, 105, 106, 108, 109, 110, 111, 112, 114, 115, 116, 118, 120, 121, 122, 123, 124, 125, 126, 127, 128, 129, 130, 131, 132, 133, 134, 135, 136, 137, 138, 139, 140, 141, 142, 143, 144, 145, 146, 147, 148, 149]","[0, 3, 8, 15, 19, 27, 29, 33, 41, 43, 59, 65, 81, 90, 92, 95, 107, 117, 119]",{},[],0,"[137, 138, 139, 140, 136, 135, 134, 133, 129, 130, 131, 132, 128, 127, 13, 14, 116, 118, 26, 28, 40, 42, 52, 54, 74, 76, 89, 91, 17, 122, 18, 32, 16, 112, 36, 99, 105, 144, 10, 145, 148, 115, 149, 102, 146, 147, 12, 58, 71, 109, 61, 67, 78, 85, 93, 143, 25, 7, 39, 51, 97, 106, 101, 120, 121, 114, 108, 110, 111, 9, 6, 1, 2, 48, 46, 47, 70, 69, 79, 80, 72, 73, 94, 66, 68, 86, 23, 126, 125, 124, 123, 141, 142, 62, 5, 4, 22, 21, 20, 37, 34, 35, 31, 30, 11, 98, 96, 100, 63, 60, 64, 83, 84, 24, 44, 82, 38, 57, 56, 49, 50, 87, 88, 103, 104, 53, 55, 45, 75, 77, 59, 90, 92, 65, 81, 117, 119, 95, 107, 8, 15, 0, 27, 29, 3, 41, 43, 19, 33]",True,39337803,0.039337803,"[59, 90, 92, 65, 81, 117, 119, 95, 107, 8, 15, 0, 27, 29, 3, 41, 43, 19, 33]","[33, 19, 43, 41, 3, 29, 27, 0, 15, 8, 107, 95, 119, 117, 81, 65, 92, 90, 59]",complete,19,19,111,0,20,0,20,20,0,0,0,0,0,0,0
1,452,67,132,17,"[1, 2, 4, 5, 6, 7, 9, 10, 11, 12, 13, 14, 16, 17, 18, 20, 21, 22, 23, 24, 25, 26, 28, 30, 31, 32, 34, 35, 36, 37, 38, 39, 40, 42, 44, 45, 46, 47, 48, 49, 50, 51, 52, 53, 54, 55, 56, 57, 58, 59, 60, 61, 62, 63, 64, 66, 67, 68, 69, 70, 71, 72, 73, 74, 75, 76, 77, 78, 79, 80, 82, 83, 84, 85, 86, 87, 88, 89, 90, 91, 93, 94, 96, 97, 98, 99, 100, 101, 102, 103, 104, 105, 106, 108, 109, 110, 111, 112, 114, 115, 116, 118, 120, 121, 122, 123, 124, 125, 126, 127, 128, 129, 130, 131, 132, 133, 134, 135, 136, 137, 138, 139, 140, 141, 142, 143, 144, 145, 146, 147, 148, 149]","[0, 3, 8, 15, 19, 27, 29, 33, 41, 43, 65, 81, 92, 95, 107, 117, 119]",{},[],0,"[137, 138, 139, 140, 136, 135, 134, 133, 129, 130, 131, 132, 128, 127, 13, 14, 116, 118, 26, 28, 40, 42, 52, 54, 74, 76, 89, 91, 17, 122, 18, 32, 16, 112, 36, 99, 105, 144, 10, 145, 148, 115, 149, 102, 146, 147, 12, 58, 71, 109, 61, 67, 78, 85, 93, 143, 25, 7, 39, 51, 97, 106, 101, 120, 121, 114, 108, 110, 111, 9, 6, 1, 2, 48, 46, 47, 70, 69, 79, 80, 72, 73, 94, 66, 68, 86, 23, 126, 125, 124, 123, 141, 142, 62, 5, 4, 22, 21, 20, 37, 34, 35, 31, 30, 11, 98, 96, 100, 63, 60, 64, 83, 84, 24, 44, 82, 38, 57, 56, 49, 50, 87, 88, 103, 104, 53, 55, 45, 75, 77, 59, 90, 92, 65, 81, 117, 119, 95, 107, 8, 15, 0, 27, 29, 3, 41, 43, 19, 33]",True,32427612,0.032427612,"[92, 65, 81, 117, 119, 95, 107, 8, 15, 0, 27, 29, 3, 41, 43, 19, 33]","[33, 19, 43, 41, 3, 29, 27, 0, 15, 8, 107, 95, 119, 117, 81, 65, 92]",complete,17,17,90,0,18,0,18,18,0,0,0,0,0,0,0
1,452,68,134,15,"[1, 2, 4, 5, 6, 7, 9, 10, 11, 12, 13, 14, 16, 17, 18, 20, 21, 22, 23, 24, 25, 26, 28, 30, 31, 32, 34, 35, 36, 37, 38, 39, 40, 42, 44, 45, 46, 47, 48, 49, 50, 51, 52, 53, 54, 55, 56, 57, 58, 59, 60, 61, 62, 63, 64, 65, 66, 67, 68, 69, 70, 71, 72, 73, 74, 75, 76, 77, 78, 79, 80, 82, 83, 84, 85, 86, 87, 88, 89, 90, 91, 92, 93, 94, 96, 97, 98, 99, 100, 101, 102, 103, 104, 105, 106, 108, 109, 110, 111, 112, 114, 115, 116, 118, 120, 121, 122, 123, 124, 125, 126, 127, 128, 129, 130, 131, 132, 133, 134, 135, 136, 137, 138, 139, 140, 141, 142, 143, 144, 145, 146, 147, 148, 149]","[0, 3, 8, 15, 19, 27, 29, 33, 41, 43, 81, 95, 107, 117, 119]",{},[],0,"[137, 138, 139, 140, 136, 135, 134, 133, 129, 130, 131, 132, 128, 127, 13, 14, 116, 118, 26, 28, 40, 42, 52, 54, 74, 76, 89, 91, 17, 122, 18, 32, 16, 112, 36, 99, 105, 144, 10, 145, 148, 115, 149, 102, 146, 147, 12, 58, 71, 109, 61, 67, 78, 85, 93, 143, 25, 7, 39, 51, 97, 106, 101, 120, 121, 114, 108, 110, 111, 9, 6, 1, 2, 48, 46, 47, 70, 69, 79, 80, 72, 73, 94, 66, 68, 86, 23, 126, 125, 124, 123, 141, 142, 62, 5, 4, 22, 21, 20, 37, 34, 35, 31, 30, 11, 98, 96, 100, 63, 60, 64, 83, 84, 24, 44, 82, 38, 57, 56, 49, 50, 87, 88, 103, 104, 53, 55, 45, 75, 77, 59, 90, 92, 65, 81, 117, 119, 95, 107, 8, 15, 0, 27, 29, 3, 41, 43, 19, 33]",True,26996962,0.026996962,"[81, 117, 119, 95, 107, 8, 15, 0, 27, 29, 3, 41, 43, 19, 33]","[33, 19, 43, 41, 3, 29, 27, 0, 15, 8, 107, 95, 119, 117, 81]",complete,15,15,71,0,16,0,16,16,0,0,0,0,0,0,0
1,452,69,136,13,"[1, 2, 4, 5, 6, 7, 9, 10, 11, 12, 13, 14, 16, 17, 18, 20, 21, 22, 23, 24, 25, 26, 28, 30, 31, 32, 34, 35, 36, 37, 38, 39, 40, 42, 44, 45, 46, 47, 48, 49, 50, 51, 52, 53, 54, 55, 56, 57, 58, 59, 60, 61, 62, 63, 64, 65, 66, 67, 68, 69, 70, 71, 72, 73, 74, 75, 76, 77, 78, 79, 80, 81, 82, 83, 84, 85, 86, 87, 88, 89, 90, 91, 92, 93, 94, 96, 97, 98, 99, 100, 101, 102, 103, 104, 105, 106, 108, 109, 110, 111, 112, 114, 115, 116, 117, 118, 120, 121, 122, 123, 124, 125, 126, 127, 128, 129, 130, 131, 132, 133, 134, 135, 136, 137, 138, 139, 140, 141, 142, 143, 144, 145, 146, 147, 148, 149]","[0, 3, 8, 15, 19, 27, 29, 33, 41, 43, 95, 107, 119]",{},[],0,"[137, 138, 139, 140, 136, 135, 134, 133, 129, 130, 131, 132, 128, 127, 13, 14, 116, 118, 26, 28, 40, 42, 52, 54, 74, 76, 89, 91, 17, 122, 18, 32, 16, 112, 36, 99, 105, 144, 10, 145, 148, 115, 149, 102, 146, 147, 12, 58, 71, 109, 61, 67, 78, 85, 93, 143, 25, 7, 39, 51, 97, 106, 101, 120, 121, 114, 108, 110, 111, 9, 6, 1, 2, 48, 46, 47, 70, 69, 79, 80, 72, 73, 94, 66, 68, 86, 23, 126, 125, 124, 123, 141, 142, 62, 5, 4, 22, 21, 20, 37, 34, 35, 31, 30, 11, 98, 96, 100, 63, 60, 64, 83, 84, 24, 44, 82, 38, 57, 56, 49, 50, 87, 88, 103, 104, 53, 55, 45, 75, 77, 59, 90, 92, 65, 81, 117, 119, 95, 107, 8, 15, 0, 27, 29, 3, 41, 43, 19, 33]",True,21919130,0.021919130,"[119, 95, 107, 8, 15, 0, 27, 29, 3, 41, 43, 19, 33]","[33, 19, 43, 41, 3, 29, 27, 0, 15, 8, 107, 95, 119]",complete,13,13,54,0,14,0,14,14,0,0,0,0,0,0,0
1,452,70,138,11,"[1, 2, 4, 5, 6, 7, 9, 10, 11, 12, 13, 14, 16, 17, 18, 20, 21, 22, 23, 24, 25, 26, 28, 30, 31, 32, 34, 35, 36, 37, 38, 39, 40, 42, 44, 45, 46, 47, 48, 49, 50, 51, 52, 53, 54, 55, 56, 57, 58, 59, 60, 61, 62, 63, 64, 65, 66, 67, 68, 69, 70, 71, 72, 73, 74, 75, 76, 77, 78, 79, 80, 81, 82, 83, 84, 85, 86, 87, 88, 89, 90, 91, 92, 93, 94, 95, 96, 97, 98, 99, 100, 101, 102, 103, 104, 105, 106, 108, 109, 110, 111, 112, 114, 115, 116, 117, 118, 119, 120, 121, 122, 123, 124, 125, 126, 127, 128, 129, 130, 131, 132, 133, 134, 135, 136, 137, 138, 139, 140, 141, 142, 143, 144, 145, 146, 147, 148, 149]","[0, 3, 8, 15, 19, 27, 29, 33, 41, 43, 107]",{},[],0,"[137, 138, 139, 140, 136, 135, 134, 133, 129, 130, 131, 132, 128, 127, 13, 14, 116, 118, 26, 28, 40, 42, 52, 54, 74, 76, 89, 91, 17, 122, 18, 32, 16, 112, 36, 99, 105, 144, 10, 145, 148, 115, 149, 102, 146, 147, 12, 58, 71, 109, 61, 67, 78, 85, 93, 143, 25, 7, 39, 51, 97, 106, 101, 120, 121, 114, 108, 110, 111, 9, 6, 1, 2, 48, 46, 47, 70, 69, 79, 80, 72, 73, 94, 66, 68, 86, 23, 126, 125, 124, 123, 141, 142, 62, 5, 4, 22, 21, 20, 37, 34, 35, 31, 30, 11, 98, 96, 100, 63, 60, 64, 83, 84, 24, 44, 82, 38, 57, 56, 49, 50, 87, 88, 103, 104, 53, 55, 45, 75, 77, 59, 90, 92, 65, 81, 117, 119, 95, 107, 8, 15, 0, 27, 29, 3, 41, 43, 19, 33]",True,17119552,0.017119552,"[107, 8, 15, 0, 27, 29, 3, 41, 43, 19, 33]","[33, 19, 43, 41, 3, 29, 27, 0, 15, 8, 107]",complete,11,11,39,0,12,0,12,12,0,0,0,0,0,0,0
1,452,71,140,9,"[1, 2, 4, 5, 6, 7, 8, 9, 10, 11, 12, 13, 14, 16, 17, 18, 20, 21, 22, 23, 24, 25, 26, 28, 30, 31, 32, 34, 35, 36, 37, 38, 39, 40, 42, 44, 45, 46, 47, 48, 49, 50, 51, 52, 53, 54, 55, 56, 57, 58, 59, 60, 61, 62, 63, 64, 65, 66, 67, 68, 69, 70, 71, 72, 73, 74, 75, 76, 77, 78, 79, 80, 81, 82, 83, 84, 85, 86, 87, 88, 89, 90, 91, 92, 93, 94, 95, 96, 97, 98, 99, 100, 101, 102, 103, 104, 105, 106, 107, 108, 109, 110, 111, 112, 114, 115, 116, 117, 118, 119, 120, 121, 122, 123, 124, 125, 126, 127, 128, 129, 130, 131, 132, 133, 134, 135, 136, 137, 138, 139, 140, 141, 142, 143, 144, 145, 146, 147, 148, 149]","[0, 3, 15, 19, 27, 29, 33, 41, 43]",{},[],0,"[137, 138, 139, 140, 136, 135, 134, 133, 129, 130, 131, 132, 128, 127, 13, 14, 116, 118, 26, 28, 40, 42, 52, 54, 74, 76, 89, 91, 17, 122, 18, 32, 16, 112, 36, 99, 105, 144, 10, 145, 148, 115, 149, 102, 146, 147, 12, 58, 71, 109, 61, 67, 78, 85, 93, 143, 25, 7, 39, 51, 97, 106, 101, 120, 121, 114, 108, 110, 111, 9, 6, 1, 2, 48, 46, 47, 70, 69, 79, 80, 72, 73, 94, 66, 68, 86, 23, 126, 125, 124, 123, 141, 142, 62, 5, 4, 22, 21, 20, 37, 34, 35, 31, 30, 11, 98, 96, 100, 63, 60, 64, 83, 84, 24, 44, 82, 38, 57, 56, 49, 50, 87, 88, 103, 104, 53, 55, 45, 75, 77, 59, 90, 92, 65, 81, 117, 119, 95, 107, 8, 15, 0, 27, 29, 3, 41, 43, 19, 33]",True,12840238,0.012840238,"[15, 0, 27, 29, 3, 41, 43, 19, 33]","[33, 19, 43, 41, 3, 29, 27, 0, 15]",complete,9,9,26,0,10,0,10,10,0,0,0,0,0,0,0
1,452,72,142,7,"[0, 1, 2, 4, 5, 6, 7, 8, 9, 10, 11, 12, 13, 14, 15, 16, 17, 18, 20, 21, 22, 23, 24, 25, 26, 28, 30, 31, 32, 34, 35, 36, 37, 38, 39, 40, 42, 44, 45, 46, 47, 48, 49, 50, 51, 52, 53, 54, 55, 56, 57, 58, 59, 60, 61, 62, 63, 64, 65, 66, 67, 68, 69, 70, 71, 72, 73, 74, 75, 76, 77, 78, 79, 80, 81, 82, 83, 84, 85, 86, 87, 88, 89, 90, 91, 92, 93, 94, 95, 96, 97, 98, 99, 100, 101, 102, 103, 104, 105, 106, 107, 108, 109, 110, 111, 112, 114, 115, 116, 117, 118, 119, 120, 121, 122, 123, 124, 125, 126, 127, 128, 129, 130, 131, 132, 133, 134, 135, 136, 137, 138, 139, 140, 141, 142, 143, 144, 145, 146, 147, 148, 149]","[3, 19, 27, 29, 33, 41, 43]",{},[],0,"[137, 138, 139, 140, 136, 135, 134, 133, 129, 130, 131, 132, 128, 127, 13, 14, 116, 118, 26, 28, 40, 42, 52, 54, 74, 76, 89, 91, 17, 122, 18, 32, 16, 112, 36, 99, 105, 144, 10, 145, 148, 115, 149, 102, 146, 147, 12, 58, 71, 109, 61, 67, 78, 85, 93, 143, 25, 7, 39, 51, 97, 106, 101, 120, 121, 114, 108, 110, 111, 9, 6, 1, 2, 48, 46, 47, 70, 69, 79, 80, 72, 73, 94, 66, 68, 86, 23, 126, 125, 124, 123, 141, 142, 62, 5, 4, 22, 21, 20, 37, 34, 35, 31, 30, 11, 98, 96, 100, 63, 60, 64, 83, 84, 24, 44, 82, 38, 57, 56, 49, 50, 87, 88, 103, 104, 53, 55, 45, 75, 77, 59, 90, 92, 65, 81, 117, 119, 95, 107, 8, 15, 0, 27, 29, 3, 41, 43, 19, 33]",True,8581236,0.008581236,"[27, 29, 3, 41, 43, 19, 33]","[33, 19, 43, 41, 3, 29, 27]",complete,7,7,16,0,8,0,8,8,0,0,0,0,0,0,0
1,452,73,144,5,"[0, 1, 2, 4, 5, 6, 7, 8, 9, 10, 11, 12, 13, 14, 15, 16, 17, 18, 20, 21, 22, 23, 24, 25, 26, 27, 28, 29, 30, 31, 32, 34, 35, 36, 37, 38, 39, 40, 42, 44, 45, 46, 47, 48, 49, 50, 51, 52, 53, 54, 55, 56, 57, 58, 59, 60, 61, 62, 63, 64, 65, 66, 67, 68, 69, 70, 71, 72, 73, 74, 75, 76, 77, 78, 79, 80, 81, 82, 83, 84, 85, 86, 87, 88, 89, 90, 91, 92, 93, 94, 95, 96, 97, 98, 99, 100, 101, 102, 103, 104, 105, 106, 107, 108, 109, 110, 111, 112, 114, 115, 116, 117, 118, 119, 120, 121, 122, 123, 124, 125, 126, 127, 128, 129, 130, 131, 132, 133, 134, 135, 136, 137, 138, 139, 140, 141, 142, 143, 144, 145, 146, 147, 148, 149]","[3, 19, 33, 41, 43]",{},[],0,"[137, 138, 139, 140, 136, 135, 134, 133, 129, 130, 131, 132, 128, 127, 13, 14, 116, 118, 26, 28, 40, 42, 52, 54, 74, 76, 89, 91, 17, 122, 18, 32, 16, 112, 36, 99, 105, 144, 10, 145, 148, 115, 149, 102, 146, 147, 12, 58, 71, 109, 61, 67, 78, 85, 93, 143, 25, 7, 39, 51, 97, 106, 101, 120, 121, 114, 108, 110, 111, 9, 6, 1, 2, 48, 46, 47, 70, 69, 79, 80, 72, 73, 94, 66, 68, 86, 23, 126, 125, 124, 123, 141, 142, 62, 5, 4, 22, 21, 20, 37, 34, 35, 31, 30, 11, 98, 96, 100, 63, 60, 64, 83, 84, 24, 44, 82, 38, 57, 56, 49, 50, 87, 88, 103, 104, 53, 55, 45, 75, 77, 59, 90, 92, 65, 81, 117, 119, 95, 107, 8, 15, 0, 27, 29, 3, 41, 43, 19, 33]",True,5136440,0.005136440,"[3, 41, 43, 19, 33]","[33, 19, 43, 41, 3]",complete,5,5,9,0,6,0,6,6,0,0,0,0,0,0,0
1,452,74,146,3,"[0, 1, 2, 3, 4, 5, 6, 7, 8, 9, 10, 11, 12, 13, 14, 15, 16, 17, 18, 20, 21, 22, 23, 24, 25, 26, 27, 28, 29, 30, 31, 32, 34, 35, 36, 37, 38, 39, 40, 41, 42, 44, 45, 46, 47, 48, 49, 50, 51, 52, 53, 54, 55, 56, 57, 58, 59, 60, 61, 62, 63, 64, 65, 66, 67, 68, 69, 70, 71, 72, 73, 74, 75, 76, 77, 78, 79, 80, 81, 82, 83, 84, 85, 86, 87, 88, 89, 90, 91, 92, 93, 94, 95, 96, 97, 98, 99, 100, 101, 102, 103, 104, 105, 106, 107, 108, 109, 110, 111, 112, 114, 115, 116, 117, 118, 119, 120, 121, 122, 123, 124, 125, 126, 127, 128, 129, 130, 131, 132, 133, 134, 135, 136, 137, 138, 139, 140, 141, 142, 143, 144, 145, 146, 147, 148, 149]","[19, 33, 43]",{},[],0,"[137, 138, 139, 140, 136, 135, 134, 133, 129, 130, 131, 132, 128, 127, 13, 14, 116, 118, 26, 28, 40, 42, 52, 54, 74, 76, 89, 91, 17, 122, 18, 32, 16, 112, 36, 99, 105, 144, 10, 145, 148, 115, 149, 102, 146, 147, 12, 58, 71, 109, 61, 67, 78, 85, 93, 143, 25, 7, 39, 51, 97, 106, 101, 120, 121, 114, 108, 110, 111, 9, 6, 1, 2, 48, 46, 47, 70, 69, 79, 80, 72, 73, 94, 66, 68, 86, 23, 126, 125, 124, 123, 141, 142, 62, 5, 4, 22, 21, 20, 37, 34, 35, 31, 30, 11, 98, 96, 100, 63, 60, 64, 83, 84, 24, 44, 82, 38, 57, 56, 49, 50, 87, 88, 103, 104, 53, 55, 45, 75, 77, 59, 90, 92, 65, 81, 117, 119, 95, 107, 8, 15, 0, 27, 29, 3, 41, 43, 19, 33]",True,2435966,0.002435966,"[43, 19, 33]","[33, 19, 43]",complete,3,3,4,0,4,0,4,4,0,0,0,0,0,0,0
1,452,75,148,1,"[0, 1, 2, 3, 4, 5, 6, 7, 8, 9, 10, 11, 12, 13, 14, 15, 16, 17, 18, 19, 20, 21, 22, 23, 24, 25, 26, 27, 28, 29, 30, 31, 32, 34, 35, 36, 37, 38, 39, 40, 41, 42, 43, 44, 45, 46, 47, 48, 49, 50, 51, 52, 53, 54, 55, 56, 57, 58, 59, 60, 61, 62, 63, 64, 65, 66, 67, 68, 69, 70, 71, 72, 73, 74, 75, 76, 77, 78, 79, 80, 81, 82, 83, 84, 85, 86, 87, 88, 89, 90, 91, 92, 93, 94, 95, 96, 97, 98, 99, 100, 101, 102, 103, 104, 105, 106, 107, 108, 109, 110, 111, 112, 114, 115, 116, 117, 118, 119, 120, 121, 122, 123, 124, 125, 126, 127, 128, 129, 130, 131, 132, 133, 134, 135, 136, 137, 138, 139, 140, 141, 142, 143, 144, 145, 146, 147, 148, 149]",[33],{},[],0,"[137, 138, 139, 140, 136, 135, 134, 133, 129, 130, 131, 132, 128, 127, 13, 14, 116, 118, 26, 28, 40, 42, 52, 54, 74, 76, 89, 91, 17, 122, 18, 32, 16, 112, 36, 99, 105, 144, 10, 145, 148, 115, 149, 102, 146, 147, 12, 58, 71, 109, 61, 67, 78, 85, 93, 143, 25, 7, 39, 51, 97, 106, 101, 120, 121, 114, 108, 110, 111, 9, 6, 1, 2, 48, 46, 47, 70, 69, 79, 80, 72, 73, 94, 66, 68, 86, 23, 126, 125, 124, 123, 141, 142, 62, 5, 4, 22, 21, 20, 37, 34, 35, 31, 30, 11, 98, 96, 100, 63, 60, 64, 83, 84, 24, 44, 82, 38, 57, 56, 49, 50, 87, 88, 103, 104, 53, 55, 45, 75, 77, 59, 90, 92, 65, 81, 117, 119, 95, 107, 8, 15, 0, 27, 29, 3, 41, 43, 19, 33]",True,700790,0.000700790,[33],[33],complete,1,1,1,0,2,0,2,2,0,0,0,0,0,0,0
2,453,1,0,149,[],"[0, 1, 2, 3, 4, 5, 6, 7, 8, 9, 10, 11, 12, 13, 14, 15, 16, 17, 18, 19, 20, 21, 22, 23, 24, 25, 26, 27, 28, 29, 30, 31, 32, 33, 34, 35, 36, 37, 38, 39, 40, 41, 42, 43, 44, 45, 46, 47, 48, 49, 50, 51, 52, 53, 54, 55, 56, 57, 58, 59, 60, 61, 62, 63, 64, 65, 66, 67, 68, 69, 70, 71, 72, 73, 74, 75, 76, 77, 78, 79, 80, 81, 82, 83, 84, 85, 86, 87, 88, 89, 90, 91, 92, 93, 94, 95, 96, 97, 98, 99, 100, 101, 102, 103, 104, 105, 106, 107, 108, 109, 110, 111, 112, 114, 115, 116, 117, 118, 119, 120, 121, 122, 123, 124, 125, 126, 127, 128, 129, 130, 131, 132, 133, 134, 135, 136, 137, 138, 139, 140, 141, 142, 143, 144, 145, 146, 147, 148, 149]",{},[],0,"[137, 138, 139, 140, 136, 135, 134, 133, 129, 130, 131, 132, 128, 127, 13, 14, 116, 118, 26, 28, 40, 42, 52, 54, 74, 76, 89, 91, 17, 122, 18, 32, 16, 112, 36, 99, 105, 144, 10, 145, 148, 115, 149, 102, 146, 147, 12, 58, 71, 109, 61, 67, 78, 85, 93, 143, 25, 7, 39, 51, 97, 106, 101, 120, 121, 114, 108, 110, 111, 9, 6, 1, 2, 48, 46, 47, 70, 69, 79, 80, 72, 73, 94, 66, 68, 86, 23, 126, 125, 124, 123, 141, 142, 62, 5, 4, 22, 21, 20, 37, 34, 35, 31, 30, 11, 98, 96, 100, 63, 60, 64, 83, 84, 24, 44, 82, 38, 57, 56, 49, 50, 87, 88, 103, 104, 53, 55, 45, 75, 77, 59, 90, 92, 65, 81, 117, 119, 95, 107, 8, 15, 0, 27, 29, 3, 41, 43, 19, 33]",True,17865321675,17.865321675,"[137, 138, 139, 140, 136, 135, 134, 133, 129, 130, 131, 132, 128, 127, 13, 14, 116, 118, 26, 28, 40, 42, 52, 54, 74, 76, 89, 91, 17, 122, 18, 32, 16, 112, 36, 99, 105, 144, 10, 145, 148, 115, 149, 102, 146, 147, 12, 58, 71, 109, 61, 67, 78, 85, 93, 143, 25, 7, 39, 51, 97, 106, 101, 120, 121, 114, 108, 110, 111, 9, 6, 1, 2, 48, 46, 47, 70, 69, 79, 80, 72, 73, 94, 66, 68, 86, 23, 126, 125, 124, 123, 141, 142, 62, 5, 4, 22, 21, 20, 37, 34, 35, 31, 30, 11, 98, 96, 100, 63, 60, 64, 83, 84, 24, 44, 82, 38, 57, 56, 49, 50, 87, 88, 103, 104, 53, 55, 45, 75, 77, 59, 90, 92, 65, 81, 117, 119, 95, 107, 8, 15, 0, 27, 29, 3, 41, 43, 19, 33]","[33, 19, 43, 41, 3, 29, 27, 0, 15, 8, 107, 95, 119, 117, 81, 65, 92, 90, 59, 77, 75, 45, 55, 53, 104, 103, 88, 87, 50, 49, 56, 57, 38, 82, 44, 24, 84, 83, 64, 60, 63, 100, 96, 98, 11, 30, 31, 35, 34, 37, 20, 21, 22, 4, 5, 62, 142, 141, 123, 124, 125, 126, 23, 86, 68, 66, 94, 73, 72, 80, 79, 69, 70, 47, 46, 48, 2, 1, 6, 9, 111, 110, 108, 114, 121, 120, 101, 106, 97, 51, 39, 7, 25, 143, 93, 85, 78, 67, 61, 109, 71, 58, 12, 147, 146, 102, 149, 115, 148, 145, 10, 144, 105, 99, 36, 112, 16, 32, 18, 122, 17, 91, 89, 76, 74, 54, 52, 42, 40, 28, 26, 118, 116, 14, 13, 127, 128, 132, 131, 130, 129, 133, 134, 135, 136, 140, 139, 138, 137]",complete,339,339,9799,190,1939,854,1085,1085,2,146,146,44,44,44,44
2,453,2,2,147,"[137, 138]","[0, 1, 2, 3, 4, 5, 6, 7, 8, 9, 10, 11, 12, 13, 14, 15, 16, 17, 18, 19, 20, 21, 22, 23, 24, 25, 26, 27, 28, 29, 30, 31, 32, 33, 34, 35, 36, 37, 38, 39, 40, 41, 42, 43, 44, 45, 46, 47, 48, 49, 50, 51, 52, 53, 54, 55, 56, 57, 58, 59, 60, 61, 62, 63, 64, 65, 66, 67, 68, 69, 70, 71, 72, 73, 74, 75, 76, 77, 78, 79, 80, 81, 82, 83, 84, 85, 86, 87, 88, 89, 90, 91, 92, 93, 94, 95, 96, 97, 98, 99, 100, 101, 102, 103, 104, 105, 106, 107, 108, 109, 110, 111, 112, 114, 115, 116, 117, 118, 119, 120, 121, 122, 123, 124, 125, 126, 127, 128, 129, 130, 131, 132, 133, 134, 135, 136, 139, 140, 141, 142, 143, 144, 145, 146, 147, 148, 149]",{},[],0,"[137, 138, 139, 140, 136, 135, 134, 133, 129, 130, 131, 132, 128, 127, 13, 14, 116, 118, 26, 28, 40, 42, 52, 54, 74, 76, 89, 91, 17, 122, 18, 32, 16, 112, 36, 99, 105, 144, 10, 145, 148, 115, 149, 102, 146, 147, 12, 58, 71, 109, 61, 67, 78, 85, 93, 143, 25, 7, 39, 51, 97, 106, 101, 120, 121, 114, 108, 110, 111, 9, 6, 1, 2, 48, 46, 47, 70, 69, 79, 80, 72, 73, 94, 66, 68, 86, 23, 126, 125, 124, 123, 141, 142, 62, 5, 4, 22, 21, 20, 37, 34, 35, 31, 30, 11, 98, 96, 100, 63, 60, 64, 83, 84, 24, 44, 82, 38, 57, 56, 49, 50, 87, 88, 103, 104, 53, 55, 45, 75, 77, 59, 90, 92, 65, 81, 117, 119, 95, 107, 8, 15, 0, 27, 29, 3, 41, 43, 19, 33]",True,17659992424,17.659992424,"[139, 140, 136, 135, 134, 133, 129, 130, 131, 132, 128, 127, 13, 14, 116, 118, 26, 28, 40, 42, 52, 54, 74, 76, 89, 91, 17, 122, 18, 32, 16, 112, 36, 99, 105, 144, 10, 145, 148, 115, 149, 102, 146, 147, 12, 58, 71, 109, 61, 67, 78, 85, 93, 143, 25, 7, 39, 51, 97, 106, 101, 120, 121, 114, 108, 110, 111, 9, 6, 1, 2, 48, 46, 47, 70, 69, 79, 80, 72, 73, 94, 66, 68, 86, 23, 126, 125, 124, 123, 141, 142, 62, 5, 4, 22, 21, 20, 37, 34, 35, 31, 30, 11, 98, 96, 100, 63, 60, 64, 83, 84, 24, 44, 82, 38, 57, 56, 49, 50, 87, 88, 103, 104, 53, 55, 45, 75, 77, 59, 90, 92, 65, 81, 117, 119, 95, 107, 8, 15, 0, 27, 29, 3, 41, 43, 19, 33]","[33, 19, 43, 41, 3, 29, 27, 0, 15, 8, 107, 95, 119, 117, 81, 65, 92, 90, 59, 77, 75, 45, 55, 53, 104, 103, 88, 87, 50, 49, 56, 57, 38, 82, 44, 24, 84, 83, 64, 60, 63, 100, 96, 98, 11, 30, 31, 35, 34, 37, 20, 21, 22, 4, 5, 62, 142, 141, 123, 124, 125, 126, 23, 86, 68, 66, 94, 73, 72, 80, 79, 69, 70, 47, 46, 48, 2, 1, 6, 9, 111, 110, 108, 114, 121, 120, 101, 106, 97, 51, 39, 7, 25, 143, 93, 85, 78, 67, 61, 109, 71, 58, 12, 147, 146, 102, 149, 115, 148, 145, 10, 144, 105, 99, 36, 112, 16, 32, 18, 122, 17, 91, 89, 76, 74, 54, 52, 42, 40, 28, 26, 118, 116, 14, 13, 127, 128, 132, 131, 130, 129, 133, 134, 135, 136, 140, 139]",complete,337,337,9522,190,1937,854,1083,1083,2,146,146,44,44,44,44
2,453,3,4,145,"[137, 138, 139, 140]","[0, 1, 2, 3, 4, 5, 6, 7, 8, 9, 10, 11, 12, 13, 14, 15, 16, 17, 18, 19, 20, 21, 22, 23, 24, 25, 26, 27, 28, 29, 30, 31, 32, 33, 34, 35, 36, 37, 38, 39, 40, 41, 42, 43, 44, 45, 46, 47, 48, 49, 50, 51, 52, 53, 54, 55, 56, 57, 58, 59, 60, 61, 62, 63, 64, 65, 66, 67, 68, 69, 70, 71, 72, 73, 74, 75, 76, 77, 78, 79, 80, 81, 82, 83, 84, 85, 86, 87, 88, 89, 90, 91, 92, 93, 94, 95, 96, 97, 98, 99, 100, 101, 102, 103, 104, 105, 106, 107, 108, 109, 110, 111, 112, 114, 115, 116, 117, 118, 119, 120, 121, 122, 123, 124, 125, 126, 127, 128, 129, 130, 131, 132, 133, 134, 135, 136, 141, 142, 143, 144, 145, 146, 147, 148, 149]",{},[],0,"[137, 138, 139, 140, 136, 135, 134, 133, 129, 130, 131, 132, 128, 127, 13, 14, 116, 118, 26, 28, 40, 42, 52, 54, 74, 76, 89, 91, 17, 122, 18, 32, 16, 112, 36, 99, 105, 144, 10, 145, 148, 115, 149, 102, 146, 147, 12, 58, 71, 109, 61, 67, 78, 85, 93, 143, 25, 7, 39, 51, 97, 106, 101, 120, 121, 114, 108, 110, 111, 9, 6, 1, 2, 48, 46, 47, 70, 69, 79, 80, 72, 73, 94, 66, 68, 86, 23, 126, 125, 124, 123, 141, 142, 62, 5, 4, 22, 21, 20, 37, 34, 35, 31, 30, 11, 98, 96, 100, 63, 60, 64, 83, 84, 24, 44, 82, 38, 57, 56, 49, 50, 87, 88, 103, 104, 53, 55, 45, 75, 77, 59, 90, 92, 65, 81, 117, 119, 95, 107, 8, 15, 0, 27, 29, 3, 41, 43, 19, 33]",True,18530835516,18.530835516,"[136, 135, 134, 133, 129, 130, 131, 132, 128, 127, 13, 14, 116, 118, 26, 28, 40, 42, 52, 54, 74, 76, 89, 91, 17, 122, 18, 32, 16, 112, 36, 99, 105, 144, 10, 145, 148, 115, 149, 102, 146, 147, 12, 58, 71, 109, 61, 67, 78, 85, 93, 143, 25, 7, 39, 51, 97, 106, 101, 120, 121, 114, 108, 110, 111, 9, 6, 1, 2, 48, 46, 47, 70, 69, 79, 80, 72, 73, 94, 66, 68, 86, 23, 126, 125, 124, 123, 141, 142, 62, 5, 4, 22, 21, 20, 37, 34, 35, 31, 30, 11, 98, 96, 100, 63, 60, 64, 83, 84, 24, 44, 82, 38, 57, 56, 49, 50, 87, 88, 103, 104, 53, 55, 45, 75, 77, 59, 90, 92, 65, 81, 117, 119, 95, 107, 8, 15, 0, 27, 29, 3, 41, 43, 19, 33]","[33, 19, 43, 41, 3, 29, 27, 0, 15, 8, 107, 95, 119, 117, 81, 65, 92, 90, 59, 77, 75, 45, 55, 53, 104, 103, 88, 87, 50, 49, 56, 57, 38, 82, 44, 24, 84, 83, 64, 60, 63, 100, 96, 98, 11, 30, 31, 35, 34, 37, 20, 21, 22, 4, 5, 62, 142, 141, 123, 124, 125, 126, 23, 86, 68, 66, 94, 73, 72, 80, 79, 69, 70, 47, 46, 48, 2, 1, 6, 9, 111, 110, 108, 114, 121, 120, 101, 106, 97, 51, 39, 7, 25, 143, 93, 85, 78, 67, 61, 109, 71, 58, 12, 147, 146, 102, 149, 115, 148, 145, 10, 144, 105, 99, 36, 112, 16, 32, 18, 122, 17, 91, 89, 76, 74, 54, 52, 42, 40, 28, 26, 118, 116, 14, 13, 127, 128, 132, 131, 130, 129, 133, 134, 135, 136]",complete,335,335,9249,190,1935,854,1081,1081,2,146,146,44,44,44,44
2,453,4,6,143,"[135, 136, 137, 138, 139, 140]","[0, 1, 2, 3, 4, 5, 6, 7, 8, 9, 10, 11, 12, 13, 14, 15, 16, 17, 18, 19, 20, 21, 22, 23, 24, 25, 26, 27, 28, 29, 30, 31, 32, 33, 34, 35, 36, 37, 38, 39, 40, 41, 42, 43, 44, 45, 46, 47, 48, 49, 50, 51, 52, 53, 54, 55, 56, 57, 58, 59, 60, 61, 62, 63, 64, 65, 66, 67, 68, 69, 70, 71, 72, 73, 74, 75, 76, 77, 78, 79, 80, 81, 82, 83, 84, 85, 86, 87, 88, 89, 90, 91, 92, 93, 94, 95, 96, 97, 98, 99, 100, 101, 102, 103, 104, 105, 106, 107, 108, 109, 110, 111, 112, 114, 115, 116, 117, 118, 119, 120, 121, 122, 123, 124, 125, 126, 127, 128, 129, 130, 131, 132, 133, 134, 141, 142, 143, 144, 145, 146, 147, 148, 149]",{},[],0,"[137, 138, 139, 140, 136, 135, 134, 133, 129, 130, 131, 132, 128, 127, 13, 14, 116, 118, 26, 28, 40, 42, 52, 54, 74, 76, 89, 91, 17, 122, 18, 32, 16, 112, 36, 99, 105, 144, 10, 145, 148, 115, 149, 102, 146, 147, 12, 58, 71, 109, 61, 67, 78, 85, 93, 143, 25, 7, 39, 51, 97, 106, 101, 120, 121, 114, 108, 110, 111, 9, 6, 1, 2, 48, 46, 47, 70, 69, 79, 80, 72, 73, 94, 66, 68, 86, 23, 126, 125, 124, 123, 141, 142, 62, 5, 4, 22, 21, 20, 37, 34, 35, 31, 30, 11, 98, 96, 100, 63, 60, 64, 83, 84, 24, 44, 82, 38, 57, 56, 49, 50, 87, 88, 103, 104, 53, 55, 45, 75, 77, 59, 90, 92, 65, 81, 117, 119, 95, 107, 8, 15, 0, 27, 29, 3, 41, 43, 19, 33]",True,18406223286,18.406223286,"[134, 133, 129, 130, 131, 132, 128, 127, 13, 14, 116, 118, 26, 28, 40, 42, 52, 54, 74, 76, 89, 91, 17, 122, 18, 32, 16, 112, 36, 99, 105, 144, 10, 145, 148, 115, 149, 102, 146, 147, 12, 58, 71, 109, 61, 67, 78, 85, 93, 143, 25, 7, 39, 51, 97, 106, 101, 120, 121, 114, 108, 110, 111, 9, 6, 1, 2, 48, 46, 47, 70, 69, 79, 80, 72, 73, 94, 66, 68, 86, 23, 126, 125, 124, 123, 141, 142, 62, 5, 4, 22, 21, 20, 37, 34, 35, 31, 30, 11, 98, 96, 100, 63, 60, 64, 83, 84, 24, 44, 82, 38, 57, 56, 49, 50, 87, 88, 103, 104, 53, 55, 45, 75, 77, 59, 90, 92, 65, 81, 117, 119, 95, 107, 8, 15, 0, 27, 29, 3, 41, 43, 19, 33]","[33, 19, 43, 41, 3, 29, 27, 0, 15, 8, 107, 95, 119, 117, 81, 65, 92, 90, 59, 77, 75, 45, 55, 53, 104, 103, 88, 87, 50, 49, 56, 57, 38, 82, 44, 24, 84, 83, 64, 60, 63, 100, 96, 98, 11, 30, 31, 35, 34, 37, 20, 21, 22, 4, 5, 62, 142, 141, 123, 124, 125, 126, 23, 86, 68, 66, 94, 73, 72, 80, 79, 69, 70, 47, 46, 48, 2, 1, 6, 9, 111, 110, 108, 114, 121, 120, 101, 106, 97, 51, 39, 7, 25, 143, 93, 85, 78, 67, 61, 109, 71, 58, 12, 147, 146, 102, 149, 115, 148, 145, 10, 144, 105, 99, 36, 112, 16, 32, 18, 122, 17, 91, 89, 76, 74, 54, 52, 42, 40, 28, 26, 118, 116, 14, 13, 127, 128, 132, 131, 130, 129, 133, 134]",complete,333,333,8980,190,1933,854,1079,1079,2,146,146,44,44,44,44
2,453,5,8,141,"[133, 134, 135, 136, 137, 138, 139, 140]","[0, 1, 2, 3, 4, 5, 6, 7, 8, 9, 10, 11, 12, 13, 14, 15, 16, 17, 18, 19, 20, 21, 22, 23, 24, 25, 26, 27, 28, 29, 30, 31, 32, 33, 34, 35, 36, 37, 38, 39, 40, 41, 42, 43, 44, 45, 46, 47, 48, 49, 50, 51, 52, 53, 54, 55, 56, 57, 58, 59, 60, 61, 62, 63, 64, 65, 66, 67, 68, 69, 70, 71, 72, 73, 74, 75, 76, 77, 78, 79, 80, 81, 82, 83, 84, 85, 86, 87, 88, 89, 90, 91, 92, 93, 94, 95, 96, 97, 98, 99, 100, 101, 102, 103, 104, 105, 106, 107, 108, 109, 110, 111, 112, 114, 115, 116, 117, 118, 119, 120, 121, 122, 123, 124, 125, 126, 127, 128, 129, 130, 131, 132, 141, 142, 143, 144, 145, 146, 147, 148, 149]",{},[],0,"[137, 138, 139, 140, 136, 135, 134, 133, 129, 130, 131, 132, 128, 127, 13, 14, 116, 118, 26, 28, 40, 42, 52, 54, 74, 76, 89, 91, 17, 122, 18, 32, 16, 112, 36, 99, 105, 144, 10, 145, 148, 115, 149, 102, 146, 147, 12, 58, 71, 109, 61, 67, 78, 85, 93, 143, 25, 7, 39, 51, 97, 106, 101, 120, 121, 114, 108, 110, 111, 9, 6, 1, 2, 48, 46, 47, 70, 69, 79, 80, 72, 73, 94, 66, 68, 86, 23, 126, 125, 124, 123, 141, 142, 62, 5, 4, 22, 21, 20, 37, 34, 35, 31, 30, 11, 98, 96, 100, 63, 60, 64, 83, 84, 24, 44, 82, 38, 57, 56, 49, 50, 87, 88, 103, 104, 53, 55, 45, 75, 77, 59, 90, 92, 65, 81, 117, 119, 95, 107, 8, 15, 0, 27, 29, 3, 41, 43, 19, 33]",True,18690169174,18.690169174,"[129, 130, 131, 132, 128, 127, 13, 14, 116, 118, 26, 28, 40, 42, 52, 54, 74, 76, 89, 91, 17, 122, 18, 32, 16, 112, 36, 99, 105, 144, 10, 145, 148, 115, 149, 102, 146, 147, 12, 58, 71, 109, 61, 67, 78, 85, 93, 143, 25, 7, 39, 51, 97, 106, 101, 120, 121, 114, 108, 110, 111, 9, 6, 1, 2, 48, 46, 47, 70, 69, 79, 80, 72, 73, 94, 66, 68, 86, 23, 126, 125, 124, 123, 141, 142, 62, 5, 4, 22, 21, 20, 37, 34, 35, 31, 30, 11, 98, 96, 100, 63, 60, 64, 83, 84, 24, 44, 82, 38, 57, 56, 49, 50, 87, 88, 103, 104, 53, 55, 45, 75, 77, 59, 90, 92, 65, 81, 117, 119, 95, 107, 8, 15, 0, 27, 29, 3, 41, 43, 19, 33]","[33, 19, 43, 41, 3, 29, 27, 0, 15, 8, 107, 95, 119, 117, 81, 65, 92, 90, 59, 77, 75, 45, 55, 53, 104, 103, 88, 87, 50, 49, 56, 57, 38, 82, 44, 24, 84, 83, 64, 60, 63, 100, 96, 98, 11, 30, 31, 35, 34, 37, 20, 21, 22, 4, 5, 62, 142, 141, 123, 124, 125, 126, 23, 86, 68, 66, 94, 73, 72, 80, 79, 69, 70, 47, 46, 48, 2, 1, 6, 9, 111, 110, 108, 114, 121, 120, 101, 106, 97, 51, 39, 7, 25, 143, 93, 85, 78, 67, 61, 109, 71, 58, 12, 147, 146, 102, 149, 115, 148, 145, 10, 144, 105, 99, 36, 112, 16, 32, 18, 122, 17, 91, 89, 76, 74, 54, 52, 42, 40, 28, 26, 118, 116, 14, 13, 127, 128, 132, 131, 130, 129]",complete,331,331,8715,190,1931,854,1077,1077,2,146,146,44,44,44,44
2,453,6,10,139,"[129, 130, 133, 134, 135, 136, 137, 138, 139, 140]","[0, 1, 2, 3, 4, 5, 6, 7, 8, 9, 10, 11, 12, 13, 14, 15, 16, 17, 18, 19, 20, 21, 22, 23, 24, 25, 26, 27, 28, 29, 30, 31, 32, 33, 34, 35, 36, 37, 38, 39, 40, 41, 42, 43, 44, 45, 46, 47, 48, 49, 50, 51, 52, 53, 54, 55, 56, 57, 58, 59, 60, 61, 62, 63, 64, 65, 66, 67, 68, 69, 70, 71, 72, 73, 74, 75, 76, 77, 78, 79, 80, 81, 82, 83, 84, 85, 86, 87, 88, 89, 90, 91, 92, 93, 94, 95, 96, 97, 98, 99, 100, 101, 102, 103, 104, 105, 106, 107, 108, 109, 110, 111, 112, 114, 115, 116, 117, 118, 119, 120, 121, 122, 123, 124, 125, 126, 127, 128, 131, 132, 141, 142, 143, 144, 145, 146, 147, 148, 149]",{},[],0,"[137, 138, 139, 140, 136, 135, 134, 133, 129, 130, 131, 132, 128, 127, 13, 14, 116, 118, 26, 28, 40, 42, 52, 54, 74, 76, 89, 91, 17, 122, 18, 32, 16, 112, 36, 99, 105, 144, 10, 145, 148, 115, 149, 102, 146, 147, 12, 58, 71, 109, 61, 67, 78, 85, 93, 143, 25, 7, 39, 51, 97, 106, 101, 120, 121, 114, 108, 110, 111, 9, 6, 1, 2, 48, 46, 47, 70, 69, 79, 80, 72, 73, 94, 66, 68, 86, 23, 126, 125, 124, 123, 141, 142, 62, 5, 4, 22, 21, 20, 37, 34, 35, 31, 30, 11, 98, 96, 100, 63, 60, 64, 83, 84, 24, 44, 82, 38, 57, 56, 49, 50, 87, 88, 103, 104, 53, 55, 45, 75, 77, 59, 90, 92, 65, 81, 117, 119, 95, 107, 8, 15, 0, 27, 29, 3, 41, 43, 19, 33]",True,18471456993,18.471456993,"[131, 132, 128, 127, 13, 14, 116, 118, 26, 28, 40, 42, 52, 54, 74, 76, 89, 91, 17, 122, 18, 32, 16, 112, 36, 99, 105, 144, 10, 145, 148, 115, 149, 102, 146, 147, 12, 58, 71, 109, 61, 67, 78, 85, 93, 143, 25, 7, 39, 51, 97, 106, 101, 120, 121, 114, 108, 110, 111, 9, 6, 1, 2, 48, 46, 47, 70, 69, 79, 80, 72, 73, 94, 66, 68, 86, 23, 126, 125, 124, 123, 141, 142, 62, 5, 4, 22, 21, 20, 37, 34, 35, 31, 30, 11, 98, 96, 100, 63, 60, 64, 83, 84, 24, 44, 82, 38, 57, 56, 49, 50, 87, 88, 103, 104, 53, 55, 45, 75, 77, 59, 90, 92, 65, 81, 117, 119, 95, 107, 8, 15, 0, 27, 29, 3, 41, 43, 19, 33]","[33, 19, 43, 41, 3, 29, 27, 0, 15, 8, 107, 95, 119, 117, 81, 65, 92, 90, 59, 77, 75, 45, 55, 53, 104, 103, 88, 87, 50, 49, 56, 57, 38, 82, 44, 24, 84, 83, 64, 60, 63, 100, 96, 98, 11, 30, 31, 35, 34, 37, 20, 21, 22, 4, 5, 62, 142, 141, 123, 124, 125, 126, 23, 86, 68, 66, 94, 73, 72, 80, 79, 69, 70, 47, 46, 48, 2, 1, 6, 9, 111, 110, 108, 114, 121, 120, 101, 106, 97, 51, 39, 7, 25, 143, 93, 85, 78, 67, 61, 109, 71, 58, 12, 147, 146, 102, 149, 115, 148, 145, 10, 144, 105, 99, 36, 112, 16, 32, 18, 122, 17, 91, 89, 76, 74, 54, 52, 42, 40, 28, 26, 118, 116, 14, 13, 127, 128, 132, 131]",complete,329,329,8454,190,1929,854,1075,1075,2,146,146,44,44,44,44
2,453,7,12,137,"[129, 130, 131, 132, 133, 134, 135, 136, 137, 138, 139, 140]","[0, 1, 2, 3, 4, 5, 6, 7, 8, 9, 10, 11, 12, 13, 14, 15, 16, 17, 18, 19, 20, 21, 22, 23, 24, 25, 26, 27, 28, 29, 30, 31, 32, 33, 34, 35, 36, 37, 38, 39, 40, 41, 42, 43, 44, 45, 46, 47, 48, 49, 50, 51, 52, 53, 54, 55, 56, 57, 58, 59, 60, 61, 62, 63, 64, 65, 66, 67, 68, 69, 70, 71, 72, 73, 74, 75, 76, 77, 78, 79, 80, 81, 82, 83, 84, 85, 86, 87, 88, 89, 90, 91, 92, 93, 94, 95, 96, 97, 98, 99, 100, 101, 102, 103, 104, 105, 106, 107, 108, 109, 110, 111, 112, 114, 115, 116, 117, 118, 119, 120, 121, 122, 123, 124, 125, 126, 127, 128, 141, 142, 143, 144, 145, 146, 147, 148, 149]",{},[],0,"[137, 138, 139, 140, 136, 135, 134, 133, 129, 130, 131, 132, 128, 127, 13, 14, 116, 118, 26, 28, 40, 42, 52, 54, 74, 76, 89, 91, 17, 122, 18, 32, 16, 112, 36, 99, 105, 144, 10, 145, 148, 115, 149, 102, 146, 147, 12, 58, 71, 109, 61, 67, 78, 85, 93, 143, 25, 7, 39, 51, 97, 106, 101, 120, 121, 114, 108, 110, 111, 9, 6, 1, 2, 48, 46, 47, 70, 69, 79, 80, 72, 73, 94, 66, 68, 86, 23, 126, 125, 124, 123, 141, 142, 62, 5, 4, 22, 21, 20, 37, 34, 35, 31, 30, 11, 98, 96, 100, 63, 60, 64, 83, 84, 24, 44, 82, 38, 57, 56, 49, 50, 87, 88, 103, 104, 53, 55, 45, 75, 77, 59, 90, 92, 65, 81, 117, 119, 95, 107, 8, 15, 0, 27, 29, 3, 41, 43, 19, 33]",True,18598316621,18.598316621,"[128, 127, 13, 14, 116, 118, 26, 28, 40, 42, 52, 54, 74, 76, 89, 91, 17, 122, 18, 32, 16, 112, 36, 99, 105, 144, 10, 145, 148, 115, 149, 102, 146, 147, 12, 58, 71, 109, 61, 67, 78, 85, 93, 143, 25, 7, 39, 51, 97, 106, 101, 120, 121, 114, 108, 110, 111, 9, 6, 1, 2, 48, 46, 47, 70, 69, 79, 80, 72, 73, 94, 66, 68, 86, 23, 126, 125, 124, 123, 141, 142, 62, 5, 4, 22, 21, 20, 37, 34, 35, 31, 30, 11, 98, 96, 100, 63, 60, 64, 83, 84, 24, 44, 82, 38, 57, 56, 49, 50, 87, 88, 103, 104, 53, 55, 45, 75, 77, 59, 90, 92, 65, 81, 117, 119, 95, 107, 8, 15, 0, 27, 29, 3, 41, 43, 19, 33]","[33, 19, 43, 41, 3, 29, 27, 0, 15, 8, 107, 95, 119, 117, 81, 65, 92, 90, 59, 77, 75, 45, 55, 53, 104, 103, 88, 87, 50, 49, 56, 57, 38, 82, 44, 24, 84, 83, 64, 60, 63, 100, 96, 98, 11, 30, 31, 35, 34, 37, 20, 21, 22, 4, 5, 62, 142, 141, 123, 124, 125, 126, 23, 86, 68, 66, 94, 73, 72, 80, 79, 69, 70, 47, 46, 48, 2, 1, 6, 9, 111, 110, 108, 114, 121, 120, 101, 106, 97, 51, 39, 7, 25, 143, 93, 85, 78, 67, 61, 109, 71, 58, 12, 147, 146, 102, 149, 115, 148, 145, 10, 144, 105, 99, 36, 112, 16, 32, 18, 122, 17, 91, 89, 76, 74, 54, 52, 42, 40, 28, 26, 118, 116, 14, 13, 127, 128]",complete,327,327,8197,190,1927,854,1073,1073,2,146,146,44,44,44,44
2,453,8,14,135,"[127, 128, 129, 130, 131, 132, 133, 134, 135, 136, 137, 138, 139, 140]","[0, 1, 2, 3, 4, 5, 6, 7, 8, 9, 10, 11, 12, 13, 14, 15, 16, 17, 18, 19, 20, 21, 22, 23, 24, 25, 26, 27, 28, 29, 30, 31, 32, 33, 34, 35, 36, 37, 38, 39, 40, 41, 42, 43, 44, 45, 46, 47, 48, 49, 50, 51, 52, 53, 54, 55, 56, 57, 58, 59, 60, 61, 62, 63, 64, 65, 66, 67, 68, 69, 70, 71, 72, 73, 74, 75, 76, 77, 78, 79, 80, 81, 82, 83, 84, 85, 86, 87, 88, 89, 90, 91, 92, 93, 94, 95, 96, 97, 98, 99, 100, 101, 102, 103, 104, 105, 106, 107, 108, 109, 110, 111, 112, 114, 115, 116, 117, 118, 119, 120, 121, 122, 123, 124, 125, 126, 141, 142, 143, 144, 145, 146, 147, 148, 149]",{},[],0,"[137, 138, 139, 140, 136, 135, 134, 133, 129, 130, 131, 132, 128, 127, 13, 14, 116, 118, 26, 28, 40, 42, 52, 54, 74, 76, 89, 91, 17, 122, 18, 32, 16, 112, 36, 99, 105, 144, 10, 145, 148, 115, 149, 102, 146, 147, 12, 58, 71, 109, 61, 67, 78, 85, 93, 143, 25, 7, 39, 51, 97, 106, 101, 120, 121, 114, 108, 110, 111, 9, 6, 1, 2, 48, 46, 47, 70, 69, 79, 80, 72, 73, 94, 66, 68, 86, 23, 126, 125, 124, 123, 141, 142, 62, 5, 4, 22, 21, 20, 37, 34, 35, 31, 30, 11, 98, 96, 100, 63, 60, 64, 83, 84, 24, 44, 82, 38, 57, 56, 49, 50, 87, 88, 103, 104, 53, 55, 45, 75, 77, 59, 90, 92, 65, 81, 117, 119, 95, 107, 8, 15, 0, 27, 29, 3, 41, 43, 19, 33]",True,18545113571,18.545113571,"[13, 14, 116, 118, 26, 28, 40, 42, 52, 54, 74, 76, 89, 91, 17, 122, 18, 32, 16, 112, 36, 99, 105, 144, 10, 145, 148, 115, 149, 102, 146, 147, 12, 58, 71, 109, 61, 67, 78, 85, 93, 143, 25, 7, 39, 51, 97, 106, 101, 120, 121, 114, 108, 110, 111, 9, 6, 1, 2, 48, 46, 47, 70, 69, 79, 80, 72, 73, 94, 66, 68, 86, 23, 126, 125, 124, 123, 141, 142, 62, 5, 4, 22, 21, 20, 37, 34, 35, 31, 30, 11, 98, 96, 100, 63, 60, 64, 83, 84, 24, 44, 82, 38, 57, 56, 49, 50, 87, 88, 103, 104, 53, 55, 45, 75, 77, 59, 90, 92, 65, 81, 117, 119, 95, 107, 8, 15, 0, 27, 29, 3, 41, 43, 19, 33]","[33, 19, 43, 41, 3, 29, 27, 0, 15, 8, 107, 95, 119, 117, 81, 65, 92, 90, 59, 77, 75, 45, 55, 53, 104, 103, 88, 87, 50, 49, 56, 57, 38, 82, 44, 24, 84, 83, 64, 60, 63, 100, 96, 98, 11, 30, 31, 35, 34, 37, 20, 21, 22, 4, 5, 62, 142, 141, 123, 124, 125, 126, 23, 86, 68, 66, 94, 73, 72, 80, 79, 69, 70, 47, 46, 48, 2, 1, 6, 9, 111, 110, 108, 114, 121, 120, 101, 106, 97, 51, 39, 7, 25, 143, 93, 85, 78, 67, 61, 109, 71, 58, 12, 147, 146, 102, 149, 115, 148, 145, 10, 144, 105, 99, 36, 112, 16, 32, 18, 122, 17, 91, 89, 76, 74, 54, 52, 42, 40, 28, 26, 118, 116, 14, 13]",complete,325,325,7944,190,1925,854,1071,1071,2,146,146,44,44,44,44
2,453,9,16,133,"[13, 14, 127, 128, 129, 130, 131, 132, 133, 134, 135, 136, 137, 138, 139, 140]","[0, 1, 2, 3, 4, 5, 6, 7, 8, 9, 10, 11, 12, 15, 16, 17, 18, 19, 20, 21, 22, 23, 24, 25, 26, 27, 28, 29, 30, 31, 32, 33, 34, 35, 36, 37, 38, 39, 40, 41, 42, 43, 44, 45, 46, 47, 48, 49, 50, 51, 52, 53, 54, 55, 56, 57, 58, 59, 60, 61, 62, 63, 64, 65, 66, 67, 68, 69, 70, 71, 72, 73, 74, 75, 76, 77, 78, 79, 80, 81, 82, 83, 84, 85, 86, 87, 88, 89, 90, 91, 92, 93, 94, 95, 96, 97, 98, 99, 100, 101, 102, 103, 104, 105, 106, 107, 108, 109, 110, 111, 112, 114, 115, 116, 117, 118, 119, 120, 121, 122, 123, 124, 125, 126, 141, 142, 143, 144, 145, 146, 147, 148, 149]",{},[],0,"[137, 138, 139, 140, 136, 135, 134, 133, 129, 130, 131, 132, 128, 127, 13, 14, 116, 118, 26, 28, 40, 42, 52, 54, 74, 76, 89, 91, 17, 122, 18, 32, 16, 112, 36, 99, 105, 144, 10, 145, 148, 115, 149, 102, 146, 147, 12, 58, 71, 109, 61, 67, 78, 85, 93, 143, 25, 7, 39, 51, 97, 106, 101, 120, 121, 114, 108, 110, 111, 9, 6, 1, 2, 48, 46, 47, 70, 69, 79, 80, 72, 73, 94, 66, 68, 86, 23, 126, 125, 124, 123, 141, 142, 62, 5, 4, 22, 21, 20, 37, 34, 35, 31, 30, 11, 98, 96, 100, 63, 60, 64, 83, 84, 24, 44, 82, 38, 57, 56, 49, 50, 87, 88, 103, 104, 53, 55, 45, 75, 77, 59, 90, 92, 65, 81, 117, 119, 95, 107, 8, 15, 0, 27, 29, 3, 41, 43, 19, 33]",True,18389598396,18.389598396,"[116, 118, 26, 28, 40, 42, 52, 54, 74, 76, 89, 91, 17, 122, 18, 32, 16, 112, 36, 99, 105, 144, 10, 145, 148, 115, 149, 102, 146, 147, 12, 58, 71, 109, 61, 67, 78, 85, 93, 143, 25, 7, 39, 51, 97, 106, 101, 120, 121, 114, 108, 110, 111, 9, 6, 1, 2, 48, 46, 47, 70, 69, 79, 80, 72, 73, 94, 66, 68, 86, 23, 126, 125, 124, 123, 141, 142, 62, 5, 4, 22, 21, 20, 37, 34, 35, 31, 30, 11, 98, 96, 100, 63, 60, 64, 83, 84, 24, 44, 82, 38, 57, 56, 49, 50, 87, 88, 103, 104, 53, 55, 45, 75, 77, 59, 90, 92, 65, 81, 117, 119, 95, 107, 8, 15, 0, 27, 29, 3, 41, 43, 19, 33]","[33, 19, 43, 41, 3, 29, 27, 0, 15, 8, 107, 95, 119, 117, 81, 65, 92, 90, 59, 77, 75, 45, 55, 53, 104, 103, 88, 87, 50, 49, 56, 57, 38, 82, 44, 24, 84, 83, 64, 60, 63, 100, 96, 98, 11, 30, 31, 35, 34, 37, 20, 21, 22, 4, 5, 62, 142, 141, 123, 124, 125, 126, 23, 86, 68, 66, 94, 73, 72, 80, 79, 69, 70, 47, 46, 48, 2, 1, 6, 9, 111, 110, 108, 114, 121, 120, 101, 106, 97, 51, 39, 7, 25, 143, 93, 85, 78, 67, 61, 109, 71, 58, 12, 147, 146, 102, 149, 115, 148, 145, 10, 144, 105, 99, 36, 112, 16, 32, 18, 122, 17, 91, 89, 76, 74, 54, 52, 42, 40, 28, 26, 118, 116]",complete,323,323,7695,190,1923,854,1069,1069,2,146,146,44,44,44,44
2,453,10,18,131,"[13, 14, 116, 118, 127, 128, 129, 130, 131, 132, 133, 134, 135, 136, 137, 138, 139, 140]","[0, 1, 2, 3, 4, 5, 6, 7, 8, 9, 10, 11, 12, 15, 16, 17, 18, 19, 20, 21, 22, 23, 24, 25, 26, 27, 28, 29, 30, 31, 32, 33, 34, 35, 36, 37, 38, 39, 40, 41, 42, 43, 44, 45, 46, 47, 48, 49, 50, 51, 52, 53, 54, 55, 56, 57, 58, 59, 60, 61, 62, 63, 64, 65, 66, 67, 68, 69, 70, 71, 72, 73, 74, 75, 76, 77, 78, 79, 80, 81, 82, 83, 84, 85, 86, 87, 88, 89, 90, 91, 92, 93, 94, 95, 96, 97, 98, 99, 100, 101, 102, 103, 104, 105, 106, 107, 108, 109, 110, 111, 112, 114, 115, 117, 119, 120, 121, 122, 123, 124, 125, 126, 141, 142, 143, 144, 145, 146, 147, 148, 149]",{},[],0,"[137, 138, 139, 140, 136, 135, 134, 133, 129, 130, 131, 132, 128, 127, 13, 14, 116, 118, 26, 28, 40, 42, 52, 54, 74, 76, 89, 91, 17, 122, 18, 32, 16, 112, 36, 99, 105, 144, 10, 145, 148, 115, 149, 102, 146, 147, 12, 58, 71, 109, 61, 67, 78, 85, 93, 143, 25, 7, 39, 51, 97, 106, 101, 120, 121, 114, 108, 110, 111, 9, 6, 1, 2, 48, 46, 47, 70, 69, 79, 80, 72, 73, 94, 66, 68, 86, 23, 126, 125, 124, 123, 141, 142, 62, 5, 4, 22, 21, 20, 37, 34, 35, 31, 30, 11, 98, 96, 100, 63, 60, 64, 83, 84, 24, 44, 82, 38, 57, 56, 49, 50, 87, 88, 103, 104, 53, 55, 45, 75, 77, 59, 90, 92, 65, 81, 117, 119, 95, 107, 8, 15, 0, 27, 29, 3, 41, 43, 19, 33]",True,18899119195,18.899119195,"[26, 28, 40, 42, 52, 54, 74, 76, 89, 91, 17, 122, 18, 32, 16, 112, 36, 99, 105, 144, 10, 145, 148, 115, 149, 102, 146, 147, 12, 58, 71, 109, 61, 67, 78, 85, 93, 143, 25, 7, 39, 51, 97, 106, 101, 120, 121, 114, 108, 110, 111, 9, 6, 1, 2, 48, 46, 47, 70, 69, 79, 80, 72, 73, 94, 66, 68, 86, 23, 126, 125, 124, 123, 141, 142, 62, 5, 4, 22, 21, 20, 37, 34, 35, 31, 30, 11, 98, 96, 100, 63, 60, 64, 83, 84, 24, 44, 82, 38, 57, 56, 49, 50, 87, 88, 103, 104, 53, 55, 45, 75, 77, 59, 90, 92, 65, 81, 117, 119, 95, 107, 8, 15, 0, 27, 29, 3, 41, 43, 19, 33]","[33, 19, 43, 41, 3, 29, 27, 0, 15, 8, 107, 95, 119, 117, 81, 65, 92, 90, 59, 77, 75, 45, 55, 53, 104, 103, 88, 87, 50, 49, 56, 57, 38, 82, 44, 24, 84, 83, 64, 60, 63, 100, 96, 98, 11, 30, 31, 35, 34, 37, 20, 21, 22, 4, 5, 62, 142, 141, 123, 124, 125, 126, 23, 86, 68, 66, 94, 73, 72, 80, 79, 69, 70, 47, 46, 48, 2, 1, 6, 9, 111, 110, 108, 114, 121, 120, 101, 106, 97, 51, 39, 7, 25, 143, 93, 85, 78, 67, 61, 109, 71, 58, 12, 147, 146, 102, 149, 115, 148, 145, 10, 144, 105, 99, 36, 112, 16, 32, 18, 122, 17, 91, 89, 76, 74, 54, 52, 42, 40, 28, 26]",complete,321,321,7450,190,1921,854,1067,1067,2,146,146,44,44,44,44
2,453,11,20,129,"[13, 14, 26, 28, 116, 118, 127, 128, 129, 130, 131, 132, 133, 134, 135, 136, 137, 138, 139, 140]","[0, 1, 2, 3, 4, 5, 6, 7, 8, 9, 10, 11, 12, 15, 16, 17, 18, 19, 20, 21, 22, 23, 24, 25, 27, 29, 30, 31, 32, 33, 34, 35, 36, 37, 38, 39, 40, 41, 42, 43, 44, 45, 46, 47, 48, 49, 50, 51, 52, 53, 54, 55, 56, 57, 58, 59, 60, 61, 62, 63, 64, 65, 66, 67, 68, 69, 70, 71, 72, 73, 74, 75, 76, 77, 78, 79, 80, 81, 82, 83, 84, 85, 86, 87, 88, 89, 90, 91, 92, 93, 94, 95, 96, 97, 98, 99, 100, 101, 102, 103, 104, 105, 106, 107, 108, 109, 110, 111, 112, 114, 115, 117, 119, 120, 121, 122, 123, 124, 125, 126, 141, 142, 143, 144, 145, 146, 147, 148, 149]",{},[],0,"[137, 138, 139, 140, 136, 135, 134, 133, 129, 130, 131, 132, 128, 127, 13, 14, 116, 118, 26, 28, 40, 42, 52, 54, 74, 76, 89, 91, 17, 122, 18, 32, 16, 112, 36, 99, 105, 144, 10, 145, 148, 115, 149, 102, 146, 147, 12, 58, 71, 109, 61, 67, 78, 85, 93, 143, 25, 7, 39, 51, 97, 106, 101, 120, 121, 114, 108, 110, 111, 9, 6, 1, 2, 48, 46, 47, 70, 69, 79, 80, 72, 73, 94, 66, 68, 86, 23, 126, 125, 124, 123, 141, 142, 62, 5, 4, 22, 21, 20, 37, 34, 35, 31, 30, 11, 98, 96, 100, 63, 60, 64, 83, 84, 24, 44, 82, 38, 57, 56, 49, 50, 87, 88, 103, 104, 53, 55, 45, 75, 77, 59, 90, 92, 65, 81, 117, 119, 95, 107, 8, 15, 0, 27, 29, 3, 41, 43, 19, 33]",True,19096028373,19.096028373,"[40, 42, 52, 54, 74, 76, 89, 91, 17, 122, 18, 32, 16, 112, 36, 99, 105, 144, 10, 145, 148, 115, 149, 102, 146, 147, 12, 58, 71, 109, 61, 67, 78, 85, 93, 143, 25, 7, 39, 51, 97, 106, 101, 120, 121, 114, 108, 110, 111, 9, 6, 1, 2, 48, 46, 47, 70, 69, 79, 80, 72, 73, 94, 66, 68, 86, 23, 126, 125, 124, 123, 141, 142, 62, 5, 4, 22, 21, 20, 37, 34, 35, 31, 30, 11, 98, 96, 100, 63, 60, 64, 83, 84, 24, 44, 82, 38, 57, 56, 49, 50, 87, 88, 103, 104, 53, 55, 45, 75, 77, 59, 90, 92, 65, 81, 117, 119, 95, 107, 8, 15, 0, 27, 29, 3, 41, 43, 19, 33]","[33, 19, 43, 41, 3, 29, 27, 0, 15, 8, 107, 95, 119, 117, 81, 65, 92, 90, 59, 77, 75, 45, 55, 53, 104, 103, 88, 87, 50, 49, 56, 57, 38, 82, 44, 24, 84, 83, 64, 60, 63, 100, 96, 98, 11, 30, 31, 35, 34, 37, 20, 21, 22, 4, 5, 62, 142, 141, 123, 124, 125, 126, 23, 86, 68, 66, 94, 73, 72, 80, 79, 69, 70, 47, 46, 48, 2, 1, 6, 9, 111, 110, 108, 114, 121, 120, 101, 106, 97, 51, 39, 7, 25, 143, 93, 85, 78, 67, 61, 109, 71, 58, 12, 147, 146, 102, 149, 115, 148, 145, 10, 144, 105, 99, 36, 112, 16, 32, 18, 122, 17, 91, 89, 76, 74, 54, 52, 42, 40]",complete,319,319,7209,190,1919,854,1065,1065,2,146,146,44,44,44,44
2,453,12,22,127,"[13, 14, 26, 28, 40, 42, 116, 118, 127, 128, 129, 130, 131, 132, 133, 134, 135, 136, 137, 138, 139, 140]","[0, 1, 2, 3, 4, 5, 6, 7, 8, 9, 10, 11, 12, 15, 16, 17, 18, 19, 20, 21, 22, 23, 24, 25, 27, 29, 30, 31, 32, 33, 34, 35, 36, 37, 38, 39, 41, 43, 44, 45, 46, 47, 48, 49, 50, 51, 52, 53, 54, 55, 56, 57, 58, 59, 60, 61, 62, 63, 64, 65, 66, 67, 68, 69, 70, 71, 72, 73, 74, 75, 76, 77, 78, 79, 80, 81, 82, 83, 84, 85, 86, 87, 88, 89, 90, 91, 92, 93, 94, 95, 96, 97, 98, 99, 100, 101, 102, 103, 104, 105, 106, 107, 108, 109, 110, 111, 112, 114, 115, 117, 119, 120, 121, 122, 123, 124, 125, 126, 141, 142, 143, 144, 145, 146, 147, 148, 149]",{},[],0,"[137, 138, 139, 140, 136, 135, 134, 133, 129, 130, 131, 132, 128, 127, 13, 14, 116, 118, 26, 28, 40, 42, 52, 54, 74, 76, 89, 91, 17, 122, 18, 32, 16, 112, 36, 99, 105, 144, 10, 145, 148, 115, 149, 102, 146, 147, 12, 58, 71, 109, 61, 67, 78, 85, 93, 143, 25, 7, 39, 51, 97, 106, 101, 120, 121, 114, 108, 110, 111, 9, 6, 1, 2, 48, 46, 47, 70, 69, 79, 80, 72, 73, 94, 66, 68, 86, 23, 126, 125, 124, 123, 141, 142, 62, 5, 4, 22, 21, 20, 37, 34, 35, 31, 30, 11, 98, 96, 100, 63, 60, 64, 83, 84, 24, 44, 82, 38, 57, 56, 49, 50, 87, 88, 103, 104, 53, 55, 45, 75, 77, 59, 90, 92, 65, 81, 117, 119, 95, 107, 8, 15, 0, 27, 29, 3, 41, 43, 19, 33]",True,18796500408,18.796500408,"[52, 54, 74, 76, 89, 91, 17, 122, 18, 32, 16, 112, 36, 99, 105, 144, 10, 145, 148, 115, 149, 102, 146, 147, 12, 58, 71, 109, 61, 67, 78, 85, 93, 143, 25, 7, 39, 51, 97, 106, 101, 120, 121, 114, 108, 110, 111, 9, 6, 1, 2, 48, 46, 47, 70, 69, 79, 80, 72, 73, 94, 66, 68, 86, 23, 126, 125, 124, 123, 141, 142, 62, 5, 4, 22, 21, 20, 37, 34, 35, 31, 30, 11, 98, 96, 100, 63, 60, 64, 83, 84, 24, 44, 82, 38, 57, 56, 49, 50, 87, 88, 103, 104, 53, 55, 45, 75, 77, 59, 90, 92, 65, 81, 117, 119, 95, 107, 8, 15, 0, 27, 29, 3, 41, 43, 19, 33]","[33, 19, 43, 41, 3, 29, 27, 0, 15, 8, 107, 95, 119, 117, 81, 65, 92, 90, 59, 77, 75, 45, 55, 53, 104, 103, 88, 87, 50, 49, 56, 57, 38, 82, 44, 24, 84, 83, 64, 60, 63, 100, 96, 98, 11, 30, 31, 35, 34, 37, 20, 21, 22, 4, 5, 62, 142, 141, 123, 124, 125, 126, 23, 86, 68, 66, 94, 73, 72, 80, 79, 69, 70, 47, 46, 48, 2, 1, 6, 9, 111, 110, 108, 114, 121, 120, 101, 106, 97, 51, 39, 7, 25, 143, 93, 85, 78, 67, 61, 109, 71, 58, 12, 147, 146, 102, 149, 115, 148, 145, 10, 144, 105, 99, 36, 112, 16, 32, 18, 122, 17, 91, 89, 76, 74, 54, 52]",complete,317,317,6972,190,1917,854,1063,1063,2,146,146,44,44,44,44
2,453,13,24,125,"[13, 14, 26, 28, 40, 42, 52, 54, 116, 118, 127, 128, 129, 130, 131, 132, 133, 134, 135, 136, 137, 138, 139, 140]","[0, 1, 2, 3, 4, 5, 6, 7, 8, 9, 10, 11, 12, 15, 16, 17, 18, 19, 20, 21, 22, 23, 24, 25, 27, 29, 30, 31, 32, 33, 34, 35, 36, 37, 38, 39, 41, 43, 44, 45, 46, 47, 48, 49, 50, 51, 53, 55, 56, 57, 58, 59, 60, 61, 62, 63, 64, 65, 66, 67, 68, 69, 70, 71, 72, 73, 74, 75, 76, 77, 78, 79, 80, 81, 82, 83, 84, 85, 86, 87, 88, 89, 90, 91, 92, 93, 94, 95, 96, 97, 98, 99, 100, 101, 102, 103, 104, 105, 106, 107, 108, 109, 110, 111, 112, 114, 115, 117, 119, 120, 121, 122, 123, 124, 125, 126, 141, 142, 143, 144, 145, 146, 147, 148, 149]",{},[],0,"[137, 138, 139, 140, 136, 135, 134, 133, 129, 130, 131, 132, 128, 127, 13, 14, 116, 118, 26, 28, 40, 42, 52, 54, 74, 76, 89, 91, 17, 122, 18, 32, 16, 112, 36, 99, 105, 144, 10, 145, 148, 115, 149, 102, 146, 147, 12, 58, 71, 109, 61, 67, 78, 85, 93, 143, 25, 7, 39, 51, 97, 106, 101, 120, 121, 114, 108, 110, 111, 9, 6, 1, 2, 48, 46, 47, 70, 69, 79, 80, 72, 73, 94, 66, 68, 86, 23, 126, 125, 124, 123, 141, 142, 62, 5, 4, 22, 21, 20, 37, 34, 35, 31, 30, 11, 98, 96, 100, 63, 60, 64, 83, 84, 24, 44, 82, 38, 57, 56, 49, 50, 87, 88, 103, 104, 53, 55, 45, 75, 77, 59, 90, 92, 65, 81, 117, 119, 95, 107, 8, 15, 0, 27, 29, 3, 41, 43, 19, 33]",True,18743843440,18.743843440,"[74, 76, 89, 91, 17, 122, 18, 32, 16, 112, 36, 99, 105, 144, 10, 145, 148, 115, 149, 102, 146, 147, 12, 58, 71, 109, 61, 67, 78, 85, 93, 143, 25, 7, 39, 51, 97, 106, 101, 120, 121, 114, 108, 110, 111, 9, 6, 1, 2, 48, 46, 47, 70, 69, 79, 80, 72, 73, 94, 66, 68, 86, 23, 126, 125, 124, 123, 141, 142, 62, 5, 4, 22, 21, 20, 37, 34, 35, 31, 30, 11, 98, 96, 100, 63, 60, 64, 83, 84, 24, 44, 82, 38, 57, 56, 49, 50, 87, 88, 103, 104, 53, 55, 45, 75, 77, 59, 90, 92, 65, 81, 117, 119, 95, 107, 8, 15, 0, 27, 29, 3, 41, 43, 19, 33]","[33, 19, 43, 41, 3, 29, 27, 0, 15, 8, 107, 95, 119, 117, 81, 65, 92, 90, 59, 77, 75, 45, 55, 53, 104, 103, 88, 87, 50, 49, 56, 57, 38, 82, 44, 24, 84, 83, 64, 60, 63, 100, 96, 98, 11, 30, 31, 35, 34, 37, 20, 21, 22, 4, 5, 62, 142, 141, 123, 124, 125, 126, 23, 86, 68, 66, 94, 73, 72, 80, 79, 69, 70, 47, 46, 48, 2, 1, 6, 9, 111, 110, 108, 114, 121, 120, 101, 106, 97, 51, 39, 7, 25, 143, 93, 85, 78, 67, 61, 109, 71, 58, 12, 147, 146, 102, 149, 115, 148, 145, 10, 144, 105, 99, 36, 112, 16, 32, 18, 122, 17, 91, 89, 76, 74]",complete,315,315,6739,190,1915,854,1061,1061,2,146,146,44,44,44,44
2,453,14,26,123,"[13, 14, 26, 28, 40, 42, 52, 54, 74, 76, 116, 118, 127, 128, 129, 130, 131, 132, 133, 134, 135, 136, 137, 138, 139, 140]","[0, 1, 2, 3, 4, 5, 6, 7, 8, 9, 10, 11, 12, 15, 16, 17, 18, 19, 20, 21, 22, 23, 24, 25, 27, 29, 30, 31, 32, 33, 34, 35, 36, 37, 38, 39, 41, 43, 44, 45, 46, 47, 48, 49, 50, 51, 53, 55, 56, 57, 58, 59, 60, 61, 62, 63, 64, 65, 66, 67, 68, 69, 70, 71, 72, 73, 75, 77, 78, 79, 80, 81, 82, 83, 84, 85, 86, 87, 88, 89, 90, 91, 92, 93, 94, 95, 96, 97, 98, 99, 100, 101, 102, 103, 104, 105, 106, 107, 108, 109, 110, 111, 112, 114, 115, 117, 119, 120, 121, 122, 123, 124, 125, 126, 141, 142, 143, 144, 145, 146, 147, 148, 149]",{},[],0,"[137, 138, 139, 140, 136, 135, 134, 133, 129, 130, 131, 132, 128, 127, 13, 14, 116, 118, 26, 28, 40, 42, 52, 54, 74, 76, 89, 91, 17, 122, 18, 32, 16, 112, 36, 99, 105, 144, 10, 145, 148, 115, 149, 102, 146, 147, 12, 58, 71, 109, 61, 67, 78, 85, 93, 143, 25, 7, 39, 51, 97, 106, 101, 120, 121, 114, 108, 110, 111, 9, 6, 1, 2, 48, 46, 47, 70, 69, 79, 80, 72, 73, 94, 66, 68, 86, 23, 126, 125, 124, 123, 141, 142, 62, 5, 4, 22, 21, 20, 37, 34, 35, 31, 30, 11, 98, 96, 100, 63, 60, 64, 83, 84, 24, 44, 82, 38, 57, 56, 49, 50, 87, 88, 103, 104, 53, 55, 45, 75, 77, 59, 90, 92, 65, 81, 117, 119, 95, 107, 8, 15, 0, 27, 29, 3, 41, 43, 19, 33]",True,18183002290,18.183002290,"[89, 91, 17, 122, 18, 32, 16, 112, 36, 99, 105, 144, 10, 145, 148, 115, 149, 102, 146, 147, 12, 58, 71, 109, 61, 67, 78, 85, 93, 143, 25, 7, 39, 51, 97, 106, 101, 120, 121, 114, 108, 110, 111, 9, 6, 1, 2, 48, 46, 47, 70, 69, 79, 80, 72, 73, 94, 66, 68, 86, 23, 126, 125, 124, 123, 141, 142, 62, 5, 4, 22, 21, 20, 37, 34, 35, 31, 30, 11, 98, 96, 100, 63, 60, 64, 83, 84, 24, 44, 82, 38, 57, 56, 49, 50, 87, 88, 103, 104, 53, 55, 45, 75, 77, 59, 90, 92, 65, 81, 117, 119, 95, 107, 8, 15, 0, 27, 29, 3, 41, 43, 19, 33]","[33, 19, 43, 41, 3, 29, 27, 0, 15, 8, 107, 95, 119, 117, 81, 65, 92, 90, 59, 77, 75, 45, 55, 53, 104, 103, 88, 87, 50, 49, 56, 57, 38, 82, 44, 24, 84, 83, 64, 60, 63, 100, 96, 98, 11, 30, 31, 35, 34, 37, 20, 21, 22, 4, 5, 62, 142, 141, 123, 124, 125, 126, 23, 86, 68, 66, 94, 73, 72, 80, 79, 69, 70, 47, 46, 48, 2, 1, 6, 9, 111, 110, 108, 114, 121, 120, 101, 106, 97, 51, 39, 7, 25, 143, 93, 85, 78, 67, 61, 109, 71, 58, 12, 147, 146, 102, 149, 115, 148, 145, 10, 144, 105, 99, 36, 112, 16, 32, 18, 122, 17, 91, 89]",complete,313,313,6510,190,1913,854,1059,1059,2,146,146,44,44,44,44
2,453,15,28,121,"[13, 14, 26, 28, 40, 42, 52, 54, 74, 76, 89, 91, 116, 118, 127, 128, 129, 130, 131, 132, 133, 134, 135, 136, 137, 138, 139, 140]","[0, 1, 2, 3, 4, 5, 6, 7, 8, 9, 10, 11, 12, 15, 16, 17, 18, 19, 20, 21, 22, 23, 24, 25, 27, 29, 30, 31, 32, 33, 34, 35, 36, 37, 38, 39, 41, 43, 44, 45, 46, 47, 48, 49, 50, 51, 53, 55, 56, 57, 58, 59, 60, 61, 62, 63, 64, 65, 66, 67, 68, 69, 70, 71, 72, 73, 75, 77, 78, 79, 80, 81, 82, 83, 84, 85, 86, 87, 88, 90, 92, 93, 94, 95, 96, 97, 98, 99, 100, 101, 102, 103, 104, 105, 106, 107, 108, 109, 110, 111, 112, 114, 115, 117, 119, 120, 121, 122, 123, 124, 125, 126, 141, 142, 143, 144, 145, 146, 147, 148, 149]",{},[],0,"[137, 138, 139, 140, 136, 135, 134, 133, 129, 130, 131, 132, 128, 127, 13, 14, 116, 118, 26, 28, 40, 42, 52, 54, 74, 76, 89, 91, 17, 122, 18, 32, 16, 112, 36, 99, 105, 144, 10, 145, 148, 115, 149, 102, 146, 147, 12, 58, 71, 109, 61, 67, 78, 85, 93, 143, 25, 7, 39, 51, 97, 106, 101, 120, 121, 114, 108, 110, 111, 9, 6, 1, 2, 48, 46, 47, 70, 69, 79, 80, 72, 73, 94, 66, 68, 86, 23, 126, 125, 124, 123, 141, 142, 62, 5, 4, 22, 21, 20, 37, 34, 35, 31, 30, 11, 98, 96, 100, 63, 60, 64, 83, 84, 24, 44, 82, 38, 57, 56, 49, 50, 87, 88, 103, 104, 53, 55, 45, 75, 77, 59, 90, 92, 65, 81, 117, 119, 95, 107, 8, 15, 0, 27, 29, 3, 41, 43, 19, 33]",True,18384772441,18.384772441,"[17, 122, 18, 32, 16, 112, 36, 99, 105, 144, 10, 145, 148, 115, 149, 102, 146, 147, 12, 58, 71, 109, 61, 67, 78, 85, 93, 143, 25, 7, 39, 51, 97, 106, 101, 120, 121, 114, 108, 110, 111, 9, 6, 1, 2, 48, 46, 47, 70, 69, 79, 80, 72, 73, 94, 66, 68, 86, 23, 126, 125, 124, 123, 141, 142, 62, 5, 4, 22, 21, 20, 37, 34, 35, 31, 30, 11, 98, 96, 100, 63, 60, 64, 83, 84, 24, 44, 82, 38, 57, 56, 49, 50, 87, 88, 103, 104, 53, 55, 45, 75, 77, 59, 90, 92, 65, 81, 117, 119, 95, 107, 8, 15, 0, 27, 29, 3, 41, 43, 19, 33]","[33, 19, 43, 41, 3, 29, 27, 0, 15, 8, 107, 95, 119, 117, 81, 65, 92, 90, 59, 77, 75, 45, 55, 53, 104, 103, 88, 87, 50, 49, 56, 57, 38, 82, 44, 24, 84, 83, 64, 60, 63, 100, 96, 98, 11, 30, 31, 35, 34, 37, 20, 21, 22, 4, 5, 62, 142, 141, 123, 124, 125, 126, 23, 86, 68, 66, 94, 73, 72, 80, 79, 69, 70, 47, 46, 48, 2, 1, 6, 9, 111, 110, 108, 114, 121, 120, 101, 106, 97, 51, 39, 7, 25, 143, 93, 85, 78, 67, 61, 109, 71, 58, 12, 147, 146, 102, 149, 115, 148, 145, 10, 144, 105, 99, 36, 112, 16, 32, 18, 122, 17]",complete,311,311,6285,190,1911,854,1057,1057,2,146,146,44,44,44,44
2,453,16,30,119,"[13, 14, 17, 26, 28, 40, 42, 52, 54, 74, 76, 89, 91, 116, 118, 122, 127, 128, 129, 130, 131, 132, 133, 134, 135, 136, 137, 138, 139, 140]","[0, 1, 2, 3, 4, 5, 6, 7, 8, 9, 10, 11, 12, 15, 16, 18, 19, 20, 21, 22, 23, 24, 25, 27, 29, 30, 31, 32, 33, 34, 35, 36, 37, 38, 39, 41, 43, 44, 45, 46, 47, 48, 49, 50, 51, 53, 55, 56, 57, 58, 59, 60, 61, 62, 63, 64, 65, 66, 67, 68, 69, 70, 71, 72, 73, 75, 77, 78, 79, 80, 81, 82, 83, 84, 85, 86, 87, 88, 90, 92, 93, 94, 95, 96, 97, 98, 99, 100, 101, 102, 103, 104, 105, 106, 107, 108, 109, 110, 111, 112, 114, 115, 117, 119, 120, 121, 123, 124, 125, 126, 141, 142, 143, 144, 145, 146, 147, 148, 149]",{},[],0,"[137, 138, 139, 140, 136, 135, 134, 133, 129, 130, 131, 132, 128, 127, 13, 14, 116, 118, 26, 28, 40, 42, 52, 54, 74, 76, 89, 91, 17, 122, 18, 32, 16, 112, 36, 99, 105, 144, 10, 145, 148, 115, 149, 102, 146, 147, 12, 58, 71, 109, 61, 67, 78, 85, 93, 143, 25, 7, 39, 51, 97, 106, 101, 120, 121, 114, 108, 110, 111, 9, 6, 1, 2, 48, 46, 47, 70, 69, 79, 80, 72, 73, 94, 66, 68, 86, 23, 126, 125, 124, 123, 141, 142, 62, 5, 4, 22, 21, 20, 37, 34, 35, 31, 30, 11, 98, 96, 100, 63, 60, 64, 83, 84, 24, 44, 82, 38, 57, 56, 49, 50, 87, 88, 103, 104, 53, 55, 45, 75, 77, 59, 90, 92, 65, 81, 117, 119, 95, 107, 8, 15, 0, 27, 29, 3, 41, 43, 19, 33]",True,18293737472,18.293737472,"[18, 32, 16, 112, 36, 99, 105, 144, 10, 145, 148, 115, 149, 102, 146, 147, 12, 58, 71, 109, 61, 67, 78, 85, 93, 143, 25, 7, 39, 51, 97, 106, 101, 120, 121, 114, 108, 110, 111, 9, 6, 1, 2, 48, 46, 47, 70, 69, 79, 80, 72, 73, 94, 66, 68, 86, 23, 126, 125, 124, 123, 141, 142, 62, 5, 4, 22, 21, 20, 37, 34, 35, 31, 30, 11, 98, 96, 100, 63, 60, 64, 83, 84, 24, 44, 82, 38, 57, 56, 49, 50, 87, 88, 103, 104, 53, 55, 45, 75, 77, 59, 90, 92, 65, 81, 117, 119, 95, 107, 8, 15, 0, 27, 29, 3, 41, 43, 19, 33]","[33, 19, 43, 41, 3, 29, 27, 0, 15, 8, 107, 95, 119, 117, 81, 65, 92, 90, 59, 77, 75, 45, 55, 53, 104, 103, 88, 87, 50, 49, 56, 57, 38, 82, 44, 24, 84, 83, 64, 60, 63, 100, 96, 98, 11, 30, 31, 35, 34, 37, 20, 21, 22, 4, 5, 62, 142, 141, 123, 124, 125, 126, 23, 86, 68, 66, 94, 73, 72, 80, 79, 69, 70, 47, 46, 48, 2, 1, 6, 9, 111, 110, 108, 114, 121, 120, 101, 106, 97, 51, 39, 7, 25, 143, 93, 85, 78, 67, 61, 109, 71, 58, 12, 147, 146, 102, 149, 115, 148, 145, 10, 144, 105, 99, 36, 112, 16, 32, 18]",complete,309,309,6064,190,1909,854,1055,1055,2,146,146,44,44,44,44
2,453,17,32,117,"[13, 14, 17, 18, 26, 28, 32, 40, 42, 52, 54, 74, 76, 89, 91, 116, 118, 122, 127, 128, 129, 130, 131, 132, 133, 134, 135, 136, 137, 138, 139, 140]","[0, 1, 2, 3, 4, 5, 6, 7, 8, 9, 10, 11, 12, 15, 16, 19, 20, 21, 22, 23, 24, 25, 27, 29, 30, 31, 33, 34, 35, 36, 37, 38, 39, 41, 43, 44, 45, 46, 47, 48, 49, 50, 51, 53, 55, 56, 57, 58, 59, 60, 61, 62, 63, 64, 65, 66, 67, 68, 69, 70, 71, 72, 73, 75, 77, 78, 79, 80, 81, 82, 83, 84, 85, 86, 87, 88, 90, 92, 93, 94, 95, 96, 97, 98, 99, 100, 101, 102, 103, 104, 105, 106, 107, 108, 109, 110, 111, 112, 114, 115, 117, 119, 120, 121, 123, 124, 125, 126, 141, 142, 143, 144, 145, 146, 147, 148, 149]",{},[],0,"[137, 138, 139, 140, 136, 135, 134, 133, 129, 130, 131, 132, 128, 127, 13, 14, 116, 118, 26, 28, 40, 42, 52, 54, 74, 76, 89, 91, 17, 122, 18, 32, 16, 112, 36, 99, 105, 144, 10, 145, 148, 115, 149, 102, 146, 147, 12, 58, 71, 109, 61, 67, 78, 85, 93, 143, 25, 7, 39, 51, 97, 106, 101, 120, 121, 114, 108, 110, 111, 9, 6, 1, 2, 48, 46, 47, 70, 69, 79, 80, 72, 73, 94, 66, 68, 86, 23, 126, 125, 124, 123, 141, 142, 62, 5, 4, 22, 21, 20, 37, 34, 35, 31, 30, 11, 98, 96, 100, 63, 60, 64, 83, 84, 24, 44, 82, 38, 57, 56, 49, 50, 87, 88, 103, 104, 53, 55, 45, 75, 77, 59, 90, 92, 65, 81, 117, 119, 95, 107, 8, 15, 0, 27, 29, 3, 41, 43, 19, 33]",True,17942959490,17.942959490,"[16, 112, 36, 99, 105, 144, 10, 145, 148, 115, 149, 102, 146, 147, 12, 58, 71, 109, 61, 67, 78, 85, 93, 143, 25, 7, 39, 51, 97, 106, 101, 120, 121, 114, 108, 110, 111, 9, 6, 1, 2, 48, 46, 47, 70, 69, 79, 80, 72, 73, 94, 66, 68, 86, 23, 126, 125, 124, 123, 141, 142, 62, 5, 4, 22, 21, 20, 37, 34, 35, 31, 30, 11, 98, 96, 100, 63, 60, 64, 83, 84, 24, 44, 82, 38, 57, 56, 49, 50, 87, 88, 103, 104, 53, 55, 45, 75, 77, 59, 90, 92, 65, 81, 117, 119, 95, 107, 8, 15, 0, 27, 29, 3, 41, 43, 19, 33]","[33, 19, 43, 41, 3, 29, 27, 0, 15, 8, 107, 95, 119, 117, 81, 65, 92, 90, 59, 77, 75, 45, 55, 53, 104, 103, 88, 87, 50, 49, 56, 57, 38, 82, 44, 24, 84, 83, 64, 60, 63, 100, 96, 98, 11, 30, 31, 35, 34, 37, 20, 21, 22, 4, 5, 62, 142, 141, 123, 124, 125, 126, 23, 86, 68, 66, 94, 73, 72, 80, 79, 69, 70, 47, 46, 48, 2, 1, 6, 9, 111, 110, 108, 114, 121, 120, 101, 106, 97, 51, 39, 7, 25, 143, 93, 85, 78, 67, 61, 109, 71, 58, 12, 147, 146, 102, 149, 115, 148, 145, 10, 144, 105, 99, 36, 112, 16]",complete,307,307,5847,190,1907,854,1053,1053,2,146,146,44,44,44,44
2,453,18,34,115,"[13, 14, 16, 17, 18, 26, 28, 32, 40, 42, 52, 54, 74, 76, 89, 91, 112, 116, 118, 122, 127, 128, 129, 130, 131, 132, 133, 134, 135, 136, 137, 138, 139, 140]","[0, 1, 2, 3, 4, 5, 6, 7, 8, 9, 10, 11, 12, 15, 19, 20, 21, 22, 23, 24, 25, 27, 29, 30, 31, 33, 34, 35, 36, 37, 38, 39, 41, 43, 44, 45, 46, 47, 48, 49, 50, 51, 53, 55, 56, 57, 58, 59, 60, 61, 62, 63, 64, 65, 66, 67, 68, 69, 70, 71, 72, 73, 75, 77, 78, 79, 80, 81, 82, 83, 84, 85, 86, 87, 88, 90, 92, 93, 94, 95, 96, 97, 98, 99, 100, 101, 102, 103, 104, 105, 106, 107, 108, 109, 110, 111, 114, 115, 117, 119, 120, 121, 123, 124, 125, 126, 141, 142, 143, 144, 145, 146, 147, 148, 149]","{""support_1"": 108}",[108],1,"[137, 138, 139, 140, 136, 135, 134, 133, 129, 130, 131, 132, 128, 127, 13, 14, 116, 118, 26, 28, 40, 42, 52, 54, 74, 76, 89, 91, 17, 122, 18, 32, 16, 112, 36, 99, 105, 144, 10, 145, 148, 115, 149, 102, 146, 147, 12, 58, 71, 109, 61, 67, 78, 85, 93, 143, 25, 7, 39, 51, 97, 106, 101, 120, 121, 114, 108, 110, 111, 9, 6, 1, 2, 48, 46, 47, 70, 69, 79, 80, 72, 73, 94, 66, 68, 86, 23, 126, 125, 124, 123, 141, 142, 62, 5, 4, 22, 21, 20, 37, 34, 35, 31, 30, 11, 98, 96, 100, 63, 60, 64, 83, 84, 24, 44, 82, 38, 57, 56, 49, 50, 87, 88, 103, 104, 53, 55, 45, 75, 77, 59, 90, 92, 65, 81, 117, 119, 95, 107, 8, 15, 0, 27, 29, 3, 41, 43, 19, 33]",True,17998487460,17.998487460,"[36, 99, 105, 144, 10, 145, 148, 115, 149, 102, 146, 147, 12, 58, 71, 109, 61, 67, 78, 85, 93, 143, 25, 7, 39, 51, 97, 106, 101, 120, 121, 114, 108, 110, 111, 9, 6, 1, 2, 48, 46, 47, 70, 69, 79, 80, 72, 73, 94, 66, 68, 86, 23, 126, 125, 124, 123, 141, 142, 62, 5, 4, 22, 21, 20, 37, 34, 35, 31, 30, 11, 98, 96, 100, 63, 60, 64, 83, 84, 24, 44, 82, 38, 57, 56, 49, 50, 87, 88, 103, 104, 53, 55, 45, 75, 77, 59, 90, 92, 65, 81, 117, 119, 95, 107, 8, 15, 0, 27, 29, 3, 41, 43, 19, 33]","[33, 19, 43, 41, 3, 29, 27, 0, 15, 8, 107, 95, 119, 117, 81, 65, 92, 90, 59, 77, 75, 45, 55, 53, 104, 103, 88, 87, 50, 49, 56, 57, 38, 82, 44, 24, 84, 83, 64, 60, 63, 100, 96, 98, 11, 30, 31, 35, 34, 37, 20, 21, 22, 4, 5, 62, 142, 141, 123, 124, 125, 126, 23, 86, 68, 66, 94, 73, 72, 80, 79, 69, 70, 47, 46, 48, 2, 1, 6, 9, 111, 110, 108, 114, 121, 120, 101, 106, 97, 51, 39, 7, 25, 143, 93, 85, 78, 67, 61, 109, 71, 58, 12, 147, 146, 102, 149, 115, 148, 145, 10, 144, 105, 99, 36]",complete,305,305,5634,190,1905,854,1051,1051,2,145,145,44,44,43,44
2,453,19,36,113,"[13, 14, 16, 17, 18, 26, 28, 32, 36, 40, 42, 52, 54, 74, 76, 89, 91, 99, 112, 116, 118, 122, 127, 128, 129, 130, 131, 132, 133, 134, 135, 136, 137, 138, 139, 140]","[0, 1, 2, 3, 4, 5, 6, 7, 8, 9, 10, 11, 12, 15, 19, 20, 21, 22, 23, 24, 25, 27, 29, 30, 31, 33, 34, 35, 37, 38, 39, 41, 43, 44, 45, 46, 47, 48, 49, 50, 51, 53, 55, 56, 57, 58, 59, 60, 61, 62, 63, 64, 65, 66, 67, 68, 69, 70, 71, 72, 73, 75, 77, 78, 79, 80, 81, 82, 83, 84, 85, 86, 87, 88, 90, 92, 93, 94, 95, 96, 97, 98, 100, 101, 102, 103, 104, 105, 106, 107, 108, 109, 110, 111, 114, 115, 117, 119, 120, 121, 123, 124, 125, 126, 141, 142, 143, 144, 145, 146, 147, 148, 149]","{""support_1"": 108}",[108],1,"[137, 138, 139, 140, 136, 135, 134, 133, 129, 130, 131, 132, 128, 127, 13, 14, 116, 118, 26, 28, 40, 42, 52, 54, 74, 76, 89, 91, 17, 122, 18, 32, 16, 112, 36, 99, 105, 144, 10, 145, 148, 115, 149, 102, 146, 147, 12, 58, 71, 109, 61, 67, 78, 85, 93, 143, 25, 7, 39, 51, 97, 106, 101, 120, 121, 114, 108, 110, 111, 9, 6, 1, 2, 48, 46, 47, 70, 69, 79, 80, 72, 73, 94, 66, 68, 86, 23, 126, 125, 124, 123, 141, 142, 62, 5, 4, 22, 21, 20, 37, 34, 35, 31, 30, 11, 98, 96, 100, 63, 60, 64, 83, 84, 24, 44, 82, 38, 57, 56, 49, 50, 87, 88, 103, 104, 53, 55, 45, 75, 77, 59, 90, 92, 65, 81, 117, 119, 95, 107, 8, 15, 0, 27, 29, 3, 41, 43, 19, 33]",True,16813816244,16.813816244,"[105, 144, 10, 145, 148, 115, 149, 102, 146, 147, 12, 58, 71, 109, 61, 67, 78, 85, 93, 143, 25, 7, 39, 51, 97, 106, 101, 120, 121, 114, 108, 110, 111, 9, 6, 1, 2, 48, 46, 47, 70, 69, 79, 80, 72, 73, 94, 66, 68, 86, 23, 126, 125, 124, 123, 141, 142, 62, 5, 4, 22, 21, 20, 37, 34, 35, 31, 30, 11, 98, 96, 100, 63, 60, 64, 83, 84, 24, 44, 82, 38, 57, 56, 49, 50, 87, 88, 103, 104, 53, 55, 45, 75, 77, 59, 90, 92, 65, 81, 117, 119, 95, 107, 8, 15, 0, 27, 29, 3, 41, 43, 19, 33]","[33, 19, 43, 41, 3, 29, 27, 0, 15, 8, 107, 95, 119, 117, 81, 65, 92, 90, 59, 77, 75, 45, 55, 53, 104, 103, 88, 87, 50, 49, 56, 57, 38, 82, 44, 24, 84, 83, 64, 60, 63, 100, 96, 98, 11, 30, 31, 35, 34, 37, 20, 21, 22, 4, 5, 62, 142, 141, 123, 124, 125, 126, 23, 86, 68, 66, 94, 73, 72, 80, 79, 69, 70, 47, 46, 48, 2, 1, 6, 9, 111, 110, 108, 114, 121, 120, 101, 106, 97, 51, 39, 7, 25, 143, 93, 85, 78, 67, 61, 109, 71, 58, 12, 147, 146, 102, 149, 115, 148, 145, 10, 144, 105]",complete,301,301,5425,188,1851,828,1023,1023,2,143,143,44,44,43,44
2,453,20,38,111,"[13, 14, 16, 17, 18, 26, 28, 32, 36, 40, 42, 52, 54, 74, 76, 89, 91, 99, 105, 112, 116, 118, 122, 127, 128, 129, 130, 131, 132, 133, 134, 135, 136, 137, 138, 139, 140, 144]","[0, 1, 2, 3, 4, 5, 6, 7, 8, 9, 10, 11, 12, 15, 19, 20, 21, 22, 23, 24, 25, 27, 29, 30, 31, 33, 34, 35, 37, 38, 39, 41, 43, 44, 45, 46, 47, 48, 49, 50, 51, 53, 55, 56, 57, 58, 59, 60, 61, 62, 63, 64, 65, 66, 67, 68, 69, 70, 71, 72, 73, 75, 77, 78, 79, 80, 81, 82, 83, 84, 85, 86, 87, 88, 90, 92, 93, 94, 95, 96, 97, 98, 100, 101, 102, 103, 104, 106, 107, 108, 109, 110, 111, 114, 115, 117, 119, 120, 121, 123, 124, 125, 126, 141, 142, 143, 145, 146, 147, 148, 149]","{""support_1"": 108}",[108],1,"[137, 138, 139, 140, 136, 135, 134, 133, 129, 130, 131, 132, 128, 127, 13, 14, 116, 118, 26, 28, 40, 42, 52, 54, 74, 76, 89, 91, 17, 122, 18, 32, 16, 112, 36, 99, 105, 144, 10, 145, 148, 115, 149, 102, 146, 147, 12, 58, 71, 109, 61, 67, 78, 85, 93, 143, 25, 7, 39, 51, 97, 106, 101, 120, 121, 114, 108, 110, 111, 9, 6, 1, 2, 48, 46, 47, 70, 69, 79, 80, 72, 73, 94, 66, 68, 86, 23, 126, 125, 124, 123, 141, 142, 62, 5, 4, 22, 21, 20, 37, 34, 35, 31, 30, 11, 98, 96, 100, 63, 60, 64, 83, 84, 24, 44, 82, 38, 57, 56, 49, 50, 87, 88, 103, 104, 53, 55, 45, 75, 77, 59, 90, 92, 65, 81, 117, 119, 95, 107, 8, 15, 0, 27, 29, 3, 41, 43, 19, 33]",True,16187880315,16.187880315,"[10, 145, 148, 115, 149, 102, 146, 147, 12, 58, 71, 109, 61, 67, 78, 85, 93, 143, 25, 7, 39, 51, 97, 106, 101, 120, 121, 114, 108, 110, 111, 9, 6, 1, 2, 48, 46, 47, 70, 69, 79, 80, 72, 73, 94, 66, 68, 86, 23, 126, 125, 124, 123, 141, 142, 62, 5, 4, 22, 21, 20, 37, 34, 35, 31, 30, 11, 98, 96, 100, 63, 60, 64, 83, 84, 24, 44, 82, 38, 57, 56, 49, 50, 87, 88, 103, 104, 53, 55, 45, 75, 77, 59, 90, 92, 65, 81, 117, 119, 95, 107, 8, 15, 0, 27, 29, 3, 41, 43, 19, 33]","[33, 19, 43, 41, 3, 29, 27, 0, 15, 8, 107, 95, 119, 117, 81, 65, 92, 90, 59, 77, 75, 45, 55, 53, 104, 103, 88, 87, 50, 49, 56, 57, 38, 82, 44, 24, 84, 83, 64, 60, 63, 100, 96, 98, 11, 30, 31, 35, 34, 37, 20, 21, 22, 4, 5, 62, 142, 141, 123, 124, 125, 126, 23, 86, 68, 66, 94, 73, 72, 80, 79, 69, 70, 47, 46, 48, 2, 1, 6, 9, 111, 110, 108, 114, 121, 120, 101, 106, 97, 51, 39, 7, 25, 143, 93, 85, 78, 67, 61, 109, 71, 58, 12, 147, 146, 102, 149, 115, 148, 145, 10]",complete,297,297,5220,186,1797,802,995,995,2,141,141,44,44,43,44
2,453,21,40,109,"[10, 13, 14, 16, 17, 18, 26, 28, 32, 36, 40, 42, 52, 54, 74, 76, 89, 91, 99, 105, 112, 116, 118, 122, 127, 128, 129, 130, 131, 132, 133, 134, 135, 136, 137, 138, 139, 140, 144, 145]","[0, 1, 2, 3, 4, 5, 6, 7, 8, 9, 11, 12, 15, 19, 20, 21, 22, 23, 24, 25, 27, 29, 30, 31, 33, 34, 35, 37, 38, 39, 41, 43, 44, 45, 46, 47, 48, 49, 50, 51, 53, 55, 56, 57, 58, 59, 60, 61, 62, 63, 64, 65, 66, 67, 68, 69, 70, 71, 72, 73, 75, 77, 78, 79, 80, 81, 82, 83, 84, 85, 86, 87, 88, 90, 92, 93, 94, 95, 96, 97, 98, 100, 101, 102, 103, 104, 106, 107, 108, 109, 110, 111, 114, 115, 117, 119, 120, 121, 123, 124, 125, 126, 141, 142, 143, 146, 147, 148, 149]","{""support_1"": 108}",[108],1,"[137, 138, 139, 140, 136, 135, 134, 133, 129, 130, 131, 132, 128, 127, 13, 14, 116, 118, 26, 28, 40, 42, 52, 54, 74, 76, 89, 91, 17, 122, 18, 32, 16, 112, 36, 99, 105, 144, 10, 145, 148, 115, 149, 102, 146, 147, 12, 58, 71, 109, 61, 67, 78, 85, 93, 143, 25, 7, 39, 51, 97, 106, 101, 120, 121, 114, 108, 110, 111, 9, 6, 1, 2, 48, 46, 47, 70, 69, 79, 80, 72, 73, 94, 66, 68, 86, 23, 126, 125, 124, 123, 141, 142, 62, 5, 4, 22, 21, 20, 37, 34, 35, 31, 30, 11, 98, 96, 100, 63, 60, 64, 83, 84, 24, 44, 82, 38, 57, 56, 49, 50, 87, 88, 103, 104, 53, 55, 45, 75, 77, 59, 90, 92, 65, 81, 117, 119, 95, 107, 8, 15, 0, 27, 29, 3, 41, 43, 19, 33]",True,14907549987,14.907549987,"[148, 115, 149, 102, 146, 147, 12, 58, 71, 109, 61, 67, 78, 85, 93, 143, 25, 7, 39, 51, 97, 106, 101, 120, 121, 114, 108, 110, 111, 9, 6, 1, 2, 48, 46, 47, 70, 69, 79, 80, 72, 73, 94, 66, 68, 86, 23, 126, 125, 124, 123, 141, 142, 62, 5, 4, 22, 21, 20, 37, 34, 35, 31, 30, 11, 98, 96, 100, 63, 60, 64, 83, 84, 24, 44, 82, 38, 57, 56, 49, 50, 87, 88, 103, 104, 53, 55, 45, 75, 77, 59, 90, 92, 65, 81, 117, 119, 95, 107, 8, 15, 0, 27, 29, 3, 41, 43, 19, 33]","[33, 19, 43, 41, 3, 29, 27, 0, 15, 8, 107, 95, 119, 117, 81, 65, 92, 90, 59, 77, 75, 45, 55, 53, 104, 103, 88, 87, 50, 49, 56, 57, 38, 82, 44, 24, 84, 83, 64, 60, 63, 100, 96, 98, 11, 30, 31, 35, 34, 37, 20, 21, 22, 4, 5, 62, 142, 141, 123, 124, 125, 126, 23, 86, 68, 66, 94, 73, 72, 80, 79, 69, 70, 47, 46, 48, 2, 1, 6, 9, 111, 110, 108, 114, 121, 120, 101, 106, 97, 51, 39, 7, 25, 143, 93, 85, 78, 67, 61, 109, 71, 58, 12, 147, 146, 102, 149, 115, 148]",complete,293,293,5019,184,1749,779,970,970,2,139,139,44,44,43,44
2,453,22,42,107,"[10, 13, 14, 16, 17, 18, 26, 28, 32, 36, 40, 42, 52, 54, 74, 76, 89, 91, 99, 105, 112, 115, 116, 118, 122, 127, 128, 129, 130, 131, 132, 133, 134, 135, 136, 137, 138, 139, 140, 144, 145, 148]","[0, 1, 2, 3, 4, 5, 6, 7, 8, 9, 11, 12, 15, 19, 20, 21, 22, 23, 24, 25, 27, 29, 30, 31, 33, 34, 35, 37, 38, 39, 41, 43, 44, 45, 46, 47, 48, 49, 50, 51, 53, 55, 56, 57, 58, 59, 60, 61, 62, 63, 64, 65, 66, 67, 68, 69, 70, 71, 72, 73, 75, 77, 78, 79, 80, 81, 82, 83, 84, 85, 86, 87, 88, 90, 92, 93, 94, 95, 96, 97, 98, 100, 101, 102, 103, 104, 106, 107, 108, 109, 110, 111, 114, 117, 119, 120, 121, 123, 124, 125, 126, 141, 142, 143, 146, 147, 149]","{""support_1"": 108}",[108],1,"[137, 138, 139, 140, 136, 135, 134, 133, 129, 130, 131, 132, 128, 127, 13, 14, 116, 118, 26, 28, 40, 42, 52, 54, 74, 76, 89, 91, 17, 122, 18, 32, 16, 112, 36, 99, 105, 144, 10, 145, 148, 115, 149, 102, 146, 147, 12, 58, 71, 109, 61, 67, 78, 85, 93, 143, 25, 7, 39, 51, 97, 106, 101, 120, 121, 114, 108, 110, 111, 9, 6, 1, 2, 48, 46, 47, 70, 69, 79, 80, 72, 73, 94, 66, 68, 86, 23, 126, 125, 124, 123, 141, 142, 62, 5, 4, 22, 21, 20, 37, 34, 35, 31, 30, 11, 98, 96, 100, 63, 60, 64, 83, 84, 24, 44, 82, 38, 57, 56, 49, 50, 87, 88, 103, 104, 53, 55, 45, 75, 77, 59, 90, 92, 65, 81, 117, 119, 95, 107, 8, 15, 0, 27, 29, 3, 41, 43, 19, 33]",True,14461902472,14.461902472,"[149, 102, 146, 147, 12, 58, 71, 109, 61, 67, 78, 85, 93, 143, 25, 7, 39, 51, 97, 106, 101, 120, 121, 114, 108, 110, 111, 9, 6, 1, 2, 48, 46, 47, 70, 69, 79, 80, 72, 73, 94, 66, 68, 86, 23, 126, 125, 124, 123, 141, 142, 62, 5, 4, 22, 21, 20, 37, 34, 35, 31, 30, 11, 98, 96, 100, 63, 60, 64, 83, 84, 24, 44, 82, 38, 57, 56, 49, 50, 87, 88, 103, 104, 53, 55, 45, 75, 77, 59, 90, 92, 65, 81, 117, 119, 95, 107, 8, 15, 0, 27, 29, 3, 41, 43, 19, 33]","[33, 19, 43, 41, 3, 29, 27, 0, 15, 8, 107, 95, 119, 117, 81, 65, 92, 90, 59, 77, 75, 45, 55, 53, 104, 103, 88, 87, 50, 49, 56, 57, 38, 82, 44, 24, 84, 83, 64, 60, 63, 100, 96, 98, 11, 30, 31, 35, 34, 37, 20, 21, 22, 4, 5, 62, 142, 141, 123, 124, 125, 126, 23, 86, 68, 66, 94, 73, 72, 80, 79, 69, 70, 47, 46, 48, 2, 1, 6, 9, 111, 110, 108, 114, 121, 120, 101, 106, 97, 51, 39, 7, 25, 143, 93, 85, 78, 67, 61, 109, 71, 58, 12, 147, 146, 102, 149]",complete,289,289,4822,182,1707,759,948,948,2,137,137,44,44,43,44
2,453,23,44,105,"[10, 13, 14, 16, 17, 18, 26, 28, 32, 36, 40, 42, 52, 54, 74, 76, 89, 91, 99, 102, 105, 112, 115, 116, 118, 122, 127, 128, 129, 130, 131, 132, 133, 134, 135, 136, 137, 138, 139, 140, 144, 145, 148, 149]","[0, 1, 2, 3, 4, 5, 6, 7, 8, 9, 11, 12, 15, 19, 20, 21, 22, 23, 24, 25, 27, 29, 30, 31, 33, 34, 35, 37, 38, 39, 41, 43, 44, 45, 46, 47, 48, 49, 50, 51, 53, 55, 56, 57, 58, 59, 60, 61, 62, 63, 64, 65, 66, 67, 68, 69, 70, 71, 72, 73, 75, 77, 78, 79, 80, 81, 82, 83, 84, 85, 86, 87, 88, 90, 92, 93, 94, 95, 96, 97, 98, 100, 101, 103, 104, 106, 107, 108, 109, 110, 111, 114, 117, 119, 120, 121, 123, 124, 125, 126, 141, 142, 143, 146, 147]","{""support_1"": 108, ""support_2"": 101}","[101, 108]",2,"[137, 138, 139, 140, 136, 135, 134, 133, 129, 130, 131, 132, 128, 127, 13, 14, 116, 118, 26, 28, 40, 42, 52, 54, 74, 76, 89, 91, 17, 122, 18, 32, 16, 112, 36, 99, 105, 144, 10, 145, 148, 115, 149, 102, 146, 147, 12, 58, 71, 109, 61, 67, 78, 85, 93, 143, 25, 7, 39, 51, 97, 106, 101, 120, 121, 114, 108, 110, 111, 9, 6, 1, 2, 48, 46, 47, 70, 69, 79, 80, 72, 73, 94, 66, 68, 86, 23, 126, 125, 124, 123, 141, 142, 62, 5, 4, 22, 21, 20, 37, 34, 35, 31, 30, 11, 98, 96, 100, 63, 60, 64, 83, 84, 24, 44, 82, 38, 57, 56, 49, 50, 87, 88, 103, 104, 53, 55, 45, 75, 77, 59, 90, 92, 65, 81, 117, 119, 95, 107, 8, 15, 0, 27, 29, 3, 41, 43, 19, 33]",True,13811992315,13.811992315,"[146, 147, 12, 58, 71, 109, 61, 67, 78, 85, 93, 143, 25, 7, 39, 51, 97, 106, 101, 120, 121, 114, 108, 110, 111, 9, 6, 1, 2, 48, 46, 47, 70, 69, 79, 80, 72, 73, 94, 66, 68, 86, 23, 126, 125, 124, 123, 141, 142, 62, 5, 4, 22, 21, 20, 37, 34, 35, 31, 30, 11, 98, 96, 100, 63, 60, 64, 83, 84, 24, 44, 82, 38, 57, 56, 49, 50, 87, 88, 103, 104, 53, 55, 45, 75, 77, 59, 90, 92, 65, 81, 117, 119, 95, 107, 8, 15, 0, 27, 29, 3, 41, 43, 19, 33]","[33, 19, 43, 41, 3, 29, 27, 0, 15, 8, 107, 95, 119, 117, 81, 65, 92, 90, 59, 77, 75, 45, 55, 53, 104, 103, 88, 87, 50, 49, 56, 57, 38, 82, 44, 24, 84, 83, 64, 60, 63, 100, 96, 98, 11, 30, 31, 35, 34, 37, 20, 21, 22, 4, 5, 62, 142, 141, 123, 124, 125, 126, 23, 86, 68, 66, 94, 73, 72, 80, 79, 69, 70, 47, 46, 48, 2, 1, 6, 9, 111, 110, 108, 114, 121, 120, 101, 106, 97, 51, 39, 7, 25, 143, 93, 85, 78, 67, 61, 109, 71, 58, 12, 147, 146]",complete,285,285,4629,180,1676,745,931,931,2,134,134,44,44,42,44
2,453,24,46,103,"[10, 13, 14, 16, 17, 18, 26, 28, 32, 36, 40, 42, 52, 54, 74, 76, 89, 91, 99, 102, 105, 112, 115, 116, 118, 122, 127, 128, 129, 130, 131, 132, 133, 134, 135, 136, 137, 138, 139, 140, 144, 145, 146, 147, 148, 149]","[0, 1, 2, 3, 4, 5, 6, 7, 8, 9, 11, 12, 15, 19, 20, 21, 22, 23, 24, 25, 27, 29, 30, 31, 33, 34, 35, 37, 38, 39, 41, 43, 44, 45, 46, 47, 48, 49, 50, 51, 53, 55, 56, 57, 58, 59, 60, 61, 62, 63, 64, 65, 66, 67, 68, 69, 70, 71, 72, 73, 75, 77, 78, 79, 80, 81, 82, 83, 84, 85, 86, 87, 88, 90, 92, 93, 94, 95, 96, 97, 98, 100, 101, 103, 104, 106, 107, 108, 109, 110, 111, 114, 117, 119, 120, 121, 123, 124, 125, 126, 141, 142, 143]","{""support_1"": 108, ""support_2"": 101}","[101, 108]",2,"[137, 138, 139, 140, 136, 135, 134, 133, 129, 130, 131, 132, 128, 127, 13, 14, 116, 118, 26, 28, 40, 42, 52, 54, 74, 76, 89, 91, 17, 122, 18, 32, 16, 112, 36, 99, 105, 144, 10, 145, 148, 115, 149, 102, 146, 147, 12, 58, 71, 109, 61, 67, 78, 85, 93, 143, 25, 7, 39, 51, 97, 106, 101, 120, 121, 114, 108, 110, 111, 9, 6, 1, 2, 48, 46, 47, 70, 69, 79, 80, 72, 73, 94, 66, 68, 86, 23, 126, 125, 124, 123, 141, 142, 62, 5, 4, 22, 21, 20, 37, 34, 35, 31, 30, 11, 98, 96, 100, 63, 60, 64, 83, 84, 24, 44, 82, 38, 57, 56, 49, 50, 87, 88, 103, 104, 53, 55, 45, 75, 77, 59, 90, 92, 65, 81, 117, 119, 95, 107, 8, 15, 0, 27, 29, 3, 41, 43, 19, 33]",True,13175537707,13.175537707,"[12, 58, 71, 109, 61, 67, 78, 85, 93, 143, 25, 7, 39, 51, 97, 106, 101, 120, 121, 114, 108, 110, 111, 9, 6, 1, 2, 48, 46, 47, 70, 69, 79, 80, 72, 73, 94, 66, 68, 86, 23, 126, 125, 124, 123, 141, 142, 62, 5, 4, 22, 21, 20, 37, 34, 35, 31, 30, 11, 98, 96, 100, 63, 60, 64, 83, 84, 24, 44, 82, 38, 57, 56, 49, 50, 87, 88, 103, 104, 53, 55, 45, 75, 77, 59, 90, 92, 65, 81, 117, 119, 95, 107, 8, 15, 0, 27, 29, 3, 41, 43, 19, 33]","[33, 19, 43, 41, 3, 29, 27, 0, 15, 8, 107, 95, 119, 117, 81, 65, 92, 90, 59, 77, 75, 45, 55, 53, 104, 103, 88, 87, 50, 49, 56, 57, 38, 82, 44, 24, 84, 83, 64, 60, 63, 100, 96, 98, 11, 30, 31, 35, 34, 37, 20, 21, 22, 4, 5, 62, 142, 141, 123, 124, 125, 126, 23, 86, 68, 66, 94, 73, 72, 80, 79, 69, 70, 47, 46, 48, 2, 1, 6, 9, 111, 110, 108, 114, 121, 120, 101, 106, 97, 51, 39, 7, 25, 143, 93, 85, 78, 67, 61, 109, 71, 58, 12]",complete,279,279,4440,176,1634,725,909,909,2,130,130,44,44,42,44
2,453,25,48,101,"[10, 12, 13, 14, 16, 17, 18, 26, 28, 32, 36, 40, 42, 52, 54, 58, 74, 76, 89, 91, 99, 102, 105, 112, 115, 116, 118, 122, 127, 128, 129, 130, 131, 132, 133, 134, 135, 136, 137, 138, 139, 140, 144, 145, 146, 147, 148, 149]","[0, 1, 2, 3, 4, 5, 6, 7, 8, 9, 11, 15, 19, 20, 21, 22, 23, 24, 25, 27, 29, 30, 31, 33, 34, 35, 37, 38, 39, 41, 43, 44, 45, 46, 47, 48, 49, 50, 51, 53, 55, 56, 57, 59, 60, 61, 62, 63, 64, 65, 66, 67, 68, 69, 70, 71, 72, 73, 75, 77, 78, 79, 80, 81, 82, 83, 84, 85, 86, 87, 88, 90, 92, 93, 94, 95, 96, 97, 98, 100, 101, 103, 104, 106, 107, 108, 109, 110, 111, 114, 117, 119, 120, 121, 123, 124, 125, 126, 141, 142, 143]","{""support_1"": 108, ""support_2"": 101}","[101, 108]",2,"[137, 138, 139, 140, 136, 135, 134, 133, 129, 130, 131, 132, 128, 127, 13, 14, 116, 118, 26, 28, 40, 42, 52, 54, 74, 76, 89, 91, 17, 122, 18, 32, 16, 112, 36, 99, 105, 144, 10, 145, 148, 115, 149, 102, 146, 147, 12, 58, 71, 109, 61, 67, 78, 85, 93, 143, 25, 7, 39, 51, 97, 106, 101, 120, 121, 114, 108, 110, 111, 9, 6, 1, 2, 48, 46, 47, 70, 69, 79, 80, 72, 73, 94, 66, 68, 86, 23, 126, 125, 124, 123, 141, 142, 62, 5, 4, 22, 21, 20, 37, 34, 35, 31, 30, 11, 98, 96, 100, 63, 60, 64, 83, 84, 24, 44, 82, 38, 57, 56, 49, 50, 87, 88, 103, 104, 53, 55, 45, 75, 77, 59, 90, 92, 65, 81, 117, 119, 95, 107, 8, 15, 0, 27, 29, 3, 41, 43, 19, 33]",True,12332039087,12.332039087,"[71, 109, 61, 67, 78, 85, 93, 143, 25, 7, 39, 51, 97, 106, 101, 120, 121, 114, 108, 110, 111, 9, 6, 1, 2, 48, 46, 47, 70, 69, 79, 80, 72, 73, 94, 66, 68, 86, 23, 126, 125, 124, 123, 141, 142, 62, 5, 4, 22, 21, 20, 37, 34, 35, 31, 30, 11, 98, 96, 100, 63, 60, 64, 83, 84, 24, 44, 82, 38, 57, 56, 49, 50, 87, 88, 103, 104, 53, 55, 45, 75, 77, 59, 90, 92, 65, 81, 117, 119, 95, 107, 8, 15, 0, 27, 29, 3, 41, 43, 19, 33]","[33, 19, 43, 41, 3, 29, 27, 0, 15, 8, 107, 95, 119, 117, 81, 65, 92, 90, 59, 77, 75, 45, 55, 53, 104, 103, 88, 87, 50, 49, 56, 57, 38, 82, 44, 24, 84, 83, 64, 60, 63, 100, 96, 98, 11, 30, 31, 35, 34, 37, 20, 21, 22, 4, 5, 62, 142, 141, 123, 124, 125, 126, 23, 86, 68, 66, 94, 73, 72, 80, 79, 69, 70, 47, 46, 48, 2, 1, 6, 9, 111, 110, 108, 114, 121, 120, 101, 106, 97, 51, 39, 7, 25, 143, 93, 85, 78, 67, 61, 109, 71]",complete,273,273,4255,172,1592,705,887,887,2,126,126,44,44,42,44
2,453,26,50,99,"[10, 12, 13, 14, 16, 17, 18, 26, 28, 32, 36, 40, 42, 52, 54, 58, 71, 74, 76, 89, 91, 99, 102, 105, 109, 112, 115, 116, 118, 122, 127, 128, 129, 130, 131, 132, 133, 134, 135, 136, 137, 138, 139, 140, 144, 145, 146, 147, 148, 149]","[0, 1, 2, 3, 4, 5, 6, 7, 8, 9, 11, 15, 19, 20, 21, 22, 23, 24, 25, 27, 29, 30, 31, 33, 34, 35, 37, 38, 39, 41, 43, 44, 45, 46, 47, 48, 49, 50, 51, 53, 55, 56, 57, 59, 60, 61, 62, 63, 64, 65, 66, 67, 68, 69, 70, 72, 73, 75, 77, 78, 79, 80, 81, 82, 83, 84, 85, 86, 87, 88, 90, 92, 93, 94, 95, 96, 97, 98, 100, 101, 103, 104, 106, 107, 108, 110, 111, 114, 117, 119, 120, 121, 123, 124, 125, 126, 141, 142, 143]","{""support_1"": 108, ""support_2"": 101}","[101, 108]",2,"[137, 138, 139, 140, 136, 135, 134, 133, 129, 130, 131, 132, 128, 127, 13, 14, 116, 118, 26, 28, 40, 42, 52, 54, 74, 76, 89, 91, 17, 122, 18, 32, 16, 112, 36, 99, 105, 144, 10, 145, 148, 115, 149, 102, 146, 147, 12, 58, 71, 109, 61, 67, 78, 85, 93, 143, 25, 7, 39, 51, 97, 106, 101, 120, 121, 114, 108, 110, 111, 9, 6, 1, 2, 48, 46, 47, 70, 69, 79, 80, 72, 73, 94, 66, 68, 86, 23, 126, 125, 124, 123, 141, 142, 62, 5, 4, 22, 21, 20, 37, 34, 35, 31, 30, 11, 98, 96, 100, 63, 60, 64, 83, 84, 24, 44, 82, 38, 57, 56, 49, 50, 87, 88, 103, 104, 53, 55, 45, 75, 77, 59, 90, 92, 65, 81, 117, 119, 95, 107, 8, 15, 0, 27, 29, 3, 41, 43, 19, 33]",True,11958766937,11.958766937,"[61, 67, 78, 85, 93, 143, 25, 7, 39, 51, 97, 106, 101, 120, 121, 114, 108, 110, 111, 9, 6, 1, 2, 48, 46, 47, 70, 69, 79, 80, 72, 73, 94, 66, 68, 86, 23, 126, 125, 124, 123, 141, 142, 62, 5, 4, 22, 21, 20, 37, 34, 35, 31, 30, 11, 98, 96, 100, 63, 60, 64, 83, 84, 24, 44, 82, 38, 57, 56, 49, 50, 87, 88, 103, 104, 53, 55, 45, 75, 77, 59, 90, 92, 65, 81, 117, 119, 95, 107, 8, 15, 0, 27, 29, 3, 41, 43, 19, 33]","[33, 19, 43, 41, 3, 29, 27, 0, 15, 8, 107, 95, 119, 117, 81, 65, 92, 90, 59, 77, 75, 45, 55, 53, 104, 103, 88, 87, 50, 49, 56, 57, 38, 82, 44, 24, 84, 83, 64, 60, 63, 100, 96, 98, 11, 30, 31, 35, 34, 37, 20, 21, 22, 4, 5, 62, 142, 141, 123, 124, 125, 126, 23, 86, 68, 66, 94, 73, 72, 80, 79, 69, 70, 47, 46, 48, 2, 1, 6, 9, 111, 110, 108, 114, 121, 120, 101, 106, 97, 51, 39, 7, 25, 143, 93, 85, 78, 67, 61]",complete,267,267,4074,168,1550,685,865,865,2,122,122,44,44,42,44
2,453,27,52,97,"[10, 12, 13, 14, 16, 17, 18, 26, 28, 32, 36, 40, 42, 52, 54, 58, 61, 67, 71, 74, 76, 89, 91, 99, 102, 105, 109, 112, 115, 116, 118, 122, 127, 128, 129, 130, 131, 132, 133, 134, 135, 136, 137, 138, 139, 140, 144, 145, 146, 147, 148, 149]","[0, 1, 2, 3, 4, 5, 6, 7, 8, 9, 11, 15, 19, 20, 21, 22, 23, 24, 25, 27, 29, 30, 31, 33, 34, 35, 37, 38, 39, 41, 43, 44, 45, 46, 47, 48, 49, 50, 51, 53, 55, 56, 57, 59, 60, 62, 63, 64, 65, 66, 68, 69, 70, 72, 73, 75, 77, 78, 79, 80, 81, 82, 83, 84, 85, 86, 87, 88, 90, 92, 93, 94, 95, 96, 97, 98, 100, 101, 103, 104, 106, 107, 108, 110, 111, 114, 117, 119, 120, 121, 123, 124, 125, 126, 141, 142, 143]","{""support_1"": 108, ""support_2"": 101}","[101, 108]",2,"[137, 138, 139, 140, 136, 135, 134, 133, 129, 130, 131, 132, 128, 127, 13, 14, 116, 118, 26, 28, 40, 42, 52, 54, 74, 76, 89, 91, 17, 122, 18, 32, 16, 112, 36, 99, 105, 144, 10, 145, 148, 115, 149, 102, 146, 147, 12, 58, 71, 109, 61, 67, 78, 85, 93, 143, 25, 7, 39, 51, 97, 106, 101, 120, 121, 114, 108, 110, 111, 9, 6, 1, 2, 48, 46, 47, 70, 69, 79, 80, 72, 73, 94, 66, 68, 86, 23, 126, 125, 124, 123, 141, 142, 62, 5, 4, 22, 21, 20, 37, 34, 35, 31, 30, 11, 98, 96, 100, 63, 60, 64, 83, 84, 24, 44, 82, 38, 57, 56, 49, 50, 87, 88, 103, 104, 53, 55, 45, 75, 77, 59, 90, 92, 65, 81, 117, 119, 95, 107, 8, 15, 0, 27, 29, 3, 41, 43, 19, 33]",True,11096514423,11.096514423,"[78, 85, 93, 143, 25, 7, 39, 51, 97, 106, 101, 120, 121, 114, 108, 110, 111, 9, 6, 1, 2, 48, 46, 47, 70, 69, 79, 80, 72, 73, 94, 66, 68, 86, 23, 126, 125, 124, 123, 141, 142, 62, 5, 4, 22, 21, 20, 37, 34, 35, 31, 30, 11, 98, 96, 100, 63, 60, 64, 83, 84, 24, 44, 82, 38, 57, 56, 49, 50, 87, 88, 103, 104, 53, 55, 45, 75, 77, 59, 90, 92, 65, 81, 117, 119, 95, 107, 8, 15, 0, 27, 29, 3, 41, 43, 19, 33]","[33, 19, 43, 41, 3, 29, 27, 0, 15, 8, 107, 95, 119, 117, 81, 65, 92, 90, 59, 77, 75, 45, 55, 53, 104, 103, 88, 87, 50, 49, 56, 57, 38, 82, 44, 24, 84, 83, 64, 60, 63, 100, 96, 98, 11, 30, 31, 35, 34, 37, 20, 21, 22, 4, 5, 62, 142, 141, 123, 124, 125, 126, 23, 86, 68, 66, 94, 73, 72, 80, 79, 69, 70, 47, 46, 48, 2, 1, 6, 9, 111, 110, 108, 114, 121, 120, 101, 106, 97, 51, 39, 7, 25, 143, 93, 85, 78]",complete,259,259,3897,162,1508,665,843,843,2,118,118,44,44,42,44
2,453,28,54,95,"[10, 12, 13, 14, 16, 17, 18, 26, 28, 32, 36, 40, 42, 52, 54, 58, 61, 67, 71, 74, 76, 78, 85, 89, 91, 99, 102, 105, 109, 112, 115, 116, 118, 122, 127, 128, 129, 130, 131, 132, 133, 134, 135, 136, 137, 138, 139, 140, 144, 145, 146, 147, 148, 149]","[0, 1, 2, 3, 4, 5, 6, 7, 8, 9, 11, 15, 19, 20, 21, 22, 23, 24, 25, 27, 29, 30, 31, 33, 34, 35, 37, 38, 39, 41, 43, 44, 45, 46, 47, 48, 49, 50, 51, 53, 55, 56, 57, 59, 60, 62, 63, 64, 65, 66, 68, 69, 70, 72, 73, 75, 77, 79, 80, 81, 82, 83, 84, 86, 87, 88, 90, 92, 93, 94, 95, 96, 97, 98, 100, 101, 103, 104, 106, 107, 108, 110, 111, 114, 117, 119, 120, 121, 123, 124, 125, 126, 141, 142, 143]","{""support_1"": 108, ""support_2"": 101}","[101, 108]",2,"[137, 138, 139, 140, 136, 135, 134, 133, 129, 130, 131, 132, 128, 127, 13, 14, 116, 118, 26, 28, 40, 42, 52, 54, 74, 76, 89, 91, 17, 122, 18, 32, 16, 112, 36, 99, 105, 144, 10, 145, 148, 115, 149, 102, 146, 147, 12, 58, 71, 109, 61, 67, 78, 85, 93, 143, 25, 7, 39, 51, 97, 106, 101, 120, 121, 114, 108, 110, 111, 9, 6, 1, 2, 48, 46, 47, 70, 69, 79, 80, 72, 73, 94, 66, 68, 86, 23, 126, 125, 124, 123, 141, 142, 62, 5, 4, 22, 21, 20, 37, 34, 35, 31, 30, 11, 98, 96, 100, 63, 60, 64, 83, 84, 24, 44, 82, 38, 57, 56, 49, 50, 87, 88, 103, 104, 53, 55, 45, 75, 77, 59, 90, 92, 65, 81, 117, 119, 95, 107, 8, 15, 0, 27, 29, 3, 41, 43, 19, 33]",True,10626233193,10.626233193,"[93, 143, 25, 7, 39, 51, 97, 106, 101, 120, 121, 114, 108, 110, 111, 9, 6, 1, 2, 48, 46, 47, 70, 69, 79, 80, 72, 73, 94, 66, 68, 86, 23, 126, 125, 124, 123, 141, 142, 62, 5, 4, 22, 21, 20, 37, 34, 35, 31, 30, 11, 98, 96, 100, 63, 60, 64, 83, 84, 24, 44, 82, 38, 57, 56, 49, 50, 87, 88, 103, 104, 53, 55, 45, 75, 77, 59, 90, 92, 65, 81, 117, 119, 95, 107, 8, 15, 0, 27, 29, 3, 41, 43, 19, 33]","[33, 19, 43, 41, 3, 29, 27, 0, 15, 8, 107, 95, 119, 117, 81, 65, 92, 90, 59, 77, 75, 45, 55, 53, 104, 103, 88, 87, 50, 49, 56, 57, 38, 82, 44, 24, 84, 83, 64, 60, 63, 100, 96, 98, 11, 30, 31, 35, 34, 37, 20, 21, 22, 4, 5, 62, 142, 141, 123, 124, 125, 126, 23, 86, 68, 66, 94, 73, 72, 80, 79, 69, 70, 47, 46, 48, 2, 1, 6, 9, 111, 110, 108, 114, 121, 120, 101, 106, 97, 51, 39, 7, 25, 143, 93]",complete,251,251,3724,156,1466,645,821,821,2,114,114,44,44,42,44
2,453,29,56,93,"[10, 12, 13, 14, 16, 17, 18, 26, 28, 32, 36, 40, 42, 52, 54, 58, 61, 67, 71, 74, 76, 78, 85, 89, 91, 93, 99, 102, 105, 109, 112, 115, 116, 118, 122, 127, 128, 129, 130, 131, 132, 133, 134, 135, 136, 137, 138, 139, 140, 143, 144, 145, 146, 147, 148, 149]","[0, 1, 2, 3, 4, 5, 6, 7, 8, 9, 11, 15, 19, 20, 21, 22, 23, 24, 25, 27, 29, 30, 31, 33, 34, 35, 37, 38, 39, 41, 43, 44, 45, 46, 47, 48, 49, 50, 51, 53, 55, 56, 57, 59, 60, 62, 63, 64, 65, 66, 68, 69, 70, 72, 73, 75, 77, 79, 80, 81, 82, 83, 84, 86, 87, 88, 90, 92, 94, 95, 96, 97, 98, 100, 101, 103, 104, 106, 107, 108, 110, 111, 114, 117, 119, 120, 121, 123, 124, 125, 126, 141, 142]","{""support_1"": 108, ""support_2"": 101}","[101, 108]",2,"[137, 138, 139, 140, 136, 135, 134, 133, 129, 130, 131, 132, 128, 127, 13, 14, 116, 118, 26, 28, 40, 42, 52, 54, 74, 76, 89, 91, 17, 122, 18, 32, 16, 112, 36, 99, 105, 144, 10, 145, 148, 115, 149, 102, 146, 147, 12, 58, 71, 109, 61, 67, 78, 85, 93, 143, 25, 7, 39, 51, 97, 106, 101, 120, 121, 114, 108, 110, 111, 9, 6, 1, 2, 48, 46, 47, 70, 69, 79, 80, 72, 73, 94, 66, 68, 86, 23, 126, 125, 124, 123, 141, 142, 62, 5, 4, 22, 21, 20, 37, 34, 35, 31, 30, 11, 98, 96, 100, 63, 60, 64, 83, 84, 24, 44, 82, 38, 57, 56, 49, 50, 87, 88, 103, 104, 53, 55, 45, 75, 77, 59, 90, 92, 65, 81, 117, 119, 95, 107, 8, 15, 0, 27, 29, 3, 41, 43, 19, 33]",True,10317802100,10.317802100,"[25, 7, 39, 51, 97, 106, 101, 120, 121, 114, 108, 110, 111, 9, 6, 1, 2, 48, 46, 47, 70, 69, 79, 80, 72, 73, 94, 66, 68, 86, 23, 126, 125, 124, 123, 141, 142, 62, 5, 4, 22, 21, 20, 37, 34, 35, 31, 30, 11, 98, 96, 100, 63, 60, 64, 83, 84, 24, 44, 82, 38, 57, 56, 49, 50, 87, 88, 103, 104, 53, 55, 45, 75, 77, 59, 90, 92, 65, 81, 117, 119, 95, 107, 8, 15, 0, 27, 29, 3, 41, 43, 19, 33]","[33, 19, 43, 41, 3, 29, 27, 0, 15, 8, 107, 95, 119, 117, 81, 65, 92, 90, 59, 77, 75, 45, 55, 53, 104, 103, 88, 87, 50, 49, 56, 57, 38, 82, 44, 24, 84, 83, 64, 60, 63, 100, 96, 98, 11, 30, 31, 35, 34, 37, 20, 21, 22, 4, 5, 62, 142, 141, 123, 124, 125, 126, 23, 86, 68, 66, 94, 73, 72, 80, 79, 69, 70, 47, 46, 48, 2, 1, 6, 9, 111, 110, 108, 114, 121, 120, 101, 106, 97, 51, 39, 7, 25]",complete,243,243,3555,150,1424,625,799,799,2,110,110,44,44,42,44
2,453,30,58,91,"[7, 10, 12, 13, 14, 16, 17, 18, 25, 26, 28, 32, 36, 40, 42, 52, 54, 58, 61, 67, 71, 74, 76, 78, 85, 89, 91, 93, 99, 102, 105, 109, 112, 115, 116, 118, 122, 127, 128, 129, 130, 131, 132, 133, 134, 135, 136, 137, 138, 139, 140, 143, 144, 145, 146, 147, 148, 149]","[0, 1, 2, 3, 4, 5, 6, 8, 9, 11, 15, 19, 20, 21, 22, 23, 24, 27, 29, 30, 31, 33, 34, 35, 37, 38, 39, 41, 43, 44, 45, 46, 47, 48, 49, 50, 51, 53, 55, 56, 57, 59, 60, 62, 63, 64, 65, 66, 68, 69, 70, 72, 73, 75, 77, 79, 80, 81, 82, 83, 84, 86, 87, 88, 90, 92, 94, 95, 96, 97, 98, 100, 101, 103, 104, 106, 107, 108, 110, 111, 114, 117, 119, 120, 121, 123, 124, 125, 126, 141, 142]","{""support_1"": 108, ""support_2"": 101}","[101, 108]",2,"[137, 138, 139, 140, 136, 135, 134, 133, 129, 130, 131, 132, 128, 127, 13, 14, 116, 118, 26, 28, 40, 42, 52, 54, 74, 76, 89, 91, 17, 122, 18, 32, 16, 112, 36, 99, 105, 144, 10, 145, 148, 115, 149, 102, 146, 147, 12, 58, 71, 109, 61, 67, 78, 85, 93, 143, 25, 7, 39, 51, 97, 106, 101, 120, 121, 114, 108, 110, 111, 9, 6, 1, 2, 48, 46, 47, 70, 69, 79, 80, 72, 73, 94, 66, 68, 86, 23, 126, 125, 124, 123, 141, 142, 62, 5, 4, 22, 21, 20, 37, 34, 35, 31, 30, 11, 98, 96, 100, 63, 60, 64, 83, 84, 24, 44, 82, 38, 57, 56, 49, 50, 87, 88, 103, 104, 53, 55, 45, 75, 77, 59, 90, 92, 65, 81, 117, 119, 95, 107, 8, 15, 0, 27, 29, 3, 41, 43, 19, 33]",True,9563604194,9.563604194,"[39, 51, 97, 106, 101, 120, 121, 114, 108, 110, 111, 9, 6, 1, 2, 48, 46, 47, 70, 69, 79, 80, 72, 73, 94, 66, 68, 86, 23, 126, 125, 124, 123, 141, 142, 62, 5, 4, 22, 21, 20, 37, 34, 35, 31, 30, 11, 98, 96, 100, 63, 60, 64, 83, 84, 24, 44, 82, 38, 57, 56, 49, 50, 87, 88, 103, 104, 53, 55, 45, 75, 77, 59, 90, 92, 65, 81, 117, 119, 95, 107, 8, 15, 0, 27, 29, 3, 41, 43, 19, 33]","[33, 19, 43, 41, 3, 29, 27, 0, 15, 8, 107, 95, 119, 117, 81, 65, 92, 90, 59, 77, 75, 45, 55, 53, 104, 103, 88, 87, 50, 49, 56, 57, 38, 82, 44, 24, 84, 83, 64, 60, 63, 100, 96, 98, 11, 30, 31, 35, 34, 37, 20, 21, 22, 4, 5, 62, 142, 141, 123, 124, 125, 126, 23, 86, 68, 66, 94, 73, 72, 80, 79, 69, 70, 47, 46, 48, 2, 1, 6, 9, 111, 110, 108, 114, 121, 120, 101, 106, 97, 51, 39]",complete,236,236,3390,145,1384,606,778,778,2,106,106,44,44,42,44
2,453,31,60,89,"[7, 10, 12, 13, 14, 16, 17, 18, 25, 26, 28, 32, 36, 39, 40, 42, 51, 52, 54, 58, 61, 67, 71, 74, 76, 78, 85, 89, 91, 93, 99, 102, 105, 109, 112, 115, 116, 118, 122, 127, 128, 129, 130, 131, 132, 133, 134, 135, 136, 137, 138, 139, 140, 143, 144, 145, 146, 147, 148, 149]","[0, 1, 2, 3, 4, 5, 6, 8, 9, 11, 15, 19, 20, 21, 22, 23, 24, 27, 29, 30, 31, 33, 34, 35, 37, 38, 41, 43, 44, 45, 46, 47, 48, 49, 50, 53, 55, 56, 57, 59, 60, 62, 63, 64, 65, 66, 68, 69, 70, 72, 73, 75, 77, 79, 80, 81, 82, 83, 84, 86, 87, 88, 90, 92, 94, 95, 96, 97, 98, 100, 101, 103, 104, 106, 107, 108, 110, 111, 114, 117, 119, 120, 121, 123, 124, 125, 126, 141, 142]","{""support_1"": 108, ""support_2"": 101}","[101, 108]",2,"[137, 138, 139, 140, 136, 135, 134, 133, 129, 130, 131, 132, 128, 127, 13, 14, 116, 118, 26, 28, 40, 42, 52, 54, 74, 76, 89, 91, 17, 122, 18, 32, 16, 112, 36, 99, 105, 144, 10, 145, 148, 115, 149, 102, 146, 147, 12, 58, 71, 109, 61, 67, 78, 85, 93, 143, 25, 7, 39, 51, 97, 106, 101, 120, 121, 114, 108, 110, 111, 9, 6, 1, 2, 48, 46, 47, 70, 69, 79, 80, 72, 73, 94, 66, 68, 86, 23, 126, 125, 124, 123, 141, 142, 62, 5, 4, 22, 21, 20, 37, 34, 35, 31, 30, 11, 98, 96, 100, 63, 60, 64, 83, 84, 24, 44, 82, 38, 57, 56, 49, 50, 87, 88, 103, 104, 53, 55, 45, 75, 77, 59, 90, 92, 65, 81, 117, 119, 95, 107, 8, 15, 0, 27, 29, 3, 41, 43, 19, 33]",True,9164357161,9.164357161,"[97, 106, 101, 120, 121, 114, 108, 110, 111, 9, 6, 1, 2, 48, 46, 47, 70, 69, 79, 80, 72, 73, 94, 66, 68, 86, 23, 126, 125, 124, 123, 141, 142, 62, 5, 4, 22, 21, 20, 37, 34, 35, 31, 30, 11, 98, 96, 100, 63, 60, 64, 83, 84, 24, 44, 82, 38, 57, 56, 49, 50, 87, 88, 103, 104, 53, 55, 45, 75, 77, 59, 90, 92, 65, 81, 117, 119, 95, 107, 8, 15, 0, 27, 29, 3, 41, 43, 19, 33]","[33, 19, 43, 41, 3, 29, 27, 0, 15, 8, 107, 95, 119, 117, 81, 65, 92, 90, 59, 77, 75, 45, 55, 53, 104, 103, 88, 87, 50, 49, 56, 57, 38, 82, 44, 24, 84, 83, 64, 60, 63, 100, 96, 98, 11, 30, 31, 35, 34, 37, 20, 21, 22, 4, 5, 62, 142, 141, 123, 124, 125, 126, 23, 86, 68, 66, 94, 73, 72, 80, 79, 69, 70, 47, 46, 48, 2, 1, 6, 9, 111, 110, 108, 114, 121, 120, 101, 106, 97]",complete,224,224,3229,135,1334,582,752,752,2,102,102,44,44,42,44
2,453,32,62,87,"[7, 10, 12, 13, 14, 16, 17, 18, 25, 26, 28, 32, 36, 39, 40, 42, 51, 52, 54, 58, 61, 67, 71, 74, 76, 78, 85, 89, 91, 93, 97, 99, 102, 105, 106, 109, 112, 115, 116, 118, 122, 127, 128, 129, 130, 131, 132, 133, 134, 135, 136, 137, 138, 139, 140, 143, 144, 145, 146, 147, 148, 149]","[0, 1, 2, 3, 4, 5, 6, 8, 9, 11, 15, 19, 20, 21, 22, 23, 24, 27, 29, 30, 31, 33, 34, 35, 37, 38, 41, 43, 44, 45, 46, 47, 48, 49, 50, 53, 55, 56, 57, 59, 60, 62, 63, 64, 65, 66, 68, 69, 70, 72, 73, 75, 77, 79, 80, 81, 82, 83, 84, 86, 87, 88, 90, 92, 94, 95, 96, 98, 100, 101, 103, 104, 107, 108, 110, 111, 114, 117, 119, 120, 121, 123, 124, 125, 126, 141, 142]","{""support_1"": 108, ""support_2"": 101}","[101, 108]",2,"[137, 138, 139, 140, 136, 135, 134, 133, 129, 130, 131, 132, 128, 127, 13, 14, 116, 118, 26, 28, 40, 42, 52, 54, 74, 76, 89, 91, 17, 122, 18, 32, 16, 112, 36, 99, 105, 144, 10, 145, 148, 115, 149, 102, 146, 147, 12, 58, 71, 109, 61, 67, 78, 85, 93, 143, 25, 7, 39, 51, 97, 106, 101, 120, 121, 114, 108, 110, 111, 9, 6, 1, 2, 48, 46, 47, 70, 69, 79, 80, 72, 73, 94, 66, 68, 86, 23, 126, 125, 124, 123, 141, 142, 62, 5, 4, 22, 21, 20, 37, 34, 35, 31, 30, 11, 98, 96, 100, 63, 60, 64, 83, 84, 24, 44, 82, 38, 57, 56, 49, 50, 87, 88, 103, 104, 53, 55, 45, 75, 77, 59, 90, 92, 65, 81, 117, 119, 95, 107, 8, 15, 0, 27, 29, 3, 41, 43, 19, 33]",True,8270523008,8.270523008,"[101, 120, 121, 114, 108, 110, 111, 9, 6, 1, 2, 48, 46, 47, 70, 69, 79, 80, 72, 73, 94, 66, 68, 86, 23, 126, 125, 124, 123, 141, 142, 62, 5, 4, 22, 21, 20, 37, 34, 35, 31, 30, 11, 98, 96, 100, 63, 60, 64, 83, 84, 24, 44, 82, 38, 57, 56, 49, 50, 87, 88, 103, 104, 53, 55, 45, 75, 77, 59, 90, 92, 65, 81, 117, 119, 95, 107, 8, 15, 0, 27, 29, 3, 41, 43, 19, 33]","[33, 19, 43, 41, 3, 29, 27, 0, 15, 8, 107, 95, 119, 117, 81, 65, 92, 90, 59, 77, 75, 45, 55, 53, 104, 103, 88, 87, 50, 49, 56, 57, 38, 82, 44, 24, 84, 83, 64, 60, 63, 100, 96, 98, 11, 30, 31, 35, 34, 37, 20, 21, 22, 4, 5, 62, 142, 141, 123, 124, 125, 126, 23, 86, 68, 66, 94, 73, 72, 80, 79, 69, 70, 47, 46, 48, 2, 1, 6, 9, 111, 110, 108, 114, 121, 120, 101]",complete,202,202,3072,115,1264,548,716,716,2,98,98,43,43,42,44
2,453,33,64,85,"[7, 10, 12, 13, 14, 16, 17, 18, 25, 26, 28, 32, 36, 39, 40, 42, 51, 52, 54, 58, 61, 67, 71, 74, 76, 78, 85, 89, 91, 93, 97, 99, 101, 102, 105, 106, 109, 112, 115, 116, 118, 120, 122, 127, 128, 129, 130, 131, 132, 133, 134, 135, 136, 137, 138, 139, 140, 143, 144, 145, 146, 147, 148, 149]","[0, 1, 2, 3, 4, 5, 6, 8, 9, 11, 15, 19, 20, 21, 22, 23, 24, 27, 29, 30, 31, 33, 34, 35, 37, 38, 41, 43, 44, 45, 46, 47, 48, 49, 50, 53, 55, 56, 57, 59, 60, 62, 63, 64, 65, 66, 68, 69, 70, 72, 73, 75, 77, 79, 80, 81, 82, 83, 84, 86, 87, 88, 90, 92, 94, 95, 96, 98, 100, 103, 104, 107, 108, 110, 111, 114, 117, 119, 121, 123, 124, 125, 126, 141, 142]","{""support_1"": 108, ""support_2"": 121}","[108, 121]",2,"[137, 138, 139, 140, 136, 135, 134, 133, 129, 130, 131, 132, 128, 127, 13, 14, 116, 118, 26, 28, 40, 42, 52, 54, 74, 76, 89, 91, 17, 122, 18, 32, 16, 112, 36, 99, 105, 144, 10, 145, 148, 115, 149, 102, 146, 147, 12, 58, 71, 109, 61, 67, 78, 85, 93, 143, 25, 7, 39, 51, 97, 106, 101, 120, 121, 114, 108, 110, 111, 9, 6, 1, 2, 48, 46, 47, 70, 69, 79, 80, 72, 73, 94, 66, 68, 86, 23, 126, 125, 124, 123, 141, 142, 62, 5, 4, 22, 21, 20, 37, 34, 35, 31, 30, 11, 98, 96, 100, 63, 60, 64, 83, 84, 24, 44, 82, 38, 57, 56, 49, 50, 87, 88, 103, 104, 53, 55, 45, 75, 77, 59, 90, 92, 65, 81, 117, 119, 95, 107, 8, 15, 0, 27, 29, 3, 41, 43, 19, 33]",True,8290190801,8.290190801,"[121, 114, 108, 110, 111, 9, 6, 1, 2, 48, 46, 47, 70, 69, 79, 80, 72, 73, 94, 66, 68, 86, 23, 126, 125, 124, 123, 141, 142, 62, 5, 4, 22, 21, 20, 37, 34, 35, 31, 30, 11, 98, 96, 100, 63, 60, 64, 83, 84, 24, 44, 82, 38, 57, 56, 49, 50, 87, 88, 103, 104, 53, 55, 45, 75, 77, 59, 90, 92, 65, 81, 117, 119, 95, 107, 8, 15, 0, 27, 29, 3, 41, 43, 19, 33]","[33, 19, 43, 41, 3, 29, 27, 0, 15, 8, 107, 95, 119, 117, 81, 65, 92, 90, 59, 77, 75, 45, 55, 53, 104, 103, 88, 87, 50, 49, 56, 57, 38, 82, 44, 24, 84, 83, 64, 60, 63, 100, 96, 98, 11, 30, 31, 35, 34, 37, 20, 21, 22, 4, 5, 62, 142, 141, 123, 124, 125, 126, 23, 86, 68, 66, 94, 73, 72, 80, 79, 69, 70, 47, 46, 48, 2, 1, 6, 9, 111, 110, 108, 114, 121]",complete,200,200,2919,115,1259,548,711,711,2,94,94,41,41,40,42
2,453,34,66,83,"[7, 10, 12, 13, 14, 16, 17, 18, 25, 26, 28, 32, 36, 39, 40, 42, 51, 52, 54, 58, 61, 67, 71, 74, 76, 78, 85, 89, 91, 93, 97, 99, 101, 102, 105, 106, 109, 112, 114, 115, 116, 118, 120, 121, 122, 127, 128, 129, 130, 131, 132, 133, 134, 135, 136, 137, 138, 139, 140, 143, 144, 145, 146, 147, 148, 149]","[0, 1, 2, 3, 4, 5, 6, 8, 9, 11, 15, 19, 20, 21, 22, 23, 24, 27, 29, 30, 31, 33, 34, 35, 37, 38, 41, 43, 44, 45, 46, 47, 48, 49, 50, 53, 55, 56, 57, 59, 60, 62, 63, 64, 65, 66, 68, 69, 70, 72, 73, 75, 77, 79, 80, 81, 82, 83, 84, 86, 87, 88, 90, 92, 94, 95, 96, 98, 100, 103, 104, 107, 108, 110, 111, 117, 119, 123, 124, 125, 126, 141, 142]","{""support_1"": 108}",[108],1,"[137, 138, 139, 140, 136, 135, 134, 133, 129, 130, 131, 132, 128, 127, 13, 14, 116, 118, 26, 28, 40, 42, 52, 54, 74, 76, 89, 91, 17, 122, 18, 32, 16, 112, 36, 99, 105, 144, 10, 145, 148, 115, 149, 102, 146, 147, 12, 58, 71, 109, 61, 67, 78, 85, 93, 143, 25, 7, 39, 51, 97, 106, 101, 120, 121, 114, 108, 110, 111, 9, 6, 1, 2, 48, 46, 47, 70, 69, 79, 80, 72, 73, 94, 66, 68, 86, 23, 126, 125, 124, 123, 141, 142, 62, 5, 4, 22, 21, 20, 37, 34, 35, 31, 30, 11, 98, 96, 100, 63, 60, 64, 83, 84, 24, 44, 82, 38, 57, 56, 49, 50, 87, 88, 103, 104, 53, 55, 45, 75, 77, 59, 90, 92, 65, 81, 117, 119, 95, 107, 8, 15, 0, 27, 29, 3, 41, 43, 19, 33]",True,8084704547,8.084704547,"[108, 110, 111, 9, 6, 1, 2, 48, 46, 47, 70, 69, 79, 80, 72, 73, 94, 66, 68, 86, 23, 126, 125, 124, 123, 141, 142, 62, 5, 4, 22, 21, 20, 37, 34, 35, 31, 30, 11, 98, 96, 100, 63, 60, 64, 83, 84, 24, 44, 82, 38, 57, 56, 49, 50, 87, 88, 103, 104, 53, 55, 45, 75, 77, 59, 90, 92, 65, 81, 117, 119, 95, 107, 8, 15, 0, 27, 29, 3, 41, 43, 19, 33]","[33, 19, 43, 41, 3, 29, 27, 0, 15, 8, 107, 95, 119, 117, 81, 65, 92, 90, 59, 77, 75, 45, 55, 53, 104, 103, 88, 87, 50, 49, 56, 57, 38, 82, 44, 24, 84, 83, 64, 60, 63, 100, 96, 98, 11, 30, 31, 35, 34, 37, 20, 21, 22, 4, 5, 62, 142, 141, 123, 124, 125, 126, 23, 86, 68, 66, 94, 73, 72, 80, 79, 69, 70, 47, 46, 48, 2, 1, 6, 9, 111, 110, 108]",complete,198,198,2770,115,1256,548,708,708,2,91,91,39,39,39,40
2,453,35,68,81,"[7, 10, 12, 13, 14, 16, 17, 18, 25, 26, 28, 32, 36, 39, 40, 42, 51, 52, 54, 58, 61, 67, 71, 74, 76, 78, 85, 89, 91, 93, 97, 99, 101, 102, 105, 106, 108, 109, 110, 112, 114, 115, 116, 118, 120, 121, 122, 127, 128, 129, 130, 131, 132, 133, 134, 135, 136, 137, 138, 139, 140, 143, 144, 145, 146, 147, 148, 149]","[0, 1, 2, 3, 4, 5, 6, 8, 9, 11, 15, 19, 20, 21, 22, 23, 24, 27, 29, 30, 31, 33, 34, 35, 37, 38, 41, 43, 44, 45, 46, 47, 48, 49, 50, 53, 55, 56, 57, 59, 60, 62, 63, 64, 65, 66, 68, 69, 70, 72, 73, 75, 77, 79, 80, 81, 82, 83, 84, 86, 87, 88, 90, 92, 94, 95, 96, 98, 100, 103, 104, 107, 111, 117, 119, 123, 124, 125, 126, 141, 142]","{""support_2"": 111}",[111],1,"[137, 138, 139, 140, 136, 135, 134, 133, 129, 130, 131, 132, 128, 127, 13, 14, 116, 118, 26, 28, 40, 42, 52, 54, 74, 76, 89, 91, 17, 122, 18, 32, 16, 112, 36, 99, 105, 144, 10, 145, 148, 115, 149, 102, 146, 147, 12, 58, 71, 109, 61, 67, 78, 85, 93, 143, 25, 7, 39, 51, 97, 106, 101, 120, 121, 114, 108, 110, 111, 9, 6, 1, 2, 48, 46, 47, 70, 69, 79, 80, 72, 73, 94, 66, 68, 86, 23, 126, 125, 124, 123, 141, 142, 62, 5, 4, 22, 21, 20, 37, 34, 35, 31, 30, 11, 98, 96, 100, 63, 60, 64, 83, 84, 24, 44, 82, 38, 57, 56, 49, 50, 87, 88, 103, 104, 53, 55, 45, 75, 77, 59, 90, 92, 65, 81, 117, 119, 95, 107, 8, 15, 0, 27, 29, 3, 41, 43, 19, 33]",True,8058690243,8.058690243,"[111, 9, 6, 1, 2, 48, 46, 47, 70, 69, 79, 80, 72, 73, 94, 66, 68, 86, 23, 126, 125, 124, 123, 141, 142, 62, 5, 4, 22, 21, 20, 37, 34, 35, 31, 30, 11, 98, 96, 100, 63, 60, 64, 83, 84, 24, 44, 82, 38, 57, 56, 49, 50, 87, 88, 103, 104, 53, 55, 45, 75, 77, 59, 90, 92, 65, 81, 117, 119, 95, 107, 8, 15, 0, 27, 29, 3, 41, 43, 19, 33]","[33, 19, 43, 41, 3, 29, 27, 0, 15, 8, 107, 95, 119, 117, 81, 65, 92, 90, 59, 77, 75, 45, 55, 53, 104, 103, 88, 87, 50, 49, 56, 57, 38, 82, 44, 24, 84, 83, 64, 60, 63, 100, 96, 98, 11, 30, 31, 35, 34, 37, 20, 21, 22, 4, 5, 62, 142, 141, 123, 124, 125, 126, 23, 86, 68, 66, 94, 73, 72, 80, 79, 69, 70, 47, 46, 48, 2, 1, 6, 9, 111]",complete,196,196,2625,115,1250,548,702,702,2,88,88,37,37,37,38
2,453,36,70,79,"[7, 9, 10, 12, 13, 14, 16, 17, 18, 25, 26, 28, 32, 36, 39, 40, 42, 51, 52, 54, 58, 61, 67, 71, 74, 76, 78, 85, 89, 91, 93, 97, 99, 101, 102, 105, 106, 108, 109, 110, 111, 112, 114, 115, 116, 118, 120, 121, 122, 127, 128, 129, 130, 131, 132, 133, 134, 135, 136, 137, 138, 139, 140, 143, 144, 145, 146, 147, 148, 149]","[0, 1, 2, 3, 4, 5, 6, 8, 11, 15, 19, 20, 21, 22, 23, 24, 27, 29, 30, 31, 33, 34, 35, 37, 38, 41, 43, 44, 45, 46, 47, 48, 49, 50, 53, 55, 56, 57, 59, 60, 62, 63, 64, 65, 66, 68, 69, 70, 72, 73, 75, 77, 79, 80, 81, 82, 83, 84, 86, 87, 88, 90, 92, 94, 95, 96, 98, 100, 103, 104, 107, 117, 119, 123, 124, 125, 126, 141, 142]",{},[],0,"[137, 138, 139, 140, 136, 135, 134, 133, 129, 130, 131, 132, 128, 127, 13, 14, 116, 118, 26, 28, 40, 42, 52, 54, 74, 76, 89, 91, 17, 122, 18, 32, 16, 112, 36, 99, 105, 144, 10, 145, 148, 115, 149, 102, 146, 147, 12, 58, 71, 109, 61, 67, 78, 85, 93, 143, 25, 7, 39, 51, 97, 106, 101, 120, 121, 114, 108, 110, 111, 9, 6, 1, 2, 48, 46, 47, 70, 69, 79, 80, 72, 73, 94, 66, 68, 86, 23, 126, 125, 124, 123, 141, 142, 62, 5, 4, 22, 21, 20, 37, 34, 35, 31, 30, 11, 98, 96, 100, 63, 60, 64, 83, 84, 24, 44, 82, 38, 57, 56, 49, 50, 87, 88, 103, 104, 53, 55, 45, 75, 77, 59, 90, 92, 65, 81, 117, 119, 95, 107, 8, 15, 0, 27, 29, 3, 41, 43, 19, 33]",True,7982031486,7.982031486,"[6, 1, 2, 48, 46, 47, 70, 69, 79, 80, 72, 73, 94, 66, 68, 86, 23, 126, 125, 124, 123, 141, 142, 62, 5, 4, 22, 21, 20, 37, 34, 35, 31, 30, 11, 98, 96, 100, 63, 60, 64, 83, 84, 24, 44, 82, 38, 57, 56, 49, 50, 87, 88, 103, 104, 53, 55, 45, 75, 77, 59, 90, 92, 65, 81, 117, 119, 95, 107, 8, 15, 0, 27, 29, 3, 41, 43, 19, 33]","[33, 19, 43, 41, 3, 29, 27, 0, 15, 8, 107, 95, 119, 117, 81, 65, 92, 90, 59, 77, 75, 45, 55, 53, 104, 103, 88, 87, 50, 49, 56, 57, 38, 82, 44, 24, 84, 83, 64, 60, 63, 100, 96, 98, 11, 30, 31, 35, 34, 37, 20, 21, 22, 4, 5, 62, 142, 141, 123, 124, 125, 126, 23, 86, 68, 66, 94, 73, 72, 80, 79, 69, 70, 47, 46, 48, 2, 1, 6]",complete,194,194,2484,115,1246,548,698,698,2,87,87,36,36,36,36
2,453,37,72,77,"[1, 6, 7, 9, 10, 12, 13, 14, 16, 17, 18, 25, 26, 28, 32, 36, 39, 40, 42, 51, 52, 54, 58, 61, 67, 71, 74, 76, 78, 85, 89, 91, 93, 97, 99, 101, 102, 105, 106, 108, 109, 110, 111, 112, 114, 115, 116, 118, 120, 121, 122, 127, 128, 129, 130, 131, 132, 133, 134, 135, 136, 137, 138, 139, 140, 143, 144, 145, 146, 147, 148, 149]","[0, 2, 3, 4, 5, 8, 11, 15, 19, 20, 21, 22, 23, 24, 27, 29, 30, 31, 33, 34, 35, 37, 38, 41, 43, 44, 45, 46, 47, 48, 49, 50, 53, 55, 56, 57, 59, 60, 62, 63, 64, 65, 66, 68, 69, 70, 72, 73, 75, 77, 79, 80, 81, 82, 83, 84, 86, 87, 88, 90, 92, 94, 95, 96, 98, 100, 103, 104, 107, 117, 119, 123, 124, 125, 126, 141, 142]","{""support_1"": 2}",[2],1,"[137, 138, 139, 140, 136, 135, 134, 133, 129, 130, 131, 132, 128, 127, 13, 14, 116, 118, 26, 28, 40, 42, 52, 54, 74, 76, 89, 91, 17, 122, 18, 32, 16, 112, 36, 99, 105, 144, 10, 145, 148, 115, 149, 102, 146, 147, 12, 58, 71, 109, 61, 67, 78, 85, 93, 143, 25, 7, 39, 51, 97, 106, 101, 120, 121, 114, 108, 110, 111, 9, 6, 1, 2, 48, 46, 47, 70, 69, 79, 80, 72, 73, 94, 66, 68, 86, 23, 126, 125, 124, 123, 141, 142, 62, 5, 4, 22, 21, 20, 37, 34, 35, 31, 30, 11, 98, 96, 100, 63, 60, 64, 83, 84, 24, 44, 82, 38, 57, 56, 49, 50, 87, 88, 103, 104, 53, 55, 45, 75, 77, 59, 90, 92, 65, 81, 117, 119, 95, 107, 8, 15, 0, 27, 29, 3, 41, 43, 19, 33]",True,7903634750,7.903634750,"[2, 48, 46, 47, 70, 69, 79, 80, 72, 73, 94, 66, 68, 86, 23, 126, 125, 124, 123, 141, 142, 62, 5, 4, 22, 21, 20, 37, 34, 35, 31, 30, 11, 98, 96, 100, 63, 60, 64, 83, 84, 24, 44, 82, 38, 57, 56, 49, 50, 87, 88, 103, 104, 53, 55, 45, 75, 77, 59, 90, 92, 65, 81, 117, 119, 95, 107, 8, 15, 0, 27, 29, 3, 41, 43, 19, 33]","[33, 19, 43, 41, 3, 29, 27, 0, 15, 8, 107, 95, 119, 117, 81, 65, 92, 90, 59, 77, 75, 45, 55, 53, 104, 103, 88, 87, 50, 49, 56, 57, 38, 82, 44, 24, 84, 83, 64, 60, 63, 100, 96, 98, 11, 30, 31, 35, 34, 37, 20, 21, 22, 4, 5, 62, 142, 141, 123, 124, 125, 126, 23, 86, 68, 66, 94, 73, 72, 80, 79, 69, 70, 47, 46, 48, 2]",complete,192,192,2347,115,1243,548,695,695,2,85,85,34,34,34,35
2,453,38,74,75,"[1, 2, 6, 7, 9, 10, 12, 13, 14, 16, 17, 18, 25, 26, 28, 32, 36, 39, 40, 42, 48, 51, 52, 54, 58, 61, 67, 71, 74, 76, 78, 85, 89, 91, 93, 97, 99, 101, 102, 105, 106, 108, 109, 110, 111, 112, 114, 115, 116, 118, 120, 121, 122, 127, 128, 129, 130, 131, 132, 133, 134, 135, 136, 137, 138, 139, 140, 143, 144, 145, 146, 147, 148, 149]","[0, 3, 4, 5, 8, 11, 15, 19, 20, 21, 22, 23, 24, 27, 29, 30, 31, 33, 34, 35, 37, 38, 41, 43, 44, 45, 46, 47, 49, 50, 53, 55, 56, 57, 59, 60, 62, 63, 64, 65, 66, 68, 69, 70, 72, 73, 75, 77, 79, 80, 81, 82, 83, 84, 86, 87, 88, 90, 92, 94, 95, 96, 98, 100, 103, 104, 107, 117, 119, 123, 124, 125, 126, 141, 142]","{""support_1"": 46}",[46],1,"[137, 138, 139, 140, 136, 135, 134, 133, 129, 130, 131, 132, 128, 127, 13, 14, 116, 118, 26, 28, 40, 42, 52, 54, 74, 76, 89, 91, 17, 122, 18, 32, 16, 112, 36, 99, 105, 144, 10, 145, 148, 115, 149, 102, 146, 147, 12, 58, 71, 109, 61, 67, 78, 85, 93, 143, 25, 7, 39, 51, 97, 106, 101, 120, 121, 114, 108, 110, 111, 9, 6, 1, 2, 48, 46, 47, 70, 69, 79, 80, 72, 73, 94, 66, 68, 86, 23, 126, 125, 124, 123, 141, 142, 62, 5, 4, 22, 21, 20, 37, 34, 35, 31, 30, 11, 98, 96, 100, 63, 60, 64, 83, 84, 24, 44, 82, 38, 57, 56, 49, 50, 87, 88, 103, 104, 53, 55, 45, 75, 77, 59, 90, 92, 65, 81, 117, 119, 95, 107, 8, 15, 0, 27, 29, 3, 41, 43, 19, 33]",True,7849235349,7.849235349,"[46, 47, 70, 69, 79, 80, 72, 73, 94, 66, 68, 86, 23, 126, 125, 124, 123, 141, 142, 62, 5, 4, 22, 21, 20, 37, 34, 35, 31, 30, 11, 98, 96, 100, 63, 60, 64, 83, 84, 24, 44, 82, 38, 57, 56, 49, 50, 87, 88, 103, 104, 53, 55, 45, 75, 77, 59, 90, 92, 65, 81, 117, 119, 95, 107, 8, 15, 0, 27, 29, 3, 41, 43, 19, 33]","[33, 19, 43, 41, 3, 29, 27, 0, 15, 8, 107, 95, 119, 117, 81, 65, 92, 90, 59, 77, 75, 45, 55, 53, 104, 103, 88, 87, 50, 49, 56, 57, 38, 82, 44, 24, 84, 83, 64, 60, 63, 100, 96, 98, 11, 30, 31, 35, 34, 37, 20, 21, 22, 4, 5, 62, 142, 141, 123, 124, 125, 126, 23, 86, 68, 66, 94, 73, 72, 80, 79, 69, 70, 47, 46]",complete,190,190,2214,115,1240,548,692,692,2,84,84,33,33,33,34
2,453,39,76,73,"[1, 2, 6, 7, 9, 10, 12, 13, 14, 16, 17, 18, 25, 26, 28, 32, 36, 39, 40, 42, 46, 47, 48, 51, 52, 54, 58, 61, 67, 71, 74, 76, 78, 85, 89, 91, 93, 97, 99, 101, 102, 105, 106, 108, 109, 110, 111, 112, 114, 115, 116, 118, 120, 121, 122, 127, 128, 129, 130, 131, 132, 133, 134, 135, 136, 137, 138, 139, 140, 143, 144, 145, 146, 147, 148, 149]","[0, 3, 4, 5, 8, 11, 15, 19, 20, 21, 22, 23, 24, 27, 29, 30, 31, 33, 34, 35, 37, 38, 41, 43, 44, 45, 49, 50, 53, 55, 56, 57, 59, 60, 62, 63, 64, 65, 66, 68, 69, 70, 72, 73, 75, 77, 79, 80, 81, 82, 83, 84, 86, 87, 88, 90, 92, 94, 95, 96, 98, 100, 103, 104, 107, 117, 119, 123, 124, 125, 126, 141, 142]",{},[],0,"[137, 138, 139, 140, 136, 135, 134, 133, 129, 130, 131, 132, 128, 127, 13, 14, 116, 118, 26, 28, 40, 42, 52, 54, 74, 76, 89, 91, 17, 122, 18, 32, 16, 112, 36, 99, 105, 144, 10, 145, 148, 115, 149, 102, 146, 147, 12, 58, 71, 109, 61, 67, 78, 85, 93, 143, 25, 7, 39, 51, 97, 106, 101, 120, 121, 114, 108, 110, 111, 9, 6, 1, 2, 48, 46, 47, 70, 69, 79, 80, 72, 73, 94, 66, 68, 86, 23, 126, 125, 124, 123, 141, 142, 62, 5, 4, 22, 21, 20, 37, 34, 35, 31, 30, 11, 98, 96, 100, 63, 60, 64, 83, 84, 24, 44, 82, 38, 57, 56, 49, 50, 87, 88, 103, 104, 53, 55, 45, 75, 77, 59, 90, 92, 65, 81, 117, 119, 95, 107, 8, 15, 0, 27, 29, 3, 41, 43, 19, 33]",True,7943890206,7.943890206,"[70, 69, 79, 80, 72, 73, 94, 66, 68, 86, 23, 126, 125, 124, 123, 141, 142, 62, 5, 4, 22, 21, 20, 37, 34, 35, 31, 30, 11, 98, 96, 100, 63, 60, 64, 83, 84, 24, 44, 82, 38, 57, 56, 49, 50, 87, 88, 103, 104, 53, 55, 45, 75, 77, 59, 90, 92, 65, 81, 117, 119, 95, 107, 8, 15, 0, 27, 29, 3, 41, 43, 19, 33]","[33, 19, 43, 41, 3, 29, 27, 0, 15, 8, 107, 95, 119, 117, 81, 65, 92, 90, 59, 77, 75, 45, 55, 53, 104, 103, 88, 87, 50, 49, 56, 57, 38, 82, 44, 24, 84, 83, 64, 60, 63, 100, 96, 98, 11, 30, 31, 35, 34, 37, 20, 21, 22, 4, 5, 62, 142, 141, 123, 124, 125, 126, 23, 86, 68, 66, 94, 73, 72, 80, 79, 69, 70]",complete,188,188,2085,115,1236,548,688,688,2,83,83,32,32,32,32
2,453,40,78,71,"[1, 2, 6, 7, 9, 10, 12, 13, 14, 16, 17, 18, 25, 26, 28, 32, 36, 39, 40, 42, 46, 47, 48, 51, 52, 54, 58, 61, 67, 69, 70, 71, 74, 76, 78, 85, 89, 91, 93, 97, 99, 101, 102, 105, 106, 108, 109, 110, 111, 112, 114, 115, 116, 118, 120, 121, 122, 127, 128, 129, 130, 131, 132, 133, 134, 135, 136, 137, 138, 139, 140, 143, 144, 145, 146, 147, 148, 149]","[0, 3, 4, 5, 8, 11, 15, 19, 20, 21, 22, 23, 24, 27, 29, 30, 31, 33, 34, 35, 37, 38, 41, 43, 44, 45, 49, 50, 53, 55, 56, 57, 59, 60, 62, 63, 64, 65, 66, 68, 72, 73, 75, 77, 79, 80, 81, 82, 83, 84, 86, 87, 88, 90, 92, 94, 95, 96, 98, 100, 103, 104, 107, 117, 119, 123, 124, 125, 126, 141, 142]","{""support_1"": 79}",[79],1,"[137, 138, 139, 140, 136, 135, 134, 133, 129, 130, 131, 132, 128, 127, 13, 14, 116, 118, 26, 28, 40, 42, 52, 54, 74, 76, 89, 91, 17, 122, 18, 32, 16, 112, 36, 99, 105, 144, 10, 145, 148, 115, 149, 102, 146, 147, 12, 58, 71, 109, 61, 67, 78, 85, 93, 143, 25, 7, 39, 51, 97, 106, 101, 120, 121, 114, 108, 110, 111, 9, 6, 1, 2, 48, 46, 47, 70, 69, 79, 80, 72, 73, 94, 66, 68, 86, 23, 126, 125, 124, 123, 141, 142, 62, 5, 4, 22, 21, 20, 37, 34, 35, 31, 30, 11, 98, 96, 100, 63, 60, 64, 83, 84, 24, 44, 82, 38, 57, 56, 49, 50, 87, 88, 103, 104, 53, 55, 45, 75, 77, 59, 90, 92, 65, 81, 117, 119, 95, 107, 8, 15, 0, 27, 29, 3, 41, 43, 19, 33]",True,7680412632,7.680412632,"[79, 80, 72, 73, 94, 66, 68, 86, 23, 126, 125, 124, 123, 141, 142, 62, 5, 4, 22, 21, 20, 37, 34, 35, 31, 30, 11, 98, 96, 100, 63, 60, 64, 83, 84, 24, 44, 82, 38, 57, 56, 49, 50, 87, 88, 103, 104, 53, 55, 45, 75, 77, 59, 90, 92, 65, 81, 117, 119, 95, 107, 8, 15, 0, 27, 29, 3, 41, 43, 19, 33]","[33, 19, 43, 41, 3, 29, 27, 0, 15, 8, 107, 95, 119, 117, 81, 65, 92, 90, 59, 77, 75, 45, 55, 53, 104, 103, 88, 87, 50, 49, 56, 57, 38, 82, 44, 24, 84, 83, 64, 60, 63, 100, 96, 98, 11, 30, 31, 35, 34, 37, 20, 21, 22, 4, 5, 62, 142, 141, 123, 124, 125, 126, 23, 86, 68, 66, 94, 73, 72, 80, 79]",complete,186,186,1960,115,1233,548,685,685,2,81,81,30,30,30,31
2,453,41,80,69,"[1, 2, 6, 7, 9, 10, 12, 13, 14, 16, 17, 18, 25, 26, 28, 32, 36, 39, 40, 42, 46, 47, 48, 51, 52, 54, 58, 61, 67, 69, 70, 71, 74, 76, 78, 79, 80, 85, 89, 91, 93, 97, 99, 101, 102, 105, 106, 108, 109, 110, 111, 112, 114, 115, 116, 118, 120, 121, 122, 127, 128, 129, 130, 131, 132, 133, 134, 135, 136, 137, 138, 139, 140, 143, 144, 145, 146, 147, 148, 149]","[0, 3, 4, 5, 8, 11, 15, 19, 20, 21, 22, 23, 24, 27, 29, 30, 31, 33, 34, 35, 37, 38, 41, 43, 44, 45, 49, 50, 53, 55, 56, 57, 59, 60, 62, 63, 64, 65, 66, 68, 72, 73, 75, 77, 81, 82, 83, 84, 86, 87, 88, 90, 92, 94, 95, 96, 98, 100, 103, 104, 107, 117, 119, 123, 124, 125, 126, 141, 142]","{""support_1"": 72}",[72],1,"[137, 138, 139, 140, 136, 135, 134, 133, 129, 130, 131, 132, 128, 127, 13, 14, 116, 118, 26, 28, 40, 42, 52, 54, 74, 76, 89, 91, 17, 122, 18, 32, 16, 112, 36, 99, 105, 144, 10, 145, 148, 115, 149, 102, 146, 147, 12, 58, 71, 109, 61, 67, 78, 85, 93, 143, 25, 7, 39, 51, 97, 106, 101, 120, 121, 114, 108, 110, 111, 9, 6, 1, 2, 48, 46, 47, 70, 69, 79, 80, 72, 73, 94, 66, 68, 86, 23, 126, 125, 124, 123, 141, 142, 62, 5, 4, 22, 21, 20, 37, 34, 35, 31, 30, 11, 98, 96, 100, 63, 60, 64, 83, 84, 24, 44, 82, 38, 57, 56, 49, 50, 87, 88, 103, 104, 53, 55, 45, 75, 77, 59, 90, 92, 65, 81, 117, 119, 95, 107, 8, 15, 0, 27, 29, 3, 41, 43, 19, 33]",True,7557409327,7.557409327,"[72, 73, 94, 66, 68, 86, 23, 126, 125, 124, 123, 141, 142, 62, 5, 4, 22, 21, 20, 37, 34, 35, 31, 30, 11, 98, 96, 100, 63, 60, 64, 83, 84, 24, 44, 82, 38, 57, 56, 49, 50, 87, 88, 103, 104, 53, 55, 45, 75, 77, 59, 90, 92, 65, 81, 117, 119, 95, 107, 8, 15, 0, 27, 29, 3, 41, 43, 19, 33]","[33, 19, 43, 41, 3, 29, 27, 0, 15, 8, 107, 95, 119, 117, 81, 65, 92, 90, 59, 77, 75, 45, 55, 53, 104, 103, 88, 87, 50, 49, 56, 57, 38, 82, 44, 24, 84, 83, 64, 60, 63, 100, 96, 98, 11, 30, 31, 35, 34, 37, 20, 21, 22, 4, 5, 62, 142, 141, 123, 124, 125, 126, 23, 86, 68, 66, 94, 73, 72]",complete,184,184,1839,115,1228,548,680,680,2,79,79,28,28,28,29
2,453,42,82,67,"[1, 2, 6, 7, 9, 10, 12, 13, 14, 16, 17, 18, 25, 26, 28, 32, 36, 39, 40, 42, 46, 47, 48, 51, 52, 54, 58, 61, 67, 69, 70, 71, 72, 73, 74, 76, 78, 79, 80, 85, 89, 91, 93, 97, 99, 101, 102, 105, 106, 108, 109, 110, 111, 112, 114, 115, 116, 118, 120, 121, 122, 127, 128, 129, 130, 131, 132, 133, 134, 135, 136, 137, 138, 139, 140, 143, 144, 145, 146, 147, 148, 149]","[0, 3, 4, 5, 8, 11, 15, 19, 20, 21, 22, 23, 24, 27, 29, 30, 31, 33, 34, 35, 37, 38, 41, 43, 44, 45, 49, 50, 53, 55, 56, 57, 59, 60, 62, 63, 64, 65, 66, 68, 75, 77, 81, 82, 83, 84, 86, 87, 88, 90, 92, 94, 95, 96, 98, 100, 103, 104, 107, 117, 119, 123, 124, 125, 126, 141, 142]","{""support_1"": 66, ""support_2"": 94}","[66, 94]",2,"[137, 138, 139, 140, 136, 135, 134, 133, 129, 130, 131, 132, 128, 127, 13, 14, 116, 118, 26, 28, 40, 42, 52, 54, 74, 76, 89, 91, 17, 122, 18, 32, 16, 112, 36, 99, 105, 144, 10, 145, 148, 115, 149, 102, 146, 147, 12, 58, 71, 109, 61, 67, 78, 85, 93, 143, 25, 7, 39, 51, 97, 106, 101, 120, 121, 114, 108, 110, 111, 9, 6, 1, 2, 48, 46, 47, 70, 69, 79, 80, 72, 73, 94, 66, 68, 86, 23, 126, 125, 124, 123, 141, 142, 62, 5, 4, 22, 21, 20, 37, 34, 35, 31, 30, 11, 98, 96, 100, 63, 60, 64, 83, 84, 24, 44, 82, 38, 57, 56, 49, 50, 87, 88, 103, 104, 53, 55, 45, 75, 77, 59, 90, 92, 65, 81, 117, 119, 95, 107, 8, 15, 0, 27, 29, 3, 41, 43, 19, 33]",True,7554781711,7.554781711,"[94, 66, 68, 86, 23, 126, 125, 124, 123, 141, 142, 62, 5, 4, 22, 21, 20, 37, 34, 35, 31, 30, 11, 98, 96, 100, 63, 60, 64, 83, 84, 24, 44, 82, 38, 57, 56, 49, 50, 87, 88, 103, 104, 53, 55, 45, 75, 77, 59, 90, 92, 65, 81, 117, 119, 95, 107, 8, 15, 0, 27, 29, 3, 41, 43, 19, 33]","[33, 19, 43, 41, 3, 29, 27, 0, 15, 8, 107, 95, 119, 117, 81, 65, 92, 90, 59, 77, 75, 45, 55, 53, 104, 103, 88, 87, 50, 49, 56, 57, 38, 82, 44, 24, 84, 83, 64, 60, 63, 100, 96, 98, 11, 30, 31, 35, 34, 37, 20, 21, 22, 4, 5, 62, 142, 141, 123, 124, 125, 126, 23, 86, 68, 66, 94]",complete,182,182,1722,115,1219,548,671,671,2,75,75,26,26,25,27
2,453,43,84,65,"[1, 2, 6, 7, 9, 10, 12, 13, 14, 16, 17, 18, 25, 26, 28, 32, 36, 39, 40, 42, 46, 47, 48, 51, 52, 54, 58, 61, 66, 67, 69, 70, 71, 72, 73, 74, 76, 78, 79, 80, 85, 89, 91, 93, 94, 97, 99, 101, 102, 105, 106, 108, 109, 110, 111, 112, 114, 115, 116, 118, 120, 121, 122, 127, 128, 129, 130, 131, 132, 133, 134, 135, 136, 137, 138, 139, 140, 143, 144, 145, 146, 147, 148, 149]","[0, 3, 4, 5, 8, 11, 15, 19, 20, 21, 22, 23, 24, 27, 29, 30, 31, 33, 34, 35, 37, 38, 41, 43, 44, 45, 49, 50, 53, 55, 56, 57, 59, 60, 62, 63, 64, 65, 68, 75, 77, 81, 82, 83, 84, 86, 87, 88, 90, 92, 95, 96, 98, 100, 103, 104, 107, 117, 119, 123, 124, 125, 126, 141, 142]","{""support_1"": 68, ""support_2"": 86}","[68, 86]",2,"[137, 138, 139, 140, 136, 135, 134, 133, 129, 130, 131, 132, 128, 127, 13, 14, 116, 118, 26, 28, 40, 42, 52, 54, 74, 76, 89, 91, 17, 122, 18, 32, 16, 112, 36, 99, 105, 144, 10, 145, 148, 115, 149, 102, 146, 147, 12, 58, 71, 109, 61, 67, 78, 85, 93, 143, 25, 7, 39, 51, 97, 106, 101, 120, 121, 114, 108, 110, 111, 9, 6, 1, 2, 48, 46, 47, 70, 69, 79, 80, 72, 73, 94, 66, 68, 86, 23, 126, 125, 124, 123, 141, 142, 62, 5, 4, 22, 21, 20, 37, 34, 35, 31, 30, 11, 98, 96, 100, 63, 60, 64, 83, 84, 24, 44, 82, 38, 57, 56, 49, 50, 87, 88, 103, 104, 53, 55, 45, 75, 77, 59, 90, 92, 65, 81, 117, 119, 95, 107, 8, 15, 0, 27, 29, 3, 41, 43, 19, 33]",True,7379787459,7.379787459,"[68, 86, 23, 126, 125, 124, 123, 141, 142, 62, 5, 4, 22, 21, 20, 37, 34, 35, 31, 30, 11, 98, 96, 100, 63, 60, 64, 83, 84, 24, 44, 82, 38, 57, 56, 49, 50, 87, 88, 103, 104, 53, 55, 45, 75, 77, 59, 90, 92, 65, 81, 117, 119, 95, 107, 8, 15, 0, 27, 29, 3, 41, 43, 19, 33]","[33, 19, 43, 41, 3, 29, 27, 0, 15, 8, 107, 95, 119, 117, 81, 65, 92, 90, 59, 77, 75, 45, 55, 53, 104, 103, 88, 87, 50, 49, 56, 57, 38, 82, 44, 24, 84, 83, 64, 60, 63, 100, 96, 98, 11, 30, 31, 35, 34, 37, 20, 21, 22, 4, 5, 62, 142, 141, 123, 124, 125, 126, 23, 86, 68]",complete,180,180,1609,115,1188,548,640,640,2,72,72,24,24,23,25
2,453,44,86,63,"[1, 2, 6, 7, 9, 10, 12, 13, 14, 16, 17, 18, 25, 26, 28, 32, 36, 39, 40, 42, 46, 47, 48, 51, 52, 54, 58, 61, 66, 67, 68, 69, 70, 71, 72, 73, 74, 76, 78, 79, 80, 85, 86, 89, 91, 93, 94, 97, 99, 101, 102, 105, 106, 108, 109, 110, 111, 112, 114, 115, 116, 118, 120, 121, 122, 127, 128, 129, 130, 131, 132, 133, 134, 135, 136, 137, 138, 139, 140, 143, 144, 145, 146, 147, 148, 149]","[0, 3, 4, 5, 8, 11, 15, 19, 20, 21, 22, 23, 24, 27, 29, 30, 31, 33, 34, 35, 37, 38, 41, 43, 44, 45, 49, 50, 53, 55, 56, 57, 59, 60, 62, 63, 64, 65, 75, 77, 81, 82, 83, 84, 87, 88, 90, 92, 95, 96, 98, 100, 103, 104, 107, 117, 119, 123, 124, 125, 126, 141, 142]","{""support_1"": 82}",[82],1,"[137, 138, 139, 140, 136, 135, 134, 133, 129, 130, 131, 132, 128, 127, 13, 14, 116, 118, 26, 28, 40, 42, 52, 54, 74, 76, 89, 91, 17, 122, 18, 32, 16, 112, 36, 99, 105, 144, 10, 145, 148, 115, 149, 102, 146, 147, 12, 58, 71, 109, 61, 67, 78, 85, 93, 143, 25, 7, 39, 51, 97, 106, 101, 120, 121, 114, 108, 110, 111, 9, 6, 1, 2, 48, 46, 47, 70, 69, 79, 80, 72, 73, 94, 66, 68, 86, 23, 126, 125, 124, 123, 141, 142, 62, 5, 4, 22, 21, 20, 37, 34, 35, 31, 30, 11, 98, 96, 100, 63, 60, 64, 83, 84, 24, 44, 82, 38, 57, 56, 49, 50, 87, 88, 103, 104, 53, 55, 45, 75, 77, 59, 90, 92, 65, 81, 117, 119, 95, 107, 8, 15, 0, 27, 29, 3, 41, 43, 19, 33]",True,7345365900,7.345365900,"[23, 126, 125, 124, 123, 141, 142, 62, 5, 4, 22, 21, 20, 37, 34, 35, 31, 30, 11, 98, 96, 100, 63, 60, 64, 83, 84, 24, 44, 82, 38, 57, 56, 49, 50, 87, 88, 103, 104, 53, 55, 45, 75, 77, 59, 90, 92, 65, 81, 117, 119, 95, 107, 8, 15, 0, 27, 29, 3, 41, 43, 19, 33]","[33, 19, 43, 41, 3, 29, 27, 0, 15, 8, 107, 95, 119, 117, 81, 65, 92, 90, 59, 77, 75, 45, 55, 53, 104, 103, 88, 87, 50, 49, 56, 57, 38, 82, 44, 24, 84, 83, 64, 60, 63, 100, 96, 98, 11, 30, 31, 35, 34, 37, 20, 21, 22, 4, 5, 62, 142, 141, 123, 124, 125, 126, 23]",complete,178,178,1500,115,1185,548,637,637,2,70,70,23,23,22,23
2,453,45,88,61,"[1, 2, 6, 7, 9, 10, 12, 13, 14, 16, 17, 18, 23, 25, 26, 28, 32, 36, 39, 40, 42, 46, 47, 48, 51, 52, 54, 58, 61, 66, 67, 68, 69, 70, 71, 72, 73, 74, 76, 78, 79, 80, 85, 86, 89, 91, 93, 94, 97, 99, 101, 102, 105, 106, 108, 109, 110, 111, 112, 114, 115, 116, 118, 120, 121, 122, 126, 127, 128, 129, 130, 131, 132, 133, 134, 135, 136, 137, 138, 139, 140, 143, 144, 145, 146, 147, 148, 149]","[0, 3, 4, 5, 8, 11, 15, 19, 20, 21, 22, 24, 27, 29, 30, 31, 33, 34, 35, 37, 38, 41, 43, 44, 45, 49, 50, 53, 55, 56, 57, 59, 60, 62, 63, 64, 65, 75, 77, 81, 82, 83, 84, 87, 88, 90, 92, 95, 96, 98, 100, 103, 104, 107, 117, 119, 123, 124, 125, 141, 142]","{""support_1"": 82, ""support_2"": 4}","[4, 82]",2,"[137, 138, 139, 140, 136, 135, 134, 133, 129, 130, 131, 132, 128, 127, 13, 14, 116, 118, 26, 28, 40, 42, 52, 54, 74, 76, 89, 91, 17, 122, 18, 32, 16, 112, 36, 99, 105, 144, 10, 145, 148, 115, 149, 102, 146, 147, 12, 58, 71, 109, 61, 67, 78, 85, 93, 143, 25, 7, 39, 51, 97, 106, 101, 120, 121, 114, 108, 110, 111, 9, 6, 1, 2, 48, 46, 47, 70, 69, 79, 80, 72, 73, 94, 66, 68, 86, 23, 126, 125, 124, 123, 141, 142, 62, 5, 4, 22, 21, 20, 37, 34, 35, 31, 30, 11, 98, 96, 100, 63, 60, 64, 83, 84, 24, 44, 82, 38, 57, 56, 49, 50, 87, 88, 103, 104, 53, 55, 45, 75, 77, 59, 90, 92, 65, 81, 117, 119, 95, 107, 8, 15, 0, 27, 29, 3, 41, 43, 19, 33]",True,5674301733,5.674301733,"[125, 124, 123, 141, 142, 62, 5, 4, 22, 21, 20, 37, 34, 35, 31, 30, 11, 98, 96, 100, 63, 60, 64, 83, 84, 24, 44, 82, 38, 57, 56, 49, 50, 87, 88, 103, 104, 53, 55, 45, 75, 77, 59, 90, 92, 65, 81, 117, 119, 95, 107, 8, 15, 0, 27, 29, 3, 41, 43, 19, 33]","[33, 19, 43, 41, 3, 29, 27, 0, 15, 8, 107, 95, 119, 117, 81, 65, 92, 90, 59, 77, 75, 45, 55, 53, 104, 103, 88, 87, 50, 49, 56, 57, 38, 82, 44, 24, 84, 83, 64, 60, 63, 100, 96, 98, 11, 30, 31, 35, 34, 37, 20, 21, 22, 4, 5, 62, 142, 141, 123, 124, 125]",complete,167,167,1395,106,1004,459,545,545,2,66,66,23,23,21,23
2,453,46,90,59,"[1, 2, 6, 7, 9, 10, 12, 13, 14, 16, 17, 18, 23, 25, 26, 28, 32, 36, 39, 40, 42, 46, 47, 48, 51, 52, 54, 58, 61, 66, 67, 68, 69, 70, 71, 72, 73, 74, 76, 78, 79, 80, 85, 86, 89, 91, 93, 94, 97, 99, 101, 102, 105, 106, 108, 109, 110, 111, 112, 114, 115, 116, 118, 120, 121, 122, 124, 125, 126, 127, 128, 129, 130, 131, 132, 133, 134, 135, 136, 137, 138, 139, 140, 143, 144, 145, 146, 147, 148, 149]","[0, 3, 4, 5, 8, 11, 15, 19, 20, 21, 22, 24, 27, 29, 30, 31, 33, 34, 35, 37, 38, 41, 43, 44, 45, 49, 50, 53, 55, 56, 57, 59, 60, 62, 63, 64, 65, 75, 77, 81, 82, 83, 84, 87, 88, 90, 92, 95, 96, 98, 100, 103, 104, 107, 117, 119, 123, 141, 142]","{""support_1"": 82, ""support_2"": 4}","[4, 82]",2,"[137, 138, 139, 140, 136, 135, 134, 133, 129, 130, 131, 132, 128, 127, 13, 14, 116, 118, 26, 28, 40, 42, 52, 54, 74, 76, 89, 91, 17, 122, 18, 32, 16, 112, 36, 99, 105, 144, 10, 145, 148, 115, 149, 102, 146, 147, 12, 58, 71, 109, 61, 67, 78, 85, 93, 143, 25, 7, 39, 51, 97, 106, 101, 120, 121, 114, 108, 110, 111, 9, 6, 1, 2, 48, 46, 47, 70, 69, 79, 80, 72, 73, 94, 66, 68, 86, 23, 126, 125, 124, 123, 141, 142, 62, 5, 4, 22, 21, 20, 37, 34, 35, 31, 30, 11, 98, 96, 100, 63, 60, 64, 83, 84, 24, 44, 82, 38, 57, 56, 49, 50, 87, 88, 103, 104, 53, 55, 45, 75, 77, 59, 90, 92, 65, 81, 117, 119, 95, 107, 8, 15, 0, 27, 29, 3, 41, 43, 19, 33]",True,4676496504,4.676496504,"[123, 141, 142, 62, 5, 4, 22, 21, 20, 37, 34, 35, 31, 30, 11, 98, 96, 100, 63, 60, 64, 83, 84, 24, 44, 82, 38, 57, 56, 49, 50, 87, 88, 103, 104, 53, 55, 45, 75, 77, 59, 90, 92, 65, 81, 117, 119, 95, 107, 8, 15, 0, 27, 29, 3, 41, 43, 19, 33]","[33, 19, 43, 41, 3, 29, 27, 0, 15, 8, 107, 95, 119, 117, 81, 65, 92, 90, 59, 77, 75, 45, 55, 53, 104, 103, 88, 87, 50, 49, 56, 57, 38, 82, 44, 24, 84, 83, 64, 60, 63, 100, 96, 98, 11, 30, 31, 35, 34, 37, 20, 21, 22, 4, 5, 62, 142, 141, 123]",complete,143,143,1294,84,836,376,460,460,2,62,62,23,23,21,23
2,453,47,92,57,"[1, 2, 6, 7, 9, 10, 12, 13, 14, 16, 17, 18, 23, 25, 26, 28, 32, 36, 39, 40, 42, 46, 47, 48, 51, 52, 54, 58, 61, 66, 67, 68, 69, 70, 71, 72, 73, 74, 76, 78, 79, 80, 85, 86, 89, 91, 93, 94, 97, 99, 101, 102, 105, 106, 108, 109, 110, 111, 112, 114, 115, 116, 118, 120, 121, 122, 123, 124, 125, 126, 127, 128, 129, 130, 131, 132, 133, 134, 135, 136, 137, 138, 139, 140, 141, 143, 144, 145, 146, 147, 148, 149]","[0, 3, 4, 5, 8, 11, 15, 19, 20, 21, 22, 24, 27, 29, 30, 31, 33, 34, 35, 37, 38, 41, 43, 44, 45, 49, 50, 53, 55, 56, 57, 59, 60, 62, 63, 64, 65, 75, 77, 81, 82, 83, 84, 87, 88, 90, 92, 95, 96, 98, 100, 103, 104, 107, 117, 119, 142]","{""support_1"": 82, ""support_2"": 4}","[4, 82]",2,"[137, 138, 139, 140, 136, 135, 134, 133, 129, 130, 131, 132, 128, 127, 13, 14, 116, 118, 26, 28, 40, 42, 52, 54, 74, 76, 89, 91, 17, 122, 18, 32, 16, 112, 36, 99, 105, 144, 10, 145, 148, 115, 149, 102, 146, 147, 12, 58, 71, 109, 61, 67, 78, 85, 93, 143, 25, 7, 39, 51, 97, 106, 101, 120, 121, 114, 108, 110, 111, 9, 6, 1, 2, 48, 46, 47, 70, 69, 79, 80, 72, 73, 94, 66, 68, 86, 23, 126, 125, 124, 123, 141, 142, 62, 5, 4, 22, 21, 20, 37, 34, 35, 31, 30, 11, 98, 96, 100, 63, 60, 64, 83, 84, 24, 44, 82, 38, 57, 56, 49, 50, 87, 88, 103, 104, 53, 55, 45, 75, 77, 59, 90, 92, 65, 81, 117, 119, 95, 107, 8, 15, 0, 27, 29, 3, 41, 43, 19, 33]",True,3512815269,3.512815269,"[142, 62, 5, 4, 22, 21, 20, 37, 34, 35, 31, 30, 11, 98, 96, 100, 63, 60, 64, 83, 84, 24, 44, 82, 38, 57, 56, 49, 50, 87, 88, 103, 104, 53, 55, 45, 75, 77, 59, 90, 92, 65, 81, 117, 119, 95, 107, 8, 15, 0, 27, 29, 3, 41, 43, 19, 33]","[33, 19, 43, 41, 3, 29, 27, 0, 15, 8, 107, 95, 119, 117, 81, 65, 92, 90, 59, 77, 75, 45, 55, 53, 104, 103, 88, 87, 50, 49, 56, 57, 38, 82, 44, 24, 84, 83, 64, 60, 63, 100, 96, 98, 11, 30, 31, 35, 34, 37, 20, 21, 22, 4, 5, 62, 142]",complete,119,119,1197,62,670,294,376,376,2,58,58,23,23,21,23
2,453,48,94,55,"[1, 2, 6, 7, 9, 10, 12, 13, 14, 16, 17, 18, 23, 25, 26, 28, 32, 36, 39, 40, 42, 46, 47, 48, 51, 52, 54, 58, 61, 62, 66, 67, 68, 69, 70, 71, 72, 73, 74, 76, 78, 79, 80, 85, 86, 89, 91, 93, 94, 97, 99, 101, 102, 105, 106, 108, 109, 110, 111, 112, 114, 115, 116, 118, 120, 121, 122, 123, 124, 125, 126, 127, 128, 129, 130, 131, 132, 133, 134, 135, 136, 137, 138, 139, 140, 141, 142, 143, 144, 145, 146, 147, 148, 149]","[0, 3, 4, 5, 8, 11, 15, 19, 20, 21, 22, 24, 27, 29, 30, 31, 33, 34, 35, 37, 38, 41, 43, 44, 45, 49, 50, 53, 55, 56, 57, 59, 60, 63, 64, 65, 75, 77, 81, 82, 83, 84, 87, 88, 90, 92, 95, 96, 98, 100, 103, 104, 107, 117, 119]","{""support_1"": 82, ""support_2"": 4}","[4, 82]",2,"[137, 138, 139, 140, 136, 135, 134, 133, 129, 130, 131, 132, 128, 127, 13, 14, 116, 118, 26, 28, 40, 42, 52, 54, 74, 76, 89, 91, 17, 122, 18, 32, 16, 112, 36, 99, 105, 144, 10, 145, 148, 115, 149, 102, 146, 147, 12, 58, 71, 109, 61, 67, 78, 85, 93, 143, 25, 7, 39, 51, 97, 106, 101, 120, 121, 114, 108, 110, 111, 9, 6, 1, 2, 48, 46, 47, 70, 69, 79, 80, 72, 73, 94, 66, 68, 86, 23, 126, 125, 124, 123, 141, 142, 62, 5, 4, 22, 21, 20, 37, 34, 35, 31, 30, 11, 98, 96, 100, 63, 60, 64, 83, 84, 24, 44, 82, 38, 57, 56, 49, 50, 87, 88, 103, 104, 53, 55, 45, 75, 77, 59, 90, 92, 65, 81, 117, 119, 95, 107, 8, 15, 0, 27, 29, 3, 41, 43, 19, 33]",True,2563976498,2.563976498,"[5, 4, 22, 21, 20, 37, 34, 35, 31, 30, 11, 98, 96, 100, 63, 60, 64, 83, 84, 24, 44, 82, 38, 57, 56, 49, 50, 87, 88, 103, 104, 53, 55, 45, 75, 77, 59, 90, 92, 65, 81, 117, 119, 95, 107, 8, 15, 0, 27, 29, 3, 41, 43, 19, 33]","[33, 19, 43, 41, 3, 29, 27, 0, 15, 8, 107, 95, 119, 117, 81, 65, 92, 90, 59, 77, 75, 45, 55, 53, 104, 103, 88, 87, 50, 49, 56, 57, 38, 82, 44, 24, 84, 83, 64, 60, 63, 100, 96, 98, 11, 30, 31, 35, 34, 37, 20, 21, 22, 4, 5]",complete,95,95,1104,40,504,212,292,292,2,54,54,23,23,21,23
2,453,49,96,53,"[1, 2, 4, 5, 6, 7, 9, 10, 12, 13, 14, 16, 17, 18, 23, 25, 26, 28, 32, 36, 39, 40, 42, 46, 47, 48, 51, 52, 54, 58, 61, 62, 66, 67, 68, 69, 70, 71, 72, 73, 74, 76, 78, 79, 80, 85, 86, 89, 91, 93, 94, 97, 99, 101, 102, 105, 106, 108, 109, 110, 111, 112, 114, 115, 116, 118, 120, 121, 122, 123, 124, 125, 126, 127, 128, 129, 130, 131, 132, 133, 134, 135, 136, 137, 138, 139, 140, 141, 142, 143, 144, 145, 146, 147, 148, 149]","[0, 3, 8, 11, 15, 19, 20, 21, 22, 24, 27, 29, 30, 31, 33, 34, 35, 37, 38, 41, 43, 44, 45, 49, 50, 53, 55, 56, 57, 59, 60, 63, 64, 65, 75, 77, 81, 82, 83, 84, 87, 88, 90, 92, 95, 96, 98, 100, 103, 104, 107, 117, 119]","{""support_1"": 82, ""support_2"": 22}","[22, 82]",2,"[137, 138, 139, 140, 136, 135, 134, 133, 129, 130, 131, 132, 128, 127, 13, 14, 116, 118, 26, 28, 40, 42, 52, 54, 74, 76, 89, 91, 17, 122, 18, 32, 16, 112, 36, 99, 105, 144, 10, 145, 148, 115, 149, 102, 146, 147, 12, 58, 71, 109, 61, 67, 78, 85, 93, 143, 25, 7, 39, 51, 97, 106, 101, 120, 121, 114, 108, 110, 111, 9, 6, 1, 2, 48, 46, 47, 70, 69, 79, 80, 72, 73, 94, 66, 68, 86, 23, 126, 125, 124, 123, 141, 142, 62, 5, 4, 22, 21, 20, 37, 34, 35, 31, 30, 11, 98, 96, 100, 63, 60, 64, 83, 84, 24, 44, 82, 38, 57, 56, 49, 50, 87, 88, 103, 104, 53, 55, 45, 75, 77, 59, 90, 92, 65, 81, 117, 119, 95, 107, 8, 15, 0, 27, 29, 3, 41, 43, 19, 33]",True,1936747096,1.936747096,"[22, 21, 20, 37, 34, 35, 31, 30, 11, 98, 96, 100, 63, 60, 64, 83, 84, 24, 44, 82, 38, 57, 56, 49, 50, 87, 88, 103, 104, 53, 55, 45, 75, 77, 59, 90, 92, 65, 81, 117, 119, 95, 107, 8, 15, 0, 27, 29, 3, 41, 43, 19, 33]","[33, 19, 43, 41, 3, 29, 27, 0, 15, 8, 107, 95, 119, 117, 81, 65, 92, 90, 59, 77, 75, 45, 55, 53, 104, 103, 88, 87, 50, 49, 56, 57, 38, 82, 44, 24, 84, 83, 64, 60, 63, 100, 96, 98, 11, 30, 31, 35, 34, 37, 20, 21, 22]",complete,78,78,1015,25,413,168,245,245,2,50,50,21,21,20,22
2,453,50,98,51,"[1, 2, 4, 5, 6, 7, 9, 10, 12, 13, 14, 16, 17, 18, 21, 22, 23, 25, 26, 28, 32, 36, 39, 40, 42, 46, 47, 48, 51, 52, 54, 58, 61, 62, 66, 67, 68, 69, 70, 71, 72, 73, 74, 76, 78, 79, 80, 85, 86, 89, 91, 93, 94, 97, 99, 101, 102, 105, 106, 108, 109, 110, 111, 112, 114, 115, 116, 118, 120, 121, 122, 123, 124, 125, 126, 127, 128, 129, 130, 131, 132, 133, 134, 135, 136, 137, 138, 139, 140, 141, 142, 143, 144, 145, 146, 147, 148, 149]","[0, 3, 8, 11, 15, 19, 20, 24, 27, 29, 30, 31, 33, 34, 35, 37, 38, 41, 43, 44, 45, 49, 50, 53, 55, 56, 57, 59, 60, 63, 64, 65, 75, 77, 81, 82, 83, 84, 87, 88, 90, 92, 95, 96, 98, 100, 103, 104, 107, 117, 119]","{""support_1"": 82, ""support_2"": 20}","[20, 82]",2,"[137, 138, 139, 140, 136, 135, 134, 133, 129, 130, 131, 132, 128, 127, 13, 14, 116, 118, 26, 28, 40, 42, 52, 54, 74, 76, 89, 91, 17, 122, 18, 32, 16, 112, 36, 99, 105, 144, 10, 145, 148, 115, 149, 102, 146, 147, 12, 58, 71, 109, 61, 67, 78, 85, 93, 143, 25, 7, 39, 51, 97, 106, 101, 120, 121, 114, 108, 110, 111, 9, 6, 1, 2, 48, 46, 47, 70, 69, 79, 80, 72, 73, 94, 66, 68, 86, 23, 126, 125, 124, 123, 141, 142, 62, 5, 4, 22, 21, 20, 37, 34, 35, 31, 30, 11, 98, 96, 100, 63, 60, 64, 83, 84, 24, 44, 82, 38, 57, 56, 49, 50, 87, 88, 103, 104, 53, 55, 45, 75, 77, 59, 90, 92, 65, 81, 117, 119, 95, 107, 8, 15, 0, 27, 29, 3, 41, 43, 19, 33]",True,1488900069,1.488900069,"[20, 37, 34, 35, 31, 30, 11, 98, 96, 100, 63, 60, 64, 83, 84, 24, 44, 82, 38, 57, 56, 49, 50, 87, 88, 103, 104, 53, 55, 45, 75, 77, 59, 90, 92, 65, 81, 117, 119, 95, 107, 8, 15, 0, 27, 29, 3, 41, 43, 19, 33]","[33, 19, 43, 41, 3, 29, 27, 0, 15, 8, 107, 95, 119, 117, 81, 65, 92, 90, 59, 77, 75, 45, 55, 53, 104, 103, 88, 87, 50, 49, 56, 57, 38, 82, 44, 24, 84, 83, 64, 60, 63, 100, 96, 98, 11, 30, 31, 35, 34, 37, 20]",complete,62,62,930,11,330,128,202,202,2,46,46,20,20,19,21
2,453,51,100,49,"[1, 2, 4, 5, 6, 7, 9, 10, 12, 13, 14, 16, 17, 18, 20, 21, 22, 23, 25, 26, 28, 32, 36, 37, 39, 40, 42, 46, 47, 48, 51, 52, 54, 58, 61, 62, 66, 67, 68, 69, 70, 71, 72, 73, 74, 76, 78, 79, 80, 85, 86, 89, 91, 93, 94, 97, 99, 101, 102, 105, 106, 108, 109, 110, 111, 112, 114, 115, 116, 118, 120, 121, 122, 123, 124, 125, 126, 127, 128, 129, 130, 131, 132, 133, 134, 135, 136, 137, 138, 139, 140, 141, 142, 143, 144, 145, 146, 147, 148, 149]","[0, 3, 8, 11, 15, 19, 24, 27, 29, 30, 31, 33, 34, 35, 38, 41, 43, 44, 45, 49, 50, 53, 55, 56, 57, 59, 60, 63, 64, 65, 75, 77, 81, 82, 83, 84, 87, 88, 90, 92, 95, 96, 98, 100, 103, 104, 107, 117, 119]","{""support_1"": 82, ""support_2"": 34}","[34, 82]",2,"[137, 138, 139, 140, 136, 135, 134, 133, 129, 130, 131, 132, 128, 127, 13, 14, 116, 118, 26, 28, 40, 42, 52, 54, 74, 76, 89, 91, 17, 122, 18, 32, 16, 112, 36, 99, 105, 144, 10, 145, 148, 115, 149, 102, 146, 147, 12, 58, 71, 109, 61, 67, 78, 85, 93, 143, 25, 7, 39, 51, 97, 106, 101, 120, 121, 114, 108, 110, 111, 9, 6, 1, 2, 48, 46, 47, 70, 69, 79, 80, 72, 73, 94, 66, 68, 86, 23, 126, 125, 124, 123, 141, 142, 62, 5, 4, 22, 21, 20, 37, 34, 35, 31, 30, 11, 98, 96, 100, 63, 60, 64, 83, 84, 24, 44, 82, 38, 57, 56, 49, 50, 87, 88, 103, 104, 53, 55, 45, 75, 77, 59, 90, 92, 65, 81, 117, 119, 95, 107, 8, 15, 0, 27, 29, 3, 41, 43, 19, 33]",True,1454060008,1.454060008,"[34, 35, 31, 30, 11, 98, 96, 100, 63, 60, 64, 83, 84, 24, 44, 82, 38, 57, 56, 49, 50, 87, 88, 103, 104, 53, 55, 45, 75, 77, 59, 90, 92, 65, 81, 117, 119, 95, 107, 8, 15, 0, 27, 29, 3, 41, 43, 19, 33]","[33, 19, 43, 41, 3, 29, 27, 0, 15, 8, 107, 95, 119, 117, 81, 65, 92, 90, 59, 77, 75, 45, 55, 53, 104, 103, 88, 87, 50, 49, 56, 57, 38, 82, 44, 24, 84, 83, 64, 60, 63, 100, 96, 98, 11, 30, 31, 35, 34]",complete,60,60,849,11,326,128,198,198,2,42,42,18,18,17,19
2,453,52,102,47,"[1, 2, 4, 5, 6, 7, 9, 10, 12, 13, 14, 16, 17, 18, 20, 21, 22, 23, 25, 26, 28, 32, 34, 35, 36, 37, 39, 40, 42, 46, 47, 48, 51, 52, 54, 58, 61, 62, 66, 67, 68, 69, 70, 71, 72, 73, 74, 76, 78, 79, 80, 85, 86, 89, 91, 93, 94, 97, 99, 101, 102, 105, 106, 108, 109, 110, 111, 112, 114, 115, 116, 118, 120, 121, 122, 123, 124, 125, 126, 127, 128, 129, 130, 131, 132, 133, 134, 135, 136, 137, 138, 139, 140, 141, 142, 143, 144, 145, 146, 147, 148, 149]","[0, 3, 8, 11, 15, 19, 24, 27, 29, 30, 31, 33, 38, 41, 43, 44, 45, 49, 50, 53, 55, 56, 57, 59, 60, 63, 64, 65, 75, 77, 81, 82, 83, 84, 87, 88, 90, 92, 95, 96, 98, 100, 103, 104, 107, 117, 119]","{""support_1"": 82}",[82],1,"[137, 138, 139, 140, 136, 135, 134, 133, 129, 130, 131, 132, 128, 127, 13, 14, 116, 118, 26, 28, 40, 42, 52, 54, 74, 76, 89, 91, 17, 122, 18, 32, 16, 112, 36, 99, 105, 144, 10, 145, 148, 115, 149, 102, 146, 147, 12, 58, 71, 109, 61, 67, 78, 85, 93, 143, 25, 7, 39, 51, 97, 106, 101, 120, 121, 114, 108, 110, 111, 9, 6, 1, 2, 48, 46, 47, 70, 69, 79, 80, 72, 73, 94, 66, 68, 86, 23, 126, 125, 124, 123, 141, 142, 62, 5, 4, 22, 21, 20, 37, 34, 35, 31, 30, 11, 98, 96, 100, 63, 60, 64, 83, 84, 24, 44, 82, 38, 57, 56, 49, 50, 87, 88, 103, 104, 53, 55, 45, 75, 77, 59, 90, 92, 65, 81, 117, 119, 95, 107, 8, 15, 0, 27, 29, 3, 41, 43, 19, 33]",True,1387222602,1.387222602,"[31, 30, 11, 98, 96, 100, 63, 60, 64, 83, 84, 24, 44, 82, 38, 57, 56, 49, 50, 87, 88, 103, 104, 53, 55, 45, 75, 77, 59, 90, 92, 65, 81, 117, 119, 95, 107, 8, 15, 0, 27, 29, 3, 41, 43, 19, 33]","[33, 19, 43, 41, 3, 29, 27, 0, 15, 8, 107, 95, 119, 117, 81, 65, 92, 90, 59, 77, 75, 45, 55, 53, 104, 103, 88, 87, 50, 49, 56, 57, 38, 82, 44, 24, 84, 83, 64, 60, 63, 100, 96, 98, 11, 30, 31]",complete,58,58,772,11,323,128,195,195,2,39,39,17,17,16,17
2,453,53,104,45,"[1, 2, 4, 5, 6, 7, 9, 10, 12, 13, 14, 16, 17, 18, 20, 21, 22, 23, 25, 26, 28, 30, 31, 32, 34, 35, 36, 37, 39, 40, 42, 46, 47, 48, 51, 52, 54, 58, 61, 62, 66, 67, 68, 69, 70, 71, 72, 73, 74, 76, 78, 79, 80, 85, 86, 89, 91, 93, 94, 97, 99, 101, 102, 105, 106, 108, 109, 110, 111, 112, 114, 115, 116, 118, 120, 121, 122, 123, 124, 125, 126, 127, 128, 129, 130, 131, 132, 133, 134, 135, 136, 137, 138, 139, 140, 141, 142, 143, 144, 145, 146, 147, 148, 149]","[0, 3, 8, 11, 15, 19, 24, 27, 29, 33, 38, 41, 43, 44, 45, 49, 50, 53, 55, 56, 57, 59, 60, 63, 64, 65, 75, 77, 81, 82, 83, 84, 87, 88, 90, 92, 95, 96, 98, 100, 103, 104, 107, 117, 119]","{""support_1"": 82, ""support_2"": 11}","[11, 82]",2,"[137, 138, 139, 140, 136, 135, 134, 133, 129, 130, 131, 132, 128, 127, 13, 14, 116, 118, 26, 28, 40, 42, 52, 54, 74, 76, 89, 91, 17, 122, 18, 32, 16, 112, 36, 99, 105, 144, 10, 145, 148, 115, 149, 102, 146, 147, 12, 58, 71, 109, 61, 67, 78, 85, 93, 143, 25, 7, 39, 51, 97, 106, 101, 120, 121, 114, 108, 110, 111, 9, 6, 1, 2, 48, 46, 47, 70, 69, 79, 80, 72, 73, 94, 66, 68, 86, 23, 126, 125, 124, 123, 141, 142, 62, 5, 4, 22, 21, 20, 37, 34, 35, 31, 30, 11, 98, 96, 100, 63, 60, 64, 83, 84, 24, 44, 82, 38, 57, 56, 49, 50, 87, 88, 103, 104, 53, 55, 45, 75, 77, 59, 90, 92, 65, 81, 117, 119, 95, 107, 8, 15, 0, 27, 29, 3, 41, 43, 19, 33]",True,771934023,0.771934023,"[11, 98, 96, 100, 63, 60, 64, 83, 84, 24, 44, 82, 38, 57, 56, 49, 50, 87, 88, 103, 104, 53, 55, 45, 75, 77, 59, 90, 92, 65, 81, 117, 119, 95, 107, 8, 15, 0, 27, 29, 3, 41, 43, 19, 33]","[33, 19, 43, 41, 3, 29, 27, 0, 15, 8, 107, 95, 119, 117, 81, 65, 92, 90, 59, 77, 75, 45, 55, 53, 104, 103, 88, 87, 50, 49, 56, 57, 38, 82, 44, 24, 84, 83, 64, 60, 63, 100, 96, 98, 11]",complete,53,53,699,8,198,67,131,131,2,35,35,16,16,15,17
2,453,54,106,43,"[1, 2, 4, 5, 6, 7, 9, 10, 11, 12, 13, 14, 16, 17, 18, 20, 21, 22, 23, 25, 26, 28, 30, 31, 32, 34, 35, 36, 37, 39, 40, 42, 46, 47, 48, 51, 52, 54, 58, 61, 62, 66, 67, 68, 69, 70, 71, 72, 73, 74, 76, 78, 79, 80, 85, 86, 89, 91, 93, 94, 97, 98, 99, 101, 102, 105, 106, 108, 109, 110, 111, 112, 114, 115, 116, 118, 120, 121, 122, 123, 124, 125, 126, 127, 128, 129, 130, 131, 132, 133, 134, 135, 136, 137, 138, 139, 140, 141, 142, 143, 144, 145, 146, 147, 148, 149]","[0, 3, 8, 15, 19, 24, 27, 29, 33, 38, 41, 43, 44, 45, 49, 50, 53, 55, 56, 57, 59, 60, 63, 64, 65, 75, 77, 81, 82, 83, 84, 87, 88, 90, 92, 95, 96, 100, 103, 104, 107, 117, 119]","{""support_1"": 82, ""support_2"": 96}","[82, 96]",2,"[137, 138, 139, 140, 136, 135, 134, 133, 129, 130, 131, 132, 128, 127, 13, 14, 116, 118, 26, 28, 40, 42, 52, 54, 74, 76, 89, 91, 17, 122, 18, 32, 16, 112, 36, 99, 105, 144, 10, 145, 148, 115, 149, 102, 146, 147, 12, 58, 71, 109, 61, 67, 78, 85, 93, 143, 25, 7, 39, 51, 97, 106, 101, 120, 121, 114, 108, 110, 111, 9, 6, 1, 2, 48, 46, 47, 70, 69, 79, 80, 72, 73, 94, 66, 68, 86, 23, 126, 125, 124, 123, 141, 142, 62, 5, 4, 22, 21, 20, 37, 34, 35, 31, 30, 11, 98, 96, 100, 63, 60, 64, 83, 84, 24, 44, 82, 38, 57, 56, 49, 50, 87, 88, 103, 104, 53, 55, 45, 75, 77, 59, 90, 92, 65, 81, 117, 119, 95, 107, 8, 15, 0, 27, 29, 3, 41, 43, 19, 33]",True,737972042,0.737972042,"[96, 100, 63, 60, 64, 83, 84, 24, 44, 82, 38, 57, 56, 49, 50, 87, 88, 103, 104, 53, 55, 45, 75, 77, 59, 90, 92, 65, 81, 117, 119, 95, 107, 8, 15, 0, 27, 29, 3, 41, 43, 19, 33]","[33, 19, 43, 41, 3, 29, 27, 0, 15, 8, 107, 95, 119, 117, 81, 65, 92, 90, 59, 77, 75, 45, 55, 53, 104, 103, 88, 87, 50, 49, 56, 57, 38, 82, 44, 24, 84, 83, 64, 60, 63, 100, 96]",complete,51,51,630,8,194,67,127,127,2,31,31,14,14,13,15
2,453,55,108,41,"[1, 2, 4, 5, 6, 7, 9, 10, 11, 12, 13, 14, 16, 17, 18, 20, 21, 22, 23, 25, 26, 28, 30, 31, 32, 34, 35, 36, 37, 39, 40, 42, 46, 47, 48, 51, 52, 54, 58, 61, 62, 66, 67, 68, 69, 70, 71, 72, 73, 74, 76, 78, 79, 80, 85, 86, 89, 91, 93, 94, 96, 97, 98, 99, 100, 101, 102, 105, 106, 108, 109, 110, 111, 112, 114, 115, 116, 118, 120, 121, 122, 123, 124, 125, 126, 127, 128, 129, 130, 131, 132, 133, 134, 135, 136, 137, 138, 139, 140, 141, 142, 143, 144, 145, 146, 147, 148, 149]","[0, 3, 8, 15, 19, 24, 27, 29, 33, 38, 41, 43, 44, 45, 49, 50, 53, 55, 56, 57, 59, 60, 63, 64, 65, 75, 77, 81, 82, 83, 84, 87, 88, 90, 92, 95, 103, 104, 107, 117, 119]","{""support_1"": 82}",[82],1,"[137, 138, 139, 140, 136, 135, 134, 133, 129, 130, 131, 132, 128, 127, 13, 14, 116, 118, 26, 28, 40, 42, 52, 54, 74, 76, 89, 91, 17, 122, 18, 32, 16, 112, 36, 99, 105, 144, 10, 145, 148, 115, 149, 102, 146, 147, 12, 58, 71, 109, 61, 67, 78, 85, 93, 143, 25, 7, 39, 51, 97, 106, 101, 120, 121, 114, 108, 110, 111, 9, 6, 1, 2, 48, 46, 47, 70, 69, 79, 80, 72, 73, 94, 66, 68, 86, 23, 126, 125, 124, 123, 141, 142, 62, 5, 4, 22, 21, 20, 37, 34, 35, 31, 30, 11, 98, 96, 100, 63, 60, 64, 83, 84, 24, 44, 82, 38, 57, 56, 49, 50, 87, 88, 103, 104, 53, 55, 45, 75, 77, 59, 90, 92, 65, 81, 117, 119, 95, 107, 8, 15, 0, 27, 29, 3, 41, 43, 19, 33]",True,716383152,0.716383152,"[63, 60, 64, 83, 84, 24, 44, 82, 38, 57, 56, 49, 50, 87, 88, 103, 104, 53, 55, 45, 75, 77, 59, 90, 92, 65, 81, 117, 119, 95, 107, 8, 15, 0, 27, 29, 3, 41, 43, 19, 33]","[33, 19, 43, 41, 3, 29, 27, 0, 15, 8, 107, 95, 119, 117, 81, 65, 92, 90, 59, 77, 75, 45, 55, 53, 104, 103, 88, 87, 50, 49, 56, 57, 38, 82, 44, 24, 84, 83, 64, 60, 63]",complete,49,49,565,8,191,67,124,124,2,28,28,13,13,12,13
2,453,56,110,39,"[1, 2, 4, 5, 6, 7, 9, 10, 11, 12, 13, 14, 16, 17, 18, 20, 21, 22, 23, 25, 26, 28, 30, 31, 32, 34, 35, 36, 37, 39, 40, 42, 46, 47, 48, 51, 52, 54, 58, 60, 61, 62, 63, 66, 67, 68, 69, 70, 71, 72, 73, 74, 76, 78, 79, 80, 85, 86, 89, 91, 93, 94, 96, 97, 98, 99, 100, 101, 102, 105, 106, 108, 109, 110, 111, 112, 114, 115, 116, 118, 120, 121, 122, 123, 124, 125, 126, 127, 128, 129, 130, 131, 132, 133, 134, 135, 136, 137, 138, 139, 140, 141, 142, 143, 144, 145, 146, 147, 148, 149]","[0, 3, 8, 15, 19, 24, 27, 29, 33, 38, 41, 43, 44, 45, 49, 50, 53, 55, 56, 57, 59, 64, 65, 75, 77, 81, 82, 83, 84, 87, 88, 90, 92, 95, 103, 104, 107, 117, 119]","{""support_1"": 82, ""support_2"": 64}","[64, 82]",2,"[137, 138, 139, 140, 136, 135, 134, 133, 129, 130, 131, 132, 128, 127, 13, 14, 116, 118, 26, 28, 40, 42, 52, 54, 74, 76, 89, 91, 17, 122, 18, 32, 16, 112, 36, 99, 105, 144, 10, 145, 148, 115, 149, 102, 146, 147, 12, 58, 71, 109, 61, 67, 78, 85, 93, 143, 25, 7, 39, 51, 97, 106, 101, 120, 121, 114, 108, 110, 111, 9, 6, 1, 2, 48, 46, 47, 70, 69, 79, 80, 72, 73, 94, 66, 68, 86, 23, 126, 125, 124, 123, 141, 142, 62, 5, 4, 22, 21, 20, 37, 34, 35, 31, 30, 11, 98, 96, 100, 63, 60, 64, 83, 84, 24, 44, 82, 38, 57, 56, 49, 50, 87, 88, 103, 104, 53, 55, 45, 75, 77, 59, 90, 92, 65, 81, 117, 119, 95, 107, 8, 15, 0, 27, 29, 3, 41, 43, 19, 33]",True,498117596,0.498117596,"[64, 83, 84, 24, 44, 82, 38, 57, 56, 49, 50, 87, 88, 103, 104, 53, 55, 45, 75, 77, 59, 90, 92, 65, 81, 117, 119, 95, 107, 8, 15, 0, 27, 29, 3, 41, 43, 19, 33]","[33, 19, 43, 41, 3, 29, 27, 0, 15, 8, 107, 95, 119, 117, 81, 65, 92, 90, 59, 77, 75, 45, 55, 53, 104, 103, 88, 87, 50, 49, 56, 57, 38, 82, 44, 24, 84, 83, 64]",complete,46,46,504,7,143,45,98,98,2,24,24,11,11,10,12
2,453,57,112,37,"[1, 2, 4, 5, 6, 7, 9, 10, 11, 12, 13, 14, 16, 17, 18, 20, 21, 22, 23, 25, 26, 28, 30, 31, 32, 34, 35, 36, 37, 39, 40, 42, 46, 47, 48, 51, 52, 54, 58, 60, 61, 62, 63, 64, 66, 67, 68, 69, 70, 71, 72, 73, 74, 76, 78, 79, 80, 83, 85, 86, 89, 91, 93, 94, 96, 97, 98, 99, 100, 101, 102, 105, 106, 108, 109, 110, 111, 112, 114, 115, 116, 118, 120, 121, 122, 123, 124, 125, 126, 127, 128, 129, 130, 131, 132, 133, 134, 135, 136, 137, 138, 139, 140, 141, 142, 143, 144, 145, 146, 147, 148, 149]","[0, 3, 8, 15, 19, 24, 27, 29, 33, 38, 41, 43, 44, 45, 49, 50, 53, 55, 56, 57, 59, 65, 75, 77, 81, 82, 84, 87, 88, 90, 92, 95, 103, 104, 107, 117, 119]","{""support_1"": 82, ""support_2"": 24}","[24, 82]",2,"[137, 138, 139, 140, 136, 135, 134, 133, 129, 130, 131, 132, 128, 127, 13, 14, 116, 118, 26, 28, 40, 42, 52, 54, 74, 76, 89, 91, 17, 122, 18, 32, 16, 112, 36, 99, 105, 144, 10, 145, 148, 115, 149, 102, 146, 147, 12, 58, 71, 109, 61, 67, 78, 85, 93, 143, 25, 7, 39, 51, 97, 106, 101, 120, 121, 114, 108, 110, 111, 9, 6, 1, 2, 48, 46, 47, 70, 69, 79, 80, 72, 73, 94, 66, 68, 86, 23, 126, 125, 124, 123, 141, 142, 62, 5, 4, 22, 21, 20, 37, 34, 35, 31, 30, 11, 98, 96, 100, 63, 60, 64, 83, 84, 24, 44, 82, 38, 57, 56, 49, 50, 87, 88, 103, 104, 53, 55, 45, 75, 77, 59, 90, 92, 65, 81, 117, 119, 95, 107, 8, 15, 0, 27, 29, 3, 41, 43, 19, 33]",True,360477463,0.360477463,"[84, 24, 44, 82, 38, 57, 56, 49, 50, 87, 88, 103, 104, 53, 55, 45, 75, 77, 59, 90, 92, 65, 81, 117, 119, 95, 107, 8, 15, 0, 27, 29, 3, 41, 43, 19, 33]","[33, 19, 43, 41, 3, 29, 27, 0, 15, 8, 107, 95, 119, 117, 81, 65, 92, 90, 59, 77, 75, 45, 55, 53, 104, 103, 88, 87, 50, 49, 56, 57, 38, 82, 44, 24, 84]",complete,43,43,447,6,102,26,76,76,2,21,21,11,11,9,11
2,453,58,114,35,"[1, 2, 4, 5, 6, 7, 9, 10, 11, 12, 13, 14, 16, 17, 18, 20, 21, 22, 23, 24, 25, 26, 28, 30, 31, 32, 34, 35, 36, 37, 39, 40, 42, 46, 47, 48, 51, 52, 54, 58, 60, 61, 62, 63, 64, 66, 67, 68, 69, 70, 71, 72, 73, 74, 76, 78, 79, 80, 83, 84, 85, 86, 89, 91, 93, 94, 96, 97, 98, 99, 100, 101, 102, 105, 106, 108, 109, 110, 111, 112, 114, 115, 116, 118, 120, 121, 122, 123, 124, 125, 126, 127, 128, 129, 130, 131, 132, 133, 134, 135, 136, 137, 138, 139, 140, 141, 142, 143, 144, 145, 146, 147, 148, 149]","[0, 3, 8, 15, 19, 27, 29, 33, 38, 41, 43, 44, 45, 49, 50, 53, 55, 56, 57, 59, 65, 75, 77, 81, 82, 87, 88, 90, 92, 95, 103, 104, 107, 117, 119]","{""support_1"": 82, ""support_2"": 44}","[44, 82]",2,"[137, 138, 139, 140, 136, 135, 134, 133, 129, 130, 131, 132, 128, 127, 13, 14, 116, 118, 26, 28, 40, 42, 52, 54, 74, 76, 89, 91, 17, 122, 18, 32, 16, 112, 36, 99, 105, 144, 10, 145, 148, 115, 149, 102, 146, 147, 12, 58, 71, 109, 61, 67, 78, 85, 93, 143, 25, 7, 39, 51, 97, 106, 101, 120, 121, 114, 108, 110, 111, 9, 6, 1, 2, 48, 46, 47, 70, 69, 79, 80, 72, 73, 94, 66, 68, 86, 23, 126, 125, 124, 123, 141, 142, 62, 5, 4, 22, 21, 20, 37, 34, 35, 31, 30, 11, 98, 96, 100, 63, 60, 64, 83, 84, 24, 44, 82, 38, 57, 56, 49, 50, 87, 88, 103, 104, 53, 55, 45, 75, 77, 59, 90, 92, 65, 81, 117, 119, 95, 107, 8, 15, 0, 27, 29, 3, 41, 43, 19, 33]",True,222150846,0.222150846,"[44, 82, 38, 57, 56, 49, 50, 87, 88, 103, 104, 53, 55, 45, 75, 77, 59, 90, 92, 65, 81, 117, 119, 95, 107, 8, 15, 0, 27, 29, 3, 41, 43, 19, 33]","[33, 19, 43, 41, 3, 29, 27, 0, 15, 8, 107, 95, 119, 117, 81, 65, 92, 90, 59, 77, 75, 45, 55, 53, 104, 103, 88, 87, 50, 49, 56, 57, 38, 82, 44]",complete,37,37,394,2,67,10,57,57,2,17,17,9,9,8,10
2,453,59,116,33,"[1, 2, 4, 5, 6, 7, 9, 10, 11, 12, 13, 14, 16, 17, 18, 20, 21, 22, 23, 24, 25, 26, 28, 30, 31, 32, 34, 35, 36, 37, 39, 40, 42, 44, 46, 47, 48, 51, 52, 54, 58, 60, 61, 62, 63, 64, 66, 67, 68, 69, 70, 71, 72, 73, 74, 76, 78, 79, 80, 82, 83, 84, 85, 86, 89, 91, 93, 94, 96, 97, 98, 99, 100, 101, 102, 105, 106, 108, 109, 110, 111, 112, 114, 115, 116, 118, 120, 121, 122, 123, 124, 125, 126, 127, 128, 129, 130, 131, 132, 133, 134, 135, 136, 137, 138, 139, 140, 141, 142, 143, 144, 145, 146, 147, 148, 149]","[0, 3, 8, 15, 19, 27, 29, 33, 38, 41, 43, 45, 49, 50, 53, 55, 56, 57, 59, 65, 75, 77, 81, 87, 88, 90, 92, 95, 103, 104, 107, 117, 119]","{""support_1"": 88, ""support_2"": 38}","[38, 88]",2,"[137, 138, 139, 140, 136, 135, 134, 133, 129, 130, 131, 132, 128, 127, 13, 14, 116, 118, 26, 28, 40, 42, 52, 54, 74, 76, 89, 91, 17, 122, 18, 32, 16, 112, 36, 99, 105, 144, 10, 145, 148, 115, 149, 102, 146, 147, 12, 58, 71, 109, 61, 67, 78, 85, 93, 143, 25, 7, 39, 51, 97, 106, 101, 120, 121, 114, 108, 110, 111, 9, 6, 1, 2, 48, 46, 47, 70, 69, 79, 80, 72, 73, 94, 66, 68, 86, 23, 126, 125, 124, 123, 141, 142, 62, 5, 4, 22, 21, 20, 37, 34, 35, 31, 30, 11, 98, 96, 100, 63, 60, 64, 83, 84, 24, 44, 82, 38, 57, 56, 49, 50, 87, 88, 103, 104, 53, 55, 45, 75, 77, 59, 90, 92, 65, 81, 117, 119, 95, 107, 8, 15, 0, 27, 29, 3, 41, 43, 19, 33]",True,197995814,0.197995814,"[38, 57, 56, 49, 50, 87, 88, 103, 104, 53, 55, 45, 75, 77, 59, 90, 92, 65, 81, 117, 119, 95, 107, 8, 15, 0, 27, 29, 3, 41, 43, 19, 33]","[33, 19, 43, 41, 3, 29, 27, 0, 15, 8, 107, 95, 119, 117, 81, 65, 92, 90, 59, 77, 75, 45, 55, 53, 104, 103, 88, 87, 50, 49, 56, 57, 38]",complete,35,35,345,2,63,10,53,53,2,13,13,7,7,6,8
2,453,60,118,31,"[1, 2, 4, 5, 6, 7, 9, 10, 11, 12, 13, 14, 16, 17, 18, 20, 21, 22, 23, 24, 25, 26, 28, 30, 31, 32, 34, 35, 36, 37, 38, 39, 40, 42, 44, 46, 47, 48, 51, 52, 54, 57, 58, 60, 61, 62, 63, 64, 66, 67, 68, 69, 70, 71, 72, 73, 74, 76, 78, 79, 80, 82, 83, 84, 85, 86, 89, 91, 93, 94, 96, 97, 98, 99, 100, 101, 102, 105, 106, 108, 109, 110, 111, 112, 114, 115, 116, 118, 120, 121, 122, 123, 124, 125, 126, 127, 128, 129, 130, 131, 132, 133, 134, 135, 136, 137, 138, 139, 140, 141, 142, 143, 144, 145, 146, 147, 148, 149]","[0, 3, 8, 15, 19, 27, 29, 33, 41, 43, 45, 49, 50, 53, 55, 56, 59, 65, 75, 77, 81, 87, 88, 90, 92, 95, 103, 104, 107, 117, 119]","{""support_1"": 88, ""support_2"": 56}","[56, 88]",2,"[137, 138, 139, 140, 136, 135, 134, 133, 129, 130, 131, 132, 128, 127, 13, 14, 116, 118, 26, 28, 40, 42, 52, 54, 74, 76, 89, 91, 17, 122, 18, 32, 16, 112, 36, 99, 105, 144, 10, 145, 148, 115, 149, 102, 146, 147, 12, 58, 71, 109, 61, 67, 78, 85, 93, 143, 25, 7, 39, 51, 97, 106, 101, 120, 121, 114, 108, 110, 111, 9, 6, 1, 2, 48, 46, 47, 70, 69, 79, 80, 72, 73, 94, 66, 68, 86, 23, 126, 125, 124, 123, 141, 142, 62, 5, 4, 22, 21, 20, 37, 34, 35, 31, 30, 11, 98, 96, 100, 63, 60, 64, 83, 84, 24, 44, 82, 38, 57, 56, 49, 50, 87, 88, 103, 104, 53, 55, 45, 75, 77, 59, 90, 92, 65, 81, 117, 119, 95, 107, 8, 15, 0, 27, 29, 3, 41, 43, 19, 33]",True,147045819,0.147045819,"[56, 49, 50, 87, 88, 103, 104, 53, 55, 45, 75, 77, 59, 90, 92, 65, 81, 117, 119, 95, 107, 8, 15, 0, 27, 29, 3, 41, 43, 19, 33]","[33, 19, 43, 41, 3, 29, 27, 0, 15, 8, 107, 95, 119, 117, 81, 65, 92, 90, 59, 77, 75, 45, 55, 53, 104, 103, 88, 87, 50, 49, 56]",complete,32,32,300,1,50,6,44,44,2,9,9,5,5,4,6
2,453,61,120,29,"[1, 2, 4, 5, 6, 7, 9, 10, 11, 12, 13, 14, 16, 17, 18, 20, 21, 22, 23, 24, 25, 26, 28, 30, 31, 32, 34, 35, 36, 37, 38, 39, 40, 42, 44, 46, 47, 48, 49, 51, 52, 54, 56, 57, 58, 60, 61, 62, 63, 64, 66, 67, 68, 69, 70, 71, 72, 73, 74, 76, 78, 79, 80, 82, 83, 84, 85, 86, 89, 91, 93, 94, 96, 97, 98, 99, 100, 101, 102, 105, 106, 108, 109, 110, 111, 112, 114, 115, 116, 118, 120, 121, 122, 123, 124, 125, 126, 127, 128, 129, 130, 131, 132, 133, 134, 135, 136, 137, 138, 139, 140, 141, 142, 143, 144, 145, 146, 147, 148, 149]","[0, 3, 8, 15, 19, 27, 29, 33, 41, 43, 45, 50, 53, 55, 59, 65, 75, 77, 81, 87, 88, 90, 92, 95, 103, 104, 107, 117, 119]","{""support_1"": 88, ""support_2"": 50}","[50, 88]",2,"[137, 138, 139, 140, 136, 135, 134, 133, 129, 130, 131, 132, 128, 127, 13, 14, 116, 118, 26, 28, 40, 42, 52, 54, 74, 76, 89, 91, 17, 122, 18, 32, 16, 112, 36, 99, 105, 144, 10, 145, 148, 115, 149, 102, 146, 147, 12, 58, 71, 109, 61, 67, 78, 85, 93, 143, 25, 7, 39, 51, 97, 106, 101, 120, 121, 114, 108, 110, 111, 9, 6, 1, 2, 48, 46, 47, 70, 69, 79, 80, 72, 73, 94, 66, 68, 86, 23, 126, 125, 124, 123, 141, 142, 62, 5, 4, 22, 21, 20, 37, 34, 35, 31, 30, 11, 98, 96, 100, 63, 60, 64, 83, 84, 24, 44, 82, 38, 57, 56, 49, 50, 87, 88, 103, 104, 53, 55, 45, 75, 77, 59, 90, 92, 65, 81, 117, 119, 95, 107, 8, 15, 0, 27, 29, 3, 41, 43, 19, 33]",True,139995862,0.139995862,"[50, 87, 88, 103, 104, 53, 55, 45, 75, 77, 59, 90, 92, 65, 81, 117, 119, 95, 107, 8, 15, 0, 27, 29, 3, 41, 43, 19, 33]","[33, 19, 43, 41, 3, 29, 27, 0, 15, 8, 107, 95, 119, 117, 81, 65, 92, 90, 59, 77, 75, 45, 55, 53, 104, 103, 88, 87, 50]",complete,30,30,259,1,46,6,40,40,2,5,5,3,3,2,4
2,453,62,122,27,"[1, 2, 4, 5, 6, 7, 9, 10, 11, 12, 13, 14, 16, 17, 18, 20, 21, 22, 23, 24, 25, 26, 28, 30, 31, 32, 34, 35, 36, 37, 38, 39, 40, 42, 44, 46, 47, 48, 49, 50, 51, 52, 54, 56, 57, 58, 60, 61, 62, 63, 64, 66, 67, 68, 69, 70, 71, 72, 73, 74, 76, 78, 79, 80, 82, 83, 84, 85, 86, 87, 89, 91, 93, 94, 96, 97, 98, 99, 100, 101, 102, 105, 106, 108, 109, 110, 111, 112, 114, 115, 116, 118, 120, 121, 122, 123, 124, 125, 126, 127, 128, 129, 130, 131, 132, 133, 134, 135, 136, 137, 138, 139, 140, 141, 142, 143, 144, 145, 146, 147, 148, 149]","[0, 3, 8, 15, 19, 27, 29, 33, 41, 43, 45, 53, 55, 59, 65, 75, 77, 81, 88, 90, 92, 95, 103, 104, 107, 117, 119]","{""support_1"": 88}",[88],1,"[137, 138, 139, 140, 136, 135, 134, 133, 129, 130, 131, 132, 128, 127, 13, 14, 116, 118, 26, 28, 40, 42, 52, 54, 74, 76, 89, 91, 17, 122, 18, 32, 16, 112, 36, 99, 105, 144, 10, 145, 148, 115, 149, 102, 146, 147, 12, 58, 71, 109, 61, 67, 78, 85, 93, 143, 25, 7, 39, 51, 97, 106, 101, 120, 121, 114, 108, 110, 111, 9, 6, 1, 2, 48, 46, 47, 70, 69, 79, 80, 72, 73, 94, 66, 68, 86, 23, 126, 125, 124, 123, 141, 142, 62, 5, 4, 22, 21, 20, 37, 34, 35, 31, 30, 11, 98, 96, 100, 63, 60, 64, 83, 84, 24, 44, 82, 38, 57, 56, 49, 50, 87, 88, 103, 104, 53, 55, 45, 75, 77, 59, 90, 92, 65, 81, 117, 119, 95, 107, 8, 15, 0, 27, 29, 3, 41, 43, 19, 33]",True,86892463,0.086892463,"[88, 103, 104, 53, 55, 45, 75, 77, 59, 90, 92, 65, 81, 117, 119, 95, 107, 8, 15, 0, 27, 29, 3, 41, 43, 19, 33]","[33, 19, 43, 41, 3, 29, 27, 0, 15, 8, 107, 95, 119, 117, 81, 65, 92, 90, 59, 77, 75, 45, 55, 53, 104, 103, 88]",complete,27,27,222,0,32,0,32,32,2,3,3,2,2,2,3
2,453,63,124,25,"[1, 2, 4, 5, 6, 7, 9, 10, 11, 12, 13, 14, 16, 17, 18, 20, 21, 22, 23, 24, 25, 26, 28, 30, 31, 32, 34, 35, 36, 37, 38, 39, 40, 42, 44, 46, 47, 48, 49, 50, 51, 52, 54, 56, 57, 58, 60, 61, 62, 63, 64, 66, 67, 68, 69, 70, 71, 72, 73, 74, 76, 78, 79, 80, 82, 83, 84, 85, 86, 87, 88, 89, 91, 93, 94, 96, 97, 98, 99, 100, 101, 102, 103, 105, 106, 108, 109, 110, 111, 112, 114, 115, 116, 118, 120, 121, 122, 123, 124, 125, 126, 127, 128, 129, 130, 131, 132, 133, 134, 135, 136, 137, 138, 139, 140, 141, 142, 143, 144, 145, 146, 147, 148, 149]","[0, 3, 8, 15, 19, 27, 29, 33, 41, 43, 45, 53, 55, 59, 65, 75, 77, 81, 90, 92, 95, 104, 107, 117, 119]","{""support_2"": 104}",[104],1,"[137, 138, 139, 140, 136, 135, 134, 133, 129, 130, 131, 132, 128, 127, 13, 14, 116, 118, 26, 28, 40, 42, 52, 54, 74, 76, 89, 91, 17, 122, 18, 32, 16, 112, 36, 99, 105, 144, 10, 145, 148, 115, 149, 102, 146, 147, 12, 58, 71, 109, 61, 67, 78, 85, 93, 143, 25, 7, 39, 51, 97, 106, 101, 120, 121, 114, 108, 110, 111, 9, 6, 1, 2, 48, 46, 47, 70, 69, 79, 80, 72, 73, 94, 66, 68, 86, 23, 126, 125, 124, 123, 141, 142, 62, 5, 4, 22, 21, 20, 37, 34, 35, 31, 30, 11, 98, 96, 100, 63, 60, 64, 83, 84, 24, 44, 82, 38, 57, 56, 49, 50, 87, 88, 103, 104, 53, 55, 45, 75, 77, 59, 90, 92, 65, 81, 117, 119, 95, 107, 8, 15, 0, 27, 29, 3, 41, 43, 19, 33]",True,64026282,0.064026282,"[104, 53, 55, 45, 75, 77, 59, 90, 92, 65, 81, 117, 119, 95, 107, 8, 15, 0, 27, 29, 3, 41, 43, 19, 33]","[33, 19, 43, 41, 3, 29, 27, 0, 15, 8, 107, 95, 119, 117, 81, 65, 92, 90, 59, 77, 75, 45, 55, 53, 104]",complete,25,25,189,0,27,0,27,27,0,0,0,0,0,0,1
2,453,64,126,23,"[1, 2, 4, 5, 6, 7, 9, 10, 11, 12, 13, 14, 16, 17, 18, 20, 21, 22, 23, 24, 25, 26, 28, 30, 31, 32, 34, 35, 36, 37, 38, 39, 40, 42, 44, 46, 47, 48, 49, 50, 51, 52, 53, 54, 56, 57, 58, 60, 61, 62, 63, 64, 66, 67, 68, 69, 70, 71, 72, 73, 74, 76, 78, 79, 80, 82, 83, 84, 85, 86, 87, 88, 89, 91, 93, 94, 96, 97, 98, 99, 100, 101, 102, 103, 104, 105, 106, 108, 109, 110, 111, 112, 114, 115, 116, 118, 120, 121, 122, 123, 124, 125, 126, 127, 128, 129, 130, 131, 132, 133, 134, 135, 136, 137, 138, 139, 140, 141, 142, 143, 144, 145, 146, 147, 148, 149]","[0, 3, 8, 15, 19, 27, 29, 33, 41, 43, 45, 55, 59, 65, 75, 77, 81, 90, 92, 95, 107, 117, 119]",{},[],0,"[137, 138, 139, 140, 136, 135, 134, 133, 129, 130, 131, 132, 128, 127, 13, 14, 116, 118, 26, 28, 40, 42, 52, 54, 74, 76, 89, 91, 17, 122, 18, 32, 16, 112, 36, 99, 105, 144, 10, 145, 148, 115, 149, 102, 146, 147, 12, 58, 71, 109, 61, 67, 78, 85, 93, 143, 25, 7, 39, 51, 97, 106, 101, 120, 121, 114, 108, 110, 111, 9, 6, 1, 2, 48, 46, 47, 70, 69, 79, 80, 72, 73, 94, 66, 68, 86, 23, 126, 125, 124, 123, 141, 142, 62, 5, 4, 22, 21, 20, 37, 34, 35, 31, 30, 11, 98, 96, 100, 63, 60, 64, 83, 84, 24, 44, 82, 38, 57, 56, 49, 50, 87, 88, 103, 104, 53, 55, 45, 75, 77, 59, 90, 92, 65, 81, 117, 119, 95, 107, 8, 15, 0, 27, 29, 3, 41, 43, 19, 33]",True,52898238,0.052898238,"[55, 45, 75, 77, 59, 90, 92, 65, 81, 117, 119, 95, 107, 8, 15, 0, 27, 29, 3, 41, 43, 19, 33]","[33, 19, 43, 41, 3, 29, 27, 0, 15, 8, 107, 95, 119, 117, 81, 65, 92, 90, 59, 77, 75, 45, 55]",complete,23,23,160,0,24,0,24,24,0,0,0,0,0,0,0
2,453,65,128,21,"[1, 2, 4, 5, 6, 7, 9, 10, 11, 12, 13, 14, 16, 17, 18, 20, 21, 22, 23, 24, 25, 26, 28, 30, 31, 32, 34, 35, 36, 37, 38, 39, 40, 42, 44, 45, 46, 47, 48, 49, 50, 51, 52, 53, 54, 55, 56, 57, 58, 60, 61, 62, 63, 64, 66, 67, 68, 69, 70, 71, 72, 73, 74, 76, 78, 79, 80, 82, 83, 84, 85, 86, 87, 88, 89, 91, 93, 94, 96, 97, 98, 99, 100, 101, 102, 103, 104, 105, 106, 108, 109, 110, 111, 112, 114, 115, 116, 118, 120, 121, 122, 123, 124, 125, 126, 127, 128, 129, 130, 131, 132, 133, 134, 135, 136, 137, 138, 139, 140, 141, 142, 143, 144, 145, 146, 147, 148, 149]","[0, 3, 8, 15, 19, 27, 29, 33, 41, 43, 59, 65, 75, 77, 81, 90, 92, 95, 107, 117, 119]",{},[],0,"[137, 138, 139, 140, 136, 135, 134, 133, 129, 130, 131, 132, 128, 127, 13, 14, 116, 118, 26, 28, 40, 42, 52, 54, 74, 76, 89, 91, 17, 122, 18, 32, 16, 112, 36, 99, 105, 144, 10, 145, 148, 115, 149, 102, 146, 147, 12, 58, 71, 109, 61, 67, 78, 85, 93, 143, 25, 7, 39, 51, 97, 106, 101, 120, 121, 114, 108, 110, 111, 9, 6, 1, 2, 48, 46, 47, 70, 69, 79, 80, 72, 73, 94, 66, 68, 86, 23, 126, 125, 124, 123, 141, 142, 62, 5, 4, 22, 21, 20, 37, 34, 35, 31, 30, 11, 98, 96, 100, 63, 60, 64, 83, 84, 24, 44, 82, 38, 57, 56, 49, 50, 87, 88, 103, 104, 53, 55, 45, 75, 77, 59, 90, 92, 65, 81, 117, 119, 95, 107, 8, 15, 0, 27, 29, 3, 41, 43, 19, 33]",True,45064518,0.045064518,"[75, 77, 59, 90, 92, 65, 81, 117, 119, 95, 107, 8, 15, 0, 27, 29, 3, 41, 43, 19, 33]","[33, 19, 43, 41, 3, 29, 27, 0, 15, 8, 107, 95, 119, 117, 81, 65, 92, 90, 59, 77, 75]",complete,21,21,134,0,22,0,22,22,0,0,0,0,0,0,0
2,453,66,130,19,"[1, 2, 4, 5, 6, 7, 9, 10, 11, 12, 13, 14, 16, 17, 18, 20, 21, 22, 23, 24, 25, 26, 28, 30, 31, 32, 34, 35, 36, 37, 38, 39, 40, 42, 44, 45, 46, 47, 48, 49, 50, 51, 52, 53, 54, 55, 56, 57, 58, 60, 61, 62, 63, 64, 66, 67, 68, 69, 70, 71, 72, 73, 74, 75, 76, 77, 78, 79, 80, 82, 83, 84, 85, 86, 87, 88, 89, 91, 93, 94, 96, 97, 98, 99, 100, 101, 102, 103, 104, 105, 106, 108, 109, 110, 111, 112, 114, 115, 116, 118, 120, 121, 122, 123, 124, 125, 126, 127, 128, 129, 130, 131, 132, 133, 134, 135, 136, 137, 138, 139, 140, 141, 142, 143, 144, 145, 146, 147, 148, 149]","[0, 3, 8, 15, 19, 27, 29, 33, 41, 43, 59, 65, 81, 90, 92, 95, 107, 117, 119]",{},[],0,"[137, 138, 139, 140, 136, 135, 134, 133, 129, 130, 131, 132, 128, 127, 13, 14, 116, 118, 26, 28, 40, 42, 52, 54, 74, 76, 89, 91, 17, 122, 18, 32, 16, 112, 36, 99, 105, 144, 10, 145, 148, 115, 149, 102, 146, 147, 12, 58, 71, 109, 61, 67, 78, 85, 93, 143, 25, 7, 39, 51, 97, 106, 101, 120, 121, 114, 108, 110, 111, 9, 6, 1, 2, 48, 46, 47, 70, 69, 79, 80, 72, 73, 94, 66, 68, 86, 23, 126, 125, 124, 123, 141, 142, 62, 5, 4, 22, 21, 20, 37, 34, 35, 31, 30, 11, 98, 96, 100, 63, 60, 64, 83, 84, 24, 44, 82, 38, 57, 56, 49, 50, 87, 88, 103, 104, 53, 55, 45, 75, 77, 59, 90, 92, 65, 81, 117, 119, 95, 107, 8, 15, 0, 27, 29, 3, 41, 43, 19, 33]",True,38017872,0.038017872,"[59, 90, 92, 65, 81, 117, 119, 95, 107, 8, 15, 0, 27, 29, 3, 41, 43, 19, 33]","[33, 19, 43, 41, 3, 29, 27, 0, 15, 8, 107, 95, 119, 117, 81, 65, 92, 90, 59]",complete,19,19,111,0,20,0,20,20,0,0,0,0,0,0,0
2,453,67,132,17,"[1, 2, 4, 5, 6, 7, 9, 10, 11, 12, 13, 14, 16, 17, 18, 20, 21, 22, 23, 24, 25, 26, 28, 30, 31, 32, 34, 35, 36, 37, 38, 39, 40, 42, 44, 45, 46, 47, 48, 49, 50, 51, 52, 53, 54, 55, 56, 57, 58, 59, 60, 61, 62, 63, 64, 66, 67, 68, 69, 70, 71, 72, 73, 74, 75, 76, 77, 78, 79, 80, 82, 83, 84, 85, 86, 87, 88, 89, 90, 91, 93, 94, 96, 97, 98, 99, 100, 101, 102, 103, 104, 105, 106, 108, 109, 110, 111, 112, 114, 115, 116, 118, 120, 121, 122, 123, 124, 125, 126, 127, 128, 129, 130, 131, 132, 133, 134, 135, 136, 137, 138, 139, 140, 141, 142, 143, 144, 145, 146, 147, 148, 149]","[0, 3, 8, 15, 19, 27, 29, 33, 41, 43, 65, 81, 92, 95, 107, 117, 119]",{},[],0,"[137, 138, 139, 140, 136, 135, 134, 133, 129, 130, 131, 132, 128, 127, 13, 14, 116, 118, 26, 28, 40, 42, 52, 54, 74, 76, 89, 91, 17, 122, 18, 32, 16, 112, 36, 99, 105, 144, 10, 145, 148, 115, 149, 102, 146, 147, 12, 58, 71, 109, 61, 67, 78, 85, 93, 143, 25, 7, 39, 51, 97, 106, 101, 120, 121, 114, 108, 110, 111, 9, 6, 1, 2, 48, 46, 47, 70, 69, 79, 80, 72, 73, 94, 66, 68, 86, 23, 126, 125, 124, 123, 141, 142, 62, 5, 4, 22, 21, 20, 37, 34, 35, 31, 30, 11, 98, 96, 100, 63, 60, 64, 83, 84, 24, 44, 82, 38, 57, 56, 49, 50, 87, 88, 103, 104, 53, 55, 45, 75, 77, 59, 90, 92, 65, 81, 117, 119, 95, 107, 8, 15, 0, 27, 29, 3, 41, 43, 19, 33]",True,31924059,0.031924059,"[92, 65, 81, 117, 119, 95, 107, 8, 15, 0, 27, 29, 3, 41, 43, 19, 33]","[33, 19, 43, 41, 3, 29, 27, 0, 15, 8, 107, 95, 119, 117, 81, 65, 92]",complete,17,17,90,0,18,0,18,18,0,0,0,0,0,0,0
2,453,68,134,15,"[1, 2, 4, 5, 6, 7, 9, 10, 11, 12, 13, 14, 16, 17, 18, 20, 21, 22, 23, 24, 25, 26, 28, 30, 31, 32, 34, 35, 36, 37, 38, 39, 40, 42, 44, 45, 46, 47, 48, 49, 50, 51, 52, 53, 54, 55, 56, 57, 58, 59, 60, 61, 62, 63, 64, 65, 66, 67, 68, 69, 70, 71, 72, 73, 74, 75, 76, 77, 78, 79, 80, 82, 83, 84, 85, 86, 87, 88, 89, 90, 91, 92, 93, 94, 96, 97, 98, 99, 100, 101, 102, 103, 104, 105, 106, 108, 109, 110, 111, 112, 114, 115, 116, 118, 120, 121, 122, 123, 124, 125, 126, 127, 128, 129, 130, 131, 132, 133, 134, 135, 136, 137, 138, 139, 140, 141, 142, 143, 144, 145, 146, 147, 148, 149]","[0, 3, 8, 15, 19, 27, 29, 33, 41, 43, 81, 95, 107, 117, 119]",{},[],0,"[137, 138, 139, 140, 136, 135, 134, 133, 129, 130, 131, 132, 128, 127, 13, 14, 116, 118, 26, 28, 40, 42, 52, 54, 74, 76, 89, 91, 17, 122, 18, 32, 16, 112, 36, 99, 105, 144, 10, 145, 148, 115, 149, 102, 146, 147, 12, 58, 71, 109, 61, 67, 78, 85, 93, 143, 25, 7, 39, 51, 97, 106, 101, 120, 121, 114, 108, 110, 111, 9, 6, 1, 2, 48, 46, 47, 70, 69, 79, 80, 72, 73, 94, 66, 68, 86, 23, 126, 125, 124, 123, 141, 142, 62, 5, 4, 22, 21, 20, 37, 34, 35, 31, 30, 11, 98, 96, 100, 63, 60, 64, 83, 84, 24, 44, 82, 38, 57, 56, 49, 50, 87, 88, 103, 104, 53, 55, 45, 75, 77, 59, 90, 92, 65, 81, 117, 119, 95, 107, 8, 15, 0, 27, 29, 3, 41, 43, 19, 33]",True,25995381,0.025995381,"[81, 117, 119, 95, 107, 8, 15, 0, 27, 29, 3, 41, 43, 19, 33]","[33, 19, 43, 41, 3, 29, 27, 0, 15, 8, 107, 95, 119, 117, 81]",complete,15,15,71,0,16,0,16,16,0,0,0,0,0,0,0
2,453,69,136,13,"[1, 2, 4, 5, 6, 7, 9, 10, 11, 12, 13, 14, 16, 17, 18, 20, 21, 22, 23, 24, 25, 26, 28, 30, 31, 32, 34, 35, 36, 37, 38, 39, 40, 42, 44, 45, 46, 47, 48, 49, 50, 51, 52, 53, 54, 55, 56, 57, 58, 59, 60, 61, 62, 63, 64, 65, 66, 67, 68, 69, 70, 71, 72, 73, 74, 75, 76, 77, 78, 79, 80, 81, 82, 83, 84, 85, 86, 87, 88, 89, 90, 91, 92, 93, 94, 96, 97, 98, 99, 100, 101, 102, 103, 104, 105, 106, 108, 109, 110, 111, 112, 114, 115, 116, 117, 118, 120, 121, 122, 123, 124, 125, 126, 127, 128, 129, 130, 131, 132, 133, 134, 135, 136, 137, 138, 139, 140, 141, 142, 143, 144, 145, 146, 147, 148, 149]","[0, 3, 8, 15, 19, 27, 29, 33, 41, 43, 95, 107, 119]",{},[],0,"[137, 138, 139, 140, 136, 135, 134, 133, 129, 130, 131, 132, 128, 127, 13, 14, 116, 118, 26, 28, 40, 42, 52, 54, 74, 76, 89, 91, 17, 122, 18, 32, 16, 112, 36, 99, 105, 144, 10, 145, 148, 115, 149, 102, 146, 147, 12, 58, 71, 109, 61, 67, 78, 85, 93, 143, 25, 7, 39, 51, 97, 106, 101, 120, 121, 114, 108, 110, 111, 9, 6, 1, 2, 48, 46, 47, 70, 69, 79, 80, 72, 73, 94, 66, 68, 86, 23, 126, 125, 124, 123, 141, 142, 62, 5, 4, 22, 21, 20, 37, 34, 35, 31, 30, 11, 98, 96, 100, 63, 60, 64, 83, 84, 24, 44, 82, 38, 57, 56, 49, 50, 87, 88, 103, 104, 53, 55, 45, 75, 77, 59, 90, 92, 65, 81, 117, 119, 95, 107, 8, 15, 0, 27, 29, 3, 41, 43, 19, 33]",True,21234350,0.021234350,"[119, 95, 107, 8, 15, 0, 27, 29, 3, 41, 43, 19, 33]","[33, 19, 43, 41, 3, 29, 27, 0, 15, 8, 107, 95, 119]",complete,13,13,54,0,14,0,14,14,0,0,0,0,0,0,0
2,453,70,138,11,"[1, 2, 4, 5, 6, 7, 9, 10, 11, 12, 13, 14, 16, 17, 18, 20, 21, 22, 23, 24, 25, 26, 28, 30, 31, 32, 34, 35, 36, 37, 38, 39, 40, 42, 44, 45, 46, 47, 48, 49, 50, 51, 52, 53, 54, 55, 56, 57, 58, 59, 60, 61, 62, 63, 64, 65, 66, 67, 68, 69, 70, 71, 72, 73, 74, 75, 76, 77, 78, 79, 80, 81, 82, 83, 84, 85, 86, 87, 88, 89, 90, 91, 92, 93, 94, 95, 96, 97, 98, 99, 100, 101, 102, 103, 104, 105, 106, 108, 109, 110, 111, 112, 114, 115, 116, 117, 118, 119, 120, 121, 122, 123, 124, 125, 126, 127, 128, 129, 130, 131, 132, 133, 134, 135, 136, 137, 138, 139, 140, 141, 142, 143, 144, 145, 146, 147, 148, 149]","[0, 3, 8, 15, 19, 27, 29, 33, 41, 43, 107]",{},[],0,"[137, 138, 139, 140, 136, 135, 134, 133, 129, 130, 131, 132, 128, 127, 13, 14, 116, 118, 26, 28, 40, 42, 52, 54, 74, 76, 89, 91, 17, 122, 18, 32, 16, 112, 36, 99, 105, 144, 10, 145, 148, 115, 149, 102, 146, 147, 12, 58, 71, 109, 61, 67, 78, 85, 93, 143, 25, 7, 39, 51, 97, 106, 101, 120, 121, 114, 108, 110, 111, 9, 6, 1, 2, 48, 46, 47, 70, 69, 79, 80, 72, 73, 94, 66, 68, 86, 23, 126, 125, 124, 123, 141, 142, 62, 5, 4, 22, 21, 20, 37, 34, 35, 31, 30, 11, 98, 96, 100, 63, 60, 64, 83, 84, 24, 44, 82, 38, 57, 56, 49, 50, 87, 88, 103, 104, 53, 55, 45, 75, 77, 59, 90, 92, 65, 81, 117, 119, 95, 107, 8, 15, 0, 27, 29, 3, 41, 43, 19, 33]",True,16862026,0.016862026,"[107, 8, 15, 0, 27, 29, 3, 41, 43, 19, 33]","[33, 19, 43, 41, 3, 29, 27, 0, 15, 8, 107]",complete,11,11,39,0,12,0,12,12,0,0,0,0,0,0,0
2,453,71,140,9,"[1, 2, 4, 5, 6, 7, 8, 9, 10, 11, 12, 13, 14, 16, 17, 18, 20, 21, 22, 23, 24, 25, 26, 28, 30, 31, 32, 34, 35, 36, 37, 38, 39, 40, 42, 44, 45, 46, 47, 48, 49, 50, 51, 52, 53, 54, 55, 56, 57, 58, 59, 60, 61, 62, 63, 64, 65, 66, 67, 68, 69, 70, 71, 72, 73, 74, 75, 76, 77, 78, 79, 80, 81, 82, 83, 84, 85, 86, 87, 88, 89, 90, 91, 92, 93, 94, 95, 96, 97, 98, 99, 100, 101, 102, 103, 104, 105, 106, 107, 108, 109, 110, 111, 112, 114, 115, 116, 117, 118, 119, 120, 121, 122, 123, 124, 125, 126, 127, 128, 129, 130, 131, 132, 133, 134, 135, 136, 137, 138, 139, 140, 141, 142, 143, 144, 145, 146, 147, 148, 149]","[0, 3, 15, 19, 27, 29, 33, 41, 43]",{},[],0,"[137, 138, 139, 140, 136, 135, 134, 133, 129, 130, 131, 132, 128, 127, 13, 14, 116, 118, 26, 28, 40, 42, 52, 54, 74, 76, 89, 91, 17, 122, 18, 32, 16, 112, 36, 99, 105, 144, 10, 145, 148, 115, 149, 102, 146, 147, 12, 58, 71, 109, 61, 67, 78, 85, 93, 143, 25, 7, 39, 51, 97, 106, 101, 120, 121, 114, 108, 110, 111, 9, 6, 1, 2, 48, 46, 47, 70, 69, 79, 80, 72, 73, 94, 66, 68, 86, 23, 126, 125, 124, 123, 141, 142, 62, 5, 4, 22, 21, 20, 37, 34, 35, 31, 30, 11, 98, 96, 100, 63, 60, 64, 83, 84, 24, 44, 82, 38, 57, 56, 49, 50, 87, 88, 103, 104, 53, 55, 45, 75, 77, 59, 90, 92, 65, 81, 117, 119, 95, 107, 8, 15, 0, 27, 29, 3, 41, 43, 19, 33]",True,12296431,0.012296431,"[15, 0, 27, 29, 3, 41, 43, 19, 33]","[33, 19, 43, 41, 3, 29, 27, 0, 15]",complete,9,9,26,0,10,0,10,10,0,0,0,0,0,0,0
2,453,72,142,7,"[0, 1, 2, 4, 5, 6, 7, 8, 9, 10, 11, 12, 13, 14, 15, 16, 17, 18, 20, 21, 22, 23, 24, 25, 26, 28, 30, 31, 32, 34, 35, 36, 37, 38, 39, 40, 42, 44, 45, 46, 47, 48, 49, 50, 51, 52, 53, 54, 55, 56, 57, 58, 59, 60, 61, 62, 63, 64, 65, 66, 67, 68, 69, 70, 71, 72, 73, 74, 75, 76, 77, 78, 79, 80, 81, 82, 83, 84, 85, 86, 87, 88, 89, 90, 91, 92, 93, 94, 95, 96, 97, 98, 99, 100, 101, 102, 103, 104, 105, 106, 107, 108, 109, 110, 111, 112, 114, 115, 116, 117, 118, 119, 120, 121, 122, 123, 124, 125, 126, 127, 128, 129, 130, 131, 132, 133, 134, 135, 136, 137, 138, 139, 140, 141, 142, 143, 144, 145, 146, 147, 148, 149]","[3, 19, 27, 29, 33, 41, 43]",{},[],0,"[137, 138, 139, 140, 136, 135, 134, 133, 129, 130, 131, 132, 128, 127, 13, 14, 116, 118, 26, 28, 40, 42, 52, 54, 74, 76, 89, 91, 17, 122, 18, 32, 16, 112, 36, 99, 105, 144, 10, 145, 148, 115, 149, 102, 146, 147, 12, 58, 71, 109, 61, 67, 78, 85, 93, 143, 25, 7, 39, 51, 97, 106, 101, 120, 121, 114, 108, 110, 111, 9, 6, 1, 2, 48, 46, 47, 70, 69, 79, 80, 72, 73, 94, 66, 68, 86, 23, 126, 125, 124, 123, 141, 142, 62, 5, 4, 22, 21, 20, 37, 34, 35, 31, 30, 11, 98, 96, 100, 63, 60, 64, 83, 84, 24, 44, 82, 38, 57, 56, 49, 50, 87, 88, 103, 104, 53, 55, 45, 75, 77, 59, 90, 92, 65, 81, 117, 119, 95, 107, 8, 15, 0, 27, 29, 3, 41, 43, 19, 33]",True,8235203,0.008235203,"[27, 29, 3, 41, 43, 19, 33]","[33, 19, 43, 41, 3, 29, 27]",complete,7,7,16,0,8,0,8,8,0,0,0,0,0,0,0
2,453,73,144,5,"[0, 1, 2, 4, 5, 6, 7, 8, 9, 10, 11, 12, 13, 14, 15, 16, 17, 18, 20, 21, 22, 23, 24, 25, 26, 27, 28, 29, 30, 31, 32, 34, 35, 36, 37, 38, 39, 40, 42, 44, 45, 46, 47, 48, 49, 50, 51, 52, 53, 54, 55, 56, 57, 58, 59, 60, 61, 62, 63, 64, 65, 66, 67, 68, 69, 70, 71, 72, 73, 74, 75, 76, 77, 78, 79, 80, 81, 82, 83, 84, 85, 86, 87, 88, 89, 90, 91, 92, 93, 94, 95, 96, 97, 98, 99, 100, 101, 102, 103, 104, 105, 106, 107, 108, 109, 110, 111, 112, 114, 115, 116, 117, 118, 119, 120, 121, 122, 123, 124, 125, 126, 127, 128, 129, 130, 131, 132, 133, 134, 135, 136, 137, 138, 139, 140, 141, 142, 143, 144, 145, 146, 147, 148, 149]","[3, 19, 33, 41, 43]",{},[],0,"[137, 138, 139, 140, 136, 135, 134, 133, 129, 130, 131, 132, 128, 127, 13, 14, 116, 118, 26, 28, 40, 42, 52, 54, 74, 76, 89, 91, 17, 122, 18, 32, 16, 112, 36, 99, 105, 144, 10, 145, 148, 115, 149, 102, 146, 147, 12, 58, 71, 109, 61, 67, 78, 85, 93, 143, 25, 7, 39, 51, 97, 106, 101, 120, 121, 114, 108, 110, 111, 9, 6, 1, 2, 48, 46, 47, 70, 69, 79, 80, 72, 73, 94, 66, 68, 86, 23, 126, 125, 124, 123, 141, 142, 62, 5, 4, 22, 21, 20, 37, 34, 35, 31, 30, 11, 98, 96, 100, 63, 60, 64, 83, 84, 24, 44, 82, 38, 57, 56, 49, 50, 87, 88, 103, 104, 53, 55, 45, 75, 77, 59, 90, 92, 65, 81, 117, 119, 95, 107, 8, 15, 0, 27, 29, 3, 41, 43, 19, 33]",True,4910203,0.004910203,"[3, 41, 43, 19, 33]","[33, 19, 43, 41, 3]",complete,5,5,9,0,6,0,6,6,0,0,0,0,0,0,0
2,453,74,146,3,"[0, 1, 2, 3, 4, 5, 6, 7, 8, 9, 10, 11, 12, 13, 14, 15, 16, 17, 18, 20, 21, 22, 23, 24, 25, 26, 27, 28, 29, 30, 31, 32, 34, 35, 36, 37, 38, 39, 40, 41, 42, 44, 45, 46, 47, 48, 49, 50, 51, 52, 53, 54, 55, 56, 57, 58, 59, 60, 61, 62, 63, 64, 65, 66, 67, 68, 69, 70, 71, 72, 73, 74, 75, 76, 77, 78, 79, 80, 81, 82, 83, 84, 85, 86, 87, 88, 89, 90, 91, 92, 93, 94, 95, 96, 97, 98, 99, 100, 101, 102, 103, 104, 105, 106, 107, 108, 109, 110, 111, 112, 114, 115, 116, 117, 118, 119, 120, 121, 122, 123, 124, 125, 126, 127, 128, 129, 130, 131, 132, 133, 134, 135, 136, 137, 138, 139, 140, 141, 142, 143, 144, 145, 146, 147, 148, 149]","[19, 33, 43]",{},[],0,"[137, 138, 139, 140, 136, 135, 134, 133, 129, 130, 131, 132, 128, 127, 13, 14, 116, 118, 26, 28, 40, 42, 52, 54, 74, 76, 89, 91, 17, 122, 18, 32, 16, 112, 36, 99, 105, 144, 10, 145, 148, 115, 149, 102, 146, 147, 12, 58, 71, 109, 61, 67, 78, 85, 93, 143, 25, 7, 39, 51, 97, 106, 101, 120, 121, 114, 108, 110, 111, 9, 6, 1, 2, 48, 46, 47, 70, 69, 79, 80, 72, 73, 94, 66, 68, 86, 23, 126, 125, 124, 123, 141, 142, 62, 5, 4, 22, 21, 20, 37, 34, 35, 31, 30, 11, 98, 96, 100, 63, 60, 64, 83, 84, 24, 44, 82, 38, 57, 56, 49, 50, 87, 88, 103, 104, 53, 55, 45, 75, 77, 59, 90, 92, 65, 81, 117, 119, 95, 107, 8, 15, 0, 27, 29, 3, 41, 43, 19, 33]",True,2286405,0.002286405,"[43, 19, 33]","[33, 19, 43]",complete,3,3,4,0,4,0,4,4,0,0,0,0,0,0,0
2,453,75,148,1,"[0, 1, 2, 3, 4, 5, 6, 7, 8, 9, 10, 11, 12, 13, 14, 15, 16, 17, 18, 19, 20, 21, 22, 23, 24, 25, 26, 27, 28, 29, 30, 31, 32, 34, 35, 36, 37, 38, 39, 40, 41, 42, 43, 44, 45, 46, 47, 48, 49, 50, 51, 52, 53, 54, 55, 56, 57, 58, 59, 60, 61, 62, 63, 64, 65, 66, 67, 68, 69, 70, 71, 72, 73, 74, 75, 76, 77, 78, 79, 80, 81, 82, 83, 84, 85, 86, 87, 88, 89, 90, 91, 92, 93, 94, 95, 96, 97, 98, 99, 100, 101, 102, 103, 104, 105, 106, 107, 108, 109, 110, 111, 112, 114, 115, 116, 117, 118, 119, 120, 121, 122, 123, 124, 125, 126, 127, 128, 129, 130, 131, 132, 133, 134, 135, 136, 137, 138, 139, 140, 141, 142, 143, 144, 145, 146, 147, 148, 149]",[33],{},[],0,"[137, 138, 139, 140, 136, 135, 134, 133, 129, 130, 131, 132, 128, 127, 13, 14, 116, 118, 26, 28, 40, 42, 52, 54, 74, 76, 89, 91, 17, 122, 18, 32, 16, 112, 36, 99, 105, 144, 10, 145, 148, 115, 149, 102, 146, 147, 12, 58, 71, 109, 61, 67, 78, 85, 93, 143, 25, 7, 39, 51, 97, 106, 101, 120, 121, 114, 108, 110, 111, 9, 6, 1, 2, 48, 46, 47, 70, 69, 79, 80, 72, 73, 94, 66, 68, 86, 23, 126, 125, 124, 123, 141, 142, 62, 5, 4, 22, 21, 20, 37, 34, 35, 31, 30, 11, 98, 96, 100, 63, 60, 64, 83, 84, 24, 44, 82, 38, 57, 56, 49, 50, 87, 88, 103, 104, 53, 55, 45, 75, 77, 59, 90, 92, 65, 81, 117, 119, 95, 107, 8, 15, 0, 27, 29, 3, 41, 43, 19, 33]",True,642367,0.000642367,[33],[33],complete,1,1,1,0,2,0,2,2,0,0,0,0,0,0,0
3,454,1,0,149,[],"[0, 1, 2, 3, 4, 5, 6, 7, 8, 9, 10, 11, 12, 13, 14, 15, 16, 17, 18, 19, 20, 21, 22, 23, 24, 25, 26, 27, 28, 29, 30, 31, 32, 33, 34, 35, 36, 37, 38, 39, 40, 41, 42, 43, 44, 45, 46, 47, 48, 49, 50, 51, 52, 53, 54, 55, 56, 57, 58, 59, 60, 61, 62, 63, 64, 65, 66, 67, 68, 69, 70, 71, 72, 73, 74, 75, 76, 77, 78, 79, 80, 81, 82, 83, 84, 85, 86, 87, 88, 89, 90, 91, 92, 93, 94, 95, 96, 97, 98, 99, 100, 101, 102, 103, 104, 105, 106, 107, 108, 109, 110, 111, 112, 114, 115, 116, 117, 118, 119, 120, 121, 122, 123, 124, 125, 126, 127, 128, 129, 130, 131, 132, 133, 134, 135, 136, 137, 138, 139, 140, 141, 142, 143, 144, 145, 146, 147, 148, 149]",{},[],0,"[137, 138, 139, 140, 136, 135, 134, 133, 129, 130, 131, 132, 128, 127, 13, 14, 116, 118, 26, 28, 40, 42, 52, 54, 74, 76, 89, 91, 17, 122, 18, 32, 16, 112, 36, 99, 105, 144, 10, 145, 148, 115, 149, 102, 146, 147, 12, 58, 71, 109, 61, 67, 78, 85, 93, 143, 25, 7, 39, 51, 97, 106, 101, 120, 121, 114, 108, 110, 111, 9, 6, 1, 2, 48, 46, 47, 70, 69, 79, 80, 72, 73, 94, 66, 68, 86, 23, 126, 125, 124, 123, 141, 142, 62, 5, 4, 22, 21, 20, 37, 34, 35, 31, 30, 11, 98, 96, 100, 63, 60, 64, 83, 84, 24, 44, 82, 38, 57, 56, 49, 50, 87, 88, 103, 104, 53, 55, 45, 75, 77, 59, 90, 92, 65, 81, 117, 119, 95, 107, 8, 15, 0, 27, 29, 3, 41, 43, 19, 33]",True,18592169017,18.592169017,"[137, 138, 139, 140, 136, 135, 134, 133, 129, 130, 131, 132, 128, 127, 13, 14, 116, 118, 26, 28, 40, 42, 52, 54, 74, 76, 89, 91, 17, 122, 18, 32, 16, 112, 36, 99, 105, 144, 10, 145, 148, 115, 149, 102, 146, 147, 12, 58, 71, 109, 61, 67, 78, 85, 93, 143, 25, 7, 39, 51, 97, 106, 101, 120, 121, 114, 108, 110, 111, 9, 6, 1, 2, 48, 46, 47, 70, 69, 79, 80, 72, 73, 94, 66, 68, 86, 23, 126, 125, 124, 123, 141, 142, 62, 5, 4, 22, 21, 20, 37, 34, 35, 31, 30, 11, 98, 96, 100, 63, 60, 64, 83, 84, 24, 44, 82, 38, 57, 56, 49, 50, 87, 88, 103, 104, 53, 55, 45, 75, 77, 59, 90, 92, 65, 81, 117, 119, 95, 107, 8, 15, 0, 27, 29, 3, 41, 43, 19, 33]","[33, 19, 43, 41, 3, 29, 27, 0, 15, 8, 107, 95, 119, 117, 81, 65, 92, 90, 59, 77, 75, 45, 55, 53, 104, 103, 88, 87, 50, 49, 56, 57, 38, 82, 44, 24, 84, 83, 64, 60, 63, 100, 96, 98, 11, 30, 31, 35, 34, 37, 20, 21, 22, 4, 5, 62, 142, 141, 123, 124, 125, 126, 23, 86, 68, 66, 94, 73, 72, 80, 79, 69, 70, 47, 46, 48, 2, 1, 6, 9, 111, 110, 108, 114, 121, 120, 101, 106, 97, 51, 39, 7, 25, 143, 93, 85, 78, 67, 61, 109, 71, 58, 12, 147, 146, 102, 149, 115, 148, 145, 10, 144, 105, 99, 36, 112, 16, 32, 18, 122, 17, 91, 89, 76, 74, 54, 52, 42, 40, 28, 26, 118, 116, 14, 13, 127, 128, 132, 131, 130, 129, 133, 134, 135, 136, 140, 139, 138, 137]",complete,339,339,9799,190,1939,854,1085,1085,2,146,146,44,44,44,44
3,454,2,2,147,"[137, 138]","[0, 1, 2, 3, 4, 5, 6, 7, 8, 9, 10, 11, 12, 13, 14, 15, 16, 17, 18, 19, 20, 21, 22, 23, 24, 25, 26, 27, 28, 29, 30, 31, 32, 33, 34, 35, 36, 37, 38, 39, 40, 41, 42, 43, 44, 45, 46, 47, 48, 49, 50, 51, 52, 53, 54, 55, 56, 57, 58, 59, 60, 61, 62, 63, 64, 65, 66, 67, 68, 69, 70, 71, 72, 73, 74, 75, 76, 77, 78, 79, 80, 81, 82, 83, 84, 85, 86, 87, 88, 89, 90, 91, 92, 93, 94, 95, 96, 97, 98, 99, 100, 101, 102, 103, 104, 105, 106, 107, 108, 109, 110, 111, 112, 114, 115, 116, 117, 118, 119, 120, 121, 122, 123, 124, 125, 126, 127, 128, 129, 130, 131, 132, 133, 134, 135, 136, 139, 140, 141, 142, 143, 144, 145, 146, 147, 148, 149]",{},[],0,"[137, 138, 139, 140, 136, 135, 134, 133, 129, 130, 131, 132, 128, 127, 13, 14, 116, 118, 26, 28, 40, 42, 52, 54, 74, 76, 89, 91, 17, 122, 18, 32, 16, 112, 36, 99, 105, 144, 10, 145, 148, 115, 149, 102, 146, 147, 12, 58, 71, 109, 61, 67, 78, 85, 93, 143, 25, 7, 39, 51, 97, 106, 101, 120, 121, 114, 108, 110, 111, 9, 6, 1, 2, 48, 46, 47, 70, 69, 79, 80, 72, 73, 94, 66, 68, 86, 23, 126, 125, 124, 123, 141, 142, 62, 5, 4, 22, 21, 20, 37, 34, 35, 31, 30, 11, 98, 96, 100, 63, 60, 64, 83, 84, 24, 44, 82, 38, 57, 56, 49, 50, 87, 88, 103, 104, 53, 55, 45, 75, 77, 59, 90, 92, 65, 81, 117, 119, 95, 107, 8, 15, 0, 27, 29, 3, 41, 43, 19, 33]",True,18288859023,18.288859023,"[139, 140, 136, 135, 134, 133, 129, 130, 131, 132, 128, 127, 13, 14, 116, 118, 26, 28, 40, 42, 52, 54, 74, 76, 89, 91, 17, 122, 18, 32, 16, 112, 36, 99, 105, 144, 10, 145, 148, 115, 149, 102, 146, 147, 12, 58, 71, 109, 61, 67, 78, 85, 93, 143, 25, 7, 39, 51, 97, 106, 101, 120, 121, 114, 108, 110, 111, 9, 6, 1, 2, 48, 46, 47, 70, 69, 79, 80, 72, 73, 94, 66, 68, 86, 23, 126, 125, 124, 123, 141, 142, 62, 5, 4, 22, 21, 20, 37, 34, 35, 31, 30, 11, 98, 96, 100, 63, 60, 64, 83, 84, 24, 44, 82, 38, 57, 56, 49, 50, 87, 88, 103, 104, 53, 55, 45, 75, 77, 59, 90, 92, 65, 81, 117, 119, 95, 107, 8, 15, 0, 27, 29, 3, 41, 43, 19, 33]","[33, 19, 43, 41, 3, 29, 27, 0, 15, 8, 107, 95, 119, 117, 81, 65, 92, 90, 59, 77, 75, 45, 55, 53, 104, 103, 88, 87, 50, 49, 56, 57, 38, 82, 44, 24, 84, 83, 64, 60, 63, 100, 96, 98, 11, 30, 31, 35, 34, 37, 20, 21, 22, 4, 5, 62, 142, 141, 123, 124, 125, 126, 23, 86, 68, 66, 94, 73, 72, 80, 79, 69, 70, 47, 46, 48, 2, 1, 6, 9, 111, 110, 108, 114, 121, 120, 101, 106, 97, 51, 39, 7, 25, 143, 93, 85, 78, 67, 61, 109, 71, 58, 12, 147, 146, 102, 149, 115, 148, 145, 10, 144, 105, 99, 36, 112, 16, 32, 18, 122, 17, 91, 89, 76, 74, 54, 52, 42, 40, 28, 26, 118, 116, 14, 13, 127, 128, 132, 131, 130, 129, 133, 134, 135, 136, 140, 139]",complete,337,337,9522,190,1937,854,1083,1083,2,146,146,44,44,44,44
3,454,3,4,145,"[137, 138, 139, 140]","[0, 1, 2, 3, 4, 5, 6, 7, 8, 9, 10, 11, 12, 13, 14, 15, 16, 17, 18, 19, 20, 21, 22, 23, 24, 25, 26, 27, 28, 29, 30, 31, 32, 33, 34, 35, 36, 37, 38, 39, 40, 41, 42, 43, 44, 45, 46, 47, 48, 49, 50, 51, 52, 53, 54, 55, 56, 57, 58, 59, 60, 61, 62, 63, 64, 65, 66, 67, 68, 69, 70, 71, 72, 73, 74, 75, 76, 77, 78, 79, 80, 81, 82, 83, 84, 85, 86, 87, 88, 89, 90, 91, 92, 93, 94, 95, 96, 97, 98, 99, 100, 101, 102, 103, 104, 105, 106, 107, 108, 109, 110, 111, 112, 114, 115, 116, 117, 118, 119, 120, 121, 122, 123, 124, 125, 126, 127, 128, 129, 130, 131, 132, 133, 134, 135, 136, 141, 142, 143, 144, 145, 146, 147, 148, 149]",{},[],0,"[137, 138, 139, 140, 136, 135, 134, 133, 129, 130, 131, 132, 128, 127, 13, 14, 116, 118, 26, 28, 40, 42, 52, 54, 74, 76, 89, 91, 17, 122, 18, 32, 16, 112, 36, 99, 105, 144, 10, 145, 148, 115, 149, 102, 146, 147, 12, 58, 71, 109, 61, 67, 78, 85, 93, 143, 25, 7, 39, 51, 97, 106, 101, 120, 121, 114, 108, 110, 111, 9, 6, 1, 2, 48, 46, 47, 70, 69, 79, 80, 72, 73, 94, 66, 68, 86, 23, 126, 125, 124, 123, 141, 142, 62, 5, 4, 22, 21, 20, 37, 34, 35, 31, 30, 11, 98, 96, 100, 63, 60, 64, 83, 84, 24, 44, 82, 38, 57, 56, 49, 50, 87, 88, 103, 104, 53, 55, 45, 75, 77, 59, 90, 92, 65, 81, 117, 119, 95, 107, 8, 15, 0, 27, 29, 3, 41, 43, 19, 33]",True,18967979599,18.967979599,"[136, 135, 134, 133, 129, 130, 131, 132, 128, 127, 13, 14, 116, 118, 26, 28, 40, 42, 52, 54, 74, 76, 89, 91, 17, 122, 18, 32, 16, 112, 36, 99, 105, 144, 10, 145, 148, 115, 149, 102, 146, 147, 12, 58, 71, 109, 61, 67, 78, 85, 93, 143, 25, 7, 39, 51, 97, 106, 101, 120, 121, 114, 108, 110, 111, 9, 6, 1, 2, 48, 46, 47, 70, 69, 79, 80, 72, 73, 94, 66, 68, 86, 23, 126, 125, 124, 123, 141, 142, 62, 5, 4, 22, 21, 20, 37, 34, 35, 31, 30, 11, 98, 96, 100, 63, 60, 64, 83, 84, 24, 44, 82, 38, 57, 56, 49, 50, 87, 88, 103, 104, 53, 55, 45, 75, 77, 59, 90, 92, 65, 81, 117, 119, 95, 107, 8, 15, 0, 27, 29, 3, 41, 43, 19, 33]","[33, 19, 43, 41, 3, 29, 27, 0, 15, 8, 107, 95, 119, 117, 81, 65, 92, 90, 59, 77, 75, 45, 55, 53, 104, 103, 88, 87, 50, 49, 56, 57, 38, 82, 44, 24, 84, 83, 64, 60, 63, 100, 96, 98, 11, 30, 31, 35, 34, 37, 20, 21, 22, 4, 5, 62, 142, 141, 123, 124, 125, 126, 23, 86, 68, 66, 94, 73, 72, 80, 79, 69, 70, 47, 46, 48, 2, 1, 6, 9, 111, 110, 108, 114, 121, 120, 101, 106, 97, 51, 39, 7, 25, 143, 93, 85, 78, 67, 61, 109, 71, 58, 12, 147, 146, 102, 149, 115, 148, 145, 10, 144, 105, 99, 36, 112, 16, 32, 18, 122, 17, 91, 89, 76, 74, 54, 52, 42, 40, 28, 26, 118, 116, 14, 13, 127, 128, 132, 131, 130, 129, 133, 134, 135, 136]",complete,335,335,9249,190,1935,854,1081,1081,2,146,146,44,44,44,44
3,454,4,6,143,"[135, 136, 137, 138, 139, 140]","[0, 1, 2, 3, 4, 5, 6, 7, 8, 9, 10, 11, 12, 13, 14, 15, 16, 17, 18, 19, 20, 21, 22, 23, 24, 25, 26, 27, 28, 29, 30, 31, 32, 33, 34, 35, 36, 37, 38, 39, 40, 41, 42, 43, 44, 45, 46, 47, 48, 49, 50, 51, 52, 53, 54, 55, 56, 57, 58, 59, 60, 61, 62, 63, 64, 65, 66, 67, 68, 69, 70, 71, 72, 73, 74, 75, 76, 77, 78, 79, 80, 81, 82, 83, 84, 85, 86, 87, 88, 89, 90, 91, 92, 93, 94, 95, 96, 97, 98, 99, 100, 101, 102, 103, 104, 105, 106, 107, 108, 109, 110, 111, 112, 114, 115, 116, 117, 118, 119, 120, 121, 122, 123, 124, 125, 126, 127, 128, 129, 130, 131, 132, 133, 134, 141, 142, 143, 144, 145, 146, 147, 148, 149]",{},[],0,"[137, 138, 139, 140, 136, 135, 134, 133, 129, 130, 131, 132, 128, 127, 13, 14, 116, 118, 26, 28, 40, 42, 52, 54, 74, 76, 89, 91, 17, 122, 18, 32, 16, 112, 36, 99, 105, 144, 10, 145, 148, 115, 149, 102, 146, 147, 12, 58, 71, 109, 61, 67, 78, 85, 93, 143, 25, 7, 39, 51, 97, 106, 101, 120, 121, 114, 108, 110, 111, 9, 6, 1, 2, 48, 46, 47, 70, 69, 79, 80, 72, 73, 94, 66, 68, 86, 23, 126, 125, 124, 123, 141, 142, 62, 5, 4, 22, 21, 20, 37, 34, 35, 31, 30, 11, 98, 96, 100, 63, 60, 64, 83, 84, 24, 44, 82, 38, 57, 56, 49, 50, 87, 88, 103, 104, 53, 55, 45, 75, 77, 59, 90, 92, 65, 81, 117, 119, 95, 107, 8, 15, 0, 27, 29, 3, 41, 43, 19, 33]",True,18527743516,18.527743516,"[134, 133, 129, 130, 131, 132, 128, 127, 13, 14, 116, 118, 26, 28, 40, 42, 52, 54, 74, 76, 89, 91, 17, 122, 18, 32, 16, 112, 36, 99, 105, 144, 10, 145, 148, 115, 149, 102, 146, 147, 12, 58, 71, 109, 61, 67, 78, 85, 93, 143, 25, 7, 39, 51, 97, 106, 101, 120, 121, 114, 108, 110, 111, 9, 6, 1, 2, 48, 46, 47, 70, 69, 79, 80, 72, 73, 94, 66, 68, 86, 23, 126, 125, 124, 123, 141, 142, 62, 5, 4, 22, 21, 20, 37, 34, 35, 31, 30, 11, 98, 96, 100, 63, 60, 64, 83, 84, 24, 44, 82, 38, 57, 56, 49, 50, 87, 88, 103, 104, 53, 55, 45, 75, 77, 59, 90, 92, 65, 81, 117, 119, 95, 107, 8, 15, 0, 27, 29, 3, 41, 43, 19, 33]","[33, 19, 43, 41, 3, 29, 27, 0, 15, 8, 107, 95, 119, 117, 81, 65, 92, 90, 59, 77, 75, 45, 55, 53, 104, 103, 88, 87, 50, 49, 56, 57, 38, 82, 44, 24, 84, 83, 64, 60, 63, 100, 96, 98, 11, 30, 31, 35, 34, 37, 20, 21, 22, 4, 5, 62, 142, 141, 123, 124, 125, 126, 23, 86, 68, 66, 94, 73, 72, 80, 79, 69, 70, 47, 46, 48, 2, 1, 6, 9, 111, 110, 108, 114, 121, 120, 101, 106, 97, 51, 39, 7, 25, 143, 93, 85, 78, 67, 61, 109, 71, 58, 12, 147, 146, 102, 149, 115, 148, 145, 10, 144, 105, 99, 36, 112, 16, 32, 18, 122, 17, 91, 89, 76, 74, 54, 52, 42, 40, 28, 26, 118, 116, 14, 13, 127, 128, 132, 131, 130, 129, 133, 134]",complete,333,333,8980,190,1933,854,1079,1079,2,146,146,44,44,44,44
3,454,5,8,141,"[133, 134, 135, 136, 137, 138, 139, 140]","[0, 1, 2, 3, 4, 5, 6, 7, 8, 9, 10, 11, 12, 13, 14, 15, 16, 17, 18, 19, 20, 21, 22, 23, 24, 25, 26, 27, 28, 29, 30, 31, 32, 33, 34, 35, 36, 37, 38, 39, 40, 41, 42, 43, 44, 45, 46, 47, 48, 49, 50, 51, 52, 53, 54, 55, 56, 57, 58, 59, 60, 61, 62, 63, 64, 65, 66, 67, 68, 69, 70, 71, 72, 73, 74, 75, 76, 77, 78, 79, 80, 81, 82, 83, 84, 85, 86, 87, 88, 89, 90, 91, 92, 93, 94, 95, 96, 97, 98, 99, 100, 101, 102, 103, 104, 105, 106, 107, 108, 109, 110, 111, 112, 114, 115, 116, 117, 118, 119, 120, 121, 122, 123, 124, 125, 126, 127, 128, 129, 130, 131, 132, 141, 142, 143, 144, 145, 146, 147, 148, 149]",{},[],0,"[137, 138, 139, 140, 136, 135, 134, 133, 129, 130, 131, 132, 128, 127, 13, 14, 116, 118, 26, 28, 40, 42, 52, 54, 74, 76, 89, 91, 17, 122, 18, 32, 16, 112, 36, 99, 105, 144, 10, 145, 148, 115, 149, 102, 146, 147, 12, 58, 71, 109, 61, 67, 78, 85, 93, 143, 25, 7, 39, 51, 97, 106, 101, 120, 121, 114, 108, 110, 111, 9, 6, 1, 2, 48, 46, 47, 70, 69, 79, 80, 72, 73, 94, 66, 68, 86, 23, 126, 125, 124, 123, 141, 142, 62, 5, 4, 22, 21, 20, 37, 34, 35, 31, 30, 11, 98, 96, 100, 63, 60, 64, 83, 84, 24, 44, 82, 38, 57, 56, 49, 50, 87, 88, 103, 104, 53, 55, 45, 75, 77, 59, 90, 92, 65, 81, 117, 119, 95, 107, 8, 15, 0, 27, 29, 3, 41, 43, 19, 33]",True,18968449393,18.968449393,"[129, 130, 131, 132, 128, 127, 13, 14, 116, 118, 26, 28, 40, 42, 52, 54, 74, 76, 89, 91, 17, 122, 18, 32, 16, 112, 36, 99, 105, 144, 10, 145, 148, 115, 149, 102, 146, 147, 12, 58, 71, 109, 61, 67, 78, 85, 93, 143, 25, 7, 39, 51, 97, 106, 101, 120, 121, 114, 108, 110, 111, 9, 6, 1, 2, 48, 46, 47, 70, 69, 79, 80, 72, 73, 94, 66, 68, 86, 23, 126, 125, 124, 123, 141, 142, 62, 5, 4, 22, 21, 20, 37, 34, 35, 31, 30, 11, 98, 96, 100, 63, 60, 64, 83, 84, 24, 44, 82, 38, 57, 56, 49, 50, 87, 88, 103, 104, 53, 55, 45, 75, 77, 59, 90, 92, 65, 81, 117, 119, 95, 107, 8, 15, 0, 27, 29, 3, 41, 43, 19, 33]","[33, 19, 43, 41, 3, 29, 27, 0, 15, 8, 107, 95, 119, 117, 81, 65, 92, 90, 59, 77, 75, 45, 55, 53, 104, 103, 88, 87, 50, 49, 56, 57, 38, 82, 44, 24, 84, 83, 64, 60, 63, 100, 96, 98, 11, 30, 31, 35, 34, 37, 20, 21, 22, 4, 5, 62, 142, 141, 123, 124, 125, 126, 23, 86, 68, 66, 94, 73, 72, 80, 79, 69, 70, 47, 46, 48, 2, 1, 6, 9, 111, 110, 108, 114, 121, 120, 101, 106, 97, 51, 39, 7, 25, 143, 93, 85, 78, 67, 61, 109, 71, 58, 12, 147, 146, 102, 149, 115, 148, 145, 10, 144, 105, 99, 36, 112, 16, 32, 18, 122, 17, 91, 89, 76, 74, 54, 52, 42, 40, 28, 26, 118, 116, 14, 13, 127, 128, 132, 131, 130, 129]",complete,331,331,8715,190,1931,854,1077,1077,2,146,146,44,44,44,44
3,454,6,10,139,"[129, 130, 133, 134, 135, 136, 137, 138, 139, 140]","[0, 1, 2, 3, 4, 5, 6, 7, 8, 9, 10, 11, 12, 13, 14, 15, 16, 17, 18, 19, 20, 21, 22, 23, 24, 25, 26, 27, 28, 29, 30, 31, 32, 33, 34, 35, 36, 37, 38, 39, 40, 41, 42, 43, 44, 45, 46, 47, 48, 49, 50, 51, 52, 53, 54, 55, 56, 57, 58, 59, 60, 61, 62, 63, 64, 65, 66, 67, 68, 69, 70, 71, 72, 73, 74, 75, 76, 77, 78, 79, 80, 81, 82, 83, 84, 85, 86, 87, 88, 89, 90, 91, 92, 93, 94, 95, 96, 97, 98, 99, 100, 101, 102, 103, 104, 105, 106, 107, 108, 109, 110, 111, 112, 114, 115, 116, 117, 118, 119, 120, 121, 122, 123, 124, 125, 126, 127, 128, 131, 132, 141, 142, 143, 144, 145, 146, 147, 148, 149]",{},[],0,"[137, 138, 139, 140, 136, 135, 134, 133, 129, 130, 131, 132, 128, 127, 13, 14, 116, 118, 26, 28, 40, 42, 52, 54, 74, 76, 89, 91, 17, 122, 18, 32, 16, 112, 36, 99, 105, 144, 10, 145, 148, 115, 149, 102, 146, 147, 12, 58, 71, 109, 61, 67, 78, 85, 93, 143, 25, 7, 39, 51, 97, 106, 101, 120, 121, 114, 108, 110, 111, 9, 6, 1, 2, 48, 46, 47, 70, 69, 79, 80, 72, 73, 94, 66, 68, 86, 23, 126, 125, 124, 123, 141, 142, 62, 5, 4, 22, 21, 20, 37, 34, 35, 31, 30, 11, 98, 96, 100, 63, 60, 64, 83, 84, 24, 44, 82, 38, 57, 56, 49, 50, 87, 88, 103, 104, 53, 55, 45, 75, 77, 59, 90, 92, 65, 81, 117, 119, 95, 107, 8, 15, 0, 27, 29, 3, 41, 43, 19, 33]",True,18683716263,18.683716263,"[131, 132, 128, 127, 13, 14, 116, 118, 26, 28, 40, 42, 52, 54, 74, 76, 89, 91, 17, 122, 18, 32, 16, 112, 36, 99, 105, 144, 10, 145, 148, 115, 149, 102, 146, 147, 12, 58, 71, 109, 61, 67, 78, 85, 93, 143, 25, 7, 39, 51, 97, 106, 101, 120, 121, 114, 108, 110, 111, 9, 6, 1, 2, 48, 46, 47, 70, 69, 79, 80, 72, 73, 94, 66, 68, 86, 23, 126, 125, 124, 123, 141, 142, 62, 5, 4, 22, 21, 20, 37, 34, 35, 31, 30, 11, 98, 96, 100, 63, 60, 64, 83, 84, 24, 44, 82, 38, 57, 56, 49, 50, 87, 88, 103, 104, 53, 55, 45, 75, 77, 59, 90, 92, 65, 81, 117, 119, 95, 107, 8, 15, 0, 27, 29, 3, 41, 43, 19, 33]","[33, 19, 43, 41, 3, 29, 27, 0, 15, 8, 107, 95, 119, 117, 81, 65, 92, 90, 59, 77, 75, 45, 55, 53, 104, 103, 88, 87, 50, 49, 56, 57, 38, 82, 44, 24, 84, 83, 64, 60, 63, 100, 96, 98, 11, 30, 31, 35, 34, 37, 20, 21, 22, 4, 5, 62, 142, 141, 123, 124, 125, 126, 23, 86, 68, 66, 94, 73, 72, 80, 79, 69, 70, 47, 46, 48, 2, 1, 6, 9, 111, 110, 108, 114, 121, 120, 101, 106, 97, 51, 39, 7, 25, 143, 93, 85, 78, 67, 61, 109, 71, 58, 12, 147, 146, 102, 149, 115, 148, 145, 10, 144, 105, 99, 36, 112, 16, 32, 18, 122, 17, 91, 89, 76, 74, 54, 52, 42, 40, 28, 26, 118, 116, 14, 13, 127, 128, 132, 131]",complete,329,329,8454,190,1929,854,1075,1075,2,146,146,44,44,44,44
3,454,7,12,137,"[129, 130, 131, 132, 133, 134, 135, 136, 137, 138, 139, 140]","[0, 1, 2, 3, 4, 5, 6, 7, 8, 9, 10, 11, 12, 13, 14, 15, 16, 17, 18, 19, 20, 21, 22, 23, 24, 25, 26, 27, 28, 29, 30, 31, 32, 33, 34, 35, 36, 37, 38, 39, 40, 41, 42, 43, 44, 45, 46, 47, 48, 49, 50, 51, 52, 53, 54, 55, 56, 57, 58, 59, 60, 61, 62, 63, 64, 65, 66, 67, 68, 69, 70, 71, 72, 73, 74, 75, 76, 77, 78, 79, 80, 81, 82, 83, 84, 85, 86, 87, 88, 89, 90, 91, 92, 93, 94, 95, 96, 97, 98, 99, 100, 101, 102, 103, 104, 105, 106, 107, 108, 109, 110, 111, 112, 114, 115, 116, 117, 118, 119, 120, 121, 122, 123, 124, 125, 126, 127, 128, 141, 142, 143, 144, 145, 146, 147, 148, 149]",{},[],0,"[137, 138, 139, 140, 136, 135, 134, 133, 129, 130, 131, 132, 128, 127, 13, 14, 116, 118, 26, 28, 40, 42, 52, 54, 74, 76, 89, 91, 17, 122, 18, 32, 16, 112, 36, 99, 105, 144, 10, 145, 148, 115, 149, 102, 146, 147, 12, 58, 71, 109, 61, 67, 78, 85, 93, 143, 25, 7, 39, 51, 97, 106, 101, 120, 121, 114, 108, 110, 111, 9, 6, 1, 2, 48, 46, 47, 70, 69, 79, 80, 72, 73, 94, 66, 68, 86, 23, 126, 125, 124, 123, 141, 142, 62, 5, 4, 22, 21, 20, 37, 34, 35, 31, 30, 11, 98, 96, 100, 63, 60, 64, 83, 84, 24, 44, 82, 38, 57, 56, 49, 50, 87, 88, 103, 104, 53, 55, 45, 75, 77, 59, 90, 92, 65, 81, 117, 119, 95, 107, 8, 15, 0, 27, 29, 3, 41, 43, 19, 33]",True,18510232802,18.510232802,"[128, 127, 13, 14, 116, 118, 26, 28, 40, 42, 52, 54, 74, 76, 89, 91, 17, 122, 18, 32, 16, 112, 36, 99, 105, 144, 10, 145, 148, 115, 149, 102, 146, 147, 12, 58, 71, 109, 61, 67, 78, 85, 93, 143, 25, 7, 39, 51, 97, 106, 101, 120, 121, 114, 108, 110, 111, 9, 6, 1, 2, 48, 46, 47, 70, 69, 79, 80, 72, 73, 94, 66, 68, 86, 23, 126, 125, 124, 123, 141, 142, 62, 5, 4, 22, 21, 20, 37, 34, 35, 31, 30, 11, 98, 96, 100, 63, 60, 64, 83, 84, 24, 44, 82, 38, 57, 56, 49, 50, 87, 88, 103, 104, 53, 55, 45, 75, 77, 59, 90, 92, 65, 81, 117, 119, 95, 107, 8, 15, 0, 27, 29, 3, 41, 43, 19, 33]","[33, 19, 43, 41, 3, 29, 27, 0, 15, 8, 107, 95, 119, 117, 81, 65, 92, 90, 59, 77, 75, 45, 55, 53, 104, 103, 88, 87, 50, 49, 56, 57, 38, 82, 44, 24, 84, 83, 64, 60, 63, 100, 96, 98, 11, 30, 31, 35, 34, 37, 20, 21, 22, 4, 5, 62, 142, 141, 123, 124, 125, 126, 23, 86, 68, 66, 94, 73, 72, 80, 79, 69, 70, 47, 46, 48, 2, 1, 6, 9, 111, 110, 108, 114, 121, 120, 101, 106, 97, 51, 39, 7, 25, 143, 93, 85, 78, 67, 61, 109, 71, 58, 12, 147, 146, 102, 149, 115, 148, 145, 10, 144, 105, 99, 36, 112, 16, 32, 18, 122, 17, 91, 89, 76, 74, 54, 52, 42, 40, 28, 26, 118, 116, 14, 13, 127, 128]",complete,327,327,8197,190,1927,854,1073,1073,2,146,146,44,44,44,44
3,454,8,14,135,"[127, 128, 129, 130, 131, 132, 133, 134, 135, 136, 137, 138, 139, 140]","[0, 1, 2, 3, 4, 5, 6, 7, 8, 9, 10, 11, 12, 13, 14, 15, 16, 17, 18, 19, 20, 21, 22, 23, 24, 25, 26, 27, 28, 29, 30, 31, 32, 33, 34, 35, 36, 37, 38, 39, 40, 41, 42, 43, 44, 45, 46, 47, 48, 49, 50, 51, 52, 53, 54, 55, 56, 57, 58, 59, 60, 61, 62, 63, 64, 65, 66, 67, 68, 69, 70, 71, 72, 73, 74, 75, 76, 77, 78, 79, 80, 81, 82, 83, 84, 85, 86, 87, 88, 89, 90, 91, 92, 93, 94, 95, 96, 97, 98, 99, 100, 101, 102, 103, 104, 105, 106, 107, 108, 109, 110, 111, 112, 114, 115, 116, 117, 118, 119, 120, 121, 122, 123, 124, 125, 126, 141, 142, 143, 144, 145, 146, 147, 148, 149]",{},[],0,"[137, 138, 139, 140, 136, 135, 134, 133, 129, 130, 131, 132, 128, 127, 13, 14, 116, 118, 26, 28, 40, 42, 52, 54, 74, 76, 89, 91, 17, 122, 18, 32, 16, 112, 36, 99, 105, 144, 10, 145, 148, 115, 149, 102, 146, 147, 12, 58, 71, 109, 61, 67, 78, 85, 93, 143, 25, 7, 39, 51, 97, 106, 101, 120, 121, 114, 108, 110, 111, 9, 6, 1, 2, 48, 46, 47, 70, 69, 79, 80, 72, 73, 94, 66, 68, 86, 23, 126, 125, 124, 123, 141, 142, 62, 5, 4, 22, 21, 20, 37, 34, 35, 31, 30, 11, 98, 96, 100, 63, 60, 64, 83, 84, 24, 44, 82, 38, 57, 56, 49, 50, 87, 88, 103, 104, 53, 55, 45, 75, 77, 59, 90, 92, 65, 81, 117, 119, 95, 107, 8, 15, 0, 27, 29, 3, 41, 43, 19, 33]",True,18694262891,18.694262891,"[13, 14, 116, 118, 26, 28, 40, 42, 52, 54, 74, 76, 89, 91, 17, 122, 18, 32, 16, 112, 36, 99, 105, 144, 10, 145, 148, 115, 149, 102, 146, 147, 12, 58, 71, 109, 61, 67, 78, 85, 93, 143, 25, 7, 39, 51, 97, 106, 101, 120, 121, 114, 108, 110, 111, 9, 6, 1, 2, 48, 46, 47, 70, 69, 79, 80, 72, 73, 94, 66, 68, 86, 23, 126, 125, 124, 123, 141, 142, 62, 5, 4, 22, 21, 20, 37, 34, 35, 31, 30, 11, 98, 96, 100, 63, 60, 64, 83, 84, 24, 44, 82, 38, 57, 56, 49, 50, 87, 88, 103, 104, 53, 55, 45, 75, 77, 59, 90, 92, 65, 81, 117, 119, 95, 107, 8, 15, 0, 27, 29, 3, 41, 43, 19, 33]","[33, 19, 43, 41, 3, 29, 27, 0, 15, 8, 107, 95, 119, 117, 81, 65, 92, 90, 59, 77, 75, 45, 55, 53, 104, 103, 88, 87, 50, 49, 56, 57, 38, 82, 44, 24, 84, 83, 64, 60, 63, 100, 96, 98, 11, 30, 31, 35, 34, 37, 20, 21, 22, 4, 5, 62, 142, 141, 123, 124, 125, 126, 23, 86, 68, 66, 94, 73, 72, 80, 79, 69, 70, 47, 46, 48, 2, 1, 6, 9, 111, 110, 108, 114, 121, 120, 101, 106, 97, 51, 39, 7, 25, 143, 93, 85, 78, 67, 61, 109, 71, 58, 12, 147, 146, 102, 149, 115, 148, 145, 10, 144, 105, 99, 36, 112, 16, 32, 18, 122, 17, 91, 89, 76, 74, 54, 52, 42, 40, 28, 26, 118, 116, 14, 13]",complete,325,325,7944,190,1925,854,1071,1071,2,146,146,44,44,44,44
3,454,9,16,133,"[13, 14, 127, 128, 129, 130, 131, 132, 133, 134, 135, 136, 137, 138, 139, 140]","[0, 1, 2, 3, 4, 5, 6, 7, 8, 9, 10, 11, 12, 15, 16, 17, 18, 19, 20, 21, 22, 23, 24, 25, 26, 27, 28, 29, 30, 31, 32, 33, 34, 35, 36, 37, 38, 39, 40, 41, 42, 43, 44, 45, 46, 47, 48, 49, 50, 51, 52, 53, 54, 55, 56, 57, 58, 59, 60, 61, 62, 63, 64, 65, 66, 67, 68, 69, 70, 71, 72, 73, 74, 75, 76, 77, 78, 79, 80, 81, 82, 83, 84, 85, 86, 87, 88, 89, 90, 91, 92, 93, 94, 95, 96, 97, 98, 99, 100, 101, 102, 103, 104, 105, 106, 107, 108, 109, 110, 111, 112, 114, 115, 116, 117, 118, 119, 120, 121, 122, 123, 124, 125, 126, 141, 142, 143, 144, 145, 146, 147, 148, 149]",{},[],0,"[137, 138, 139, 140, 136, 135, 134, 133, 129, 130, 131, 132, 128, 127, 13, 14, 116, 118, 26, 28, 40, 42, 52, 54, 74, 76, 89, 91, 17, 122, 18, 32, 16, 112, 36, 99, 105, 144, 10, 145, 148, 115, 149, 102, 146, 147, 12, 58, 71, 109, 61, 67, 78, 85, 93, 143, 25, 7, 39, 51, 97, 106, 101, 120, 121, 114, 108, 110, 111, 9, 6, 1, 2, 48, 46, 47, 70, 69, 79, 80, 72, 73, 94, 66, 68, 86, 23, 126, 125, 124, 123, 141, 142, 62, 5, 4, 22, 21, 20, 37, 34, 35, 31, 30, 11, 98, 96, 100, 63, 60, 64, 83, 84, 24, 44, 82, 38, 57, 56, 49, 50, 87, 88, 103, 104, 53, 55, 45, 75, 77, 59, 90, 92, 65, 81, 117, 119, 95, 107, 8, 15, 0, 27, 29, 3, 41, 43, 19, 33]",True,18478238393,18.478238393,"[116, 118, 26, 28, 40, 42, 52, 54, 74, 76, 89, 91, 17, 122, 18, 32, 16, 112, 36, 99, 105, 144, 10, 145, 148, 115, 149, 102, 146, 147, 12, 58, 71, 109, 61, 67, 78, 85, 93, 143, 25, 7, 39, 51, 97, 106, 101, 120, 121, 114, 108, 110, 111, 9, 6, 1, 2, 48, 46, 47, 70, 69, 79, 80, 72, 73, 94, 66, 68, 86, 23, 126, 125, 124, 123, 141, 142, 62, 5, 4, 22, 21, 20, 37, 34, 35, 31, 30, 11, 98, 96, 100, 63, 60, 64, 83, 84, 24, 44, 82, 38, 57, 56, 49, 50, 87, 88, 103, 104, 53, 55, 45, 75, 77, 59, 90, 92, 65, 81, 117, 119, 95, 107, 8, 15, 0, 27, 29, 3, 41, 43, 19, 33]","[33, 19, 43, 41, 3, 29, 27, 0, 15, 8, 107, 95, 119, 117, 81, 65, 92, 90, 59, 77, 75, 45, 55, 53, 104, 103, 88, 87, 50, 49, 56, 57, 38, 82, 44, 24, 84, 83, 64, 60, 63, 100, 96, 98, 11, 30, 31, 35, 34, 37, 20, 21, 22, 4, 5, 62, 142, 141, 123, 124, 125, 126, 23, 86, 68, 66, 94, 73, 72, 80, 79, 69, 70, 47, 46, 48, 2, 1, 6, 9, 111, 110, 108, 114, 121, 120, 101, 106, 97, 51, 39, 7, 25, 143, 93, 85, 78, 67, 61, 109, 71, 58, 12, 147, 146, 102, 149, 115, 148, 145, 10, 144, 105, 99, 36, 112, 16, 32, 18, 122, 17, 91, 89, 76, 74, 54, 52, 42, 40, 28, 26, 118, 116]",complete,323,323,7695,190,1923,854,1069,1069,2,146,146,44,44,44,44
3,454,10,18,131,"[13, 14, 116, 118, 127, 128, 129, 130, 131, 132, 133, 134, 135, 136, 137, 138, 139, 140]","[0, 1, 2, 3, 4, 5, 6, 7, 8, 9, 10, 11, 12, 15, 16, 17, 18, 19, 20, 21, 22, 23, 24, 25, 26, 27, 28, 29, 30, 31, 32, 33, 34, 35, 36, 37, 38, 39, 40, 41, 42, 43, 44, 45, 46, 47, 48, 49, 50, 51, 52, 53, 54, 55, 56, 57, 58, 59, 60, 61, 62, 63, 64, 65, 66, 67, 68, 69, 70, 71, 72, 73, 74, 75, 76, 77, 78, 79, 80, 81, 82, 83, 84, 85, 86, 87, 88, 89, 90, 91, 92, 93, 94, 95, 96, 97, 98, 99, 100, 101, 102, 103, 104, 105, 106, 107, 108, 109, 110, 111, 112, 114, 115, 117, 119, 120, 121, 122, 123, 124, 125, 126, 141, 142, 143, 144, 145, 146, 147, 148, 149]",{},[],0,"[137, 138, 139, 140, 136, 135, 134, 133, 129, 130, 131, 132, 128, 127, 13, 14, 116, 118, 26, 28, 40, 42, 52, 54, 74, 76, 89, 91, 17, 122, 18, 32, 16, 112, 36, 99, 105, 144, 10, 145, 148, 115, 149, 102, 146, 147, 12, 58, 71, 109, 61, 67, 78, 85, 93, 143, 25, 7, 39, 51, 97, 106, 101, 120, 121, 114, 108, 110, 111, 9, 6, 1, 2, 48, 46, 47, 70, 69, 79, 80, 72, 73, 94, 66, 68, 86, 23, 126, 125, 124, 123, 141, 142, 62, 5, 4, 22, 21, 20, 37, 34, 35, 31, 30, 11, 98, 96, 100, 63, 60, 64, 83, 84, 24, 44, 82, 38, 57, 56, 49, 50, 87, 88, 103, 104, 53, 55, 45, 75, 77, 59, 90, 92, 65, 81, 117, 119, 95, 107, 8, 15, 0, 27, 29, 3, 41, 43, 19, 33]",True,18326864905,18.326864905,"[26, 28, 40, 42, 52, 54, 74, 76, 89, 91, 17, 122, 18, 32, 16, 112, 36, 99, 105, 144, 10, 145, 148, 115, 149, 102, 146, 147, 12, 58, 71, 109, 61, 67, 78, 85, 93, 143, 25, 7, 39, 51, 97, 106, 101, 120, 121, 114, 108, 110, 111, 9, 6, 1, 2, 48, 46, 47, 70, 69, 79, 80, 72, 73, 94, 66, 68, 86, 23, 126, 125, 124, 123, 141, 142, 62, 5, 4, 22, 21, 20, 37, 34, 35, 31, 30, 11, 98, 96, 100, 63, 60, 64, 83, 84, 24, 44, 82, 38, 57, 56, 49, 50, 87, 88, 103, 104, 53, 55, 45, 75, 77, 59, 90, 92, 65, 81, 117, 119, 95, 107, 8, 15, 0, 27, 29, 3, 41, 43, 19, 33]","[33, 19, 43, 41, 3, 29, 27, 0, 15, 8, 107, 95, 119, 117, 81, 65, 92, 90, 59, 77, 75, 45, 55, 53, 104, 103, 88, 87, 50, 49, 56, 57, 38, 82, 44, 24, 84, 83, 64, 60, 63, 100, 96, 98, 11, 30, 31, 35, 34, 37, 20, 21, 22, 4, 5, 62, 142, 141, 123, 124, 125, 126, 23, 86, 68, 66, 94, 73, 72, 80, 79, 69, 70, 47, 46, 48, 2, 1, 6, 9, 111, 110, 108, 114, 121, 120, 101, 106, 97, 51, 39, 7, 25, 143, 93, 85, 78, 67, 61, 109, 71, 58, 12, 147, 146, 102, 149, 115, 148, 145, 10, 144, 105, 99, 36, 112, 16, 32, 18, 122, 17, 91, 89, 76, 74, 54, 52, 42, 40, 28, 26]",complete,321,321,7450,190,1921,854,1067,1067,2,146,146,44,44,44,44
3,454,11,20,129,"[13, 14, 26, 28, 116, 118, 127, 128, 129, 130, 131, 132, 133, 134, 135, 136, 137, 138, 139, 140]","[0, 1, 2, 3, 4, 5, 6, 7, 8, 9, 10, 11, 12, 15, 16, 17, 18, 19, 20, 21, 22, 23, 24, 25, 27, 29, 30, 31, 32, 33, 34, 35, 36, 37, 38, 39, 40, 41, 42, 43, 44, 45, 46, 47, 48, 49, 50, 51, 52, 53, 54, 55, 56, 57, 58, 59, 60, 61, 62, 63, 64, 65, 66, 67, 68, 69, 70, 71, 72, 73, 74, 75, 76, 77, 78, 79, 80, 81, 82, 83, 84, 85, 86, 87, 88, 89, 90, 91, 92, 93, 94, 95, 96, 97, 98, 99, 100, 101, 102, 103, 104, 105, 106, 107, 108, 109, 110, 111, 112, 114, 115, 117, 119, 120, 121, 122, 123, 124, 125, 126, 141, 142, 143, 144, 145, 146, 147, 148, 149]",{},[],0,"[137, 138, 139, 140, 136, 135, 134, 133, 129, 130, 131, 132, 128, 127, 13, 14, 116, 118, 26, 28, 40, 42, 52, 54, 74, 76, 89, 91, 17, 122, 18, 32, 16, 112, 36, 99, 105, 144, 10, 145, 148, 115, 149, 102, 146, 147, 12, 58, 71, 109, 61, 67, 78, 85, 93, 143, 25, 7, 39, 51, 97, 106, 101, 120, 121, 114, 108, 110, 111, 9, 6, 1, 2, 48, 46, 47, 70, 69, 79, 80, 72, 73, 94, 66, 68, 86, 23, 126, 125, 124, 123, 141, 142, 62, 5, 4, 22, 21, 20, 37, 34, 35, 31, 30, 11, 98, 96, 100, 63, 60, 64, 83, 84, 24, 44, 82, 38, 57, 56, 49, 50, 87, 88, 103, 104, 53, 55, 45, 75, 77, 59, 90, 92, 65, 81, 117, 119, 95, 107, 8, 15, 0, 27, 29, 3, 41, 43, 19, 33]",True,18403498416,18.403498416,"[40, 42, 52, 54, 74, 76, 89, 91, 17, 122, 18, 32, 16, 112, 36, 99, 105, 144, 10, 145, 148, 115, 149, 102, 146, 147, 12, 58, 71, 109, 61, 67, 78, 85, 93, 143, 25, 7, 39, 51, 97, 106, 101, 120, 121, 114, 108, 110, 111, 9, 6, 1, 2, 48, 46, 47, 70, 69, 79, 80, 72, 73, 94, 66, 68, 86, 23, 126, 125, 124, 123, 141, 142, 62, 5, 4, 22, 21, 20, 37, 34, 35, 31, 30, 11, 98, 96, 100, 63, 60, 64, 83, 84, 24, 44, 82, 38, 57, 56, 49, 50, 87, 88, 103, 104, 53, 55, 45, 75, 77, 59, 90, 92, 65, 81, 117, 119, 95, 107, 8, 15, 0, 27, 29, 3, 41, 43, 19, 33]","[33, 19, 43, 41, 3, 29, 27, 0, 15, 8, 107, 95, 119, 117, 81, 65, 92, 90, 59, 77, 75, 45, 55, 53, 104, 103, 88, 87, 50, 49, 56, 57, 38, 82, 44, 24, 84, 83, 64, 60, 63, 100, 96, 98, 11, 30, 31, 35, 34, 37, 20, 21, 22, 4, 5, 62, 142, 141, 123, 124, 125, 126, 23, 86, 68, 66, 94, 73, 72, 80, 79, 69, 70, 47, 46, 48, 2, 1, 6, 9, 111, 110, 108, 114, 121, 120, 101, 106, 97, 51, 39, 7, 25, 143, 93, 85, 78, 67, 61, 109, 71, 58, 12, 147, 146, 102, 149, 115, 148, 145, 10, 144, 105, 99, 36, 112, 16, 32, 18, 122, 17, 91, 89, 76, 74, 54, 52, 42, 40]",complete,319,319,7209,190,1919,854,1065,1065,2,146,146,44,44,44,44
3,454,12,22,127,"[13, 14, 26, 28, 40, 42, 116, 118, 127, 128, 129, 130, 131, 132, 133, 134, 135, 136, 137, 138, 139, 140]","[0, 1, 2, 3, 4, 5, 6, 7, 8, 9, 10, 11, 12, 15, 16, 17, 18, 19, 20, 21, 22, 23, 24, 25, 27, 29, 30, 31, 32, 33, 34, 35, 36, 37, 38, 39, 41, 43, 44, 45, 46, 47, 48, 49, 50, 51, 52, 53, 54, 55, 56, 57, 58, 59, 60, 61, 62, 63, 64, 65, 66, 67, 68, 69, 70, 71, 72, 73, 74, 75, 76, 77, 78, 79, 80, 81, 82, 83, 84, 85, 86, 87, 88, 89, 90, 91, 92, 93, 94, 95, 96, 97, 98, 99, 100, 101, 102, 103, 104, 105, 106, 107, 108, 109, 110, 111, 112, 114, 115, 117, 119, 120, 121, 122, 123, 124, 125, 126, 141, 142, 143, 144, 145, 146, 147, 148, 149]",{},[],0,"[137, 138, 139, 140, 136, 135, 134, 133, 129, 130, 131, 132, 128, 127, 13, 14, 116, 118, 26, 28, 40, 42, 52, 54, 74, 76, 89, 91, 17, 122, 18, 32, 16, 112, 36, 99, 105, 144, 10, 145, 148, 115, 149, 102, 146, 147, 12, 58, 71, 109, 61, 67, 78, 85, 93, 143, 25, 7, 39, 51, 97, 106, 101, 120, 121, 114, 108, 110, 111, 9, 6, 1, 2, 48, 46, 47, 70, 69, 79, 80, 72, 73, 94, 66, 68, 86, 23, 126, 125, 124, 123, 141, 142, 62, 5, 4, 22, 21, 20, 37, 34, 35, 31, 30, 11, 98, 96, 100, 63, 60, 64, 83, 84, 24, 44, 82, 38, 57, 56, 49, 50, 87, 88, 103, 104, 53, 55, 45, 75, 77, 59, 90, 92, 65, 81, 117, 119, 95, 107, 8, 15, 0, 27, 29, 3, 41, 43, 19, 33]",True,18154263763,18.154263763,"[52, 54, 74, 76, 89, 91, 17, 122, 18, 32, 16, 112, 36, 99, 105, 144, 10, 145, 148, 115, 149, 102, 146, 147, 12, 58, 71, 109, 61, 67, 78, 85, 93, 143, 25, 7, 39, 51, 97, 106, 101, 120, 121, 114, 108, 110, 111, 9, 6, 1, 2, 48, 46, 47, 70, 69, 79, 80, 72, 73, 94, 66, 68, 86, 23, 126, 125, 124, 123, 141, 142, 62, 5, 4, 22, 21, 20, 37, 34, 35, 31, 30, 11, 98, 96, 100, 63, 60, 64, 83, 84, 24, 44, 82, 38, 57, 56, 49, 50, 87, 88, 103, 104, 53, 55, 45, 75, 77, 59, 90, 92, 65, 81, 117, 119, 95, 107, 8, 15, 0, 27, 29, 3, 41, 43, 19, 33]","[33, 19, 43, 41, 3, 29, 27, 0, 15, 8, 107, 95, 119, 117, 81, 65, 92, 90, 59, 77, 75, 45, 55, 53, 104, 103, 88, 87, 50, 49, 56, 57, 38, 82, 44, 24, 84, 83, 64, 60, 63, 100, 96, 98, 11, 30, 31, 35, 34, 37, 20, 21, 22, 4, 5, 62, 142, 141, 123, 124, 125, 126, 23, 86, 68, 66, 94, 73, 72, 80, 79, 69, 70, 47, 46, 48, 2, 1, 6, 9, 111, 110, 108, 114, 121, 120, 101, 106, 97, 51, 39, 7, 25, 143, 93, 85, 78, 67, 61, 109, 71, 58, 12, 147, 146, 102, 149, 115, 148, 145, 10, 144, 105, 99, 36, 112, 16, 32, 18, 122, 17, 91, 89, 76, 74, 54, 52]",complete,317,317,6972,190,1917,854,1063,1063,2,146,146,44,44,44,44
3,454,13,24,125,"[13, 14, 26, 28, 40, 42, 52, 54, 116, 118, 127, 128, 129, 130, 131, 132, 133, 134, 135, 136, 137, 138, 139, 140]","[0, 1, 2, 3, 4, 5, 6, 7, 8, 9, 10, 11, 12, 15, 16, 17, 18, 19, 20, 21, 22, 23, 24, 25, 27, 29, 30, 31, 32, 33, 34, 35, 36, 37, 38, 39, 41, 43, 44, 45, 46, 47, 48, 49, 50, 51, 53, 55, 56, 57, 58, 59, 60, 61, 62, 63, 64, 65, 66, 67, 68, 69, 70, 71, 72, 73, 74, 75, 76, 77, 78, 79, 80, 81, 82, 83, 84, 85, 86, 87, 88, 89, 90, 91, 92, 93, 94, 95, 96, 97, 98, 99, 100, 101, 102, 103, 104, 105, 106, 107, 108, 109, 110, 111, 112, 114, 115, 117, 119, 120, 121, 122, 123, 124, 125, 126, 141, 142, 143, 144, 145, 146, 147, 148, 149]",{},[],0,"[137, 138, 139, 140, 136, 135, 134, 133, 129, 130, 131, 132, 128, 127, 13, 14, 116, 118, 26, 28, 40, 42, 52, 54, 74, 76, 89, 91, 17, 122, 18, 32, 16, 112, 36, 99, 105, 144, 10, 145, 148, 115, 149, 102, 146, 147, 12, 58, 71, 109, 61, 67, 78, 85, 93, 143, 25, 7, 39, 51, 97, 106, 101, 120, 121, 114, 108, 110, 111, 9, 6, 1, 2, 48, 46, 47, 70, 69, 79, 80, 72, 73, 94, 66, 68, 86, 23, 126, 125, 124, 123, 141, 142, 62, 5, 4, 22, 21, 20, 37, 34, 35, 31, 30, 11, 98, 96, 100, 63, 60, 64, 83, 84, 24, 44, 82, 38, 57, 56, 49, 50, 87, 88, 103, 104, 53, 55, 45, 75, 77, 59, 90, 92, 65, 81, 117, 119, 95, 107, 8, 15, 0, 27, 29, 3, 41, 43, 19, 33]",True,18112565554,18.112565554,"[74, 76, 89, 91, 17, 122, 18, 32, 16, 112, 36, 99, 105, 144, 10, 145, 148, 115, 149, 102, 146, 147, 12, 58, 71, 109, 61, 67, 78, 85, 93, 143, 25, 7, 39, 51, 97, 106, 101, 120, 121, 114, 108, 110, 111, 9, 6, 1, 2, 48, 46, 47, 70, 69, 79, 80, 72, 73, 94, 66, 68, 86, 23, 126, 125, 124, 123, 141, 142, 62, 5, 4, 22, 21, 20, 37, 34, 35, 31, 30, 11, 98, 96, 100, 63, 60, 64, 83, 84, 24, 44, 82, 38, 57, 56, 49, 50, 87, 88, 103, 104, 53, 55, 45, 75, 77, 59, 90, 92, 65, 81, 117, 119, 95, 107, 8, 15, 0, 27, 29, 3, 41, 43, 19, 33]","[33, 19, 43, 41, 3, 29, 27, 0, 15, 8, 107, 95, 119, 117, 81, 65, 92, 90, 59, 77, 75, 45, 55, 53, 104, 103, 88, 87, 50, 49, 56, 57, 38, 82, 44, 24, 84, 83, 64, 60, 63, 100, 96, 98, 11, 30, 31, 35, 34, 37, 20, 21, 22, 4, 5, 62, 142, 141, 123, 124, 125, 126, 23, 86, 68, 66, 94, 73, 72, 80, 79, 69, 70, 47, 46, 48, 2, 1, 6, 9, 111, 110, 108, 114, 121, 120, 101, 106, 97, 51, 39, 7, 25, 143, 93, 85, 78, 67, 61, 109, 71, 58, 12, 147, 146, 102, 149, 115, 148, 145, 10, 144, 105, 99, 36, 112, 16, 32, 18, 122, 17, 91, 89, 76, 74]",complete,315,315,6739,190,1915,854,1061,1061,2,146,146,44,44,44,44
3,454,14,26,123,"[13, 14, 26, 28, 40, 42, 52, 54, 74, 76, 116, 118, 127, 128, 129, 130, 131, 132, 133, 134, 135, 136, 137, 138, 139, 140]","[0, 1, 2, 3, 4, 5, 6, 7, 8, 9, 10, 11, 12, 15, 16, 17, 18, 19, 20, 21, 22, 23, 24, 25, 27, 29, 30, 31, 32, 33, 34, 35, 36, 37, 38, 39, 41, 43, 44, 45, 46, 47, 48, 49, 50, 51, 53, 55, 56, 57, 58, 59, 60, 61, 62, 63, 64, 65, 66, 67, 68, 69, 70, 71, 72, 73, 75, 77, 78, 79, 80, 81, 82, 83, 84, 85, 86, 87, 88, 89, 90, 91, 92, 93, 94, 95, 96, 97, 98, 99, 100, 101, 102, 103, 104, 105, 106, 107, 108, 109, 110, 111, 112, 114, 115, 117, 119, 120, 121, 122, 123, 124, 125, 126, 141, 142, 143, 144, 145, 146, 147, 148, 149]",{},[],0,"[137, 138, 139, 140, 136, 135, 134, 133, 129, 130, 131, 132, 128, 127, 13, 14, 116, 118, 26, 28, 40, 42, 52, 54, 74, 76, 89, 91, 17, 122, 18, 32, 16, 112, 36, 99, 105, 144, 10, 145, 148, 115, 149, 102, 146, 147, 12, 58, 71, 109, 61, 67, 78, 85, 93, 143, 25, 7, 39, 51, 97, 106, 101, 120, 121, 114, 108, 110, 111, 9, 6, 1, 2, 48, 46, 47, 70, 69, 79, 80, 72, 73, 94, 66, 68, 86, 23, 126, 125, 124, 123, 141, 142, 62, 5, 4, 22, 21, 20, 37, 34, 35, 31, 30, 11, 98, 96, 100, 63, 60, 64, 83, 84, 24, 44, 82, 38, 57, 56, 49, 50, 87, 88, 103, 104, 53, 55, 45, 75, 77, 59, 90, 92, 65, 81, 117, 119, 95, 107, 8, 15, 0, 27, 29, 3, 41, 43, 19, 33]",True,18626988975,18.626988975,"[89, 91, 17, 122, 18, 32, 16, 112, 36, 99, 105, 144, 10, 145, 148, 115, 149, 102, 146, 147, 12, 58, 71, 109, 61, 67, 78, 85, 93, 143, 25, 7, 39, 51, 97, 106, 101, 120, 121, 114, 108, 110, 111, 9, 6, 1, 2, 48, 46, 47, 70, 69, 79, 80, 72, 73, 94, 66, 68, 86, 23, 126, 125, 124, 123, 141, 142, 62, 5, 4, 22, 21, 20, 37, 34, 35, 31, 30, 11, 98, 96, 100, 63, 60, 64, 83, 84, 24, 44, 82, 38, 57, 56, 49, 50, 87, 88, 103, 104, 53, 55, 45, 75, 77, 59, 90, 92, 65, 81, 117, 119, 95, 107, 8, 15, 0, 27, 29, 3, 41, 43, 19, 33]","[33, 19, 43, 41, 3, 29, 27, 0, 15, 8, 107, 95, 119, 117, 81, 65, 92, 90, 59, 77, 75, 45, 55, 53, 104, 103, 88, 87, 50, 49, 56, 57, 38, 82, 44, 24, 84, 83, 64, 60, 63, 100, 96, 98, 11, 30, 31, 35, 34, 37, 20, 21, 22, 4, 5, 62, 142, 141, 123, 124, 125, 126, 23, 86, 68, 66, 94, 73, 72, 80, 79, 69, 70, 47, 46, 48, 2, 1, 6, 9, 111, 110, 108, 114, 121, 120, 101, 106, 97, 51, 39, 7, 25, 143, 93, 85, 78, 67, 61, 109, 71, 58, 12, 147, 146, 102, 149, 115, 148, 145, 10, 144, 105, 99, 36, 112, 16, 32, 18, 122, 17, 91, 89]",complete,313,313,6510,190,1913,854,1059,1059,2,146,146,44,44,44,44
3,454,15,28,121,"[13, 14, 26, 28, 40, 42, 52, 54, 74, 76, 89, 91, 116, 118, 127, 128, 129, 130, 131, 132, 133, 134, 135, 136, 137, 138, 139, 140]","[0, 1, 2, 3, 4, 5, 6, 7, 8, 9, 10, 11, 12, 15, 16, 17, 18, 19, 20, 21, 22, 23, 24, 25, 27, 29, 30, 31, 32, 33, 34, 35, 36, 37, 38, 39, 41, 43, 44, 45, 46, 47, 48, 49, 50, 51, 53, 55, 56, 57, 58, 59, 60, 61, 62, 63, 64, 65, 66, 67, 68, 69, 70, 71, 72, 73, 75, 77, 78, 79, 80, 81, 82, 83, 84, 85, 86, 87, 88, 90, 92, 93, 94, 95, 96, 97, 98, 99, 100, 101, 102, 103, 104, 105, 106, 107, 108, 109, 110, 111, 112, 114, 115, 117, 119, 120, 121, 122, 123, 124, 125, 126, 141, 142, 143, 144, 145, 146, 147, 148, 149]",{},[],0,"[137, 138, 139, 140, 136, 135, 134, 133, 129, 130, 131, 132, 128, 127, 13, 14, 116, 118, 26, 28, 40, 42, 52, 54, 74, 76, 89, 91, 17, 122, 18, 32, 16, 112, 36, 99, 105, 144, 10, 145, 148, 115, 149, 102, 146, 147, 12, 58, 71, 109, 61, 67, 78, 85, 93, 143, 25, 7, 39, 51, 97, 106, 101, 120, 121, 114, 108, 110, 111, 9, 6, 1, 2, 48, 46, 47, 70, 69, 79, 80, 72, 73, 94, 66, 68, 86, 23, 126, 125, 124, 123, 141, 142, 62, 5, 4, 22, 21, 20, 37, 34, 35, 31, 30, 11, 98, 96, 100, 63, 60, 64, 83, 84, 24, 44, 82, 38, 57, 56, 49, 50, 87, 88, 103, 104, 53, 55, 45, 75, 77, 59, 90, 92, 65, 81, 117, 119, 95, 107, 8, 15, 0, 27, 29, 3, 41, 43, 19, 33]",True,18261036986,18.261036986,"[17, 122, 18, 32, 16, 112, 36, 99, 105, 144, 10, 145, 148, 115, 149, 102, 146, 147, 12, 58, 71, 109, 61, 67, 78, 85, 93, 143, 25, 7, 39, 51, 97, 106, 101, 120, 121, 114, 108, 110, 111, 9, 6, 1, 2, 48, 46, 47, 70, 69, 79, 80, 72, 73, 94, 66, 68, 86, 23, 126, 125, 124, 123, 141, 142, 62, 5, 4, 22, 21, 20, 37, 34, 35, 31, 30, 11, 98, 96, 100, 63, 60, 64, 83, 84, 24, 44, 82, 38, 57, 56, 49, 50, 87, 88, 103, 104, 53, 55, 45, 75, 77, 59, 90, 92, 65, 81, 117, 119, 95, 107, 8, 15, 0, 27, 29, 3, 41, 43, 19, 33]","[33, 19, 43, 41, 3, 29, 27, 0, 15, 8, 107, 95, 119, 117, 81, 65, 92, 90, 59, 77, 75, 45, 55, 53, 104, 103, 88, 87, 50, 49, 56, 57, 38, 82, 44, 24, 84, 83, 64, 60, 63, 100, 96, 98, 11, 30, 31, 35, 34, 37, 20, 21, 22, 4, 5, 62, 142, 141, 123, 124, 125, 126, 23, 86, 68, 66, 94, 73, 72, 80, 79, 69, 70, 47, 46, 48, 2, 1, 6, 9, 111, 110, 108, 114, 121, 120, 101, 106, 97, 51, 39, 7, 25, 143, 93, 85, 78, 67, 61, 109, 71, 58, 12, 147, 146, 102, 149, 115, 148, 145, 10, 144, 105, 99, 36, 112, 16, 32, 18, 122, 17]",complete,311,311,6285,190,1911,854,1057,1057,2,146,146,44,44,44,44
3,454,16,30,119,"[13, 14, 17, 26, 28, 40, 42, 52, 54, 74, 76, 89, 91, 116, 118, 122, 127, 128, 129, 130, 131, 132, 133, 134, 135, 136, 137, 138, 139, 140]","[0, 1, 2, 3, 4, 5, 6, 7, 8, 9, 10, 11, 12, 15, 16, 18, 19, 20, 21, 22, 23, 24, 25, 27, 29, 30, 31, 32, 33, 34, 35, 36, 37, 38, 39, 41, 43, 44, 45, 46, 47, 48, 49, 50, 51, 53, 55, 56, 57, 58, 59, 60, 61, 62, 63, 64, 65, 66, 67, 68, 69, 70, 71, 72, 73, 75, 77, 78, 79, 80, 81, 82, 83, 84, 85, 86, 87, 88, 90, 92, 93, 94, 95, 96, 97, 98, 99, 100, 101, 102, 103, 104, 105, 106, 107, 108, 109, 110, 111, 112, 114, 115, 117, 119, 120, 121, 123, 124, 125, 126, 141, 142, 143, 144, 145, 146, 147, 148, 149]",{},[],0,"[137, 138, 139, 140, 136, 135, 134, 133, 129, 130, 131, 132, 128, 127, 13, 14, 116, 118, 26, 28, 40, 42, 52, 54, 74, 76, 89, 91, 17, 122, 18, 32, 16, 112, 36, 99, 105, 144, 10, 145, 148, 115, 149, 102, 146, 147, 12, 58, 71, 109, 61, 67, 78, 85, 93, 143, 25, 7, 39, 51, 97, 106, 101, 120, 121, 114, 108, 110, 111, 9, 6, 1, 2, 48, 46, 47, 70, 69, 79, 80, 72, 73, 94, 66, 68, 86, 23, 126, 125, 124, 123, 141, 142, 62, 5, 4, 22, 21, 20, 37, 34, 35, 31, 30, 11, 98, 96, 100, 63, 60, 64, 83, 84, 24, 44, 82, 38, 57, 56, 49, 50, 87, 88, 103, 104, 53, 55, 45, 75, 77, 59, 90, 92, 65, 81, 117, 119, 95, 107, 8, 15, 0, 27, 29, 3, 41, 43, 19, 33]",True,17989812248,17.989812248,"[18, 32, 16, 112, 36, 99, 105, 144, 10, 145, 148, 115, 149, 102, 146, 147, 12, 58, 71, 109, 61, 67, 78, 85, 93, 143, 25, 7, 39, 51, 97, 106, 101, 120, 121, 114, 108, 110, 111, 9, 6, 1, 2, 48, 46, 47, 70, 69, 79, 80, 72, 73, 94, 66, 68, 86, 23, 126, 125, 124, 123, 141, 142, 62, 5, 4, 22, 21, 20, 37, 34, 35, 31, 30, 11, 98, 96, 100, 63, 60, 64, 83, 84, 24, 44, 82, 38, 57, 56, 49, 50, 87, 88, 103, 104, 53, 55, 45, 75, 77, 59, 90, 92, 65, 81, 117, 119, 95, 107, 8, 15, 0, 27, 29, 3, 41, 43, 19, 33]","[33, 19, 43, 41, 3, 29, 27, 0, 15, 8, 107, 95, 119, 117, 81, 65, 92, 90, 59, 77, 75, 45, 55, 53, 104, 103, 88, 87, 50, 49, 56, 57, 38, 82, 44, 24, 84, 83, 64, 60, 63, 100, 96, 98, 11, 30, 31, 35, 34, 37, 20, 21, 22, 4, 5, 62, 142, 141, 123, 124, 125, 126, 23, 86, 68, 66, 94, 73, 72, 80, 79, 69, 70, 47, 46, 48, 2, 1, 6, 9, 111, 110, 108, 114, 121, 120, 101, 106, 97, 51, 39, 7, 25, 143, 93, 85, 78, 67, 61, 109, 71, 58, 12, 147, 146, 102, 149, 115, 148, 145, 10, 144, 105, 99, 36, 112, 16, 32, 18]",complete,309,309,6064,190,1909,854,1055,1055,2,146,146,44,44,44,44
3,454,17,32,117,"[13, 14, 17, 18, 26, 28, 32, 40, 42, 52, 54, 74, 76, 89, 91, 116, 118, 122, 127, 128, 129, 130, 131, 132, 133, 134, 135, 136, 137, 138, 139, 140]","[0, 1, 2, 3, 4, 5, 6, 7, 8, 9, 10, 11, 12, 15, 16, 19, 20, 21, 22, 23, 24, 25, 27, 29, 30, 31, 33, 34, 35, 36, 37, 38, 39, 41, 43, 44, 45, 46, 47, 48, 49, 50, 51, 53, 55, 56, 57, 58, 59, 60, 61, 62, 63, 64, 65, 66, 67, 68, 69, 70, 71, 72, 73, 75, 77, 78, 79, 80, 81, 82, 83, 84, 85, 86, 87, 88, 90, 92, 93, 94, 95, 96, 97, 98, 99, 100, 101, 102, 103, 104, 105, 106, 107, 108, 109, 110, 111, 112, 114, 115, 117, 119, 120, 121, 123, 124, 125, 126, 141, 142, 143, 144, 145, 146, 147, 148, 149]",{},[],0,"[137, 138, 139, 140, 136, 135, 134, 133, 129, 130, 131, 132, 128, 127, 13, 14, 116, 118, 26, 28, 40, 42, 52, 54, 74, 76, 89, 91, 17, 122, 18, 32, 16, 112, 36, 99, 105, 144, 10, 145, 148, 115, 149, 102, 146, 147, 12, 58, 71, 109, 61, 67, 78, 85, 93, 143, 25, 7, 39, 51, 97, 106, 101, 120, 121, 114, 108, 110, 111, 9, 6, 1, 2, 48, 46, 47, 70, 69, 79, 80, 72, 73, 94, 66, 68, 86, 23, 126, 125, 124, 123, 141, 142, 62, 5, 4, 22, 21, 20, 37, 34, 35, 31, 30, 11, 98, 96, 100, 63, 60, 64, 83, 84, 24, 44, 82, 38, 57, 56, 49, 50, 87, 88, 103, 104, 53, 55, 45, 75, 77, 59, 90, 92, 65, 81, 117, 119, 95, 107, 8, 15, 0, 27, 29, 3, 41, 43, 19, 33]",True,18013467836,18.013467836,"[16, 112, 36, 99, 105, 144, 10, 145, 148, 115, 149, 102, 146, 147, 12, 58, 71, 109, 61, 67, 78, 85, 93, 143, 25, 7, 39, 51, 97, 106, 101, 120, 121, 114, 108, 110, 111, 9, 6, 1, 2, 48, 46, 47, 70, 69, 79, 80, 72, 73, 94, 66, 68, 86, 23, 126, 125, 124, 123, 141, 142, 62, 5, 4, 22, 21, 20, 37, 34, 35, 31, 30, 11, 98, 96, 100, 63, 60, 64, 83, 84, 24, 44, 82, 38, 57, 56, 49, 50, 87, 88, 103, 104, 53, 55, 45, 75, 77, 59, 90, 92, 65, 81, 117, 119, 95, 107, 8, 15, 0, 27, 29, 3, 41, 43, 19, 33]","[33, 19, 43, 41, 3, 29, 27, 0, 15, 8, 107, 95, 119, 117, 81, 65, 92, 90, 59, 77, 75, 45, 55, 53, 104, 103, 88, 87, 50, 49, 56, 57, 38, 82, 44, 24, 84, 83, 64, 60, 63, 100, 96, 98, 11, 30, 31, 35, 34, 37, 20, 21, 22, 4, 5, 62, 142, 141, 123, 124, 125, 126, 23, 86, 68, 66, 94, 73, 72, 80, 79, 69, 70, 47, 46, 48, 2, 1, 6, 9, 111, 110, 108, 114, 121, 120, 101, 106, 97, 51, 39, 7, 25, 143, 93, 85, 78, 67, 61, 109, 71, 58, 12, 147, 146, 102, 149, 115, 148, 145, 10, 144, 105, 99, 36, 112, 16]",complete,307,307,5847,190,1907,854,1053,1053,2,146,146,44,44,44,44
3,454,18,34,115,"[13, 14, 16, 17, 18, 26, 28, 32, 40, 42, 52, 54, 74, 76, 89, 91, 112, 116, 118, 122, 127, 128, 129, 130, 131, 132, 133, 134, 135, 136, 137, 138, 139, 140]","[0, 1, 2, 3, 4, 5, 6, 7, 8, 9, 10, 11, 12, 15, 19, 20, 21, 22, 23, 24, 25, 27, 29, 30, 31, 33, 34, 35, 36, 37, 38, 39, 41, 43, 44, 45, 46, 47, 48, 49, 50, 51, 53, 55, 56, 57, 58, 59, 60, 61, 62, 63, 64, 65, 66, 67, 68, 69, 70, 71, 72, 73, 75, 77, 78, 79, 80, 81, 82, 83, 84, 85, 86, 87, 88, 90, 92, 93, 94, 95, 96, 97, 98, 99, 100, 101, 102, 103, 104, 105, 106, 107, 108, 109, 110, 111, 114, 115, 117, 119, 120, 121, 123, 124, 125, 126, 141, 142, 143, 144, 145, 146, 147, 148, 149]","{""support_1"": 108}",[108],1,"[137, 138, 139, 140, 136, 135, 134, 133, 129, 130, 131, 132, 128, 127, 13, 14, 116, 118, 26, 28, 40, 42, 52, 54, 74, 76, 89, 91, 17, 122, 18, 32, 16, 112, 36, 99, 105, 144, 10, 145, 148, 115, 149, 102, 146, 147, 12, 58, 71, 109, 61, 67, 78, 85, 93, 143, 25, 7, 39, 51, 97, 106, 101, 120, 121, 114, 108, 110, 111, 9, 6, 1, 2, 48, 46, 47, 70, 69, 79, 80, 72, 73, 94, 66, 68, 86, 23, 126, 125, 124, 123, 141, 142, 62, 5, 4, 22, 21, 20, 37, 34, 35, 31, 30, 11, 98, 96, 100, 63, 60, 64, 83, 84, 24, 44, 82, 38, 57, 56, 49, 50, 87, 88, 103, 104, 53, 55, 45, 75, 77, 59, 90, 92, 65, 81, 117, 119, 95, 107, 8, 15, 0, 27, 29, 3, 41, 43, 19, 33]",True,18694913261,18.694913261,"[36, 99, 105, 144, 10, 145, 148, 115, 149, 102, 146, 147, 12, 58, 71, 109, 61, 67, 78, 85, 93, 143, 25, 7, 39, 51, 97, 106, 101, 120, 121, 114, 108, 110, 111, 9, 6, 1, 2, 48, 46, 47, 70, 69, 79, 80, 72, 73, 94, 66, 68, 86, 23, 126, 125, 124, 123, 141, 142, 62, 5, 4, 22, 21, 20, 37, 34, 35, 31, 30, 11, 98, 96, 100, 63, 60, 64, 83, 84, 24, 44, 82, 38, 57, 56, 49, 50, 87, 88, 103, 104, 53, 55, 45, 75, 77, 59, 90, 92, 65, 81, 117, 119, 95, 107, 8, 15, 0, 27, 29, 3, 41, 43, 19, 33]","[33, 19, 43, 41, 3, 29, 27, 0, 15, 8, 107, 95, 119, 117, 81, 65, 92, 90, 59, 77, 75, 45, 55, 53, 104, 103, 88, 87, 50, 49, 56, 57, 38, 82, 44, 24, 84, 83, 64, 60, 63, 100, 96, 98, 11, 30, 31, 35, 34, 37, 20, 21, 22, 4, 5, 62, 142, 141, 123, 124, 125, 126, 23, 86, 68, 66, 94, 73, 72, 80, 79, 69, 70, 47, 46, 48, 2, 1, 6, 9, 111, 110, 108, 114, 121, 120, 101, 106, 97, 51, 39, 7, 25, 143, 93, 85, 78, 67, 61, 109, 71, 58, 12, 147, 146, 102, 149, 115, 148, 145, 10, 144, 105, 99, 36]",complete,305,305,5634,190,1905,854,1051,1051,2,145,145,44,44,43,44
3,454,19,36,113,"[13, 14, 16, 17, 18, 26, 28, 32, 36, 40, 42, 52, 54, 74, 76, 89, 91, 99, 112, 116, 118, 122, 127, 128, 129, 130, 131, 132, 133, 134, 135, 136, 137, 138, 139, 140]","[0, 1, 2, 3, 4, 5, 6, 7, 8, 9, 10, 11, 12, 15, 19, 20, 21, 22, 23, 24, 25, 27, 29, 30, 31, 33, 34, 35, 37, 38, 39, 41, 43, 44, 45, 46, 47, 48, 49, 50, 51, 53, 55, 56, 57, 58, 59, 60, 61, 62, 63, 64, 65, 66, 67, 68, 69, 70, 71, 72, 73, 75, 77, 78, 79, 80, 81, 82, 83, 84, 85, 86, 87, 88, 90, 92, 93, 94, 95, 96, 97, 98, 100, 101, 102, 103, 104, 105, 106, 107, 108, 109, 110, 111, 114, 115, 117, 119, 120, 121, 123, 124, 125, 126, 141, 142, 143, 144, 145, 146, 147, 148, 149]","{""support_1"": 108}",[108],1,"[137, 138, 139, 140, 136, 135, 134, 133, 129, 130, 131, 132, 128, 127, 13, 14, 116, 118, 26, 28, 40, 42, 52, 54, 74, 76, 89, 91, 17, 122, 18, 32, 16, 112, 36, 99, 105, 144, 10, 145, 148, 115, 149, 102, 146, 147, 12, 58, 71, 109, 61, 67, 78, 85, 93, 143, 25, 7, 39, 51, 97, 106, 101, 120, 121, 114, 108, 110, 111, 9, 6, 1, 2, 48, 46, 47, 70, 69, 79, 80, 72, 73, 94, 66, 68, 86, 23, 126, 125, 124, 123, 141, 142, 62, 5, 4, 22, 21, 20, 37, 34, 35, 31, 30, 11, 98, 96, 100, 63, 60, 64, 83, 84, 24, 44, 82, 38, 57, 56, 49, 50, 87, 88, 103, 104, 53, 55, 45, 75, 77, 59, 90, 92, 65, 81, 117, 119, 95, 107, 8, 15, 0, 27, 29, 3, 41, 43, 19, 33]",True,17682422865,17.682422865,"[105, 144, 10, 145, 148, 115, 149, 102, 146, 147, 12, 58, 71, 109, 61, 67, 78, 85, 93, 143, 25, 7, 39, 51, 97, 106, 101, 120, 121, 114, 108, 110, 111, 9, 6, 1, 2, 48, 46, 47, 70, 69, 79, 80, 72, 73, 94, 66, 68, 86, 23, 126, 125, 124, 123, 141, 142, 62, 5, 4, 22, 21, 20, 37, 34, 35, 31, 30, 11, 98, 96, 100, 63, 60, 64, 83, 84, 24, 44, 82, 38, 57, 56, 49, 50, 87, 88, 103, 104, 53, 55, 45, 75, 77, 59, 90, 92, 65, 81, 117, 119, 95, 107, 8, 15, 0, 27, 29, 3, 41, 43, 19, 33]","[33, 19, 43, 41, 3, 29, 27, 0, 15, 8, 107, 95, 119, 117, 81, 65, 92, 90, 59, 77, 75, 45, 55, 53, 104, 103, 88, 87, 50, 49, 56, 57, 38, 82, 44, 24, 84, 83, 64, 60, 63, 100, 96, 98, 11, 30, 31, 35, 34, 37, 20, 21, 22, 4, 5, 62, 142, 141, 123, 124, 125, 126, 23, 86, 68, 66, 94, 73, 72, 80, 79, 69, 70, 47, 46, 48, 2, 1, 6, 9, 111, 110, 108, 114, 121, 120, 101, 106, 97, 51, 39, 7, 25, 143, 93, 85, 78, 67, 61, 109, 71, 58, 12, 147, 146, 102, 149, 115, 148, 145, 10, 144, 105]",complete,301,301,5425,188,1851,828,1023,1023,2,143,143,44,44,43,44
3,454,20,38,111,"[13, 14, 16, 17, 18, 26, 28, 32, 36, 40, 42, 52, 54, 74, 76, 89, 91, 99, 105, 112, 116, 118, 122, 127, 128, 129, 130, 131, 132, 133, 134, 135, 136, 137, 138, 139, 140, 144]","[0, 1, 2, 3, 4, 5, 6, 7, 8, 9, 10, 11, 12, 15, 19, 20, 21, 22, 23, 24, 25, 27, 29, 30, 31, 33, 34, 35, 37, 38, 39, 41, 43, 44, 45, 46, 47, 48, 49, 50, 51, 53, 55, 56, 57, 58, 59, 60, 61, 62, 63, 64, 65, 66, 67, 68, 69, 70, 71, 72, 73, 75, 77, 78, 79, 80, 81, 82, 83, 84, 85, 86, 87, 88, 90, 92, 93, 94, 95, 96, 97, 98, 100, 101, 102, 103, 104, 106, 107, 108, 109, 110, 111, 114, 115, 117, 119, 120, 121, 123, 124, 125, 126, 141, 142, 143, 145, 146, 147, 148, 149]","{""support_1"": 108}",[108],1,"[137, 138, 139, 140, 136, 135, 134, 133, 129, 130, 131, 132, 128, 127, 13, 14, 116, 118, 26, 28, 40, 42, 52, 54, 74, 76, 89, 91, 17, 122, 18, 32, 16, 112, 36, 99, 105, 144, 10, 145, 148, 115, 149, 102, 146, 147, 12, 58, 71, 109, 61, 67, 78, 85, 93, 143, 25, 7, 39, 51, 97, 106, 101, 120, 121, 114, 108, 110, 111, 9, 6, 1, 2, 48, 46, 47, 70, 69, 79, 80, 72, 73, 94, 66, 68, 86, 23, 126, 125, 124, 123, 141, 142, 62, 5, 4, 22, 21, 20, 37, 34, 35, 31, 30, 11, 98, 96, 100, 63, 60, 64, 83, 84, 24, 44, 82, 38, 57, 56, 49, 50, 87, 88, 103, 104, 53, 55, 45, 75, 77, 59, 90, 92, 65, 81, 117, 119, 95, 107, 8, 15, 0, 27, 29, 3, 41, 43, 19, 33]",True,16355707831,16.355707831,"[10, 145, 148, 115, 149, 102, 146, 147, 12, 58, 71, 109, 61, 67, 78, 85, 93, 143, 25, 7, 39, 51, 97, 106, 101, 120, 121, 114, 108, 110, 111, 9, 6, 1, 2, 48, 46, 47, 70, 69, 79, 80, 72, 73, 94, 66, 68, 86, 23, 126, 125, 124, 123, 141, 142, 62, 5, 4, 22, 21, 20, 37, 34, 35, 31, 30, 11, 98, 96, 100, 63, 60, 64, 83, 84, 24, 44, 82, 38, 57, 56, 49, 50, 87, 88, 103, 104, 53, 55, 45, 75, 77, 59, 90, 92, 65, 81, 117, 119, 95, 107, 8, 15, 0, 27, 29, 3, 41, 43, 19, 33]","[33, 19, 43, 41, 3, 29, 27, 0, 15, 8, 107, 95, 119, 117, 81, 65, 92, 90, 59, 77, 75, 45, 55, 53, 104, 103, 88, 87, 50, 49, 56, 57, 38, 82, 44, 24, 84, 83, 64, 60, 63, 100, 96, 98, 11, 30, 31, 35, 34, 37, 20, 21, 22, 4, 5, 62, 142, 141, 123, 124, 125, 126, 23, 86, 68, 66, 94, 73, 72, 80, 79, 69, 70, 47, 46, 48, 2, 1, 6, 9, 111, 110, 108, 114, 121, 120, 101, 106, 97, 51, 39, 7, 25, 143, 93, 85, 78, 67, 61, 109, 71, 58, 12, 147, 146, 102, 149, 115, 148, 145, 10]",complete,297,297,5220,186,1797,802,995,995,2,141,141,44,44,43,44
3,454,21,40,109,"[10, 13, 14, 16, 17, 18, 26, 28, 32, 36, 40, 42, 52, 54, 74, 76, 89, 91, 99, 105, 112, 116, 118, 122, 127, 128, 129, 130, 131, 132, 133, 134, 135, 136, 137, 138, 139, 140, 144, 145]","[0, 1, 2, 3, 4, 5, 6, 7, 8, 9, 11, 12, 15, 19, 20, 21, 22, 23, 24, 25, 27, 29, 30, 31, 33, 34, 35, 37, 38, 39, 41, 43, 44, 45, 46, 47, 48, 49, 50, 51, 53, 55, 56, 57, 58, 59, 60, 61, 62, 63, 64, 65, 66, 67, 68, 69, 70, 71, 72, 73, 75, 77, 78, 79, 80, 81, 82, 83, 84, 85, 86, 87, 88, 90, 92, 93, 94, 95, 96, 97, 98, 100, 101, 102, 103, 104, 106, 107, 108, 109, 110, 111, 114, 115, 117, 119, 120, 121, 123, 124, 125, 126, 141, 142, 143, 146, 147, 148, 149]","{""support_1"": 108}",[108],1,"[137, 138, 139, 140, 136, 135, 134, 133, 129, 130, 131, 132, 128, 127, 13, 14, 116, 118, 26, 28, 40, 42, 52, 54, 74, 76, 89, 91, 17, 122, 18, 32, 16, 112, 36, 99, 105, 144, 10, 145, 148, 115, 149, 102, 146, 147, 12, 58, 71, 109, 61, 67, 78, 85, 93, 143, 25, 7, 39, 51, 97, 106, 101, 120, 121, 114, 108, 110, 111, 9, 6, 1, 2, 48, 46, 47, 70, 69, 79, 80, 72, 73, 94, 66, 68, 86, 23, 126, 125, 124, 123, 141, 142, 62, 5, 4, 22, 21, 20, 37, 34, 35, 31, 30, 11, 98, 96, 100, 63, 60, 64, 83, 84, 24, 44, 82, 38, 57, 56, 49, 50, 87, 88, 103, 104, 53, 55, 45, 75, 77, 59, 90, 92, 65, 81, 117, 119, 95, 107, 8, 15, 0, 27, 29, 3, 41, 43, 19, 33]",True,15582617462,15.582617462,"[148, 115, 149, 102, 146, 147, 12, 58, 71, 109, 61, 67, 78, 85, 93, 143, 25, 7, 39, 51, 97, 106, 101, 120, 121, 114, 108, 110, 111, 9, 6, 1, 2, 48, 46, 47, 70, 69, 79, 80, 72, 73, 94, 66, 68, 86, 23, 126, 125, 124, 123, 141, 142, 62, 5, 4, 22, 21, 20, 37, 34, 35, 31, 30, 11, 98, 96, 100, 63, 60, 64, 83, 84, 24, 44, 82, 38, 57, 56, 49, 50, 87, 88, 103, 104, 53, 55, 45, 75, 77, 59, 90, 92, 65, 81, 117, 119, 95, 107, 8, 15, 0, 27, 29, 3, 41, 43, 19, 33]","[33, 19, 43, 41, 3, 29, 27, 0, 15, 8, 107, 95, 119, 117, 81, 65, 92, 90, 59, 77, 75, 45, 55, 53, 104, 103, 88, 87, 50, 49, 56, 57, 38, 82, 44, 24, 84, 83, 64, 60, 63, 100, 96, 98, 11, 30, 31, 35, 34, 37, 20, 21, 22, 4, 5, 62, 142, 141, 123, 124, 125, 126, 23, 86, 68, 66, 94, 73, 72, 80, 79, 69, 70, 47, 46, 48, 2, 1, 6, 9, 111, 110, 108, 114, 121, 120, 101, 106, 97, 51, 39, 7, 25, 143, 93, 85, 78, 67, 61, 109, 71, 58, 12, 147, 146, 102, 149, 115, 148]",complete,293,293,5019,184,1749,779,970,970,2,139,139,44,44,43,44
3,454,22,42,107,"[10, 13, 14, 16, 17, 18, 26, 28, 32, 36, 40, 42, 52, 54, 74, 76, 89, 91, 99, 105, 112, 115, 116, 118, 122, 127, 128, 129, 130, 131, 132, 133, 134, 135, 136, 137, 138, 139, 140, 144, 145, 148]","[0, 1, 2, 3, 4, 5, 6, 7, 8, 9, 11, 12, 15, 19, 20, 21, 22, 23, 24, 25, 27, 29, 30, 31, 33, 34, 35, 37, 38, 39, 41, 43, 44, 45, 46, 47, 48, 49, 50, 51, 53, 55, 56, 57, 58, 59, 60, 61, 62, 63, 64, 65, 66, 67, 68, 69, 70, 71, 72, 73, 75, 77, 78, 79, 80, 81, 82, 83, 84, 85, 86, 87, 88, 90, 92, 93, 94, 95, 96, 97, 98, 100, 101, 102, 103, 104, 106, 107, 108, 109, 110, 111, 114, 117, 119, 120, 121, 123, 124, 125, 126, 141, 142, 143, 146, 147, 149]","{""support_1"": 108}",[108],1,"[137, 138, 139, 140, 136, 135, 134, 133, 129, 130, 131, 132, 128, 127, 13, 14, 116, 118, 26, 28, 40, 42, 52, 54, 74, 76, 89, 91, 17, 122, 18, 32, 16, 112, 36, 99, 105, 144, 10, 145, 148, 115, 149, 102, 146, 147, 12, 58, 71, 109, 61, 67, 78, 85, 93, 143, 25, 7, 39, 51, 97, 106, 101, 120, 121, 114, 108, 110, 111, 9, 6, 1, 2, 48, 46, 47, 70, 69, 79, 80, 72, 73, 94, 66, 68, 86, 23, 126, 125, 124, 123, 141, 142, 62, 5, 4, 22, 21, 20, 37, 34, 35, 31, 30, 11, 98, 96, 100, 63, 60, 64, 83, 84, 24, 44, 82, 38, 57, 56, 49, 50, 87, 88, 103, 104, 53, 55, 45, 75, 77, 59, 90, 92, 65, 81, 117, 119, 95, 107, 8, 15, 0, 27, 29, 3, 41, 43, 19, 33]",True,15010529728,15.010529728,"[149, 102, 146, 147, 12, 58, 71, 109, 61, 67, 78, 85, 93, 143, 25, 7, 39, 51, 97, 106, 101, 120, 121, 114, 108, 110, 111, 9, 6, 1, 2, 48, 46, 47, 70, 69, 79, 80, 72, 73, 94, 66, 68, 86, 23, 126, 125, 124, 123, 141, 142, 62, 5, 4, 22, 21, 20, 37, 34, 35, 31, 30, 11, 98, 96, 100, 63, 60, 64, 83, 84, 24, 44, 82, 38, 57, 56, 49, 50, 87, 88, 103, 104, 53, 55, 45, 75, 77, 59, 90, 92, 65, 81, 117, 119, 95, 107, 8, 15, 0, 27, 29, 3, 41, 43, 19, 33]","[33, 19, 43, 41, 3, 29, 27, 0, 15, 8, 107, 95, 119, 117, 81, 65, 92, 90, 59, 77, 75, 45, 55, 53, 104, 103, 88, 87, 50, 49, 56, 57, 38, 82, 44, 24, 84, 83, 64, 60, 63, 100, 96, 98, 11, 30, 31, 35, 34, 37, 20, 21, 22, 4, 5, 62, 142, 141, 123, 124, 125, 126, 23, 86, 68, 66, 94, 73, 72, 80, 79, 69, 70, 47, 46, 48, 2, 1, 6, 9, 111, 110, 108, 114, 121, 120, 101, 106, 97, 51, 39, 7, 25, 143, 93, 85, 78, 67, 61, 109, 71, 58, 12, 147, 146, 102, 149]",complete,289,289,4822,182,1707,759,948,948,2,137,137,44,44,43,44
3,454,23,44,105,"[10, 13, 14, 16, 17, 18, 26, 28, 32, 36, 40, 42, 52, 54, 74, 76, 89, 91, 99, 102, 105, 112, 115, 116, 118, 122, 127, 128, 129, 130, 131, 132, 133, 134, 135, 136, 137, 138, 139, 140, 144, 145, 148, 149]","[0, 1, 2, 3, 4, 5, 6, 7, 8, 9, 11, 12, 15, 19, 20, 21, 22, 23, 24, 25, 27, 29, 30, 31, 33, 34, 35, 37, 38, 39, 41, 43, 44, 45, 46, 47, 48, 49, 50, 51, 53, 55, 56, 57, 58, 59, 60, 61, 62, 63, 64, 65, 66, 67, 68, 69, 70, 71, 72, 73, 75, 77, 78, 79, 80, 81, 82, 83, 84, 85, 86, 87, 88, 90, 92, 93, 94, 95, 96, 97, 98, 100, 101, 103, 104, 106, 107, 108, 109, 110, 111, 114, 117, 119, 120, 121, 123, 124, 125, 126, 141, 142, 143, 146, 147]","{""support_1"": 108, ""support_2"": 101}","[101, 108]",2,"[137, 138, 139, 140, 136, 135, 134, 133, 129, 130, 131, 132, 128, 127, 13, 14, 116, 118, 26, 28, 40, 42, 52, 54, 74, 76, 89, 91, 17, 122, 18, 32, 16, 112, 36, 99, 105, 144, 10, 145, 148, 115, 149, 102, 146, 147, 12, 58, 71, 109, 61, 67, 78, 85, 93, 143, 25, 7, 39, 51, 97, 106, 101, 120, 121, 114, 108, 110, 111, 9, 6, 1, 2, 48, 46, 47, 70, 69, 79, 80, 72, 73, 94, 66, 68, 86, 23, 126, 125, 124, 123, 141, 142, 62, 5, 4, 22, 21, 20, 37, 34, 35, 31, 30, 11, 98, 96, 100, 63, 60, 64, 83, 84, 24, 44, 82, 38, 57, 56, 49, 50, 87, 88, 103, 104, 53, 55, 45, 75, 77, 59, 90, 92, 65, 81, 117, 119, 95, 107, 8, 15, 0, 27, 29, 3, 41, 43, 19, 33]",True,14337091987,14.337091987,"[146, 147, 12, 58, 71, 109, 61, 67, 78, 85, 93, 143, 25, 7, 39, 51, 97, 106, 101, 120, 121, 114, 108, 110, 111, 9, 6, 1, 2, 48, 46, 47, 70, 69, 79, 80, 72, 73, 94, 66, 68, 86, 23, 126, 125, 124, 123, 141, 142, 62, 5, 4, 22, 21, 20, 37, 34, 35, 31, 30, 11, 98, 96, 100, 63, 60, 64, 83, 84, 24, 44, 82, 38, 57, 56, 49, 50, 87, 88, 103, 104, 53, 55, 45, 75, 77, 59, 90, 92, 65, 81, 117, 119, 95, 107, 8, 15, 0, 27, 29, 3, 41, 43, 19, 33]","[33, 19, 43, 41, 3, 29, 27, 0, 15, 8, 107, 95, 119, 117, 81, 65, 92, 90, 59, 77, 75, 45, 55, 53, 104, 103, 88, 87, 50, 49, 56, 57, 38, 82, 44, 24, 84, 83, 64, 60, 63, 100, 96, 98, 11, 30, 31, 35, 34, 37, 20, 21, 22, 4, 5, 62, 142, 141, 123, 124, 125, 126, 23, 86, 68, 66, 94, 73, 72, 80, 79, 69, 70, 47, 46, 48, 2, 1, 6, 9, 111, 110, 108, 114, 121, 120, 101, 106, 97, 51, 39, 7, 25, 143, 93, 85, 78, 67, 61, 109, 71, 58, 12, 147, 146]",complete,285,285,4629,180,1676,745,931,931,2,134,134,44,44,42,44
3,454,24,46,103,"[10, 13, 14, 16, 17, 18, 26, 28, 32, 36, 40, 42, 52, 54, 74, 76, 89, 91, 99, 102, 105, 112, 115, 116, 118, 122, 127, 128, 129, 130, 131, 132, 133, 134, 135, 136, 137, 138, 139, 140, 144, 145, 146, 147, 148, 149]","[0, 1, 2, 3, 4, 5, 6, 7, 8, 9, 11, 12, 15, 19, 20, 21, 22, 23, 24, 25, 27, 29, 30, 31, 33, 34, 35, 37, 38, 39, 41, 43, 44, 45, 46, 47, 48, 49, 50, 51, 53, 55, 56, 57, 58, 59, 60, 61, 62, 63, 64, 65, 66, 67, 68, 69, 70, 71, 72, 73, 75, 77, 78, 79, 80, 81, 82, 83, 84, 85, 86, 87, 88, 90, 92, 93, 94, 95, 96, 97, 98, 100, 101, 103, 104, 106, 107, 108, 109, 110, 111, 114, 117, 119, 120, 121, 123, 124, 125, 126, 141, 142, 143]","{""support_1"": 108, ""support_2"": 101}","[101, 108]",2,"[137, 138, 139, 140, 136, 135, 134, 133, 129, 130, 131, 132, 128, 127, 13, 14, 116, 118, 26, 28, 40, 42, 52, 54, 74, 76, 89, 91, 17, 122, 18, 32, 16, 112, 36, 99, 105, 144, 10, 145, 148, 115, 149, 102, 146, 147, 12, 58, 71, 109, 61, 67, 78, 85, 93, 143, 25, 7, 39, 51, 97, 106, 101, 120, 121, 114, 108, 110, 111, 9, 6, 1, 2, 48, 46, 47, 70, 69, 79, 80, 72, 73, 94, 66, 68, 86, 23, 126, 125, 124, 123, 141, 142, 62, 5, 4, 22, 21, 20, 37, 34, 35, 31, 30, 11, 98, 96, 100, 63, 60, 64, 83, 84, 24, 44, 82, 38, 57, 56, 49, 50, 87, 88, 103, 104, 53, 55, 45, 75, 77, 59, 90, 92, 65, 81, 117, 119, 95, 107, 8, 15, 0, 27, 29, 3, 41, 43, 19, 33]",True,13419145412,13.419145412,"[12, 58, 71, 109, 61, 67, 78, 85, 93, 143, 25, 7, 39, 51, 97, 106, 101, 120, 121, 114, 108, 110, 111, 9, 6, 1, 2, 48, 46, 47, 70, 69, 79, 80, 72, 73, 94, 66, 68, 86, 23, 126, 125, 124, 123, 141, 142, 62, 5, 4, 22, 21, 20, 37, 34, 35, 31, 30, 11, 98, 96, 100, 63, 60, 64, 83, 84, 24, 44, 82, 38, 57, 56, 49, 50, 87, 88, 103, 104, 53, 55, 45, 75, 77, 59, 90, 92, 65, 81, 117, 119, 95, 107, 8, 15, 0, 27, 29, 3, 41, 43, 19, 33]","[33, 19, 43, 41, 3, 29, 27, 0, 15, 8, 107, 95, 119, 117, 81, 65, 92, 90, 59, 77, 75, 45, 55, 53, 104, 103, 88, 87, 50, 49, 56, 57, 38, 82, 44, 24, 84, 83, 64, 60, 63, 100, 96, 98, 11, 30, 31, 35, 34, 37, 20, 21, 22, 4, 5, 62, 142, 141, 123, 124, 125, 126, 23, 86, 68, 66, 94, 73, 72, 80, 79, 69, 70, 47, 46, 48, 2, 1, 6, 9, 111, 110, 108, 114, 121, 120, 101, 106, 97, 51, 39, 7, 25, 143, 93, 85, 78, 67, 61, 109, 71, 58, 12]",complete,279,279,4440,176,1634,725,909,909,2,130,130,44,44,42,44
3,454,25,48,101,"[10, 12, 13, 14, 16, 17, 18, 26, 28, 32, 36, 40, 42, 52, 54, 58, 74, 76, 89, 91, 99, 102, 105, 112, 115, 116, 118, 122, 127, 128, 129, 130, 131, 132, 133, 134, 135, 136, 137, 138, 139, 140, 144, 145, 146, 147, 148, 149]","[0, 1, 2, 3, 4, 5, 6, 7, 8, 9, 11, 15, 19, 20, 21, 22, 23, 24, 25, 27, 29, 30, 31, 33, 34, 35, 37, 38, 39, 41, 43, 44, 45, 46, 47, 48, 49, 50, 51, 53, 55, 56, 57, 59, 60, 61, 62, 63, 64, 65, 66, 67, 68, 69, 70, 71, 72, 73, 75, 77, 78, 79, 80, 81, 82, 83, 84, 85, 86, 87, 88, 90, 92, 93, 94, 95, 96, 97, 98, 100, 101, 103, 104, 106, 107, 108, 109, 110, 111, 114, 117, 119, 120, 121, 123, 124, 125, 126, 141, 142, 143]","{""support_1"": 108, ""support_2"": 101}","[101, 108]",2,"[137, 138, 139, 140, 136, 135, 134, 133, 129, 130, 131, 132, 128, 127, 13, 14, 116, 118, 26, 28, 40, 42, 52, 54, 74, 76, 89, 91, 17, 122, 18, 32, 16, 112, 36, 99, 105, 144, 10, 145, 148, 115, 149, 102, 146, 147, 12, 58, 71, 109, 61, 67, 78, 85, 93, 143, 25, 7, 39, 51, 97, 106, 101, 120, 121, 114, 108, 110, 111, 9, 6, 1, 2, 48, 46, 47, 70, 69, 79, 80, 72, 73, 94, 66, 68, 86, 23, 126, 125, 124, 123, 141, 142, 62, 5, 4, 22, 21, 20, 37, 34, 35, 31, 30, 11, 98, 96, 100, 63, 60, 64, 83, 84, 24, 44, 82, 38, 57, 56, 49, 50, 87, 88, 103, 104, 53, 55, 45, 75, 77, 59, 90, 92, 65, 81, 117, 119, 95, 107, 8, 15, 0, 27, 29, 3, 41, 43, 19, 33]",True,12882998321,12.882998321,"[71, 109, 61, 67, 78, 85, 93, 143, 25, 7, 39, 51, 97, 106, 101, 120, 121, 114, 108, 110, 111, 9, 6, 1, 2, 48, 46, 47, 70, 69, 79, 80, 72, 73, 94, 66, 68, 86, 23, 126, 125, 124, 123, 141, 142, 62, 5, 4, 22, 21, 20, 37, 34, 35, 31, 30, 11, 98, 96, 100, 63, 60, 64, 83, 84, 24, 44, 82, 38, 57, 56, 49, 50, 87, 88, 103, 104, 53, 55, 45, 75, 77, 59, 90, 92, 65, 81, 117, 119, 95, 107, 8, 15, 0, 27, 29, 3, 41, 43, 19, 33]","[33, 19, 43, 41, 3, 29, 27, 0, 15, 8, 107, 95, 119, 117, 81, 65, 92, 90, 59, 77, 75, 45, 55, 53, 104, 103, 88, 87, 50, 49, 56, 57, 38, 82, 44, 24, 84, 83, 64, 60, 63, 100, 96, 98, 11, 30, 31, 35, 34, 37, 20, 21, 22, 4, 5, 62, 142, 141, 123, 124, 125, 126, 23, 86, 68, 66, 94, 73, 72, 80, 79, 69, 70, 47, 46, 48, 2, 1, 6, 9, 111, 110, 108, 114, 121, 120, 101, 106, 97, 51, 39, 7, 25, 143, 93, 85, 78, 67, 61, 109, 71]",complete,273,273,4255,172,1592,705,887,887,2,126,126,44,44,42,44
3,454,26,50,99,"[10, 12, 13, 14, 16, 17, 18, 26, 28, 32, 36, 40, 42, 52, 54, 58, 71, 74, 76, 89, 91, 99, 102, 105, 109, 112, 115, 116, 118, 122, 127, 128, 129, 130, 131, 132, 133, 134, 135, 136, 137, 138, 139, 140, 144, 145, 146, 147, 148, 149]","[0, 1, 2, 3, 4, 5, 6, 7, 8, 9, 11, 15, 19, 20, 21, 22, 23, 24, 25, 27, 29, 30, 31, 33, 34, 35, 37, 38, 39, 41, 43, 44, 45, 46, 47, 48, 49, 50, 51, 53, 55, 56, 57, 59, 60, 61, 62, 63, 64, 65, 66, 67, 68, 69, 70, 72, 73, 75, 77, 78, 79, 80, 81, 82, 83, 84, 85, 86, 87, 88, 90, 92, 93, 94, 95, 96, 97, 98, 100, 101, 103, 104, 106, 107, 108, 110, 111, 114, 117, 119, 120, 121, 123, 124, 125, 126, 141, 142, 143]","{""support_1"": 108, ""support_2"": 101}","[101, 108]",2,"[137, 138, 139, 140, 136, 135, 134, 133, 129, 130, 131, 132, 128, 127, 13, 14, 116, 118, 26, 28, 40, 42, 52, 54, 74, 76, 89, 91, 17, 122, 18, 32, 16, 112, 36, 99, 105, 144, 10, 145, 148, 115, 149, 102, 146, 147, 12, 58, 71, 109, 61, 67, 78, 85, 93, 143, 25, 7, 39, 51, 97, 106, 101, 120, 121, 114, 108, 110, 111, 9, 6, 1, 2, 48, 46, 47, 70, 69, 79, 80, 72, 73, 94, 66, 68, 86, 23, 126, 125, 124, 123, 141, 142, 62, 5, 4, 22, 21, 20, 37, 34, 35, 31, 30, 11, 98, 96, 100, 63, 60, 64, 83, 84, 24, 44, 82, 38, 57, 56, 49, 50, 87, 88, 103, 104, 53, 55, 45, 75, 77, 59, 90, 92, 65, 81, 117, 119, 95, 107, 8, 15, 0, 27, 29, 3, 41, 43, 19, 33]",True,12262153021,12.262153021,"[61, 67, 78, 85, 93, 143, 25, 7, 39, 51, 97, 106, 101, 120, 121, 114, 108, 110, 111, 9, 6, 1, 2, 48, 46, 47, 70, 69, 79, 80, 72, 73, 94, 66, 68, 86, 23, 126, 125, 124, 123, 141, 142, 62, 5, 4, 22, 21, 20, 37, 34, 35, 31, 30, 11, 98, 96, 100, 63, 60, 64, 83, 84, 24, 44, 82, 38, 57, 56, 49, 50, 87, 88, 103, 104, 53, 55, 45, 75, 77, 59, 90, 92, 65, 81, 117, 119, 95, 107, 8, 15, 0, 27, 29, 3, 41, 43, 19, 33]","[33, 19, 43, 41, 3, 29, 27, 0, 15, 8, 107, 95, 119, 117, 81, 65, 92, 90, 59, 77, 75, 45, 55, 53, 104, 103, 88, 87, 50, 49, 56, 57, 38, 82, 44, 24, 84, 83, 64, 60, 63, 100, 96, 98, 11, 30, 31, 35, 34, 37, 20, 21, 22, 4, 5, 62, 142, 141, 123, 124, 125, 126, 23, 86, 68, 66, 94, 73, 72, 80, 79, 69, 70, 47, 46, 48, 2, 1, 6, 9, 111, 110, 108, 114, 121, 120, 101, 106, 97, 51, 39, 7, 25, 143, 93, 85, 78, 67, 61]",complete,267,267,4074,168,1550,685,865,865,2,122,122,44,44,42,44
3,454,27,52,97,"[10, 12, 13, 14, 16, 17, 18, 26, 28, 32, 36, 40, 42, 52, 54, 58, 61, 67, 71, 74, 76, 89, 91, 99, 102, 105, 109, 112, 115, 116, 118, 122, 127, 128, 129, 130, 131, 132, 133, 134, 135, 136, 137, 138, 139, 140, 144, 145, 146, 147, 148, 149]","[0, 1, 2, 3, 4, 5, 6, 7, 8, 9, 11, 15, 19, 20, 21, 22, 23, 24, 25, 27, 29, 30, 31, 33, 34, 35, 37, 38, 39, 41, 43, 44, 45, 46, 47, 48, 49, 50, 51, 53, 55, 56, 57, 59, 60, 62, 63, 64, 65, 66, 68, 69, 70, 72, 73, 75, 77, 78, 79, 80, 81, 82, 83, 84, 85, 86, 87, 88, 90, 92, 93, 94, 95, 96, 97, 98, 100, 101, 103, 104, 106, 107, 108, 110, 111, 114, 117, 119, 120, 121, 123, 124, 125, 126, 141, 142, 143]","{""support_1"": 108, ""support_2"": 101}","[101, 108]",2,"[137, 138, 139, 140, 136, 135, 134, 133, 129, 130, 131, 132, 128, 127, 13, 14, 116, 118, 26, 28, 40, 42, 52, 54, 74, 76, 89, 91, 17, 122, 18, 32, 16, 112, 36, 99, 105, 144, 10, 145, 148, 115, 149, 102, 146, 147, 12, 58, 71, 109, 61, 67, 78, 85, 93, 143, 25, 7, 39, 51, 97, 106, 101, 120, 121, 114, 108, 110, 111, 9, 6, 1, 2, 48, 46, 47, 70, 69, 79, 80, 72, 73, 94, 66, 68, 86, 23, 126, 125, 124, 123, 141, 142, 62, 5, 4, 22, 21, 20, 37, 34, 35, 31, 30, 11, 98, 96, 100, 63, 60, 64, 83, 84, 24, 44, 82, 38, 57, 56, 49, 50, 87, 88, 103, 104, 53, 55, 45, 75, 77, 59, 90, 92, 65, 81, 117, 119, 95, 107, 8, 15, 0, 27, 29, 3, 41, 43, 19, 33]",True,11007553127,11.007553127,"[78, 85, 93, 143, 25, 7, 39, 51, 97, 106, 101, 120, 121, 114, 108, 110, 111, 9, 6, 1, 2, 48, 46, 47, 70, 69, 79, 80, 72, 73, 94, 66, 68, 86, 23, 126, 125, 124, 123, 141, 142, 62, 5, 4, 22, 21, 20, 37, 34, 35, 31, 30, 11, 98, 96, 100, 63, 60, 64, 83, 84, 24, 44, 82, 38, 57, 56, 49, 50, 87, 88, 103, 104, 53, 55, 45, 75, 77, 59, 90, 92, 65, 81, 117, 119, 95, 107, 8, 15, 0, 27, 29, 3, 41, 43, 19, 33]","[33, 19, 43, 41, 3, 29, 27, 0, 15, 8, 107, 95, 119, 117, 81, 65, 92, 90, 59, 77, 75, 45, 55, 53, 104, 103, 88, 87, 50, 49, 56, 57, 38, 82, 44, 24, 84, 83, 64, 60, 63, 100, 96, 98, 11, 30, 31, 35, 34, 37, 20, 21, 22, 4, 5, 62, 142, 141, 123, 124, 125, 126, 23, 86, 68, 66, 94, 73, 72, 80, 79, 69, 70, 47, 46, 48, 2, 1, 6, 9, 111, 110, 108, 114, 121, 120, 101, 106, 97, 51, 39, 7, 25, 143, 93, 85, 78]",complete,259,259,3897,162,1508,665,843,843,2,118,118,44,44,42,44
3,454,28,54,95,"[10, 12, 13, 14, 16, 17, 18, 26, 28, 32, 36, 40, 42, 52, 54, 58, 61, 67, 71, 74, 76, 78, 85, 89, 91, 99, 102, 105, 109, 112, 115, 116, 118, 122, 127, 128, 129, 130, 131, 132, 133, 134, 135, 136, 137, 138, 139, 140, 144, 145, 146, 147, 148, 149]","[0, 1, 2, 3, 4, 5, 6, 7, 8, 9, 11, 15, 19, 20, 21, 22, 23, 24, 25, 27, 29, 30, 31, 33, 34, 35, 37, 38, 39, 41, 43, 44, 45, 46, 47, 48, 49, 50, 51, 53, 55, 56, 57, 59, 60, 62, 63, 64, 65, 66, 68, 69, 70, 72, 73, 75, 77, 79, 80, 81, 82, 83, 84, 86, 87, 88, 90, 92, 93, 94, 95, 96, 97, 98, 100, 101, 103, 104, 106, 107, 108, 110, 111, 114, 117, 119, 120, 121, 123, 124, 125, 126, 141, 142, 143]","{""support_1"": 108, ""support_2"": 101}","[101, 108]",2,"[137, 138, 139, 140, 136, 135, 134, 133, 129, 130, 131, 132, 128, 127, 13, 14, 116, 118, 26, 28, 40, 42, 52, 54, 74, 76, 89, 91, 17, 122, 18, 32, 16, 112, 36, 99, 105, 144, 10, 145, 148, 115, 149, 102, 146, 147, 12, 58, 71, 109, 61, 67, 78, 85, 93, 143, 25, 7, 39, 51, 97, 106, 101, 120, 121, 114, 108, 110, 111, 9, 6, 1, 2, 48, 46, 47, 70, 69, 79, 80, 72, 73, 94, 66, 68, 86, 23, 126, 125, 124, 123, 141, 142, 62, 5, 4, 22, 21, 20, 37, 34, 35, 31, 30, 11, 98, 96, 100, 63, 60, 64, 83, 84, 24, 44, 82, 38, 57, 56, 49, 50, 87, 88, 103, 104, 53, 55, 45, 75, 77, 59, 90, 92, 65, 81, 117, 119, 95, 107, 8, 15, 0, 27, 29, 3, 41, 43, 19, 33]",True,10846609294,10.846609294,"[93, 143, 25, 7, 39, 51, 97, 106, 101, 120, 121, 114, 108, 110, 111, 9, 6, 1, 2, 48, 46, 47, 70, 69, 79, 80, 72, 73, 94, 66, 68, 86, 23, 126, 125, 124, 123, 141, 142, 62, 5, 4, 22, 21, 20, 37, 34, 35, 31, 30, 11, 98, 96, 100, 63, 60, 64, 83, 84, 24, 44, 82, 38, 57, 56, 49, 50, 87, 88, 103, 104, 53, 55, 45, 75, 77, 59, 90, 92, 65, 81, 117, 119, 95, 107, 8, 15, 0, 27, 29, 3, 41, 43, 19, 33]","[33, 19, 43, 41, 3, 29, 27, 0, 15, 8, 107, 95, 119, 117, 81, 65, 92, 90, 59, 77, 75, 45, 55, 53, 104, 103, 88, 87, 50, 49, 56, 57, 38, 82, 44, 24, 84, 83, 64, 60, 63, 100, 96, 98, 11, 30, 31, 35, 34, 37, 20, 21, 22, 4, 5, 62, 142, 141, 123, 124, 125, 126, 23, 86, 68, 66, 94, 73, 72, 80, 79, 69, 70, 47, 46, 48, 2, 1, 6, 9, 111, 110, 108, 114, 121, 120, 101, 106, 97, 51, 39, 7, 25, 143, 93]",complete,251,251,3724,156,1466,645,821,821,2,114,114,44,44,42,44
3,454,29,56,93,"[10, 12, 13, 14, 16, 17, 18, 26, 28, 32, 36, 40, 42, 52, 54, 58, 61, 67, 71, 74, 76, 78, 85, 89, 91, 93, 99, 102, 105, 109, 112, 115, 116, 118, 122, 127, 128, 129, 130, 131, 132, 133, 134, 135, 136, 137, 138, 139, 140, 143, 144, 145, 146, 147, 148, 149]","[0, 1, 2, 3, 4, 5, 6, 7, 8, 9, 11, 15, 19, 20, 21, 22, 23, 24, 25, 27, 29, 30, 31, 33, 34, 35, 37, 38, 39, 41, 43, 44, 45, 46, 47, 48, 49, 50, 51, 53, 55, 56, 57, 59, 60, 62, 63, 64, 65, 66, 68, 69, 70, 72, 73, 75, 77, 79, 80, 81, 82, 83, 84, 86, 87, 88, 90, 92, 94, 95, 96, 97, 98, 100, 101, 103, 104, 106, 107, 108, 110, 111, 114, 117, 119, 120, 121, 123, 124, 125, 126, 141, 142]","{""support_1"": 108, ""support_2"": 101}","[101, 108]",2,"[137, 138, 139, 140, 136, 135, 134, 133, 129, 130, 131, 132, 128, 127, 13, 14, 116, 118, 26, 28, 40, 42, 52, 54, 74, 76, 89, 91, 17, 122, 18, 32, 16, 112, 36, 99, 105, 144, 10, 145, 148, 115, 149, 102, 146, 147, 12, 58, 71, 109, 61, 67, 78, 85, 93, 143, 25, 7, 39, 51, 97, 106, 101, 120, 121, 114, 108, 110, 111, 9, 6, 1, 2, 48, 46, 47, 70, 69, 79, 80, 72, 73, 94, 66, 68, 86, 23, 126, 125, 124, 123, 141, 142, 62, 5, 4, 22, 21, 20, 37, 34, 35, 31, 30, 11, 98, 96, 100, 63, 60, 64, 83, 84, 24, 44, 82, 38, 57, 56, 49, 50, 87, 88, 103, 104, 53, 55, 45, 75, 77, 59, 90, 92, 65, 81, 117, 119, 95, 107, 8, 15, 0, 27, 29, 3, 41, 43, 19, 33]",True,10034738353,10.034738353,"[25, 7, 39, 51, 97, 106, 101, 120, 121, 114, 108, 110, 111, 9, 6, 1, 2, 48, 46, 47, 70, 69, 79, 80, 72, 73, 94, 66, 68, 86, 23, 126, 125, 124, 123, 141, 142, 62, 5, 4, 22, 21, 20, 37, 34, 35, 31, 30, 11, 98, 96, 100, 63, 60, 64, 83, 84, 24, 44, 82, 38, 57, 56, 49, 50, 87, 88, 103, 104, 53, 55, 45, 75, 77, 59, 90, 92, 65, 81, 117, 119, 95, 107, 8, 15, 0, 27, 29, 3, 41, 43, 19, 33]","[33, 19, 43, 41, 3, 29, 27, 0, 15, 8, 107, 95, 119, 117, 81, 65, 92, 90, 59, 77, 75, 45, 55, 53, 104, 103, 88, 87, 50, 49, 56, 57, 38, 82, 44, 24, 84, 83, 64, 60, 63, 100, 96, 98, 11, 30, 31, 35, 34, 37, 20, 21, 22, 4, 5, 62, 142, 141, 123, 124, 125, 126, 23, 86, 68, 66, 94, 73, 72, 80, 79, 69, 70, 47, 46, 48, 2, 1, 6, 9, 111, 110, 108, 114, 121, 120, 101, 106, 97, 51, 39, 7, 25]",complete,243,243,3555,150,1424,625,799,799,2,110,110,44,44,42,44
3,454,30,58,91,"[7, 10, 12, 13, 14, 16, 17, 18, 25, 26, 28, 32, 36, 40, 42, 52, 54, 58, 61, 67, 71, 74, 76, 78, 85, 89, 91, 93, 99, 102, 105, 109, 112, 115, 116, 118, 122, 127, 128, 129, 130, 131, 132, 133, 134, 135, 136, 137, 138, 139, 140, 143, 144, 145, 146, 147, 148, 149]","[0, 1, 2, 3, 4, 5, 6, 8, 9, 11, 15, 19, 20, 21, 22, 23, 24, 27, 29, 30, 31, 33, 34, 35, 37, 38, 39, 41, 43, 44, 45, 46, 47, 48, 49, 50, 51, 53, 55, 56, 57, 59, 60, 62, 63, 64, 65, 66, 68, 69, 70, 72, 73, 75, 77, 79, 80, 81, 82, 83, 84, 86, 87, 88, 90, 92, 94, 95, 96, 97, 98, 100, 101, 103, 104, 106, 107, 108, 110, 111, 114, 117, 119, 120, 121, 123, 124, 125, 126, 141, 142]","{""support_1"": 108, ""support_2"": 101}","[101, 108]",2,"[137, 138, 139, 140, 136, 135, 134, 133, 129, 130, 131, 132, 128, 127, 13, 14, 116, 118, 26, 28, 40, 42, 52, 54, 74, 76, 89, 91, 17, 122, 18, 32, 16, 112, 36, 99, 105, 144, 10, 145, 148, 115, 149, 102, 146, 147, 12, 58, 71, 109, 61, 67, 78, 85, 93, 143, 25, 7, 39, 51, 97, 106, 101, 120, 121, 114, 108, 110, 111, 9, 6, 1, 2, 48, 46, 47, 70, 69, 79, 80, 72, 73, 94, 66, 68, 86, 23, 126, 125, 124, 123, 141, 142, 62, 5, 4, 22, 21, 20, 37, 34, 35, 31, 30, 11, 98, 96, 100, 63, 60, 64, 83, 84, 24, 44, 82, 38, 57, 56, 49, 50, 87, 88, 103, 104, 53, 55, 45, 75, 77, 59, 90, 92, 65, 81, 117, 119, 95, 107, 8, 15, 0, 27, 29, 3, 41, 43, 19, 33]",True,9675596847,9.675596847,"[39, 51, 97, 106, 101, 120, 121, 114, 108, 110, 111, 9, 6, 1, 2, 48, 46, 47, 70, 69, 79, 80, 72, 73, 94, 66, 68, 86, 23, 126, 125, 124, 123, 141, 142, 62, 5, 4, 22, 21, 20, 37, 34, 35, 31, 30, 11, 98, 96, 100, 63, 60, 64, 83, 84, 24, 44, 82, 38, 57, 56, 49, 50, 87, 88, 103, 104, 53, 55, 45, 75, 77, 59, 90, 92, 65, 81, 117, 119, 95, 107, 8, 15, 0, 27, 29, 3, 41, 43, 19, 33]","[33, 19, 43, 41, 3, 29, 27, 0, 15, 8, 107, 95, 119, 117, 81, 65, 92, 90, 59, 77, 75, 45, 55, 53, 104, 103, 88, 87, 50, 49, 56, 57, 38, 82, 44, 24, 84, 83, 64, 60, 63, 100, 96, 98, 11, 30, 31, 35, 34, 37, 20, 21, 22, 4, 5, 62, 142, 141, 123, 124, 125, 126, 23, 86, 68, 66, 94, 73, 72, 80, 79, 69, 70, 47, 46, 48, 2, 1, 6, 9, 111, 110, 108, 114, 121, 120, 101, 106, 97, 51, 39]",complete,236,236,3390,145,1384,606,778,778,2,106,106,44,44,42,44
3,454,31,60,89,"[7, 10, 12, 13, 14, 16, 17, 18, 25, 26, 28, 32, 36, 39, 40, 42, 51, 52, 54, 58, 61, 67, 71, 74, 76, 78, 85, 89, 91, 93, 99, 102, 105, 109, 112, 115, 116, 118, 122, 127, 128, 129, 130, 131, 132, 133, 134, 135, 136, 137, 138, 139, 140, 143, 144, 145, 146, 147, 148, 149]","[0, 1, 2, 3, 4, 5, 6, 8, 9, 11, 15, 19, 20, 21, 22, 23, 24, 27, 29, 30, 31, 33, 34, 35, 37, 38, 41, 43, 44, 45, 46, 47, 48, 49, 50, 53, 55, 56, 57, 59, 60, 62, 63, 64, 65, 66, 68, 69, 70, 72, 73, 75, 77, 79, 80, 81, 82, 83, 84, 86, 87, 88, 90, 92, 94, 95, 96, 97, 98, 100, 101, 103, 104, 106, 107, 108, 110, 111, 114, 117, 119, 120, 121, 123, 124, 125, 126, 141, 142]","{""support_1"": 108, ""support_2"": 101}","[101, 108]",2,"[137, 138, 139, 140, 136, 135, 134, 133, 129, 130, 131, 132, 128, 127, 13, 14, 116, 118, 26, 28, 40, 42, 52, 54, 74, 76, 89, 91, 17, 122, 18, 32, 16, 112, 36, 99, 105, 144, 10, 145, 148, 115, 149, 102, 146, 147, 12, 58, 71, 109, 61, 67, 78, 85, 93, 143, 25, 7, 39, 51, 97, 106, 101, 120, 121, 114, 108, 110, 111, 9, 6, 1, 2, 48, 46, 47, 70, 69, 79, 80, 72, 73, 94, 66, 68, 86, 23, 126, 125, 124, 123, 141, 142, 62, 5, 4, 22, 21, 20, 37, 34, 35, 31, 30, 11, 98, 96, 100, 63, 60, 64, 83, 84, 24, 44, 82, 38, 57, 56, 49, 50, 87, 88, 103, 104, 53, 55, 45, 75, 77, 59, 90, 92, 65, 81, 117, 119, 95, 107, 8, 15, 0, 27, 29, 3, 41, 43, 19, 33]",True,9126978187,9.126978187,"[97, 106, 101, 120, 121, 114, 108, 110, 111, 9, 6, 1, 2, 48, 46, 47, 70, 69, 79, 80, 72, 73, 94, 66, 68, 86, 23, 126, 125, 124, 123, 141, 142, 62, 5, 4, 22, 21, 20, 37, 34, 35, 31, 30, 11, 98, 96, 100, 63, 60, 64, 83, 84, 24, 44, 82, 38, 57, 56, 49, 50, 87, 88, 103, 104, 53, 55, 45, 75, 77, 59, 90, 92, 65, 81, 117, 119, 95, 107, 8, 15, 0, 27, 29, 3, 41, 43, 19, 33]","[33, 19, 43, 41, 3, 29, 27, 0, 15, 8, 107, 95, 119, 117, 81, 65, 92, 90, 59, 77, 75, 45, 55, 53, 104, 103, 88, 87, 50, 49, 56, 57, 38, 82, 44, 24, 84, 83, 64, 60, 63, 100, 96, 98, 11, 30, 31, 35, 34, 37, 20, 21, 22, 4, 5, 62, 142, 141, 123, 124, 125, 126, 23, 86, 68, 66, 94, 73, 72, 80, 79, 69, 70, 47, 46, 48, 2, 1, 6, 9, 111, 110, 108, 114, 121, 120, 101, 106, 97]",complete,224,224,3229,135,1334,582,752,752,2,102,102,44,44,42,44
3,454,32,62,87,"[7, 10, 12, 13, 14, 16, 17, 18, 25, 26, 28, 32, 36, 39, 40, 42, 51, 52, 54, 58, 61, 67, 71, 74, 76, 78, 85, 89, 91, 93, 97, 99, 102, 105, 106, 109, 112, 115, 116, 118, 122, 127, 128, 129, 130, 131, 132, 133, 134, 135, 136, 137, 138, 139, 140, 143, 144, 145, 146, 147, 148, 149]","[0, 1, 2, 3, 4, 5, 6, 8, 9, 11, 15, 19, 20, 21, 22, 23, 24, 27, 29, 30, 31, 33, 34, 35, 37, 38, 41, 43, 44, 45, 46, 47, 48, 49, 50, 53, 55, 56, 57, 59, 60, 62, 63, 64, 65, 66, 68, 69, 70, 72, 73, 75, 77, 79, 80, 81, 82, 83, 84, 86, 87, 88, 90, 92, 94, 95, 96, 98, 100, 101, 103, 104, 107, 108, 110, 111, 114, 117, 119, 120, 121, 123, 124, 125, 126, 141, 142]","{""support_1"": 108, ""support_2"": 101}","[101, 108]",2,"[137, 138, 139, 140, 136, 135, 134, 133, 129, 130, 131, 132, 128, 127, 13, 14, 116, 118, 26, 28, 40, 42, 52, 54, 74, 76, 89, 91, 17, 122, 18, 32, 16, 112, 36, 99, 105, 144, 10, 145, 148, 115, 149, 102, 146, 147, 12, 58, 71, 109, 61, 67, 78, 85, 93, 143, 25, 7, 39, 51, 97, 106, 101, 120, 121, 114, 108, 110, 111, 9, 6, 1, 2, 48, 46, 47, 70, 69, 79, 80, 72, 73, 94, 66, 68, 86, 23, 126, 125, 124, 123, 141, 142, 62, 5, 4, 22, 21, 20, 37, 34, 35, 31, 30, 11, 98, 96, 100, 63, 60, 64, 83, 84, 24, 44, 82, 38, 57, 56, 49, 50, 87, 88, 103, 104, 53, 55, 45, 75, 77, 59, 90, 92, 65, 81, 117, 119, 95, 107, 8, 15, 0, 27, 29, 3, 41, 43, 19, 33]",True,8240709370,8.240709370,"[101, 120, 121, 114, 108, 110, 111, 9, 6, 1, 2, 48, 46, 47, 70, 69, 79, 80, 72, 73, 94, 66, 68, 86, 23, 126, 125, 124, 123, 141, 142, 62, 5, 4, 22, 21, 20, 37, 34, 35, 31, 30, 11, 98, 96, 100, 63, 60, 64, 83, 84, 24, 44, 82, 38, 57, 56, 49, 50, 87, 88, 103, 104, 53, 55, 45, 75, 77, 59, 90, 92, 65, 81, 117, 119, 95, 107, 8, 15, 0, 27, 29, 3, 41, 43, 19, 33]","[33, 19, 43, 41, 3, 29, 27, 0, 15, 8, 107, 95, 119, 117, 81, 65, 92, 90, 59, 77, 75, 45, 55, 53, 104, 103, 88, 87, 50, 49, 56, 57, 38, 82, 44, 24, 84, 83, 64, 60, 63, 100, 96, 98, 11, 30, 31, 35, 34, 37, 20, 21, 22, 4, 5, 62, 142, 141, 123, 124, 125, 126, 23, 86, 68, 66, 94, 73, 72, 80, 79, 69, 70, 47, 46, 48, 2, 1, 6, 9, 111, 110, 108, 114, 121, 120, 101]",complete,202,202,3072,115,1264,548,716,716,2,98,98,43,43,42,44
3,454,33,64,85,"[7, 10, 12, 13, 14, 16, 17, 18, 25, 26, 28, 32, 36, 39, 40, 42, 51, 52, 54, 58, 61, 67, 71, 74, 76, 78, 85, 89, 91, 93, 97, 99, 101, 102, 105, 106, 109, 112, 115, 116, 118, 120, 122, 127, 128, 129, 130, 131, 132, 133, 134, 135, 136, 137, 138, 139, 140, 143, 144, 145, 146, 147, 148, 149]","[0, 1, 2, 3, 4, 5, 6, 8, 9, 11, 15, 19, 20, 21, 22, 23, 24, 27, 29, 30, 31, 33, 34, 35, 37, 38, 41, 43, 44, 45, 46, 47, 48, 49, 50, 53, 55, 56, 57, 59, 60, 62, 63, 64, 65, 66, 68, 69, 70, 72, 73, 75, 77, 79, 80, 81, 82, 83, 84, 86, 87, 88, 90, 92, 94, 95, 96, 98, 100, 103, 104, 107, 108, 110, 111, 114, 117, 119, 121, 123, 124, 125, 126, 141, 142]","{""support_1"": 108, ""support_2"": 121}","[108, 121]",2,"[137, 138, 139, 140, 136, 135, 134, 133, 129, 130, 131, 132, 128, 127, 13, 14, 116, 118, 26, 28, 40, 42, 52, 54, 74, 76, 89, 91, 17, 122, 18, 32, 16, 112, 36, 99, 105, 144, 10, 145, 148, 115, 149, 102, 146, 147, 12, 58, 71, 109, 61, 67, 78, 85, 93, 143, 25, 7, 39, 51, 97, 106, 101, 120, 121, 114, 108, 110, 111, 9, 6, 1, 2, 48, 46, 47, 70, 69, 79, 80, 72, 73, 94, 66, 68, 86, 23, 126, 125, 124, 123, 141, 142, 62, 5, 4, 22, 21, 20, 37, 34, 35, 31, 30, 11, 98, 96, 100, 63, 60, 64, 83, 84, 24, 44, 82, 38, 57, 56, 49, 50, 87, 88, 103, 104, 53, 55, 45, 75, 77, 59, 90, 92, 65, 81, 117, 119, 95, 107, 8, 15, 0, 27, 29, 3, 41, 43, 19, 33]",True,8346736887,8.346736887,"[121, 114, 108, 110, 111, 9, 6, 1, 2, 48, 46, 47, 70, 69, 79, 80, 72, 73, 94, 66, 68, 86, 23, 126, 125, 124, 123, 141, 142, 62, 5, 4, 22, 21, 20, 37, 34, 35, 31, 30, 11, 98, 96, 100, 63, 60, 64, 83, 84, 24, 44, 82, 38, 57, 56, 49, 50, 87, 88, 103, 104, 53, 55, 45, 75, 77, 59, 90, 92, 65, 81, 117, 119, 95, 107, 8, 15, 0, 27, 29, 3, 41, 43, 19, 33]","[33, 19, 43, 41, 3, 29, 27, 0, 15, 8, 107, 95, 119, 117, 81, 65, 92, 90, 59, 77, 75, 45, 55, 53, 104, 103, 88, 87, 50, 49, 56, 57, 38, 82, 44, 24, 84, 83, 64, 60, 63, 100, 96, 98, 11, 30, 31, 35, 34, 37, 20, 21, 22, 4, 5, 62, 142, 141, 123, 124, 125, 126, 23, 86, 68, 66, 94, 73, 72, 80, 79, 69, 70, 47, 46, 48, 2, 1, 6, 9, 111, 110, 108, 114, 121]",complete,200,200,2919,115,1259,548,711,711,2,94,94,41,41,40,42
3,454,34,66,83,"[7, 10, 12, 13, 14, 16, 17, 18, 25, 26, 28, 32, 36, 39, 40, 42, 51, 52, 54, 58, 61, 67, 71, 74, 76, 78, 85, 89, 91, 93, 97, 99, 101, 102, 105, 106, 109, 112, 114, 115, 116, 118, 120, 121, 122, 127, 128, 129, 130, 131, 132, 133, 134, 135, 136, 137, 138, 139, 140, 143, 144, 145, 146, 147, 148, 149]","[0, 1, 2, 3, 4, 5, 6, 8, 9, 11, 15, 19, 20, 21, 22, 23, 24, 27, 29, 30, 31, 33, 34, 35, 37, 38, 41, 43, 44, 45, 46, 47, 48, 49, 50, 53, 55, 56, 57, 59, 60, 62, 63, 64, 65, 66, 68, 69, 70, 72, 73, 75, 77, 79, 80, 81, 82, 83, 84, 86, 87, 88, 90, 92, 94, 95, 96, 98, 100, 103, 104, 107, 108, 110, 111, 117, 119, 123, 124, 125, 126, 141, 142]","{""support_1"": 108}",[108],1,"[137, 138, 139, 140, 136, 135, 134, 133, 129, 130, 131, 132, 128, 127, 13, 14, 116, 118, 26, 28, 40, 42, 52, 54, 74, 76, 89, 91, 17, 122, 18, 32, 16, 112, 36, 99, 105, 144, 10, 145, 148, 115, 149, 102, 146, 147, 12, 58, 71, 109, 61, 67, 78, 85, 93, 143, 25, 7, 39, 51, 97, 106, 101, 120, 121, 114, 108, 110, 111, 9, 6, 1, 2, 48, 46, 47, 70, 69, 79, 80, 72, 73, 94, 66, 68, 86, 23, 126, 125, 124, 123, 141, 142, 62, 5, 4, 22, 21, 20, 37, 34, 35, 31, 30, 11, 98, 96, 100, 63, 60, 64, 83, 84, 24, 44, 82, 38, 57, 56, 49, 50, 87, 88, 103, 104, 53, 55, 45, 75, 77, 59, 90, 92, 65, 81, 117, 119, 95, 107, 8, 15, 0, 27, 29, 3, 41, 43, 19, 33]",True,8113349857,8.113349857,"[108, 110, 111, 9, 6, 1, 2, 48, 46, 47, 70, 69, 79, 80, 72, 73, 94, 66, 68, 86, 23, 126, 125, 124, 123, 141, 142, 62, 5, 4, 22, 21, 20, 37, 34, 35, 31, 30, 11, 98, 96, 100, 63, 60, 64, 83, 84, 24, 44, 82, 38, 57, 56, 49, 50, 87, 88, 103, 104, 53, 55, 45, 75, 77, 59, 90, 92, 65, 81, 117, 119, 95, 107, 8, 15, 0, 27, 29, 3, 41, 43, 19, 33]","[33, 19, 43, 41, 3, 29, 27, 0, 15, 8, 107, 95, 119, 117, 81, 65, 92, 90, 59, 77, 75, 45, 55, 53, 104, 103, 88, 87, 50, 49, 56, 57, 38, 82, 44, 24, 84, 83, 64, 60, 63, 100, 96, 98, 11, 30, 31, 35, 34, 37, 20, 21, 22, 4, 5, 62, 142, 141, 123, 124, 125, 126, 23, 86, 68, 66, 94, 73, 72, 80, 79, 69, 70, 47, 46, 48, 2, 1, 6, 9, 111, 110, 108]",complete,198,198,2770,115,1256,548,708,708,2,91,91,39,39,39,40
3,454,35,68,81,"[7, 10, 12, 13, 14, 16, 17, 18, 25, 26, 28, 32, 36, 39, 40, 42, 51, 52, 54, 58, 61, 67, 71, 74, 76, 78, 85, 89, 91, 93, 97, 99, 101, 102, 105, 106, 108, 109, 110, 112, 114, 115, 116, 118, 120, 121, 122, 127, 128, 129, 130, 131, 132, 133, 134, 135, 136, 137, 138, 139, 140, 143, 144, 145, 146, 147, 148, 149]","[0, 1, 2, 3, 4, 5, 6, 8, 9, 11, 15, 19, 20, 21, 22, 23, 24, 27, 29, 30, 31, 33, 34, 35, 37, 38, 41, 43, 44, 45, 46, 47, 48, 49, 50, 53, 55, 56, 57, 59, 60, 62, 63, 64, 65, 66, 68, 69, 70, 72, 73, 75, 77, 79, 80, 81, 82, 83, 84, 86, 87, 88, 90, 92, 94, 95, 96, 98, 100, 103, 104, 107, 111, 117, 119, 123, 124, 125, 126, 141, 142]","{""support_2"": 111}",[111],1,"[137, 138, 139, 140, 136, 135, 134, 133, 129, 130, 131, 132, 128, 127, 13, 14, 116, 118, 26, 28, 40, 42, 52, 54, 74, 76, 89, 91, 17, 122, 18, 32, 16, 112, 36, 99, 105, 144, 10, 145, 148, 115, 149, 102, 146, 147, 12, 58, 71, 109, 61, 67, 78, 85, 93, 143, 25, 7, 39, 51, 97, 106, 101, 120, 121, 114, 108, 110, 111, 9, 6, 1, 2, 48, 46, 47, 70, 69, 79, 80, 72, 73, 94, 66, 68, 86, 23, 126, 125, 124, 123, 141, 142, 62, 5, 4, 22, 21, 20, 37, 34, 35, 31, 30, 11, 98, 96, 100, 63, 60, 64, 83, 84, 24, 44, 82, 38, 57, 56, 49, 50, 87, 88, 103, 104, 53, 55, 45, 75, 77, 59, 90, 92, 65, 81, 117, 119, 95, 107, 8, 15, 0, 27, 29, 3, 41, 43, 19, 33]",True,8073600992,8.073600992,"[111, 9, 6, 1, 2, 48, 46, 47, 70, 69, 79, 80, 72, 73, 94, 66, 68, 86, 23, 126, 125, 124, 123, 141, 142, 62, 5, 4, 22, 21, 20, 37, 34, 35, 31, 30, 11, 98, 96, 100, 63, 60, 64, 83, 84, 24, 44, 82, 38, 57, 56, 49, 50, 87, 88, 103, 104, 53, 55, 45, 75, 77, 59, 90, 92, 65, 81, 117, 119, 95, 107, 8, 15, 0, 27, 29, 3, 41, 43, 19, 33]","[33, 19, 43, 41, 3, 29, 27, 0, 15, 8, 107, 95, 119, 117, 81, 65, 92, 90, 59, 77, 75, 45, 55, 53, 104, 103, 88, 87, 50, 49, 56, 57, 38, 82, 44, 24, 84, 83, 64, 60, 63, 100, 96, 98, 11, 30, 31, 35, 34, 37, 20, 21, 22, 4, 5, 62, 142, 141, 123, 124, 125, 126, 23, 86, 68, 66, 94, 73, 72, 80, 79, 69, 70, 47, 46, 48, 2, 1, 6, 9, 111]",complete,196,196,2625,115,1250,548,702,702,2,88,88,37,37,37,38
3,454,36,70,79,"[7, 9, 10, 12, 13, 14, 16, 17, 18, 25, 26, 28, 32, 36, 39, 40, 42, 51, 52, 54, 58, 61, 67, 71, 74, 76, 78, 85, 89, 91, 93, 97, 99, 101, 102, 105, 106, 108, 109, 110, 111, 112, 114, 115, 116, 118, 120, 121, 122, 127, 128, 129, 130, 131, 132, 133, 134, 135, 136, 137, 138, 139, 140, 143, 144, 145, 146, 147, 148, 149]","[0, 1, 2, 3, 4, 5, 6, 8, 11, 15, 19, 20, 21, 22, 23, 24, 27, 29, 30, 31, 33, 34, 35, 37, 38, 41, 43, 44, 45, 46, 47, 48, 49, 50, 53, 55, 56, 57, 59, 60, 62, 63, 64, 65, 66, 68, 69, 70, 72, 73, 75, 77, 79, 80, 81, 82, 83, 84, 86, 87, 88, 90, 92, 94, 95, 96, 98, 100, 103, 104, 107, 117, 119, 123, 124, 125, 126, 141, 142]",{},[],0,"[137, 138, 139, 140, 136, 135, 134, 133, 129, 130, 131, 132, 128, 127, 13, 14, 116, 118, 26, 28, 40, 42, 52, 54, 74, 76, 89, 91, 17, 122, 18, 32, 16, 112, 36, 99, 105, 144, 10, 145, 148, 115, 149, 102, 146, 147, 12, 58, 71, 109, 61, 67, 78, 85, 93, 143, 25, 7, 39, 51, 97, 106, 101, 120, 121, 114, 108, 110, 111, 9, 6, 1, 2, 48, 46, 47, 70, 69, 79, 80, 72, 73, 94, 66, 68, 86, 23, 126, 125, 124, 123, 141, 142, 62, 5, 4, 22, 21, 20, 37, 34, 35, 31, 30, 11, 98, 96, 100, 63, 60, 64, 83, 84, 24, 44, 82, 38, 57, 56, 49, 50, 87, 88, 103, 104, 53, 55, 45, 75, 77, 59, 90, 92, 65, 81, 117, 119, 95, 107, 8, 15, 0, 27, 29, 3, 41, 43, 19, 33]",True,7885231309,7.885231309,"[6, 1, 2, 48, 46, 47, 70, 69, 79, 80, 72, 73, 94, 66, 68, 86, 23, 126, 125, 124, 123, 141, 142, 62, 5, 4, 22, 21, 20, 37, 34, 35, 31, 30, 11, 98, 96, 100, 63, 60, 64, 83, 84, 24, 44, 82, 38, 57, 56, 49, 50, 87, 88, 103, 104, 53, 55, 45, 75, 77, 59, 90, 92, 65, 81, 117, 119, 95, 107, 8, 15, 0, 27, 29, 3, 41, 43, 19, 33]","[33, 19, 43, 41, 3, 29, 27, 0, 15, 8, 107, 95, 119, 117, 81, 65, 92, 90, 59, 77, 75, 45, 55, 53, 104, 103, 88, 87, 50, 49, 56, 57, 38, 82, 44, 24, 84, 83, 64, 60, 63, 100, 96, 98, 11, 30, 31, 35, 34, 37, 20, 21, 22, 4, 5, 62, 142, 141, 123, 124, 125, 126, 23, 86, 68, 66, 94, 73, 72, 80, 79, 69, 70, 47, 46, 48, 2, 1, 6]",complete,194,194,2484,115,1246,548,698,698,2,87,87,36,36,36,36
3,454,37,72,77,"[1, 6, 7, 9, 10, 12, 13, 14, 16, 17, 18, 25, 26, 28, 32, 36, 39, 40, 42, 51, 52, 54, 58, 61, 67, 71, 74, 76, 78, 85, 89, 91, 93, 97, 99, 101, 102, 105, 106, 108, 109, 110, 111, 112, 114, 115, 116, 118, 120, 121, 122, 127, 128, 129, 130, 131, 132, 133, 134, 135, 136, 137, 138, 139, 140, 143, 144, 145, 146, 147, 148, 149]","[0, 2, 3, 4, 5, 8, 11, 15, 19, 20, 21, 22, 23, 24, 27, 29, 30, 31, 33, 34, 35, 37, 38, 41, 43, 44, 45, 46, 47, 48, 49, 50, 53, 55, 56, 57, 59, 60, 62, 63, 64, 65, 66, 68, 69, 70, 72, 73, 75, 77, 79, 80, 81, 82, 83, 84, 86, 87, 88, 90, 92, 94, 95, 96, 98, 100, 103, 104, 107, 117, 119, 123, 124, 125, 126, 141, 142]","{""support_1"": 2}",[2],1,"[137, 138, 139, 140, 136, 135, 134, 133, 129, 130, 131, 132, 128, 127, 13, 14, 116, 118, 26, 28, 40, 42, 52, 54, 74, 76, 89, 91, 17, 122, 18, 32, 16, 112, 36, 99, 105, 144, 10, 145, 148, 115, 149, 102, 146, 147, 12, 58, 71, 109, 61, 67, 78, 85, 93, 143, 25, 7, 39, 51, 97, 106, 101, 120, 121, 114, 108, 110, 111, 9, 6, 1, 2, 48, 46, 47, 70, 69, 79, 80, 72, 73, 94, 66, 68, 86, 23, 126, 125, 124, 123, 141, 142, 62, 5, 4, 22, 21, 20, 37, 34, 35, 31, 30, 11, 98, 96, 100, 63, 60, 64, 83, 84, 24, 44, 82, 38, 57, 56, 49, 50, 87, 88, 103, 104, 53, 55, 45, 75, 77, 59, 90, 92, 65, 81, 117, 119, 95, 107, 8, 15, 0, 27, 29, 3, 41, 43, 19, 33]",True,7905745587,7.905745587,"[2, 48, 46, 47, 70, 69, 79, 80, 72, 73, 94, 66, 68, 86, 23, 126, 125, 124, 123, 141, 142, 62, 5, 4, 22, 21, 20, 37, 34, 35, 31, 30, 11, 98, 96, 100, 63, 60, 64, 83, 84, 24, 44, 82, 38, 57, 56, 49, 50, 87, 88, 103, 104, 53, 55, 45, 75, 77, 59, 90, 92, 65, 81, 117, 119, 95, 107, 8, 15, 0, 27, 29, 3, 41, 43, 19, 33]","[33, 19, 43, 41, 3, 29, 27, 0, 15, 8, 107, 95, 119, 117, 81, 65, 92, 90, 59, 77, 75, 45, 55, 53, 104, 103, 88, 87, 50, 49, 56, 57, 38, 82, 44, 24, 84, 83, 64, 60, 63, 100, 96, 98, 11, 30, 31, 35, 34, 37, 20, 21, 22, 4, 5, 62, 142, 141, 123, 124, 125, 126, 23, 86, 68, 66, 94, 73, 72, 80, 79, 69, 70, 47, 46, 48, 2]",complete,192,192,2347,115,1243,548,695,695,2,85,85,34,34,34,35
3,454,38,74,75,"[1, 2, 6, 7, 9, 10, 12, 13, 14, 16, 17, 18, 25, 26, 28, 32, 36, 39, 40, 42, 48, 51, 52, 54, 58, 61, 67, 71, 74, 76, 78, 85, 89, 91, 93, 97, 99, 101, 102, 105, 106, 108, 109, 110, 111, 112, 114, 115, 116, 118, 120, 121, 122, 127, 128, 129, 130, 131, 132, 133, 134, 135, 136, 137, 138, 139, 140, 143, 144, 145, 146, 147, 148, 149]","[0, 3, 4, 5, 8, 11, 15, 19, 20, 21, 22, 23, 24, 27, 29, 30, 31, 33, 34, 35, 37, 38, 41, 43, 44, 45, 46, 47, 49, 50, 53, 55, 56, 57, 59, 60, 62, 63, 64, 65, 66, 68, 69, 70, 72, 73, 75, 77, 79, 80, 81, 82, 83, 84, 86, 87, 88, 90, 92, 94, 95, 96, 98, 100, 103, 104, 107, 117, 119, 123, 124, 125, 126, 141, 142]","{""support_1"": 46}",[46],1,"[137, 138, 139, 140, 136, 135, 134, 133, 129, 130, 131, 132, 128, 127, 13, 14, 116, 118, 26, 28, 40, 42, 52, 54, 74, 76, 89, 91, 17, 122, 18, 32, 16, 112, 36, 99, 105, 144, 10, 145, 148, 115, 149, 102, 146, 147, 12, 58, 71, 109, 61, 67, 78, 85, 93, 143, 25, 7, 39, 51, 97, 106, 101, 120, 121, 114, 108, 110, 111, 9, 6, 1, 2, 48, 46, 47, 70, 69, 79, 80, 72, 73, 94, 66, 68, 86, 23, 126, 125, 124, 123, 141, 142, 62, 5, 4, 22, 21, 20, 37, 34, 35, 31, 30, 11, 98, 96, 100, 63, 60, 64, 83, 84, 24, 44, 82, 38, 57, 56, 49, 50, 87, 88, 103, 104, 53, 55, 45, 75, 77, 59, 90, 92, 65, 81, 117, 119, 95, 107, 8, 15, 0, 27, 29, 3, 41, 43, 19, 33]",True,7908623217,7.908623217,"[46, 47, 70, 69, 79, 80, 72, 73, 94, 66, 68, 86, 23, 126, 125, 124, 123, 141, 142, 62, 5, 4, 22, 21, 20, 37, 34, 35, 31, 30, 11, 98, 96, 100, 63, 60, 64, 83, 84, 24, 44, 82, 38, 57, 56, 49, 50, 87, 88, 103, 104, 53, 55, 45, 75, 77, 59, 90, 92, 65, 81, 117, 119, 95, 107, 8, 15, 0, 27, 29, 3, 41, 43, 19, 33]","[33, 19, 43, 41, 3, 29, 27, 0, 15, 8, 107, 95, 119, 117, 81, 65, 92, 90, 59, 77, 75, 45, 55, 53, 104, 103, 88, 87, 50, 49, 56, 57, 38, 82, 44, 24, 84, 83, 64, 60, 63, 100, 96, 98, 11, 30, 31, 35, 34, 37, 20, 21, 22, 4, 5, 62, 142, 141, 123, 124, 125, 126, 23, 86, 68, 66, 94, 73, 72, 80, 79, 69, 70, 47, 46]",complete,190,190,2214,115,1240,548,692,692,2,84,84,33,33,33,34
3,454,39,76,73,"[1, 2, 6, 7, 9, 10, 12, 13, 14, 16, 17, 18, 25, 26, 28, 32, 36, 39, 40, 42, 46, 47, 48, 51, 52, 54, 58, 61, 67, 71, 74, 76, 78, 85, 89, 91, 93, 97, 99, 101, 102, 105, 106, 108, 109, 110, 111, 112, 114, 115, 116, 118, 120, 121, 122, 127, 128, 129, 130, 131, 132, 133, 134, 135, 136, 137, 138, 139, 140, 143, 144, 145, 146, 147, 148, 149]","[0, 3, 4, 5, 8, 11, 15, 19, 20, 21, 22, 23, 24, 27, 29, 30, 31, 33, 34, 35, 37, 38, 41, 43, 44, 45, 49, 50, 53, 55, 56, 57, 59, 60, 62, 63, 64, 65, 66, 68, 69, 70, 72, 73, 75, 77, 79, 80, 81, 82, 83, 84, 86, 87, 88, 90, 92, 94, 95, 96, 98, 100, 103, 104, 107, 117, 119, 123, 124, 125, 126, 141, 142]",{},[],0,"[137, 138, 139, 140, 136, 135, 134, 133, 129, 130, 131, 132, 128, 127, 13, 14, 116, 118, 26, 28, 40, 42, 52, 54, 74, 76, 89, 91, 17, 122, 18, 32, 16, 112, 36, 99, 105, 144, 10, 145, 148, 115, 149, 102, 146, 147, 12, 58, 71, 109, 61, 67, 78, 85, 93, 143, 25, 7, 39, 51, 97, 106, 101, 120, 121, 114, 108, 110, 111, 9, 6, 1, 2, 48, 46, 47, 70, 69, 79, 80, 72, 73, 94, 66, 68, 86, 23, 126, 125, 124, 123, 141, 142, 62, 5, 4, 22, 21, 20, 37, 34, 35, 31, 30, 11, 98, 96, 100, 63, 60, 64, 83, 84, 24, 44, 82, 38, 57, 56, 49, 50, 87, 88, 103, 104, 53, 55, 45, 75, 77, 59, 90, 92, 65, 81, 117, 119, 95, 107, 8, 15, 0, 27, 29, 3, 41, 43, 19, 33]",True,7826489325,7.826489325,"[70, 69, 79, 80, 72, 73, 94, 66, 68, 86, 23, 126, 125, 124, 123, 141, 142, 62, 5, 4, 22, 21, 20, 37, 34, 35, 31, 30, 11, 98, 96, 100, 63, 60, 64, 83, 84, 24, 44, 82, 38, 57, 56, 49, 50, 87, 88, 103, 104, 53, 55, 45, 75, 77, 59, 90, 92, 65, 81, 117, 119, 95, 107, 8, 15, 0, 27, 29, 3, 41, 43, 19, 33]","[33, 19, 43, 41, 3, 29, 27, 0, 15, 8, 107, 95, 119, 117, 81, 65, 92, 90, 59, 77, 75, 45, 55, 53, 104, 103, 88, 87, 50, 49, 56, 57, 38, 82, 44, 24, 84, 83, 64, 60, 63, 100, 96, 98, 11, 30, 31, 35, 34, 37, 20, 21, 22, 4, 5, 62, 142, 141, 123, 124, 125, 126, 23, 86, 68, 66, 94, 73, 72, 80, 79, 69, 70]",complete,188,188,2085,115,1236,548,688,688,2,83,83,32,32,32,32
3,454,40,78,71,"[1, 2, 6, 7, 9, 10, 12, 13, 14, 16, 17, 18, 25, 26, 28, 32, 36, 39, 40, 42, 46, 47, 48, 51, 52, 54, 58, 61, 67, 69, 70, 71, 74, 76, 78, 85, 89, 91, 93, 97, 99, 101, 102, 105, 106, 108, 109, 110, 111, 112, 114, 115, 116, 118, 120, 121, 122, 127, 128, 129, 130, 131, 132, 133, 134, 135, 136, 137, 138, 139, 140, 143, 144, 145, 146, 147, 148, 149]","[0, 3, 4, 5, 8, 11, 15, 19, 20, 21, 22, 23, 24, 27, 29, 30, 31, 33, 34, 35, 37, 38, 41, 43, 44, 45, 49, 50, 53, 55, 56, 57, 59, 60, 62, 63, 64, 65, 66, 68, 72, 73, 75, 77, 79, 80, 81, 82, 83, 84, 86, 87, 88, 90, 92, 94, 95, 96, 98, 100, 103, 104, 107, 117, 119, 123, 124, 125, 126, 141, 142]","{""support_1"": 79}",[79],1,"[137, 138, 139, 140, 136, 135, 134, 133, 129, 130, 131, 132, 128, 127, 13, 14, 116, 118, 26, 28, 40, 42, 52, 54, 74, 76, 89, 91, 17, 122, 18, 32, 16, 112, 36, 99, 105, 144, 10, 145, 148, 115, 149, 102, 146, 147, 12, 58, 71, 109, 61, 67, 78, 85, 93, 143, 25, 7, 39, 51, 97, 106, 101, 120, 121, 114, 108, 110, 111, 9, 6, 1, 2, 48, 46, 47, 70, 69, 79, 80, 72, 73, 94, 66, 68, 86, 23, 126, 125, 124, 123, 141, 142, 62, 5, 4, 22, 21, 20, 37, 34, 35, 31, 30, 11, 98, 96, 100, 63, 60, 64, 83, 84, 24, 44, 82, 38, 57, 56, 49, 50, 87, 88, 103, 104, 53, 55, 45, 75, 77, 59, 90, 92, 65, 81, 117, 119, 95, 107, 8, 15, 0, 27, 29, 3, 41, 43, 19, 33]",True,7667657274,7.667657274,"[79, 80, 72, 73, 94, 66, 68, 86, 23, 126, 125, 124, 123, 141, 142, 62, 5, 4, 22, 21, 20, 37, 34, 35, 31, 30, 11, 98, 96, 100, 63, 60, 64, 83, 84, 24, 44, 82, 38, 57, 56, 49, 50, 87, 88, 103, 104, 53, 55, 45, 75, 77, 59, 90, 92, 65, 81, 117, 119, 95, 107, 8, 15, 0, 27, 29, 3, 41, 43, 19, 33]","[33, 19, 43, 41, 3, 29, 27, 0, 15, 8, 107, 95, 119, 117, 81, 65, 92, 90, 59, 77, 75, 45, 55, 53, 104, 103, 88, 87, 50, 49, 56, 57, 38, 82, 44, 24, 84, 83, 64, 60, 63, 100, 96, 98, 11, 30, 31, 35, 34, 37, 20, 21, 22, 4, 5, 62, 142, 141, 123, 124, 125, 126, 23, 86, 68, 66, 94, 73, 72, 80, 79]",complete,186,186,1960,115,1233,548,685,685,2,81,81,30,30,30,31
3,454,41,80,69,"[1, 2, 6, 7, 9, 10, 12, 13, 14, 16, 17, 18, 25, 26, 28, 32, 36, 39, 40, 42, 46, 47, 48, 51, 52, 54, 58, 61, 67, 69, 70, 71, 74, 76, 78, 79, 80, 85, 89, 91, 93, 97, 99, 101, 102, 105, 106, 108, 109, 110, 111, 112, 114, 115, 116, 118, 120, 121, 122, 127, 128, 129, 130, 131, 132, 133, 134, 135, 136, 137, 138, 139, 140, 143, 144, 145, 146, 147, 148, 149]","[0, 3, 4, 5, 8, 11, 15, 19, 20, 21, 22, 23, 24, 27, 29, 30, 31, 33, 34, 35, 37, 38, 41, 43, 44, 45, 49, 50, 53, 55, 56, 57, 59, 60, 62, 63, 64, 65, 66, 68, 72, 73, 75, 77, 81, 82, 83, 84, 86, 87, 88, 90, 92, 94, 95, 96, 98, 100, 103, 104, 107, 117, 119, 123, 124, 125, 126, 141, 142]","{""support_1"": 72}",[72],1,"[137, 138, 139, 140, 136, 135, 134, 133, 129, 130, 131, 132, 128, 127, 13, 14, 116, 118, 26, 28, 40, 42, 52, 54, 74, 76, 89, 91, 17, 122, 18, 32, 16, 112, 36, 99, 105, 144, 10, 145, 148, 115, 149, 102, 146, 147, 12, 58, 71, 109, 61, 67, 78, 85, 93, 143, 25, 7, 39, 51, 97, 106, 101, 120, 121, 114, 108, 110, 111, 9, 6, 1, 2, 48, 46, 47, 70, 69, 79, 80, 72, 73, 94, 66, 68, 86, 23, 126, 125, 124, 123, 141, 142, 62, 5, 4, 22, 21, 20, 37, 34, 35, 31, 30, 11, 98, 96, 100, 63, 60, 64, 83, 84, 24, 44, 82, 38, 57, 56, 49, 50, 87, 88, 103, 104, 53, 55, 45, 75, 77, 59, 90, 92, 65, 81, 117, 119, 95, 107, 8, 15, 0, 27, 29, 3, 41, 43, 19, 33]",True,7666665934,7.666665934,"[72, 73, 94, 66, 68, 86, 23, 126, 125, 124, 123, 141, 142, 62, 5, 4, 22, 21, 20, 37, 34, 35, 31, 30, 11, 98, 96, 100, 63, 60, 64, 83, 84, 24, 44, 82, 38, 57, 56, 49, 50, 87, 88, 103, 104, 53, 55, 45, 75, 77, 59, 90, 92, 65, 81, 117, 119, 95, 107, 8, 15, 0, 27, 29, 3, 41, 43, 19, 33]","[33, 19, 43, 41, 3, 29, 27, 0, 15, 8, 107, 95, 119, 117, 81, 65, 92, 90, 59, 77, 75, 45, 55, 53, 104, 103, 88, 87, 50, 49, 56, 57, 38, 82, 44, 24, 84, 83, 64, 60, 63, 100, 96, 98, 11, 30, 31, 35, 34, 37, 20, 21, 22, 4, 5, 62, 142, 141, 123, 124, 125, 126, 23, 86, 68, 66, 94, 73, 72]",complete,184,184,1839,115,1228,548,680,680,2,79,79,28,28,28,29
3,454,42,82,67,"[1, 2, 6, 7, 9, 10, 12, 13, 14, 16, 17, 18, 25, 26, 28, 32, 36, 39, 40, 42, 46, 47, 48, 51, 52, 54, 58, 61, 67, 69, 70, 71, 72, 73, 74, 76, 78, 79, 80, 85, 89, 91, 93, 97, 99, 101, 102, 105, 106, 108, 109, 110, 111, 112, 114, 115, 116, 118, 120, 121, 122, 127, 128, 129, 130, 131, 132, 133, 134, 135, 136, 137, 138, 139, 140, 143, 144, 145, 146, 147, 148, 149]","[0, 3, 4, 5, 8, 11, 15, 19, 20, 21, 22, 23, 24, 27, 29, 30, 31, 33, 34, 35, 37, 38, 41, 43, 44, 45, 49, 50, 53, 55, 56, 57, 59, 60, 62, 63, 64, 65, 66, 68, 75, 77, 81, 82, 83, 84, 86, 87, 88, 90, 92, 94, 95, 96, 98, 100, 103, 104, 107, 117, 119, 123, 124, 125, 126, 141, 142]","{""support_1"": 66, ""support_2"": 94}","[66, 94]",2,"[137, 138, 139, 140, 136, 135, 134, 133, 129, 130, 131, 132, 128, 127, 13, 14, 116, 118, 26, 28, 40, 42, 52, 54, 74, 76, 89, 91, 17, 122, 18, 32, 16, 112, 36, 99, 105, 144, 10, 145, 148, 115, 149, 102, 146, 147, 12, 58, 71, 109, 61, 67, 78, 85, 93, 143, 25, 7, 39, 51, 97, 106, 101, 120, 121, 114, 108, 110, 111, 9, 6, 1, 2, 48, 46, 47, 70, 69, 79, 80, 72, 73, 94, 66, 68, 86, 23, 126, 125, 124, 123, 141, 142, 62, 5, 4, 22, 21, 20, 37, 34, 35, 31, 30, 11, 98, 96, 100, 63, 60, 64, 83, 84, 24, 44, 82, 38, 57, 56, 49, 50, 87, 88, 103, 104, 53, 55, 45, 75, 77, 59, 90, 92, 65, 81, 117, 119, 95, 107, 8, 15, 0, 27, 29, 3, 41, 43, 19, 33]",True,7547761078,7.547761078,"[94, 66, 68, 86, 23, 126, 125, 124, 123, 141, 142, 62, 5, 4, 22, 21, 20, 37, 34, 35, 31, 30, 11, 98, 96, 100, 63, 60, 64, 83, 84, 24, 44, 82, 38, 57, 56, 49, 50, 87, 88, 103, 104, 53, 55, 45, 75, 77, 59, 90, 92, 65, 81, 117, 119, 95, 107, 8, 15, 0, 27, 29, 3, 41, 43, 19, 33]","[33, 19, 43, 41, 3, 29, 27, 0, 15, 8, 107, 95, 119, 117, 81, 65, 92, 90, 59, 77, 75, 45, 55, 53, 104, 103, 88, 87, 50, 49, 56, 57, 38, 82, 44, 24, 84, 83, 64, 60, 63, 100, 96, 98, 11, 30, 31, 35, 34, 37, 20, 21, 22, 4, 5, 62, 142, 141, 123, 124, 125, 126, 23, 86, 68, 66, 94]",complete,182,182,1722,115,1219,548,671,671,2,75,75,26,26,25,27
3,454,43,84,65,"[1, 2, 6, 7, 9, 10, 12, 13, 14, 16, 17, 18, 25, 26, 28, 32, 36, 39, 40, 42, 46, 47, 48, 51, 52, 54, 58, 61, 66, 67, 69, 70, 71, 72, 73, 74, 76, 78, 79, 80, 85, 89, 91, 93, 94, 97, 99, 101, 102, 105, 106, 108, 109, 110, 111, 112, 114, 115, 116, 118, 120, 121, 122, 127, 128, 129, 130, 131, 132, 133, 134, 135, 136, 137, 138, 139, 140, 143, 144, 145, 146, 147, 148, 149]","[0, 3, 4, 5, 8, 11, 15, 19, 20, 21, 22, 23, 24, 27, 29, 30, 31, 33, 34, 35, 37, 38, 41, 43, 44, 45, 49, 50, 53, 55, 56, 57, 59, 60, 62, 63, 64, 65, 68, 75, 77, 81, 82, 83, 84, 86, 87, 88, 90, 92, 95, 96, 98, 100, 103, 104, 107, 117, 119, 123, 124, 125, 126, 141, 142]","{""support_1"": 68, ""support_2"": 86}","[68, 86]",2,"[137, 138, 139, 140, 136, 135, 134, 133, 129, 130, 131, 132, 128, 127, 13, 14, 116, 118, 26, 28, 40, 42, 52, 54, 74, 76, 89, 91, 17, 122, 18, 32, 16, 112, 36, 99, 105, 144, 10, 145, 148, 115, 149, 102, 146, 147, 12, 58, 71, 109, 61, 67, 78, 85, 93, 143, 25, 7, 39, 51, 97, 106, 101, 120, 121, 114, 108, 110, 111, 9, 6, 1, 2, 48, 46, 47, 70, 69, 79, 80, 72, 73, 94, 66, 68, 86, 23, 126, 125, 124, 123, 141, 142, 62, 5, 4, 22, 21, 20, 37, 34, 35, 31, 30, 11, 98, 96, 100, 63, 60, 64, 83, 84, 24, 44, 82, 38, 57, 56, 49, 50, 87, 88, 103, 104, 53, 55, 45, 75, 77, 59, 90, 92, 65, 81, 117, 119, 95, 107, 8, 15, 0, 27, 29, 3, 41, 43, 19, 33]",True,7177202540,7.177202540,"[68, 86, 23, 126, 125, 124, 123, 141, 142, 62, 5, 4, 22, 21, 20, 37, 34, 35, 31, 30, 11, 98, 96, 100, 63, 60, 64, 83, 84, 24, 44, 82, 38, 57, 56, 49, 50, 87, 88, 103, 104, 53, 55, 45, 75, 77, 59, 90, 92, 65, 81, 117, 119, 95, 107, 8, 15, 0, 27, 29, 3, 41, 43, 19, 33]","[33, 19, 43, 41, 3, 29, 27, 0, 15, 8, 107, 95, 119, 117, 81, 65, 92, 90, 59, 77, 75, 45, 55, 53, 104, 103, 88, 87, 50, 49, 56, 57, 38, 82, 44, 24, 84, 83, 64, 60, 63, 100, 96, 98, 11, 30, 31, 35, 34, 37, 20, 21, 22, 4, 5, 62, 142, 141, 123, 124, 125, 126, 23, 86, 68]",complete,180,180,1609,115,1188,548,640,640,2,72,72,24,24,23,25
3,454,44,86,63,"[1, 2, 6, 7, 9, 10, 12, 13, 14, 16, 17, 18, 25, 26, 28, 32, 36, 39, 40, 42, 46, 47, 48, 51, 52, 54, 58, 61, 66, 67, 68, 69, 70, 71, 72, 73, 74, 76, 78, 79, 80, 85, 86, 89, 91, 93, 94, 97, 99, 101, 102, 105, 106, 108, 109, 110, 111, 112, 114, 115, 116, 118, 120, 121, 122, 127, 128, 129, 130, 131, 132, 133, 134, 135, 136, 137, 138, 139, 140, 143, 144, 145, 146, 147, 148, 149]","[0, 3, 4, 5, 8, 11, 15, 19, 20, 21, 22, 23, 24, 27, 29, 30, 31, 33, 34, 35, 37, 38, 41, 43, 44, 45, 49, 50, 53, 55, 56, 57, 59, 60, 62, 63, 64, 65, 75, 77, 81, 82, 83, 84, 87, 88, 90, 92, 95, 96, 98, 100, 103, 104, 107, 117, 119, 123, 124, 125, 126, 141, 142]","{""support_1"": 82}",[82],1,"[137, 138, 139, 140, 136, 135, 134, 133, 129, 130, 131, 132, 128, 127, 13, 14, 116, 118, 26, 28, 40, 42, 52, 54, 74, 76, 89, 91, 17, 122, 18, 32, 16, 112, 36, 99, 105, 144, 10, 145, 148, 115, 149, 102, 146, 147, 12, 58, 71, 109, 61, 67, 78, 85, 93, 143, 25, 7, 39, 51, 97, 106, 101, 120, 121, 114, 108, 110, 111, 9, 6, 1, 2, 48, 46, 47, 70, 69, 79, 80, 72, 73, 94, 66, 68, 86, 23, 126, 125, 124, 123, 141, 142, 62, 5, 4, 22, 21, 20, 37, 34, 35, 31, 30, 11, 98, 96, 100, 63, 60, 64, 83, 84, 24, 44, 82, 38, 57, 56, 49, 50, 87, 88, 103, 104, 53, 55, 45, 75, 77, 59, 90, 92, 65, 81, 117, 119, 95, 107, 8, 15, 0, 27, 29, 3, 41, 43, 19, 33]",True,7048016032,7.048016032,"[23, 126, 125, 124, 123, 141, 142, 62, 5, 4, 22, 21, 20, 37, 34, 35, 31, 30, 11, 98, 96, 100, 63, 60, 64, 83, 84, 24, 44, 82, 38, 57, 56, 49, 50, 87, 88, 103, 104, 53, 55, 45, 75, 77, 59, 90, 92, 65, 81, 117, 119, 95, 107, 8, 15, 0, 27, 29, 3, 41, 43, 19, 33]","[33, 19, 43, 41, 3, 29, 27, 0, 15, 8, 107, 95, 119, 117, 81, 65, 92, 90, 59, 77, 75, 45, 55, 53, 104, 103, 88, 87, 50, 49, 56, 57, 38, 82, 44, 24, 84, 83, 64, 60, 63, 100, 96, 98, 11, 30, 31, 35, 34, 37, 20, 21, 22, 4, 5, 62, 142, 141, 123, 124, 125, 126, 23]",complete,178,178,1500,115,1185,548,637,637,2,70,70,23,23,22,23
3,454,45,88,61,"[1, 2, 6, 7, 9, 10, 12, 13, 14, 16, 17, 18, 23, 25, 26, 28, 32, 36, 39, 40, 42, 46, 47, 48, 51, 52, 54, 58, 61, 66, 67, 68, 69, 70, 71, 72, 73, 74, 76, 78, 79, 80, 85, 86, 89, 91, 93, 94, 97, 99, 101, 102, 105, 106, 108, 109, 110, 111, 112, 114, 115, 116, 118, 120, 121, 122, 126, 127, 128, 129, 130, 131, 132, 133, 134, 135, 136, 137, 138, 139, 140, 143, 144, 145, 146, 147, 148, 149]","[0, 3, 4, 5, 8, 11, 15, 19, 20, 21, 22, 24, 27, 29, 30, 31, 33, 34, 35, 37, 38, 41, 43, 44, 45, 49, 50, 53, 55, 56, 57, 59, 60, 62, 63, 64, 65, 75, 77, 81, 82, 83, 84, 87, 88, 90, 92, 95, 96, 98, 100, 103, 104, 107, 117, 119, 123, 124, 125, 141, 142]","{""support_1"": 82, ""support_2"": 4}","[4, 82]",2,"[137, 138, 139, 140, 136, 135, 134, 133, 129, 130, 131, 132, 128, 127, 13, 14, 116, 118, 26, 28, 40, 42, 52, 54, 74, 76, 89, 91, 17, 122, 18, 32, 16, 112, 36, 99, 105, 144, 10, 145, 148, 115, 149, 102, 146, 147, 12, 58, 71, 109, 61, 67, 78, 85, 93, 143, 25, 7, 39, 51, 97, 106, 101, 120, 121, 114, 108, 110, 111, 9, 6, 1, 2, 48, 46, 47, 70, 69, 79, 80, 72, 73, 94, 66, 68, 86, 23, 126, 125, 124, 123, 141, 142, 62, 5, 4, 22, 21, 20, 37, 34, 35, 31, 30, 11, 98, 96, 100, 63, 60, 64, 83, 84, 24, 44, 82, 38, 57, 56, 49, 50, 87, 88, 103, 104, 53, 55, 45, 75, 77, 59, 90, 92, 65, 81, 117, 119, 95, 107, 8, 15, 0, 27, 29, 3, 41, 43, 19, 33]",True,5873539315,5.873539315,"[125, 124, 123, 141, 142, 62, 5, 4, 22, 21, 20, 37, 34, 35, 31, 30, 11, 98, 96, 100, 63, 60, 64, 83, 84, 24, 44, 82, 38, 57, 56, 49, 50, 87, 88, 103, 104, 53, 55, 45, 75, 77, 59, 90, 92, 65, 81, 117, 119, 95, 107, 8, 15, 0, 27, 29, 3, 41, 43, 19, 33]","[33, 19, 43, 41, 3, 29, 27, 0, 15, 8, 107, 95, 119, 117, 81, 65, 92, 90, 59, 77, 75, 45, 55, 53, 104, 103, 88, 87, 50, 49, 56, 57, 38, 82, 44, 24, 84, 83, 64, 60, 63, 100, 96, 98, 11, 30, 31, 35, 34, 37, 20, 21, 22, 4, 5, 62, 142, 141, 123, 124, 125]",complete,167,167,1395,106,1004,459,545,545,2,66,66,23,23,21,23
3,454,46,90,59,"[1, 2, 6, 7, 9, 10, 12, 13, 14, 16, 17, 18, 23, 25, 26, 28, 32, 36, 39, 40, 42, 46, 47, 48, 51, 52, 54, 58, 61, 66, 67, 68, 69, 70, 71, 72, 73, 74, 76, 78, 79, 80, 85, 86, 89, 91, 93, 94, 97, 99, 101, 102, 105, 106, 108, 109, 110, 111, 112, 114, 115, 116, 118, 120, 121, 122, 124, 125, 126, 127, 128, 129, 130, 131, 132, 133, 134, 135, 136, 137, 138, 139, 140, 143, 144, 145, 146, 147, 148, 149]","[0, 3, 4, 5, 8, 11, 15, 19, 20, 21, 22, 24, 27, 29, 30, 31, 33, 34, 35, 37, 38, 41, 43, 44, 45, 49, 50, 53, 55, 56, 57, 59, 60, 62, 63, 64, 65, 75, 77, 81, 82, 83, 84, 87, 88, 90, 92, 95, 96, 98, 100, 103, 104, 107, 117, 119, 123, 141, 142]","{""support_1"": 82, ""support_2"": 4}","[4, 82]",2,"[137, 138, 139, 140, 136, 135, 134, 133, 129, 130, 131, 132, 128, 127, 13, 14, 116, 118, 26, 28, 40, 42, 52, 54, 74, 76, 89, 91, 17, 122, 18, 32, 16, 112, 36, 99, 105, 144, 10, 145, 148, 115, 149, 102, 146, 147, 12, 58, 71, 109, 61, 67, 78, 85, 93, 143, 25, 7, 39, 51, 97, 106, 101, 120, 121, 114, 108, 110, 111, 9, 6, 1, 2, 48, 46, 47, 70, 69, 79, 80, 72, 73, 94, 66, 68, 86, 23, 126, 125, 124, 123, 141, 142, 62, 5, 4, 22, 21, 20, 37, 34, 35, 31, 30, 11, 98, 96, 100, 63, 60, 64, 83, 84, 24, 44, 82, 38, 57, 56, 49, 50, 87, 88, 103, 104, 53, 55, 45, 75, 77, 59, 90, 92, 65, 81, 117, 119, 95, 107, 8, 15, 0, 27, 29, 3, 41, 43, 19, 33]",True,4611483054,4.611483054,"[123, 141, 142, 62, 5, 4, 22, 21, 20, 37, 34, 35, 31, 30, 11, 98, 96, 100, 63, 60, 64, 83, 84, 24, 44, 82, 38, 57, 56, 49, 50, 87, 88, 103, 104, 53, 55, 45, 75, 77, 59, 90, 92, 65, 81, 117, 119, 95, 107, 8, 15, 0, 27, 29, 3, 41, 43, 19, 33]","[33, 19, 43, 41, 3, 29, 27, 0, 15, 8, 107, 95, 119, 117, 81, 65, 92, 90, 59, 77, 75, 45, 55, 53, 104, 103, 88, 87, 50, 49, 56, 57, 38, 82, 44, 24, 84, 83, 64, 60, 63, 100, 96, 98, 11, 30, 31, 35, 34, 37, 20, 21, 22, 4, 5, 62, 142, 141, 123]",complete,143,143,1294,84,836,376,460,460,2,62,62,23,23,21,23
3,454,47,92,57,"[1, 2, 6, 7, 9, 10, 12, 13, 14, 16, 17, 18, 23, 25, 26, 28, 32, 36, 39, 40, 42, 46, 47, 48, 51, 52, 54, 58, 61, 66, 67, 68, 69, 70, 71, 72, 73, 74, 76, 78, 79, 80, 85, 86, 89, 91, 93, 94, 97, 99, 101, 102, 105, 106, 108, 109, 110, 111, 112, 114, 115, 116, 118, 120, 121, 122, 123, 124, 125, 126, 127, 128, 129, 130, 131, 132, 133, 134, 135, 136, 137, 138, 139, 140, 141, 143, 144, 145, 146, 147, 148, 149]","[0, 3, 4, 5, 8, 11, 15, 19, 20, 21, 22, 24, 27, 29, 30, 31, 33, 34, 35, 37, 38, 41, 43, 44, 45, 49, 50, 53, 55, 56, 57, 59, 60, 62, 63, 64, 65, 75, 77, 81, 82, 83, 84, 87, 88, 90, 92, 95, 96, 98, 100, 103, 104, 107, 117, 119, 142]","{""support_1"": 82, ""support_2"": 4}","[4, 82]",2,"[137, 138, 139, 140, 136, 135, 134, 133, 129, 130, 131, 132, 128, 127, 13, 14, 116, 118, 26, 28, 40, 42, 52, 54, 74, 76, 89, 91, 17, 122, 18, 32, 16, 112, 36, 99, 105, 144, 10, 145, 148, 115, 149, 102, 146, 147, 12, 58, 71, 109, 61, 67, 78, 85, 93, 143, 25, 7, 39, 51, 97, 106, 101, 120, 121, 114, 108, 110, 111, 9, 6, 1, 2, 48, 46, 47, 70, 69, 79, 80, 72, 73, 94, 66, 68, 86, 23, 126, 125, 124, 123, 141, 142, 62, 5, 4, 22, 21, 20, 37, 34, 35, 31, 30, 11, 98, 96, 100, 63, 60, 64, 83, 84, 24, 44, 82, 38, 57, 56, 49, 50, 87, 88, 103, 104, 53, 55, 45, 75, 77, 59, 90, 92, 65, 81, 117, 119, 95, 107, 8, 15, 0, 27, 29, 3, 41, 43, 19, 33]",True,3564086350,3.564086350,"[142, 62, 5, 4, 22, 21, 20, 37, 34, 35, 31, 30, 11, 98, 96, 100, 63, 60, 64, 83, 84, 24, 44, 82, 38, 57, 56, 49, 50, 87, 88, 103, 104, 53, 55, 45, 75, 77, 59, 90, 92, 65, 81, 117, 119, 95, 107, 8, 15, 0, 27, 29, 3, 41, 43, 19, 33]","[33, 19, 43, 41, 3, 29, 27, 0, 15, 8, 107, 95, 119, 117, 81, 65, 92, 90, 59, 77, 75, 45, 55, 53, 104, 103, 88, 87, 50, 49, 56, 57, 38, 82, 44, 24, 84, 83, 64, 60, 63, 100, 96, 98, 11, 30, 31, 35, 34, 37, 20, 21, 22, 4, 5, 62, 142]",complete,119,119,1197,62,670,294,376,376,2,58,58,23,23,21,23
3,454,48,94,55,"[1, 2, 6, 7, 9, 10, 12, 13, 14, 16, 17, 18, 23, 25, 26, 28, 32, 36, 39, 40, 42, 46, 47, 48, 51, 52, 54, 58, 61, 62, 66, 67, 68, 69, 70, 71, 72, 73, 74, 76, 78, 79, 80, 85, 86, 89, 91, 93, 94, 97, 99, 101, 102, 105, 106, 108, 109, 110, 111, 112, 114, 115, 116, 118, 120, 121, 122, 123, 124, 125, 126, 127, 128, 129, 130, 131, 132, 133, 134, 135, 136, 137, 138, 139, 140, 141, 142, 143, 144, 145, 146, 147, 148, 149]","[0, 3, 4, 5, 8, 11, 15, 19, 20, 21, 22, 24, 27, 29, 30, 31, 33, 34, 35, 37, 38, 41, 43, 44, 45, 49, 50, 53, 55, 56, 57, 59, 60, 63, 64, 65, 75, 77, 81, 82, 83, 84, 87, 88, 90, 92, 95, 96, 98, 100, 103, 104, 107, 117, 119]","{""support_1"": 82, ""support_2"": 4}","[4, 82]",2,"[137, 138, 139, 140, 136, 135, 134, 133, 129, 130, 131, 132, 128, 127, 13, 14, 116, 118, 26, 28, 40, 42, 52, 54, 74, 76, 89, 91, 17, 122, 18, 32, 16, 112, 36, 99, 105, 144, 10, 145, 148, 115, 149, 102, 146, 147, 12, 58, 71, 109, 61, 67, 78, 85, 93, 143, 25, 7, 39, 51, 97, 106, 101, 120, 121, 114, 108, 110, 111, 9, 6, 1, 2, 48, 46, 47, 70, 69, 79, 80, 72, 73, 94, 66, 68, 86, 23, 126, 125, 124, 123, 141, 142, 62, 5, 4, 22, 21, 20, 37, 34, 35, 31, 30, 11, 98, 96, 100, 63, 60, 64, 83, 84, 24, 44, 82, 38, 57, 56, 49, 50, 87, 88, 103, 104, 53, 55, 45, 75, 77, 59, 90, 92, 65, 81, 117, 119, 95, 107, 8, 15, 0, 27, 29, 3, 41, 43, 19, 33]",True,2535493729,2.535493729,"[5, 4, 22, 21, 20, 37, 34, 35, 31, 30, 11, 98, 96, 100, 63, 60, 64, 83, 84, 24, 44, 82, 38, 57, 56, 49, 50, 87, 88, 103, 104, 53, 55, 45, 75, 77, 59, 90, 92, 65, 81, 117, 119, 95, 107, 8, 15, 0, 27, 29, 3, 41, 43, 19, 33]","[33, 19, 43, 41, 3, 29, 27, 0, 15, 8, 107, 95, 119, 117, 81, 65, 92, 90, 59, 77, 75, 45, 55, 53, 104, 103, 88, 87, 50, 49, 56, 57, 38, 82, 44, 24, 84, 83, 64, 60, 63, 100, 96, 98, 11, 30, 31, 35, 34, 37, 20, 21, 22, 4, 5]",complete,95,95,1104,40,504,212,292,292,2,54,54,23,23,21,23
3,454,49,96,53,"[1, 2, 4, 5, 6, 7, 9, 10, 12, 13, 14, 16, 17, 18, 23, 25, 26, 28, 32, 36, 39, 40, 42, 46, 47, 48, 51, 52, 54, 58, 61, 62, 66, 67, 68, 69, 70, 71, 72, 73, 74, 76, 78, 79, 80, 85, 86, 89, 91, 93, 94, 97, 99, 101, 102, 105, 106, 108, 109, 110, 111, 112, 114, 115, 116, 118, 120, 121, 122, 123, 124, 125, 126, 127, 128, 129, 130, 131, 132, 133, 134, 135, 136, 137, 138, 139, 140, 141, 142, 143, 144, 145, 146, 147, 148, 149]","[0, 3, 8, 11, 15, 19, 20, 21, 22, 24, 27, 29, 30, 31, 33, 34, 35, 37, 38, 41, 43, 44, 45, 49, 50, 53, 55, 56, 57, 59, 60, 63, 64, 65, 75, 77, 81, 82, 83, 84, 87, 88, 90, 92, 95, 96, 98, 100, 103, 104, 107, 117, 119]","{""support_1"": 82, ""support_2"": 22}","[22, 82]",2,"[137, 138, 139, 140, 136, 135, 134, 133, 129, 130, 131, 132, 128, 127, 13, 14, 116, 118, 26, 28, 40, 42, 52, 54, 74, 76, 89, 91, 17, 122, 18, 32, 16, 112, 36, 99, 105, 144, 10, 145, 148, 115, 149, 102, 146, 147, 12, 58, 71, 109, 61, 67, 78, 85, 93, 143, 25, 7, 39, 51, 97, 106, 101, 120, 121, 114, 108, 110, 111, 9, 6, 1, 2, 48, 46, 47, 70, 69, 79, 80, 72, 73, 94, 66, 68, 86, 23, 126, 125, 124, 123, 141, 142, 62, 5, 4, 22, 21, 20, 37, 34, 35, 31, 30, 11, 98, 96, 100, 63, 60, 64, 83, 84, 24, 44, 82, 38, 57, 56, 49, 50, 87, 88, 103, 104, 53, 55, 45, 75, 77, 59, 90, 92, 65, 81, 117, 119, 95, 107, 8, 15, 0, 27, 29, 3, 41, 43, 19, 33]",True,1981216643,1.981216643,"[22, 21, 20, 37, 34, 35, 31, 30, 11, 98, 96, 100, 63, 60, 64, 83, 84, 24, 44, 82, 38, 57, 56, 49, 50, 87, 88, 103, 104, 53, 55, 45, 75, 77, 59, 90, 92, 65, 81, 117, 119, 95, 107, 8, 15, 0, 27, 29, 3, 41, 43, 19, 33]","[33, 19, 43, 41, 3, 29, 27, 0, 15, 8, 107, 95, 119, 117, 81, 65, 92, 90, 59, 77, 75, 45, 55, 53, 104, 103, 88, 87, 50, 49, 56, 57, 38, 82, 44, 24, 84, 83, 64, 60, 63, 100, 96, 98, 11, 30, 31, 35, 34, 37, 20, 21, 22]",complete,78,78,1015,25,413,168,245,245,2,50,50,21,21,20,22
3,454,50,98,51,"[1, 2, 4, 5, 6, 7, 9, 10, 12, 13, 14, 16, 17, 18, 21, 22, 23, 25, 26, 28, 32, 36, 39, 40, 42, 46, 47, 48, 51, 52, 54, 58, 61, 62, 66, 67, 68, 69, 70, 71, 72, 73, 74, 76, 78, 79, 80, 85, 86, 89, 91, 93, 94, 97, 99, 101, 102, 105, 106, 108, 109, 110, 111, 112, 114, 115, 116, 118, 120, 121, 122, 123, 124, 125, 126, 127, 128, 129, 130, 131, 132, 133, 134, 135, 136, 137, 138, 139, 140, 141, 142, 143, 144, 145, 146, 147, 148, 149]","[0, 3, 8, 11, 15, 19, 20, 24, 27, 29, 30, 31, 33, 34, 35, 37, 38, 41, 43, 44, 45, 49, 50, 53, 55, 56, 57, 59, 60, 63, 64, 65, 75, 77, 81, 82, 83, 84, 87, 88, 90, 92, 95, 96, 98, 100, 103, 104, 107, 117, 119]","{""support_1"": 82, ""support_2"": 20}","[20, 82]",2,"[137, 138, 139, 140, 136, 135, 134, 133, 129, 130, 131, 132, 128, 127, 13, 14, 116, 118, 26, 28, 40, 42, 52, 54, 74, 76, 89, 91, 17, 122, 18, 32, 16, 112, 36, 99, 105, 144, 10, 145, 148, 115, 149, 102, 146, 147, 12, 58, 71, 109, 61, 67, 78, 85, 93, 143, 25, 7, 39, 51, 97, 106, 101, 120, 121, 114, 108, 110, 111, 9, 6, 1, 2, 48, 46, 47, 70, 69, 79, 80, 72, 73, 94, 66, 68, 86, 23, 126, 125, 124, 123, 141, 142, 62, 5, 4, 22, 21, 20, 37, 34, 35, 31, 30, 11, 98, 96, 100, 63, 60, 64, 83, 84, 24, 44, 82, 38, 57, 56, 49, 50, 87, 88, 103, 104, 53, 55, 45, 75, 77, 59, 90, 92, 65, 81, 117, 119, 95, 107, 8, 15, 0, 27, 29, 3, 41, 43, 19, 33]",True,1520553009,1.520553009,"[20, 37, 34, 35, 31, 30, 11, 98, 96, 100, 63, 60, 64, 83, 84, 24, 44, 82, 38, 57, 56, 49, 50, 87, 88, 103, 104, 53, 55, 45, 75, 77, 59, 90, 92, 65, 81, 117, 119, 95, 107, 8, 15, 0, 27, 29, 3, 41, 43, 19, 33]","[33, 19, 43, 41, 3, 29, 27, 0, 15, 8, 107, 95, 119, 117, 81, 65, 92, 90, 59, 77, 75, 45, 55, 53, 104, 103, 88, 87, 50, 49, 56, 57, 38, 82, 44, 24, 84, 83, 64, 60, 63, 100, 96, 98, 11, 30, 31, 35, 34, 37, 20]",complete,62,62,930,11,330,128,202,202,2,46,46,20,20,19,21
3,454,51,100,49,"[1, 2, 4, 5, 6, 7, 9, 10, 12, 13, 14, 16, 17, 18, 20, 21, 22, 23, 25, 26, 28, 32, 36, 37, 39, 40, 42, 46, 47, 48, 51, 52, 54, 58, 61, 62, 66, 67, 68, 69, 70, 71, 72, 73, 74, 76, 78, 79, 80, 85, 86, 89, 91, 93, 94, 97, 99, 101, 102, 105, 106, 108, 109, 110, 111, 112, 114, 115, 116, 118, 120, 121, 122, 123, 124, 125, 126, 127, 128, 129, 130, 131, 132, 133, 134, 135, 136, 137, 138, 139, 140, 141, 142, 143, 144, 145, 146, 147, 148, 149]","[0, 3, 8, 11, 15, 19, 24, 27, 29, 30, 31, 33, 34, 35, 38, 41, 43, 44, 45, 49, 50, 53, 55, 56, 57, 59, 60, 63, 64, 65, 75, 77, 81, 82, 83, 84, 87, 88, 90, 92, 95, 96, 98, 100, 103, 104, 107, 117, 119]","{""support_1"": 82, ""support_2"": 34}","[34, 82]",2,"[137, 138, 139, 140, 136, 135, 134, 133, 129, 130, 131, 132, 128, 127, 13, 14, 116, 118, 26, 28, 40, 42, 52, 54, 74, 76, 89, 91, 17, 122, 18, 32, 16, 112, 36, 99, 105, 144, 10, 145, 148, 115, 149, 102, 146, 147, 12, 58, 71, 109, 61, 67, 78, 85, 93, 143, 25, 7, 39, 51, 97, 106, 101, 120, 121, 114, 108, 110, 111, 9, 6, 1, 2, 48, 46, 47, 70, 69, 79, 80, 72, 73, 94, 66, 68, 86, 23, 126, 125, 124, 123, 141, 142, 62, 5, 4, 22, 21, 20, 37, 34, 35, 31, 30, 11, 98, 96, 100, 63, 60, 64, 83, 84, 24, 44, 82, 38, 57, 56, 49, 50, 87, 88, 103, 104, 53, 55, 45, 75, 77, 59, 90, 92, 65, 81, 117, 119, 95, 107, 8, 15, 0, 27, 29, 3, 41, 43, 19, 33]",True,1435777530,1.435777530,"[34, 35, 31, 30, 11, 98, 96, 100, 63, 60, 64, 83, 84, 24, 44, 82, 38, 57, 56, 49, 50, 87, 88, 103, 104, 53, 55, 45, 75, 77, 59, 90, 92, 65, 81, 117, 119, 95, 107, 8, 15, 0, 27, 29, 3, 41, 43, 19, 33]","[33, 19, 43, 41, 3, 29, 27, 0, 15, 8, 107, 95, 119, 117, 81, 65, 92, 90, 59, 77, 75, 45, 55, 53, 104, 103, 88, 87, 50, 49, 56, 57, 38, 82, 44, 24, 84, 83, 64, 60, 63, 100, 96, 98, 11, 30, 31, 35, 34]",complete,60,60,849,11,326,128,198,198,2,42,42,18,18,17,19
3,454,52,102,47,"[1, 2, 4, 5, 6, 7, 9, 10, 12, 13, 14, 16, 17, 18, 20, 21, 22, 23, 25, 26, 28, 32, 34, 35, 36, 37, 39, 40, 42, 46, 47, 48, 51, 52, 54, 58, 61, 62, 66, 67, 68, 69, 70, 71, 72, 73, 74, 76, 78, 79, 80, 85, 86, 89, 91, 93, 94, 97, 99, 101, 102, 105, 106, 108, 109, 110, 111, 112, 114, 115, 116, 118, 120, 121, 122, 123, 124, 125, 126, 127, 128, 129, 130, 131, 132, 133, 134, 135, 136, 137, 138, 139, 140, 141, 142, 143, 144, 145, 146, 147, 148, 149]","[0, 3, 8, 11, 15, 19, 24, 27, 29, 30, 31, 33, 38, 41, 43, 44, 45, 49, 50, 53, 55, 56, 57, 59, 60, 63, 64, 65, 75, 77, 81, 82, 83, 84, 87, 88, 90, 92, 95, 96, 98, 100, 103, 104, 107, 117, 119]","{""support_1"": 82}",[82],1,"[137, 138, 139, 140, 136, 135, 134, 133, 129, 130, 131, 132, 128, 127, 13, 14, 116, 118, 26, 28, 40, 42, 52, 54, 74, 76, 89, 91, 17, 122, 18, 32, 16, 112, 36, 99, 105, 144, 10, 145, 148, 115, 149, 102, 146, 147, 12, 58, 71, 109, 61, 67, 78, 85, 93, 143, 25, 7, 39, 51, 97, 106, 101, 120, 121, 114, 108, 110, 111, 9, 6, 1, 2, 48, 46, 47, 70, 69, 79, 80, 72, 73, 94, 66, 68, 86, 23, 126, 125, 124, 123, 141, 142, 62, 5, 4, 22, 21, 20, 37, 34, 35, 31, 30, 11, 98, 96, 100, 63, 60, 64, 83, 84, 24, 44, 82, 38, 57, 56, 49, 50, 87, 88, 103, 104, 53, 55, 45, 75, 77, 59, 90, 92, 65, 81, 117, 119, 95, 107, 8, 15, 0, 27, 29, 3, 41, 43, 19, 33]",True,1443148496,1.443148496,"[31, 30, 11, 98, 96, 100, 63, 60, 64, 83, 84, 24, 44, 82, 38, 57, 56, 49, 50, 87, 88, 103, 104, 53, 55, 45, 75, 77, 59, 90, 92, 65, 81, 117, 119, 95, 107, 8, 15, 0, 27, 29, 3, 41, 43, 19, 33]","[33, 19, 43, 41, 3, 29, 27, 0, 15, 8, 107, 95, 119, 117, 81, 65, 92, 90, 59, 77, 75, 45, 55, 53, 104, 103, 88, 87, 50, 49, 56, 57, 38, 82, 44, 24, 84, 83, 64, 60, 63, 100, 96, 98, 11, 30, 31]",complete,58,58,772,11,323,128,195,195,2,39,39,17,17,16,17
3,454,53,104,45,"[1, 2, 4, 5, 6, 7, 9, 10, 12, 13, 14, 16, 17, 18, 20, 21, 22, 23, 25, 26, 28, 30, 31, 32, 34, 35, 36, 37, 39, 40, 42, 46, 47, 48, 51, 52, 54, 58, 61, 62, 66, 67, 68, 69, 70, 71, 72, 73, 74, 76, 78, 79, 80, 85, 86, 89, 91, 93, 94, 97, 99, 101, 102, 105, 106, 108, 109, 110, 111, 112, 114, 115, 116, 118, 120, 121, 122, 123, 124, 125, 126, 127, 128, 129, 130, 131, 132, 133, 134, 135, 136, 137, 138, 139, 140, 141, 142, 143, 144, 145, 146, 147, 148, 149]","[0, 3, 8, 11, 15, 19, 24, 27, 29, 33, 38, 41, 43, 44, 45, 49, 50, 53, 55, 56, 57, 59, 60, 63, 64, 65, 75, 77, 81, 82, 83, 84, 87, 88, 90, 92, 95, 96, 98, 100, 103, 104, 107, 117, 119]","{""support_1"": 82, ""support_2"": 11}","[11, 82]",2,"[137, 138, 139, 140, 136, 135, 134, 133, 129, 130, 131, 132, 128, 127, 13, 14, 116, 118, 26, 28, 40, 42, 52, 54, 74, 76, 89, 91, 17, 122, 18, 32, 16, 112, 36, 99, 105, 144, 10, 145, 148, 115, 149, 102, 146, 147, 12, 58, 71, 109, 61, 67, 78, 85, 93, 143, 25, 7, 39, 51, 97, 106, 101, 120, 121, 114, 108, 110, 111, 9, 6, 1, 2, 48, 46, 47, 70, 69, 79, 80, 72, 73, 94, 66, 68, 86, 23, 126, 125, 124, 123, 141, 142, 62, 5, 4, 22, 21, 20, 37, 34, 35, 31, 30, 11, 98, 96, 100, 63, 60, 64, 83, 84, 24, 44, 82, 38, 57, 56, 49, 50, 87, 88, 103, 104, 53, 55, 45, 75, 77, 59, 90, 92, 65, 81, 117, 119, 95, 107, 8, 15, 0, 27, 29, 3, 41, 43, 19, 33]",True,751991849,0.751991849,"[11, 98, 96, 100, 63, 60, 64, 83, 84, 24, 44, 82, 38, 57, 56, 49, 50, 87, 88, 103, 104, 53, 55, 45, 75, 77, 59, 90, 92, 65, 81, 117, 119, 95, 107, 8, 15, 0, 27, 29, 3, 41, 43, 19, 33]","[33, 19, 43, 41, 3, 29, 27, 0, 15, 8, 107, 95, 119, 117, 81, 65, 92, 90, 59, 77, 75, 45, 55, 53, 104, 103, 88, 87, 50, 49, 56, 57, 38, 82, 44, 24, 84, 83, 64, 60, 63, 100, 96, 98, 11]",complete,53,53,699,8,198,67,131,131,2,35,35,16,16,15,17
3,454,54,106,43,"[1, 2, 4, 5, 6, 7, 9, 10, 11, 12, 13, 14, 16, 17, 18, 20, 21, 22, 23, 25, 26, 28, 30, 31, 32, 34, 35, 36, 37, 39, 40, 42, 46, 47, 48, 51, 52, 54, 58, 61, 62, 66, 67, 68, 69, 70, 71, 72, 73, 74, 76, 78, 79, 80, 85, 86, 89, 91, 93, 94, 97, 98, 99, 101, 102, 105, 106, 108, 109, 110, 111, 112, 114, 115, 116, 118, 120, 121, 122, 123, 124, 125, 126, 127, 128, 129, 130, 131, 132, 133, 134, 135, 136, 137, 138, 139, 140, 141, 142, 143, 144, 145, 146, 147, 148, 149]","[0, 3, 8, 15, 19, 24, 27, 29, 33, 38, 41, 43, 44, 45, 49, 50, 53, 55, 56, 57, 59, 60, 63, 64, 65, 75, 77, 81, 82, 83, 84, 87, 88, 90, 92, 95, 96, 100, 103, 104, 107, 117, 119]","{""support_1"": 82, ""support_2"": 96}","[82, 96]",2,"[137, 138, 139, 140, 136, 135, 134, 133, 129, 130, 131, 132, 128, 127, 13, 14, 116, 118, 26, 28, 40, 42, 52, 54, 74, 76, 89, 91, 17, 122, 18, 32, 16, 112, 36, 99, 105, 144, 10, 145, 148, 115, 149, 102, 146, 147, 12, 58, 71, 109, 61, 67, 78, 85, 93, 143, 25, 7, 39, 51, 97, 106, 101, 120, 121, 114, 108, 110, 111, 9, 6, 1, 2, 48, 46, 47, 70, 69, 79, 80, 72, 73, 94, 66, 68, 86, 23, 126, 125, 124, 123, 141, 142, 62, 5, 4, 22, 21, 20, 37, 34, 35, 31, 30, 11, 98, 96, 100, 63, 60, 64, 83, 84, 24, 44, 82, 38, 57, 56, 49, 50, 87, 88, 103, 104, 53, 55, 45, 75, 77, 59, 90, 92, 65, 81, 117, 119, 95, 107, 8, 15, 0, 27, 29, 3, 41, 43, 19, 33]",True,738251900,0.738251900,"[96, 100, 63, 60, 64, 83, 84, 24, 44, 82, 38, 57, 56, 49, 50, 87, 88, 103, 104, 53, 55, 45, 75, 77, 59, 90, 92, 65, 81, 117, 119, 95, 107, 8, 15, 0, 27, 29, 3, 41, 43, 19, 33]","[33, 19, 43, 41, 3, 29, 27, 0, 15, 8, 107, 95, 119, 117, 81, 65, 92, 90, 59, 77, 75, 45, 55, 53, 104, 103, 88, 87, 50, 49, 56, 57, 38, 82, 44, 24, 84, 83, 64, 60, 63, 100, 96]",complete,51,51,630,8,194,67,127,127,2,31,31,14,14,13,15
3,454,55,108,41,"[1, 2, 4, 5, 6, 7, 9, 10, 11, 12, 13, 14, 16, 17, 18, 20, 21, 22, 23, 25, 26, 28, 30, 31, 32, 34, 35, 36, 37, 39, 40, 42, 46, 47, 48, 51, 52, 54, 58, 61, 62, 66, 67, 68, 69, 70, 71, 72, 73, 74, 76, 78, 79, 80, 85, 86, 89, 91, 93, 94, 96, 97, 98, 99, 100, 101, 102, 105, 106, 108, 109, 110, 111, 112, 114, 115, 116, 118, 120, 121, 122, 123, 124, 125, 126, 127, 128, 129, 130, 131, 132, 133, 134, 135, 136, 137, 138, 139, 140, 141, 142, 143, 144, 145, 146, 147, 148, 149]","[0, 3, 8, 15, 19, 24, 27, 29, 33, 38, 41, 43, 44, 45, 49, 50, 53, 55, 56, 57, 59, 60, 63, 64, 65, 75, 77, 81, 82, 83, 84, 87, 88, 90, 92, 95, 103, 104, 107, 117, 119]","{""support_1"": 82}",[82],1,"[137, 138, 139, 140, 136, 135, 134, 133, 129, 130, 131, 132, 128, 127, 13, 14, 116, 118, 26, 28, 40, 42, 52, 54, 74, 76, 89, 91, 17, 122, 18, 32, 16, 112, 36, 99, 105, 144, 10, 145, 148, 115, 149, 102, 146, 147, 12, 58, 71, 109, 61, 67, 78, 85, 93, 143, 25, 7, 39, 51, 97, 106, 101, 120, 121, 114, 108, 110, 111, 9, 6, 1, 2, 48, 46, 47, 70, 69, 79, 80, 72, 73, 94, 66, 68, 86, 23, 126, 125, 124, 123, 141, 142, 62, 5, 4, 22, 21, 20, 37, 34, 35, 31, 30, 11, 98, 96, 100, 63, 60, 64, 83, 84, 24, 44, 82, 38, 57, 56, 49, 50, 87, 88, 103, 104, 53, 55, 45, 75, 77, 59, 90, 92, 65, 81, 117, 119, 95, 107, 8, 15, 0, 27, 29, 3, 41, 43, 19, 33]",True,704631906,0.704631906,"[63, 60, 64, 83, 84, 24, 44, 82, 38, 57, 56, 49, 50, 87, 88, 103, 104, 53, 55, 45, 75, 77, 59, 90, 92, 65, 81, 117, 119, 95, 107, 8, 15, 0, 27, 29, 3, 41, 43, 19, 33]","[33, 19, 43, 41, 3, 29, 27, 0, 15, 8, 107, 95, 119, 117, 81, 65, 92, 90, 59, 77, 75, 45, 55, 53, 104, 103, 88, 87, 50, 49, 56, 57, 38, 82, 44, 24, 84, 83, 64, 60, 63]",complete,49,49,565,8,191,67,124,124,2,28,28,13,13,12,13
3,454,56,110,39,"[1, 2, 4, 5, 6, 7, 9, 10, 11, 12, 13, 14, 16, 17, 18, 20, 21, 22, 23, 25, 26, 28, 30, 31, 32, 34, 35, 36, 37, 39, 40, 42, 46, 47, 48, 51, 52, 54, 58, 60, 61, 62, 63, 66, 67, 68, 69, 70, 71, 72, 73, 74, 76, 78, 79, 80, 85, 86, 89, 91, 93, 94, 96, 97, 98, 99, 100, 101, 102, 105, 106, 108, 109, 110, 111, 112, 114, 115, 116, 118, 120, 121, 122, 123, 124, 125, 126, 127, 128, 129, 130, 131, 132, 133, 134, 135, 136, 137, 138, 139, 140, 141, 142, 143, 144, 145, 146, 147, 148, 149]","[0, 3, 8, 15, 19, 24, 27, 29, 33, 38, 41, 43, 44, 45, 49, 50, 53, 55, 56, 57, 59, 64, 65, 75, 77, 81, 82, 83, 84, 87, 88, 90, 92, 95, 103, 104, 107, 117, 119]","{""support_1"": 82, ""support_2"": 64}","[64, 82]",2,"[137, 138, 139, 140, 136, 135, 134, 133, 129, 130, 131, 132, 128, 127, 13, 14, 116, 118, 26, 28, 40, 42, 52, 54, 74, 76, 89, 91, 17, 122, 18, 32, 16, 112, 36, 99, 105, 144, 10, 145, 148, 115, 149, 102, 146, 147, 12, 58, 71, 109, 61, 67, 78, 85, 93, 143, 25, 7, 39, 51, 97, 106, 101, 120, 121, 114, 108, 110, 111, 9, 6, 1, 2, 48, 46, 47, 70, 69, 79, 80, 72, 73, 94, 66, 68, 86, 23, 126, 125, 124, 123, 141, 142, 62, 5, 4, 22, 21, 20, 37, 34, 35, 31, 30, 11, 98, 96, 100, 63, 60, 64, 83, 84, 24, 44, 82, 38, 57, 56, 49, 50, 87, 88, 103, 104, 53, 55, 45, 75, 77, 59, 90, 92, 65, 81, 117, 119, 95, 107, 8, 15, 0, 27, 29, 3, 41, 43, 19, 33]",True,507938989,0.507938989,"[64, 83, 84, 24, 44, 82, 38, 57, 56, 49, 50, 87, 88, 103, 104, 53, 55, 45, 75, 77, 59, 90, 92, 65, 81, 117, 119, 95, 107, 8, 15, 0, 27, 29, 3, 41, 43, 19, 33]","[33, 19, 43, 41, 3, 29, 27, 0, 15, 8, 107, 95, 119, 117, 81, 65, 92, 90, 59, 77, 75, 45, 55, 53, 104, 103, 88, 87, 50, 49, 56, 57, 38, 82, 44, 24, 84, 83, 64]",complete,46,46,504,7,143,45,98,98,2,24,24,11,11,10,12
3,454,57,112,37,"[1, 2, 4, 5, 6, 7, 9, 10, 11, 12, 13, 14, 16, 17, 18, 20, 21, 22, 23, 25, 26, 28, 30, 31, 32, 34, 35, 36, 37, 39, 40, 42, 46, 47, 48, 51, 52, 54, 58, 60, 61, 62, 63, 64, 66, 67, 68, 69, 70, 71, 72, 73, 74, 76, 78, 79, 80, 83, 85, 86, 89, 91, 93, 94, 96, 97, 98, 99, 100, 101, 102, 105, 106, 108, 109, 110, 111, 112, 114, 115, 116, 118, 120, 121, 122, 123, 124, 125, 126, 127, 128, 129, 130, 131, 132, 133, 134, 135, 136, 137, 138, 139, 140, 141, 142, 143, 144, 145, 146, 147, 148, 149]","[0, 3, 8, 15, 19, 24, 27, 29, 33, 38, 41, 43, 44, 45, 49, 50, 53, 55, 56, 57, 59, 65, 75, 77, 81, 82, 84, 87, 88, 90, 92, 95, 103, 104, 107, 117, 119]","{""support_1"": 82, ""support_2"": 24}","[24, 82]",2,"[137, 138, 139, 140, 136, 135, 134, 133, 129, 130, 131, 132, 128, 127, 13, 14, 116, 118, 26, 28, 40, 42, 52, 54, 74, 76, 89, 91, 17, 122, 18, 32, 16, 112, 36, 99, 105, 144, 10, 145, 148, 115, 149, 102, 146, 147, 12, 58, 71, 109, 61, 67, 78, 85, 93, 143, 25, 7, 39, 51, 97, 106, 101, 120, 121, 114, 108, 110, 111, 9, 6, 1, 2, 48, 46, 47, 70, 69, 79, 80, 72, 73, 94, 66, 68, 86, 23, 126, 125, 124, 123, 141, 142, 62, 5, 4, 22, 21, 20, 37, 34, 35, 31, 30, 11, 98, 96, 100, 63, 60, 64, 83, 84, 24, 44, 82, 38, 57, 56, 49, 50, 87, 88, 103, 104, 53, 55, 45, 75, 77, 59, 90, 92, 65, 81, 117, 119, 95, 107, 8, 15, 0, 27, 29, 3, 41, 43, 19, 33]",True,338605430,0.338605430,"[84, 24, 44, 82, 38, 57, 56, 49, 50, 87, 88, 103, 104, 53, 55, 45, 75, 77, 59, 90, 92, 65, 81, 117, 119, 95, 107, 8, 15, 0, 27, 29, 3, 41, 43, 19, 33]","[33, 19, 43, 41, 3, 29, 27, 0, 15, 8, 107, 95, 119, 117, 81, 65, 92, 90, 59, 77, 75, 45, 55, 53, 104, 103, 88, 87, 50, 49, 56, 57, 38, 82, 44, 24, 84]",complete,43,43,447,6,102,26,76,76,2,21,21,11,11,9,11
3,454,58,114,35,"[1, 2, 4, 5, 6, 7, 9, 10, 11, 12, 13, 14, 16, 17, 18, 20, 21, 22, 23, 24, 25, 26, 28, 30, 31, 32, 34, 35, 36, 37, 39, 40, 42, 46, 47, 48, 51, 52, 54, 58, 60, 61, 62, 63, 64, 66, 67, 68, 69, 70, 71, 72, 73, 74, 76, 78, 79, 80, 83, 84, 85, 86, 89, 91, 93, 94, 96, 97, 98, 99, 100, 101, 102, 105, 106, 108, 109, 110, 111, 112, 114, 115, 116, 118, 120, 121, 122, 123, 124, 125, 126, 127, 128, 129, 130, 131, 132, 133, 134, 135, 136, 137, 138, 139, 140, 141, 142, 143, 144, 145, 146, 147, 148, 149]","[0, 3, 8, 15, 19, 27, 29, 33, 38, 41, 43, 44, 45, 49, 50, 53, 55, 56, 57, 59, 65, 75, 77, 81, 82, 87, 88, 90, 92, 95, 103, 104, 107, 117, 119]","{""support_1"": 82, ""support_2"": 44}","[44, 82]",2,"[137, 138, 139, 140, 136, 135, 134, 133, 129, 130, 131, 132, 128, 127, 13, 14, 116, 118, 26, 28, 40, 42, 52, 54, 74, 76, 89, 91, 17, 122, 18, 32, 16, 112, 36, 99, 105, 144, 10, 145, 148, 115, 149, 102, 146, 147, 12, 58, 71, 109, 61, 67, 78, 85, 93, 143, 25, 7, 39, 51, 97, 106, 101, 120, 121, 114, 108, 110, 111, 9, 6, 1, 2, 48, 46, 47, 70, 69, 79, 80, 72, 73, 94, 66, 68, 86, 23, 126, 125, 124, 123, 141, 142, 62, 5, 4, 22, 21, 20, 37, 34, 35, 31, 30, 11, 98, 96, 100, 63, 60, 64, 83, 84, 24, 44, 82, 38, 57, 56, 49, 50, 87, 88, 103, 104, 53, 55, 45, 75, 77, 59, 90, 92, 65, 81, 117, 119, 95, 107, 8, 15, 0, 27, 29, 3, 41, 43, 19, 33]",True,218495678,0.218495678,"[44, 82, 38, 57, 56, 49, 50, 87, 88, 103, 104, 53, 55, 45, 75, 77, 59, 90, 92, 65, 81, 117, 119, 95, 107, 8, 15, 0, 27, 29, 3, 41, 43, 19, 33]","[33, 19, 43, 41, 3, 29, 27, 0, 15, 8, 107, 95, 119, 117, 81, 65, 92, 90, 59, 77, 75, 45, 55, 53, 104, 103, 88, 87, 50, 49, 56, 57, 38, 82, 44]",complete,37,37,394,2,67,10,57,57,2,17,17,9,9,8,10
3,454,59,116,33,"[1, 2, 4, 5, 6, 7, 9, 10, 11, 12, 13, 14, 16, 17, 18, 20, 21, 22, 23, 24, 25, 26, 28, 30, 31, 32, 34, 35, 36, 37, 39, 40, 42, 44, 46, 47, 48, 51, 52, 54, 58, 60, 61, 62, 63, 64, 66, 67, 68, 69, 70, 71, 72, 73, 74, 76, 78, 79, 80, 82, 83, 84, 85, 86, 89, 91, 93, 94, 96, 97, 98, 99, 100, 101, 102, 105, 106, 108, 109, 110, 111, 112, 114, 115, 116, 118, 120, 121, 122, 123, 124, 125, 126, 127, 128, 129, 130, 131, 132, 133, 134, 135, 136, 137, 138, 139, 140, 141, 142, 143, 144, 145, 146, 147, 148, 149]","[0, 3, 8, 15, 19, 27, 29, 33, 38, 41, 43, 45, 49, 50, 53, 55, 56, 57, 59, 65, 75, 77, 81, 87, 88, 90, 92, 95, 103, 104, 107, 117, 119]","{""support_1"": 88, ""support_2"": 38}","[38, 88]",2,"[137, 138, 139, 140, 136, 135, 134, 133, 129, 130, 131, 132, 128, 127, 13, 14, 116, 118, 26, 28, 40, 42, 52, 54, 74, 76, 89, 91, 17, 122, 18, 32, 16, 112, 36, 99, 105, 144, 10, 145, 148, 115, 149, 102, 146, 147, 12, 58, 71, 109, 61, 67, 78, 85, 93, 143, 25, 7, 39, 51, 97, 106, 101, 120, 121, 114, 108, 110, 111, 9, 6, 1, 2, 48, 46, 47, 70, 69, 79, 80, 72, 73, 94, 66, 68, 86, 23, 126, 125, 124, 123, 141, 142, 62, 5, 4, 22, 21, 20, 37, 34, 35, 31, 30, 11, 98, 96, 100, 63, 60, 64, 83, 84, 24, 44, 82, 38, 57, 56, 49, 50, 87, 88, 103, 104, 53, 55, 45, 75, 77, 59, 90, 92, 65, 81, 117, 119, 95, 107, 8, 15, 0, 27, 29, 3, 41, 43, 19, 33]",True,209984127,0.209984127,"[38, 57, 56, 49, 50, 87, 88, 103, 104, 53, 55, 45, 75, 77, 59, 90, 92, 65, 81, 117, 119, 95, 107, 8, 15, 0, 27, 29, 3, 41, 43, 19, 33]","[33, 19, 43, 41, 3, 29, 27, 0, 15, 8, 107, 95, 119, 117, 81, 65, 92, 90, 59, 77, 75, 45, 55, 53, 104, 103, 88, 87, 50, 49, 56, 57, 38]",complete,35,35,345,2,63,10,53,53,2,13,13,7,7,6,8
3,454,60,118,31,"[1, 2, 4, 5, 6, 7, 9, 10, 11, 12, 13, 14, 16, 17, 18, 20, 21, 22, 23, 24, 25, 26, 28, 30, 31, 32, 34, 35, 36, 37, 38, 39, 40, 42, 44, 46, 47, 48, 51, 52, 54, 57, 58, 60, 61, 62, 63, 64, 66, 67, 68, 69, 70, 71, 72, 73, 74, 76, 78, 79, 80, 82, 83, 84, 85, 86, 89, 91, 93, 94, 96, 97, 98, 99, 100, 101, 102, 105, 106, 108, 109, 110, 111, 112, 114, 115, 116, 118, 120, 121, 122, 123, 124, 125, 126, 127, 128, 129, 130, 131, 132, 133, 134, 135, 136, 137, 138, 139, 140, 141, 142, 143, 144, 145, 146, 147, 148, 149]","[0, 3, 8, 15, 19, 27, 29, 33, 41, 43, 45, 49, 50, 53, 55, 56, 59, 65, 75, 77, 81, 87, 88, 90, 92, 95, 103, 104, 107, 117, 119]","{""support_1"": 88, ""support_2"": 56}","[56, 88]",2,"[137, 138, 139, 140, 136, 135, 134, 133, 129, 130, 131, 132, 128, 127, 13, 14, 116, 118, 26, 28, 40, 42, 52, 54, 74, 76, 89, 91, 17, 122, 18, 32, 16, 112, 36, 99, 105, 144, 10, 145, 148, 115, 149, 102, 146, 147, 12, 58, 71, 109, 61, 67, 78, 85, 93, 143, 25, 7, 39, 51, 97, 106, 101, 120, 121, 114, 108, 110, 111, 9, 6, 1, 2, 48, 46, 47, 70, 69, 79, 80, 72, 73, 94, 66, 68, 86, 23, 126, 125, 124, 123, 141, 142, 62, 5, 4, 22, 21, 20, 37, 34, 35, 31, 30, 11, 98, 96, 100, 63, 60, 64, 83, 84, 24, 44, 82, 38, 57, 56, 49, 50, 87, 88, 103, 104, 53, 55, 45, 75, 77, 59, 90, 92, 65, 81, 117, 119, 95, 107, 8, 15, 0, 27, 29, 3, 41, 43, 19, 33]",True,143771095,0.143771095,"[56, 49, 50, 87, 88, 103, 104, 53, 55, 45, 75, 77, 59, 90, 92, 65, 81, 117, 119, 95, 107, 8, 15, 0, 27, 29, 3, 41, 43, 19, 33]","[33, 19, 43, 41, 3, 29, 27, 0, 15, 8, 107, 95, 119, 117, 81, 65, 92, 90, 59, 77, 75, 45, 55, 53, 104, 103, 88, 87, 50, 49, 56]",complete,32,32,300,1,50,6,44,44,2,9,9,5,5,4,6
3,454,61,120,29,"[1, 2, 4, 5, 6, 7, 9, 10, 11, 12, 13, 14, 16, 17, 18, 20, 21, 22, 23, 24, 25, 26, 28, 30, 31, 32, 34, 35, 36, 37, 38, 39, 40, 42, 44, 46, 47, 48, 49, 51, 52, 54, 56, 57, 58, 60, 61, 62, 63, 64, 66, 67, 68, 69, 70, 71, 72, 73, 74, 76, 78, 79, 80, 82, 83, 84, 85, 86, 89, 91, 93, 94, 96, 97, 98, 99, 100, 101, 102, 105, 106, 108, 109, 110, 111, 112, 114, 115, 116, 118, 120, 121, 122, 123, 124, 125, 126, 127, 128, 129, 130, 131, 132, 133, 134, 135, 136, 137, 138, 139, 140, 141, 142, 143, 144, 145, 146, 147, 148, 149]","[0, 3, 8, 15, 19, 27, 29, 33, 41, 43, 45, 50, 53, 55, 59, 65, 75, 77, 81, 87, 88, 90, 92, 95, 103, 104, 107, 117, 119]","{""support_1"": 88, ""support_2"": 50}","[50, 88]",2,"[137, 138, 139, 140, 136, 135, 134, 133, 129, 130, 131, 132, 128, 127, 13, 14, 116, 118, 26, 28, 40, 42, 52, 54, 74, 76, 89, 91, 17, 122, 18, 32, 16, 112, 36, 99, 105, 144, 10, 145, 148, 115, 149, 102, 146, 147, 12, 58, 71, 109, 61, 67, 78, 85, 93, 143, 25, 7, 39, 51, 97, 106, 101, 120, 121, 114, 108, 110, 111, 9, 6, 1, 2, 48, 46, 47, 70, 69, 79, 80, 72, 73, 94, 66, 68, 86, 23, 126, 125, 124, 123, 141, 142, 62, 5, 4, 22, 21, 20, 37, 34, 35, 31, 30, 11, 98, 96, 100, 63, 60, 64, 83, 84, 24, 44, 82, 38, 57, 56, 49, 50, 87, 88, 103, 104, 53, 55, 45, 75, 77, 59, 90, 92, 65, 81, 117, 119, 95, 107, 8, 15, 0, 27, 29, 3, 41, 43, 19, 33]",True,125406570,0.125406570,"[50, 87, 88, 103, 104, 53, 55, 45, 75, 77, 59, 90, 92, 65, 81, 117, 119, 95, 107, 8, 15, 0, 27, 29, 3, 41, 43, 19, 33]","[33, 19, 43, 41, 3, 29, 27, 0, 15, 8, 107, 95, 119, 117, 81, 65, 92, 90, 59, 77, 75, 45, 55, 53, 104, 103, 88, 87, 50]",complete,30,30,259,1,46,6,40,40,2,5,5,3,3,2,4
3,454,62,122,27,"[1, 2, 4, 5, 6, 7, 9, 10, 11, 12, 13, 14, 16, 17, 18, 20, 21, 22, 23, 24, 25, 26, 28, 30, 31, 32, 34, 35, 36, 37, 38, 39, 40, 42, 44, 46, 47, 48, 49, 50, 51, 52, 54, 56, 57, 58, 60, 61, 62, 63, 64, 66, 67, 68, 69, 70, 71, 72, 73, 74, 76, 78, 79, 80, 82, 83, 84, 85, 86, 87, 89, 91, 93, 94, 96, 97, 98, 99, 100, 101, 102, 105, 106, 108, 109, 110, 111, 112, 114, 115, 116, 118, 120, 121, 122, 123, 124, 125, 126, 127, 128, 129, 130, 131, 132, 133, 134, 135, 136, 137, 138, 139, 140, 141, 142, 143, 144, 145, 146, 147, 148, 149]","[0, 3, 8, 15, 19, 27, 29, 33, 41, 43, 45, 53, 55, 59, 65, 75, 77, 81, 88, 90, 92, 95, 103, 104, 107, 117, 119]","{""support_1"": 88}",[88],1,"[137, 138, 139, 140, 136, 135, 134, 133, 129, 130, 131, 132, 128, 127, 13, 14, 116, 118, 26, 28, 40, 42, 52, 54, 74, 76, 89, 91, 17, 122, 18, 32, 16, 112, 36, 99, 105, 144, 10, 145, 148, 115, 149, 102, 146, 147, 12, 58, 71, 109, 61, 67, 78, 85, 93, 143, 25, 7, 39, 51, 97, 106, 101, 120, 121, 114, 108, 110, 111, 9, 6, 1, 2, 48, 46, 47, 70, 69, 79, 80, 72, 73, 94, 66, 68, 86, 23, 126, 125, 124, 123, 141, 142, 62, 5, 4, 22, 21, 20, 37, 34, 35, 31, 30, 11, 98, 96, 100, 63, 60, 64, 83, 84, 24, 44, 82, 38, 57, 56, 49, 50, 87, 88, 103, 104, 53, 55, 45, 75, 77, 59, 90, 92, 65, 81, 117, 119, 95, 107, 8, 15, 0, 27, 29, 3, 41, 43, 19, 33]",True,86648143,0.086648143,"[88, 103, 104, 53, 55, 45, 75, 77, 59, 90, 92, 65, 81, 117, 119, 95, 107, 8, 15, 0, 27, 29, 3, 41, 43, 19, 33]","[33, 19, 43, 41, 3, 29, 27, 0, 15, 8, 107, 95, 119, 117, 81, 65, 92, 90, 59, 77, 75, 45, 55, 53, 104, 103, 88]",complete,27,27,222,0,32,0,32,32,2,3,3,2,2,2,3
3,454,63,124,25,"[1, 2, 4, 5, 6, 7, 9, 10, 11, 12, 13, 14, 16, 17, 18, 20, 21, 22, 23, 24, 25, 26, 28, 30, 31, 32, 34, 35, 36, 37, 38, 39, 40, 42, 44, 46, 47, 48, 49, 50, 51, 52, 54, 56, 57, 58, 60, 61, 62, 63, 64, 66, 67, 68, 69, 70, 71, 72, 73, 74, 76, 78, 79, 80, 82, 83, 84, 85, 86, 87, 88, 89, 91, 93, 94, 96, 97, 98, 99, 100, 101, 102, 103, 105, 106, 108, 109, 110, 111, 112, 114, 115, 116, 118, 120, 121, 122, 123, 124, 125, 126, 127, 128, 129, 130, 131, 132, 133, 134, 135, 136, 137, 138, 139, 140, 141, 142, 143, 144, 145, 146, 147, 148, 149]","[0, 3, 8, 15, 19, 27, 29, 33, 41, 43, 45, 53, 55, 59, 65, 75, 77, 81, 90, 92, 95, 104, 107, 117, 119]","{""support_2"": 104}",[104],1,"[137, 138, 139, 140, 136, 135, 134, 133, 129, 130, 131, 132, 128, 127, 13, 14, 116, 118, 26, 28, 40, 42, 52, 54, 74, 76, 89, 91, 17, 122, 18, 32, 16, 112, 36, 99, 105, 144, 10, 145, 148, 115, 149, 102, 146, 147, 12, 58, 71, 109, 61, 67, 78, 85, 93, 143, 25, 7, 39, 51, 97, 106, 101, 120, 121, 114, 108, 110, 111, 9, 6, 1, 2, 48, 46, 47, 70, 69, 79, 80, 72, 73, 94, 66, 68, 86, 23, 126, 125, 124, 123, 141, 142, 62, 5, 4, 22, 21, 20, 37, 34, 35, 31, 30, 11, 98, 96, 100, 63, 60, 64, 83, 84, 24, 44, 82, 38, 57, 56, 49, 50, 87, 88, 103, 104, 53, 55, 45, 75, 77, 59, 90, 92, 65, 81, 117, 119, 95, 107, 8, 15, 0, 27, 29, 3, 41, 43, 19, 33]",True,65061916,0.065061916,"[104, 53, 55, 45, 75, 77, 59, 90, 92, 65, 81, 117, 119, 95, 107, 8, 15, 0, 27, 29, 3, 41, 43, 19, 33]","[33, 19, 43, 41, 3, 29, 27, 0, 15, 8, 107, 95, 119, 117, 81, 65, 92, 90, 59, 77, 75, 45, 55, 53, 104]",complete,25,25,189,0,27,0,27,27,0,0,0,0,0,0,1
3,454,64,126,23,"[1, 2, 4, 5, 6, 7, 9, 10, 11, 12, 13, 14, 16, 17, 18, 20, 21, 22, 23, 24, 25, 26, 28, 30, 31, 32, 34, 35, 36, 37, 38, 39, 40, 42, 44, 46, 47, 48, 49, 50, 51, 52, 53, 54, 56, 57, 58, 60, 61, 62, 63, 64, 66, 67, 68, 69, 70, 71, 72, 73, 74, 76, 78, 79, 80, 82, 83, 84, 85, 86, 87, 88, 89, 91, 93, 94, 96, 97, 98, 99, 100, 101, 102, 103, 104, 105, 106, 108, 109, 110, 111, 112, 114, 115, 116, 118, 120, 121, 122, 123, 124, 125, 126, 127, 128, 129, 130, 131, 132, 133, 134, 135, 136, 137, 138, 139, 140, 141, 142, 143, 144, 145, 146, 147, 148, 149]","[0, 3, 8, 15, 19, 27, 29, 33, 41, 43, 45, 55, 59, 65, 75, 77, 81, 90, 92, 95, 107, 117, 119]",{},[],0,"[137, 138, 139, 140, 136, 135, 134, 133, 129, 130, 131, 132, 128, 127, 13, 14, 116, 118, 26, 28, 40, 42, 52, 54, 74, 76, 89, 91, 17, 122, 18, 32, 16, 112, 36, 99, 105, 144, 10, 145, 148, 115, 149, 102, 146, 147, 12, 58, 71, 109, 61, 67, 78, 85, 93, 143, 25, 7, 39, 51, 97, 106, 101, 120, 121, 114, 108, 110, 111, 9, 6, 1, 2, 48, 46, 47, 70, 69, 79, 80, 72, 73, 94, 66, 68, 86, 23, 126, 125, 124, 123, 141, 142, 62, 5, 4, 22, 21, 20, 37, 34, 35, 31, 30, 11, 98, 96, 100, 63, 60, 64, 83, 84, 24, 44, 82, 38, 57, 56, 49, 50, 87, 88, 103, 104, 53, 55, 45, 75, 77, 59, 90, 92, 65, 81, 117, 119, 95, 107, 8, 15, 0, 27, 29, 3, 41, 43, 19, 33]",True,54043074,0.054043074,"[55, 45, 75, 77, 59, 90, 92, 65, 81, 117, 119, 95, 107, 8, 15, 0, 27, 29, 3, 41, 43, 19, 33]","[33, 19, 43, 41, 3, 29, 27, 0, 15, 8, 107, 95, 119, 117, 81, 65, 92, 90, 59, 77, 75, 45, 55]",complete,23,23,160,0,24,0,24,24,0,0,0,0,0,0,0
3,454,65,128,21,"[1, 2, 4, 5, 6, 7, 9, 10, 11, 12, 13, 14, 16, 17, 18, 20, 21, 22, 23, 24, 25, 26, 28, 30, 31, 32, 34, 35, 36, 37, 38, 39, 40, 42, 44, 45, 46, 47, 48, 49, 50, 51, 52, 53, 54, 55, 56, 57, 58, 60, 61, 62, 63, 64, 66, 67, 68, 69, 70, 71, 72, 73, 74, 76, 78, 79, 80, 82, 83, 84, 85, 86, 87, 88, 89, 91, 93, 94, 96, 97, 98, 99, 100, 101, 102, 103, 104, 105, 106, 108, 109, 110, 111, 112, 114, 115, 116, 118, 120, 121, 122, 123, 124, 125, 126, 127, 128, 129, 130, 131, 132, 133, 134, 135, 136, 137, 138, 139, 140, 141, 142, 143, 144, 145, 146, 147, 148, 149]","[0, 3, 8, 15, 19, 27, 29, 33, 41, 43, 59, 65, 75, 77, 81, 90, 92, 95, 107, 117, 119]",{},[],0,"[137, 138, 139, 140, 136, 135, 134, 133, 129, 130, 131, 132, 128, 127, 13, 14, 116, 118, 26, 28, 40, 42, 52, 54, 74, 76, 89, 91, 17, 122, 18, 32, 16, 112, 36, 99, 105, 144, 10, 145, 148, 115, 149, 102, 146, 147, 12, 58, 71, 109, 61, 67, 78, 85, 93, 143, 25, 7, 39, 51, 97, 106, 101, 120, 121, 114, 108, 110, 111, 9, 6, 1, 2, 48, 46, 47, 70, 69, 79, 80, 72, 73, 94, 66, 68, 86, 23, 126, 125, 124, 123, 141, 142, 62, 5, 4, 22, 21, 20, 37, 34, 35, 31, 30, 11, 98, 96, 100, 63, 60, 64, 83, 84, 24, 44, 82, 38, 57, 56, 49, 50, 87, 88, 103, 104, 53, 55, 45, 75, 77, 59, 90, 92, 65, 81, 117, 119, 95, 107, 8, 15, 0, 27, 29, 3, 41, 43, 19, 33]",True,45276266,0.045276266,"[75, 77, 59, 90, 92, 65, 81, 117, 119, 95, 107, 8, 15, 0, 27, 29, 3, 41, 43, 19, 33]","[33, 19, 43, 41, 3, 29, 27, 0, 15, 8, 107, 95, 119, 117, 81, 65, 92, 90, 59, 77, 75]",complete,21,21,134,0,22,0,22,22,0,0,0,0,0,0,0
3,454,66,130,19,"[1, 2, 4, 5, 6, 7, 9, 10, 11, 12, 13, 14, 16, 17, 18, 20, 21, 22, 23, 24, 25, 26, 28, 30, 31, 32, 34, 35, 36, 37, 38, 39, 40, 42, 44, 45, 46, 47, 48, 49, 50, 51, 52, 53, 54, 55, 56, 57, 58, 60, 61, 62, 63, 64, 66, 67, 68, 69, 70, 71, 72, 73, 74, 75, 76, 77, 78, 79, 80, 82, 83, 84, 85, 86, 87, 88, 89, 91, 93, 94, 96, 97, 98, 99, 100, 101, 102, 103, 104, 105, 106, 108, 109, 110, 111, 112, 114, 115, 116, 118, 120, 121, 122, 123, 124, 125, 126, 127, 128, 129, 130, 131, 132, 133, 134, 135, 136, 137, 138, 139, 140, 141, 142, 143, 144, 145, 146, 147, 148, 149]","[0, 3, 8, 15, 19, 27, 29, 33, 41, 43, 59, 65, 81, 90, 92, 95, 107, 117, 119]",{},[],0,"[137, 138, 139, 140, 136, 135, 134, 133, 129, 130, 131, 132, 128, 127, 13, 14, 116, 118, 26, 28, 40, 42, 52, 54, 74, 76, 89, 91, 17, 122, 18, 32, 16, 112, 36, 99, 105, 144, 10, 145, 148, 115, 149, 102, 146, 147, 12, 58, 71, 109, 61, 67, 78, 85, 93, 143, 25, 7, 39, 51, 97, 106, 101, 120, 121, 114, 108, 110, 111, 9, 6, 1, 2, 48, 46, 47, 70, 69, 79, 80, 72, 73, 94, 66, 68, 86, 23, 126, 125, 124, 123, 141, 142, 62, 5, 4, 22, 21, 20, 37, 34, 35, 31, 30, 11, 98, 96, 100, 63, 60, 64, 83, 84, 24, 44, 82, 38, 57, 56, 49, 50, 87, 88, 103, 104, 53, 55, 45, 75, 77, 59, 90, 92, 65, 81, 117, 119, 95, 107, 8, 15, 0, 27, 29, 3, 41, 43, 19, 33]",True,38759478,0.038759478,"[59, 90, 92, 65, 81, 117, 119, 95, 107, 8, 15, 0, 27, 29, 3, 41, 43, 19, 33]","[33, 19, 43, 41, 3, 29, 27, 0, 15, 8, 107, 95, 119, 117, 81, 65, 92, 90, 59]",complete,19,19,111,0,20,0,20,20,0,0,0,0,0,0,0
3,454,67,132,17,"[1, 2, 4, 5, 6, 7, 9, 10, 11, 12, 13, 14, 16, 17, 18, 20, 21, 22, 23, 24, 25, 26, 28, 30, 31, 32, 34, 35, 36, 37, 38, 39, 40, 42, 44, 45, 46, 47, 48, 49, 50, 51, 52, 53, 54, 55, 56, 57, 58, 59, 60, 61, 62, 63, 64, 66, 67, 68, 69, 70, 71, 72, 73, 74, 75, 76, 77, 78, 79, 80, 82, 83, 84, 85, 86, 87, 88, 89, 90, 91, 93, 94, 96, 97, 98, 99, 100, 101, 102, 103, 104, 105, 106, 108, 109, 110, 111, 112, 114, 115, 116, 118, 120, 121, 122, 123, 124, 125, 126, 127, 128, 129, 130, 131, 132, 133, 134, 135, 136, 137, 138, 139, 140, 141, 142, 143, 144, 145, 146, 147, 148, 149]","[0, 3, 8, 15, 19, 27, 29, 33, 41, 43, 65, 81, 92, 95, 107, 117, 119]",{},[],0,"[137, 138, 139, 140, 136, 135, 134, 133, 129, 130, 131, 132, 128, 127, 13, 14, 116, 118, 26, 28, 40, 42, 52, 54, 74, 76, 89, 91, 17, 122, 18, 32, 16, 112, 36, 99, 105, 144, 10, 145, 148, 115, 149, 102, 146, 147, 12, 58, 71, 109, 61, 67, 78, 85, 93, 143, 25, 7, 39, 51, 97, 106, 101, 120, 121, 114, 108, 110, 111, 9, 6, 1, 2, 48, 46, 47, 70, 69, 79, 80, 72, 73, 94, 66, 68, 86, 23, 126, 125, 124, 123, 141, 142, 62, 5, 4, 22, 21, 20, 37, 34, 35, 31, 30, 11, 98, 96, 100, 63, 60, 64, 83, 84, 24, 44, 82, 38, 57, 56, 49, 50, 87, 88, 103, 104, 53, 55, 45, 75, 77, 59, 90, 92, 65, 81, 117, 119, 95, 107, 8, 15, 0, 27, 29, 3, 41, 43, 19, 33]",True,32995671,0.032995671,"[92, 65, 81, 117, 119, 95, 107, 8, 15, 0, 27, 29, 3, 41, 43, 19, 33]","[33, 19, 43, 41, 3, 29, 27, 0, 15, 8, 107, 95, 119, 117, 81, 65, 92]",complete,17,17,90,0,18,0,18,18,0,0,0,0,0,0,0
3,454,68,134,15,"[1, 2, 4, 5, 6, 7, 9, 10, 11, 12, 13, 14, 16, 17, 18, 20, 21, 22, 23, 24, 25, 26, 28, 30, 31, 32, 34, 35, 36, 37, 38, 39, 40, 42, 44, 45, 46, 47, 48, 49, 50, 51, 52, 53, 54, 55, 56, 57, 58, 59, 60, 61, 62, 63, 64, 65, 66, 67, 68, 69, 70, 71, 72, 73, 74, 75, 76, 77, 78, 79, 80, 82, 83, 84, 85, 86, 87, 88, 89, 90, 91, 92, 93, 94, 96, 97, 98, 99, 100, 101, 102, 103, 104, 105, 106, 108, 109, 110, 111, 112, 114, 115, 116, 118, 120, 121, 122, 123, 124, 125, 126, 127, 128, 129, 130, 131, 132, 133, 134, 135, 136, 137, 138, 139, 140, 141, 142, 143, 144, 145, 146, 147, 148, 149]","[0, 3, 8, 15, 19, 27, 29, 33, 41, 43, 81, 95, 107, 117, 119]",{},[],0,"[137, 138, 139, 140, 136, 135, 134, 133, 129, 130, 131, 132, 128, 127, 13, 14, 116, 118, 26, 28, 40, 42, 52, 54, 74, 76, 89, 91, 17, 122, 18, 32, 16, 112, 36, 99, 105, 144, 10, 145, 148, 115, 149, 102, 146, 147, 12, 58, 71, 109, 61, 67, 78, 85, 93, 143, 25, 7, 39, 51, 97, 106, 101, 120, 121, 114, 108, 110, 111, 9, 6, 1, 2, 48, 46, 47, 70, 69, 79, 80, 72, 73, 94, 66, 68, 86, 23, 126, 125, 124, 123, 141, 142, 62, 5, 4, 22, 21, 20, 37, 34, 35, 31, 30, 11, 98, 96, 100, 63, 60, 64, 83, 84, 24, 44, 82, 38, 57, 56, 49, 50, 87, 88, 103, 104, 53, 55, 45, 75, 77, 59, 90, 92, 65, 81, 117, 119, 95, 107, 8, 15, 0, 27, 29, 3, 41, 43, 19, 33]",True,26687200,0.026687200,"[81, 117, 119, 95, 107, 8, 15, 0, 27, 29, 3, 41, 43, 19, 33]","[33, 19, 43, 41, 3, 29, 27, 0, 15, 8, 107, 95, 119, 117, 81]",complete,15,15,71,0,16,0,16,16,0,0,0,0,0,0,0
3,454,69,136,13,"[1, 2, 4, 5, 6, 7, 9, 10, 11, 12, 13, 14, 16, 17, 18, 20, 21, 22, 23, 24, 25, 26, 28, 30, 31, 32, 34, 35, 36, 37, 38, 39, 40, 42, 44, 45, 46, 47, 48, 49, 50, 51, 52, 53, 54, 55, 56, 57, 58, 59, 60, 61, 62, 63, 64, 65, 66, 67, 68, 69, 70, 71, 72, 73, 74, 75, 76, 77, 78, 79, 80, 81, 82, 83, 84, 85, 86, 87, 88, 89, 90, 91, 92, 93, 94, 96, 97, 98, 99, 100, 101, 102, 103, 104, 105, 106, 108, 109, 110, 111, 112, 114, 115, 116, 117, 118, 120, 121, 122, 123, 124, 125, 126, 127, 128, 129, 130, 131, 132, 133, 134, 135, 136, 137, 138, 139, 140, 141, 142, 143, 144, 145, 146, 147, 148, 149]","[0, 3, 8, 15, 19, 27, 29, 33, 41, 43, 95, 107, 119]",{},[],0,"[137, 138, 139, 140, 136, 135, 134, 133, 129, 130, 131, 132, 128, 127, 13, 14, 116, 118, 26, 28, 40, 42, 52, 54, 74, 76, 89, 91, 17, 122, 18, 32, 16, 112, 36, 99, 105, 144, 10, 145, 148, 115, 149, 102, 146, 147, 12, 58, 71, 109, 61, 67, 78, 85, 93, 143, 25, 7, 39, 51, 97, 106, 101, 120, 121, 114, 108, 110, 111, 9, 6, 1, 2, 48, 46, 47, 70, 69, 79, 80, 72, 73, 94, 66, 68, 86, 23, 126, 125, 124, 123, 141, 142, 62, 5, 4, 22, 21, 20, 37, 34, 35, 31, 30, 11, 98, 96, 100, 63, 60, 64, 83, 84, 24, 44, 82, 38, 57, 56, 49, 50, 87, 88, 103, 104, 53, 55, 45, 75, 77, 59, 90, 92, 65, 81, 117, 119, 95, 107, 8, 15, 0, 27, 29, 3, 41, 43, 19, 33]",True,21828644,0.021828644,"[119, 95, 107, 8, 15, 0, 27, 29, 3, 41, 43, 19, 33]","[33, 19, 43, 41, 3, 29, 27, 0, 15, 8, 107, 95, 119]",complete,13,13,54,0,14,0,14,14,0,0,0,0,0,0,0
3,454,70,138,11,"[1, 2, 4, 5, 6, 7, 9, 10, 11, 12, 13, 14, 16, 17, 18, 20, 21, 22, 23, 24, 25, 26, 28, 30, 31, 32, 34, 35, 36, 37, 38, 39, 40, 42, 44, 45, 46, 47, 48, 49, 50, 51, 52, 53, 54, 55, 56, 57, 58, 59, 60, 61, 62, 63, 64, 65, 66, 67, 68, 69, 70, 71, 72, 73, 74, 75, 76, 77, 78, 79, 80, 81, 82, 83, 84, 85, 86, 87, 88, 89, 90, 91, 92, 93, 94, 95, 96, 97, 98, 99, 100, 101, 102, 103, 104, 105, 106, 108, 109, 110, 111, 112, 114, 115, 116, 117, 118, 119, 120, 121, 122, 123, 124, 125, 126, 127, 128, 129, 130, 131, 132, 133, 134, 135, 136, 137, 138, 139, 140, 141, 142, 143, 144, 145, 146, 147, 148, 149]","[0, 3, 8, 15, 19, 27, 29, 33, 41, 43, 107]",{},[],0,"[137, 138, 139, 140, 136, 135, 134, 133, 129, 130, 131, 132, 128, 127, 13, 14, 116, 118, 26, 28, 40, 42, 52, 54, 74, 76, 89, 91, 17, 122, 18, 32, 16, 112, 36, 99, 105, 144, 10, 145, 148, 115, 149, 102, 146, 147, 12, 58, 71, 109, 61, 67, 78, 85, 93, 143, 25, 7, 39, 51, 97, 106, 101, 120, 121, 114, 108, 110, 111, 9, 6, 1, 2, 48, 46, 47, 70, 69, 79, 80, 72, 73, 94, 66, 68, 86, 23, 126, 125, 124, 123, 141, 142, 62, 5, 4, 22, 21, 20, 37, 34, 35, 31, 30, 11, 98, 96, 100, 63, 60, 64, 83, 84, 24, 44, 82, 38, 57, 56, 49, 50, 87, 88, 103, 104, 53, 55, 45, 75, 77, 59, 90, 92, 65, 81, 117, 119, 95, 107, 8, 15, 0, 27, 29, 3, 41, 43, 19, 33]",True,17023630,0.017023630,"[107, 8, 15, 0, 27, 29, 3, 41, 43, 19, 33]","[33, 19, 43, 41, 3, 29, 27, 0, 15, 8, 107]",complete,11,11,39,0,12,0,12,12,0,0,0,0,0,0,0
3,454,71,140,9,"[1, 2, 4, 5, 6, 7, 8, 9, 10, 11, 12, 13, 14, 16, 17, 18, 20, 21, 22, 23, 24, 25, 26, 28, 30, 31, 32, 34, 35, 36, 37, 38, 39, 40, 42, 44, 45, 46, 47, 48, 49, 50, 51, 52, 53, 54, 55, 56, 57, 58, 59, 60, 61, 62, 63, 64, 65, 66, 67, 68, 69, 70, 71, 72, 73, 74, 75, 76, 77, 78, 79, 80, 81, 82, 83, 84, 85, 86, 87, 88, 89, 90, 91, 92, 93, 94, 95, 96, 97, 98, 99, 100, 101, 102, 103, 104, 105, 106, 107, 108, 109, 110, 111, 112, 114, 115, 116, 117, 118, 119, 120, 121, 122, 123, 124, 125, 126, 127, 128, 129, 130, 131, 132, 133, 134, 135, 136, 137, 138, 139, 140, 141, 142, 143, 144, 145, 146, 147, 148, 149]","[0, 3, 15, 19, 27, 29, 33, 41, 43]",{},[],0,"[137, 138, 139, 140, 136, 135, 134, 133, 129, 130, 131, 132, 128, 127, 13, 14, 116, 118, 26, 28, 40, 42, 52, 54, 74, 76, 89, 91, 17, 122, 18, 32, 16, 112, 36, 99, 105, 144, 10, 145, 148, 115, 149, 102, 146, 147, 12, 58, 71, 109, 61, 67, 78, 85, 93, 143, 25, 7, 39, 51, 97, 106, 101, 120, 121, 114, 108, 110, 111, 9, 6, 1, 2, 48, 46, 47, 70, 69, 79, 80, 72, 73, 94, 66, 68, 86, 23, 126, 125, 124, 123, 141, 142, 62, 5, 4, 22, 21, 20, 37, 34, 35, 31, 30, 11, 98, 96, 100, 63, 60, 64, 83, 84, 24, 44, 82, 38, 57, 56, 49, 50, 87, 88, 103, 104, 53, 55, 45, 75, 77, 59, 90, 92, 65, 81, 117, 119, 95, 107, 8, 15, 0, 27, 29, 3, 41, 43, 19, 33]",True,12538909,0.012538909,"[15, 0, 27, 29, 3, 41, 43, 19, 33]","[33, 19, 43, 41, 3, 29, 27, 0, 15]",complete,9,9,26,0,10,0,10,10,0,0,0,0,0,0,0
3,454,72,142,7,"[0, 1, 2, 4, 5, 6, 7, 8, 9, 10, 11, 12, 13, 14, 15, 16, 17, 18, 20, 21, 22, 23, 24, 25, 26, 28, 30, 31, 32, 34, 35, 36, 37, 38, 39, 40, 42, 44, 45, 46, 47, 48, 49, 50, 51, 52, 53, 54, 55, 56, 57, 58, 59, 60, 61, 62, 63, 64, 65, 66, 67, 68, 69, 70, 71, 72, 73, 74, 75, 76, 77, 78, 79, 80, 81, 82, 83, 84, 85, 86, 87, 88, 89, 90, 91, 92, 93, 94, 95, 96, 97, 98, 99, 100, 101, 102, 103, 104, 105, 106, 107, 108, 109, 110, 111, 112, 114, 115, 116, 117, 118, 119, 120, 121, 122, 123, 124, 125, 126, 127, 128, 129, 130, 131, 132, 133, 134, 135, 136, 137, 138, 139, 140, 141, 142, 143, 144, 145, 146, 147, 148, 149]","[3, 19, 27, 29, 33, 41, 43]",{},[],0,"[137, 138, 139, 140, 136, 135, 134, 133, 129, 130, 131, 132, 128, 127, 13, 14, 116, 118, 26, 28, 40, 42, 52, 54, 74, 76, 89, 91, 17, 122, 18, 32, 16, 112, 36, 99, 105, 144, 10, 145, 148, 115, 149, 102, 146, 147, 12, 58, 71, 109, 61, 67, 78, 85, 93, 143, 25, 7, 39, 51, 97, 106, 101, 120, 121, 114, 108, 110, 111, 9, 6, 1, 2, 48, 46, 47, 70, 69, 79, 80, 72, 73, 94, 66, 68, 86, 23, 126, 125, 124, 123, 141, 142, 62, 5, 4, 22, 21, 20, 37, 34, 35, 31, 30, 11, 98, 96, 100, 63, 60, 64, 83, 84, 24, 44, 82, 38, 57, 56, 49, 50, 87, 88, 103, 104, 53, 55, 45, 75, 77, 59, 90, 92, 65, 81, 117, 119, 95, 107, 8, 15, 0, 27, 29, 3, 41, 43, 19, 33]",True,8470460,0.008470460,"[27, 29, 3, 41, 43, 19, 33]","[33, 19, 43, 41, 3, 29, 27]",complete,7,7,16,0,8,0,8,8,0,0,0,0,0,0,0
3,454,73,144,5,"[0, 1, 2, 4, 5, 6, 7, 8, 9, 10, 11, 12, 13, 14, 15, 16, 17, 18, 20, 21, 22, 23, 24, 25, 26, 27, 28, 29, 30, 31, 32, 34, 35, 36, 37, 38, 39, 40, 42, 44, 45, 46, 47, 48, 49, 50, 51, 52, 53, 54, 55, 56, 57, 58, 59, 60, 61, 62, 63, 64, 65, 66, 67, 68, 69, 70, 71, 72, 73, 74, 75, 76, 77, 78, 79, 80, 81, 82, 83, 84, 85, 86, 87, 88, 89, 90, 91, 92, 93, 94, 95, 96, 97, 98, 99, 100, 101, 102, 103, 104, 105, 106, 107, 108, 109, 110, 111, 112, 114, 115, 116, 117, 118, 119, 120, 121, 122, 123, 124, 125, 126, 127, 128, 129, 130, 131, 132, 133, 134, 135, 136, 137, 138, 139, 140, 141, 142, 143, 144, 145, 146, 147, 148, 149]","[3, 19, 33, 41, 43]",{},[],0,"[137, 138, 139, 140, 136, 135, 134, 133, 129, 130, 131, 132, 128, 127, 13, 14, 116, 118, 26, 28, 40, 42, 52, 54, 74, 76, 89, 91, 17, 122, 18, 32, 16, 112, 36, 99, 105, 144, 10, 145, 148, 115, 149, 102, 146, 147, 12, 58, 71, 109, 61, 67, 78, 85, 93, 143, 25, 7, 39, 51, 97, 106, 101, 120, 121, 114, 108, 110, 111, 9, 6, 1, 2, 48, 46, 47, 70, 69, 79, 80, 72, 73, 94, 66, 68, 86, 23, 126, 125, 124, 123, 141, 142, 62, 5, 4, 22, 21, 20, 37, 34, 35, 31, 30, 11, 98, 96, 100, 63, 60, 64, 83, 84, 24, 44, 82, 38, 57, 56, 49, 50, 87, 88, 103, 104, 53, 55, 45, 75, 77, 59, 90, 92, 65, 81, 117, 119, 95, 107, 8, 15, 0, 27, 29, 3, 41, 43, 19, 33]",True,5150559,0.005150559,"[3, 41, 43, 19, 33]","[33, 19, 43, 41, 3]",complete,5,5,9,0,6,0,6,6,0,0,0,0,0,0,0
3,454,74,146,3,"[0, 1, 2, 3, 4, 5, 6, 7, 8, 9, 10, 11, 12, 13, 14, 15, 16, 17, 18, 20, 21, 22, 23, 24, 25, 26, 27, 28, 29, 30, 31, 32, 34, 35, 36, 37, 38, 39, 40, 41, 42, 44, 45, 46, 47, 48, 49, 50, 51, 52, 53, 54, 55, 56, 57, 58, 59, 60, 61, 62, 63, 64, 65, 66, 67, 68, 69, 70, 71, 72, 73, 74, 75, 76, 77, 78, 79, 80, 81, 82, 83, 84, 85, 86, 87, 88, 89, 90, 91, 92, 93, 94, 95, 96, 97, 98, 99, 100, 101, 102, 103, 104, 105, 106, 107, 108, 109, 110, 111, 112, 114, 115, 116, 117, 118, 119, 120, 121, 122, 123, 124, 125, 126, 127, 128, 129, 130, 131, 132, 133, 134, 135, 136, 137, 138, 139, 140, 141, 142, 143, 144, 145, 146, 147, 148, 149]","[19, 33, 43]",{},[],0,"[137, 138, 139, 140, 136, 135, 134, 133, 129, 130, 131, 132, 128, 127, 13, 14, 116, 118, 26, 28, 40, 42, 52, 54, 74, 76, 89, 91, 17, 122, 18, 32, 16, 112, 36, 99, 105, 144, 10, 145, 148, 115, 149, 102, 146, 147, 12, 58, 71, 109, 61, 67, 78, 85, 93, 143, 25, 7, 39, 51, 97, 106, 101, 120, 121, 114, 108, 110, 111, 9, 6, 1, 2, 48, 46, 47, 70, 69, 79, 80, 72, 73, 94, 66, 68, 86, 23, 126, 125, 124, 123, 141, 142, 62, 5, 4, 22, 21, 20, 37, 34, 35, 31, 30, 11, 98, 96, 100, 63, 60, 64, 83, 84, 24, 44, 82, 38, 57, 56, 49, 50, 87, 88, 103, 104, 53, 55, 45, 75, 77, 59, 90, 92, 65, 81, 117, 119, 95, 107, 8, 15, 0, 27, 29, 3, 41, 43, 19, 33]",True,2819327,0.002819327,"[43, 19, 33]","[33, 19, 43]",complete,3,3,4,0,4,0,4,4,0,0,0,0,0,0,0
3,454,75,148,1,"[0, 1, 2, 3, 4, 5, 6, 7, 8, 9, 10, 11, 12, 13, 14, 15, 16, 17, 18, 19, 20, 21, 22, 23, 24, 25, 26, 27, 28, 29, 30, 31, 32, 34, 35, 36, 37, 38, 39, 40, 41, 42, 43, 44, 45, 46, 47, 48, 49, 50, 51, 52, 53, 54, 55, 56, 57, 58, 59, 60, 61, 62, 63, 64, 65, 66, 67, 68, 69, 70, 71, 72, 73, 74, 75, 76, 77, 78, 79, 80, 81, 82, 83, 84, 85, 86, 87, 88, 89, 90, 91, 92, 93, 94, 95, 96, 97, 98, 99, 100, 101, 102, 103, 104, 105, 106, 107, 108, 109, 110, 111, 112, 114, 115, 116, 117, 118, 119, 120, 121, 122, 123, 124, 125, 126, 127, 128, 129, 130, 131, 132, 133, 134, 135, 136, 137, 138, 139, 140, 141, 142, 143, 144, 145, 146, 147, 148, 149]",[33],{},[],0,"[137, 138, 139, 140, 136, 135, 134, 133, 129, 130, 131, 132, 128, 127, 13, 14, 116, 118, 26, 28, 40, 42, 52, 54, 74, 76, 89, 91, 17, 122, 18, 32, 16, 112, 36, 99, 105, 144, 10, 145, 148, 115, 149, 102, 146, 147, 12, 58, 71, 109, 61, 67, 78, 85, 93, 143, 25, 7, 39, 51, 97, 106, 101, 120, 121, 114, 108, 110, 111, 9, 6, 1, 2, 48, 46, 47, 70, 69, 79, 80, 72, 73, 94, 66, 68, 86, 23, 126, 125, 124, 123, 141, 142, 62, 5, 4, 22, 21, 20, 37, 34, 35, 31, 30, 11, 98, 96, 100, 63, 60, 64, 83, 84, 24, 44, 82, 38, 57, 56, 49, 50, 87, 88, 103, 104, 53, 55, 45, 75, 77, 59, 90, 92, 65, 81, 117, 119, 95, 107, 8, 15, 0, 27, 29, 3, 41, 43, 19, 33]",True,802405,0.000802405,[33],[33],complete,1,1,1,0,2,0,2,2,0,0,0,0,0,0,0
