repetition,seed,run_index,removed_prefix_count,included_rod_count,excluded_rods,included_rods,initial_supports,initial_supported_rods,initial_support_count,default_order,success,elapsed_ns,elapsed_s,removal_sequence,assembly_sequence,matches_default_suffix,search_stop_reason,search_expansions,search_attempted_transitions,search_enqueued_candidates,search_backtracks,rigidity_check_calls,rigidity_cache_hits,rigidity_cache_misses,rigidity_cached_entries,optimal_objective,optimality_proven,best_support_moves,best_support_peak,best_support_steps,optimal_support_moves,optimal_support_peak,optimal_support_steps,peak_supports,support_steps,support_moves,supported_rod_steps,support_assignment_episodes,supported_rod_episodes,support_additions,support_releases
1,452,1,0,149,[],"[0, 1, 2, 3, 4, 5, 6, 7, 8, 9, 10, 11, 12, 13, 14, 15, 16, 17, 18, 19, 20, 21, 22, 23, 24, 25, 26, 27, 28, 29, 30, 31, 32, 33, 34, 35, 36, 37, 38, 39, 40, 41, 42, 43, 44, 45, 46, 47, 48, 49, 50, 51, 52, 53, 54, 55, 56, 57, 58, 59, 60, 61, 62, 63, 64, 65, 66, 67, 68, 69, 70, 71, 72, 73, 74, 75, 76, 77, 78, 79, 80, 81, 82, 83, 84, 85, 86, 87, 88, 89, 90, 91, 92, 93, 94, 95, 96, 97, 98, 99, 100, 101, 102, 103, 104, 105, 106, 107, 108, 109, 110, 111, 112, 114, 115, 116, 117, 118, 119, 120, 121, 122, 123, 124, 125, 126, 127, 128, 129, 130, 131, 132, 133, 134, 135, 136, 137, 138, 139, 140, 141, 142, 143, 144, 145, 146, 147, 148, 149]",{},[],0,"[122, 17, 18, 32, 137, 138, 140, 139, 13, 14, 116, 118, 136, 102, 10, 16, 36, 135, 26, 28, 105, 99, 148, 144, 115, 112, 149, 145, 147, 146, 12, 71, 58, 134, 109, 78, 48, 67, 61, 93, 85, 133, 42, 40, 143, 25, 7, 130, 131, 129, 132, 76, 74, 54, 110, 108, 9, 97, 128, 63, 106, 101, 120, 114, 121, 6, 1, 94, 127, 91, 64, 111, 30, 31, 11, 100, 96, 98, 52, 51, 46, 126, 2, 39, 68, 50, 47, 70, 60, 83, 125, 104, 124, 123, 142, 141, 62, 49, 56, 57, 38, 44, 24, 86, 69, 79, 80, 66, 72, 73, 87, 89, 88, 82, 103, 23, 5, 4, 22, 21, 20, 37, 34, 35, 84, 55, 92, 75, 90, 117, 119, 53, 77, 43, 15, 29, 27, 8, 41, 33, 0, 107, 45, 19, 95, 3, 59, 65, 81]",True,28819447781,28.819447781,"[122, 17, 18, 32, 137, 138, 140, 139, 13, 14, 116, 118, 136, 102, 10, 16, 36, 135, 26, 28, 105, 99, 148, 144, 115, 112, 149, 145, 147, 146, 12, 71, 58, 134, 109, 78, 48, 67, 61, 93, 85, 133, 42, 40, 143, 25, 7, 130, 131, 129, 132, 76, 74, 54, 110, 108, 9, 97, 128, 63, 106, 101, 120, 114, 121, 6, 1, 94, 127, 91, 64, 111, 30, 31, 11, 100, 96, 98, 52, 51, 46, 126, 2, 39, 68, 50, 47, 70, 60, 83, 125, 104, 124, 123, 142, 141, 62, 49, 56, 57, 38, 44, 24, 86, 69, 79, 80, 66, 72, 73, 87, 89, 88, 82, 103, 23, 5, 4, 22, 21, 20, 37, 34, 35, 84, 55, 92, 75, 90, 117, 119, 53, 77, 43, 15, 29, 27, 8, 41, 33, 0, 107, 45, 19, 95, 3, 59, 65, 81]","[81, 65, 59, 3, 95, 19, 45, 107, 0, 33, 41, 8, 27, 29, 15, 43, 77, 53, 119, 117, 90, 75, 92, 55, 84, 35, 34, 37, 20, 21, 22, 4, 5, 23, 103, 82, 88, 89, 87, 73, 72, 66, 80, 79, 69, 86, 24, 44, 38, 57, 56, 49, 62, 141, 142, 123, 124, 104, 125, 83, 60, 70, 47, 50, 68, 39, 2, 126, 46, 51, 52, 98, 96, 100, 11, 31, 30, 111, 64, 91, 127, 94, 1, 6, 121, 114, 120, 101, 106, 63, 128, 97, 9, 108, 110, 54, 74, 76, 132, 129, 131, 130, 7, 25, 143, 40, 42, 133, 85, 93, 61, 67, 48, 78, 109, 134, 58, 71, 12, 146, 147, 145, 149, 112, 115, 144, 148, 99, 105, 28, 26, 135, 36, 16, 10, 102, 136, 118, 116, 14, 13, 139, 140, 138, 137, 32, 18, 17, 122]",True,complete,1301,1301,11175,1152,1625,0,1625,1625,,False,,,,,,,2,213,24,213,24,24,24,24
1,453,2,2,147,"[17, 122]","[0, 1, 2, 3, 4, 5, 6, 7, 8, 9, 10, 11, 12, 13, 14, 15, 16, 18, 19, 20, 21, 22, 23, 24, 25, 26, 27, 28, 29, 30, 31, 32, 33, 34, 35, 36, 37, 38, 39, 40, 41, 42, 43, 44, 45, 46, 47, 48, 49, 50, 51, 52, 53, 54, 55, 56, 57, 58, 59, 60, 61, 62, 63, 64, 65, 66, 67, 68, 69, 70, 71, 72, 73, 74, 75, 76, 77, 78, 79, 80, 81, 82, 83, 84, 85, 86, 87, 88, 89, 90, 91, 92, 93, 94, 95, 96, 97, 98, 99, 100, 101, 102, 103, 104, 105, 106, 107, 108, 109, 110, 111, 112, 114, 115, 116, 117, 118, 119, 120, 121, 123, 124, 125, 126, 127, 128, 129, 130, 131, 132, 133, 134, 135, 136, 137, 138, 139, 140, 141, 142, 143, 144, 145, 146, 147, 148, 149]",{},[],0,"[122, 17, 18, 32, 137, 138, 140, 139, 13, 14, 116, 118, 136, 102, 10, 16, 36, 135, 26, 28, 105, 99, 148, 144, 115, 112, 149, 145, 147, 146, 12, 71, 58, 134, 109, 78, 48, 67, 61, 93, 85, 133, 42, 40, 143, 25, 7, 130, 131, 129, 132, 76, 74, 54, 110, 108, 9, 97, 128, 63, 106, 101, 120, 114, 121, 6, 1, 94, 127, 91, 64, 111, 30, 31, 11, 100, 96, 98, 52, 51, 46, 126, 2, 39, 68, 50, 47, 70, 60, 83, 125, 104, 124, 123, 142, 141, 62, 49, 56, 57, 38, 44, 24, 86, 69, 79, 80, 66, 72, 73, 87, 89, 88, 82, 103, 23, 5, 4, 22, 21, 20, 37, 34, 35, 84, 55, 92, 75, 90, 117, 119, 53, 77, 43, 15, 29, 27, 8, 41, 33, 0, 107, 45, 19, 95, 3, 59, 65, 81]",True,29529033103,29.529033103,"[18, 32, 137, 138, 140, 139, 13, 14, 118, 116, 136, 115, 102, 112, 36, 135, 26, 28, 105, 99, 148, 16, 149, 145, 144, 10, 147, 146, 12, 58, 71, 134, 109, 61, 67, 48, 78, 93, 85, 133, 42, 40, 143, 25, 7, 130, 129, 131, 132, 76, 74, 52, 110, 108, 9, 97, 128, 63, 106, 101, 120, 114, 121, 6, 1, 94, 127, 91, 64, 111, 30, 31, 11, 100, 96, 98, 54, 51, 46, 126, 47, 39, 68, 50, 2, 70, 60, 83, 125, 104, 124, 123, 142, 141, 62, 49, 56, 57, 38, 44, 24, 86, 69, 79, 80, 66, 72, 73, 82, 89, 87, 88, 103, 23, 5, 4, 22, 21, 20, 37, 34, 35, 84, 77, 117, 119, 92, 90, 75, 53, 55, 43, 27, 41, 15, 29, 8, 3, 65, 19, 0, 95, 81, 45, 107, 33, 59]","[59, 33, 107, 45, 81, 95, 0, 19, 65, 3, 8, 29, 15, 41, 27, 43, 55, 53, 75, 90, 92, 119, 117, 77, 84, 35, 34, 37, 20, 21, 22, 4, 5, 23, 103, 88, 87, 89, 82, 73, 72, 66, 80, 79, 69, 86, 24, 44, 38, 57, 56, 49, 62, 141, 142, 123, 124, 104, 125, 83, 60, 70, 2, 50, 68, 39, 47, 126, 46, 51, 54, 98, 96, 100, 11, 31, 30, 111, 64, 91, 127, 94, 1, 6, 121, 114, 120, 101, 106, 63, 128, 97, 9, 108, 110, 52, 74, 76, 132, 131, 129, 130, 7, 25, 143, 40, 42, 133, 85, 93, 78, 48, 67, 61, 109, 134, 71, 58, 12, 146, 147, 10, 144, 145, 149, 16, 148, 99, 105, 28, 26, 135, 36, 112, 102, 115, 136, 116, 118, 14, 13, 139, 140, 138, 137, 32, 18]",False,complete,1301,1301,10878,1154,1654,0,1654,1654,,False,,,,,,,2,213,25,213,25,25,25,25
1,454,3,4,145,"[17, 18, 32, 122]","[0, 1, 2, 3, 4, 5, 6, 7, 8, 9, 10, 11, 12, 13, 14, 15, 16, 19, 20, 21, 22, 23, 24, 25, 26, 27, 28, 29, 30, 31, 33, 34, 35, 36, 37, 38, 39, 40, 41, 42, 43, 44, 45, 46, 47, 48, 49, 50, 51, 52, 53, 54, 55, 56, 57, 58, 59, 60, 61, 62, 63, 64, 65, 66, 67, 68, 69, 70, 71, 72, 73, 74, 75, 76, 77, 78, 79, 80, 81, 82, 83, 84, 85, 86, 87, 88, 89, 90, 91, 92, 93, 94, 95, 96, 97, 98, 99, 100, 101, 102, 103, 104, 105, 106, 107, 108, 109, 110, 111, 112, 114, 115, 116, 117, 118, 119, 120, 121, 123, 124, 125, 126, 127, 128, 129, 130, 131, 132, 133, 134, 135, 136, 137, 138, 139, 140, 141, 142, 143, 144, 145, 146, 147, 148, 149]",{},[],0,"[122, 17, 18, 32, 137, 138, 140, 139, 13, 14, 116, 118, 136, 102, 10, 16, 36, 135, 26, 28, 105, 99, 148, 144, 115, 112, 149, 145, 147, 146, 12, 71, 58, 134, 109, 78, 48, 67, 61, 93, 85, 133, 42, 40, 143, 25, 7, 130, 131, 129, 132, 76, 74, 54, 110, 108, 9, 97, 128, 63, 106, 101, 120, 114, 121, 6, 1, 94, 127, 91, 64, 111, 30, 31, 11, 100, 96, 98, 52, 51, 46, 126, 2, 39, 68, 50, 47, 70, 60, 83, 125, 104, 124, 123, 142, 141, 62, 49, 56, 57, 38, 44, 24, 86, 69, 79, 80, 66, 72, 73, 87, 89, 88, 82, 103, 23, 5, 4, 22, 21, 20, 37, 34, 35, 84, 55, 92, 75, 90, 117, 119, 53, 77, 43, 15, 29, 27, 8, 41, 33, 0, 107, 45, 19, 95, 3, 59, 65, 81]",True,28086351725,28.086351725,"[137, 138, 139, 140, 14, 13, 118, 116, 136, 115, 10, 36, 135, 28, 26, 99, 105, 148, 102, 144, 112, 16, 149, 145, 146, 147, 12, 71, 58, 134, 109, 67, 78, 61, 48, 85, 93, 133, 42, 40, 143, 25, 7, 131, 132, 129, 130, 52, 76, 74, 110, 108, 9, 97, 128, 63, 106, 101, 120, 114, 121, 6, 1, 94, 127, 89, 64, 111, 30, 31, 11, 100, 96, 98, 54, 51, 46, 126, 2, 70, 39, 47, 23, 5, 4, 22, 21, 20, 37, 34, 35, 87, 104, 86, 125, 103, 91, 88, 83, 82, 124, 123, 142, 141, 84, 24, 44, 68, 66, 73, 60, 69, 79, 72, 50, 80, 49, 56, 38, 57, 62, 75, 77, 55, 119, 92, 53, 90, 117, 27, 29, 41, 15, 8, 43, 107, 3, 19, 95, 33, 59, 45, 81, 0, 65]","[65, 0, 81, 45, 59, 33, 95, 19, 3, 107, 43, 8, 15, 41, 29, 27, 117, 90, 53, 92, 119, 55, 77, 75, 62, 57, 38, 56, 49, 80, 50, 72, 79, 69, 60, 73, 66, 68, 44, 24, 84, 141, 142, 123, 124, 82, 83, 88, 91, 103, 125, 86, 104, 87, 35, 34, 37, 20, 21, 22, 4, 5, 23, 47, 39, 70, 2, 126, 46, 51, 54, 98, 96, 100, 11, 31, 30, 111, 64, 89, 127, 94, 1, 6, 121, 114, 120, 101, 106, 63, 128, 97, 9, 108, 110, 74, 76, 52, 130, 129, 132, 131, 7, 25, 143, 40, 42, 133, 93, 85, 48, 61, 78, 67, 109, 134, 58, 71, 12, 147, 146, 145, 149, 16, 112, 144, 102, 148, 105, 99, 26, 28, 135, 36, 10, 115, 136, 116, 118, 13, 14, 140, 139, 138, 137]",False,complete,1183,1183,10585,1038,1607,0,1607,1607,,False,,,,,,,2,211,25,211,25,25,25,25
1,455,4,6,143,"[17, 18, 32, 122, 137, 138]","[0, 1, 2, 3, 4, 5, 6, 7, 8, 9, 10, 11, 12, 13, 14, 15, 16, 19, 20, 21, 22, 23, 24, 25, 26, 27, 28, 29, 30, 31, 33, 34, 35, 36, 37, 38, 39, 40, 41, 42, 43, 44, 45, 46, 47, 48, 49, 50, 51, 52, 53, 54, 55, 56, 57, 58, 59, 60, 61, 62, 63, 64, 65, 66, 67, 68, 69, 70, 71, 72, 73, 74, 75, 76, 77, 78, 79, 80, 81, 82, 83, 84, 85, 86, 87, 88, 89, 90, 91, 92, 93, 94, 95, 96, 97, 98, 99, 100, 101, 102, 103, 104, 105, 106, 107, 108, 109, 110, 111, 112, 114, 115, 116, 117, 118, 119, 120, 121, 123, 124, 125, 126, 127, 128, 129, 130, 131, 132, 133, 134, 135, 136, 139, 140, 141, 142, 143, 144, 145, 146, 147, 148, 149]",{},[],0,"[122, 17, 18, 32, 137, 138, 140, 139, 13, 14, 116, 118, 136, 102, 10, 16, 36, 135, 26, 28, 105, 99, 148, 144, 115, 112, 149, 145, 147, 146, 12, 71, 58, 134, 109, 78, 48, 67, 61, 93, 85, 133, 42, 40, 143, 25, 7, 130, 131, 129, 132, 76, 74, 54, 110, 108, 9, 97, 128, 63, 106, 101, 120, 114, 121, 6, 1, 94, 127, 91, 64, 111, 30, 31, 11, 100, 96, 98, 52, 51, 46, 126, 2, 39, 68, 50, 47, 70, 60, 83, 125, 104, 124, 123, 142, 141, 62, 49, 56, 57, 38, 44, 24, 86, 69, 79, 80, 66, 72, 73, 87, 89, 88, 82, 103, 23, 5, 4, 22, 21, 20, 37, 34, 35, 84, 55, 92, 75, 90, 117, 119, 53, 77, 43, 15, 29, 27, 8, 41, 33, 0, 107, 45, 19, 95, 3, 59, 65, 81]",True,28475736446,28.475736446,"[139, 140, 13, 14, 116, 118, 136, 102, 115, 112, 36, 135, 28, 26, 99, 105, 149, 16, 148, 144, 10, 145, 146, 147, 12, 71, 58, 134, 109, 61, 78, 67, 48, 85, 93, 133, 42, 40, 143, 25, 7, 130, 132, 131, 129, 74, 121, 97, 128, 106, 101, 120, 114, 6, 1, 52, 76, 110, 108, 9, 63, 94, 127, 91, 64, 111, 30, 31, 11, 100, 96, 98, 54, 51, 46, 126, 2, 39, 68, 50, 47, 70, 60, 83, 125, 104, 124, 123, 142, 141, 62, 49, 56, 57, 38, 44, 24, 86, 69, 79, 80, 66, 72, 73, 82, 89, 87, 88, 103, 23, 5, 4, 22, 21, 20, 37, 34, 35, 84, 75, 53, 55, 117, 77, 90, 92, 119, 8, 43, 15, 27, 41, 29, 19, 95, 59, 107, 0, 33, 65, 3, 81, 45]","[45, 81, 3, 65, 33, 0, 107, 59, 95, 19, 29, 41, 27, 15, 43, 8, 119, 92, 90, 77, 117, 55, 53, 75, 84, 35, 34, 37, 20, 21, 22, 4, 5, 23, 103, 88, 87, 89, 82, 73, 72, 66, 80, 79, 69, 86, 24, 44, 38, 57, 56, 49, 62, 141, 142, 123, 124, 104, 125, 83, 60, 70, 47, 50, 68, 39, 2, 126, 46, 51, 54, 98, 96, 100, 11, 31, 30, 111, 64, 91, 127, 94, 63, 9, 108, 110, 76, 52, 1, 6, 114, 120, 101, 106, 128, 97, 121, 74, 129, 131, 132, 130, 7, 25, 143, 40, 42, 133, 93, 85, 48, 67, 78, 61, 109, 134, 58, 71, 12, 147, 146, 145, 10, 144, 148, 16, 149, 105, 99, 26, 28, 135, 36, 112, 115, 102, 136, 118, 116, 14, 13, 140, 139]",False,complete,1277,1277,10296,1134,1631,0,1631,1631,,False,,,,,,,2,213,26,213,26,26,26,26
1,456,5,8,141,"[17, 18, 32, 122, 137, 138, 139, 140]","[0, 1, 2, 3, 4, 5, 6, 7, 8, 9, 10, 11, 12, 13, 14, 15, 16, 19, 20, 21, 22, 23, 24, 25, 26, 27, 28, 29, 30, 31, 33, 34, 35, 36, 37, 38, 39, 40, 41, 42, 43, 44, 45, 46, 47, 48, 49, 50, 51, 52, 53, 54, 55, 56, 57, 58, 59, 60, 61, 62, 63, 64, 65, 66, 67, 68, 69, 70, 71, 72, 73, 74, 75, 76, 77, 78, 79, 80, 81, 82, 83, 84, 85, 86, 87, 88, 89, 90, 91, 92, 93, 94, 95, 96, 97, 98, 99, 100, 101, 102, 103, 104, 105, 106, 107, 108, 109, 110, 111, 112, 114, 115, 116, 117, 118, 119, 120, 121, 123, 124, 125, 126, 127, 128, 129, 130, 131, 132, 133, 134, 135, 136, 141, 142, 143, 144, 145, 146, 147, 148, 149]",{},[],0,"[122, 17, 18, 32, 137, 138, 140, 139, 13, 14, 116, 118, 136, 102, 10, 16, 36, 135, 26, 28, 105, 99, 148, 144, 115, 112, 149, 145, 147, 146, 12, 71, 58, 134, 109, 78, 48, 67, 61, 93, 85, 133, 42, 40, 143, 25, 7, 130, 131, 129, 132, 76, 74, 54, 110, 108, 9, 97, 128, 63, 106, 101, 120, 114, 121, 6, 1, 94, 127, 91, 64, 111, 30, 31, 11, 100, 96, 98, 52, 51, 46, 126, 2, 39, 68, 50, 47, 70, 60, 83, 125, 104, 124, 123, 142, 141, 62, 49, 56, 57, 38, 44, 24, 86, 69, 79, 80, 66, 72, 73, 87, 89, 88, 82, 103, 23, 5, 4, 22, 21, 20, 37, 34, 35, 84, 55, 92, 75, 90, 117, 119, 53, 77, 43, 15, 29, 27, 8, 41, 33, 0, 107, 45, 19, 95, 3, 59, 65, 81]",True,29841597324,29.841597324,"[13, 14, 116, 118, 136, 115, 10, 36, 135, 28, 26, 99, 105, 145, 148, 102, 149, 144, 112, 16, 147, 146, 12, 71, 58, 134, 109, 48, 61, 78, 67, 85, 93, 133, 40, 42, 143, 25, 7, 129, 132, 130, 131, 54, 76, 74, 110, 108, 9, 97, 128, 63, 106, 101, 120, 114, 121, 6, 1, 94, 127, 89, 64, 111, 30, 31, 11, 100, 96, 98, 52, 51, 46, 126, 2, 39, 68, 50, 47, 70, 60, 83, 125, 104, 124, 123, 141, 142, 62, 49, 56, 57, 38, 44, 24, 86, 69, 79, 80, 66, 72, 73, 87, 91, 88, 82, 103, 23, 5, 4, 22, 21, 20, 37, 34, 35, 84, 92, 77, 75, 90, 119, 53, 117, 55, 15, 41, 43, 29, 8, 27, 59, 45, 95, 33, 81, 65, 107, 19, 0, 3]","[3, 0, 19, 107, 65, 81, 33, 95, 45, 59, 27, 8, 29, 43, 41, 15, 55, 117, 53, 119, 90, 75, 77, 92, 84, 35, 34, 37, 20, 21, 22, 4, 5, 23, 103, 82, 88, 91, 87, 73, 72, 66, 80, 79, 69, 86, 24, 44, 38, 57, 56, 49, 62, 142, 141, 123, 124, 104, 125, 83, 60, 70, 47, 50, 68, 39, 2, 126, 46, 51, 52, 98, 96, 100, 11, 31, 30, 111, 64, 89, 127, 94, 1, 6, 121, 114, 120, 101, 106, 63, 128, 97, 9, 108, 110, 74, 76, 54, 131, 130, 132, 129, 7, 25, 143, 42, 40, 133, 93, 85, 67, 78, 61, 48, 109, 134, 58, 71, 12, 146, 147, 16, 112, 144, 149, 102, 148, 145, 105, 99, 26, 28, 135, 36, 10, 115, 136, 118, 116, 14, 13]",False,complete,1300,1300,10011,1159,1654,0,1654,1654,,False,,,,,,,2,212,25,212,25,25,25,25
1,457,6,10,139,"[13, 14, 17, 18, 32, 122, 137, 138, 139, 140]","[0, 1, 2, 3, 4, 5, 6, 7, 8, 9, 10, 11, 12, 15, 16, 19, 20, 21, 22, 23, 24, 25, 26, 27, 28, 29, 30, 31, 33, 34, 35, 36, 37, 38, 39, 40, 41, 42, 43, 44, 45, 46, 47, 48, 49, 50, 51, 52, 53, 54, 55, 56, 57, 58, 59, 60, 61, 62, 63, 64, 65, 66, 67, 68, 69, 70, 71, 72, 73, 74, 75, 76, 77, 78, 79, 80, 81, 82, 83, 84, 85, 86, 87, 88, 89, 90, 91, 92, 93, 94, 95, 96, 97, 98, 99, 100, 101, 102, 103, 104, 105, 106, 107, 108, 109, 110, 111, 112, 114, 115, 116, 117, 118, 119, 120, 121, 123, 124, 125, 126, 127, 128, 129, 130, 131, 132, 133, 134, 135, 136, 141, 142, 143, 144, 145, 146, 147, 148, 149]",{},[],0,"[122, 17, 18, 32, 137, 138, 140, 139, 13, 14, 116, 118, 136, 102, 10, 16, 36, 135, 26, 28, 105, 99, 148, 144, 115, 112, 149, 145, 147, 146, 12, 71, 58, 134, 109, 78, 48, 67, 61, 93, 85, 133, 42, 40, 143, 25, 7, 130, 131, 129, 132, 76, 74, 54, 110, 108, 9, 97, 128, 63, 106, 101, 120, 114, 121, 6, 1, 94, 127, 91, 64, 111, 30, 31, 11, 100, 96, 98, 52, 51, 46, 126, 2, 39, 68, 50, 47, 70, 60, 83, 125, 104, 124, 123, 142, 141, 62, 49, 56, 57, 38, 44, 24, 86, 69, 79, 80, 66, 72, 73, 87, 89, 88, 82, 103, 23, 5, 4, 22, 21, 20, 37, 34, 35, 84, 55, 92, 75, 90, 117, 119, 53, 77, 43, 15, 29, 27, 8, 41, 33, 0, 107, 45, 19, 95, 3, 59, 65, 81]",True,30252165448,30.252165448,"[116, 118, 136, 10, 115, 36, 135, 28, 26, 99, 105, 149, 102, 148, 144, 16, 112, 145, 146, 147, 12, 58, 71, 134, 109, 78, 61, 67, 48, 93, 85, 133, 42, 40, 143, 25, 7, 131, 132, 129, 130, 52, 74, 76, 110, 108, 9, 97, 128, 63, 106, 101, 120, 114, 121, 6, 1, 94, 127, 89, 64, 111, 30, 31, 11, 100, 96, 98, 54, 51, 46, 126, 47, 39, 68, 50, 2, 70, 60, 83, 125, 103, 124, 123, 142, 141, 62, 49, 56, 57, 38, 44, 24, 86, 69, 79, 80, 66, 72, 73, 87, 91, 88, 82, 104, 23, 5, 4, 22, 21, 20, 37, 34, 35, 84, 77, 92, 75, 53, 119, 90, 55, 117, 41, 27, 29, 43, 8, 15, 33, 0, 3, 59, 107, 95, 45, 81, 65, 19]","[19, 65, 81, 45, 95, 107, 59, 3, 0, 33, 15, 8, 43, 29, 27, 41, 117, 55, 90, 119, 53, 75, 92, 77, 84, 35, 34, 37, 20, 21, 22, 4, 5, 23, 104, 82, 88, 91, 87, 73, 72, 66, 80, 79, 69, 86, 24, 44, 38, 57, 56, 49, 62, 141, 142, 123, 124, 103, 125, 83, 60, 70, 2, 50, 68, 39, 47, 126, 46, 51, 54, 98, 96, 100, 11, 31, 30, 111, 64, 89, 127, 94, 1, 6, 121, 114, 120, 101, 106, 63, 128, 97, 9, 108, 110, 76, 74, 52, 130, 129, 132, 131, 7, 25, 143, 40, 42, 133, 85, 93, 48, 67, 61, 78, 109, 134, 71, 58, 12, 147, 146, 145, 112, 16, 144, 148, 102, 149, 105, 99, 26, 28, 135, 36, 115, 10, 136, 118, 116]",False,complete,1302,1302,9730,1163,1656,0,1656,1656,,False,,,,,,,2,213,24,213,24,24,24,24
1,458,7,12,137,"[13, 14, 17, 18, 32, 116, 118, 122, 137, 138, 139, 140]","[0, 1, 2, 3, 4, 5, 6, 7, 8, 9, 10, 11, 12, 15, 16, 19, 20, 21, 22, 23, 24, 25, 26, 27, 28, 29, 30, 31, 33, 34, 35, 36, 37, 38, 39, 40, 41, 42, 43, 44, 45, 46, 47, 48, 49, 50, 51, 52, 53, 54, 55, 56, 57, 58, 59, 60, 61, 62, 63, 64, 65, 66, 67, 68, 69, 70, 71, 72, 73, 74, 75, 76, 77, 78, 79, 80, 81, 82, 83, 84, 85, 86, 87, 88, 89, 90, 91, 92, 93, 94, 95, 96, 97, 98, 99, 100, 101, 102, 103, 104, 105, 106, 107, 108, 109, 110, 111, 112, 114, 115, 117, 119, 120, 121, 123, 124, 125, 126, 127, 128, 129, 130, 131, 132, 133, 134, 135, 136, 141, 142, 143, 144, 145, 146, 147, 148, 149]",{},[],0,"[122, 17, 18, 32, 137, 138, 140, 139, 13, 14, 116, 118, 136, 102, 10, 16, 36, 135, 26, 28, 105, 99, 148, 144, 115, 112, 149, 145, 147, 146, 12, 71, 58, 134, 109, 78, 48, 67, 61, 93, 85, 133, 42, 40, 143, 25, 7, 130, 131, 129, 132, 76, 74, 54, 110, 108, 9, 97, 128, 63, 106, 101, 120, 114, 121, 6, 1, 94, 127, 91, 64, 111, 30, 31, 11, 100, 96, 98, 52, 51, 46, 126, 2, 39, 68, 50, 47, 70, 60, 83, 125, 104, 124, 123, 142, 141, 62, 49, 56, 57, 38, 44, 24, 86, 69, 79, 80, 66, 72, 73, 87, 89, 88, 82, 103, 23, 5, 4, 22, 21, 20, 37, 34, 35, 84, 55, 92, 75, 90, 117, 119, 53, 77, 43, 15, 29, 27, 8, 41, 33, 0, 107, 45, 19, 95, 3, 59, 65, 81]",True,31235468354,31.235468354,"[136, 10, 115, 36, 135, 26, 28, 99, 105, 145, 144, 102, 148, 112, 16, 149, 146, 147, 12, 71, 58, 134, 109, 61, 48, 78, 67, 93, 85, 133, 42, 40, 143, 25, 7, 132, 130, 131, 129, 54, 74, 76, 110, 108, 9, 97, 128, 63, 106, 101, 120, 114, 121, 6, 1, 94, 127, 91, 64, 111, 30, 31, 11, 100, 96, 98, 52, 51, 46, 126, 2, 39, 68, 50, 47, 70, 60, 83, 125, 104, 124, 123, 142, 141, 62, 49, 56, 57, 38, 44, 24, 86, 69, 79, 80, 66, 72, 73, 87, 89, 88, 82, 103, 23, 5, 4, 22, 21, 20, 37, 34, 35, 84, 75, 92, 119, 53, 55, 117, 90, 77, 41, 29, 43, 15, 27, 8, 45, 59, 81, 3, 95, 65, 19, 107, 33, 0]","[0, 33, 107, 19, 65, 95, 3, 81, 59, 45, 8, 27, 15, 43, 29, 41, 77, 90, 117, 55, 53, 119, 92, 75, 84, 35, 34, 37, 20, 21, 22, 4, 5, 23, 103, 82, 88, 89, 87, 73, 72, 66, 80, 79, 69, 86, 24, 44, 38, 57, 56, 49, 62, 141, 142, 123, 124, 104, 125, 83, 60, 70, 47, 50, 68, 39, 2, 126, 46, 51, 52, 98, 96, 100, 11, 31, 30, 111, 64, 91, 127, 94, 1, 6, 121, 114, 120, 101, 106, 63, 128, 97, 9, 108, 110, 76, 74, 54, 129, 131, 130, 132, 7, 25, 143, 40, 42, 133, 85, 93, 67, 78, 48, 61, 109, 134, 58, 71, 12, 147, 146, 149, 16, 112, 148, 102, 144, 145, 105, 99, 28, 26, 135, 36, 115, 10, 136]",False,complete,1298,1298,9453,1161,1655,0,1655,1655,,False,,,,,,,2,212,25,212,25,25,25,25
1,459,8,14,135,"[13, 14, 17, 18, 32, 102, 116, 118, 122, 136, 137, 138, 139, 140]","[0, 1, 2, 3, 4, 5, 6, 7, 8, 9, 10, 11, 12, 15, 16, 19, 20, 21, 22, 23, 24, 25, 26, 27, 28, 29, 30, 31, 33, 34, 35, 36, 37, 38, 39, 40, 41, 42, 43, 44, 45, 46, 47, 48, 49, 50, 51, 52, 53, 54, 55, 56, 57, 58, 59, 60, 61, 62, 63, 64, 65, 66, 67, 68, 69, 70, 71, 72, 73, 74, 75, 76, 77, 78, 79, 80, 81, 82, 83, 84, 85, 86, 87, 88, 89, 90, 91, 92, 93, 94, 95, 96, 97, 98, 99, 100, 101, 103, 104, 105, 106, 107, 108, 109, 110, 111, 112, 114, 115, 117, 119, 120, 121, 123, 124, 125, 126, 127, 128, 129, 130, 131, 132, 133, 134, 135, 141, 142, 143, 144, 145, 146, 147, 148, 149]","{""support_1"": 149}",[149],1,"[122, 17, 18, 32, 137, 138, 140, 139, 13, 14, 116, 118, 136, 102, 10, 16, 36, 135, 26, 28, 105, 99, 148, 144, 115, 112, 149, 145, 147, 146, 12, 71, 58, 134, 109, 78, 48, 67, 61, 93, 85, 133, 42, 40, 143, 25, 7, 130, 131, 129, 132, 76, 74, 54, 110, 108, 9, 97, 128, 63, 106, 101, 120, 114, 121, 6, 1, 94, 127, 91, 64, 111, 30, 31, 11, 100, 96, 98, 52, 51, 46, 126, 2, 39, 68, 50, 47, 70, 60, 83, 125, 104, 124, 123, 142, 141, 62, 49, 56, 57, 38, 44, 24, 86, 69, 79, 80, 66, 72, 73, 87, 89, 88, 82, 103, 23, 5, 4, 22, 21, 20, 37, 34, 35, 84, 55, 92, 75, 90, 117, 119, 53, 77, 43, 15, 29, 27, 8, 41, 33, 0, 107, 45, 19, 95, 3, 59, 65, 81]",True,30784671473,30.784671473,"[115, 16, 36, 135, 28, 26, 105, 99, 145, 148, 112, 149, 144, 10, 147, 146, 12, 71, 58, 134, 109, 61, 48, 67, 78, 93, 85, 133, 42, 40, 143, 25, 7, 130, 132, 129, 131, 76, 52, 74, 110, 108, 9, 97, 128, 63, 106, 101, 120, 114, 121, 6, 1, 94, 127, 89, 64, 111, 30, 31, 11, 100, 96, 98, 54, 51, 46, 126, 47, 39, 68, 50, 2, 70, 60, 83, 125, 103, 124, 123, 141, 142, 62, 49, 56, 57, 38, 44, 24, 86, 69, 79, 80, 66, 72, 73, 87, 91, 88, 82, 104, 23, 5, 4, 22, 21, 20, 37, 34, 35, 84, 53, 75, 92, 117, 77, 90, 55, 119, 29, 15, 27, 8, 43, 41, 19, 45, 81, 3, 0, 65, 107, 59, 33, 95]","[95, 33, 59, 107, 65, 0, 3, 81, 45, 19, 41, 43, 8, 27, 15, 29, 119, 55, 90, 77, 117, 92, 75, 53, 84, 35, 34, 37, 20, 21, 22, 4, 5, 23, 104, 82, 88, 91, 87, 73, 72, 66, 80, 79, 69, 86, 24, 44, 38, 57, 56, 49, 62, 142, 141, 123, 124, 103, 125, 83, 60, 70, 2, 50, 68, 39, 47, 126, 46, 51, 54, 98, 96, 100, 11, 31, 30, 111, 64, 89, 127, 94, 1, 6, 121, 114, 120, 101, 106, 63, 128, 97, 9, 108, 110, 74, 52, 76, 131, 129, 132, 130, 7, 25, 143, 40, 42, 133, 85, 93, 78, 67, 48, 61, 109, 134, 58, 71, 12, 146, 147, 10, 144, 149, 112, 148, 145, 99, 105, 26, 28, 135, 36, 16, 115]",False,complete,1287,1287,9180,1152,1643,0,1643,1643,,False,,,,,,,2,212,23,212,24,24,23,24
1,460,9,16,133,"[10, 13, 14, 16, 17, 18, 32, 102, 116, 118, 122, 136, 137, 138, 139, 140]","[0, 1, 2, 3, 4, 5, 6, 7, 8, 9, 11, 12, 15, 19, 20, 21, 22, 23, 24, 25, 26, 27, 28, 29, 30, 31, 33, 34, 35, 36, 37, 38, 39, 40, 41, 42, 43, 44, 45, 46, 47, 48, 49, 50, 51, 52, 53, 54, 55, 56, 57, 58, 59, 60, 61, 62, 63, 64, 65, 66, 67, 68, 69, 70, 71, 72, 73, 74, 75, 76, 77, 78, 79, 80, 81, 82, 83, 84, 85, 86, 87, 88, 89, 90, 91, 92, 93, 94, 95, 96, 97, 98, 99, 100, 101, 103, 104, 105, 106, 107, 108, 109, 110, 111, 112, 114, 115, 117, 119, 120, 121, 123, 124, 125, 126, 127, 128, 129, 130, 131, 132, 133, 134, 135, 141, 142, 143, 144, 145, 146, 147, 148, 149]","{""support_1"": 149, ""support_2"": 144}","[144, 149]",2,"[122, 17, 18, 32, 137, 138, 140, 139, 13, 14, 116, 118, 136, 102, 10, 16, 36, 135, 26, 28, 105, 99, 148, 144, 115, 112, 149, 145, 147, 146, 12, 71, 58, 134, 109, 78, 48, 67, 61, 93, 85, 133, 42, 40, 143, 25, 7, 130, 131, 129, 132, 76, 74, 54, 110, 108, 9, 97, 128, 63, 106, 101, 120, 114, 121, 6, 1, 94, 127, 91, 64, 111, 30, 31, 11, 100, 96, 98, 52, 51, 46, 126, 2, 39, 68, 50, 47, 70, 60, 83, 125, 104, 124, 123, 142, 141, 62, 49, 56, 57, 38, 44, 24, 86, 69, 79, 80, 66, 72, 73, 87, 89, 88, 82, 103, 23, 5, 4, 22, 21, 20, 37, 34, 35, 84, 55, 92, 75, 90, 117, 119, 53, 77, 43, 15, 29, 27, 8, 41, 33, 0, 107, 45, 19, 95, 3, 59, 65, 81]",True,30432285961,30.432285961,"[36, 135, 26, 28, 105, 99, 145, 149, 112, 144, 115, 148, 146, 147, 12, 58, 71, 134, 109, 67, 61, 78, 48, 85, 93, 133, 42, 40, 143, 25, 7, 129, 130, 131, 132, 74, 121, 97, 128, 106, 101, 120, 114, 6, 1, 54, 76, 110, 108, 9, 63, 94, 127, 89, 64, 111, 30, 31, 11, 100, 96, 98, 52, 51, 46, 126, 2, 39, 68, 50, 47, 70, 60, 83, 125, 104, 124, 123, 142, 141, 62, 49, 56, 57, 38, 44, 24, 86, 69, 79, 80, 66, 72, 73, 82, 91, 87, 88, 103, 23, 5, 4, 22, 21, 20, 37, 34, 35, 84, 55, 77, 90, 119, 117, 75, 92, 53, 41, 43, 15, 29, 27, 8, 33, 45, 81, 95, 107, 3, 0, 19, 59, 65]","[65, 59, 19, 0, 3, 107, 95, 81, 45, 33, 8, 27, 29, 15, 43, 41, 53, 92, 75, 117, 119, 90, 77, 55, 84, 35, 34, 37, 20, 21, 22, 4, 5, 23, 103, 88, 87, 91, 82, 73, 72, 66, 80, 79, 69, 86, 24, 44, 38, 57, 56, 49, 62, 141, 142, 123, 124, 104, 125, 83, 60, 70, 47, 50, 68, 39, 2, 126, 46, 51, 52, 98, 96, 100, 11, 31, 30, 111, 64, 89, 127, 94, 63, 9, 108, 110, 76, 54, 1, 6, 114, 120, 101, 106, 128, 97, 121, 74, 132, 131, 130, 129, 7, 25, 143, 40, 42, 133, 93, 85, 48, 78, 61, 67, 109, 134, 71, 58, 12, 147, 146, 148, 115, 144, 112, 149, 145, 99, 105, 28, 26, 135, 36]",False,complete,1269,1269,8911,1136,1619,0,1619,1619,,False,,,,,,,2,207,25,207,27,27,25,27
1,461,10,18,131,"[10, 13, 14, 16, 17, 18, 32, 36, 102, 116, 118, 122, 135, 136, 137, 138, 139, 140]","[0, 1, 2, 3, 4, 5, 6, 7, 8, 9, 11, 12, 15, 19, 20, 21, 22, 23, 24, 25, 26, 27, 28, 29, 30, 31, 33, 34, 35, 37, 38, 39, 40, 41, 42, 43, 44, 45, 46, 47, 48, 49, 50, 51, 52, 53, 54, 55, 56, 57, 58, 59, 60, 61, 62, 63, 64, 65, 66, 67, 68, 69, 70, 71, 72, 73, 74, 75, 76, 77, 78, 79, 80, 81, 82, 83, 84, 85, 86, 87, 88, 89, 90, 91, 92, 93, 94, 95, 96, 97, 98, 99, 100, 101, 103, 104, 105, 106, 107, 108, 109, 110, 111, 112, 114, 115, 117, 119, 120, 121, 123, 124, 125, 126, 127, 128, 129, 130, 131, 132, 133, 134, 141, 142, 143, 144, 145, 146, 147, 148, 149]","{""support_1"": 149, ""support_2"": 144}","[144, 149]",2,"[122, 17, 18, 32, 137, 138, 140, 139, 13, 14, 116, 118, 136, 102, 10, 16, 36, 135, 26, 28, 105, 99, 148, 144, 115, 112, 149, 145, 147, 146, 12, 71, 58, 134, 109, 78, 48, 67, 61, 93, 85, 133, 42, 40, 143, 25, 7, 130, 131, 129, 132, 76, 74, 54, 110, 108, 9, 97, 128, 63, 106, 101, 120, 114, 121, 6, 1, 94, 127, 91, 64, 111, 30, 31, 11, 100, 96, 98, 52, 51, 46, 126, 2, 39, 68, 50, 47, 70, 60, 83, 125, 104, 124, 123, 142, 141, 62, 49, 56, 57, 38, 44, 24, 86, 69, 79, 80, 66, 72, 73, 87, 89, 88, 82, 103, 23, 5, 4, 22, 21, 20, 37, 34, 35, 84, 55, 92, 75, 90, 117, 119, 53, 77, 43, 15, 29, 27, 8, 41, 33, 0, 107, 45, 19, 95, 3, 59, 65, 81]",True,29032211330,29.032211330,"[26, 28, 105, 99, 148, 149, 112, 144, 115, 145, 147, 146, 12, 58, 71, 134, 109, 78, 67, 61, 48, 93, 85, 133, 40, 42, 143, 25, 7, 131, 132, 129, 130, 74, 121, 97, 128, 106, 101, 120, 114, 6, 1, 54, 76, 110, 108, 9, 63, 94, 127, 91, 64, 111, 30, 31, 11, 100, 96, 98, 52, 51, 46, 126, 2, 39, 68, 50, 47, 70, 60, 83, 125, 103, 124, 123, 141, 142, 62, 49, 56, 57, 38, 44, 24, 86, 69, 79, 80, 66, 72, 73, 87, 89, 88, 82, 104, 23, 5, 4, 22, 21, 20, 37, 34, 35, 84, 119, 77, 75, 53, 55, 92, 117, 90, 43, 27, 41, 8, 15, 29, 59, 107, 0, 65, 33, 45, 19, 95, 81, 3]","[3, 81, 95, 19, 45, 33, 65, 0, 107, 59, 29, 15, 8, 41, 27, 43, 90, 117, 92, 55, 53, 75, 77, 119, 84, 35, 34, 37, 20, 21, 22, 4, 5, 23, 104, 82, 88, 89, 87, 73, 72, 66, 80, 79, 69, 86, 24, 44, 38, 57, 56, 49, 62, 142, 141, 123, 124, 103, 125, 83, 60, 70, 47, 50, 68, 39, 2, 126, 46, 51, 52, 98, 96, 100, 11, 31, 30, 111, 64, 91, 127, 94, 63, 9, 108, 110, 76, 54, 1, 6, 114, 120, 101, 106, 128, 97, 121, 74, 130, 129, 132, 131, 7, 25, 143, 42, 40, 133, 85, 93, 48, 61, 67, 78, 109, 134, 71, 58, 12, 146, 147, 145, 115, 144, 112, 149, 148, 99, 105, 28, 26]",False,complete,1267,1267,8646,1136,1598,0,1598,1598,,False,,,,,,,2,204,23,204,25,25,23,25
1,462,11,20,129,"[10, 13, 14, 16, 17, 18, 26, 28, 32, 36, 102, 116, 118, 122, 135, 136, 137, 138, 139, 140]","[0, 1, 2, 3, 4, 5, 6, 7, 8, 9, 11, 12, 15, 19, 20, 21, 22, 23, 24, 25, 27, 29, 30, 31, 33, 34, 35, 37, 38, 39, 40, 41, 42, 43, 44, 45, 46, 47, 48, 49, 50, 51, 52, 53, 54, 55, 56, 57, 58, 59, 60, 61, 62, 63, 64, 65, 66, 67, 68, 69, 70, 71, 72, 73, 74, 75, 76, 77, 78, 79, 80, 81, 82, 83, 84, 85, 86, 87, 88, 89, 90, 91, 92, 93, 94, 95, 96, 97, 98, 99, 100, 101, 103, 104, 105, 106, 107, 108, 109, 110, 111, 112, 114, 115, 117, 119, 120, 121, 123, 124, 125, 126, 127, 128, 129, 130, 131, 132, 133, 134, 141, 142, 143, 144, 145, 146, 147, 148, 149]","{""support_1"": 149, ""support_2"": 144}","[144, 149]",2,"[122, 17, 18, 32, 137, 138, 140, 139, 13, 14, 116, 118, 136, 102, 10, 16, 36, 135, 26, 28, 105, 99, 148, 144, 115, 112, 149, 145, 147, 146, 12, 71, 58, 134, 109, 78, 48, 67, 61, 93, 85, 133, 42, 40, 143, 25, 7, 130, 131, 129, 132, 76, 74, 54, 110, 108, 9, 97, 128, 63, 106, 101, 120, 114, 121, 6, 1, 94, 127, 91, 64, 111, 30, 31, 11, 100, 96, 98, 52, 51, 46, 126, 2, 39, 68, 50, 47, 70, 60, 83, 125, 104, 124, 123, 142, 141, 62, 49, 56, 57, 38, 44, 24, 86, 69, 79, 80, 66, 72, 73, 87, 89, 88, 82, 103, 23, 5, 4, 22, 21, 20, 37, 34, 35, 84, 55, 92, 75, 90, 117, 119, 53, 77, 43, 15, 29, 27, 8, 41, 33, 0, 107, 45, 19, 95, 3, 59, 65, 81]",True,26819904159,26.819904159,"[105, 99, 148, 149, 112, 144, 115, 145, 147, 146, 12, 71, 58, 134, 109, 78, 48, 67, 61, 85, 93, 133, 40, 42, 143, 25, 7, 129, 130, 132, 131, 76, 74, 52, 110, 108, 9, 97, 128, 63, 106, 101, 120, 114, 121, 6, 1, 94, 127, 89, 64, 111, 30, 31, 11, 100, 96, 98, 54, 51, 46, 126, 47, 70, 39, 2, 23, 5, 4, 22, 21, 20, 37, 34, 35, 69, 91, 73, 79, 72, 80, 66, 68, 60, 83, 50, 86, 44, 24, 125, 103, 124, 123, 142, 141, 62, 49, 56, 38, 57, 82, 87, 88, 104, 84, 77, 53, 119, 90, 55, 92, 75, 117, 8, 27, 43, 15, 41, 29, 65, 3, 19, 45, 81, 107, 95, 0, 33, 59]","[59, 33, 0, 95, 107, 81, 45, 19, 3, 65, 29, 41, 15, 43, 27, 8, 117, 75, 92, 55, 90, 119, 53, 77, 84, 104, 88, 87, 82, 57, 38, 56, 49, 62, 141, 142, 123, 124, 103, 125, 24, 44, 86, 50, 83, 60, 68, 66, 80, 72, 79, 73, 91, 69, 35, 34, 37, 20, 21, 22, 4, 5, 23, 2, 39, 70, 47, 126, 46, 51, 54, 98, 96, 100, 11, 31, 30, 111, 64, 89, 127, 94, 1, 6, 121, 114, 120, 101, 106, 63, 128, 97, 9, 108, 110, 52, 74, 76, 131, 132, 130, 129, 7, 25, 143, 42, 40, 133, 93, 85, 61, 67, 48, 78, 109, 134, 58, 71, 12, 146, 147, 145, 115, 144, 112, 149, 148, 99, 105]",False,complete,1075,1075,8385,946,1349,0,1349,1349,,False,,,,,,,2,198,20,198,22,22,20,22
1,463,12,22,127,"[10, 13, 14, 16, 17, 18, 26, 28, 32, 36, 99, 102, 105, 116, 118, 122, 135, 136, 137, 138, 139, 140]","[0, 1, 2, 3, 4, 5, 6, 7, 8, 9, 11, 12, 15, 19, 20, 21, 22, 23, 24, 25, 27, 29, 30, 31, 33, 34, 35, 37, 38, 39, 40, 41, 42, 43, 44, 45, 46, 47, 48, 49, 50, 51, 52, 53, 54, 55, 56, 57, 58, 59, 60, 61, 62, 63, 64, 65, 66, 67, 68, 69, 70, 71, 72, 73, 74, 75, 76, 77, 78, 79, 80, 81, 82, 83, 84, 85, 86, 87, 88, 89, 90, 91, 92, 93, 94, 95, 96, 97, 98, 100, 101, 103, 104, 106, 107, 108, 109, 110, 111, 112, 114, 115, 117, 119, 120, 121, 123, 124, 125, 126, 127, 128, 129, 130, 131, 132, 133, 134, 141, 142, 143, 144, 145, 146, 147, 148, 149]","{""support_1"": 149, ""support_2"": 144}","[144, 149]",2,"[122, 17, 18, 32, 137, 138, 140, 139, 13, 14, 116, 118, 136, 102, 10, 16, 36, 135, 26, 28, 105, 99, 148, 144, 115, 112, 149, 145, 147, 146, 12, 71, 58, 134, 109, 78, 48, 67, 61, 93, 85, 133, 42, 40, 143, 25, 7, 130, 131, 129, 132, 76, 74, 54, 110, 108, 9, 97, 128, 63, 106, 101, 120, 114, 121, 6, 1, 94, 127, 91, 64, 111, 30, 31, 11, 100, 96, 98, 52, 51, 46, 126, 2, 39, 68, 50, 47, 70, 60, 83, 125, 104, 124, 123, 142, 141, 62, 49, 56, 57, 38, 44, 24, 86, 69, 79, 80, 66, 72, 73, 87, 89, 88, 82, 103, 23, 5, 4, 22, 21, 20, 37, 34, 35, 84, 55, 92, 75, 90, 117, 119, 53, 77, 43, 15, 29, 27, 8, 41, 33, 0, 107, 45, 19, 95, 3, 59, 65, 81]",True,29098000022,29.098000022,"[149, 112, 145, 148, 144, 115, 147, 146, 12, 58, 71, 134, 109, 67, 61, 48, 78, 85, 93, 133, 42, 40, 143, 25, 7, 132, 129, 131, 130, 74, 121, 97, 128, 106, 114, 120, 101, 6, 1, 52, 76, 110, 108, 9, 63, 94, 127, 91, 64, 111, 30, 31, 11, 100, 96, 98, 54, 51, 46, 126, 47, 39, 68, 50, 2, 70, 60, 83, 125, 103, 124, 123, 141, 142, 62, 49, 56, 57, 38, 44, 24, 86, 69, 79, 80, 66, 72, 73, 87, 89, 88, 82, 104, 23, 5, 4, 22, 21, 20, 37, 34, 35, 84, 53, 75, 55, 77, 92, 119, 117, 90, 43, 41, 8, 15, 27, 29, 81, 65, 95, 59, 107, 3, 45, 33, 19, 0]","[0, 19, 33, 45, 3, 107, 59, 95, 65, 81, 29, 27, 15, 8, 41, 43, 90, 117, 119, 92, 77, 55, 75, 53, 84, 35, 34, 37, 20, 21, 22, 4, 5, 23, 104, 82, 88, 89, 87, 73, 72, 66, 80, 79, 69, 86, 24, 44, 38, 57, 56, 49, 62, 142, 141, 123, 124, 103, 125, 83, 60, 70, 2, 50, 68, 39, 47, 126, 46, 51, 54, 98, 96, 100, 11, 31, 30, 111, 64, 91, 127, 94, 63, 9, 108, 110, 76, 52, 1, 6, 101, 120, 114, 106, 128, 97, 121, 74, 130, 131, 129, 132, 7, 25, 143, 40, 42, 133, 93, 85, 78, 48, 61, 67, 109, 134, 71, 58, 12, 146, 147, 115, 144, 148, 145, 112, 149]",False,complete,1258,1258,8128,1131,1611,0,1611,1611,,False,,,,,,,2,195,23,195,24,24,23,25
1,464,13,24,125,"[10, 13, 14, 16, 17, 18, 26, 28, 32, 36, 99, 102, 105, 116, 118, 122, 135, 136, 137, 138, 139, 140, 144, 148]","[0, 1, 2, 3, 4, 5, 6, 7, 8, 9, 11, 12, 15, 19, 20, 21, 22, 23, 24, 25, 27, 29, 30, 31, 33, 34, 35, 37, 38, 39, 40, 41, 42, 43, 44, 45, 46, 47, 48, 49, 50, 51, 52, 53, 54, 55, 56, 57, 58, 59, 60, 61, 62, 63, 64, 65, 66, 67, 68, 69, 70, 71, 72, 73, 74, 75, 76, 77, 78, 79, 80, 81, 82, 83, 84, 85, 86, 87, 88, 89, 90, 91, 92, 93, 94, 95, 96, 97, 98, 100, 101, 103, 104, 106, 107, 108, 109, 110, 111, 112, 114, 115, 117, 119, 120, 121, 123, 124, 125, 126, 127, 128, 129, 130, 131, 132, 133, 134, 141, 142, 143, 145, 146, 147, 149]","{""support_1"": 149}",[149],1,"[122, 17, 18, 32, 137, 138, 140, 139, 13, 14, 116, 118, 136, 102, 10, 16, 36, 135, 26, 28, 105, 99, 148, 144, 115, 112, 149, 145, 147, 146, 12, 71, 58, 134, 109, 78, 48, 67, 61, 93, 85, 133, 42, 40, 143, 25, 7, 130, 131, 129, 132, 76, 74, 54, 110, 108, 9, 97, 128, 63, 106, 101, 120, 114, 121, 6, 1, 94, 127, 91, 64, 111, 30, 31, 11, 100, 96, 98, 52, 51, 46, 126, 2, 39, 68, 50, 47, 70, 60, 83, 125, 104, 124, 123, 142, 141, 62, 49, 56, 57, 38, 44, 24, 86, 69, 79, 80, 66, 72, 73, 87, 89, 88, 82, 103, 23, 5, 4, 22, 21, 20, 37, 34, 35, 84, 55, 92, 75, 90, 117, 119, 53, 77, 43, 15, 29, 27, 8, 41, 33, 0, 107, 45, 19, 95, 3, 59, 65, 81]",True,24871284562,24.871284562,"[115, 112, 145, 149, 146, 147, 12, 71, 58, 134, 109, 67, 78, 61, 48, 93, 85, 133, 42, 40, 143, 25, 7, 130, 129, 132, 131, 76, 54, 74, 110, 108, 9, 97, 128, 63, 106, 101, 120, 114, 121, 6, 1, 94, 127, 89, 64, 111, 30, 31, 11, 100, 96, 98, 52, 51, 46, 126, 2, 70, 39, 47, 23, 5, 4, 22, 21, 20, 37, 34, 35, 69, 91, 73, 79, 72, 80, 87, 88, 104, 103, 125, 66, 68, 60, 83, 50, 86, 82, 44, 24, 124, 123, 142, 141, 62, 49, 56, 38, 57, 84, 90, 55, 92, 119, 77, 75, 117, 53, 43, 15, 27, 8, 41, 29, 0, 3, 19, 81, 45, 33, 65, 59, 107, 95]","[95, 107, 59, 65, 33, 45, 81, 19, 3, 0, 29, 41, 8, 27, 15, 43, 53, 117, 75, 77, 119, 92, 55, 90, 84, 57, 38, 56, 49, 62, 141, 142, 123, 124, 24, 44, 82, 86, 50, 83, 60, 68, 66, 125, 103, 104, 88, 87, 80, 72, 79, 73, 91, 69, 35, 34, 37, 20, 21, 22, 4, 5, 23, 47, 39, 70, 2, 126, 46, 51, 52, 98, 96, 100, 11, 31, 30, 111, 64, 89, 127, 94, 1, 6, 121, 114, 120, 101, 106, 63, 128, 97, 9, 108, 110, 74, 54, 76, 131, 132, 129, 130, 7, 25, 143, 40, 42, 133, 85, 93, 48, 61, 78, 67, 109, 134, 58, 71, 12, 147, 146, 149, 145, 112, 115]",False,complete,1046,1046,7875,921,1376,0,1376,1376,,False,,,,,,,2,191,19,191,20,20,19,20
1,465,14,26,123,"[10, 13, 14, 16, 17, 18, 26, 28, 32, 36, 99, 102, 105, 112, 115, 116, 118, 122, 135, 136, 137, 138, 139, 140, 144, 148]","[0, 1, 2, 3, 4, 5, 6, 7, 8, 9, 11, 12, 15, 19, 20, 21, 22, 23, 24, 25, 27, 29, 30, 31, 33, 34, 35, 37, 38, 39, 40, 41, 42, 43, 44, 45, 46, 47, 48, 49, 50, 51, 52, 53, 54, 55, 56, 57, 58, 59, 60, 61, 62, 63, 64, 65, 66, 67, 68, 69, 70, 71, 72, 73, 74, 75, 76, 77, 78, 79, 80, 81, 82, 83, 84, 85, 86, 87, 88, 89, 90, 91, 92, 93, 94, 95, 96, 97, 98, 100, 101, 103, 104, 106, 107, 108, 109, 110, 111, 114, 117, 119, 120, 121, 123, 124, 125, 126, 127, 128, 129, 130, 131, 132, 133, 134, 141, 142, 143, 145, 146, 147, 149]","{""support_1"": 149, ""support_2"": 111}","[111, 149]",2,"[122, 17, 18, 32, 137, 138, 140, 139, 13, 14, 116, 118, 136, 102, 10, 16, 36, 135, 26, 28, 105, 99, 148, 144, 115, 112, 149, 145, 147, 146, 12, 71, 58, 134, 109, 78, 48, 67, 61, 93, 85, 133, 42, 40, 143, 25, 7, 130, 131, 129, 132, 76, 74, 54, 110, 108, 9, 97, 128, 63, 106, 101, 120, 114, 121, 6, 1, 94, 127, 91, 64, 111, 30, 31, 11, 100, 96, 98, 52, 51, 46, 126, 2, 39, 68, 50, 47, 70, 60, 83, 125, 104, 124, 123, 142, 141, 62, 49, 56, 57, 38, 44, 24, 86, 69, 79, 80, 66, 72, 73, 87, 89, 88, 82, 103, 23, 5, 4, 22, 21, 20, 37, 34, 35, 84, 55, 92, 75, 90, 117, 119, 53, 77, 43, 15, 29, 27, 8, 41, 33, 0, 107, 45, 19, 95, 3, 59, 65, 81]",True,26778622751,26.778622751,"[149, 145, 147, 146, 12, 58, 71, 134, 109, 48, 61, 67, 78, 93, 85, 133, 40, 42, 143, 25, 7, 129, 130, 131, 132, 74, 121, 97, 128, 106, 101, 120, 114, 6, 1, 52, 76, 110, 108, 9, 63, 94, 127, 91, 64, 111, 30, 31, 11, 100, 96, 98, 54, 51, 46, 126, 2, 39, 68, 50, 47, 70, 60, 83, 125, 103, 124, 123, 142, 141, 62, 49, 56, 57, 38, 44, 24, 86, 69, 79, 80, 66, 72, 73, 82, 89, 87, 88, 104, 23, 5, 4, 22, 21, 20, 37, 34, 35, 84, 90, 92, 75, 53, 119, 55, 117, 77, 43, 29, 41, 15, 8, 27, 59, 19, 33, 107, 3, 45, 81, 0, 65, 95]","[95, 65, 0, 81, 45, 3, 107, 33, 19, 59, 27, 8, 15, 41, 29, 43, 77, 117, 55, 119, 53, 75, 92, 90, 84, 35, 34, 37, 20, 21, 22, 4, 5, 23, 104, 88, 87, 89, 82, 73, 72, 66, 80, 79, 69, 86, 24, 44, 38, 57, 56, 49, 62, 141, 142, 123, 124, 103, 125, 83, 60, 70, 47, 50, 68, 39, 2, 126, 46, 51, 54, 98, 96, 100, 11, 31, 30, 111, 64, 91, 127, 94, 63, 9, 108, 110, 76, 52, 1, 6, 114, 120, 101, 106, 128, 97, 121, 74, 132, 131, 130, 129, 7, 25, 143, 42, 40, 133, 85, 93, 78, 67, 61, 48, 109, 134, 71, 58, 12, 146, 147, 145, 149]",False,complete,1226,1226,7626,1103,1568,0,1568,1568,,False,,,,,,,2,189,23,189,24,24,23,25
1,466,15,28,121,"[10, 13, 14, 16, 17, 18, 26, 28, 32, 36, 99, 102, 105, 112, 115, 116, 118, 122, 135, 136, 137, 138, 139, 140, 144, 145, 148, 149]","[0, 1, 2, 3, 4, 5, 6, 7, 8, 9, 11, 12, 15, 19, 20, 21, 22, 23, 24, 25, 27, 29, 30, 31, 33, 34, 35, 37, 38, 39, 40, 41, 42, 43, 44, 45, 46, 47, 48, 49, 50, 51, 52, 53, 54, 55, 56, 57, 58, 59, 60, 61, 62, 63, 64, 65, 66, 67, 68, 69, 70, 71, 72, 73, 74, 75, 76, 77, 78, 79, 80, 81, 82, 83, 84, 85, 86, 87, 88, 89, 90, 91, 92, 93, 94, 95, 96, 97, 98, 100, 101, 103, 104, 106, 107, 108, 109, 110, 111, 114, 117, 119, 120, 121, 123, 124, 125, 126, 127, 128, 129, 130, 131, 132, 133, 134, 141, 142, 143, 146, 147]","{""support_1"": 106, ""support_2"": 111}","[106, 111]",2,"[122, 17, 18, 32, 137, 138, 140, 139, 13, 14, 116, 118, 136, 102, 10, 16, 36, 135, 26, 28, 105, 99, 148, 144, 115, 112, 149, 145, 147, 146, 12, 71, 58, 134, 109, 78, 48, 67, 61, 93, 85, 133, 42, 40, 143, 25, 7, 130, 131, 129, 132, 76, 74, 54, 110, 108, 9, 97, 128, 63, 106, 101, 120, 114, 121, 6, 1, 94, 127, 91, 64, 111, 30, 31, 11, 100, 96, 98, 52, 51, 46, 126, 2, 39, 68, 50, 47, 70, 60, 83, 125, 104, 124, 123, 142, 141, 62, 49, 56, 57, 38, 44, 24, 86, 69, 79, 80, 66, 72, 73, 87, 89, 88, 82, 103, 23, 5, 4, 22, 21, 20, 37, 34, 35, 84, 55, 92, 75, 90, 117, 119, 53, 77, 43, 15, 29, 27, 8, 41, 33, 0, 107, 45, 19, 95, 3, 59, 65, 81]",True,26326251096,26.326251096,"[147, 146, 12, 71, 58, 134, 109, 61, 78, 48, 67, 85, 93, 133, 42, 40, 143, 25, 7, 131, 132, 130, 129, 76, 52, 74, 110, 108, 9, 97, 128, 63, 106, 101, 120, 114, 121, 6, 1, 94, 127, 91, 64, 111, 30, 31, 11, 100, 96, 98, 54, 51, 46, 126, 2, 39, 68, 50, 47, 70, 60, 83, 125, 103, 124, 123, 142, 141, 62, 49, 56, 57, 38, 44, 24, 86, 69, 79, 80, 66, 72, 73, 82, 89, 87, 88, 104, 23, 5, 4, 22, 21, 20, 37, 34, 35, 84, 92, 77, 55, 53, 75, 119, 117, 90, 27, 8, 15, 43, 41, 29, 3, 107, 81, 95, 45, 0, 33, 65, 19, 59]","[59, 19, 65, 33, 0, 45, 95, 81, 107, 3, 29, 41, 43, 15, 8, 27, 90, 117, 119, 75, 53, 55, 77, 92, 84, 35, 34, 37, 20, 21, 22, 4, 5, 23, 104, 88, 87, 89, 82, 73, 72, 66, 80, 79, 69, 86, 24, 44, 38, 57, 56, 49, 62, 141, 142, 123, 124, 103, 125, 83, 60, 70, 47, 50, 68, 39, 2, 126, 46, 51, 54, 98, 96, 100, 11, 31, 30, 111, 64, 91, 127, 94, 1, 6, 121, 114, 120, 101, 106, 63, 128, 97, 9, 108, 110, 74, 52, 76, 129, 130, 132, 131, 7, 25, 143, 40, 42, 133, 93, 85, 67, 48, 78, 61, 109, 134, 58, 71, 12, 146, 147]",False,complete,1226,1226,7381,1105,1557,0,1557,1557,,False,,,,,,,2,185,21,185,23,23,21,23
1,467,16,30,119,"[10, 13, 14, 16, 17, 18, 26, 28, 32, 36, 99, 102, 105, 112, 115, 116, 118, 122, 135, 136, 137, 138, 139, 140, 144, 145, 146, 147, 148, 149]","[0, 1, 2, 3, 4, 5, 6, 7, 8, 9, 11, 12, 15, 19, 20, 21, 22, 23, 24, 25, 27, 29, 30, 31, 33, 34, 35, 37, 38, 39, 40, 41, 42, 43, 44, 45, 46, 47, 48, 49, 50, 51, 52, 53, 54, 55, 56, 57, 58, 59, 60, 61, 62, 63, 64, 65, 66, 67, 68, 69, 70, 71, 72, 73, 74, 75, 76, 77, 78, 79, 80, 81, 82, 83, 84, 85, 86, 87, 88, 89, 90, 91, 92, 93, 94, 95, 96, 97, 98, 100, 101, 103, 104, 106, 107, 108, 109, 110, 111, 114, 117, 119, 120, 121, 123, 124, 125, 126, 127, 128, 129, 130, 131, 132, 133, 134, 141, 142, 143]","{""support_1"": 106, ""support_2"": 111}","[106, 111]",2,"[122, 17, 18, 32, 137, 138, 140, 139, 13, 14, 116, 118, 136, 102, 10, 16, 36, 135, 26, 28, 105, 99, 148, 144, 115, 112, 149, 145, 147, 146, 12, 71, 58, 134, 109, 78, 48, 67, 61, 93, 85, 133, 42, 40, 143, 25, 7, 130, 131, 129, 132, 76, 74, 54, 110, 108, 9, 97, 128, 63, 106, 101, 120, 114, 121, 6, 1, 94, 127, 91, 64, 111, 30, 31, 11, 100, 96, 98, 52, 51, 46, 126, 2, 39, 68, 50, 47, 70, 60, 83, 125, 104, 124, 123, 142, 141, 62, 49, 56, 57, 38, 44, 24, 86, 69, 79, 80, 66, 72, 73, 87, 89, 88, 82, 103, 23, 5, 4, 22, 21, 20, 37, 34, 35, 84, 55, 92, 75, 90, 117, 119, 53, 77, 43, 15, 29, 27, 8, 41, 33, 0, 107, 45, 19, 95, 3, 59, 65, 81]",True,26439223165,26.439223165,"[12, 58, 71, 134, 109, 78, 48, 67, 61, 85, 93, 133, 40, 42, 143, 25, 7, 130, 129, 132, 131, 74, 121, 97, 128, 106, 101, 120, 114, 6, 1, 76, 52, 110, 108, 9, 63, 94, 127, 89, 64, 111, 30, 31, 11, 100, 96, 98, 54, 51, 46, 126, 47, 39, 68, 50, 2, 70, 60, 83, 125, 104, 124, 123, 141, 142, 62, 49, 56, 57, 38, 44, 24, 86, 69, 79, 80, 66, 72, 73, 82, 91, 87, 88, 103, 23, 5, 4, 22, 21, 20, 37, 34, 35, 84, 119, 75, 90, 92, 55, 77, 53, 117, 15, 8, 43, 29, 41, 27, 19, 107, 65, 95, 59, 33, 0, 81, 3, 45]","[45, 3, 81, 0, 33, 59, 95, 65, 107, 19, 27, 41, 29, 43, 8, 15, 117, 53, 77, 55, 92, 90, 75, 119, 84, 35, 34, 37, 20, 21, 22, 4, 5, 23, 103, 88, 87, 91, 82, 73, 72, 66, 80, 79, 69, 86, 24, 44, 38, 57, 56, 49, 62, 142, 141, 123, 124, 104, 125, 83, 60, 70, 2, 50, 68, 39, 47, 126, 46, 51, 54, 98, 96, 100, 11, 31, 30, 111, 64, 89, 127, 94, 63, 9, 108, 110, 52, 76, 1, 6, 114, 120, 101, 106, 128, 97, 121, 74, 131, 132, 129, 130, 7, 25, 143, 42, 40, 133, 93, 85, 61, 67, 48, 78, 109, 134, 71, 58, 12]",False,complete,1221,1221,7140,1102,1570,0,1570,1570,,False,,,,,,,2,181,22,181,24,24,22,24
1,468,17,32,117,"[10, 12, 13, 14, 16, 17, 18, 26, 28, 32, 36, 71, 99, 102, 105, 112, 115, 116, 118, 122, 135, 136, 137, 138, 139, 140, 144, 145, 146, 147, 148, 149]","[0, 1, 2, 3, 4, 5, 6, 7, 8, 9, 11, 15, 19, 20, 21, 22, 23, 24, 25, 27, 29, 30, 31, 33, 34, 35, 37, 38, 39, 40, 41, 42, 43, 44, 45, 46, 47, 48, 49, 50, 51, 52, 53, 54, 55, 56, 57, 58, 59, 60, 61, 62, 63, 64, 65, 66, 67, 68, 69, 70, 72, 73, 74, 75, 76, 77, 78, 79, 80, 81, 82, 83, 84, 85, 86, 87, 88, 89, 90, 91, 92, 93, 94, 95, 96, 97, 98, 100, 101, 103, 104, 106, 107, 108, 109, 110, 111, 114, 117, 119, 120, 121, 123, 124, 125, 126, 127, 128, 129, 130, 131, 132, 133, 134, 141, 142, 143]","{""support_1"": 106, ""support_2"": 111}","[106, 111]",2,"[122, 17, 18, 32, 137, 138, 140, 139, 13, 14, 116, 118, 136, 102, 10, 16, 36, 135, 26, 28, 105, 99, 148, 144, 115, 112, 149, 145, 147, 146, 12, 71, 58, 134, 109, 78, 48, 67, 61, 93, 85, 133, 42, 40, 143, 25, 7, 130, 131, 129, 132, 76, 74, 54, 110, 108, 9, 97, 128, 63, 106, 101, 120, 114, 121, 6, 1, 94, 127, 91, 64, 111, 30, 31, 11, 100, 96, 98, 52, 51, 46, 126, 2, 39, 68, 50, 47, 70, 60, 83, 125, 104, 124, 123, 142, 141, 62, 49, 56, 57, 38, 44, 24, 86, 69, 79, 80, 66, 72, 73, 87, 89, 88, 82, 103, 23, 5, 4, 22, 21, 20, 37, 34, 35, 84, 55, 92, 75, 90, 117, 119, 53, 77, 43, 15, 29, 27, 8, 41, 33, 0, 107, 45, 19, 95, 3, 59, 65, 81]",True,25651037390,25.651037390,"[58, 134, 109, 67, 61, 78, 48, 93, 85, 133, 40, 42, 143, 25, 7, 131, 129, 130, 132, 54, 74, 76, 110, 108, 9, 97, 128, 63, 106, 101, 120, 114, 121, 6, 1, 94, 127, 89, 64, 111, 30, 31, 11, 100, 96, 98, 52, 51, 46, 126, 47, 70, 39, 2, 23, 5, 4, 22, 21, 20, 37, 34, 35, 87, 104, 86, 125, 103, 91, 88, 83, 82, 124, 123, 141, 142, 84, 24, 44, 68, 60, 66, 73, 69, 79, 72, 50, 80, 49, 56, 38, 57, 62, 77, 119, 53, 117, 92, 90, 55, 75, 15, 41, 43, 8, 29, 27, 33, 19, 107, 59, 65, 95, 0, 45, 3, 81]","[81, 3, 45, 0, 95, 65, 59, 107, 19, 33, 27, 29, 8, 43, 41, 15, 75, 55, 90, 92, 117, 53, 119, 77, 62, 57, 38, 56, 49, 80, 50, 72, 79, 69, 73, 66, 60, 68, 44, 24, 84, 142, 141, 123, 124, 82, 83, 88, 91, 103, 125, 86, 104, 87, 35, 34, 37, 20, 21, 22, 4, 5, 23, 2, 39, 70, 47, 126, 46, 51, 52, 98, 96, 100, 11, 31, 30, 111, 64, 89, 127, 94, 1, 6, 121, 114, 120, 101, 106, 63, 128, 97, 9, 108, 110, 76, 74, 54, 132, 130, 129, 131, 7, 25, 143, 42, 40, 133, 85, 93, 48, 78, 61, 67, 109, 134, 58]",False,complete,1112,1112,6903,995,1500,0,1500,1500,,False,,,,,,,2,176,20,176,22,22,20,22
1,469,18,34,115,"[10, 12, 13, 14, 16, 17, 18, 26, 28, 32, 36, 58, 71, 99, 102, 105, 112, 115, 116, 118, 122, 134, 135, 136, 137, 138, 139, 140, 144, 145, 146, 147, 148, 149]","[0, 1, 2, 3, 4, 5, 6, 7, 8, 9, 11, 15, 19, 20, 21, 22, 23, 24, 25, 27, 29, 30, 31, 33, 34, 35, 37, 38, 39, 40, 41, 42, 43, 44, 45, 46, 47, 48, 49, 50, 51, 52, 53, 54, 55, 56, 57, 59, 60, 61, 62, 63, 64, 65, 66, 67, 68, 69, 70, 72, 73, 74, 75, 76, 77, 78, 79, 80, 81, 82, 83, 84, 85, 86, 87, 88, 89, 90, 91, 92, 93, 94, 95, 96, 97, 98, 100, 101, 103, 104, 106, 107, 108, 109, 110, 111, 114, 117, 119, 120, 121, 123, 124, 125, 126, 127, 128, 129, 130, 131, 132, 133, 141, 142, 143]","{""support_1"": 106, ""support_2"": 111}","[106, 111]",2,"[122, 17, 18, 32, 137, 138, 140, 139, 13, 14, 116, 118, 136, 102, 10, 16, 36, 135, 26, 28, 105, 99, 148, 144, 115, 112, 149, 145, 147, 146, 12, 71, 58, 134, 109, 78, 48, 67, 61, 93, 85, 133, 42, 40, 143, 25, 7, 130, 131, 129, 132, 76, 74, 54, 110, 108, 9, 97, 128, 63, 106, 101, 120, 114, 121, 6, 1, 94, 127, 91, 64, 111, 30, 31, 11, 100, 96, 98, 52, 51, 46, 126, 2, 39, 68, 50, 47, 70, 60, 83, 125, 104, 124, 123, 142, 141, 62, 49, 56, 57, 38, 44, 24, 86, 69, 79, 80, 66, 72, 73, 87, 89, 88, 82, 103, 23, 5, 4, 22, 21, 20, 37, 34, 35, 84, 55, 92, 75, 90, 117, 119, 53, 77, 43, 15, 29, 27, 8, 41, 33, 0, 107, 45, 19, 95, 3, 59, 65, 81]",True,26059975562,26.059975562,"[109, 48, 67, 78, 61, 93, 85, 133, 42, 40, 143, 25, 7, 132, 129, 130, 131, 54, 76, 74, 110, 108, 9, 97, 128, 63, 106, 101, 120, 114, 121, 6, 1, 94, 127, 91, 64, 111, 30, 31, 11, 100, 96, 98, 52, 51, 46, 126, 2, 39, 68, 50, 47, 70, 60, 83, 125, 104, 124, 123, 142, 141, 62, 49, 56, 57, 38, 44, 24, 86, 69, 79, 80, 66, 72, 73, 87, 89, 88, 82, 103, 23, 5, 4, 22, 21, 20, 37, 34, 35, 84, 55, 119, 75, 90, 77, 117, 92, 53, 29, 15, 27, 43, 41, 8, 3, 33, 0, 65, 81, 19, 45, 107, 95, 59]","[59, 95, 107, 45, 19, 81, 65, 0, 33, 3, 8, 41, 43, 27, 15, 29, 53, 92, 117, 77, 90, 75, 119, 55, 84, 35, 34, 37, 20, 21, 22, 4, 5, 23, 103, 82, 88, 89, 87, 73, 72, 66, 80, 79, 69, 86, 24, 44, 38, 57, 56, 49, 62, 141, 142, 123, 124, 104, 125, 83, 60, 70, 47, 50, 68, 39, 2, 126, 46, 51, 52, 98, 96, 100, 11, 31, 30, 111, 64, 91, 127, 94, 1, 6, 121, 114, 120, 101, 106, 63, 128, 97, 9, 108, 110, 74, 76, 54, 131, 130, 129, 132, 7, 25, 143, 40, 42, 133, 85, 93, 61, 78, 67, 48, 109]",False,complete,1212,1212,6670,1097,1533,0,1533,1533,,False,,,,,,,2,173,20,173,22,22,20,22
1,470,19,36,113,"[10, 12, 13, 14, 16, 17, 18, 26, 28, 32, 36, 58, 71, 78, 99, 102, 105, 109, 112, 115, 116, 118, 122, 134, 135, 136, 137, 138, 139, 140, 144, 145, 146, 147, 148, 149]","[0, 1, 2, 3, 4, 5, 6, 7, 8, 9, 11, 15, 19, 20, 21, 22, 23, 24, 25, 27, 29, 30, 31, 33, 34, 35, 37, 38, 39, 40, 41, 42, 43, 44, 45, 46, 47, 48, 49, 50, 51, 52, 53, 54, 55, 56, 57, 59, 60, 61, 62, 63, 64, 65, 66, 67, 68, 69, 70, 72, 73, 74, 75, 76, 77, 79, 80, 81, 82, 83, 84, 85, 86, 87, 88, 89, 90, 91, 92, 93, 94, 95, 96, 97, 98, 100, 101, 103, 104, 106, 107, 108, 110, 111, 114, 117, 119, 120, 121, 123, 124, 125, 126, 127, 128, 129, 130, 131, 132, 133, 141, 142, 143]","{""support_1"": 106, ""support_2"": 111}","[106, 111]",2,"[122, 17, 18, 32, 137, 138, 140, 139, 13, 14, 116, 118, 136, 102, 10, 16, 36, 135, 26, 28, 105, 99, 148, 144, 115, 112, 149, 145, 147, 146, 12, 71, 58, 134, 109, 78, 48, 67, 61, 93, 85, 133, 42, 40, 143, 25, 7, 130, 131, 129, 132, 76, 74, 54, 110, 108, 9, 97, 128, 63, 106, 101, 120, 114, 121, 6, 1, 94, 127, 91, 64, 111, 30, 31, 11, 100, 96, 98, 52, 51, 46, 126, 2, 39, 68, 50, 47, 70, 60, 83, 125, 104, 124, 123, 142, 141, 62, 49, 56, 57, 38, 44, 24, 86, 69, 79, 80, 66, 72, 73, 87, 89, 88, 82, 103, 23, 5, 4, 22, 21, 20, 37, 34, 35, 84, 55, 92, 75, 90, 117, 119, 53, 77, 43, 15, 29, 27, 8, 41, 33, 0, 107, 45, 19, 95, 3, 59, 65, 81]",True,23334393183,23.334393183,"[61, 67, 48, 93, 85, 133, 42, 40, 143, 25, 7, 129, 132, 131, 130, 76, 74, 52, 110, 108, 9, 97, 128, 63, 106, 101, 120, 114, 121, 6, 1, 94, 127, 89, 64, 111, 30, 31, 11, 100, 96, 98, 54, 51, 46, 126, 47, 70, 39, 2, 23, 5, 4, 22, 21, 20, 37, 34, 35, 69, 91, 73, 79, 72, 80, 87, 88, 103, 104, 125, 66, 68, 60, 83, 50, 86, 82, 44, 24, 124, 123, 141, 142, 84, 49, 56, 38, 57, 62, 53, 119, 90, 75, 77, 55, 117, 92, 41, 27, 29, 8, 43, 15, 19, 65, 107, 95, 81, 45, 33, 59, 0, 3]","[3, 0, 59, 33, 45, 81, 95, 107, 65, 19, 15, 43, 8, 29, 27, 41, 92, 117, 55, 77, 75, 90, 119, 53, 62, 57, 38, 56, 49, 84, 142, 141, 123, 124, 24, 44, 82, 86, 50, 83, 60, 68, 66, 125, 104, 103, 88, 87, 80, 72, 79, 73, 91, 69, 35, 34, 37, 20, 21, 22, 4, 5, 23, 2, 39, 70, 47, 126, 46, 51, 54, 98, 96, 100, 11, 31, 30, 111, 64, 89, 127, 94, 1, 6, 121, 114, 120, 101, 106, 63, 128, 97, 9, 108, 110, 52, 74, 76, 130, 131, 132, 129, 7, 25, 143, 40, 42, 133, 85, 93, 48, 67, 61]",False,complete,1023,1023,6441,910,1300,0,1300,1300,,False,,,,,,,2,166,17,166,19,19,17,19
1,471,20,38,111,"[10, 12, 13, 14, 16, 17, 18, 26, 28, 32, 36, 48, 58, 67, 71, 78, 99, 102, 105, 109, 112, 115, 116, 118, 122, 134, 135, 136, 137, 138, 139, 140, 144, 145, 146, 147, 148, 149]","[0, 1, 2, 3, 4, 5, 6, 7, 8, 9, 11, 15, 19, 20, 21, 22, 23, 24, 25, 27, 29, 30, 31, 33, 34, 35, 37, 38, 39, 40, 41, 42, 43, 44, 45, 46, 47, 49, 50, 51, 52, 53, 54, 55, 56, 57, 59, 60, 61, 62, 63, 64, 65, 66, 68, 69, 70, 72, 73, 74, 75, 76, 77, 79, 80, 81, 82, 83, 84, 85, 86, 87, 88, 89, 90, 91, 92, 93, 94, 95, 96, 97, 98, 100, 101, 103, 104, 106, 107, 108, 110, 111, 114, 117, 119, 120, 121, 123, 124, 125, 126, 127, 128, 129, 130, 131, 132, 133, 141, 142, 143]","{""support_1"": 106, ""support_2"": 111}","[106, 111]",2,"[122, 17, 18, 32, 137, 138, 140, 139, 13, 14, 116, 118, 136, 102, 10, 16, 36, 135, 26, 28, 105, 99, 148, 144, 115, 112, 149, 145, 147, 146, 12, 71, 58, 134, 109, 78, 48, 67, 61, 93, 85, 133, 42, 40, 143, 25, 7, 130, 131, 129, 132, 76, 74, 54, 110, 108, 9, 97, 128, 63, 106, 101, 120, 114, 121, 6, 1, 94, 127, 91, 64, 111, 30, 31, 11, 100, 96, 98, 52, 51, 46, 126, 2, 39, 68, 50, 47, 70, 60, 83, 125, 104, 124, 123, 142, 141, 62, 49, 56, 57, 38, 44, 24, 86, 69, 79, 80, 66, 72, 73, 87, 89, 88, 82, 103, 23, 5, 4, 22, 21, 20, 37, 34, 35, 84, 55, 92, 75, 90, 117, 119, 53, 77, 43, 15, 29, 27, 8, 41, 33, 0, 107, 45, 19, 95, 3, 59, 65, 81]",True,24560151961,24.560151961,"[61, 93, 85, 133, 42, 40, 143, 25, 7, 130, 131, 129, 132, 52, 76, 74, 110, 108, 9, 97, 128, 63, 106, 101, 120, 114, 121, 6, 1, 94, 127, 91, 64, 111, 30, 31, 11, 100, 96, 98, 54, 51, 46, 126, 2, 70, 39, 47, 23, 5, 4, 22, 21, 20, 37, 34, 35, 69, 89, 73, 79, 72, 80, 66, 68, 60, 83, 50, 86, 44, 24, 125, 103, 124, 123, 141, 142, 62, 49, 56, 38, 57, 87, 88, 82, 104, 84, 119, 92, 117, 55, 77, 53, 90, 75, 41, 27, 15, 43, 8, 29, 33, 95, 45, 3, 19, 81, 59, 65, 0, 107]","[107, 0, 65, 59, 81, 19, 3, 45, 95, 33, 29, 8, 43, 15, 27, 41, 75, 90, 53, 77, 55, 117, 92, 119, 84, 104, 82, 88, 87, 57, 38, 56, 49, 62, 142, 141, 123, 124, 103, 125, 24, 44, 86, 50, 83, 60, 68, 66, 80, 72, 79, 73, 89, 69, 35, 34, 37, 20, 21, 22, 4, 5, 23, 47, 39, 70, 2, 126, 46, 51, 54, 98, 96, 100, 11, 31, 30, 111, 64, 91, 127, 94, 1, 6, 121, 114, 120, 101, 106, 63, 128, 97, 9, 108, 110, 74, 76, 52, 132, 129, 131, 130, 7, 25, 143, 40, 42, 133, 85, 93, 61]",False,complete,1017,1017,6216,906,1289,0,1289,1289,,False,,,,,,,2,163,17,163,19,19,17,19
1,472,21,40,109,"[10, 12, 13, 14, 16, 17, 18, 26, 28, 32, 36, 48, 58, 61, 67, 71, 78, 93, 99, 102, 105, 109, 112, 115, 116, 118, 122, 134, 135, 136, 137, 138, 139, 140, 144, 145, 146, 147, 148, 149]","[0, 1, 2, 3, 4, 5, 6, 7, 8, 9, 11, 15, 19, 20, 21, 22, 23, 24, 25, 27, 29, 30, 31, 33, 34, 35, 37, 38, 39, 40, 41, 42, 43, 44, 45, 46, 47, 49, 50, 51, 52, 53, 54, 55, 56, 57, 59, 60, 62, 63, 64, 65, 66, 68, 69, 70, 72, 73, 74, 75, 76, 77, 79, 80, 81, 82, 83, 84, 85, 86, 87, 88, 89, 90, 91, 92, 94, 95, 96, 97, 98, 100, 101, 103, 104, 106, 107, 108, 110, 111, 114, 117, 119, 120, 121, 123, 124, 125, 126, 127, 128, 129, 130, 131, 132, 133, 141, 142, 143]","{""support_1"": 106, ""support_2"": 111}","[106, 111]",2,"[122, 17, 18, 32, 137, 138, 140, 139, 13, 14, 116, 118, 136, 102, 10, 16, 36, 135, 26, 28, 105, 99, 148, 144, 115, 112, 149, 145, 147, 146, 12, 71, 58, 134, 109, 78, 48, 67, 61, 93, 85, 133, 42, 40, 143, 25, 7, 130, 131, 129, 132, 76, 74, 54, 110, 108, 9, 97, 128, 63, 106, 101, 120, 114, 121, 6, 1, 94, 127, 91, 64, 111, 30, 31, 11, 100, 96, 98, 52, 51, 46, 126, 2, 39, 68, 50, 47, 70, 60, 83, 125, 104, 124, 123, 142, 141, 62, 49, 56, 57, 38, 44, 24, 86, 69, 79, 80, 66, 72, 73, 87, 89, 88, 82, 103, 23, 5, 4, 22, 21, 20, 37, 34, 35, 84, 55, 92, 75, 90, 117, 119, 53, 77, 43, 15, 29, 27, 8, 41, 33, 0, 107, 45, 19, 95, 3, 59, 65, 81]",True,23014366020,23.014366020,"[85, 133, 40, 42, 143, 25, 7, 129, 130, 132, 131, 52, 74, 76, 110, 108, 9, 97, 128, 63, 106, 101, 120, 114, 121, 6, 1, 94, 127, 89, 64, 111, 30, 31, 11, 100, 96, 98, 54, 51, 46, 126, 2, 70, 39, 47, 23, 5, 4, 22, 21, 20, 37, 34, 35, 69, 91, 73, 79, 72, 80, 87, 88, 104, 103, 125, 66, 68, 60, 83, 50, 86, 82, 44, 24, 124, 123, 142, 141, 62, 49, 56, 38, 57, 84, 75, 92, 90, 119, 77, 53, 117, 55, 8, 41, 27, 43, 15, 29, 45, 19, 59, 65, 33, 95, 3, 107, 0, 81]","[81, 0, 107, 3, 95, 33, 65, 59, 19, 45, 29, 15, 43, 27, 41, 8, 55, 117, 53, 77, 119, 90, 92, 75, 84, 57, 38, 56, 49, 62, 141, 142, 123, 124, 24, 44, 82, 86, 50, 83, 60, 68, 66, 125, 103, 104, 88, 87, 80, 72, 79, 73, 91, 69, 35, 34, 37, 20, 21, 22, 4, 5, 23, 47, 39, 70, 2, 126, 46, 51, 54, 98, 96, 100, 11, 31, 30, 111, 64, 89, 127, 94, 1, 6, 121, 114, 120, 101, 106, 63, 128, 97, 9, 108, 110, 76, 74, 52, 131, 132, 130, 129, 7, 25, 143, 42, 40, 133, 85]",False,complete,991,991,5995,882,1305,0,1305,1305,,False,,,,,,,2,159,17,159,19,19,17,19
1,473,22,42,107,"[10, 12, 13, 14, 16, 17, 18, 26, 28, 32, 36, 48, 58, 61, 67, 71, 78, 85, 93, 99, 102, 105, 109, 112, 115, 116, 118, 122, 133, 134, 135, 136, 137, 138, 139, 140, 144, 145, 146, 147, 148, 149]","[0, 1, 2, 3, 4, 5, 6, 7, 8, 9, 11, 15, 19, 20, 21, 22, 23, 24, 25, 27, 29, 30, 31, 33, 34, 35, 37, 38, 39, 40, 41, 42, 43, 44, 45, 46, 47, 49, 50, 51, 52, 53, 54, 55, 56, 57, 59, 60, 62, 63, 64, 65, 66, 68, 69, 70, 72, 73, 74, 75, 76, 77, 79, 80, 81, 82, 83, 84, 86, 87, 88, 89, 90, 91, 92, 94, 95, 96, 97, 98, 100, 101, 103, 104, 106, 107, 108, 110, 111, 114, 117, 119, 120, 121, 123, 124, 125, 126, 127, 128, 129, 130, 131, 132, 141, 142, 143]","{""support_1"": 106, ""support_2"": 111}","[106, 111]",2,"[122, 17, 18, 32, 137, 138, 140, 139, 13, 14, 116, 118, 136, 102, 10, 16, 36, 135, 26, 28, 105, 99, 148, 144, 115, 112, 149, 145, 147, 146, 12, 71, 58, 134, 109, 78, 48, 67, 61, 93, 85, 133, 42, 40, 143, 25, 7, 130, 131, 129, 132, 76, 74, 54, 110, 108, 9, 97, 128, 63, 106, 101, 120, 114, 121, 6, 1, 94, 127, 91, 64, 111, 30, 31, 11, 100, 96, 98, 52, 51, 46, 126, 2, 39, 68, 50, 47, 70, 60, 83, 125, 104, 124, 123, 142, 141, 62, 49, 56, 57, 38, 44, 24, 86, 69, 79, 80, 66, 72, 73, 87, 89, 88, 82, 103, 23, 5, 4, 22, 21, 20, 37, 34, 35, 84, 55, 92, 75, 90, 117, 119, 53, 77, 43, 15, 29, 27, 8, 41, 33, 0, 107, 45, 19, 95, 3, 59, 65, 81]",True,24648877728,24.648877728,"[40, 42, 143, 25, 7, 131, 130, 132, 129, 74, 121, 97, 128, 106, 101, 120, 114, 6, 1, 54, 76, 110, 108, 9, 63, 94, 127, 91, 64, 111, 30, 31, 11, 100, 96, 98, 52, 51, 46, 126, 2, 39, 68, 50, 47, 70, 60, 83, 125, 103, 124, 123, 141, 142, 62, 49, 56, 57, 38, 44, 24, 86, 69, 79, 80, 66, 72, 73, 82, 89, 87, 88, 104, 23, 5, 4, 22, 21, 20, 37, 34, 35, 84, 75, 119, 117, 53, 55, 90, 92, 77, 15, 43, 8, 29, 41, 27, 81, 65, 3, 45, 19, 59, 0, 33, 107, 95]","[95, 107, 33, 0, 59, 19, 45, 3, 65, 81, 27, 41, 29, 8, 43, 15, 77, 92, 90, 55, 53, 117, 119, 75, 84, 35, 34, 37, 20, 21, 22, 4, 5, 23, 104, 88, 87, 89, 82, 73, 72, 66, 80, 79, 69, 86, 24, 44, 38, 57, 56, 49, 62, 142, 141, 123, 124, 103, 125, 83, 60, 70, 47, 50, 68, 39, 2, 126, 46, 51, 52, 98, 96, 100, 11, 31, 30, 111, 64, 91, 127, 94, 63, 9, 108, 110, 76, 54, 1, 6, 114, 120, 101, 106, 128, 97, 121, 74, 129, 132, 130, 131, 7, 25, 143, 42, 40]",False,complete,1151,1151,5778,1044,1500,0,1500,1500,,False,,,,,,,2,157,22,157,24,24,22,24
1,474,23,44,105,"[10, 12, 13, 14, 16, 17, 18, 26, 28, 32, 36, 40, 42, 48, 58, 61, 67, 71, 78, 85, 93, 99, 102, 105, 109, 112, 115, 116, 118, 122, 133, 134, 135, 136, 137, 138, 139, 140, 144, 145, 146, 147, 148, 149]","[0, 1, 2, 3, 4, 5, 6, 7, 8, 9, 11, 15, 19, 20, 21, 22, 23, 24, 25, 27, 29, 30, 31, 33, 34, 35, 37, 38, 39, 41, 43, 44, 45, 46, 47, 49, 50, 51, 52, 53, 54, 55, 56, 57, 59, 60, 62, 63, 64, 65, 66, 68, 69, 70, 72, 73, 74, 75, 76, 77, 79, 80, 81, 82, 83, 84, 86, 87, 88, 89, 90, 91, 92, 94, 95, 96, 97, 98, 100, 101, 103, 104, 106, 107, 108, 110, 111, 114, 117, 119, 120, 121, 123, 124, 125, 126, 127, 128, 129, 130, 131, 132, 141, 142, 143]","{""support_1"": 106, ""support_2"": 111}","[106, 111]",2,"[122, 17, 18, 32, 137, 138, 140, 139, 13, 14, 116, 118, 136, 102, 10, 16, 36, 135, 26, 28, 105, 99, 148, 144, 115, 112, 149, 145, 147, 146, 12, 71, 58, 134, 109, 78, 48, 67, 61, 93, 85, 133, 42, 40, 143, 25, 7, 130, 131, 129, 132, 76, 74, 54, 110, 108, 9, 97, 128, 63, 106, 101, 120, 114, 121, 6, 1, 94, 127, 91, 64, 111, 30, 31, 11, 100, 96, 98, 52, 51, 46, 126, 2, 39, 68, 50, 47, 70, 60, 83, 125, 104, 124, 123, 142, 141, 62, 49, 56, 57, 38, 44, 24, 86, 69, 79, 80, 66, 72, 73, 87, 89, 88, 82, 103, 23, 5, 4, 22, 21, 20, 37, 34, 35, 84, 55, 92, 75, 90, 117, 119, 53, 77, 43, 15, 29, 27, 8, 41, 33, 0, 107, 45, 19, 95, 3, 59, 65, 81]",True,23670618343,23.670618343,"[143, 25, 7, 129, 130, 132, 131, 74, 121, 97, 128, 106, 114, 120, 101, 6, 1, 52, 76, 110, 108, 9, 63, 94, 127, 89, 64, 111, 30, 31, 11, 100, 96, 98, 54, 51, 46, 126, 47, 39, 68, 50, 2, 70, 60, 83, 125, 104, 124, 123, 142, 141, 62, 49, 56, 57, 38, 44, 24, 86, 69, 79, 80, 66, 72, 73, 87, 91, 88, 82, 103, 23, 5, 4, 22, 21, 20, 37, 34, 35, 84, 77, 90, 92, 55, 117, 119, 75, 53, 15, 43, 41, 29, 8, 27, 65, 3, 19, 95, 59, 81, 45, 33, 107, 0]","[0, 107, 33, 45, 81, 59, 95, 19, 3, 65, 27, 8, 29, 41, 43, 15, 53, 75, 119, 117, 55, 92, 90, 77, 84, 35, 34, 37, 20, 21, 22, 4, 5, 23, 103, 82, 88, 91, 87, 73, 72, 66, 80, 79, 69, 86, 24, 44, 38, 57, 56, 49, 62, 141, 142, 123, 124, 104, 125, 83, 60, 70, 2, 50, 68, 39, 47, 126, 46, 51, 54, 98, 96, 100, 11, 31, 30, 111, 64, 89, 127, 94, 63, 9, 108, 110, 76, 52, 1, 6, 101, 120, 114, 106, 128, 97, 121, 74, 131, 132, 130, 129, 7, 25, 143]",False,complete,1124,1124,5565,1019,1463,0,1463,1463,,False,,,,,,,2,153,21,153,23,23,21,23
1,475,24,46,103,"[10, 12, 13, 14, 16, 17, 18, 25, 26, 28, 32, 36, 40, 42, 48, 58, 61, 67, 71, 78, 85, 93, 99, 102, 105, 109, 112, 115, 116, 118, 122, 133, 134, 135, 136, 137, 138, 139, 140, 143, 144, 145, 146, 147, 148, 149]","[0, 1, 2, 3, 4, 5, 6, 7, 8, 9, 11, 15, 19, 20, 21, 22, 23, 24, 27, 29, 30, 31, 33, 34, 35, 37, 38, 39, 41, 43, 44, 45, 46, 47, 49, 50, 51, 52, 53, 54, 55, 56, 57, 59, 60, 62, 63, 64, 65, 66, 68, 69, 70, 72, 73, 74, 75, 76, 77, 79, 80, 81, 82, 83, 84, 86, 87, 88, 89, 90, 91, 92, 94, 95, 96, 97, 98, 100, 101, 103, 104, 106, 107, 108, 110, 111, 114, 117, 119, 120, 121, 123, 124, 125, 126, 127, 128, 129, 130, 131, 132, 141, 142]","{""support_1"": 106, ""support_2"": 111}","[106, 111]",2,"[122, 17, 18, 32, 137, 138, 140, 139, 13, 14, 116, 118, 136, 102, 10, 16, 36, 135, 26, 28, 105, 99, 148, 144, 115, 112, 149, 145, 147, 146, 12, 71, 58, 134, 109, 78, 48, 67, 61, 93, 85, 133, 42, 40, 143, 25, 7, 130, 131, 129, 132, 76, 74, 54, 110, 108, 9, 97, 128, 63, 106, 101, 120, 114, 121, 6, 1, 94, 127, 91, 64, 111, 30, 31, 11, 100, 96, 98, 52, 51, 46, 126, 2, 39, 68, 50, 47, 70, 60, 83, 125, 104, 124, 123, 142, 141, 62, 49, 56, 57, 38, 44, 24, 86, 69, 79, 80, 66, 72, 73, 87, 89, 88, 82, 103, 23, 5, 4, 22, 21, 20, 37, 34, 35, 84, 55, 92, 75, 90, 117, 119, 53, 77, 43, 15, 29, 27, 8, 41, 33, 0, 107, 45, 19, 95, 3, 59, 65, 81]",True,23386928187,23.386928187,"[7, 129, 130, 132, 131, 52, 76, 74, 110, 108, 9, 97, 128, 63, 106, 101, 120, 114, 121, 6, 1, 94, 127, 89, 64, 111, 30, 31, 11, 100, 96, 98, 54, 51, 46, 126, 2, 39, 68, 50, 47, 70, 60, 83, 125, 103, 124, 123, 141, 142, 62, 49, 56, 57, 38, 44, 24, 86, 69, 79, 80, 66, 72, 73, 87, 91, 88, 82, 104, 23, 5, 4, 22, 21, 20, 37, 34, 35, 84, 75, 77, 119, 92, 55, 53, 117, 90, 43, 27, 15, 41, 29, 8, 107, 0, 65, 59, 19, 81, 33, 3, 95, 45]","[45, 95, 3, 33, 81, 19, 59, 65, 0, 107, 8, 29, 41, 15, 27, 43, 90, 117, 53, 55, 92, 119, 77, 75, 84, 35, 34, 37, 20, 21, 22, 4, 5, 23, 104, 82, 88, 91, 87, 73, 72, 66, 80, 79, 69, 86, 24, 44, 38, 57, 56, 49, 62, 142, 141, 123, 124, 103, 125, 83, 60, 70, 47, 50, 68, 39, 2, 126, 46, 51, 54, 98, 96, 100, 11, 31, 30, 111, 64, 89, 127, 94, 1, 6, 121, 114, 120, 101, 106, 63, 128, 97, 9, 108, 110, 74, 76, 52, 131, 132, 130, 129, 7]",False,complete,1111,1111,5356,1008,1440,0,1440,1440,,False,,,,,,,2,149,20,149,22,22,20,22
1,476,25,48,101,"[7, 10, 12, 13, 14, 16, 17, 18, 25, 26, 28, 32, 36, 40, 42, 48, 58, 61, 67, 71, 78, 85, 93, 99, 102, 105, 109, 112, 115, 116, 118, 122, 130, 133, 134, 135, 136, 137, 138, 139, 140, 143, 144, 145, 146, 147, 148, 149]","[0, 1, 2, 3, 4, 5, 6, 8, 9, 11, 15, 19, 20, 21, 22, 23, 24, 27, 29, 30, 31, 33, 34, 35, 37, 38, 39, 41, 43, 44, 45, 46, 47, 49, 50, 51, 52, 53, 54, 55, 56, 57, 59, 60, 62, 63, 64, 65, 66, 68, 69, 70, 72, 73, 74, 75, 76, 77, 79, 80, 81, 82, 83, 84, 86, 87, 88, 89, 90, 91, 92, 94, 95, 96, 97, 98, 100, 101, 103, 104, 106, 107, 108, 110, 111, 114, 117, 119, 120, 121, 123, 124, 125, 126, 127, 128, 129, 131, 132, 141, 142]","{""support_1"": 106, ""support_2"": 111}","[106, 111]",2,"[122, 17, 18, 32, 137, 138, 140, 139, 13, 14, 116, 118, 136, 102, 10, 16, 36, 135, 26, 28, 105, 99, 148, 144, 115, 112, 149, 145, 147, 146, 12, 71, 58, 134, 109, 78, 48, 67, 61, 93, 85, 133, 42, 40, 143, 25, 7, 130, 131, 129, 132, 76, 74, 54, 110, 108, 9, 97, 128, 63, 106, 101, 120, 114, 121, 6, 1, 94, 127, 91, 64, 111, 30, 31, 11, 100, 96, 98, 52, 51, 46, 126, 2, 39, 68, 50, 47, 70, 60, 83, 125, 104, 124, 123, 142, 141, 62, 49, 56, 57, 38, 44, 24, 86, 69, 79, 80, 66, 72, 73, 87, 89, 88, 82, 103, 23, 5, 4, 22, 21, 20, 37, 34, 35, 84, 55, 92, 75, 90, 117, 119, 53, 77, 43, 15, 29, 27, 8, 41, 33, 0, 107, 45, 19, 95, 3, 59, 65, 81]",True,22961440868,22.961440868,"[129, 132, 131, 76, 52, 74, 110, 108, 9, 97, 128, 63, 106, 101, 120, 114, 121, 6, 1, 94, 127, 89, 64, 111, 30, 31, 11, 100, 96, 98, 54, 51, 46, 126, 2, 39, 68, 50, 47, 70, 60, 83, 125, 104, 124, 123, 141, 142, 62, 49, 56, 57, 38, 44, 24, 86, 69, 79, 80, 66, 72, 73, 87, 91, 88, 82, 103, 23, 5, 4, 22, 21, 20, 37, 34, 35, 84, 55, 77, 53, 92, 75, 117, 90, 119, 41, 43, 29, 8, 15, 27, 59, 81, 95, 45, 19, 65, 3, 107, 33, 0]","[0, 33, 107, 3, 65, 19, 45, 95, 81, 59, 27, 15, 8, 29, 43, 41, 119, 90, 117, 75, 92, 53, 77, 55, 84, 35, 34, 37, 20, 21, 22, 4, 5, 23, 103, 82, 88, 91, 87, 73, 72, 66, 80, 79, 69, 86, 24, 44, 38, 57, 56, 49, 62, 142, 141, 123, 124, 104, 125, 83, 60, 70, 47, 50, 68, 39, 2, 126, 46, 51, 54, 98, 96, 100, 11, 31, 30, 111, 64, 89, 127, 94, 1, 6, 121, 114, 120, 101, 106, 63, 128, 97, 9, 108, 110, 74, 52, 76, 131, 132, 129]",False,complete,1077,1077,5151,976,1419,0,1419,1419,,False,,,,,,,2,145,20,145,22,22,20,22
1,477,26,50,99,"[7, 10, 12, 13, 14, 16, 17, 18, 25, 26, 28, 32, 36, 40, 42, 48, 58, 61, 67, 71, 78, 85, 93, 99, 102, 105, 109, 112, 115, 116, 118, 122, 129, 130, 131, 133, 134, 135, 136, 137, 138, 139, 140, 143, 144, 145, 146, 147, 148, 149]","[0, 1, 2, 3, 4, 5, 6, 8, 9, 11, 15, 19, 20, 21, 22, 23, 24, 27, 29, 30, 31, 33, 34, 35, 37, 38, 39, 41, 43, 44, 45, 46, 47, 49, 50, 51, 52, 53, 54, 55, 56, 57, 59, 60, 62, 63, 64, 65, 66, 68, 69, 70, 72, 73, 74, 75, 76, 77, 79, 80, 81, 82, 83, 84, 86, 87, 88, 89, 90, 91, 92, 94, 95, 96, 97, 98, 100, 101, 103, 104, 106, 107, 108, 110, 111, 114, 117, 119, 120, 121, 123, 124, 125, 126, 127, 128, 132, 141, 142]","{""support_1"": 106, ""support_2"": 111}","[106, 111]",2,"[122, 17, 18, 32, 137, 138, 140, 139, 13, 14, 116, 118, 136, 102, 10, 16, 36, 135, 26, 28, 105, 99, 148, 144, 115, 112, 149, 145, 147, 146, 12, 71, 58, 134, 109, 78, 48, 67, 61, 93, 85, 133, 42, 40, 143, 25, 7, 130, 131, 129, 132, 76, 74, 54, 110, 108, 9, 97, 128, 63, 106, 101, 120, 114, 121, 6, 1, 94, 127, 91, 64, 111, 30, 31, 11, 100, 96, 98, 52, 51, 46, 126, 2, 39, 68, 50, 47, 70, 60, 83, 125, 104, 124, 123, 142, 141, 62, 49, 56, 57, 38, 44, 24, 86, 69, 79, 80, 66, 72, 73, 87, 89, 88, 82, 103, 23, 5, 4, 22, 21, 20, 37, 34, 35, 84, 55, 92, 75, 90, 117, 119, 53, 77, 43, 15, 29, 27, 8, 41, 33, 0, 107, 45, 19, 95, 3, 59, 65, 81]",True,21868768995,21.868768995,"[132, 74, 121, 97, 128, 106, 114, 120, 101, 6, 1, 54, 76, 110, 108, 9, 63, 94, 127, 89, 64, 111, 30, 31, 11, 100, 96, 98, 52, 51, 46, 126, 2, 39, 68, 50, 47, 70, 60, 83, 125, 103, 124, 123, 142, 141, 62, 49, 56, 57, 38, 44, 24, 86, 69, 79, 80, 66, 72, 73, 87, 91, 88, 82, 104, 23, 5, 4, 22, 21, 20, 37, 34, 35, 84, 55, 75, 117, 90, 119, 77, 53, 92, 15, 29, 41, 43, 27, 8, 3, 0, 65, 19, 59, 33, 107, 45, 81, 95]","[95, 81, 45, 107, 33, 59, 19, 65, 0, 3, 8, 27, 43, 41, 29, 15, 92, 53, 77, 119, 90, 117, 75, 55, 84, 35, 34, 37, 20, 21, 22, 4, 5, 23, 104, 82, 88, 91, 87, 73, 72, 66, 80, 79, 69, 86, 24, 44, 38, 57, 56, 49, 62, 141, 142, 123, 124, 103, 125, 83, 60, 70, 47, 50, 68, 39, 2, 126, 46, 51, 52, 98, 96, 100, 11, 31, 30, 111, 64, 89, 127, 94, 63, 9, 108, 110, 76, 54, 1, 6, 101, 120, 114, 106, 128, 97, 121, 74, 132]",False,complete,1037,1037,4950,938,1363,0,1363,1363,,False,,,,,,,2,141,21,141,23,23,21,23
1,478,27,52,97,"[7, 10, 12, 13, 14, 16, 17, 18, 25, 26, 28, 32, 36, 40, 42, 48, 58, 61, 67, 71, 76, 78, 85, 93, 99, 102, 105, 109, 112, 115, 116, 118, 122, 129, 130, 131, 132, 133, 134, 135, 136, 137, 138, 139, 140, 143, 144, 145, 146, 147, 148, 149]","[0, 1, 2, 3, 4, 5, 6, 8, 9, 11, 15, 19, 20, 21, 22, 23, 24, 27, 29, 30, 31, 33, 34, 35, 37, 38, 39, 41, 43, 44, 45, 46, 47, 49, 50, 51, 52, 53, 54, 55, 56, 57, 59, 60, 62, 63, 64, 65, 66, 68, 69, 70, 72, 73, 74, 75, 77, 79, 80, 81, 82, 83, 84, 86, 87, 88, 89, 90, 91, 92, 94, 95, 96, 97, 98, 100, 101, 103, 104, 106, 107, 108, 110, 111, 114, 117, 119, 120, 121, 123, 124, 125, 126, 127, 128, 141, 142]","{""support_1"": 106, ""support_2"": 111}","[106, 111]",2,"[122, 17, 18, 32, 137, 138, 140, 139, 13, 14, 116, 118, 136, 102, 10, 16, 36, 135, 26, 28, 105, 99, 148, 144, 115, 112, 149, 145, 147, 146, 12, 71, 58, 134, 109, 78, 48, 67, 61, 93, 85, 133, 42, 40, 143, 25, 7, 130, 131, 129, 132, 76, 74, 54, 110, 108, 9, 97, 128, 63, 106, 101, 120, 114, 121, 6, 1, 94, 127, 91, 64, 111, 30, 31, 11, 100, 96, 98, 52, 51, 46, 126, 2, 39, 68, 50, 47, 70, 60, 83, 125, 104, 124, 123, 142, 141, 62, 49, 56, 57, 38, 44, 24, 86, 69, 79, 80, 66, 72, 73, 87, 89, 88, 82, 103, 23, 5, 4, 22, 21, 20, 37, 34, 35, 84, 55, 92, 75, 90, 117, 119, 53, 77, 43, 15, 29, 27, 8, 41, 33, 0, 107, 45, 19, 95, 3, 59, 65, 81]",True,21003298164,21.003298164,"[52, 74, 110, 108, 9, 97, 128, 63, 106, 101, 120, 114, 121, 6, 1, 94, 127, 91, 64, 111, 30, 31, 11, 100, 96, 98, 54, 51, 46, 126, 2, 39, 68, 50, 47, 70, 60, 83, 125, 104, 124, 123, 141, 142, 62, 49, 56, 57, 38, 44, 24, 86, 69, 79, 80, 66, 72, 73, 82, 89, 87, 88, 103, 23, 5, 4, 22, 21, 20, 37, 34, 35, 84, 90, 53, 75, 92, 117, 77, 55, 119, 41, 43, 29, 15, 8, 27, 33, 0, 59, 107, 3, 81, 65, 19, 45, 95]","[95, 45, 19, 65, 81, 3, 107, 59, 0, 33, 27, 8, 15, 29, 43, 41, 119, 55, 77, 117, 92, 75, 53, 90, 84, 35, 34, 37, 20, 21, 22, 4, 5, 23, 103, 88, 87, 89, 82, 73, 72, 66, 80, 79, 69, 86, 24, 44, 38, 57, 56, 49, 62, 142, 141, 123, 124, 104, 125, 83, 60, 70, 47, 50, 68, 39, 2, 126, 46, 51, 54, 98, 96, 100, 11, 31, 30, 111, 64, 91, 127, 94, 1, 6, 121, 114, 120, 101, 106, 63, 128, 97, 9, 108, 110, 74, 52]",False,complete,1023,1023,4753,926,1346,0,1346,1346,,False,,,,,,,2,137,21,137,23,23,21,23
1,479,28,54,95,"[7, 10, 12, 13, 14, 16, 17, 18, 25, 26, 28, 32, 36, 40, 42, 48, 54, 58, 61, 67, 71, 74, 76, 78, 85, 93, 99, 102, 105, 109, 112, 115, 116, 118, 122, 129, 130, 131, 132, 133, 134, 135, 136, 137, 138, 139, 140, 143, 144, 145, 146, 147, 148, 149]","[0, 1, 2, 3, 4, 5, 6, 8, 9, 11, 15, 19, 20, 21, 22, 23, 24, 27, 29, 30, 31, 33, 34, 35, 37, 38, 39, 41, 43, 44, 45, 46, 47, 49, 50, 51, 52, 53, 55, 56, 57, 59, 60, 62, 63, 64, 65, 66, 68, 69, 70, 72, 73, 75, 77, 79, 80, 81, 82, 83, 84, 86, 87, 88, 89, 90, 91, 92, 94, 95, 96, 97, 98, 100, 101, 103, 104, 106, 107, 108, 110, 111, 114, 117, 119, 120, 121, 123, 124, 125, 126, 127, 128, 141, 142]","{""support_1"": 106, ""support_2"": 111}","[106, 111]",2,"[122, 17, 18, 32, 137, 138, 140, 139, 13, 14, 116, 118, 136, 102, 10, 16, 36, 135, 26, 28, 105, 99, 148, 144, 115, 112, 149, 145, 147, 146, 12, 71, 58, 134, 109, 78, 48, 67, 61, 93, 85, 133, 42, 40, 143, 25, 7, 130, 131, 129, 132, 76, 74, 54, 110, 108, 9, 97, 128, 63, 106, 101, 120, 114, 121, 6, 1, 94, 127, 91, 64, 111, 30, 31, 11, 100, 96, 98, 52, 51, 46, 126, 2, 39, 68, 50, 47, 70, 60, 83, 125, 104, 124, 123, 142, 141, 62, 49, 56, 57, 38, 44, 24, 86, 69, 79, 80, 66, 72, 73, 87, 89, 88, 82, 103, 23, 5, 4, 22, 21, 20, 37, 34, 35, 84, 55, 92, 75, 90, 117, 119, 53, 77, 43, 15, 29, 27, 8, 41, 33, 0, 107, 45, 19, 95, 3, 59, 65, 81]",True,16663417745,16.663417745,"[110, 108, 9, 97, 128, 63, 106, 101, 120, 114, 121, 6, 1, 94, 127, 91, 64, 111, 30, 31, 11, 100, 96, 98, 52, 51, 46, 126, 47, 70, 39, 2, 23, 5, 4, 22, 21, 20, 37, 34, 35, 69, 89, 73, 79, 72, 80, 87, 88, 104, 103, 125, 66, 68, 60, 83, 50, 86, 82, 44, 24, 124, 123, 142, 141, 84, 49, 56, 38, 57, 62, 117, 77, 92, 53, 90, 55, 75, 119, 15, 29, 41, 27, 43, 8, 65, 81, 45, 59, 33, 95, 19, 107, 0, 3]","[3, 0, 107, 19, 95, 33, 59, 45, 81, 65, 8, 43, 27, 41, 29, 15, 119, 75, 55, 90, 53, 92, 77, 117, 62, 57, 38, 56, 49, 84, 141, 142, 123, 124, 24, 44, 82, 86, 50, 83, 60, 68, 66, 125, 103, 104, 88, 87, 80, 72, 79, 73, 89, 69, 35, 34, 37, 20, 21, 22, 4, 5, 23, 2, 39, 70, 47, 126, 46, 51, 52, 98, 96, 100, 11, 31, 30, 111, 64, 91, 127, 94, 1, 6, 121, 114, 120, 101, 106, 63, 128, 97, 9, 108, 110]",False,complete,790,790,4560,695,1086,0,1086,1086,,False,,,,,,,2,130,17,130,19,19,17,19
1,480,29,56,93,"[7, 10, 12, 13, 14, 16, 17, 18, 25, 26, 28, 32, 36, 40, 42, 48, 54, 58, 61, 67, 71, 74, 76, 78, 85, 93, 99, 102, 105, 108, 109, 110, 112, 115, 116, 118, 122, 129, 130, 131, 132, 133, 134, 135, 136, 137, 138, 139, 140, 143, 144, 145, 146, 147, 148, 149]","[0, 1, 2, 3, 4, 5, 6, 8, 9, 11, 15, 19, 20, 21, 22, 23, 24, 27, 29, 30, 31, 33, 34, 35, 37, 38, 39, 41, 43, 44, 45, 46, 47, 49, 50, 51, 52, 53, 55, 56, 57, 59, 60, 62, 63, 64, 65, 66, 68, 69, 70, 72, 73, 75, 77, 79, 80, 81, 82, 83, 84, 86, 87, 88, 89, 90, 91, 92, 94, 95, 96, 97, 98, 100, 101, 103, 104, 106, 107, 111, 114, 117, 119, 120, 121, 123, 124, 125, 126, 127, 128, 141, 142]","{""support_1"": 106, ""support_2"": 111}","[106, 111]",2,"[122, 17, 18, 32, 137, 138, 140, 139, 13, 14, 116, 118, 136, 102, 10, 16, 36, 135, 26, 28, 105, 99, 148, 144, 115, 112, 149, 145, 147, 146, 12, 71, 58, 134, 109, 78, 48, 67, 61, 93, 85, 133, 42, 40, 143, 25, 7, 130, 131, 129, 132, 76, 74, 54, 110, 108, 9, 97, 128, 63, 106, 101, 120, 114, 121, 6, 1, 94, 127, 91, 64, 111, 30, 31, 11, 100, 96, 98, 52, 51, 46, 126, 2, 39, 68, 50, 47, 70, 60, 83, 125, 104, 124, 123, 142, 141, 62, 49, 56, 57, 38, 44, 24, 86, 69, 79, 80, 66, 72, 73, 87, 89, 88, 82, 103, 23, 5, 4, 22, 21, 20, 37, 34, 35, 84, 55, 92, 75, 90, 117, 119, 53, 77, 43, 15, 29, 27, 8, 41, 33, 0, 107, 45, 19, 95, 3, 59, 65, 81]",True,18096486205,18.096486205,"[9, 97, 128, 63, 106, 101, 120, 114, 121, 6, 1, 94, 127, 91, 64, 111, 30, 31, 11, 100, 96, 98, 52, 51, 46, 126, 2, 70, 39, 47, 23, 5, 4, 22, 21, 20, 37, 34, 35, 87, 104, 86, 125, 103, 89, 88, 83, 82, 124, 123, 141, 142, 84, 24, 44, 68, 60, 66, 73, 69, 79, 72, 50, 80, 49, 56, 38, 57, 62, 77, 117, 53, 119, 75, 90, 55, 92, 8, 29, 27, 15, 43, 41, 107, 59, 81, 45, 33, 0, 65, 3, 19, 95]","[95, 19, 3, 65, 0, 33, 45, 81, 59, 107, 41, 43, 15, 27, 29, 8, 92, 55, 90, 75, 119, 53, 117, 77, 62, 57, 38, 56, 49, 80, 50, 72, 79, 69, 73, 66, 60, 68, 44, 24, 84, 142, 141, 123, 124, 82, 83, 88, 89, 103, 125, 86, 104, 87, 35, 34, 37, 20, 21, 22, 4, 5, 23, 47, 39, 70, 2, 126, 46, 51, 52, 98, 96, 100, 11, 31, 30, 111, 64, 91, 127, 94, 1, 6, 121, 114, 120, 101, 106, 63, 128, 97, 9]",False,complete,849,849,4371,756,1254,0,1254,1254,,False,,,,,,,2,128,20,128,22,22,20,22
1,481,30,58,91,"[7, 9, 10, 12, 13, 14, 16, 17, 18, 25, 26, 28, 32, 36, 40, 42, 48, 54, 58, 61, 67, 71, 74, 76, 78, 85, 93, 97, 99, 102, 105, 108, 109, 110, 112, 115, 116, 118, 122, 129, 130, 131, 132, 133, 134, 135, 136, 137, 138, 139, 140, 143, 144, 145, 146, 147, 148, 149]","[0, 1, 2, 3, 4, 5, 6, 8, 11, 15, 19, 20, 21, 22, 23, 24, 27, 29, 30, 31, 33, 34, 35, 37, 38, 39, 41, 43, 44, 45, 46, 47, 49, 50, 51, 52, 53, 55, 56, 57, 59, 60, 62, 63, 64, 65, 66, 68, 69, 70, 72, 73, 75, 77, 79, 80, 81, 82, 83, 84, 86, 87, 88, 89, 90, 91, 92, 94, 95, 96, 98, 100, 101, 103, 104, 106, 107, 111, 114, 117, 119, 120, 121, 123, 124, 125, 126, 127, 128, 141, 142]","{""support_1"": 106, ""support_2"": 111}","[106, 111]",2,"[122, 17, 18, 32, 137, 138, 140, 139, 13, 14, 116, 118, 136, 102, 10, 16, 36, 135, 26, 28, 105, 99, 148, 144, 115, 112, 149, 145, 147, 146, 12, 71, 58, 134, 109, 78, 48, 67, 61, 93, 85, 133, 42, 40, 143, 25, 7, 130, 131, 129, 132, 76, 74, 54, 110, 108, 9, 97, 128, 63, 106, 101, 120, 114, 121, 6, 1, 94, 127, 91, 64, 111, 30, 31, 11, 100, 96, 98, 52, 51, 46, 126, 2, 39, 68, 50, 47, 70, 60, 83, 125, 104, 124, 123, 142, 141, 62, 49, 56, 57, 38, 44, 24, 86, 69, 79, 80, 66, 72, 73, 87, 89, 88, 82, 103, 23, 5, 4, 22, 21, 20, 37, 34, 35, 84, 55, 92, 75, 90, 117, 119, 53, 77, 43, 15, 29, 27, 8, 41, 33, 0, 107, 45, 19, 95, 3, 59, 65, 81]",True,15681164160,15.681164160,"[128, 63, 106, 101, 120, 114, 121, 6, 1, 94, 127, 91, 64, 111, 30, 31, 11, 100, 96, 98, 52, 51, 46, 126, 47, 70, 39, 2, 23, 5, 4, 22, 21, 20, 37, 34, 35, 69, 89, 73, 79, 72, 80, 87, 88, 104, 103, 125, 66, 68, 60, 83, 50, 86, 82, 44, 24, 124, 123, 142, 141, 62, 49, 56, 38, 57, 84, 75, 117, 55, 77, 119, 53, 90, 92, 27, 41, 43, 8, 29, 15, 65, 33, 45, 0, 59, 19, 95, 3, 107, 81]","[81, 107, 3, 95, 19, 59, 0, 45, 33, 65, 15, 29, 8, 43, 41, 27, 92, 90, 53, 119, 77, 55, 117, 75, 84, 57, 38, 56, 49, 62, 141, 142, 123, 124, 24, 44, 82, 86, 50, 83, 60, 68, 66, 125, 103, 104, 88, 87, 80, 72, 79, 73, 89, 69, 35, 34, 37, 20, 21, 22, 4, 5, 23, 2, 39, 70, 47, 126, 46, 51, 52, 98, 96, 100, 11, 31, 30, 111, 64, 91, 127, 94, 1, 6, 121, 114, 120, 101, 106, 63, 128]",False,complete,735,735,4186,644,1038,0,1038,1038,,False,,,,,,,2,123,17,123,19,19,17,19
1,482,31,60,89,"[7, 9, 10, 12, 13, 14, 16, 17, 18, 25, 26, 28, 32, 36, 40, 42, 48, 54, 58, 61, 63, 67, 71, 74, 76, 78, 85, 93, 97, 99, 102, 105, 108, 109, 110, 112, 115, 116, 118, 122, 128, 129, 130, 131, 132, 133, 134, 135, 136, 137, 138, 139, 140, 143, 144, 145, 146, 147, 148, 149]","[0, 1, 2, 3, 4, 5, 6, 8, 11, 15, 19, 20, 21, 22, 23, 24, 27, 29, 30, 31, 33, 34, 35, 37, 38, 39, 41, 43, 44, 45, 46, 47, 49, 50, 51, 52, 53, 55, 56, 57, 59, 60, 62, 64, 65, 66, 68, 69, 70, 72, 73, 75, 77, 79, 80, 81, 82, 83, 84, 86, 87, 88, 89, 90, 91, 92, 94, 95, 96, 98, 100, 101, 103, 104, 106, 107, 111, 114, 117, 119, 120, 121, 123, 124, 125, 126, 127, 141, 142]","{""support_1"": 106, ""support_2"": 111}","[106, 111]",2,"[122, 17, 18, 32, 137, 138, 140, 139, 13, 14, 116, 118, 136, 102, 10, 16, 36, 135, 26, 28, 105, 99, 148, 144, 115, 112, 149, 145, 147, 146, 12, 71, 58, 134, 109, 78, 48, 67, 61, 93, 85, 133, 42, 40, 143, 25, 7, 130, 131, 129, 132, 76, 74, 54, 110, 108, 9, 97, 128, 63, 106, 101, 120, 114, 121, 6, 1, 94, 127, 91, 64, 111, 30, 31, 11, 100, 96, 98, 52, 51, 46, 126, 2, 39, 68, 50, 47, 70, 60, 83, 125, 104, 124, 123, 142, 141, 62, 49, 56, 57, 38, 44, 24, 86, 69, 79, 80, 66, 72, 73, 87, 89, 88, 82, 103, 23, 5, 4, 22, 21, 20, 37, 34, 35, 84, 55, 92, 75, 90, 117, 119, 53, 77, 43, 15, 29, 27, 8, 41, 33, 0, 107, 45, 19, 95, 3, 59, 65, 81]",True,13926059199,13.926059199,"[106, 101, 120, 114, 121, 6, 1, 94, 127, 89, 64, 111, 30, 31, 11, 100, 96, 98, 52, 51, 46, 126, 47, 70, 39, 2, 23, 5, 4, 22, 21, 20, 37, 34, 35, 69, 91, 73, 79, 72, 80, 66, 68, 60, 83, 50, 86, 44, 24, 125, 103, 124, 123, 142, 141, 62, 49, 56, 38, 57, 87, 88, 82, 104, 84, 53, 75, 117, 119, 55, 77, 90, 92, 8, 41, 15, 43, 29, 27, 19, 65, 59, 81, 107, 95, 3, 45, 33, 0]","[0, 33, 45, 3, 95, 107, 81, 59, 65, 19, 27, 29, 43, 15, 41, 8, 92, 90, 77, 55, 119, 117, 75, 53, 84, 104, 82, 88, 87, 57, 38, 56, 49, 62, 141, 142, 123, 124, 103, 125, 24, 44, 86, 50, 83, 60, 68, 66, 80, 72, 79, 73, 91, 69, 35, 34, 37, 20, 21, 22, 4, 5, 23, 2, 39, 70, 47, 126, 46, 51, 52, 98, 96, 100, 11, 31, 30, 111, 64, 89, 127, 94, 1, 6, 121, 114, 120, 101, 106]",False,complete,685,685,4005,596,953,0,953,953,,False,,,,,,,2,119,17,119,18,18,17,19
1,483,32,62,87,"[7, 9, 10, 12, 13, 14, 16, 17, 18, 25, 26, 28, 32, 36, 40, 42, 48, 54, 58, 61, 63, 67, 71, 74, 76, 78, 85, 93, 97, 99, 101, 102, 105, 106, 108, 109, 110, 112, 115, 116, 118, 122, 128, 129, 130, 131, 132, 133, 134, 135, 136, 137, 138, 139, 140, 143, 144, 145, 146, 147, 148, 149]","[0, 1, 2, 3, 4, 5, 6, 8, 11, 15, 19, 20, 21, 22, 23, 24, 27, 29, 30, 31, 33, 34, 35, 37, 38, 39, 41, 43, 44, 45, 46, 47, 49, 50, 51, 52, 53, 55, 56, 57, 59, 60, 62, 64, 65, 66, 68, 69, 70, 72, 73, 75, 77, 79, 80, 81, 82, 83, 84, 86, 87, 88, 89, 90, 91, 92, 94, 95, 96, 98, 100, 103, 104, 107, 111, 114, 117, 119, 120, 121, 123, 124, 125, 126, 127, 141, 142]","{""support_1"": 121, ""support_2"": 111}","[111, 121]",2,"[122, 17, 18, 32, 137, 138, 140, 139, 13, 14, 116, 118, 136, 102, 10, 16, 36, 135, 26, 28, 105, 99, 148, 144, 115, 112, 149, 145, 147, 146, 12, 71, 58, 134, 109, 78, 48, 67, 61, 93, 85, 133, 42, 40, 143, 25, 7, 130, 131, 129, 132, 76, 74, 54, 110, 108, 9, 97, 128, 63, 106, 101, 120, 114, 121, 6, 1, 94, 127, 91, 64, 111, 30, 31, 11, 100, 96, 98, 52, 51, 46, 126, 2, 39, 68, 50, 47, 70, 60, 83, 125, 104, 124, 123, 142, 141, 62, 49, 56, 57, 38, 44, 24, 86, 69, 79, 80, 66, 72, 73, 87, 89, 88, 82, 103, 23, 5, 4, 22, 21, 20, 37, 34, 35, 84, 55, 92, 75, 90, 117, 119, 53, 77, 43, 15, 29, 27, 8, 41, 33, 0, 107, 45, 19, 95, 3, 59, 65, 81]",True,16961910095,16.961910095,"[120, 114, 121, 6, 1, 94, 127, 89, 64, 111, 30, 31, 11, 100, 96, 98, 52, 51, 46, 126, 2, 39, 68, 50, 47, 70, 60, 83, 125, 103, 124, 123, 142, 141, 62, 49, 56, 57, 38, 44, 24, 86, 69, 79, 80, 66, 72, 73, 87, 91, 88, 82, 104, 23, 5, 4, 22, 21, 20, 37, 34, 35, 84, 75, 117, 55, 119, 77, 90, 92, 53, 8, 29, 43, 27, 41, 15, 3, 33, 107, 45, 81, 65, 0, 95, 59, 19]","[19, 59, 95, 0, 65, 81, 45, 107, 33, 3, 15, 41, 27, 43, 29, 8, 53, 92, 90, 77, 119, 55, 117, 75, 84, 35, 34, 37, 20, 21, 22, 4, 5, 23, 104, 82, 88, 91, 87, 73, 72, 66, 80, 79, 69, 86, 24, 44, 38, 57, 56, 49, 62, 141, 142, 123, 124, 103, 125, 83, 60, 70, 47, 50, 68, 39, 2, 126, 46, 51, 52, 98, 96, 100, 11, 31, 30, 111, 64, 89, 127, 94, 1, 6, 121, 114, 120]",False,complete,853,853,3828,766,1173,0,1173,1173,,False,,,,,,,2,117,19,117,21,21,19,21
1,484,33,64,85,"[7, 9, 10, 12, 13, 14, 16, 17, 18, 25, 26, 28, 32, 36, 40, 42, 48, 54, 58, 61, 63, 67, 71, 74, 76, 78, 85, 93, 97, 99, 101, 102, 105, 106, 108, 109, 110, 112, 114, 115, 116, 118, 120, 122, 128, 129, 130, 131, 132, 133, 134, 135, 136, 137, 138, 139, 140, 143, 144, 145, 146, 147, 148, 149]","[0, 1, 2, 3, 4, 5, 6, 8, 11, 15, 19, 20, 21, 22, 23, 24, 27, 29, 30, 31, 33, 34, 35, 37, 38, 39, 41, 43, 44, 45, 46, 47, 49, 50, 51, 52, 53, 55, 56, 57, 59, 60, 62, 64, 65, 66, 68, 69, 70, 72, 73, 75, 77, 79, 80, 81, 82, 83, 84, 86, 87, 88, 89, 90, 91, 92, 94, 95, 96, 98, 100, 103, 104, 107, 111, 117, 119, 121, 123, 124, 125, 126, 127, 141, 142]","{""support_1"": 121, ""support_2"": 111}","[111, 121]",2,"[122, 17, 18, 32, 137, 138, 140, 139, 13, 14, 116, 118, 136, 102, 10, 16, 36, 135, 26, 28, 105, 99, 148, 144, 115, 112, 149, 145, 147, 146, 12, 71, 58, 134, 109, 78, 48, 67, 61, 93, 85, 133, 42, 40, 143, 25, 7, 130, 131, 129, 132, 76, 74, 54, 110, 108, 9, 97, 128, 63, 106, 101, 120, 114, 121, 6, 1, 94, 127, 91, 64, 111, 30, 31, 11, 100, 96, 98, 52, 51, 46, 126, 2, 39, 68, 50, 47, 70, 60, 83, 125, 104, 124, 123, 142, 141, 62, 49, 56, 57, 38, 44, 24, 86, 69, 79, 80, 66, 72, 73, 87, 89, 88, 82, 103, 23, 5, 4, 22, 21, 20, 37, 34, 35, 84, 55, 92, 75, 90, 117, 119, 53, 77, 43, 15, 29, 27, 8, 41, 33, 0, 107, 45, 19, 95, 3, 59, 65, 81]",True,16745143687,16.745143687,"[121, 6, 1, 94, 127, 89, 64, 111, 30, 31, 11, 100, 96, 98, 52, 51, 46, 126, 47, 39, 68, 50, 2, 70, 60, 83, 125, 104, 124, 123, 142, 141, 62, 49, 56, 57, 38, 44, 24, 86, 69, 79, 80, 66, 72, 73, 87, 91, 88, 82, 103, 23, 5, 4, 22, 21, 20, 37, 34, 35, 84, 77, 90, 75, 92, 53, 55, 119, 117, 29, 15, 27, 41, 43, 8, 0, 81, 59, 19, 95, 3, 65, 45, 33, 107]","[107, 33, 45, 65, 3, 95, 19, 59, 81, 0, 8, 43, 41, 27, 15, 29, 117, 119, 55, 53, 92, 75, 90, 77, 84, 35, 34, 37, 20, 21, 22, 4, 5, 23, 103, 82, 88, 91, 87, 73, 72, 66, 80, 79, 69, 86, 24, 44, 38, 57, 56, 49, 62, 141, 142, 123, 124, 104, 125, 83, 60, 70, 2, 50, 68, 39, 47, 126, 46, 51, 52, 98, 96, 100, 11, 31, 30, 111, 64, 89, 127, 94, 1, 6, 121]",False,complete,840,840,3655,755,1169,0,1169,1169,,False,,,,,,,2,113,19,113,20,20,19,21
1,485,34,66,83,"[6, 7, 9, 10, 12, 13, 14, 16, 17, 18, 25, 26, 28, 32, 36, 40, 42, 48, 54, 58, 61, 63, 67, 71, 74, 76, 78, 85, 93, 97, 99, 101, 102, 105, 106, 108, 109, 110, 112, 114, 115, 116, 118, 120, 121, 122, 128, 129, 130, 131, 132, 133, 134, 135, 136, 137, 138, 139, 140, 143, 144, 145, 146, 147, 148, 149]","[0, 1, 2, 3, 4, 5, 8, 11, 15, 19, 20, 21, 22, 23, 24, 27, 29, 30, 31, 33, 34, 35, 37, 38, 39, 41, 43, 44, 45, 46, 47, 49, 50, 51, 52, 53, 55, 56, 57, 59, 60, 62, 64, 65, 66, 68, 69, 70, 72, 73, 75, 77, 79, 80, 81, 82, 83, 84, 86, 87, 88, 89, 90, 91, 92, 94, 95, 96, 98, 100, 103, 104, 107, 111, 117, 119, 123, 124, 125, 126, 127, 141, 142]","{""support_1"": 2, ""support_2"": 111}","[2, 111]",2,"[122, 17, 18, 32, 137, 138, 140, 139, 13, 14, 116, 118, 136, 102, 10, 16, 36, 135, 26, 28, 105, 99, 148, 144, 115, 112, 149, 145, 147, 146, 12, 71, 58, 134, 109, 78, 48, 67, 61, 93, 85, 133, 42, 40, 143, 25, 7, 130, 131, 129, 132, 76, 74, 54, 110, 108, 9, 97, 128, 63, 106, 101, 120, 114, 121, 6, 1, 94, 127, 91, 64, 111, 30, 31, 11, 100, 96, 98, 52, 51, 46, 126, 2, 39, 68, 50, 47, 70, 60, 83, 125, 104, 124, 123, 142, 141, 62, 49, 56, 57, 38, 44, 24, 86, 69, 79, 80, 66, 72, 73, 87, 89, 88, 82, 103, 23, 5, 4, 22, 21, 20, 37, 34, 35, 84, 55, 92, 75, 90, 117, 119, 53, 77, 43, 15, 29, 27, 8, 41, 33, 0, 107, 45, 19, 95, 3, 59, 65, 81]",True,13247391926,13.247391926,"[1, 94, 127, 89, 64, 111, 30, 31, 11, 100, 96, 98, 52, 51, 46, 126, 47, 70, 39, 2, 23, 5, 4, 22, 21, 20, 37, 34, 35, 69, 91, 73, 79, 72, 80, 66, 68, 60, 83, 50, 86, 44, 24, 125, 103, 124, 123, 142, 141, 84, 87, 82, 88, 104, 38, 56, 49, 57, 62, 92, 75, 90, 55, 119, 77, 117, 53, 29, 41, 15, 27, 8, 43, 59, 45, 65, 33, 19, 0, 81, 107, 3, 95]","[95, 3, 107, 81, 0, 19, 33, 65, 45, 59, 43, 8, 27, 15, 41, 29, 53, 117, 77, 119, 55, 90, 75, 92, 62, 57, 49, 56, 38, 104, 88, 82, 87, 84, 141, 142, 123, 124, 103, 125, 24, 44, 86, 50, 83, 60, 68, 66, 80, 72, 79, 73, 91, 69, 35, 34, 37, 20, 21, 22, 4, 5, 23, 2, 39, 70, 47, 126, 46, 51, 52, 98, 96, 100, 11, 31, 30, 111, 64, 89, 127, 94, 1]",False,complete,636,636,3486,553,885,0,885,885,,False,,,,,,,2,108,16,108,18,18,16,18
1,486,35,68,81,"[1, 6, 7, 9, 10, 12, 13, 14, 16, 17, 18, 25, 26, 28, 32, 36, 40, 42, 48, 54, 58, 61, 63, 67, 71, 74, 76, 78, 85, 93, 94, 97, 99, 101, 102, 105, 106, 108, 109, 110, 112, 114, 115, 116, 118, 120, 121, 122, 128, 129, 130, 131, 132, 133, 134, 135, 136, 137, 138, 139, 140, 143, 144, 145, 146, 147, 148, 149]","[0, 2, 3, 4, 5, 8, 11, 15, 19, 20, 21, 22, 23, 24, 27, 29, 30, 31, 33, 34, 35, 37, 38, 39, 41, 43, 44, 45, 46, 47, 49, 50, 51, 52, 53, 55, 56, 57, 59, 60, 62, 64, 65, 66, 68, 69, 70, 72, 73, 75, 77, 79, 80, 81, 82, 83, 84, 86, 87, 88, 89, 90, 91, 92, 95, 96, 98, 100, 103, 104, 107, 111, 117, 119, 123, 124, 125, 126, 127, 141, 142]","{""support_1"": 2, ""support_2"": 111}","[2, 111]",2,"[122, 17, 18, 32, 137, 138, 140, 139, 13, 14, 116, 118, 136, 102, 10, 16, 36, 135, 26, 28, 105, 99, 148, 144, 115, 112, 149, 145, 147, 146, 12, 71, 58, 134, 109, 78, 48, 67, 61, 93, 85, 133, 42, 40, 143, 25, 7, 130, 131, 129, 132, 76, 74, 54, 110, 108, 9, 97, 128, 63, 106, 101, 120, 114, 121, 6, 1, 94, 127, 91, 64, 111, 30, 31, 11, 100, 96, 98, 52, 51, 46, 126, 2, 39, 68, 50, 47, 70, 60, 83, 125, 104, 124, 123, 142, 141, 62, 49, 56, 57, 38, 44, 24, 86, 69, 79, 80, 66, 72, 73, 87, 89, 88, 82, 103, 23, 5, 4, 22, 21, 20, 37, 34, 35, 84, 55, 92, 75, 90, 117, 119, 53, 77, 43, 15, 29, 27, 8, 41, 33, 0, 107, 45, 19, 95, 3, 59, 65, 81]",True,14632069411,14.632069411,"[127, 91, 64, 111, 30, 31, 11, 100, 96, 98, 52, 51, 46, 126, 2, 70, 39, 47, 23, 5, 4, 22, 21, 20, 37, 34, 35, 87, 104, 86, 125, 103, 89, 88, 83, 82, 124, 123, 141, 142, 84, 24, 44, 68, 66, 73, 69, 60, 79, 72, 50, 80, 49, 56, 38, 57, 62, 119, 53, 77, 75, 90, 117, 55, 92, 8, 41, 43, 29, 27, 15, 59, 65, 33, 0, 81, 95, 19, 107, 3, 45]","[45, 3, 107, 19, 95, 81, 0, 33, 65, 59, 15, 27, 29, 43, 41, 8, 92, 55, 117, 90, 75, 77, 53, 119, 62, 57, 38, 56, 49, 80, 50, 72, 79, 60, 69, 73, 66, 68, 44, 24, 84, 142, 141, 123, 124, 82, 83, 88, 89, 103, 125, 86, 104, 87, 35, 34, 37, 20, 21, 22, 4, 5, 23, 47, 39, 70, 2, 126, 46, 51, 52, 98, 96, 100, 11, 31, 30, 111, 64, 91, 127]",False,complete,686,686,3321,605,1072,0,1072,1072,,False,,,,,,,2,105,18,105,20,20,18,20
1,487,36,70,79,"[1, 6, 7, 9, 10, 12, 13, 14, 16, 17, 18, 25, 26, 28, 32, 36, 40, 42, 48, 54, 58, 61, 63, 67, 71, 74, 76, 78, 85, 91, 93, 94, 97, 99, 101, 102, 105, 106, 108, 109, 110, 112, 114, 115, 116, 118, 120, 121, 122, 127, 128, 129, 130, 131, 132, 133, 134, 135, 136, 137, 138, 139, 140, 143, 144, 145, 146, 147, 148, 149]","[0, 2, 3, 4, 5, 8, 11, 15, 19, 20, 21, 22, 23, 24, 27, 29, 30, 31, 33, 34, 35, 37, 38, 39, 41, 43, 44, 45, 46, 47, 49, 50, 51, 52, 53, 55, 56, 57, 59, 60, 62, 64, 65, 66, 68, 69, 70, 72, 73, 75, 77, 79, 80, 81, 82, 83, 84, 86, 87, 88, 89, 90, 92, 95, 96, 98, 100, 103, 104, 107, 111, 117, 119, 123, 124, 125, 126, 141, 142]","{""support_1"": 2, ""support_2"": 111}","[2, 111]",2,"[122, 17, 18, 32, 137, 138, 140, 139, 13, 14, 116, 118, 136, 102, 10, 16, 36, 135, 26, 28, 105, 99, 148, 144, 115, 112, 149, 145, 147, 146, 12, 71, 58, 134, 109, 78, 48, 67, 61, 93, 85, 133, 42, 40, 143, 25, 7, 130, 131, 129, 132, 76, 74, 54, 110, 108, 9, 97, 128, 63, 106, 101, 120, 114, 121, 6, 1, 94, 127, 91, 64, 111, 30, 31, 11, 100, 96, 98, 52, 51, 46, 126, 2, 39, 68, 50, 47, 70, 60, 83, 125, 104, 124, 123, 142, 141, 62, 49, 56, 57, 38, 44, 24, 86, 69, 79, 80, 66, 72, 73, 87, 89, 88, 82, 103, 23, 5, 4, 22, 21, 20, 37, 34, 35, 84, 55, 92, 75, 90, 117, 119, 53, 77, 43, 15, 29, 27, 8, 41, 33, 0, 107, 45, 19, 95, 3, 59, 65, 81]",True,14425684988,14.425684988,"[64, 111, 30, 31, 11, 100, 96, 98, 52, 51, 46, 126, 47, 39, 68, 50, 2, 70, 60, 83, 125, 104, 124, 123, 142, 141, 62, 49, 56, 57, 38, 44, 24, 86, 69, 79, 80, 66, 72, 73, 87, 89, 88, 82, 103, 23, 5, 4, 22, 21, 20, 37, 34, 35, 84, 75, 53, 90, 119, 77, 117, 55, 92, 29, 15, 43, 41, 8, 27, 0, 45, 81, 19, 95, 65, 59, 3, 33, 107]","[107, 33, 3, 59, 65, 95, 19, 81, 45, 0, 27, 8, 41, 43, 15, 29, 92, 55, 117, 77, 119, 90, 53, 75, 84, 35, 34, 37, 20, 21, 22, 4, 5, 23, 103, 82, 88, 89, 87, 73, 72, 66, 80, 79, 69, 86, 24, 44, 38, 57, 56, 49, 62, 141, 142, 123, 124, 104, 125, 83, 60, 70, 2, 50, 68, 39, 47, 126, 46, 51, 52, 98, 96, 100, 11, 31, 30, 111, 64]",False,complete,742,742,3160,663,1061,0,1061,1061,,False,,,,,,,2,102,18,102,20,20,18,20
1,488,37,72,77,"[1, 6, 7, 9, 10, 12, 13, 14, 16, 17, 18, 25, 26, 28, 32, 36, 40, 42, 48, 54, 58, 61, 63, 64, 67, 71, 74, 76, 78, 85, 91, 93, 94, 97, 99, 101, 102, 105, 106, 108, 109, 110, 111, 112, 114, 115, 116, 118, 120, 121, 122, 127, 128, 129, 130, 131, 132, 133, 134, 135, 136, 137, 138, 139, 140, 143, 144, 145, 146, 147, 148, 149]","[0, 2, 3, 4, 5, 8, 11, 15, 19, 20, 21, 22, 23, 24, 27, 29, 30, 31, 33, 34, 35, 37, 38, 39, 41, 43, 44, 45, 46, 47, 49, 50, 51, 52, 53, 55, 56, 57, 59, 60, 62, 65, 66, 68, 69, 70, 72, 73, 75, 77, 79, 80, 81, 82, 83, 84, 86, 87, 88, 89, 90, 92, 95, 96, 98, 100, 103, 104, 107, 117, 119, 123, 124, 125, 126, 141, 142]","{""support_1"": 2}",[2],1,"[122, 17, 18, 32, 137, 138, 140, 139, 13, 14, 116, 118, 136, 102, 10, 16, 36, 135, 26, 28, 105, 99, 148, 144, 115, 112, 149, 145, 147, 146, 12, 71, 58, 134, 109, 78, 48, 67, 61, 93, 85, 133, 42, 40, 143, 25, 7, 130, 131, 129, 132, 76, 74, 54, 110, 108, 9, 97, 128, 63, 106, 101, 120, 114, 121, 6, 1, 94, 127, 91, 64, 111, 30, 31, 11, 100, 96, 98, 52, 51, 46, 126, 2, 39, 68, 50, 47, 70, 60, 83, 125, 104, 124, 123, 142, 141, 62, 49, 56, 57, 38, 44, 24, 86, 69, 79, 80, 66, 72, 73, 87, 89, 88, 82, 103, 23, 5, 4, 22, 21, 20, 37, 34, 35, 84, 55, 92, 75, 90, 117, 119, 53, 77, 43, 15, 29, 27, 8, 41, 33, 0, 107, 45, 19, 95, 3, 59, 65, 81]",True,13305860534,13.305860534,"[30, 31, 11, 100, 96, 98, 52, 51, 46, 126, 2, 39, 68, 50, 47, 70, 60, 83, 125, 104, 124, 123, 141, 142, 62, 49, 56, 57, 38, 44, 24, 86, 69, 79, 80, 66, 72, 73, 82, 89, 87, 88, 103, 23, 5, 4, 22, 21, 20, 37, 34, 35, 84, 75, 55, 77, 90, 92, 119, 53, 117, 27, 8, 41, 15, 29, 43, 107, 3, 59, 0, 95, 81, 19, 65, 45, 33]","[33, 45, 65, 19, 81, 95, 0, 59, 3, 107, 43, 29, 15, 41, 8, 27, 117, 53, 119, 92, 90, 77, 55, 75, 84, 35, 34, 37, 20, 21, 22, 4, 5, 23, 103, 88, 87, 89, 82, 73, 72, 66, 80, 79, 69, 86, 24, 44, 38, 57, 56, 49, 62, 142, 141, 123, 124, 104, 125, 83, 60, 70, 47, 50, 68, 39, 2, 126, 46, 51, 52, 98, 96, 100, 11, 31, 30]",False,complete,681,681,3003,604,1032,0,1032,1032,,False,,,,,,,2,99,19,99,20,20,19,20
1,489,38,74,75,"[1, 6, 7, 9, 10, 12, 13, 14, 16, 17, 18, 25, 26, 28, 30, 31, 32, 36, 40, 42, 48, 54, 58, 61, 63, 64, 67, 71, 74, 76, 78, 85, 91, 93, 94, 97, 99, 101, 102, 105, 106, 108, 109, 110, 111, 112, 114, 115, 116, 118, 120, 121, 122, 127, 128, 129, 130, 131, 132, 133, 134, 135, 136, 137, 138, 139, 140, 143, 144, 145, 146, 147, 148, 149]","[0, 2, 3, 4, 5, 8, 11, 15, 19, 20, 21, 22, 23, 24, 27, 29, 33, 34, 35, 37, 38, 39, 41, 43, 44, 45, 46, 47, 49, 50, 51, 52, 53, 55, 56, 57, 59, 60, 62, 65, 66, 68, 69, 70, 72, 73, 75, 77, 79, 80, 81, 82, 83, 84, 86, 87, 88, 89, 90, 92, 95, 96, 98, 100, 103, 104, 107, 117, 119, 123, 124, 125, 126, 141, 142]","{""support_1"": 2, ""support_2"": 98}","[2, 98]",2,"[122, 17, 18, 32, 137, 138, 140, 139, 13, 14, 116, 118, 136, 102, 10, 16, 36, 135, 26, 28, 105, 99, 148, 144, 115, 112, 149, 145, 147, 146, 12, 71, 58, 134, 109, 78, 48, 67, 61, 93, 85, 133, 42, 40, 143, 25, 7, 130, 131, 129, 132, 76, 74, 54, 110, 108, 9, 97, 128, 63, 106, 101, 120, 114, 121, 6, 1, 94, 127, 91, 64, 111, 30, 31, 11, 100, 96, 98, 52, 51, 46, 126, 2, 39, 68, 50, 47, 70, 60, 83, 125, 104, 124, 123, 142, 141, 62, 49, 56, 57, 38, 44, 24, 86, 69, 79, 80, 66, 72, 73, 87, 89, 88, 82, 103, 23, 5, 4, 22, 21, 20, 37, 34, 35, 84, 55, 92, 75, 90, 117, 119, 53, 77, 43, 15, 29, 27, 8, 41, 33, 0, 107, 45, 19, 95, 3, 59, 65, 81]",True,10412416740,10.412416740,"[11, 100, 96, 98, 52, 51, 46, 126, 47, 70, 39, 2, 23, 5, 4, 22, 21, 20, 37, 34, 35, 87, 103, 86, 125, 104, 89, 88, 83, 82, 124, 123, 141, 142, 84, 24, 44, 68, 60, 66, 73, 69, 79, 72, 50, 80, 38, 56, 49, 57, 62, 55, 75, 53, 90, 117, 77, 92, 119, 43, 41, 8, 27, 29, 15, 19, 3, 95, 45, 33, 59, 65, 0, 81, 107]","[107, 81, 0, 65, 59, 33, 45, 95, 3, 19, 15, 29, 27, 8, 41, 43, 119, 92, 77, 117, 90, 53, 75, 55, 62, 57, 49, 56, 38, 80, 50, 72, 79, 69, 73, 66, 60, 68, 44, 24, 84, 142, 141, 123, 124, 82, 83, 88, 89, 104, 125, 86, 103, 87, 35, 34, 37, 20, 21, 22, 4, 5, 23, 2, 39, 70, 47, 126, 46, 51, 52, 98, 96, 100, 11]",False,complete,557,557,2850,482,888,0,888,888,,False,,,,,,,2,94,16,94,18,18,16,18
1,490,39,76,73,"[1, 6, 7, 9, 10, 11, 12, 13, 14, 16, 17, 18, 25, 26, 28, 30, 31, 32, 36, 40, 42, 48, 54, 58, 61, 63, 64, 67, 71, 74, 76, 78, 85, 91, 93, 94, 97, 99, 100, 101, 102, 105, 106, 108, 109, 110, 111, 112, 114, 115, 116, 118, 120, 121, 122, 127, 128, 129, 130, 131, 132, 133, 134, 135, 136, 137, 138, 139, 140, 143, 144, 145, 146, 147, 148, 149]","[0, 2, 3, 4, 5, 8, 15, 19, 20, 21, 22, 23, 24, 27, 29, 33, 34, 35, 37, 38, 39, 41, 43, 44, 45, 46, 47, 49, 50, 51, 52, 53, 55, 56, 57, 59, 60, 62, 65, 66, 68, 69, 70, 72, 73, 75, 77, 79, 80, 81, 82, 83, 84, 86, 87, 88, 89, 90, 92, 95, 96, 98, 103, 104, 107, 117, 119, 123, 124, 125, 126, 141, 142]","{""support_1"": 2, ""support_2"": 98}","[2, 98]",2,"[122, 17, 18, 32, 137, 138, 140, 139, 13, 14, 116, 118, 136, 102, 10, 16, 36, 135, 26, 28, 105, 99, 148, 144, 115, 112, 149, 145, 147, 146, 12, 71, 58, 134, 109, 78, 48, 67, 61, 93, 85, 133, 42, 40, 143, 25, 7, 130, 131, 129, 132, 76, 74, 54, 110, 108, 9, 97, 128, 63, 106, 101, 120, 114, 121, 6, 1, 94, 127, 91, 64, 111, 30, 31, 11, 100, 96, 98, 52, 51, 46, 126, 2, 39, 68, 50, 47, 70, 60, 83, 125, 104, 124, 123, 142, 141, 62, 49, 56, 57, 38, 44, 24, 86, 69, 79, 80, 66, 72, 73, 87, 89, 88, 82, 103, 23, 5, 4, 22, 21, 20, 37, 34, 35, 84, 55, 92, 75, 90, 117, 119, 53, 77, 43, 15, 29, 27, 8, 41, 33, 0, 107, 45, 19, 95, 3, 59, 65, 81]",True,10779040423,10.779040423,"[96, 98, 52, 51, 46, 126, 2, 39, 68, 50, 47, 70, 60, 83, 125, 103, 124, 123, 141, 142, 62, 49, 56, 57, 38, 44, 24, 86, 69, 79, 80, 66, 72, 73, 87, 89, 88, 82, 104, 23, 5, 4, 22, 21, 20, 37, 34, 35, 84, 92, 53, 90, 77, 55, 75, 117, 119, 8, 15, 27, 29, 41, 43, 81, 0, 65, 107, 19, 3, 45, 33, 95, 59]","[59, 95, 33, 45, 3, 19, 107, 65, 0, 81, 43, 41, 29, 27, 15, 8, 119, 117, 75, 55, 77, 90, 53, 92, 84, 35, 34, 37, 20, 21, 22, 4, 5, 23, 104, 82, 88, 89, 87, 73, 72, 66, 80, 79, 69, 86, 24, 44, 38, 57, 56, 49, 62, 142, 141, 123, 124, 103, 125, 83, 60, 70, 47, 50, 68, 39, 2, 126, 46, 51, 52, 98, 96]",False,complete,641,641,2701,568,913,0,913,913,,False,,,,,,,2,91,16,91,18,18,16,18
1,491,40,78,71,"[1, 6, 7, 9, 10, 11, 12, 13, 14, 16, 17, 18, 25, 26, 28, 30, 31, 32, 36, 40, 42, 48, 54, 58, 61, 63, 64, 67, 71, 74, 76, 78, 85, 91, 93, 94, 96, 97, 98, 99, 100, 101, 102, 105, 106, 108, 109, 110, 111, 112, 114, 115, 116, 118, 120, 121, 122, 127, 128, 129, 130, 131, 132, 133, 134, 135, 136, 137, 138, 139, 140, 143, 144, 145, 146, 147, 148, 149]","[0, 2, 3, 4, 5, 8, 15, 19, 20, 21, 22, 23, 24, 27, 29, 33, 34, 35, 37, 38, 39, 41, 43, 44, 45, 46, 47, 49, 50, 51, 52, 53, 55, 56, 57, 59, 60, 62, 65, 66, 68, 69, 70, 72, 73, 75, 77, 79, 80, 81, 82, 83, 84, 86, 87, 88, 89, 90, 92, 95, 103, 104, 107, 117, 119, 123, 124, 125, 126, 141, 142]","{""support_1"": 2}",[2],1,"[122, 17, 18, 32, 137, 138, 140, 139, 13, 14, 116, 118, 136, 102, 10, 16, 36, 135, 26, 28, 105, 99, 148, 144, 115, 112, 149, 145, 147, 146, 12, 71, 58, 134, 109, 78, 48, 67, 61, 93, 85, 133, 42, 40, 143, 25, 7, 130, 131, 129, 132, 76, 74, 54, 110, 108, 9, 97, 128, 63, 106, 101, 120, 114, 121, 6, 1, 94, 127, 91, 64, 111, 30, 31, 11, 100, 96, 98, 52, 51, 46, 126, 2, 39, 68, 50, 47, 70, 60, 83, 125, 104, 124, 123, 142, 141, 62, 49, 56, 57, 38, 44, 24, 86, 69, 79, 80, 66, 72, 73, 87, 89, 88, 82, 103, 23, 5, 4, 22, 21, 20, 37, 34, 35, 84, 55, 92, 75, 90, 117, 119, 53, 77, 43, 15, 29, 27, 8, 41, 33, 0, 107, 45, 19, 95, 3, 59, 65, 81]",True,9192886467,9.192886467,"[52, 51, 46, 126, 47, 70, 39, 2, 23, 5, 4, 22, 21, 20, 37, 34, 35, 87, 103, 86, 125, 104, 89, 88, 83, 82, 124, 123, 141, 142, 84, 24, 44, 68, 60, 66, 73, 69, 79, 72, 50, 80, 49, 56, 38, 57, 62, 75, 77, 55, 117, 92, 53, 90, 119, 27, 43, 41, 29, 8, 15, 107, 65, 19, 95, 81, 33, 0, 3, 59, 45]","[45, 59, 3, 0, 33, 81, 95, 19, 65, 107, 15, 8, 29, 41, 43, 27, 119, 90, 53, 92, 117, 55, 77, 75, 62, 57, 38, 56, 49, 80, 50, 72, 79, 69, 73, 66, 60, 68, 44, 24, 84, 142, 141, 123, 124, 82, 83, 88, 89, 104, 125, 86, 103, 87, 35, 34, 37, 20, 21, 22, 4, 5, 23, 2, 39, 70, 47, 126, 46, 51, 52]",False,complete,497,497,2556,426,828,0,828,828,,False,,,,,,,2,87,16,87,17,17,16,17
1,492,41,80,69,"[1, 6, 7, 9, 10, 11, 12, 13, 14, 16, 17, 18, 25, 26, 28, 30, 31, 32, 36, 40, 42, 48, 51, 52, 54, 58, 61, 63, 64, 67, 71, 74, 76, 78, 85, 91, 93, 94, 96, 97, 98, 99, 100, 101, 102, 105, 106, 108, 109, 110, 111, 112, 114, 115, 116, 118, 120, 121, 122, 127, 128, 129, 130, 131, 132, 133, 134, 135, 136, 137, 138, 139, 140, 143, 144, 145, 146, 147, 148, 149]","[0, 2, 3, 4, 5, 8, 15, 19, 20, 21, 22, 23, 24, 27, 29, 33, 34, 35, 37, 38, 39, 41, 43, 44, 45, 46, 47, 49, 50, 53, 55, 56, 57, 59, 60, 62, 65, 66, 68, 69, 70, 72, 73, 75, 77, 79, 80, 81, 82, 83, 84, 86, 87, 88, 89, 90, 92, 95, 103, 104, 107, 117, 119, 123, 124, 125, 126, 141, 142]","{""support_1"": 2, ""support_2"": 47}","[2, 47]",2,"[122, 17, 18, 32, 137, 138, 140, 139, 13, 14, 116, 118, 136, 102, 10, 16, 36, 135, 26, 28, 105, 99, 148, 144, 115, 112, 149, 145, 147, 146, 12, 71, 58, 134, 109, 78, 48, 67, 61, 93, 85, 133, 42, 40, 143, 25, 7, 130, 131, 129, 132, 76, 74, 54, 110, 108, 9, 97, 128, 63, 106, 101, 120, 114, 121, 6, 1, 94, 127, 91, 64, 111, 30, 31, 11, 100, 96, 98, 52, 51, 46, 126, 2, 39, 68, 50, 47, 70, 60, 83, 125, 104, 124, 123, 142, 141, 62, 49, 56, 57, 38, 44, 24, 86, 69, 79, 80, 66, 72, 73, 87, 89, 88, 82, 103, 23, 5, 4, 22, 21, 20, 37, 34, 35, 84, 55, 92, 75, 90, 117, 119, 53, 77, 43, 15, 29, 27, 8, 41, 33, 0, 107, 45, 19, 95, 3, 59, 65, 81]",True,9283771135,9.283771135,"[46, 126, 47, 39, 68, 50, 2, 70, 60, 83, 125, 103, 124, 123, 141, 142, 62, 49, 56, 57, 38, 44, 24, 86, 69, 79, 80, 66, 72, 73, 82, 89, 87, 88, 104, 23, 5, 4, 22, 21, 20, 37, 34, 35, 84, 55, 117, 92, 90, 53, 77, 75, 119, 29, 8, 43, 41, 27, 15, 0, 95, 81, 107, 65, 33, 3, 45, 19, 59]","[59, 19, 45, 3, 33, 65, 107, 81, 95, 0, 15, 27, 41, 43, 8, 29, 119, 75, 77, 53, 90, 92, 117, 55, 84, 35, 34, 37, 20, 21, 22, 4, 5, 23, 104, 88, 87, 89, 82, 73, 72, 66, 80, 79, 69, 86, 24, 44, 38, 57, 56, 49, 62, 142, 141, 123, 124, 103, 125, 83, 60, 70, 2, 50, 68, 39, 47, 126, 46]",False,complete,607,607,2415,538,830,0,830,830,,False,,,,,,,2,84,16,84,18,18,16,18
1,493,42,82,67,"[1, 6, 7, 9, 10, 11, 12, 13, 14, 16, 17, 18, 25, 26, 28, 30, 31, 32, 36, 40, 42, 46, 48, 51, 52, 54, 58, 61, 63, 64, 67, 71, 74, 76, 78, 85, 91, 93, 94, 96, 97, 98, 99, 100, 101, 102, 105, 106, 108, 109, 110, 111, 112, 114, 115, 116, 118, 120, 121, 122, 126, 127, 128, 129, 130, 131, 132, 133, 134, 135, 136, 137, 138, 139, 140, 143, 144, 145, 146, 147, 148, 149]","[0, 2, 3, 4, 5, 8, 15, 19, 20, 21, 22, 23, 24, 27, 29, 33, 34, 35, 37, 38, 39, 41, 43, 44, 45, 47, 49, 50, 53, 55, 56, 57, 59, 60, 62, 65, 66, 68, 69, 70, 72, 73, 75, 77, 79, 80, 81, 82, 83, 84, 86, 87, 88, 89, 90, 92, 95, 103, 104, 107, 117, 119, 123, 124, 125, 141, 142]","{""support_1"": 2, ""support_2"": 47}","[2, 47]",2,"[122, 17, 18, 32, 137, 138, 140, 139, 13, 14, 116, 118, 136, 102, 10, 16, 36, 135, 26, 28, 105, 99, 148, 144, 115, 112, 149, 145, 147, 146, 12, 71, 58, 134, 109, 78, 48, 67, 61, 93, 85, 133, 42, 40, 143, 25, 7, 130, 131, 129, 132, 76, 74, 54, 110, 108, 9, 97, 128, 63, 106, 101, 120, 114, 121, 6, 1, 94, 127, 91, 64, 111, 30, 31, 11, 100, 96, 98, 52, 51, 46, 126, 2, 39, 68, 50, 47, 70, 60, 83, 125, 104, 124, 123, 142, 141, 62, 49, 56, 57, 38, 44, 24, 86, 69, 79, 80, 66, 72, 73, 87, 89, 88, 82, 103, 23, 5, 4, 22, 21, 20, 37, 34, 35, 84, 55, 92, 75, 90, 117, 119, 53, 77, 43, 15, 29, 27, 8, 41, 33, 0, 107, 45, 19, 95, 3, 59, 65, 81]",True,8273743195,8.273743195,"[2, 70, 39, 47, 23, 5, 4, 22, 21, 20, 37, 34, 35, 87, 103, 86, 125, 104, 89, 88, 83, 82, 124, 123, 142, 141, 84, 24, 44, 68, 60, 66, 73, 69, 79, 72, 50, 80, 38, 56, 49, 57, 62, 53, 77, 75, 55, 92, 119, 90, 117, 27, 15, 41, 29, 43, 8, 45, 59, 65, 33, 3, 81, 95, 19, 0, 107]","[107, 0, 19, 95, 81, 3, 33, 65, 59, 45, 8, 43, 29, 41, 15, 27, 117, 90, 119, 92, 55, 75, 77, 53, 62, 57, 49, 56, 38, 80, 50, 72, 79, 69, 73, 66, 60, 68, 44, 24, 84, 141, 142, 123, 124, 82, 83, 88, 89, 104, 125, 86, 103, 87, 35, 34, 37, 20, 21, 22, 4, 5, 23, 47, 39, 70, 2]",False,complete,461,461,2278,394,770,0,770,770,,False,,,,,,,2,79,15,79,16,16,15,17
1,494,43,84,65,"[1, 2, 6, 7, 9, 10, 11, 12, 13, 14, 16, 17, 18, 25, 26, 28, 30, 31, 32, 36, 39, 40, 42, 46, 48, 51, 52, 54, 58, 61, 63, 64, 67, 71, 74, 76, 78, 85, 91, 93, 94, 96, 97, 98, 99, 100, 101, 102, 105, 106, 108, 109, 110, 111, 112, 114, 115, 116, 118, 120, 121, 122, 126, 127, 128, 129, 130, 131, 132, 133, 134, 135, 136, 137, 138, 139, 140, 143, 144, 145, 146, 147, 148, 149]","[0, 3, 4, 5, 8, 15, 19, 20, 21, 22, 23, 24, 27, 29, 33, 34, 35, 37, 38, 41, 43, 44, 45, 47, 49, 50, 53, 55, 56, 57, 59, 60, 62, 65, 66, 68, 69, 70, 72, 73, 75, 77, 79, 80, 81, 82, 83, 84, 86, 87, 88, 89, 90, 92, 95, 103, 104, 107, 117, 119, 123, 124, 125, 141, 142]","{""support_1"": 62, ""support_2"": 47}","[47, 62]",2,"[122, 17, 18, 32, 137, 138, 140, 139, 13, 14, 116, 118, 136, 102, 10, 16, 36, 135, 26, 28, 105, 99, 148, 144, 115, 112, 149, 145, 147, 146, 12, 71, 58, 134, 109, 78, 48, 67, 61, 93, 85, 133, 42, 40, 143, 25, 7, 130, 131, 129, 132, 76, 74, 54, 110, 108, 9, 97, 128, 63, 106, 101, 120, 114, 121, 6, 1, 94, 127, 91, 64, 111, 30, 31, 11, 100, 96, 98, 52, 51, 46, 126, 2, 39, 68, 50, 47, 70, 60, 83, 125, 104, 124, 123, 142, 141, 62, 49, 56, 57, 38, 44, 24, 86, 69, 79, 80, 66, 72, 73, 87, 89, 88, 82, 103, 23, 5, 4, 22, 21, 20, 37, 34, 35, 84, 55, 92, 75, 90, 117, 119, 53, 77, 43, 15, 29, 27, 8, 41, 33, 0, 107, 45, 19, 95, 3, 59, 65, 81]",True,7448721983,7.448721983,"[68, 50, 47, 70, 60, 83, 125, 104, 124, 123, 142, 141, 62, 49, 56, 57, 38, 44, 24, 86, 69, 79, 80, 66, 72, 73, 82, 89, 87, 88, 103, 23, 5, 4, 22, 21, 20, 37, 34, 35, 84, 119, 77, 117, 53, 92, 90, 55, 75, 41, 27, 43, 8, 15, 29, 45, 65, 59, 3, 19, 0, 95, 33, 107, 81]","[81, 107, 33, 95, 0, 19, 3, 59, 65, 45, 29, 15, 8, 43, 27, 41, 75, 55, 90, 92, 53, 117, 77, 119, 84, 35, 34, 37, 20, 21, 22, 4, 5, 23, 103, 88, 87, 89, 82, 73, 72, 66, 80, 79, 69, 86, 24, 44, 38, 57, 56, 49, 62, 141, 142, 123, 124, 104, 125, 83, 60, 70, 47, 50, 68]",False,complete,533,533,2145,468,716,0,716,716,,False,,,,,,,2,77,15,77,17,17,15,17
1,495,44,86,63,"[1, 2, 6, 7, 9, 10, 11, 12, 13, 14, 16, 17, 18, 25, 26, 28, 30, 31, 32, 36, 39, 40, 42, 46, 48, 50, 51, 52, 54, 58, 61, 63, 64, 67, 68, 71, 74, 76, 78, 85, 91, 93, 94, 96, 97, 98, 99, 100, 101, 102, 105, 106, 108, 109, 110, 111, 112, 114, 115, 116, 118, 120, 121, 122, 126, 127, 128, 129, 130, 131, 132, 133, 134, 135, 136, 137, 138, 139, 140, 143, 144, 145, 146, 147, 148, 149]","[0, 3, 4, 5, 8, 15, 19, 20, 21, 22, 23, 24, 27, 29, 33, 34, 35, 37, 38, 41, 43, 44, 45, 47, 49, 53, 55, 56, 57, 59, 60, 62, 65, 66, 69, 70, 72, 73, 75, 77, 79, 80, 81, 82, 83, 84, 86, 87, 88, 89, 90, 92, 95, 103, 104, 107, 117, 119, 123, 124, 125, 141, 142]","{""support_1"": 62, ""support_2"": 47}","[47, 62]",2,"[122, 17, 18, 32, 137, 138, 140, 139, 13, 14, 116, 118, 136, 102, 10, 16, 36, 135, 26, 28, 105, 99, 148, 144, 115, 112, 149, 145, 147, 146, 12, 71, 58, 134, 109, 78, 48, 67, 61, 93, 85, 133, 42, 40, 143, 25, 7, 130, 131, 129, 132, 76, 74, 54, 110, 108, 9, 97, 128, 63, 106, 101, 120, 114, 121, 6, 1, 94, 127, 91, 64, 111, 30, 31, 11, 100, 96, 98, 52, 51, 46, 126, 2, 39, 68, 50, 47, 70, 60, 83, 125, 104, 124, 123, 142, 141, 62, 49, 56, 57, 38, 44, 24, 86, 69, 79, 80, 66, 72, 73, 87, 89, 88, 82, 103, 23, 5, 4, 22, 21, 20, 37, 34, 35, 84, 55, 92, 75, 90, 117, 119, 53, 77, 43, 15, 29, 27, 8, 41, 33, 0, 107, 45, 19, 95, 3, 59, 65, 81]",True,6954812842,6.954812842,"[47, 70, 60, 83, 125, 103, 124, 123, 141, 142, 62, 49, 56, 57, 38, 44, 24, 86, 69, 79, 80, 66, 72, 73, 82, 89, 87, 88, 104, 23, 5, 4, 22, 21, 20, 37, 34, 35, 84, 90, 53, 117, 55, 75, 77, 92, 119, 8, 41, 43, 15, 27, 29, 19, 3, 59, 107, 33, 0, 95, 65, 81, 45]","[45, 81, 65, 95, 0, 33, 107, 59, 3, 19, 29, 27, 15, 43, 41, 8, 119, 92, 77, 75, 55, 117, 53, 90, 84, 35, 34, 37, 20, 21, 22, 4, 5, 23, 104, 88, 87, 89, 82, 73, 72, 66, 80, 79, 69, 86, 24, 44, 38, 57, 56, 49, 62, 142, 141, 123, 124, 103, 125, 83, 60, 70, 47]",False,complete,502,502,2016,439,685,0,685,685,,False,,,,,,,2,73,15,73,16,16,15,17
1,496,45,88,61,"[1, 2, 6, 7, 9, 10, 11, 12, 13, 14, 16, 17, 18, 25, 26, 28, 30, 31, 32, 36, 39, 40, 42, 46, 47, 48, 50, 51, 52, 54, 58, 61, 63, 64, 67, 68, 70, 71, 74, 76, 78, 85, 91, 93, 94, 96, 97, 98, 99, 100, 101, 102, 105, 106, 108, 109, 110, 111, 112, 114, 115, 116, 118, 120, 121, 122, 126, 127, 128, 129, 130, 131, 132, 133, 134, 135, 136, 137, 138, 139, 140, 143, 144, 145, 146, 147, 148, 149]","[0, 3, 4, 5, 8, 15, 19, 20, 21, 22, 23, 24, 27, 29, 33, 34, 35, 37, 38, 41, 43, 44, 45, 49, 53, 55, 56, 57, 59, 60, 62, 65, 66, 69, 72, 73, 75, 77, 79, 80, 81, 82, 83, 84, 86, 87, 88, 89, 90, 92, 95, 103, 104, 107, 117, 119, 123, 124, 125, 141, 142]","{""support_1"": 62, ""support_2"": 86}","[62, 86]",2,"[122, 17, 18, 32, 137, 138, 140, 139, 13, 14, 116, 118, 136, 102, 10, 16, 36, 135, 26, 28, 105, 99, 148, 144, 115, 112, 149, 145, 147, 146, 12, 71, 58, 134, 109, 78, 48, 67, 61, 93, 85, 133, 42, 40, 143, 25, 7, 130, 131, 129, 132, 76, 74, 54, 110, 108, 9, 97, 128, 63, 106, 101, 120, 114, 121, 6, 1, 94, 127, 91, 64, 111, 30, 31, 11, 100, 96, 98, 52, 51, 46, 126, 2, 39, 68, 50, 47, 70, 60, 83, 125, 104, 124, 123, 142, 141, 62, 49, 56, 57, 38, 44, 24, 86, 69, 79, 80, 66, 72, 73, 87, 89, 88, 82, 103, 23, 5, 4, 22, 21, 20, 37, 34, 35, 84, 55, 92, 75, 90, 117, 119, 53, 77, 43, 15, 29, 27, 8, 41, 33, 0, 107, 45, 19, 95, 3, 59, 65, 81]",True,5943268039,5.943268039,"[60, 83, 125, 103, 124, 123, 142, 141, 62, 49, 56, 57, 38, 44, 24, 86, 69, 79, 80, 66, 72, 73, 87, 89, 88, 82, 104, 23, 5, 4, 22, 21, 20, 37, 34, 35, 84, 77, 53, 75, 117, 119, 90, 92, 55, 15, 41, 43, 29, 8, 27, 0, 45, 3, 65, 59, 95, 81, 19, 33, 107]","[107, 33, 19, 81, 95, 59, 65, 3, 45, 0, 27, 8, 29, 43, 41, 15, 55, 92, 90, 119, 117, 75, 53, 77, 84, 35, 34, 37, 20, 21, 22, 4, 5, 23, 104, 82, 88, 89, 87, 73, 72, 66, 80, 79, 69, 86, 24, 44, 38, 57, 56, 49, 62, 141, 142, 123, 124, 103, 125, 83, 60]",False,complete,464,464,1891,403,601,0,601,601,,False,,,,,,,2,70,13,70,15,15,13,15
1,497,46,90,59,"[1, 2, 6, 7, 9, 10, 11, 12, 13, 14, 16, 17, 18, 25, 26, 28, 30, 31, 32, 36, 39, 40, 42, 46, 47, 48, 50, 51, 52, 54, 58, 60, 61, 63, 64, 67, 68, 70, 71, 74, 76, 78, 83, 85, 91, 93, 94, 96, 97, 98, 99, 100, 101, 102, 105, 106, 108, 109, 110, 111, 112, 114, 115, 116, 118, 120, 121, 122, 126, 127, 128, 129, 130, 131, 132, 133, 134, 135, 136, 137, 138, 139, 140, 143, 144, 145, 146, 147, 148, 149]","[0, 3, 4, 5, 8, 15, 19, 20, 21, 22, 23, 24, 27, 29, 33, 34, 35, 37, 38, 41, 43, 44, 45, 49, 53, 55, 56, 57, 59, 62, 65, 66, 69, 72, 73, 75, 77, 79, 80, 81, 82, 84, 86, 87, 88, 89, 90, 92, 95, 103, 104, 107, 117, 119, 123, 124, 125, 141, 142]","{""support_1"": 62, ""support_2"": 86}","[62, 86]",2,"[122, 17, 18, 32, 137, 138, 140, 139, 13, 14, 116, 118, 136, 102, 10, 16, 36, 135, 26, 28, 105, 99, 148, 144, 115, 112, 149, 145, 147, 146, 12, 71, 58, 134, 109, 78, 48, 67, 61, 93, 85, 133, 42, 40, 143, 25, 7, 130, 131, 129, 132, 76, 74, 54, 110, 108, 9, 97, 128, 63, 106, 101, 120, 114, 121, 6, 1, 94, 127, 91, 64, 111, 30, 31, 11, 100, 96, 98, 52, 51, 46, 126, 2, 39, 68, 50, 47, 70, 60, 83, 125, 104, 124, 123, 142, 141, 62, 49, 56, 57, 38, 44, 24, 86, 69, 79, 80, 66, 72, 73, 87, 89, 88, 82, 103, 23, 5, 4, 22, 21, 20, 37, 34, 35, 84, 55, 92, 75, 90, 117, 119, 53, 77, 43, 15, 29, 27, 8, 41, 33, 0, 107, 45, 19, 95, 3, 59, 65, 81]",True,5445646051,5.445646051,"[125, 104, 124, 123, 142, 141, 62, 49, 56, 57, 38, 44, 24, 86, 69, 79, 80, 66, 72, 73, 82, 89, 87, 88, 103, 23, 5, 4, 22, 21, 20, 37, 34, 35, 84, 117, 90, 92, 75, 53, 77, 55, 119, 43, 41, 15, 29, 27, 8, 95, 0, 59, 65, 3, 45, 81, 33, 19, 107]","[107, 19, 33, 81, 45, 3, 65, 59, 0, 95, 8, 27, 29, 15, 41, 43, 119, 55, 77, 53, 75, 92, 90, 117, 84, 35, 34, 37, 20, 21, 22, 4, 5, 23, 103, 88, 87, 89, 82, 73, 72, 66, 80, 79, 69, 86, 24, 44, 38, 57, 56, 49, 62, 141, 142, 123, 124, 104, 125]",False,complete,434,434,1770,375,573,0,573,573,,False,,,,,,,2,66,14,66,16,16,14,16
1,498,47,92,57,"[1, 2, 6, 7, 9, 10, 11, 12, 13, 14, 16, 17, 18, 25, 26, 28, 30, 31, 32, 36, 39, 40, 42, 46, 47, 48, 50, 51, 52, 54, 58, 60, 61, 63, 64, 67, 68, 70, 71, 74, 76, 78, 83, 85, 91, 93, 94, 96, 97, 98, 99, 100, 101, 102, 104, 105, 106, 108, 109, 110, 111, 112, 114, 115, 116, 118, 120, 121, 122, 125, 126, 127, 128, 129, 130, 131, 132, 133, 134, 135, 136, 137, 138, 139, 140, 143, 144, 145, 146, 147, 148, 149]","[0, 3, 4, 5, 8, 15, 19, 20, 21, 22, 23, 24, 27, 29, 33, 34, 35, 37, 38, 41, 43, 44, 45, 49, 53, 55, 56, 57, 59, 62, 65, 66, 69, 72, 73, 75, 77, 79, 80, 81, 82, 84, 86, 87, 88, 89, 90, 92, 95, 103, 107, 117, 119, 123, 124, 141, 142]","{""support_1"": 62, ""support_2"": 86}","[62, 86]",2,"[122, 17, 18, 32, 137, 138, 140, 139, 13, 14, 116, 118, 136, 102, 10, 16, 36, 135, 26, 28, 105, 99, 148, 144, 115, 112, 149, 145, 147, 146, 12, 71, 58, 134, 109, 78, 48, 67, 61, 93, 85, 133, 42, 40, 143, 25, 7, 130, 131, 129, 132, 76, 74, 54, 110, 108, 9, 97, 128, 63, 106, 101, 120, 114, 121, 6, 1, 94, 127, 91, 64, 111, 30, 31, 11, 100, 96, 98, 52, 51, 46, 126, 2, 39, 68, 50, 47, 70, 60, 83, 125, 104, 124, 123, 142, 141, 62, 49, 56, 57, 38, 44, 24, 86, 69, 79, 80, 66, 72, 73, 87, 89, 88, 82, 103, 23, 5, 4, 22, 21, 20, 37, 34, 35, 84, 55, 92, 75, 90, 117, 119, 53, 77, 43, 15, 29, 27, 8, 41, 33, 0, 107, 45, 19, 95, 3, 59, 65, 81]",True,4634444974,4.634444974,"[124, 123, 142, 141, 62, 49, 56, 57, 38, 44, 24, 86, 69, 79, 80, 66, 72, 73, 87, 89, 88, 82, 103, 23, 5, 4, 22, 21, 20, 37, 34, 35, 84, 53, 55, 77, 90, 92, 119, 75, 117, 15, 8, 43, 27, 41, 29, 3, 107, 95, 65, 0, 45, 59, 81, 19, 33]","[33, 19, 81, 59, 45, 0, 65, 95, 107, 3, 29, 41, 27, 43, 8, 15, 117, 75, 119, 92, 90, 77, 55, 53, 84, 35, 34, 37, 20, 21, 22, 4, 5, 23, 103, 82, 88, 89, 87, 73, 72, 66, 80, 79, 69, 86, 24, 44, 38, 57, 56, 49, 62, 141, 142, 123, 124]",False,complete,384,384,1653,327,505,0,505,505,,False,,,,,,,2,62,13,62,15,15,13,15
1,499,48,94,55,"[1, 2, 6, 7, 9, 10, 11, 12, 13, 14, 16, 17, 18, 25, 26, 28, 30, 31, 32, 36, 39, 40, 42, 46, 47, 48, 50, 51, 52, 54, 58, 60, 61, 63, 64, 67, 68, 70, 71, 74, 76, 78, 83, 85, 91, 93, 94, 96, 97, 98, 99, 100, 101, 102, 104, 105, 106, 108, 109, 110, 111, 112, 114, 115, 116, 118, 120, 121, 122, 123, 124, 125, 126, 127, 128, 129, 130, 131, 132, 133, 134, 135, 136, 137, 138, 139, 140, 143, 144, 145, 146, 147, 148, 149]","[0, 3, 4, 5, 8, 15, 19, 20, 21, 22, 23, 24, 27, 29, 33, 34, 35, 37, 38, 41, 43, 44, 45, 49, 53, 55, 56, 57, 59, 62, 65, 66, 69, 72, 73, 75, 77, 79, 80, 81, 82, 84, 86, 87, 88, 89, 90, 92, 95, 103, 107, 117, 119, 141, 142]","{""support_1"": 62, ""support_2"": 86}","[62, 86]",2,"[122, 17, 18, 32, 137, 138, 140, 139, 13, 14, 116, 118, 136, 102, 10, 16, 36, 135, 26, 28, 105, 99, 148, 144, 115, 112, 149, 145, 147, 146, 12, 71, 58, 134, 109, 78, 48, 67, 61, 93, 85, 133, 42, 40, 143, 25, 7, 130, 131, 129, 132, 76, 74, 54, 110, 108, 9, 97, 128, 63, 106, 101, 120, 114, 121, 6, 1, 94, 127, 91, 64, 111, 30, 31, 11, 100, 96, 98, 52, 51, 46, 126, 2, 39, 68, 50, 47, 70, 60, 83, 125, 104, 124, 123, 142, 141, 62, 49, 56, 57, 38, 44, 24, 86, 69, 79, 80, 66, 72, 73, 87, 89, 88, 82, 103, 23, 5, 4, 22, 21, 20, 37, 34, 35, 84, 55, 92, 75, 90, 117, 119, 53, 77, 43, 15, 29, 27, 8, 41, 33, 0, 107, 45, 19, 95, 3, 59, 65, 81]",True,3671562998,3.671562998,"[141, 142, 62, 49, 56, 57, 38, 44, 24, 86, 69, 79, 80, 66, 72, 73, 82, 89, 87, 88, 103, 23, 5, 4, 22, 21, 20, 37, 34, 35, 84, 90, 119, 92, 53, 75, 55, 117, 77, 8, 15, 41, 27, 29, 43, 19, 107, 0, 3, 65, 95, 81, 33, 45, 59]","[59, 45, 33, 81, 95, 65, 3, 0, 107, 19, 43, 29, 27, 41, 15, 8, 77, 117, 55, 75, 53, 92, 119, 90, 84, 35, 34, 37, 20, 21, 22, 4, 5, 23, 103, 88, 87, 89, 82, 73, 72, 66, 80, 79, 69, 86, 24, 44, 38, 57, 56, 49, 62, 142, 141]",False,complete,321,321,1540,266,416,0,416,416,,False,,,,,,,2,58,14,58,16,16,14,16
1,500,49,96,53,"[1, 2, 6, 7, 9, 10, 11, 12, 13, 14, 16, 17, 18, 25, 26, 28, 30, 31, 32, 36, 39, 40, 42, 46, 47, 48, 50, 51, 52, 54, 58, 60, 61, 63, 64, 67, 68, 70, 71, 74, 76, 78, 83, 85, 91, 93, 94, 96, 97, 98, 99, 100, 101, 102, 104, 105, 106, 108, 109, 110, 111, 112, 114, 115, 116, 118, 120, 121, 122, 123, 124, 125, 126, 127, 128, 129, 130, 131, 132, 133, 134, 135, 136, 137, 138, 139, 140, 141, 142, 143, 144, 145, 146, 147, 148, 149]","[0, 3, 4, 5, 8, 15, 19, 20, 21, 22, 23, 24, 27, 29, 33, 34, 35, 37, 38, 41, 43, 44, 45, 49, 53, 55, 56, 57, 59, 62, 65, 66, 69, 72, 73, 75, 77, 79, 80, 81, 82, 84, 86, 87, 88, 89, 90, 92, 95, 103, 107, 117, 119]","{""support_1"": 62, ""support_2"": 86}","[62, 86]",2,"[122, 17, 18, 32, 137, 138, 140, 139, 13, 14, 116, 118, 136, 102, 10, 16, 36, 135, 26, 28, 105, 99, 148, 144, 115, 112, 149, 145, 147, 146, 12, 71, 58, 134, 109, 78, 48, 67, 61, 93, 85, 133, 42, 40, 143, 25, 7, 130, 131, 129, 132, 76, 74, 54, 110, 108, 9, 97, 128, 63, 106, 101, 120, 114, 121, 6, 1, 94, 127, 91, 64, 111, 30, 31, 11, 100, 96, 98, 52, 51, 46, 126, 2, 39, 68, 50, 47, 70, 60, 83, 125, 104, 124, 123, 142, 141, 62, 49, 56, 57, 38, 44, 24, 86, 69, 79, 80, 66, 72, 73, 87, 89, 88, 82, 103, 23, 5, 4, 22, 21, 20, 37, 34, 35, 84, 55, 92, 75, 90, 117, 119, 53, 77, 43, 15, 29, 27, 8, 41, 33, 0, 107, 45, 19, 95, 3, 59, 65, 81]",True,2546833938,2.546833938,"[62, 49, 56, 57, 38, 44, 24, 86, 69, 79, 80, 66, 72, 73, 82, 89, 87, 88, 103, 23, 5, 4, 22, 21, 20, 37, 34, 35, 84, 119, 75, 55, 117, 90, 92, 77, 53, 29, 43, 8, 41, 27, 15, 33, 59, 95, 107, 45, 81, 3, 19, 0, 65]","[65, 0, 19, 3, 81, 45, 107, 95, 59, 33, 15, 27, 41, 8, 43, 29, 53, 77, 92, 90, 117, 55, 75, 119, 84, 35, 34, 37, 20, 21, 22, 4, 5, 23, 103, 88, 87, 89, 82, 73, 72, 66, 80, 79, 69, 86, 24, 44, 38, 57, 56, 49, 62]",False,complete,255,255,1431,202,322,0,322,322,,False,,,,,,,2,54,14,54,15,15,14,16
1,501,50,98,51,"[1, 2, 6, 7, 9, 10, 11, 12, 13, 14, 16, 17, 18, 25, 26, 28, 30, 31, 32, 36, 39, 40, 42, 46, 47, 48, 49, 50, 51, 52, 54, 58, 60, 61, 62, 63, 64, 67, 68, 70, 71, 74, 76, 78, 83, 85, 91, 93, 94, 96, 97, 98, 99, 100, 101, 102, 104, 105, 106, 108, 109, 110, 111, 112, 114, 115, 116, 118, 120, 121, 122, 123, 124, 125, 126, 127, 128, 129, 130, 131, 132, 133, 134, 135, 136, 137, 138, 139, 140, 141, 142, 143, 144, 145, 146, 147, 148, 149]","[0, 3, 4, 5, 8, 15, 19, 20, 21, 22, 23, 24, 27, 29, 33, 34, 35, 37, 38, 41, 43, 44, 45, 53, 55, 56, 57, 59, 65, 66, 69, 72, 73, 75, 77, 79, 80, 81, 82, 84, 86, 87, 88, 89, 90, 92, 95, 103, 107, 117, 119]","{""support_1"": 57, ""support_2"": 86}","[57, 86]",2,"[122, 17, 18, 32, 137, 138, 140, 139, 13, 14, 116, 118, 136, 102, 10, 16, 36, 135, 26, 28, 105, 99, 148, 144, 115, 112, 149, 145, 147, 146, 12, 71, 58, 134, 109, 78, 48, 67, 61, 93, 85, 133, 42, 40, 143, 25, 7, 130, 131, 129, 132, 76, 74, 54, 110, 108, 9, 97, 128, 63, 106, 101, 120, 114, 121, 6, 1, 94, 127, 91, 64, 111, 30, 31, 11, 100, 96, 98, 52, 51, 46, 126, 2, 39, 68, 50, 47, 70, 60, 83, 125, 104, 124, 123, 142, 141, 62, 49, 56, 57, 38, 44, 24, 86, 69, 79, 80, 66, 72, 73, 87, 89, 88, 82, 103, 23, 5, 4, 22, 21, 20, 37, 34, 35, 84, 55, 92, 75, 90, 117, 119, 53, 77, 43, 15, 29, 27, 8, 41, 33, 0, 107, 45, 19, 95, 3, 59, 65, 81]",True,2142250273,2.142250273,"[56, 57, 38, 44, 24, 86, 69, 79, 80, 66, 72, 73, 87, 89, 88, 82, 103, 23, 5, 4, 22, 21, 20, 37, 34, 35, 84, 53, 75, 77, 119, 90, 92, 55, 117, 43, 27, 15, 8, 29, 41, 19, 81, 33, 95, 0, 107, 3, 59, 65, 45]","[45, 65, 59, 3, 107, 0, 95, 33, 81, 19, 41, 29, 8, 15, 27, 43, 117, 55, 92, 90, 119, 77, 75, 53, 84, 35, 34, 37, 20, 21, 22, 4, 5, 23, 103, 82, 88, 89, 87, 73, 72, 66, 80, 79, 69, 86, 24, 44, 38, 57, 56]",False,complete,234,234,1326,183,283,0,283,283,,False,,,,,,,2,50,12,50,14,14,12,14
1,502,51,100,49,"[1, 2, 6, 7, 9, 10, 11, 12, 13, 14, 16, 17, 18, 25, 26, 28, 30, 31, 32, 36, 39, 40, 42, 46, 47, 48, 49, 50, 51, 52, 54, 56, 57, 58, 60, 61, 62, 63, 64, 67, 68, 70, 71, 74, 76, 78, 83, 85, 91, 93, 94, 96, 97, 98, 99, 100, 101, 102, 104, 105, 106, 108, 109, 110, 111, 112, 114, 115, 116, 118, 120, 121, 122, 123, 124, 125, 126, 127, 128, 129, 130, 131, 132, 133, 134, 135, 136, 137, 138, 139, 140, 141, 142, 143, 144, 145, 146, 147, 148, 149]","[0, 3, 4, 5, 8, 15, 19, 20, 21, 22, 23, 24, 27, 29, 33, 34, 35, 37, 38, 41, 43, 44, 45, 53, 55, 59, 65, 66, 69, 72, 73, 75, 77, 79, 80, 81, 82, 84, 86, 87, 88, 89, 90, 92, 95, 103, 107, 117, 119]","{""support_1"": 44, ""support_2"": 86}","[44, 86]",2,"[122, 17, 18, 32, 137, 138, 140, 139, 13, 14, 116, 118, 136, 102, 10, 16, 36, 135, 26, 28, 105, 99, 148, 144, 115, 112, 149, 145, 147, 146, 12, 71, 58, 134, 109, 78, 48, 67, 61, 93, 85, 133, 42, 40, 143, 25, 7, 130, 131, 129, 132, 76, 74, 54, 110, 108, 9, 97, 128, 63, 106, 101, 120, 114, 121, 6, 1, 94, 127, 91, 64, 111, 30, 31, 11, 100, 96, 98, 52, 51, 46, 126, 2, 39, 68, 50, 47, 70, 60, 83, 125, 104, 124, 123, 142, 141, 62, 49, 56, 57, 38, 44, 24, 86, 69, 79, 80, 66, 72, 73, 87, 89, 88, 82, 103, 23, 5, 4, 22, 21, 20, 37, 34, 35, 84, 55, 92, 75, 90, 117, 119, 53, 77, 43, 15, 29, 27, 8, 41, 33, 0, 107, 45, 19, 95, 3, 59, 65, 81]",True,1737726764,1.737726764,"[38, 44, 24, 86, 69, 79, 80, 66, 72, 73, 82, 89, 87, 88, 103, 23, 5, 4, 22, 21, 20, 37, 34, 35, 84, 119, 77, 92, 75, 55, 53, 90, 117, 27, 8, 43, 15, 41, 29, 19, 81, 0, 45, 59, 107, 33, 65, 95, 3]","[3, 95, 65, 33, 107, 59, 45, 0, 81, 19, 29, 41, 15, 43, 8, 27, 117, 90, 53, 55, 75, 92, 77, 119, 84, 35, 34, 37, 20, 21, 22, 4, 5, 23, 103, 88, 87, 89, 82, 73, 72, 66, 80, 79, 69, 86, 24, 44, 38]",False,complete,194,194,1225,145,243,0,243,243,,False,,,,,,,2,46,12,46,14,14,12,14
1,503,52,102,47,"[1, 2, 6, 7, 9, 10, 11, 12, 13, 14, 16, 17, 18, 25, 26, 28, 30, 31, 32, 36, 38, 39, 40, 42, 44, 46, 47, 48, 49, 50, 51, 52, 54, 56, 57, 58, 60, 61, 62, 63, 64, 67, 68, 70, 71, 74, 76, 78, 83, 85, 91, 93, 94, 96, 97, 98, 99, 100, 101, 102, 104, 105, 106, 108, 109, 110, 111, 112, 114, 115, 116, 118, 120, 121, 122, 123, 124, 125, 126, 127, 128, 129, 130, 131, 132, 133, 134, 135, 136, 137, 138, 139, 140, 141, 142, 143, 144, 145, 146, 147, 148, 149]","[0, 3, 4, 5, 8, 15, 19, 20, 21, 22, 23, 24, 27, 29, 33, 34, 35, 37, 41, 43, 45, 53, 55, 59, 65, 66, 69, 72, 73, 75, 77, 79, 80, 81, 82, 84, 86, 87, 88, 89, 90, 92, 95, 103, 107, 117, 119]","{""support_1"": 84, ""support_2"": 86}","[84, 86]",2,"[122, 17, 18, 32, 137, 138, 140, 139, 13, 14, 116, 118, 136, 102, 10, 16, 36, 135, 26, 28, 105, 99, 148, 144, 115, 112, 149, 145, 147, 146, 12, 71, 58, 134, 109, 78, 48, 67, 61, 93, 85, 133, 42, 40, 143, 25, 7, 130, 131, 129, 132, 76, 74, 54, 110, 108, 9, 97, 128, 63, 106, 101, 120, 114, 121, 6, 1, 94, 127, 91, 64, 111, 30, 31, 11, 100, 96, 98, 52, 51, 46, 126, 2, 39, 68, 50, 47, 70, 60, 83, 125, 104, 124, 123, 142, 141, 62, 49, 56, 57, 38, 44, 24, 86, 69, 79, 80, 66, 72, 73, 87, 89, 88, 82, 103, 23, 5, 4, 22, 21, 20, 37, 34, 35, 84, 55, 92, 75, 90, 117, 119, 53, 77, 43, 15, 29, 27, 8, 41, 33, 0, 107, 45, 19, 95, 3, 59, 65, 81]",True,1401256451,1.401256451,"[24, 86, 69, 79, 80, 66, 72, 73, 82, 89, 87, 88, 103, 23, 5, 4, 22, 21, 20, 37, 34, 35, 84, 75, 119, 90, 53, 55, 77, 92, 117, 41, 29, 8, 15, 27, 43, 3, 19, 59, 81, 107, 0, 95, 33, 45, 65]","[65, 45, 33, 95, 0, 107, 81, 59, 19, 3, 43, 27, 15, 8, 29, 41, 117, 92, 77, 55, 53, 90, 119, 75, 84, 35, 34, 37, 20, 21, 22, 4, 5, 23, 103, 88, 87, 89, 82, 73, 72, 66, 80, 79, 69, 86, 24]",False,complete,165,165,1128,118,213,0,213,213,,False,,,,,,,2,42,11,42,13,13,11,13
1,504,53,104,45,"[1, 2, 6, 7, 9, 10, 11, 12, 13, 14, 16, 17, 18, 24, 25, 26, 28, 30, 31, 32, 36, 38, 39, 40, 42, 44, 46, 47, 48, 49, 50, 51, 52, 54, 56, 57, 58, 60, 61, 62, 63, 64, 67, 68, 70, 71, 74, 76, 78, 83, 85, 86, 91, 93, 94, 96, 97, 98, 99, 100, 101, 102, 104, 105, 106, 108, 109, 110, 111, 112, 114, 115, 116, 118, 120, 121, 122, 123, 124, 125, 126, 127, 128, 129, 130, 131, 132, 133, 134, 135, 136, 137, 138, 139, 140, 141, 142, 143, 144, 145, 146, 147, 148, 149]","[0, 3, 4, 5, 8, 15, 19, 20, 21, 22, 23, 27, 29, 33, 34, 35, 37, 41, 43, 45, 53, 55, 59, 65, 66, 69, 72, 73, 75, 77, 79, 80, 81, 82, 84, 87, 88, 89, 90, 92, 95, 103, 107, 117, 119]","{""support_1"": 84, ""support_2"": 80}","[80, 84]",2,"[122, 17, 18, 32, 137, 138, 140, 139, 13, 14, 116, 118, 136, 102, 10, 16, 36, 135, 26, 28, 105, 99, 148, 144, 115, 112, 149, 145, 147, 146, 12, 71, 58, 134, 109, 78, 48, 67, 61, 93, 85, 133, 42, 40, 143, 25, 7, 130, 131, 129, 132, 76, 74, 54, 110, 108, 9, 97, 128, 63, 106, 101, 120, 114, 121, 6, 1, 94, 127, 91, 64, 111, 30, 31, 11, 100, 96, 98, 52, 51, 46, 126, 2, 39, 68, 50, 47, 70, 60, 83, 125, 104, 124, 123, 142, 141, 62, 49, 56, 57, 38, 44, 24, 86, 69, 79, 80, 66, 72, 73, 87, 89, 88, 82, 103, 23, 5, 4, 22, 21, 20, 37, 34, 35, 84, 55, 92, 75, 90, 117, 119, 53, 77, 43, 15, 29, 27, 8, 41, 33, 0, 107, 45, 19, 95, 3, 59, 65, 81]",True,1183387398,1.183387398,"[69, 79, 80, 66, 72, 73, 87, 89, 88, 82, 103, 23, 5, 4, 22, 21, 20, 37, 34, 35, 84, 55, 117, 77, 53, 119, 90, 75, 92, 8, 43, 15, 29, 27, 41, 107, 0, 19, 59, 33, 65, 81, 3, 95, 45]","[45, 95, 3, 81, 65, 33, 59, 19, 0, 107, 41, 27, 29, 15, 43, 8, 92, 75, 90, 119, 53, 77, 117, 55, 84, 35, 34, 37, 20, 21, 22, 4, 5, 23, 103, 82, 88, 89, 87, 73, 72, 66, 80, 79, 69]",False,complete,143,143,1035,98,188,0,188,188,,False,,,,,,,2,38,9,38,11,11,9,11
1,505,54,106,43,"[1, 2, 6, 7, 9, 10, 11, 12, 13, 14, 16, 17, 18, 24, 25, 26, 28, 30, 31, 32, 36, 38, 39, 40, 42, 44, 46, 47, 48, 49, 50, 51, 52, 54, 56, 57, 58, 60, 61, 62, 63, 64, 67, 68, 69, 70, 71, 74, 76, 78, 79, 83, 85, 86, 91, 93, 94, 96, 97, 98, 99, 100, 101, 102, 104, 105, 106, 108, 109, 110, 111, 112, 114, 115, 116, 118, 120, 121, 122, 123, 124, 125, 126, 127, 128, 129, 130, 131, 132, 133, 134, 135, 136, 137, 138, 139, 140, 141, 142, 143, 144, 145, 146, 147, 148, 149]","[0, 3, 4, 5, 8, 15, 19, 20, 21, 22, 23, 27, 29, 33, 34, 35, 37, 41, 43, 45, 53, 55, 59, 65, 66, 72, 73, 75, 77, 80, 81, 82, 84, 87, 88, 89, 90, 92, 95, 103, 107, 117, 119]","{""support_1"": 84, ""support_2"": 80}","[80, 84]",2,"[122, 17, 18, 32, 137, 138, 140, 139, 13, 14, 116, 118, 136, 102, 10, 16, 36, 135, 26, 28, 105, 99, 148, 144, 115, 112, 149, 145, 147, 146, 12, 71, 58, 134, 109, 78, 48, 67, 61, 93, 85, 133, 42, 40, 143, 25, 7, 130, 131, 129, 132, 76, 74, 54, 110, 108, 9, 97, 128, 63, 106, 101, 120, 114, 121, 6, 1, 94, 127, 91, 64, 111, 30, 31, 11, 100, 96, 98, 52, 51, 46, 126, 2, 39, 68, 50, 47, 70, 60, 83, 125, 104, 124, 123, 142, 141, 62, 49, 56, 57, 38, 44, 24, 86, 69, 79, 80, 66, 72, 73, 87, 89, 88, 82, 103, 23, 5, 4, 22, 21, 20, 37, 34, 35, 84, 55, 92, 75, 90, 117, 119, 53, 77, 43, 15, 29, 27, 8, 41, 33, 0, 107, 45, 19, 95, 3, 59, 65, 81]",True,1015781678,1.015781678,"[80, 66, 72, 73, 82, 89, 87, 88, 103, 23, 5, 4, 22, 21, 20, 37, 34, 35, 84, 75, 117, 77, 55, 90, 53, 92, 119, 43, 41, 8, 29, 15, 27, 0, 81, 33, 65, 19, 59, 107, 3, 95, 45]","[45, 95, 3, 107, 59, 19, 65, 33, 81, 0, 27, 15, 29, 8, 41, 43, 119, 92, 53, 90, 55, 77, 117, 75, 84, 35, 34, 37, 20, 21, 22, 4, 5, 23, 103, 88, 87, 89, 82, 73, 72, 66, 80]",False,complete,119,119,946,76,166,0,166,166,,False,,,,,,,2,34,10,34,11,11,10,12
1,506,55,108,41,"[1, 2, 6, 7, 9, 10, 11, 12, 13, 14, 16, 17, 18, 24, 25, 26, 28, 30, 31, 32, 36, 38, 39, 40, 42, 44, 46, 47, 48, 49, 50, 51, 52, 54, 56, 57, 58, 60, 61, 62, 63, 64, 66, 67, 68, 69, 70, 71, 74, 76, 78, 79, 80, 83, 85, 86, 91, 93, 94, 96, 97, 98, 99, 100, 101, 102, 104, 105, 106, 108, 109, 110, 111, 112, 114, 115, 116, 118, 120, 121, 122, 123, 124, 125, 126, 127, 128, 129, 130, 131, 132, 133, 134, 135, 136, 137, 138, 139, 140, 141, 142, 143, 144, 145, 146, 147, 148, 149]","[0, 3, 4, 5, 8, 15, 19, 20, 21, 22, 23, 27, 29, 33, 34, 35, 37, 41, 43, 45, 53, 55, 59, 65, 72, 73, 75, 77, 81, 82, 84, 87, 88, 89, 90, 92, 95, 103, 107, 117, 119]","{""support_1"": 84, ""support_2"": 73}","[73, 84]",2,"[122, 17, 18, 32, 137, 138, 140, 139, 13, 14, 116, 118, 136, 102, 10, 16, 36, 135, 26, 28, 105, 99, 148, 144, 115, 112, 149, 145, 147, 146, 12, 71, 58, 134, 109, 78, 48, 67, 61, 93, 85, 133, 42, 40, 143, 25, 7, 130, 131, 129, 132, 76, 74, 54, 110, 108, 9, 97, 128, 63, 106, 101, 120, 114, 121, 6, 1, 94, 127, 91, 64, 111, 30, 31, 11, 100, 96, 98, 52, 51, 46, 126, 2, 39, 68, 50, 47, 70, 60, 83, 125, 104, 124, 123, 142, 141, 62, 49, 56, 57, 38, 44, 24, 86, 69, 79, 80, 66, 72, 73, 87, 89, 88, 82, 103, 23, 5, 4, 22, 21, 20, 37, 34, 35, 84, 55, 92, 75, 90, 117, 119, 53, 77, 43, 15, 29, 27, 8, 41, 33, 0, 107, 45, 19, 95, 3, 59, 65, 81]",True,790871409,0.790871409,"[72, 73, 87, 89, 88, 82, 103, 23, 5, 4, 22, 21, 20, 37, 34, 35, 84, 77, 75, 92, 90, 117, 55, 53, 119, 15, 8, 27, 41, 29, 43, 45, 0, 59, 19, 33, 95, 3, 81, 107, 65]","[65, 107, 81, 3, 95, 33, 19, 59, 0, 45, 43, 29, 41, 27, 8, 15, 119, 53, 55, 117, 90, 92, 75, 77, 84, 35, 34, 37, 20, 21, 22, 4, 5, 23, 103, 82, 88, 89, 87, 73, 72]",False,complete,96,96,861,55,136,0,136,136,,False,,,,,,,2,30,7,30,9,9,7,9
1,507,56,110,39,"[1, 2, 6, 7, 9, 10, 11, 12, 13, 14, 16, 17, 18, 24, 25, 26, 28, 30, 31, 32, 36, 38, 39, 40, 42, 44, 46, 47, 48, 49, 50, 51, 52, 54, 56, 57, 58, 60, 61, 62, 63, 64, 66, 67, 68, 69, 70, 71, 72, 73, 74, 76, 78, 79, 80, 83, 85, 86, 91, 93, 94, 96, 97, 98, 99, 100, 101, 102, 104, 105, 106, 108, 109, 110, 111, 112, 114, 115, 116, 118, 120, 121, 122, 123, 124, 125, 126, 127, 128, 129, 130, 131, 132, 133, 134, 135, 136, 137, 138, 139, 140, 141, 142, 143, 144, 145, 146, 147, 148, 149]","[0, 3, 4, 5, 8, 15, 19, 20, 21, 22, 23, 27, 29, 33, 34, 35, 37, 41, 43, 45, 53, 55, 59, 65, 75, 77, 81, 82, 84, 87, 88, 89, 90, 92, 95, 103, 107, 117, 119]","{""support_1"": 84, ""support_2"": 89}","[84, 89]",2,"[122, 17, 18, 32, 137, 138, 140, 139, 13, 14, 116, 118, 136, 102, 10, 16, 36, 135, 26, 28, 105, 99, 148, 144, 115, 112, 149, 145, 147, 146, 12, 71, 58, 134, 109, 78, 48, 67, 61, 93, 85, 133, 42, 40, 143, 25, 7, 130, 131, 129, 132, 76, 74, 54, 110, 108, 9, 97, 128, 63, 106, 101, 120, 114, 121, 6, 1, 94, 127, 91, 64, 111, 30, 31, 11, 100, 96, 98, 52, 51, 46, 126, 2, 39, 68, 50, 47, 70, 60, 83, 125, 104, 124, 123, 142, 141, 62, 49, 56, 57, 38, 44, 24, 86, 69, 79, 80, 66, 72, 73, 87, 89, 88, 82, 103, 23, 5, 4, 22, 21, 20, 37, 34, 35, 84, 55, 92, 75, 90, 117, 119, 53, 77, 43, 15, 29, 27, 8, 41, 33, 0, 107, 45, 19, 95, 3, 59, 65, 81]",True,638282336,0.638282336,"[87, 89, 88, 82, 103, 23, 5, 4, 22, 21, 20, 37, 34, 35, 84, 90, 55, 117, 119, 53, 75, 77, 92, 43, 41, 15, 29, 27, 8, 59, 95, 81, 107, 3, 0, 19, 33, 65, 45]","[45, 65, 33, 19, 0, 3, 107, 81, 95, 59, 8, 27, 29, 15, 41, 43, 92, 77, 75, 53, 119, 117, 55, 90, 84, 35, 34, 37, 20, 21, 22, 4, 5, 23, 103, 82, 88, 89, 87]",False,complete,82,82,780,43,119,0,119,119,,False,,,,,,,2,26,6,26,8,8,6,8
1,508,57,112,37,"[1, 2, 6, 7, 9, 10, 11, 12, 13, 14, 16, 17, 18, 24, 25, 26, 28, 30, 31, 32, 36, 38, 39, 40, 42, 44, 46, 47, 48, 49, 50, 51, 52, 54, 56, 57, 58, 60, 61, 62, 63, 64, 66, 67, 68, 69, 70, 71, 72, 73, 74, 76, 78, 79, 80, 83, 85, 86, 87, 89, 91, 93, 94, 96, 97, 98, 99, 100, 101, 102, 104, 105, 106, 108, 109, 110, 111, 112, 114, 115, 116, 118, 120, 121, 122, 123, 124, 125, 126, 127, 128, 129, 130, 131, 132, 133, 134, 135, 136, 137, 138, 139, 140, 141, 142, 143, 144, 145, 146, 147, 148, 149]","[0, 3, 4, 5, 8, 15, 19, 20, 21, 22, 23, 27, 29, 33, 34, 35, 37, 41, 43, 45, 53, 55, 59, 65, 75, 77, 81, 82, 84, 88, 90, 92, 95, 103, 107, 117, 119]","{""support_1"": 84, ""support_2"": 103}","[84, 103]",2,"[122, 17, 18, 32, 137, 138, 140, 139, 13, 14, 116, 118, 136, 102, 10, 16, 36, 135, 26, 28, 105, 99, 148, 144, 115, 112, 149, 145, 147, 146, 12, 71, 58, 134, 109, 78, 48, 67, 61, 93, 85, 133, 42, 40, 143, 25, 7, 130, 131, 129, 132, 76, 74, 54, 110, 108, 9, 97, 128, 63, 106, 101, 120, 114, 121, 6, 1, 94, 127, 91, 64, 111, 30, 31, 11, 100, 96, 98, 52, 51, 46, 126, 2, 39, 68, 50, 47, 70, 60, 83, 125, 104, 124, 123, 142, 141, 62, 49, 56, 57, 38, 44, 24, 86, 69, 79, 80, 66, 72, 73, 87, 89, 88, 82, 103, 23, 5, 4, 22, 21, 20, 37, 34, 35, 84, 55, 92, 75, 90, 117, 119, 53, 77, 43, 15, 29, 27, 8, 41, 33, 0, 107, 45, 19, 95, 3, 59, 65, 81]",True,562254023,0.562254023,"[88, 82, 103, 23, 5, 4, 22, 21, 20, 37, 34, 35, 84, 119, 75, 55, 53, 117, 90, 77, 92, 8, 27, 41, 43, 15, 29, 81, 45, 107, 59, 19, 0, 95, 65, 33, 3]","[3, 33, 65, 95, 0, 19, 59, 107, 45, 81, 29, 15, 43, 41, 27, 8, 92, 77, 90, 117, 53, 55, 75, 119, 84, 35, 34, 37, 20, 21, 22, 4, 5, 23, 103, 82, 88]",False,complete,72,72,703,35,108,0,108,108,,False,,,,,,,2,22,5,22,7,7,5,7
1,509,58,114,35,"[1, 2, 6, 7, 9, 10, 11, 12, 13, 14, 16, 17, 18, 24, 25, 26, 28, 30, 31, 32, 36, 38, 39, 40, 42, 44, 46, 47, 48, 49, 50, 51, 52, 54, 56, 57, 58, 60, 61, 62, 63, 64, 66, 67, 68, 69, 70, 71, 72, 73, 74, 76, 78, 79, 80, 82, 83, 85, 86, 87, 88, 89, 91, 93, 94, 96, 97, 98, 99, 100, 101, 102, 104, 105, 106, 108, 109, 110, 111, 112, 114, 115, 116, 118, 120, 121, 122, 123, 124, 125, 126, 127, 128, 129, 130, 131, 132, 133, 134, 135, 136, 137, 138, 139, 140, 141, 142, 143, 144, 145, 146, 147, 148, 149]","[0, 3, 4, 5, 8, 15, 19, 20, 21, 22, 23, 27, 29, 33, 34, 35, 37, 41, 43, 45, 53, 55, 59, 65, 75, 77, 81, 84, 90, 92, 95, 103, 107, 117, 119]","{""support_1"": 84, ""support_2"": 103}","[84, 103]",2,"[122, 17, 18, 32, 137, 138, 140, 139, 13, 14, 116, 118, 136, 102, 10, 16, 36, 135, 26, 28, 105, 99, 148, 144, 115, 112, 149, 145, 147, 146, 12, 71, 58, 134, 109, 78, 48, 67, 61, 93, 85, 133, 42, 40, 143, 25, 7, 130, 131, 129, 132, 76, 74, 54, 110, 108, 9, 97, 128, 63, 106, 101, 120, 114, 121, 6, 1, 94, 127, 91, 64, 111, 30, 31, 11, 100, 96, 98, 52, 51, 46, 126, 2, 39, 68, 50, 47, 70, 60, 83, 125, 104, 124, 123, 142, 141, 62, 49, 56, 57, 38, 44, 24, 86, 69, 79, 80, 66, 72, 73, 87, 89, 88, 82, 103, 23, 5, 4, 22, 21, 20, 37, 34, 35, 84, 55, 92, 75, 90, 117, 119, 53, 77, 43, 15, 29, 27, 8, 41, 33, 0, 107, 45, 19, 95, 3, 59, 65, 81]",True,458136418,0.458136418,"[103, 23, 5, 4, 22, 21, 20, 37, 34, 35, 84, 55, 77, 117, 90, 92, 53, 119, 75, 8, 29, 41, 15, 27, 43, 59, 19, 0, 95, 65, 81, 45, 33, 3, 107]","[107, 3, 33, 45, 81, 65, 95, 0, 19, 59, 43, 27, 15, 41, 29, 8, 75, 119, 53, 92, 90, 117, 77, 55, 84, 35, 34, 37, 20, 21, 22, 4, 5, 23, 103]",False,complete,60,60,630,25,96,0,96,96,,False,,,,,,,2,18,5,18,6,6,5,7
1,510,59,116,33,"[1, 2, 6, 7, 9, 10, 11, 12, 13, 14, 16, 17, 18, 23, 24, 25, 26, 28, 30, 31, 32, 36, 38, 39, 40, 42, 44, 46, 47, 48, 49, 50, 51, 52, 54, 56, 57, 58, 60, 61, 62, 63, 64, 66, 67, 68, 69, 70, 71, 72, 73, 74, 76, 78, 79, 80, 82, 83, 85, 86, 87, 88, 89, 91, 93, 94, 96, 97, 98, 99, 100, 101, 102, 103, 104, 105, 106, 108, 109, 110, 111, 112, 114, 115, 116, 118, 120, 121, 122, 123, 124, 125, 126, 127, 128, 129, 130, 131, 132, 133, 134, 135, 136, 137, 138, 139, 140, 141, 142, 143, 144, 145, 146, 147, 148, 149]","[0, 3, 4, 5, 8, 15, 19, 20, 21, 22, 27, 29, 33, 34, 35, 37, 41, 43, 45, 53, 55, 59, 65, 75, 77, 81, 84, 90, 92, 95, 107, 117, 119]","{""support_1"": 84, ""support_2"": 5}","[5, 84]",2,"[122, 17, 18, 32, 137, 138, 140, 139, 13, 14, 116, 118, 136, 102, 10, 16, 36, 135, 26, 28, 105, 99, 148, 144, 115, 112, 149, 145, 147, 146, 12, 71, 58, 134, 109, 78, 48, 67, 61, 93, 85, 133, 42, 40, 143, 25, 7, 130, 131, 129, 132, 76, 74, 54, 110, 108, 9, 97, 128, 63, 106, 101, 120, 114, 121, 6, 1, 94, 127, 91, 64, 111, 30, 31, 11, 100, 96, 98, 52, 51, 46, 126, 2, 39, 68, 50, 47, 70, 60, 83, 125, 104, 124, 123, 142, 141, 62, 49, 56, 57, 38, 44, 24, 86, 69, 79, 80, 66, 72, 73, 87, 89, 88, 82, 103, 23, 5, 4, 22, 21, 20, 37, 34, 35, 84, 55, 92, 75, 90, 117, 119, 53, 77, 43, 15, 29, 27, 8, 41, 33, 0, 107, 45, 19, 95, 3, 59, 65, 81]",True,238343660,0.238343660,"[5, 4, 22, 21, 20, 37, 34, 35, 84, 77, 53, 119, 55, 90, 92, 117, 75, 15, 27, 41, 29, 43, 8, 0, 45, 81, 19, 107, 3, 65, 59, 33, 95]","[95, 33, 59, 65, 3, 107, 19, 81, 45, 0, 8, 43, 29, 41, 27, 15, 75, 117, 92, 90, 55, 119, 53, 77, 84, 35, 34, 37, 20, 21, 22, 4, 5]",False,complete,47,47,561,14,58,0,58,58,,False,,,,,,,2,15,4,15,5,5,4,6
1,511,60,118,31,"[1, 2, 4, 5, 6, 7, 9, 10, 11, 12, 13, 14, 16, 17, 18, 23, 24, 25, 26, 28, 30, 31, 32, 36, 38, 39, 40, 42, 44, 46, 47, 48, 49, 50, 51, 52, 54, 56, 57, 58, 60, 61, 62, 63, 64, 66, 67, 68, 69, 70, 71, 72, 73, 74, 76, 78, 79, 80, 82, 83, 85, 86, 87, 88, 89, 91, 93, 94, 96, 97, 98, 99, 100, 101, 102, 103, 104, 105, 106, 108, 109, 110, 111, 112, 114, 115, 116, 118, 120, 121, 122, 123, 124, 125, 126, 127, 128, 129, 130, 131, 132, 133, 134, 135, 136, 137, 138, 139, 140, 141, 142, 143, 144, 145, 146, 147, 148, 149]","[0, 3, 8, 15, 19, 20, 21, 22, 27, 29, 33, 34, 35, 37, 41, 43, 45, 53, 55, 59, 65, 75, 77, 81, 84, 90, 92, 95, 107, 117, 119]","{""support_1"": 84, ""support_2"": 22}","[22, 84]",2,"[122, 17, 18, 32, 137, 138, 140, 139, 13, 14, 116, 118, 136, 102, 10, 16, 36, 135, 26, 28, 105, 99, 148, 144, 115, 112, 149, 145, 147, 146, 12, 71, 58, 134, 109, 78, 48, 67, 61, 93, 85, 133, 42, 40, 143, 25, 7, 130, 131, 129, 132, 76, 74, 54, 110, 108, 9, 97, 128, 63, 106, 101, 120, 114, 121, 6, 1, 94, 127, 91, 64, 111, 30, 31, 11, 100, 96, 98, 52, 51, 46, 126, 2, 39, 68, 50, 47, 70, 60, 83, 125, 104, 124, 123, 142, 141, 62, 49, 56, 57, 38, 44, 24, 86, 69, 79, 80, 66, 72, 73, 87, 89, 88, 82, 103, 23, 5, 4, 22, 21, 20, 37, 34, 35, 84, 55, 92, 75, 90, 117, 119, 53, 77, 43, 15, 29, 27, 8, 41, 33, 0, 107, 45, 19, 95, 3, 59, 65, 81]",True,131960090,0.131960090,"[22, 21, 20, 37, 34, 35, 84, 90, 77, 53, 119, 117, 92, 55, 75, 43, 29, 41, 27, 15, 8, 107, 95, 81, 33, 45, 19, 3, 0, 65, 59]","[59, 65, 0, 3, 19, 45, 33, 81, 95, 107, 8, 15, 27, 41, 29, 43, 75, 55, 92, 117, 119, 53, 77, 90, 84, 35, 34, 37, 20, 21, 22]",False,complete,36,36,496,5,42,0,42,42,,False,,,,,,,2,11,3,11,4,4,3,5
1,512,61,120,29,"[1, 2, 4, 5, 6, 7, 9, 10, 11, 12, 13, 14, 16, 17, 18, 21, 22, 23, 24, 25, 26, 28, 30, 31, 32, 36, 38, 39, 40, 42, 44, 46, 47, 48, 49, 50, 51, 52, 54, 56, 57, 58, 60, 61, 62, 63, 64, 66, 67, 68, 69, 70, 71, 72, 73, 74, 76, 78, 79, 80, 82, 83, 85, 86, 87, 88, 89, 91, 93, 94, 96, 97, 98, 99, 100, 101, 102, 103, 104, 105, 106, 108, 109, 110, 111, 112, 114, 115, 116, 118, 120, 121, 122, 123, 124, 125, 126, 127, 128, 129, 130, 131, 132, 133, 134, 135, 136, 137, 138, 139, 140, 141, 142, 143, 144, 145, 146, 147, 148, 149]","[0, 3, 8, 15, 19, 20, 27, 29, 33, 34, 35, 37, 41, 43, 45, 53, 55, 59, 65, 75, 77, 81, 84, 90, 92, 95, 107, 117, 119]","{""support_1"": 84, ""support_2"": 37}","[37, 84]",2,"[122, 17, 18, 32, 137, 138, 140, 139, 13, 14, 116, 118, 136, 102, 10, 16, 36, 135, 26, 28, 105, 99, 148, 144, 115, 112, 149, 145, 147, 146, 12, 71, 58, 134, 109, 78, 48, 67, 61, 93, 85, 133, 42, 40, 143, 25, 7, 130, 131, 129, 132, 76, 74, 54, 110, 108, 9, 97, 128, 63, 106, 101, 120, 114, 121, 6, 1, 94, 127, 91, 64, 111, 30, 31, 11, 100, 96, 98, 52, 51, 46, 126, 2, 39, 68, 50, 47, 70, 60, 83, 125, 104, 124, 123, 142, 141, 62, 49, 56, 57, 38, 44, 24, 86, 69, 79, 80, 66, 72, 73, 87, 89, 88, 82, 103, 23, 5, 4, 22, 21, 20, 37, 34, 35, 84, 55, 92, 75, 90, 117, 119, 53, 77, 43, 15, 29, 27, 8, 41, 33, 0, 107, 45, 19, 95, 3, 59, 65, 81]",True,84156811,0.084156811,"[20, 37, 34, 35, 84, 119, 92, 90, 77, 117, 75, 53, 55, 41, 43, 27, 29, 15, 8, 107, 45, 95, 3, 81, 33, 65, 59, 0, 19]","[19, 0, 59, 65, 33, 81, 3, 95, 45, 107, 8, 15, 29, 27, 43, 41, 55, 53, 75, 117, 77, 90, 92, 119, 84, 35, 34, 37, 20]",False,complete,30,30,435,1,33,0,33,33,,False,,,,,,,2,7,1,7,3,3,1,3
1,513,62,122,27,"[1, 2, 4, 5, 6, 7, 9, 10, 11, 12, 13, 14, 16, 17, 18, 20, 21, 22, 23, 24, 25, 26, 28, 30, 31, 32, 36, 37, 38, 39, 40, 42, 44, 46, 47, 48, 49, 50, 51, 52, 54, 56, 57, 58, 60, 61, 62, 63, 64, 66, 67, 68, 69, 70, 71, 72, 73, 74, 76, 78, 79, 80, 82, 83, 85, 86, 87, 88, 89, 91, 93, 94, 96, 97, 98, 99, 100, 101, 102, 103, 104, 105, 106, 108, 109, 110, 111, 112, 114, 115, 116, 118, 120, 121, 122, 123, 124, 125, 126, 127, 128, 129, 130, 131, 132, 133, 134, 135, 136, 137, 138, 139, 140, 141, 142, 143, 144, 145, 146, 147, 148, 149]","[0, 3, 8, 15, 19, 27, 29, 33, 34, 35, 41, 43, 45, 53, 55, 59, 65, 75, 77, 81, 84, 90, 92, 95, 107, 117, 119]","{""support_1"": 84, ""support_2"": 35}","[35, 84]",2,"[122, 17, 18, 32, 137, 138, 140, 139, 13, 14, 116, 118, 136, 102, 10, 16, 36, 135, 26, 28, 105, 99, 148, 144, 115, 112, 149, 145, 147, 146, 12, 71, 58, 134, 109, 78, 48, 67, 61, 93, 85, 133, 42, 40, 143, 25, 7, 130, 131, 129, 132, 76, 74, 54, 110, 108, 9, 97, 128, 63, 106, 101, 120, 114, 121, 6, 1, 94, 127, 91, 64, 111, 30, 31, 11, 100, 96, 98, 52, 51, 46, 126, 2, 39, 68, 50, 47, 70, 60, 83, 125, 104, 124, 123, 142, 141, 62, 49, 56, 57, 38, 44, 24, 86, 69, 79, 80, 66, 72, 73, 87, 89, 88, 82, 103, 23, 5, 4, 22, 21, 20, 37, 34, 35, 84, 55, 92, 75, 90, 117, 119, 53, 77, 43, 15, 29, 27, 8, 41, 33, 0, 107, 45, 19, 95, 3, 59, 65, 81]",True,65610036,0.065610036,"[34, 35, 84, 77, 55, 119, 92, 53, 75, 90, 117, 15, 43, 41, 27, 29, 8, 95, 65, 33, 81, 19, 107, 3, 59, 0, 45]","[45, 0, 59, 3, 107, 19, 81, 33, 65, 95, 8, 29, 27, 41, 43, 15, 117, 90, 75, 53, 92, 119, 55, 77, 84, 35, 34]",False,complete,27,27,378,0,29,0,29,29,,False,,,,,,,2,3,0,3,2,2,0,2
1,514,63,124,25,"[1, 2, 4, 5, 6, 7, 9, 10, 11, 12, 13, 14, 16, 17, 18, 20, 21, 22, 23, 24, 25, 26, 28, 30, 31, 32, 34, 35, 36, 37, 38, 39, 40, 42, 44, 46, 47, 48, 49, 50, 51, 52, 54, 56, 57, 58, 60, 61, 62, 63, 64, 66, 67, 68, 69, 70, 71, 72, 73, 74, 76, 78, 79, 80, 82, 83, 85, 86, 87, 88, 89, 91, 93, 94, 96, 97, 98, 99, 100, 101, 102, 103, 104, 105, 106, 108, 109, 110, 111, 112, 114, 115, 116, 118, 120, 121, 122, 123, 124, 125, 126, 127, 128, 129, 130, 131, 132, 133, 134, 135, 136, 137, 138, 139, 140, 141, 142, 143, 144, 145, 146, 147, 148, 149]","[0, 3, 8, 15, 19, 27, 29, 33, 41, 43, 45, 53, 55, 59, 65, 75, 77, 81, 84, 90, 92, 95, 107, 117, 119]","{""support_1"": 84}",[84],1,"[122, 17, 18, 32, 137, 138, 140, 139, 13, 14, 116, 118, 136, 102, 10, 16, 36, 135, 26, 28, 105, 99, 148, 144, 115, 112, 149, 145, 147, 146, 12, 71, 58, 134, 109, 78, 48, 67, 61, 93, 85, 133, 42, 40, 143, 25, 7, 130, 131, 129, 132, 76, 74, 54, 110, 108, 9, 97, 128, 63, 106, 101, 120, 114, 121, 6, 1, 94, 127, 91, 64, 111, 30, 31, 11, 100, 96, 98, 52, 51, 46, 126, 2, 39, 68, 50, 47, 70, 60, 83, 125, 104, 124, 123, 142, 141, 62, 49, 56, 57, 38, 44, 24, 86, 69, 79, 80, 66, 72, 73, 87, 89, 88, 82, 103, 23, 5, 4, 22, 21, 20, 37, 34, 35, 84, 55, 92, 75, 90, 117, 119, 53, 77, 43, 15, 29, 27, 8, 41, 33, 0, 107, 45, 19, 95, 3, 59, 65, 81]",True,56276002,0.056276002,"[84, 117, 53, 92, 119, 90, 55, 77, 75, 29, 43, 8, 15, 41, 27, 33, 0, 65, 95, 59, 45, 19, 107, 81, 3]","[3, 81, 107, 19, 45, 59, 95, 65, 0, 33, 27, 41, 15, 8, 43, 29, 75, 77, 55, 90, 119, 92, 53, 117, 84]",False,complete,25,25,325,0,27,0,27,27,,False,,,,,,,0,0,0,0,0,0,0,1
1,515,64,126,23,"[1, 2, 4, 5, 6, 7, 9, 10, 11, 12, 13, 14, 16, 17, 18, 20, 21, 22, 23, 24, 25, 26, 28, 30, 31, 32, 34, 35, 36, 37, 38, 39, 40, 42, 44, 46, 47, 48, 49, 50, 51, 52, 54, 55, 56, 57, 58, 60, 61, 62, 63, 64, 66, 67, 68, 69, 70, 71, 72, 73, 74, 76, 78, 79, 80, 82, 83, 84, 85, 86, 87, 88, 89, 91, 93, 94, 96, 97, 98, 99, 100, 101, 102, 103, 104, 105, 106, 108, 109, 110, 111, 112, 114, 115, 116, 118, 120, 121, 122, 123, 124, 125, 126, 127, 128, 129, 130, 131, 132, 133, 134, 135, 136, 137, 138, 139, 140, 141, 142, 143, 144, 145, 146, 147, 148, 149]","[0, 3, 8, 15, 19, 27, 29, 33, 41, 43, 45, 53, 59, 65, 75, 77, 81, 90, 92, 95, 107, 117, 119]",{},[],0,"[122, 17, 18, 32, 137, 138, 140, 139, 13, 14, 116, 118, 136, 102, 10, 16, 36, 135, 26, 28, 105, 99, 148, 144, 115, 112, 149, 145, 147, 146, 12, 71, 58, 134, 109, 78, 48, 67, 61, 93, 85, 133, 42, 40, 143, 25, 7, 130, 131, 129, 132, 76, 74, 54, 110, 108, 9, 97, 128, 63, 106, 101, 120, 114, 121, 6, 1, 94, 127, 91, 64, 111, 30, 31, 11, 100, 96, 98, 52, 51, 46, 126, 2, 39, 68, 50, 47, 70, 60, 83, 125, 104, 124, 123, 142, 141, 62, 49, 56, 57, 38, 44, 24, 86, 69, 79, 80, 66, 72, 73, 87, 89, 88, 82, 103, 23, 5, 4, 22, 21, 20, 37, 34, 35, 84, 55, 92, 75, 90, 117, 119, 53, 77, 43, 15, 29, 27, 8, 41, 33, 0, 107, 45, 19, 95, 3, 59, 65, 81]",True,42999252,0.042999252,"[117, 119, 75, 77, 92, 53, 90, 41, 27, 8, 43, 29, 15, 59, 3, 0, 65, 81, 45, 19, 107, 95, 33]","[33, 95, 107, 19, 45, 81, 65, 0, 3, 59, 15, 29, 43, 8, 27, 41, 90, 53, 92, 77, 75, 119, 117]",False,complete,23,23,276,0,24,0,24,24,,False,,,,,,,0,0,0,0,0,0,0,0
1,516,65,128,21,"[1, 2, 4, 5, 6, 7, 9, 10, 11, 12, 13, 14, 16, 17, 18, 20, 21, 22, 23, 24, 25, 26, 28, 30, 31, 32, 34, 35, 36, 37, 38, 39, 40, 42, 44, 46, 47, 48, 49, 50, 51, 52, 54, 55, 56, 57, 58, 60, 61, 62, 63, 64, 66, 67, 68, 69, 70, 71, 72, 73, 74, 75, 76, 78, 79, 80, 82, 83, 84, 85, 86, 87, 88, 89, 91, 92, 93, 94, 96, 97, 98, 99, 100, 101, 102, 103, 104, 105, 106, 108, 109, 110, 111, 112, 114, 115, 116, 118, 120, 121, 122, 123, 124, 125, 126, 127, 128, 129, 130, 131, 132, 133, 134, 135, 136, 137, 138, 139, 140, 141, 142, 143, 144, 145, 146, 147, 148, 149]","[0, 3, 8, 15, 19, 27, 29, 33, 41, 43, 45, 53, 59, 65, 77, 81, 90, 95, 107, 117, 119]",{},[],0,"[122, 17, 18, 32, 137, 138, 140, 139, 13, 14, 116, 118, 136, 102, 10, 16, 36, 135, 26, 28, 105, 99, 148, 144, 115, 112, 149, 145, 147, 146, 12, 71, 58, 134, 109, 78, 48, 67, 61, 93, 85, 133, 42, 40, 143, 25, 7, 130, 131, 129, 132, 76, 74, 54, 110, 108, 9, 97, 128, 63, 106, 101, 120, 114, 121, 6, 1, 94, 127, 91, 64, 111, 30, 31, 11, 100, 96, 98, 52, 51, 46, 126, 2, 39, 68, 50, 47, 70, 60, 83, 125, 104, 124, 123, 142, 141, 62, 49, 56, 57, 38, 44, 24, 86, 69, 79, 80, 66, 72, 73, 87, 89, 88, 82, 103, 23, 5, 4, 22, 21, 20, 37, 34, 35, 84, 55, 92, 75, 90, 117, 119, 53, 77, 43, 15, 29, 27, 8, 41, 33, 0, 107, 45, 19, 95, 3, 59, 65, 81]",True,35637397,0.035637397,"[77, 53, 90, 119, 117, 15, 43, 8, 41, 29, 27, 19, 65, 33, 45, 59, 81, 0, 107, 3, 95]","[95, 3, 107, 0, 81, 59, 45, 33, 65, 19, 27, 29, 41, 8, 43, 15, 117, 119, 90, 53, 77]",False,complete,21,21,231,0,22,0,22,22,,False,,,,,,,0,0,0,0,0,0,0,0
1,517,66,130,19,"[1, 2, 4, 5, 6, 7, 9, 10, 11, 12, 13, 14, 16, 17, 18, 20, 21, 22, 23, 24, 25, 26, 28, 30, 31, 32, 34, 35, 36, 37, 38, 39, 40, 42, 44, 46, 47, 48, 49, 50, 51, 52, 54, 55, 56, 57, 58, 60, 61, 62, 63, 64, 66, 67, 68, 69, 70, 71, 72, 73, 74, 75, 76, 78, 79, 80, 82, 83, 84, 85, 86, 87, 88, 89, 90, 91, 92, 93, 94, 96, 97, 98, 99, 100, 101, 102, 103, 104, 105, 106, 108, 109, 110, 111, 112, 114, 115, 116, 117, 118, 120, 121, 122, 123, 124, 125, 126, 127, 128, 129, 130, 131, 132, 133, 134, 135, 136, 137, 138, 139, 140, 141, 142, 143, 144, 145, 146, 147, 148, 149]","[0, 3, 8, 15, 19, 27, 29, 33, 41, 43, 45, 53, 59, 65, 77, 81, 95, 107, 119]",{},[],0,"[122, 17, 18, 32, 137, 138, 140, 139, 13, 14, 116, 118, 136, 102, 10, 16, 36, 135, 26, 28, 105, 99, 148, 144, 115, 112, 149, 145, 147, 146, 12, 71, 58, 134, 109, 78, 48, 67, 61, 93, 85, 133, 42, 40, 143, 25, 7, 130, 131, 129, 132, 76, 74, 54, 110, 108, 9, 97, 128, 63, 106, 101, 120, 114, 121, 6, 1, 94, 127, 91, 64, 111, 30, 31, 11, 100, 96, 98, 52, 51, 46, 126, 2, 39, 68, 50, 47, 70, 60, 83, 125, 104, 124, 123, 142, 141, 62, 49, 56, 57, 38, 44, 24, 86, 69, 79, 80, 66, 72, 73, 87, 89, 88, 82, 103, 23, 5, 4, 22, 21, 20, 37, 34, 35, 84, 55, 92, 75, 90, 117, 119, 53, 77, 43, 15, 29, 27, 8, 41, 33, 0, 107, 45, 19, 95, 3, 59, 65, 81]",True,28278431,0.028278431,"[119, 77, 53, 15, 43, 27, 8, 29, 41, 107, 3, 33, 19, 65, 59, 95, 45, 81, 0]","[0, 81, 45, 95, 59, 65, 19, 33, 3, 107, 41, 29, 8, 27, 43, 15, 53, 77, 119]",False,complete,19,19,190,0,20,0,20,20,,False,,,,,,,0,0,0,0,0,0,0,0
1,518,67,132,17,"[1, 2, 4, 5, 6, 7, 9, 10, 11, 12, 13, 14, 16, 17, 18, 20, 21, 22, 23, 24, 25, 26, 28, 30, 31, 32, 34, 35, 36, 37, 38, 39, 40, 42, 44, 46, 47, 48, 49, 50, 51, 52, 53, 54, 55, 56, 57, 58, 60, 61, 62, 63, 64, 66, 67, 68, 69, 70, 71, 72, 73, 74, 75, 76, 78, 79, 80, 82, 83, 84, 85, 86, 87, 88, 89, 90, 91, 92, 93, 94, 96, 97, 98, 99, 100, 101, 102, 103, 104, 105, 106, 108, 109, 110, 111, 112, 114, 115, 116, 117, 118, 119, 120, 121, 122, 123, 124, 125, 126, 127, 128, 129, 130, 131, 132, 133, 134, 135, 136, 137, 138, 139, 140, 141, 142, 143, 144, 145, 146, 147, 148, 149]","[0, 3, 8, 15, 19, 27, 29, 33, 41, 43, 45, 59, 65, 77, 81, 95, 107]",{},[],0,"[122, 17, 18, 32, 137, 138, 140, 139, 13, 14, 116, 118, 136, 102, 10, 16, 36, 135, 26, 28, 105, 99, 148, 144, 115, 112, 149, 145, 147, 146, 12, 71, 58, 134, 109, 78, 48, 67, 61, 93, 85, 133, 42, 40, 143, 25, 7, 130, 131, 129, 132, 76, 74, 54, 110, 108, 9, 97, 128, 63, 106, 101, 120, 114, 121, 6, 1, 94, 127, 91, 64, 111, 30, 31, 11, 100, 96, 98, 52, 51, 46, 126, 2, 39, 68, 50, 47, 70, 60, 83, 125, 104, 124, 123, 142, 141, 62, 49, 56, 57, 38, 44, 24, 86, 69, 79, 80, 66, 72, 73, 87, 89, 88, 82, 103, 23, 5, 4, 22, 21, 20, 37, 34, 35, 84, 55, 92, 75, 90, 117, 119, 53, 77, 43, 15, 29, 27, 8, 41, 33, 0, 107, 45, 19, 95, 3, 59, 65, 81]",True,22381354,0.022381354,"[77, 43, 15, 29, 8, 27, 41, 65, 81, 33, 95, 107, 3, 59, 19, 0, 45]","[45, 0, 19, 59, 3, 107, 95, 33, 81, 65, 41, 27, 8, 29, 15, 43, 77]",False,complete,17,17,153,0,18,0,18,18,,False,,,,,,,0,0,0,0,0,0,0,0
1,519,68,134,15,"[1, 2, 4, 5, 6, 7, 9, 10, 11, 12, 13, 14, 16, 17, 18, 20, 21, 22, 23, 24, 25, 26, 28, 30, 31, 32, 34, 35, 36, 37, 38, 39, 40, 42, 43, 44, 46, 47, 48, 49, 50, 51, 52, 53, 54, 55, 56, 57, 58, 60, 61, 62, 63, 64, 66, 67, 68, 69, 70, 71, 72, 73, 74, 75, 76, 77, 78, 79, 80, 82, 83, 84, 85, 86, 87, 88, 89, 90, 91, 92, 93, 94, 96, 97, 98, 99, 100, 101, 102, 103, 104, 105, 106, 108, 109, 110, 111, 112, 114, 115, 116, 117, 118, 119, 120, 121, 122, 123, 124, 125, 126, 127, 128, 129, 130, 131, 132, 133, 134, 135, 136, 137, 138, 139, 140, 141, 142, 143, 144, 145, 146, 147, 148, 149]","[0, 3, 8, 15, 19, 27, 29, 33, 41, 45, 59, 65, 81, 95, 107]",{},[],0,"[122, 17, 18, 32, 137, 138, 140, 139, 13, 14, 116, 118, 136, 102, 10, 16, 36, 135, 26, 28, 105, 99, 148, 144, 115, 112, 149, 145, 147, 146, 12, 71, 58, 134, 109, 78, 48, 67, 61, 93, 85, 133, 42, 40, 143, 25, 7, 130, 131, 129, 132, 76, 74, 54, 110, 108, 9, 97, 128, 63, 106, 101, 120, 114, 121, 6, 1, 94, 127, 91, 64, 111, 30, 31, 11, 100, 96, 98, 52, 51, 46, 126, 2, 39, 68, 50, 47, 70, 60, 83, 125, 104, 124, 123, 142, 141, 62, 49, 56, 57, 38, 44, 24, 86, 69, 79, 80, 66, 72, 73, 87, 89, 88, 82, 103, 23, 5, 4, 22, 21, 20, 37, 34, 35, 84, 55, 92, 75, 90, 117, 119, 53, 77, 43, 15, 29, 27, 8, 41, 33, 0, 107, 45, 19, 95, 3, 59, 65, 81]",True,16860741,0.016860741,"[29, 15, 41, 27, 8, 19, 3, 81, 33, 0, 59, 65, 107, 95, 45]","[45, 95, 107, 65, 59, 0, 33, 81, 3, 19, 8, 27, 41, 15, 29]",False,complete,15,15,120,0,16,0,16,16,,False,,,,,,,0,0,0,0,0,0,0,0
1,520,69,136,13,"[1, 2, 4, 5, 6, 7, 9, 10, 11, 12, 13, 14, 15, 16, 17, 18, 20, 21, 22, 23, 24, 25, 26, 28, 29, 30, 31, 32, 34, 35, 36, 37, 38, 39, 40, 42, 43, 44, 46, 47, 48, 49, 50, 51, 52, 53, 54, 55, 56, 57, 58, 60, 61, 62, 63, 64, 66, 67, 68, 69, 70, 71, 72, 73, 74, 75, 76, 77, 78, 79, 80, 82, 83, 84, 85, 86, 87, 88, 89, 90, 91, 92, 93, 94, 96, 97, 98, 99, 100, 101, 102, 103, 104, 105, 106, 108, 109, 110, 111, 112, 114, 115, 116, 117, 118, 119, 120, 121, 122, 123, 124, 125, 126, 127, 128, 129, 130, 131, 132, 133, 134, 135, 136, 137, 138, 139, 140, 141, 142, 143, 144, 145, 146, 147, 148, 149]","[0, 3, 8, 19, 27, 33, 41, 45, 59, 65, 81, 95, 107]",{},[],0,"[122, 17, 18, 32, 137, 138, 140, 139, 13, 14, 116, 118, 136, 102, 10, 16, 36, 135, 26, 28, 105, 99, 148, 144, 115, 112, 149, 145, 147, 146, 12, 71, 58, 134, 109, 78, 48, 67, 61, 93, 85, 133, 42, 40, 143, 25, 7, 130, 131, 129, 132, 76, 74, 54, 110, 108, 9, 97, 128, 63, 106, 101, 120, 114, 121, 6, 1, 94, 127, 91, 64, 111, 30, 31, 11, 100, 96, 98, 52, 51, 46, 126, 2, 39, 68, 50, 47, 70, 60, 83, 125, 104, 124, 123, 142, 141, 62, 49, 56, 57, 38, 44, 24, 86, 69, 79, 80, 66, 72, 73, 87, 89, 88, 82, 103, 23, 5, 4, 22, 21, 20, 37, 34, 35, 84, 55, 92, 75, 90, 117, 119, 53, 77, 43, 15, 29, 27, 8, 41, 33, 0, 107, 45, 19, 95, 3, 59, 65, 81]",True,12806861,0.012806861,"[27, 41, 8, 107, 65, 59, 19, 33, 0, 95, 81, 3, 45]","[45, 3, 81, 95, 0, 33, 19, 59, 65, 107, 8, 41, 27]",False,complete,13,13,91,0,14,0,14,14,,False,,,,,,,0,0,0,0,0,0,0,0
1,521,70,138,11,"[1, 2, 4, 5, 6, 7, 8, 9, 10, 11, 12, 13, 14, 15, 16, 17, 18, 20, 21, 22, 23, 24, 25, 26, 27, 28, 29, 30, 31, 32, 34, 35, 36, 37, 38, 39, 40, 42, 43, 44, 46, 47, 48, 49, 50, 51, 52, 53, 54, 55, 56, 57, 58, 60, 61, 62, 63, 64, 66, 67, 68, 69, 70, 71, 72, 73, 74, 75, 76, 77, 78, 79, 80, 82, 83, 84, 85, 86, 87, 88, 89, 90, 91, 92, 93, 94, 96, 97, 98, 99, 100, 101, 102, 103, 104, 105, 106, 108, 109, 110, 111, 112, 114, 115, 116, 117, 118, 119, 120, 121, 122, 123, 124, 125, 126, 127, 128, 129, 130, 131, 132, 133, 134, 135, 136, 137, 138, 139, 140, 141, 142, 143, 144, 145, 146, 147, 148, 149]","[0, 3, 19, 33, 41, 45, 59, 65, 81, 95, 107]",{},[],0,"[122, 17, 18, 32, 137, 138, 140, 139, 13, 14, 116, 118, 136, 102, 10, 16, 36, 135, 26, 28, 105, 99, 148, 144, 115, 112, 149, 145, 147, 146, 12, 71, 58, 134, 109, 78, 48, 67, 61, 93, 85, 133, 42, 40, 143, 25, 7, 130, 131, 129, 132, 76, 74, 54, 110, 108, 9, 97, 128, 63, 106, 101, 120, 114, 121, 6, 1, 94, 127, 91, 64, 111, 30, 31, 11, 100, 96, 98, 52, 51, 46, 126, 2, 39, 68, 50, 47, 70, 60, 83, 125, 104, 124, 123, 142, 141, 62, 49, 56, 57, 38, 44, 24, 86, 69, 79, 80, 66, 72, 73, 87, 89, 88, 82, 103, 23, 5, 4, 22, 21, 20, 37, 34, 35, 84, 55, 92, 75, 90, 117, 119, 53, 77, 43, 15, 29, 27, 8, 41, 33, 0, 107, 45, 19, 95, 3, 59, 65, 81]",True,9423979,0.009423979,"[41, 65, 107, 33, 45, 95, 59, 19, 81, 0, 3]","[3, 0, 81, 19, 59, 95, 45, 33, 107, 65, 41]",False,complete,11,11,66,0,12,0,12,12,,False,,,,,,,0,0,0,0,0,0,0,0
1,522,71,140,9,"[1, 2, 4, 5, 6, 7, 8, 9, 10, 11, 12, 13, 14, 15, 16, 17, 18, 20, 21, 22, 23, 24, 25, 26, 27, 28, 29, 30, 31, 32, 33, 34, 35, 36, 37, 38, 39, 40, 41, 42, 43, 44, 46, 47, 48, 49, 50, 51, 52, 53, 54, 55, 56, 57, 58, 60, 61, 62, 63, 64, 66, 67, 68, 69, 70, 71, 72, 73, 74, 75, 76, 77, 78, 79, 80, 82, 83, 84, 85, 86, 87, 88, 89, 90, 91, 92, 93, 94, 96, 97, 98, 99, 100, 101, 102, 103, 104, 105, 106, 108, 109, 110, 111, 112, 114, 115, 116, 117, 118, 119, 120, 121, 122, 123, 124, 125, 126, 127, 128, 129, 130, 131, 132, 133, 134, 135, 136, 137, 138, 139, 140, 141, 142, 143, 144, 145, 146, 147, 148, 149]","[0, 3, 19, 45, 59, 65, 81, 95, 107]",{},[],0,"[122, 17, 18, 32, 137, 138, 140, 139, 13, 14, 116, 118, 136, 102, 10, 16, 36, 135, 26, 28, 105, 99, 148, 144, 115, 112, 149, 145, 147, 146, 12, 71, 58, 134, 109, 78, 48, 67, 61, 93, 85, 133, 42, 40, 143, 25, 7, 130, 131, 129, 132, 76, 74, 54, 110, 108, 9, 97, 128, 63, 106, 101, 120, 114, 121, 6, 1, 94, 127, 91, 64, 111, 30, 31, 11, 100, 96, 98, 52, 51, 46, 126, 2, 39, 68, 50, 47, 70, 60, 83, 125, 104, 124, 123, 142, 141, 62, 49, 56, 57, 38, 44, 24, 86, 69, 79, 80, 66, 72, 73, 87, 89, 88, 82, 103, 23, 5, 4, 22, 21, 20, 37, 34, 35, 84, 55, 92, 75, 90, 117, 119, 53, 77, 43, 15, 29, 27, 8, 41, 33, 0, 107, 45, 19, 95, 3, 59, 65, 81]",True,6907435,0.006907435,"[95, 59, 3, 65, 0, 45, 19, 81, 107]","[107, 81, 19, 45, 0, 65, 3, 59, 95]",False,complete,9,9,45,0,10,0,10,10,,False,,,,,,,0,0,0,0,0,0,0,0
1,523,72,142,7,"[0, 1, 2, 4, 5, 6, 7, 8, 9, 10, 11, 12, 13, 14, 15, 16, 17, 18, 20, 21, 22, 23, 24, 25, 26, 27, 28, 29, 30, 31, 32, 33, 34, 35, 36, 37, 38, 39, 40, 41, 42, 43, 44, 46, 47, 48, 49, 50, 51, 52, 53, 54, 55, 56, 57, 58, 60, 61, 62, 63, 64, 66, 67, 68, 69, 70, 71, 72, 73, 74, 75, 76, 77, 78, 79, 80, 82, 83, 84, 85, 86, 87, 88, 89, 90, 91, 92, 93, 94, 96, 97, 98, 99, 100, 101, 102, 103, 104, 105, 106, 107, 108, 109, 110, 111, 112, 114, 115, 116, 117, 118, 119, 120, 121, 122, 123, 124, 125, 126, 127, 128, 129, 130, 131, 132, 133, 134, 135, 136, 137, 138, 139, 140, 141, 142, 143, 144, 145, 146, 147, 148, 149]","[3, 19, 45, 59, 65, 81, 95]",{},[],0,"[122, 17, 18, 32, 137, 138, 140, 139, 13, 14, 116, 118, 136, 102, 10, 16, 36, 135, 26, 28, 105, 99, 148, 144, 115, 112, 149, 145, 147, 146, 12, 71, 58, 134, 109, 78, 48, 67, 61, 93, 85, 133, 42, 40, 143, 25, 7, 130, 131, 129, 132, 76, 74, 54, 110, 108, 9, 97, 128, 63, 106, 101, 120, 114, 121, 6, 1, 94, 127, 91, 64, 111, 30, 31, 11, 100, 96, 98, 52, 51, 46, 126, 2, 39, 68, 50, 47, 70, 60, 83, 125, 104, 124, 123, 142, 141, 62, 49, 56, 57, 38, 44, 24, 86, 69, 79, 80, 66, 72, 73, 87, 89, 88, 82, 103, 23, 5, 4, 22, 21, 20, 37, 34, 35, 84, 55, 92, 75, 90, 117, 119, 53, 77, 43, 15, 29, 27, 8, 41, 33, 0, 107, 45, 19, 95, 3, 59, 65, 81]",True,5097460,0.005097460,"[81, 65, 3, 19, 59, 95, 45]","[45, 95, 59, 19, 3, 65, 81]",False,complete,7,7,28,0,8,0,8,8,,False,,,,,,,0,0,0,0,0,0,0,0
1,524,73,144,5,"[0, 1, 2, 4, 5, 6, 7, 8, 9, 10, 11, 12, 13, 14, 15, 16, 17, 18, 19, 20, 21, 22, 23, 24, 25, 26, 27, 28, 29, 30, 31, 32, 33, 34, 35, 36, 37, 38, 39, 40, 41, 42, 43, 44, 45, 46, 47, 48, 49, 50, 51, 52, 53, 54, 55, 56, 57, 58, 60, 61, 62, 63, 64, 66, 67, 68, 69, 70, 71, 72, 73, 74, 75, 76, 77, 78, 79, 80, 82, 83, 84, 85, 86, 87, 88, 89, 90, 91, 92, 93, 94, 96, 97, 98, 99, 100, 101, 102, 103, 104, 105, 106, 107, 108, 109, 110, 111, 112, 114, 115, 116, 117, 118, 119, 120, 121, 122, 123, 124, 125, 126, 127, 128, 129, 130, 131, 132, 133, 134, 135, 136, 137, 138, 139, 140, 141, 142, 143, 144, 145, 146, 147, 148, 149]","[3, 59, 65, 81, 95]",{},[],0,"[122, 17, 18, 32, 137, 138, 140, 139, 13, 14, 116, 118, 136, 102, 10, 16, 36, 135, 26, 28, 105, 99, 148, 144, 115, 112, 149, 145, 147, 146, 12, 71, 58, 134, 109, 78, 48, 67, 61, 93, 85, 133, 42, 40, 143, 25, 7, 130, 131, 129, 132, 76, 74, 54, 110, 108, 9, 97, 128, 63, 106, 101, 120, 114, 121, 6, 1, 94, 127, 91, 64, 111, 30, 31, 11, 100, 96, 98, 52, 51, 46, 126, 2, 39, 68, 50, 47, 70, 60, 83, 125, 104, 124, 123, 142, 141, 62, 49, 56, 57, 38, 44, 24, 86, 69, 79, 80, 66, 72, 73, 87, 89, 88, 82, 103, 23, 5, 4, 22, 21, 20, 37, 34, 35, 84, 55, 92, 75, 90, 117, 119, 53, 77, 43, 15, 29, 27, 8, 41, 33, 0, 107, 45, 19, 95, 3, 59, 65, 81]",True,3551391,0.003551391,"[95, 59, 81, 65, 3]","[3, 65, 81, 59, 95]",False,complete,5,5,15,0,6,0,6,6,,False,,,,,,,0,0,0,0,0,0,0,0
1,525,74,146,3,"[0, 1, 2, 3, 4, 5, 6, 7, 8, 9, 10, 11, 12, 13, 14, 15, 16, 17, 18, 19, 20, 21, 22, 23, 24, 25, 26, 27, 28, 29, 30, 31, 32, 33, 34, 35, 36, 37, 38, 39, 40, 41, 42, 43, 44, 45, 46, 47, 48, 49, 50, 51, 52, 53, 54, 55, 56, 57, 58, 60, 61, 62, 63, 64, 66, 67, 68, 69, 70, 71, 72, 73, 74, 75, 76, 77, 78, 79, 80, 82, 83, 84, 85, 86, 87, 88, 89, 90, 91, 92, 93, 94, 95, 96, 97, 98, 99, 100, 101, 102, 103, 104, 105, 106, 107, 108, 109, 110, 111, 112, 114, 115, 116, 117, 118, 119, 120, 121, 122, 123, 124, 125, 126, 127, 128, 129, 130, 131, 132, 133, 134, 135, 136, 137, 138, 139, 140, 141, 142, 143, 144, 145, 146, 147, 148, 149]","[59, 65, 81]",{},[],0,"[122, 17, 18, 32, 137, 138, 140, 139, 13, 14, 116, 118, 136, 102, 10, 16, 36, 135, 26, 28, 105, 99, 148, 144, 115, 112, 149, 145, 147, 146, 12, 71, 58, 134, 109, 78, 48, 67, 61, 93, 85, 133, 42, 40, 143, 25, 7, 130, 131, 129, 132, 76, 74, 54, 110, 108, 9, 97, 128, 63, 106, 101, 120, 114, 121, 6, 1, 94, 127, 91, 64, 111, 30, 31, 11, 100, 96, 98, 52, 51, 46, 126, 2, 39, 68, 50, 47, 70, 60, 83, 125, 104, 124, 123, 142, 141, 62, 49, 56, 57, 38, 44, 24, 86, 69, 79, 80, 66, 72, 73, 87, 89, 88, 82, 103, 23, 5, 4, 22, 21, 20, 37, 34, 35, 84, 55, 92, 75, 90, 117, 119, 53, 77, 43, 15, 29, 27, 8, 41, 33, 0, 107, 45, 19, 95, 3, 59, 65, 81]",True,2085510,0.002085510,"[81, 65, 59]","[59, 65, 81]",False,complete,3,3,6,0,4,0,4,4,,False,,,,,,,0,0,0,0,0,0,0,0
1,526,75,148,1,"[0, 1, 2, 3, 4, 5, 6, 7, 8, 9, 10, 11, 12, 13, 14, 15, 16, 17, 18, 19, 20, 21, 22, 23, 24, 25, 26, 27, 28, 29, 30, 31, 32, 33, 34, 35, 36, 37, 38, 39, 40, 41, 42, 43, 44, 45, 46, 47, 48, 49, 50, 51, 52, 53, 54, 55, 56, 57, 58, 59, 60, 61, 62, 63, 64, 65, 66, 67, 68, 69, 70, 71, 72, 73, 74, 75, 76, 77, 78, 79, 80, 82, 83, 84, 85, 86, 87, 88, 89, 90, 91, 92, 93, 94, 95, 96, 97, 98, 99, 100, 101, 102, 103, 104, 105, 106, 107, 108, 109, 110, 111, 112, 114, 115, 116, 117, 118, 119, 120, 121, 122, 123, 124, 125, 126, 127, 128, 129, 130, 131, 132, 133, 134, 135, 136, 137, 138, 139, 140, 141, 142, 143, 144, 145, 146, 147, 148, 149]",[81],{},[],0,"[122, 17, 18, 32, 137, 138, 140, 139, 13, 14, 116, 118, 136, 102, 10, 16, 36, 135, 26, 28, 105, 99, 148, 144, 115, 112, 149, 145, 147, 146, 12, 71, 58, 134, 109, 78, 48, 67, 61, 93, 85, 133, 42, 40, 143, 25, 7, 130, 131, 129, 132, 76, 74, 54, 110, 108, 9, 97, 128, 63, 106, 101, 120, 114, 121, 6, 1, 94, 127, 91, 64, 111, 30, 31, 11, 100, 96, 98, 52, 51, 46, 126, 2, 39, 68, 50, 47, 70, 60, 83, 125, 104, 124, 123, 142, 141, 62, 49, 56, 57, 38, 44, 24, 86, 69, 79, 80, 66, 72, 73, 87, 89, 88, 82, 103, 23, 5, 4, 22, 21, 20, 37, 34, 35, 84, 55, 92, 75, 90, 117, 119, 53, 77, 43, 15, 29, 27, 8, 41, 33, 0, 107, 45, 19, 95, 3, 59, 65, 81]",True,723727,0.000723727,[81],[81],True,complete,1,1,1,0,2,0,2,2,,False,,,,,,,0,0,0,0,0,0,0,0
2,10452,1,0,149,[],"[0, 1, 2, 3, 4, 5, 6, 7, 8, 9, 10, 11, 12, 13, 14, 15, 16, 17, 18, 19, 20, 21, 22, 23, 24, 25, 26, 27, 28, 29, 30, 31, 32, 33, 34, 35, 36, 37, 38, 39, 40, 41, 42, 43, 44, 45, 46, 47, 48, 49, 50, 51, 52, 53, 54, 55, 56, 57, 58, 59, 60, 61, 62, 63, 64, 65, 66, 67, 68, 69, 70, 71, 72, 73, 74, 75, 76, 77, 78, 79, 80, 81, 82, 83, 84, 85, 86, 87, 88, 89, 90, 91, 92, 93, 94, 95, 96, 97, 98, 99, 100, 101, 102, 103, 104, 105, 106, 107, 108, 109, 110, 111, 112, 114, 115, 116, 117, 118, 119, 120, 121, 122, 123, 124, 125, 126, 127, 128, 129, 130, 131, 132, 133, 134, 135, 136, 137, 138, 139, 140, 141, 142, 143, 144, 145, 146, 147, 148, 149]",{},[],0,"[122, 17, 18, 32, 137, 138, 139, 140, 13, 14, 118, 116, 136, 10, 115, 36, 135, 28, 26, 105, 99, 149, 102, 144, 16, 112, 148, 145, 146, 147, 12, 71, 58, 134, 109, 61, 48, 67, 78, 93, 85, 133, 42, 40, 143, 25, 7, 129, 132, 131, 130, 54, 76, 74, 110, 108, 9, 97, 128, 63, 106, 101, 120, 114, 121, 6, 1, 94, 127, 91, 64, 111, 30, 31, 11, 100, 96, 98, 52, 51, 46, 126, 47, 39, 68, 50, 2, 70, 60, 83, 125, 104, 124, 123, 142, 141, 62, 49, 56, 57, 38, 44, 24, 86, 69, 79, 80, 66, 72, 73, 82, 89, 87, 88, 103, 23, 5, 4, 22, 21, 20, 37, 34, 35, 84, 53, 119, 77, 90, 55, 92, 117, 75, 8, 29, 41, 15, 43, 27, 0, 65, 33, 3, 19, 107, 59, 81, 95, 45]",True,28110179939,28.110179939,"[122, 17, 18, 32, 137, 138, 139, 140, 13, 14, 118, 116, 136, 10, 115, 36, 135, 28, 26, 105, 99, 149, 102, 144, 16, 112, 148, 145, 146, 147, 12, 71, 58, 134, 109, 61, 48, 67, 78, 93, 85, 133, 42, 40, 143, 25, 7, 129, 132, 131, 130, 54, 76, 74, 110, 108, 9, 97, 128, 63, 106, 101, 120, 114, 121, 6, 1, 94, 127, 91, 64, 111, 30, 31, 11, 100, 96, 98, 52, 51, 46, 126, 47, 39, 68, 50, 2, 70, 60, 83, 125, 104, 124, 123, 142, 141, 62, 49, 56, 57, 38, 44, 24, 86, 69, 79, 80, 66, 72, 73, 82, 89, 87, 88, 103, 23, 5, 4, 22, 21, 20, 37, 34, 35, 84, 53, 119, 77, 90, 55, 92, 117, 75, 8, 29, 41, 15, 43, 27, 0, 65, 33, 3, 19, 107, 59, 81, 95, 45]","[45, 95, 81, 59, 107, 19, 3, 33, 65, 0, 27, 43, 15, 41, 29, 8, 75, 117, 92, 55, 90, 77, 119, 53, 84, 35, 34, 37, 20, 21, 22, 4, 5, 23, 103, 88, 87, 89, 82, 73, 72, 66, 80, 79, 69, 86, 24, 44, 38, 57, 56, 49, 62, 141, 142, 123, 124, 104, 125, 83, 60, 70, 2, 50, 68, 39, 47, 126, 46, 51, 52, 98, 96, 100, 11, 31, 30, 111, 64, 91, 127, 94, 1, 6, 121, 114, 120, 101, 106, 63, 128, 97, 9, 108, 110, 74, 76, 54, 130, 131, 132, 129, 7, 25, 143, 40, 42, 133, 85, 93, 78, 67, 48, 61, 109, 134, 58, 71, 12, 147, 146, 145, 148, 112, 16, 144, 102, 149, 99, 105, 26, 28, 135, 36, 115, 10, 136, 116, 118, 14, 13, 140, 139, 138, 137, 32, 18, 17, 122]",True,complete,1304,1304,11175,1155,1663,0,1663,1663,,False,,,,,,,2,213,25,213,25,25,25,25
2,10453,2,2,147,"[17, 122]","[0, 1, 2, 3, 4, 5, 6, 7, 8, 9, 10, 11, 12, 13, 14, 15, 16, 18, 19, 20, 21, 22, 23, 24, 25, 26, 27, 28, 29, 30, 31, 32, 33, 34, 35, 36, 37, 38, 39, 40, 41, 42, 43, 44, 45, 46, 47, 48, 49, 50, 51, 52, 53, 54, 55, 56, 57, 58, 59, 60, 61, 62, 63, 64, 65, 66, 67, 68, 69, 70, 71, 72, 73, 74, 75, 76, 77, 78, 79, 80, 81, 82, 83, 84, 85, 86, 87, 88, 89, 90, 91, 92, 93, 94, 95, 96, 97, 98, 99, 100, 101, 102, 103, 104, 105, 106, 107, 108, 109, 110, 111, 112, 114, 115, 116, 117, 118, 119, 120, 121, 123, 124, 125, 126, 127, 128, 129, 130, 131, 132, 133, 134, 135, 136, 137, 138, 139, 140, 141, 142, 143, 144, 145, 146, 147, 148, 149]",{},[],0,"[122, 17, 18, 32, 137, 138, 139, 140, 13, 14, 118, 116, 136, 10, 115, 36, 135, 28, 26, 105, 99, 149, 102, 144, 16, 112, 148, 145, 146, 147, 12, 71, 58, 134, 109, 61, 48, 67, 78, 93, 85, 133, 42, 40, 143, 25, 7, 129, 132, 131, 130, 54, 76, 74, 110, 108, 9, 97, 128, 63, 106, 101, 120, 114, 121, 6, 1, 94, 127, 91, 64, 111, 30, 31, 11, 100, 96, 98, 52, 51, 46, 126, 47, 39, 68, 50, 2, 70, 60, 83, 125, 104, 124, 123, 142, 141, 62, 49, 56, 57, 38, 44, 24, 86, 69, 79, 80, 66, 72, 73, 82, 89, 87, 88, 103, 23, 5, 4, 22, 21, 20, 37, 34, 35, 84, 53, 119, 77, 90, 55, 92, 117, 75, 8, 29, 41, 15, 43, 27, 0, 65, 33, 3, 19, 107, 59, 81, 95, 45]",True,24659322602,24.659322602,"[18, 32, 137, 138, 139, 140, 13, 14, 118, 116, 136, 102, 10, 112, 36, 135, 28, 26, 99, 105, 145, 148, 149, 16, 144, 115, 147, 146, 12, 71, 58, 134, 109, 78, 67, 61, 48, 85, 93, 133, 42, 40, 143, 25, 7, 131, 132, 130, 129, 52, 76, 74, 110, 108, 9, 97, 128, 63, 106, 101, 120, 114, 121, 6, 1, 94, 127, 89, 64, 111, 30, 31, 11, 100, 96, 98, 54, 51, 46, 126, 47, 70, 39, 2, 23, 5, 4, 22, 21, 20, 37, 34, 35, 69, 91, 73, 79, 72, 80, 87, 88, 104, 103, 125, 66, 68, 60, 83, 50, 86, 82, 44, 24, 124, 123, 142, 141, 84, 49, 56, 38, 57, 62, 117, 75, 92, 77, 119, 90, 53, 55, 41, 8, 15, 29, 43, 27, 95, 107, 3, 81, 45, 33, 19, 65, 59, 0]","[0, 59, 65, 19, 33, 45, 81, 3, 107, 95, 27, 43, 29, 15, 8, 41, 55, 53, 90, 119, 77, 92, 75, 117, 62, 57, 38, 56, 49, 84, 141, 142, 123, 124, 24, 44, 82, 86, 50, 83, 60, 68, 66, 125, 103, 104, 88, 87, 80, 72, 79, 73, 91, 69, 35, 34, 37, 20, 21, 22, 4, 5, 23, 2, 39, 70, 47, 126, 46, 51, 54, 98, 96, 100, 11, 31, 30, 111, 64, 89, 127, 94, 1, 6, 121, 114, 120, 101, 106, 63, 128, 97, 9, 108, 110, 74, 76, 52, 129, 130, 132, 131, 7, 25, 143, 40, 42, 133, 93, 85, 48, 61, 67, 78, 109, 134, 58, 71, 12, 146, 147, 115, 144, 16, 149, 148, 145, 105, 99, 26, 28, 135, 36, 112, 10, 102, 136, 116, 118, 14, 13, 140, 139, 138, 137, 32, 18]",False,complete,1085,1085,10878,938,1370,0,1370,1370,,False,,,,,,,2,210,21,210,21,21,21,21
2,10454,3,4,145,"[17, 18, 32, 122]","[0, 1, 2, 3, 4, 5, 6, 7, 8, 9, 10, 11, 12, 13, 14, 15, 16, 19, 20, 21, 22, 23, 24, 25, 26, 27, 28, 29, 30, 31, 33, 34, 35, 36, 37, 38, 39, 40, 41, 42, 43, 44, 45, 46, 47, 48, 49, 50, 51, 52, 53, 54, 55, 56, 57, 58, 59, 60, 61, 62, 63, 64, 65, 66, 67, 68, 69, 70, 71, 72, 73, 74, 75, 76, 77, 78, 79, 80, 81, 82, 83, 84, 85, 86, 87, 88, 89, 90, 91, 92, 93, 94, 95, 96, 97, 98, 99, 100, 101, 102, 103, 104, 105, 106, 107, 108, 109, 110, 111, 112, 114, 115, 116, 117, 118, 119, 120, 121, 123, 124, 125, 126, 127, 128, 129, 130, 131, 132, 133, 134, 135, 136, 137, 138, 139, 140, 141, 142, 143, 144, 145, 146, 147, 148, 149]",{},[],0,"[122, 17, 18, 32, 137, 138, 139, 140, 13, 14, 118, 116, 136, 10, 115, 36, 135, 28, 26, 105, 99, 149, 102, 144, 16, 112, 148, 145, 146, 147, 12, 71, 58, 134, 109, 61, 48, 67, 78, 93, 85, 133, 42, 40, 143, 25, 7, 129, 132, 131, 130, 54, 76, 74, 110, 108, 9, 97, 128, 63, 106, 101, 120, 114, 121, 6, 1, 94, 127, 91, 64, 111, 30, 31, 11, 100, 96, 98, 52, 51, 46, 126, 47, 39, 68, 50, 2, 70, 60, 83, 125, 104, 124, 123, 142, 141, 62, 49, 56, 57, 38, 44, 24, 86, 69, 79, 80, 66, 72, 73, 82, 89, 87, 88, 103, 23, 5, 4, 22, 21, 20, 37, 34, 35, 84, 53, 119, 77, 90, 55, 92, 117, 75, 8, 29, 41, 15, 43, 27, 0, 65, 33, 3, 19, 107, 59, 81, 95, 45]",True,26221231241,26.221231241,"[137, 138, 140, 139, 13, 14, 116, 118, 136, 115, 102, 112, 36, 135, 26, 28, 105, 99, 145, 148, 16, 149, 144, 10, 146, 147, 12, 58, 71, 134, 109, 78, 61, 67, 48, 93, 85, 133, 42, 40, 143, 25, 7, 131, 132, 129, 130, 54, 74, 76, 110, 108, 9, 97, 128, 63, 106, 101, 120, 114, 121, 6, 1, 94, 127, 91, 64, 111, 30, 31, 11, 100, 96, 98, 52, 51, 46, 126, 2, 70, 39, 47, 23, 5, 4, 22, 21, 20, 37, 34, 35, 69, 89, 73, 79, 72, 80, 66, 68, 60, 83, 50, 86, 44, 24, 125, 104, 124, 123, 142, 141, 84, 87, 82, 88, 103, 38, 56, 49, 57, 62, 90, 55, 117, 92, 75, 119, 77, 53, 29, 15, 41, 43, 27, 8, 33, 65, 59, 81, 107, 45, 95, 19, 0, 3]","[3, 0, 19, 95, 45, 107, 81, 59, 65, 33, 8, 27, 43, 41, 15, 29, 53, 77, 119, 75, 92, 117, 55, 90, 62, 57, 49, 56, 38, 103, 88, 82, 87, 84, 141, 142, 123, 124, 104, 125, 24, 44, 86, 50, 83, 60, 68, 66, 80, 72, 79, 73, 89, 69, 35, 34, 37, 20, 21, 22, 4, 5, 23, 47, 39, 70, 2, 126, 46, 51, 52, 98, 96, 100, 11, 31, 30, 111, 64, 91, 127, 94, 1, 6, 121, 114, 120, 101, 106, 63, 128, 97, 9, 108, 110, 76, 74, 54, 130, 129, 132, 131, 7, 25, 143, 40, 42, 133, 85, 93, 48, 67, 61, 78, 109, 134, 71, 58, 12, 147, 146, 10, 144, 149, 16, 148, 145, 99, 105, 28, 26, 135, 36, 112, 102, 115, 136, 118, 116, 14, 13, 139, 140, 138, 137]",False,complete,1088,1088,10585,943,1369,0,1369,1369,,False,,,,,,,2,211,22,211,22,22,22,22
2,10455,4,6,143,"[17, 18, 32, 122, 137, 138]","[0, 1, 2, 3, 4, 5, 6, 7, 8, 9, 10, 11, 12, 13, 14, 15, 16, 19, 20, 21, 22, 23, 24, 25, 26, 27, 28, 29, 30, 31, 33, 34, 35, 36, 37, 38, 39, 40, 41, 42, 43, 44, 45, 46, 47, 48, 49, 50, 51, 52, 53, 54, 55, 56, 57, 58, 59, 60, 61, 62, 63, 64, 65, 66, 67, 68, 69, 70, 71, 72, 73, 74, 75, 76, 77, 78, 79, 80, 81, 82, 83, 84, 85, 86, 87, 88, 89, 90, 91, 92, 93, 94, 95, 96, 97, 98, 99, 100, 101, 102, 103, 104, 105, 106, 107, 108, 109, 110, 111, 112, 114, 115, 116, 117, 118, 119, 120, 121, 123, 124, 125, 126, 127, 128, 129, 130, 131, 132, 133, 134, 135, 136, 139, 140, 141, 142, 143, 144, 145, 146, 147, 148, 149]",{},[],0,"[122, 17, 18, 32, 137, 138, 139, 140, 13, 14, 118, 116, 136, 10, 115, 36, 135, 28, 26, 105, 99, 149, 102, 144, 16, 112, 148, 145, 146, 147, 12, 71, 58, 134, 109, 61, 48, 67, 78, 93, 85, 133, 42, 40, 143, 25, 7, 129, 132, 131, 130, 54, 76, 74, 110, 108, 9, 97, 128, 63, 106, 101, 120, 114, 121, 6, 1, 94, 127, 91, 64, 111, 30, 31, 11, 100, 96, 98, 52, 51, 46, 126, 47, 39, 68, 50, 2, 70, 60, 83, 125, 104, 124, 123, 142, 141, 62, 49, 56, 57, 38, 44, 24, 86, 69, 79, 80, 66, 72, 73, 82, 89, 87, 88, 103, 23, 5, 4, 22, 21, 20, 37, 34, 35, 84, 53, 119, 77, 90, 55, 92, 117, 75, 8, 29, 41, 15, 43, 27, 0, 65, 33, 3, 19, 107, 59, 81, 95, 45]",True,28370126723,28.370126723,"[139, 140, 14, 13, 118, 116, 136, 115, 102, 16, 36, 135, 26, 28, 99, 105, 149, 112, 144, 10, 145, 148, 147, 146, 12, 58, 71, 134, 109, 78, 67, 61, 48, 85, 93, 133, 42, 40, 143, 25, 7, 129, 131, 132, 130, 74, 121, 97, 128, 106, 114, 120, 101, 6, 1, 76, 52, 110, 108, 9, 63, 94, 127, 91, 64, 111, 30, 31, 11, 100, 96, 98, 54, 51, 46, 126, 2, 39, 68, 50, 47, 70, 60, 83, 125, 104, 124, 123, 141, 142, 62, 49, 56, 57, 38, 44, 24, 86, 69, 79, 80, 66, 72, 73, 87, 89, 88, 82, 103, 23, 5, 4, 22, 21, 20, 37, 34, 35, 84, 75, 117, 77, 53, 119, 90, 55, 92, 41, 15, 27, 43, 8, 29, 3, 81, 33, 95, 0, 45, 65, 19, 107, 59]","[59, 107, 19, 65, 45, 0, 95, 33, 81, 3, 29, 8, 43, 27, 15, 41, 92, 55, 90, 119, 53, 77, 117, 75, 84, 35, 34, 37, 20, 21, 22, 4, 5, 23, 103, 82, 88, 89, 87, 73, 72, 66, 80, 79, 69, 86, 24, 44, 38, 57, 56, 49, 62, 142, 141, 123, 124, 104, 125, 83, 60, 70, 47, 50, 68, 39, 2, 126, 46, 51, 54, 98, 96, 100, 11, 31, 30, 111, 64, 91, 127, 94, 63, 9, 108, 110, 52, 76, 1, 6, 101, 120, 114, 106, 128, 97, 121, 74, 130, 132, 131, 129, 7, 25, 143, 40, 42, 133, 93, 85, 48, 61, 67, 78, 109, 134, 71, 58, 12, 146, 147, 148, 145, 10, 144, 112, 149, 105, 99, 28, 26, 135, 36, 16, 102, 115, 136, 116, 118, 13, 14, 140, 139]",False,complete,1277,1277,10296,1134,1633,0,1633,1633,,False,,,,,,,2,213,25,213,25,25,25,25
2,10456,5,8,141,"[17, 18, 32, 122, 137, 138, 139, 140]","[0, 1, 2, 3, 4, 5, 6, 7, 8, 9, 10, 11, 12, 13, 14, 15, 16, 19, 20, 21, 22, 23, 24, 25, 26, 27, 28, 29, 30, 31, 33, 34, 35, 36, 37, 38, 39, 40, 41, 42, 43, 44, 45, 46, 47, 48, 49, 50, 51, 52, 53, 54, 55, 56, 57, 58, 59, 60, 61, 62, 63, 64, 65, 66, 67, 68, 69, 70, 71, 72, 73, 74, 75, 76, 77, 78, 79, 80, 81, 82, 83, 84, 85, 86, 87, 88, 89, 90, 91, 92, 93, 94, 95, 96, 97, 98, 99, 100, 101, 102, 103, 104, 105, 106, 107, 108, 109, 110, 111, 112, 114, 115, 116, 117, 118, 119, 120, 121, 123, 124, 125, 126, 127, 128, 129, 130, 131, 132, 133, 134, 135, 136, 141, 142, 143, 144, 145, 146, 147, 148, 149]",{},[],0,"[122, 17, 18, 32, 137, 138, 139, 140, 13, 14, 118, 116, 136, 10, 115, 36, 135, 28, 26, 105, 99, 149, 102, 144, 16, 112, 148, 145, 146, 147, 12, 71, 58, 134, 109, 61, 48, 67, 78, 93, 85, 133, 42, 40, 143, 25, 7, 129, 132, 131, 130, 54, 76, 74, 110, 108, 9, 97, 128, 63, 106, 101, 120, 114, 121, 6, 1, 94, 127, 91, 64, 111, 30, 31, 11, 100, 96, 98, 52, 51, 46, 126, 47, 39, 68, 50, 2, 70, 60, 83, 125, 104, 124, 123, 142, 141, 62, 49, 56, 57, 38, 44, 24, 86, 69, 79, 80, 66, 72, 73, 82, 89, 87, 88, 103, 23, 5, 4, 22, 21, 20, 37, 34, 35, 84, 53, 119, 77, 90, 55, 92, 117, 75, 8, 29, 41, 15, 43, 27, 0, 65, 33, 3, 19, 107, 59, 81, 95, 45]",True,25328803071,25.328803071,"[14, 13, 118, 116, 136, 10, 102, 112, 36, 135, 26, 28, 105, 99, 144, 16, 148, 115, 149, 145, 146, 147, 12, 58, 71, 134, 109, 48, 78, 61, 67, 85, 93, 133, 40, 42, 143, 25, 7, 131, 130, 132, 129, 54, 76, 74, 110, 108, 9, 97, 128, 63, 106, 101, 120, 114, 121, 6, 1, 94, 127, 89, 64, 111, 30, 31, 11, 100, 96, 98, 52, 51, 46, 126, 2, 70, 39, 47, 23, 5, 4, 22, 21, 20, 37, 34, 35, 69, 91, 73, 79, 72, 80, 87, 88, 103, 104, 125, 66, 68, 60, 83, 50, 86, 82, 44, 24, 124, 123, 141, 142, 62, 49, 56, 38, 57, 84, 77, 53, 92, 117, 55, 90, 75, 119, 15, 43, 29, 8, 41, 27, 95, 19, 3, 107, 0, 59, 81, 65, 45, 33]","[33, 45, 65, 81, 59, 0, 107, 3, 19, 95, 27, 41, 8, 29, 43, 15, 119, 75, 90, 55, 117, 92, 53, 77, 84, 57, 38, 56, 49, 62, 142, 141, 123, 124, 24, 44, 82, 86, 50, 83, 60, 68, 66, 125, 104, 103, 88, 87, 80, 72, 79, 73, 91, 69, 35, 34, 37, 20, 21, 22, 4, 5, 23, 47, 39, 70, 2, 126, 46, 51, 52, 98, 96, 100, 11, 31, 30, 111, 64, 89, 127, 94, 1, 6, 121, 114, 120, 101, 106, 63, 128, 97, 9, 108, 110, 74, 76, 54, 129, 132, 130, 131, 7, 25, 143, 42, 40, 133, 93, 85, 67, 61, 78, 48, 109, 134, 71, 58, 12, 147, 146, 145, 149, 115, 148, 16, 144, 99, 105, 28, 26, 135, 36, 112, 102, 10, 136, 116, 118, 13, 14]",False,complete,1089,1089,10011,948,1368,0,1368,1368,,False,,,,,,,2,211,21,211,21,21,21,21
2,10457,6,10,139,"[13, 14, 17, 18, 32, 122, 137, 138, 139, 140]","[0, 1, 2, 3, 4, 5, 6, 7, 8, 9, 10, 11, 12, 15, 16, 19, 20, 21, 22, 23, 24, 25, 26, 27, 28, 29, 30, 31, 33, 34, 35, 36, 37, 38, 39, 40, 41, 42, 43, 44, 45, 46, 47, 48, 49, 50, 51, 52, 53, 54, 55, 56, 57, 58, 59, 60, 61, 62, 63, 64, 65, 66, 67, 68, 69, 70, 71, 72, 73, 74, 75, 76, 77, 78, 79, 80, 81, 82, 83, 84, 85, 86, 87, 88, 89, 90, 91, 92, 93, 94, 95, 96, 97, 98, 99, 100, 101, 102, 103, 104, 105, 106, 107, 108, 109, 110, 111, 112, 114, 115, 116, 117, 118, 119, 120, 121, 123, 124, 125, 126, 127, 128, 129, 130, 131, 132, 133, 134, 135, 136, 141, 142, 143, 144, 145, 146, 147, 148, 149]",{},[],0,"[122, 17, 18, 32, 137, 138, 139, 140, 13, 14, 118, 116, 136, 10, 115, 36, 135, 28, 26, 105, 99, 149, 102, 144, 16, 112, 148, 145, 146, 147, 12, 71, 58, 134, 109, 61, 48, 67, 78, 93, 85, 133, 42, 40, 143, 25, 7, 129, 132, 131, 130, 54, 76, 74, 110, 108, 9, 97, 128, 63, 106, 101, 120, 114, 121, 6, 1, 94, 127, 91, 64, 111, 30, 31, 11, 100, 96, 98, 52, 51, 46, 126, 47, 39, 68, 50, 2, 70, 60, 83, 125, 104, 124, 123, 142, 141, 62, 49, 56, 57, 38, 44, 24, 86, 69, 79, 80, 66, 72, 73, 82, 89, 87, 88, 103, 23, 5, 4, 22, 21, 20, 37, 34, 35, 84, 53, 119, 77, 90, 55, 92, 117, 75, 8, 29, 41, 15, 43, 27, 0, 65, 33, 3, 19, 107, 59, 81, 95, 45]",True,28024581884,28.024581884,"[118, 116, 136, 115, 102, 16, 36, 135, 28, 26, 105, 99, 148, 112, 145, 144, 10, 149, 147, 146, 12, 71, 58, 134, 109, 61, 78, 67, 48, 85, 93, 133, 40, 42, 143, 25, 7, 129, 132, 130, 131, 74, 121, 97, 128, 106, 114, 120, 101, 6, 1, 54, 76, 110, 108, 9, 63, 94, 127, 91, 64, 111, 30, 31, 11, 100, 96, 98, 52, 51, 46, 126, 2, 39, 68, 50, 47, 70, 60, 83, 125, 103, 124, 123, 141, 142, 62, 49, 56, 57, 38, 44, 24, 86, 69, 79, 80, 66, 72, 73, 87, 89, 88, 82, 104, 23, 5, 4, 22, 21, 20, 37, 34, 35, 84, 77, 53, 75, 90, 119, 117, 92, 55, 8, 43, 29, 41, 15, 27, 19, 81, 45, 107, 65, 59, 95, 3, 0, 33]","[33, 0, 3, 95, 59, 65, 107, 45, 81, 19, 27, 15, 41, 29, 43, 8, 55, 92, 117, 119, 90, 75, 53, 77, 84, 35, 34, 37, 20, 21, 22, 4, 5, 23, 104, 82, 88, 89, 87, 73, 72, 66, 80, 79, 69, 86, 24, 44, 38, 57, 56, 49, 62, 142, 141, 123, 124, 103, 125, 83, 60, 70, 47, 50, 68, 39, 2, 126, 46, 51, 52, 98, 96, 100, 11, 31, 30, 111, 64, 91, 127, 94, 63, 9, 108, 110, 76, 54, 1, 6, 101, 120, 114, 106, 128, 97, 121, 74, 131, 130, 132, 129, 7, 25, 143, 42, 40, 133, 93, 85, 48, 67, 78, 61, 109, 134, 58, 71, 12, 146, 147, 149, 10, 144, 145, 112, 148, 99, 105, 26, 28, 135, 36, 16, 102, 115, 136, 116, 118]",False,complete,1277,1277,9730,1138,1629,0,1629,1629,,False,,,,,,,2,213,25,213,25,25,25,25
2,10458,7,12,137,"[13, 14, 17, 18, 32, 116, 118, 122, 137, 138, 139, 140]","[0, 1, 2, 3, 4, 5, 6, 7, 8, 9, 10, 11, 12, 15, 16, 19, 20, 21, 22, 23, 24, 25, 26, 27, 28, 29, 30, 31, 33, 34, 35, 36, 37, 38, 39, 40, 41, 42, 43, 44, 45, 46, 47, 48, 49, 50, 51, 52, 53, 54, 55, 56, 57, 58, 59, 60, 61, 62, 63, 64, 65, 66, 67, 68, 69, 70, 71, 72, 73, 74, 75, 76, 77, 78, 79, 80, 81, 82, 83, 84, 85, 86, 87, 88, 89, 90, 91, 92, 93, 94, 95, 96, 97, 98, 99, 100, 101, 102, 103, 104, 105, 106, 107, 108, 109, 110, 111, 112, 114, 115, 117, 119, 120, 121, 123, 124, 125, 126, 127, 128, 129, 130, 131, 132, 133, 134, 135, 136, 141, 142, 143, 144, 145, 146, 147, 148, 149]",{},[],0,"[122, 17, 18, 32, 137, 138, 139, 140, 13, 14, 118, 116, 136, 10, 115, 36, 135, 28, 26, 105, 99, 149, 102, 144, 16, 112, 148, 145, 146, 147, 12, 71, 58, 134, 109, 61, 48, 67, 78, 93, 85, 133, 42, 40, 143, 25, 7, 129, 132, 131, 130, 54, 76, 74, 110, 108, 9, 97, 128, 63, 106, 101, 120, 114, 121, 6, 1, 94, 127, 91, 64, 111, 30, 31, 11, 100, 96, 98, 52, 51, 46, 126, 47, 39, 68, 50, 2, 70, 60, 83, 125, 104, 124, 123, 142, 141, 62, 49, 56, 57, 38, 44, 24, 86, 69, 79, 80, 66, 72, 73, 82, 89, 87, 88, 103, 23, 5, 4, 22, 21, 20, 37, 34, 35, 84, 53, 119, 77, 90, 55, 92, 117, 75, 8, 29, 41, 15, 43, 27, 0, 65, 33, 3, 19, 107, 59, 81, 95, 45]",True,28512656042,28.512656042,"[136, 102, 10, 16, 36, 135, 28, 26, 105, 99, 149, 112, 148, 144, 115, 145, 146, 147, 12, 58, 71, 134, 109, 61, 78, 48, 67, 93, 85, 133, 42, 40, 143, 25, 7, 131, 129, 130, 132, 54, 76, 74, 110, 108, 9, 97, 128, 63, 106, 101, 120, 114, 121, 6, 1, 94, 127, 91, 64, 111, 30, 31, 11, 100, 96, 98, 52, 51, 46, 126, 2, 39, 68, 50, 47, 70, 60, 83, 125, 104, 124, 123, 141, 142, 62, 49, 56, 57, 38, 44, 24, 86, 69, 79, 80, 66, 72, 73, 87, 89, 88, 82, 103, 23, 5, 4, 22, 21, 20, 37, 34, 35, 84, 119, 117, 92, 77, 90, 55, 53, 75, 15, 29, 27, 43, 41, 8, 3, 0, 107, 33, 19, 81, 59, 45, 65, 95]","[95, 65, 45, 59, 81, 19, 33, 107, 0, 3, 8, 41, 43, 27, 29, 15, 75, 53, 55, 90, 77, 92, 117, 119, 84, 35, 34, 37, 20, 21, 22, 4, 5, 23, 103, 82, 88, 89, 87, 73, 72, 66, 80, 79, 69, 86, 24, 44, 38, 57, 56, 49, 62, 142, 141, 123, 124, 104, 125, 83, 60, 70, 47, 50, 68, 39, 2, 126, 46, 51, 52, 98, 96, 100, 11, 31, 30, 111, 64, 91, 127, 94, 1, 6, 121, 114, 120, 101, 106, 63, 128, 97, 9, 108, 110, 74, 76, 54, 132, 130, 129, 131, 7, 25, 143, 40, 42, 133, 85, 93, 67, 48, 78, 61, 109, 134, 71, 58, 12, 147, 146, 145, 115, 144, 148, 112, 149, 99, 105, 26, 28, 135, 36, 16, 10, 102, 136]",False,complete,1290,1290,9453,1153,1650,0,1650,1650,,False,,,,,,,2,212,24,212,24,24,24,24
2,10459,8,14,135,"[10, 13, 14, 17, 18, 32, 116, 118, 122, 136, 137, 138, 139, 140]","[0, 1, 2, 3, 4, 5, 6, 7, 8, 9, 11, 12, 15, 16, 19, 20, 21, 22, 23, 24, 25, 26, 27, 28, 29, 30, 31, 33, 34, 35, 36, 37, 38, 39, 40, 41, 42, 43, 44, 45, 46, 47, 48, 49, 50, 51, 52, 53, 54, 55, 56, 57, 58, 59, 60, 61, 62, 63, 64, 65, 66, 67, 68, 69, 70, 71, 72, 73, 74, 75, 76, 77, 78, 79, 80, 81, 82, 83, 84, 85, 86, 87, 88, 89, 90, 91, 92, 93, 94, 95, 96, 97, 98, 99, 100, 101, 102, 103, 104, 105, 106, 107, 108, 109, 110, 111, 112, 114, 115, 117, 119, 120, 121, 123, 124, 125, 126, 127, 128, 129, 130, 131, 132, 133, 134, 135, 141, 142, 143, 144, 145, 146, 147, 148, 149]","{""support_1"": 144}",[144],1,"[122, 17, 18, 32, 137, 138, 139, 140, 13, 14, 118, 116, 136, 10, 115, 36, 135, 28, 26, 105, 99, 149, 102, 144, 16, 112, 148, 145, 146, 147, 12, 71, 58, 134, 109, 61, 48, 67, 78, 93, 85, 133, 42, 40, 143, 25, 7, 129, 132, 131, 130, 54, 76, 74, 110, 108, 9, 97, 128, 63, 106, 101, 120, 114, 121, 6, 1, 94, 127, 91, 64, 111, 30, 31, 11, 100, 96, 98, 52, 51, 46, 126, 47, 39, 68, 50, 2, 70, 60, 83, 125, 104, 124, 123, 142, 141, 62, 49, 56, 57, 38, 44, 24, 86, 69, 79, 80, 66, 72, 73, 82, 89, 87, 88, 103, 23, 5, 4, 22, 21, 20, 37, 34, 35, 84, 53, 119, 77, 90, 55, 92, 117, 75, 8, 29, 41, 15, 43, 27, 0, 65, 33, 3, 19, 107, 59, 81, 95, 45]",True,28948214310,28.948214310,"[115, 36, 135, 26, 28, 105, 99, 145, 144, 102, 149, 16, 112, 148, 147, 146, 12, 58, 71, 134, 109, 61, 78, 48, 67, 85, 93, 133, 40, 42, 143, 25, 7, 131, 132, 129, 130, 74, 121, 97, 128, 106, 101, 120, 114, 6, 1, 54, 76, 110, 108, 9, 63, 94, 127, 89, 64, 111, 30, 31, 11, 100, 96, 98, 52, 51, 46, 126, 47, 39, 68, 50, 2, 70, 60, 83, 125, 104, 124, 123, 141, 142, 62, 49, 56, 57, 38, 44, 24, 86, 69, 79, 80, 66, 72, 73, 82, 91, 87, 88, 103, 23, 5, 4, 22, 21, 20, 37, 34, 35, 84, 119, 55, 77, 90, 92, 117, 75, 53, 15, 29, 8, 41, 43, 27, 81, 0, 107, 19, 65, 45, 3, 33, 59, 95]","[95, 59, 33, 3, 45, 65, 19, 107, 0, 81, 27, 43, 41, 8, 29, 15, 53, 75, 117, 92, 90, 77, 55, 119, 84, 35, 34, 37, 20, 21, 22, 4, 5, 23, 103, 88, 87, 91, 82, 73, 72, 66, 80, 79, 69, 86, 24, 44, 38, 57, 56, 49, 62, 142, 141, 123, 124, 104, 125, 83, 60, 70, 2, 50, 68, 39, 47, 126, 46, 51, 52, 98, 96, 100, 11, 31, 30, 111, 64, 89, 127, 94, 63, 9, 108, 110, 76, 54, 1, 6, 114, 120, 101, 106, 128, 97, 121, 74, 130, 129, 132, 131, 7, 25, 143, 42, 40, 133, 93, 85, 67, 48, 78, 61, 109, 134, 71, 58, 12, 146, 147, 148, 112, 16, 149, 102, 144, 145, 99, 105, 28, 26, 135, 36, 115]",False,complete,1276,1276,9180,1141,1620,0,1620,1620,,False,,,,,,,2,211,26,211,27,27,26,27
2,10460,9,16,133,"[10, 13, 14, 17, 18, 32, 36, 115, 116, 118, 122, 136, 137, 138, 139, 140]","[0, 1, 2, 3, 4, 5, 6, 7, 8, 9, 11, 12, 15, 16, 19, 20, 21, 22, 23, 24, 25, 26, 27, 28, 29, 30, 31, 33, 34, 35, 37, 38, 39, 40, 41, 42, 43, 44, 45, 46, 47, 48, 49, 50, 51, 52, 53, 54, 55, 56, 57, 58, 59, 60, 61, 62, 63, 64, 65, 66, 67, 68, 69, 70, 71, 72, 73, 74, 75, 76, 77, 78, 79, 80, 81, 82, 83, 84, 85, 86, 87, 88, 89, 90, 91, 92, 93, 94, 95, 96, 97, 98, 99, 100, 101, 102, 103, 104, 105, 106, 107, 108, 109, 110, 111, 112, 114, 117, 119, 120, 121, 123, 124, 125, 126, 127, 128, 129, 130, 131, 132, 133, 134, 135, 141, 142, 143, 144, 145, 146, 147, 148, 149]","{""support_1"": 144, ""support_2"": 148}","[144, 148]",2,"[122, 17, 18, 32, 137, 138, 139, 140, 13, 14, 118, 116, 136, 10, 115, 36, 135, 28, 26, 105, 99, 149, 102, 144, 16, 112, 148, 145, 146, 147, 12, 71, 58, 134, 109, 61, 48, 67, 78, 93, 85, 133, 42, 40, 143, 25, 7, 129, 132, 131, 130, 54, 76, 74, 110, 108, 9, 97, 128, 63, 106, 101, 120, 114, 121, 6, 1, 94, 127, 91, 64, 111, 30, 31, 11, 100, 96, 98, 52, 51, 46, 126, 47, 39, 68, 50, 2, 70, 60, 83, 125, 104, 124, 123, 142, 141, 62, 49, 56, 57, 38, 44, 24, 86, 69, 79, 80, 66, 72, 73, 82, 89, 87, 88, 103, 23, 5, 4, 22, 21, 20, 37, 34, 35, 84, 53, 119, 77, 90, 55, 92, 117, 75, 8, 29, 41, 15, 43, 27, 0, 65, 33, 3, 19, 107, 59, 81, 95, 45]",True,28997471436,28.997471436,"[135, 28, 26, 105, 99, 144, 102, 148, 16, 112, 149, 145, 147, 146, 12, 71, 58, 134, 109, 67, 78, 61, 48, 85, 93, 133, 40, 42, 143, 25, 7, 131, 129, 132, 130, 54, 74, 76, 110, 108, 9, 97, 128, 63, 106, 101, 120, 114, 121, 6, 1, 94, 127, 91, 64, 111, 30, 31, 11, 100, 96, 98, 52, 51, 46, 126, 47, 39, 68, 50, 2, 70, 60, 83, 125, 103, 124, 123, 142, 141, 62, 49, 56, 57, 38, 44, 24, 86, 69, 79, 80, 66, 72, 73, 82, 89, 87, 88, 104, 23, 5, 4, 22, 21, 20, 37, 34, 35, 84, 92, 75, 119, 117, 77, 55, 53, 90, 15, 27, 8, 43, 41, 29, 59, 95, 45, 81, 65, 19, 0, 3, 107, 33]","[33, 107, 3, 0, 19, 65, 81, 45, 95, 59, 29, 41, 43, 8, 27, 15, 90, 53, 55, 77, 117, 119, 75, 92, 84, 35, 34, 37, 20, 21, 22, 4, 5, 23, 104, 88, 87, 89, 82, 73, 72, 66, 80, 79, 69, 86, 24, 44, 38, 57, 56, 49, 62, 141, 142, 123, 124, 103, 125, 83, 60, 70, 2, 50, 68, 39, 47, 126, 46, 51, 52, 98, 96, 100, 11, 31, 30, 111, 64, 91, 127, 94, 1, 6, 121, 114, 120, 101, 106, 63, 128, 97, 9, 108, 110, 76, 74, 54, 130, 132, 129, 131, 7, 25, 143, 42, 40, 133, 93, 85, 48, 61, 78, 67, 109, 134, 58, 71, 12, 146, 147, 145, 149, 112, 16, 148, 102, 144, 99, 105, 26, 28, 135]",False,complete,1283,1283,8911,1150,1625,0,1625,1625,,False,,,,,,,2,207,24,207,26,26,24,26
2,10461,10,18,131,"[10, 13, 14, 17, 18, 28, 32, 36, 115, 116, 118, 122, 135, 136, 137, 138, 139, 140]","[0, 1, 2, 3, 4, 5, 6, 7, 8, 9, 11, 12, 15, 16, 19, 20, 21, 22, 23, 24, 25, 26, 27, 29, 30, 31, 33, 34, 35, 37, 38, 39, 40, 41, 42, 43, 44, 45, 46, 47, 48, 49, 50, 51, 52, 53, 54, 55, 56, 57, 58, 59, 60, 61, 62, 63, 64, 65, 66, 67, 68, 69, 70, 71, 72, 73, 74, 75, 76, 77, 78, 79, 80, 81, 82, 83, 84, 85, 86, 87, 88, 89, 90, 91, 92, 93, 94, 95, 96, 97, 98, 99, 100, 101, 102, 103, 104, 105, 106, 107, 108, 109, 110, 111, 112, 114, 117, 119, 120, 121, 123, 124, 125, 126, 127, 128, 129, 130, 131, 132, 133, 134, 141, 142, 143, 144, 145, 146, 147, 148, 149]","{""support_1"": 144, ""support_2"": 148}","[144, 148]",2,"[122, 17, 18, 32, 137, 138, 139, 140, 13, 14, 118, 116, 136, 10, 115, 36, 135, 28, 26, 105, 99, 149, 102, 144, 16, 112, 148, 145, 146, 147, 12, 71, 58, 134, 109, 61, 48, 67, 78, 93, 85, 133, 42, 40, 143, 25, 7, 129, 132, 131, 130, 54, 76, 74, 110, 108, 9, 97, 128, 63, 106, 101, 120, 114, 121, 6, 1, 94, 127, 91, 64, 111, 30, 31, 11, 100, 96, 98, 52, 51, 46, 126, 47, 39, 68, 50, 2, 70, 60, 83, 125, 104, 124, 123, 142, 141, 62, 49, 56, 57, 38, 44, 24, 86, 69, 79, 80, 66, 72, 73, 82, 89, 87, 88, 103, 23, 5, 4, 22, 21, 20, 37, 34, 35, 84, 53, 119, 77, 90, 55, 92, 117, 75, 8, 29, 41, 15, 43, 27, 0, 65, 33, 3, 19, 107, 59, 81, 95, 45]",True,27355313292,27.355313292,"[26, 105, 99, 145, 148, 102, 144, 16, 112, 149, 146, 147, 12, 58, 71, 134, 109, 61, 67, 78, 48, 85, 93, 133, 40, 42, 143, 25, 7, 132, 129, 130, 131, 76, 74, 54, 110, 108, 9, 97, 128, 63, 106, 101, 120, 114, 121, 6, 1, 94, 127, 91, 64, 111, 30, 31, 11, 100, 96, 98, 52, 51, 46, 126, 2, 70, 39, 47, 23, 5, 4, 22, 21, 20, 37, 34, 35, 87, 104, 86, 125, 103, 89, 88, 83, 82, 124, 123, 141, 142, 84, 24, 44, 68, 66, 73, 60, 69, 79, 72, 50, 80, 49, 56, 38, 57, 62, 75, 119, 92, 117, 77, 53, 90, 55, 27, 41, 8, 15, 43, 29, 95, 65, 107, 3, 81, 19, 0, 33, 59, 45]","[45, 59, 33, 0, 19, 81, 3, 107, 65, 95, 29, 43, 15, 8, 41, 27, 55, 90, 53, 77, 117, 92, 119, 75, 62, 57, 38, 56, 49, 80, 50, 72, 79, 69, 60, 73, 66, 68, 44, 24, 84, 142, 141, 123, 124, 82, 83, 88, 89, 103, 125, 86, 104, 87, 35, 34, 37, 20, 21, 22, 4, 5, 23, 47, 39, 70, 2, 126, 46, 51, 52, 98, 96, 100, 11, 31, 30, 111, 64, 91, 127, 94, 1, 6, 121, 114, 120, 101, 106, 63, 128, 97, 9, 108, 110, 54, 74, 76, 131, 130, 129, 132, 7, 25, 143, 42, 40, 133, 93, 85, 48, 78, 67, 61, 109, 134, 71, 58, 12, 147, 146, 149, 112, 16, 144, 102, 148, 145, 99, 105, 26]",False,complete,1160,1160,8646,1029,1553,0,1553,1553,,False,,,,,,,2,202,23,202,25,25,23,25
2,10462,11,20,129,"[10, 13, 14, 17, 18, 26, 28, 32, 36, 105, 115, 116, 118, 122, 135, 136, 137, 138, 139, 140]","[0, 1, 2, 3, 4, 5, 6, 7, 8, 9, 11, 12, 15, 16, 19, 20, 21, 22, 23, 24, 25, 27, 29, 30, 31, 33, 34, 35, 37, 38, 39, 40, 41, 42, 43, 44, 45, 46, 47, 48, 49, 50, 51, 52, 53, 54, 55, 56, 57, 58, 59, 60, 61, 62, 63, 64, 65, 66, 67, 68, 69, 70, 71, 72, 73, 74, 75, 76, 77, 78, 79, 80, 81, 82, 83, 84, 85, 86, 87, 88, 89, 90, 91, 92, 93, 94, 95, 96, 97, 98, 99, 100, 101, 102, 103, 104, 106, 107, 108, 109, 110, 111, 112, 114, 117, 119, 120, 121, 123, 124, 125, 126, 127, 128, 129, 130, 131, 132, 133, 134, 141, 142, 143, 144, 145, 146, 147, 148, 149]","{""support_1"": 144, ""support_2"": 148}","[144, 148]",2,"[122, 17, 18, 32, 137, 138, 139, 140, 13, 14, 118, 116, 136, 10, 115, 36, 135, 28, 26, 105, 99, 149, 102, 144, 16, 112, 148, 145, 146, 147, 12, 71, 58, 134, 109, 61, 48, 67, 78, 93, 85, 133, 42, 40, 143, 25, 7, 129, 132, 131, 130, 54, 76, 74, 110, 108, 9, 97, 128, 63, 106, 101, 120, 114, 121, 6, 1, 94, 127, 91, 64, 111, 30, 31, 11, 100, 96, 98, 52, 51, 46, 126, 47, 39, 68, 50, 2, 70, 60, 83, 125, 104, 124, 123, 142, 141, 62, 49, 56, 57, 38, 44, 24, 86, 69, 79, 80, 66, 72, 73, 82, 89, 87, 88, 103, 23, 5, 4, 22, 21, 20, 37, 34, 35, 84, 53, 119, 77, 90, 55, 92, 117, 75, 8, 29, 41, 15, 43, 27, 0, 65, 33, 3, 19, 107, 59, 81, 95, 45]",True,28465868760,28.465868760,"[99, 144, 102, 149, 112, 16, 145, 148, 146, 147, 12, 58, 71, 134, 109, 61, 78, 48, 67, 93, 85, 133, 40, 42, 143, 25, 7, 132, 131, 129, 130, 76, 52, 74, 110, 108, 9, 97, 128, 63, 106, 101, 120, 114, 121, 6, 1, 94, 127, 91, 64, 111, 30, 31, 11, 100, 96, 98, 54, 51, 46, 126, 2, 39, 68, 50, 47, 70, 60, 83, 125, 104, 124, 123, 141, 142, 62, 49, 56, 57, 38, 44, 24, 86, 69, 79, 80, 66, 72, 73, 82, 89, 87, 88, 103, 23, 5, 4, 22, 21, 20, 37, 34, 35, 84, 75, 90, 117, 77, 119, 53, 55, 92, 15, 41, 8, 29, 27, 43, 3, 81, 19, 95, 107, 65, 0, 33, 59, 45]","[45, 59, 33, 0, 65, 107, 95, 19, 81, 3, 43, 27, 29, 8, 41, 15, 92, 55, 53, 119, 77, 117, 90, 75, 84, 35, 34, 37, 20, 21, 22, 4, 5, 23, 103, 88, 87, 89, 82, 73, 72, 66, 80, 79, 69, 86, 24, 44, 38, 57, 56, 49, 62, 142, 141, 123, 124, 104, 125, 83, 60, 70, 47, 50, 68, 39, 2, 126, 46, 51, 54, 98, 96, 100, 11, 31, 30, 111, 64, 91, 127, 94, 1, 6, 121, 114, 120, 101, 106, 63, 128, 97, 9, 108, 110, 74, 52, 76, 130, 129, 131, 132, 7, 25, 143, 42, 40, 133, 85, 93, 67, 48, 78, 61, 109, 134, 71, 58, 12, 147, 146, 148, 145, 16, 112, 149, 102, 144, 99]",False,complete,1263,1263,8385,1134,1617,0,1617,1617,,False,,,,,,,2,199,24,199,26,26,24,26
2,10463,12,22,127,"[10, 13, 14, 17, 18, 26, 28, 32, 36, 99, 105, 115, 116, 118, 122, 135, 136, 137, 138, 139, 140, 149]","[0, 1, 2, 3, 4, 5, 6, 7, 8, 9, 11, 12, 15, 16, 19, 20, 21, 22, 23, 24, 25, 27, 29, 30, 31, 33, 34, 35, 37, 38, 39, 40, 41, 42, 43, 44, 45, 46, 47, 48, 49, 50, 51, 52, 53, 54, 55, 56, 57, 58, 59, 60, 61, 62, 63, 64, 65, 66, 67, 68, 69, 70, 71, 72, 73, 74, 75, 76, 77, 78, 79, 80, 81, 82, 83, 84, 85, 86, 87, 88, 89, 90, 91, 92, 93, 94, 95, 96, 97, 98, 100, 101, 102, 103, 104, 106, 107, 108, 109, 110, 111, 112, 114, 117, 119, 120, 121, 123, 124, 125, 126, 127, 128, 129, 130, 131, 132, 133, 134, 141, 142, 143, 144, 145, 146, 147, 148]","{""support_1"": 144, ""support_2"": 148}","[144, 148]",2,"[122, 17, 18, 32, 137, 138, 139, 140, 13, 14, 118, 116, 136, 10, 115, 36, 135, 28, 26, 105, 99, 149, 102, 144, 16, 112, 148, 145, 146, 147, 12, 71, 58, 134, 109, 61, 48, 67, 78, 93, 85, 133, 42, 40, 143, 25, 7, 129, 132, 131, 130, 54, 76, 74, 110, 108, 9, 97, 128, 63, 106, 101, 120, 114, 121, 6, 1, 94, 127, 91, 64, 111, 30, 31, 11, 100, 96, 98, 52, 51, 46, 126, 47, 39, 68, 50, 2, 70, 60, 83, 125, 104, 124, 123, 142, 141, 62, 49, 56, 57, 38, 44, 24, 86, 69, 79, 80, 66, 72, 73, 82, 89, 87, 88, 103, 23, 5, 4, 22, 21, 20, 37, 34, 35, 84, 53, 119, 77, 90, 55, 92, 117, 75, 8, 29, 41, 15, 43, 27, 0, 65, 33, 3, 19, 107, 59, 81, 95, 45]",True,26918341249,26.918341249,"[102, 148, 144, 112, 16, 145, 146, 147, 12, 71, 58, 134, 109, 48, 67, 78, 61, 85, 93, 133, 42, 40, 143, 25, 7, 131, 129, 130, 132, 74, 121, 97, 128, 106, 114, 120, 101, 6, 1, 54, 76, 110, 108, 9, 63, 94, 127, 89, 64, 111, 30, 31, 11, 100, 96, 98, 52, 51, 46, 126, 2, 70, 39, 47, 23, 5, 4, 22, 21, 20, 37, 34, 35, 87, 104, 86, 125, 103, 91, 88, 83, 82, 124, 123, 141, 142, 84, 24, 44, 68, 60, 66, 73, 69, 79, 72, 50, 80, 38, 56, 49, 57, 62, 117, 77, 55, 75, 92, 90, 119, 53, 43, 27, 29, 8, 41, 15, 81, 3, 33, 107, 65, 19, 45, 95, 0, 59]","[59, 0, 95, 45, 19, 65, 107, 33, 3, 81, 15, 41, 8, 29, 27, 43, 53, 119, 90, 92, 75, 55, 77, 117, 62, 57, 49, 56, 38, 80, 50, 72, 79, 69, 73, 66, 60, 68, 44, 24, 84, 142, 141, 123, 124, 82, 83, 88, 91, 103, 125, 86, 104, 87, 35, 34, 37, 20, 21, 22, 4, 5, 23, 47, 39, 70, 2, 126, 46, 51, 52, 98, 96, 100, 11, 31, 30, 111, 64, 89, 127, 94, 63, 9, 108, 110, 76, 54, 1, 6, 101, 120, 114, 106, 128, 97, 121, 74, 132, 130, 129, 131, 7, 25, 143, 40, 42, 133, 93, 85, 61, 78, 67, 48, 109, 134, 58, 71, 12, 147, 146, 145, 16, 112, 144, 148, 102]",False,complete,1124,1124,8128,997,1573,0,1573,1573,,False,,,,,,,2,195,23,195,25,25,23,25
2,10464,13,24,125,"[10, 13, 14, 17, 18, 26, 28, 32, 36, 99, 102, 105, 115, 116, 118, 122, 135, 136, 137, 138, 139, 140, 144, 149]","[0, 1, 2, 3, 4, 5, 6, 7, 8, 9, 11, 12, 15, 16, 19, 20, 21, 22, 23, 24, 25, 27, 29, 30, 31, 33, 34, 35, 37, 38, 39, 40, 41, 42, 43, 44, 45, 46, 47, 48, 49, 50, 51, 52, 53, 54, 55, 56, 57, 58, 59, 60, 61, 62, 63, 64, 65, 66, 67, 68, 69, 70, 71, 72, 73, 74, 75, 76, 77, 78, 79, 80, 81, 82, 83, 84, 85, 86, 87, 88, 89, 90, 91, 92, 93, 94, 95, 96, 97, 98, 100, 101, 103, 104, 106, 107, 108, 109, 110, 111, 112, 114, 117, 119, 120, 121, 123, 124, 125, 126, 127, 128, 129, 130, 131, 132, 133, 134, 141, 142, 143, 145, 146, 147, 148]","{""support_2"": 148}",[148],1,"[122, 17, 18, 32, 137, 138, 139, 140, 13, 14, 118, 116, 136, 10, 115, 36, 135, 28, 26, 105, 99, 149, 102, 144, 16, 112, 148, 145, 146, 147, 12, 71, 58, 134, 109, 61, 48, 67, 78, 93, 85, 133, 42, 40, 143, 25, 7, 129, 132, 131, 130, 54, 76, 74, 110, 108, 9, 97, 128, 63, 106, 101, 120, 114, 121, 6, 1, 94, 127, 91, 64, 111, 30, 31, 11, 100, 96, 98, 52, 51, 46, 126, 47, 39, 68, 50, 2, 70, 60, 83, 125, 104, 124, 123, 142, 141, 62, 49, 56, 57, 38, 44, 24, 86, 69, 79, 80, 66, 72, 73, 82, 89, 87, 88, 103, 23, 5, 4, 22, 21, 20, 37, 34, 35, 84, 53, 119, 77, 90, 55, 92, 117, 75, 8, 29, 41, 15, 43, 27, 0, 65, 33, 3, 19, 107, 59, 81, 95, 45]",True,27574116288,27.574116288,"[112, 16, 148, 145, 147, 146, 12, 58, 71, 134, 109, 48, 61, 67, 78, 93, 85, 133, 40, 42, 143, 25, 7, 130, 132, 131, 129, 76, 52, 74, 110, 108, 9, 97, 128, 63, 106, 101, 120, 114, 121, 6, 1, 94, 127, 89, 64, 111, 30, 31, 11, 100, 96, 98, 54, 51, 46, 126, 47, 39, 68, 50, 2, 70, 60, 83, 125, 103, 124, 123, 142, 141, 62, 49, 56, 57, 38, 44, 24, 86, 69, 79, 80, 66, 72, 73, 82, 91, 87, 88, 104, 23, 5, 4, 22, 21, 20, 37, 34, 35, 84, 75, 92, 117, 77, 55, 53, 119, 90, 27, 43, 15, 8, 41, 29, 107, 3, 81, 59, 19, 45, 65, 95, 33, 0]","[0, 33, 95, 65, 45, 19, 59, 81, 3, 107, 29, 41, 8, 15, 43, 27, 90, 119, 53, 55, 77, 117, 92, 75, 84, 35, 34, 37, 20, 21, 22, 4, 5, 23, 104, 88, 87, 91, 82, 73, 72, 66, 80, 79, 69, 86, 24, 44, 38, 57, 56, 49, 62, 141, 142, 123, 124, 103, 125, 83, 60, 70, 2, 50, 68, 39, 47, 126, 46, 51, 54, 98, 96, 100, 11, 31, 30, 111, 64, 89, 127, 94, 1, 6, 121, 114, 120, 101, 106, 63, 128, 97, 9, 108, 110, 74, 52, 76, 129, 131, 132, 130, 7, 25, 143, 42, 40, 133, 85, 93, 78, 67, 61, 48, 109, 134, 71, 58, 12, 146, 147, 145, 148, 16, 112]",False,complete,1240,1240,7875,1115,1590,0,1590,1590,,False,,,,,,,2,193,23,193,24,24,23,24
2,10465,14,26,123,"[10, 13, 14, 16, 17, 18, 26, 28, 32, 36, 99, 102, 105, 112, 115, 116, 118, 122, 135, 136, 137, 138, 139, 140, 144, 149]","[0, 1, 2, 3, 4, 5, 6, 7, 8, 9, 11, 12, 15, 19, 20, 21, 22, 23, 24, 25, 27, 29, 30, 31, 33, 34, 35, 37, 38, 39, 40, 41, 42, 43, 44, 45, 46, 47, 48, 49, 50, 51, 52, 53, 54, 55, 56, 57, 58, 59, 60, 61, 62, 63, 64, 65, 66, 67, 68, 69, 70, 71, 72, 73, 74, 75, 76, 77, 78, 79, 80, 81, 82, 83, 84, 85, 86, 87, 88, 89, 90, 91, 92, 93, 94, 95, 96, 97, 98, 100, 101, 103, 104, 106, 107, 108, 109, 110, 111, 114, 117, 119, 120, 121, 123, 124, 125, 126, 127, 128, 129, 130, 131, 132, 133, 134, 141, 142, 143, 145, 146, 147, 148]","{""support_1"": 111, ""support_2"": 148}","[111, 148]",2,"[122, 17, 18, 32, 137, 138, 139, 140, 13, 14, 118, 116, 136, 10, 115, 36, 135, 28, 26, 105, 99, 149, 102, 144, 16, 112, 148, 145, 146, 147, 12, 71, 58, 134, 109, 61, 48, 67, 78, 93, 85, 133, 42, 40, 143, 25, 7, 129, 132, 131, 130, 54, 76, 74, 110, 108, 9, 97, 128, 63, 106, 101, 120, 114, 121, 6, 1, 94, 127, 91, 64, 111, 30, 31, 11, 100, 96, 98, 52, 51, 46, 126, 47, 39, 68, 50, 2, 70, 60, 83, 125, 104, 124, 123, 142, 141, 62, 49, 56, 57, 38, 44, 24, 86, 69, 79, 80, 66, 72, 73, 82, 89, 87, 88, 103, 23, 5, 4, 22, 21, 20, 37, 34, 35, 84, 53, 119, 77, 90, 55, 92, 117, 75, 8, 29, 41, 15, 43, 27, 0, 65, 33, 3, 19, 107, 59, 81, 95, 45]",True,27297108097,27.297108097,"[145, 148, 147, 146, 12, 71, 58, 134, 109, 78, 67, 48, 61, 85, 93, 133, 42, 40, 143, 25, 7, 132, 129, 131, 130, 54, 74, 76, 110, 108, 9, 97, 128, 63, 106, 101, 120, 114, 121, 6, 1, 94, 127, 91, 64, 111, 30, 31, 11, 100, 96, 98, 52, 51, 46, 126, 47, 39, 68, 50, 2, 70, 60, 83, 125, 103, 124, 123, 141, 142, 62, 49, 56, 57, 38, 44, 24, 86, 69, 79, 80, 66, 72, 73, 87, 89, 88, 82, 104, 23, 5, 4, 22, 21, 20, 37, 34, 35, 84, 55, 119, 117, 90, 75, 92, 77, 53, 41, 27, 8, 15, 29, 43, 59, 81, 107, 3, 33, 0, 45, 19, 95, 65]","[65, 95, 19, 45, 0, 33, 3, 107, 81, 59, 43, 29, 15, 8, 27, 41, 53, 77, 92, 75, 90, 117, 119, 55, 84, 35, 34, 37, 20, 21, 22, 4, 5, 23, 104, 82, 88, 89, 87, 73, 72, 66, 80, 79, 69, 86, 24, 44, 38, 57, 56, 49, 62, 142, 141, 123, 124, 103, 125, 83, 60, 70, 2, 50, 68, 39, 47, 126, 46, 51, 52, 98, 96, 100, 11, 31, 30, 111, 64, 91, 127, 94, 1, 6, 121, 114, 120, 101, 106, 63, 128, 97, 9, 108, 110, 76, 74, 54, 130, 131, 129, 132, 7, 25, 143, 40, 42, 133, 93, 85, 61, 48, 67, 78, 109, 134, 58, 71, 12, 146, 147, 148, 145]",False,complete,1231,1231,7626,1108,1566,0,1566,1566,,False,,,,,,,2,189,21,189,23,23,21,23
2,10466,15,28,121,"[10, 13, 14, 16, 17, 18, 26, 28, 32, 36, 99, 102, 105, 112, 115, 116, 118, 122, 135, 136, 137, 138, 139, 140, 144, 145, 148, 149]","[0, 1, 2, 3, 4, 5, 6, 7, 8, 9, 11, 12, 15, 19, 20, 21, 22, 23, 24, 25, 27, 29, 30, 31, 33, 34, 35, 37, 38, 39, 40, 41, 42, 43, 44, 45, 46, 47, 48, 49, 50, 51, 52, 53, 54, 55, 56, 57, 58, 59, 60, 61, 62, 63, 64, 65, 66, 67, 68, 69, 70, 71, 72, 73, 74, 75, 76, 77, 78, 79, 80, 81, 82, 83, 84, 85, 86, 87, 88, 89, 90, 91, 92, 93, 94, 95, 96, 97, 98, 100, 101, 103, 104, 106, 107, 108, 109, 110, 111, 114, 117, 119, 120, 121, 123, 124, 125, 126, 127, 128, 129, 130, 131, 132, 133, 134, 141, 142, 143, 146, 147]","{""support_1"": 111, ""support_2"": 106}","[106, 111]",2,"[122, 17, 18, 32, 137, 138, 139, 140, 13, 14, 118, 116, 136, 10, 115, 36, 135, 28, 26, 105, 99, 149, 102, 144, 16, 112, 148, 145, 146, 147, 12, 71, 58, 134, 109, 61, 48, 67, 78, 93, 85, 133, 42, 40, 143, 25, 7, 129, 132, 131, 130, 54, 76, 74, 110, 108, 9, 97, 128, 63, 106, 101, 120, 114, 121, 6, 1, 94, 127, 91, 64, 111, 30, 31, 11, 100, 96, 98, 52, 51, 46, 126, 47, 39, 68, 50, 2, 70, 60, 83, 125, 104, 124, 123, 142, 141, 62, 49, 56, 57, 38, 44, 24, 86, 69, 79, 80, 66, 72, 73, 82, 89, 87, 88, 103, 23, 5, 4, 22, 21, 20, 37, 34, 35, 84, 53, 119, 77, 90, 55, 92, 117, 75, 8, 29, 41, 15, 43, 27, 0, 65, 33, 3, 19, 107, 59, 81, 95, 45]",True,26919233543,26.919233543,"[147, 146, 12, 58, 71, 134, 109, 61, 48, 78, 67, 93, 85, 133, 40, 42, 143, 25, 7, 129, 132, 131, 130, 74, 121, 97, 128, 106, 101, 120, 114, 6, 1, 52, 76, 110, 108, 9, 63, 94, 127, 91, 64, 111, 30, 31, 11, 100, 96, 98, 54, 51, 46, 126, 2, 39, 68, 50, 47, 70, 60, 83, 125, 104, 124, 123, 142, 141, 62, 49, 56, 57, 38, 44, 24, 86, 69, 79, 80, 66, 72, 73, 87, 89, 88, 82, 103, 23, 5, 4, 22, 21, 20, 37, 34, 35, 84, 92, 90, 77, 117, 55, 119, 75, 53, 15, 27, 29, 43, 8, 41, 0, 33, 107, 19, 95, 59, 45, 65, 81, 3]","[3, 81, 65, 45, 59, 95, 19, 107, 33, 0, 41, 8, 43, 29, 27, 15, 53, 75, 119, 55, 117, 77, 90, 92, 84, 35, 34, 37, 20, 21, 22, 4, 5, 23, 103, 82, 88, 89, 87, 73, 72, 66, 80, 79, 69, 86, 24, 44, 38, 57, 56, 49, 62, 141, 142, 123, 124, 104, 125, 83, 60, 70, 47, 50, 68, 39, 2, 126, 46, 51, 54, 98, 96, 100, 11, 31, 30, 111, 64, 91, 127, 94, 63, 9, 108, 110, 76, 52, 1, 6, 114, 120, 101, 106, 128, 97, 121, 74, 130, 131, 132, 129, 7, 25, 143, 42, 40, 133, 85, 93, 67, 78, 48, 61, 109, 134, 71, 58, 12, 146, 147]",False,complete,1217,1217,7381,1096,1543,0,1543,1543,,False,,,,,,,2,185,21,185,23,23,21,23
2,10467,16,30,119,"[10, 13, 14, 16, 17, 18, 26, 28, 32, 36, 99, 102, 105, 112, 115, 116, 118, 122, 135, 136, 137, 138, 139, 140, 144, 145, 146, 147, 148, 149]","[0, 1, 2, 3, 4, 5, 6, 7, 8, 9, 11, 12, 15, 19, 20, 21, 22, 23, 24, 25, 27, 29, 30, 31, 33, 34, 35, 37, 38, 39, 40, 41, 42, 43, 44, 45, 46, 47, 48, 49, 50, 51, 52, 53, 54, 55, 56, 57, 58, 59, 60, 61, 62, 63, 64, 65, 66, 67, 68, 69, 70, 71, 72, 73, 74, 75, 76, 77, 78, 79, 80, 81, 82, 83, 84, 85, 86, 87, 88, 89, 90, 91, 92, 93, 94, 95, 96, 97, 98, 100, 101, 103, 104, 106, 107, 108, 109, 110, 111, 114, 117, 119, 120, 121, 123, 124, 125, 126, 127, 128, 129, 130, 131, 132, 133, 134, 141, 142, 143]","{""support_1"": 111, ""support_2"": 106}","[106, 111]",2,"[122, 17, 18, 32, 137, 138, 139, 140, 13, 14, 118, 116, 136, 10, 115, 36, 135, 28, 26, 105, 99, 149, 102, 144, 16, 112, 148, 145, 146, 147, 12, 71, 58, 134, 109, 61, 48, 67, 78, 93, 85, 133, 42, 40, 143, 25, 7, 129, 132, 131, 130, 54, 76, 74, 110, 108, 9, 97, 128, 63, 106, 101, 120, 114, 121, 6, 1, 94, 127, 91, 64, 111, 30, 31, 11, 100, 96, 98, 52, 51, 46, 126, 47, 39, 68, 50, 2, 70, 60, 83, 125, 104, 124, 123, 142, 141, 62, 49, 56, 57, 38, 44, 24, 86, 69, 79, 80, 66, 72, 73, 82, 89, 87, 88, 103, 23, 5, 4, 22, 21, 20, 37, 34, 35, 84, 53, 119, 77, 90, 55, 92, 117, 75, 8, 29, 41, 15, 43, 27, 0, 65, 33, 3, 19, 107, 59, 81, 95, 45]",True,25853833970,25.853833970,"[12, 71, 58, 134, 109, 48, 78, 61, 67, 93, 85, 133, 40, 42, 143, 25, 7, 131, 129, 132, 130, 54, 74, 76, 110, 108, 9, 97, 128, 63, 106, 101, 120, 114, 121, 6, 1, 94, 127, 91, 64, 111, 30, 31, 11, 100, 96, 98, 52, 51, 46, 126, 47, 70, 39, 2, 23, 5, 4, 22, 21, 20, 37, 34, 35, 87, 104, 86, 125, 103, 89, 88, 83, 82, 124, 123, 142, 141, 84, 24, 44, 68, 66, 73, 60, 69, 79, 72, 50, 80, 38, 56, 49, 57, 62, 117, 75, 92, 77, 119, 53, 90, 55, 8, 41, 27, 29, 15, 43, 3, 81, 19, 95, 33, 107, 45, 65, 59, 0]","[0, 59, 65, 45, 107, 33, 95, 19, 81, 3, 43, 15, 29, 27, 41, 8, 55, 90, 53, 119, 77, 92, 75, 117, 62, 57, 49, 56, 38, 80, 50, 72, 79, 69, 60, 73, 66, 68, 44, 24, 84, 141, 142, 123, 124, 82, 83, 88, 89, 103, 125, 86, 104, 87, 35, 34, 37, 20, 21, 22, 4, 5, 23, 2, 39, 70, 47, 126, 46, 51, 52, 98, 96, 100, 11, 31, 30, 111, 64, 91, 127, 94, 1, 6, 121, 114, 120, 101, 106, 63, 128, 97, 9, 108, 110, 76, 74, 54, 130, 132, 129, 131, 7, 25, 143, 42, 40, 133, 85, 93, 67, 61, 78, 48, 109, 134, 58, 71, 12]",False,complete,1112,1112,7140,993,1529,0,1529,1529,,False,,,,,,,2,180,20,180,22,22,20,22
2,10468,17,32,117,"[10, 12, 13, 14, 16, 17, 18, 26, 28, 32, 36, 71, 99, 102, 105, 112, 115, 116, 118, 122, 135, 136, 137, 138, 139, 140, 144, 145, 146, 147, 148, 149]","[0, 1, 2, 3, 4, 5, 6, 7, 8, 9, 11, 15, 19, 20, 21, 22, 23, 24, 25, 27, 29, 30, 31, 33, 34, 35, 37, 38, 39, 40, 41, 42, 43, 44, 45, 46, 47, 48, 49, 50, 51, 52, 53, 54, 55, 56, 57, 58, 59, 60, 61, 62, 63, 64, 65, 66, 67, 68, 69, 70, 72, 73, 74, 75, 76, 77, 78, 79, 80, 81, 82, 83, 84, 85, 86, 87, 88, 89, 90, 91, 92, 93, 94, 95, 96, 97, 98, 100, 101, 103, 104, 106, 107, 108, 109, 110, 111, 114, 117, 119, 120, 121, 123, 124, 125, 126, 127, 128, 129, 130, 131, 132, 133, 134, 141, 142, 143]","{""support_1"": 111, ""support_2"": 106}","[106, 111]",2,"[122, 17, 18, 32, 137, 138, 139, 140, 13, 14, 118, 116, 136, 10, 115, 36, 135, 28, 26, 105, 99, 149, 102, 144, 16, 112, 148, 145, 146, 147, 12, 71, 58, 134, 109, 61, 48, 67, 78, 93, 85, 133, 42, 40, 143, 25, 7, 129, 132, 131, 130, 54, 76, 74, 110, 108, 9, 97, 128, 63, 106, 101, 120, 114, 121, 6, 1, 94, 127, 91, 64, 111, 30, 31, 11, 100, 96, 98, 52, 51, 46, 126, 47, 39, 68, 50, 2, 70, 60, 83, 125, 104, 124, 123, 142, 141, 62, 49, 56, 57, 38, 44, 24, 86, 69, 79, 80, 66, 72, 73, 82, 89, 87, 88, 103, 23, 5, 4, 22, 21, 20, 37, 34, 35, 84, 53, 119, 77, 90, 55, 92, 117, 75, 8, 29, 41, 15, 43, 27, 0, 65, 33, 3, 19, 107, 59, 81, 95, 45]",True,26567071457,26.567071457,"[58, 134, 109, 67, 78, 48, 61, 85, 93, 133, 40, 42, 143, 25, 7, 130, 129, 132, 131, 74, 121, 97, 128, 106, 101, 120, 114, 6, 1, 52, 76, 110, 108, 9, 63, 94, 127, 91, 64, 111, 30, 31, 11, 100, 96, 98, 54, 51, 46, 126, 2, 39, 68, 50, 47, 70, 60, 83, 125, 104, 124, 123, 142, 141, 62, 49, 56, 57, 38, 44, 24, 86, 69, 79, 80, 66, 72, 73, 87, 89, 88, 82, 103, 23, 5, 4, 22, 21, 20, 37, 34, 35, 84, 53, 90, 55, 77, 92, 117, 75, 119, 15, 41, 8, 29, 27, 43, 33, 95, 19, 0, 65, 3, 45, 59, 81, 107]","[107, 81, 59, 45, 3, 65, 0, 19, 95, 33, 43, 27, 29, 8, 41, 15, 119, 75, 117, 92, 77, 55, 90, 53, 84, 35, 34, 37, 20, 21, 22, 4, 5, 23, 103, 82, 88, 89, 87, 73, 72, 66, 80, 79, 69, 86, 24, 44, 38, 57, 56, 49, 62, 141, 142, 123, 124, 104, 125, 83, 60, 70, 47, 50, 68, 39, 2, 126, 46, 51, 54, 98, 96, 100, 11, 31, 30, 111, 64, 91, 127, 94, 63, 9, 108, 110, 76, 52, 1, 6, 114, 120, 101, 106, 128, 97, 121, 74, 131, 132, 129, 130, 7, 25, 143, 42, 40, 133, 93, 85, 61, 48, 78, 67, 109, 134, 58]",False,complete,1223,1223,6903,1106,1570,0,1570,1570,,False,,,,,,,2,177,21,177,23,23,21,23
2,10469,18,34,115,"[10, 12, 13, 14, 16, 17, 18, 26, 28, 32, 36, 58, 71, 99, 102, 105, 112, 115, 116, 118, 122, 134, 135, 136, 137, 138, 139, 140, 144, 145, 146, 147, 148, 149]","[0, 1, 2, 3, 4, 5, 6, 7, 8, 9, 11, 15, 19, 20, 21, 22, 23, 24, 25, 27, 29, 30, 31, 33, 34, 35, 37, 38, 39, 40, 41, 42, 43, 44, 45, 46, 47, 48, 49, 50, 51, 52, 53, 54, 55, 56, 57, 59, 60, 61, 62, 63, 64, 65, 66, 67, 68, 69, 70, 72, 73, 74, 75, 76, 77, 78, 79, 80, 81, 82, 83, 84, 85, 86, 87, 88, 89, 90, 91, 92, 93, 94, 95, 96, 97, 98, 100, 101, 103, 104, 106, 107, 108, 109, 110, 111, 114, 117, 119, 120, 121, 123, 124, 125, 126, 127, 128, 129, 130, 131, 132, 133, 141, 142, 143]","{""support_1"": 111, ""support_2"": 106}","[106, 111]",2,"[122, 17, 18, 32, 137, 138, 139, 140, 13, 14, 118, 116, 136, 10, 115, 36, 135, 28, 26, 105, 99, 149, 102, 144, 16, 112, 148, 145, 146, 147, 12, 71, 58, 134, 109, 61, 48, 67, 78, 93, 85, 133, 42, 40, 143, 25, 7, 129, 132, 131, 130, 54, 76, 74, 110, 108, 9, 97, 128, 63, 106, 101, 120, 114, 121, 6, 1, 94, 127, 91, 64, 111, 30, 31, 11, 100, 96, 98, 52, 51, 46, 126, 47, 39, 68, 50, 2, 70, 60, 83, 125, 104, 124, 123, 142, 141, 62, 49, 56, 57, 38, 44, 24, 86, 69, 79, 80, 66, 72, 73, 82, 89, 87, 88, 103, 23, 5, 4, 22, 21, 20, 37, 34, 35, 84, 53, 119, 77, 90, 55, 92, 117, 75, 8, 29, 41, 15, 43, 27, 0, 65, 33, 3, 19, 107, 59, 81, 95, 45]",True,26884974367,26.884974367,"[109, 78, 48, 61, 67, 93, 85, 133, 42, 40, 143, 25, 7, 129, 131, 132, 130, 74, 121, 97, 128, 106, 114, 120, 101, 6, 1, 54, 76, 110, 108, 9, 63, 94, 127, 89, 64, 111, 30, 31, 11, 100, 96, 98, 52, 51, 46, 126, 2, 39, 68, 50, 47, 70, 60, 83, 125, 104, 124, 123, 142, 141, 62, 49, 56, 57, 38, 44, 24, 86, 69, 79, 80, 66, 72, 73, 87, 91, 88, 82, 103, 23, 5, 4, 22, 21, 20, 37, 34, 35, 84, 55, 92, 117, 119, 75, 77, 90, 53, 27, 43, 8, 29, 41, 15, 81, 0, 3, 33, 59, 19, 45, 65, 107, 95]","[95, 107, 65, 45, 19, 59, 33, 3, 0, 81, 15, 41, 29, 8, 43, 27, 53, 90, 77, 75, 119, 117, 92, 55, 84, 35, 34, 37, 20, 21, 22, 4, 5, 23, 103, 82, 88, 91, 87, 73, 72, 66, 80, 79, 69, 86, 24, 44, 38, 57, 56, 49, 62, 141, 142, 123, 124, 104, 125, 83, 60, 70, 47, 50, 68, 39, 2, 126, 46, 51, 52, 98, 96, 100, 11, 31, 30, 111, 64, 89, 127, 94, 63, 9, 108, 110, 76, 54, 1, 6, 101, 120, 114, 106, 128, 97, 121, 74, 130, 132, 131, 129, 7, 25, 143, 40, 42, 133, 85, 93, 67, 61, 48, 78, 109]",False,complete,1210,1210,6670,1095,1544,0,1544,1544,,False,,,,,,,2,173,21,173,23,23,21,23
2,10470,19,36,113,"[10, 12, 13, 14, 16, 17, 18, 26, 28, 32, 36, 58, 61, 71, 99, 102, 105, 109, 112, 115, 116, 118, 122, 134, 135, 136, 137, 138, 139, 140, 144, 145, 146, 147, 148, 149]","[0, 1, 2, 3, 4, 5, 6, 7, 8, 9, 11, 15, 19, 20, 21, 22, 23, 24, 25, 27, 29, 30, 31, 33, 34, 35, 37, 38, 39, 40, 41, 42, 43, 44, 45, 46, 47, 48, 49, 50, 51, 52, 53, 54, 55, 56, 57, 59, 60, 62, 63, 64, 65, 66, 67, 68, 69, 70, 72, 73, 74, 75, 76, 77, 78, 79, 80, 81, 82, 83, 84, 85, 86, 87, 88, 89, 90, 91, 92, 93, 94, 95, 96, 97, 98, 100, 101, 103, 104, 106, 107, 108, 110, 111, 114, 117, 119, 120, 121, 123, 124, 125, 126, 127, 128, 129, 130, 131, 132, 133, 141, 142, 143]","{""support_1"": 111, ""support_2"": 106}","[106, 111]",2,"[122, 17, 18, 32, 137, 138, 139, 140, 13, 14, 118, 116, 136, 10, 115, 36, 135, 28, 26, 105, 99, 149, 102, 144, 16, 112, 148, 145, 146, 147, 12, 71, 58, 134, 109, 61, 48, 67, 78, 93, 85, 133, 42, 40, 143, 25, 7, 129, 132, 131, 130, 54, 76, 74, 110, 108, 9, 97, 128, 63, 106, 101, 120, 114, 121, 6, 1, 94, 127, 91, 64, 111, 30, 31, 11, 100, 96, 98, 52, 51, 46, 126, 47, 39, 68, 50, 2, 70, 60, 83, 125, 104, 124, 123, 142, 141, 62, 49, 56, 57, 38, 44, 24, 86, 69, 79, 80, 66, 72, 73, 82, 89, 87, 88, 103, 23, 5, 4, 22, 21, 20, 37, 34, 35, 84, 53, 119, 77, 90, 55, 92, 117, 75, 8, 29, 41, 15, 43, 27, 0, 65, 33, 3, 19, 107, 59, 81, 95, 45]",True,25973377988,25.973377988,"[67, 48, 78, 85, 93, 133, 42, 40, 143, 25, 7, 129, 132, 130, 131, 52, 74, 76, 110, 108, 9, 97, 128, 63, 106, 101, 120, 114, 121, 6, 1, 94, 127, 89, 64, 111, 30, 31, 11, 100, 96, 98, 54, 51, 46, 126, 47, 39, 68, 50, 2, 70, 60, 83, 125, 104, 124, 123, 141, 142, 62, 49, 56, 57, 38, 44, 24, 86, 69, 79, 80, 66, 72, 73, 87, 91, 88, 82, 103, 23, 5, 4, 22, 21, 20, 37, 34, 35, 84, 119, 90, 55, 92, 117, 75, 77, 53, 8, 15, 43, 29, 27, 41, 81, 107, 19, 3, 95, 45, 65, 59, 0, 33]","[33, 0, 59, 65, 45, 95, 3, 19, 107, 81, 41, 27, 29, 43, 15, 8, 53, 77, 75, 117, 92, 55, 90, 119, 84, 35, 34, 37, 20, 21, 22, 4, 5, 23, 103, 82, 88, 91, 87, 73, 72, 66, 80, 79, 69, 86, 24, 44, 38, 57, 56, 49, 62, 142, 141, 123, 124, 104, 125, 83, 60, 70, 2, 50, 68, 39, 47, 126, 46, 51, 54, 98, 96, 100, 11, 31, 30, 111, 64, 89, 127, 94, 1, 6, 121, 114, 120, 101, 106, 63, 128, 97, 9, 108, 110, 76, 74, 52, 131, 130, 132, 129, 7, 25, 143, 40, 42, 133, 93, 85, 78, 48, 67]",False,complete,1223,1223,6441,1110,1544,0,1544,1544,,False,,,,,,,2,169,20,169,22,22,20,22
2,10471,20,38,111,"[10, 12, 13, 14, 16, 17, 18, 26, 28, 32, 36, 48, 58, 61, 67, 71, 99, 102, 105, 109, 112, 115, 116, 118, 122, 134, 135, 136, 137, 138, 139, 140, 144, 145, 146, 147, 148, 149]","[0, 1, 2, 3, 4, 5, 6, 7, 8, 9, 11, 15, 19, 20, 21, 22, 23, 24, 25, 27, 29, 30, 31, 33, 34, 35, 37, 38, 39, 40, 41, 42, 43, 44, 45, 46, 47, 49, 50, 51, 52, 53, 54, 55, 56, 57, 59, 60, 62, 63, 64, 65, 66, 68, 69, 70, 72, 73, 74, 75, 76, 77, 78, 79, 80, 81, 82, 83, 84, 85, 86, 87, 88, 89, 90, 91, 92, 93, 94, 95, 96, 97, 98, 100, 101, 103, 104, 106, 107, 108, 110, 111, 114, 117, 119, 120, 121, 123, 124, 125, 126, 127, 128, 129, 130, 131, 132, 133, 141, 142, 143]","{""support_1"": 111, ""support_2"": 106}","[106, 111]",2,"[122, 17, 18, 32, 137, 138, 139, 140, 13, 14, 118, 116, 136, 10, 115, 36, 135, 28, 26, 105, 99, 149, 102, 144, 16, 112, 148, 145, 146, 147, 12, 71, 58, 134, 109, 61, 48, 67, 78, 93, 85, 133, 42, 40, 143, 25, 7, 129, 132, 131, 130, 54, 76, 74, 110, 108, 9, 97, 128, 63, 106, 101, 120, 114, 121, 6, 1, 94, 127, 91, 64, 111, 30, 31, 11, 100, 96, 98, 52, 51, 46, 126, 47, 39, 68, 50, 2, 70, 60, 83, 125, 104, 124, 123, 142, 141, 62, 49, 56, 57, 38, 44, 24, 86, 69, 79, 80, 66, 72, 73, 82, 89, 87, 88, 103, 23, 5, 4, 22, 21, 20, 37, 34, 35, 84, 53, 119, 77, 90, 55, 92, 117, 75, 8, 29, 41, 15, 43, 27, 0, 65, 33, 3, 19, 107, 59, 81, 95, 45]",True,25124721470,25.124721470,"[78, 93, 85, 133, 42, 40, 143, 25, 7, 129, 131, 132, 130, 52, 76, 74, 110, 108, 9, 97, 128, 63, 106, 101, 120, 114, 121, 6, 1, 94, 127, 89, 64, 111, 30, 31, 11, 100, 96, 98, 54, 51, 46, 126, 2, 70, 39, 47, 23, 5, 4, 22, 21, 20, 37, 34, 35, 87, 103, 86, 125, 104, 91, 88, 83, 82, 124, 123, 141, 142, 84, 24, 44, 68, 60, 66, 73, 69, 79, 72, 50, 80, 38, 56, 49, 57, 62, 53, 92, 55, 117, 119, 75, 77, 90, 41, 27, 15, 43, 8, 29, 45, 65, 81, 95, 107, 33, 19, 3, 59, 0]","[0, 59, 3, 19, 33, 107, 95, 81, 65, 45, 29, 8, 43, 15, 27, 41, 90, 77, 75, 119, 117, 55, 92, 53, 62, 57, 49, 56, 38, 80, 50, 72, 79, 69, 73, 66, 60, 68, 44, 24, 84, 142, 141, 123, 124, 82, 83, 88, 91, 104, 125, 86, 103, 87, 35, 34, 37, 20, 21, 22, 4, 5, 23, 47, 39, 70, 2, 126, 46, 51, 54, 98, 96, 100, 11, 31, 30, 111, 64, 89, 127, 94, 1, 6, 121, 114, 120, 101, 106, 63, 128, 97, 9, 108, 110, 74, 76, 52, 130, 132, 131, 129, 7, 25, 143, 40, 42, 133, 85, 93, 78]",False,complete,1099,1099,6216,988,1498,0,1498,1498,,False,,,,,,,2,164,20,164,22,22,20,22
2,10472,21,40,109,"[10, 12, 13, 14, 16, 17, 18, 26, 28, 32, 36, 48, 58, 61, 67, 71, 78, 93, 99, 102, 105, 109, 112, 115, 116, 118, 122, 134, 135, 136, 137, 138, 139, 140, 144, 145, 146, 147, 148, 149]","[0, 1, 2, 3, 4, 5, 6, 7, 8, 9, 11, 15, 19, 20, 21, 22, 23, 24, 25, 27, 29, 30, 31, 33, 34, 35, 37, 38, 39, 40, 41, 42, 43, 44, 45, 46, 47, 49, 50, 51, 52, 53, 54, 55, 56, 57, 59, 60, 62, 63, 64, 65, 66, 68, 69, 70, 72, 73, 74, 75, 76, 77, 79, 80, 81, 82, 83, 84, 85, 86, 87, 88, 89, 90, 91, 92, 94, 95, 96, 97, 98, 100, 101, 103, 104, 106, 107, 108, 110, 111, 114, 117, 119, 120, 121, 123, 124, 125, 126, 127, 128, 129, 130, 131, 132, 133, 141, 142, 143]","{""support_1"": 111, ""support_2"": 106}","[106, 111]",2,"[122, 17, 18, 32, 137, 138, 139, 140, 13, 14, 118, 116, 136, 10, 115, 36, 135, 28, 26, 105, 99, 149, 102, 144, 16, 112, 148, 145, 146, 147, 12, 71, 58, 134, 109, 61, 48, 67, 78, 93, 85, 133, 42, 40, 143, 25, 7, 129, 132, 131, 130, 54, 76, 74, 110, 108, 9, 97, 128, 63, 106, 101, 120, 114, 121, 6, 1, 94, 127, 91, 64, 111, 30, 31, 11, 100, 96, 98, 52, 51, 46, 126, 47, 39, 68, 50, 2, 70, 60, 83, 125, 104, 124, 123, 142, 141, 62, 49, 56, 57, 38, 44, 24, 86, 69, 79, 80, 66, 72, 73, 82, 89, 87, 88, 103, 23, 5, 4, 22, 21, 20, 37, 34, 35, 84, 53, 119, 77, 90, 55, 92, 117, 75, 8, 29, 41, 15, 43, 27, 0, 65, 33, 3, 19, 107, 59, 81, 95, 45]",True,22499325416,22.499325416,"[85, 133, 42, 40, 143, 25, 7, 131, 129, 130, 132, 76, 52, 74, 110, 108, 9, 97, 128, 63, 106, 101, 120, 114, 121, 6, 1, 94, 127, 91, 64, 111, 30, 31, 11, 100, 96, 98, 54, 51, 46, 126, 47, 70, 39, 2, 23, 5, 4, 22, 21, 20, 37, 34, 35, 69, 89, 73, 79, 72, 80, 87, 88, 104, 103, 125, 66, 68, 60, 83, 50, 86, 82, 44, 24, 124, 123, 142, 141, 84, 38, 56, 49, 57, 62, 92, 53, 117, 90, 119, 55, 77, 75, 8, 27, 15, 29, 43, 41, 81, 3, 95, 107, 33, 45, 0, 19, 59, 65]","[65, 59, 19, 0, 45, 33, 107, 95, 3, 81, 41, 43, 29, 15, 27, 8, 75, 77, 55, 119, 90, 117, 53, 92, 62, 57, 49, 56, 38, 84, 141, 142, 123, 124, 24, 44, 82, 86, 50, 83, 60, 68, 66, 125, 103, 104, 88, 87, 80, 72, 79, 73, 89, 69, 35, 34, 37, 20, 21, 22, 4, 5, 23, 2, 39, 70, 47, 126, 46, 51, 54, 98, 96, 100, 11, 31, 30, 111, 64, 91, 127, 94, 1, 6, 121, 114, 120, 101, 106, 63, 128, 97, 9, 108, 110, 74, 52, 76, 132, 130, 129, 131, 7, 25, 143, 40, 42, 133, 85]",False,complete,990,990,5995,881,1257,0,1257,1257,,False,,,,,,,2,158,17,158,19,19,17,19
2,10473,22,42,107,"[10, 12, 13, 14, 16, 17, 18, 26, 28, 32, 36, 48, 58, 61, 67, 71, 78, 85, 93, 99, 102, 105, 109, 112, 115, 116, 118, 122, 133, 134, 135, 136, 137, 138, 139, 140, 144, 145, 146, 147, 148, 149]","[0, 1, 2, 3, 4, 5, 6, 7, 8, 9, 11, 15, 19, 20, 21, 22, 23, 24, 25, 27, 29, 30, 31, 33, 34, 35, 37, 38, 39, 40, 41, 42, 43, 44, 45, 46, 47, 49, 50, 51, 52, 53, 54, 55, 56, 57, 59, 60, 62, 63, 64, 65, 66, 68, 69, 70, 72, 73, 74, 75, 76, 77, 79, 80, 81, 82, 83, 84, 86, 87, 88, 89, 90, 91, 92, 94, 95, 96, 97, 98, 100, 101, 103, 104, 106, 107, 108, 110, 111, 114, 117, 119, 120, 121, 123, 124, 125, 126, 127, 128, 129, 130, 131, 132, 141, 142, 143]","{""support_1"": 111, ""support_2"": 106}","[106, 111]",2,"[122, 17, 18, 32, 137, 138, 139, 140, 13, 14, 118, 116, 136, 10, 115, 36, 135, 28, 26, 105, 99, 149, 102, 144, 16, 112, 148, 145, 146, 147, 12, 71, 58, 134, 109, 61, 48, 67, 78, 93, 85, 133, 42, 40, 143, 25, 7, 129, 132, 131, 130, 54, 76, 74, 110, 108, 9, 97, 128, 63, 106, 101, 120, 114, 121, 6, 1, 94, 127, 91, 64, 111, 30, 31, 11, 100, 96, 98, 52, 51, 46, 126, 47, 39, 68, 50, 2, 70, 60, 83, 125, 104, 124, 123, 142, 141, 62, 49, 56, 57, 38, 44, 24, 86, 69, 79, 80, 66, 72, 73, 82, 89, 87, 88, 103, 23, 5, 4, 22, 21, 20, 37, 34, 35, 84, 53, 119, 77, 90, 55, 92, 117, 75, 8, 29, 41, 15, 43, 27, 0, 65, 33, 3, 19, 107, 59, 81, 95, 45]",True,24985154761,24.985154761,"[42, 40, 143, 25, 7, 130, 131, 132, 129, 54, 76, 74, 110, 108, 9, 97, 128, 63, 106, 101, 120, 114, 121, 6, 1, 94, 127, 91, 64, 111, 30, 31, 11, 100, 96, 98, 52, 51, 46, 126, 2, 39, 68, 50, 47, 70, 60, 83, 125, 104, 124, 123, 141, 142, 62, 49, 56, 57, 38, 44, 24, 86, 69, 79, 80, 66, 72, 73, 82, 89, 87, 88, 103, 23, 5, 4, 22, 21, 20, 37, 34, 35, 84, 55, 117, 90, 53, 77, 119, 92, 75, 43, 8, 41, 15, 27, 29, 65, 107, 33, 81, 0, 19, 45, 59, 95, 3]","[3, 95, 59, 45, 19, 0, 81, 33, 107, 65, 29, 27, 15, 41, 8, 43, 75, 92, 119, 77, 53, 90, 117, 55, 84, 35, 34, 37, 20, 21, 22, 4, 5, 23, 103, 88, 87, 89, 82, 73, 72, 66, 80, 79, 69, 86, 24, 44, 38, 57, 56, 49, 62, 142, 141, 123, 124, 104, 125, 83, 60, 70, 47, 50, 68, 39, 2, 126, 46, 51, 52, 98, 96, 100, 11, 31, 30, 111, 64, 91, 127, 94, 1, 6, 121, 114, 120, 101, 106, 63, 128, 97, 9, 108, 110, 74, 76, 54, 129, 132, 131, 130, 7, 25, 143, 40, 42]",False,complete,1163,1163,5778,1056,1494,0,1494,1494,,False,,,,,,,2,157,21,157,23,23,21,23
2,10474,23,44,105,"[10, 12, 13, 14, 16, 17, 18, 26, 28, 32, 36, 40, 42, 48, 58, 61, 67, 71, 78, 85, 93, 99, 102, 105, 109, 112, 115, 116, 118, 122, 133, 134, 135, 136, 137, 138, 139, 140, 144, 145, 146, 147, 148, 149]","[0, 1, 2, 3, 4, 5, 6, 7, 8, 9, 11, 15, 19, 20, 21, 22, 23, 24, 25, 27, 29, 30, 31, 33, 34, 35, 37, 38, 39, 41, 43, 44, 45, 46, 47, 49, 50, 51, 52, 53, 54, 55, 56, 57, 59, 60, 62, 63, 64, 65, 66, 68, 69, 70, 72, 73, 74, 75, 76, 77, 79, 80, 81, 82, 83, 84, 86, 87, 88, 89, 90, 91, 92, 94, 95, 96, 97, 98, 100, 101, 103, 104, 106, 107, 108, 110, 111, 114, 117, 119, 120, 121, 123, 124, 125, 126, 127, 128, 129, 130, 131, 132, 141, 142, 143]","{""support_1"": 111, ""support_2"": 106}","[106, 111]",2,"[122, 17, 18, 32, 137, 138, 139, 140, 13, 14, 118, 116, 136, 10, 115, 36, 135, 28, 26, 105, 99, 149, 102, 144, 16, 112, 148, 145, 146, 147, 12, 71, 58, 134, 109, 61, 48, 67, 78, 93, 85, 133, 42, 40, 143, 25, 7, 129, 132, 131, 130, 54, 76, 74, 110, 108, 9, 97, 128, 63, 106, 101, 120, 114, 121, 6, 1, 94, 127, 91, 64, 111, 30, 31, 11, 100, 96, 98, 52, 51, 46, 126, 47, 39, 68, 50, 2, 70, 60, 83, 125, 104, 124, 123, 142, 141, 62, 49, 56, 57, 38, 44, 24, 86, 69, 79, 80, 66, 72, 73, 82, 89, 87, 88, 103, 23, 5, 4, 22, 21, 20, 37, 34, 35, 84, 53, 119, 77, 90, 55, 92, 117, 75, 8, 29, 41, 15, 43, 27, 0, 65, 33, 3, 19, 107, 59, 81, 95, 45]",True,23689030769,23.689030769,"[143, 25, 7, 129, 130, 131, 132, 76, 52, 74, 110, 108, 9, 97, 128, 63, 106, 101, 120, 114, 121, 6, 1, 94, 127, 91, 64, 111, 30, 31, 11, 100, 96, 98, 54, 51, 46, 126, 47, 70, 39, 2, 23, 5, 4, 22, 21, 20, 37, 34, 35, 87, 103, 86, 125, 104, 89, 88, 83, 82, 124, 123, 141, 142, 84, 24, 44, 68, 66, 73, 60, 69, 79, 72, 50, 80, 49, 56, 38, 57, 62, 119, 117, 92, 75, 77, 53, 55, 90, 27, 43, 15, 29, 8, 41, 3, 0, 107, 19, 59, 65, 81, 33, 45, 95]","[95, 45, 33, 81, 65, 59, 19, 107, 0, 3, 41, 8, 29, 15, 43, 27, 90, 55, 53, 77, 75, 92, 117, 119, 62, 57, 38, 56, 49, 80, 50, 72, 79, 69, 60, 73, 66, 68, 44, 24, 84, 142, 141, 123, 124, 82, 83, 88, 89, 104, 125, 86, 103, 87, 35, 34, 37, 20, 21, 22, 4, 5, 23, 2, 39, 70, 47, 126, 46, 51, 54, 98, 96, 100, 11, 31, 30, 111, 64, 91, 127, 94, 1, 6, 121, 114, 120, 101, 106, 63, 128, 97, 9, 108, 110, 74, 52, 76, 132, 131, 130, 129, 7, 25, 143]",False,complete,1015,1015,5565,910,1434,0,1434,1434,,False,,,,,,,2,152,20,152,22,22,20,22
2,10475,24,46,103,"[10, 12, 13, 14, 16, 17, 18, 25, 26, 28, 32, 36, 40, 42, 48, 58, 61, 67, 71, 78, 85, 93, 99, 102, 105, 109, 112, 115, 116, 118, 122, 133, 134, 135, 136, 137, 138, 139, 140, 143, 144, 145, 146, 147, 148, 149]","[0, 1, 2, 3, 4, 5, 6, 7, 8, 9, 11, 15, 19, 20, 21, 22, 23, 24, 27, 29, 30, 31, 33, 34, 35, 37, 38, 39, 41, 43, 44, 45, 46, 47, 49, 50, 51, 52, 53, 54, 55, 56, 57, 59, 60, 62, 63, 64, 65, 66, 68, 69, 70, 72, 73, 74, 75, 76, 77, 79, 80, 81, 82, 83, 84, 86, 87, 88, 89, 90, 91, 92, 94, 95, 96, 97, 98, 100, 101, 103, 104, 106, 107, 108, 110, 111, 114, 117, 119, 120, 121, 123, 124, 125, 126, 127, 128, 129, 130, 131, 132, 141, 142]","{""support_1"": 111, ""support_2"": 106}","[106, 111]",2,"[122, 17, 18, 32, 137, 138, 139, 140, 13, 14, 118, 116, 136, 10, 115, 36, 135, 28, 26, 105, 99, 149, 102, 144, 16, 112, 148, 145, 146, 147, 12, 71, 58, 134, 109, 61, 48, 67, 78, 93, 85, 133, 42, 40, 143, 25, 7, 129, 132, 131, 130, 54, 76, 74, 110, 108, 9, 97, 128, 63, 106, 101, 120, 114, 121, 6, 1, 94, 127, 91, 64, 111, 30, 31, 11, 100, 96, 98, 52, 51, 46, 126, 47, 39, 68, 50, 2, 70, 60, 83, 125, 104, 124, 123, 142, 141, 62, 49, 56, 57, 38, 44, 24, 86, 69, 79, 80, 66, 72, 73, 82, 89, 87, 88, 103, 23, 5, 4, 22, 21, 20, 37, 34, 35, 84, 53, 119, 77, 90, 55, 92, 117, 75, 8, 29, 41, 15, 43, 27, 0, 65, 33, 3, 19, 107, 59, 81, 95, 45]",True,19716213338,19.716213338,"[7, 129, 132, 130, 131, 74, 121, 97, 128, 106, 114, 120, 101, 6, 1, 54, 76, 110, 108, 9, 63, 94, 127, 89, 64, 111, 30, 31, 11, 100, 96, 98, 52, 51, 46, 126, 47, 70, 39, 2, 23, 5, 4, 22, 21, 20, 37, 34, 35, 69, 91, 73, 79, 72, 80, 87, 88, 103, 104, 125, 66, 68, 60, 83, 50, 86, 82, 44, 24, 124, 123, 142, 141, 62, 49, 56, 38, 57, 84, 53, 77, 55, 75, 117, 92, 119, 90, 29, 15, 8, 27, 41, 43, 33, 59, 107, 81, 95, 45, 65, 3, 0, 19]","[19, 0, 3, 65, 45, 95, 81, 107, 59, 33, 43, 41, 27, 8, 15, 29, 90, 119, 92, 117, 75, 55, 77, 53, 84, 57, 38, 56, 49, 62, 141, 142, 123, 124, 24, 44, 82, 86, 50, 83, 60, 68, 66, 125, 104, 103, 88, 87, 80, 72, 79, 73, 91, 69, 35, 34, 37, 20, 21, 22, 4, 5, 23, 2, 39, 70, 47, 126, 46, 51, 52, 98, 96, 100, 11, 31, 30, 111, 64, 89, 127, 94, 63, 9, 108, 110, 76, 54, 1, 6, 101, 120, 114, 106, 128, 97, 121, 74, 131, 130, 132, 129, 7]",False,complete,891,891,5356,788,1171,0,1171,1171,,False,,,,,,,2,147,18,147,20,20,18,20
2,10476,25,48,101,"[7, 10, 12, 13, 14, 16, 17, 18, 25, 26, 28, 32, 36, 40, 42, 48, 58, 61, 67, 71, 78, 85, 93, 99, 102, 105, 109, 112, 115, 116, 118, 122, 129, 133, 134, 135, 136, 137, 138, 139, 140, 143, 144, 145, 146, 147, 148, 149]","[0, 1, 2, 3, 4, 5, 6, 8, 9, 11, 15, 19, 20, 21, 22, 23, 24, 27, 29, 30, 31, 33, 34, 35, 37, 38, 39, 41, 43, 44, 45, 46, 47, 49, 50, 51, 52, 53, 54, 55, 56, 57, 59, 60, 62, 63, 64, 65, 66, 68, 69, 70, 72, 73, 74, 75, 76, 77, 79, 80, 81, 82, 83, 84, 86, 87, 88, 89, 90, 91, 92, 94, 95, 96, 97, 98, 100, 101, 103, 104, 106, 107, 108, 110, 111, 114, 117, 119, 120, 121, 123, 124, 125, 126, 127, 128, 130, 131, 132, 141, 142]","{""support_1"": 111, ""support_2"": 106}","[106, 111]",2,"[122, 17, 18, 32, 137, 138, 139, 140, 13, 14, 118, 116, 136, 10, 115, 36, 135, 28, 26, 105, 99, 149, 102, 144, 16, 112, 148, 145, 146, 147, 12, 71, 58, 134, 109, 61, 48, 67, 78, 93, 85, 133, 42, 40, 143, 25, 7, 129, 132, 131, 130, 54, 76, 74, 110, 108, 9, 97, 128, 63, 106, 101, 120, 114, 121, 6, 1, 94, 127, 91, 64, 111, 30, 31, 11, 100, 96, 98, 52, 51, 46, 126, 47, 39, 68, 50, 2, 70, 60, 83, 125, 104, 124, 123, 142, 141, 62, 49, 56, 57, 38, 44, 24, 86, 69, 79, 80, 66, 72, 73, 82, 89, 87, 88, 103, 23, 5, 4, 22, 21, 20, 37, 34, 35, 84, 53, 119, 77, 90, 55, 92, 117, 75, 8, 29, 41, 15, 43, 27, 0, 65, 33, 3, 19, 107, 59, 81, 95, 45]",True,22612105523,22.612105523,"[132, 130, 131, 74, 121, 97, 128, 106, 114, 120, 101, 6, 1, 54, 76, 110, 108, 9, 63, 94, 127, 89, 64, 111, 30, 31, 11, 100, 96, 98, 52, 51, 46, 126, 47, 70, 39, 2, 23, 5, 4, 22, 21, 20, 37, 34, 35, 87, 103, 86, 125, 104, 91, 88, 83, 82, 124, 123, 141, 142, 84, 24, 44, 68, 66, 73, 60, 69, 79, 72, 50, 80, 38, 56, 49, 57, 62, 119, 117, 53, 77, 75, 90, 92, 55, 8, 27, 29, 41, 43, 15, 81, 3, 95, 107, 0, 59, 33, 45, 19, 65]","[65, 19, 45, 33, 59, 0, 107, 95, 3, 81, 15, 43, 41, 29, 27, 8, 55, 92, 90, 75, 77, 53, 117, 119, 62, 57, 49, 56, 38, 80, 50, 72, 79, 69, 60, 73, 66, 68, 44, 24, 84, 142, 141, 123, 124, 82, 83, 88, 91, 104, 125, 86, 103, 87, 35, 34, 37, 20, 21, 22, 4, 5, 23, 2, 39, 70, 47, 126, 46, 51, 52, 98, 96, 100, 11, 31, 30, 111, 64, 89, 127, 94, 63, 9, 108, 110, 76, 54, 1, 6, 101, 120, 114, 106, 128, 97, 121, 74, 131, 130, 132]",False,complete,960,960,5151,859,1394,0,1394,1394,,False,,,,,,,2,144,21,144,23,23,21,23
2,10477,26,50,99,"[7, 10, 12, 13, 14, 16, 17, 18, 25, 26, 28, 32, 36, 40, 42, 48, 58, 61, 67, 71, 78, 85, 93, 99, 102, 105, 109, 112, 115, 116, 118, 122, 129, 131, 132, 133, 134, 135, 136, 137, 138, 139, 140, 143, 144, 145, 146, 147, 148, 149]","[0, 1, 2, 3, 4, 5, 6, 8, 9, 11, 15, 19, 20, 21, 22, 23, 24, 27, 29, 30, 31, 33, 34, 35, 37, 38, 39, 41, 43, 44, 45, 46, 47, 49, 50, 51, 52, 53, 54, 55, 56, 57, 59, 60, 62, 63, 64, 65, 66, 68, 69, 70, 72, 73, 74, 75, 76, 77, 79, 80, 81, 82, 83, 84, 86, 87, 88, 89, 90, 91, 92, 94, 95, 96, 97, 98, 100, 101, 103, 104, 106, 107, 108, 110, 111, 114, 117, 119, 120, 121, 123, 124, 125, 126, 127, 128, 130, 141, 142]","{""support_1"": 111, ""support_2"": 106}","[106, 111]",2,"[122, 17, 18, 32, 137, 138, 139, 140, 13, 14, 118, 116, 136, 10, 115, 36, 135, 28, 26, 105, 99, 149, 102, 144, 16, 112, 148, 145, 146, 147, 12, 71, 58, 134, 109, 61, 48, 67, 78, 93, 85, 133, 42, 40, 143, 25, 7, 129, 132, 131, 130, 54, 76, 74, 110, 108, 9, 97, 128, 63, 106, 101, 120, 114, 121, 6, 1, 94, 127, 91, 64, 111, 30, 31, 11, 100, 96, 98, 52, 51, 46, 126, 47, 39, 68, 50, 2, 70, 60, 83, 125, 104, 124, 123, 142, 141, 62, 49, 56, 57, 38, 44, 24, 86, 69, 79, 80, 66, 72, 73, 82, 89, 87, 88, 103, 23, 5, 4, 22, 21, 20, 37, 34, 35, 84, 53, 119, 77, 90, 55, 92, 117, 75, 8, 29, 41, 15, 43, 27, 0, 65, 33, 3, 19, 107, 59, 81, 95, 45]",True,21048300753,21.048300753,"[130, 76, 52, 74, 110, 108, 9, 97, 128, 63, 106, 101, 120, 114, 121, 6, 1, 94, 127, 89, 64, 111, 30, 31, 11, 100, 96, 98, 54, 51, 46, 126, 2, 70, 39, 47, 23, 5, 4, 22, 21, 20, 37, 34, 35, 87, 103, 86, 125, 104, 91, 88, 83, 82, 124, 123, 141, 142, 84, 24, 44, 68, 66, 73, 60, 69, 79, 72, 50, 80, 38, 56, 49, 57, 62, 117, 53, 55, 77, 92, 75, 90, 119, 8, 29, 27, 15, 43, 41, 0, 107, 65, 59, 19, 45, 3, 81, 95, 33]","[33, 95, 81, 3, 45, 19, 59, 65, 107, 0, 41, 43, 15, 27, 29, 8, 119, 90, 75, 92, 77, 55, 53, 117, 62, 57, 49, 56, 38, 80, 50, 72, 79, 69, 60, 73, 66, 68, 44, 24, 84, 142, 141, 123, 124, 82, 83, 88, 91, 104, 125, 86, 103, 87, 35, 34, 37, 20, 21, 22, 4, 5, 23, 47, 39, 70, 2, 126, 46, 51, 54, 98, 96, 100, 11, 31, 30, 111, 64, 89, 127, 94, 1, 6, 121, 114, 120, 101, 106, 63, 128, 97, 9, 108, 110, 74, 52, 76, 130]",False,complete,945,945,4950,846,1348,0,1348,1348,,False,,,,,,,2,140,20,140,22,22,20,22
2,10478,27,52,97,"[7, 10, 12, 13, 14, 16, 17, 18, 25, 26, 28, 32, 36, 40, 42, 48, 54, 58, 61, 67, 71, 78, 85, 93, 99, 102, 105, 109, 112, 115, 116, 118, 122, 129, 130, 131, 132, 133, 134, 135, 136, 137, 138, 139, 140, 143, 144, 145, 146, 147, 148, 149]","[0, 1, 2, 3, 4, 5, 6, 8, 9, 11, 15, 19, 20, 21, 22, 23, 24, 27, 29, 30, 31, 33, 34, 35, 37, 38, 39, 41, 43, 44, 45, 46, 47, 49, 50, 51, 52, 53, 55, 56, 57, 59, 60, 62, 63, 64, 65, 66, 68, 69, 70, 72, 73, 74, 75, 76, 77, 79, 80, 81, 82, 83, 84, 86, 87, 88, 89, 90, 91, 92, 94, 95, 96, 97, 98, 100, 101, 103, 104, 106, 107, 108, 110, 111, 114, 117, 119, 120, 121, 123, 124, 125, 126, 127, 128, 141, 142]","{""support_1"": 111, ""support_2"": 106}","[106, 111]",2,"[122, 17, 18, 32, 137, 138, 139, 140, 13, 14, 118, 116, 136, 10, 115, 36, 135, 28, 26, 105, 99, 149, 102, 144, 16, 112, 148, 145, 146, 147, 12, 71, 58, 134, 109, 61, 48, 67, 78, 93, 85, 133, 42, 40, 143, 25, 7, 129, 132, 131, 130, 54, 76, 74, 110, 108, 9, 97, 128, 63, 106, 101, 120, 114, 121, 6, 1, 94, 127, 91, 64, 111, 30, 31, 11, 100, 96, 98, 52, 51, 46, 126, 47, 39, 68, 50, 2, 70, 60, 83, 125, 104, 124, 123, 142, 141, 62, 49, 56, 57, 38, 44, 24, 86, 69, 79, 80, 66, 72, 73, 82, 89, 87, 88, 103, 23, 5, 4, 22, 21, 20, 37, 34, 35, 84, 53, 119, 77, 90, 55, 92, 117, 75, 8, 29, 41, 15, 43, 27, 0, 65, 33, 3, 19, 107, 59, 81, 95, 45]",True,20068464964,20.068464964,"[74, 76, 110, 108, 9, 97, 128, 63, 106, 101, 120, 114, 121, 6, 1, 94, 127, 89, 64, 111, 30, 31, 11, 100, 96, 98, 52, 51, 46, 126, 47, 39, 68, 50, 2, 70, 60, 83, 125, 104, 124, 123, 142, 141, 62, 49, 56, 57, 38, 44, 24, 86, 69, 79, 80, 66, 72, 73, 87, 91, 88, 82, 103, 23, 5, 4, 22, 21, 20, 37, 34, 35, 84, 53, 117, 77, 75, 55, 119, 90, 92, 8, 41, 15, 43, 29, 27, 81, 59, 65, 19, 0, 33, 107, 45, 95, 3]","[3, 95, 45, 107, 33, 0, 19, 65, 59, 81, 27, 29, 43, 15, 41, 8, 92, 90, 119, 55, 75, 77, 117, 53, 84, 35, 34, 37, 20, 21, 22, 4, 5, 23, 103, 82, 88, 91, 87, 73, 72, 66, 80, 79, 69, 86, 24, 44, 38, 57, 56, 49, 62, 141, 142, 123, 124, 104, 125, 83, 60, 70, 2, 50, 68, 39, 47, 126, 46, 51, 52, 98, 96, 100, 11, 31, 30, 111, 64, 89, 127, 94, 1, 6, 121, 114, 120, 101, 106, 63, 128, 97, 9, 108, 110, 76, 74]",False,complete,1020,1020,4753,923,1341,0,1341,1341,,False,,,,,,,2,137,20,137,22,22,20,22
2,10479,28,54,95,"[7, 10, 12, 13, 14, 16, 17, 18, 25, 26, 28, 32, 36, 40, 42, 48, 54, 58, 61, 67, 71, 74, 76, 78, 85, 93, 99, 102, 105, 109, 112, 115, 116, 118, 122, 129, 130, 131, 132, 133, 134, 135, 136, 137, 138, 139, 140, 143, 144, 145, 146, 147, 148, 149]","[0, 1, 2, 3, 4, 5, 6, 8, 9, 11, 15, 19, 20, 21, 22, 23, 24, 27, 29, 30, 31, 33, 34, 35, 37, 38, 39, 41, 43, 44, 45, 46, 47, 49, 50, 51, 52, 53, 55, 56, 57, 59, 60, 62, 63, 64, 65, 66, 68, 69, 70, 72, 73, 75, 77, 79, 80, 81, 82, 83, 84, 86, 87, 88, 89, 90, 91, 92, 94, 95, 96, 97, 98, 100, 101, 103, 104, 106, 107, 108, 110, 111, 114, 117, 119, 120, 121, 123, 124, 125, 126, 127, 128, 141, 142]","{""support_1"": 111, ""support_2"": 106}","[106, 111]",2,"[122, 17, 18, 32, 137, 138, 139, 140, 13, 14, 118, 116, 136, 10, 115, 36, 135, 28, 26, 105, 99, 149, 102, 144, 16, 112, 148, 145, 146, 147, 12, 71, 58, 134, 109, 61, 48, 67, 78, 93, 85, 133, 42, 40, 143, 25, 7, 129, 132, 131, 130, 54, 76, 74, 110, 108, 9, 97, 128, 63, 106, 101, 120, 114, 121, 6, 1, 94, 127, 91, 64, 111, 30, 31, 11, 100, 96, 98, 52, 51, 46, 126, 47, 39, 68, 50, 2, 70, 60, 83, 125, 104, 124, 123, 142, 141, 62, 49, 56, 57, 38, 44, 24, 86, 69, 79, 80, 66, 72, 73, 82, 89, 87, 88, 103, 23, 5, 4, 22, 21, 20, 37, 34, 35, 84, 53, 119, 77, 90, 55, 92, 117, 75, 8, 29, 41, 15, 43, 27, 0, 65, 33, 3, 19, 107, 59, 81, 95, 45]",True,18462262976,18.462262976,"[110, 108, 9, 97, 128, 63, 106, 101, 120, 114, 121, 6, 1, 94, 127, 89, 64, 111, 30, 31, 11, 100, 96, 98, 52, 51, 46, 126, 47, 70, 39, 2, 23, 5, 4, 22, 21, 20, 37, 34, 35, 87, 104, 86, 125, 103, 91, 88, 83, 82, 124, 123, 141, 142, 84, 24, 44, 68, 60, 66, 73, 69, 79, 72, 50, 80, 49, 56, 38, 57, 62, 92, 55, 75, 53, 119, 117, 90, 77, 29, 41, 15, 43, 27, 8, 3, 95, 19, 45, 65, 33, 59, 0, 81, 107]","[107, 81, 0, 59, 33, 65, 45, 19, 95, 3, 8, 27, 43, 15, 41, 29, 77, 90, 117, 119, 53, 75, 55, 92, 62, 57, 38, 56, 49, 80, 50, 72, 79, 69, 73, 66, 60, 68, 44, 24, 84, 142, 141, 123, 124, 82, 83, 88, 91, 103, 125, 86, 104, 87, 35, 34, 37, 20, 21, 22, 4, 5, 23, 2, 39, 70, 47, 126, 46, 51, 52, 98, 96, 100, 11, 31, 30, 111, 64, 89, 127, 94, 1, 6, 121, 114, 120, 101, 106, 63, 128, 97, 9, 108, 110]",False,complete,871,871,4560,776,1259,0,1259,1259,,False,,,,,,,2,132,20,132,22,22,20,22
2,10480,29,56,93,"[7, 10, 12, 13, 14, 16, 17, 18, 25, 26, 28, 32, 36, 40, 42, 48, 54, 58, 61, 67, 71, 74, 76, 78, 85, 93, 99, 102, 105, 108, 109, 110, 112, 115, 116, 118, 122, 129, 130, 131, 132, 133, 134, 135, 136, 137, 138, 139, 140, 143, 144, 145, 146, 147, 148, 149]","[0, 1, 2, 3, 4, 5, 6, 8, 9, 11, 15, 19, 20, 21, 22, 23, 24, 27, 29, 30, 31, 33, 34, 35, 37, 38, 39, 41, 43, 44, 45, 46, 47, 49, 50, 51, 52, 53, 55, 56, 57, 59, 60, 62, 63, 64, 65, 66, 68, 69, 70, 72, 73, 75, 77, 79, 80, 81, 82, 83, 84, 86, 87, 88, 89, 90, 91, 92, 94, 95, 96, 97, 98, 100, 101, 103, 104, 106, 107, 111, 114, 117, 119, 120, 121, 123, 124, 125, 126, 127, 128, 141, 142]","{""support_1"": 111, ""support_2"": 106}","[106, 111]",2,"[122, 17, 18, 32, 137, 138, 139, 140, 13, 14, 118, 116, 136, 10, 115, 36, 135, 28, 26, 105, 99, 149, 102, 144, 16, 112, 148, 145, 146, 147, 12, 71, 58, 134, 109, 61, 48, 67, 78, 93, 85, 133, 42, 40, 143, 25, 7, 129, 132, 131, 130, 54, 76, 74, 110, 108, 9, 97, 128, 63, 106, 101, 120, 114, 121, 6, 1, 94, 127, 91, 64, 111, 30, 31, 11, 100, 96, 98, 52, 51, 46, 126, 47, 39, 68, 50, 2, 70, 60, 83, 125, 104, 124, 123, 142, 141, 62, 49, 56, 57, 38, 44, 24, 86, 69, 79, 80, 66, 72, 73, 82, 89, 87, 88, 103, 23, 5, 4, 22, 21, 20, 37, 34, 35, 84, 53, 119, 77, 90, 55, 92, 117, 75, 8, 29, 41, 15, 43, 27, 0, 65, 33, 3, 19, 107, 59, 81, 95, 45]",True,19228103511,19.228103511,"[9, 97, 128, 63, 106, 101, 120, 114, 121, 6, 1, 94, 127, 91, 64, 111, 30, 31, 11, 100, 96, 98, 52, 51, 46, 126, 2, 70, 39, 47, 23, 5, 4, 22, 21, 20, 37, 34, 35, 87, 103, 86, 125, 104, 89, 88, 83, 82, 124, 123, 142, 141, 84, 24, 44, 68, 66, 73, 60, 69, 79, 72, 50, 80, 38, 56, 49, 57, 62, 90, 119, 75, 77, 55, 117, 92, 53, 15, 41, 43, 27, 8, 29, 33, 0, 81, 65, 59, 107, 3, 19, 45, 95]","[95, 45, 19, 3, 107, 59, 65, 81, 0, 33, 29, 8, 27, 43, 41, 15, 53, 92, 117, 55, 77, 75, 119, 90, 62, 57, 49, 56, 38, 80, 50, 72, 79, 69, 60, 73, 66, 68, 44, 24, 84, 141, 142, 123, 124, 82, 83, 88, 89, 104, 125, 86, 103, 87, 35, 34, 37, 20, 21, 22, 4, 5, 23, 47, 39, 70, 2, 126, 46, 51, 52, 98, 96, 100, 11, 31, 30, 111, 64, 91, 127, 94, 1, 6, 121, 114, 120, 101, 106, 63, 128, 97, 9]",False,complete,842,842,4371,749,1244,0,1244,1244,,False,,,,,,,2,128,20,128,22,22,20,22
2,10481,30,58,91,"[7, 9, 10, 12, 13, 14, 16, 17, 18, 25, 26, 28, 32, 36, 40, 42, 48, 54, 58, 61, 67, 71, 74, 76, 78, 85, 93, 97, 99, 102, 105, 108, 109, 110, 112, 115, 116, 118, 122, 129, 130, 131, 132, 133, 134, 135, 136, 137, 138, 139, 140, 143, 144, 145, 146, 147, 148, 149]","[0, 1, 2, 3, 4, 5, 6, 8, 11, 15, 19, 20, 21, 22, 23, 24, 27, 29, 30, 31, 33, 34, 35, 37, 38, 39, 41, 43, 44, 45, 46, 47, 49, 50, 51, 52, 53, 55, 56, 57, 59, 60, 62, 63, 64, 65, 66, 68, 69, 70, 72, 73, 75, 77, 79, 80, 81, 82, 83, 84, 86, 87, 88, 89, 90, 91, 92, 94, 95, 96, 98, 100, 101, 103, 104, 106, 107, 111, 114, 117, 119, 120, 121, 123, 124, 125, 126, 127, 128, 141, 142]","{""support_1"": 111, ""support_2"": 106}","[106, 111]",2,"[122, 17, 18, 32, 137, 138, 139, 140, 13, 14, 118, 116, 136, 10, 115, 36, 135, 28, 26, 105, 99, 149, 102, 144, 16, 112, 148, 145, 146, 147, 12, 71, 58, 134, 109, 61, 48, 67, 78, 93, 85, 133, 42, 40, 143, 25, 7, 129, 132, 131, 130, 54, 76, 74, 110, 108, 9, 97, 128, 63, 106, 101, 120, 114, 121, 6, 1, 94, 127, 91, 64, 111, 30, 31, 11, 100, 96, 98, 52, 51, 46, 126, 47, 39, 68, 50, 2, 70, 60, 83, 125, 104, 124, 123, 142, 141, 62, 49, 56, 57, 38, 44, 24, 86, 69, 79, 80, 66, 72, 73, 82, 89, 87, 88, 103, 23, 5, 4, 22, 21, 20, 37, 34, 35, 84, 53, 119, 77, 90, 55, 92, 117, 75, 8, 29, 41, 15, 43, 27, 0, 65, 33, 3, 19, 107, 59, 81, 95, 45]",True,18650959390,18.650959390,"[128, 63, 106, 101, 120, 114, 121, 6, 1, 94, 127, 89, 64, 111, 30, 31, 11, 100, 96, 98, 52, 51, 46, 126, 2, 39, 68, 50, 47, 70, 60, 83, 125, 104, 124, 123, 142, 141, 62, 49, 56, 57, 38, 44, 24, 86, 69, 79, 80, 66, 72, 73, 82, 91, 87, 88, 103, 23, 5, 4, 22, 21, 20, 37, 34, 35, 84, 75, 117, 77, 53, 92, 90, 55, 119, 8, 15, 41, 43, 27, 29, 3, 59, 81, 65, 19, 0, 45, 107, 33, 95]","[95, 33, 107, 45, 0, 19, 65, 81, 59, 3, 29, 27, 43, 41, 15, 8, 119, 55, 90, 92, 53, 77, 117, 75, 84, 35, 34, 37, 20, 21, 22, 4, 5, 23, 103, 88, 87, 91, 82, 73, 72, 66, 80, 79, 69, 86, 24, 44, 38, 57, 56, 49, 62, 141, 142, 123, 124, 104, 125, 83, 60, 70, 47, 50, 68, 39, 2, 126, 46, 51, 52, 98, 96, 100, 11, 31, 30, 111, 64, 89, 127, 94, 1, 6, 121, 114, 120, 101, 106, 63, 128]",False,complete,933,933,4186,842,1269,0,1269,1269,,False,,,,,,,2,125,21,125,23,23,21,23
2,10482,31,60,89,"[7, 9, 10, 12, 13, 14, 16, 17, 18, 25, 26, 28, 32, 36, 40, 42, 48, 54, 58, 61, 63, 67, 71, 74, 76, 78, 85, 93, 97, 99, 102, 105, 108, 109, 110, 112, 115, 116, 118, 122, 128, 129, 130, 131, 132, 133, 134, 135, 136, 137, 138, 139, 140, 143, 144, 145, 146, 147, 148, 149]","[0, 1, 2, 3, 4, 5, 6, 8, 11, 15, 19, 20, 21, 22, 23, 24, 27, 29, 30, 31, 33, 34, 35, 37, 38, 39, 41, 43, 44, 45, 46, 47, 49, 50, 51, 52, 53, 55, 56, 57, 59, 60, 62, 64, 65, 66, 68, 69, 70, 72, 73, 75, 77, 79, 80, 81, 82, 83, 84, 86, 87, 88, 89, 90, 91, 92, 94, 95, 96, 98, 100, 101, 103, 104, 106, 107, 111, 114, 117, 119, 120, 121, 123, 124, 125, 126, 127, 141, 142]","{""support_1"": 111, ""support_2"": 106}","[106, 111]",2,"[122, 17, 18, 32, 137, 138, 139, 140, 13, 14, 118, 116, 136, 10, 115, 36, 135, 28, 26, 105, 99, 149, 102, 144, 16, 112, 148, 145, 146, 147, 12, 71, 58, 134, 109, 61, 48, 67, 78, 93, 85, 133, 42, 40, 143, 25, 7, 129, 132, 131, 130, 54, 76, 74, 110, 108, 9, 97, 128, 63, 106, 101, 120, 114, 121, 6, 1, 94, 127, 91, 64, 111, 30, 31, 11, 100, 96, 98, 52, 51, 46, 126, 47, 39, 68, 50, 2, 70, 60, 83, 125, 104, 124, 123, 142, 141, 62, 49, 56, 57, 38, 44, 24, 86, 69, 79, 80, 66, 72, 73, 82, 89, 87, 88, 103, 23, 5, 4, 22, 21, 20, 37, 34, 35, 84, 53, 119, 77, 90, 55, 92, 117, 75, 8, 29, 41, 15, 43, 27, 0, 65, 33, 3, 19, 107, 59, 81, 95, 45]",True,17308001269,17.308001269,"[106, 101, 120, 114, 121, 6, 1, 94, 127, 91, 64, 111, 30, 31, 11, 100, 96, 98, 52, 51, 46, 126, 47, 39, 68, 50, 2, 70, 60, 83, 125, 103, 124, 123, 141, 142, 62, 49, 56, 57, 38, 44, 24, 86, 69, 79, 80, 66, 72, 73, 82, 89, 87, 88, 104, 23, 5, 4, 22, 21, 20, 37, 34, 35, 84, 90, 92, 119, 75, 55, 117, 77, 53, 43, 8, 41, 27, 15, 29, 95, 45, 81, 65, 107, 19, 0, 59, 33, 3]","[3, 33, 59, 0, 19, 107, 65, 81, 45, 95, 29, 15, 27, 41, 8, 43, 53, 77, 117, 55, 75, 119, 92, 90, 84, 35, 34, 37, 20, 21, 22, 4, 5, 23, 104, 88, 87, 89, 82, 73, 72, 66, 80, 79, 69, 86, 24, 44, 38, 57, 56, 49, 62, 142, 141, 123, 124, 103, 125, 83, 60, 70, 2, 50, 68, 39, 47, 126, 46, 51, 52, 98, 96, 100, 11, 31, 30, 111, 64, 91, 127, 94, 1, 6, 121, 114, 120, 101, 106]",False,complete,886,886,4005,797,1230,0,1230,1230,,False,,,,,,,2,121,21,121,22,22,21,23
2,10483,32,62,87,"[7, 9, 10, 12, 13, 14, 16, 17, 18, 25, 26, 28, 32, 36, 40, 42, 48, 54, 58, 61, 63, 67, 71, 74, 76, 78, 85, 93, 97, 99, 101, 102, 105, 106, 108, 109, 110, 112, 115, 116, 118, 122, 128, 129, 130, 131, 132, 133, 134, 135, 136, 137, 138, 139, 140, 143, 144, 145, 146, 147, 148, 149]","[0, 1, 2, 3, 4, 5, 6, 8, 11, 15, 19, 20, 21, 22, 23, 24, 27, 29, 30, 31, 33, 34, 35, 37, 38, 39, 41, 43, 44, 45, 46, 47, 49, 50, 51, 52, 53, 55, 56, 57, 59, 60, 62, 64, 65, 66, 68, 69, 70, 72, 73, 75, 77, 79, 80, 81, 82, 83, 84, 86, 87, 88, 89, 90, 91, 92, 94, 95, 96, 98, 100, 103, 104, 107, 111, 114, 117, 119, 120, 121, 123, 124, 125, 126, 127, 141, 142]","{""support_1"": 111, ""support_2"": 121}","[111, 121]",2,"[122, 17, 18, 32, 137, 138, 139, 140, 13, 14, 118, 116, 136, 10, 115, 36, 135, 28, 26, 105, 99, 149, 102, 144, 16, 112, 148, 145, 146, 147, 12, 71, 58, 134, 109, 61, 48, 67, 78, 93, 85, 133, 42, 40, 143, 25, 7, 129, 132, 131, 130, 54, 76, 74, 110, 108, 9, 97, 128, 63, 106, 101, 120, 114, 121, 6, 1, 94, 127, 91, 64, 111, 30, 31, 11, 100, 96, 98, 52, 51, 46, 126, 47, 39, 68, 50, 2, 70, 60, 83, 125, 104, 124, 123, 142, 141, 62, 49, 56, 57, 38, 44, 24, 86, 69, 79, 80, 66, 72, 73, 82, 89, 87, 88, 103, 23, 5, 4, 22, 21, 20, 37, 34, 35, 84, 53, 119, 77, 90, 55, 92, 117, 75, 8, 29, 41, 15, 43, 27, 0, 65, 33, 3, 19, 107, 59, 81, 95, 45]",True,16641317793,16.641317793,"[120, 114, 121, 6, 1, 94, 127, 91, 64, 111, 30, 31, 11, 100, 96, 98, 52, 51, 46, 126, 47, 39, 68, 50, 2, 70, 60, 83, 125, 103, 124, 123, 141, 142, 62, 49, 56, 57, 38, 44, 24, 86, 69, 79, 80, 66, 72, 73, 87, 89, 88, 82, 104, 23, 5, 4, 22, 21, 20, 37, 34, 35, 84, 77, 117, 75, 55, 90, 53, 92, 119, 15, 27, 29, 8, 41, 43, 65, 3, 0, 45, 33, 59, 19, 107, 95, 81]","[81, 95, 107, 19, 59, 33, 45, 0, 3, 65, 43, 41, 8, 29, 27, 15, 119, 92, 53, 90, 55, 75, 117, 77, 84, 35, 34, 37, 20, 21, 22, 4, 5, 23, 104, 82, 88, 89, 87, 73, 72, 66, 80, 79, 69, 86, 24, 44, 38, 57, 56, 49, 62, 142, 141, 123, 124, 103, 125, 83, 60, 70, 2, 50, 68, 39, 47, 126, 46, 51, 52, 98, 96, 100, 11, 31, 30, 111, 64, 91, 127, 94, 1, 6, 121, 114, 120]",False,complete,837,837,3828,750,1187,0,1187,1187,,False,,,,,,,2,117,19,117,21,21,19,21
2,10484,33,64,85,"[7, 9, 10, 12, 13, 14, 16, 17, 18, 25, 26, 28, 32, 36, 40, 42, 48, 54, 58, 61, 63, 67, 71, 74, 76, 78, 85, 93, 97, 99, 101, 102, 105, 106, 108, 109, 110, 112, 114, 115, 116, 118, 120, 122, 128, 129, 130, 131, 132, 133, 134, 135, 136, 137, 138, 139, 140, 143, 144, 145, 146, 147, 148, 149]","[0, 1, 2, 3, 4, 5, 6, 8, 11, 15, 19, 20, 21, 22, 23, 24, 27, 29, 30, 31, 33, 34, 35, 37, 38, 39, 41, 43, 44, 45, 46, 47, 49, 50, 51, 52, 53, 55, 56, 57, 59, 60, 62, 64, 65, 66, 68, 69, 70, 72, 73, 75, 77, 79, 80, 81, 82, 83, 84, 86, 87, 88, 89, 90, 91, 92, 94, 95, 96, 98, 100, 103, 104, 107, 111, 117, 119, 121, 123, 124, 125, 126, 127, 141, 142]","{""support_1"": 111, ""support_2"": 121}","[111, 121]",2,"[122, 17, 18, 32, 137, 138, 139, 140, 13, 14, 118, 116, 136, 10, 115, 36, 135, 28, 26, 105, 99, 149, 102, 144, 16, 112, 148, 145, 146, 147, 12, 71, 58, 134, 109, 61, 48, 67, 78, 93, 85, 133, 42, 40, 143, 25, 7, 129, 132, 131, 130, 54, 76, 74, 110, 108, 9, 97, 128, 63, 106, 101, 120, 114, 121, 6, 1, 94, 127, 91, 64, 111, 30, 31, 11, 100, 96, 98, 52, 51, 46, 126, 47, 39, 68, 50, 2, 70, 60, 83, 125, 104, 124, 123, 142, 141, 62, 49, 56, 57, 38, 44, 24, 86, 69, 79, 80, 66, 72, 73, 82, 89, 87, 88, 103, 23, 5, 4, 22, 21, 20, 37, 34, 35, 84, 53, 119, 77, 90, 55, 92, 117, 75, 8, 29, 41, 15, 43, 27, 0, 65, 33, 3, 19, 107, 59, 81, 95, 45]",True,16390489973,16.390489973,"[121, 6, 1, 94, 127, 89, 64, 111, 30, 31, 11, 100, 96, 98, 52, 51, 46, 126, 2, 39, 68, 50, 47, 70, 60, 83, 125, 104, 124, 123, 141, 142, 62, 49, 56, 57, 38, 44, 24, 86, 69, 79, 80, 66, 72, 73, 87, 91, 88, 82, 103, 23, 5, 4, 22, 21, 20, 37, 34, 35, 84, 53, 75, 119, 92, 90, 55, 77, 117, 43, 15, 41, 27, 8, 29, 45, 81, 107, 65, 33, 0, 19, 59, 95, 3]","[3, 95, 59, 19, 0, 33, 65, 107, 81, 45, 29, 8, 27, 41, 15, 43, 117, 77, 55, 90, 92, 119, 75, 53, 84, 35, 34, 37, 20, 21, 22, 4, 5, 23, 103, 82, 88, 91, 87, 73, 72, 66, 80, 79, 69, 86, 24, 44, 38, 57, 56, 49, 62, 142, 141, 123, 124, 104, 125, 83, 60, 70, 47, 50, 68, 39, 2, 126, 46, 51, 52, 98, 96, 100, 11, 31, 30, 111, 64, 89, 127, 94, 1, 6, 121]",False,complete,848,848,3655,763,1198,0,1198,1198,,False,,,,,,,2,113,19,113,20,20,19,21
2,10485,34,66,83,"[6, 7, 9, 10, 12, 13, 14, 16, 17, 18, 25, 26, 28, 32, 36, 40, 42, 48, 54, 58, 61, 63, 67, 71, 74, 76, 78, 85, 93, 97, 99, 101, 102, 105, 106, 108, 109, 110, 112, 114, 115, 116, 118, 120, 121, 122, 128, 129, 130, 131, 132, 133, 134, 135, 136, 137, 138, 139, 140, 143, 144, 145, 146, 147, 148, 149]","[0, 1, 2, 3, 4, 5, 8, 11, 15, 19, 20, 21, 22, 23, 24, 27, 29, 30, 31, 33, 34, 35, 37, 38, 39, 41, 43, 44, 45, 46, 47, 49, 50, 51, 52, 53, 55, 56, 57, 59, 60, 62, 64, 65, 66, 68, 69, 70, 72, 73, 75, 77, 79, 80, 81, 82, 83, 84, 86, 87, 88, 89, 90, 91, 92, 94, 95, 96, 98, 100, 103, 104, 107, 111, 117, 119, 123, 124, 125, 126, 127, 141, 142]","{""support_1"": 111, ""support_2"": 2}","[2, 111]",2,"[122, 17, 18, 32, 137, 138, 139, 140, 13, 14, 118, 116, 136, 10, 115, 36, 135, 28, 26, 105, 99, 149, 102, 144, 16, 112, 148, 145, 146, 147, 12, 71, 58, 134, 109, 61, 48, 67, 78, 93, 85, 133, 42, 40, 143, 25, 7, 129, 132, 131, 130, 54, 76, 74, 110, 108, 9, 97, 128, 63, 106, 101, 120, 114, 121, 6, 1, 94, 127, 91, 64, 111, 30, 31, 11, 100, 96, 98, 52, 51, 46, 126, 47, 39, 68, 50, 2, 70, 60, 83, 125, 104, 124, 123, 142, 141, 62, 49, 56, 57, 38, 44, 24, 86, 69, 79, 80, 66, 72, 73, 82, 89, 87, 88, 103, 23, 5, 4, 22, 21, 20, 37, 34, 35, 84, 53, 119, 77, 90, 55, 92, 117, 75, 8, 29, 41, 15, 43, 27, 0, 65, 33, 3, 19, 107, 59, 81, 95, 45]",True,15501525495,15.501525495,"[1, 94, 127, 91, 64, 111, 30, 31, 11, 100, 96, 98, 52, 51, 46, 126, 2, 70, 39, 47, 23, 5, 4, 22, 21, 20, 37, 34, 35, 87, 103, 86, 125, 104, 89, 88, 83, 82, 124, 123, 142, 141, 84, 24, 44, 68, 66, 73, 69, 60, 79, 72, 50, 80, 49, 56, 38, 57, 62, 117, 119, 92, 90, 53, 75, 77, 55, 29, 41, 27, 43, 15, 8, 59, 19, 0, 3, 81, 107, 33, 65, 95, 45]","[45, 95, 65, 33, 107, 81, 3, 0, 19, 59, 8, 15, 43, 27, 41, 29, 55, 77, 75, 53, 90, 92, 119, 117, 62, 57, 38, 56, 49, 80, 50, 72, 79, 60, 69, 73, 66, 68, 44, 24, 84, 141, 142, 123, 124, 82, 83, 88, 89, 104, 125, 86, 103, 87, 35, 34, 37, 20, 21, 22, 4, 5, 23, 47, 39, 70, 2, 126, 46, 51, 52, 98, 96, 100, 11, 31, 30, 111, 64, 91, 127, 94, 1]",False,complete,719,719,3486,636,1144,0,1144,1144,,False,,,,,,,2,109,18,109,20,20,18,20
2,10486,35,68,81,"[1, 6, 7, 9, 10, 12, 13, 14, 16, 17, 18, 25, 26, 28, 32, 36, 40, 42, 48, 54, 58, 61, 63, 67, 71, 74, 76, 78, 85, 93, 94, 97, 99, 101, 102, 105, 106, 108, 109, 110, 112, 114, 115, 116, 118, 120, 121, 122, 128, 129, 130, 131, 132, 133, 134, 135, 136, 137, 138, 139, 140, 143, 144, 145, 146, 147, 148, 149]","[0, 2, 3, 4, 5, 8, 11, 15, 19, 20, 21, 22, 23, 24, 27, 29, 30, 31, 33, 34, 35, 37, 38, 39, 41, 43, 44, 45, 46, 47, 49, 50, 51, 52, 53, 55, 56, 57, 59, 60, 62, 64, 65, 66, 68, 69, 70, 72, 73, 75, 77, 79, 80, 81, 82, 83, 84, 86, 87, 88, 89, 90, 91, 92, 95, 96, 98, 100, 103, 104, 107, 111, 117, 119, 123, 124, 125, 126, 127, 141, 142]","{""support_1"": 111, ""support_2"": 2}","[2, 111]",2,"[122, 17, 18, 32, 137, 138, 139, 140, 13, 14, 118, 116, 136, 10, 115, 36, 135, 28, 26, 105, 99, 149, 102, 144, 16, 112, 148, 145, 146, 147, 12, 71, 58, 134, 109, 61, 48, 67, 78, 93, 85, 133, 42, 40, 143, 25, 7, 129, 132, 131, 130, 54, 76, 74, 110, 108, 9, 97, 128, 63, 106, 101, 120, 114, 121, 6, 1, 94, 127, 91, 64, 111, 30, 31, 11, 100, 96, 98, 52, 51, 46, 126, 47, 39, 68, 50, 2, 70, 60, 83, 125, 104, 124, 123, 142, 141, 62, 49, 56, 57, 38, 44, 24, 86, 69, 79, 80, 66, 72, 73, 82, 89, 87, 88, 103, 23, 5, 4, 22, 21, 20, 37, 34, 35, 84, 53, 119, 77, 90, 55, 92, 117, 75, 8, 29, 41, 15, 43, 27, 0, 65, 33, 3, 19, 107, 59, 81, 95, 45]",True,14599656272,14.599656272,"[127, 91, 64, 111, 30, 31, 11, 100, 96, 98, 52, 51, 46, 126, 2, 70, 39, 47, 23, 5, 4, 22, 21, 20, 37, 34, 35, 87, 104, 86, 125, 103, 89, 88, 83, 82, 124, 123, 142, 141, 84, 24, 44, 68, 66, 73, 69, 60, 79, 72, 50, 80, 38, 56, 49, 57, 62, 55, 92, 77, 75, 53, 119, 117, 90, 43, 15, 8, 29, 27, 41, 81, 59, 107, 45, 3, 33, 95, 65, 0, 19]","[19, 0, 65, 95, 33, 3, 45, 107, 59, 81, 41, 27, 29, 8, 15, 43, 90, 117, 119, 53, 75, 77, 92, 55, 62, 57, 49, 56, 38, 80, 50, 72, 79, 60, 69, 73, 66, 68, 44, 24, 84, 141, 142, 123, 124, 82, 83, 88, 89, 103, 125, 86, 104, 87, 35, 34, 37, 20, 21, 22, 4, 5, 23, 47, 39, 70, 2, 126, 46, 51, 52, 98, 96, 100, 11, 31, 30, 111, 64, 91, 127]",False,complete,686,686,3321,605,1080,0,1080,1080,,False,,,,,,,2,105,18,105,20,20,18,20
2,10487,36,70,79,"[1, 6, 7, 9, 10, 12, 13, 14, 16, 17, 18, 25, 26, 28, 32, 36, 40, 42, 48, 54, 58, 61, 63, 67, 71, 74, 76, 78, 85, 91, 93, 94, 97, 99, 101, 102, 105, 106, 108, 109, 110, 112, 114, 115, 116, 118, 120, 121, 122, 127, 128, 129, 130, 131, 132, 133, 134, 135, 136, 137, 138, 139, 140, 143, 144, 145, 146, 147, 148, 149]","[0, 2, 3, 4, 5, 8, 11, 15, 19, 20, 21, 22, 23, 24, 27, 29, 30, 31, 33, 34, 35, 37, 38, 39, 41, 43, 44, 45, 46, 47, 49, 50, 51, 52, 53, 55, 56, 57, 59, 60, 62, 64, 65, 66, 68, 69, 70, 72, 73, 75, 77, 79, 80, 81, 82, 83, 84, 86, 87, 88, 89, 90, 92, 95, 96, 98, 100, 103, 104, 107, 111, 117, 119, 123, 124, 125, 126, 141, 142]","{""support_1"": 111, ""support_2"": 2}","[2, 111]",2,"[122, 17, 18, 32, 137, 138, 139, 140, 13, 14, 118, 116, 136, 10, 115, 36, 135, 28, 26, 105, 99, 149, 102, 144, 16, 112, 148, 145, 146, 147, 12, 71, 58, 134, 109, 61, 48, 67, 78, 93, 85, 133, 42, 40, 143, 25, 7, 129, 132, 131, 130, 54, 76, 74, 110, 108, 9, 97, 128, 63, 106, 101, 120, 114, 121, 6, 1, 94, 127, 91, 64, 111, 30, 31, 11, 100, 96, 98, 52, 51, 46, 126, 47, 39, 68, 50, 2, 70, 60, 83, 125, 104, 124, 123, 142, 141, 62, 49, 56, 57, 38, 44, 24, 86, 69, 79, 80, 66, 72, 73, 82, 89, 87, 88, 103, 23, 5, 4, 22, 21, 20, 37, 34, 35, 84, 53, 119, 77, 90, 55, 92, 117, 75, 8, 29, 41, 15, 43, 27, 0, 65, 33, 3, 19, 107, 59, 81, 95, 45]",True,14696628449,14.696628449,"[64, 111, 30, 31, 11, 100, 96, 98, 52, 51, 46, 126, 2, 39, 68, 50, 47, 70, 60, 83, 125, 103, 124, 123, 141, 142, 62, 49, 56, 57, 38, 44, 24, 86, 69, 79, 80, 66, 72, 73, 87, 89, 88, 82, 104, 23, 5, 4, 22, 21, 20, 37, 34, 35, 84, 117, 119, 55, 77, 53, 92, 75, 90, 8, 15, 29, 27, 41, 43, 81, 65, 45, 59, 95, 107, 3, 0, 33, 19]","[19, 33, 0, 3, 107, 95, 59, 45, 65, 81, 43, 41, 27, 29, 15, 8, 90, 75, 92, 53, 77, 55, 119, 117, 84, 35, 34, 37, 20, 21, 22, 4, 5, 23, 104, 82, 88, 89, 87, 73, 72, 66, 80, 79, 69, 86, 24, 44, 38, 57, 56, 49, 62, 142, 141, 123, 124, 103, 125, 83, 60, 70, 47, 50, 68, 39, 2, 126, 46, 51, 52, 98, 96, 100, 11, 31, 30, 111, 64]",False,complete,756,756,3160,677,1083,0,1083,1083,,False,,,,,,,2,102,18,102,20,20,18,20
2,10488,37,72,77,"[1, 6, 7, 9, 10, 12, 13, 14, 16, 17, 18, 25, 26, 28, 32, 36, 40, 42, 48, 54, 58, 61, 63, 64, 67, 71, 74, 76, 78, 85, 91, 93, 94, 97, 99, 101, 102, 105, 106, 108, 109, 110, 111, 112, 114, 115, 116, 118, 120, 121, 122, 127, 128, 129, 130, 131, 132, 133, 134, 135, 136, 137, 138, 139, 140, 143, 144, 145, 146, 147, 148, 149]","[0, 2, 3, 4, 5, 8, 11, 15, 19, 20, 21, 22, 23, 24, 27, 29, 30, 31, 33, 34, 35, 37, 38, 39, 41, 43, 44, 45, 46, 47, 49, 50, 51, 52, 53, 55, 56, 57, 59, 60, 62, 65, 66, 68, 69, 70, 72, 73, 75, 77, 79, 80, 81, 82, 83, 84, 86, 87, 88, 89, 90, 92, 95, 96, 98, 100, 103, 104, 107, 117, 119, 123, 124, 125, 126, 141, 142]","{""support_2"": 2}",[2],1,"[122, 17, 18, 32, 137, 138, 139, 140, 13, 14, 118, 116, 136, 10, 115, 36, 135, 28, 26, 105, 99, 149, 102, 144, 16, 112, 148, 145, 146, 147, 12, 71, 58, 134, 109, 61, 48, 67, 78, 93, 85, 133, 42, 40, 143, 25, 7, 129, 132, 131, 130, 54, 76, 74, 110, 108, 9, 97, 128, 63, 106, 101, 120, 114, 121, 6, 1, 94, 127, 91, 64, 111, 30, 31, 11, 100, 96, 98, 52, 51, 46, 126, 47, 39, 68, 50, 2, 70, 60, 83, 125, 104, 124, 123, 142, 141, 62, 49, 56, 57, 38, 44, 24, 86, 69, 79, 80, 66, 72, 73, 82, 89, 87, 88, 103, 23, 5, 4, 22, 21, 20, 37, 34, 35, 84, 53, 119, 77, 90, 55, 92, 117, 75, 8, 29, 41, 15, 43, 27, 0, 65, 33, 3, 19, 107, 59, 81, 95, 45]",True,10320423717,10.320423717,"[30, 31, 11, 100, 96, 98, 52, 51, 46, 126, 2, 70, 39, 47, 23, 5, 4, 22, 21, 20, 37, 34, 35, 69, 89, 73, 79, 72, 80, 66, 68, 60, 83, 50, 86, 44, 24, 125, 103, 124, 123, 141, 142, 62, 49, 56, 38, 57, 87, 88, 82, 104, 84, 53, 117, 92, 55, 75, 90, 77, 119, 41, 8, 43, 29, 15, 27, 3, 19, 65, 0, 59, 107, 81, 45, 95, 33]","[33, 95, 45, 81, 107, 59, 0, 65, 19, 3, 27, 15, 29, 43, 8, 41, 119, 77, 90, 75, 55, 92, 117, 53, 84, 104, 82, 88, 87, 57, 38, 56, 49, 62, 142, 141, 123, 124, 103, 125, 24, 44, 86, 50, 83, 60, 68, 66, 80, 72, 79, 73, 89, 69, 35, 34, 37, 20, 21, 22, 4, 5, 23, 47, 39, 70, 2, 126, 46, 51, 52, 98, 96, 100, 11, 31, 30]",False,complete,511,511,3003,434,788,0,788,788,,False,,,,,,,2,97,15,97,16,16,15,16
2,10489,38,74,75,"[1, 6, 7, 9, 10, 12, 13, 14, 16, 17, 18, 25, 26, 28, 30, 31, 32, 36, 40, 42, 48, 54, 58, 61, 63, 64, 67, 71, 74, 76, 78, 85, 91, 93, 94, 97, 99, 101, 102, 105, 106, 108, 109, 110, 111, 112, 114, 115, 116, 118, 120, 121, 122, 127, 128, 129, 130, 131, 132, 133, 134, 135, 136, 137, 138, 139, 140, 143, 144, 145, 146, 147, 148, 149]","[0, 2, 3, 4, 5, 8, 11, 15, 19, 20, 21, 22, 23, 24, 27, 29, 33, 34, 35, 37, 38, 39, 41, 43, 44, 45, 46, 47, 49, 50, 51, 52, 53, 55, 56, 57, 59, 60, 62, 65, 66, 68, 69, 70, 72, 73, 75, 77, 79, 80, 81, 82, 83, 84, 86, 87, 88, 89, 90, 92, 95, 96, 98, 100, 103, 104, 107, 117, 119, 123, 124, 125, 126, 141, 142]","{""support_1"": 98, ""support_2"": 2}","[2, 98]",2,"[122, 17, 18, 32, 137, 138, 139, 140, 13, 14, 118, 116, 136, 10, 115, 36, 135, 28, 26, 105, 99, 149, 102, 144, 16, 112, 148, 145, 146, 147, 12, 71, 58, 134, 109, 61, 48, 67, 78, 93, 85, 133, 42, 40, 143, 25, 7, 129, 132, 131, 130, 54, 76, 74, 110, 108, 9, 97, 128, 63, 106, 101, 120, 114, 121, 6, 1, 94, 127, 91, 64, 111, 30, 31, 11, 100, 96, 98, 52, 51, 46, 126, 47, 39, 68, 50, 2, 70, 60, 83, 125, 104, 124, 123, 142, 141, 62, 49, 56, 57, 38, 44, 24, 86, 69, 79, 80, 66, 72, 73, 82, 89, 87, 88, 103, 23, 5, 4, 22, 21, 20, 37, 34, 35, 84, 53, 119, 77, 90, 55, 92, 117, 75, 8, 29, 41, 15, 43, 27, 0, 65, 33, 3, 19, 107, 59, 81, 95, 45]",True,11543528196,11.543528196,"[11, 100, 96, 98, 52, 51, 46, 126, 47, 39, 68, 50, 2, 70, 60, 83, 125, 103, 124, 123, 141, 142, 62, 49, 56, 57, 38, 44, 24, 86, 69, 79, 80, 66, 72, 73, 87, 89, 88, 82, 104, 23, 5, 4, 22, 21, 20, 37, 34, 35, 84, 117, 119, 53, 55, 92, 77, 90, 75, 27, 41, 15, 8, 43, 29, 81, 95, 59, 3, 65, 0, 107, 19, 45, 33]","[33, 45, 19, 107, 0, 65, 3, 59, 95, 81, 29, 43, 8, 15, 41, 27, 75, 90, 77, 92, 55, 53, 119, 117, 84, 35, 34, 37, 20, 21, 22, 4, 5, 23, 104, 82, 88, 89, 87, 73, 72, 66, 80, 79, 69, 86, 24, 44, 38, 57, 56, 49, 62, 142, 141, 123, 124, 103, 125, 83, 60, 70, 2, 50, 68, 39, 47, 126, 46, 51, 52, 98, 96, 100, 11]",False,complete,669,669,2850,594,950,0,950,950,,False,,,,,,,2,95,16,95,18,18,16,18
2,10490,39,76,73,"[1, 6, 7, 9, 10, 11, 12, 13, 14, 16, 17, 18, 25, 26, 28, 30, 31, 32, 36, 40, 42, 48, 54, 58, 61, 63, 64, 67, 71, 74, 76, 78, 85, 91, 93, 94, 97, 99, 100, 101, 102, 105, 106, 108, 109, 110, 111, 112, 114, 115, 116, 118, 120, 121, 122, 127, 128, 129, 130, 131, 132, 133, 134, 135, 136, 137, 138, 139, 140, 143, 144, 145, 146, 147, 148, 149]","[0, 2, 3, 4, 5, 8, 15, 19, 20, 21, 22, 23, 24, 27, 29, 33, 34, 35, 37, 38, 39, 41, 43, 44, 45, 46, 47, 49, 50, 51, 52, 53, 55, 56, 57, 59, 60, 62, 65, 66, 68, 69, 70, 72, 73, 75, 77, 79, 80, 81, 82, 83, 84, 86, 87, 88, 89, 90, 92, 95, 96, 98, 103, 104, 107, 117, 119, 123, 124, 125, 126, 141, 142]","{""support_1"": 98, ""support_2"": 2}","[2, 98]",2,"[122, 17, 18, 32, 137, 138, 139, 140, 13, 14, 118, 116, 136, 10, 115, 36, 135, 28, 26, 105, 99, 149, 102, 144, 16, 112, 148, 145, 146, 147, 12, 71, 58, 134, 109, 61, 48, 67, 78, 93, 85, 133, 42, 40, 143, 25, 7, 129, 132, 131, 130, 54, 76, 74, 110, 108, 9, 97, 128, 63, 106, 101, 120, 114, 121, 6, 1, 94, 127, 91, 64, 111, 30, 31, 11, 100, 96, 98, 52, 51, 46, 126, 47, 39, 68, 50, 2, 70, 60, 83, 125, 104, 124, 123, 142, 141, 62, 49, 56, 57, 38, 44, 24, 86, 69, 79, 80, 66, 72, 73, 82, 89, 87, 88, 103, 23, 5, 4, 22, 21, 20, 37, 34, 35, 84, 53, 119, 77, 90, 55, 92, 117, 75, 8, 29, 41, 15, 43, 27, 0, 65, 33, 3, 19, 107, 59, 81, 95, 45]",True,7715902597,7.715902597,"[96, 98, 52, 51, 46, 126, 47, 70, 39, 2, 23, 5, 4, 22, 21, 20, 37, 34, 35, 69, 89, 73, 79, 72, 80, 66, 68, 60, 83, 50, 86, 44, 24, 125, 103, 124, 123, 142, 141, 62, 49, 56, 38, 57, 82, 87, 88, 104, 84, 77, 119, 53, 92, 55, 75, 117, 90, 8, 41, 29, 27, 43, 15, 65, 95, 33, 59, 0, 19, 107, 3, 45, 81]","[81, 45, 3, 107, 19, 0, 59, 33, 95, 65, 15, 43, 27, 29, 41, 8, 90, 117, 75, 55, 92, 53, 119, 77, 84, 104, 88, 87, 82, 57, 38, 56, 49, 62, 141, 142, 123, 124, 103, 125, 24, 44, 86, 50, 83, 60, 68, 66, 80, 72, 79, 73, 89, 69, 35, 34, 37, 20, 21, 22, 4, 5, 23, 2, 39, 70, 47, 126, 46, 51, 52, 98, 96]",False,complete,445,445,2701,372,631,0,631,631,,False,,,,,,,2,89,14,89,16,16,14,16
2,10491,40,78,71,"[1, 6, 7, 9, 10, 11, 12, 13, 14, 16, 17, 18, 25, 26, 28, 30, 31, 32, 36, 40, 42, 48, 54, 58, 61, 63, 64, 67, 71, 74, 76, 78, 85, 91, 93, 94, 96, 97, 98, 99, 100, 101, 102, 105, 106, 108, 109, 110, 111, 112, 114, 115, 116, 118, 120, 121, 122, 127, 128, 129, 130, 131, 132, 133, 134, 135, 136, 137, 138, 139, 140, 143, 144, 145, 146, 147, 148, 149]","[0, 2, 3, 4, 5, 8, 15, 19, 20, 21, 22, 23, 24, 27, 29, 33, 34, 35, 37, 38, 39, 41, 43, 44, 45, 46, 47, 49, 50, 51, 52, 53, 55, 56, 57, 59, 60, 62, 65, 66, 68, 69, 70, 72, 73, 75, 77, 79, 80, 81, 82, 83, 84, 86, 87, 88, 89, 90, 92, 95, 103, 104, 107, 117, 119, 123, 124, 125, 126, 141, 142]","{""support_2"": 2}",[2],1,"[122, 17, 18, 32, 137, 138, 139, 140, 13, 14, 118, 116, 136, 10, 115, 36, 135, 28, 26, 105, 99, 149, 102, 144, 16, 112, 148, 145, 146, 147, 12, 71, 58, 134, 109, 61, 48, 67, 78, 93, 85, 133, 42, 40, 143, 25, 7, 129, 132, 131, 130, 54, 76, 74, 110, 108, 9, 97, 128, 63, 106, 101, 120, 114, 121, 6, 1, 94, 127, 91, 64, 111, 30, 31, 11, 100, 96, 98, 52, 51, 46, 126, 47, 39, 68, 50, 2, 70, 60, 83, 125, 104, 124, 123, 142, 141, 62, 49, 56, 57, 38, 44, 24, 86, 69, 79, 80, 66, 72, 73, 82, 89, 87, 88, 103, 23, 5, 4, 22, 21, 20, 37, 34, 35, 84, 53, 119, 77, 90, 55, 92, 117, 75, 8, 29, 41, 15, 43, 27, 0, 65, 33, 3, 19, 107, 59, 81, 95, 45]",True,9409521873,9.409521873,"[52, 51, 46, 126, 2, 70, 39, 47, 23, 5, 4, 22, 21, 20, 37, 34, 35, 87, 104, 86, 125, 103, 89, 88, 83, 82, 124, 123, 141, 142, 84, 24, 44, 68, 60, 66, 73, 69, 79, 72, 50, 80, 38, 56, 49, 57, 62, 53, 55, 117, 90, 77, 75, 119, 92, 8, 15, 41, 43, 27, 29, 65, 95, 3, 33, 107, 81, 45, 0, 59, 19]","[19, 59, 0, 45, 81, 107, 33, 3, 95, 65, 29, 27, 43, 41, 15, 8, 92, 119, 75, 77, 90, 117, 55, 53, 62, 57, 49, 56, 38, 80, 50, 72, 79, 69, 73, 66, 60, 68, 44, 24, 84, 142, 141, 123, 124, 82, 83, 88, 89, 103, 125, 86, 104, 87, 35, 34, 37, 20, 21, 22, 4, 5, 23, 47, 39, 70, 2, 126, 46, 51, 52]",False,complete,498,498,2556,427,829,0,829,829,,False,,,,,,,2,87,16,87,17,17,16,17
2,10492,41,80,69,"[1, 6, 7, 9, 10, 11, 12, 13, 14, 16, 17, 18, 25, 26, 28, 30, 31, 32, 36, 40, 42, 48, 51, 52, 54, 58, 61, 63, 64, 67, 71, 74, 76, 78, 85, 91, 93, 94, 96, 97, 98, 99, 100, 101, 102, 105, 106, 108, 109, 110, 111, 112, 114, 115, 116, 118, 120, 121, 122, 127, 128, 129, 130, 131, 132, 133, 134, 135, 136, 137, 138, 139, 140, 143, 144, 145, 146, 147, 148, 149]","[0, 2, 3, 4, 5, 8, 15, 19, 20, 21, 22, 23, 24, 27, 29, 33, 34, 35, 37, 38, 39, 41, 43, 44, 45, 46, 47, 49, 50, 53, 55, 56, 57, 59, 60, 62, 65, 66, 68, 69, 70, 72, 73, 75, 77, 79, 80, 81, 82, 83, 84, 86, 87, 88, 89, 90, 92, 95, 103, 104, 107, 117, 119, 123, 124, 125, 126, 141, 142]","{""support_1"": 47, ""support_2"": 2}","[2, 47]",2,"[122, 17, 18, 32, 137, 138, 139, 140, 13, 14, 118, 116, 136, 10, 115, 36, 135, 28, 26, 105, 99, 149, 102, 144, 16, 112, 148, 145, 146, 147, 12, 71, 58, 134, 109, 61, 48, 67, 78, 93, 85, 133, 42, 40, 143, 25, 7, 129, 132, 131, 130, 54, 76, 74, 110, 108, 9, 97, 128, 63, 106, 101, 120, 114, 121, 6, 1, 94, 127, 91, 64, 111, 30, 31, 11, 100, 96, 98, 52, 51, 46, 126, 47, 39, 68, 50, 2, 70, 60, 83, 125, 104, 124, 123, 142, 141, 62, 49, 56, 57, 38, 44, 24, 86, 69, 79, 80, 66, 72, 73, 82, 89, 87, 88, 103, 23, 5, 4, 22, 21, 20, 37, 34, 35, 84, 53, 119, 77, 90, 55, 92, 117, 75, 8, 29, 41, 15, 43, 27, 0, 65, 33, 3, 19, 107, 59, 81, 95, 45]",True,9309738776,9.309738776,"[46, 126, 47, 39, 68, 50, 2, 70, 60, 83, 125, 104, 124, 123, 141, 142, 62, 49, 56, 57, 38, 44, 24, 86, 69, 79, 80, 66, 72, 73, 82, 89, 87, 88, 103, 23, 5, 4, 22, 21, 20, 37, 34, 35, 84, 90, 92, 119, 55, 117, 75, 53, 77, 8, 43, 15, 29, 41, 27, 19, 3, 59, 65, 33, 45, 81, 0, 107, 95]","[95, 107, 0, 81, 45, 33, 65, 59, 3, 19, 27, 41, 29, 15, 43, 8, 77, 53, 75, 117, 55, 119, 92, 90, 84, 35, 34, 37, 20, 21, 22, 4, 5, 23, 103, 88, 87, 89, 82, 73, 72, 66, 80, 79, 69, 86, 24, 44, 38, 57, 56, 49, 62, 142, 141, 123, 124, 104, 125, 83, 60, 70, 2, 50, 68, 39, 47, 126, 46]",False,complete,608,608,2415,539,822,0,822,822,,False,,,,,,,2,84,16,84,18,18,16,18
2,10493,42,82,67,"[1, 6, 7, 9, 10, 11, 12, 13, 14, 16, 17, 18, 25, 26, 28, 30, 31, 32, 36, 40, 42, 46, 48, 51, 52, 54, 58, 61, 63, 64, 67, 71, 74, 76, 78, 85, 91, 93, 94, 96, 97, 98, 99, 100, 101, 102, 105, 106, 108, 109, 110, 111, 112, 114, 115, 116, 118, 120, 121, 122, 126, 127, 128, 129, 130, 131, 132, 133, 134, 135, 136, 137, 138, 139, 140, 143, 144, 145, 146, 147, 148, 149]","[0, 2, 3, 4, 5, 8, 15, 19, 20, 21, 22, 23, 24, 27, 29, 33, 34, 35, 37, 38, 39, 41, 43, 44, 45, 47, 49, 50, 53, 55, 56, 57, 59, 60, 62, 65, 66, 68, 69, 70, 72, 73, 75, 77, 79, 80, 81, 82, 83, 84, 86, 87, 88, 89, 90, 92, 95, 103, 104, 107, 117, 119, 123, 124, 125, 141, 142]","{""support_1"": 47, ""support_2"": 2}","[2, 47]",2,"[122, 17, 18, 32, 137, 138, 139, 140, 13, 14, 118, 116, 136, 10, 115, 36, 135, 28, 26, 105, 99, 149, 102, 144, 16, 112, 148, 145, 146, 147, 12, 71, 58, 134, 109, 61, 48, 67, 78, 93, 85, 133, 42, 40, 143, 25, 7, 129, 132, 131, 130, 54, 76, 74, 110, 108, 9, 97, 128, 63, 106, 101, 120, 114, 121, 6, 1, 94, 127, 91, 64, 111, 30, 31, 11, 100, 96, 98, 52, 51, 46, 126, 47, 39, 68, 50, 2, 70, 60, 83, 125, 104, 124, 123, 142, 141, 62, 49, 56, 57, 38, 44, 24, 86, 69, 79, 80, 66, 72, 73, 82, 89, 87, 88, 103, 23, 5, 4, 22, 21, 20, 37, 34, 35, 84, 53, 119, 77, 90, 55, 92, 117, 75, 8, 29, 41, 15, 43, 27, 0, 65, 33, 3, 19, 107, 59, 81, 95, 45]",True,8099077145,8.099077145,"[47, 70, 39, 2, 23, 5, 4, 22, 21, 20, 37, 34, 35, 87, 104, 86, 125, 103, 89, 88, 83, 82, 124, 123, 141, 142, 84, 24, 44, 68, 66, 73, 60, 69, 79, 72, 50, 80, 38, 56, 49, 57, 62, 77, 90, 92, 75, 53, 55, 119, 117, 41, 29, 15, 27, 8, 43, 59, 3, 107, 95, 65, 81, 0, 45, 33, 19]","[19, 33, 45, 0, 81, 65, 95, 107, 3, 59, 43, 8, 27, 15, 29, 41, 117, 119, 55, 53, 75, 92, 90, 77, 62, 57, 49, 56, 38, 80, 50, 72, 79, 69, 60, 73, 66, 68, 44, 24, 84, 142, 141, 123, 124, 82, 83, 88, 89, 103, 125, 86, 104, 87, 35, 34, 37, 20, 21, 22, 4, 5, 23, 2, 39, 70, 47]",False,complete,458,458,2278,391,741,0,741,741,,False,,,,,,,2,79,15,79,16,16,15,17
2,10494,43,84,65,"[1, 6, 7, 9, 10, 11, 12, 13, 14, 16, 17, 18, 25, 26, 28, 30, 31, 32, 36, 39, 40, 42, 46, 47, 48, 51, 52, 54, 58, 61, 63, 64, 67, 71, 74, 76, 78, 85, 91, 93, 94, 96, 97, 98, 99, 100, 101, 102, 105, 106, 108, 109, 110, 111, 112, 114, 115, 116, 118, 120, 121, 122, 126, 127, 128, 129, 130, 131, 132, 133, 134, 135, 136, 137, 138, 139, 140, 143, 144, 145, 146, 147, 148, 149]","[0, 2, 3, 4, 5, 8, 15, 19, 20, 21, 22, 23, 24, 27, 29, 33, 34, 35, 37, 38, 41, 43, 44, 45, 49, 50, 53, 55, 56, 57, 59, 60, 62, 65, 66, 68, 69, 70, 72, 73, 75, 77, 79, 80, 81, 82, 83, 84, 86, 87, 88, 89, 90, 92, 95, 103, 104, 107, 117, 119, 123, 124, 125, 141, 142]","{""support_1"": 62, ""support_2"": 2}","[2, 62]",2,"[122, 17, 18, 32, 137, 138, 139, 140, 13, 14, 118, 116, 136, 10, 115, 36, 135, 28, 26, 105, 99, 149, 102, 144, 16, 112, 148, 145, 146, 147, 12, 71, 58, 134, 109, 61, 48, 67, 78, 93, 85, 133, 42, 40, 143, 25, 7, 129, 132, 131, 130, 54, 76, 74, 110, 108, 9, 97, 128, 63, 106, 101, 120, 114, 121, 6, 1, 94, 127, 91, 64, 111, 30, 31, 11, 100, 96, 98, 52, 51, 46, 126, 47, 39, 68, 50, 2, 70, 60, 83, 125, 104, 124, 123, 142, 141, 62, 49, 56, 57, 38, 44, 24, 86, 69, 79, 80, 66, 72, 73, 82, 89, 87, 88, 103, 23, 5, 4, 22, 21, 20, 37, 34, 35, 84, 53, 119, 77, 90, 55, 92, 117, 75, 8, 29, 41, 15, 43, 27, 0, 65, 33, 3, 19, 107, 59, 81, 95, 45]",True,7452823875,7.452823875,"[68, 50, 2, 70, 60, 83, 125, 104, 124, 123, 141, 142, 62, 49, 56, 57, 38, 44, 24, 86, 69, 79, 80, 66, 72, 73, 82, 89, 87, 88, 103, 23, 5, 4, 22, 21, 20, 37, 34, 35, 84, 92, 75, 119, 77, 55, 90, 117, 53, 15, 29, 8, 27, 43, 41, 33, 65, 107, 95, 0, 81, 59, 45, 19, 3]","[3, 19, 45, 59, 81, 0, 95, 107, 65, 33, 41, 43, 27, 8, 29, 15, 53, 117, 90, 55, 77, 119, 75, 92, 84, 35, 34, 37, 20, 21, 22, 4, 5, 23, 103, 88, 87, 89, 82, 73, 72, 66, 80, 79, 69, 86, 24, 44, 38, 57, 56, 49, 62, 142, 141, 123, 124, 104, 125, 83, 60, 70, 2, 50, 68]",False,complete,532,532,2145,467,707,0,707,707,,False,,,,,,,2,77,15,77,17,17,15,17
2,10495,44,86,63,"[1, 6, 7, 9, 10, 11, 12, 13, 14, 16, 17, 18, 25, 26, 28, 30, 31, 32, 36, 39, 40, 42, 46, 47, 48, 50, 51, 52, 54, 58, 61, 63, 64, 67, 68, 71, 74, 76, 78, 85, 91, 93, 94, 96, 97, 98, 99, 100, 101, 102, 105, 106, 108, 109, 110, 111, 112, 114, 115, 116, 118, 120, 121, 122, 126, 127, 128, 129, 130, 131, 132, 133, 134, 135, 136, 137, 138, 139, 140, 143, 144, 145, 146, 147, 148, 149]","[0, 2, 3, 4, 5, 8, 15, 19, 20, 21, 22, 23, 24, 27, 29, 33, 34, 35, 37, 38, 41, 43, 44, 45, 49, 53, 55, 56, 57, 59, 60, 62, 65, 66, 69, 70, 72, 73, 75, 77, 79, 80, 81, 82, 83, 84, 86, 87, 88, 89, 90, 92, 95, 103, 104, 107, 117, 119, 123, 124, 125, 141, 142]","{""support_1"": 62, ""support_2"": 2}","[2, 62]",2,"[122, 17, 18, 32, 137, 138, 139, 140, 13, 14, 118, 116, 136, 10, 115, 36, 135, 28, 26, 105, 99, 149, 102, 144, 16, 112, 148, 145, 146, 147, 12, 71, 58, 134, 109, 61, 48, 67, 78, 93, 85, 133, 42, 40, 143, 25, 7, 129, 132, 131, 130, 54, 76, 74, 110, 108, 9, 97, 128, 63, 106, 101, 120, 114, 121, 6, 1, 94, 127, 91, 64, 111, 30, 31, 11, 100, 96, 98, 52, 51, 46, 126, 47, 39, 68, 50, 2, 70, 60, 83, 125, 104, 124, 123, 142, 141, 62, 49, 56, 57, 38, 44, 24, 86, 69, 79, 80, 66, 72, 73, 82, 89, 87, 88, 103, 23, 5, 4, 22, 21, 20, 37, 34, 35, 84, 53, 119, 77, 90, 55, 92, 117, 75, 8, 29, 41, 15, 43, 27, 0, 65, 33, 3, 19, 107, 59, 81, 95, 45]",True,7029980902,7.029980902,"[2, 70, 60, 83, 125, 103, 124, 123, 141, 142, 62, 49, 56, 57, 38, 44, 24, 86, 69, 79, 80, 66, 72, 73, 87, 89, 88, 82, 104, 23, 5, 4, 22, 21, 20, 37, 34, 35, 84, 117, 55, 77, 53, 92, 119, 75, 90, 8, 29, 15, 43, 41, 27, 45, 33, 3, 107, 95, 81, 0, 59, 19, 65]","[65, 19, 59, 0, 81, 95, 107, 3, 33, 45, 27, 41, 43, 15, 29, 8, 90, 75, 119, 92, 53, 77, 55, 117, 84, 35, 34, 37, 20, 21, 22, 4, 5, 23, 104, 82, 88, 89, 87, 73, 72, 66, 80, 79, 69, 86, 24, 44, 38, 57, 56, 49, 62, 142, 141, 123, 124, 103, 125, 83, 60, 70, 2]",False,complete,497,497,2016,434,678,0,678,678,,False,,,,,,,2,73,14,73,15,15,14,16
2,10496,45,88,61,"[1, 2, 6, 7, 9, 10, 11, 12, 13, 14, 16, 17, 18, 25, 26, 28, 30, 31, 32, 36, 39, 40, 42, 46, 47, 48, 50, 51, 52, 54, 58, 61, 63, 64, 67, 68, 70, 71, 74, 76, 78, 85, 91, 93, 94, 96, 97, 98, 99, 100, 101, 102, 105, 106, 108, 109, 110, 111, 112, 114, 115, 116, 118, 120, 121, 122, 126, 127, 128, 129, 130, 131, 132, 133, 134, 135, 136, 137, 138, 139, 140, 143, 144, 145, 146, 147, 148, 149]","[0, 3, 4, 5, 8, 15, 19, 20, 21, 22, 23, 24, 27, 29, 33, 34, 35, 37, 38, 41, 43, 44, 45, 49, 53, 55, 56, 57, 59, 60, 62, 65, 66, 69, 72, 73, 75, 77, 79, 80, 81, 82, 83, 84, 86, 87, 88, 89, 90, 92, 95, 103, 104, 107, 117, 119, 123, 124, 125, 141, 142]","{""support_1"": 62, ""support_2"": 86}","[62, 86]",2,"[122, 17, 18, 32, 137, 138, 139, 140, 13, 14, 118, 116, 136, 10, 115, 36, 135, 28, 26, 105, 99, 149, 102, 144, 16, 112, 148, 145, 146, 147, 12, 71, 58, 134, 109, 61, 48, 67, 78, 93, 85, 133, 42, 40, 143, 25, 7, 129, 132, 131, 130, 54, 76, 74, 110, 108, 9, 97, 128, 63, 106, 101, 120, 114, 121, 6, 1, 94, 127, 91, 64, 111, 30, 31, 11, 100, 96, 98, 52, 51, 46, 126, 47, 39, 68, 50, 2, 70, 60, 83, 125, 104, 124, 123, 142, 141, 62, 49, 56, 57, 38, 44, 24, 86, 69, 79, 80, 66, 72, 73, 82, 89, 87, 88, 103, 23, 5, 4, 22, 21, 20, 37, 34, 35, 84, 53, 119, 77, 90, 55, 92, 117, 75, 8, 29, 41, 15, 43, 27, 0, 65, 33, 3, 19, 107, 59, 81, 95, 45]",True,5916076463,5.916076463,"[60, 83, 125, 103, 124, 123, 141, 142, 62, 49, 56, 57, 38, 44, 24, 86, 69, 79, 80, 66, 72, 73, 87, 89, 88, 82, 104, 23, 5, 4, 22, 21, 20, 37, 34, 35, 84, 53, 117, 90, 55, 77, 119, 75, 92, 41, 8, 27, 43, 29, 15, 19, 3, 95, 81, 33, 0, 59, 45, 65, 107]","[107, 65, 45, 59, 0, 33, 81, 95, 3, 19, 15, 29, 43, 27, 8, 41, 92, 75, 119, 77, 55, 90, 117, 53, 84, 35, 34, 37, 20, 21, 22, 4, 5, 23, 104, 82, 88, 89, 87, 73, 72, 66, 80, 79, 69, 86, 24, 44, 38, 57, 56, 49, 62, 142, 141, 123, 124, 103, 125, 83, 60]",False,complete,463,463,1891,402,600,0,600,600,,False,,,,,,,2,70,13,70,15,15,13,15
2,10497,46,90,59,"[1, 2, 6, 7, 9, 10, 11, 12, 13, 14, 16, 17, 18, 25, 26, 28, 30, 31, 32, 36, 39, 40, 42, 46, 47, 48, 50, 51, 52, 54, 58, 60, 61, 63, 64, 67, 68, 70, 71, 74, 76, 78, 83, 85, 91, 93, 94, 96, 97, 98, 99, 100, 101, 102, 105, 106, 108, 109, 110, 111, 112, 114, 115, 116, 118, 120, 121, 122, 126, 127, 128, 129, 130, 131, 132, 133, 134, 135, 136, 137, 138, 139, 140, 143, 144, 145, 146, 147, 148, 149]","[0, 3, 4, 5, 8, 15, 19, 20, 21, 22, 23, 24, 27, 29, 33, 34, 35, 37, 38, 41, 43, 44, 45, 49, 53, 55, 56, 57, 59, 62, 65, 66, 69, 72, 73, 75, 77, 79, 80, 81, 82, 84, 86, 87, 88, 89, 90, 92, 95, 103, 104, 107, 117, 119, 123, 124, 125, 141, 142]","{""support_1"": 62, ""support_2"": 86}","[62, 86]",2,"[122, 17, 18, 32, 137, 138, 139, 140, 13, 14, 118, 116, 136, 10, 115, 36, 135, 28, 26, 105, 99, 149, 102, 144, 16, 112, 148, 145, 146, 147, 12, 71, 58, 134, 109, 61, 48, 67, 78, 93, 85, 133, 42, 40, 143, 25, 7, 129, 132, 131, 130, 54, 76, 74, 110, 108, 9, 97, 128, 63, 106, 101, 120, 114, 121, 6, 1, 94, 127, 91, 64, 111, 30, 31, 11, 100, 96, 98, 52, 51, 46, 126, 47, 39, 68, 50, 2, 70, 60, 83, 125, 104, 124, 123, 142, 141, 62, 49, 56, 57, 38, 44, 24, 86, 69, 79, 80, 66, 72, 73, 82, 89, 87, 88, 103, 23, 5, 4, 22, 21, 20, 37, 34, 35, 84, 53, 119, 77, 90, 55, 92, 117, 75, 8, 29, 41, 15, 43, 27, 0, 65, 33, 3, 19, 107, 59, 81, 95, 45]",True,5574341109,5.574341109,"[125, 104, 124, 123, 142, 141, 62, 49, 56, 57, 38, 44, 24, 86, 69, 79, 80, 66, 72, 73, 87, 89, 88, 82, 103, 23, 5, 4, 22, 21, 20, 37, 34, 35, 84, 53, 117, 92, 55, 90, 119, 77, 75, 15, 29, 41, 8, 27, 43, 45, 59, 33, 65, 95, 81, 0, 107, 19, 3]","[3, 19, 107, 0, 81, 95, 65, 33, 59, 45, 43, 27, 8, 41, 29, 15, 75, 77, 119, 90, 55, 92, 117, 53, 84, 35, 34, 37, 20, 21, 22, 4, 5, 23, 103, 82, 88, 89, 87, 73, 72, 66, 80, 79, 69, 86, 24, 44, 38, 57, 56, 49, 62, 141, 142, 123, 124, 104, 125]",False,complete,436,436,1770,377,573,0,573,573,,False,,,,,,,2,66,13,66,15,15,13,15
2,10498,47,92,57,"[1, 2, 6, 7, 9, 10, 11, 12, 13, 14, 16, 17, 18, 25, 26, 28, 30, 31, 32, 36, 39, 40, 42, 46, 47, 48, 50, 51, 52, 54, 58, 60, 61, 63, 64, 67, 68, 70, 71, 74, 76, 78, 83, 85, 91, 93, 94, 96, 97, 98, 99, 100, 101, 102, 104, 105, 106, 108, 109, 110, 111, 112, 114, 115, 116, 118, 120, 121, 122, 125, 126, 127, 128, 129, 130, 131, 132, 133, 134, 135, 136, 137, 138, 139, 140, 143, 144, 145, 146, 147, 148, 149]","[0, 3, 4, 5, 8, 15, 19, 20, 21, 22, 23, 24, 27, 29, 33, 34, 35, 37, 38, 41, 43, 44, 45, 49, 53, 55, 56, 57, 59, 62, 65, 66, 69, 72, 73, 75, 77, 79, 80, 81, 82, 84, 86, 87, 88, 89, 90, 92, 95, 103, 107, 117, 119, 123, 124, 141, 142]","{""support_1"": 62, ""support_2"": 86}","[62, 86]",2,"[122, 17, 18, 32, 137, 138, 139, 140, 13, 14, 118, 116, 136, 10, 115, 36, 135, 28, 26, 105, 99, 149, 102, 144, 16, 112, 148, 145, 146, 147, 12, 71, 58, 134, 109, 61, 48, 67, 78, 93, 85, 133, 42, 40, 143, 25, 7, 129, 132, 131, 130, 54, 76, 74, 110, 108, 9, 97, 128, 63, 106, 101, 120, 114, 121, 6, 1, 94, 127, 91, 64, 111, 30, 31, 11, 100, 96, 98, 52, 51, 46, 126, 47, 39, 68, 50, 2, 70, 60, 83, 125, 104, 124, 123, 142, 141, 62, 49, 56, 57, 38, 44, 24, 86, 69, 79, 80, 66, 72, 73, 82, 89, 87, 88, 103, 23, 5, 4, 22, 21, 20, 37, 34, 35, 84, 53, 119, 77, 90, 55, 92, 117, 75, 8, 29, 41, 15, 43, 27, 0, 65, 33, 3, 19, 107, 59, 81, 95, 45]",True,4602419561,4.602419561,"[124, 123, 142, 141, 62, 49, 56, 57, 38, 44, 24, 86, 69, 79, 80, 66, 72, 73, 82, 89, 87, 88, 103, 23, 5, 4, 22, 21, 20, 37, 34, 35, 84, 90, 77, 119, 55, 117, 75, 53, 92, 8, 27, 29, 41, 43, 15, 95, 81, 45, 3, 33, 19, 59, 0, 65, 107]","[107, 65, 0, 59, 19, 33, 3, 45, 81, 95, 15, 43, 41, 29, 27, 8, 92, 53, 75, 117, 55, 119, 77, 90, 84, 35, 34, 37, 20, 21, 22, 4, 5, 23, 103, 88, 87, 89, 82, 73, 72, 66, 80, 79, 69, 86, 24, 44, 38, 57, 56, 49, 62, 141, 142, 123, 124]",False,complete,374,374,1653,317,497,0,497,497,,False,,,,,,,2,62,14,62,16,16,14,16
2,10499,48,94,55,"[1, 2, 6, 7, 9, 10, 11, 12, 13, 14, 16, 17, 18, 25, 26, 28, 30, 31, 32, 36, 39, 40, 42, 46, 47, 48, 50, 51, 52, 54, 58, 60, 61, 63, 64, 67, 68, 70, 71, 74, 76, 78, 83, 85, 91, 93, 94, 96, 97, 98, 99, 100, 101, 102, 104, 105, 106, 108, 109, 110, 111, 112, 114, 115, 116, 118, 120, 121, 122, 123, 124, 125, 126, 127, 128, 129, 130, 131, 132, 133, 134, 135, 136, 137, 138, 139, 140, 143, 144, 145, 146, 147, 148, 149]","[0, 3, 4, 5, 8, 15, 19, 20, 21, 22, 23, 24, 27, 29, 33, 34, 35, 37, 38, 41, 43, 44, 45, 49, 53, 55, 56, 57, 59, 62, 65, 66, 69, 72, 73, 75, 77, 79, 80, 81, 82, 84, 86, 87, 88, 89, 90, 92, 95, 103, 107, 117, 119, 141, 142]","{""support_1"": 62, ""support_2"": 86}","[62, 86]",2,"[122, 17, 18, 32, 137, 138, 139, 140, 13, 14, 118, 116, 136, 10, 115, 36, 135, 28, 26, 105, 99, 149, 102, 144, 16, 112, 148, 145, 146, 147, 12, 71, 58, 134, 109, 61, 48, 67, 78, 93, 85, 133, 42, 40, 143, 25, 7, 129, 132, 131, 130, 54, 76, 74, 110, 108, 9, 97, 128, 63, 106, 101, 120, 114, 121, 6, 1, 94, 127, 91, 64, 111, 30, 31, 11, 100, 96, 98, 52, 51, 46, 126, 47, 39, 68, 50, 2, 70, 60, 83, 125, 104, 124, 123, 142, 141, 62, 49, 56, 57, 38, 44, 24, 86, 69, 79, 80, 66, 72, 73, 82, 89, 87, 88, 103, 23, 5, 4, 22, 21, 20, 37, 34, 35, 84, 53, 119, 77, 90, 55, 92, 117, 75, 8, 29, 41, 15, 43, 27, 0, 65, 33, 3, 19, 107, 59, 81, 95, 45]",True,3637938902,3.637938902,"[141, 142, 62, 49, 56, 57, 38, 44, 24, 86, 69, 79, 80, 66, 72, 73, 82, 89, 87, 88, 103, 23, 5, 4, 22, 21, 20, 37, 34, 35, 84, 55, 75, 53, 77, 90, 119, 117, 92, 29, 15, 27, 43, 41, 8, 33, 59, 107, 19, 45, 3, 95, 0, 81, 65]","[65, 81, 0, 95, 3, 45, 19, 107, 59, 33, 8, 41, 43, 27, 15, 29, 92, 117, 119, 90, 77, 53, 75, 55, 84, 35, 34, 37, 20, 21, 22, 4, 5, 23, 103, 88, 87, 89, 82, 73, 72, 66, 80, 79, 69, 86, 24, 44, 38, 57, 56, 49, 62, 142, 141]",False,complete,319,319,1540,264,414,0,414,414,,False,,,,,,,2,58,14,58,16,16,14,16
2,10500,49,96,53,"[1, 2, 6, 7, 9, 10, 11, 12, 13, 14, 16, 17, 18, 25, 26, 28, 30, 31, 32, 36, 39, 40, 42, 46, 47, 48, 50, 51, 52, 54, 58, 60, 61, 63, 64, 67, 68, 70, 71, 74, 76, 78, 83, 85, 91, 93, 94, 96, 97, 98, 99, 100, 101, 102, 104, 105, 106, 108, 109, 110, 111, 112, 114, 115, 116, 118, 120, 121, 122, 123, 124, 125, 126, 127, 128, 129, 130, 131, 132, 133, 134, 135, 136, 137, 138, 139, 140, 141, 142, 143, 144, 145, 146, 147, 148, 149]","[0, 3, 4, 5, 8, 15, 19, 20, 21, 22, 23, 24, 27, 29, 33, 34, 35, 37, 38, 41, 43, 44, 45, 49, 53, 55, 56, 57, 59, 62, 65, 66, 69, 72, 73, 75, 77, 79, 80, 81, 82, 84, 86, 87, 88, 89, 90, 92, 95, 103, 107, 117, 119]","{""support_1"": 62, ""support_2"": 86}","[62, 86]",2,"[122, 17, 18, 32, 137, 138, 139, 140, 13, 14, 118, 116, 136, 10, 115, 36, 135, 28, 26, 105, 99, 149, 102, 144, 16, 112, 148, 145, 146, 147, 12, 71, 58, 134, 109, 61, 48, 67, 78, 93, 85, 133, 42, 40, 143, 25, 7, 129, 132, 131, 130, 54, 76, 74, 110, 108, 9, 97, 128, 63, 106, 101, 120, 114, 121, 6, 1, 94, 127, 91, 64, 111, 30, 31, 11, 100, 96, 98, 52, 51, 46, 126, 47, 39, 68, 50, 2, 70, 60, 83, 125, 104, 124, 123, 142, 141, 62, 49, 56, 57, 38, 44, 24, 86, 69, 79, 80, 66, 72, 73, 82, 89, 87, 88, 103, 23, 5, 4, 22, 21, 20, 37, 34, 35, 84, 53, 119, 77, 90, 55, 92, 117, 75, 8, 29, 41, 15, 43, 27, 0, 65, 33, 3, 19, 107, 59, 81, 95, 45]",True,2626723306,2.626723306,"[62, 49, 56, 57, 38, 44, 24, 86, 69, 79, 80, 66, 72, 73, 82, 89, 87, 88, 103, 23, 5, 4, 22, 21, 20, 37, 34, 35, 84, 90, 77, 75, 92, 119, 55, 53, 117, 29, 8, 15, 27, 41, 43, 81, 19, 45, 33, 3, 95, 65, 0, 59, 107]","[107, 59, 0, 65, 95, 3, 33, 45, 19, 81, 43, 41, 27, 15, 8, 29, 117, 53, 55, 119, 92, 75, 77, 90, 84, 35, 34, 37, 20, 21, 22, 4, 5, 23, 103, 88, 87, 89, 82, 73, 72, 66, 80, 79, 69, 86, 24, 44, 38, 57, 56, 49, 62]",False,complete,261,261,1431,208,328,0,328,328,,False,,,,,,,2,54,14,54,15,15,14,16
2,10501,50,98,51,"[1, 2, 6, 7, 9, 10, 11, 12, 13, 14, 16, 17, 18, 25, 26, 28, 30, 31, 32, 36, 39, 40, 42, 46, 47, 48, 49, 50, 51, 52, 54, 58, 60, 61, 62, 63, 64, 67, 68, 70, 71, 74, 76, 78, 83, 85, 91, 93, 94, 96, 97, 98, 99, 100, 101, 102, 104, 105, 106, 108, 109, 110, 111, 112, 114, 115, 116, 118, 120, 121, 122, 123, 124, 125, 126, 127, 128, 129, 130, 131, 132, 133, 134, 135, 136, 137, 138, 139, 140, 141, 142, 143, 144, 145, 146, 147, 148, 149]","[0, 3, 4, 5, 8, 15, 19, 20, 21, 22, 23, 24, 27, 29, 33, 34, 35, 37, 38, 41, 43, 44, 45, 53, 55, 56, 57, 59, 65, 66, 69, 72, 73, 75, 77, 79, 80, 81, 82, 84, 86, 87, 88, 89, 90, 92, 95, 103, 107, 117, 119]","{""support_1"": 57, ""support_2"": 86}","[57, 86]",2,"[122, 17, 18, 32, 137, 138, 139, 140, 13, 14, 118, 116, 136, 10, 115, 36, 135, 28, 26, 105, 99, 149, 102, 144, 16, 112, 148, 145, 146, 147, 12, 71, 58, 134, 109, 61, 48, 67, 78, 93, 85, 133, 42, 40, 143, 25, 7, 129, 132, 131, 130, 54, 76, 74, 110, 108, 9, 97, 128, 63, 106, 101, 120, 114, 121, 6, 1, 94, 127, 91, 64, 111, 30, 31, 11, 100, 96, 98, 52, 51, 46, 126, 47, 39, 68, 50, 2, 70, 60, 83, 125, 104, 124, 123, 142, 141, 62, 49, 56, 57, 38, 44, 24, 86, 69, 79, 80, 66, 72, 73, 82, 89, 87, 88, 103, 23, 5, 4, 22, 21, 20, 37, 34, 35, 84, 53, 119, 77, 90, 55, 92, 117, 75, 8, 29, 41, 15, 43, 27, 0, 65, 33, 3, 19, 107, 59, 81, 95, 45]",True,2162249853,2.162249853,"[56, 57, 38, 44, 24, 86, 69, 79, 80, 66, 72, 73, 87, 89, 88, 82, 103, 23, 5, 4, 22, 21, 20, 37, 34, 35, 84, 77, 119, 92, 75, 53, 55, 117, 90, 27, 41, 29, 8, 43, 15, 0, 3, 81, 65, 45, 107, 59, 19, 33, 95]","[95, 33, 19, 59, 107, 45, 65, 81, 3, 0, 15, 43, 8, 29, 41, 27, 90, 117, 55, 53, 75, 92, 119, 77, 84, 35, 34, 37, 20, 21, 22, 4, 5, 23, 103, 82, 88, 89, 87, 73, 72, 66, 80, 79, 69, 86, 24, 44, 38, 57, 56]",False,complete,235,235,1326,184,284,0,284,284,,False,,,,,,,2,50,12,50,14,14,12,14
2,10502,51,100,49,"[1, 2, 6, 7, 9, 10, 11, 12, 13, 14, 16, 17, 18, 25, 26, 28, 30, 31, 32, 36, 39, 40, 42, 46, 47, 48, 49, 50, 51, 52, 54, 56, 57, 58, 60, 61, 62, 63, 64, 67, 68, 70, 71, 74, 76, 78, 83, 85, 91, 93, 94, 96, 97, 98, 99, 100, 101, 102, 104, 105, 106, 108, 109, 110, 111, 112, 114, 115, 116, 118, 120, 121, 122, 123, 124, 125, 126, 127, 128, 129, 130, 131, 132, 133, 134, 135, 136, 137, 138, 139, 140, 141, 142, 143, 144, 145, 146, 147, 148, 149]","[0, 3, 4, 5, 8, 15, 19, 20, 21, 22, 23, 24, 27, 29, 33, 34, 35, 37, 38, 41, 43, 44, 45, 53, 55, 59, 65, 66, 69, 72, 73, 75, 77, 79, 80, 81, 82, 84, 86, 87, 88, 89, 90, 92, 95, 103, 107, 117, 119]","{""support_1"": 44, ""support_2"": 86}","[44, 86]",2,"[122, 17, 18, 32, 137, 138, 139, 140, 13, 14, 118, 116, 136, 10, 115, 36, 135, 28, 26, 105, 99, 149, 102, 144, 16, 112, 148, 145, 146, 147, 12, 71, 58, 134, 109, 61, 48, 67, 78, 93, 85, 133, 42, 40, 143, 25, 7, 129, 132, 131, 130, 54, 76, 74, 110, 108, 9, 97, 128, 63, 106, 101, 120, 114, 121, 6, 1, 94, 127, 91, 64, 111, 30, 31, 11, 100, 96, 98, 52, 51, 46, 126, 47, 39, 68, 50, 2, 70, 60, 83, 125, 104, 124, 123, 142, 141, 62, 49, 56, 57, 38, 44, 24, 86, 69, 79, 80, 66, 72, 73, 82, 89, 87, 88, 103, 23, 5, 4, 22, 21, 20, 37, 34, 35, 84, 53, 119, 77, 90, 55, 92, 117, 75, 8, 29, 41, 15, 43, 27, 0, 65, 33, 3, 19, 107, 59, 81, 95, 45]",True,1680635900,1.680635900,"[38, 44, 24, 86, 69, 79, 80, 66, 72, 73, 87, 89, 88, 82, 103, 23, 5, 4, 22, 21, 20, 37, 34, 35, 84, 117, 119, 55, 90, 77, 92, 75, 53, 8, 29, 15, 27, 43, 41, 19, 81, 107, 0, 33, 59, 65, 95, 3, 45]","[45, 3, 95, 65, 59, 33, 0, 107, 81, 19, 41, 43, 27, 15, 29, 8, 53, 75, 92, 77, 90, 55, 119, 117, 84, 35, 34, 37, 20, 21, 22, 4, 5, 23, 103, 82, 88, 89, 87, 73, 72, 66, 80, 79, 69, 86, 24, 44, 38]",False,complete,193,193,1225,144,240,0,240,240,,False,,,,,,,2,46,11,46,13,13,11,13
2,10503,52,102,47,"[1, 2, 6, 7, 9, 10, 11, 12, 13, 14, 16, 17, 18, 25, 26, 28, 30, 31, 32, 36, 38, 39, 40, 42, 44, 46, 47, 48, 49, 50, 51, 52, 54, 56, 57, 58, 60, 61, 62, 63, 64, 67, 68, 70, 71, 74, 76, 78, 83, 85, 91, 93, 94, 96, 97, 98, 99, 100, 101, 102, 104, 105, 106, 108, 109, 110, 111, 112, 114, 115, 116, 118, 120, 121, 122, 123, 124, 125, 126, 127, 128, 129, 130, 131, 132, 133, 134, 135, 136, 137, 138, 139, 140, 141, 142, 143, 144, 145, 146, 147, 148, 149]","[0, 3, 4, 5, 8, 15, 19, 20, 21, 22, 23, 24, 27, 29, 33, 34, 35, 37, 41, 43, 45, 53, 55, 59, 65, 66, 69, 72, 73, 75, 77, 79, 80, 81, 82, 84, 86, 87, 88, 89, 90, 92, 95, 103, 107, 117, 119]","{""support_1"": 84, ""support_2"": 86}","[84, 86]",2,"[122, 17, 18, 32, 137, 138, 139, 140, 13, 14, 118, 116, 136, 10, 115, 36, 135, 28, 26, 105, 99, 149, 102, 144, 16, 112, 148, 145, 146, 147, 12, 71, 58, 134, 109, 61, 48, 67, 78, 93, 85, 133, 42, 40, 143, 25, 7, 129, 132, 131, 130, 54, 76, 74, 110, 108, 9, 97, 128, 63, 106, 101, 120, 114, 121, 6, 1, 94, 127, 91, 64, 111, 30, 31, 11, 100, 96, 98, 52, 51, 46, 126, 47, 39, 68, 50, 2, 70, 60, 83, 125, 104, 124, 123, 142, 141, 62, 49, 56, 57, 38, 44, 24, 86, 69, 79, 80, 66, 72, 73, 82, 89, 87, 88, 103, 23, 5, 4, 22, 21, 20, 37, 34, 35, 84, 53, 119, 77, 90, 55, 92, 117, 75, 8, 29, 41, 15, 43, 27, 0, 65, 33, 3, 19, 107, 59, 81, 95, 45]",True,1401495495,1.401495495,"[24, 86, 69, 79, 80, 66, 72, 73, 82, 89, 87, 88, 103, 23, 5, 4, 22, 21, 20, 37, 34, 35, 84, 53, 90, 92, 55, 117, 77, 75, 119, 29, 41, 27, 8, 15, 43, 3, 81, 107, 33, 59, 0, 65, 19, 45, 95]","[95, 45, 19, 65, 0, 59, 33, 107, 81, 3, 43, 15, 8, 27, 41, 29, 119, 75, 77, 117, 55, 92, 90, 53, 84, 35, 34, 37, 20, 21, 22, 4, 5, 23, 103, 88, 87, 89, 82, 73, 72, 66, 80, 79, 69, 86, 24]",False,complete,163,163,1128,116,211,0,211,211,,False,,,,,,,2,42,11,42,13,13,11,13
2,10504,53,104,45,"[1, 2, 6, 7, 9, 10, 11, 12, 13, 14, 16, 17, 18, 24, 25, 26, 28, 30, 31, 32, 36, 38, 39, 40, 42, 44, 46, 47, 48, 49, 50, 51, 52, 54, 56, 57, 58, 60, 61, 62, 63, 64, 67, 68, 70, 71, 74, 76, 78, 83, 85, 86, 91, 93, 94, 96, 97, 98, 99, 100, 101, 102, 104, 105, 106, 108, 109, 110, 111, 112, 114, 115, 116, 118, 120, 121, 122, 123, 124, 125, 126, 127, 128, 129, 130, 131, 132, 133, 134, 135, 136, 137, 138, 139, 140, 141, 142, 143, 144, 145, 146, 147, 148, 149]","[0, 3, 4, 5, 8, 15, 19, 20, 21, 22, 23, 27, 29, 33, 34, 35, 37, 41, 43, 45, 53, 55, 59, 65, 66, 69, 72, 73, 75, 77, 79, 80, 81, 82, 84, 87, 88, 89, 90, 92, 95, 103, 107, 117, 119]","{""support_1"": 84, ""support_2"": 80}","[80, 84]",2,"[122, 17, 18, 32, 137, 138, 139, 140, 13, 14, 118, 116, 136, 10, 115, 36, 135, 28, 26, 105, 99, 149, 102, 144, 16, 112, 148, 145, 146, 147, 12, 71, 58, 134, 109, 61, 48, 67, 78, 93, 85, 133, 42, 40, 143, 25, 7, 129, 132, 131, 130, 54, 76, 74, 110, 108, 9, 97, 128, 63, 106, 101, 120, 114, 121, 6, 1, 94, 127, 91, 64, 111, 30, 31, 11, 100, 96, 98, 52, 51, 46, 126, 47, 39, 68, 50, 2, 70, 60, 83, 125, 104, 124, 123, 142, 141, 62, 49, 56, 57, 38, 44, 24, 86, 69, 79, 80, 66, 72, 73, 82, 89, 87, 88, 103, 23, 5, 4, 22, 21, 20, 37, 34, 35, 84, 53, 119, 77, 90, 55, 92, 117, 75, 8, 29, 41, 15, 43, 27, 0, 65, 33, 3, 19, 107, 59, 81, 95, 45]",True,1166435668,1.166435668,"[69, 79, 80, 66, 72, 73, 82, 89, 87, 88, 103, 23, 5, 4, 22, 21, 20, 37, 34, 35, 84, 53, 90, 55, 77, 75, 92, 119, 117, 27, 8, 41, 15, 43, 29, 33, 0, 107, 19, 81, 95, 59, 3, 65, 45]","[45, 65, 3, 59, 95, 81, 19, 107, 0, 33, 29, 43, 15, 41, 8, 27, 117, 119, 92, 75, 77, 55, 90, 53, 84, 35, 34, 37, 20, 21, 22, 4, 5, 23, 103, 88, 87, 89, 82, 73, 72, 66, 80, 79, 69]",False,complete,138,138,1035,93,185,0,185,185,,False,,,,,,,2,38,10,38,12,12,10,12
2,10505,54,106,43,"[1, 2, 6, 7, 9, 10, 11, 12, 13, 14, 16, 17, 18, 24, 25, 26, 28, 30, 31, 32, 36, 38, 39, 40, 42, 44, 46, 47, 48, 49, 50, 51, 52, 54, 56, 57, 58, 60, 61, 62, 63, 64, 67, 68, 69, 70, 71, 74, 76, 78, 79, 83, 85, 86, 91, 93, 94, 96, 97, 98, 99, 100, 101, 102, 104, 105, 106, 108, 109, 110, 111, 112, 114, 115, 116, 118, 120, 121, 122, 123, 124, 125, 126, 127, 128, 129, 130, 131, 132, 133, 134, 135, 136, 137, 138, 139, 140, 141, 142, 143, 144, 145, 146, 147, 148, 149]","[0, 3, 4, 5, 8, 15, 19, 20, 21, 22, 23, 27, 29, 33, 34, 35, 37, 41, 43, 45, 53, 55, 59, 65, 66, 72, 73, 75, 77, 80, 81, 82, 84, 87, 88, 89, 90, 92, 95, 103, 107, 117, 119]","{""support_1"": 84, ""support_2"": 80}","[80, 84]",2,"[122, 17, 18, 32, 137, 138, 139, 140, 13, 14, 118, 116, 136, 10, 115, 36, 135, 28, 26, 105, 99, 149, 102, 144, 16, 112, 148, 145, 146, 147, 12, 71, 58, 134, 109, 61, 48, 67, 78, 93, 85, 133, 42, 40, 143, 25, 7, 129, 132, 131, 130, 54, 76, 74, 110, 108, 9, 97, 128, 63, 106, 101, 120, 114, 121, 6, 1, 94, 127, 91, 64, 111, 30, 31, 11, 100, 96, 98, 52, 51, 46, 126, 47, 39, 68, 50, 2, 70, 60, 83, 125, 104, 124, 123, 142, 141, 62, 49, 56, 57, 38, 44, 24, 86, 69, 79, 80, 66, 72, 73, 82, 89, 87, 88, 103, 23, 5, 4, 22, 21, 20, 37, 34, 35, 84, 53, 119, 77, 90, 55, 92, 117, 75, 8, 29, 41, 15, 43, 27, 0, 65, 33, 3, 19, 107, 59, 81, 95, 45]",True,1003848088,1.003848088,"[80, 66, 72, 73, 87, 89, 88, 82, 103, 23, 5, 4, 22, 21, 20, 37, 34, 35, 84, 75, 92, 119, 77, 53, 90, 55, 117, 43, 29, 41, 27, 8, 15, 95, 0, 3, 65, 19, 107, 81, 59, 45, 33]","[33, 45, 59, 81, 107, 19, 65, 3, 0, 95, 15, 8, 27, 41, 29, 43, 117, 55, 90, 53, 77, 119, 92, 75, 84, 35, 34, 37, 20, 21, 22, 4, 5, 23, 103, 82, 88, 89, 87, 73, 72, 66, 80]",False,complete,121,121,946,78,166,0,166,166,,False,,,,,,,2,34,9,34,10,10,9,11
2,10506,55,108,41,"[1, 2, 6, 7, 9, 10, 11, 12, 13, 14, 16, 17, 18, 24, 25, 26, 28, 30, 31, 32, 36, 38, 39, 40, 42, 44, 46, 47, 48, 49, 50, 51, 52, 54, 56, 57, 58, 60, 61, 62, 63, 64, 66, 67, 68, 69, 70, 71, 74, 76, 78, 79, 80, 83, 85, 86, 91, 93, 94, 96, 97, 98, 99, 100, 101, 102, 104, 105, 106, 108, 109, 110, 111, 112, 114, 115, 116, 118, 120, 121, 122, 123, 124, 125, 126, 127, 128, 129, 130, 131, 132, 133, 134, 135, 136, 137, 138, 139, 140, 141, 142, 143, 144, 145, 146, 147, 148, 149]","[0, 3, 4, 5, 8, 15, 19, 20, 21, 22, 23, 27, 29, 33, 34, 35, 37, 41, 43, 45, 53, 55, 59, 65, 72, 73, 75, 77, 81, 82, 84, 87, 88, 89, 90, 92, 95, 103, 107, 117, 119]","{""support_1"": 84, ""support_2"": 73}","[73, 84]",2,"[122, 17, 18, 32, 137, 138, 139, 140, 13, 14, 118, 116, 136, 10, 115, 36, 135, 28, 26, 105, 99, 149, 102, 144, 16, 112, 148, 145, 146, 147, 12, 71, 58, 134, 109, 61, 48, 67, 78, 93, 85, 133, 42, 40, 143, 25, 7, 129, 132, 131, 130, 54, 76, 74, 110, 108, 9, 97, 128, 63, 106, 101, 120, 114, 121, 6, 1, 94, 127, 91, 64, 111, 30, 31, 11, 100, 96, 98, 52, 51, 46, 126, 47, 39, 68, 50, 2, 70, 60, 83, 125, 104, 124, 123, 142, 141, 62, 49, 56, 57, 38, 44, 24, 86, 69, 79, 80, 66, 72, 73, 82, 89, 87, 88, 103, 23, 5, 4, 22, 21, 20, 37, 34, 35, 84, 53, 119, 77, 90, 55, 92, 117, 75, 8, 29, 41, 15, 43, 27, 0, 65, 33, 3, 19, 107, 59, 81, 95, 45]",True,779730217,0.779730217,"[72, 73, 87, 89, 88, 82, 103, 23, 5, 4, 22, 21, 20, 37, 34, 35, 84, 119, 77, 75, 90, 117, 55, 53, 92, 41, 27, 8, 15, 29, 43, 19, 45, 0, 33, 81, 3, 107, 95, 65, 59]","[59, 65, 95, 107, 3, 81, 33, 0, 45, 19, 43, 29, 15, 8, 27, 41, 92, 53, 55, 117, 90, 75, 77, 119, 84, 35, 34, 37, 20, 21, 22, 4, 5, 23, 103, 82, 88, 89, 87, 73, 72]",False,complete,97,97,861,56,137,0,137,137,,False,,,,,,,2,30,7,30,9,9,7,9
2,10507,56,110,39,"[1, 2, 6, 7, 9, 10, 11, 12, 13, 14, 16, 17, 18, 24, 25, 26, 28, 30, 31, 32, 36, 38, 39, 40, 42, 44, 46, 47, 48, 49, 50, 51, 52, 54, 56, 57, 58, 60, 61, 62, 63, 64, 66, 67, 68, 69, 70, 71, 72, 73, 74, 76, 78, 79, 80, 83, 85, 86, 91, 93, 94, 96, 97, 98, 99, 100, 101, 102, 104, 105, 106, 108, 109, 110, 111, 112, 114, 115, 116, 118, 120, 121, 122, 123, 124, 125, 126, 127, 128, 129, 130, 131, 132, 133, 134, 135, 136, 137, 138, 139, 140, 141, 142, 143, 144, 145, 146, 147, 148, 149]","[0, 3, 4, 5, 8, 15, 19, 20, 21, 22, 23, 27, 29, 33, 34, 35, 37, 41, 43, 45, 53, 55, 59, 65, 75, 77, 81, 82, 84, 87, 88, 89, 90, 92, 95, 103, 107, 117, 119]","{""support_1"": 84, ""support_2"": 89}","[84, 89]",2,"[122, 17, 18, 32, 137, 138, 139, 140, 13, 14, 118, 116, 136, 10, 115, 36, 135, 28, 26, 105, 99, 149, 102, 144, 16, 112, 148, 145, 146, 147, 12, 71, 58, 134, 109, 61, 48, 67, 78, 93, 85, 133, 42, 40, 143, 25, 7, 129, 132, 131, 130, 54, 76, 74, 110, 108, 9, 97, 128, 63, 106, 101, 120, 114, 121, 6, 1, 94, 127, 91, 64, 111, 30, 31, 11, 100, 96, 98, 52, 51, 46, 126, 47, 39, 68, 50, 2, 70, 60, 83, 125, 104, 124, 123, 142, 141, 62, 49, 56, 57, 38, 44, 24, 86, 69, 79, 80, 66, 72, 73, 82, 89, 87, 88, 103, 23, 5, 4, 22, 21, 20, 37, 34, 35, 84, 53, 119, 77, 90, 55, 92, 117, 75, 8, 29, 41, 15, 43, 27, 0, 65, 33, 3, 19, 107, 59, 81, 95, 45]",True,655863336,0.655863336,"[82, 89, 87, 88, 103, 23, 5, 4, 22, 21, 20, 37, 34, 35, 84, 92, 75, 117, 77, 55, 53, 90, 119, 29, 27, 15, 43, 41, 8, 0, 65, 59, 19, 3, 45, 107, 95, 33, 81]","[81, 33, 95, 107, 45, 3, 19, 59, 65, 0, 8, 41, 43, 15, 27, 29, 119, 90, 53, 55, 77, 117, 75, 92, 84, 35, 34, 37, 20, 21, 22, 4, 5, 23, 103, 88, 87, 89, 82]",False,complete,82,82,780,43,121,0,121,121,,False,,,,,,,2,26,7,26,9,9,7,9
2,10508,57,112,37,"[1, 2, 6, 7, 9, 10, 11, 12, 13, 14, 16, 17, 18, 24, 25, 26, 28, 30, 31, 32, 36, 38, 39, 40, 42, 44, 46, 47, 48, 49, 50, 51, 52, 54, 56, 57, 58, 60, 61, 62, 63, 64, 66, 67, 68, 69, 70, 71, 72, 73, 74, 76, 78, 79, 80, 82, 83, 85, 86, 89, 91, 93, 94, 96, 97, 98, 99, 100, 101, 102, 104, 105, 106, 108, 109, 110, 111, 112, 114, 115, 116, 118, 120, 121, 122, 123, 124, 125, 126, 127, 128, 129, 130, 131, 132, 133, 134, 135, 136, 137, 138, 139, 140, 141, 142, 143, 144, 145, 146, 147, 148, 149]","[0, 3, 4, 5, 8, 15, 19, 20, 21, 22, 23, 27, 29, 33, 34, 35, 37, 41, 43, 45, 53, 55, 59, 65, 75, 77, 81, 84, 87, 88, 90, 92, 95, 103, 107, 117, 119]","{""support_1"": 84, ""support_2"": 88}","[84, 88]",2,"[122, 17, 18, 32, 137, 138, 139, 140, 13, 14, 118, 116, 136, 10, 115, 36, 135, 28, 26, 105, 99, 149, 102, 144, 16, 112, 148, 145, 146, 147, 12, 71, 58, 134, 109, 61, 48, 67, 78, 93, 85, 133, 42, 40, 143, 25, 7, 129, 132, 131, 130, 54, 76, 74, 110, 108, 9, 97, 128, 63, 106, 101, 120, 114, 121, 6, 1, 94, 127, 91, 64, 111, 30, 31, 11, 100, 96, 98, 52, 51, 46, 126, 47, 39, 68, 50, 2, 70, 60, 83, 125, 104, 124, 123, 142, 141, 62, 49, 56, 57, 38, 44, 24, 86, 69, 79, 80, 66, 72, 73, 82, 89, 87, 88, 103, 23, 5, 4, 22, 21, 20, 37, 34, 35, 84, 53, 119, 77, 90, 55, 92, 117, 75, 8, 29, 41, 15, 43, 27, 0, 65, 33, 3, 19, 107, 59, 81, 95, 45]",True,534852117,0.534852117,"[87, 88, 103, 23, 5, 4, 22, 21, 20, 37, 34, 35, 84, 90, 53, 77, 92, 117, 75, 119, 55, 41, 43, 27, 15, 8, 29, 0, 3, 81, 65, 19, 45, 95, 59, 107, 33]","[33, 107, 59, 95, 45, 19, 65, 81, 3, 0, 29, 8, 15, 27, 43, 41, 55, 119, 75, 117, 92, 77, 53, 90, 84, 35, 34, 37, 20, 21, 22, 4, 5, 23, 103, 88, 87]",False,complete,70,70,703,33,107,0,107,107,,False,,,,,,,2,22,6,22,8,8,6,8
2,10509,58,114,35,"[1, 2, 6, 7, 9, 10, 11, 12, 13, 14, 16, 17, 18, 24, 25, 26, 28, 30, 31, 32, 36, 38, 39, 40, 42, 44, 46, 47, 48, 49, 50, 51, 52, 54, 56, 57, 58, 60, 61, 62, 63, 64, 66, 67, 68, 69, 70, 71, 72, 73, 74, 76, 78, 79, 80, 82, 83, 85, 86, 87, 88, 89, 91, 93, 94, 96, 97, 98, 99, 100, 101, 102, 104, 105, 106, 108, 109, 110, 111, 112, 114, 115, 116, 118, 120, 121, 122, 123, 124, 125, 126, 127, 128, 129, 130, 131, 132, 133, 134, 135, 136, 137, 138, 139, 140, 141, 142, 143, 144, 145, 146, 147, 148, 149]","[0, 3, 4, 5, 8, 15, 19, 20, 21, 22, 23, 27, 29, 33, 34, 35, 37, 41, 43, 45, 53, 55, 59, 65, 75, 77, 81, 84, 90, 92, 95, 103, 107, 117, 119]","{""support_1"": 84, ""support_2"": 103}","[84, 103]",2,"[122, 17, 18, 32, 137, 138, 139, 140, 13, 14, 118, 116, 136, 10, 115, 36, 135, 28, 26, 105, 99, 149, 102, 144, 16, 112, 148, 145, 146, 147, 12, 71, 58, 134, 109, 61, 48, 67, 78, 93, 85, 133, 42, 40, 143, 25, 7, 129, 132, 131, 130, 54, 76, 74, 110, 108, 9, 97, 128, 63, 106, 101, 120, 114, 121, 6, 1, 94, 127, 91, 64, 111, 30, 31, 11, 100, 96, 98, 52, 51, 46, 126, 47, 39, 68, 50, 2, 70, 60, 83, 125, 104, 124, 123, 142, 141, 62, 49, 56, 57, 38, 44, 24, 86, 69, 79, 80, 66, 72, 73, 82, 89, 87, 88, 103, 23, 5, 4, 22, 21, 20, 37, 34, 35, 84, 53, 119, 77, 90, 55, 92, 117, 75, 8, 29, 41, 15, 43, 27, 0, 65, 33, 3, 19, 107, 59, 81, 95, 45]",True,469038846,0.469038846,"[103, 23, 5, 4, 22, 21, 20, 37, 34, 35, 84, 75, 55, 77, 92, 53, 117, 90, 119, 43, 8, 41, 29, 27, 15, 81, 59, 3, 107, 65, 45, 95, 0, 33, 19]","[19, 33, 0, 95, 45, 65, 107, 3, 59, 81, 15, 27, 29, 41, 8, 43, 119, 90, 117, 53, 92, 77, 55, 75, 84, 35, 34, 37, 20, 21, 22, 4, 5, 23, 103]",False,complete,58,58,630,23,94,0,94,94,,False,,,,,,,2,18,5,18,6,6,5,7
2,10510,59,116,33,"[1, 2, 6, 7, 9, 10, 11, 12, 13, 14, 16, 17, 18, 23, 24, 25, 26, 28, 30, 31, 32, 36, 38, 39, 40, 42, 44, 46, 47, 48, 49, 50, 51, 52, 54, 56, 57, 58, 60, 61, 62, 63, 64, 66, 67, 68, 69, 70, 71, 72, 73, 74, 76, 78, 79, 80, 82, 83, 85, 86, 87, 88, 89, 91, 93, 94, 96, 97, 98, 99, 100, 101, 102, 103, 104, 105, 106, 108, 109, 110, 111, 112, 114, 115, 116, 118, 120, 121, 122, 123, 124, 125, 126, 127, 128, 129, 130, 131, 132, 133, 134, 135, 136, 137, 138, 139, 140, 141, 142, 143, 144, 145, 146, 147, 148, 149]","[0, 3, 4, 5, 8, 15, 19, 20, 21, 22, 27, 29, 33, 34, 35, 37, 41, 43, 45, 53, 55, 59, 65, 75, 77, 81, 84, 90, 92, 95, 107, 117, 119]","{""support_1"": 84, ""support_2"": 5}","[5, 84]",2,"[122, 17, 18, 32, 137, 138, 139, 140, 13, 14, 118, 116, 136, 10, 115, 36, 135, 28, 26, 105, 99, 149, 102, 144, 16, 112, 148, 145, 146, 147, 12, 71, 58, 134, 109, 61, 48, 67, 78, 93, 85, 133, 42, 40, 143, 25, 7, 129, 132, 131, 130, 54, 76, 74, 110, 108, 9, 97, 128, 63, 106, 101, 120, 114, 121, 6, 1, 94, 127, 91, 64, 111, 30, 31, 11, 100, 96, 98, 52, 51, 46, 126, 47, 39, 68, 50, 2, 70, 60, 83, 125, 104, 124, 123, 142, 141, 62, 49, 56, 57, 38, 44, 24, 86, 69, 79, 80, 66, 72, 73, 82, 89, 87, 88, 103, 23, 5, 4, 22, 21, 20, 37, 34, 35, 84, 53, 119, 77, 90, 55, 92, 117, 75, 8, 29, 41, 15, 43, 27, 0, 65, 33, 3, 19, 107, 59, 81, 95, 45]",True,216195045,0.216195045,"[5, 4, 22, 21, 20, 37, 34, 35, 84, 92, 90, 53, 75, 119, 55, 117, 77, 41, 43, 8, 29, 15, 27, 81, 95, 59, 19, 45, 65, 107, 0, 3, 33]","[33, 3, 0, 107, 65, 45, 19, 59, 95, 81, 27, 15, 29, 8, 43, 41, 77, 117, 55, 119, 75, 53, 90, 92, 84, 35, 34, 37, 20, 21, 22, 4, 5]",False,complete,46,46,561,13,57,0,57,57,,False,,,,,,,2,15,4,15,5,5,4,6
2,10511,60,118,31,"[1, 2, 4, 5, 6, 7, 9, 10, 11, 12, 13, 14, 16, 17, 18, 23, 24, 25, 26, 28, 30, 31, 32, 36, 38, 39, 40, 42, 44, 46, 47, 48, 49, 50, 51, 52, 54, 56, 57, 58, 60, 61, 62, 63, 64, 66, 67, 68, 69, 70, 71, 72, 73, 74, 76, 78, 79, 80, 82, 83, 85, 86, 87, 88, 89, 91, 93, 94, 96, 97, 98, 99, 100, 101, 102, 103, 104, 105, 106, 108, 109, 110, 111, 112, 114, 115, 116, 118, 120, 121, 122, 123, 124, 125, 126, 127, 128, 129, 130, 131, 132, 133, 134, 135, 136, 137, 138, 139, 140, 141, 142, 143, 144, 145, 146, 147, 148, 149]","[0, 3, 8, 15, 19, 20, 21, 22, 27, 29, 33, 34, 35, 37, 41, 43, 45, 53, 55, 59, 65, 75, 77, 81, 84, 90, 92, 95, 107, 117, 119]","{""support_1"": 84, ""support_2"": 22}","[22, 84]",2,"[122, 17, 18, 32, 137, 138, 139, 140, 13, 14, 118, 116, 136, 10, 115, 36, 135, 28, 26, 105, 99, 149, 102, 144, 16, 112, 148, 145, 146, 147, 12, 71, 58, 134, 109, 61, 48, 67, 78, 93, 85, 133, 42, 40, 143, 25, 7, 129, 132, 131, 130, 54, 76, 74, 110, 108, 9, 97, 128, 63, 106, 101, 120, 114, 121, 6, 1, 94, 127, 91, 64, 111, 30, 31, 11, 100, 96, 98, 52, 51, 46, 126, 47, 39, 68, 50, 2, 70, 60, 83, 125, 104, 124, 123, 142, 141, 62, 49, 56, 57, 38, 44, 24, 86, 69, 79, 80, 66, 72, 73, 82, 89, 87, 88, 103, 23, 5, 4, 22, 21, 20, 37, 34, 35, 84, 53, 119, 77, 90, 55, 92, 117, 75, 8, 29, 41, 15, 43, 27, 0, 65, 33, 3, 19, 107, 59, 81, 95, 45]",True,143539553,0.143539553,"[22, 21, 20, 37, 34, 35, 84, 75, 55, 53, 117, 119, 92, 77, 90, 29, 43, 27, 8, 15, 41, 19, 0, 81, 59, 95, 33, 107, 45, 3, 65]","[65, 3, 45, 107, 33, 95, 59, 81, 0, 19, 41, 15, 8, 27, 43, 29, 90, 77, 92, 119, 117, 53, 55, 75, 84, 35, 34, 37, 20, 21, 22]",False,complete,37,37,496,6,43,0,43,43,,False,,,,,,,2,11,3,11,4,4,3,5
2,10512,61,120,29,"[1, 2, 4, 5, 6, 7, 9, 10, 11, 12, 13, 14, 16, 17, 18, 21, 22, 23, 24, 25, 26, 28, 30, 31, 32, 36, 38, 39, 40, 42, 44, 46, 47, 48, 49, 50, 51, 52, 54, 56, 57, 58, 60, 61, 62, 63, 64, 66, 67, 68, 69, 70, 71, 72, 73, 74, 76, 78, 79, 80, 82, 83, 85, 86, 87, 88, 89, 91, 93, 94, 96, 97, 98, 99, 100, 101, 102, 103, 104, 105, 106, 108, 109, 110, 111, 112, 114, 115, 116, 118, 120, 121, 122, 123, 124, 125, 126, 127, 128, 129, 130, 131, 132, 133, 134, 135, 136, 137, 138, 139, 140, 141, 142, 143, 144, 145, 146, 147, 148, 149]","[0, 3, 8, 15, 19, 20, 27, 29, 33, 34, 35, 37, 41, 43, 45, 53, 55, 59, 65, 75, 77, 81, 84, 90, 92, 95, 107, 117, 119]","{""support_1"": 84, ""support_2"": 37}","[37, 84]",2,"[122, 17, 18, 32, 137, 138, 139, 140, 13, 14, 118, 116, 136, 10, 115, 36, 135, 28, 26, 105, 99, 149, 102, 144, 16, 112, 148, 145, 146, 147, 12, 71, 58, 134, 109, 61, 48, 67, 78, 93, 85, 133, 42, 40, 143, 25, 7, 129, 132, 131, 130, 54, 76, 74, 110, 108, 9, 97, 128, 63, 106, 101, 120, 114, 121, 6, 1, 94, 127, 91, 64, 111, 30, 31, 11, 100, 96, 98, 52, 51, 46, 126, 47, 39, 68, 50, 2, 70, 60, 83, 125, 104, 124, 123, 142, 141, 62, 49, 56, 57, 38, 44, 24, 86, 69, 79, 80, 66, 72, 73, 82, 89, 87, 88, 103, 23, 5, 4, 22, 21, 20, 37, 34, 35, 84, 53, 119, 77, 90, 55, 92, 117, 75, 8, 29, 41, 15, 43, 27, 0, 65, 33, 3, 19, 107, 59, 81, 95, 45]",True,85911845,0.085911845,"[20, 37, 34, 35, 84, 117, 53, 77, 119, 92, 75, 90, 55, 27, 29, 8, 41, 15, 43, 95, 107, 33, 3, 45, 59, 0, 65, 81, 19]","[19, 81, 65, 0, 59, 45, 3, 33, 107, 95, 43, 15, 41, 8, 29, 27, 55, 90, 75, 92, 119, 77, 53, 117, 84, 35, 34, 37, 20]",False,complete,30,30,435,1,33,0,33,33,,False,,,,,,,2,7,1,7,3,3,1,3
2,10513,62,122,27,"[1, 2, 4, 5, 6, 7, 9, 10, 11, 12, 13, 14, 16, 17, 18, 20, 21, 22, 23, 24, 25, 26, 28, 30, 31, 32, 36, 37, 38, 39, 40, 42, 44, 46, 47, 48, 49, 50, 51, 52, 54, 56, 57, 58, 60, 61, 62, 63, 64, 66, 67, 68, 69, 70, 71, 72, 73, 74, 76, 78, 79, 80, 82, 83, 85, 86, 87, 88, 89, 91, 93, 94, 96, 97, 98, 99, 100, 101, 102, 103, 104, 105, 106, 108, 109, 110, 111, 112, 114, 115, 116, 118, 120, 121, 122, 123, 124, 125, 126, 127, 128, 129, 130, 131, 132, 133, 134, 135, 136, 137, 138, 139, 140, 141, 142, 143, 144, 145, 146, 147, 148, 149]","[0, 3, 8, 15, 19, 27, 29, 33, 34, 35, 41, 43, 45, 53, 55, 59, 65, 75, 77, 81, 84, 90, 92, 95, 107, 117, 119]","{""support_1"": 84, ""support_2"": 35}","[35, 84]",2,"[122, 17, 18, 32, 137, 138, 139, 140, 13, 14, 118, 116, 136, 10, 115, 36, 135, 28, 26, 105, 99, 149, 102, 144, 16, 112, 148, 145, 146, 147, 12, 71, 58, 134, 109, 61, 48, 67, 78, 93, 85, 133, 42, 40, 143, 25, 7, 129, 132, 131, 130, 54, 76, 74, 110, 108, 9, 97, 128, 63, 106, 101, 120, 114, 121, 6, 1, 94, 127, 91, 64, 111, 30, 31, 11, 100, 96, 98, 52, 51, 46, 126, 47, 39, 68, 50, 2, 70, 60, 83, 125, 104, 124, 123, 142, 141, 62, 49, 56, 57, 38, 44, 24, 86, 69, 79, 80, 66, 72, 73, 82, 89, 87, 88, 103, 23, 5, 4, 22, 21, 20, 37, 34, 35, 84, 53, 119, 77, 90, 55, 92, 117, 75, 8, 29, 41, 15, 43, 27, 0, 65, 33, 3, 19, 107, 59, 81, 95, 45]",True,82274731,0.082274731,"[34, 35, 84, 117, 75, 92, 53, 90, 77, 55, 119, 8, 27, 15, 29, 43, 41, 33, 45, 19, 59, 0, 107, 95, 81, 3, 65]","[65, 3, 81, 95, 107, 0, 59, 19, 45, 33, 41, 43, 29, 15, 27, 8, 119, 55, 77, 90, 53, 92, 75, 117, 84, 35, 34]",False,complete,27,27,378,0,29,0,29,29,,False,,,,,,,2,3,0,3,2,2,0,2
2,10514,63,124,25,"[1, 2, 4, 5, 6, 7, 9, 10, 11, 12, 13, 14, 16, 17, 18, 20, 21, 22, 23, 24, 25, 26, 28, 30, 31, 32, 34, 35, 36, 37, 38, 39, 40, 42, 44, 46, 47, 48, 49, 50, 51, 52, 54, 56, 57, 58, 60, 61, 62, 63, 64, 66, 67, 68, 69, 70, 71, 72, 73, 74, 76, 78, 79, 80, 82, 83, 85, 86, 87, 88, 89, 91, 93, 94, 96, 97, 98, 99, 100, 101, 102, 103, 104, 105, 106, 108, 109, 110, 111, 112, 114, 115, 116, 118, 120, 121, 122, 123, 124, 125, 126, 127, 128, 129, 130, 131, 132, 133, 134, 135, 136, 137, 138, 139, 140, 141, 142, 143, 144, 145, 146, 147, 148, 149]","[0, 3, 8, 15, 19, 27, 29, 33, 41, 43, 45, 53, 55, 59, 65, 75, 77, 81, 84, 90, 92, 95, 107, 117, 119]","{""support_1"": 84}",[84],1,"[122, 17, 18, 32, 137, 138, 139, 140, 13, 14, 118, 116, 136, 10, 115, 36, 135, 28, 26, 105, 99, 149, 102, 144, 16, 112, 148, 145, 146, 147, 12, 71, 58, 134, 109, 61, 48, 67, 78, 93, 85, 133, 42, 40, 143, 25, 7, 129, 132, 131, 130, 54, 76, 74, 110, 108, 9, 97, 128, 63, 106, 101, 120, 114, 121, 6, 1, 94, 127, 91, 64, 111, 30, 31, 11, 100, 96, 98, 52, 51, 46, 126, 47, 39, 68, 50, 2, 70, 60, 83, 125, 104, 124, 123, 142, 141, 62, 49, 56, 57, 38, 44, 24, 86, 69, 79, 80, 66, 72, 73, 82, 89, 87, 88, 103, 23, 5, 4, 22, 21, 20, 37, 34, 35, 84, 53, 119, 77, 90, 55, 92, 117, 75, 8, 29, 41, 15, 43, 27, 0, 65, 33, 3, 19, 107, 59, 81, 95, 45]",True,56472298,0.056472298,"[84, 90, 55, 117, 119, 92, 75, 53, 77, 29, 15, 8, 43, 41, 27, 0, 107, 3, 81, 45, 33, 59, 65, 19, 95]","[95, 19, 65, 59, 33, 45, 81, 3, 107, 0, 27, 41, 43, 8, 15, 29, 77, 53, 75, 92, 119, 117, 55, 90, 84]",False,complete,25,25,325,0,27,0,27,27,,False,,,,,,,0,0,0,0,0,0,0,1
2,10515,64,126,23,"[1, 2, 4, 5, 6, 7, 9, 10, 11, 12, 13, 14, 16, 17, 18, 20, 21, 22, 23, 24, 25, 26, 28, 30, 31, 32, 34, 35, 36, 37, 38, 39, 40, 42, 44, 46, 47, 48, 49, 50, 51, 52, 53, 54, 56, 57, 58, 60, 61, 62, 63, 64, 66, 67, 68, 69, 70, 71, 72, 73, 74, 76, 78, 79, 80, 82, 83, 84, 85, 86, 87, 88, 89, 91, 93, 94, 96, 97, 98, 99, 100, 101, 102, 103, 104, 105, 106, 108, 109, 110, 111, 112, 114, 115, 116, 118, 120, 121, 122, 123, 124, 125, 126, 127, 128, 129, 130, 131, 132, 133, 134, 135, 136, 137, 138, 139, 140, 141, 142, 143, 144, 145, 146, 147, 148, 149]","[0, 3, 8, 15, 19, 27, 29, 33, 41, 43, 45, 55, 59, 65, 75, 77, 81, 90, 92, 95, 107, 117, 119]",{},[],0,"[122, 17, 18, 32, 137, 138, 139, 140, 13, 14, 118, 116, 136, 10, 115, 36, 135, 28, 26, 105, 99, 149, 102, 144, 16, 112, 148, 145, 146, 147, 12, 71, 58, 134, 109, 61, 48, 67, 78, 93, 85, 133, 42, 40, 143, 25, 7, 129, 132, 131, 130, 54, 76, 74, 110, 108, 9, 97, 128, 63, 106, 101, 120, 114, 121, 6, 1, 94, 127, 91, 64, 111, 30, 31, 11, 100, 96, 98, 52, 51, 46, 126, 47, 39, 68, 50, 2, 70, 60, 83, 125, 104, 124, 123, 142, 141, 62, 49, 56, 57, 38, 44, 24, 86, 69, 79, 80, 66, 72, 73, 82, 89, 87, 88, 103, 23, 5, 4, 22, 21, 20, 37, 34, 35, 84, 53, 119, 77, 90, 55, 92, 117, 75, 8, 29, 41, 15, 43, 27, 0, 65, 33, 3, 19, 107, 59, 81, 95, 45]",True,42927669,0.042927669,"[90, 55, 117, 75, 119, 77, 92, 29, 41, 43, 27, 15, 8, 3, 107, 81, 33, 59, 95, 45, 0, 65, 19]","[19, 65, 0, 45, 95, 59, 33, 81, 107, 3, 8, 15, 27, 43, 41, 29, 92, 77, 119, 75, 117, 55, 90]",False,complete,23,23,276,0,24,0,24,24,,False,,,,,,,0,0,0,0,0,0,0,0
2,10516,65,128,21,"[1, 2, 4, 5, 6, 7, 9, 10, 11, 12, 13, 14, 16, 17, 18, 20, 21, 22, 23, 24, 25, 26, 28, 30, 31, 32, 34, 35, 36, 37, 38, 39, 40, 42, 44, 46, 47, 48, 49, 50, 51, 52, 53, 54, 56, 57, 58, 60, 61, 62, 63, 64, 66, 67, 68, 69, 70, 71, 72, 73, 74, 76, 77, 78, 79, 80, 82, 83, 84, 85, 86, 87, 88, 89, 91, 93, 94, 96, 97, 98, 99, 100, 101, 102, 103, 104, 105, 106, 108, 109, 110, 111, 112, 114, 115, 116, 118, 119, 120, 121, 122, 123, 124, 125, 126, 127, 128, 129, 130, 131, 132, 133, 134, 135, 136, 137, 138, 139, 140, 141, 142, 143, 144, 145, 146, 147, 148, 149]","[0, 3, 8, 15, 19, 27, 29, 33, 41, 43, 45, 55, 59, 65, 75, 81, 90, 92, 95, 107, 117]",{},[],0,"[122, 17, 18, 32, 137, 138, 139, 140, 13, 14, 118, 116, 136, 10, 115, 36, 135, 28, 26, 105, 99, 149, 102, 144, 16, 112, 148, 145, 146, 147, 12, 71, 58, 134, 109, 61, 48, 67, 78, 93, 85, 133, 42, 40, 143, 25, 7, 129, 132, 131, 130, 54, 76, 74, 110, 108, 9, 97, 128, 63, 106, 101, 120, 114, 121, 6, 1, 94, 127, 91, 64, 111, 30, 31, 11, 100, 96, 98, 52, 51, 46, 126, 47, 39, 68, 50, 2, 70, 60, 83, 125, 104, 124, 123, 142, 141, 62, 49, 56, 57, 38, 44, 24, 86, 69, 79, 80, 66, 72, 73, 82, 89, 87, 88, 103, 23, 5, 4, 22, 21, 20, 37, 34, 35, 84, 53, 119, 77, 90, 55, 92, 117, 75, 8, 29, 41, 15, 43, 27, 0, 65, 33, 3, 19, 107, 59, 81, 95, 45]",True,36651006,0.036651006,"[55, 117, 75, 90, 92, 41, 15, 29, 27, 8, 43, 0, 45, 33, 59, 95, 81, 19, 3, 65, 107]","[107, 65, 3, 19, 81, 95, 59, 33, 45, 0, 43, 8, 27, 29, 15, 41, 92, 90, 75, 117, 55]",False,complete,21,21,231,0,22,0,22,22,,False,,,,,,,0,0,0,0,0,0,0,0
2,10517,66,130,19,"[1, 2, 4, 5, 6, 7, 9, 10, 11, 12, 13, 14, 16, 17, 18, 20, 21, 22, 23, 24, 25, 26, 28, 30, 31, 32, 34, 35, 36, 37, 38, 39, 40, 42, 44, 46, 47, 48, 49, 50, 51, 52, 53, 54, 55, 56, 57, 58, 60, 61, 62, 63, 64, 66, 67, 68, 69, 70, 71, 72, 73, 74, 76, 77, 78, 79, 80, 82, 83, 84, 85, 86, 87, 88, 89, 90, 91, 93, 94, 96, 97, 98, 99, 100, 101, 102, 103, 104, 105, 106, 108, 109, 110, 111, 112, 114, 115, 116, 118, 119, 120, 121, 122, 123, 124, 125, 126, 127, 128, 129, 130, 131, 132, 133, 134, 135, 136, 137, 138, 139, 140, 141, 142, 143, 144, 145, 146, 147, 148, 149]","[0, 3, 8, 15, 19, 27, 29, 33, 41, 43, 45, 59, 65, 75, 81, 92, 95, 107, 117]",{},[],0,"[122, 17, 18, 32, 137, 138, 139, 140, 13, 14, 118, 116, 136, 10, 115, 36, 135, 28, 26, 105, 99, 149, 102, 144, 16, 112, 148, 145, 146, 147, 12, 71, 58, 134, 109, 61, 48, 67, 78, 93, 85, 133, 42, 40, 143, 25, 7, 129, 132, 131, 130, 54, 76, 74, 110, 108, 9, 97, 128, 63, 106, 101, 120, 114, 121, 6, 1, 94, 127, 91, 64, 111, 30, 31, 11, 100, 96, 98, 52, 51, 46, 126, 47, 39, 68, 50, 2, 70, 60, 83, 125, 104, 124, 123, 142, 141, 62, 49, 56, 57, 38, 44, 24, 86, 69, 79, 80, 66, 72, 73, 82, 89, 87, 88, 103, 23, 5, 4, 22, 21, 20, 37, 34, 35, 84, 53, 119, 77, 90, 55, 92, 117, 75, 8, 29, 41, 15, 43, 27, 0, 65, 33, 3, 19, 107, 59, 81, 95, 45]",True,28681319,0.028681319,"[75, 92, 117, 41, 27, 43, 8, 29, 15, 107, 3, 81, 95, 65, 19, 45, 0, 59, 33]","[33, 59, 0, 45, 19, 65, 95, 81, 3, 107, 15, 29, 8, 43, 27, 41, 117, 92, 75]",False,complete,19,19,190,0,20,0,20,20,,False,,,,,,,0,0,0,0,0,0,0,0
2,10518,67,132,17,"[1, 2, 4, 5, 6, 7, 9, 10, 11, 12, 13, 14, 16, 17, 18, 20, 21, 22, 23, 24, 25, 26, 28, 30, 31, 32, 34, 35, 36, 37, 38, 39, 40, 42, 44, 46, 47, 48, 49, 50, 51, 52, 53, 54, 55, 56, 57, 58, 60, 61, 62, 63, 64, 66, 67, 68, 69, 70, 71, 72, 73, 74, 76, 77, 78, 79, 80, 82, 83, 84, 85, 86, 87, 88, 89, 90, 91, 92, 93, 94, 96, 97, 98, 99, 100, 101, 102, 103, 104, 105, 106, 108, 109, 110, 111, 112, 114, 115, 116, 117, 118, 119, 120, 121, 122, 123, 124, 125, 126, 127, 128, 129, 130, 131, 132, 133, 134, 135, 136, 137, 138, 139, 140, 141, 142, 143, 144, 145, 146, 147, 148, 149]","[0, 3, 8, 15, 19, 27, 29, 33, 41, 43, 45, 59, 65, 75, 81, 95, 107]",{},[],0,"[122, 17, 18, 32, 137, 138, 139, 140, 13, 14, 118, 116, 136, 10, 115, 36, 135, 28, 26, 105, 99, 149, 102, 144, 16, 112, 148, 145, 146, 147, 12, 71, 58, 134, 109, 61, 48, 67, 78, 93, 85, 133, 42, 40, 143, 25, 7, 129, 132, 131, 130, 54, 76, 74, 110, 108, 9, 97, 128, 63, 106, 101, 120, 114, 121, 6, 1, 94, 127, 91, 64, 111, 30, 31, 11, 100, 96, 98, 52, 51, 46, 126, 47, 39, 68, 50, 2, 70, 60, 83, 125, 104, 124, 123, 142, 141, 62, 49, 56, 57, 38, 44, 24, 86, 69, 79, 80, 66, 72, 73, 82, 89, 87, 88, 103, 23, 5, 4, 22, 21, 20, 37, 34, 35, 84, 53, 119, 77, 90, 55, 92, 117, 75, 8, 29, 41, 15, 43, 27, 0, 65, 33, 3, 19, 107, 59, 81, 95, 45]",True,22463208,0.022463208,"[75, 15, 27, 8, 43, 29, 41, 33, 3, 65, 81, 59, 0, 107, 19, 45, 95]","[95, 45, 19, 107, 0, 59, 81, 65, 3, 33, 41, 29, 43, 8, 27, 15, 75]",False,complete,17,17,153,0,18,0,18,18,,False,,,,,,,0,0,0,0,0,0,0,0
2,10519,68,134,15,"[1, 2, 4, 5, 6, 7, 8, 9, 10, 11, 12, 13, 14, 16, 17, 18, 20, 21, 22, 23, 24, 25, 26, 28, 30, 31, 32, 34, 35, 36, 37, 38, 39, 40, 42, 44, 46, 47, 48, 49, 50, 51, 52, 53, 54, 55, 56, 57, 58, 60, 61, 62, 63, 64, 66, 67, 68, 69, 70, 71, 72, 73, 74, 75, 76, 77, 78, 79, 80, 82, 83, 84, 85, 86, 87, 88, 89, 90, 91, 92, 93, 94, 96, 97, 98, 99, 100, 101, 102, 103, 104, 105, 106, 108, 109, 110, 111, 112, 114, 115, 116, 117, 118, 119, 120, 121, 122, 123, 124, 125, 126, 127, 128, 129, 130, 131, 132, 133, 134, 135, 136, 137, 138, 139, 140, 141, 142, 143, 144, 145, 146, 147, 148, 149]","[0, 3, 15, 19, 27, 29, 33, 41, 43, 45, 59, 65, 81, 95, 107]",{},[],0,"[122, 17, 18, 32, 137, 138, 139, 140, 13, 14, 118, 116, 136, 10, 115, 36, 135, 28, 26, 105, 99, 149, 102, 144, 16, 112, 148, 145, 146, 147, 12, 71, 58, 134, 109, 61, 48, 67, 78, 93, 85, 133, 42, 40, 143, 25, 7, 129, 132, 131, 130, 54, 76, 74, 110, 108, 9, 97, 128, 63, 106, 101, 120, 114, 121, 6, 1, 94, 127, 91, 64, 111, 30, 31, 11, 100, 96, 98, 52, 51, 46, 126, 47, 39, 68, 50, 2, 70, 60, 83, 125, 104, 124, 123, 142, 141, 62, 49, 56, 57, 38, 44, 24, 86, 69, 79, 80, 66, 72, 73, 82, 89, 87, 88, 103, 23, 5, 4, 22, 21, 20, 37, 34, 35, 84, 53, 119, 77, 90, 55, 92, 117, 75, 8, 29, 41, 15, 43, 27, 0, 65, 33, 3, 19, 107, 59, 81, 95, 45]",True,17392521,0.017392521,"[15, 41, 29, 27, 43, 0, 65, 107, 19, 45, 3, 81, 95, 59, 33]","[33, 59, 95, 81, 3, 45, 19, 107, 65, 0, 43, 27, 29, 41, 15]",False,complete,15,15,120,0,16,0,16,16,,False,,,,,,,0,0,0,0,0,0,0,0
2,10520,69,136,13,"[1, 2, 4, 5, 6, 7, 8, 9, 10, 11, 12, 13, 14, 16, 17, 18, 20, 21, 22, 23, 24, 25, 26, 28, 29, 30, 31, 32, 34, 35, 36, 37, 38, 39, 40, 41, 42, 44, 46, 47, 48, 49, 50, 51, 52, 53, 54, 55, 56, 57, 58, 60, 61, 62, 63, 64, 66, 67, 68, 69, 70, 71, 72, 73, 74, 75, 76, 77, 78, 79, 80, 82, 83, 84, 85, 86, 87, 88, 89, 90, 91, 92, 93, 94, 96, 97, 98, 99, 100, 101, 102, 103, 104, 105, 106, 108, 109, 110, 111, 112, 114, 115, 116, 117, 118, 119, 120, 121, 122, 123, 124, 125, 126, 127, 128, 129, 130, 131, 132, 133, 134, 135, 136, 137, 138, 139, 140, 141, 142, 143, 144, 145, 146, 147, 148, 149]","[0, 3, 15, 19, 27, 33, 43, 45, 59, 65, 81, 95, 107]",{},[],0,"[122, 17, 18, 32, 137, 138, 139, 140, 13, 14, 118, 116, 136, 10, 115, 36, 135, 28, 26, 105, 99, 149, 102, 144, 16, 112, 148, 145, 146, 147, 12, 71, 58, 134, 109, 61, 48, 67, 78, 93, 85, 133, 42, 40, 143, 25, 7, 129, 132, 131, 130, 54, 76, 74, 110, 108, 9, 97, 128, 63, 106, 101, 120, 114, 121, 6, 1, 94, 127, 91, 64, 111, 30, 31, 11, 100, 96, 98, 52, 51, 46, 126, 47, 39, 68, 50, 2, 70, 60, 83, 125, 104, 124, 123, 142, 141, 62, 49, 56, 57, 38, 44, 24, 86, 69, 79, 80, 66, 72, 73, 82, 89, 87, 88, 103, 23, 5, 4, 22, 21, 20, 37, 34, 35, 84, 53, 119, 77, 90, 55, 92, 117, 75, 8, 29, 41, 15, 43, 27, 0, 65, 33, 3, 19, 107, 59, 81, 95, 45]",True,12928058,0.012928058,"[27, 43, 15, 0, 3, 45, 33, 65, 59, 81, 19, 107, 95]","[95, 107, 19, 81, 59, 65, 33, 45, 3, 0, 15, 43, 27]",False,complete,13,13,91,0,14,0,14,14,,False,,,,,,,0,0,0,0,0,0,0,0
2,10521,70,138,11,"[1, 2, 4, 5, 6, 7, 8, 9, 10, 11, 12, 13, 14, 15, 16, 17, 18, 20, 21, 22, 23, 24, 25, 26, 28, 29, 30, 31, 32, 34, 35, 36, 37, 38, 39, 40, 41, 42, 43, 44, 46, 47, 48, 49, 50, 51, 52, 53, 54, 55, 56, 57, 58, 60, 61, 62, 63, 64, 66, 67, 68, 69, 70, 71, 72, 73, 74, 75, 76, 77, 78, 79, 80, 82, 83, 84, 85, 86, 87, 88, 89, 90, 91, 92, 93, 94, 96, 97, 98, 99, 100, 101, 102, 103, 104, 105, 106, 108, 109, 110, 111, 112, 114, 115, 116, 117, 118, 119, 120, 121, 122, 123, 124, 125, 126, 127, 128, 129, 130, 131, 132, 133, 134, 135, 136, 137, 138, 139, 140, 141, 142, 143, 144, 145, 146, 147, 148, 149]","[0, 3, 19, 27, 33, 45, 59, 65, 81, 95, 107]",{},[],0,"[122, 17, 18, 32, 137, 138, 139, 140, 13, 14, 118, 116, 136, 10, 115, 36, 135, 28, 26, 105, 99, 149, 102, 144, 16, 112, 148, 145, 146, 147, 12, 71, 58, 134, 109, 61, 48, 67, 78, 93, 85, 133, 42, 40, 143, 25, 7, 129, 132, 131, 130, 54, 76, 74, 110, 108, 9, 97, 128, 63, 106, 101, 120, 114, 121, 6, 1, 94, 127, 91, 64, 111, 30, 31, 11, 100, 96, 98, 52, 51, 46, 126, 47, 39, 68, 50, 2, 70, 60, 83, 125, 104, 124, 123, 142, 141, 62, 49, 56, 57, 38, 44, 24, 86, 69, 79, 80, 66, 72, 73, 82, 89, 87, 88, 103, 23, 5, 4, 22, 21, 20, 37, 34, 35, 84, 53, 119, 77, 90, 55, 92, 117, 75, 8, 29, 41, 15, 43, 27, 0, 65, 33, 3, 19, 107, 59, 81, 95, 45]",True,9487034,0.009487034,"[27, 107, 0, 33, 45, 95, 19, 65, 59, 3, 81]","[81, 3, 59, 65, 19, 95, 45, 33, 0, 107, 27]",False,complete,11,11,66,0,12,0,12,12,,False,,,,,,,0,0,0,0,0,0,0,0
2,10522,71,140,9,"[0, 1, 2, 4, 5, 6, 7, 8, 9, 10, 11, 12, 13, 14, 15, 16, 17, 18, 20, 21, 22, 23, 24, 25, 26, 27, 28, 29, 30, 31, 32, 34, 35, 36, 37, 38, 39, 40, 41, 42, 43, 44, 46, 47, 48, 49, 50, 51, 52, 53, 54, 55, 56, 57, 58, 60, 61, 62, 63, 64, 66, 67, 68, 69, 70, 71, 72, 73, 74, 75, 76, 77, 78, 79, 80, 82, 83, 84, 85, 86, 87, 88, 89, 90, 91, 92, 93, 94, 96, 97, 98, 99, 100, 101, 102, 103, 104, 105, 106, 108, 109, 110, 111, 112, 114, 115, 116, 117, 118, 119, 120, 121, 122, 123, 124, 125, 126, 127, 128, 129, 130, 131, 132, 133, 134, 135, 136, 137, 138, 139, 140, 141, 142, 143, 144, 145, 146, 147, 148, 149]","[3, 19, 33, 45, 59, 65, 81, 95, 107]",{},[],0,"[122, 17, 18, 32, 137, 138, 139, 140, 13, 14, 118, 116, 136, 10, 115, 36, 135, 28, 26, 105, 99, 149, 102, 144, 16, 112, 148, 145, 146, 147, 12, 71, 58, 134, 109, 61, 48, 67, 78, 93, 85, 133, 42, 40, 143, 25, 7, 129, 132, 131, 130, 54, 76, 74, 110, 108, 9, 97, 128, 63, 106, 101, 120, 114, 121, 6, 1, 94, 127, 91, 64, 111, 30, 31, 11, 100, 96, 98, 52, 51, 46, 126, 47, 39, 68, 50, 2, 70, 60, 83, 125, 104, 124, 123, 142, 141, 62, 49, 56, 57, 38, 44, 24, 86, 69, 79, 80, 66, 72, 73, 82, 89, 87, 88, 103, 23, 5, 4, 22, 21, 20, 37, 34, 35, 84, 53, 119, 77, 90, 55, 92, 117, 75, 8, 29, 41, 15, 43, 27, 0, 65, 33, 3, 19, 107, 59, 81, 95, 45]",True,7028630,0.007028630,"[19, 33, 45, 107, 3, 95, 65, 59, 81]","[81, 59, 65, 95, 3, 107, 45, 33, 19]",False,complete,9,9,45,0,10,0,10,10,,False,,,,,,,0,0,0,0,0,0,0,0
2,10523,72,142,7,"[0, 1, 2, 4, 5, 6, 7, 8, 9, 10, 11, 12, 13, 14, 15, 16, 17, 18, 20, 21, 22, 23, 24, 25, 26, 27, 28, 29, 30, 31, 32, 33, 34, 35, 36, 37, 38, 39, 40, 41, 42, 43, 44, 46, 47, 48, 49, 50, 51, 52, 53, 54, 55, 56, 57, 58, 60, 61, 62, 63, 64, 65, 66, 67, 68, 69, 70, 71, 72, 73, 74, 75, 76, 77, 78, 79, 80, 82, 83, 84, 85, 86, 87, 88, 89, 90, 91, 92, 93, 94, 96, 97, 98, 99, 100, 101, 102, 103, 104, 105, 106, 108, 109, 110, 111, 112, 114, 115, 116, 117, 118, 119, 120, 121, 122, 123, 124, 125, 126, 127, 128, 129, 130, 131, 132, 133, 134, 135, 136, 137, 138, 139, 140, 141, 142, 143, 144, 145, 146, 147, 148, 149]","[3, 19, 45, 59, 81, 95, 107]",{},[],0,"[122, 17, 18, 32, 137, 138, 139, 140, 13, 14, 118, 116, 136, 10, 115, 36, 135, 28, 26, 105, 99, 149, 102, 144, 16, 112, 148, 145, 146, 147, 12, 71, 58, 134, 109, 61, 48, 67, 78, 93, 85, 133, 42, 40, 143, 25, 7, 129, 132, 131, 130, 54, 76, 74, 110, 108, 9, 97, 128, 63, 106, 101, 120, 114, 121, 6, 1, 94, 127, 91, 64, 111, 30, 31, 11, 100, 96, 98, 52, 51, 46, 126, 47, 39, 68, 50, 2, 70, 60, 83, 125, 104, 124, 123, 142, 141, 62, 49, 56, 57, 38, 44, 24, 86, 69, 79, 80, 66, 72, 73, 82, 89, 87, 88, 103, 23, 5, 4, 22, 21, 20, 37, 34, 35, 84, 53, 119, 77, 90, 55, 92, 117, 75, 8, 29, 41, 15, 43, 27, 0, 65, 33, 3, 19, 107, 59, 81, 95, 45]",True,5217355,0.005217355,"[19, 45, 95, 107, 81, 59, 3]","[3, 59, 81, 107, 95, 45, 19]",False,complete,7,7,28,0,8,0,8,8,,False,,,,,,,0,0,0,0,0,0,0,0
2,10524,73,144,5,"[0, 1, 2, 3, 4, 5, 6, 7, 8, 9, 10, 11, 12, 13, 14, 15, 16, 17, 18, 19, 20, 21, 22, 23, 24, 25, 26, 27, 28, 29, 30, 31, 32, 33, 34, 35, 36, 37, 38, 39, 40, 41, 42, 43, 44, 46, 47, 48, 49, 50, 51, 52, 53, 54, 55, 56, 57, 58, 60, 61, 62, 63, 64, 65, 66, 67, 68, 69, 70, 71, 72, 73, 74, 75, 76, 77, 78, 79, 80, 82, 83, 84, 85, 86, 87, 88, 89, 90, 91, 92, 93, 94, 96, 97, 98, 99, 100, 101, 102, 103, 104, 105, 106, 108, 109, 110, 111, 112, 114, 115, 116, 117, 118, 119, 120, 121, 122, 123, 124, 125, 126, 127, 128, 129, 130, 131, 132, 133, 134, 135, 136, 137, 138, 139, 140, 141, 142, 143, 144, 145, 146, 147, 148, 149]","[45, 59, 81, 95, 107]",{},[],0,"[122, 17, 18, 32, 137, 138, 139, 140, 13, 14, 118, 116, 136, 10, 115, 36, 135, 28, 26, 105, 99, 149, 102, 144, 16, 112, 148, 145, 146, 147, 12, 71, 58, 134, 109, 61, 48, 67, 78, 93, 85, 133, 42, 40, 143, 25, 7, 129, 132, 131, 130, 54, 76, 74, 110, 108, 9, 97, 128, 63, 106, 101, 120, 114, 121, 6, 1, 94, 127, 91, 64, 111, 30, 31, 11, 100, 96, 98, 52, 51, 46, 126, 47, 39, 68, 50, 2, 70, 60, 83, 125, 104, 124, 123, 142, 141, 62, 49, 56, 57, 38, 44, 24, 86, 69, 79, 80, 66, 72, 73, 82, 89, 87, 88, 103, 23, 5, 4, 22, 21, 20, 37, 34, 35, 84, 53, 119, 77, 90, 55, 92, 117, 75, 8, 29, 41, 15, 43, 27, 0, 65, 33, 3, 19, 107, 59, 81, 95, 45]",True,3678067,0.003678067,"[107, 59, 81, 45, 95]","[95, 45, 81, 59, 107]",False,complete,5,5,15,0,6,0,6,6,,False,,,,,,,0,0,0,0,0,0,0,0
2,10525,74,146,3,"[0, 1, 2, 3, 4, 5, 6, 7, 8, 9, 10, 11, 12, 13, 14, 15, 16, 17, 18, 19, 20, 21, 22, 23, 24, 25, 26, 27, 28, 29, 30, 31, 32, 33, 34, 35, 36, 37, 38, 39, 40, 41, 42, 43, 44, 46, 47, 48, 49, 50, 51, 52, 53, 54, 55, 56, 57, 58, 59, 60, 61, 62, 63, 64, 65, 66, 67, 68, 69, 70, 71, 72, 73, 74, 75, 76, 77, 78, 79, 80, 82, 83, 84, 85, 86, 87, 88, 89, 90, 91, 92, 93, 94, 96, 97, 98, 99, 100, 101, 102, 103, 104, 105, 106, 107, 108, 109, 110, 111, 112, 114, 115, 116, 117, 118, 119, 120, 121, 122, 123, 124, 125, 126, 127, 128, 129, 130, 131, 132, 133, 134, 135, 136, 137, 138, 139, 140, 141, 142, 143, 144, 145, 146, 147, 148, 149]","[45, 81, 95]",{},[],0,"[122, 17, 18, 32, 137, 138, 139, 140, 13, 14, 118, 116, 136, 10, 115, 36, 135, 28, 26, 105, 99, 149, 102, 144, 16, 112, 148, 145, 146, 147, 12, 71, 58, 134, 109, 61, 48, 67, 78, 93, 85, 133, 42, 40, 143, 25, 7, 129, 132, 131, 130, 54, 76, 74, 110, 108, 9, 97, 128, 63, 106, 101, 120, 114, 121, 6, 1, 94, 127, 91, 64, 111, 30, 31, 11, 100, 96, 98, 52, 51, 46, 126, 47, 39, 68, 50, 2, 70, 60, 83, 125, 104, 124, 123, 142, 141, 62, 49, 56, 57, 38, 44, 24, 86, 69, 79, 80, 66, 72, 73, 82, 89, 87, 88, 103, 23, 5, 4, 22, 21, 20, 37, 34, 35, 84, 53, 119, 77, 90, 55, 92, 117, 75, 8, 29, 41, 15, 43, 27, 0, 65, 33, 3, 19, 107, 59, 81, 95, 45]",True,2312757,0.002312757,"[95, 81, 45]","[45, 81, 95]",False,complete,3,3,6,0,4,0,4,4,,False,,,,,,,0,0,0,0,0,0,0,0
2,10526,75,148,1,"[0, 1, 2, 3, 4, 5, 6, 7, 8, 9, 10, 11, 12, 13, 14, 15, 16, 17, 18, 19, 20, 21, 22, 23, 24, 25, 26, 27, 28, 29, 30, 31, 32, 33, 34, 35, 36, 37, 38, 39, 40, 41, 42, 43, 44, 46, 47, 48, 49, 50, 51, 52, 53, 54, 55, 56, 57, 58, 59, 60, 61, 62, 63, 64, 65, 66, 67, 68, 69, 70, 71, 72, 73, 74, 75, 76, 77, 78, 79, 80, 81, 82, 83, 84, 85, 86, 87, 88, 89, 90, 91, 92, 93, 94, 95, 96, 97, 98, 99, 100, 101, 102, 103, 104, 105, 106, 107, 108, 109, 110, 111, 112, 114, 115, 116, 117, 118, 119, 120, 121, 122, 123, 124, 125, 126, 127, 128, 129, 130, 131, 132, 133, 134, 135, 136, 137, 138, 139, 140, 141, 142, 143, 144, 145, 146, 147, 148, 149]",[45],{},[],0,"[122, 17, 18, 32, 137, 138, 139, 140, 13, 14, 118, 116, 136, 10, 115, 36, 135, 28, 26, 105, 99, 149, 102, 144, 16, 112, 148, 145, 146, 147, 12, 71, 58, 134, 109, 61, 48, 67, 78, 93, 85, 133, 42, 40, 143, 25, 7, 129, 132, 131, 130, 54, 76, 74, 110, 108, 9, 97, 128, 63, 106, 101, 120, 114, 121, 6, 1, 94, 127, 91, 64, 111, 30, 31, 11, 100, 96, 98, 52, 51, 46, 126, 47, 39, 68, 50, 2, 70, 60, 83, 125, 104, 124, 123, 142, 141, 62, 49, 56, 57, 38, 44, 24, 86, 69, 79, 80, 66, 72, 73, 82, 89, 87, 88, 103, 23, 5, 4, 22, 21, 20, 37, 34, 35, 84, 53, 119, 77, 90, 55, 92, 117, 75, 8, 29, 41, 15, 43, 27, 0, 65, 33, 3, 19, 107, 59, 81, 95, 45]",True,712719,0.000712719,[45],[45],True,complete,1,1,1,0,2,0,2,2,,False,,,,,,,0,0,0,0,0,0,0,0
3,20452,1,0,149,[],"[0, 1, 2, 3, 4, 5, 6, 7, 8, 9, 10, 11, 12, 13, 14, 15, 16, 17, 18, 19, 20, 21, 22, 23, 24, 25, 26, 27, 28, 29, 30, 31, 32, 33, 34, 35, 36, 37, 38, 39, 40, 41, 42, 43, 44, 45, 46, 47, 48, 49, 50, 51, 52, 53, 54, 55, 56, 57, 58, 59, 60, 61, 62, 63, 64, 65, 66, 67, 68, 69, 70, 71, 72, 73, 74, 75, 76, 77, 78, 79, 80, 81, 82, 83, 84, 85, 86, 87, 88, 89, 90, 91, 92, 93, 94, 95, 96, 97, 98, 99, 100, 101, 102, 103, 104, 105, 106, 107, 108, 109, 110, 111, 112, 114, 115, 116, 117, 118, 119, 120, 121, 122, 123, 124, 125, 126, 127, 128, 129, 130, 131, 132, 133, 134, 135, 136, 137, 138, 139, 140, 141, 142, 143, 144, 145, 146, 147, 148, 149]",{},[],0,"[17, 122, 18, 32, 137, 138, 140, 139, 13, 14, 116, 118, 136, 102, 10, 112, 36, 135, 26, 28, 105, 99, 148, 145, 144, 115, 16, 149, 146, 147, 12, 71, 58, 134, 109, 78, 61, 67, 48, 85, 93, 133, 40, 42, 143, 25, 7, 132, 131, 130, 129, 76, 54, 74, 110, 108, 9, 97, 128, 63, 106, 101, 120, 114, 121, 6, 1, 94, 127, 89, 64, 111, 30, 31, 11, 100, 96, 98, 52, 51, 46, 126, 2, 70, 39, 47, 23, 5, 4, 22, 21, 20, 37, 34, 35, 87, 103, 86, 125, 104, 91, 88, 83, 82, 124, 123, 142, 141, 84, 24, 44, 68, 60, 66, 73, 69, 79, 72, 50, 80, 38, 56, 49, 57, 62, 90, 117, 53, 92, 77, 75, 55, 119, 41, 27, 8, 29, 15, 43, 59, 95, 3, 0, 65, 107, 45, 33, 81, 19]",True,26536653215,26.536653215,"[17, 122, 18, 32, 137, 138, 140, 139, 13, 14, 116, 118, 136, 102, 10, 112, 36, 135, 26, 28, 105, 99, 148, 145, 144, 115, 16, 149, 146, 147, 12, 71, 58, 134, 109, 78, 61, 67, 48, 85, 93, 133, 40, 42, 143, 25, 7, 132, 131, 130, 129, 76, 54, 74, 110, 108, 9, 97, 128, 63, 106, 101, 120, 114, 121, 6, 1, 94, 127, 89, 64, 111, 30, 31, 11, 100, 96, 98, 52, 51, 46, 126, 2, 70, 39, 47, 23, 5, 4, 22, 21, 20, 37, 34, 35, 87, 103, 86, 125, 104, 91, 88, 83, 82, 124, 123, 142, 141, 84, 24, 44, 68, 60, 66, 73, 69, 79, 72, 50, 80, 38, 56, 49, 57, 62, 90, 117, 53, 92, 77, 75, 55, 119, 41, 27, 8, 29, 15, 43, 59, 95, 3, 0, 65, 107, 45, 33, 81, 19]","[19, 81, 33, 45, 107, 65, 0, 3, 95, 59, 43, 15, 29, 8, 27, 41, 119, 55, 75, 77, 92, 53, 117, 90, 62, 57, 49, 56, 38, 80, 50, 72, 79, 69, 73, 66, 60, 68, 44, 24, 84, 141, 142, 123, 124, 82, 83, 88, 91, 104, 125, 86, 103, 87, 35, 34, 37, 20, 21, 22, 4, 5, 23, 47, 39, 70, 2, 126, 46, 51, 52, 98, 96, 100, 11, 31, 30, 111, 64, 89, 127, 94, 1, 6, 121, 114, 120, 101, 106, 63, 128, 97, 9, 108, 110, 74, 54, 76, 129, 130, 131, 132, 7, 25, 143, 42, 40, 133, 93, 85, 48, 67, 61, 78, 109, 134, 58, 71, 12, 147, 146, 149, 16, 115, 144, 145, 148, 99, 105, 28, 26, 135, 36, 112, 10, 102, 136, 118, 116, 14, 13, 139, 140, 138, 137, 32, 18, 122, 17]",True,complete,1164,1164,11175,1015,1573,0,1573,1573,,False,,,,,,,2,212,24,212,24,24,24,24
3,20453,2,2,147,"[17, 122]","[0, 1, 2, 3, 4, 5, 6, 7, 8, 9, 10, 11, 12, 13, 14, 15, 16, 18, 19, 20, 21, 22, 23, 24, 25, 26, 27, 28, 29, 30, 31, 32, 33, 34, 35, 36, 37, 38, 39, 40, 41, 42, 43, 44, 45, 46, 47, 48, 49, 50, 51, 52, 53, 54, 55, 56, 57, 58, 59, 60, 61, 62, 63, 64, 65, 66, 67, 68, 69, 70, 71, 72, 73, 74, 75, 76, 77, 78, 79, 80, 81, 82, 83, 84, 85, 86, 87, 88, 89, 90, 91, 92, 93, 94, 95, 96, 97, 98, 99, 100, 101, 102, 103, 104, 105, 106, 107, 108, 109, 110, 111, 112, 114, 115, 116, 117, 118, 119, 120, 121, 123, 124, 125, 126, 127, 128, 129, 130, 131, 132, 133, 134, 135, 136, 137, 138, 139, 140, 141, 142, 143, 144, 145, 146, 147, 148, 149]",{},[],0,"[17, 122, 18, 32, 137, 138, 140, 139, 13, 14, 116, 118, 136, 102, 10, 112, 36, 135, 26, 28, 105, 99, 148, 145, 144, 115, 16, 149, 146, 147, 12, 71, 58, 134, 109, 78, 61, 67, 48, 85, 93, 133, 40, 42, 143, 25, 7, 132, 131, 130, 129, 76, 54, 74, 110, 108, 9, 97, 128, 63, 106, 101, 120, 114, 121, 6, 1, 94, 127, 89, 64, 111, 30, 31, 11, 100, 96, 98, 52, 51, 46, 126, 2, 70, 39, 47, 23, 5, 4, 22, 21, 20, 37, 34, 35, 87, 103, 86, 125, 104, 91, 88, 83, 82, 124, 123, 142, 141, 84, 24, 44, 68, 60, 66, 73, 69, 79, 72, 50, 80, 38, 56, 49, 57, 62, 90, 117, 53, 92, 77, 75, 55, 119, 41, 27, 8, 29, 15, 43, 59, 95, 3, 0, 65, 107, 45, 33, 81, 19]",True,27268044874,27.268044874,"[18, 32, 137, 138, 139, 140, 14, 13, 116, 118, 136, 115, 102, 16, 36, 135, 26, 28, 99, 105, 144, 145, 148, 10, 112, 149, 147, 146, 12, 71, 58, 134, 109, 78, 61, 67, 48, 85, 93, 133, 42, 40, 143, 25, 7, 131, 132, 129, 130, 54, 76, 74, 110, 108, 9, 97, 128, 63, 106, 101, 120, 114, 121, 6, 1, 94, 127, 91, 64, 111, 30, 31, 11, 100, 96, 98, 52, 51, 46, 126, 47, 39, 68, 50, 2, 70, 60, 83, 125, 103, 124, 123, 141, 142, 62, 49, 56, 57, 38, 44, 24, 86, 69, 79, 80, 66, 72, 73, 87, 89, 88, 82, 104, 23, 5, 4, 22, 21, 20, 37, 34, 35, 84, 117, 53, 55, 77, 119, 75, 92, 90, 41, 8, 29, 43, 15, 27, 3, 0, 33, 59, 107, 45, 81, 65, 95, 19]","[19, 95, 65, 81, 45, 107, 59, 33, 0, 3, 27, 15, 43, 29, 8, 41, 90, 92, 75, 119, 77, 55, 53, 117, 84, 35, 34, 37, 20, 21, 22, 4, 5, 23, 104, 82, 88, 89, 87, 73, 72, 66, 80, 79, 69, 86, 24, 44, 38, 57, 56, 49, 62, 142, 141, 123, 124, 103, 125, 83, 60, 70, 2, 50, 68, 39, 47, 126, 46, 51, 52, 98, 96, 100, 11, 31, 30, 111, 64, 91, 127, 94, 1, 6, 121, 114, 120, 101, 106, 63, 128, 97, 9, 108, 110, 74, 76, 54, 130, 129, 132, 131, 7, 25, 143, 40, 42, 133, 93, 85, 48, 67, 61, 78, 109, 134, 58, 71, 12, 146, 147, 149, 112, 10, 148, 145, 144, 105, 99, 28, 26, 135, 36, 16, 102, 115, 136, 118, 116, 13, 14, 140, 139, 138, 137, 32, 18]",False,complete,1294,1294,10878,1147,1626,0,1626,1626,,False,,,,,,,2,213,24,213,24,24,24,24
3,20454,3,4,145,"[17, 18, 32, 122]","[0, 1, 2, 3, 4, 5, 6, 7, 8, 9, 10, 11, 12, 13, 14, 15, 16, 19, 20, 21, 22, 23, 24, 25, 26, 27, 28, 29, 30, 31, 33, 34, 35, 36, 37, 38, 39, 40, 41, 42, 43, 44, 45, 46, 47, 48, 49, 50, 51, 52, 53, 54, 55, 56, 57, 58, 59, 60, 61, 62, 63, 64, 65, 66, 67, 68, 69, 70, 71, 72, 73, 74, 75, 76, 77, 78, 79, 80, 81, 82, 83, 84, 85, 86, 87, 88, 89, 90, 91, 92, 93, 94, 95, 96, 97, 98, 99, 100, 101, 102, 103, 104, 105, 106, 107, 108, 109, 110, 111, 112, 114, 115, 116, 117, 118, 119, 120, 121, 123, 124, 125, 126, 127, 128, 129, 130, 131, 132, 133, 134, 135, 136, 137, 138, 139, 140, 141, 142, 143, 144, 145, 146, 147, 148, 149]",{},[],0,"[17, 122, 18, 32, 137, 138, 140, 139, 13, 14, 116, 118, 136, 102, 10, 112, 36, 135, 26, 28, 105, 99, 148, 145, 144, 115, 16, 149, 146, 147, 12, 71, 58, 134, 109, 78, 61, 67, 48, 85, 93, 133, 40, 42, 143, 25, 7, 132, 131, 130, 129, 76, 54, 74, 110, 108, 9, 97, 128, 63, 106, 101, 120, 114, 121, 6, 1, 94, 127, 89, 64, 111, 30, 31, 11, 100, 96, 98, 52, 51, 46, 126, 2, 70, 39, 47, 23, 5, 4, 22, 21, 20, 37, 34, 35, 87, 103, 86, 125, 104, 91, 88, 83, 82, 124, 123, 142, 141, 84, 24, 44, 68, 60, 66, 73, 69, 79, 72, 50, 80, 38, 56, 49, 57, 62, 90, 117, 53, 92, 77, 75, 55, 119, 41, 27, 8, 29, 15, 43, 59, 95, 3, 0, 65, 107, 45, 33, 81, 19]",True,28573928745,28.573928745,"[137, 138, 139, 140, 13, 14, 118, 116, 136, 115, 10, 36, 135, 26, 28, 99, 105, 145, 144, 102, 148, 16, 112, 149, 146, 147, 12, 58, 71, 134, 109, 78, 48, 61, 67, 85, 93, 133, 40, 42, 143, 25, 7, 129, 131, 132, 130, 74, 121, 97, 128, 106, 114, 120, 101, 6, 1, 52, 76, 110, 108, 9, 63, 94, 127, 89, 64, 111, 30, 31, 11, 100, 96, 98, 54, 51, 46, 126, 2, 39, 68, 50, 47, 70, 60, 83, 125, 104, 124, 123, 142, 141, 62, 49, 56, 57, 38, 44, 24, 86, 69, 79, 80, 66, 72, 73, 82, 91, 87, 88, 103, 23, 5, 4, 22, 21, 20, 37, 34, 35, 84, 90, 92, 75, 53, 55, 117, 77, 119, 8, 29, 41, 43, 15, 27, 107, 0, 3, 65, 33, 95, 19, 81, 59, 45]","[45, 59, 81, 19, 95, 33, 65, 3, 0, 107, 27, 15, 43, 41, 29, 8, 119, 77, 117, 55, 53, 75, 92, 90, 84, 35, 34, 37, 20, 21, 22, 4, 5, 23, 103, 88, 87, 91, 82, 73, 72, 66, 80, 79, 69, 86, 24, 44, 38, 57, 56, 49, 62, 141, 142, 123, 124, 104, 125, 83, 60, 70, 47, 50, 68, 39, 2, 126, 46, 51, 54, 98, 96, 100, 11, 31, 30, 111, 64, 89, 127, 94, 63, 9, 108, 110, 76, 52, 1, 6, 101, 120, 114, 106, 128, 97, 121, 74, 130, 132, 131, 129, 7, 25, 143, 42, 40, 133, 93, 85, 67, 61, 48, 78, 109, 134, 71, 58, 12, 147, 146, 149, 112, 16, 148, 102, 144, 145, 105, 99, 28, 26, 135, 36, 10, 115, 136, 116, 118, 14, 13, 140, 139, 138, 137]",False,complete,1292,1292,10585,1147,1649,0,1649,1649,,False,,,,,,,2,212,27,212,27,27,27,27
3,20455,4,6,143,"[17, 18, 32, 122, 137, 138]","[0, 1, 2, 3, 4, 5, 6, 7, 8, 9, 10, 11, 12, 13, 14, 15, 16, 19, 20, 21, 22, 23, 24, 25, 26, 27, 28, 29, 30, 31, 33, 34, 35, 36, 37, 38, 39, 40, 41, 42, 43, 44, 45, 46, 47, 48, 49, 50, 51, 52, 53, 54, 55, 56, 57, 58, 59, 60, 61, 62, 63, 64, 65, 66, 67, 68, 69, 70, 71, 72, 73, 74, 75, 76, 77, 78, 79, 80, 81, 82, 83, 84, 85, 86, 87, 88, 89, 90, 91, 92, 93, 94, 95, 96, 97, 98, 99, 100, 101, 102, 103, 104, 105, 106, 107, 108, 109, 110, 111, 112, 114, 115, 116, 117, 118, 119, 120, 121, 123, 124, 125, 126, 127, 128, 129, 130, 131, 132, 133, 134, 135, 136, 139, 140, 141, 142, 143, 144, 145, 146, 147, 148, 149]",{},[],0,"[17, 122, 18, 32, 137, 138, 140, 139, 13, 14, 116, 118, 136, 102, 10, 112, 36, 135, 26, 28, 105, 99, 148, 145, 144, 115, 16, 149, 146, 147, 12, 71, 58, 134, 109, 78, 61, 67, 48, 85, 93, 133, 40, 42, 143, 25, 7, 132, 131, 130, 129, 76, 54, 74, 110, 108, 9, 97, 128, 63, 106, 101, 120, 114, 121, 6, 1, 94, 127, 89, 64, 111, 30, 31, 11, 100, 96, 98, 52, 51, 46, 126, 2, 70, 39, 47, 23, 5, 4, 22, 21, 20, 37, 34, 35, 87, 103, 86, 125, 104, 91, 88, 83, 82, 124, 123, 142, 141, 84, 24, 44, 68, 60, 66, 73, 69, 79, 72, 50, 80, 38, 56, 49, 57, 62, 90, 117, 53, 92, 77, 75, 55, 119, 41, 27, 8, 29, 15, 43, 59, 95, 3, 0, 65, 107, 45, 33, 81, 19]",True,27695911601,27.695911601,"[140, 139, 13, 14, 116, 118, 136, 10, 115, 36, 135, 26, 28, 105, 99, 145, 149, 102, 148, 144, 112, 16, 146, 147, 12, 58, 71, 134, 109, 67, 61, 78, 48, 93, 85, 133, 40, 42, 143, 25, 7, 132, 129, 131, 130, 54, 74, 76, 110, 108, 9, 97, 128, 63, 106, 101, 120, 114, 121, 6, 1, 94, 127, 89, 64, 111, 30, 31, 11, 100, 96, 98, 52, 51, 46, 126, 47, 70, 39, 2, 23, 5, 4, 22, 21, 20, 37, 34, 35, 87, 103, 86, 125, 104, 91, 88, 83, 82, 124, 123, 142, 141, 84, 24, 44, 68, 66, 73, 69, 60, 79, 72, 50, 80, 49, 56, 38, 57, 62, 92, 77, 55, 90, 117, 53, 75, 119, 27, 15, 41, 8, 29, 43, 107, 3, 45, 95, 65, 19, 59, 81, 0, 33]","[33, 0, 81, 59, 19, 65, 95, 45, 3, 107, 43, 29, 8, 41, 15, 27, 119, 75, 53, 117, 90, 55, 77, 92, 62, 57, 38, 56, 49, 80, 50, 72, 79, 60, 69, 73, 66, 68, 44, 24, 84, 141, 142, 123, 124, 82, 83, 88, 91, 104, 125, 86, 103, 87, 35, 34, 37, 20, 21, 22, 4, 5, 23, 2, 39, 70, 47, 126, 46, 51, 52, 98, 96, 100, 11, 31, 30, 111, 64, 89, 127, 94, 1, 6, 121, 114, 120, 101, 106, 63, 128, 97, 9, 108, 110, 76, 74, 54, 130, 131, 129, 132, 7, 25, 143, 42, 40, 133, 85, 93, 48, 78, 61, 67, 109, 134, 71, 58, 12, 147, 146, 16, 112, 144, 148, 102, 149, 145, 99, 105, 28, 26, 135, 36, 115, 10, 136, 118, 116, 14, 13, 139, 140]",False,complete,1183,1183,10296,1040,1584,0,1584,1584,,False,,,,,,,2,212,24,212,24,24,24,24
3,20456,5,8,141,"[17, 18, 32, 122, 137, 138, 139, 140]","[0, 1, 2, 3, 4, 5, 6, 7, 8, 9, 10, 11, 12, 13, 14, 15, 16, 19, 20, 21, 22, 23, 24, 25, 26, 27, 28, 29, 30, 31, 33, 34, 35, 36, 37, 38, 39, 40, 41, 42, 43, 44, 45, 46, 47, 48, 49, 50, 51, 52, 53, 54, 55, 56, 57, 58, 59, 60, 61, 62, 63, 64, 65, 66, 67, 68, 69, 70, 71, 72, 73, 74, 75, 76, 77, 78, 79, 80, 81, 82, 83, 84, 85, 86, 87, 88, 89, 90, 91, 92, 93, 94, 95, 96, 97, 98, 99, 100, 101, 102, 103, 104, 105, 106, 107, 108, 109, 110, 111, 112, 114, 115, 116, 117, 118, 119, 120, 121, 123, 124, 125, 126, 127, 128, 129, 130, 131, 132, 133, 134, 135, 136, 141, 142, 143, 144, 145, 146, 147, 148, 149]",{},[],0,"[17, 122, 18, 32, 137, 138, 140, 139, 13, 14, 116, 118, 136, 102, 10, 112, 36, 135, 26, 28, 105, 99, 148, 145, 144, 115, 16, 149, 146, 147, 12, 71, 58, 134, 109, 78, 61, 67, 48, 85, 93, 133, 40, 42, 143, 25, 7, 132, 131, 130, 129, 76, 54, 74, 110, 108, 9, 97, 128, 63, 106, 101, 120, 114, 121, 6, 1, 94, 127, 89, 64, 111, 30, 31, 11, 100, 96, 98, 52, 51, 46, 126, 2, 70, 39, 47, 23, 5, 4, 22, 21, 20, 37, 34, 35, 87, 103, 86, 125, 104, 91, 88, 83, 82, 124, 123, 142, 141, 84, 24, 44, 68, 60, 66, 73, 69, 79, 72, 50, 80, 38, 56, 49, 57, 62, 90, 117, 53, 92, 77, 75, 55, 119, 41, 27, 8, 29, 15, 43, 59, 95, 3, 0, 65, 107, 45, 33, 81, 19]",True,26313626513,26.313626513,"[14, 13, 118, 116, 136, 115, 102, 16, 36, 135, 26, 28, 105, 99, 145, 148, 112, 149, 144, 10, 146, 147, 12, 71, 58, 134, 109, 61, 48, 78, 67, 85, 93, 133, 40, 42, 143, 25, 7, 132, 129, 130, 131, 74, 121, 97, 128, 106, 101, 120, 114, 6, 1, 76, 52, 110, 108, 9, 63, 94, 127, 89, 64, 111, 30, 31, 11, 100, 96, 98, 54, 51, 46, 126, 47, 70, 39, 2, 23, 5, 4, 22, 21, 20, 37, 34, 35, 69, 91, 73, 79, 72, 80, 66, 68, 60, 83, 50, 86, 44, 24, 125, 104, 124, 123, 141, 142, 62, 49, 56, 38, 57, 82, 87, 88, 103, 84, 77, 53, 119, 90, 117, 92, 55, 75, 29, 27, 8, 15, 41, 43, 95, 59, 3, 45, 0, 107, 19, 81, 33, 65]","[65, 33, 81, 19, 107, 0, 45, 3, 59, 95, 43, 41, 15, 8, 27, 29, 75, 55, 92, 117, 90, 119, 53, 77, 84, 103, 88, 87, 82, 57, 38, 56, 49, 62, 142, 141, 123, 124, 104, 125, 24, 44, 86, 50, 83, 60, 68, 66, 80, 72, 79, 73, 91, 69, 35, 34, 37, 20, 21, 22, 4, 5, 23, 2, 39, 70, 47, 126, 46, 51, 54, 98, 96, 100, 11, 31, 30, 111, 64, 89, 127, 94, 63, 9, 108, 110, 52, 76, 1, 6, 114, 120, 101, 106, 128, 97, 121, 74, 131, 130, 129, 132, 7, 25, 143, 42, 40, 133, 93, 85, 67, 78, 48, 61, 109, 134, 58, 71, 12, 147, 146, 10, 144, 149, 112, 148, 145, 99, 105, 28, 26, 135, 36, 16, 102, 115, 136, 116, 118, 13, 14]",False,complete,1075,1075,10011,934,1350,0,1350,1350,,False,,,,,,,2,211,23,211,23,23,23,23
3,20457,6,10,139,"[13, 14, 17, 18, 32, 122, 137, 138, 139, 140]","[0, 1, 2, 3, 4, 5, 6, 7, 8, 9, 10, 11, 12, 15, 16, 19, 20, 21, 22, 23, 24, 25, 26, 27, 28, 29, 30, 31, 33, 34, 35, 36, 37, 38, 39, 40, 41, 42, 43, 44, 45, 46, 47, 48, 49, 50, 51, 52, 53, 54, 55, 56, 57, 58, 59, 60, 61, 62, 63, 64, 65, 66, 67, 68, 69, 70, 71, 72, 73, 74, 75, 76, 77, 78, 79, 80, 81, 82, 83, 84, 85, 86, 87, 88, 89, 90, 91, 92, 93, 94, 95, 96, 97, 98, 99, 100, 101, 102, 103, 104, 105, 106, 107, 108, 109, 110, 111, 112, 114, 115, 116, 117, 118, 119, 120, 121, 123, 124, 125, 126, 127, 128, 129, 130, 131, 132, 133, 134, 135, 136, 141, 142, 143, 144, 145, 146, 147, 148, 149]",{},[],0,"[17, 122, 18, 32, 137, 138, 140, 139, 13, 14, 116, 118, 136, 102, 10, 112, 36, 135, 26, 28, 105, 99, 148, 145, 144, 115, 16, 149, 146, 147, 12, 71, 58, 134, 109, 78, 61, 67, 48, 85, 93, 133, 40, 42, 143, 25, 7, 132, 131, 130, 129, 76, 54, 74, 110, 108, 9, 97, 128, 63, 106, 101, 120, 114, 121, 6, 1, 94, 127, 89, 64, 111, 30, 31, 11, 100, 96, 98, 52, 51, 46, 126, 2, 70, 39, 47, 23, 5, 4, 22, 21, 20, 37, 34, 35, 87, 103, 86, 125, 104, 91, 88, 83, 82, 124, 123, 142, 141, 84, 24, 44, 68, 60, 66, 73, 69, 79, 72, 50, 80, 38, 56, 49, 57, 62, 90, 117, 53, 92, 77, 75, 55, 119, 41, 27, 8, 29, 15, 43, 59, 95, 3, 0, 65, 107, 45, 33, 81, 19]",True,28238040035,28.238040035,"[116, 118, 136, 102, 115, 16, 36, 135, 26, 28, 99, 105, 144, 148, 10, 112, 145, 149, 147, 146, 12, 58, 71, 134, 109, 48, 78, 61, 67, 93, 85, 133, 40, 42, 143, 25, 7, 131, 132, 129, 130, 52, 76, 74, 110, 108, 9, 97, 128, 63, 106, 101, 120, 114, 121, 6, 1, 94, 127, 89, 64, 111, 30, 31, 11, 100, 96, 98, 54, 51, 46, 126, 2, 70, 39, 47, 23, 5, 4, 22, 21, 20, 37, 34, 35, 87, 104, 86, 125, 103, 91, 88, 83, 82, 124, 123, 142, 141, 84, 24, 44, 68, 60, 66, 73, 69, 79, 72, 50, 80, 38, 56, 49, 57, 62, 117, 77, 53, 55, 90, 119, 92, 75, 41, 43, 15, 29, 8, 27, 81, 65, 19, 3, 59, 45, 33, 0, 95, 107]","[107, 95, 0, 33, 45, 59, 3, 19, 65, 81, 27, 8, 29, 15, 43, 41, 75, 92, 119, 90, 55, 53, 77, 117, 62, 57, 49, 56, 38, 80, 50, 72, 79, 69, 73, 66, 60, 68, 44, 24, 84, 141, 142, 123, 124, 82, 83, 88, 91, 103, 125, 86, 104, 87, 35, 34, 37, 20, 21, 22, 4, 5, 23, 47, 39, 70, 2, 126, 46, 51, 54, 98, 96, 100, 11, 31, 30, 111, 64, 89, 127, 94, 1, 6, 121, 114, 120, 101, 106, 63, 128, 97, 9, 108, 110, 74, 76, 52, 130, 129, 132, 131, 7, 25, 143, 42, 40, 133, 85, 93, 67, 61, 78, 48, 109, 134, 71, 58, 12, 146, 147, 149, 145, 112, 10, 148, 144, 105, 99, 28, 26, 135, 36, 16, 115, 102, 136, 118, 116]",False,complete,1168,1168,9730,1029,1610,0,1610,1610,,False,,,,,,,2,212,24,212,24,24,24,24
3,20458,7,12,137,"[13, 14, 17, 18, 32, 116, 118, 122, 137, 138, 139, 140]","[0, 1, 2, 3, 4, 5, 6, 7, 8, 9, 10, 11, 12, 15, 16, 19, 20, 21, 22, 23, 24, 25, 26, 27, 28, 29, 30, 31, 33, 34, 35, 36, 37, 38, 39, 40, 41, 42, 43, 44, 45, 46, 47, 48, 49, 50, 51, 52, 53, 54, 55, 56, 57, 58, 59, 60, 61, 62, 63, 64, 65, 66, 67, 68, 69, 70, 71, 72, 73, 74, 75, 76, 77, 78, 79, 80, 81, 82, 83, 84, 85, 86, 87, 88, 89, 90, 91, 92, 93, 94, 95, 96, 97, 98, 99, 100, 101, 102, 103, 104, 105, 106, 107, 108, 109, 110, 111, 112, 114, 115, 117, 119, 120, 121, 123, 124, 125, 126, 127, 128, 129, 130, 131, 132, 133, 134, 135, 136, 141, 142, 143, 144, 145, 146, 147, 148, 149]",{},[],0,"[17, 122, 18, 32, 137, 138, 140, 139, 13, 14, 116, 118, 136, 102, 10, 112, 36, 135, 26, 28, 105, 99, 148, 145, 144, 115, 16, 149, 146, 147, 12, 71, 58, 134, 109, 78, 61, 67, 48, 85, 93, 133, 40, 42, 143, 25, 7, 132, 131, 130, 129, 76, 54, 74, 110, 108, 9, 97, 128, 63, 106, 101, 120, 114, 121, 6, 1, 94, 127, 89, 64, 111, 30, 31, 11, 100, 96, 98, 52, 51, 46, 126, 2, 70, 39, 47, 23, 5, 4, 22, 21, 20, 37, 34, 35, 87, 103, 86, 125, 104, 91, 88, 83, 82, 124, 123, 142, 141, 84, 24, 44, 68, 60, 66, 73, 69, 79, 72, 50, 80, 38, 56, 49, 57, 62, 90, 117, 53, 92, 77, 75, 55, 119, 41, 27, 8, 29, 15, 43, 59, 95, 3, 0, 65, 107, 45, 33, 81, 19]",True,26681852016,26.681852016,"[136, 115, 102, 16, 36, 135, 28, 26, 99, 105, 149, 112, 145, 144, 10, 148, 147, 146, 12, 71, 58, 134, 109, 48, 61, 78, 67, 93, 85, 133, 42, 40, 143, 25, 7, 131, 132, 129, 130, 76, 74, 52, 110, 108, 9, 97, 128, 63, 106, 101, 120, 114, 121, 6, 1, 94, 127, 91, 64, 111, 30, 31, 11, 100, 96, 98, 54, 51, 46, 126, 47, 70, 39, 2, 23, 5, 4, 22, 21, 20, 37, 34, 35, 69, 89, 73, 79, 72, 80, 87, 88, 103, 104, 125, 66, 68, 60, 83, 50, 86, 82, 44, 24, 124, 123, 141, 142, 84, 38, 56, 49, 57, 62, 75, 117, 119, 92, 77, 90, 55, 53, 27, 15, 29, 41, 8, 43, 59, 3, 95, 0, 45, 107, 19, 33, 65, 81]","[81, 65, 33, 19, 107, 45, 0, 95, 3, 59, 43, 8, 41, 29, 15, 27, 53, 55, 90, 77, 92, 119, 117, 75, 62, 57, 49, 56, 38, 84, 142, 141, 123, 124, 24, 44, 82, 86, 50, 83, 60, 68, 66, 125, 104, 103, 88, 87, 80, 72, 79, 73, 89, 69, 35, 34, 37, 20, 21, 22, 4, 5, 23, 2, 39, 70, 47, 126, 46, 51, 54, 98, 96, 100, 11, 31, 30, 111, 64, 91, 127, 94, 1, 6, 121, 114, 120, 101, 106, 63, 128, 97, 9, 108, 110, 52, 74, 76, 130, 129, 132, 131, 7, 25, 143, 40, 42, 133, 85, 93, 67, 78, 61, 48, 109, 134, 58, 71, 12, 146, 147, 148, 10, 144, 145, 112, 149, 105, 99, 26, 28, 135, 36, 16, 102, 115, 136]",False,complete,1082,1082,9453,945,1412,0,1412,1412,,False,,,,,,,2,210,21,210,21,21,21,21
3,20459,8,14,135,"[13, 14, 17, 18, 32, 102, 116, 118, 122, 136, 137, 138, 139, 140]","[0, 1, 2, 3, 4, 5, 6, 7, 8, 9, 10, 11, 12, 15, 16, 19, 20, 21, 22, 23, 24, 25, 26, 27, 28, 29, 30, 31, 33, 34, 35, 36, 37, 38, 39, 40, 41, 42, 43, 44, 45, 46, 47, 48, 49, 50, 51, 52, 53, 54, 55, 56, 57, 58, 59, 60, 61, 62, 63, 64, 65, 66, 67, 68, 69, 70, 71, 72, 73, 74, 75, 76, 77, 78, 79, 80, 81, 82, 83, 84, 85, 86, 87, 88, 89, 90, 91, 92, 93, 94, 95, 96, 97, 98, 99, 100, 101, 103, 104, 105, 106, 107, 108, 109, 110, 111, 112, 114, 115, 117, 119, 120, 121, 123, 124, 125, 126, 127, 128, 129, 130, 131, 132, 133, 134, 135, 141, 142, 143, 144, 145, 146, 147, 148, 149]","{""support_1"": 149}",[149],1,"[17, 122, 18, 32, 137, 138, 140, 139, 13, 14, 116, 118, 136, 102, 10, 112, 36, 135, 26, 28, 105, 99, 148, 145, 144, 115, 16, 149, 146, 147, 12, 71, 58, 134, 109, 78, 61, 67, 48, 85, 93, 133, 40, 42, 143, 25, 7, 132, 131, 130, 129, 76, 54, 74, 110, 108, 9, 97, 128, 63, 106, 101, 120, 114, 121, 6, 1, 94, 127, 89, 64, 111, 30, 31, 11, 100, 96, 98, 52, 51, 46, 126, 2, 70, 39, 47, 23, 5, 4, 22, 21, 20, 37, 34, 35, 87, 103, 86, 125, 104, 91, 88, 83, 82, 124, 123, 142, 141, 84, 24, 44, 68, 60, 66, 73, 69, 79, 72, 50, 80, 38, 56, 49, 57, 62, 90, 117, 53, 92, 77, 75, 55, 119, 41, 27, 8, 29, 15, 43, 59, 95, 3, 0, 65, 107, 45, 33, 81, 19]",True,28850315567,28.850315567,"[115, 16, 36, 135, 28, 26, 105, 99, 144, 145, 149, 10, 112, 148, 146, 147, 12, 71, 58, 134, 109, 67, 78, 48, 61, 93, 85, 133, 42, 40, 143, 25, 7, 129, 132, 131, 130, 74, 121, 97, 128, 106, 101, 120, 114, 6, 1, 52, 76, 110, 108, 9, 63, 94, 127, 91, 64, 111, 30, 31, 11, 100, 96, 98, 54, 51, 46, 126, 2, 39, 68, 50, 47, 70, 60, 83, 125, 104, 124, 123, 141, 142, 62, 49, 56, 57, 38, 44, 24, 86, 69, 79, 80, 66, 72, 73, 82, 89, 87, 88, 103, 23, 5, 4, 22, 21, 20, 37, 34, 35, 84, 53, 55, 75, 92, 77, 119, 117, 90, 29, 41, 8, 15, 27, 43, 33, 81, 95, 65, 19, 59, 0, 107, 45, 3]","[3, 45, 107, 0, 59, 19, 65, 95, 81, 33, 43, 27, 15, 8, 41, 29, 90, 117, 119, 77, 92, 75, 55, 53, 84, 35, 34, 37, 20, 21, 22, 4, 5, 23, 103, 88, 87, 89, 82, 73, 72, 66, 80, 79, 69, 86, 24, 44, 38, 57, 56, 49, 62, 142, 141, 123, 124, 104, 125, 83, 60, 70, 47, 50, 68, 39, 2, 126, 46, 51, 54, 98, 96, 100, 11, 31, 30, 111, 64, 91, 127, 94, 63, 9, 108, 110, 76, 52, 1, 6, 114, 120, 101, 106, 128, 97, 121, 74, 130, 131, 132, 129, 7, 25, 143, 40, 42, 133, 85, 93, 61, 48, 78, 67, 109, 134, 58, 71, 12, 147, 146, 148, 112, 10, 149, 145, 144, 99, 105, 26, 28, 135, 36, 16, 115]",False,complete,1279,1279,9180,1144,1625,0,1625,1625,,False,,,,,,,2,212,25,212,26,26,25,26
3,20460,9,16,133,"[10, 13, 14, 17, 18, 32, 102, 112, 116, 118, 122, 136, 137, 138, 139, 140]","[0, 1, 2, 3, 4, 5, 6, 7, 8, 9, 11, 12, 15, 16, 19, 20, 21, 22, 23, 24, 25, 26, 27, 28, 29, 30, 31, 33, 34, 35, 36, 37, 38, 39, 40, 41, 42, 43, 44, 45, 46, 47, 48, 49, 50, 51, 52, 53, 54, 55, 56, 57, 58, 59, 60, 61, 62, 63, 64, 65, 66, 67, 68, 69, 70, 71, 72, 73, 74, 75, 76, 77, 78, 79, 80, 81, 82, 83, 84, 85, 86, 87, 88, 89, 90, 91, 92, 93, 94, 95, 96, 97, 98, 99, 100, 101, 103, 104, 105, 106, 107, 108, 109, 110, 111, 114, 115, 117, 119, 120, 121, 123, 124, 125, 126, 127, 128, 129, 130, 131, 132, 133, 134, 135, 141, 142, 143, 144, 145, 146, 147, 148, 149]","{""support_1"": 149, ""support_2"": 144}","[144, 149]",2,"[17, 122, 18, 32, 137, 138, 140, 139, 13, 14, 116, 118, 136, 102, 10, 112, 36, 135, 26, 28, 105, 99, 148, 145, 144, 115, 16, 149, 146, 147, 12, 71, 58, 134, 109, 78, 61, 67, 48, 85, 93, 133, 40, 42, 143, 25, 7, 132, 131, 130, 129, 76, 54, 74, 110, 108, 9, 97, 128, 63, 106, 101, 120, 114, 121, 6, 1, 94, 127, 89, 64, 111, 30, 31, 11, 100, 96, 98, 52, 51, 46, 126, 2, 70, 39, 47, 23, 5, 4, 22, 21, 20, 37, 34, 35, 87, 103, 86, 125, 104, 91, 88, 83, 82, 124, 123, 142, 141, 84, 24, 44, 68, 60, 66, 73, 69, 79, 72, 50, 80, 38, 56, 49, 57, 62, 90, 117, 53, 92, 77, 75, 55, 119, 41, 27, 8, 29, 15, 43, 59, 95, 3, 0, 65, 107, 45, 33, 81, 19]",True,28544434493,28.544434493,"[36, 135, 28, 26, 99, 105, 148, 145, 144, 115, 16, 149, 146, 147, 12, 58, 71, 134, 109, 67, 78, 48, 61, 85, 93, 133, 42, 40, 143, 25, 7, 131, 132, 129, 130, 52, 74, 76, 110, 108, 9, 97, 128, 63, 106, 101, 120, 114, 121, 6, 1, 94, 127, 89, 64, 111, 30, 31, 11, 100, 96, 98, 54, 51, 46, 126, 2, 39, 68, 50, 47, 70, 60, 83, 125, 103, 124, 123, 142, 141, 62, 49, 56, 57, 38, 44, 24, 86, 69, 79, 80, 66, 72, 73, 82, 91, 87, 88, 104, 23, 5, 4, 22, 21, 20, 37, 34, 35, 84, 117, 90, 75, 92, 55, 53, 77, 119, 27, 43, 8, 29, 41, 15, 65, 95, 19, 107, 3, 59, 33, 45, 0, 81]","[81, 0, 45, 33, 59, 3, 107, 19, 95, 65, 15, 41, 29, 8, 43, 27, 119, 77, 53, 55, 92, 75, 90, 117, 84, 35, 34, 37, 20, 21, 22, 4, 5, 23, 104, 88, 87, 91, 82, 73, 72, 66, 80, 79, 69, 86, 24, 44, 38, 57, 56, 49, 62, 141, 142, 123, 124, 103, 125, 83, 60, 70, 47, 50, 68, 39, 2, 126, 46, 51, 54, 98, 96, 100, 11, 31, 30, 111, 64, 89, 127, 94, 1, 6, 121, 114, 120, 101, 106, 63, 128, 97, 9, 108, 110, 76, 74, 52, 130, 129, 132, 131, 7, 25, 143, 40, 42, 133, 93, 85, 61, 48, 78, 67, 109, 134, 71, 58, 12, 147, 146, 149, 16, 115, 144, 145, 148, 105, 99, 26, 28, 135, 36]",False,complete,1285,1285,8911,1152,1629,0,1629,1629,,False,,,,,,,2,208,23,208,25,25,23,25
3,20461,10,18,131,"[10, 13, 14, 17, 18, 32, 36, 102, 112, 116, 118, 122, 135, 136, 137, 138, 139, 140]","[0, 1, 2, 3, 4, 5, 6, 7, 8, 9, 11, 12, 15, 16, 19, 20, 21, 22, 23, 24, 25, 26, 27, 28, 29, 30, 31, 33, 34, 35, 37, 38, 39, 40, 41, 42, 43, 44, 45, 46, 47, 48, 49, 50, 51, 52, 53, 54, 55, 56, 57, 58, 59, 60, 61, 62, 63, 64, 65, 66, 67, 68, 69, 70, 71, 72, 73, 74, 75, 76, 77, 78, 79, 80, 81, 82, 83, 84, 85, 86, 87, 88, 89, 90, 91, 92, 93, 94, 95, 96, 97, 98, 99, 100, 101, 103, 104, 105, 106, 107, 108, 109, 110, 111, 114, 115, 117, 119, 120, 121, 123, 124, 125, 126, 127, 128, 129, 130, 131, 132, 133, 134, 141, 142, 143, 144, 145, 146, 147, 148, 149]","{""support_1"": 149, ""support_2"": 144}","[144, 149]",2,"[17, 122, 18, 32, 137, 138, 140, 139, 13, 14, 116, 118, 136, 102, 10, 112, 36, 135, 26, 28, 105, 99, 148, 145, 144, 115, 16, 149, 146, 147, 12, 71, 58, 134, 109, 78, 61, 67, 48, 85, 93, 133, 40, 42, 143, 25, 7, 132, 131, 130, 129, 76, 54, 74, 110, 108, 9, 97, 128, 63, 106, 101, 120, 114, 121, 6, 1, 94, 127, 89, 64, 111, 30, 31, 11, 100, 96, 98, 52, 51, 46, 126, 2, 70, 39, 47, 23, 5, 4, 22, 21, 20, 37, 34, 35, 87, 103, 86, 125, 104, 91, 88, 83, 82, 124, 123, 142, 141, 84, 24, 44, 68, 60, 66, 73, 69, 79, 72, 50, 80, 38, 56, 49, 57, 62, 90, 117, 53, 92, 77, 75, 55, 119, 41, 27, 8, 29, 15, 43, 59, 95, 3, 0, 65, 107, 45, 33, 81, 19]",True,25453167716,25.453167716,"[28, 26, 105, 99, 144, 16, 148, 115, 145, 149, 147, 146, 12, 58, 71, 134, 109, 67, 48, 78, 61, 85, 93, 133, 40, 42, 143, 25, 7, 130, 129, 132, 131, 76, 74, 54, 110, 108, 9, 97, 128, 63, 106, 101, 120, 114, 121, 6, 1, 94, 127, 91, 64, 111, 30, 31, 11, 100, 96, 98, 52, 51, 46, 126, 47, 70, 39, 2, 23, 5, 4, 22, 21, 20, 37, 34, 35, 69, 89, 73, 79, 72, 80, 66, 68, 60, 83, 50, 86, 44, 24, 125, 104, 124, 123, 141, 142, 62, 49, 56, 38, 57, 87, 88, 82, 103, 84, 55, 75, 77, 119, 92, 90, 117, 53, 8, 27, 29, 15, 41, 43, 33, 95, 81, 0, 107, 65, 19, 45, 59, 3]","[3, 59, 45, 19, 65, 107, 0, 81, 95, 33, 43, 41, 15, 29, 27, 8, 53, 117, 90, 92, 119, 77, 75, 55, 84, 103, 82, 88, 87, 57, 38, 56, 49, 62, 142, 141, 123, 124, 104, 125, 24, 44, 86, 50, 83, 60, 68, 66, 80, 72, 79, 73, 89, 69, 35, 34, 37, 20, 21, 22, 4, 5, 23, 2, 39, 70, 47, 126, 46, 51, 52, 98, 96, 100, 11, 31, 30, 111, 64, 91, 127, 94, 1, 6, 121, 114, 120, 101, 106, 63, 128, 97, 9, 108, 110, 54, 74, 76, 131, 132, 129, 130, 7, 25, 143, 42, 40, 133, 93, 85, 61, 78, 48, 67, 109, 134, 71, 58, 12, 146, 147, 149, 145, 115, 148, 16, 144, 99, 105, 26, 28]",False,complete,1070,1070,8646,939,1318,0,1318,1318,,False,,,,,,,2,202,19,202,21,21,19,21
3,20462,11,20,129,"[10, 13, 14, 17, 18, 26, 28, 32, 36, 102, 112, 116, 118, 122, 135, 136, 137, 138, 139, 140]","[0, 1, 2, 3, 4, 5, 6, 7, 8, 9, 11, 12, 15, 16, 19, 20, 21, 22, 23, 24, 25, 27, 29, 30, 31, 33, 34, 35, 37, 38, 39, 40, 41, 42, 43, 44, 45, 46, 47, 48, 49, 50, 51, 52, 53, 54, 55, 56, 57, 58, 59, 60, 61, 62, 63, 64, 65, 66, 67, 68, 69, 70, 71, 72, 73, 74, 75, 76, 77, 78, 79, 80, 81, 82, 83, 84, 85, 86, 87, 88, 89, 90, 91, 92, 93, 94, 95, 96, 97, 98, 99, 100, 101, 103, 104, 105, 106, 107, 108, 109, 110, 111, 114, 115, 117, 119, 120, 121, 123, 124, 125, 126, 127, 128, 129, 130, 131, 132, 133, 134, 141, 142, 143, 144, 145, 146, 147, 148, 149]","{""support_1"": 149, ""support_2"": 144}","[144, 149]",2,"[17, 122, 18, 32, 137, 138, 140, 139, 13, 14, 116, 118, 136, 102, 10, 112, 36, 135, 26, 28, 105, 99, 148, 145, 144, 115, 16, 149, 146, 147, 12, 71, 58, 134, 109, 78, 61, 67, 48, 85, 93, 133, 40, 42, 143, 25, 7, 132, 131, 130, 129, 76, 54, 74, 110, 108, 9, 97, 128, 63, 106, 101, 120, 114, 121, 6, 1, 94, 127, 89, 64, 111, 30, 31, 11, 100, 96, 98, 52, 51, 46, 126, 2, 70, 39, 47, 23, 5, 4, 22, 21, 20, 37, 34, 35, 87, 103, 86, 125, 104, 91, 88, 83, 82, 124, 123, 142, 141, 84, 24, 44, 68, 60, 66, 73, 69, 79, 72, 50, 80, 38, 56, 49, 57, 62, 90, 117, 53, 92, 77, 75, 55, 119, 41, 27, 8, 29, 15, 43, 59, 95, 3, 0, 65, 107, 45, 33, 81, 19]",True,25493106296,25.493106296,"[105, 99, 144, 16, 145, 148, 115, 149, 146, 147, 12, 71, 58, 134, 109, 67, 78, 61, 48, 85, 93, 133, 40, 42, 143, 25, 7, 130, 132, 131, 129, 74, 121, 97, 128, 106, 114, 120, 101, 6, 1, 54, 76, 110, 108, 9, 63, 94, 127, 89, 64, 111, 30, 31, 11, 100, 96, 98, 52, 51, 46, 126, 47, 70, 39, 2, 23, 5, 4, 22, 21, 20, 37, 34, 35, 69, 91, 73, 79, 72, 80, 87, 88, 104, 103, 125, 66, 68, 60, 83, 50, 86, 82, 44, 24, 124, 123, 141, 142, 62, 49, 56, 38, 57, 84, 90, 77, 75, 55, 92, 119, 53, 117, 27, 41, 29, 8, 43, 15, 33, 107, 3, 0, 45, 65, 59, 95, 19, 81]","[81, 19, 95, 59, 65, 45, 0, 3, 107, 33, 15, 43, 8, 29, 41, 27, 117, 53, 119, 92, 55, 75, 77, 90, 84, 57, 38, 56, 49, 62, 142, 141, 123, 124, 24, 44, 82, 86, 50, 83, 60, 68, 66, 125, 103, 104, 88, 87, 80, 72, 79, 73, 91, 69, 35, 34, 37, 20, 21, 22, 4, 5, 23, 2, 39, 70, 47, 126, 46, 51, 52, 98, 96, 100, 11, 31, 30, 111, 64, 89, 127, 94, 63, 9, 108, 110, 76, 54, 1, 6, 101, 120, 114, 106, 128, 97, 121, 74, 129, 131, 132, 130, 7, 25, 143, 42, 40, 133, 93, 85, 48, 61, 78, 67, 109, 134, 58, 71, 12, 147, 146, 149, 115, 148, 145, 16, 144, 99, 105]",False,complete,1041,1041,8385,912,1349,0,1349,1349,,False,,,,,,,2,198,20,198,22,22,20,22
3,20463,12,22,127,"[10, 13, 14, 17, 18, 26, 28, 32, 36, 99, 102, 105, 112, 116, 118, 122, 135, 136, 137, 138, 139, 140]","[0, 1, 2, 3, 4, 5, 6, 7, 8, 9, 11, 12, 15, 16, 19, 20, 21, 22, 23, 24, 25, 27, 29, 30, 31, 33, 34, 35, 37, 38, 39, 40, 41, 42, 43, 44, 45, 46, 47, 48, 49, 50, 51, 52, 53, 54, 55, 56, 57, 58, 59, 60, 61, 62, 63, 64, 65, 66, 67, 68, 69, 70, 71, 72, 73, 74, 75, 76, 77, 78, 79, 80, 81, 82, 83, 84, 85, 86, 87, 88, 89, 90, 91, 92, 93, 94, 95, 96, 97, 98, 100, 101, 103, 104, 106, 107, 108, 109, 110, 111, 114, 115, 117, 119, 120, 121, 123, 124, 125, 126, 127, 128, 129, 130, 131, 132, 133, 134, 141, 142, 143, 144, 145, 146, 147, 148, 149]","{""support_1"": 149, ""support_2"": 144}","[144, 149]",2,"[17, 122, 18, 32, 137, 138, 140, 139, 13, 14, 116, 118, 136, 102, 10, 112, 36, 135, 26, 28, 105, 99, 148, 145, 144, 115, 16, 149, 146, 147, 12, 71, 58, 134, 109, 78, 61, 67, 48, 85, 93, 133, 40, 42, 143, 25, 7, 132, 131, 130, 129, 76, 54, 74, 110, 108, 9, 97, 128, 63, 106, 101, 120, 114, 121, 6, 1, 94, 127, 89, 64, 111, 30, 31, 11, 100, 96, 98, 52, 51, 46, 126, 2, 70, 39, 47, 23, 5, 4, 22, 21, 20, 37, 34, 35, 87, 103, 86, 125, 104, 91, 88, 83, 82, 124, 123, 142, 141, 84, 24, 44, 68, 60, 66, 73, 69, 79, 72, 50, 80, 38, 56, 49, 57, 62, 90, 117, 53, 92, 77, 75, 55, 119, 41, 27, 8, 29, 15, 43, 59, 95, 3, 0, 65, 107, 45, 33, 81, 19]",True,24629129211,24.629129211,"[145, 148, 144, 115, 16, 149, 146, 147, 12, 71, 58, 134, 109, 67, 48, 78, 61, 93, 85, 133, 42, 40, 143, 25, 7, 131, 132, 129, 130, 74, 121, 97, 128, 106, 114, 120, 101, 6, 1, 52, 76, 110, 108, 9, 63, 94, 127, 91, 64, 111, 30, 31, 11, 100, 96, 98, 54, 51, 46, 126, 2, 70, 39, 47, 23, 5, 4, 22, 21, 20, 37, 34, 35, 69, 89, 73, 79, 72, 80, 87, 88, 103, 104, 125, 66, 68, 60, 83, 50, 86, 82, 44, 24, 124, 123, 141, 142, 62, 49, 56, 38, 57, 84, 53, 55, 77, 92, 75, 119, 90, 117, 29, 27, 43, 15, 8, 41, 107, 0, 95, 59, 45, 81, 33, 65, 19, 3]","[3, 19, 65, 33, 81, 45, 59, 95, 0, 107, 41, 8, 15, 43, 27, 29, 117, 90, 119, 75, 92, 77, 55, 53, 84, 57, 38, 56, 49, 62, 142, 141, 123, 124, 24, 44, 82, 86, 50, 83, 60, 68, 66, 125, 104, 103, 88, 87, 80, 72, 79, 73, 89, 69, 35, 34, 37, 20, 21, 22, 4, 5, 23, 47, 39, 70, 2, 126, 46, 51, 54, 98, 96, 100, 11, 31, 30, 111, 64, 91, 127, 94, 63, 9, 108, 110, 76, 52, 1, 6, 101, 120, 114, 106, 128, 97, 121, 74, 130, 129, 132, 131, 7, 25, 143, 40, 42, 133, 85, 93, 61, 78, 48, 67, 109, 134, 58, 71, 12, 147, 146, 149, 16, 115, 144, 148, 145]",False,complete,1033,1033,8128,906,1320,0,1320,1320,,False,,,,,,,2,194,20,194,22,22,20,22
3,20464,13,24,125,"[10, 13, 14, 17, 18, 26, 28, 32, 36, 99, 102, 105, 112, 116, 118, 122, 135, 136, 137, 138, 139, 140, 145, 148]","[0, 1, 2, 3, 4, 5, 6, 7, 8, 9, 11, 12, 15, 16, 19, 20, 21, 22, 23, 24, 25, 27, 29, 30, 31, 33, 34, 35, 37, 38, 39, 40, 41, 42, 43, 44, 45, 46, 47, 48, 49, 50, 51, 52, 53, 54, 55, 56, 57, 58, 59, 60, 61, 62, 63, 64, 65, 66, 67, 68, 69, 70, 71, 72, 73, 74, 75, 76, 77, 78, 79, 80, 81, 82, 83, 84, 85, 86, 87, 88, 89, 90, 91, 92, 93, 94, 95, 96, 97, 98, 100, 101, 103, 104, 106, 107, 108, 109, 110, 111, 114, 115, 117, 119, 120, 121, 123, 124, 125, 126, 127, 128, 129, 130, 131, 132, 133, 134, 141, 142, 143, 144, 146, 147, 149]","{""support_1"": 149, ""support_2"": 144}","[144, 149]",2,"[17, 122, 18, 32, 137, 138, 140, 139, 13, 14, 116, 118, 136, 102, 10, 112, 36, 135, 26, 28, 105, 99, 148, 145, 144, 115, 16, 149, 146, 147, 12, 71, 58, 134, 109, 78, 61, 67, 48, 85, 93, 133, 40, 42, 143, 25, 7, 132, 131, 130, 129, 76, 54, 74, 110, 108, 9, 97, 128, 63, 106, 101, 120, 114, 121, 6, 1, 94, 127, 89, 64, 111, 30, 31, 11, 100, 96, 98, 52, 51, 46, 126, 2, 70, 39, 47, 23, 5, 4, 22, 21, 20, 37, 34, 35, 87, 103, 86, 125, 104, 91, 88, 83, 82, 124, 123, 142, 141, 84, 24, 44, 68, 60, 66, 73, 69, 79, 72, 50, 80, 38, 56, 49, 57, 62, 90, 117, 53, 92, 77, 75, 55, 119, 41, 27, 8, 29, 15, 43, 59, 95, 3, 0, 65, 107, 45, 33, 81, 19]",True,25546349342,25.546349342,"[149, 16, 144, 115, 146, 147, 12, 71, 58, 134, 109, 78, 61, 67, 48, 93, 85, 133, 42, 40, 143, 25, 7, 131, 130, 129, 132, 54, 74, 76, 110, 108, 9, 97, 128, 63, 106, 101, 120, 114, 121, 6, 1, 94, 127, 89, 64, 111, 30, 31, 11, 100, 96, 98, 52, 51, 46, 126, 47, 70, 39, 2, 23, 5, 4, 22, 21, 20, 37, 34, 35, 69, 91, 73, 79, 72, 80, 87, 88, 103, 104, 125, 66, 68, 60, 83, 50, 86, 82, 44, 24, 124, 123, 141, 142, 84, 49, 56, 38, 57, 62, 55, 117, 90, 119, 77, 53, 75, 92, 41, 27, 29, 8, 15, 43, 81, 59, 3, 33, 107, 95, 0, 19, 45, 65]","[65, 45, 19, 0, 95, 107, 33, 3, 59, 81, 43, 15, 8, 29, 27, 41, 92, 75, 53, 77, 119, 90, 117, 55, 62, 57, 38, 56, 49, 84, 142, 141, 123, 124, 24, 44, 82, 86, 50, 83, 60, 68, 66, 125, 104, 103, 88, 87, 80, 72, 79, 73, 91, 69, 35, 34, 37, 20, 21, 22, 4, 5, 23, 2, 39, 70, 47, 126, 46, 51, 52, 98, 96, 100, 11, 31, 30, 111, 64, 89, 127, 94, 1, 6, 121, 114, 120, 101, 106, 63, 128, 97, 9, 108, 110, 76, 74, 54, 132, 129, 130, 131, 7, 25, 143, 40, 42, 133, 85, 93, 48, 67, 61, 78, 109, 134, 58, 71, 12, 147, 146, 115, 144, 16, 149]",False,complete,1066,1066,7875,941,1382,0,1382,1382,,False,,,,,,,2,189,19,189,20,20,19,21
3,20465,14,26,123,"[10, 13, 14, 17, 18, 26, 28, 32, 36, 99, 102, 105, 112, 115, 116, 118, 122, 135, 136, 137, 138, 139, 140, 144, 145, 148]","[0, 1, 2, 3, 4, 5, 6, 7, 8, 9, 11, 12, 15, 16, 19, 20, 21, 22, 23, 24, 25, 27, 29, 30, 31, 33, 34, 35, 37, 38, 39, 40, 41, 42, 43, 44, 45, 46, 47, 48, 49, 50, 51, 52, 53, 54, 55, 56, 57, 58, 59, 60, 61, 62, 63, 64, 65, 66, 67, 68, 69, 70, 71, 72, 73, 74, 75, 76, 77, 78, 79, 80, 81, 82, 83, 84, 85, 86, 87, 88, 89, 90, 91, 92, 93, 94, 95, 96, 97, 98, 100, 101, 103, 104, 106, 107, 108, 109, 110, 111, 114, 117, 119, 120, 121, 123, 124, 125, 126, 127, 128, 129, 130, 131, 132, 133, 134, 141, 142, 143, 146, 147, 149]","{""support_1"": 149, ""support_2"": 111}","[111, 149]",2,"[17, 122, 18, 32, 137, 138, 140, 139, 13, 14, 116, 118, 136, 102, 10, 112, 36, 135, 26, 28, 105, 99, 148, 145, 144, 115, 16, 149, 146, 147, 12, 71, 58, 134, 109, 78, 61, 67, 48, 85, 93, 133, 40, 42, 143, 25, 7, 132, 131, 130, 129, 76, 54, 74, 110, 108, 9, 97, 128, 63, 106, 101, 120, 114, 121, 6, 1, 94, 127, 89, 64, 111, 30, 31, 11, 100, 96, 98, 52, 51, 46, 126, 2, 70, 39, 47, 23, 5, 4, 22, 21, 20, 37, 34, 35, 87, 103, 86, 125, 104, 91, 88, 83, 82, 124, 123, 142, 141, 84, 24, 44, 68, 60, 66, 73, 69, 79, 72, 50, 80, 38, 56, 49, 57, 62, 90, 117, 53, 92, 77, 75, 55, 119, 41, 27, 8, 29, 15, 43, 59, 95, 3, 0, 65, 107, 45, 33, 81, 19]",True,26719614728,26.719614728,"[16, 149, 146, 147, 12, 71, 58, 134, 109, 48, 61, 67, 78, 85, 93, 133, 40, 42, 143, 25, 7, 132, 131, 129, 130, 74, 121, 97, 128, 106, 101, 120, 114, 6, 1, 54, 76, 110, 108, 9, 63, 94, 127, 89, 64, 111, 30, 31, 11, 100, 96, 98, 52, 51, 46, 126, 47, 39, 68, 50, 2, 70, 60, 83, 125, 104, 124, 123, 142, 141, 62, 49, 56, 57, 38, 44, 24, 86, 69, 79, 80, 66, 72, 73, 82, 91, 87, 88, 103, 23, 5, 4, 22, 21, 20, 37, 34, 35, 84, 75, 90, 53, 119, 92, 117, 77, 55, 15, 29, 8, 43, 41, 27, 65, 81, 45, 3, 107, 95, 19, 33, 59, 0]","[0, 59, 33, 19, 95, 107, 3, 45, 81, 65, 27, 41, 43, 8, 29, 15, 55, 77, 117, 92, 119, 53, 90, 75, 84, 35, 34, 37, 20, 21, 22, 4, 5, 23, 103, 88, 87, 91, 82, 73, 72, 66, 80, 79, 69, 86, 24, 44, 38, 57, 56, 49, 62, 141, 142, 123, 124, 104, 125, 83, 60, 70, 2, 50, 68, 39, 47, 126, 46, 51, 52, 98, 96, 100, 11, 31, 30, 111, 64, 89, 127, 94, 63, 9, 108, 110, 76, 54, 1, 6, 114, 120, 101, 106, 128, 97, 121, 74, 130, 129, 131, 132, 7, 25, 143, 42, 40, 133, 93, 85, 78, 67, 61, 48, 109, 134, 58, 71, 12, 147, 146, 149, 16]",False,complete,1230,1230,7626,1107,1559,0,1559,1559,,False,,,,,,,2,189,23,189,25,25,23,25
3,20466,15,28,121,"[10, 13, 14, 16, 17, 18, 26, 28, 32, 36, 99, 102, 105, 112, 115, 116, 118, 122, 135, 136, 137, 138, 139, 140, 144, 145, 148, 149]","[0, 1, 2, 3, 4, 5, 6, 7, 8, 9, 11, 12, 15, 19, 20, 21, 22, 23, 24, 25, 27, 29, 30, 31, 33, 34, 35, 37, 38, 39, 40, 41, 42, 43, 44, 45, 46, 47, 48, 49, 50, 51, 52, 53, 54, 55, 56, 57, 58, 59, 60, 61, 62, 63, 64, 65, 66, 67, 68, 69, 70, 71, 72, 73, 74, 75, 76, 77, 78, 79, 80, 81, 82, 83, 84, 85, 86, 87, 88, 89, 90, 91, 92, 93, 94, 95, 96, 97, 98, 100, 101, 103, 104, 106, 107, 108, 109, 110, 111, 114, 117, 119, 120, 121, 123, 124, 125, 126, 127, 128, 129, 130, 131, 132, 133, 134, 141, 142, 143, 146, 147]","{""support_1"": 106, ""support_2"": 111}","[106, 111]",2,"[17, 122, 18, 32, 137, 138, 140, 139, 13, 14, 116, 118, 136, 102, 10, 112, 36, 135, 26, 28, 105, 99, 148, 145, 144, 115, 16, 149, 146, 147, 12, 71, 58, 134, 109, 78, 61, 67, 48, 85, 93, 133, 40, 42, 143, 25, 7, 132, 131, 130, 129, 76, 54, 74, 110, 108, 9, 97, 128, 63, 106, 101, 120, 114, 121, 6, 1, 94, 127, 89, 64, 111, 30, 31, 11, 100, 96, 98, 52, 51, 46, 126, 2, 70, 39, 47, 23, 5, 4, 22, 21, 20, 37, 34, 35, 87, 103, 86, 125, 104, 91, 88, 83, 82, 124, 123, 142, 141, 84, 24, 44, 68, 60, 66, 73, 69, 79, 72, 50, 80, 38, 56, 49, 57, 62, 90, 117, 53, 92, 77, 75, 55, 119, 41, 27, 8, 29, 15, 43, 59, 95, 3, 0, 65, 107, 45, 33, 81, 19]",True,27087232600,27.087232600,"[146, 147, 12, 71, 58, 134, 109, 67, 61, 48, 78, 93, 85, 133, 42, 40, 143, 25, 7, 129, 132, 130, 131, 52, 76, 74, 110, 108, 9, 97, 128, 63, 106, 101, 120, 114, 121, 6, 1, 94, 127, 91, 64, 111, 30, 31, 11, 100, 96, 98, 54, 51, 46, 126, 2, 39, 68, 50, 47, 70, 60, 83, 125, 103, 124, 123, 142, 141, 62, 49, 56, 57, 38, 44, 24, 86, 69, 79, 80, 66, 72, 73, 87, 89, 88, 82, 104, 23, 5, 4, 22, 21, 20, 37, 34, 35, 84, 117, 119, 53, 90, 55, 92, 77, 75, 29, 27, 41, 8, 15, 43, 0, 3, 107, 19, 95, 59, 65, 81, 33, 45]","[45, 33, 81, 65, 59, 95, 19, 107, 3, 0, 43, 15, 8, 41, 27, 29, 75, 77, 92, 55, 90, 53, 119, 117, 84, 35, 34, 37, 20, 21, 22, 4, 5, 23, 104, 82, 88, 89, 87, 73, 72, 66, 80, 79, 69, 86, 24, 44, 38, 57, 56, 49, 62, 141, 142, 123, 124, 103, 125, 83, 60, 70, 47, 50, 68, 39, 2, 126, 46, 51, 54, 98, 96, 100, 11, 31, 30, 111, 64, 91, 127, 94, 1, 6, 121, 114, 120, 101, 106, 63, 128, 97, 9, 108, 110, 74, 76, 52, 131, 130, 132, 129, 7, 25, 143, 40, 42, 133, 85, 93, 78, 48, 61, 67, 109, 134, 58, 71, 12, 147, 146]",False,complete,1223,1223,7381,1102,1565,0,1565,1565,,False,,,,,,,2,185,20,185,22,22,20,22
3,20467,16,30,119,"[10, 13, 14, 16, 17, 18, 26, 28, 32, 36, 99, 102, 105, 112, 115, 116, 118, 122, 135, 136, 137, 138, 139, 140, 144, 145, 146, 147, 148, 149]","[0, 1, 2, 3, 4, 5, 6, 7, 8, 9, 11, 12, 15, 19, 20, 21, 22, 23, 24, 25, 27, 29, 30, 31, 33, 34, 35, 37, 38, 39, 40, 41, 42, 43, 44, 45, 46, 47, 48, 49, 50, 51, 52, 53, 54, 55, 56, 57, 58, 59, 60, 61, 62, 63, 64, 65, 66, 67, 68, 69, 70, 71, 72, 73, 74, 75, 76, 77, 78, 79, 80, 81, 82, 83, 84, 85, 86, 87, 88, 89, 90, 91, 92, 93, 94, 95, 96, 97, 98, 100, 101, 103, 104, 106, 107, 108, 109, 110, 111, 114, 117, 119, 120, 121, 123, 124, 125, 126, 127, 128, 129, 130, 131, 132, 133, 134, 141, 142, 143]","{""support_1"": 106, ""support_2"": 111}","[106, 111]",2,"[17, 122, 18, 32, 137, 138, 140, 139, 13, 14, 116, 118, 136, 102, 10, 112, 36, 135, 26, 28, 105, 99, 148, 145, 144, 115, 16, 149, 146, 147, 12, 71, 58, 134, 109, 78, 61, 67, 48, 85, 93, 133, 40, 42, 143, 25, 7, 132, 131, 130, 129, 76, 54, 74, 110, 108, 9, 97, 128, 63, 106, 101, 120, 114, 121, 6, 1, 94, 127, 89, 64, 111, 30, 31, 11, 100, 96, 98, 52, 51, 46, 126, 2, 70, 39, 47, 23, 5, 4, 22, 21, 20, 37, 34, 35, 87, 103, 86, 125, 104, 91, 88, 83, 82, 124, 123, 142, 141, 84, 24, 44, 68, 60, 66, 73, 69, 79, 72, 50, 80, 38, 56, 49, 57, 62, 90, 117, 53, 92, 77, 75, 55, 119, 41, 27, 8, 29, 15, 43, 59, 95, 3, 0, 65, 107, 45, 33, 81, 19]",True,26743170160,26.743170160,"[12, 71, 58, 134, 109, 61, 48, 67, 78, 93, 85, 133, 42, 40, 143, 25, 7, 132, 129, 130, 131, 54, 76, 74, 110, 108, 9, 97, 128, 63, 106, 101, 120, 114, 121, 6, 1, 94, 127, 89, 64, 111, 30, 31, 11, 100, 96, 98, 52, 51, 46, 126, 2, 39, 68, 50, 47, 70, 60, 83, 125, 103, 124, 123, 142, 141, 62, 49, 56, 57, 38, 44, 24, 86, 69, 79, 80, 66, 72, 73, 87, 91, 88, 82, 104, 23, 5, 4, 22, 21, 20, 37, 34, 35, 84, 90, 53, 77, 119, 55, 75, 92, 117, 29, 41, 8, 27, 43, 15, 65, 33, 59, 95, 19, 107, 81, 3, 45, 0]","[0, 45, 3, 81, 107, 19, 95, 59, 33, 65, 15, 43, 27, 8, 41, 29, 117, 92, 75, 55, 119, 77, 53, 90, 84, 35, 34, 37, 20, 21, 22, 4, 5, 23, 104, 82, 88, 91, 87, 73, 72, 66, 80, 79, 69, 86, 24, 44, 38, 57, 56, 49, 62, 141, 142, 123, 124, 103, 125, 83, 60, 70, 47, 50, 68, 39, 2, 126, 46, 51, 52, 98, 96, 100, 11, 31, 30, 111, 64, 89, 127, 94, 1, 6, 121, 114, 120, 101, 106, 63, 128, 97, 9, 108, 110, 74, 76, 54, 131, 130, 129, 132, 7, 25, 143, 40, 42, 133, 85, 93, 78, 67, 48, 61, 109, 134, 58, 71, 12]",False,complete,1231,1231,7140,1112,1560,0,1560,1560,,False,,,,,,,2,181,20,181,22,22,20,22
3,20468,17,32,117,"[10, 12, 13, 14, 16, 17, 18, 26, 28, 32, 36, 71, 99, 102, 105, 112, 115, 116, 118, 122, 135, 136, 137, 138, 139, 140, 144, 145, 146, 147, 148, 149]","[0, 1, 2, 3, 4, 5, 6, 7, 8, 9, 11, 15, 19, 20, 21, 22, 23, 24, 25, 27, 29, 30, 31, 33, 34, 35, 37, 38, 39, 40, 41, 42, 43, 44, 45, 46, 47, 48, 49, 50, 51, 52, 53, 54, 55, 56, 57, 58, 59, 60, 61, 62, 63, 64, 65, 66, 67, 68, 69, 70, 72, 73, 74, 75, 76, 77, 78, 79, 80, 81, 82, 83, 84, 85, 86, 87, 88, 89, 90, 91, 92, 93, 94, 95, 96, 97, 98, 100, 101, 103, 104, 106, 107, 108, 109, 110, 111, 114, 117, 119, 120, 121, 123, 124, 125, 126, 127, 128, 129, 130, 131, 132, 133, 134, 141, 142, 143]","{""support_1"": 106, ""support_2"": 111}","[106, 111]",2,"[17, 122, 18, 32, 137, 138, 140, 139, 13, 14, 116, 118, 136, 102, 10, 112, 36, 135, 26, 28, 105, 99, 148, 145, 144, 115, 16, 149, 146, 147, 12, 71, 58, 134, 109, 78, 61, 67, 48, 85, 93, 133, 40, 42, 143, 25, 7, 132, 131, 130, 129, 76, 54, 74, 110, 108, 9, 97, 128, 63, 106, 101, 120, 114, 121, 6, 1, 94, 127, 89, 64, 111, 30, 31, 11, 100, 96, 98, 52, 51, 46, 126, 2, 70, 39, 47, 23, 5, 4, 22, 21, 20, 37, 34, 35, 87, 103, 86, 125, 104, 91, 88, 83, 82, 124, 123, 142, 141, 84, 24, 44, 68, 60, 66, 73, 69, 79, 72, 50, 80, 38, 56, 49, 57, 62, 90, 117, 53, 92, 77, 75, 55, 119, 41, 27, 8, 29, 15, 43, 59, 95, 3, 0, 65, 107, 45, 33, 81, 19]",True,27072582506,27.072582506,"[58, 134, 109, 61, 67, 78, 48, 93, 85, 133, 40, 42, 143, 25, 7, 130, 129, 131, 132, 54, 76, 74, 110, 108, 9, 97, 128, 63, 106, 101, 120, 114, 121, 6, 1, 94, 127, 91, 64, 111, 30, 31, 11, 100, 96, 98, 52, 51, 46, 126, 2, 39, 68, 50, 47, 70, 60, 83, 125, 103, 124, 123, 142, 141, 62, 49, 56, 57, 38, 44, 24, 86, 69, 79, 80, 66, 72, 73, 87, 89, 88, 82, 104, 23, 5, 4, 22, 21, 20, 37, 34, 35, 84, 77, 75, 90, 92, 55, 117, 53, 119, 29, 43, 15, 8, 41, 27, 33, 81, 95, 19, 0, 45, 3, 107, 59, 65]","[65, 59, 107, 3, 45, 0, 19, 95, 81, 33, 27, 41, 8, 15, 43, 29, 119, 53, 117, 55, 92, 90, 75, 77, 84, 35, 34, 37, 20, 21, 22, 4, 5, 23, 104, 82, 88, 89, 87, 73, 72, 66, 80, 79, 69, 86, 24, 44, 38, 57, 56, 49, 62, 141, 142, 123, 124, 103, 125, 83, 60, 70, 47, 50, 68, 39, 2, 126, 46, 51, 52, 98, 96, 100, 11, 31, 30, 111, 64, 91, 127, 94, 1, 6, 121, 114, 120, 101, 106, 63, 128, 97, 9, 108, 110, 74, 76, 54, 132, 131, 129, 130, 7, 25, 143, 42, 40, 133, 85, 93, 48, 78, 67, 61, 109, 134, 58]",False,complete,1234,1234,6903,1117,1576,0,1576,1576,,False,,,,,,,2,177,20,177,22,22,20,22
3,20469,18,34,115,"[10, 12, 13, 14, 16, 17, 18, 26, 28, 32, 36, 58, 71, 99, 102, 105, 112, 115, 116, 118, 122, 134, 135, 136, 137, 138, 139, 140, 144, 145, 146, 147, 148, 149]","[0, 1, 2, 3, 4, 5, 6, 7, 8, 9, 11, 15, 19, 20, 21, 22, 23, 24, 25, 27, 29, 30, 31, 33, 34, 35, 37, 38, 39, 40, 41, 42, 43, 44, 45, 46, 47, 48, 49, 50, 51, 52, 53, 54, 55, 56, 57, 59, 60, 61, 62, 63, 64, 65, 66, 67, 68, 69, 70, 72, 73, 74, 75, 76, 77, 78, 79, 80, 81, 82, 83, 84, 85, 86, 87, 88, 89, 90, 91, 92, 93, 94, 95, 96, 97, 98, 100, 101, 103, 104, 106, 107, 108, 109, 110, 111, 114, 117, 119, 120, 121, 123, 124, 125, 126, 127, 128, 129, 130, 131, 132, 133, 141, 142, 143]","{""support_1"": 106, ""support_2"": 111}","[106, 111]",2,"[17, 122, 18, 32, 137, 138, 140, 139, 13, 14, 116, 118, 136, 102, 10, 112, 36, 135, 26, 28, 105, 99, 148, 145, 144, 115, 16, 149, 146, 147, 12, 71, 58, 134, 109, 78, 61, 67, 48, 85, 93, 133, 40, 42, 143, 25, 7, 132, 131, 130, 129, 76, 54, 74, 110, 108, 9, 97, 128, 63, 106, 101, 120, 114, 121, 6, 1, 94, 127, 89, 64, 111, 30, 31, 11, 100, 96, 98, 52, 51, 46, 126, 2, 70, 39, 47, 23, 5, 4, 22, 21, 20, 37, 34, 35, 87, 103, 86, 125, 104, 91, 88, 83, 82, 124, 123, 142, 141, 84, 24, 44, 68, 60, 66, 73, 69, 79, 72, 50, 80, 38, 56, 49, 57, 62, 90, 117, 53, 92, 77, 75, 55, 119, 41, 27, 8, 29, 15, 43, 59, 95, 3, 0, 65, 107, 45, 33, 81, 19]",True,25509061698,25.509061698,"[109, 78, 67, 61, 48, 93, 85, 133, 42, 40, 143, 25, 7, 131, 130, 132, 129, 52, 74, 76, 110, 108, 9, 97, 128, 63, 106, 101, 120, 114, 121, 6, 1, 94, 127, 91, 64, 111, 30, 31, 11, 100, 96, 98, 54, 51, 46, 126, 47, 70, 39, 2, 23, 5, 4, 22, 21, 20, 37, 34, 35, 87, 103, 86, 125, 104, 89, 88, 83, 82, 124, 123, 142, 141, 84, 24, 44, 68, 66, 73, 69, 60, 79, 72, 50, 80, 49, 56, 38, 57, 62, 55, 75, 117, 119, 92, 77, 53, 90, 43, 8, 29, 15, 41, 27, 3, 45, 0, 81, 95, 65, 107, 59, 19, 33]","[33, 19, 59, 107, 65, 95, 81, 0, 45, 3, 27, 41, 15, 29, 8, 43, 90, 53, 77, 92, 119, 117, 75, 55, 62, 57, 38, 56, 49, 80, 50, 72, 79, 60, 69, 73, 66, 68, 44, 24, 84, 141, 142, 123, 124, 82, 83, 88, 89, 104, 125, 86, 103, 87, 35, 34, 37, 20, 21, 22, 4, 5, 23, 2, 39, 70, 47, 126, 46, 51, 54, 98, 96, 100, 11, 31, 30, 111, 64, 91, 127, 94, 1, 6, 121, 114, 120, 101, 106, 63, 128, 97, 9, 108, 110, 76, 74, 52, 129, 132, 130, 131, 7, 25, 143, 40, 42, 133, 85, 93, 48, 61, 67, 78, 109]",False,complete,1104,1104,6670,989,1520,0,1520,1520,,False,,,,,,,2,172,20,172,22,22,20,22
3,20470,19,36,113,"[10, 12, 13, 14, 16, 17, 18, 26, 28, 32, 36, 58, 71, 78, 99, 102, 105, 109, 112, 115, 116, 118, 122, 134, 135, 136, 137, 138, 139, 140, 144, 145, 146, 147, 148, 149]","[0, 1, 2, 3, 4, 5, 6, 7, 8, 9, 11, 15, 19, 20, 21, 22, 23, 24, 25, 27, 29, 30, 31, 33, 34, 35, 37, 38, 39, 40, 41, 42, 43, 44, 45, 46, 47, 48, 49, 50, 51, 52, 53, 54, 55, 56, 57, 59, 60, 61, 62, 63, 64, 65, 66, 67, 68, 69, 70, 72, 73, 74, 75, 76, 77, 79, 80, 81, 82, 83, 84, 85, 86, 87, 88, 89, 90, 91, 92, 93, 94, 95, 96, 97, 98, 100, 101, 103, 104, 106, 107, 108, 110, 111, 114, 117, 119, 120, 121, 123, 124, 125, 126, 127, 128, 129, 130, 131, 132, 133, 141, 142, 143]","{""support_1"": 106, ""support_2"": 111}","[106, 111]",2,"[17, 122, 18, 32, 137, 138, 140, 139, 13, 14, 116, 118, 136, 102, 10, 112, 36, 135, 26, 28, 105, 99, 148, 145, 144, 115, 16, 149, 146, 147, 12, 71, 58, 134, 109, 78, 61, 67, 48, 85, 93, 133, 40, 42, 143, 25, 7, 132, 131, 130, 129, 76, 54, 74, 110, 108, 9, 97, 128, 63, 106, 101, 120, 114, 121, 6, 1, 94, 127, 89, 64, 111, 30, 31, 11, 100, 96, 98, 52, 51, 46, 126, 2, 70, 39, 47, 23, 5, 4, 22, 21, 20, 37, 34, 35, 87, 103, 86, 125, 104, 91, 88, 83, 82, 124, 123, 142, 141, 84, 24, 44, 68, 60, 66, 73, 69, 79, 72, 50, 80, 38, 56, 49, 57, 62, 90, 117, 53, 92, 77, 75, 55, 119, 41, 27, 8, 29, 15, 43, 59, 95, 3, 0, 65, 107, 45, 33, 81, 19]",True,25817784791,25.817784791,"[61, 67, 48, 93, 85, 133, 42, 40, 143, 25, 7, 129, 130, 132, 131, 76, 74, 52, 110, 108, 9, 97, 128, 63, 106, 101, 120, 114, 121, 6, 1, 94, 127, 91, 64, 111, 30, 31, 11, 100, 96, 98, 54, 51, 46, 126, 2, 70, 39, 47, 23, 5, 4, 22, 21, 20, 37, 34, 35, 87, 104, 86, 125, 103, 89, 88, 83, 82, 124, 123, 142, 141, 84, 24, 44, 68, 60, 66, 73, 69, 79, 72, 50, 80, 38, 56, 49, 57, 62, 75, 117, 53, 92, 90, 119, 55, 77, 8, 15, 29, 27, 41, 43, 59, 3, 81, 33, 45, 95, 0, 107, 65, 19]","[19, 65, 107, 0, 95, 45, 33, 81, 3, 59, 43, 41, 27, 29, 15, 8, 77, 55, 119, 90, 92, 53, 117, 75, 62, 57, 49, 56, 38, 80, 50, 72, 79, 69, 73, 66, 60, 68, 44, 24, 84, 141, 142, 123, 124, 82, 83, 88, 89, 103, 125, 86, 104, 87, 35, 34, 37, 20, 21, 22, 4, 5, 23, 47, 39, 70, 2, 126, 46, 51, 54, 98, 96, 100, 11, 31, 30, 111, 64, 91, 127, 94, 1, 6, 121, 114, 120, 101, 106, 63, 128, 97, 9, 108, 110, 52, 74, 76, 131, 132, 130, 129, 7, 25, 143, 40, 42, 133, 85, 93, 48, 67, 61]",False,complete,1102,1102,6441,989,1499,0,1499,1499,,False,,,,,,,2,168,20,168,22,22,20,22
3,20471,20,38,111,"[10, 12, 13, 14, 16, 17, 18, 26, 28, 32, 36, 58, 61, 67, 71, 78, 99, 102, 105, 109, 112, 115, 116, 118, 122, 134, 135, 136, 137, 138, 139, 140, 144, 145, 146, 147, 148, 149]","[0, 1, 2, 3, 4, 5, 6, 7, 8, 9, 11, 15, 19, 20, 21, 22, 23, 24, 25, 27, 29, 30, 31, 33, 34, 35, 37, 38, 39, 40, 41, 42, 43, 44, 45, 46, 47, 48, 49, 50, 51, 52, 53, 54, 55, 56, 57, 59, 60, 62, 63, 64, 65, 66, 68, 69, 70, 72, 73, 74, 75, 76, 77, 79, 80, 81, 82, 83, 84, 85, 86, 87, 88, 89, 90, 91, 92, 93, 94, 95, 96, 97, 98, 100, 101, 103, 104, 106, 107, 108, 110, 111, 114, 117, 119, 120, 121, 123, 124, 125, 126, 127, 128, 129, 130, 131, 132, 133, 141, 142, 143]","{""support_1"": 106, ""support_2"": 111}","[106, 111]",2,"[17, 122, 18, 32, 137, 138, 140, 139, 13, 14, 116, 118, 136, 102, 10, 112, 36, 135, 26, 28, 105, 99, 148, 145, 144, 115, 16, 149, 146, 147, 12, 71, 58, 134, 109, 78, 61, 67, 48, 85, 93, 133, 40, 42, 143, 25, 7, 132, 131, 130, 129, 76, 54, 74, 110, 108, 9, 97, 128, 63, 106, 101, 120, 114, 121, 6, 1, 94, 127, 89, 64, 111, 30, 31, 11, 100, 96, 98, 52, 51, 46, 126, 2, 70, 39, 47, 23, 5, 4, 22, 21, 20, 37, 34, 35, 87, 103, 86, 125, 104, 91, 88, 83, 82, 124, 123, 142, 141, 84, 24, 44, 68, 60, 66, 73, 69, 79, 72, 50, 80, 38, 56, 49, 57, 62, 90, 117, 53, 92, 77, 75, 55, 119, 41, 27, 8, 29, 15, 43, 59, 95, 3, 0, 65, 107, 45, 33, 81, 19]",True,27306128262,27.306128262,"[48, 93, 85, 133, 42, 40, 143, 25, 7, 132, 131, 129, 130, 76, 74, 52, 110, 108, 9, 97, 128, 63, 106, 101, 120, 114, 121, 6, 1, 94, 127, 89, 64, 111, 30, 31, 11, 100, 96, 98, 54, 51, 46, 126, 47, 39, 68, 50, 2, 70, 60, 83, 125, 103, 124, 123, 142, 141, 62, 49, 56, 57, 38, 44, 24, 86, 69, 79, 80, 66, 72, 73, 87, 91, 88, 82, 104, 23, 5, 4, 22, 21, 20, 37, 34, 35, 84, 92, 117, 119, 90, 75, 53, 77, 55, 27, 8, 15, 41, 29, 43, 65, 107, 3, 19, 95, 33, 59, 0, 45, 81]","[81, 45, 0, 59, 33, 95, 19, 3, 107, 65, 43, 29, 41, 15, 8, 27, 55, 77, 53, 75, 90, 119, 117, 92, 84, 35, 34, 37, 20, 21, 22, 4, 5, 23, 104, 82, 88, 91, 87, 73, 72, 66, 80, 79, 69, 86, 24, 44, 38, 57, 56, 49, 62, 141, 142, 123, 124, 103, 125, 83, 60, 70, 2, 50, 68, 39, 47, 126, 46, 51, 54, 98, 96, 100, 11, 31, 30, 111, 64, 89, 127, 94, 1, 6, 121, 114, 120, 101, 106, 63, 128, 97, 9, 108, 110, 52, 74, 76, 130, 129, 131, 132, 7, 25, 143, 40, 42, 133, 85, 93, 48]",False,complete,1220,1220,6216,1109,1562,0,1562,1562,,False,,,,,,,2,165,20,165,22,22,20,22
3,20472,21,40,109,"[10, 12, 13, 14, 16, 17, 18, 26, 28, 32, 36, 48, 58, 61, 67, 71, 78, 85, 99, 102, 105, 109, 112, 115, 116, 118, 122, 134, 135, 136, 137, 138, 139, 140, 144, 145, 146, 147, 148, 149]","[0, 1, 2, 3, 4, 5, 6, 7, 8, 9, 11, 15, 19, 20, 21, 22, 23, 24, 25, 27, 29, 30, 31, 33, 34, 35, 37, 38, 39, 40, 41, 42, 43, 44, 45, 46, 47, 49, 50, 51, 52, 53, 54, 55, 56, 57, 59, 60, 62, 63, 64, 65, 66, 68, 69, 70, 72, 73, 74, 75, 76, 77, 79, 80, 81, 82, 83, 84, 86, 87, 88, 89, 90, 91, 92, 93, 94, 95, 96, 97, 98, 100, 101, 103, 104, 106, 107, 108, 110, 111, 114, 117, 119, 120, 121, 123, 124, 125, 126, 127, 128, 129, 130, 131, 132, 133, 141, 142, 143]","{""support_1"": 106, ""support_2"": 111}","[106, 111]",2,"[17, 122, 18, 32, 137, 138, 140, 139, 13, 14, 116, 118, 136, 102, 10, 112, 36, 135, 26, 28, 105, 99, 148, 145, 144, 115, 16, 149, 146, 147, 12, 71, 58, 134, 109, 78, 61, 67, 48, 85, 93, 133, 40, 42, 143, 25, 7, 132, 131, 130, 129, 76, 54, 74, 110, 108, 9, 97, 128, 63, 106, 101, 120, 114, 121, 6, 1, 94, 127, 89, 64, 111, 30, 31, 11, 100, 96, 98, 52, 51, 46, 126, 2, 70, 39, 47, 23, 5, 4, 22, 21, 20, 37, 34, 35, 87, 103, 86, 125, 104, 91, 88, 83, 82, 124, 123, 142, 141, 84, 24, 44, 68, 60, 66, 73, 69, 79, 72, 50, 80, 38, 56, 49, 57, 62, 90, 117, 53, 92, 77, 75, 55, 119, 41, 27, 8, 29, 15, 43, 59, 95, 3, 0, 65, 107, 45, 33, 81, 19]",True,23540160912,23.540160912,"[93, 133, 40, 42, 143, 25, 7, 131, 130, 129, 132, 76, 54, 74, 110, 108, 9, 97, 128, 63, 106, 101, 120, 114, 121, 6, 1, 94, 127, 91, 64, 111, 30, 31, 11, 100, 96, 98, 52, 51, 46, 126, 2, 70, 39, 47, 23, 5, 4, 22, 21, 20, 37, 34, 35, 69, 89, 73, 79, 72, 80, 66, 68, 60, 83, 50, 86, 44, 24, 125, 104, 124, 123, 142, 141, 62, 49, 56, 38, 57, 87, 88, 82, 103, 84, 117, 92, 75, 90, 55, 53, 77, 119, 29, 8, 41, 43, 15, 27, 59, 95, 81, 33, 45, 19, 0, 65, 3, 107]","[107, 3, 65, 0, 19, 45, 33, 81, 95, 59, 27, 15, 43, 41, 8, 29, 119, 77, 53, 55, 90, 75, 92, 117, 84, 103, 82, 88, 87, 57, 38, 56, 49, 62, 141, 142, 123, 124, 104, 125, 24, 44, 86, 50, 83, 60, 68, 66, 80, 72, 79, 73, 89, 69, 35, 34, 37, 20, 21, 22, 4, 5, 23, 47, 39, 70, 2, 126, 46, 51, 52, 98, 96, 100, 11, 31, 30, 111, 64, 91, 127, 94, 1, 6, 121, 114, 120, 101, 106, 63, 128, 97, 9, 108, 110, 74, 54, 76, 132, 129, 130, 131, 7, 25, 143, 42, 40, 133, 93]",False,complete,991,991,5995,882,1232,0,1232,1232,,False,,,,,,,2,159,17,159,19,19,17,19
3,20473,22,42,107,"[10, 12, 13, 14, 16, 17, 18, 26, 28, 32, 36, 48, 58, 61, 67, 71, 78, 85, 93, 99, 102, 105, 109, 112, 115, 116, 118, 122, 133, 134, 135, 136, 137, 138, 139, 140, 144, 145, 146, 147, 148, 149]","[0, 1, 2, 3, 4, 5, 6, 7, 8, 9, 11, 15, 19, 20, 21, 22, 23, 24, 25, 27, 29, 30, 31, 33, 34, 35, 37, 38, 39, 40, 41, 42, 43, 44, 45, 46, 47, 49, 50, 51, 52, 53, 54, 55, 56, 57, 59, 60, 62, 63, 64, 65, 66, 68, 69, 70, 72, 73, 74, 75, 76, 77, 79, 80, 81, 82, 83, 84, 86, 87, 88, 89, 90, 91, 92, 94, 95, 96, 97, 98, 100, 101, 103, 104, 106, 107, 108, 110, 111, 114, 117, 119, 120, 121, 123, 124, 125, 126, 127, 128, 129, 130, 131, 132, 141, 142, 143]","{""support_1"": 106, ""support_2"": 111}","[106, 111]",2,"[17, 122, 18, 32, 137, 138, 140, 139, 13, 14, 116, 118, 136, 102, 10, 112, 36, 135, 26, 28, 105, 99, 148, 145, 144, 115, 16, 149, 146, 147, 12, 71, 58, 134, 109, 78, 61, 67, 48, 85, 93, 133, 40, 42, 143, 25, 7, 132, 131, 130, 129, 76, 54, 74, 110, 108, 9, 97, 128, 63, 106, 101, 120, 114, 121, 6, 1, 94, 127, 89, 64, 111, 30, 31, 11, 100, 96, 98, 52, 51, 46, 126, 2, 70, 39, 47, 23, 5, 4, 22, 21, 20, 37, 34, 35, 87, 103, 86, 125, 104, 91, 88, 83, 82, 124, 123, 142, 141, 84, 24, 44, 68, 60, 66, 73, 69, 79, 72, 50, 80, 38, 56, 49, 57, 62, 90, 117, 53, 92, 77, 75, 55, 119, 41, 27, 8, 29, 15, 43, 59, 95, 3, 0, 65, 107, 45, 33, 81, 19]",True,24375828283,24.375828283,"[40, 42, 143, 25, 7, 129, 132, 130, 131, 54, 76, 74, 110, 108, 9, 97, 128, 63, 106, 101, 120, 114, 121, 6, 1, 94, 127, 89, 64, 111, 30, 31, 11, 100, 96, 98, 52, 51, 46, 126, 47, 39, 68, 50, 2, 70, 60, 83, 125, 103, 124, 123, 141, 142, 62, 49, 56, 57, 38, 44, 24, 86, 69, 79, 80, 66, 72, 73, 82, 91, 87, 88, 104, 23, 5, 4, 22, 21, 20, 37, 34, 35, 84, 92, 90, 53, 75, 119, 117, 55, 77, 27, 8, 29, 41, 43, 15, 3, 0, 19, 45, 33, 107, 81, 65, 59, 95]","[95, 59, 65, 81, 107, 33, 45, 19, 0, 3, 15, 43, 41, 29, 8, 27, 77, 55, 117, 119, 75, 53, 90, 92, 84, 35, 34, 37, 20, 21, 22, 4, 5, 23, 104, 88, 87, 91, 82, 73, 72, 66, 80, 79, 69, 86, 24, 44, 38, 57, 56, 49, 62, 142, 141, 123, 124, 103, 125, 83, 60, 70, 2, 50, 68, 39, 47, 126, 46, 51, 52, 98, 96, 100, 11, 31, 30, 111, 64, 89, 127, 94, 1, 6, 121, 114, 120, 101, 106, 63, 128, 97, 9, 108, 110, 74, 76, 54, 131, 130, 132, 129, 7, 25, 143, 42, 40]",False,complete,1167,1167,5778,1060,1490,0,1490,1490,,False,,,,,,,2,157,21,157,23,23,21,23
3,20474,23,44,105,"[10, 12, 13, 14, 16, 17, 18, 26, 28, 32, 36, 40, 42, 48, 58, 61, 67, 71, 78, 85, 93, 99, 102, 105, 109, 112, 115, 116, 118, 122, 133, 134, 135, 136, 137, 138, 139, 140, 144, 145, 146, 147, 148, 149]","[0, 1, 2, 3, 4, 5, 6, 7, 8, 9, 11, 15, 19, 20, 21, 22, 23, 24, 25, 27, 29, 30, 31, 33, 34, 35, 37, 38, 39, 41, 43, 44, 45, 46, 47, 49, 50, 51, 52, 53, 54, 55, 56, 57, 59, 60, 62, 63, 64, 65, 66, 68, 69, 70, 72, 73, 74, 75, 76, 77, 79, 80, 81, 82, 83, 84, 86, 87, 88, 89, 90, 91, 92, 94, 95, 96, 97, 98, 100, 101, 103, 104, 106, 107, 108, 110, 111, 114, 117, 119, 120, 121, 123, 124, 125, 126, 127, 128, 129, 130, 131, 132, 141, 142, 143]","{""support_1"": 106, ""support_2"": 111}","[106, 111]",2,"[17, 122, 18, 32, 137, 138, 140, 139, 13, 14, 116, 118, 136, 102, 10, 112, 36, 135, 26, 28, 105, 99, 148, 145, 144, 115, 16, 149, 146, 147, 12, 71, 58, 134, 109, 78, 61, 67, 48, 85, 93, 133, 40, 42, 143, 25, 7, 132, 131, 130, 129, 76, 54, 74, 110, 108, 9, 97, 128, 63, 106, 101, 120, 114, 121, 6, 1, 94, 127, 89, 64, 111, 30, 31, 11, 100, 96, 98, 52, 51, 46, 126, 2, 70, 39, 47, 23, 5, 4, 22, 21, 20, 37, 34, 35, 87, 103, 86, 125, 104, 91, 88, 83, 82, 124, 123, 142, 141, 84, 24, 44, 68, 60, 66, 73, 69, 79, 72, 50, 80, 38, 56, 49, 57, 62, 90, 117, 53, 92, 77, 75, 55, 119, 41, 27, 8, 29, 15, 43, 59, 95, 3, 0, 65, 107, 45, 33, 81, 19]",True,21363119886,21.363119886,"[143, 25, 7, 130, 131, 132, 129, 54, 76, 74, 110, 108, 9, 97, 128, 63, 106, 101, 120, 114, 121, 6, 1, 94, 127, 89, 64, 111, 30, 31, 11, 100, 96, 98, 52, 51, 46, 126, 2, 70, 39, 47, 23, 5, 4, 22, 21, 20, 37, 34, 35, 69, 91, 73, 79, 72, 80, 66, 68, 60, 83, 50, 86, 44, 24, 125, 104, 124, 123, 142, 141, 62, 49, 56, 38, 57, 82, 87, 88, 103, 84, 90, 119, 75, 55, 77, 92, 117, 53, 29, 41, 43, 8, 27, 15, 107, 95, 65, 81, 3, 33, 45, 0, 19, 59]","[59, 19, 0, 45, 33, 3, 81, 65, 95, 107, 15, 27, 8, 43, 41, 29, 53, 117, 92, 77, 55, 75, 119, 90, 84, 103, 88, 87, 82, 57, 38, 56, 49, 62, 141, 142, 123, 124, 104, 125, 24, 44, 86, 50, 83, 60, 68, 66, 80, 72, 79, 73, 91, 69, 35, 34, 37, 20, 21, 22, 4, 5, 23, 47, 39, 70, 2, 126, 46, 51, 52, 98, 96, 100, 11, 31, 30, 111, 64, 89, 127, 94, 1, 6, 121, 114, 120, 101, 106, 63, 128, 97, 9, 108, 110, 74, 76, 54, 129, 132, 131, 130, 7, 25, 143]",False,complete,938,938,5565,833,1222,0,1222,1222,,False,,,,,,,2,151,18,151,20,20,18,20
3,20475,24,46,103,"[10, 12, 13, 14, 16, 17, 18, 25, 26, 28, 32, 36, 40, 42, 48, 58, 61, 67, 71, 78, 85, 93, 99, 102, 105, 109, 112, 115, 116, 118, 122, 133, 134, 135, 136, 137, 138, 139, 140, 143, 144, 145, 146, 147, 148, 149]","[0, 1, 2, 3, 4, 5, 6, 7, 8, 9, 11, 15, 19, 20, 21, 22, 23, 24, 27, 29, 30, 31, 33, 34, 35, 37, 38, 39, 41, 43, 44, 45, 46, 47, 49, 50, 51, 52, 53, 54, 55, 56, 57, 59, 60, 62, 63, 64, 65, 66, 68, 69, 70, 72, 73, 74, 75, 76, 77, 79, 80, 81, 82, 83, 84, 86, 87, 88, 89, 90, 91, 92, 94, 95, 96, 97, 98, 100, 101, 103, 104, 106, 107, 108, 110, 111, 114, 117, 119, 120, 121, 123, 124, 125, 126, 127, 128, 129, 130, 131, 132, 141, 142]","{""support_1"": 106, ""support_2"": 111}","[106, 111]",2,"[17, 122, 18, 32, 137, 138, 140, 139, 13, 14, 116, 118, 136, 102, 10, 112, 36, 135, 26, 28, 105, 99, 148, 145, 144, 115, 16, 149, 146, 147, 12, 71, 58, 134, 109, 78, 61, 67, 48, 85, 93, 133, 40, 42, 143, 25, 7, 132, 131, 130, 129, 76, 54, 74, 110, 108, 9, 97, 128, 63, 106, 101, 120, 114, 121, 6, 1, 94, 127, 89, 64, 111, 30, 31, 11, 100, 96, 98, 52, 51, 46, 126, 2, 70, 39, 47, 23, 5, 4, 22, 21, 20, 37, 34, 35, 87, 103, 86, 125, 104, 91, 88, 83, 82, 124, 123, 142, 141, 84, 24, 44, 68, 60, 66, 73, 69, 79, 72, 50, 80, 38, 56, 49, 57, 62, 90, 117, 53, 92, 77, 75, 55, 119, 41, 27, 8, 29, 15, 43, 59, 95, 3, 0, 65, 107, 45, 33, 81, 19]",True,20184862996,20.184862996,"[7, 131, 130, 132, 129, 74, 121, 97, 128, 106, 101, 120, 114, 6, 1, 52, 76, 110, 108, 9, 63, 94, 127, 89, 64, 111, 30, 31, 11, 100, 96, 98, 54, 51, 46, 126, 2, 70, 39, 47, 23, 5, 4, 22, 21, 20, 37, 34, 35, 69, 91, 73, 79, 72, 80, 66, 68, 60, 83, 50, 86, 44, 24, 125, 103, 124, 123, 142, 141, 84, 82, 87, 88, 104, 38, 56, 49, 57, 62, 77, 90, 119, 92, 53, 75, 55, 117, 43, 29, 8, 15, 41, 27, 33, 59, 19, 81, 95, 0, 107, 65, 45, 3]","[3, 45, 65, 107, 0, 95, 81, 19, 59, 33, 27, 41, 15, 8, 29, 43, 117, 55, 75, 53, 92, 119, 90, 77, 62, 57, 49, 56, 38, 104, 88, 87, 82, 84, 141, 142, 123, 124, 103, 125, 24, 44, 86, 50, 83, 60, 68, 66, 80, 72, 79, 73, 91, 69, 35, 34, 37, 20, 21, 22, 4, 5, 23, 47, 39, 70, 2, 126, 46, 51, 54, 98, 96, 100, 11, 31, 30, 111, 64, 89, 127, 94, 63, 9, 108, 110, 76, 52, 1, 6, 114, 120, 101, 106, 128, 97, 121, 74, 129, 132, 130, 131, 7]",False,complete,916,916,5356,813,1157,0,1157,1157,,False,,,,,,,2,147,19,147,21,21,19,21
3,20476,25,48,101,"[7, 10, 12, 13, 14, 16, 17, 18, 25, 26, 28, 32, 36, 40, 42, 48, 58, 61, 67, 71, 78, 85, 93, 99, 102, 105, 109, 112, 115, 116, 118, 122, 132, 133, 134, 135, 136, 137, 138, 139, 140, 143, 144, 145, 146, 147, 148, 149]","[0, 1, 2, 3, 4, 5, 6, 8, 9, 11, 15, 19, 20, 21, 22, 23, 24, 27, 29, 30, 31, 33, 34, 35, 37, 38, 39, 41, 43, 44, 45, 46, 47, 49, 50, 51, 52, 53, 54, 55, 56, 57, 59, 60, 62, 63, 64, 65, 66, 68, 69, 70, 72, 73, 74, 75, 76, 77, 79, 80, 81, 82, 83, 84, 86, 87, 88, 89, 90, 91, 92, 94, 95, 96, 97, 98, 100, 101, 103, 104, 106, 107, 108, 110, 111, 114, 117, 119, 120, 121, 123, 124, 125, 126, 127, 128, 129, 130, 131, 141, 142]","{""support_1"": 106, ""support_2"": 111}","[106, 111]",2,"[17, 122, 18, 32, 137, 138, 140, 139, 13, 14, 116, 118, 136, 102, 10, 112, 36, 135, 26, 28, 105, 99, 148, 145, 144, 115, 16, 149, 146, 147, 12, 71, 58, 134, 109, 78, 61, 67, 48, 85, 93, 133, 40, 42, 143, 25, 7, 132, 131, 130, 129, 76, 54, 74, 110, 108, 9, 97, 128, 63, 106, 101, 120, 114, 121, 6, 1, 94, 127, 89, 64, 111, 30, 31, 11, 100, 96, 98, 52, 51, 46, 126, 2, 70, 39, 47, 23, 5, 4, 22, 21, 20, 37, 34, 35, 87, 103, 86, 125, 104, 91, 88, 83, 82, 124, 123, 142, 141, 84, 24, 44, 68, 60, 66, 73, 69, 79, 72, 50, 80, 38, 56, 49, 57, 62, 90, 117, 53, 92, 77, 75, 55, 119, 41, 27, 8, 29, 15, 43, 59, 95, 3, 0, 65, 107, 45, 33, 81, 19]",True,23432468113,23.432468113,"[130, 131, 129, 76, 54, 74, 110, 108, 9, 97, 128, 63, 106, 101, 120, 114, 121, 6, 1, 94, 127, 89, 64, 111, 30, 31, 11, 100, 96, 98, 52, 51, 46, 126, 47, 39, 68, 50, 2, 70, 60, 83, 125, 103, 124, 123, 142, 141, 62, 49, 56, 57, 38, 44, 24, 86, 69, 79, 80, 66, 72, 73, 82, 91, 87, 88, 104, 23, 5, 4, 22, 21, 20, 37, 34, 35, 84, 117, 77, 90, 55, 53, 75, 92, 119, 15, 41, 27, 29, 8, 43, 107, 95, 45, 81, 33, 3, 19, 59, 0, 65]","[65, 0, 59, 19, 3, 33, 81, 45, 95, 107, 43, 8, 29, 27, 41, 15, 119, 92, 75, 53, 55, 90, 77, 117, 84, 35, 34, 37, 20, 21, 22, 4, 5, 23, 104, 88, 87, 91, 82, 73, 72, 66, 80, 79, 69, 86, 24, 44, 38, 57, 56, 49, 62, 141, 142, 123, 124, 103, 125, 83, 60, 70, 2, 50, 68, 39, 47, 126, 46, 51, 52, 98, 96, 100, 11, 31, 30, 111, 64, 89, 127, 94, 1, 6, 121, 114, 120, 101, 106, 63, 128, 97, 9, 108, 110, 74, 54, 76, 129, 131, 130]",False,complete,1083,1083,5151,982,1406,0,1406,1406,,False,,,,,,,2,145,21,145,23,23,21,23
3,20477,26,50,99,"[7, 10, 12, 13, 14, 16, 17, 18, 25, 26, 28, 32, 36, 40, 42, 48, 58, 61, 67, 71, 78, 85, 93, 99, 102, 105, 109, 112, 115, 116, 118, 122, 130, 131, 132, 133, 134, 135, 136, 137, 138, 139, 140, 143, 144, 145, 146, 147, 148, 149]","[0, 1, 2, 3, 4, 5, 6, 8, 9, 11, 15, 19, 20, 21, 22, 23, 24, 27, 29, 30, 31, 33, 34, 35, 37, 38, 39, 41, 43, 44, 45, 46, 47, 49, 50, 51, 52, 53, 54, 55, 56, 57, 59, 60, 62, 63, 64, 65, 66, 68, 69, 70, 72, 73, 74, 75, 76, 77, 79, 80, 81, 82, 83, 84, 86, 87, 88, 89, 90, 91, 92, 94, 95, 96, 97, 98, 100, 101, 103, 104, 106, 107, 108, 110, 111, 114, 117, 119, 120, 121, 123, 124, 125, 126, 127, 128, 129, 141, 142]","{""support_1"": 106, ""support_2"": 111}","[106, 111]",2,"[17, 122, 18, 32, 137, 138, 140, 139, 13, 14, 116, 118, 136, 102, 10, 112, 36, 135, 26, 28, 105, 99, 148, 145, 144, 115, 16, 149, 146, 147, 12, 71, 58, 134, 109, 78, 61, 67, 48, 85, 93, 133, 40, 42, 143, 25, 7, 132, 131, 130, 129, 76, 54, 74, 110, 108, 9, 97, 128, 63, 106, 101, 120, 114, 121, 6, 1, 94, 127, 89, 64, 111, 30, 31, 11, 100, 96, 98, 52, 51, 46, 126, 2, 70, 39, 47, 23, 5, 4, 22, 21, 20, 37, 34, 35, 87, 103, 86, 125, 104, 91, 88, 83, 82, 124, 123, 142, 141, 84, 24, 44, 68, 60, 66, 73, 69, 79, 72, 50, 80, 38, 56, 49, 57, 62, 90, 117, 53, 92, 77, 75, 55, 119, 41, 27, 8, 29, 15, 43, 59, 95, 3, 0, 65, 107, 45, 33, 81, 19]",True,22688447432,22.688447432,"[129, 76, 52, 74, 110, 108, 9, 97, 128, 63, 106, 101, 120, 114, 121, 6, 1, 94, 127, 89, 64, 111, 30, 31, 11, 100, 96, 98, 54, 51, 46, 126, 2, 39, 68, 50, 47, 70, 60, 83, 125, 104, 124, 123, 142, 141, 62, 49, 56, 57, 38, 44, 24, 86, 69, 79, 80, 66, 72, 73, 82, 91, 87, 88, 103, 23, 5, 4, 22, 21, 20, 37, 34, 35, 84, 75, 119, 53, 55, 117, 77, 90, 92, 27, 8, 29, 43, 41, 15, 107, 0, 19, 95, 3, 81, 45, 33, 65, 59]","[59, 65, 33, 45, 81, 3, 95, 19, 0, 107, 15, 41, 43, 29, 8, 27, 92, 90, 77, 117, 55, 53, 119, 75, 84, 35, 34, 37, 20, 21, 22, 4, 5, 23, 103, 88, 87, 91, 82, 73, 72, 66, 80, 79, 69, 86, 24, 44, 38, 57, 56, 49, 62, 141, 142, 123, 124, 104, 125, 83, 60, 70, 47, 50, 68, 39, 2, 126, 46, 51, 54, 98, 96, 100, 11, 31, 30, 111, 64, 89, 127, 94, 1, 6, 121, 114, 120, 101, 106, 63, 128, 97, 9, 108, 110, 74, 52, 76, 129]",False,complete,1054,1054,4950,955,1385,0,1385,1385,,False,,,,,,,2,141,21,141,23,23,21,23
3,20478,27,52,97,"[7, 10, 12, 13, 14, 16, 17, 18, 25, 26, 28, 32, 36, 40, 42, 48, 58, 61, 67, 71, 76, 78, 85, 93, 99, 102, 105, 109, 112, 115, 116, 118, 122, 129, 130, 131, 132, 133, 134, 135, 136, 137, 138, 139, 140, 143, 144, 145, 146, 147, 148, 149]","[0, 1, 2, 3, 4, 5, 6, 8, 9, 11, 15, 19, 20, 21, 22, 23, 24, 27, 29, 30, 31, 33, 34, 35, 37, 38, 39, 41, 43, 44, 45, 46, 47, 49, 50, 51, 52, 53, 54, 55, 56, 57, 59, 60, 62, 63, 64, 65, 66, 68, 69, 70, 72, 73, 74, 75, 77, 79, 80, 81, 82, 83, 84, 86, 87, 88, 89, 90, 91, 92, 94, 95, 96, 97, 98, 100, 101, 103, 104, 106, 107, 108, 110, 111, 114, 117, 119, 120, 121, 123, 124, 125, 126, 127, 128, 141, 142]","{""support_1"": 106, ""support_2"": 111}","[106, 111]",2,"[17, 122, 18, 32, 137, 138, 140, 139, 13, 14, 116, 118, 136, 102, 10, 112, 36, 135, 26, 28, 105, 99, 148, 145, 144, 115, 16, 149, 146, 147, 12, 71, 58, 134, 109, 78, 61, 67, 48, 85, 93, 133, 40, 42, 143, 25, 7, 132, 131, 130, 129, 76, 54, 74, 110, 108, 9, 97, 128, 63, 106, 101, 120, 114, 121, 6, 1, 94, 127, 89, 64, 111, 30, 31, 11, 100, 96, 98, 52, 51, 46, 126, 2, 70, 39, 47, 23, 5, 4, 22, 21, 20, 37, 34, 35, 87, 103, 86, 125, 104, 91, 88, 83, 82, 124, 123, 142, 141, 84, 24, 44, 68, 60, 66, 73, 69, 79, 72, 50, 80, 38, 56, 49, 57, 62, 90, 117, 53, 92, 77, 75, 55, 119, 41, 27, 8, 29, 15, 43, 59, 95, 3, 0, 65, 107, 45, 33, 81, 19]",True,20810171357,20.810171357,"[54, 74, 110, 108, 9, 97, 128, 63, 106, 101, 120, 114, 121, 6, 1, 94, 127, 91, 64, 111, 30, 31, 11, 100, 96, 98, 52, 51, 46, 126, 2, 39, 68, 50, 47, 70, 60, 83, 125, 103, 124, 123, 141, 142, 62, 49, 56, 57, 38, 44, 24, 86, 69, 79, 80, 66, 72, 73, 87, 89, 88, 82, 104, 23, 5, 4, 22, 21, 20, 37, 34, 35, 84, 55, 90, 117, 77, 92, 75, 53, 119, 27, 15, 8, 29, 41, 43, 19, 65, 0, 59, 45, 95, 33, 107, 3, 81]","[81, 3, 107, 33, 95, 45, 59, 0, 65, 19, 43, 41, 29, 8, 15, 27, 119, 53, 75, 92, 77, 117, 90, 55, 84, 35, 34, 37, 20, 21, 22, 4, 5, 23, 104, 82, 88, 89, 87, 73, 72, 66, 80, 79, 69, 86, 24, 44, 38, 57, 56, 49, 62, 142, 141, 123, 124, 103, 125, 83, 60, 70, 47, 50, 68, 39, 2, 126, 46, 51, 52, 98, 96, 100, 11, 31, 30, 111, 64, 91, 127, 94, 1, 6, 121, 114, 120, 101, 106, 63, 128, 97, 9, 108, 110, 74, 54]",False,complete,1023,1023,4753,926,1353,0,1353,1353,,False,,,,,,,2,137,20,137,22,22,20,22
3,20479,28,54,95,"[7, 10, 12, 13, 14, 16, 17, 18, 25, 26, 28, 32, 36, 40, 42, 48, 54, 58, 61, 67, 71, 74, 76, 78, 85, 93, 99, 102, 105, 109, 112, 115, 116, 118, 122, 129, 130, 131, 132, 133, 134, 135, 136, 137, 138, 139, 140, 143, 144, 145, 146, 147, 148, 149]","[0, 1, 2, 3, 4, 5, 6, 8, 9, 11, 15, 19, 20, 21, 22, 23, 24, 27, 29, 30, 31, 33, 34, 35, 37, 38, 39, 41, 43, 44, 45, 46, 47, 49, 50, 51, 52, 53, 55, 56, 57, 59, 60, 62, 63, 64, 65, 66, 68, 69, 70, 72, 73, 75, 77, 79, 80, 81, 82, 83, 84, 86, 87, 88, 89, 90, 91, 92, 94, 95, 96, 97, 98, 100, 101, 103, 104, 106, 107, 108, 110, 111, 114, 117, 119, 120, 121, 123, 124, 125, 126, 127, 128, 141, 142]","{""support_1"": 106, ""support_2"": 111}","[106, 111]",2,"[17, 122, 18, 32, 137, 138, 140, 139, 13, 14, 116, 118, 136, 102, 10, 112, 36, 135, 26, 28, 105, 99, 148, 145, 144, 115, 16, 149, 146, 147, 12, 71, 58, 134, 109, 78, 61, 67, 48, 85, 93, 133, 40, 42, 143, 25, 7, 132, 131, 130, 129, 76, 54, 74, 110, 108, 9, 97, 128, 63, 106, 101, 120, 114, 121, 6, 1, 94, 127, 89, 64, 111, 30, 31, 11, 100, 96, 98, 52, 51, 46, 126, 2, 70, 39, 47, 23, 5, 4, 22, 21, 20, 37, 34, 35, 87, 103, 86, 125, 104, 91, 88, 83, 82, 124, 123, 142, 141, 84, 24, 44, 68, 60, 66, 73, 69, 79, 72, 50, 80, 38, 56, 49, 57, 62, 90, 117, 53, 92, 77, 75, 55, 119, 41, 27, 8, 29, 15, 43, 59, 95, 3, 0, 65, 107, 45, 33, 81, 19]",True,19203236468,19.203236468,"[110, 108, 9, 97, 128, 63, 106, 101, 120, 114, 121, 6, 1, 94, 127, 89, 64, 111, 30, 31, 11, 100, 96, 98, 52, 51, 46, 126, 2, 70, 39, 47, 23, 5, 4, 22, 21, 20, 37, 34, 35, 87, 103, 86, 125, 104, 91, 88, 83, 82, 124, 123, 142, 141, 84, 24, 44, 68, 60, 66, 73, 69, 79, 72, 50, 80, 49, 56, 38, 57, 62, 117, 53, 92, 77, 119, 90, 75, 55, 43, 15, 41, 29, 27, 8, 81, 107, 3, 0, 45, 19, 65, 59, 95, 33]","[33, 95, 59, 65, 19, 45, 0, 3, 107, 81, 8, 27, 29, 41, 15, 43, 55, 75, 90, 119, 77, 92, 53, 117, 62, 57, 38, 56, 49, 80, 50, 72, 79, 69, 73, 66, 60, 68, 44, 24, 84, 141, 142, 123, 124, 82, 83, 88, 91, 104, 125, 86, 103, 87, 35, 34, 37, 20, 21, 22, 4, 5, 23, 47, 39, 70, 2, 126, 46, 51, 52, 98, 96, 100, 11, 31, 30, 111, 64, 89, 127, 94, 1, 6, 121, 114, 120, 101, 106, 63, 128, 97, 9, 108, 110]",False,complete,883,883,4560,788,1293,0,1293,1293,,False,,,,,,,2,132,20,132,22,22,20,22
3,20480,29,56,93,"[7, 10, 12, 13, 14, 16, 17, 18, 25, 26, 28, 32, 36, 40, 42, 48, 54, 58, 61, 67, 71, 74, 76, 78, 85, 93, 99, 102, 105, 108, 109, 110, 112, 115, 116, 118, 122, 129, 130, 131, 132, 133, 134, 135, 136, 137, 138, 139, 140, 143, 144, 145, 146, 147, 148, 149]","[0, 1, 2, 3, 4, 5, 6, 8, 9, 11, 15, 19, 20, 21, 22, 23, 24, 27, 29, 30, 31, 33, 34, 35, 37, 38, 39, 41, 43, 44, 45, 46, 47, 49, 50, 51, 52, 53, 55, 56, 57, 59, 60, 62, 63, 64, 65, 66, 68, 69, 70, 72, 73, 75, 77, 79, 80, 81, 82, 83, 84, 86, 87, 88, 89, 90, 91, 92, 94, 95, 96, 97, 98, 100, 101, 103, 104, 106, 107, 111, 114, 117, 119, 120, 121, 123, 124, 125, 126, 127, 128, 141, 142]","{""support_1"": 106, ""support_2"": 111}","[106, 111]",2,"[17, 122, 18, 32, 137, 138, 140, 139, 13, 14, 116, 118, 136, 102, 10, 112, 36, 135, 26, 28, 105, 99, 148, 145, 144, 115, 16, 149, 146, 147, 12, 71, 58, 134, 109, 78, 61, 67, 48, 85, 93, 133, 40, 42, 143, 25, 7, 132, 131, 130, 129, 76, 54, 74, 110, 108, 9, 97, 128, 63, 106, 101, 120, 114, 121, 6, 1, 94, 127, 89, 64, 111, 30, 31, 11, 100, 96, 98, 52, 51, 46, 126, 2, 70, 39, 47, 23, 5, 4, 22, 21, 20, 37, 34, 35, 87, 103, 86, 125, 104, 91, 88, 83, 82, 124, 123, 142, 141, 84, 24, 44, 68, 60, 66, 73, 69, 79, 72, 50, 80, 38, 56, 49, 57, 62, 90, 117, 53, 92, 77, 75, 55, 119, 41, 27, 8, 29, 15, 43, 59, 95, 3, 0, 65, 107, 45, 33, 81, 19]",True,18772289683,18.772289683,"[9, 97, 128, 63, 106, 101, 120, 114, 121, 6, 1, 94, 127, 89, 64, 111, 30, 31, 11, 100, 96, 98, 52, 51, 46, 126, 2, 39, 68, 50, 47, 70, 60, 83, 125, 104, 124, 123, 141, 142, 62, 49, 56, 57, 38, 44, 24, 86, 69, 79, 80, 66, 72, 73, 87, 91, 88, 82, 103, 23, 5, 4, 22, 21, 20, 37, 34, 35, 84, 92, 77, 75, 53, 90, 117, 119, 55, 8, 43, 15, 29, 41, 27, 59, 65, 19, 3, 45, 81, 33, 95, 107, 0]","[0, 107, 95, 33, 81, 45, 3, 19, 65, 59, 27, 41, 29, 15, 43, 8, 55, 119, 117, 90, 53, 75, 77, 92, 84, 35, 34, 37, 20, 21, 22, 4, 5, 23, 103, 82, 88, 91, 87, 73, 72, 66, 80, 79, 69, 86, 24, 44, 38, 57, 56, 49, 62, 142, 141, 123, 124, 104, 125, 83, 60, 70, 47, 50, 68, 39, 2, 126, 46, 51, 52, 98, 96, 100, 11, 31, 30, 111, 64, 89, 127, 94, 1, 6, 121, 114, 120, 101, 106, 63, 128, 97, 9]",False,complete,967,967,4371,874,1301,0,1301,1301,,False,,,,,,,2,129,20,129,22,22,20,22
3,20481,30,58,91,"[7, 9, 10, 12, 13, 14, 16, 17, 18, 25, 26, 28, 32, 36, 40, 42, 48, 54, 58, 61, 67, 71, 74, 76, 78, 85, 93, 97, 99, 102, 105, 108, 109, 110, 112, 115, 116, 118, 122, 129, 130, 131, 132, 133, 134, 135, 136, 137, 138, 139, 140, 143, 144, 145, 146, 147, 148, 149]","[0, 1, 2, 3, 4, 5, 6, 8, 11, 15, 19, 20, 21, 22, 23, 24, 27, 29, 30, 31, 33, 34, 35, 37, 38, 39, 41, 43, 44, 45, 46, 47, 49, 50, 51, 52, 53, 55, 56, 57, 59, 60, 62, 63, 64, 65, 66, 68, 69, 70, 72, 73, 75, 77, 79, 80, 81, 82, 83, 84, 86, 87, 88, 89, 90, 91, 92, 94, 95, 96, 98, 100, 101, 103, 104, 106, 107, 111, 114, 117, 119, 120, 121, 123, 124, 125, 126, 127, 128, 141, 142]","{""support_1"": 106, ""support_2"": 111}","[106, 111]",2,"[17, 122, 18, 32, 137, 138, 140, 139, 13, 14, 116, 118, 136, 102, 10, 112, 36, 135, 26, 28, 105, 99, 148, 145, 144, 115, 16, 149, 146, 147, 12, 71, 58, 134, 109, 78, 61, 67, 48, 85, 93, 133, 40, 42, 143, 25, 7, 132, 131, 130, 129, 76, 54, 74, 110, 108, 9, 97, 128, 63, 106, 101, 120, 114, 121, 6, 1, 94, 127, 89, 64, 111, 30, 31, 11, 100, 96, 98, 52, 51, 46, 126, 2, 70, 39, 47, 23, 5, 4, 22, 21, 20, 37, 34, 35, 87, 103, 86, 125, 104, 91, 88, 83, 82, 124, 123, 142, 141, 84, 24, 44, 68, 60, 66, 73, 69, 79, 72, 50, 80, 38, 56, 49, 57, 62, 90, 117, 53, 92, 77, 75, 55, 119, 41, 27, 8, 29, 15, 43, 59, 95, 3, 0, 65, 107, 45, 33, 81, 19]",True,17843297900,17.843297900,"[128, 63, 106, 101, 120, 114, 121, 6, 1, 94, 127, 89, 64, 111, 30, 31, 11, 100, 96, 98, 52, 51, 46, 126, 2, 70, 39, 47, 23, 5, 4, 22, 21, 20, 37, 34, 35, 87, 104, 86, 125, 103, 91, 88, 83, 82, 124, 123, 141, 142, 84, 24, 44, 68, 60, 66, 73, 69, 79, 72, 50, 80, 49, 56, 38, 57, 62, 77, 75, 117, 53, 119, 92, 55, 90, 41, 27, 15, 8, 43, 29, 65, 3, 19, 107, 45, 81, 95, 0, 33, 59]","[59, 33, 0, 95, 81, 45, 107, 19, 3, 65, 29, 43, 8, 15, 27, 41, 90, 55, 92, 119, 53, 117, 75, 77, 62, 57, 38, 56, 49, 80, 50, 72, 79, 69, 73, 66, 60, 68, 44, 24, 84, 142, 141, 123, 124, 82, 83, 88, 91, 103, 125, 86, 104, 87, 35, 34, 37, 20, 21, 22, 4, 5, 23, 47, 39, 70, 2, 126, 46, 51, 52, 98, 96, 100, 11, 31, 30, 111, 64, 89, 127, 94, 1, 6, 121, 114, 120, 101, 106, 63, 128]",False,complete,824,824,4186,733,1235,0,1235,1235,,False,,,,,,,2,124,20,124,22,22,20,22
3,20482,31,60,89,"[7, 9, 10, 12, 13, 14, 16, 17, 18, 25, 26, 28, 32, 36, 40, 42, 48, 54, 58, 61, 63, 67, 71, 74, 76, 78, 85, 93, 97, 99, 102, 105, 108, 109, 110, 112, 115, 116, 118, 122, 128, 129, 130, 131, 132, 133, 134, 135, 136, 137, 138, 139, 140, 143, 144, 145, 146, 147, 148, 149]","[0, 1, 2, 3, 4, 5, 6, 8, 11, 15, 19, 20, 21, 22, 23, 24, 27, 29, 30, 31, 33, 34, 35, 37, 38, 39, 41, 43, 44, 45, 46, 47, 49, 50, 51, 52, 53, 55, 56, 57, 59, 60, 62, 64, 65, 66, 68, 69, 70, 72, 73, 75, 77, 79, 80, 81, 82, 83, 84, 86, 87, 88, 89, 90, 91, 92, 94, 95, 96, 98, 100, 101, 103, 104, 106, 107, 111, 114, 117, 119, 120, 121, 123, 124, 125, 126, 127, 141, 142]","{""support_1"": 106, ""support_2"": 111}","[106, 111]",2,"[17, 122, 18, 32, 137, 138, 140, 139, 13, 14, 116, 118, 136, 102, 10, 112, 36, 135, 26, 28, 105, 99, 148, 145, 144, 115, 16, 149, 146, 147, 12, 71, 58, 134, 109, 78, 61, 67, 48, 85, 93, 133, 40, 42, 143, 25, 7, 132, 131, 130, 129, 76, 54, 74, 110, 108, 9, 97, 128, 63, 106, 101, 120, 114, 121, 6, 1, 94, 127, 89, 64, 111, 30, 31, 11, 100, 96, 98, 52, 51, 46, 126, 2, 70, 39, 47, 23, 5, 4, 22, 21, 20, 37, 34, 35, 87, 103, 86, 125, 104, 91, 88, 83, 82, 124, 123, 142, 141, 84, 24, 44, 68, 60, 66, 73, 69, 79, 72, 50, 80, 38, 56, 49, 57, 62, 90, 117, 53, 92, 77, 75, 55, 119, 41, 27, 8, 29, 15, 43, 59, 95, 3, 0, 65, 107, 45, 33, 81, 19]",True,16843463657,16.843463657,"[106, 101, 120, 114, 121, 6, 1, 94, 127, 91, 64, 111, 30, 31, 11, 100, 96, 98, 52, 51, 46, 126, 47, 39, 68, 50, 2, 70, 60, 83, 125, 103, 124, 123, 141, 142, 62, 49, 56, 57, 38, 44, 24, 86, 69, 79, 80, 66, 72, 73, 87, 89, 88, 82, 104, 23, 5, 4, 22, 21, 20, 37, 34, 35, 84, 92, 119, 77, 90, 75, 55, 53, 117, 43, 41, 27, 29, 15, 8, 45, 0, 19, 59, 107, 95, 33, 65, 3, 81]","[81, 3, 65, 33, 95, 107, 59, 19, 0, 45, 8, 15, 29, 27, 41, 43, 117, 53, 55, 75, 90, 77, 119, 92, 84, 35, 34, 37, 20, 21, 22, 4, 5, 23, 104, 82, 88, 89, 87, 73, 72, 66, 80, 79, 69, 86, 24, 44, 38, 57, 56, 49, 62, 142, 141, 123, 124, 103, 125, 83, 60, 70, 2, 50, 68, 39, 47, 126, 46, 51, 52, 98, 96, 100, 11, 31, 30, 111, 64, 91, 127, 94, 1, 6, 121, 114, 120, 101, 106]",False,complete,878,878,4005,789,1220,0,1220,1220,,False,,,,,,,2,121,20,121,21,21,20,22
3,20483,32,62,87,"[7, 9, 10, 12, 13, 14, 16, 17, 18, 25, 26, 28, 32, 36, 40, 42, 48, 54, 58, 61, 63, 67, 71, 74, 76, 78, 85, 93, 97, 99, 101, 102, 105, 106, 108, 109, 110, 112, 115, 116, 118, 122, 128, 129, 130, 131, 132, 133, 134, 135, 136, 137, 138, 139, 140, 143, 144, 145, 146, 147, 148, 149]","[0, 1, 2, 3, 4, 5, 6, 8, 11, 15, 19, 20, 21, 22, 23, 24, 27, 29, 30, 31, 33, 34, 35, 37, 38, 39, 41, 43, 44, 45, 46, 47, 49, 50, 51, 52, 53, 55, 56, 57, 59, 60, 62, 64, 65, 66, 68, 69, 70, 72, 73, 75, 77, 79, 80, 81, 82, 83, 84, 86, 87, 88, 89, 90, 91, 92, 94, 95, 96, 98, 100, 103, 104, 107, 111, 114, 117, 119, 120, 121, 123, 124, 125, 126, 127, 141, 142]","{""support_1"": 121, ""support_2"": 111}","[111, 121]",2,"[17, 122, 18, 32, 137, 138, 140, 139, 13, 14, 116, 118, 136, 102, 10, 112, 36, 135, 26, 28, 105, 99, 148, 145, 144, 115, 16, 149, 146, 147, 12, 71, 58, 134, 109, 78, 61, 67, 48, 85, 93, 133, 40, 42, 143, 25, 7, 132, 131, 130, 129, 76, 54, 74, 110, 108, 9, 97, 128, 63, 106, 101, 120, 114, 121, 6, 1, 94, 127, 89, 64, 111, 30, 31, 11, 100, 96, 98, 52, 51, 46, 126, 2, 70, 39, 47, 23, 5, 4, 22, 21, 20, 37, 34, 35, 87, 103, 86, 125, 104, 91, 88, 83, 82, 124, 123, 142, 141, 84, 24, 44, 68, 60, 66, 73, 69, 79, 72, 50, 80, 38, 56, 49, 57, 62, 90, 117, 53, 92, 77, 75, 55, 119, 41, 27, 8, 29, 15, 43, 59, 95, 3, 0, 65, 107, 45, 33, 81, 19]",True,13525967977,13.525967977,"[120, 114, 121, 6, 1, 94, 127, 91, 64, 111, 30, 31, 11, 100, 96, 98, 52, 51, 46, 126, 47, 70, 39, 2, 23, 5, 4, 22, 21, 20, 37, 34, 35, 69, 89, 73, 79, 72, 80, 66, 68, 60, 83, 50, 86, 44, 24, 125, 104, 124, 123, 142, 141, 62, 49, 56, 38, 57, 87, 88, 82, 103, 84, 117, 92, 119, 77, 53, 90, 75, 55, 8, 27, 41, 29, 15, 43, 95, 81, 0, 3, 65, 107, 33, 19, 59, 45]","[45, 59, 19, 33, 107, 65, 3, 0, 81, 95, 43, 15, 29, 41, 27, 8, 55, 75, 90, 53, 77, 119, 92, 117, 84, 103, 82, 88, 87, 57, 38, 56, 49, 62, 141, 142, 123, 124, 104, 125, 24, 44, 86, 50, 83, 60, 68, 66, 80, 72, 79, 73, 89, 69, 35, 34, 37, 20, 21, 22, 4, 5, 23, 2, 39, 70, 47, 126, 46, 51, 52, 98, 96, 100, 11, 31, 30, 111, 64, 91, 127, 94, 1, 6, 121, 114, 120]",False,complete,652,652,3828,565,942,0,942,942,,False,,,,,,,2,115,16,115,18,18,16,18
3,20484,33,64,85,"[7, 9, 10, 12, 13, 14, 16, 17, 18, 25, 26, 28, 32, 36, 40, 42, 48, 54, 58, 61, 63, 67, 71, 74, 76, 78, 85, 93, 97, 99, 101, 102, 105, 106, 108, 109, 110, 112, 114, 115, 116, 118, 120, 122, 128, 129, 130, 131, 132, 133, 134, 135, 136, 137, 138, 139, 140, 143, 144, 145, 146, 147, 148, 149]","[0, 1, 2, 3, 4, 5, 6, 8, 11, 15, 19, 20, 21, 22, 23, 24, 27, 29, 30, 31, 33, 34, 35, 37, 38, 39, 41, 43, 44, 45, 46, 47, 49, 50, 51, 52, 53, 55, 56, 57, 59, 60, 62, 64, 65, 66, 68, 69, 70, 72, 73, 75, 77, 79, 80, 81, 82, 83, 84, 86, 87, 88, 89, 90, 91, 92, 94, 95, 96, 98, 100, 103, 104, 107, 111, 117, 119, 121, 123, 124, 125, 126, 127, 141, 142]","{""support_1"": 121, ""support_2"": 111}","[111, 121]",2,"[17, 122, 18, 32, 137, 138, 140, 139, 13, 14, 116, 118, 136, 102, 10, 112, 36, 135, 26, 28, 105, 99, 148, 145, 144, 115, 16, 149, 146, 147, 12, 71, 58, 134, 109, 78, 61, 67, 48, 85, 93, 133, 40, 42, 143, 25, 7, 132, 131, 130, 129, 76, 54, 74, 110, 108, 9, 97, 128, 63, 106, 101, 120, 114, 121, 6, 1, 94, 127, 89, 64, 111, 30, 31, 11, 100, 96, 98, 52, 51, 46, 126, 2, 70, 39, 47, 23, 5, 4, 22, 21, 20, 37, 34, 35, 87, 103, 86, 125, 104, 91, 88, 83, 82, 124, 123, 142, 141, 84, 24, 44, 68, 60, 66, 73, 69, 79, 72, 50, 80, 38, 56, 49, 57, 62, 90, 117, 53, 92, 77, 75, 55, 119, 41, 27, 8, 29, 15, 43, 59, 95, 3, 0, 65, 107, 45, 33, 81, 19]",True,16097693669,16.097693669,"[121, 6, 1, 94, 127, 89, 64, 111, 30, 31, 11, 100, 96, 98, 52, 51, 46, 126, 2, 39, 68, 50, 47, 70, 60, 83, 125, 104, 124, 123, 141, 142, 62, 49, 56, 57, 38, 44, 24, 86, 69, 79, 80, 66, 72, 73, 87, 91, 88, 82, 103, 23, 5, 4, 22, 21, 20, 37, 34, 35, 84, 90, 53, 92, 119, 75, 117, 77, 55, 29, 15, 43, 27, 41, 8, 59, 0, 19, 81, 65, 3, 33, 45, 107, 95]","[95, 107, 45, 33, 3, 65, 81, 19, 0, 59, 8, 41, 27, 43, 15, 29, 55, 77, 117, 75, 119, 92, 53, 90, 84, 35, 34, 37, 20, 21, 22, 4, 5, 23, 103, 82, 88, 91, 87, 73, 72, 66, 80, 79, 69, 86, 24, 44, 38, 57, 56, 49, 62, 142, 141, 123, 124, 104, 125, 83, 60, 70, 47, 50, 68, 39, 2, 126, 46, 51, 52, 98, 96, 100, 11, 31, 30, 111, 64, 89, 127, 94, 1, 6, 121]",False,complete,849,849,3655,764,1169,0,1169,1169,,False,,,,,,,2,113,19,113,20,20,19,21
3,20485,34,66,83,"[6, 7, 9, 10, 12, 13, 14, 16, 17, 18, 25, 26, 28, 32, 36, 40, 42, 48, 54, 58, 61, 63, 67, 71, 74, 76, 78, 85, 93, 97, 99, 101, 102, 105, 106, 108, 109, 110, 112, 114, 115, 116, 118, 120, 121, 122, 128, 129, 130, 131, 132, 133, 134, 135, 136, 137, 138, 139, 140, 143, 144, 145, 146, 147, 148, 149]","[0, 1, 2, 3, 4, 5, 8, 11, 15, 19, 20, 21, 22, 23, 24, 27, 29, 30, 31, 33, 34, 35, 37, 38, 39, 41, 43, 44, 45, 46, 47, 49, 50, 51, 52, 53, 55, 56, 57, 59, 60, 62, 64, 65, 66, 68, 69, 70, 72, 73, 75, 77, 79, 80, 81, 82, 83, 84, 86, 87, 88, 89, 90, 91, 92, 94, 95, 96, 98, 100, 103, 104, 107, 111, 117, 119, 123, 124, 125, 126, 127, 141, 142]","{""support_1"": 2, ""support_2"": 111}","[2, 111]",2,"[17, 122, 18, 32, 137, 138, 140, 139, 13, 14, 116, 118, 136, 102, 10, 112, 36, 135, 26, 28, 105, 99, 148, 145, 144, 115, 16, 149, 146, 147, 12, 71, 58, 134, 109, 78, 61, 67, 48, 85, 93, 133, 40, 42, 143, 25, 7, 132, 131, 130, 129, 76, 54, 74, 110, 108, 9, 97, 128, 63, 106, 101, 120, 114, 121, 6, 1, 94, 127, 89, 64, 111, 30, 31, 11, 100, 96, 98, 52, 51, 46, 126, 2, 70, 39, 47, 23, 5, 4, 22, 21, 20, 37, 34, 35, 87, 103, 86, 125, 104, 91, 88, 83, 82, 124, 123, 142, 141, 84, 24, 44, 68, 60, 66, 73, 69, 79, 72, 50, 80, 38, 56, 49, 57, 62, 90, 117, 53, 92, 77, 75, 55, 119, 41, 27, 8, 29, 15, 43, 59, 95, 3, 0, 65, 107, 45, 33, 81, 19]",True,12758183611,12.758183611,"[1, 94, 127, 91, 64, 111, 30, 31, 11, 100, 96, 98, 52, 51, 46, 126, 2, 70, 39, 47, 23, 5, 4, 22, 21, 20, 37, 34, 35, 69, 89, 73, 79, 72, 80, 66, 68, 60, 83, 50, 86, 44, 24, 125, 104, 124, 123, 141, 142, 84, 87, 82, 88, 103, 49, 56, 38, 57, 62, 53, 92, 77, 75, 117, 119, 90, 55, 29, 8, 27, 15, 43, 41, 3, 0, 59, 19, 81, 45, 95, 107, 65, 33]","[33, 65, 107, 95, 45, 81, 19, 59, 0, 3, 41, 43, 15, 27, 8, 29, 55, 90, 119, 117, 75, 77, 92, 53, 62, 57, 38, 56, 49, 103, 88, 82, 87, 84, 142, 141, 123, 124, 104, 125, 24, 44, 86, 50, 83, 60, 68, 66, 80, 72, 79, 73, 89, 69, 35, 34, 37, 20, 21, 22, 4, 5, 23, 47, 39, 70, 2, 126, 46, 51, 52, 98, 96, 100, 11, 31, 30, 111, 64, 91, 127, 94, 1]",False,complete,644,644,3486,561,891,0,891,891,,False,,,,,,,2,108,16,108,18,18,16,18
3,20486,35,68,81,"[1, 6, 7, 9, 10, 12, 13, 14, 16, 17, 18, 25, 26, 28, 32, 36, 40, 42, 48, 54, 58, 61, 63, 67, 71, 74, 76, 78, 85, 93, 94, 97, 99, 101, 102, 105, 106, 108, 109, 110, 112, 114, 115, 116, 118, 120, 121, 122, 128, 129, 130, 131, 132, 133, 134, 135, 136, 137, 138, 139, 140, 143, 144, 145, 146, 147, 148, 149]","[0, 2, 3, 4, 5, 8, 11, 15, 19, 20, 21, 22, 23, 24, 27, 29, 30, 31, 33, 34, 35, 37, 38, 39, 41, 43, 44, 45, 46, 47, 49, 50, 51, 52, 53, 55, 56, 57, 59, 60, 62, 64, 65, 66, 68, 69, 70, 72, 73, 75, 77, 79, 80, 81, 82, 83, 84, 86, 87, 88, 89, 90, 91, 92, 95, 96, 98, 100, 103, 104, 107, 111, 117, 119, 123, 124, 125, 126, 127, 141, 142]","{""support_1"": 2, ""support_2"": 111}","[2, 111]",2,"[17, 122, 18, 32, 137, 138, 140, 139, 13, 14, 116, 118, 136, 102, 10, 112, 36, 135, 26, 28, 105, 99, 148, 145, 144, 115, 16, 149, 146, 147, 12, 71, 58, 134, 109, 78, 61, 67, 48, 85, 93, 133, 40, 42, 143, 25, 7, 132, 131, 130, 129, 76, 54, 74, 110, 108, 9, 97, 128, 63, 106, 101, 120, 114, 121, 6, 1, 94, 127, 89, 64, 111, 30, 31, 11, 100, 96, 98, 52, 51, 46, 126, 2, 70, 39, 47, 23, 5, 4, 22, 21, 20, 37, 34, 35, 87, 103, 86, 125, 104, 91, 88, 83, 82, 124, 123, 142, 141, 84, 24, 44, 68, 60, 66, 73, 69, 79, 72, 50, 80, 38, 56, 49, 57, 62, 90, 117, 53, 92, 77, 75, 55, 119, 41, 27, 8, 29, 15, 43, 59, 95, 3, 0, 65, 107, 45, 33, 81, 19]",True,15239810034,15.239810034,"[127, 89, 64, 111, 30, 31, 11, 100, 96, 98, 52, 51, 46, 126, 47, 39, 68, 50, 2, 70, 60, 83, 125, 104, 124, 123, 141, 142, 62, 49, 56, 57, 38, 44, 24, 86, 69, 79, 80, 66, 72, 73, 87, 91, 88, 82, 103, 23, 5, 4, 22, 21, 20, 37, 34, 35, 84, 77, 90, 117, 119, 75, 55, 92, 53, 41, 29, 27, 43, 15, 8, 0, 45, 107, 81, 3, 95, 59, 19, 33, 65]","[65, 33, 19, 59, 95, 3, 81, 107, 45, 0, 8, 15, 43, 27, 29, 41, 53, 92, 55, 75, 119, 117, 90, 77, 84, 35, 34, 37, 20, 21, 22, 4, 5, 23, 103, 82, 88, 91, 87, 73, 72, 66, 80, 79, 69, 86, 24, 44, 38, 57, 56, 49, 62, 142, 141, 123, 124, 104, 125, 83, 60, 70, 2, 50, 68, 39, 47, 126, 46, 51, 52, 98, 96, 100, 11, 31, 30, 111, 64, 89, 127]",False,complete,807,807,3321,726,1147,0,1147,1147,,False,,,,,,,2,106,18,106,20,20,18,20
3,20487,36,70,79,"[1, 6, 7, 9, 10, 12, 13, 14, 16, 17, 18, 25, 26, 28, 32, 36, 40, 42, 48, 54, 58, 61, 63, 67, 71, 74, 76, 78, 85, 89, 93, 94, 97, 99, 101, 102, 105, 106, 108, 109, 110, 112, 114, 115, 116, 118, 120, 121, 122, 127, 128, 129, 130, 131, 132, 133, 134, 135, 136, 137, 138, 139, 140, 143, 144, 145, 146, 147, 148, 149]","[0, 2, 3, 4, 5, 8, 11, 15, 19, 20, 21, 22, 23, 24, 27, 29, 30, 31, 33, 34, 35, 37, 38, 39, 41, 43, 44, 45, 46, 47, 49, 50, 51, 52, 53, 55, 56, 57, 59, 60, 62, 64, 65, 66, 68, 69, 70, 72, 73, 75, 77, 79, 80, 81, 82, 83, 84, 86, 87, 88, 90, 91, 92, 95, 96, 98, 100, 103, 104, 107, 111, 117, 119, 123, 124, 125, 126, 141, 142]","{""support_1"": 2, ""support_2"": 111}","[2, 111]",2,"[17, 122, 18, 32, 137, 138, 140, 139, 13, 14, 116, 118, 136, 102, 10, 112, 36, 135, 26, 28, 105, 99, 148, 145, 144, 115, 16, 149, 146, 147, 12, 71, 58, 134, 109, 78, 61, 67, 48, 85, 93, 133, 40, 42, 143, 25, 7, 132, 131, 130, 129, 76, 54, 74, 110, 108, 9, 97, 128, 63, 106, 101, 120, 114, 121, 6, 1, 94, 127, 89, 64, 111, 30, 31, 11, 100, 96, 98, 52, 51, 46, 126, 2, 70, 39, 47, 23, 5, 4, 22, 21, 20, 37, 34, 35, 87, 103, 86, 125, 104, 91, 88, 83, 82, 124, 123, 142, 141, 84, 24, 44, 68, 60, 66, 73, 69, 79, 72, 50, 80, 38, 56, 49, 57, 62, 90, 117, 53, 92, 77, 75, 55, 119, 41, 27, 8, 29, 15, 43, 59, 95, 3, 0, 65, 107, 45, 33, 81, 19]",True,13195599756,13.195599756,"[64, 111, 30, 31, 11, 100, 96, 98, 52, 51, 46, 126, 47, 70, 39, 2, 23, 5, 4, 22, 21, 20, 37, 34, 35, 87, 103, 86, 125, 104, 91, 88, 83, 82, 124, 123, 142, 141, 84, 24, 44, 68, 66, 73, 69, 60, 79, 72, 50, 80, 38, 56, 49, 57, 62, 55, 90, 92, 77, 117, 53, 75, 119, 15, 8, 29, 27, 41, 43, 3, 33, 19, 81, 0, 45, 59, 107, 95, 65]","[65, 95, 107, 59, 45, 0, 81, 19, 33, 3, 43, 41, 27, 29, 8, 15, 119, 75, 53, 117, 77, 92, 90, 55, 62, 57, 49, 56, 38, 80, 50, 72, 79, 60, 69, 73, 66, 68, 44, 24, 84, 141, 142, 123, 124, 82, 83, 88, 91, 104, 125, 86, 103, 87, 35, 34, 37, 20, 21, 22, 4, 5, 23, 2, 39, 70, 47, 126, 46, 51, 52, 98, 96, 100, 11, 31, 30, 111, 64]",False,complete,637,637,3160,558,1045,0,1045,1045,,False,,,,,,,2,101,18,101,20,20,18,20
3,20488,37,72,77,"[1, 6, 7, 9, 10, 12, 13, 14, 16, 17, 18, 25, 26, 28, 32, 36, 40, 42, 48, 54, 58, 61, 63, 64, 67, 71, 74, 76, 78, 85, 89, 93, 94, 97, 99, 101, 102, 105, 106, 108, 109, 110, 111, 112, 114, 115, 116, 118, 120, 121, 122, 127, 128, 129, 130, 131, 132, 133, 134, 135, 136, 137, 138, 139, 140, 143, 144, 145, 146, 147, 148, 149]","[0, 2, 3, 4, 5, 8, 11, 15, 19, 20, 21, 22, 23, 24, 27, 29, 30, 31, 33, 34, 35, 37, 38, 39, 41, 43, 44, 45, 46, 47, 49, 50, 51, 52, 53, 55, 56, 57, 59, 60, 62, 65, 66, 68, 69, 70, 72, 73, 75, 77, 79, 80, 81, 82, 83, 84, 86, 87, 88, 90, 91, 92, 95, 96, 98, 100, 103, 104, 107, 117, 119, 123, 124, 125, 126, 141, 142]","{""support_1"": 2}",[2],1,"[17, 122, 18, 32, 137, 138, 140, 139, 13, 14, 116, 118, 136, 102, 10, 112, 36, 135, 26, 28, 105, 99, 148, 145, 144, 115, 16, 149, 146, 147, 12, 71, 58, 134, 109, 78, 61, 67, 48, 85, 93, 133, 40, 42, 143, 25, 7, 132, 131, 130, 129, 76, 54, 74, 110, 108, 9, 97, 128, 63, 106, 101, 120, 114, 121, 6, 1, 94, 127, 89, 64, 111, 30, 31, 11, 100, 96, 98, 52, 51, 46, 126, 2, 70, 39, 47, 23, 5, 4, 22, 21, 20, 37, 34, 35, 87, 103, 86, 125, 104, 91, 88, 83, 82, 124, 123, 142, 141, 84, 24, 44, 68, 60, 66, 73, 69, 79, 72, 50, 80, 38, 56, 49, 57, 62, 90, 117, 53, 92, 77, 75, 55, 119, 41, 27, 8, 29, 15, 43, 59, 95, 3, 0, 65, 107, 45, 33, 81, 19]",True,12863684445,12.863684445,"[30, 31, 11, 100, 96, 98, 52, 51, 46, 126, 2, 39, 68, 50, 47, 70, 60, 83, 125, 103, 124, 123, 142, 141, 62, 49, 56, 57, 38, 44, 24, 86, 69, 79, 80, 66, 72, 73, 82, 91, 87, 88, 104, 23, 5, 4, 22, 21, 20, 37, 34, 35, 84, 77, 92, 90, 55, 75, 53, 119, 117, 41, 29, 15, 27, 8, 43, 19, 59, 3, 81, 65, 45, 107, 0, 95, 33]","[33, 95, 0, 107, 45, 65, 81, 3, 59, 19, 43, 8, 27, 15, 29, 41, 117, 119, 53, 75, 55, 90, 92, 77, 84, 35, 34, 37, 20, 21, 22, 4, 5, 23, 104, 88, 87, 91, 82, 73, 72, 66, 80, 79, 69, 86, 24, 44, 38, 57, 56, 49, 62, 141, 142, 123, 124, 103, 125, 83, 60, 70, 47, 50, 68, 39, 2, 126, 46, 51, 52, 98, 96, 100, 11, 31, 30]",False,complete,681,681,3003,604,1024,0,1024,1024,,False,,,,,,,2,99,19,99,20,20,19,20
3,20489,38,74,75,"[1, 6, 7, 9, 10, 12, 13, 14, 16, 17, 18, 25, 26, 28, 30, 31, 32, 36, 40, 42, 48, 54, 58, 61, 63, 64, 67, 71, 74, 76, 78, 85, 89, 93, 94, 97, 99, 101, 102, 105, 106, 108, 109, 110, 111, 112, 114, 115, 116, 118, 120, 121, 122, 127, 128, 129, 130, 131, 132, 133, 134, 135, 136, 137, 138, 139, 140, 143, 144, 145, 146, 147, 148, 149]","[0, 2, 3, 4, 5, 8, 11, 15, 19, 20, 21, 22, 23, 24, 27, 29, 33, 34, 35, 37, 38, 39, 41, 43, 44, 45, 46, 47, 49, 50, 51, 52, 53, 55, 56, 57, 59, 60, 62, 65, 66, 68, 69, 70, 72, 73, 75, 77, 79, 80, 81, 82, 83, 84, 86, 87, 88, 90, 91, 92, 95, 96, 98, 100, 103, 104, 107, 117, 119, 123, 124, 125, 126, 141, 142]","{""support_1"": 2, ""support_2"": 98}","[2, 98]",2,"[17, 122, 18, 32, 137, 138, 140, 139, 13, 14, 116, 118, 136, 102, 10, 112, 36, 135, 26, 28, 105, 99, 148, 145, 144, 115, 16, 149, 146, 147, 12, 71, 58, 134, 109, 78, 61, 67, 48, 85, 93, 133, 40, 42, 143, 25, 7, 132, 131, 130, 129, 76, 54, 74, 110, 108, 9, 97, 128, 63, 106, 101, 120, 114, 121, 6, 1, 94, 127, 89, 64, 111, 30, 31, 11, 100, 96, 98, 52, 51, 46, 126, 2, 70, 39, 47, 23, 5, 4, 22, 21, 20, 37, 34, 35, 87, 103, 86, 125, 104, 91, 88, 83, 82, 124, 123, 142, 141, 84, 24, 44, 68, 60, 66, 73, 69, 79, 72, 50, 80, 38, 56, 49, 57, 62, 90, 117, 53, 92, 77, 75, 55, 119, 41, 27, 8, 29, 15, 43, 59, 95, 3, 0, 65, 107, 45, 33, 81, 19]",True,10496338723,10.496338723,"[11, 100, 96, 98, 52, 51, 46, 126, 2, 70, 39, 47, 23, 5, 4, 22, 21, 20, 37, 34, 35, 87, 104, 86, 125, 103, 91, 88, 83, 82, 124, 123, 141, 142, 84, 24, 44, 68, 60, 66, 73, 69, 79, 72, 50, 80, 49, 56, 38, 57, 62, 55, 53, 90, 92, 117, 119, 77, 75, 41, 29, 43, 27, 15, 8, 95, 65, 45, 0, 59, 81, 19, 3, 107, 33]","[33, 107, 3, 19, 81, 59, 0, 45, 65, 95, 8, 15, 27, 43, 29, 41, 75, 77, 119, 117, 92, 90, 53, 55, 62, 57, 38, 56, 49, 80, 50, 72, 79, 69, 73, 66, 60, 68, 44, 24, 84, 142, 141, 123, 124, 82, 83, 88, 91, 103, 125, 86, 104, 87, 35, 34, 37, 20, 21, 22, 4, 5, 23, 47, 39, 70, 2, 126, 46, 51, 52, 98, 96, 100, 11]",False,complete,559,559,2850,484,890,0,890,890,,False,,,,,,,2,94,16,94,18,18,16,18
3,20490,39,76,73,"[1, 6, 7, 9, 10, 11, 12, 13, 14, 16, 17, 18, 25, 26, 28, 30, 31, 32, 36, 40, 42, 48, 54, 58, 61, 63, 64, 67, 71, 74, 76, 78, 85, 89, 93, 94, 97, 99, 100, 101, 102, 105, 106, 108, 109, 110, 111, 112, 114, 115, 116, 118, 120, 121, 122, 127, 128, 129, 130, 131, 132, 133, 134, 135, 136, 137, 138, 139, 140, 143, 144, 145, 146, 147, 148, 149]","[0, 2, 3, 4, 5, 8, 15, 19, 20, 21, 22, 23, 24, 27, 29, 33, 34, 35, 37, 38, 39, 41, 43, 44, 45, 46, 47, 49, 50, 51, 52, 53, 55, 56, 57, 59, 60, 62, 65, 66, 68, 69, 70, 72, 73, 75, 77, 79, 80, 81, 82, 83, 84, 86, 87, 88, 90, 91, 92, 95, 96, 98, 103, 104, 107, 117, 119, 123, 124, 125, 126, 141, 142]","{""support_1"": 2, ""support_2"": 98}","[2, 98]",2,"[17, 122, 18, 32, 137, 138, 140, 139, 13, 14, 116, 118, 136, 102, 10, 112, 36, 135, 26, 28, 105, 99, 148, 145, 144, 115, 16, 149, 146, 147, 12, 71, 58, 134, 109, 78, 61, 67, 48, 85, 93, 133, 40, 42, 143, 25, 7, 132, 131, 130, 129, 76, 54, 74, 110, 108, 9, 97, 128, 63, 106, 101, 120, 114, 121, 6, 1, 94, 127, 89, 64, 111, 30, 31, 11, 100, 96, 98, 52, 51, 46, 126, 2, 70, 39, 47, 23, 5, 4, 22, 21, 20, 37, 34, 35, 87, 103, 86, 125, 104, 91, 88, 83, 82, 124, 123, 142, 141, 84, 24, 44, 68, 60, 66, 73, 69, 79, 72, 50, 80, 38, 56, 49, 57, 62, 90, 117, 53, 92, 77, 75, 55, 119, 41, 27, 8, 29, 15, 43, 59, 95, 3, 0, 65, 107, 45, 33, 81, 19]",True,9960440422,9.960440422,"[96, 98, 52, 51, 46, 126, 47, 70, 39, 2, 23, 5, 4, 22, 21, 20, 37, 34, 35, 87, 104, 86, 125, 103, 91, 88, 83, 82, 124, 123, 142, 141, 84, 24, 44, 68, 60, 66, 73, 69, 79, 72, 50, 80, 49, 56, 38, 57, 62, 90, 77, 75, 55, 53, 119, 92, 117, 29, 43, 27, 8, 15, 41, 19, 65, 107, 33, 59, 45, 81, 0, 3, 95]","[95, 3, 0, 81, 45, 59, 33, 107, 65, 19, 41, 15, 8, 27, 43, 29, 117, 92, 119, 53, 55, 75, 77, 90, 62, 57, 38, 56, 49, 80, 50, 72, 79, 69, 73, 66, 60, 68, 44, 24, 84, 141, 142, 123, 124, 82, 83, 88, 91, 103, 125, 86, 104, 87, 35, 34, 37, 20, 21, 22, 4, 5, 23, 2, 39, 70, 47, 126, 46, 51, 52, 98, 96]",False,complete,525,525,2701,452,856,0,856,856,,False,,,,,,,2,90,16,90,18,18,16,18
3,20491,40,78,71,"[1, 6, 7, 9, 10, 11, 12, 13, 14, 16, 17, 18, 25, 26, 28, 30, 31, 32, 36, 40, 42, 48, 54, 58, 61, 63, 64, 67, 71, 74, 76, 78, 85, 89, 93, 94, 96, 97, 98, 99, 100, 101, 102, 105, 106, 108, 109, 110, 111, 112, 114, 115, 116, 118, 120, 121, 122, 127, 128, 129, 130, 131, 132, 133, 134, 135, 136, 137, 138, 139, 140, 143, 144, 145, 146, 147, 148, 149]","[0, 2, 3, 4, 5, 8, 15, 19, 20, 21, 22, 23, 24, 27, 29, 33, 34, 35, 37, 38, 39, 41, 43, 44, 45, 46, 47, 49, 50, 51, 52, 53, 55, 56, 57, 59, 60, 62, 65, 66, 68, 69, 70, 72, 73, 75, 77, 79, 80, 81, 82, 83, 84, 86, 87, 88, 90, 91, 92, 95, 103, 104, 107, 117, 119, 123, 124, 125, 126, 141, 142]","{""support_1"": 2}",[2],1,"[17, 122, 18, 32, 137, 138, 140, 139, 13, 14, 116, 118, 136, 102, 10, 112, 36, 135, 26, 28, 105, 99, 148, 145, 144, 115, 16, 149, 146, 147, 12, 71, 58, 134, 109, 78, 61, 67, 48, 85, 93, 133, 40, 42, 143, 25, 7, 132, 131, 130, 129, 76, 54, 74, 110, 108, 9, 97, 128, 63, 106, 101, 120, 114, 121, 6, 1, 94, 127, 89, 64, 111, 30, 31, 11, 100, 96, 98, 52, 51, 46, 126, 2, 70, 39, 47, 23, 5, 4, 22, 21, 20, 37, 34, 35, 87, 103, 86, 125, 104, 91, 88, 83, 82, 124, 123, 142, 141, 84, 24, 44, 68, 60, 66, 73, 69, 79, 72, 50, 80, 38, 56, 49, 57, 62, 90, 117, 53, 92, 77, 75, 55, 119, 41, 27, 8, 29, 15, 43, 59, 95, 3, 0, 65, 107, 45, 33, 81, 19]",True,7793050182,7.793050182,"[52, 51, 46, 126, 47, 70, 39, 2, 23, 5, 4, 22, 21, 20, 37, 34, 35, 69, 91, 73, 79, 72, 80, 66, 68, 60, 83, 50, 86, 44, 24, 125, 103, 124, 123, 141, 142, 62, 49, 56, 38, 57, 87, 88, 82, 104, 84, 92, 77, 55, 117, 119, 53, 75, 90, 43, 15, 27, 41, 8, 29, 19, 65, 107, 95, 81, 45, 33, 0, 3, 59]","[59, 3, 0, 33, 45, 81, 95, 107, 65, 19, 29, 8, 41, 27, 15, 43, 90, 75, 53, 119, 117, 55, 77, 92, 84, 104, 82, 88, 87, 57, 38, 56, 49, 62, 142, 141, 123, 124, 103, 125, 24, 44, 86, 50, 83, 60, 68, 66, 80, 72, 79, 73, 91, 69, 35, 34, 37, 20, 21, 22, 4, 5, 23, 2, 39, 70, 47, 126, 46, 51, 52]",False,complete,418,418,2556,347,613,0,613,613,,False,,,,,,,2,86,13,86,14,14,13,14
3,20492,41,80,69,"[1, 6, 7, 9, 10, 11, 12, 13, 14, 16, 17, 18, 25, 26, 28, 30, 31, 32, 36, 40, 42, 48, 51, 52, 54, 58, 61, 63, 64, 67, 71, 74, 76, 78, 85, 89, 93, 94, 96, 97, 98, 99, 100, 101, 102, 105, 106, 108, 109, 110, 111, 112, 114, 115, 116, 118, 120, 121, 122, 127, 128, 129, 130, 131, 132, 133, 134, 135, 136, 137, 138, 139, 140, 143, 144, 145, 146, 147, 148, 149]","[0, 2, 3, 4, 5, 8, 15, 19, 20, 21, 22, 23, 24, 27, 29, 33, 34, 35, 37, 38, 39, 41, 43, 44, 45, 46, 47, 49, 50, 53, 55, 56, 57, 59, 60, 62, 65, 66, 68, 69, 70, 72, 73, 75, 77, 79, 80, 81, 82, 83, 84, 86, 87, 88, 90, 91, 92, 95, 103, 104, 107, 117, 119, 123, 124, 125, 126, 141, 142]","{""support_1"": 2, ""support_2"": 47}","[2, 47]",2,"[17, 122, 18, 32, 137, 138, 140, 139, 13, 14, 116, 118, 136, 102, 10, 112, 36, 135, 26, 28, 105, 99, 148, 145, 144, 115, 16, 149, 146, 147, 12, 71, 58, 134, 109, 78, 61, 67, 48, 85, 93, 133, 40, 42, 143, 25, 7, 132, 131, 130, 129, 76, 54, 74, 110, 108, 9, 97, 128, 63, 106, 101, 120, 114, 121, 6, 1, 94, 127, 89, 64, 111, 30, 31, 11, 100, 96, 98, 52, 51, 46, 126, 2, 70, 39, 47, 23, 5, 4, 22, 21, 20, 37, 34, 35, 87, 103, 86, 125, 104, 91, 88, 83, 82, 124, 123, 142, 141, 84, 24, 44, 68, 60, 66, 73, 69, 79, 72, 50, 80, 38, 56, 49, 57, 62, 90, 117, 53, 92, 77, 75, 55, 119, 41, 27, 8, 29, 15, 43, 59, 95, 3, 0, 65, 107, 45, 33, 81, 19]",True,6922639806,6.922639806,"[46, 126, 47, 70, 39, 2, 23, 5, 4, 22, 21, 20, 37, 34, 35, 69, 91, 73, 79, 72, 80, 87, 88, 104, 103, 125, 66, 68, 60, 83, 50, 86, 82, 44, 24, 124, 123, 141, 142, 84, 49, 56, 38, 57, 62, 119, 75, 77, 55, 92, 117, 53, 90, 15, 29, 8, 41, 27, 43, 107, 45, 0, 19, 33, 81, 59, 3, 95, 65]","[65, 95, 3, 59, 81, 33, 19, 0, 45, 107, 43, 27, 41, 8, 29, 15, 90, 53, 117, 92, 55, 77, 75, 119, 62, 57, 38, 56, 49, 84, 142, 141, 123, 124, 24, 44, 82, 86, 50, 83, 60, 68, 66, 125, 103, 104, 88, 87, 80, 72, 79, 73, 91, 69, 35, 34, 37, 20, 21, 22, 4, 5, 23, 2, 39, 70, 47, 126, 46]",False,complete,403,403,2415,334,594,0,594,594,,False,,,,,,,2,81,12,81,14,14,12,14
3,20493,42,82,67,"[1, 6, 7, 9, 10, 11, 12, 13, 14, 16, 17, 18, 25, 26, 28, 30, 31, 32, 36, 40, 42, 46, 48, 51, 52, 54, 58, 61, 63, 64, 67, 71, 74, 76, 78, 85, 89, 93, 94, 96, 97, 98, 99, 100, 101, 102, 105, 106, 108, 109, 110, 111, 112, 114, 115, 116, 118, 120, 121, 122, 126, 127, 128, 129, 130, 131, 132, 133, 134, 135, 136, 137, 138, 139, 140, 143, 144, 145, 146, 147, 148, 149]","[0, 2, 3, 4, 5, 8, 15, 19, 20, 21, 22, 23, 24, 27, 29, 33, 34, 35, 37, 38, 39, 41, 43, 44, 45, 47, 49, 50, 53, 55, 56, 57, 59, 60, 62, 65, 66, 68, 69, 70, 72, 73, 75, 77, 79, 80, 81, 82, 83, 84, 86, 87, 88, 90, 91, 92, 95, 103, 104, 107, 117, 119, 123, 124, 125, 141, 142]","{""support_1"": 2, ""support_2"": 47}","[2, 47]",2,"[17, 122, 18, 32, 137, 138, 140, 139, 13, 14, 116, 118, 136, 102, 10, 112, 36, 135, 26, 28, 105, 99, 148, 145, 144, 115, 16, 149, 146, 147, 12, 71, 58, 134, 109, 78, 61, 67, 48, 85, 93, 133, 40, 42, 143, 25, 7, 132, 131, 130, 129, 76, 54, 74, 110, 108, 9, 97, 128, 63, 106, 101, 120, 114, 121, 6, 1, 94, 127, 89, 64, 111, 30, 31, 11, 100, 96, 98, 52, 51, 46, 126, 2, 70, 39, 47, 23, 5, 4, 22, 21, 20, 37, 34, 35, 87, 103, 86, 125, 104, 91, 88, 83, 82, 124, 123, 142, 141, 84, 24, 44, 68, 60, 66, 73, 69, 79, 72, 50, 80, 38, 56, 49, 57, 62, 90, 117, 53, 92, 77, 75, 55, 119, 41, 27, 8, 29, 15, 43, 59, 95, 3, 0, 65, 107, 45, 33, 81, 19]",True,9108275731,9.108275731,"[47, 39, 68, 50, 2, 70, 60, 83, 125, 104, 124, 123, 141, 142, 62, 49, 56, 57, 38, 44, 24, 86, 69, 79, 80, 66, 72, 73, 87, 91, 88, 82, 103, 23, 5, 4, 22, 21, 20, 37, 34, 35, 84, 117, 90, 119, 55, 92, 75, 53, 77, 8, 29, 15, 41, 27, 43, 33, 81, 107, 19, 65, 0, 45, 3, 59, 95]","[95, 59, 3, 45, 0, 65, 19, 107, 81, 33, 43, 27, 41, 15, 29, 8, 77, 53, 75, 92, 55, 119, 90, 117, 84, 35, 34, 37, 20, 21, 22, 4, 5, 23, 103, 82, 88, 91, 87, 73, 72, 66, 80, 79, 69, 86, 24, 44, 38, 57, 56, 49, 62, 142, 141, 123, 124, 104, 125, 83, 60, 70, 2, 50, 68, 39, 47]",False,complete,566,566,2278,499,778,0,778,778,,False,,,,,,,2,80,15,80,16,16,15,17
3,20494,43,84,65,"[1, 2, 6, 7, 9, 10, 11, 12, 13, 14, 16, 17, 18, 25, 26, 28, 30, 31, 32, 36, 40, 42, 46, 48, 51, 52, 54, 58, 61, 63, 64, 67, 70, 71, 74, 76, 78, 85, 89, 93, 94, 96, 97, 98, 99, 100, 101, 102, 105, 106, 108, 109, 110, 111, 112, 114, 115, 116, 118, 120, 121, 122, 126, 127, 128, 129, 130, 131, 132, 133, 134, 135, 136, 137, 138, 139, 140, 143, 144, 145, 146, 147, 148, 149]","[0, 3, 4, 5, 8, 15, 19, 20, 21, 22, 23, 24, 27, 29, 33, 34, 35, 37, 38, 39, 41, 43, 44, 45, 47, 49, 50, 53, 55, 56, 57, 59, 60, 62, 65, 66, 68, 69, 72, 73, 75, 77, 79, 80, 81, 82, 83, 84, 86, 87, 88, 90, 91, 92, 95, 103, 104, 107, 117, 119, 123, 124, 125, 141, 142]","{""support_1"": 86, ""support_2"": 47}","[47, 86]",2,"[17, 122, 18, 32, 137, 138, 140, 139, 13, 14, 116, 118, 136, 102, 10, 112, 36, 135, 26, 28, 105, 99, 148, 145, 144, 115, 16, 149, 146, 147, 12, 71, 58, 134, 109, 78, 61, 67, 48, 85, 93, 133, 40, 42, 143, 25, 7, 132, 131, 130, 129, 76, 54, 74, 110, 108, 9, 97, 128, 63, 106, 101, 120, 114, 121, 6, 1, 94, 127, 89, 64, 111, 30, 31, 11, 100, 96, 98, 52, 51, 46, 126, 2, 70, 39, 47, 23, 5, 4, 22, 21, 20, 37, 34, 35, 87, 103, 86, 125, 104, 91, 88, 83, 82, 124, 123, 142, 141, 84, 24, 44, 68, 60, 66, 73, 69, 79, 72, 50, 80, 38, 56, 49, 57, 62, 90, 117, 53, 92, 77, 75, 55, 119, 41, 27, 8, 29, 15, 43, 59, 95, 3, 0, 65, 107, 45, 33, 81, 19]",True,7234911168,7.234911168,"[39, 47, 23, 5, 4, 22, 21, 20, 37, 34, 35, 87, 104, 86, 125, 103, 91, 88, 83, 82, 124, 123, 142, 141, 84, 24, 44, 68, 66, 73, 60, 69, 79, 72, 50, 80, 49, 56, 38, 57, 62, 55, 77, 92, 53, 117, 119, 90, 75, 43, 15, 41, 27, 8, 29, 45, 3, 19, 95, 59, 33, 65, 107, 81, 0]","[0, 81, 107, 65, 33, 59, 95, 19, 3, 45, 29, 8, 27, 41, 15, 43, 75, 90, 119, 117, 53, 92, 77, 55, 62, 57, 38, 56, 49, 80, 50, 72, 79, 69, 60, 73, 66, 68, 44, 24, 84, 141, 142, 123, 124, 82, 83, 88, 91, 103, 125, 86, 104, 87, 35, 34, 37, 20, 21, 22, 4, 5, 23, 47, 39]",False,complete,425,425,2145,360,673,0,673,673,,False,,,,,,,2,76,14,76,16,16,14,16
3,20495,44,86,63,"[1, 2, 6, 7, 9, 10, 11, 12, 13, 14, 16, 17, 18, 25, 26, 28, 30, 31, 32, 36, 39, 40, 42, 46, 47, 48, 51, 52, 54, 58, 61, 63, 64, 67, 70, 71, 74, 76, 78, 85, 89, 93, 94, 96, 97, 98, 99, 100, 101, 102, 105, 106, 108, 109, 110, 111, 112, 114, 115, 116, 118, 120, 121, 122, 126, 127, 128, 129, 130, 131, 132, 133, 134, 135, 136, 137, 138, 139, 140, 143, 144, 145, 146, 147, 148, 149]","[0, 3, 4, 5, 8, 15, 19, 20, 21, 22, 23, 24, 27, 29, 33, 34, 35, 37, 38, 41, 43, 44, 45, 49, 50, 53, 55, 56, 57, 59, 60, 62, 65, 66, 68, 69, 72, 73, 75, 77, 79, 80, 81, 82, 83, 84, 86, 87, 88, 90, 91, 92, 95, 103, 104, 107, 117, 119, 123, 124, 125, 141, 142]","{""support_1"": 86}",[86],1,"[17, 122, 18, 32, 137, 138, 140, 139, 13, 14, 116, 118, 136, 102, 10, 112, 36, 135, 26, 28, 105, 99, 148, 145, 144, 115, 16, 149, 146, 147, 12, 71, 58, 134, 109, 78, 61, 67, 48, 85, 93, 133, 40, 42, 143, 25, 7, 132, 131, 130, 129, 76, 54, 74, 110, 108, 9, 97, 128, 63, 106, 101, 120, 114, 121, 6, 1, 94, 127, 89, 64, 111, 30, 31, 11, 100, 96, 98, 52, 51, 46, 126, 2, 70, 39, 47, 23, 5, 4, 22, 21, 20, 37, 34, 35, 87, 103, 86, 125, 104, 91, 88, 83, 82, 124, 123, 142, 141, 84, 24, 44, 68, 60, 66, 73, 69, 79, 72, 50, 80, 38, 56, 49, 57, 62, 90, 117, 53, 92, 77, 75, 55, 119, 41, 27, 8, 29, 15, 43, 59, 95, 3, 0, 65, 107, 45, 33, 81, 19]",True,6734411824,6.734411824,"[23, 5, 4, 22, 21, 20, 37, 34, 35, 87, 103, 86, 125, 104, 91, 88, 83, 82, 124, 123, 142, 141, 84, 24, 44, 68, 60, 66, 73, 69, 79, 72, 50, 80, 38, 56, 49, 57, 62, 117, 77, 119, 75, 55, 53, 92, 90, 15, 27, 43, 29, 41, 8, 45, 81, 0, 59, 65, 19, 107, 33, 3, 95]","[95, 3, 33, 107, 19, 65, 59, 0, 81, 45, 8, 41, 29, 43, 27, 15, 90, 92, 53, 55, 75, 119, 77, 117, 62, 57, 49, 56, 38, 80, 50, 72, 79, 69, 73, 66, 60, 68, 44, 24, 84, 141, 142, 123, 124, 82, 83, 88, 91, 104, 125, 86, 103, 87, 35, 34, 37, 20, 21, 22, 4, 5, 23]",False,complete,394,394,2016,331,650,0,650,650,,False,,,,,,,2,73,14,73,15,15,14,15
3,20496,45,88,61,"[1, 2, 5, 6, 7, 9, 10, 11, 12, 13, 14, 16, 17, 18, 23, 25, 26, 28, 30, 31, 32, 36, 39, 40, 42, 46, 47, 48, 51, 52, 54, 58, 61, 63, 64, 67, 70, 71, 74, 76, 78, 85, 89, 93, 94, 96, 97, 98, 99, 100, 101, 102, 105, 106, 108, 109, 110, 111, 112, 114, 115, 116, 118, 120, 121, 122, 126, 127, 128, 129, 130, 131, 132, 133, 134, 135, 136, 137, 138, 139, 140, 143, 144, 145, 146, 147, 148, 149]","[0, 3, 4, 8, 15, 19, 20, 21, 22, 24, 27, 29, 33, 34, 35, 37, 38, 41, 43, 44, 45, 49, 50, 53, 55, 56, 57, 59, 60, 62, 65, 66, 68, 69, 72, 73, 75, 77, 79, 80, 81, 82, 83, 84, 86, 87, 88, 90, 91, 92, 95, 103, 104, 107, 117, 119, 123, 124, 125, 141, 142]","{""support_1"": 86, ""support_2"": 22}","[22, 86]",2,"[17, 122, 18, 32, 137, 138, 140, 139, 13, 14, 116, 118, 136, 102, 10, 112, 36, 135, 26, 28, 105, 99, 148, 145, 144, 115, 16, 149, 146, 147, 12, 71, 58, 134, 109, 78, 61, 67, 48, 85, 93, 133, 40, 42, 143, 25, 7, 132, 131, 130, 129, 76, 54, 74, 110, 108, 9, 97, 128, 63, 106, 101, 120, 114, 121, 6, 1, 94, 127, 89, 64, 111, 30, 31, 11, 100, 96, 98, 52, 51, 46, 126, 2, 70, 39, 47, 23, 5, 4, 22, 21, 20, 37, 34, 35, 87, 103, 86, 125, 104, 91, 88, 83, 82, 124, 123, 142, 141, 84, 24, 44, 68, 60, 66, 73, 69, 79, 72, 50, 80, 38, 56, 49, 57, 62, 90, 117, 53, 92, 77, 75, 55, 119, 41, 27, 8, 29, 15, 43, 59, 95, 3, 0, 65, 107, 45, 33, 81, 19]",True,5665388906,5.665388906,"[4, 22, 21, 20, 37, 34, 35, 87, 103, 86, 125, 104, 91, 88, 83, 82, 124, 123, 141, 142, 84, 24, 44, 68, 60, 66, 73, 69, 79, 72, 50, 80, 38, 56, 49, 57, 62, 77, 55, 53, 90, 92, 117, 75, 119, 8, 27, 43, 15, 29, 41, 0, 65, 81, 95, 59, 3, 19, 45, 107, 33]","[33, 107, 45, 19, 3, 59, 95, 81, 65, 0, 41, 29, 15, 43, 27, 8, 119, 75, 117, 92, 90, 53, 55, 77, 62, 57, 49, 56, 38, 80, 50, 72, 79, 69, 73, 66, 60, 68, 44, 24, 84, 142, 141, 123, 124, 82, 83, 88, 91, 104, 125, 86, 103, 87, 35, 34, 37, 20, 21, 22, 4]",False,complete,362,362,1891,301,581,0,581,581,,False,,,,,,,2,69,12,69,14,14,12,14
3,20497,46,90,59,"[1, 2, 4, 5, 6, 7, 9, 10, 11, 12, 13, 14, 16, 17, 18, 22, 23, 25, 26, 28, 30, 31, 32, 36, 39, 40, 42, 46, 47, 48, 51, 52, 54, 58, 61, 63, 64, 67, 70, 71, 74, 76, 78, 85, 89, 93, 94, 96, 97, 98, 99, 100, 101, 102, 105, 106, 108, 109, 110, 111, 112, 114, 115, 116, 118, 120, 121, 122, 126, 127, 128, 129, 130, 131, 132, 133, 134, 135, 136, 137, 138, 139, 140, 143, 144, 145, 146, 147, 148, 149]","[0, 3, 8, 15, 19, 20, 21, 24, 27, 29, 33, 34, 35, 37, 38, 41, 43, 44, 45, 49, 50, 53, 55, 56, 57, 59, 60, 62, 65, 66, 68, 69, 72, 73, 75, 77, 79, 80, 81, 82, 83, 84, 86, 87, 88, 90, 91, 92, 95, 103, 104, 107, 117, 119, 123, 124, 125, 141, 142]","{""support_1"": 86, ""support_2"": 21}","[21, 86]",2,"[17, 122, 18, 32, 137, 138, 140, 139, 13, 14, 116, 118, 136, 102, 10, 112, 36, 135, 26, 28, 105, 99, 148, 145, 144, 115, 16, 149, 146, 147, 12, 71, 58, 134, 109, 78, 61, 67, 48, 85, 93, 133, 40, 42, 143, 25, 7, 132, 131, 130, 129, 76, 54, 74, 110, 108, 9, 97, 128, 63, 106, 101, 120, 114, 121, 6, 1, 94, 127, 89, 64, 111, 30, 31, 11, 100, 96, 98, 52, 51, 46, 126, 2, 70, 39, 47, 23, 5, 4, 22, 21, 20, 37, 34, 35, 87, 103, 86, 125, 104, 91, 88, 83, 82, 124, 123, 142, 141, 84, 24, 44, 68, 60, 66, 73, 69, 79, 72, 50, 80, 38, 56, 49, 57, 62, 90, 117, 53, 92, 77, 75, 55, 119, 41, 27, 8, 29, 15, 43, 59, 95, 3, 0, 65, 107, 45, 33, 81, 19]",True,5377219897,5.377219897,"[21, 20, 37, 34, 35, 87, 104, 86, 125, 103, 91, 88, 83, 82, 124, 123, 141, 142, 84, 24, 44, 68, 66, 73, 69, 60, 79, 72, 50, 80, 38, 56, 49, 57, 62, 53, 117, 77, 92, 90, 75, 119, 55, 15, 29, 43, 41, 8, 27, 3, 45, 19, 59, 107, 65, 81, 33, 95, 0]","[0, 95, 33, 81, 65, 107, 59, 19, 45, 3, 27, 8, 41, 43, 29, 15, 55, 119, 75, 90, 92, 77, 117, 53, 62, 57, 49, 56, 38, 80, 50, 72, 79, 60, 69, 73, 66, 68, 44, 24, 84, 142, 141, 123, 124, 82, 83, 88, 91, 103, 125, 86, 104, 87, 35, 34, 37, 20, 21]",False,complete,355,355,1770,296,551,0,551,551,,False,,,,,,,2,65,11,65,12,12,11,13
3,20498,47,92,57,"[1, 2, 4, 5, 6, 7, 9, 10, 11, 12, 13, 14, 16, 17, 18, 20, 21, 22, 23, 25, 26, 28, 30, 31, 32, 36, 39, 40, 42, 46, 47, 48, 51, 52, 54, 58, 61, 63, 64, 67, 70, 71, 74, 76, 78, 85, 89, 93, 94, 96, 97, 98, 99, 100, 101, 102, 105, 106, 108, 109, 110, 111, 112, 114, 115, 116, 118, 120, 121, 122, 126, 127, 128, 129, 130, 131, 132, 133, 134, 135, 136, 137, 138, 139, 140, 143, 144, 145, 146, 147, 148, 149]","[0, 3, 8, 15, 19, 24, 27, 29, 33, 34, 35, 37, 38, 41, 43, 44, 45, 49, 50, 53, 55, 56, 57, 59, 60, 62, 65, 66, 68, 69, 72, 73, 75, 77, 79, 80, 81, 82, 83, 84, 86, 87, 88, 90, 91, 92, 95, 103, 104, 107, 117, 119, 123, 124, 125, 141, 142]","{""support_1"": 86, ""support_2"": 37}","[37, 86]",2,"[17, 122, 18, 32, 137, 138, 140, 139, 13, 14, 116, 118, 136, 102, 10, 112, 36, 135, 26, 28, 105, 99, 148, 145, 144, 115, 16, 149, 146, 147, 12, 71, 58, 134, 109, 78, 61, 67, 48, 85, 93, 133, 40, 42, 143, 25, 7, 132, 131, 130, 129, 76, 54, 74, 110, 108, 9, 97, 128, 63, 106, 101, 120, 114, 121, 6, 1, 94, 127, 89, 64, 111, 30, 31, 11, 100, 96, 98, 52, 51, 46, 126, 2, 70, 39, 47, 23, 5, 4, 22, 21, 20, 37, 34, 35, 87, 103, 86, 125, 104, 91, 88, 83, 82, 124, 123, 142, 141, 84, 24, 44, 68, 60, 66, 73, 69, 79, 72, 50, 80, 38, 56, 49, 57, 62, 90, 117, 53, 92, 77, 75, 55, 119, 41, 27, 8, 29, 15, 43, 59, 95, 3, 0, 65, 107, 45, 33, 81, 19]",True,2727877913,2.727877913,"[37, 34, 35, 69, 91, 73, 79, 72, 80, 66, 68, 60, 83, 50, 86, 44, 24, 125, 103, 124, 123, 142, 141, 84, 82, 87, 88, 104, 38, 56, 49, 57, 62, 77, 55, 90, 117, 53, 119, 92, 75, 43, 27, 41, 15, 29, 8, 95, 45, 65, 59, 0, 107, 3, 33, 19, 81]","[81, 19, 33, 3, 107, 0, 59, 65, 45, 95, 8, 29, 15, 41, 27, 43, 75, 92, 119, 53, 117, 90, 55, 77, 62, 57, 49, 56, 38, 104, 88, 87, 82, 84, 141, 142, 123, 124, 103, 125, 24, 44, 86, 50, 83, 60, 68, 66, 80, 72, 79, 73, 91, 69, 35, 34, 37]",False,complete,249,249,1653,192,310,0,310,310,,False,,,,,,,2,60,8,60,9,9,8,10
3,20499,48,94,55,"[1, 2, 4, 5, 6, 7, 9, 10, 11, 12, 13, 14, 16, 17, 18, 20, 21, 22, 23, 25, 26, 28, 30, 31, 32, 34, 36, 37, 39, 40, 42, 46, 47, 48, 51, 52, 54, 58, 61, 63, 64, 67, 70, 71, 74, 76, 78, 85, 89, 93, 94, 96, 97, 98, 99, 100, 101, 102, 105, 106, 108, 109, 110, 111, 112, 114, 115, 116, 118, 120, 121, 122, 126, 127, 128, 129, 130, 131, 132, 133, 134, 135, 136, 137, 138, 139, 140, 143, 144, 145, 146, 147, 148, 149]","[0, 3, 8, 15, 19, 24, 27, 29, 33, 35, 38, 41, 43, 44, 45, 49, 50, 53, 55, 56, 57, 59, 60, 62, 65, 66, 68, 69, 72, 73, 75, 77, 79, 80, 81, 82, 83, 84, 86, 87, 88, 90, 91, 92, 95, 103, 104, 107, 117, 119, 123, 124, 125, 141, 142]","{""support_1"": 86, ""support_2"": 35}","[35, 86]",2,"[17, 122, 18, 32, 137, 138, 140, 139, 13, 14, 116, 118, 136, 102, 10, 112, 36, 135, 26, 28, 105, 99, 148, 145, 144, 115, 16, 149, 146, 147, 12, 71, 58, 134, 109, 78, 61, 67, 48, 85, 93, 133, 40, 42, 143, 25, 7, 132, 131, 130, 129, 76, 54, 74, 110, 108, 9, 97, 128, 63, 106, 101, 120, 114, 121, 6, 1, 94, 127, 89, 64, 111, 30, 31, 11, 100, 96, 98, 52, 51, 46, 126, 2, 70, 39, 47, 23, 5, 4, 22, 21, 20, 37, 34, 35, 87, 103, 86, 125, 104, 91, 88, 83, 82, 124, 123, 142, 141, 84, 24, 44, 68, 60, 66, 73, 69, 79, 72, 50, 80, 38, 56, 49, 57, 62, 90, 117, 53, 92, 77, 75, 55, 119, 41, 27, 8, 29, 15, 43, 59, 95, 3, 0, 65, 107, 45, 33, 81, 19]",True,2392328280,2.392328280,"[35, 69, 91, 73, 79, 72, 80, 66, 68, 60, 83, 50, 86, 44, 24, 125, 104, 124, 123, 142, 141, 62, 49, 56, 38, 57, 87, 88, 82, 103, 84, 75, 92, 119, 55, 117, 53, 77, 90, 41, 15, 27, 43, 8, 29, 81, 65, 45, 0, 95, 59, 33, 19, 3, 107]","[107, 3, 19, 33, 59, 95, 0, 45, 65, 81, 29, 8, 43, 27, 15, 41, 90, 77, 53, 117, 55, 119, 92, 75, 84, 103, 82, 88, 87, 57, 38, 56, 49, 62, 141, 142, 123, 124, 104, 125, 24, 44, 86, 50, 83, 60, 68, 66, 80, 72, 79, 73, 91, 69, 35]",False,complete,221,221,1540,166,285,0,285,285,,False,,,,,,,2,56,6,56,7,7,6,8
3,20500,49,96,53,"[1, 2, 4, 5, 6, 7, 9, 10, 11, 12, 13, 14, 16, 17, 18, 20, 21, 22, 23, 25, 26, 28, 30, 31, 32, 34, 35, 36, 37, 39, 40, 42, 46, 47, 48, 51, 52, 54, 58, 61, 63, 64, 67, 70, 71, 74, 76, 78, 85, 87, 89, 93, 94, 96, 97, 98, 99, 100, 101, 102, 105, 106, 108, 109, 110, 111, 112, 114, 115, 116, 118, 120, 121, 122, 126, 127, 128, 129, 130, 131, 132, 133, 134, 135, 136, 137, 138, 139, 140, 143, 144, 145, 146, 147, 148, 149]","[0, 3, 8, 15, 19, 24, 27, 29, 33, 38, 41, 43, 44, 45, 49, 50, 53, 55, 56, 57, 59, 60, 62, 65, 66, 68, 69, 72, 73, 75, 77, 79, 80, 81, 82, 83, 84, 86, 88, 90, 91, 92, 95, 103, 104, 107, 117, 119, 123, 124, 125, 141, 142]","{""support_1"": 86, ""support_2"": 125}","[86, 125]",2,"[17, 122, 18, 32, 137, 138, 140, 139, 13, 14, 116, 118, 136, 102, 10, 112, 36, 135, 26, 28, 105, 99, 148, 145, 144, 115, 16, 149, 146, 147, 12, 71, 58, 134, 109, 78, 61, 67, 48, 85, 93, 133, 40, 42, 143, 25, 7, 132, 131, 130, 129, 76, 54, 74, 110, 108, 9, 97, 128, 63, 106, 101, 120, 114, 121, 6, 1, 94, 127, 89, 64, 111, 30, 31, 11, 100, 96, 98, 52, 51, 46, 126, 2, 70, 39, 47, 23, 5, 4, 22, 21, 20, 37, 34, 35, 87, 103, 86, 125, 104, 91, 88, 83, 82, 124, 123, 142, 141, 84, 24, 44, 68, 60, 66, 73, 69, 79, 72, 50, 80, 38, 56, 49, 57, 62, 90, 117, 53, 92, 77, 75, 55, 119, 41, 27, 8, 29, 15, 43, 59, 95, 3, 0, 65, 107, 45, 33, 81, 19]",True,3921587515,3.921587515,"[103, 86, 125, 104, 91, 88, 83, 82, 124, 123, 142, 141, 84, 24, 44, 68, 66, 73, 60, 69, 79, 72, 50, 80, 49, 56, 38, 57, 62, 77, 92, 55, 119, 117, 75, 90, 53, 43, 29, 41, 27, 8, 15, 33, 19, 0, 45, 3, 59, 95, 107, 81, 65]","[65, 81, 107, 95, 59, 3, 45, 0, 19, 33, 15, 8, 27, 41, 29, 43, 53, 90, 75, 117, 119, 55, 92, 77, 62, 57, 38, 56, 49, 80, 50, 72, 79, 69, 60, 73, 66, 68, 44, 24, 84, 141, 142, 123, 124, 82, 83, 88, 91, 104, 125, 86, 103]",False,complete,282,282,1431,229,454,0,454,454,,False,,,,,,,2,54,8,54,10,10,8,10
3,20501,50,98,51,"[1, 2, 4, 5, 6, 7, 9, 10, 11, 12, 13, 14, 16, 17, 18, 20, 21, 22, 23, 25, 26, 28, 30, 31, 32, 34, 35, 36, 37, 39, 40, 42, 46, 47, 48, 51, 52, 54, 58, 61, 63, 64, 67, 70, 71, 74, 76, 78, 85, 86, 87, 89, 93, 94, 96, 97, 98, 99, 100, 101, 102, 103, 105, 106, 108, 109, 110, 111, 112, 114, 115, 116, 118, 120, 121, 122, 126, 127, 128, 129, 130, 131, 132, 133, 134, 135, 136, 137, 138, 139, 140, 143, 144, 145, 146, 147, 148, 149]","[0, 3, 8, 15, 19, 24, 27, 29, 33, 38, 41, 43, 44, 45, 49, 50, 53, 55, 56, 57, 59, 60, 62, 65, 66, 68, 69, 72, 73, 75, 77, 79, 80, 81, 82, 83, 84, 88, 90, 91, 92, 95, 104, 107, 117, 119, 123, 124, 125, 141, 142]","{""support_1"": 73, ""support_2"": 125}","[73, 125]",2,"[17, 122, 18, 32, 137, 138, 140, 139, 13, 14, 116, 118, 136, 102, 10, 112, 36, 135, 26, 28, 105, 99, 148, 145, 144, 115, 16, 149, 146, 147, 12, 71, 58, 134, 109, 78, 61, 67, 48, 85, 93, 133, 40, 42, 143, 25, 7, 132, 131, 130, 129, 76, 54, 74, 110, 108, 9, 97, 128, 63, 106, 101, 120, 114, 121, 6, 1, 94, 127, 89, 64, 111, 30, 31, 11, 100, 96, 98, 52, 51, 46, 126, 2, 70, 39, 47, 23, 5, 4, 22, 21, 20, 37, 34, 35, 87, 103, 86, 125, 104, 91, 88, 83, 82, 124, 123, 142, 141, 84, 24, 44, 68, 60, 66, 73, 69, 79, 72, 50, 80, 38, 56, 49, 57, 62, 90, 117, 53, 92, 77, 75, 55, 119, 41, 27, 8, 29, 15, 43, 59, 95, 3, 0, 65, 107, 45, 33, 81, 19]",True,3263457773,3.263457773,"[125, 104, 91, 88, 83, 82, 124, 123, 142, 141, 84, 24, 44, 68, 66, 73, 69, 60, 79, 72, 50, 80, 38, 56, 49, 57, 62, 75, 55, 117, 92, 53, 119, 90, 77, 29, 8, 43, 15, 41, 27, 95, 65, 0, 3, 81, 45, 33, 19, 59, 107]","[107, 59, 19, 33, 45, 81, 3, 0, 65, 95, 27, 41, 15, 43, 8, 29, 77, 90, 119, 53, 92, 117, 55, 75, 62, 57, 49, 56, 38, 80, 50, 72, 79, 60, 69, 73, 66, 68, 44, 24, 84, 141, 142, 123, 124, 82, 83, 88, 91, 104, 125]",False,complete,245,245,1326,194,397,0,397,397,,False,,,,,,,2,50,7,50,8,8,7,9
3,20502,51,100,49,"[1, 2, 4, 5, 6, 7, 9, 10, 11, 12, 13, 14, 16, 17, 18, 20, 21, 22, 23, 25, 26, 28, 30, 31, 32, 34, 35, 36, 37, 39, 40, 42, 46, 47, 48, 51, 52, 54, 58, 61, 63, 64, 67, 70, 71, 74, 76, 78, 85, 86, 87, 89, 93, 94, 96, 97, 98, 99, 100, 101, 102, 103, 104, 105, 106, 108, 109, 110, 111, 112, 114, 115, 116, 118, 120, 121, 122, 125, 126, 127, 128, 129, 130, 131, 132, 133, 134, 135, 136, 137, 138, 139, 140, 143, 144, 145, 146, 147, 148, 149]","[0, 3, 8, 15, 19, 24, 27, 29, 33, 38, 41, 43, 44, 45, 49, 50, 53, 55, 56, 57, 59, 60, 62, 65, 66, 68, 69, 72, 73, 75, 77, 79, 80, 81, 82, 83, 84, 88, 90, 91, 92, 95, 107, 117, 119, 123, 124, 141, 142]","{""support_1"": 73, ""support_2"": 88}","[73, 88]",2,"[17, 122, 18, 32, 137, 138, 140, 139, 13, 14, 116, 118, 136, 102, 10, 112, 36, 135, 26, 28, 105, 99, 148, 145, 144, 115, 16, 149, 146, 147, 12, 71, 58, 134, 109, 78, 61, 67, 48, 85, 93, 133, 40, 42, 143, 25, 7, 132, 131, 130, 129, 76, 54, 74, 110, 108, 9, 97, 128, 63, 106, 101, 120, 114, 121, 6, 1, 94, 127, 89, 64, 111, 30, 31, 11, 100, 96, 98, 52, 51, 46, 126, 2, 70, 39, 47, 23, 5, 4, 22, 21, 20, 37, 34, 35, 87, 103, 86, 125, 104, 91, 88, 83, 82, 124, 123, 142, 141, 84, 24, 44, 68, 60, 66, 73, 69, 79, 72, 50, 80, 38, 56, 49, 57, 62, 90, 117, 53, 92, 77, 75, 55, 119, 41, 27, 8, 29, 15, 43, 59, 95, 3, 0, 65, 107, 45, 33, 81, 19]",True,2288234753,2.288234753,"[91, 88, 83, 82, 124, 123, 142, 141, 84, 24, 44, 68, 60, 66, 73, 69, 79, 72, 50, 80, 38, 56, 49, 57, 62, 75, 53, 117, 55, 92, 90, 119, 77, 29, 8, 15, 27, 43, 41, 65, 95, 59, 3, 19, 45, 107, 81, 33, 0]","[0, 33, 81, 107, 45, 19, 3, 59, 95, 65, 41, 43, 27, 15, 8, 29, 77, 119, 90, 92, 55, 117, 53, 75, 62, 57, 49, 56, 38, 80, 50, 72, 79, 69, 73, 66, 60, 68, 44, 24, 84, 141, 142, 123, 124, 82, 83, 88, 91]",False,complete,196,196,1225,147,304,0,304,304,,False,,,,,,,2,46,5,46,7,7,5,7
3,20503,52,102,47,"[1, 2, 4, 5, 6, 7, 9, 10, 11, 12, 13, 14, 16, 17, 18, 20, 21, 22, 23, 25, 26, 28, 30, 31, 32, 34, 35, 36, 37, 39, 40, 42, 46, 47, 48, 51, 52, 54, 58, 61, 63, 64, 67, 70, 71, 74, 76, 78, 85, 86, 87, 88, 89, 91, 93, 94, 96, 97, 98, 99, 100, 101, 102, 103, 104, 105, 106, 108, 109, 110, 111, 112, 114, 115, 116, 118, 120, 121, 122, 125, 126, 127, 128, 129, 130, 131, 132, 133, 134, 135, 136, 137, 138, 139, 140, 143, 144, 145, 146, 147, 148, 149]","[0, 3, 8, 15, 19, 24, 27, 29, 33, 38, 41, 43, 44, 45, 49, 50, 53, 55, 56, 57, 59, 60, 62, 65, 66, 68, 69, 72, 73, 75, 77, 79, 80, 81, 82, 83, 84, 90, 92, 95, 107, 117, 119, 123, 124, 141, 142]","{""support_1"": 73, ""support_2"": 84}","[73, 84]",2,"[17, 122, 18, 32, 137, 138, 140, 139, 13, 14, 116, 118, 136, 102, 10, 112, 36, 135, 26, 28, 105, 99, 148, 145, 144, 115, 16, 149, 146, 147, 12, 71, 58, 134, 109, 78, 61, 67, 48, 85, 93, 133, 40, 42, 143, 25, 7, 132, 131, 130, 129, 76, 54, 74, 110, 108, 9, 97, 128, 63, 106, 101, 120, 114, 121, 6, 1, 94, 127, 89, 64, 111, 30, 31, 11, 100, 96, 98, 52, 51, 46, 126, 2, 70, 39, 47, 23, 5, 4, 22, 21, 20, 37, 34, 35, 87, 103, 86, 125, 104, 91, 88, 83, 82, 124, 123, 142, 141, 84, 24, 44, 68, 60, 66, 73, 69, 79, 72, 50, 80, 38, 56, 49, 57, 62, 90, 117, 53, 92, 77, 75, 55, 119, 41, 27, 8, 29, 15, 43, 59, 95, 3, 0, 65, 107, 45, 33, 81, 19]",True,1982014406,1.982014406,"[83, 82, 124, 123, 141, 142, 84, 24, 44, 68, 60, 66, 73, 69, 79, 72, 50, 80, 38, 56, 49, 57, 62, 53, 77, 92, 119, 55, 117, 90, 75, 27, 43, 8, 29, 15, 41, 33, 45, 59, 19, 95, 65, 0, 3, 81, 107]","[107, 81, 3, 0, 65, 95, 19, 59, 45, 33, 41, 15, 29, 8, 43, 27, 75, 90, 117, 55, 119, 92, 77, 53, 62, 57, 49, 56, 38, 80, 50, 72, 79, 69, 73, 66, 60, 68, 44, 24, 84, 142, 141, 123, 124, 82, 83]",False,complete,182,182,1128,135,271,0,271,271,,False,,,,,,,2,42,4,42,6,6,4,6
3,20504,53,104,45,"[1, 2, 4, 5, 6, 7, 9, 10, 11, 12, 13, 14, 16, 17, 18, 20, 21, 22, 23, 25, 26, 28, 30, 31, 32, 34, 35, 36, 37, 39, 40, 42, 46, 47, 48, 51, 52, 54, 58, 61, 63, 64, 67, 70, 71, 74, 76, 78, 82, 83, 85, 86, 87, 88, 89, 91, 93, 94, 96, 97, 98, 99, 100, 101, 102, 103, 104, 105, 106, 108, 109, 110, 111, 112, 114, 115, 116, 118, 120, 121, 122, 125, 126, 127, 128, 129, 130, 131, 132, 133, 134, 135, 136, 137, 138, 139, 140, 143, 144, 145, 146, 147, 148, 149]","[0, 3, 8, 15, 19, 24, 27, 29, 33, 38, 41, 43, 44, 45, 49, 50, 53, 55, 56, 57, 59, 60, 62, 65, 66, 68, 69, 72, 73, 75, 77, 79, 80, 81, 84, 90, 92, 95, 107, 117, 119, 123, 124, 141, 142]","{""support_1"": 73, ""support_2"": 84}","[73, 84]",2,"[17, 122, 18, 32, 137, 138, 140, 139, 13, 14, 116, 118, 136, 102, 10, 112, 36, 135, 26, 28, 105, 99, 148, 145, 144, 115, 16, 149, 146, 147, 12, 71, 58, 134, 109, 78, 61, 67, 48, 85, 93, 133, 40, 42, 143, 25, 7, 132, 131, 130, 129, 76, 54, 74, 110, 108, 9, 97, 128, 63, 106, 101, 120, 114, 121, 6, 1, 94, 127, 89, 64, 111, 30, 31, 11, 100, 96, 98, 52, 51, 46, 126, 2, 70, 39, 47, 23, 5, 4, 22, 21, 20, 37, 34, 35, 87, 103, 86, 125, 104, 91, 88, 83, 82, 124, 123, 142, 141, 84, 24, 44, 68, 60, 66, 73, 69, 79, 72, 50, 80, 38, 56, 49, 57, 62, 90, 117, 53, 92, 77, 75, 55, 119, 41, 27, 8, 29, 15, 43, 59, 95, 3, 0, 65, 107, 45, 33, 81, 19]",True,1538960699,1.538960699,"[124, 123, 141, 142, 84, 24, 44, 68, 66, 73, 69, 60, 79, 72, 50, 80, 38, 56, 49, 57, 62, 90, 119, 77, 117, 55, 92, 53, 75, 8, 15, 27, 29, 43, 41, 95, 59, 65, 19, 33, 107, 45, 0, 3, 81]","[81, 3, 0, 45, 107, 33, 19, 65, 59, 95, 41, 43, 29, 27, 15, 8, 75, 53, 92, 55, 117, 77, 119, 90, 62, 57, 49, 56, 38, 80, 50, 72, 79, 60, 69, 73, 66, 68, 44, 24, 84, 142, 141, 123, 124]",False,complete,155,155,1035,110,223,0,223,223,,False,,,,,,,2,38,4,38,6,6,4,6
3,20505,54,106,43,"[1, 2, 4, 5, 6, 7, 9, 10, 11, 12, 13, 14, 16, 17, 18, 20, 21, 22, 23, 25, 26, 28, 30, 31, 32, 34, 35, 36, 37, 39, 40, 42, 46, 47, 48, 51, 52, 54, 58, 61, 63, 64, 67, 70, 71, 74, 76, 78, 82, 83, 85, 86, 87, 88, 89, 91, 93, 94, 96, 97, 98, 99, 100, 101, 102, 103, 104, 105, 106, 108, 109, 110, 111, 112, 114, 115, 116, 118, 120, 121, 122, 123, 124, 125, 126, 127, 128, 129, 130, 131, 132, 133, 134, 135, 136, 137, 138, 139, 140, 143, 144, 145, 146, 147, 148, 149]","[0, 3, 8, 15, 19, 24, 27, 29, 33, 38, 41, 43, 44, 45, 49, 50, 53, 55, 56, 57, 59, 60, 62, 65, 66, 68, 69, 72, 73, 75, 77, 79, 80, 81, 84, 90, 92, 95, 107, 117, 119, 141, 142]","{""support_1"": 73, ""support_2"": 84}","[73, 84]",2,"[17, 122, 18, 32, 137, 138, 140, 139, 13, 14, 116, 118, 136, 102, 10, 112, 36, 135, 26, 28, 105, 99, 148, 145, 144, 115, 16, 149, 146, 147, 12, 71, 58, 134, 109, 78, 61, 67, 48, 85, 93, 133, 40, 42, 143, 25, 7, 132, 131, 130, 129, 76, 54, 74, 110, 108, 9, 97, 128, 63, 106, 101, 120, 114, 121, 6, 1, 94, 127, 89, 64, 111, 30, 31, 11, 100, 96, 98, 52, 51, 46, 126, 2, 70, 39, 47, 23, 5, 4, 22, 21, 20, 37, 34, 35, 87, 103, 86, 125, 104, 91, 88, 83, 82, 124, 123, 142, 141, 84, 24, 44, 68, 60, 66, 73, 69, 79, 72, 50, 80, 38, 56, 49, 57, 62, 90, 117, 53, 92, 77, 75, 55, 119, 41, 27, 8, 29, 15, 43, 59, 95, 3, 0, 65, 107, 45, 33, 81, 19]",True,1138417413,1.138417413,"[142, 141, 84, 24, 44, 68, 66, 73, 69, 60, 79, 72, 50, 80, 49, 56, 38, 57, 62, 75, 117, 77, 119, 53, 92, 90, 55, 15, 29, 8, 41, 43, 27, 45, 19, 95, 107, 59, 33, 3, 81, 0, 65]","[65, 0, 81, 3, 33, 59, 107, 95, 19, 45, 27, 43, 41, 8, 29, 15, 55, 90, 92, 53, 119, 77, 117, 75, 62, 57, 38, 56, 49, 80, 50, 72, 79, 60, 69, 73, 66, 68, 44, 24, 84, 141, 142]",False,complete,124,124,946,81,176,0,176,176,,False,,,,,,,2,34,4,34,6,6,4,6
3,20506,55,108,41,"[1, 2, 4, 5, 6, 7, 9, 10, 11, 12, 13, 14, 16, 17, 18, 20, 21, 22, 23, 25, 26, 28, 30, 31, 32, 34, 35, 36, 37, 39, 40, 42, 46, 47, 48, 51, 52, 54, 58, 61, 63, 64, 67, 70, 71, 74, 76, 78, 82, 83, 85, 86, 87, 88, 89, 91, 93, 94, 96, 97, 98, 99, 100, 101, 102, 103, 104, 105, 106, 108, 109, 110, 111, 112, 114, 115, 116, 118, 120, 121, 122, 123, 124, 125, 126, 127, 128, 129, 130, 131, 132, 133, 134, 135, 136, 137, 138, 139, 140, 141, 142, 143, 144, 145, 146, 147, 148, 149]","[0, 3, 8, 15, 19, 24, 27, 29, 33, 38, 41, 43, 44, 45, 49, 50, 53, 55, 56, 57, 59, 60, 62, 65, 66, 68, 69, 72, 73, 75, 77, 79, 80, 81, 84, 90, 92, 95, 107, 117, 119]","{""support_1"": 73, ""support_2"": 84}","[73, 84]",2,"[17, 122, 18, 32, 137, 138, 140, 139, 13, 14, 116, 118, 136, 102, 10, 112, 36, 135, 26, 28, 105, 99, 148, 145, 144, 115, 16, 149, 146, 147, 12, 71, 58, 134, 109, 78, 61, 67, 48, 85, 93, 133, 40, 42, 143, 25, 7, 132, 131, 130, 129, 76, 54, 74, 110, 108, 9, 97, 128, 63, 106, 101, 120, 114, 121, 6, 1, 94, 127, 89, 64, 111, 30, 31, 11, 100, 96, 98, 52, 51, 46, 126, 2, 70, 39, 47, 23, 5, 4, 22, 21, 20, 37, 34, 35, 87, 103, 86, 125, 104, 91, 88, 83, 82, 124, 123, 142, 141, 84, 24, 44, 68, 60, 66, 73, 69, 79, 72, 50, 80, 38, 56, 49, 57, 62, 90, 117, 53, 92, 77, 75, 55, 119, 41, 27, 8, 29, 15, 43, 59, 95, 3, 0, 65, 107, 45, 33, 81, 19]",True,790613395,0.790613395,"[84, 24, 44, 68, 60, 66, 73, 69, 79, 72, 50, 80, 49, 56, 38, 57, 62, 53, 75, 92, 77, 90, 55, 119, 117, 43, 15, 29, 27, 41, 8, 0, 65, 95, 45, 59, 19, 81, 3, 107, 33]","[33, 107, 3, 81, 19, 59, 45, 95, 65, 0, 8, 41, 27, 29, 15, 43, 117, 119, 55, 90, 77, 92, 75, 53, 62, 57, 38, 56, 49, 80, 50, 72, 79, 69, 73, 66, 60, 68, 44, 24, 84]",False,complete,97,97,861,56,138,0,138,138,,False,,,,,,,2,30,4,30,5,5,4,6
3,20507,56,110,39,"[1, 2, 4, 5, 6, 7, 9, 10, 11, 12, 13, 14, 16, 17, 18, 20, 21, 22, 23, 24, 25, 26, 28, 30, 31, 32, 34, 35, 36, 37, 39, 40, 42, 46, 47, 48, 51, 52, 54, 58, 61, 63, 64, 67, 70, 71, 74, 76, 78, 82, 83, 84, 85, 86, 87, 88, 89, 91, 93, 94, 96, 97, 98, 99, 100, 101, 102, 103, 104, 105, 106, 108, 109, 110, 111, 112, 114, 115, 116, 118, 120, 121, 122, 123, 124, 125, 126, 127, 128, 129, 130, 131, 132, 133, 134, 135, 136, 137, 138, 139, 140, 141, 142, 143, 144, 145, 146, 147, 148, 149]","[0, 3, 8, 15, 19, 27, 29, 33, 38, 41, 43, 44, 45, 49, 50, 53, 55, 56, 57, 59, 60, 62, 65, 66, 68, 69, 72, 73, 75, 77, 79, 80, 81, 90, 92, 95, 107, 117, 119]","{""support_1"": 73, ""support_2"": 44}","[44, 73]",2,"[17, 122, 18, 32, 137, 138, 140, 139, 13, 14, 116, 118, 136, 102, 10, 112, 36, 135, 26, 28, 105, 99, 148, 145, 144, 115, 16, 149, 146, 147, 12, 71, 58, 134, 109, 78, 61, 67, 48, 85, 93, 133, 40, 42, 143, 25, 7, 132, 131, 130, 129, 76, 54, 74, 110, 108, 9, 97, 128, 63, 106, 101, 120, 114, 121, 6, 1, 94, 127, 89, 64, 111, 30, 31, 11, 100, 96, 98, 52, 51, 46, 126, 2, 70, 39, 47, 23, 5, 4, 22, 21, 20, 37, 34, 35, 87, 103, 86, 125, 104, 91, 88, 83, 82, 124, 123, 142, 141, 84, 24, 44, 68, 60, 66, 73, 69, 79, 72, 50, 80, 38, 56, 49, 57, 62, 90, 117, 53, 92, 77, 75, 55, 119, 41, 27, 8, 29, 15, 43, 59, 95, 3, 0, 65, 107, 45, 33, 81, 19]",True,523492618,0.523492618,"[44, 68, 66, 73, 69, 60, 79, 72, 50, 80, 38, 56, 49, 57, 62, 119, 75, 53, 77, 92, 117, 55, 90, 15, 43, 41, 8, 27, 29, 95, 107, 0, 45, 19, 3, 65, 59, 81, 33]","[33, 81, 59, 65, 3, 19, 45, 0, 107, 95, 29, 27, 8, 41, 43, 15, 90, 55, 117, 92, 77, 53, 75, 119, 62, 57, 49, 56, 38, 80, 50, 72, 79, 60, 69, 73, 66, 68, 44]",False,complete,73,73,780,34,97,0,97,97,,False,,,,,,,2,26,3,26,4,4,3,5
3,20508,57,112,37,"[1, 2, 4, 5, 6, 7, 9, 10, 11, 12, 13, 14, 16, 17, 18, 20, 21, 22, 23, 24, 25, 26, 28, 30, 31, 32, 34, 35, 36, 37, 39, 40, 42, 44, 46, 47, 48, 51, 52, 54, 58, 61, 63, 64, 67, 68, 70, 71, 74, 76, 78, 82, 83, 84, 85, 86, 87, 88, 89, 91, 93, 94, 96, 97, 98, 99, 100, 101, 102, 103, 104, 105, 106, 108, 109, 110, 111, 112, 114, 115, 116, 118, 120, 121, 122, 123, 124, 125, 126, 127, 128, 129, 130, 131, 132, 133, 134, 135, 136, 137, 138, 139, 140, 141, 142, 143, 144, 145, 146, 147, 148, 149]","[0, 3, 8, 15, 19, 27, 29, 33, 38, 41, 43, 45, 49, 50, 53, 55, 56, 57, 59, 60, 62, 65, 66, 69, 72, 73, 75, 77, 79, 80, 81, 90, 92, 95, 107, 117, 119]","{""support_1"": 73, ""support_2"": 62}","[62, 73]",2,"[17, 122, 18, 32, 137, 138, 140, 139, 13, 14, 116, 118, 136, 102, 10, 112, 36, 135, 26, 28, 105, 99, 148, 145, 144, 115, 16, 149, 146, 147, 12, 71, 58, 134, 109, 78, 61, 67, 48, 85, 93, 133, 40, 42, 143, 25, 7, 132, 131, 130, 129, 76, 54, 74, 110, 108, 9, 97, 128, 63, 106, 101, 120, 114, 121, 6, 1, 94, 127, 89, 64, 111, 30, 31, 11, 100, 96, 98, 52, 51, 46, 126, 2, 70, 39, 47, 23, 5, 4, 22, 21, 20, 37, 34, 35, 87, 103, 86, 125, 104, 91, 88, 83, 82, 124, 123, 142, 141, 84, 24, 44, 68, 60, 66, 73, 69, 79, 72, 50, 80, 38, 56, 49, 57, 62, 90, 117, 53, 92, 77, 75, 55, 119, 41, 27, 8, 29, 15, 43, 59, 95, 3, 0, 65, 107, 45, 33, 81, 19]",True,352153356,0.352153356,"[60, 66, 73, 69, 79, 72, 50, 80, 49, 56, 38, 57, 62, 90, 119, 55, 53, 92, 117, 75, 77, 8, 27, 41, 43, 29, 15, 81, 33, 95, 45, 3, 59, 65, 19, 0, 107]","[107, 0, 19, 65, 59, 3, 45, 95, 33, 81, 15, 29, 43, 41, 27, 8, 77, 75, 117, 92, 53, 55, 119, 90, 62, 57, 38, 56, 49, 80, 50, 72, 79, 69, 73, 66, 60]",False,complete,60,60,703,23,74,0,74,74,,False,,,,,,,2,22,2,22,4,4,2,4
3,20509,58,114,35,"[1, 2, 4, 5, 6, 7, 9, 10, 11, 12, 13, 14, 16, 17, 18, 20, 21, 22, 23, 24, 25, 26, 28, 30, 31, 32, 34, 35, 36, 37, 39, 40, 42, 44, 46, 47, 48, 51, 52, 54, 58, 60, 61, 63, 64, 66, 67, 68, 70, 71, 74, 76, 78, 82, 83, 84, 85, 86, 87, 88, 89, 91, 93, 94, 96, 97, 98, 99, 100, 101, 102, 103, 104, 105, 106, 108, 109, 110, 111, 112, 114, 115, 116, 118, 120, 121, 122, 123, 124, 125, 126, 127, 128, 129, 130, 131, 132, 133, 134, 135, 136, 137, 138, 139, 140, 141, 142, 143, 144, 145, 146, 147, 148, 149]","[0, 3, 8, 15, 19, 27, 29, 33, 38, 41, 43, 45, 49, 50, 53, 55, 56, 57, 59, 62, 65, 69, 72, 73, 75, 77, 79, 80, 81, 90, 92, 95, 107, 117, 119]","{""support_1"": 73, ""support_2"": 62}","[62, 73]",2,"[17, 122, 18, 32, 137, 138, 140, 139, 13, 14, 116, 118, 136, 102, 10, 112, 36, 135, 26, 28, 105, 99, 148, 145, 144, 115, 16, 149, 146, 147, 12, 71, 58, 134, 109, 78, 61, 67, 48, 85, 93, 133, 40, 42, 143, 25, 7, 132, 131, 130, 129, 76, 54, 74, 110, 108, 9, 97, 128, 63, 106, 101, 120, 114, 121, 6, 1, 94, 127, 89, 64, 111, 30, 31, 11, 100, 96, 98, 52, 51, 46, 126, 2, 70, 39, 47, 23, 5, 4, 22, 21, 20, 37, 34, 35, 87, 103, 86, 125, 104, 91, 88, 83, 82, 124, 123, 142, 141, 84, 24, 44, 68, 60, 66, 73, 69, 79, 72, 50, 80, 38, 56, 49, 57, 62, 90, 117, 53, 92, 77, 75, 55, 119, 41, 27, 8, 29, 15, 43, 59, 95, 3, 0, 65, 107, 45, 33, 81, 19]",True,203095419,0.203095419,"[73, 69, 79, 72, 50, 80, 49, 56, 38, 57, 62, 117, 92, 53, 77, 90, 119, 75, 55, 8, 43, 41, 15, 29, 27, 65, 59, 19, 107, 81, 33, 45, 95, 3, 0]","[0, 3, 95, 45, 33, 81, 107, 19, 59, 65, 27, 29, 15, 41, 43, 8, 55, 75, 119, 90, 77, 53, 92, 117, 62, 57, 38, 56, 49, 80, 50, 72, 79, 69, 73]",False,complete,49,49,630,14,53,0,53,53,,False,,,,,,,2,18,2,18,3,3,2,4
3,20510,59,116,33,"[1, 2, 4, 5, 6, 7, 9, 10, 11, 12, 13, 14, 16, 17, 18, 20, 21, 22, 23, 24, 25, 26, 28, 30, 31, 32, 34, 35, 36, 37, 39, 40, 42, 44, 46, 47, 48, 51, 52, 54, 58, 60, 61, 63, 64, 66, 67, 68, 69, 70, 71, 73, 74, 76, 78, 82, 83, 84, 85, 86, 87, 88, 89, 91, 93, 94, 96, 97, 98, 99, 100, 101, 102, 103, 104, 105, 106, 108, 109, 110, 111, 112, 114, 115, 116, 118, 120, 121, 122, 123, 124, 125, 126, 127, 128, 129, 130, 131, 132, 133, 134, 135, 136, 137, 138, 139, 140, 141, 142, 143, 144, 145, 146, 147, 148, 149]","[0, 3, 8, 15, 19, 27, 29, 33, 38, 41, 43, 45, 49, 50, 53, 55, 56, 57, 59, 62, 65, 72, 75, 77, 79, 80, 81, 90, 92, 95, 107, 117, 119]","{""support_1"": 80, ""support_2"": 62}","[62, 80]",2,"[17, 122, 18, 32, 137, 138, 140, 139, 13, 14, 116, 118, 136, 102, 10, 112, 36, 135, 26, 28, 105, 99, 148, 145, 144, 115, 16, 149, 146, 147, 12, 71, 58, 134, 109, 78, 61, 67, 48, 85, 93, 133, 40, 42, 143, 25, 7, 132, 131, 130, 129, 76, 54, 74, 110, 108, 9, 97, 128, 63, 106, 101, 120, 114, 121, 6, 1, 94, 127, 89, 64, 111, 30, 31, 11, 100, 96, 98, 52, 51, 46, 126, 2, 70, 39, 47, 23, 5, 4, 22, 21, 20, 37, 34, 35, 87, 103, 86, 125, 104, 91, 88, 83, 82, 124, 123, 142, 141, 84, 24, 44, 68, 60, 66, 73, 69, 79, 72, 50, 80, 38, 56, 49, 57, 62, 90, 117, 53, 92, 77, 75, 55, 119, 41, 27, 8, 29, 15, 43, 59, 95, 3, 0, 65, 107, 45, 33, 81, 19]",True,170769785,0.170769785,"[79, 72, 50, 80, 49, 56, 38, 57, 62, 77, 117, 90, 55, 53, 75, 92, 119, 27, 41, 29, 15, 43, 8, 3, 33, 0, 45, 107, 19, 65, 95, 81, 59]","[59, 81, 95, 65, 19, 107, 45, 0, 33, 3, 8, 43, 15, 29, 41, 27, 119, 92, 75, 53, 55, 90, 117, 77, 62, 57, 38, 56, 49, 80, 50, 72, 79]",False,complete,45,45,561,12,48,0,48,48,,False,,,,,,,2,14,1,14,3,3,1,3
3,20511,60,118,31,"[1, 2, 4, 5, 6, 7, 9, 10, 11, 12, 13, 14, 16, 17, 18, 20, 21, 22, 23, 24, 25, 26, 28, 30, 31, 32, 34, 35, 36, 37, 39, 40, 42, 44, 46, 47, 48, 51, 52, 54, 58, 60, 61, 63, 64, 66, 67, 68, 69, 70, 71, 72, 73, 74, 76, 78, 79, 82, 83, 84, 85, 86, 87, 88, 89, 91, 93, 94, 96, 97, 98, 99, 100, 101, 102, 103, 104, 105, 106, 108, 109, 110, 111, 112, 114, 115, 116, 118, 120, 121, 122, 123, 124, 125, 126, 127, 128, 129, 130, 131, 132, 133, 134, 135, 136, 137, 138, 139, 140, 141, 142, 143, 144, 145, 146, 147, 148, 149]","[0, 3, 8, 15, 19, 27, 29, 33, 38, 41, 43, 45, 49, 50, 53, 55, 56, 57, 59, 62, 65, 75, 77, 80, 81, 90, 92, 95, 107, 117, 119]","{""support_1"": 80, ""support_2"": 62}","[62, 80]",2,"[17, 122, 18, 32, 137, 138, 140, 139, 13, 14, 116, 118, 136, 102, 10, 112, 36, 135, 26, 28, 105, 99, 148, 145, 144, 115, 16, 149, 146, 147, 12, 71, 58, 134, 109, 78, 61, 67, 48, 85, 93, 133, 40, 42, 143, 25, 7, 132, 131, 130, 129, 76, 54, 74, 110, 108, 9, 97, 128, 63, 106, 101, 120, 114, 121, 6, 1, 94, 127, 89, 64, 111, 30, 31, 11, 100, 96, 98, 52, 51, 46, 126, 2, 70, 39, 47, 23, 5, 4, 22, 21, 20, 37, 34, 35, 87, 103, 86, 125, 104, 91, 88, 83, 82, 124, 123, 142, 141, 84, 24, 44, 68, 60, 66, 73, 69, 79, 72, 50, 80, 38, 56, 49, 57, 62, 90, 117, 53, 92, 77, 75, 55, 119, 41, 27, 8, 29, 15, 43, 59, 95, 3, 0, 65, 107, 45, 33, 81, 19]",True,128777115,0.128777115,"[50, 80, 38, 56, 49, 57, 62, 92, 75, 55, 117, 119, 77, 90, 53, 27, 29, 43, 41, 8, 15, 95, 33, 3, 107, 65, 19, 59, 81, 0, 45]","[45, 0, 81, 59, 19, 65, 107, 3, 33, 95, 15, 8, 41, 43, 29, 27, 53, 90, 77, 119, 117, 55, 75, 92, 62, 57, 49, 56, 38, 80, 50]",False,complete,38,38,496,7,41,0,41,41,,False,,,,,,,2,10,1,10,3,3,1,3
3,20512,61,120,29,"[1, 2, 4, 5, 6, 7, 9, 10, 11, 12, 13, 14, 16, 17, 18, 20, 21, 22, 23, 24, 25, 26, 28, 30, 31, 32, 34, 35, 36, 37, 39, 40, 42, 44, 46, 47, 48, 50, 51, 52, 54, 58, 60, 61, 63, 64, 66, 67, 68, 69, 70, 71, 72, 73, 74, 76, 78, 79, 80, 82, 83, 84, 85, 86, 87, 88, 89, 91, 93, 94, 96, 97, 98, 99, 100, 101, 102, 103, 104, 105, 106, 108, 109, 110, 111, 112, 114, 115, 116, 118, 120, 121, 122, 123, 124, 125, 126, 127, 128, 129, 130, 131, 132, 133, 134, 135, 136, 137, 138, 139, 140, 141, 142, 143, 144, 145, 146, 147, 148, 149]","[0, 3, 8, 15, 19, 27, 29, 33, 38, 41, 43, 45, 49, 53, 55, 56, 57, 59, 62, 65, 75, 77, 81, 90, 92, 95, 107, 117, 119]","{""support_2"": 62}",[62],1,"[17, 122, 18, 32, 137, 138, 140, 139, 13, 14, 116, 118, 136, 102, 10, 112, 36, 135, 26, 28, 105, 99, 148, 145, 144, 115, 16, 149, 146, 147, 12, 71, 58, 134, 109, 78, 61, 67, 48, 85, 93, 133, 40, 42, 143, 25, 7, 132, 131, 130, 129, 76, 54, 74, 110, 108, 9, 97, 128, 63, 106, 101, 120, 114, 121, 6, 1, 94, 127, 89, 64, 111, 30, 31, 11, 100, 96, 98, 52, 51, 46, 126, 2, 70, 39, 47, 23, 5, 4, 22, 21, 20, 37, 34, 35, 87, 103, 86, 125, 104, 91, 88, 83, 82, 124, 123, 142, 141, 84, 24, 44, 68, 60, 66, 73, 69, 79, 72, 50, 80, 38, 56, 49, 57, 62, 90, 117, 53, 92, 77, 75, 55, 119, 41, 27, 8, 29, 15, 43, 59, 95, 3, 0, 65, 107, 45, 33, 81, 19]",True,86147159,0.086147159,"[49, 56, 38, 57, 62, 92, 77, 90, 53, 117, 55, 75, 119, 15, 8, 27, 41, 29, 43, 107, 59, 33, 19, 65, 3, 95, 0, 81, 45]","[45, 81, 0, 95, 3, 65, 19, 33, 59, 107, 43, 29, 41, 27, 8, 15, 119, 75, 55, 117, 53, 90, 77, 92, 62, 57, 38, 56, 49]",False,complete,30,30,435,1,33,0,33,33,,False,,,,,,,2,7,1,7,2,2,1,2
3,20513,62,122,27,"[1, 2, 4, 5, 6, 7, 9, 10, 11, 12, 13, 14, 16, 17, 18, 20, 21, 22, 23, 24, 25, 26, 28, 30, 31, 32, 34, 35, 36, 37, 38, 39, 40, 42, 44, 46, 47, 48, 50, 51, 52, 54, 56, 58, 60, 61, 63, 64, 66, 67, 68, 69, 70, 71, 72, 73, 74, 76, 78, 79, 80, 82, 83, 84, 85, 86, 87, 88, 89, 91, 93, 94, 96, 97, 98, 99, 100, 101, 102, 103, 104, 105, 106, 108, 109, 110, 111, 112, 114, 115, 116, 118, 120, 121, 122, 123, 124, 125, 126, 127, 128, 129, 130, 131, 132, 133, 134, 135, 136, 137, 138, 139, 140, 141, 142, 143, 144, 145, 146, 147, 148, 149]","[0, 3, 8, 15, 19, 27, 29, 33, 41, 43, 45, 49, 53, 55, 57, 59, 62, 65, 75, 77, 81, 90, 92, 95, 107, 117, 119]","{""support_1"": 57, ""support_2"": 62}","[57, 62]",2,"[17, 122, 18, 32, 137, 138, 140, 139, 13, 14, 116, 118, 136, 102, 10, 112, 36, 135, 26, 28, 105, 99, 148, 145, 144, 115, 16, 149, 146, 147, 12, 71, 58, 134, 109, 78, 61, 67, 48, 85, 93, 133, 40, 42, 143, 25, 7, 132, 131, 130, 129, 76, 54, 74, 110, 108, 9, 97, 128, 63, 106, 101, 120, 114, 121, 6, 1, 94, 127, 89, 64, 111, 30, 31, 11, 100, 96, 98, 52, 51, 46, 126, 2, 70, 39, 47, 23, 5, 4, 22, 21, 20, 37, 34, 35, 87, 103, 86, 125, 104, 91, 88, 83, 82, 124, 123, 142, 141, 84, 24, 44, 68, 60, 66, 73, 69, 79, 72, 50, 80, 38, 56, 49, 57, 62, 90, 117, 53, 92, 77, 75, 55, 119, 41, 27, 8, 29, 15, 43, 59, 95, 3, 0, 65, 107, 45, 33, 81, 19]",True,66436768,0.066436768,"[49, 57, 62, 92, 75, 53, 55, 117, 119, 77, 90, 41, 8, 15, 29, 43, 27, 81, 65, 3, 95, 33, 19, 45, 59, 0, 107]","[107, 0, 59, 45, 19, 33, 95, 3, 65, 81, 27, 43, 29, 15, 8, 41, 90, 77, 119, 117, 55, 53, 75, 92, 62, 57, 49]",False,complete,27,27,378,0,29,0,29,29,,False,,,,,,,2,3,0,3,2,2,0,2
3,20514,63,124,25,"[1, 2, 4, 5, 6, 7, 9, 10, 11, 12, 13, 14, 16, 17, 18, 20, 21, 22, 23, 24, 25, 26, 28, 30, 31, 32, 34, 35, 36, 37, 38, 39, 40, 42, 44, 46, 47, 48, 49, 50, 51, 52, 54, 56, 57, 58, 60, 61, 63, 64, 66, 67, 68, 69, 70, 71, 72, 73, 74, 76, 78, 79, 80, 82, 83, 84, 85, 86, 87, 88, 89, 91, 93, 94, 96, 97, 98, 99, 100, 101, 102, 103, 104, 105, 106, 108, 109, 110, 111, 112, 114, 115, 116, 118, 120, 121, 122, 123, 124, 125, 126, 127, 128, 129, 130, 131, 132, 133, 134, 135, 136, 137, 138, 139, 140, 141, 142, 143, 144, 145, 146, 147, 148, 149]","[0, 3, 8, 15, 19, 27, 29, 33, 41, 43, 45, 53, 55, 59, 62, 65, 75, 77, 81, 90, 92, 95, 107, 117, 119]","{""support_2"": 62}",[62],1,"[17, 122, 18, 32, 137, 138, 140, 139, 13, 14, 116, 118, 136, 102, 10, 112, 36, 135, 26, 28, 105, 99, 148, 145, 144, 115, 16, 149, 146, 147, 12, 71, 58, 134, 109, 78, 61, 67, 48, 85, 93, 133, 40, 42, 143, 25, 7, 132, 131, 130, 129, 76, 54, 74, 110, 108, 9, 97, 128, 63, 106, 101, 120, 114, 121, 6, 1, 94, 127, 89, 64, 111, 30, 31, 11, 100, 96, 98, 52, 51, 46, 126, 2, 70, 39, 47, 23, 5, 4, 22, 21, 20, 37, 34, 35, 87, 103, 86, 125, 104, 91, 88, 83, 82, 124, 123, 142, 141, 84, 24, 44, 68, 60, 66, 73, 69, 79, 72, 50, 80, 38, 56, 49, 57, 62, 90, 117, 53, 92, 77, 75, 55, 119, 41, 27, 8, 29, 15, 43, 59, 95, 3, 0, 65, 107, 45, 33, 81, 19]",True,57709904,0.057709904,"[62, 117, 55, 92, 90, 77, 75, 53, 119, 41, 15, 27, 29, 43, 8, 107, 19, 45, 81, 59, 33, 95, 65, 0, 3]","[3, 0, 65, 95, 33, 59, 81, 45, 19, 107, 8, 43, 29, 27, 15, 41, 119, 53, 75, 77, 90, 92, 55, 117, 62]",False,complete,25,25,325,0,27,0,27,27,,False,,,,,,,0,0,0,0,0,0,0,1
3,20515,64,126,23,"[1, 2, 4, 5, 6, 7, 9, 10, 11, 12, 13, 14, 16, 17, 18, 20, 21, 22, 23, 24, 25, 26, 28, 30, 31, 32, 34, 35, 36, 37, 38, 39, 40, 42, 44, 46, 47, 48, 49, 50, 51, 52, 54, 56, 57, 58, 60, 61, 62, 63, 64, 66, 67, 68, 69, 70, 71, 72, 73, 74, 76, 78, 79, 80, 82, 83, 84, 85, 86, 87, 88, 89, 90, 91, 93, 94, 96, 97, 98, 99, 100, 101, 102, 103, 104, 105, 106, 108, 109, 110, 111, 112, 114, 115, 116, 118, 120, 121, 122, 123, 124, 125, 126, 127, 128, 129, 130, 131, 132, 133, 134, 135, 136, 137, 138, 139, 140, 141, 142, 143, 144, 145, 146, 147, 148, 149]","[0, 3, 8, 15, 19, 27, 29, 33, 41, 43, 45, 53, 55, 59, 65, 75, 77, 81, 92, 95, 107, 117, 119]",{},[],0,"[17, 122, 18, 32, 137, 138, 140, 139, 13, 14, 116, 118, 136, 102, 10, 112, 36, 135, 26, 28, 105, 99, 148, 145, 144, 115, 16, 149, 146, 147, 12, 71, 58, 134, 109, 78, 61, 67, 48, 85, 93, 133, 40, 42, 143, 25, 7, 132, 131, 130, 129, 76, 54, 74, 110, 108, 9, 97, 128, 63, 106, 101, 120, 114, 121, 6, 1, 94, 127, 89, 64, 111, 30, 31, 11, 100, 96, 98, 52, 51, 46, 126, 2, 70, 39, 47, 23, 5, 4, 22, 21, 20, 37, 34, 35, 87, 103, 86, 125, 104, 91, 88, 83, 82, 124, 123, 142, 141, 84, 24, 44, 68, 60, 66, 73, 69, 79, 72, 50, 80, 38, 56, 49, 57, 62, 90, 117, 53, 92, 77, 75, 55, 119, 41, 27, 8, 29, 15, 43, 59, 95, 3, 0, 65, 107, 45, 33, 81, 19]",True,43996696,0.043996696,"[77, 75, 55, 92, 117, 53, 119, 43, 8, 29, 41, 15, 27, 0, 3, 33, 59, 45, 107, 95, 65, 19, 81]","[81, 19, 65, 95, 107, 45, 59, 33, 3, 0, 27, 15, 41, 29, 8, 43, 119, 53, 117, 92, 55, 75, 77]",False,complete,23,23,276,0,24,0,24,24,,False,,,,,,,0,0,0,0,0,0,0,0
3,20516,65,128,21,"[1, 2, 4, 5, 6, 7, 9, 10, 11, 12, 13, 14, 16, 17, 18, 20, 21, 22, 23, 24, 25, 26, 28, 30, 31, 32, 34, 35, 36, 37, 38, 39, 40, 42, 44, 46, 47, 48, 49, 50, 51, 52, 53, 54, 56, 57, 58, 60, 61, 62, 63, 64, 66, 67, 68, 69, 70, 71, 72, 73, 74, 76, 78, 79, 80, 82, 83, 84, 85, 86, 87, 88, 89, 90, 91, 93, 94, 96, 97, 98, 99, 100, 101, 102, 103, 104, 105, 106, 108, 109, 110, 111, 112, 114, 115, 116, 117, 118, 120, 121, 122, 123, 124, 125, 126, 127, 128, 129, 130, 131, 132, 133, 134, 135, 136, 137, 138, 139, 140, 141, 142, 143, 144, 145, 146, 147, 148, 149]","[0, 3, 8, 15, 19, 27, 29, 33, 41, 43, 45, 55, 59, 65, 75, 77, 81, 92, 95, 107, 119]",{},[],0,"[17, 122, 18, 32, 137, 138, 140, 139, 13, 14, 116, 118, 136, 102, 10, 112, 36, 135, 26, 28, 105, 99, 148, 145, 144, 115, 16, 149, 146, 147, 12, 71, 58, 134, 109, 78, 61, 67, 48, 85, 93, 133, 40, 42, 143, 25, 7, 132, 131, 130, 129, 76, 54, 74, 110, 108, 9, 97, 128, 63, 106, 101, 120, 114, 121, 6, 1, 94, 127, 89, 64, 111, 30, 31, 11, 100, 96, 98, 52, 51, 46, 126, 2, 70, 39, 47, 23, 5, 4, 22, 21, 20, 37, 34, 35, 87, 103, 86, 125, 104, 91, 88, 83, 82, 124, 123, 142, 141, 84, 24, 44, 68, 60, 66, 73, 69, 79, 72, 50, 80, 38, 56, 49, 57, 62, 90, 117, 53, 92, 77, 75, 55, 119, 41, 27, 8, 29, 15, 43, 59, 95, 3, 0, 65, 107, 45, 33, 81, 19]",True,49627925,0.049627925,"[119, 92, 75, 55, 77, 8, 41, 29, 27, 15, 43, 65, 45, 0, 3, 81, 95, 19, 33, 59, 107]","[107, 59, 33, 19, 95, 81, 3, 0, 45, 65, 43, 15, 27, 29, 41, 8, 77, 55, 75, 92, 119]",False,complete,21,21,231,0,22,0,22,22,,False,,,,,,,0,0,0,0,0,0,0,0
3,20517,66,130,19,"[1, 2, 4, 5, 6, 7, 9, 10, 11, 12, 13, 14, 16, 17, 18, 20, 21, 22, 23, 24, 25, 26, 28, 30, 31, 32, 34, 35, 36, 37, 38, 39, 40, 42, 44, 46, 47, 48, 49, 50, 51, 52, 53, 54, 56, 57, 58, 60, 61, 62, 63, 64, 66, 67, 68, 69, 70, 71, 72, 73, 74, 76, 77, 78, 79, 80, 82, 83, 84, 85, 86, 87, 88, 89, 90, 91, 92, 93, 94, 96, 97, 98, 99, 100, 101, 102, 103, 104, 105, 106, 108, 109, 110, 111, 112, 114, 115, 116, 117, 118, 120, 121, 122, 123, 124, 125, 126, 127, 128, 129, 130, 131, 132, 133, 134, 135, 136, 137, 138, 139, 140, 141, 142, 143, 144, 145, 146, 147, 148, 149]","[0, 3, 8, 15, 19, 27, 29, 33, 41, 43, 45, 55, 59, 65, 75, 81, 95, 107, 119]",{},[],0,"[17, 122, 18, 32, 137, 138, 140, 139, 13, 14, 116, 118, 136, 102, 10, 112, 36, 135, 26, 28, 105, 99, 148, 145, 144, 115, 16, 149, 146, 147, 12, 71, 58, 134, 109, 78, 61, 67, 48, 85, 93, 133, 40, 42, 143, 25, 7, 132, 131, 130, 129, 76, 54, 74, 110, 108, 9, 97, 128, 63, 106, 101, 120, 114, 121, 6, 1, 94, 127, 89, 64, 111, 30, 31, 11, 100, 96, 98, 52, 51, 46, 126, 2, 70, 39, 47, 23, 5, 4, 22, 21, 20, 37, 34, 35, 87, 103, 86, 125, 104, 91, 88, 83, 82, 124, 123, 142, 141, 84, 24, 44, 68, 60, 66, 73, 69, 79, 72, 50, 80, 38, 56, 49, 57, 62, 90, 117, 53, 92, 77, 75, 55, 119, 41, 27, 8, 29, 15, 43, 59, 95, 3, 0, 65, 107, 45, 33, 81, 19]",True,28891369,0.028891369,"[75, 55, 119, 27, 41, 8, 15, 43, 29, 19, 33, 95, 59, 81, 65, 107, 3, 0, 45]","[45, 0, 3, 107, 65, 81, 59, 95, 33, 19, 29, 43, 15, 8, 41, 27, 119, 55, 75]",False,complete,19,19,190,0,20,0,20,20,,False,,,,,,,0,0,0,0,0,0,0,0
3,20518,67,132,17,"[1, 2, 4, 5, 6, 7, 9, 10, 11, 12, 13, 14, 16, 17, 18, 20, 21, 22, 23, 24, 25, 26, 28, 30, 31, 32, 34, 35, 36, 37, 38, 39, 40, 42, 44, 46, 47, 48, 49, 50, 51, 52, 53, 54, 55, 56, 57, 58, 60, 61, 62, 63, 64, 66, 67, 68, 69, 70, 71, 72, 73, 74, 75, 76, 77, 78, 79, 80, 82, 83, 84, 85, 86, 87, 88, 89, 90, 91, 92, 93, 94, 96, 97, 98, 99, 100, 101, 102, 103, 104, 105, 106, 108, 109, 110, 111, 112, 114, 115, 116, 117, 118, 120, 121, 122, 123, 124, 125, 126, 127, 128, 129, 130, 131, 132, 133, 134, 135, 136, 137, 138, 139, 140, 141, 142, 143, 144, 145, 146, 147, 148, 149]","[0, 3, 8, 15, 19, 27, 29, 33, 41, 43, 45, 59, 65, 81, 95, 107, 119]",{},[],0,"[17, 122, 18, 32, 137, 138, 140, 139, 13, 14, 116, 118, 136, 102, 10, 112, 36, 135, 26, 28, 105, 99, 148, 145, 144, 115, 16, 149, 146, 147, 12, 71, 58, 134, 109, 78, 61, 67, 48, 85, 93, 133, 40, 42, 143, 25, 7, 132, 131, 130, 129, 76, 54, 74, 110, 108, 9, 97, 128, 63, 106, 101, 120, 114, 121, 6, 1, 94, 127, 89, 64, 111, 30, 31, 11, 100, 96, 98, 52, 51, 46, 126, 2, 70, 39, 47, 23, 5, 4, 22, 21, 20, 37, 34, 35, 87, 103, 86, 125, 104, 91, 88, 83, 82, 124, 123, 142, 141, 84, 24, 44, 68, 60, 66, 73, 69, 79, 72, 50, 80, 38, 56, 49, 57, 62, 90, 117, 53, 92, 77, 75, 55, 119, 41, 27, 8, 29, 15, 43, 59, 95, 3, 0, 65, 107, 45, 33, 81, 19]",True,22690164,0.022690164,"[119, 27, 41, 43, 29, 15, 8, 59, 33, 19, 107, 45, 0, 95, 65, 81, 3]","[3, 81, 65, 95, 0, 45, 107, 19, 33, 59, 8, 15, 29, 43, 41, 27, 119]",False,complete,17,17,153,0,18,0,18,18,,False,,,,,,,0,0,0,0,0,0,0,0
3,20519,68,134,15,"[1, 2, 4, 5, 6, 7, 9, 10, 11, 12, 13, 14, 16, 17, 18, 20, 21, 22, 23, 24, 25, 26, 28, 30, 31, 32, 34, 35, 36, 37, 38, 39, 40, 41, 42, 44, 46, 47, 48, 49, 50, 51, 52, 53, 54, 55, 56, 57, 58, 60, 61, 62, 63, 64, 66, 67, 68, 69, 70, 71, 72, 73, 74, 75, 76, 77, 78, 79, 80, 82, 83, 84, 85, 86, 87, 88, 89, 90, 91, 92, 93, 94, 96, 97, 98, 99, 100, 101, 102, 103, 104, 105, 106, 108, 109, 110, 111, 112, 114, 115, 116, 117, 118, 119, 120, 121, 122, 123, 124, 125, 126, 127, 128, 129, 130, 131, 132, 133, 134, 135, 136, 137, 138, 139, 140, 141, 142, 143, 144, 145, 146, 147, 148, 149]","[0, 3, 8, 15, 19, 27, 29, 33, 43, 45, 59, 65, 81, 95, 107]",{},[],0,"[17, 122, 18, 32, 137, 138, 140, 139, 13, 14, 116, 118, 136, 102, 10, 112, 36, 135, 26, 28, 105, 99, 148, 145, 144, 115, 16, 149, 146, 147, 12, 71, 58, 134, 109, 78, 61, 67, 48, 85, 93, 133, 40, 42, 143, 25, 7, 132, 131, 130, 129, 76, 54, 74, 110, 108, 9, 97, 128, 63, 106, 101, 120, 114, 121, 6, 1, 94, 127, 89, 64, 111, 30, 31, 11, 100, 96, 98, 52, 51, 46, 126, 2, 70, 39, 47, 23, 5, 4, 22, 21, 20, 37, 34, 35, 87, 103, 86, 125, 104, 91, 88, 83, 82, 124, 123, 142, 141, 84, 24, 44, 68, 60, 66, 73, 69, 79, 72, 50, 80, 38, 56, 49, 57, 62, 90, 117, 53, 92, 77, 75, 55, 119, 41, 27, 8, 29, 15, 43, 59, 95, 3, 0, 65, 107, 45, 33, 81, 19]",True,17719855,0.017719855,"[43, 8, 29, 27, 15, 59, 107, 95, 45, 33, 0, 65, 19, 3, 81]","[81, 3, 19, 65, 0, 33, 45, 95, 107, 59, 15, 27, 29, 8, 43]",False,complete,15,15,120,0,16,0,16,16,,False,,,,,,,0,0,0,0,0,0,0,0
3,20520,69,136,13,"[1, 2, 4, 5, 6, 7, 8, 9, 10, 11, 12, 13, 14, 16, 17, 18, 20, 21, 22, 23, 24, 25, 26, 27, 28, 30, 31, 32, 34, 35, 36, 37, 38, 39, 40, 41, 42, 44, 46, 47, 48, 49, 50, 51, 52, 53, 54, 55, 56, 57, 58, 60, 61, 62, 63, 64, 66, 67, 68, 69, 70, 71, 72, 73, 74, 75, 76, 77, 78, 79, 80, 82, 83, 84, 85, 86, 87, 88, 89, 90, 91, 92, 93, 94, 96, 97, 98, 99, 100, 101, 102, 103, 104, 105, 106, 108, 109, 110, 111, 112, 114, 115, 116, 117, 118, 119, 120, 121, 122, 123, 124, 125, 126, 127, 128, 129, 130, 131, 132, 133, 134, 135, 136, 137, 138, 139, 140, 141, 142, 143, 144, 145, 146, 147, 148, 149]","[0, 3, 15, 19, 29, 33, 43, 45, 59, 65, 81, 95, 107]",{},[],0,"[17, 122, 18, 32, 137, 138, 140, 139, 13, 14, 116, 118, 136, 102, 10, 112, 36, 135, 26, 28, 105, 99, 148, 145, 144, 115, 16, 149, 146, 147, 12, 71, 58, 134, 109, 78, 61, 67, 48, 85, 93, 133, 40, 42, 143, 25, 7, 132, 131, 130, 129, 76, 54, 74, 110, 108, 9, 97, 128, 63, 106, 101, 120, 114, 121, 6, 1, 94, 127, 89, 64, 111, 30, 31, 11, 100, 96, 98, 52, 51, 46, 126, 2, 70, 39, 47, 23, 5, 4, 22, 21, 20, 37, 34, 35, 87, 103, 86, 125, 104, 91, 88, 83, 82, 124, 123, 142, 141, 84, 24, 44, 68, 60, 66, 73, 69, 79, 72, 50, 80, 38, 56, 49, 57, 62, 90, 117, 53, 92, 77, 75, 55, 119, 41, 27, 8, 29, 15, 43, 59, 95, 3, 0, 65, 107, 45, 33, 81, 19]",True,12897288,0.012897288,"[43, 29, 15, 3, 107, 59, 45, 65, 0, 33, 81, 95, 19]","[19, 95, 81, 33, 0, 65, 45, 59, 107, 3, 15, 29, 43]",False,complete,13,13,91,0,14,0,14,14,,False,,,,,,,0,0,0,0,0,0,0,0
3,20521,70,138,11,"[1, 2, 4, 5, 6, 7, 8, 9, 10, 11, 12, 13, 14, 15, 16, 17, 18, 20, 21, 22, 23, 24, 25, 26, 27, 28, 29, 30, 31, 32, 34, 35, 36, 37, 38, 39, 40, 41, 42, 44, 46, 47, 48, 49, 50, 51, 52, 53, 54, 55, 56, 57, 58, 60, 61, 62, 63, 64, 66, 67, 68, 69, 70, 71, 72, 73, 74, 75, 76, 77, 78, 79, 80, 82, 83, 84, 85, 86, 87, 88, 89, 90, 91, 92, 93, 94, 96, 97, 98, 99, 100, 101, 102, 103, 104, 105, 106, 108, 109, 110, 111, 112, 114, 115, 116, 117, 118, 119, 120, 121, 122, 123, 124, 125, 126, 127, 128, 129, 130, 131, 132, 133, 134, 135, 136, 137, 138, 139, 140, 141, 142, 143, 144, 145, 146, 147, 148, 149]","[0, 3, 19, 33, 43, 45, 59, 65, 81, 95, 107]",{},[],0,"[17, 122, 18, 32, 137, 138, 140, 139, 13, 14, 116, 118, 136, 102, 10, 112, 36, 135, 26, 28, 105, 99, 148, 145, 144, 115, 16, 149, 146, 147, 12, 71, 58, 134, 109, 78, 61, 67, 48, 85, 93, 133, 40, 42, 143, 25, 7, 132, 131, 130, 129, 76, 54, 74, 110, 108, 9, 97, 128, 63, 106, 101, 120, 114, 121, 6, 1, 94, 127, 89, 64, 111, 30, 31, 11, 100, 96, 98, 52, 51, 46, 126, 2, 70, 39, 47, 23, 5, 4, 22, 21, 20, 37, 34, 35, 87, 103, 86, 125, 104, 91, 88, 83, 82, 124, 123, 142, 141, 84, 24, 44, 68, 60, 66, 73, 69, 79, 72, 50, 80, 38, 56, 49, 57, 62, 90, 117, 53, 92, 77, 75, 55, 119, 41, 27, 8, 29, 15, 43, 59, 95, 3, 0, 65, 107, 45, 33, 81, 19]",True,9361013,0.009361013,"[43, 81, 65, 3, 107, 95, 19, 59, 0, 33, 45]","[45, 33, 0, 59, 19, 95, 107, 3, 65, 81, 43]",False,complete,11,11,66,0,12,0,12,12,,False,,,,,,,0,0,0,0,0,0,0,0
3,20522,71,140,9,"[1, 2, 4, 5, 6, 7, 8, 9, 10, 11, 12, 13, 14, 15, 16, 17, 18, 20, 21, 22, 23, 24, 25, 26, 27, 28, 29, 30, 31, 32, 34, 35, 36, 37, 38, 39, 40, 41, 42, 43, 44, 46, 47, 48, 49, 50, 51, 52, 53, 54, 55, 56, 57, 58, 59, 60, 61, 62, 63, 64, 66, 67, 68, 69, 70, 71, 72, 73, 74, 75, 76, 77, 78, 79, 80, 82, 83, 84, 85, 86, 87, 88, 89, 90, 91, 92, 93, 94, 96, 97, 98, 99, 100, 101, 102, 103, 104, 105, 106, 108, 109, 110, 111, 112, 114, 115, 116, 117, 118, 119, 120, 121, 122, 123, 124, 125, 126, 127, 128, 129, 130, 131, 132, 133, 134, 135, 136, 137, 138, 139, 140, 141, 142, 143, 144, 145, 146, 147, 148, 149]","[0, 3, 19, 33, 45, 65, 81, 95, 107]",{},[],0,"[17, 122, 18, 32, 137, 138, 140, 139, 13, 14, 116, 118, 136, 102, 10, 112, 36, 135, 26, 28, 105, 99, 148, 145, 144, 115, 16, 149, 146, 147, 12, 71, 58, 134, 109, 78, 61, 67, 48, 85, 93, 133, 40, 42, 143, 25, 7, 132, 131, 130, 129, 76, 54, 74, 110, 108, 9, 97, 128, 63, 106, 101, 120, 114, 121, 6, 1, 94, 127, 89, 64, 111, 30, 31, 11, 100, 96, 98, 52, 51, 46, 126, 2, 70, 39, 47, 23, 5, 4, 22, 21, 20, 37, 34, 35, 87, 103, 86, 125, 104, 91, 88, 83, 82, 124, 123, 142, 141, 84, 24, 44, 68, 60, 66, 73, 69, 79, 72, 50, 80, 38, 56, 49, 57, 62, 90, 117, 53, 92, 77, 75, 55, 119, 41, 27, 8, 29, 15, 43, 59, 95, 3, 0, 65, 107, 45, 33, 81, 19]",True,6954626,0.006954626,"[45, 95, 107, 0, 33, 3, 65, 19, 81]","[81, 19, 65, 3, 33, 0, 107, 95, 45]",False,complete,9,9,45,0,10,0,10,10,,False,,,,,,,0,0,0,0,0,0,0,0
3,20523,72,142,7,"[1, 2, 3, 4, 5, 6, 7, 8, 9, 10, 11, 12, 13, 14, 15, 16, 17, 18, 20, 21, 22, 23, 24, 25, 26, 27, 28, 29, 30, 31, 32, 34, 35, 36, 37, 38, 39, 40, 41, 42, 43, 44, 46, 47, 48, 49, 50, 51, 52, 53, 54, 55, 56, 57, 58, 59, 60, 61, 62, 63, 64, 66, 67, 68, 69, 70, 71, 72, 73, 74, 75, 76, 77, 78, 79, 80, 82, 83, 84, 85, 86, 87, 88, 89, 90, 91, 92, 93, 94, 95, 96, 97, 98, 99, 100, 101, 102, 103, 104, 105, 106, 108, 109, 110, 111, 112, 114, 115, 116, 117, 118, 119, 120, 121, 122, 123, 124, 125, 126, 127, 128, 129, 130, 131, 132, 133, 134, 135, 136, 137, 138, 139, 140, 141, 142, 143, 144, 145, 146, 147, 148, 149]","[0, 19, 33, 45, 65, 81, 107]",{},[],0,"[17, 122, 18, 32, 137, 138, 140, 139, 13, 14, 116, 118, 136, 102, 10, 112, 36, 135, 26, 28, 105, 99, 148, 145, 144, 115, 16, 149, 146, 147, 12, 71, 58, 134, 109, 78, 61, 67, 48, 85, 93, 133, 40, 42, 143, 25, 7, 132, 131, 130, 129, 76, 54, 74, 110, 108, 9, 97, 128, 63, 106, 101, 120, 114, 121, 6, 1, 94, 127, 89, 64, 111, 30, 31, 11, 100, 96, 98, 52, 51, 46, 126, 2, 70, 39, 47, 23, 5, 4, 22, 21, 20, 37, 34, 35, 87, 103, 86, 125, 104, 91, 88, 83, 82, 124, 123, 142, 141, 84, 24, 44, 68, 60, 66, 73, 69, 79, 72, 50, 80, 38, 56, 49, 57, 62, 90, 117, 53, 92, 77, 75, 55, 119, 41, 27, 8, 29, 15, 43, 59, 95, 3, 0, 65, 107, 45, 33, 81, 19]",True,5200173,0.005200173,"[0, 19, 81, 107, 33, 65, 45]","[45, 65, 33, 107, 81, 19, 0]",False,complete,7,7,28,0,8,0,8,8,,False,,,,,,,0,0,0,0,0,0,0,0
3,20524,73,144,5,"[0, 1, 2, 3, 4, 5, 6, 7, 8, 9, 10, 11, 12, 13, 14, 15, 16, 17, 18, 20, 21, 22, 23, 24, 25, 26, 27, 28, 29, 30, 31, 32, 34, 35, 36, 37, 38, 39, 40, 41, 42, 43, 44, 46, 47, 48, 49, 50, 51, 52, 53, 54, 55, 56, 57, 58, 59, 60, 61, 62, 63, 64, 65, 66, 67, 68, 69, 70, 71, 72, 73, 74, 75, 76, 77, 78, 79, 80, 82, 83, 84, 85, 86, 87, 88, 89, 90, 91, 92, 93, 94, 95, 96, 97, 98, 99, 100, 101, 102, 103, 104, 105, 106, 108, 109, 110, 111, 112, 114, 115, 116, 117, 118, 119, 120, 121, 122, 123, 124, 125, 126, 127, 128, 129, 130, 131, 132, 133, 134, 135, 136, 137, 138, 139, 140, 141, 142, 143, 144, 145, 146, 147, 148, 149]","[19, 33, 45, 81, 107]",{},[],0,"[17, 122, 18, 32, 137, 138, 140, 139, 13, 14, 116, 118, 136, 102, 10, 112, 36, 135, 26, 28, 105, 99, 148, 145, 144, 115, 16, 149, 146, 147, 12, 71, 58, 134, 109, 78, 61, 67, 48, 85, 93, 133, 40, 42, 143, 25, 7, 132, 131, 130, 129, 76, 54, 74, 110, 108, 9, 97, 128, 63, 106, 101, 120, 114, 121, 6, 1, 94, 127, 89, 64, 111, 30, 31, 11, 100, 96, 98, 52, 51, 46, 126, 2, 70, 39, 47, 23, 5, 4, 22, 21, 20, 37, 34, 35, 87, 103, 86, 125, 104, 91, 88, 83, 82, 124, 123, 142, 141, 84, 24, 44, 68, 60, 66, 73, 69, 79, 72, 50, 80, 38, 56, 49, 57, 62, 90, 117, 53, 92, 77, 75, 55, 119, 41, 27, 8, 29, 15, 43, 59, 95, 3, 0, 65, 107, 45, 33, 81, 19]",True,3567598,0.003567598,"[45, 19, 107, 81, 33]","[33, 81, 107, 19, 45]",False,complete,5,5,15,0,6,0,6,6,,False,,,,,,,0,0,0,0,0,0,0,0
3,20525,74,146,3,"[0, 1, 2, 3, 4, 5, 6, 7, 8, 9, 10, 11, 12, 13, 14, 15, 16, 17, 18, 20, 21, 22, 23, 24, 25, 26, 27, 28, 29, 30, 31, 32, 34, 35, 36, 37, 38, 39, 40, 41, 42, 43, 44, 45, 46, 47, 48, 49, 50, 51, 52, 53, 54, 55, 56, 57, 58, 59, 60, 61, 62, 63, 64, 65, 66, 67, 68, 69, 70, 71, 72, 73, 74, 75, 76, 77, 78, 79, 80, 82, 83, 84, 85, 86, 87, 88, 89, 90, 91, 92, 93, 94, 95, 96, 97, 98, 99, 100, 101, 102, 103, 104, 105, 106, 107, 108, 109, 110, 111, 112, 114, 115, 116, 117, 118, 119, 120, 121, 122, 123, 124, 125, 126, 127, 128, 129, 130, 131, 132, 133, 134, 135, 136, 137, 138, 139, 140, 141, 142, 143, 144, 145, 146, 147, 148, 149]","[19, 33, 81]",{},[],0,"[17, 122, 18, 32, 137, 138, 140, 139, 13, 14, 116, 118, 136, 102, 10, 112, 36, 135, 26, 28, 105, 99, 148, 145, 144, 115, 16, 149, 146, 147, 12, 71, 58, 134, 109, 78, 61, 67, 48, 85, 93, 133, 40, 42, 143, 25, 7, 132, 131, 130, 129, 76, 54, 74, 110, 108, 9, 97, 128, 63, 106, 101, 120, 114, 121, 6, 1, 94, 127, 89, 64, 111, 30, 31, 11, 100, 96, 98, 52, 51, 46, 126, 2, 70, 39, 47, 23, 5, 4, 22, 21, 20, 37, 34, 35, 87, 103, 86, 125, 104, 91, 88, 83, 82, 124, 123, 142, 141, 84, 24, 44, 68, 60, 66, 73, 69, 79, 72, 50, 80, 38, 56, 49, 57, 62, 90, 117, 53, 92, 77, 75, 55, 119, 41, 27, 8, 29, 15, 43, 59, 95, 3, 0, 65, 107, 45, 33, 81, 19]",True,2173028,0.002173028,"[19, 33, 81]","[81, 33, 19]",False,complete,3,3,6,0,4,0,4,4,,False,,,,,,,0,0,0,0,0,0,0,0
3,20526,75,148,1,"[0, 1, 2, 3, 4, 5, 6, 7, 8, 9, 10, 11, 12, 13, 14, 15, 16, 17, 18, 20, 21, 22, 23, 24, 25, 26, 27, 28, 29, 30, 31, 32, 33, 34, 35, 36, 37, 38, 39, 40, 41, 42, 43, 44, 45, 46, 47, 48, 49, 50, 51, 52, 53, 54, 55, 56, 57, 58, 59, 60, 61, 62, 63, 64, 65, 66, 67, 68, 69, 70, 71, 72, 73, 74, 75, 76, 77, 78, 79, 80, 81, 82, 83, 84, 85, 86, 87, 88, 89, 90, 91, 92, 93, 94, 95, 96, 97, 98, 99, 100, 101, 102, 103, 104, 105, 106, 107, 108, 109, 110, 111, 112, 114, 115, 116, 117, 118, 119, 120, 121, 122, 123, 124, 125, 126, 127, 128, 129, 130, 131, 132, 133, 134, 135, 136, 137, 138, 139, 140, 141, 142, 143, 144, 145, 146, 147, 148, 149]",[19],{},[],0,"[17, 122, 18, 32, 137, 138, 140, 139, 13, 14, 116, 118, 136, 102, 10, 112, 36, 135, 26, 28, 105, 99, 148, 145, 144, 115, 16, 149, 146, 147, 12, 71, 58, 134, 109, 78, 61, 67, 48, 85, 93, 133, 40, 42, 143, 25, 7, 132, 131, 130, 129, 76, 54, 74, 110, 108, 9, 97, 128, 63, 106, 101, 120, 114, 121, 6, 1, 94, 127, 89, 64, 111, 30, 31, 11, 100, 96, 98, 52, 51, 46, 126, 2, 70, 39, 47, 23, 5, 4, 22, 21, 20, 37, 34, 35, 87, 103, 86, 125, 104, 91, 88, 83, 82, 124, 123, 142, 141, 84, 24, 44, 68, 60, 66, 73, 69, 79, 72, 50, 80, 38, 56, 49, 57, 62, 90, 117, 53, 92, 77, 75, 55, 119, 41, 27, 8, 29, 15, 43, 59, 95, 3, 0, 65, 107, 45, 33, 81, 19]",True,712526,0.000712526,[19],[19],True,complete,1,1,1,0,2,0,2,2,,False,,,,,,,0,0,0,0,0,0,0,0
