repetition,seed,run_index,removed_prefix_count,included_rod_count,excluded_rods,included_rods,initial_supports,initial_supported_rods,initial_support_count,default_order,success,elapsed_ns,elapsed_s,removal_sequence,assembly_sequence,matches_default_suffix,search_stop_reason,search_expansions,search_attempted_transitions,search_enqueued_candidates,search_backtracks,rigidity_check_calls,rigidity_cache_hits,rigidity_cache_misses,rigidity_cached_entries,optimal_objective,optimality_proven,best_support_moves,best_support_peak,best_support_steps,optimal_support_moves,optimal_support_peak,optimal_support_steps,peak_supports,support_steps,support_moves,supported_rod_steps,support_assignment_episodes,supported_rod_episodes,support_additions,support_releases
1,452,1,0,149,[],"[0, 1, 2, 3, 4, 5, 6, 7, 8, 9, 10, 11, 12, 13, 14, 15, 16, 17, 18, 19, 20, 21, 22, 23, 24, 25, 26, 27, 28, 29, 30, 31, 32, 33, 34, 35, 36, 37, 38, 39, 40, 41, 42, 43, 44, 45, 46, 47, 48, 49, 50, 51, 52, 53, 54, 55, 56, 57, 58, 59, 60, 61, 62, 63, 64, 65, 66, 67, 68, 69, 70, 71, 72, 73, 74, 75, 76, 77, 78, 79, 80, 81, 82, 83, 84, 85, 86, 87, 88, 89, 90, 91, 92, 93, 94, 95, 96, 97, 98, 99, 100, 101, 102, 103, 104, 105, 106, 107, 108, 109, 110, 111, 112, 114, 115, 116, 117, 118, 119, 120, 121, 122, 123, 124, 125, 126, 127, 128, 129, 130, 131, 132, 133, 134, 135, 136, 137, 138, 139, 140, 141, 142, 143, 144, 145, 146, 147, 148, 149]",{},[],0,"[122, 17, 18, 32, 137, 138, 140, 139, 13, 14, 116, 118, 136, 112, 36, 135, 28, 26, 105, 99, 144, 10, 145, 149, 102, 146, 147, 12, 58, 71, 134, 109, 67, 78, 48, 61, 148, 93, 85, 133, 130, 129, 76, 128, 97, 94, 74, 127, 91, 126, 35, 7, 21, 125, 83, 75, 142, 77, 141, 92, 115, 8, 27, 106, 101, 23, 120, 114, 121, 15, 16, 6, 124, 110, 123, 117, 29, 90, 108, 9, 111, 1, 2, 0, 42, 131, 132, 52, 64, 50, 119, 107, 53, 55, 41, 43, 40, 5, 4, 143, 22, 63, 3, 100, 96, 98, 25, 20, 11, 31, 44, 30, 24, 19, 104, 37, 84, 70, 34, 39, 54, 47, 46, 51, 68, 60, 62, 49, 45, 56, 38, 57, 33, 95, 87, 103, 81, 82, 88, 89, 73, 69, 59, 66, 86, 79, 72, 80, 65]",True,33690437914,33.690437914,"[122, 17, 18, 32, 137, 138, 140, 139, 13, 14, 116, 118, 136, 112, 36, 135, 28, 26, 105, 99, 144, 10, 145, 149, 102, 146, 147, 12, 58, 71, 134, 109, 67, 78, 48, 61, 148, 93, 85, 133, 130, 129, 76, 128, 97, 94, 74, 127, 91, 126, 35, 7, 21, 125, 83, 75, 142, 77, 141, 92, 115, 8, 27, 106, 101, 23, 120, 114, 121, 15, 16, 6, 124, 110, 123, 117, 29, 90, 108, 9, 111, 1, 2, 0, 42, 131, 132, 52, 64, 50, 119, 107, 53, 55, 41, 43, 40, 5, 4, 143, 22, 63, 3, 100, 96, 98, 25, 20, 11, 31, 44, 30, 24, 19, 104, 37, 84, 70, 34, 39, 54, 47, 46, 51, 68, 60, 62, 49, 45, 56, 38, 57, 33, 95, 87, 103, 81, 82, 88, 89, 73, 69, 59, 66, 86, 79, 72, 80, 65]","[65, 80, 72, 79, 86, 66, 59, 69, 73, 89, 88, 82, 81, 103, 87, 95, 33, 57, 38, 56, 45, 49, 62, 60, 68, 51, 46, 47, 54, 39, 34, 70, 84, 37, 104, 19, 24, 30, 44, 31, 11, 20, 25, 98, 96, 100, 3, 63, 22, 143, 4, 5, 40, 43, 41, 55, 53, 107, 119, 50, 64, 52, 132, 131, 42, 0, 2, 1, 111, 9, 108, 90, 29, 117, 123, 110, 124, 6, 16, 15, 121, 114, 120, 23, 101, 106, 27, 8, 115, 92, 141, 77, 142, 75, 83, 125, 21, 7, 35, 126, 91, 127, 74, 94, 97, 128, 76, 129, 130, 133, 85, 93, 148, 61, 48, 78, 67, 109, 134, 71, 58, 12, 147, 146, 102, 149, 145, 10, 144, 99, 105, 26, 28, 135, 36, 112, 136, 118, 116, 14, 13, 139, 140, 138, 137, 32, 18, 17, 122]",True,complete,152,152,11254,0,2280,3,2277,2000,,False,,,,,,,2,113,21,113,21,21,21,21
1,453,2,2,147,"[17, 122]","[0, 1, 2, 3, 4, 5, 6, 7, 8, 9, 10, 11, 12, 13, 14, 15, 16, 18, 19, 20, 21, 22, 23, 24, 25, 26, 27, 28, 29, 30, 31, 32, 33, 34, 35, 36, 37, 38, 39, 40, 41, 42, 43, 44, 45, 46, 47, 48, 49, 50, 51, 52, 53, 54, 55, 56, 57, 58, 59, 60, 61, 62, 63, 64, 65, 66, 67, 68, 69, 70, 71, 72, 73, 74, 75, 76, 77, 78, 79, 80, 81, 82, 83, 84, 85, 86, 87, 88, 89, 90, 91, 92, 93, 94, 95, 96, 97, 98, 99, 100, 101, 102, 103, 104, 105, 106, 107, 108, 109, 110, 111, 112, 114, 115, 116, 117, 118, 119, 120, 121, 123, 124, 125, 126, 127, 128, 129, 130, 131, 132, 133, 134, 135, 136, 137, 138, 139, 140, 141, 142, 143, 144, 145, 146, 147, 148, 149]",{},[],0,"[122, 17, 18, 32, 137, 138, 140, 139, 13, 14, 116, 118, 136, 112, 36, 135, 28, 26, 105, 99, 144, 10, 145, 149, 102, 146, 147, 12, 58, 71, 134, 109, 67, 78, 48, 61, 148, 93, 85, 133, 130, 129, 76, 128, 97, 94, 74, 127, 91, 126, 35, 7, 21, 125, 83, 75, 142, 77, 141, 92, 115, 8, 27, 106, 101, 23, 120, 114, 121, 15, 16, 6, 124, 110, 123, 117, 29, 90, 108, 9, 111, 1, 2, 0, 42, 131, 132, 52, 64, 50, 119, 107, 53, 55, 41, 43, 40, 5, 4, 143, 22, 63, 3, 100, 96, 98, 25, 20, 11, 31, 44, 30, 24, 19, 104, 37, 84, 70, 34, 39, 54, 47, 46, 51, 68, 60, 62, 49, 45, 56, 38, 57, 33, 95, 87, 103, 81, 82, 88, 89, 73, 69, 59, 66, 86, 79, 72, 80, 65]",True,33350666730,33.350666730,"[18, 32, 137, 138, 140, 139, 13, 14, 118, 116, 136, 112, 36, 135, 28, 26, 105, 99, 144, 10, 148, 149, 145, 147, 146, 12, 71, 58, 134, 109, 48, 67, 61, 78, 102, 93, 85, 133, 130, 129, 74, 42, 40, 7, 131, 132, 54, 143, 128, 126, 47, 125, 124, 123, 141, 142, 117, 103, 127, 89, 98, 75, 76, 119, 15, 115, 92, 86, 16, 25, 110, 108, 9, 111, 63, 64, 83, 90, 77, 55, 53, 27, 41, 8, 29, 43, 107, 114, 120, 121, 101, 106, 44, 6, 1, 2, 0, 52, 51, 46, 70, 69, 94, 79, 80, 62, 60, 59, 68, 66, 72, 65, 91, 73, 39, 50, 49, 45, 56, 38, 57, 97, 96, 100, 95, 87, 88, 104, 82, 81, 84, 24, 30, 11, 31, 23, 5, 4, 3, 21, 22, 20, 19, 35, 34, 37, 33]","[33, 37, 34, 35, 19, 20, 22, 21, 3, 4, 5, 23, 31, 11, 30, 24, 84, 81, 82, 104, 88, 87, 95, 100, 96, 97, 57, 38, 56, 45, 49, 50, 39, 73, 91, 65, 72, 66, 68, 59, 60, 62, 80, 79, 94, 69, 70, 46, 51, 52, 0, 2, 1, 6, 44, 106, 101, 121, 120, 114, 107, 43, 29, 8, 41, 27, 53, 55, 77, 90, 83, 64, 63, 111, 9, 108, 110, 25, 16, 86, 92, 115, 15, 119, 76, 75, 98, 89, 127, 103, 117, 142, 141, 123, 124, 125, 47, 126, 128, 143, 54, 132, 131, 7, 40, 42, 74, 129, 130, 133, 85, 93, 102, 78, 61, 67, 48, 109, 134, 58, 71, 12, 146, 147, 145, 149, 148, 10, 144, 99, 105, 26, 28, 135, 36, 112, 136, 116, 118, 14, 13, 139, 140, 138, 137, 32, 18]",False,complete,148,148,10919,0,2102,0,2102,2000,,False,,,,,,,2,115,17,115,17,17,17,17
1,454,3,4,145,"[17, 18, 32, 122]","[0, 1, 2, 3, 4, 5, 6, 7, 8, 9, 10, 11, 12, 13, 14, 15, 16, 19, 20, 21, 22, 23, 24, 25, 26, 27, 28, 29, 30, 31, 33, 34, 35, 36, 37, 38, 39, 40, 41, 42, 43, 44, 45, 46, 47, 48, 49, 50, 51, 52, 53, 54, 55, 56, 57, 58, 59, 60, 61, 62, 63, 64, 65, 66, 67, 68, 69, 70, 71, 72, 73, 74, 75, 76, 77, 78, 79, 80, 81, 82, 83, 84, 85, 86, 87, 88, 89, 90, 91, 92, 93, 94, 95, 96, 97, 98, 99, 100, 101, 102, 103, 104, 105, 106, 107, 108, 109, 110, 111, 112, 114, 115, 116, 117, 118, 119, 120, 121, 123, 124, 125, 126, 127, 128, 129, 130, 131, 132, 133, 134, 135, 136, 137, 138, 139, 140, 141, 142, 143, 144, 145, 146, 147, 148, 149]",{},[],0,"[122, 17, 18, 32, 137, 138, 140, 139, 13, 14, 116, 118, 136, 112, 36, 135, 28, 26, 105, 99, 144, 10, 145, 149, 102, 146, 147, 12, 58, 71, 134, 109, 67, 78, 48, 61, 148, 93, 85, 133, 130, 129, 76, 128, 97, 94, 74, 127, 91, 126, 35, 7, 21, 125, 83, 75, 142, 77, 141, 92, 115, 8, 27, 106, 101, 23, 120, 114, 121, 15, 16, 6, 124, 110, 123, 117, 29, 90, 108, 9, 111, 1, 2, 0, 42, 131, 132, 52, 64, 50, 119, 107, 53, 55, 41, 43, 40, 5, 4, 143, 22, 63, 3, 100, 96, 98, 25, 20, 11, 31, 44, 30, 24, 19, 104, 37, 84, 70, 34, 39, 54, 47, 46, 51, 68, 60, 62, 49, 45, 56, 38, 57, 33, 95, 87, 103, 81, 82, 88, 89, 73, 69, 59, 66, 86, 79, 72, 80, 65]",True,62966928954,62.966928954,"[137, 138, 139, 140, 14, 13, 118, 116, 136, 16, 36, 135, 26, 28, 99, 105, 145, 144, 10, 148, 149, 146, 147, 12, 58, 71, 134, 109, 67, 61, 48, 102, 133, 143, 7, 129, 130, 76, 128, 23, 31, 127, 91, 126, 125, 44, 132, 131, 54, 21, 141, 142, 53, 47, 8, 112, 78, 93, 85, 74, 110, 9, 63, 89, 64, 124, 123, 117, 119, 90, 77, 55, 92, 75, 41, 43, 29, 15, 27, 111, 108, 106, 115, 107, 6, 1, 2, 0, 114, 120, 121, 101, 40, 83, 103, 22, 4, 5, 3, 98, 30, 11, 100, 96, 97, 95, 104, 84, 37, 24, 20, 19, 25, 50, 42, 46, 51, 52, 35, 34, 39, 86, 82, 88, 70, 87, 81, 94, 69, 79, 80, 72, 68, 60, 59, 66, 73, 65, 62, 33, 45, 38, 56, 49, 57]","[57, 49, 56, 38, 45, 33, 62, 65, 73, 66, 59, 60, 68, 72, 80, 79, 69, 94, 81, 87, 70, 88, 82, 86, 39, 34, 35, 52, 51, 46, 42, 50, 25, 19, 20, 24, 37, 84, 104, 95, 97, 96, 100, 11, 30, 98, 3, 5, 4, 22, 103, 83, 40, 101, 121, 120, 114, 0, 2, 1, 6, 107, 115, 106, 108, 111, 27, 15, 29, 43, 41, 75, 92, 55, 77, 90, 119, 117, 123, 124, 64, 89, 63, 9, 110, 74, 85, 93, 78, 112, 8, 47, 53, 142, 141, 21, 54, 131, 132, 44, 125, 126, 91, 127, 31, 23, 128, 76, 130, 129, 7, 143, 133, 102, 48, 61, 67, 109, 134, 71, 58, 12, 147, 146, 149, 148, 10, 144, 145, 105, 99, 28, 26, 135, 36, 16, 136, 116, 118, 13, 14, 140, 139, 138, 137]",False,complete,196,196,12192,0,5449,32,5417,2000,,False,,,,,,,2,134,28,134,28,28,28,28
1,455,4,6,143,"[17, 18, 32, 122, 137, 138]","[0, 1, 2, 3, 4, 5, 6, 7, 8, 9, 10, 11, 12, 13, 14, 15, 16, 19, 20, 21, 22, 23, 24, 25, 26, 27, 28, 29, 30, 31, 33, 34, 35, 36, 37, 38, 39, 40, 41, 42, 43, 44, 45, 46, 47, 48, 49, 50, 51, 52, 53, 54, 55, 56, 57, 58, 59, 60, 61, 62, 63, 64, 65, 66, 67, 68, 69, 70, 71, 72, 73, 74, 75, 76, 77, 78, 79, 80, 81, 82, 83, 84, 85, 86, 87, 88, 89, 90, 91, 92, 93, 94, 95, 96, 97, 98, 99, 100, 101, 102, 103, 104, 105, 106, 107, 108, 109, 110, 111, 112, 114, 115, 116, 117, 118, 119, 120, 121, 123, 124, 125, 126, 127, 128, 129, 130, 131, 132, 133, 134, 135, 136, 139, 140, 141, 142, 143, 144, 145, 146, 147, 148, 149]",{},[],0,"[122, 17, 18, 32, 137, 138, 140, 139, 13, 14, 116, 118, 136, 112, 36, 135, 28, 26, 105, 99, 144, 10, 145, 149, 102, 146, 147, 12, 58, 71, 134, 109, 67, 78, 48, 61, 148, 93, 85, 133, 130, 129, 76, 128, 97, 94, 74, 127, 91, 126, 35, 7, 21, 125, 83, 75, 142, 77, 141, 92, 115, 8, 27, 106, 101, 23, 120, 114, 121, 15, 16, 6, 124, 110, 123, 117, 29, 90, 108, 9, 111, 1, 2, 0, 42, 131, 132, 52, 64, 50, 119, 107, 53, 55, 41, 43, 40, 5, 4, 143, 22, 63, 3, 100, 96, 98, 25, 20, 11, 31, 44, 30, 24, 19, 104, 37, 84, 70, 34, 39, 54, 47, 46, 51, 68, 60, 62, 49, 45, 56, 38, 57, 33, 95, 87, 103, 81, 82, 88, 89, 73, 69, 59, 66, 86, 79, 72, 80, 65]",True,50970867304,50.970867304,"[139, 140, 13, 14, 116, 118, 136, 112, 36, 135, 28, 26, 105, 99, 148, 115, 149, 144, 145, 146, 147, 12, 71, 58, 134, 109, 67, 78, 61, 10, 48, 133, 129, 93, 85, 130, 74, 42, 40, 7, 131, 132, 52, 143, 128, 127, 31, 47, 35, 126, 125, 141, 27, 104, 124, 123, 142, 55, 119, 86, 15, 8, 102, 106, 101, 120, 114, 121, 117, 41, 43, 29, 107, 16, 111, 108, 25, 9, 110, 76, 64, 53, 90, 92, 77, 75, 6, 1, 2, 0, 30, 97, 11, 89, 98, 57, 96, 100, 50, 95, 83, 103, 44, 24, 84, 82, 91, 88, 70, 87, 81, 94, 69, 79, 80, 72, 68, 66, 73, 65, 59, 60, 56, 63, 62, 46, 54, 49, 51, 45, 38, 23, 39, 34, 33, 21, 37, 20, 19, 5, 4, 22, 3]","[3, 22, 4, 5, 19, 20, 37, 21, 33, 34, 39, 23, 38, 45, 51, 49, 54, 46, 62, 63, 56, 60, 59, 65, 73, 66, 68, 72, 80, 79, 69, 94, 81, 87, 70, 88, 91, 82, 84, 24, 44, 103, 83, 95, 50, 100, 96, 57, 98, 89, 11, 97, 30, 0, 2, 1, 6, 75, 77, 92, 90, 53, 64, 76, 110, 9, 25, 108, 111, 16, 107, 29, 43, 41, 117, 121, 114, 120, 101, 106, 102, 8, 15, 86, 119, 55, 142, 123, 124, 104, 27, 141, 125, 126, 35, 47, 31, 127, 128, 143, 52, 132, 131, 7, 40, 42, 74, 130, 85, 93, 129, 133, 48, 10, 61, 78, 67, 109, 134, 58, 71, 12, 147, 146, 145, 144, 149, 115, 148, 99, 105, 26, 28, 135, 36, 112, 136, 118, 116, 14, 13, 140, 139]",False,complete,177,177,11425,0,4380,78,4302,2000,,False,,,,,,,2,91,23,91,23,23,23,23
1,456,5,8,141,"[17, 18, 32, 122, 137, 138, 139, 140]","[0, 1, 2, 3, 4, 5, 6, 7, 8, 9, 10, 11, 12, 13, 14, 15, 16, 19, 20, 21, 22, 23, 24, 25, 26, 27, 28, 29, 30, 31, 33, 34, 35, 36, 37, 38, 39, 40, 41, 42, 43, 44, 45, 46, 47, 48, 49, 50, 51, 52, 53, 54, 55, 56, 57, 58, 59, 60, 61, 62, 63, 64, 65, 66, 67, 68, 69, 70, 71, 72, 73, 74, 75, 76, 77, 78, 79, 80, 81, 82, 83, 84, 85, 86, 87, 88, 89, 90, 91, 92, 93, 94, 95, 96, 97, 98, 99, 100, 101, 102, 103, 104, 105, 106, 107, 108, 109, 110, 111, 112, 114, 115, 116, 117, 118, 119, 120, 121, 123, 124, 125, 126, 127, 128, 129, 130, 131, 132, 133, 134, 135, 136, 141, 142, 143, 144, 145, 146, 147, 148, 149]",{},[],0,"[122, 17, 18, 32, 137, 138, 140, 139, 13, 14, 116, 118, 136, 112, 36, 135, 28, 26, 105, 99, 144, 10, 145, 149, 102, 146, 147, 12, 58, 71, 134, 109, 67, 78, 48, 61, 148, 93, 85, 133, 130, 129, 76, 128, 97, 94, 74, 127, 91, 126, 35, 7, 21, 125, 83, 75, 142, 77, 141, 92, 115, 8, 27, 106, 101, 23, 120, 114, 121, 15, 16, 6, 124, 110, 123, 117, 29, 90, 108, 9, 111, 1, 2, 0, 42, 131, 132, 52, 64, 50, 119, 107, 53, 55, 41, 43, 40, 5, 4, 143, 22, 63, 3, 100, 96, 98, 25, 20, 11, 31, 44, 30, 24, 19, 104, 37, 84, 70, 34, 39, 54, 47, 46, 51, 68, 60, 62, 49, 45, 56, 38, 57, 33, 95, 87, 103, 81, 82, 88, 89, 73, 69, 59, 66, 86, 79, 72, 80, 65]",True,48889049817,48.889049817,"[13, 14, 116, 118, 136, 112, 36, 135, 26, 28, 105, 99, 148, 115, 144, 145, 149, 146, 147, 12, 71, 58, 134, 109, 67, 61, 78, 10, 48, 133, 130, 93, 85, 129, 76, 128, 31, 94, 74, 127, 91, 126, 35, 7, 83, 125, 102, 103, 141, 142, 75, 8, 124, 123, 117, 84, 16, 42, 40, 143, 132, 131, 54, 110, 108, 9, 111, 64, 50, 77, 119, 55, 53, 92, 90, 41, 43, 29, 15, 27, 107, 114, 120, 121, 101, 106, 70, 25, 44, 24, 97, 30, 11, 100, 96, 98, 95, 87, 104, 81, 82, 88, 89, 73, 69, 79, 72, 80, 86, 66, 65, 47, 68, 63, 60, 59, 62, 57, 6, 1, 2, 0, 52, 51, 46, 49, 45, 56, 38, 23, 39, 34, 33, 21, 37, 20, 19, 5, 4, 22, 3]","[3, 22, 4, 5, 19, 20, 37, 21, 33, 34, 39, 23, 38, 56, 45, 49, 46, 51, 52, 0, 2, 1, 6, 57, 62, 59, 60, 63, 68, 47, 65, 66, 86, 80, 72, 79, 69, 73, 89, 88, 82, 81, 104, 87, 95, 98, 96, 100, 11, 30, 97, 24, 44, 25, 70, 106, 101, 121, 120, 114, 107, 27, 15, 29, 43, 41, 90, 92, 53, 55, 119, 77, 50, 64, 111, 9, 108, 110, 54, 131, 132, 143, 40, 42, 16, 84, 117, 123, 124, 8, 75, 142, 141, 103, 102, 125, 83, 7, 35, 126, 91, 127, 74, 94, 31, 128, 76, 129, 85, 93, 130, 133, 48, 10, 78, 61, 67, 109, 134, 58, 71, 12, 147, 146, 149, 145, 144, 115, 148, 99, 105, 28, 26, 135, 36, 112, 136, 118, 116, 14, 13]",False,complete,164,164,10830,0,3619,31,3588,2000,,False,,,,,,,2,129,21,129,21,21,21,21
1,457,6,10,139,"[13, 14, 17, 18, 32, 122, 137, 138, 139, 140]","[0, 1, 2, 3, 4, 5, 6, 7, 8, 9, 10, 11, 12, 15, 16, 19, 20, 21, 22, 23, 24, 25, 26, 27, 28, 29, 30, 31, 33, 34, 35, 36, 37, 38, 39, 40, 41, 42, 43, 44, 45, 46, 47, 48, 49, 50, 51, 52, 53, 54, 55, 56, 57, 58, 59, 60, 61, 62, 63, 64, 65, 66, 67, 68, 69, 70, 71, 72, 73, 74, 75, 76, 77, 78, 79, 80, 81, 82, 83, 84, 85, 86, 87, 88, 89, 90, 91, 92, 93, 94, 95, 96, 97, 98, 99, 100, 101, 102, 103, 104, 105, 106, 107, 108, 109, 110, 111, 112, 114, 115, 116, 117, 118, 119, 120, 121, 123, 124, 125, 126, 127, 128, 129, 130, 131, 132, 133, 134, 135, 136, 141, 142, 143, 144, 145, 146, 147, 148, 149]",{},[],0,"[122, 17, 18, 32, 137, 138, 140, 139, 13, 14, 116, 118, 136, 112, 36, 135, 28, 26, 105, 99, 144, 10, 145, 149, 102, 146, 147, 12, 58, 71, 134, 109, 67, 78, 48, 61, 148, 93, 85, 133, 130, 129, 76, 128, 97, 94, 74, 127, 91, 126, 35, 7, 21, 125, 83, 75, 142, 77, 141, 92, 115, 8, 27, 106, 101, 23, 120, 114, 121, 15, 16, 6, 124, 110, 123, 117, 29, 90, 108, 9, 111, 1, 2, 0, 42, 131, 132, 52, 64, 50, 119, 107, 53, 55, 41, 43, 40, 5, 4, 143, 22, 63, 3, 100, 96, 98, 25, 20, 11, 31, 44, 30, 24, 19, 104, 37, 84, 70, 34, 39, 54, 47, 46, 51, 68, 60, 62, 49, 45, 56, 38, 57, 33, 95, 87, 103, 81, 82, 88, 89, 73, 69, 59, 66, 86, 79, 72, 80, 65]",True,50052610215,50.052610215,"[116, 118, 136, 112, 36, 135, 26, 28, 99, 105, 145, 144, 10, 149, 102, 146, 147, 12, 71, 58, 134, 109, 48, 61, 16, 85, 78, 133, 7, 93, 130, 131, 132, 129, 74, 76, 97, 128, 94, 50, 124, 126, 37, 143, 127, 89, 35, 91, 125, 103, 141, 142, 15, 123, 43, 8, 29, 117, 119, 148, 115, 110, 108, 9, 111, 27, 107, 114, 40, 52, 64, 55, 92, 77, 53, 90, 75, 41, 121, 63, 120, 101, 21, 106, 47, 6, 1, 2, 0, 42, 34, 39, 46, 51, 54, 33, 57, 56, 49, 45, 62, 67, 38, 83, 44, 68, 60, 70, 69, 59, 79, 80, 72, 86, 66, 73, 65, 25, 5, 20, 22, 4, 23, 3, 100, 96, 98, 11, 30, 31, 24, 19, 84, 87, 82, 81, 104, 88, 95]","[95, 88, 104, 81, 82, 87, 84, 19, 24, 31, 30, 11, 98, 96, 100, 3, 23, 4, 22, 20, 5, 25, 65, 73, 66, 86, 72, 80, 79, 59, 69, 70, 60, 68, 44, 83, 38, 67, 62, 45, 49, 56, 57, 33, 54, 51, 46, 39, 34, 42, 0, 2, 1, 6, 47, 106, 21, 101, 120, 63, 121, 41, 75, 90, 53, 77, 92, 55, 64, 52, 40, 114, 107, 27, 111, 9, 108, 110, 115, 148, 119, 117, 29, 8, 43, 123, 15, 142, 141, 103, 125, 91, 35, 89, 127, 143, 37, 126, 124, 50, 94, 128, 97, 76, 74, 129, 132, 131, 130, 93, 7, 133, 78, 85, 16, 61, 48, 109, 134, 58, 71, 12, 147, 146, 102, 149, 10, 144, 145, 105, 99, 28, 26, 135, 36, 112, 136, 118, 116]",False,complete,158,158,10386,0,3894,14,3880,2000,,False,,,,,,,2,114,23,114,23,23,23,23
1,458,7,12,137,"[13, 14, 17, 18, 32, 116, 118, 122, 137, 138, 139, 140]","[0, 1, 2, 3, 4, 5, 6, 7, 8, 9, 10, 11, 12, 15, 16, 19, 20, 21, 22, 23, 24, 25, 26, 27, 28, 29, 30, 31, 33, 34, 35, 36, 37, 38, 39, 40, 41, 42, 43, 44, 45, 46, 47, 48, 49, 50, 51, 52, 53, 54, 55, 56, 57, 58, 59, 60, 61, 62, 63, 64, 65, 66, 67, 68, 69, 70, 71, 72, 73, 74, 75, 76, 77, 78, 79, 80, 81, 82, 83, 84, 85, 86, 87, 88, 89, 90, 91, 92, 93, 94, 95, 96, 97, 98, 99, 100, 101, 102, 103, 104, 105, 106, 107, 108, 109, 110, 111, 112, 114, 115, 117, 119, 120, 121, 123, 124, 125, 126, 127, 128, 129, 130, 131, 132, 133, 134, 135, 136, 141, 142, 143, 144, 145, 146, 147, 148, 149]",{},[],0,"[122, 17, 18, 32, 137, 138, 140, 139, 13, 14, 116, 118, 136, 112, 36, 135, 28, 26, 105, 99, 144, 10, 145, 149, 102, 146, 147, 12, 58, 71, 134, 109, 67, 78, 48, 61, 148, 93, 85, 133, 130, 129, 76, 128, 97, 94, 74, 127, 91, 126, 35, 7, 21, 125, 83, 75, 142, 77, 141, 92, 115, 8, 27, 106, 101, 23, 120, 114, 121, 15, 16, 6, 124, 110, 123, 117, 29, 90, 108, 9, 111, 1, 2, 0, 42, 131, 132, 52, 64, 50, 119, 107, 53, 55, 41, 43, 40, 5, 4, 143, 22, 63, 3, 100, 96, 98, 25, 20, 11, 31, 44, 30, 24, 19, 104, 37, 84, 70, 34, 39, 54, 47, 46, 51, 68, 60, 62, 49, 45, 56, 38, 57, 33, 95, 87, 103, 81, 82, 88, 89, 73, 69, 59, 66, 86, 79, 72, 80, 65]",True,60184323290,60.184323290,"[136, 112, 36, 135, 28, 26, 105, 99, 149, 102, 145, 148, 144, 146, 147, 12, 58, 71, 134, 109, 61, 78, 115, 48, 85, 93, 133, 7, 130, 132, 40, 129, 76, 74, 97, 23, 143, 131, 52, 128, 127, 83, 89, 86, 142, 75, 124, 35, 126, 47, 141, 123, 119, 117, 125, 92, 8, 15, 10, 21, 16, 67, 110, 108, 9, 111, 64, 103, 77, 53, 55, 90, 43, 27, 29, 41, 107, 114, 120, 121, 101, 106, 63, 6, 1, 2, 0, 42, 5, 25, 4, 22, 20, 37, 34, 39, 46, 51, 54, 3, 100, 96, 98, 11, 30, 31, 95, 104, 44, 24, 19, 50, 84, 82, 91, 88, 70, 87, 81, 94, 69, 79, 80, 72, 68, 60, 59, 66, 73, 65, 62, 33, 45, 38, 56, 49, 57]","[57, 49, 56, 38, 45, 33, 62, 65, 73, 66, 59, 60, 68, 72, 80, 79, 69, 94, 81, 87, 70, 88, 91, 82, 84, 50, 19, 24, 44, 104, 95, 31, 30, 11, 98, 96, 100, 3, 54, 51, 46, 39, 34, 37, 20, 22, 4, 25, 5, 42, 0, 2, 1, 6, 63, 106, 101, 121, 120, 114, 107, 41, 29, 27, 43, 90, 55, 53, 77, 103, 64, 111, 9, 108, 110, 67, 16, 21, 10, 15, 8, 92, 125, 117, 119, 123, 141, 47, 126, 35, 124, 75, 142, 86, 89, 83, 127, 128, 52, 131, 143, 23, 97, 74, 76, 129, 40, 132, 130, 7, 133, 93, 85, 48, 115, 78, 61, 109, 134, 71, 58, 12, 147, 146, 144, 148, 145, 102, 149, 99, 105, 26, 28, 135, 36, 112, 136]",False,complete,210,210,11203,0,5625,87,5538,2000,,False,,,,,,,2,130,22,130,22,22,22,22
1,459,8,14,135,"[13, 14, 17, 18, 32, 112, 116, 118, 122, 136, 137, 138, 139, 140]","[0, 1, 2, 3, 4, 5, 6, 7, 8, 9, 10, 11, 12, 15, 16, 19, 20, 21, 22, 23, 24, 25, 26, 27, 28, 29, 30, 31, 33, 34, 35, 36, 37, 38, 39, 40, 41, 42, 43, 44, 45, 46, 47, 48, 49, 50, 51, 52, 53, 54, 55, 56, 57, 58, 59, 60, 61, 62, 63, 64, 65, 66, 67, 68, 69, 70, 71, 72, 73, 74, 75, 76, 77, 78, 79, 80, 81, 82, 83, 84, 85, 86, 87, 88, 89, 90, 91, 92, 93, 94, 95, 96, 97, 98, 99, 100, 101, 102, 103, 104, 105, 106, 107, 108, 109, 110, 111, 114, 115, 117, 119, 120, 121, 123, 124, 125, 126, 127, 128, 129, 130, 131, 132, 133, 134, 135, 141, 142, 143, 144, 145, 146, 147, 148, 149]",{},[],0,"[122, 17, 18, 32, 137, 138, 140, 139, 13, 14, 116, 118, 136, 112, 36, 135, 28, 26, 105, 99, 144, 10, 145, 149, 102, 146, 147, 12, 58, 71, 134, 109, 67, 78, 48, 61, 148, 93, 85, 133, 130, 129, 76, 128, 97, 94, 74, 127, 91, 126, 35, 7, 21, 125, 83, 75, 142, 77, 141, 92, 115, 8, 27, 106, 101, 23, 120, 114, 121, 15, 16, 6, 124, 110, 123, 117, 29, 90, 108, 9, 111, 1, 2, 0, 42, 131, 132, 52, 64, 50, 119, 107, 53, 55, 41, 43, 40, 5, 4, 143, 22, 63, 3, 100, 96, 98, 25, 20, 11, 31, 44, 30, 24, 19, 104, 37, 84, 70, 34, 39, 54, 47, 46, 51, 68, 60, 62, 49, 45, 56, 38, 57, 33, 95, 87, 103, 81, 82, 88, 89, 73, 69, 59, 66, 86, 79, 72, 80, 65]",True,64569536026,64.569536026,"[36, 135, 26, 28, 105, 99, 149, 102, 148, 144, 145, 146, 147, 12, 58, 71, 134, 109, 61, 67, 78, 10, 48, 93, 85, 133, 130, 129, 76, 128, 97, 94, 74, 127, 89, 126, 35, 7, 125, 21, 83, 142, 141, 77, 8, 27, 5, 124, 123, 119, 75, 117, 92, 53, 16, 40, 132, 131, 54, 110, 9, 64, 50, 90, 55, 43, 29, 41, 15, 111, 108, 106, 115, 107, 6, 1, 2, 0, 101, 120, 114, 121, 42, 47, 143, 52, 51, 46, 45, 62, 39, 34, 49, 56, 37, 57, 25, 20, 22, 4, 23, 33, 38, 68, 63, 44, 104, 60, 91, 70, 69, 59, 79, 80, 72, 86, 66, 73, 65, 3, 100, 96, 98, 11, 30, 31, 24, 19, 84, 87, 82, 81, 103, 88, 95]","[95, 88, 103, 81, 82, 87, 84, 19, 24, 31, 30, 11, 98, 96, 100, 3, 65, 73, 66, 86, 72, 80, 79, 59, 69, 70, 91, 60, 104, 44, 63, 68, 38, 33, 23, 4, 22, 20, 25, 57, 37, 56, 49, 34, 39, 62, 45, 46, 51, 52, 143, 47, 42, 121, 114, 120, 101, 0, 2, 1, 6, 107, 115, 106, 108, 111, 15, 41, 29, 43, 55, 90, 50, 64, 9, 110, 54, 131, 132, 40, 16, 53, 92, 117, 75, 119, 123, 124, 5, 27, 8, 77, 141, 142, 83, 21, 125, 7, 35, 126, 89, 127, 74, 94, 97, 128, 76, 129, 130, 133, 85, 93, 48, 10, 78, 67, 61, 109, 134, 71, 58, 12, 147, 146, 145, 144, 148, 102, 149, 99, 105, 28, 26, 135, 36]",False,complete,178,178,10510,0,5366,92,5274,2000,,False,,,,,,,2,118,24,118,24,24,24,24
1,460,9,16,133,"[13, 14, 17, 18, 32, 36, 112, 116, 118, 122, 135, 136, 137, 138, 139, 140]","[0, 1, 2, 3, 4, 5, 6, 7, 8, 9, 10, 11, 12, 15, 16, 19, 20, 21, 22, 23, 24, 25, 26, 27, 28, 29, 30, 31, 33, 34, 35, 37, 38, 39, 40, 41, 42, 43, 44, 45, 46, 47, 48, 49, 50, 51, 52, 53, 54, 55, 56, 57, 58, 59, 60, 61, 62, 63, 64, 65, 66, 67, 68, 69, 70, 71, 72, 73, 74, 75, 76, 77, 78, 79, 80, 81, 82, 83, 84, 85, 86, 87, 88, 89, 90, 91, 92, 93, 94, 95, 96, 97, 98, 99, 100, 101, 102, 103, 104, 105, 106, 107, 108, 109, 110, 111, 114, 115, 117, 119, 120, 121, 123, 124, 125, 126, 127, 128, 129, 130, 131, 132, 133, 134, 141, 142, 143, 144, 145, 146, 147, 148, 149]",{},[],0,"[122, 17, 18, 32, 137, 138, 140, 139, 13, 14, 116, 118, 136, 112, 36, 135, 28, 26, 105, 99, 144, 10, 145, 149, 102, 146, 147, 12, 58, 71, 134, 109, 67, 78, 48, 61, 148, 93, 85, 133, 130, 129, 76, 128, 97, 94, 74, 127, 91, 126, 35, 7, 21, 125, 83, 75, 142, 77, 141, 92, 115, 8, 27, 106, 101, 23, 120, 114, 121, 15, 16, 6, 124, 110, 123, 117, 29, 90, 108, 9, 111, 1, 2, 0, 42, 131, 132, 52, 64, 50, 119, 107, 53, 55, 41, 43, 40, 5, 4, 143, 22, 63, 3, 100, 96, 98, 25, 20, 11, 31, 44, 30, 24, 19, 104, 37, 84, 70, 34, 39, 54, 47, 46, 51, 68, 60, 62, 49, 45, 56, 38, 57, 33, 95, 87, 103, 81, 82, 88, 89, 73, 69, 59, 66, 86, 79, 72, 80, 65]",True,38832581746,38.832581746,"[28, 26, 105, 99, 148, 115, 145, 149, 144, 146, 147, 12, 71, 58, 134, 109, 67, 78, 48, 61, 10, 133, 129, 93, 85, 130, 74, 42, 40, 7, 131, 132, 52, 143, 128, 127, 31, 47, 35, 126, 125, 141, 29, 103, 124, 123, 142, 55, 27, 15, 8, 92, 77, 75, 104, 119, 102, 16, 110, 108, 9, 111, 117, 107, 25, 114, 76, 64, 53, 90, 41, 43, 121, 89, 120, 101, 63, 106, 50, 95, 98, 100, 96, 30, 11, 97, 6, 1, 2, 0, 54, 51, 46, 45, 49, 56, 57, 68, 62, 60, 91, 70, 69, 59, 79, 80, 88, 87, 94, 72, 83, 73, 66, 65, 84, 24, 82, 86, 81, 44, 38, 23, 39, 34, 33, 21, 37, 20, 19, 5, 4, 22, 3]","[3, 22, 4, 5, 19, 20, 37, 21, 33, 34, 39, 23, 38, 44, 81, 86, 82, 24, 84, 65, 66, 73, 83, 72, 94, 87, 88, 80, 79, 59, 69, 70, 91, 60, 62, 68, 57, 56, 49, 45, 46, 51, 54, 0, 2, 1, 6, 97, 11, 30, 96, 100, 98, 95, 50, 106, 63, 101, 120, 89, 121, 43, 41, 90, 53, 64, 76, 114, 25, 107, 117, 111, 9, 108, 110, 16, 102, 119, 104, 75, 77, 92, 8, 15, 27, 55, 142, 123, 124, 103, 29, 141, 125, 126, 35, 47, 31, 127, 128, 143, 52, 132, 131, 7, 40, 42, 74, 130, 85, 93, 129, 133, 10, 61, 48, 78, 67, 109, 134, 58, 71, 12, 147, 146, 144, 149, 145, 115, 148, 99, 105, 26, 28]",False,complete,135,135,9015,0,2534,2,2532,2000,,False,,,,,,,2,107,23,107,23,23,23,23
1,461,10,18,131,"[13, 14, 17, 18, 26, 28, 32, 36, 112, 116, 118, 122, 135, 136, 137, 138, 139, 140]","[0, 1, 2, 3, 4, 5, 6, 7, 8, 9, 10, 11, 12, 15, 16, 19, 20, 21, 22, 23, 24, 25, 27, 29, 30, 31, 33, 34, 35, 37, 38, 39, 40, 41, 42, 43, 44, 45, 46, 47, 48, 49, 50, 51, 52, 53, 54, 55, 56, 57, 58, 59, 60, 61, 62, 63, 64, 65, 66, 67, 68, 69, 70, 71, 72, 73, 74, 75, 76, 77, 78, 79, 80, 81, 82, 83, 84, 85, 86, 87, 88, 89, 90, 91, 92, 93, 94, 95, 96, 97, 98, 99, 100, 101, 102, 103, 104, 105, 106, 107, 108, 109, 110, 111, 114, 115, 117, 119, 120, 121, 123, 124, 125, 126, 127, 128, 129, 130, 131, 132, 133, 134, 141, 142, 143, 144, 145, 146, 147, 148, 149]",{},[],0,"[122, 17, 18, 32, 137, 138, 140, 139, 13, 14, 116, 118, 136, 112, 36, 135, 28, 26, 105, 99, 144, 10, 145, 149, 102, 146, 147, 12, 58, 71, 134, 109, 67, 78, 48, 61, 148, 93, 85, 133, 130, 129, 76, 128, 97, 94, 74, 127, 91, 126, 35, 7, 21, 125, 83, 75, 142, 77, 141, 92, 115, 8, 27, 106, 101, 23, 120, 114, 121, 15, 16, 6, 124, 110, 123, 117, 29, 90, 108, 9, 111, 1, 2, 0, 42, 131, 132, 52, 64, 50, 119, 107, 53, 55, 41, 43, 40, 5, 4, 143, 22, 63, 3, 100, 96, 98, 25, 20, 11, 31, 44, 30, 24, 19, 104, 37, 84, 70, 34, 39, 54, 47, 46, 51, 68, 60, 62, 49, 45, 56, 38, 57, 33, 95, 87, 103, 81, 82, 88, 89, 73, 69, 59, 66, 86, 79, 72, 80, 65]",True,33688091136,33.688091136,"[105, 99, 145, 148, 115, 144, 149, 146, 147, 12, 58, 71, 134, 109, 78, 48, 61, 102, 85, 93, 133, 7, 130, 132, 40, 129, 74, 76, 97, 23, 143, 131, 54, 128, 127, 83, 89, 86, 141, 77, 124, 35, 126, 47, 125, 142, 123, 119, 117, 90, 29, 55, 15, 27, 10, 16, 67, 110, 108, 107, 114, 9, 111, 64, 92, 75, 53, 41, 43, 8, 121, 106, 101, 120, 6, 1, 2, 0, 42, 5, 4, 21, 22, 63, 3, 100, 96, 98, 25, 11, 20, 31, 44, 30, 24, 19, 103, 37, 84, 82, 104, 95, 34, 39, 46, 52, 50, 51, 91, 88, 70, 87, 81, 94, 69, 79, 80, 72, 68, 60, 59, 66, 73, 65, 62, 33, 45, 38, 56, 49, 57]","[57, 49, 56, 38, 45, 33, 62, 65, 73, 66, 59, 60, 68, 72, 80, 79, 69, 94, 81, 87, 70, 88, 91, 51, 50, 52, 46, 39, 34, 95, 104, 82, 84, 37, 103, 19, 24, 30, 44, 31, 20, 11, 25, 98, 96, 100, 3, 63, 22, 21, 4, 5, 42, 0, 2, 1, 6, 120, 101, 106, 121, 8, 43, 41, 53, 75, 92, 64, 111, 9, 114, 107, 108, 110, 67, 16, 10, 27, 15, 55, 29, 90, 117, 119, 123, 142, 125, 47, 126, 35, 124, 77, 141, 86, 89, 83, 127, 128, 54, 131, 143, 23, 97, 76, 74, 129, 40, 132, 130, 7, 133, 93, 85, 102, 61, 48, 78, 109, 134, 71, 58, 12, 147, 146, 149, 144, 115, 148, 145, 99, 105]",False,complete,133,133,8700,0,2314,1,2313,2000,,False,,,,,,,2,121,23,121,23,23,23,23
1,462,11,20,129,"[13, 14, 17, 18, 26, 28, 32, 36, 99, 105, 112, 116, 118, 122, 135, 136, 137, 138, 139, 140]","[0, 1, 2, 3, 4, 5, 6, 7, 8, 9, 10, 11, 12, 15, 16, 19, 20, 21, 22, 23, 24, 25, 27, 29, 30, 31, 33, 34, 35, 37, 38, 39, 40, 41, 42, 43, 44, 45, 46, 47, 48, 49, 50, 51, 52, 53, 54, 55, 56, 57, 58, 59, 60, 61, 62, 63, 64, 65, 66, 67, 68, 69, 70, 71, 72, 73, 74, 75, 76, 77, 78, 79, 80, 81, 82, 83, 84, 85, 86, 87, 88, 89, 90, 91, 92, 93, 94, 95, 96, 97, 98, 100, 101, 102, 103, 104, 106, 107, 108, 109, 110, 111, 114, 115, 117, 119, 120, 121, 123, 124, 125, 126, 127, 128, 129, 130, 131, 132, 133, 134, 141, 142, 143, 144, 145, 146, 147, 148, 149]",{},[],0,"[122, 17, 18, 32, 137, 138, 140, 139, 13, 14, 116, 118, 136, 112, 36, 135, 28, 26, 105, 99, 144, 10, 145, 149, 102, 146, 147, 12, 58, 71, 134, 109, 67, 78, 48, 61, 148, 93, 85, 133, 130, 129, 76, 128, 97, 94, 74, 127, 91, 126, 35, 7, 21, 125, 83, 75, 142, 77, 141, 92, 115, 8, 27, 106, 101, 23, 120, 114, 121, 15, 16, 6, 124, 110, 123, 117, 29, 90, 108, 9, 111, 1, 2, 0, 42, 131, 132, 52, 64, 50, 119, 107, 53, 55, 41, 43, 40, 5, 4, 143, 22, 63, 3, 100, 96, 98, 25, 20, 11, 31, 44, 30, 24, 19, 104, 37, 84, 70, 34, 39, 54, 47, 46, 51, 68, 60, 62, 49, 45, 56, 38, 57, 33, 95, 87, 103, 81, 82, 88, 89, 73, 69, 59, 66, 86, 79, 72, 80, 65]",True,51812408838,51.812408838,"[145, 148, 115, 149, 144, 146, 147, 12, 71, 58, 134, 109, 67, 61, 48, 78, 10, 133, 130, 93, 85, 129, 74, 42, 40, 7, 132, 131, 52, 143, 128, 127, 31, 47, 35, 126, 125, 142, 27, 103, 141, 124, 123, 55, 86, 43, 15, 29, 119, 8, 41, 102, 106, 101, 120, 114, 121, 117, 107, 16, 111, 108, 25, 9, 110, 76, 64, 77, 75, 90, 53, 92, 6, 1, 2, 0, 30, 97, 11, 89, 98, 57, 96, 100, 50, 95, 83, 104, 44, 24, 84, 82, 91, 88, 70, 87, 81, 94, 69, 79, 80, 72, 68, 66, 73, 65, 59, 60, 56, 63, 62, 38, 23, 46, 54, 49, 51, 45, 39, 34, 33, 21, 37, 20, 19, 5, 4, 22, 3]","[3, 22, 4, 5, 19, 20, 37, 21, 33, 34, 39, 45, 51, 49, 54, 46, 23, 38, 62, 63, 56, 60, 59, 65, 73, 66, 68, 72, 80, 79, 69, 94, 81, 87, 70, 88, 91, 82, 84, 24, 44, 104, 83, 95, 50, 100, 96, 57, 98, 89, 11, 97, 30, 0, 2, 1, 6, 92, 53, 90, 75, 77, 64, 76, 110, 9, 25, 108, 111, 16, 107, 117, 121, 114, 120, 101, 106, 102, 41, 8, 119, 29, 15, 43, 86, 55, 123, 124, 141, 103, 27, 142, 125, 126, 35, 47, 31, 127, 128, 143, 52, 131, 132, 7, 40, 42, 74, 129, 85, 93, 130, 133, 10, 78, 48, 61, 67, 109, 134, 58, 71, 12, 147, 146, 144, 149, 115, 148, 145]",False,complete,163,163,9514,0,4390,78,4312,2000,,False,,,,,,,2,93,23,93,23,23,23,23
1,463,12,22,127,"[10, 13, 14, 17, 18, 26, 28, 32, 36, 99, 105, 112, 116, 118, 122, 135, 136, 137, 138, 139, 140, 144]","[0, 1, 2, 3, 4, 5, 6, 7, 8, 9, 11, 12, 15, 16, 19, 20, 21, 22, 23, 24, 25, 27, 29, 30, 31, 33, 34, 35, 37, 38, 39, 40, 41, 42, 43, 44, 45, 46, 47, 48, 49, 50, 51, 52, 53, 54, 55, 56, 57, 58, 59, 60, 61, 62, 63, 64, 65, 66, 67, 68, 69, 70, 71, 72, 73, 74, 75, 76, 77, 78, 79, 80, 81, 82, 83, 84, 85, 86, 87, 88, 89, 90, 91, 92, 93, 94, 95, 96, 97, 98, 100, 101, 102, 103, 104, 106, 107, 108, 109, 110, 111, 114, 115, 117, 119, 120, 121, 123, 124, 125, 126, 127, 128, 129, 130, 131, 132, 133, 134, 141, 142, 143, 145, 146, 147, 148, 149]",{},[],0,"[122, 17, 18, 32, 137, 138, 140, 139, 13, 14, 116, 118, 136, 112, 36, 135, 28, 26, 105, 99, 144, 10, 145, 149, 102, 146, 147, 12, 58, 71, 134, 109, 67, 78, 48, 61, 148, 93, 85, 133, 130, 129, 76, 128, 97, 94, 74, 127, 91, 126, 35, 7, 21, 125, 83, 75, 142, 77, 141, 92, 115, 8, 27, 106, 101, 23, 120, 114, 121, 15, 16, 6, 124, 110, 123, 117, 29, 90, 108, 9, 111, 1, 2, 0, 42, 131, 132, 52, 64, 50, 119, 107, 53, 55, 41, 43, 40, 5, 4, 143, 22, 63, 3, 100, 96, 98, 25, 20, 11, 31, 44, 30, 24, 19, 104, 37, 84, 70, 34, 39, 54, 47, 46, 51, 68, 60, 62, 49, 45, 56, 38, 57, 33, 95, 87, 103, 81, 82, 88, 89, 73, 69, 59, 66, 86, 79, 72, 80, 65]",True,49432309378,49.432309378,"[149, 102, 145, 146, 147, 12, 71, 58, 134, 109, 61, 78, 67, 148, 48, 93, 85, 133, 130, 129, 76, 128, 97, 94, 74, 127, 91, 126, 35, 7, 21, 125, 83, 75, 142, 77, 141, 90, 115, 15, 16, 42, 40, 132, 131, 54, 110, 108, 9, 111, 106, 101, 120, 114, 121, 64, 50, 124, 123, 92, 117, 119, 107, 53, 55, 29, 41, 27, 43, 8, 6, 1, 2, 0, 143, 63, 104, 70, 86, 69, 79, 80, 62, 60, 59, 68, 66, 72, 65, 89, 73, 52, 47, 46, 44, 51, 49, 45, 56, 57, 38, 25, 39, 23, 34, 33, 37, 20, 5, 4, 22, 19, 100, 96, 98, 24, 30, 11, 31, 3, 84, 82, 87, 81, 103, 88, 95]","[95, 88, 103, 81, 87, 82, 84, 3, 31, 11, 30, 24, 98, 96, 100, 19, 22, 4, 5, 20, 37, 33, 34, 23, 39, 25, 38, 57, 56, 45, 49, 51, 44, 46, 47, 52, 73, 89, 65, 72, 66, 68, 59, 60, 62, 80, 79, 69, 86, 70, 104, 63, 143, 0, 2, 1, 6, 8, 43, 27, 41, 29, 55, 53, 107, 119, 117, 92, 123, 124, 50, 64, 121, 114, 120, 101, 106, 111, 9, 108, 110, 54, 131, 132, 40, 42, 16, 15, 115, 90, 141, 77, 142, 75, 83, 125, 21, 7, 35, 126, 91, 127, 74, 94, 97, 128, 76, 129, 130, 133, 85, 93, 48, 148, 67, 78, 61, 109, 134, 58, 71, 12, 147, 146, 145, 102, 149]",False,complete,161,161,9307,0,4257,26,4231,2000,,False,,,,,,,2,117,20,117,20,20,20,20
1,464,13,24,125,"[10, 13, 14, 17, 18, 26, 28, 32, 36, 99, 105, 112, 116, 118, 122, 135, 136, 137, 138, 139, 140, 144, 145, 149]","[0, 1, 2, 3, 4, 5, 6, 7, 8, 9, 11, 12, 15, 16, 19, 20, 21, 22, 23, 24, 25, 27, 29, 30, 31, 33, 34, 35, 37, 38, 39, 40, 41, 42, 43, 44, 45, 46, 47, 48, 49, 50, 51, 52, 53, 54, 55, 56, 57, 58, 59, 60, 61, 62, 63, 64, 65, 66, 67, 68, 69, 70, 71, 72, 73, 74, 75, 76, 77, 78, 79, 80, 81, 82, 83, 84, 85, 86, 87, 88, 89, 90, 91, 92, 93, 94, 95, 96, 97, 98, 100, 101, 102, 103, 104, 106, 107, 108, 109, 110, 111, 114, 115, 117, 119, 120, 121, 123, 124, 125, 126, 127, 128, 129, 130, 131, 132, 133, 134, 141, 142, 143, 146, 147, 148]",{},[],0,"[122, 17, 18, 32, 137, 138, 140, 139, 13, 14, 116, 118, 136, 112, 36, 135, 28, 26, 105, 99, 144, 10, 145, 149, 102, 146, 147, 12, 58, 71, 134, 109, 67, 78, 48, 61, 148, 93, 85, 133, 130, 129, 76, 128, 97, 94, 74, 127, 91, 126, 35, 7, 21, 125, 83, 75, 142, 77, 141, 92, 115, 8, 27, 106, 101, 23, 120, 114, 121, 15, 16, 6, 124, 110, 123, 117, 29, 90, 108, 9, 111, 1, 2, 0, 42, 131, 132, 52, 64, 50, 119, 107, 53, 55, 41, 43, 40, 5, 4, 143, 22, 63, 3, 100, 96, 98, 25, 20, 11, 31, 44, 30, 24, 19, 104, 37, 84, 70, 34, 39, 54, 47, 46, 51, 68, 60, 62, 49, 45, 56, 38, 57, 33, 95, 87, 103, 81, 82, 88, 89, 73, 69, 59, 66, 86, 79, 72, 80, 65]",True,30970895943,30.970895943,"[102, 147, 146, 12, 58, 71, 134, 109, 48, 67, 61, 78, 148, 93, 85, 133, 130, 129, 74, 40, 42, 7, 132, 131, 52, 143, 128, 126, 47, 125, 94, 100, 142, 141, 15, 8, 77, 76, 44, 50, 124, 123, 115, 90, 121, 16, 114, 110, 108, 9, 111, 63, 106, 101, 120, 127, 89, 53, 75, 119, 117, 107, 55, 92, 27, 43, 41, 29, 25, 83, 103, 6, 1, 2, 0, 54, 51, 46, 45, 39, 62, 49, 56, 38, 57, 70, 86, 69, 79, 80, 64, 60, 59, 68, 66, 72, 65, 91, 73, 97, 96, 98, 95, 87, 88, 104, 82, 81, 84, 24, 30, 11, 31, 23, 5, 4, 3, 21, 22, 20, 19, 35, 34, 37, 33]","[33, 37, 34, 35, 19, 20, 22, 21, 3, 4, 5, 23, 31, 11, 30, 24, 84, 81, 82, 104, 88, 87, 95, 98, 96, 97, 73, 91, 65, 72, 66, 68, 59, 60, 64, 80, 79, 69, 86, 70, 57, 38, 56, 49, 62, 39, 45, 46, 51, 54, 0, 2, 1, 6, 103, 83, 25, 29, 41, 43, 27, 92, 55, 107, 117, 119, 75, 53, 89, 127, 120, 101, 106, 63, 111, 9, 108, 110, 114, 16, 121, 90, 115, 123, 124, 50, 44, 76, 77, 8, 15, 141, 142, 100, 94, 125, 47, 126, 128, 143, 52, 131, 132, 7, 42, 40, 74, 129, 130, 133, 85, 93, 148, 78, 61, 67, 48, 109, 134, 71, 58, 12, 146, 147, 102]",False,complete,126,126,7919,0,2129,1,2128,2000,,False,,,,,,,2,99,19,99,19,19,19,19
1,465,14,26,123,"[10, 13, 14, 17, 18, 26, 28, 32, 36, 99, 102, 105, 112, 116, 118, 122, 135, 136, 137, 138, 139, 140, 144, 145, 146, 149]","[0, 1, 2, 3, 4, 5, 6, 7, 8, 9, 11, 12, 15, 16, 19, 20, 21, 22, 23, 24, 25, 27, 29, 30, 31, 33, 34, 35, 37, 38, 39, 40, 41, 42, 43, 44, 45, 46, 47, 48, 49, 50, 51, 52, 53, 54, 55, 56, 57, 58, 59, 60, 61, 62, 63, 64, 65, 66, 67, 68, 69, 70, 71, 72, 73, 74, 75, 76, 77, 78, 79, 80, 81, 82, 83, 84, 85, 86, 87, 88, 89, 90, 91, 92, 93, 94, 95, 96, 97, 98, 100, 101, 103, 104, 106, 107, 108, 109, 110, 111, 114, 115, 117, 119, 120, 121, 123, 124, 125, 126, 127, 128, 129, 130, 131, 132, 133, 134, 141, 142, 143, 147, 148]",{},[],0,"[122, 17, 18, 32, 137, 138, 140, 139, 13, 14, 116, 118, 136, 112, 36, 135, 28, 26, 105, 99, 144, 10, 145, 149, 102, 146, 147, 12, 58, 71, 134, 109, 67, 78, 48, 61, 148, 93, 85, 133, 130, 129, 76, 128, 97, 94, 74, 127, 91, 126, 35, 7, 21, 125, 83, 75, 142, 77, 141, 92, 115, 8, 27, 106, 101, 23, 120, 114, 121, 15, 16, 6, 124, 110, 123, 117, 29, 90, 108, 9, 111, 1, 2, 0, 42, 131, 132, 52, 64, 50, 119, 107, 53, 55, 41, 43, 40, 5, 4, 143, 22, 63, 3, 100, 96, 98, 25, 20, 11, 31, 44, 30, 24, 19, 104, 37, 84, 70, 34, 39, 54, 47, 46, 51, 68, 60, 62, 49, 45, 56, 38, 57, 33, 95, 87, 103, 81, 82, 88, 89, 73, 69, 59, 66, 86, 79, 72, 80, 65]",True,67791348825,67.791348825,"[147, 12, 71, 58, 134, 109, 67, 78, 48, 61, 148, 93, 85, 133, 130, 129, 76, 128, 97, 94, 74, 127, 89, 126, 35, 7, 125, 21, 83, 141, 142, 90, 124, 123, 117, 92, 115, 84, 104, 16, 40, 42, 132, 131, 52, 110, 108, 9, 111, 64, 50, 55, 53, 77, 119, 75, 41, 43, 27, 29, 8, 15, 107, 114, 120, 121, 101, 106, 70, 6, 1, 2, 0, 31, 30, 11, 100, 96, 98, 95, 87, 103, 81, 82, 88, 91, 73, 69, 79, 72, 80, 86, 66, 65, 47, 68, 63, 60, 59, 62, 57, 143, 5, 56, 49, 46, 45, 51, 54, 25, 24, 39, 38, 44, 34, 33, 37, 3, 19, 4, 22, 20, 23]","[23, 20, 22, 4, 19, 3, 37, 33, 34, 44, 38, 39, 24, 25, 54, 51, 45, 46, 49, 56, 5, 143, 57, 62, 59, 60, 63, 68, 47, 65, 66, 86, 80, 72, 79, 69, 73, 91, 88, 82, 81, 103, 87, 95, 98, 96, 100, 11, 30, 31, 0, 2, 1, 6, 70, 106, 101, 121, 120, 114, 107, 15, 8, 29, 27, 43, 41, 75, 119, 77, 53, 55, 50, 64, 111, 9, 108, 110, 52, 131, 132, 42, 40, 16, 104, 84, 115, 92, 117, 123, 124, 90, 142, 141, 83, 21, 125, 7, 35, 126, 89, 127, 74, 94, 97, 128, 76, 129, 130, 133, 85, 93, 148, 61, 48, 78, 67, 109, 134, 58, 71, 12, 147]",False,complete,211,211,10203,0,6347,154,6193,2000,,False,,,,,,,2,131,21,131,21,21,21,21
1,466,15,28,121,"[10, 12, 13, 14, 17, 18, 26, 28, 32, 36, 99, 102, 105, 112, 116, 118, 122, 135, 136, 137, 138, 139, 140, 144, 145, 146, 147, 149]","[0, 1, 2, 3, 4, 5, 6, 7, 8, 9, 11, 15, 16, 19, 20, 21, 22, 23, 24, 25, 27, 29, 30, 31, 33, 34, 35, 37, 38, 39, 40, 41, 42, 43, 44, 45, 46, 47, 48, 49, 50, 51, 52, 53, 54, 55, 56, 57, 58, 59, 60, 61, 62, 63, 64, 65, 66, 67, 68, 69, 70, 71, 72, 73, 74, 75, 76, 77, 78, 79, 80, 81, 82, 83, 84, 85, 86, 87, 88, 89, 90, 91, 92, 93, 94, 95, 96, 97, 98, 100, 101, 103, 104, 106, 107, 108, 109, 110, 111, 114, 115, 117, 119, 120, 121, 123, 124, 125, 126, 127, 128, 129, 130, 131, 132, 133, 134, 141, 142, 143, 148]",{},[],0,"[122, 17, 18, 32, 137, 138, 140, 139, 13, 14, 116, 118, 136, 112, 36, 135, 28, 26, 105, 99, 144, 10, 145, 149, 102, 146, 147, 12, 58, 71, 134, 109, 67, 78, 48, 61, 148, 93, 85, 133, 130, 129, 76, 128, 97, 94, 74, 127, 91, 126, 35, 7, 21, 125, 83, 75, 142, 77, 141, 92, 115, 8, 27, 106, 101, 23, 120, 114, 121, 15, 16, 6, 124, 110, 123, 117, 29, 90, 108, 9, 111, 1, 2, 0, 42, 131, 132, 52, 64, 50, 119, 107, 53, 55, 41, 43, 40, 5, 4, 143, 22, 63, 3, 100, 96, 98, 25, 20, 11, 31, 44, 30, 24, 19, 104, 37, 84, 70, 34, 39, 54, 47, 46, 51, 68, 60, 62, 49, 45, 56, 38, 57, 33, 95, 87, 103, 81, 82, 88, 89, 73, 69, 59, 66, 86, 79, 72, 80, 65]",True,31135719210,31.135719210,"[58, 71, 134, 109, 48, 67, 78, 61, 148, 93, 85, 133, 130, 129, 74, 40, 42, 7, 131, 132, 52, 143, 128, 126, 47, 125, 94, 100, 141, 142, 15, 8, 77, 76, 44, 50, 124, 123, 115, 92, 121, 16, 114, 110, 108, 9, 111, 63, 106, 101, 120, 127, 89, 117, 119, 107, 75, 90, 53, 55, 29, 41, 27, 43, 25, 83, 103, 6, 1, 2, 0, 54, 51, 46, 45, 39, 62, 49, 56, 38, 57, 70, 86, 69, 79, 80, 64, 60, 59, 68, 66, 72, 65, 91, 73, 97, 96, 98, 95, 87, 88, 104, 82, 81, 84, 24, 30, 11, 31, 23, 5, 4, 3, 21, 22, 20, 19, 35, 34, 37, 33]","[33, 37, 34, 35, 19, 20, 22, 21, 3, 4, 5, 23, 31, 11, 30, 24, 84, 81, 82, 104, 88, 87, 95, 98, 96, 97, 73, 91, 65, 72, 66, 68, 59, 60, 64, 80, 79, 69, 86, 70, 57, 38, 56, 49, 62, 39, 45, 46, 51, 54, 0, 2, 1, 6, 103, 83, 25, 43, 27, 41, 29, 55, 53, 90, 75, 107, 119, 117, 89, 127, 120, 101, 106, 63, 111, 9, 108, 110, 114, 16, 121, 92, 115, 123, 124, 50, 44, 76, 77, 8, 15, 142, 141, 100, 94, 125, 47, 126, 128, 143, 52, 132, 131, 7, 42, 40, 74, 129, 130, 133, 85, 93, 148, 61, 78, 67, 48, 109, 134, 71, 58]",False,complete,122,122,7425,0,2126,1,2125,2000,,False,,,,,,,2,99,19,99,19,19,19,19
1,467,16,30,119,"[10, 12, 13, 14, 17, 18, 26, 28, 32, 36, 58, 71, 99, 102, 105, 112, 116, 118, 122, 135, 136, 137, 138, 139, 140, 144, 145, 146, 147, 149]","[0, 1, 2, 3, 4, 5, 6, 7, 8, 9, 11, 15, 16, 19, 20, 21, 22, 23, 24, 25, 27, 29, 30, 31, 33, 34, 35, 37, 38, 39, 40, 41, 42, 43, 44, 45, 46, 47, 48, 49, 50, 51, 52, 53, 54, 55, 56, 57, 59, 60, 61, 62, 63, 64, 65, 66, 67, 68, 69, 70, 72, 73, 74, 75, 76, 77, 78, 79, 80, 81, 82, 83, 84, 85, 86, 87, 88, 89, 90, 91, 92, 93, 94, 95, 96, 97, 98, 100, 101, 103, 104, 106, 107, 108, 109, 110, 111, 114, 115, 117, 119, 120, 121, 123, 124, 125, 126, 127, 128, 129, 130, 131, 132, 133, 134, 141, 142, 143, 148]",{},[],0,"[122, 17, 18, 32, 137, 138, 140, 139, 13, 14, 116, 118, 136, 112, 36, 135, 28, 26, 105, 99, 144, 10, 145, 149, 102, 146, 147, 12, 58, 71, 134, 109, 67, 78, 48, 61, 148, 93, 85, 133, 130, 129, 76, 128, 97, 94, 74, 127, 91, 126, 35, 7, 21, 125, 83, 75, 142, 77, 141, 92, 115, 8, 27, 106, 101, 23, 120, 114, 121, 15, 16, 6, 124, 110, 123, 117, 29, 90, 108, 9, 111, 1, 2, 0, 42, 131, 132, 52, 64, 50, 119, 107, 53, 55, 41, 43, 40, 5, 4, 143, 22, 63, 3, 100, 96, 98, 25, 20, 11, 31, 44, 30, 24, 19, 104, 37, 84, 70, 34, 39, 54, 47, 46, 51, 68, 60, 62, 49, 45, 56, 38, 57, 33, 95, 87, 103, 81, 82, 88, 89, 73, 69, 59, 66, 86, 79, 72, 80, 65]",True,50468905741,50.468905741,"[134, 109, 61, 67, 48, 78, 148, 93, 85, 133, 130, 129, 76, 128, 97, 94, 74, 127, 91, 126, 35, 7, 21, 125, 83, 75, 142, 77, 141, 90, 115, 15, 16, 42, 40, 132, 131, 54, 110, 108, 9, 111, 106, 101, 120, 114, 121, 64, 50, 124, 123, 92, 55, 53, 119, 117, 107, 43, 27, 8, 41, 29, 6, 1, 2, 0, 143, 63, 103, 70, 86, 69, 79, 80, 62, 60, 59, 68, 66, 72, 65, 89, 73, 52, 47, 46, 44, 51, 49, 45, 56, 57, 38, 25, 39, 23, 34, 33, 37, 20, 5, 4, 22, 19, 100, 96, 98, 24, 30, 11, 31, 3, 84, 82, 87, 81, 104, 88, 95]","[95, 88, 104, 81, 87, 82, 84, 3, 31, 11, 30, 24, 98, 96, 100, 19, 22, 4, 5, 20, 37, 33, 34, 23, 39, 25, 38, 57, 56, 45, 49, 51, 44, 46, 47, 52, 73, 89, 65, 72, 66, 68, 59, 60, 62, 80, 79, 69, 86, 70, 103, 63, 143, 0, 2, 1, 6, 29, 41, 8, 27, 43, 107, 117, 119, 53, 55, 92, 123, 124, 50, 64, 121, 114, 120, 101, 106, 111, 9, 108, 110, 54, 131, 132, 40, 42, 16, 15, 115, 90, 141, 77, 142, 75, 83, 125, 21, 7, 35, 126, 91, 127, 74, 94, 97, 128, 76, 129, 130, 133, 85, 93, 148, 78, 48, 67, 61, 109, 134]",False,complete,153,153,8319,0,4239,26,4213,2000,,False,,,,,,,2,117,20,117,20,20,20,20
1,468,17,32,117,"[10, 12, 13, 14, 17, 18, 26, 28, 32, 36, 58, 71, 99, 102, 105, 109, 112, 116, 118, 122, 134, 135, 136, 137, 138, 139, 140, 144, 145, 146, 147, 149]","[0, 1, 2, 3, 4, 5, 6, 7, 8, 9, 11, 15, 16, 19, 20, 21, 22, 23, 24, 25, 27, 29, 30, 31, 33, 34, 35, 37, 38, 39, 40, 41, 42, 43, 44, 45, 46, 47, 48, 49, 50, 51, 52, 53, 54, 55, 56, 57, 59, 60, 61, 62, 63, 64, 65, 66, 67, 68, 69, 70, 72, 73, 74, 75, 76, 77, 78, 79, 80, 81, 82, 83, 84, 85, 86, 87, 88, 89, 90, 91, 92, 93, 94, 95, 96, 97, 98, 100, 101, 103, 104, 106, 107, 108, 110, 111, 114, 115, 117, 119, 120, 121, 123, 124, 125, 126, 127, 128, 129, 130, 131, 132, 133, 141, 142, 143, 148]",{},[],0,"[122, 17, 18, 32, 137, 138, 140, 139, 13, 14, 116, 118, 136, 112, 36, 135, 28, 26, 105, 99, 144, 10, 145, 149, 102, 146, 147, 12, 58, 71, 134, 109, 67, 78, 48, 61, 148, 93, 85, 133, 130, 129, 76, 128, 97, 94, 74, 127, 91, 126, 35, 7, 21, 125, 83, 75, 142, 77, 141, 92, 115, 8, 27, 106, 101, 23, 120, 114, 121, 15, 16, 6, 124, 110, 123, 117, 29, 90, 108, 9, 111, 1, 2, 0, 42, 131, 132, 52, 64, 50, 119, 107, 53, 55, 41, 43, 40, 5, 4, 143, 22, 63, 3, 100, 96, 98, 25, 20, 11, 31, 44, 30, 24, 19, 104, 37, 84, 70, 34, 39, 54, 47, 46, 51, 68, 60, 62, 49, 45, 56, 38, 57, 33, 95, 87, 103, 81, 82, 88, 89, 73, 69, 59, 66, 86, 79, 72, 80, 65]",True,70643674552,70.643674552,"[78, 67, 48, 61, 148, 93, 85, 133, 130, 129, 76, 128, 97, 94, 74, 127, 89, 126, 35, 7, 125, 21, 83, 142, 141, 90, 124, 123, 119, 8, 117, 115, 84, 103, 16, 42, 40, 131, 132, 54, 110, 108, 9, 111, 64, 50, 53, 55, 92, 75, 77, 43, 41, 15, 27, 29, 107, 114, 120, 121, 101, 106, 70, 6, 1, 2, 0, 31, 30, 11, 100, 96, 98, 95, 87, 104, 81, 82, 88, 91, 73, 69, 79, 72, 80, 86, 66, 65, 47, 68, 63, 60, 59, 62, 57, 143, 5, 56, 49, 46, 45, 51, 52, 25, 24, 39, 34, 38, 44, 33, 37, 3, 19, 4, 22, 20, 23]","[23, 20, 22, 4, 19, 3, 37, 33, 44, 38, 34, 39, 24, 25, 52, 51, 45, 46, 49, 56, 5, 143, 57, 62, 59, 60, 63, 68, 47, 65, 66, 86, 80, 72, 79, 69, 73, 91, 88, 82, 81, 104, 87, 95, 98, 96, 100, 11, 30, 31, 0, 2, 1, 6, 70, 106, 101, 121, 120, 114, 107, 29, 27, 15, 41, 43, 77, 75, 92, 55, 53, 50, 64, 111, 9, 108, 110, 54, 132, 131, 40, 42, 16, 103, 84, 115, 117, 8, 119, 123, 124, 90, 141, 142, 83, 21, 125, 7, 35, 126, 89, 127, 74, 94, 97, 128, 76, 129, 130, 133, 85, 93, 148, 61, 48, 67, 78]",False,complete,205,205,9480,0,6359,154,6205,2000,,False,,,,,,,2,131,21,131,21,21,21,21
1,469,18,34,115,"[10, 12, 13, 14, 17, 18, 26, 28, 32, 36, 58, 67, 71, 78, 99, 102, 105, 109, 112, 116, 118, 122, 134, 135, 136, 137, 138, 139, 140, 144, 145, 146, 147, 149]","[0, 1, 2, 3, 4, 5, 6, 7, 8, 9, 11, 15, 16, 19, 20, 21, 22, 23, 24, 25, 27, 29, 30, 31, 33, 34, 35, 37, 38, 39, 40, 41, 42, 43, 44, 45, 46, 47, 48, 49, 50, 51, 52, 53, 54, 55, 56, 57, 59, 60, 61, 62, 63, 64, 65, 66, 68, 69, 70, 72, 73, 74, 75, 76, 77, 79, 80, 81, 82, 83, 84, 85, 86, 87, 88, 89, 90, 91, 92, 93, 94, 95, 96, 97, 98, 100, 101, 103, 104, 106, 107, 108, 110, 111, 114, 115, 117, 119, 120, 121, 123, 124, 125, 126, 127, 128, 129, 130, 131, 132, 133, 141, 142, 143, 148]",{},[],0,"[122, 17, 18, 32, 137, 138, 140, 139, 13, 14, 116, 118, 136, 112, 36, 135, 28, 26, 105, 99, 144, 10, 145, 149, 102, 146, 147, 12, 58, 71, 134, 109, 67, 78, 48, 61, 148, 93, 85, 133, 130, 129, 76, 128, 97, 94, 74, 127, 91, 126, 35, 7, 21, 125, 83, 75, 142, 77, 141, 92, 115, 8, 27, 106, 101, 23, 120, 114, 121, 15, 16, 6, 124, 110, 123, 117, 29, 90, 108, 9, 111, 1, 2, 0, 42, 131, 132, 52, 64, 50, 119, 107, 53, 55, 41, 43, 40, 5, 4, 143, 22, 63, 3, 100, 96, 98, 25, 20, 11, 31, 44, 30, 24, 19, 104, 37, 84, 70, 34, 39, 54, 47, 46, 51, 68, 60, 62, 49, 45, 56, 38, 57, 33, 95, 87, 103, 81, 82, 88, 89, 73, 69, 59, 66, 86, 79, 72, 80, 65]",True,30611050069,30.611050069,"[48, 61, 148, 93, 85, 133, 130, 129, 74, 40, 42, 7, 131, 132, 52, 143, 128, 126, 47, 125, 94, 100, 142, 141, 15, 8, 77, 76, 44, 50, 124, 123, 115, 90, 121, 16, 114, 110, 108, 9, 111, 63, 106, 101, 120, 127, 89, 55, 53, 75, 92, 117, 119, 107, 43, 29, 41, 27, 25, 83, 104, 6, 1, 2, 0, 54, 51, 46, 45, 39, 62, 49, 56, 38, 57, 70, 86, 69, 79, 80, 64, 60, 59, 68, 66, 72, 65, 91, 73, 97, 96, 98, 95, 87, 88, 103, 82, 81, 84, 24, 30, 11, 31, 23, 5, 4, 3, 21, 22, 20, 19, 35, 34, 37, 33]","[33, 37, 34, 35, 19, 20, 22, 21, 3, 4, 5, 23, 31, 11, 30, 24, 84, 81, 82, 103, 88, 87, 95, 98, 96, 97, 73, 91, 65, 72, 66, 68, 59, 60, 64, 80, 79, 69, 86, 70, 57, 38, 56, 49, 62, 39, 45, 46, 51, 54, 0, 2, 1, 6, 104, 83, 25, 27, 41, 29, 43, 107, 119, 117, 92, 75, 53, 55, 89, 127, 120, 101, 106, 63, 111, 9, 108, 110, 114, 16, 121, 90, 115, 123, 124, 50, 44, 76, 77, 8, 15, 141, 142, 100, 94, 125, 47, 126, 128, 143, 52, 132, 131, 7, 42, 40, 74, 129, 130, 133, 85, 93, 148, 61, 48]",False,complete,116,116,6714,0,2105,1,2104,2000,,False,,,,,,,2,99,19,99,19,19,19,19
1,470,19,36,113,"[10, 12, 13, 14, 17, 18, 26, 28, 32, 36, 48, 58, 61, 67, 71, 78, 99, 102, 105, 109, 112, 116, 118, 122, 134, 135, 136, 137, 138, 139, 140, 144, 145, 146, 147, 149]","[0, 1, 2, 3, 4, 5, 6, 7, 8, 9, 11, 15, 16, 19, 20, 21, 22, 23, 24, 25, 27, 29, 30, 31, 33, 34, 35, 37, 38, 39, 40, 41, 42, 43, 44, 45, 46, 47, 49, 50, 51, 52, 53, 54, 55, 56, 57, 59, 60, 62, 63, 64, 65, 66, 68, 69, 70, 72, 73, 74, 75, 76, 77, 79, 80, 81, 82, 83, 84, 85, 86, 87, 88, 89, 90, 91, 92, 93, 94, 95, 96, 97, 98, 100, 101, 103, 104, 106, 107, 108, 110, 111, 114, 115, 117, 119, 120, 121, 123, 124, 125, 126, 127, 128, 129, 130, 131, 132, 133, 141, 142, 143, 148]",{},[],0,"[122, 17, 18, 32, 137, 138, 140, 139, 13, 14, 116, 118, 136, 112, 36, 135, 28, 26, 105, 99, 144, 10, 145, 149, 102, 146, 147, 12, 58, 71, 134, 109, 67, 78, 48, 61, 148, 93, 85, 133, 130, 129, 76, 128, 97, 94, 74, 127, 91, 126, 35, 7, 21, 125, 83, 75, 142, 77, 141, 92, 115, 8, 27, 106, 101, 23, 120, 114, 121, 15, 16, 6, 124, 110, 123, 117, 29, 90, 108, 9, 111, 1, 2, 0, 42, 131, 132, 52, 64, 50, 119, 107, 53, 55, 41, 43, 40, 5, 4, 143, 22, 63, 3, 100, 96, 98, 25, 20, 11, 31, 44, 30, 24, 19, 104, 37, 84, 70, 34, 39, 54, 47, 46, 51, 68, 60, 62, 49, 45, 56, 38, 57, 33, 95, 87, 103, 81, 82, 88, 89, 73, 69, 59, 66, 86, 79, 72, 80, 65]",True,30456557754,30.456557754,"[148, 93, 85, 133, 130, 129, 74, 40, 42, 7, 131, 132, 52, 143, 128, 126, 47, 125, 94, 100, 142, 141, 8, 15, 77, 76, 44, 50, 124, 123, 115, 90, 121, 16, 114, 110, 108, 9, 111, 63, 106, 101, 120, 127, 91, 92, 75, 55, 53, 117, 119, 107, 27, 41, 29, 43, 25, 83, 104, 6, 1, 2, 0, 54, 51, 46, 45, 39, 62, 49, 56, 38, 57, 70, 86, 69, 79, 80, 64, 60, 59, 68, 66, 72, 65, 89, 73, 97, 96, 98, 95, 87, 88, 103, 82, 81, 84, 24, 30, 11, 31, 23, 5, 4, 3, 21, 22, 20, 19, 35, 34, 37, 33]","[33, 37, 34, 35, 19, 20, 22, 21, 3, 4, 5, 23, 31, 11, 30, 24, 84, 81, 82, 103, 88, 87, 95, 98, 96, 97, 73, 89, 65, 72, 66, 68, 59, 60, 64, 80, 79, 69, 86, 70, 57, 38, 56, 49, 62, 39, 45, 46, 51, 54, 0, 2, 1, 6, 104, 83, 25, 43, 29, 41, 27, 107, 119, 117, 53, 55, 75, 92, 91, 127, 120, 101, 106, 63, 111, 9, 108, 110, 114, 16, 121, 90, 115, 123, 124, 50, 44, 76, 77, 15, 8, 141, 142, 100, 94, 125, 47, 126, 128, 143, 52, 132, 131, 7, 42, 40, 74, 129, 130, 133, 85, 93, 148]",False,complete,114,114,6485,0,2092,1,2091,2000,,False,,,,,,,2,99,19,99,19,19,19,19
1,471,20,38,111,"[10, 12, 13, 14, 17, 18, 26, 28, 32, 36, 48, 58, 61, 67, 71, 78, 93, 99, 102, 105, 109, 112, 116, 118, 122, 134, 135, 136, 137, 138, 139, 140, 144, 145, 146, 147, 148, 149]","[0, 1, 2, 3, 4, 5, 6, 7, 8, 9, 11, 15, 16, 19, 20, 21, 22, 23, 24, 25, 27, 29, 30, 31, 33, 34, 35, 37, 38, 39, 40, 41, 42, 43, 44, 45, 46, 47, 49, 50, 51, 52, 53, 54, 55, 56, 57, 59, 60, 62, 63, 64, 65, 66, 68, 69, 70, 72, 73, 74, 75, 76, 77, 79, 80, 81, 82, 83, 84, 85, 86, 87, 88, 89, 90, 91, 92, 94, 95, 96, 97, 98, 100, 101, 103, 104, 106, 107, 108, 110, 111, 114, 115, 117, 119, 120, 121, 123, 124, 125, 126, 127, 128, 129, 130, 131, 132, 133, 141, 142, 143]",{},[],0,"[122, 17, 18, 32, 137, 138, 140, 139, 13, 14, 116, 118, 136, 112, 36, 135, 28, 26, 105, 99, 144, 10, 145, 149, 102, 146, 147, 12, 58, 71, 134, 109, 67, 78, 48, 61, 148, 93, 85, 133, 130, 129, 76, 128, 97, 94, 74, 127, 91, 126, 35, 7, 21, 125, 83, 75, 142, 77, 141, 92, 115, 8, 27, 106, 101, 23, 120, 114, 121, 15, 16, 6, 124, 110, 123, 117, 29, 90, 108, 9, 111, 1, 2, 0, 42, 131, 132, 52, 64, 50, 119, 107, 53, 55, 41, 43, 40, 5, 4, 143, 22, 63, 3, 100, 96, 98, 25, 20, 11, 31, 44, 30, 24, 19, 104, 37, 84, 70, 34, 39, 54, 47, 46, 51, 68, 60, 62, 49, 45, 56, 38, 57, 33, 95, 87, 103, 81, 82, 88, 89, 73, 69, 59, 66, 86, 79, 72, 80, 65]",True,33075765996,33.075765996,"[85, 133, 130, 129, 74, 42, 40, 7, 132, 131, 54, 143, 128, 126, 47, 125, 124, 123, 141, 142, 119, 104, 103, 127, 55, 86, 25, 27, 15, 117, 41, 16, 76, 110, 9, 97, 64, 92, 90, 75, 77, 53, 43, 8, 29, 111, 108, 89, 115, 63, 107, 114, 120, 121, 101, 106, 94, 6, 1, 2, 0, 70, 69, 87, 79, 83, 80, 62, 60, 59, 68, 66, 72, 65, 91, 73, 88, 44, 95, 31, 100, 82, 81, 96, 30, 11, 98, 24, 84, 52, 51, 46, 39, 50, 49, 45, 56, 38, 57, 23, 5, 4, 3, 21, 22, 20, 19, 35, 34, 37, 33]","[33, 37, 34, 35, 19, 20, 22, 21, 3, 4, 5, 23, 57, 38, 56, 45, 49, 50, 39, 46, 51, 52, 84, 24, 98, 11, 30, 96, 81, 82, 100, 31, 95, 44, 88, 73, 91, 65, 72, 66, 68, 59, 60, 62, 80, 83, 79, 87, 69, 70, 0, 2, 1, 6, 94, 106, 101, 121, 120, 114, 107, 63, 115, 89, 108, 111, 29, 8, 43, 53, 77, 75, 90, 92, 64, 97, 9, 110, 76, 16, 41, 117, 15, 27, 25, 86, 55, 127, 103, 104, 119, 142, 141, 123, 124, 125, 47, 126, 128, 143, 54, 131, 132, 7, 40, 42, 74, 129, 130, 133, 85]",False,complete,112,112,6259,0,2249,0,2249,2000,,False,,,,,,,2,102,19,102,19,19,19,19
1,472,21,40,109,"[10, 12, 13, 14, 17, 18, 26, 28, 32, 36, 48, 58, 61, 67, 71, 78, 85, 93, 99, 102, 105, 109, 112, 116, 118, 122, 133, 134, 135, 136, 137, 138, 139, 140, 144, 145, 146, 147, 148, 149]","[0, 1, 2, 3, 4, 5, 6, 7, 8, 9, 11, 15, 16, 19, 20, 21, 22, 23, 24, 25, 27, 29, 30, 31, 33, 34, 35, 37, 38, 39, 40, 41, 42, 43, 44, 45, 46, 47, 49, 50, 51, 52, 53, 54, 55, 56, 57, 59, 60, 62, 63, 64, 65, 66, 68, 69, 70, 72, 73, 74, 75, 76, 77, 79, 80, 81, 82, 83, 84, 86, 87, 88, 89, 90, 91, 92, 94, 95, 96, 97, 98, 100, 101, 103, 104, 106, 107, 108, 110, 111, 114, 115, 117, 119, 120, 121, 123, 124, 125, 126, 127, 128, 129, 130, 131, 132, 141, 142, 143]",{},[],0,"[122, 17, 18, 32, 137, 138, 140, 139, 13, 14, 116, 118, 136, 112, 36, 135, 28, 26, 105, 99, 144, 10, 145, 149, 102, 146, 147, 12, 58, 71, 134, 109, 67, 78, 48, 61, 148, 93, 85, 133, 130, 129, 76, 128, 97, 94, 74, 127, 91, 126, 35, 7, 21, 125, 83, 75, 142, 77, 141, 92, 115, 8, 27, 106, 101, 23, 120, 114, 121, 15, 16, 6, 124, 110, 123, 117, 29, 90, 108, 9, 111, 1, 2, 0, 42, 131, 132, 52, 64, 50, 119, 107, 53, 55, 41, 43, 40, 5, 4, 143, 22, 63, 3, 100, 96, 98, 25, 20, 11, 31, 44, 30, 24, 19, 104, 37, 84, 70, 34, 39, 54, 47, 46, 51, 68, 60, 62, 49, 45, 56, 38, 57, 33, 95, 87, 103, 81, 82, 88, 89, 73, 69, 59, 66, 86, 79, 72, 80, 65]",True,29932522096,29.932522096,"[130, 129, 74, 40, 42, 7, 131, 132, 52, 143, 128, 126, 47, 125, 94, 100, 142, 141, 8, 15, 77, 76, 44, 50, 124, 123, 115, 92, 121, 16, 114, 110, 108, 9, 111, 63, 106, 101, 120, 127, 89, 55, 119, 90, 75, 53, 117, 107, 29, 27, 43, 41, 25, 83, 103, 6, 1, 2, 0, 54, 51, 46, 45, 39, 62, 49, 56, 38, 57, 70, 86, 69, 79, 80, 64, 60, 59, 68, 66, 72, 65, 91, 73, 97, 96, 98, 95, 87, 88, 104, 82, 81, 84, 24, 30, 11, 31, 23, 5, 4, 3, 21, 22, 20, 19, 35, 34, 37, 33]","[33, 37, 34, 35, 19, 20, 22, 21, 3, 4, 5, 23, 31, 11, 30, 24, 84, 81, 82, 104, 88, 87, 95, 98, 96, 97, 73, 91, 65, 72, 66, 68, 59, 60, 64, 80, 79, 69, 86, 70, 57, 38, 56, 49, 62, 39, 45, 46, 51, 54, 0, 2, 1, 6, 103, 83, 25, 41, 43, 27, 29, 107, 117, 53, 75, 90, 119, 55, 89, 127, 120, 101, 106, 63, 111, 9, 108, 110, 114, 16, 121, 92, 115, 123, 124, 50, 44, 76, 77, 15, 8, 141, 142, 100, 94, 125, 47, 126, 128, 143, 52, 132, 131, 7, 42, 40, 74, 129, 130]",False,complete,110,110,6039,0,2092,1,2091,2000,,False,,,,,,,2,99,19,99,19,19,19,19
1,473,22,42,107,"[10, 12, 13, 14, 17, 18, 26, 28, 32, 36, 48, 58, 61, 67, 71, 78, 85, 93, 99, 102, 105, 109, 112, 116, 118, 122, 129, 130, 133, 134, 135, 136, 137, 138, 139, 140, 144, 145, 146, 147, 148, 149]","[0, 1, 2, 3, 4, 5, 6, 7, 8, 9, 11, 15, 16, 19, 20, 21, 22, 23, 24, 25, 27, 29, 30, 31, 33, 34, 35, 37, 38, 39, 40, 41, 42, 43, 44, 45, 46, 47, 49, 50, 51, 52, 53, 54, 55, 56, 57, 59, 60, 62, 63, 64, 65, 66, 68, 69, 70, 72, 73, 74, 75, 76, 77, 79, 80, 81, 82, 83, 84, 86, 87, 88, 89, 90, 91, 92, 94, 95, 96, 97, 98, 100, 101, 103, 104, 106, 107, 108, 110, 111, 114, 115, 117, 119, 120, 121, 123, 124, 125, 126, 127, 128, 131, 132, 141, 142, 143]",{},[],0,"[122, 17, 18, 32, 137, 138, 140, 139, 13, 14, 116, 118, 136, 112, 36, 135, 28, 26, 105, 99, 144, 10, 145, 149, 102, 146, 147, 12, 58, 71, 134, 109, 67, 78, 48, 61, 148, 93, 85, 133, 130, 129, 76, 128, 97, 94, 74, 127, 91, 126, 35, 7, 21, 125, 83, 75, 142, 77, 141, 92, 115, 8, 27, 106, 101, 23, 120, 114, 121, 15, 16, 6, 124, 110, 123, 117, 29, 90, 108, 9, 111, 1, 2, 0, 42, 131, 132, 52, 64, 50, 119, 107, 53, 55, 41, 43, 40, 5, 4, 143, 22, 63, 3, 100, 96, 98, 25, 20, 11, 31, 44, 30, 24, 19, 104, 37, 84, 70, 34, 39, 54, 47, 46, 51, 68, 60, 62, 49, 45, 56, 38, 57, 33, 95, 87, 103, 81, 82, 88, 89, 73, 69, 59, 66, 86, 79, 72, 80, 65]",True,33313031645,33.313031645,"[76, 128, 97, 94, 74, 127, 89, 126, 35, 7, 125, 21, 83, 142, 141, 92, 123, 15, 27, 23, 55, 124, 16, 42, 131, 132, 52, 110, 9, 64, 50, 117, 53, 90, 75, 119, 77, 8, 29, 41, 43, 111, 108, 106, 115, 107, 6, 1, 2, 0, 101, 120, 114, 121, 40, 5, 4, 143, 22, 63, 3, 100, 96, 98, 25, 20, 11, 31, 44, 30, 24, 19, 104, 37, 84, 70, 34, 39, 54, 47, 46, 51, 68, 60, 62, 49, 45, 56, 38, 57, 33, 59, 91, 73, 66, 69, 79, 72, 80, 65, 86, 82, 87, 81, 103, 88, 95]","[95, 88, 103, 81, 87, 82, 86, 65, 80, 72, 79, 69, 66, 73, 91, 59, 33, 57, 38, 56, 45, 49, 62, 60, 68, 51, 46, 47, 54, 39, 34, 70, 84, 37, 104, 19, 24, 30, 44, 31, 11, 20, 25, 98, 96, 100, 3, 63, 22, 143, 4, 5, 40, 121, 114, 120, 101, 0, 2, 1, 6, 107, 115, 106, 108, 111, 43, 41, 29, 8, 77, 119, 75, 90, 53, 117, 50, 64, 9, 110, 52, 132, 131, 42, 16, 124, 55, 23, 27, 15, 123, 92, 141, 142, 83, 21, 125, 7, 35, 126, 89, 127, 74, 94, 97, 128, 76]",False,complete,110,110,5857,0,2360,3,2357,2000,,False,,,,,,,2,122,23,122,23,23,23,23
1,474,23,44,105,"[10, 12, 13, 14, 17, 18, 26, 28, 32, 36, 48, 58, 61, 67, 71, 76, 78, 85, 93, 99, 102, 105, 109, 112, 116, 118, 122, 128, 129, 130, 133, 134, 135, 136, 137, 138, 139, 140, 144, 145, 146, 147, 148, 149]","[0, 1, 2, 3, 4, 5, 6, 7, 8, 9, 11, 15, 16, 19, 20, 21, 22, 23, 24, 25, 27, 29, 30, 31, 33, 34, 35, 37, 38, 39, 40, 41, 42, 43, 44, 45, 46, 47, 49, 50, 51, 52, 53, 54, 55, 56, 57, 59, 60, 62, 63, 64, 65, 66, 68, 69, 70, 72, 73, 74, 75, 77, 79, 80, 81, 82, 83, 84, 86, 87, 88, 89, 90, 91, 92, 94, 95, 96, 97, 98, 100, 101, 103, 104, 106, 107, 108, 110, 111, 114, 115, 117, 119, 120, 121, 123, 124, 125, 126, 127, 131, 132, 141, 142, 143]",{},[],0,"[122, 17, 18, 32, 137, 138, 140, 139, 13, 14, 116, 118, 136, 112, 36, 135, 28, 26, 105, 99, 144, 10, 145, 149, 102, 146, 147, 12, 58, 71, 134, 109, 67, 78, 48, 61, 148, 93, 85, 133, 130, 129, 76, 128, 97, 94, 74, 127, 91, 126, 35, 7, 21, 125, 83, 75, 142, 77, 141, 92, 115, 8, 27, 106, 101, 23, 120, 114, 121, 15, 16, 6, 124, 110, 123, 117, 29, 90, 108, 9, 111, 1, 2, 0, 42, 131, 132, 52, 64, 50, 119, 107, 53, 55, 41, 43, 40, 5, 4, 143, 22, 63, 3, 100, 96, 98, 25, 20, 11, 31, 44, 30, 24, 19, 104, 37, 84, 70, 34, 39, 54, 47, 46, 51, 68, 60, 62, 49, 45, 56, 38, 57, 33, 95, 87, 103, 81, 82, 88, 89, 73, 69, 59, 66, 86, 79, 72, 80, 65]",True,32052145922,32.052145922,"[97, 94, 74, 127, 89, 126, 35, 7, 125, 21, 83, 142, 141, 92, 123, 15, 27, 23, 55, 124, 16, 42, 131, 132, 52, 110, 9, 64, 50, 75, 77, 53, 119, 117, 90, 29, 41, 43, 8, 111, 108, 106, 115, 107, 6, 1, 2, 0, 114, 120, 121, 101, 40, 5, 4, 143, 22, 63, 3, 100, 96, 98, 25, 11, 20, 31, 44, 30, 24, 19, 104, 37, 84, 70, 34, 39, 54, 47, 46, 51, 68, 60, 62, 49, 45, 56, 38, 57, 33, 59, 91, 73, 66, 69, 79, 72, 80, 65, 86, 87, 82, 81, 103, 88, 95]","[95, 88, 103, 81, 82, 87, 86, 65, 80, 72, 79, 69, 66, 73, 91, 59, 33, 57, 38, 56, 45, 49, 62, 60, 68, 51, 46, 47, 54, 39, 34, 70, 84, 37, 104, 19, 24, 30, 44, 31, 20, 11, 25, 98, 96, 100, 3, 63, 22, 143, 4, 5, 40, 101, 121, 120, 114, 0, 2, 1, 6, 107, 115, 106, 108, 111, 8, 43, 41, 29, 90, 117, 119, 53, 77, 75, 50, 64, 9, 110, 52, 132, 131, 42, 16, 124, 55, 23, 27, 15, 123, 92, 141, 142, 83, 21, 125, 7, 35, 126, 89, 127, 74, 94, 97]",False,complete,108,108,5644,0,2334,3,2331,2000,,False,,,,,,,2,122,23,122,23,23,23,23
1,475,24,46,103,"[10, 12, 13, 14, 17, 18, 26, 28, 32, 36, 48, 58, 61, 67, 71, 76, 78, 85, 93, 94, 97, 99, 102, 105, 109, 112, 116, 118, 122, 128, 129, 130, 133, 134, 135, 136, 137, 138, 139, 140, 144, 145, 146, 147, 148, 149]","[0, 1, 2, 3, 4, 5, 6, 7, 8, 9, 11, 15, 16, 19, 20, 21, 22, 23, 24, 25, 27, 29, 30, 31, 33, 34, 35, 37, 38, 39, 40, 41, 42, 43, 44, 45, 46, 47, 49, 50, 51, 52, 53, 54, 55, 56, 57, 59, 60, 62, 63, 64, 65, 66, 68, 69, 70, 72, 73, 74, 75, 77, 79, 80, 81, 82, 83, 84, 86, 87, 88, 89, 90, 91, 92, 95, 96, 98, 100, 101, 103, 104, 106, 107, 108, 110, 111, 114, 115, 117, 119, 120, 121, 123, 124, 125, 126, 127, 131, 132, 141, 142, 143]",{},[],0,"[122, 17, 18, 32, 137, 138, 140, 139, 13, 14, 116, 118, 136, 112, 36, 135, 28, 26, 105, 99, 144, 10, 145, 149, 102, 146, 147, 12, 58, 71, 134, 109, 67, 78, 48, 61, 148, 93, 85, 133, 130, 129, 76, 128, 97, 94, 74, 127, 91, 126, 35, 7, 21, 125, 83, 75, 142, 77, 141, 92, 115, 8, 27, 106, 101, 23, 120, 114, 121, 15, 16, 6, 124, 110, 123, 117, 29, 90, 108, 9, 111, 1, 2, 0, 42, 131, 132, 52, 64, 50, 119, 107, 53, 55, 41, 43, 40, 5, 4, 143, 22, 63, 3, 100, 96, 98, 25, 20, 11, 31, 44, 30, 24, 19, 104, 37, 84, 70, 34, 39, 54, 47, 46, 51, 68, 60, 62, 49, 45, 56, 38, 57, 33, 95, 87, 103, 81, 82, 88, 89, 73, 69, 59, 66, 86, 79, 72, 80, 65]",True,49982945026,49.982945026,"[74, 127, 89, 126, 35, 7, 125, 21, 83, 141, 142, 77, 8, 27, 5, 124, 123, 55, 117, 119, 15, 115, 103, 16, 42, 143, 132, 131, 54, 110, 108, 9, 111, 64, 50, 92, 53, 90, 75, 29, 43, 41, 107, 114, 120, 121, 101, 106, 63, 6, 1, 2, 0, 70, 86, 69, 79, 80, 62, 60, 59, 68, 66, 72, 65, 91, 73, 52, 47, 46, 44, 51, 49, 45, 56, 57, 37, 34, 38, 33, 39, 40, 25, 20, 22, 4, 23, 19, 100, 96, 98, 24, 30, 11, 31, 3, 84, 82, 87, 81, 104, 88, 95]","[95, 88, 104, 81, 87, 82, 84, 3, 31, 11, 30, 24, 98, 96, 100, 19, 23, 4, 22, 20, 25, 40, 39, 33, 38, 34, 37, 57, 56, 45, 49, 51, 44, 46, 47, 52, 73, 91, 65, 72, 66, 68, 59, 60, 62, 80, 79, 69, 86, 70, 0, 2, 1, 6, 63, 106, 101, 121, 120, 114, 107, 41, 43, 29, 75, 90, 53, 92, 50, 64, 111, 9, 108, 110, 54, 131, 132, 143, 42, 16, 103, 115, 15, 119, 117, 55, 123, 124, 5, 27, 8, 77, 142, 141, 83, 21, 125, 7, 35, 126, 89, 127, 74]",False,complete,133,133,6375,0,4135,18,4117,2000,,False,,,,,,,2,133,21,133,21,21,21,21
1,476,25,48,101,"[10, 12, 13, 14, 17, 18, 26, 28, 32, 36, 48, 58, 61, 67, 71, 74, 76, 78, 85, 93, 94, 97, 99, 102, 105, 109, 112, 116, 118, 122, 127, 128, 129, 130, 133, 134, 135, 136, 137, 138, 139, 140, 144, 145, 146, 147, 148, 149]","[0, 1, 2, 3, 4, 5, 6, 7, 8, 9, 11, 15, 16, 19, 20, 21, 22, 23, 24, 25, 27, 29, 30, 31, 33, 34, 35, 37, 38, 39, 40, 41, 42, 43, 44, 45, 46, 47, 49, 50, 51, 52, 53, 54, 55, 56, 57, 59, 60, 62, 63, 64, 65, 66, 68, 69, 70, 72, 73, 75, 77, 79, 80, 81, 82, 83, 84, 86, 87, 88, 89, 90, 91, 92, 95, 96, 98, 100, 101, 103, 104, 106, 107, 108, 110, 111, 114, 115, 117, 119, 120, 121, 123, 124, 125, 126, 131, 132, 141, 142, 143]",{},[],0,"[122, 17, 18, 32, 137, 138, 140, 139, 13, 14, 116, 118, 136, 112, 36, 135, 28, 26, 105, 99, 144, 10, 145, 149, 102, 146, 147, 12, 58, 71, 134, 109, 67, 78, 48, 61, 148, 93, 85, 133, 130, 129, 76, 128, 97, 94, 74, 127, 91, 126, 35, 7, 21, 125, 83, 75, 142, 77, 141, 92, 115, 8, 27, 106, 101, 23, 120, 114, 121, 15, 16, 6, 124, 110, 123, 117, 29, 90, 108, 9, 111, 1, 2, 0, 42, 131, 132, 52, 64, 50, 119, 107, 53, 55, 41, 43, 40, 5, 4, 143, 22, 63, 3, 100, 96, 98, 25, 20, 11, 31, 44, 30, 24, 19, 104, 37, 84, 70, 34, 39, 54, 47, 46, 51, 68, 60, 62, 49, 45, 56, 38, 57, 33, 95, 87, 103, 81, 82, 88, 89, 73, 69, 59, 66, 86, 79, 72, 80, 65]",True,49013249683,49.013249683,"[89, 126, 35, 7, 125, 21, 83, 141, 142, 77, 8, 27, 5, 124, 123, 117, 55, 119, 15, 115, 103, 16, 42, 143, 132, 131, 54, 110, 108, 9, 111, 64, 50, 53, 90, 75, 92, 41, 29, 43, 107, 114, 120, 121, 101, 106, 63, 6, 1, 2, 0, 70, 86, 69, 79, 80, 62, 60, 59, 68, 66, 72, 65, 91, 73, 52, 47, 46, 44, 51, 49, 45, 56, 57, 37, 34, 38, 33, 39, 40, 25, 20, 22, 4, 23, 19, 100, 96, 98, 24, 30, 11, 31, 3, 84, 82, 87, 81, 104, 88, 95]","[95, 88, 104, 81, 87, 82, 84, 3, 31, 11, 30, 24, 98, 96, 100, 19, 23, 4, 22, 20, 25, 40, 39, 33, 38, 34, 37, 57, 56, 45, 49, 51, 44, 46, 47, 52, 73, 91, 65, 72, 66, 68, 59, 60, 62, 80, 79, 69, 86, 70, 0, 2, 1, 6, 63, 106, 101, 121, 120, 114, 107, 43, 29, 41, 92, 75, 90, 53, 50, 64, 111, 9, 108, 110, 54, 131, 132, 143, 42, 16, 103, 115, 15, 119, 55, 117, 123, 124, 5, 27, 8, 77, 142, 141, 83, 21, 125, 7, 35, 126, 89]",False,complete,131,131,6170,0,4105,18,4087,2000,,False,,,,,,,2,133,21,133,21,21,21,21
1,477,26,50,99,"[10, 12, 13, 14, 17, 18, 26, 28, 32, 36, 48, 58, 61, 67, 71, 74, 76, 78, 85, 91, 93, 94, 97, 99, 102, 105, 109, 112, 116, 118, 122, 126, 127, 128, 129, 130, 133, 134, 135, 136, 137, 138, 139, 140, 144, 145, 146, 147, 148, 149]","[0, 1, 2, 3, 4, 5, 6, 7, 8, 9, 11, 15, 16, 19, 20, 21, 22, 23, 24, 25, 27, 29, 30, 31, 33, 34, 35, 37, 38, 39, 40, 41, 42, 43, 44, 45, 46, 47, 49, 50, 51, 52, 53, 54, 55, 56, 57, 59, 60, 62, 63, 64, 65, 66, 68, 69, 70, 72, 73, 75, 77, 79, 80, 81, 82, 83, 84, 86, 87, 88, 89, 90, 92, 95, 96, 98, 100, 101, 103, 104, 106, 107, 108, 110, 111, 114, 115, 117, 119, 120, 121, 123, 124, 125, 131, 132, 141, 142, 143]",{},[],0,"[122, 17, 18, 32, 137, 138, 140, 139, 13, 14, 116, 118, 136, 112, 36, 135, 28, 26, 105, 99, 144, 10, 145, 149, 102, 146, 147, 12, 58, 71, 134, 109, 67, 78, 48, 61, 148, 93, 85, 133, 130, 129, 76, 128, 97, 94, 74, 127, 91, 126, 35, 7, 21, 125, 83, 75, 142, 77, 141, 92, 115, 8, 27, 106, 101, 23, 120, 114, 121, 15, 16, 6, 124, 110, 123, 117, 29, 90, 108, 9, 111, 1, 2, 0, 42, 131, 132, 52, 64, 50, 119, 107, 53, 55, 41, 43, 40, 5, 4, 143, 22, 63, 3, 100, 96, 98, 25, 20, 11, 31, 44, 30, 24, 19, 104, 37, 84, 70, 34, 39, 54, 47, 46, 51, 68, 60, 62, 49, 45, 56, 38, 57, 33, 95, 87, 103, 81, 82, 88, 89, 73, 69, 59, 66, 86, 79, 72, 80, 65]",True,58340931937,58.340931937,"[35, 7, 21, 125, 83, 92, 124, 123, 141, 142, 119, 8, 117, 115, 16, 40, 42, 143, 132, 131, 52, 110, 108, 9, 111, 64, 50, 103, 53, 77, 90, 55, 75, 41, 43, 27, 29, 15, 107, 114, 120, 121, 101, 106, 63, 6, 1, 2, 0, 70, 86, 69, 79, 80, 62, 60, 59, 68, 66, 72, 65, 89, 73, 54, 47, 46, 44, 51, 49, 45, 56, 57, 38, 25, 39, 23, 34, 33, 37, 20, 5, 4, 22, 19, 100, 96, 98, 24, 30, 11, 31, 3, 84, 82, 87, 81, 104, 88, 95]","[95, 88, 104, 81, 87, 82, 84, 3, 31, 11, 30, 24, 98, 96, 100, 19, 22, 4, 5, 20, 37, 33, 34, 23, 39, 25, 38, 57, 56, 45, 49, 51, 44, 46, 47, 54, 73, 89, 65, 72, 66, 68, 59, 60, 62, 80, 79, 69, 86, 70, 0, 2, 1, 6, 63, 106, 101, 121, 120, 114, 107, 15, 29, 27, 43, 41, 75, 55, 90, 77, 53, 103, 50, 64, 111, 9, 108, 110, 52, 131, 132, 143, 42, 40, 16, 115, 117, 8, 119, 142, 141, 123, 124, 92, 83, 125, 21, 7, 35]",False,complete,157,157,6776,0,5432,49,5383,2000,,False,,,,,,,2,138,21,138,21,21,21,21
1,478,27,52,97,"[7, 10, 12, 13, 14, 17, 18, 26, 28, 32, 35, 36, 48, 58, 61, 67, 71, 74, 76, 78, 85, 91, 93, 94, 97, 99, 102, 105, 109, 112, 116, 118, 122, 126, 127, 128, 129, 130, 133, 134, 135, 136, 137, 138, 139, 140, 144, 145, 146, 147, 148, 149]","[0, 1, 2, 3, 4, 5, 6, 8, 9, 11, 15, 16, 19, 20, 21, 22, 23, 24, 25, 27, 29, 30, 31, 33, 34, 37, 38, 39, 40, 41, 42, 43, 44, 45, 46, 47, 49, 50, 51, 52, 53, 54, 55, 56, 57, 59, 60, 62, 63, 64, 65, 66, 68, 69, 70, 72, 73, 75, 77, 79, 80, 81, 82, 83, 84, 86, 87, 88, 89, 90, 92, 95, 96, 98, 100, 101, 103, 104, 106, 107, 108, 110, 111, 114, 115, 117, 119, 120, 121, 123, 124, 125, 131, 132, 141, 142, 143]",{},[],0,"[122, 17, 18, 32, 137, 138, 140, 139, 13, 14, 116, 118, 136, 112, 36, 135, 28, 26, 105, 99, 144, 10, 145, 149, 102, 146, 147, 12, 58, 71, 134, 109, 67, 78, 48, 61, 148, 93, 85, 133, 130, 129, 76, 128, 97, 94, 74, 127, 91, 126, 35, 7, 21, 125, 83, 75, 142, 77, 141, 92, 115, 8, 27, 106, 101, 23, 120, 114, 121, 15, 16, 6, 124, 110, 123, 117, 29, 90, 108, 9, 111, 1, 2, 0, 42, 131, 132, 52, 64, 50, 119, 107, 53, 55, 41, 43, 40, 5, 4, 143, 22, 63, 3, 100, 96, 98, 25, 20, 11, 31, 44, 30, 24, 19, 104, 37, 84, 70, 34, 39, 54, 47, 46, 51, 68, 60, 62, 49, 45, 56, 38, 57, 33, 95, 87, 103, 81, 82, 88, 89, 73, 69, 59, 66, 86, 79, 72, 80, 65]",True,42951570257,42.951570257,"[21, 125, 83, 75, 141, 77, 142, 92, 115, 15, 16, 40, 42, 131, 132, 54, 110, 108, 9, 111, 106, 101, 120, 114, 121, 64, 50, 124, 123, 90, 117, 119, 107, 55, 53, 43, 27, 29, 41, 8, 6, 1, 2, 0, 143, 63, 103, 70, 86, 69, 79, 80, 62, 60, 59, 68, 66, 72, 65, 89, 73, 52, 47, 46, 44, 51, 49, 45, 56, 57, 38, 25, 39, 23, 34, 33, 37, 20, 5, 4, 22, 19, 100, 96, 98, 24, 30, 11, 31, 3, 84, 87, 82, 81, 104, 88, 95]","[95, 88, 104, 81, 82, 87, 84, 3, 31, 11, 30, 24, 98, 96, 100, 19, 22, 4, 5, 20, 37, 33, 34, 23, 39, 25, 38, 57, 56, 45, 49, 51, 44, 46, 47, 52, 73, 89, 65, 72, 66, 68, 59, 60, 62, 80, 79, 69, 86, 70, 103, 63, 143, 0, 2, 1, 6, 8, 41, 29, 27, 43, 53, 55, 107, 119, 117, 90, 123, 124, 50, 64, 121, 114, 120, 101, 106, 111, 9, 108, 110, 54, 132, 131, 42, 40, 16, 15, 115, 92, 142, 77, 141, 75, 83, 125, 21]",False,complete,131,131,5932,0,4035,26,4009,2000,,False,,,,,,,2,117,20,117,20,20,20,20
1,479,28,54,95,"[7, 10, 12, 13, 14, 17, 18, 21, 26, 28, 32, 35, 36, 48, 58, 61, 67, 71, 74, 76, 78, 85, 91, 93, 94, 97, 99, 102, 105, 109, 112, 116, 118, 122, 125, 126, 127, 128, 129, 130, 133, 134, 135, 136, 137, 138, 139, 140, 144, 145, 146, 147, 148, 149]","[0, 1, 2, 3, 4, 5, 6, 8, 9, 11, 15, 16, 19, 20, 22, 23, 24, 25, 27, 29, 30, 31, 33, 34, 37, 38, 39, 40, 41, 42, 43, 44, 45, 46, 47, 49, 50, 51, 52, 53, 54, 55, 56, 57, 59, 60, 62, 63, 64, 65, 66, 68, 69, 70, 72, 73, 75, 77, 79, 80, 81, 82, 83, 84, 86, 87, 88, 89, 90, 92, 95, 96, 98, 100, 101, 103, 104, 106, 107, 108, 110, 111, 114, 115, 117, 119, 120, 121, 123, 124, 131, 132, 141, 142, 143]",{},[],0,"[122, 17, 18, 32, 137, 138, 140, 139, 13, 14, 116, 118, 136, 112, 36, 135, 28, 26, 105, 99, 144, 10, 145, 149, 102, 146, 147, 12, 58, 71, 134, 109, 67, 78, 48, 61, 148, 93, 85, 133, 130, 129, 76, 128, 97, 94, 74, 127, 91, 126, 35, 7, 21, 125, 83, 75, 142, 77, 141, 92, 115, 8, 27, 106, 101, 23, 120, 114, 121, 15, 16, 6, 124, 110, 123, 117, 29, 90, 108, 9, 111, 1, 2, 0, 42, 131, 132, 52, 64, 50, 119, 107, 53, 55, 41, 43, 40, 5, 4, 143, 22, 63, 3, 100, 96, 98, 25, 20, 11, 31, 44, 30, 24, 19, 104, 37, 84, 70, 34, 39, 54, 47, 46, 51, 68, 60, 62, 49, 45, 56, 38, 57, 33, 95, 87, 103, 81, 82, 88, 89, 73, 69, 59, 66, 86, 79, 72, 80, 65]",True,56408503673,56.408503673,"[83, 92, 124, 123, 141, 142, 119, 8, 117, 115, 16, 40, 42, 143, 131, 132, 54, 110, 108, 9, 111, 64, 50, 104, 75, 90, 55, 77, 53, 27, 15, 29, 41, 43, 107, 114, 120, 121, 101, 106, 63, 6, 1, 2, 0, 70, 86, 69, 79, 80, 62, 60, 59, 68, 66, 72, 65, 89, 73, 52, 47, 46, 44, 51, 49, 45, 56, 57, 38, 25, 39, 23, 34, 33, 37, 20, 5, 4, 22, 19, 100, 96, 98, 24, 30, 11, 31, 3, 84, 82, 87, 81, 103, 88, 95]","[95, 88, 103, 81, 87, 82, 84, 3, 31, 11, 30, 24, 98, 96, 100, 19, 22, 4, 5, 20, 37, 33, 34, 23, 39, 25, 38, 57, 56, 45, 49, 51, 44, 46, 47, 52, 73, 89, 65, 72, 66, 68, 59, 60, 62, 80, 79, 69, 86, 70, 0, 2, 1, 6, 63, 106, 101, 121, 120, 114, 107, 43, 41, 29, 15, 27, 53, 77, 55, 90, 75, 104, 50, 64, 111, 9, 108, 110, 54, 132, 131, 143, 42, 40, 16, 115, 117, 8, 119, 142, 141, 123, 124, 92, 83]",False,complete,153,153,6386,0,5330,49,5281,2000,,False,,,,,,,2,138,21,138,21,21,21,21
1,480,29,56,93,"[7, 10, 12, 13, 14, 17, 18, 21, 26, 28, 32, 35, 36, 48, 58, 61, 67, 71, 74, 75, 76, 78, 83, 85, 91, 93, 94, 97, 99, 102, 105, 109, 112, 116, 118, 122, 125, 126, 127, 128, 129, 130, 133, 134, 135, 136, 137, 138, 139, 140, 144, 145, 146, 147, 148, 149]","[0, 1, 2, 3, 4, 5, 6, 8, 9, 11, 15, 16, 19, 20, 22, 23, 24, 25, 27, 29, 30, 31, 33, 34, 37, 38, 39, 40, 41, 42, 43, 44, 45, 46, 47, 49, 50, 51, 52, 53, 54, 55, 56, 57, 59, 60, 62, 63, 64, 65, 66, 68, 69, 70, 72, 73, 77, 79, 80, 81, 82, 84, 86, 87, 88, 89, 90, 92, 95, 96, 98, 100, 101, 103, 104, 106, 107, 108, 110, 111, 114, 115, 117, 119, 120, 121, 123, 124, 131, 132, 141, 142, 143]",{},[],0,"[122, 17, 18, 32, 137, 138, 140, 139, 13, 14, 116, 118, 136, 112, 36, 135, 28, 26, 105, 99, 144, 10, 145, 149, 102, 146, 147, 12, 58, 71, 134, 109, 67, 78, 48, 61, 148, 93, 85, 133, 130, 129, 76, 128, 97, 94, 74, 127, 91, 126, 35, 7, 21, 125, 83, 75, 142, 77, 141, 92, 115, 8, 27, 106, 101, 23, 120, 114, 121, 15, 16, 6, 124, 110, 123, 117, 29, 90, 108, 9, 111, 1, 2, 0, 42, 131, 132, 52, 64, 50, 119, 107, 53, 55, 41, 43, 40, 5, 4, 143, 22, 63, 3, 100, 96, 98, 25, 20, 11, 31, 44, 30, 24, 19, 104, 37, 84, 70, 34, 39, 54, 47, 46, 51, 68, 60, 62, 49, 45, 56, 38, 57, 33, 95, 87, 103, 81, 82, 88, 89, 73, 69, 59, 66, 86, 79, 72, 80, 65]",True,40893388560,40.893388560,"[141, 77, 142, 92, 115, 15, 16, 40, 42, 131, 132, 52, 110, 108, 9, 111, 106, 101, 120, 114, 121, 64, 50, 124, 123, 119, 117, 107, 55, 90, 53, 29, 43, 8, 41, 27, 6, 1, 2, 0, 143, 63, 104, 70, 86, 69, 79, 80, 62, 60, 59, 68, 66, 72, 65, 89, 73, 54, 47, 46, 44, 51, 49, 45, 56, 57, 38, 25, 39, 23, 34, 33, 37, 20, 5, 4, 22, 19, 100, 96, 98, 24, 30, 11, 31, 3, 84, 87, 82, 81, 103, 88, 95]","[95, 88, 103, 81, 82, 87, 84, 3, 31, 11, 30, 24, 98, 96, 100, 19, 22, 4, 5, 20, 37, 33, 34, 23, 39, 25, 38, 57, 56, 45, 49, 51, 44, 46, 47, 54, 73, 89, 65, 72, 66, 68, 59, 60, 62, 80, 79, 69, 86, 70, 104, 63, 143, 0, 2, 1, 6, 27, 41, 8, 43, 29, 53, 90, 55, 107, 117, 119, 123, 124, 50, 64, 121, 114, 120, 101, 106, 111, 9, 108, 110, 52, 132, 131, 42, 40, 16, 15, 115, 92, 142, 77, 141]",False,complete,127,127,5550,0,3926,26,3900,2000,,False,,,,,,,2,117,20,117,20,20,20,20
1,481,30,58,91,"[7, 10, 12, 13, 14, 17, 18, 21, 26, 28, 32, 35, 36, 48, 58, 61, 67, 71, 74, 75, 76, 77, 78, 83, 85, 91, 93, 94, 97, 99, 102, 105, 109, 112, 116, 118, 122, 125, 126, 127, 128, 129, 130, 133, 134, 135, 136, 137, 138, 139, 140, 142, 144, 145, 146, 147, 148, 149]","[0, 1, 2, 3, 4, 5, 6, 8, 9, 11, 15, 16, 19, 20, 22, 23, 24, 25, 27, 29, 30, 31, 33, 34, 37, 38, 39, 40, 41, 42, 43, 44, 45, 46, 47, 49, 50, 51, 52, 53, 54, 55, 56, 57, 59, 60, 62, 63, 64, 65, 66, 68, 69, 70, 72, 73, 79, 80, 81, 82, 84, 86, 87, 88, 89, 90, 92, 95, 96, 98, 100, 101, 103, 104, 106, 107, 108, 110, 111, 114, 115, 117, 119, 120, 121, 123, 124, 131, 132, 141, 143]",{},[],0,"[122, 17, 18, 32, 137, 138, 140, 139, 13, 14, 116, 118, 136, 112, 36, 135, 28, 26, 105, 99, 144, 10, 145, 149, 102, 146, 147, 12, 58, 71, 134, 109, 67, 78, 48, 61, 148, 93, 85, 133, 130, 129, 76, 128, 97, 94, 74, 127, 91, 126, 35, 7, 21, 125, 83, 75, 142, 77, 141, 92, 115, 8, 27, 106, 101, 23, 120, 114, 121, 15, 16, 6, 124, 110, 123, 117, 29, 90, 108, 9, 111, 1, 2, 0, 42, 131, 132, 52, 64, 50, 119, 107, 53, 55, 41, 43, 40, 5, 4, 143, 22, 63, 3, 100, 96, 98, 25, 20, 11, 31, 44, 30, 24, 19, 104, 37, 84, 70, 34, 39, 54, 47, 46, 51, 68, 60, 62, 49, 45, 56, 38, 57, 33, 95, 87, 103, 81, 82, 88, 89, 73, 69, 59, 66, 86, 79, 72, 80, 65]",True,38808351320,38.808351320,"[141, 92, 115, 15, 16, 42, 40, 131, 132, 54, 110, 108, 9, 111, 106, 101, 120, 114, 121, 64, 50, 124, 123, 90, 117, 55, 53, 119, 107, 41, 27, 29, 8, 43, 6, 1, 2, 0, 143, 63, 104, 70, 86, 69, 79, 80, 62, 60, 59, 68, 66, 72, 65, 89, 73, 52, 47, 46, 44, 51, 49, 45, 56, 57, 38, 25, 39, 23, 34, 33, 37, 20, 5, 4, 22, 3, 100, 96, 98, 11, 30, 31, 24, 19, 84, 82, 87, 81, 103, 88, 95]","[95, 88, 103, 81, 87, 82, 84, 19, 24, 31, 30, 11, 98, 96, 100, 3, 22, 4, 5, 20, 37, 33, 34, 23, 39, 25, 38, 57, 56, 45, 49, 51, 44, 46, 47, 52, 73, 89, 65, 72, 66, 68, 59, 60, 62, 80, 79, 69, 86, 70, 104, 63, 143, 0, 2, 1, 6, 43, 8, 29, 27, 41, 107, 119, 53, 55, 117, 90, 123, 124, 50, 64, 121, 114, 120, 101, 106, 111, 9, 108, 110, 54, 132, 131, 40, 42, 16, 15, 115, 92, 141]",False,complete,125,125,5365,0,3849,26,3823,2000,,False,,,,,,,2,116,20,116,20,20,20,20
1,482,31,60,89,"[7, 10, 12, 13, 14, 17, 18, 21, 26, 28, 32, 35, 36, 48, 58, 61, 67, 71, 74, 75, 76, 77, 78, 83, 85, 91, 92, 93, 94, 97, 99, 102, 105, 109, 112, 116, 118, 122, 125, 126, 127, 128, 129, 130, 133, 134, 135, 136, 137, 138, 139, 140, 141, 142, 144, 145, 146, 147, 148, 149]","[0, 1, 2, 3, 4, 5, 6, 8, 9, 11, 15, 16, 19, 20, 22, 23, 24, 25, 27, 29, 30, 31, 33, 34, 37, 38, 39, 40, 41, 42, 43, 44, 45, 46, 47, 49, 50, 51, 52, 53, 54, 55, 56, 57, 59, 60, 62, 63, 64, 65, 66, 68, 69, 70, 72, 73, 79, 80, 81, 82, 84, 86, 87, 88, 89, 90, 95, 96, 98, 100, 101, 103, 104, 106, 107, 108, 110, 111, 114, 115, 117, 119, 120, 121, 123, 124, 131, 132, 143]",{},[],0,"[122, 17, 18, 32, 137, 138, 140, 139, 13, 14, 116, 118, 136, 112, 36, 135, 28, 26, 105, 99, 144, 10, 145, 149, 102, 146, 147, 12, 58, 71, 134, 109, 67, 78, 48, 61, 148, 93, 85, 133, 130, 129, 76, 128, 97, 94, 74, 127, 91, 126, 35, 7, 21, 125, 83, 75, 142, 77, 141, 92, 115, 8, 27, 106, 101, 23, 120, 114, 121, 15, 16, 6, 124, 110, 123, 117, 29, 90, 108, 9, 111, 1, 2, 0, 42, 131, 132, 52, 64, 50, 119, 107, 53, 55, 41, 43, 40, 5, 4, 143, 22, 63, 3, 100, 96, 98, 25, 20, 11, 31, 44, 30, 24, 19, 104, 37, 84, 70, 34, 39, 54, 47, 46, 51, 68, 60, 62, 49, 45, 56, 38, 57, 33, 95, 87, 103, 81, 82, 88, 89, 73, 69, 59, 66, 86, 79, 72, 80, 65]",True,37035776418,37.035776418,"[115, 15, 16, 42, 40, 132, 131, 52, 110, 108, 9, 111, 106, 101, 120, 114, 121, 64, 50, 124, 123, 90, 117, 119, 107, 53, 55, 29, 43, 41, 8, 27, 6, 1, 2, 0, 143, 63, 104, 70, 86, 69, 79, 80, 62, 60, 59, 68, 66, 72, 65, 89, 73, 54, 47, 46, 44, 51, 49, 45, 56, 57, 38, 25, 39, 23, 34, 33, 37, 20, 5, 4, 22, 3, 100, 96, 98, 11, 30, 31, 24, 19, 84, 87, 82, 81, 103, 88, 95]","[95, 88, 103, 81, 82, 87, 84, 19, 24, 31, 30, 11, 98, 96, 100, 3, 22, 4, 5, 20, 37, 33, 34, 23, 39, 25, 38, 57, 56, 45, 49, 51, 44, 46, 47, 54, 73, 89, 65, 72, 66, 68, 59, 60, 62, 80, 79, 69, 86, 70, 104, 63, 143, 0, 2, 1, 6, 27, 8, 41, 43, 29, 55, 53, 107, 119, 117, 90, 123, 124, 50, 64, 121, 114, 120, 101, 106, 111, 9, 108, 110, 52, 131, 132, 40, 42, 16, 15, 115]",False,complete,123,123,5184,0,3773,26,3747,2000,,False,,,,,,,2,116,20,116,20,20,20,20
1,483,32,62,87,"[7, 8, 10, 12, 13, 14, 17, 18, 21, 26, 28, 32, 35, 36, 48, 58, 61, 67, 71, 74, 75, 76, 77, 78, 83, 85, 91, 92, 93, 94, 97, 99, 102, 105, 109, 112, 115, 116, 118, 122, 125, 126, 127, 128, 129, 130, 133, 134, 135, 136, 137, 138, 139, 140, 141, 142, 144, 145, 146, 147, 148, 149]","[0, 1, 2, 3, 4, 5, 6, 9, 11, 15, 16, 19, 20, 22, 23, 24, 25, 27, 29, 30, 31, 33, 34, 37, 38, 39, 40, 41, 42, 43, 44, 45, 46, 47, 49, 50, 51, 52, 53, 54, 55, 56, 57, 59, 60, 62, 63, 64, 65, 66, 68, 69, 70, 72, 73, 79, 80, 81, 82, 84, 86, 87, 88, 89, 90, 95, 96, 98, 100, 101, 103, 104, 106, 107, 108, 110, 111, 114, 117, 119, 120, 121, 123, 124, 131, 132, 143]","{""support_1"": 121}",[121],1,"[122, 17, 18, 32, 137, 138, 140, 139, 13, 14, 116, 118, 136, 112, 36, 135, 28, 26, 105, 99, 144, 10, 145, 149, 102, 146, 147, 12, 58, 71, 134, 109, 67, 78, 48, 61, 148, 93, 85, 133, 130, 129, 76, 128, 97, 94, 74, 127, 91, 126, 35, 7, 21, 125, 83, 75, 142, 77, 141, 92, 115, 8, 27, 106, 101, 23, 120, 114, 121, 15, 16, 6, 124, 110, 123, 117, 29, 90, 108, 9, 111, 1, 2, 0, 42, 131, 132, 52, 64, 50, 119, 107, 53, 55, 41, 43, 40, 5, 4, 143, 22, 63, 3, 100, 96, 98, 25, 20, 11, 31, 44, 30, 24, 19, 104, 37, 84, 70, 34, 39, 54, 47, 46, 51, 68, 60, 62, 49, 45, 56, 38, 57, 33, 95, 87, 103, 81, 82, 88, 89, 73, 69, 59, 66, 86, 79, 72, 80, 65]",True,17234474581,17.234474581,"[27, 106, 101, 23, 120, 114, 121, 15, 16, 6, 124, 110, 123, 117, 29, 90, 108, 9, 111, 1, 2, 0, 40, 132, 131, 52, 64, 50, 119, 107, 55, 53, 41, 43, 42, 5, 4, 143, 22, 63, 3, 100, 96, 98, 25, 11, 20, 31, 44, 30, 24, 19, 104, 37, 84, 70, 34, 39, 54, 47, 46, 51, 68, 60, 62, 49, 45, 56, 38, 57, 33, 95, 87, 103, 81, 82, 88, 89, 73, 66, 86, 65, 59, 72, 79, 69, 80]","[80, 69, 79, 72, 59, 65, 86, 66, 73, 89, 88, 82, 81, 103, 87, 95, 33, 57, 38, 56, 45, 49, 62, 60, 68, 51, 46, 47, 54, 39, 34, 70, 84, 37, 104, 19, 24, 30, 44, 31, 20, 11, 25, 98, 96, 100, 3, 63, 22, 143, 4, 5, 42, 43, 41, 53, 55, 107, 119, 50, 64, 52, 131, 132, 40, 0, 2, 1, 111, 9, 108, 90, 29, 117, 123, 110, 124, 6, 16, 15, 121, 114, 120, 23, 101, 106, 27]",False,complete,90,90,3907,0,1636,3,1633,1633,,False,,,,,,,2,113,21,113,22,22,21,22
1,484,33,64,85,"[7, 8, 10, 12, 13, 14, 17, 18, 21, 26, 27, 28, 32, 35, 36, 48, 58, 61, 67, 71, 74, 75, 76, 77, 78, 83, 85, 91, 92, 93, 94, 97, 99, 102, 105, 106, 109, 112, 115, 116, 118, 122, 125, 126, 127, 128, 129, 130, 133, 134, 135, 136, 137, 138, 139, 140, 141, 142, 144, 145, 146, 147, 148, 149]","[0, 1, 2, 3, 4, 5, 6, 9, 11, 15, 16, 19, 20, 22, 23, 24, 25, 29, 30, 31, 33, 34, 37, 38, 39, 40, 41, 42, 43, 44, 45, 46, 47, 49, 50, 51, 52, 53, 54, 55, 56, 57, 59, 60, 62, 63, 64, 65, 66, 68, 69, 70, 72, 73, 79, 80, 81, 82, 84, 86, 87, 88, 89, 90, 95, 96, 98, 100, 101, 103, 104, 107, 108, 110, 111, 114, 117, 119, 120, 121, 123, 124, 131, 132, 143]","{""support_1"": 121}",[121],1,"[122, 17, 18, 32, 137, 138, 140, 139, 13, 14, 116, 118, 136, 112, 36, 135, 28, 26, 105, 99, 144, 10, 145, 149, 102, 146, 147, 12, 58, 71, 134, 109, 67, 78, 48, 61, 148, 93, 85, 133, 130, 129, 76, 128, 97, 94, 74, 127, 91, 126, 35, 7, 21, 125, 83, 75, 142, 77, 141, 92, 115, 8, 27, 106, 101, 23, 120, 114, 121, 15, 16, 6, 124, 110, 123, 117, 29, 90, 108, 9, 111, 1, 2, 0, 42, 131, 132, 52, 64, 50, 119, 107, 53, 55, 41, 43, 40, 5, 4, 143, 22, 63, 3, 100, 96, 98, 25, 20, 11, 31, 44, 30, 24, 19, 104, 37, 84, 70, 34, 39, 54, 47, 46, 51, 68, 60, 62, 49, 45, 56, 38, 57, 33, 95, 87, 103, 81, 82, 88, 89, 73, 69, 59, 66, 86, 79, 72, 80, 65]",True,15946213325,15.946213325,"[101, 23, 120, 114, 121, 15, 16, 6, 124, 110, 123, 117, 29, 90, 108, 1, 2, 9, 111, 0, 40, 131, 132, 54, 64, 50, 119, 107, 53, 55, 43, 41, 42, 5, 4, 143, 22, 63, 3, 100, 96, 98, 25, 11, 20, 31, 44, 30, 24, 19, 104, 37, 84, 70, 34, 39, 52, 47, 46, 51, 68, 60, 62, 49, 45, 56, 38, 57, 33, 59, 89, 73, 66, 69, 79, 72, 80, 65, 86, 87, 82, 81, 103, 88, 95]","[95, 88, 103, 81, 82, 87, 86, 65, 80, 72, 79, 69, 66, 73, 89, 59, 33, 57, 38, 56, 45, 49, 62, 60, 68, 51, 46, 47, 52, 39, 34, 70, 84, 37, 104, 19, 24, 30, 44, 31, 20, 11, 25, 98, 96, 100, 3, 63, 22, 143, 4, 5, 42, 41, 43, 55, 53, 107, 119, 50, 64, 54, 132, 131, 40, 0, 111, 9, 2, 1, 108, 90, 29, 117, 123, 110, 124, 6, 16, 15, 121, 114, 120, 23, 101]",False,complete,88,88,3734,0,1563,3,1560,1560,,False,,,,,,,2,105,19,105,20,20,19,20
1,485,34,66,83,"[7, 8, 10, 12, 13, 14, 17, 18, 21, 23, 26, 27, 28, 32, 35, 36, 48, 58, 61, 67, 71, 74, 75, 76, 77, 78, 83, 85, 91, 92, 93, 94, 97, 99, 101, 102, 105, 106, 109, 112, 115, 116, 118, 122, 125, 126, 127, 128, 129, 130, 133, 134, 135, 136, 137, 138, 139, 140, 141, 142, 144, 145, 146, 147, 148, 149]","[0, 1, 2, 3, 4, 5, 6, 9, 11, 15, 16, 19, 20, 22, 24, 25, 29, 30, 31, 33, 34, 37, 38, 39, 40, 41, 42, 43, 44, 45, 46, 47, 49, 50, 51, 52, 53, 54, 55, 56, 57, 59, 60, 62, 63, 64, 65, 66, 68, 69, 70, 72, 73, 79, 80, 81, 82, 84, 86, 87, 88, 89, 90, 95, 96, 98, 100, 103, 104, 107, 108, 110, 111, 114, 117, 119, 120, 121, 123, 124, 131, 132, 143]","{""support_1"": 121}",[121],1,"[122, 17, 18, 32, 137, 138, 140, 139, 13, 14, 116, 118, 136, 112, 36, 135, 28, 26, 105, 99, 144, 10, 145, 149, 102, 146, 147, 12, 58, 71, 134, 109, 67, 78, 48, 61, 148, 93, 85, 133, 130, 129, 76, 128, 97, 94, 74, 127, 91, 126, 35, 7, 21, 125, 83, 75, 142, 77, 141, 92, 115, 8, 27, 106, 101, 23, 120, 114, 121, 15, 16, 6, 124, 110, 123, 117, 29, 90, 108, 9, 111, 1, 2, 0, 42, 131, 132, 52, 64, 50, 119, 107, 53, 55, 41, 43, 40, 5, 4, 143, 22, 63, 3, 100, 96, 98, 25, 20, 11, 31, 44, 30, 24, 19, 104, 37, 84, 70, 34, 39, 54, 47, 46, 51, 68, 60, 62, 49, 45, 56, 38, 57, 33, 95, 87, 103, 81, 82, 88, 89, 73, 69, 59, 66, 86, 79, 72, 80, 65]",True,16280528142,16.280528142,"[120, 114, 121, 15, 16, 6, 124, 110, 123, 117, 29, 90, 108, 1, 2, 9, 111, 0, 42, 131, 132, 52, 64, 50, 119, 107, 53, 55, 43, 41, 40, 5, 4, 143, 22, 63, 3, 100, 96, 98, 25, 11, 20, 31, 44, 30, 24, 19, 104, 37, 84, 70, 34, 39, 54, 47, 46, 51, 68, 60, 62, 49, 45, 56, 38, 57, 33, 95, 87, 103, 81, 82, 88, 89, 73, 69, 59, 66, 86, 79, 72, 80, 65]","[65, 80, 72, 79, 86, 66, 59, 69, 73, 89, 88, 82, 81, 103, 87, 95, 33, 57, 38, 56, 45, 49, 62, 60, 68, 51, 46, 47, 54, 39, 34, 70, 84, 37, 104, 19, 24, 30, 44, 31, 20, 11, 25, 98, 96, 100, 3, 63, 22, 143, 4, 5, 40, 41, 43, 55, 53, 107, 119, 50, 64, 52, 132, 131, 42, 0, 111, 9, 2, 1, 108, 90, 29, 117, 123, 110, 124, 6, 16, 15, 121, 114, 120]",False,complete,86,86,3565,0,1559,3,1556,1556,,False,,,,,,,2,107,20,107,21,21,20,21
1,486,35,68,81,"[7, 8, 10, 12, 13, 14, 17, 18, 21, 23, 26, 27, 28, 32, 35, 36, 48, 58, 61, 67, 71, 74, 75, 76, 77, 78, 83, 85, 91, 92, 93, 94, 97, 99, 101, 102, 105, 106, 109, 112, 114, 115, 116, 118, 120, 122, 125, 126, 127, 128, 129, 130, 133, 134, 135, 136, 137, 138, 139, 140, 141, 142, 144, 145, 146, 147, 148, 149]","[0, 1, 2, 3, 4, 5, 6, 9, 11, 15, 16, 19, 20, 22, 24, 25, 29, 30, 31, 33, 34, 37, 38, 39, 40, 41, 42, 43, 44, 45, 46, 47, 49, 50, 51, 52, 53, 54, 55, 56, 57, 59, 60, 62, 63, 64, 65, 66, 68, 69, 70, 72, 73, 79, 80, 81, 82, 84, 86, 87, 88, 89, 90, 95, 96, 98, 100, 103, 104, 107, 108, 110, 111, 117, 119, 121, 123, 124, 131, 132, 143]","{""support_1"": 121}",[121],1,"[122, 17, 18, 32, 137, 138, 140, 139, 13, 14, 116, 118, 136, 112, 36, 135, 28, 26, 105, 99, 144, 10, 145, 149, 102, 146, 147, 12, 58, 71, 134, 109, 67, 78, 48, 61, 148, 93, 85, 133, 130, 129, 76, 128, 97, 94, 74, 127, 91, 126, 35, 7, 21, 125, 83, 75, 142, 77, 141, 92, 115, 8, 27, 106, 101, 23, 120, 114, 121, 15, 16, 6, 124, 110, 123, 117, 29, 90, 108, 9, 111, 1, 2, 0, 42, 131, 132, 52, 64, 50, 119, 107, 53, 55, 41, 43, 40, 5, 4, 143, 22, 63, 3, 100, 96, 98, 25, 20, 11, 31, 44, 30, 24, 19, 104, 37, 84, 70, 34, 39, 54, 47, 46, 51, 68, 60, 62, 49, 45, 56, 38, 57, 33, 95, 87, 103, 81, 82, 88, 89, 73, 69, 59, 66, 86, 79, 72, 80, 65]",True,15439395318,15.439395318,"[121, 15, 16, 6, 124, 110, 123, 117, 29, 90, 108, 9, 111, 1, 2, 0, 42, 132, 131, 54, 64, 50, 53, 119, 107, 55, 41, 43, 40, 5, 4, 143, 22, 63, 3, 100, 96, 98, 25, 11, 20, 31, 44, 30, 24, 19, 103, 37, 84, 70, 34, 39, 52, 47, 46, 51, 68, 60, 62, 49, 45, 56, 38, 57, 33, 59, 89, 73, 66, 69, 79, 72, 80, 65, 86, 87, 82, 81, 104, 88, 95]","[95, 88, 104, 81, 82, 87, 86, 65, 80, 72, 79, 69, 66, 73, 89, 59, 33, 57, 38, 56, 45, 49, 62, 60, 68, 51, 46, 47, 52, 39, 34, 70, 84, 37, 103, 19, 24, 30, 44, 31, 20, 11, 25, 98, 96, 100, 3, 63, 22, 143, 4, 5, 40, 43, 41, 55, 107, 119, 53, 50, 64, 54, 131, 132, 42, 0, 2, 1, 111, 9, 108, 90, 29, 117, 123, 110, 124, 6, 16, 15, 121]",False,complete,84,84,3400,0,1543,3,1540,1540,,False,,,,,,,2,101,19,101,19,19,19,20
1,487,36,70,79,"[7, 8, 10, 12, 13, 14, 15, 17, 18, 21, 23, 26, 27, 28, 32, 35, 36, 48, 58, 61, 67, 71, 74, 75, 76, 77, 78, 83, 85, 91, 92, 93, 94, 97, 99, 101, 102, 105, 106, 109, 112, 114, 115, 116, 118, 120, 121, 122, 125, 126, 127, 128, 129, 130, 133, 134, 135, 136, 137, 138, 139, 140, 141, 142, 144, 145, 146, 147, 148, 149]","[0, 1, 2, 3, 4, 5, 6, 9, 11, 16, 19, 20, 22, 24, 25, 29, 30, 31, 33, 34, 37, 38, 39, 40, 41, 42, 43, 44, 45, 46, 47, 49, 50, 51, 52, 53, 54, 55, 56, 57, 59, 60, 62, 63, 64, 65, 66, 68, 69, 70, 72, 73, 79, 80, 81, 82, 84, 86, 87, 88, 89, 90, 95, 96, 98, 100, 103, 104, 107, 108, 110, 111, 117, 119, 123, 124, 131, 132, 143]",{},[],0,"[122, 17, 18, 32, 137, 138, 140, 139, 13, 14, 116, 118, 136, 112, 36, 135, 28, 26, 105, 99, 144, 10, 145, 149, 102, 146, 147, 12, 58, 71, 134, 109, 67, 78, 48, 61, 148, 93, 85, 133, 130, 129, 76, 128, 97, 94, 74, 127, 91, 126, 35, 7, 21, 125, 83, 75, 142, 77, 141, 92, 115, 8, 27, 106, 101, 23, 120, 114, 121, 15, 16, 6, 124, 110, 123, 117, 29, 90, 108, 9, 111, 1, 2, 0, 42, 131, 132, 52, 64, 50, 119, 107, 53, 55, 41, 43, 40, 5, 4, 143, 22, 63, 3, 100, 96, 98, 25, 20, 11, 31, 44, 30, 24, 19, 104, 37, 84, 70, 34, 39, 54, 47, 46, 51, 68, 60, 62, 49, 45, 56, 38, 57, 33, 95, 87, 103, 81, 82, 88, 89, 73, 69, 59, 66, 86, 79, 72, 80, 65]",True,15057035444,15.057035444,"[16, 6, 124, 110, 123, 119, 29, 90, 108, 1, 2, 9, 111, 0, 40, 132, 131, 52, 64, 50, 53, 55, 117, 107, 43, 41, 42, 5, 4, 143, 22, 63, 3, 100, 96, 98, 25, 11, 20, 31, 44, 30, 24, 19, 104, 37, 84, 70, 34, 39, 54, 47, 46, 51, 68, 60, 62, 49, 45, 56, 38, 57, 33, 95, 87, 103, 81, 82, 88, 89, 73, 69, 59, 66, 86, 79, 72, 80, 65]","[65, 80, 72, 79, 86, 66, 59, 69, 73, 89, 88, 82, 81, 103, 87, 95, 33, 57, 38, 56, 45, 49, 62, 60, 68, 51, 46, 47, 54, 39, 34, 70, 84, 37, 104, 19, 24, 30, 44, 31, 20, 11, 25, 98, 96, 100, 3, 63, 22, 143, 4, 5, 42, 41, 43, 107, 117, 55, 53, 50, 64, 52, 131, 132, 40, 0, 111, 9, 2, 1, 108, 90, 29, 119, 123, 110, 124, 6, 16]",False,complete,82,82,3239,0,1515,3,1512,1512,,False,,,,,,,2,105,20,105,20,20,20,20
1,488,37,72,77,"[6, 7, 8, 10, 12, 13, 14, 15, 16, 17, 18, 21, 23, 26, 27, 28, 32, 35, 36, 48, 58, 61, 67, 71, 74, 75, 76, 77, 78, 83, 85, 91, 92, 93, 94, 97, 99, 101, 102, 105, 106, 109, 112, 114, 115, 116, 118, 120, 121, 122, 125, 126, 127, 128, 129, 130, 133, 134, 135, 136, 137, 138, 139, 140, 141, 142, 144, 145, 146, 147, 148, 149]","[0, 1, 2, 3, 4, 5, 9, 11, 19, 20, 22, 24, 25, 29, 30, 31, 33, 34, 37, 38, 39, 40, 41, 42, 43, 44, 45, 46, 47, 49, 50, 51, 52, 53, 54, 55, 56, 57, 59, 60, 62, 63, 64, 65, 66, 68, 69, 70, 72, 73, 79, 80, 81, 82, 84, 86, 87, 88, 89, 90, 95, 96, 98, 100, 103, 104, 107, 108, 110, 111, 117, 119, 123, 124, 131, 132, 143]","{""support_1"": 111}",[111],1,"[122, 17, 18, 32, 137, 138, 140, 139, 13, 14, 116, 118, 136, 112, 36, 135, 28, 26, 105, 99, 144, 10, 145, 149, 102, 146, 147, 12, 58, 71, 134, 109, 67, 78, 48, 61, 148, 93, 85, 133, 130, 129, 76, 128, 97, 94, 74, 127, 91, 126, 35, 7, 21, 125, 83, 75, 142, 77, 141, 92, 115, 8, 27, 106, 101, 23, 120, 114, 121, 15, 16, 6, 124, 110, 123, 117, 29, 90, 108, 9, 111, 1, 2, 0, 42, 131, 132, 52, 64, 50, 119, 107, 53, 55, 41, 43, 40, 5, 4, 143, 22, 63, 3, 100, 96, 98, 25, 20, 11, 31, 44, 30, 24, 19, 104, 37, 84, 70, 34, 39, 54, 47, 46, 51, 68, 60, 62, 49, 45, 56, 38, 57, 33, 95, 87, 103, 81, 82, 88, 89, 73, 69, 59, 66, 86, 79, 72, 80, 65]",True,13460523663,13.460523663,"[124, 110, 123, 117, 29, 90, 108, 1, 2, 9, 111, 0, 42, 131, 132, 54, 64, 50, 119, 107, 53, 55, 43, 41, 40, 5, 4, 143, 22, 63, 3, 100, 96, 98, 25, 20, 11, 31, 44, 30, 24, 19, 103, 37, 84, 70, 34, 39, 52, 47, 46, 51, 68, 60, 62, 49, 45, 56, 38, 57, 33, 59, 89, 73, 66, 69, 79, 72, 80, 65, 86, 87, 82, 81, 104, 88, 95]","[95, 88, 104, 81, 82, 87, 86, 65, 80, 72, 79, 69, 66, 73, 89, 59, 33, 57, 38, 56, 45, 49, 62, 60, 68, 51, 46, 47, 52, 39, 34, 70, 84, 37, 103, 19, 24, 30, 44, 31, 11, 20, 25, 98, 96, 100, 3, 63, 22, 143, 4, 5, 40, 41, 43, 55, 53, 107, 119, 50, 64, 54, 132, 131, 42, 0, 111, 9, 2, 1, 108, 90, 29, 117, 123, 110, 124]",False,complete,80,80,3082,0,1421,3,1418,1418,,False,,,,,,,2,99,18,99,19,19,18,19
1,489,38,74,75,"[6, 7, 8, 10, 12, 13, 14, 15, 16, 17, 18, 21, 23, 26, 27, 28, 32, 35, 36, 48, 58, 61, 67, 71, 74, 75, 76, 77, 78, 83, 85, 91, 92, 93, 94, 97, 99, 101, 102, 105, 106, 109, 110, 112, 114, 115, 116, 118, 120, 121, 122, 124, 125, 126, 127, 128, 129, 130, 133, 134, 135, 136, 137, 138, 139, 140, 141, 142, 144, 145, 146, 147, 148, 149]","[0, 1, 2, 3, 4, 5, 9, 11, 19, 20, 22, 24, 25, 29, 30, 31, 33, 34, 37, 38, 39, 40, 41, 42, 43, 44, 45, 46, 47, 49, 50, 51, 52, 53, 54, 55, 56, 57, 59, 60, 62, 63, 64, 65, 66, 68, 69, 70, 72, 73, 79, 80, 81, 82, 84, 86, 87, 88, 89, 90, 95, 96, 98, 100, 103, 104, 107, 108, 111, 117, 119, 123, 131, 132, 143]","{""support_1"": 111}",[111],1,"[122, 17, 18, 32, 137, 138, 140, 139, 13, 14, 116, 118, 136, 112, 36, 135, 28, 26, 105, 99, 144, 10, 145, 149, 102, 146, 147, 12, 58, 71, 134, 109, 67, 78, 48, 61, 148, 93, 85, 133, 130, 129, 76, 128, 97, 94, 74, 127, 91, 126, 35, 7, 21, 125, 83, 75, 142, 77, 141, 92, 115, 8, 27, 106, 101, 23, 120, 114, 121, 15, 16, 6, 124, 110, 123, 117, 29, 90, 108, 9, 111, 1, 2, 0, 42, 131, 132, 52, 64, 50, 119, 107, 53, 55, 41, 43, 40, 5, 4, 143, 22, 63, 3, 100, 96, 98, 25, 20, 11, 31, 44, 30, 24, 19, 104, 37, 84, 70, 34, 39, 54, 47, 46, 51, 68, 60, 62, 49, 45, 56, 38, 57, 33, 95, 87, 103, 81, 82, 88, 89, 73, 69, 59, 66, 86, 79, 72, 80, 65]",True,12883264450,12.883264450,"[123, 119, 29, 90, 108, 9, 111, 1, 2, 0, 42, 131, 132, 52, 64, 50, 53, 55, 117, 107, 43, 41, 40, 5, 4, 143, 22, 63, 3, 100, 96, 98, 25, 20, 11, 31, 44, 30, 24, 19, 104, 37, 84, 70, 34, 39, 54, 47, 46, 51, 68, 60, 62, 49, 45, 56, 38, 57, 33, 59, 89, 73, 66, 69, 79, 72, 80, 65, 86, 87, 82, 81, 103, 88, 95]","[95, 88, 103, 81, 82, 87, 86, 65, 80, 72, 79, 69, 66, 73, 89, 59, 33, 57, 38, 56, 45, 49, 62, 60, 68, 51, 46, 47, 54, 39, 34, 70, 84, 37, 104, 19, 24, 30, 44, 31, 11, 20, 25, 98, 96, 100, 3, 63, 22, 143, 4, 5, 40, 41, 43, 107, 117, 55, 53, 50, 64, 52, 132, 131, 42, 0, 2, 1, 111, 9, 108, 90, 29, 119, 123]",False,complete,78,78,2929,0,1386,3,1383,1383,,False,,,,,,,2,97,18,97,19,19,18,19
1,490,39,76,73,"[6, 7, 8, 10, 12, 13, 14, 15, 16, 17, 18, 21, 23, 26, 27, 28, 32, 35, 36, 48, 58, 61, 67, 71, 74, 75, 76, 77, 78, 83, 85, 91, 92, 93, 94, 97, 99, 101, 102, 105, 106, 109, 110, 112, 114, 115, 116, 117, 118, 120, 121, 122, 123, 124, 125, 126, 127, 128, 129, 130, 133, 134, 135, 136, 137, 138, 139, 140, 141, 142, 144, 145, 146, 147, 148, 149]","[0, 1, 2, 3, 4, 5, 9, 11, 19, 20, 22, 24, 25, 29, 30, 31, 33, 34, 37, 38, 39, 40, 41, 42, 43, 44, 45, 46, 47, 49, 50, 51, 52, 53, 54, 55, 56, 57, 59, 60, 62, 63, 64, 65, 66, 68, 69, 70, 72, 73, 79, 80, 81, 82, 84, 86, 87, 88, 89, 90, 95, 96, 98, 100, 103, 104, 107, 108, 111, 119, 131, 132, 143]","{""support_1"": 111}",[111],1,"[122, 17, 18, 32, 137, 138, 140, 139, 13, 14, 116, 118, 136, 112, 36, 135, 28, 26, 105, 99, 144, 10, 145, 149, 102, 146, 147, 12, 58, 71, 134, 109, 67, 78, 48, 61, 148, 93, 85, 133, 130, 129, 76, 128, 97, 94, 74, 127, 91, 126, 35, 7, 21, 125, 83, 75, 142, 77, 141, 92, 115, 8, 27, 106, 101, 23, 120, 114, 121, 15, 16, 6, 124, 110, 123, 117, 29, 90, 108, 9, 111, 1, 2, 0, 42, 131, 132, 52, 64, 50, 119, 107, 53, 55, 41, 43, 40, 5, 4, 143, 22, 63, 3, 100, 96, 98, 25, 20, 11, 31, 44, 30, 24, 19, 104, 37, 84, 70, 34, 39, 54, 47, 46, 51, 68, 60, 62, 49, 45, 56, 38, 57, 33, 95, 87, 103, 81, 82, 88, 89, 73, 69, 59, 66, 86, 79, 72, 80, 65]",True,11718991269,11.718991269,"[29, 90, 108, 9, 111, 1, 2, 0, 40, 131, 132, 54, 64, 50, 53, 55, 119, 107, 41, 43, 42, 5, 4, 143, 22, 63, 3, 100, 96, 98, 25, 11, 20, 31, 44, 30, 24, 19, 104, 37, 84, 70, 34, 39, 52, 47, 46, 51, 68, 60, 62, 49, 45, 56, 38, 57, 33, 59, 89, 73, 66, 69, 79, 72, 80, 65, 86, 87, 82, 81, 103, 88, 95]","[95, 88, 103, 81, 82, 87, 86, 65, 80, 72, 79, 69, 66, 73, 89, 59, 33, 57, 38, 56, 45, 49, 62, 60, 68, 51, 46, 47, 52, 39, 34, 70, 84, 37, 104, 19, 24, 30, 44, 31, 20, 11, 25, 98, 96, 100, 3, 63, 22, 143, 4, 5, 42, 43, 41, 107, 119, 55, 53, 50, 64, 54, 132, 131, 40, 0, 2, 1, 111, 9, 108, 90, 29]",False,complete,76,76,2780,0,1318,3,1315,1315,,False,,,,,,,2,95,18,95,19,19,18,19
1,491,40,78,71,"[6, 7, 8, 10, 12, 13, 14, 15, 16, 17, 18, 21, 23, 26, 27, 28, 29, 32, 35, 36, 48, 58, 61, 67, 71, 74, 75, 76, 77, 78, 83, 85, 90, 91, 92, 93, 94, 97, 99, 101, 102, 105, 106, 109, 110, 112, 114, 115, 116, 117, 118, 120, 121, 122, 123, 124, 125, 126, 127, 128, 129, 130, 133, 134, 135, 136, 137, 138, 139, 140, 141, 142, 144, 145, 146, 147, 148, 149]","[0, 1, 2, 3, 4, 5, 9, 11, 19, 20, 22, 24, 25, 30, 31, 33, 34, 37, 38, 39, 40, 41, 42, 43, 44, 45, 46, 47, 49, 50, 51, 52, 53, 54, 55, 56, 57, 59, 60, 62, 63, 64, 65, 66, 68, 69, 70, 72, 73, 79, 80, 81, 82, 84, 86, 87, 88, 89, 95, 96, 98, 100, 103, 104, 107, 108, 111, 119, 131, 132, 143]","{""support_1"": 111}",[111],1,"[122, 17, 18, 32, 137, 138, 140, 139, 13, 14, 116, 118, 136, 112, 36, 135, 28, 26, 105, 99, 144, 10, 145, 149, 102, 146, 147, 12, 58, 71, 134, 109, 67, 78, 48, 61, 148, 93, 85, 133, 130, 129, 76, 128, 97, 94, 74, 127, 91, 126, 35, 7, 21, 125, 83, 75, 142, 77, 141, 92, 115, 8, 27, 106, 101, 23, 120, 114, 121, 15, 16, 6, 124, 110, 123, 117, 29, 90, 108, 9, 111, 1, 2, 0, 42, 131, 132, 52, 64, 50, 119, 107, 53, 55, 41, 43, 40, 5, 4, 143, 22, 63, 3, 100, 96, 98, 25, 20, 11, 31, 44, 30, 24, 19, 104, 37, 84, 70, 34, 39, 54, 47, 46, 51, 68, 60, 62, 49, 45, 56, 38, 57, 33, 95, 87, 103, 81, 82, 88, 89, 73, 69, 59, 66, 86, 79, 72, 80, 65]",True,10434389558,10.434389558,"[108, 9, 111, 1, 2, 0, 40, 131, 132, 54, 64, 50, 53, 55, 119, 107, 41, 43, 42, 5, 4, 143, 22, 63, 3, 100, 96, 98, 25, 20, 11, 31, 44, 30, 24, 19, 103, 37, 84, 70, 34, 39, 52, 47, 46, 51, 68, 60, 62, 49, 45, 56, 38, 57, 33, 59, 89, 73, 66, 69, 79, 72, 80, 65, 86, 82, 87, 81, 104, 88, 95]","[95, 88, 104, 81, 87, 82, 86, 65, 80, 72, 79, 69, 66, 73, 89, 59, 33, 57, 38, 56, 45, 49, 62, 60, 68, 51, 46, 47, 52, 39, 34, 70, 84, 37, 103, 19, 24, 30, 44, 31, 11, 20, 25, 98, 96, 100, 3, 63, 22, 143, 4, 5, 42, 43, 41, 107, 119, 55, 53, 50, 64, 54, 132, 131, 40, 0, 2, 1, 111, 9, 108]",False,complete,74,74,2635,0,1243,3,1240,1240,,False,,,,,,,2,93,18,93,19,19,18,19
1,492,41,80,69,"[6, 7, 8, 9, 10, 12, 13, 14, 15, 16, 17, 18, 21, 23, 26, 27, 28, 29, 32, 35, 36, 48, 58, 61, 67, 71, 74, 75, 76, 77, 78, 83, 85, 90, 91, 92, 93, 94, 97, 99, 101, 102, 105, 106, 108, 109, 110, 112, 114, 115, 116, 117, 118, 120, 121, 122, 123, 124, 125, 126, 127, 128, 129, 130, 133, 134, 135, 136, 137, 138, 139, 140, 141, 142, 144, 145, 146, 147, 148, 149]","[0, 1, 2, 3, 4, 5, 11, 19, 20, 22, 24, 25, 30, 31, 33, 34, 37, 38, 39, 40, 41, 42, 43, 44, 45, 46, 47, 49, 50, 51, 52, 53, 54, 55, 56, 57, 59, 60, 62, 63, 64, 65, 66, 68, 69, 70, 72, 73, 79, 80, 81, 82, 84, 86, 87, 88, 89, 95, 96, 98, 100, 103, 104, 107, 111, 119, 131, 132, 143]","{""support_1"": 111, ""support_2"": 2}","[2, 111]",2,"[122, 17, 18, 32, 137, 138, 140, 139, 13, 14, 116, 118, 136, 112, 36, 135, 28, 26, 105, 99, 144, 10, 145, 149, 102, 146, 147, 12, 58, 71, 134, 109, 67, 78, 48, 61, 148, 93, 85, 133, 130, 129, 76, 128, 97, 94, 74, 127, 91, 126, 35, 7, 21, 125, 83, 75, 142, 77, 141, 92, 115, 8, 27, 106, 101, 23, 120, 114, 121, 15, 16, 6, 124, 110, 123, 117, 29, 90, 108, 9, 111, 1, 2, 0, 42, 131, 132, 52, 64, 50, 119, 107, 53, 55, 41, 43, 40, 5, 4, 143, 22, 63, 3, 100, 96, 98, 25, 20, 11, 31, 44, 30, 24, 19, 104, 37, 84, 70, 34, 39, 54, 47, 46, 51, 68, 60, 62, 49, 45, 56, 38, 57, 33, 95, 87, 103, 81, 82, 88, 89, 73, 69, 59, 66, 86, 79, 72, 80, 65]",True,9286545104,9.286545104,"[111, 1, 2, 0, 42, 131, 132, 54, 64, 50, 119, 107, 55, 53, 43, 41, 40, 5, 4, 143, 22, 63, 3, 100, 96, 98, 25, 11, 20, 31, 44, 30, 24, 19, 103, 37, 84, 70, 34, 39, 52, 47, 46, 51, 68, 60, 62, 49, 45, 56, 38, 57, 33, 59, 89, 73, 66, 69, 79, 72, 80, 65, 86, 82, 87, 81, 104, 88, 95]","[95, 88, 104, 81, 87, 82, 86, 65, 80, 72, 79, 69, 66, 73, 89, 59, 33, 57, 38, 56, 45, 49, 62, 60, 68, 51, 46, 47, 52, 39, 34, 70, 84, 37, 103, 19, 24, 30, 44, 31, 20, 11, 25, 98, 96, 100, 3, 63, 22, 143, 4, 5, 40, 41, 43, 53, 55, 107, 119, 50, 64, 54, 132, 131, 42, 0, 2, 1, 111]",False,complete,72,72,2494,0,1158,3,1155,1155,,False,,,,,,,2,89,17,89,18,18,17,19
1,493,42,82,67,"[1, 6, 7, 8, 9, 10, 12, 13, 14, 15, 16, 17, 18, 21, 23, 26, 27, 28, 29, 32, 35, 36, 48, 58, 61, 67, 71, 74, 75, 76, 77, 78, 83, 85, 90, 91, 92, 93, 94, 97, 99, 101, 102, 105, 106, 108, 109, 110, 111, 112, 114, 115, 116, 117, 118, 120, 121, 122, 123, 124, 125, 126, 127, 128, 129, 130, 133, 134, 135, 136, 137, 138, 139, 140, 141, 142, 144, 145, 146, 147, 148, 149]","[0, 2, 3, 4, 5, 11, 19, 20, 22, 24, 25, 30, 31, 33, 34, 37, 38, 39, 40, 41, 42, 43, 44, 45, 46, 47, 49, 50, 51, 52, 53, 54, 55, 56, 57, 59, 60, 62, 63, 64, 65, 66, 68, 69, 70, 72, 73, 79, 80, 81, 82, 84, 86, 87, 88, 89, 95, 96, 98, 100, 103, 104, 107, 119, 131, 132, 143]","{""support_2"": 2}",[2],1,"[122, 17, 18, 32, 137, 138, 140, 139, 13, 14, 116, 118, 136, 112, 36, 135, 28, 26, 105, 99, 144, 10, 145, 149, 102, 146, 147, 12, 58, 71, 134, 109, 67, 78, 48, 61, 148, 93, 85, 133, 130, 129, 76, 128, 97, 94, 74, 127, 91, 126, 35, 7, 21, 125, 83, 75, 142, 77, 141, 92, 115, 8, 27, 106, 101, 23, 120, 114, 121, 15, 16, 6, 124, 110, 123, 117, 29, 90, 108, 9, 111, 1, 2, 0, 42, 131, 132, 52, 64, 50, 119, 107, 53, 55, 41, 43, 40, 5, 4, 143, 22, 63, 3, 100, 96, 98, 25, 20, 11, 31, 44, 30, 24, 19, 104, 37, 84, 70, 34, 39, 54, 47, 46, 51, 68, 60, 62, 49, 45, 56, 38, 57, 33, 95, 87, 103, 81, 82, 88, 89, 73, 69, 59, 66, 86, 79, 72, 80, 65]",True,9066275184,9.066275184,"[2, 0, 42, 132, 131, 52, 64, 50, 55, 119, 107, 53, 43, 41, 40, 5, 4, 143, 22, 63, 3, 100, 96, 98, 25, 20, 11, 31, 44, 30, 24, 19, 104, 37, 84, 70, 34, 39, 54, 47, 46, 51, 68, 60, 62, 49, 45, 56, 38, 57, 33, 95, 87, 103, 81, 82, 88, 89, 73, 69, 59, 66, 86, 79, 72, 80, 65]","[65, 80, 72, 79, 86, 66, 59, 69, 73, 89, 88, 82, 81, 103, 87, 95, 33, 57, 38, 56, 45, 49, 62, 60, 68, 51, 46, 47, 54, 39, 34, 70, 84, 37, 104, 19, 24, 30, 44, 31, 11, 20, 25, 98, 96, 100, 3, 63, 22, 143, 4, 5, 40, 41, 43, 53, 107, 119, 55, 50, 64, 52, 131, 132, 42, 0, 2]",False,complete,70,70,2357,0,1165,3,1162,1162,,False,,,,,,,2,91,18,91,18,18,18,19
1,494,43,84,65,"[0, 1, 2, 6, 7, 8, 9, 10, 12, 13, 14, 15, 16, 17, 18, 21, 23, 26, 27, 28, 29, 32, 35, 36, 48, 58, 61, 67, 71, 74, 75, 76, 77, 78, 83, 85, 90, 91, 92, 93, 94, 97, 99, 101, 102, 105, 106, 108, 109, 110, 111, 112, 114, 115, 116, 117, 118, 120, 121, 122, 123, 124, 125, 126, 127, 128, 129, 130, 133, 134, 135, 136, 137, 138, 139, 140, 141, 142, 144, 145, 146, 147, 148, 149]","[3, 4, 5, 11, 19, 20, 22, 24, 25, 30, 31, 33, 34, 37, 38, 39, 40, 41, 42, 43, 44, 45, 46, 47, 49, 50, 51, 52, 53, 54, 55, 56, 57, 59, 60, 62, 63, 64, 65, 66, 68, 69, 70, 72, 73, 79, 80, 81, 82, 84, 86, 87, 88, 89, 95, 96, 98, 100, 103, 104, 107, 119, 131, 132, 143]",{},[],0,"[122, 17, 18, 32, 137, 138, 140, 139, 13, 14, 116, 118, 136, 112, 36, 135, 28, 26, 105, 99, 144, 10, 145, 149, 102, 146, 147, 12, 58, 71, 134, 109, 67, 78, 48, 61, 148, 93, 85, 133, 130, 129, 76, 128, 97, 94, 74, 127, 91, 126, 35, 7, 21, 125, 83, 75, 142, 77, 141, 92, 115, 8, 27, 106, 101, 23, 120, 114, 121, 15, 16, 6, 124, 110, 123, 117, 29, 90, 108, 9, 111, 1, 2, 0, 42, 131, 132, 52, 64, 50, 119, 107, 53, 55, 41, 43, 40, 5, 4, 143, 22, 63, 3, 100, 96, 98, 25, 20, 11, 31, 44, 30, 24, 19, 104, 37, 84, 70, 34, 39, 54, 47, 46, 51, 68, 60, 62, 49, 45, 56, 38, 57, 33, 95, 87, 103, 81, 82, 88, 89, 73, 69, 59, 66, 86, 79, 72, 80, 65]",True,9131911771,9.131911771,"[42, 131, 132, 52, 64, 50, 53, 55, 119, 107, 43, 41, 40, 5, 4, 143, 22, 63, 3, 100, 96, 98, 25, 20, 11, 31, 44, 30, 24, 19, 103, 37, 84, 70, 34, 39, 54, 47, 46, 51, 68, 60, 62, 49, 45, 56, 38, 57, 33, 95, 87, 104, 81, 82, 88, 89, 73, 69, 59, 66, 86, 79, 72, 80, 65]","[65, 80, 72, 79, 86, 66, 59, 69, 73, 89, 88, 82, 81, 104, 87, 95, 33, 57, 38, 56, 45, 49, 62, 60, 68, 51, 46, 47, 54, 39, 34, 70, 84, 37, 103, 19, 24, 30, 44, 31, 11, 20, 25, 98, 96, 100, 3, 63, 22, 143, 4, 5, 40, 41, 43, 107, 119, 55, 53, 50, 64, 52, 132, 131, 42]",False,complete,68,68,2224,0,1165,3,1162,1162,,False,,,,,,,2,91,18,91,18,18,18,18
1,495,44,86,63,"[0, 1, 2, 6, 7, 8, 9, 10, 12, 13, 14, 15, 16, 17, 18, 21, 23, 26, 27, 28, 29, 32, 35, 36, 42, 48, 58, 61, 67, 71, 74, 75, 76, 77, 78, 83, 85, 90, 91, 92, 93, 94, 97, 99, 101, 102, 105, 106, 108, 109, 110, 111, 112, 114, 115, 116, 117, 118, 120, 121, 122, 123, 124, 125, 126, 127, 128, 129, 130, 131, 133, 134, 135, 136, 137, 138, 139, 140, 141, 142, 144, 145, 146, 147, 148, 149]","[3, 4, 5, 11, 19, 20, 22, 24, 25, 30, 31, 33, 34, 37, 38, 39, 40, 41, 43, 44, 45, 46, 47, 49, 50, 51, 52, 53, 54, 55, 56, 57, 59, 60, 62, 63, 64, 65, 66, 68, 69, 70, 72, 73, 79, 80, 81, 82, 84, 86, 87, 88, 89, 95, 96, 98, 100, 103, 104, 107, 119, 132, 143]",{},[],0,"[122, 17, 18, 32, 137, 138, 140, 139, 13, 14, 116, 118, 136, 112, 36, 135, 28, 26, 105, 99, 144, 10, 145, 149, 102, 146, 147, 12, 58, 71, 134, 109, 67, 78, 48, 61, 148, 93, 85, 133, 130, 129, 76, 128, 97, 94, 74, 127, 91, 126, 35, 7, 21, 125, 83, 75, 142, 77, 141, 92, 115, 8, 27, 106, 101, 23, 120, 114, 121, 15, 16, 6, 124, 110, 123, 117, 29, 90, 108, 9, 111, 1, 2, 0, 42, 131, 132, 52, 64, 50, 119, 107, 53, 55, 41, 43, 40, 5, 4, 143, 22, 63, 3, 100, 96, 98, 25, 20, 11, 31, 44, 30, 24, 19, 104, 37, 84, 70, 34, 39, 54, 47, 46, 51, 68, 60, 62, 49, 45, 56, 38, 57, 33, 95, 87, 103, 81, 82, 88, 89, 73, 69, 59, 66, 86, 79, 72, 80, 65]",True,8977545055,8.977545055,"[132, 54, 64, 50, 55, 53, 119, 107, 43, 41, 40, 5, 4, 143, 22, 63, 3, 100, 96, 98, 25, 11, 20, 31, 44, 30, 24, 19, 103, 37, 84, 70, 34, 39, 52, 47, 46, 51, 68, 60, 62, 49, 45, 56, 38, 57, 33, 59, 89, 73, 66, 69, 79, 72, 80, 65, 86, 82, 87, 81, 104, 88, 95]","[95, 88, 104, 81, 87, 82, 86, 65, 80, 72, 79, 69, 66, 73, 89, 59, 33, 57, 38, 56, 45, 49, 62, 60, 68, 51, 46, 47, 52, 39, 34, 70, 84, 37, 103, 19, 24, 30, 44, 31, 20, 11, 25, 98, 96, 100, 3, 63, 22, 143, 4, 5, 40, 41, 43, 107, 119, 53, 55, 50, 64, 54, 132]",False,complete,66,66,2095,0,1148,3,1145,1145,,False,,,,,,,2,87,17,87,17,17,17,17
1,496,45,88,61,"[0, 1, 2, 6, 7, 8, 9, 10, 12, 13, 14, 15, 16, 17, 18, 21, 23, 26, 27, 28, 29, 32, 35, 36, 42, 48, 52, 58, 61, 67, 71, 74, 75, 76, 77, 78, 83, 85, 90, 91, 92, 93, 94, 97, 99, 101, 102, 105, 106, 108, 109, 110, 111, 112, 114, 115, 116, 117, 118, 120, 121, 122, 123, 124, 125, 126, 127, 128, 129, 130, 131, 132, 133, 134, 135, 136, 137, 138, 139, 140, 141, 142, 144, 145, 146, 147, 148, 149]","[3, 4, 5, 11, 19, 20, 22, 24, 25, 30, 31, 33, 34, 37, 38, 39, 40, 41, 43, 44, 45, 46, 47, 49, 50, 51, 53, 54, 55, 56, 57, 59, 60, 62, 63, 64, 65, 66, 68, 69, 70, 72, 73, 79, 80, 81, 82, 84, 86, 87, 88, 89, 95, 96, 98, 100, 103, 104, 107, 119, 143]",{},[],0,"[122, 17, 18, 32, 137, 138, 140, 139, 13, 14, 116, 118, 136, 112, 36, 135, 28, 26, 105, 99, 144, 10, 145, 149, 102, 146, 147, 12, 58, 71, 134, 109, 67, 78, 48, 61, 148, 93, 85, 133, 130, 129, 76, 128, 97, 94, 74, 127, 91, 126, 35, 7, 21, 125, 83, 75, 142, 77, 141, 92, 115, 8, 27, 106, 101, 23, 120, 114, 121, 15, 16, 6, 124, 110, 123, 117, 29, 90, 108, 9, 111, 1, 2, 0, 42, 131, 132, 52, 64, 50, 119, 107, 53, 55, 41, 43, 40, 5, 4, 143, 22, 63, 3, 100, 96, 98, 25, 20, 11, 31, 44, 30, 24, 19, 104, 37, 84, 70, 34, 39, 54, 47, 46, 51, 68, 60, 62, 49, 45, 56, 38, 57, 33, 95, 87, 103, 81, 82, 88, 89, 73, 69, 59, 66, 86, 79, 72, 80, 65]",True,8759906065,8.759906065,"[64, 50, 55, 119, 107, 53, 41, 43, 40, 5, 4, 143, 22, 63, 3, 100, 96, 98, 25, 11, 20, 31, 44, 30, 24, 19, 103, 37, 84, 70, 34, 39, 54, 47, 46, 51, 68, 60, 62, 49, 45, 56, 38, 57, 33, 59, 89, 73, 66, 69, 79, 72, 80, 65, 86, 87, 82, 81, 104, 88, 95]","[95, 88, 104, 81, 82, 87, 86, 65, 80, 72, 79, 69, 66, 73, 89, 59, 33, 57, 38, 56, 45, 49, 62, 60, 68, 51, 46, 47, 54, 39, 34, 70, 84, 37, 103, 19, 24, 30, 44, 31, 20, 11, 25, 98, 96, 100, 3, 63, 22, 143, 4, 5, 40, 43, 41, 53, 107, 119, 55, 50, 64]",False,complete,64,64,1970,0,1134,3,1131,1131,,False,,,,,,,2,87,17,87,17,17,17,17
1,497,46,90,59,"[0, 1, 2, 6, 7, 8, 9, 10, 12, 13, 14, 15, 16, 17, 18, 21, 23, 26, 27, 28, 29, 32, 35, 36, 42, 48, 50, 52, 58, 61, 64, 67, 71, 74, 75, 76, 77, 78, 83, 85, 90, 91, 92, 93, 94, 97, 99, 101, 102, 105, 106, 108, 109, 110, 111, 112, 114, 115, 116, 117, 118, 120, 121, 122, 123, 124, 125, 126, 127, 128, 129, 130, 131, 132, 133, 134, 135, 136, 137, 138, 139, 140, 141, 142, 144, 145, 146, 147, 148, 149]","[3, 4, 5, 11, 19, 20, 22, 24, 25, 30, 31, 33, 34, 37, 38, 39, 40, 41, 43, 44, 45, 46, 47, 49, 51, 53, 54, 55, 56, 57, 59, 60, 62, 63, 65, 66, 68, 69, 70, 72, 73, 79, 80, 81, 82, 84, 86, 87, 88, 89, 95, 96, 98, 100, 103, 104, 107, 119, 143]",{},[],0,"[122, 17, 18, 32, 137, 138, 140, 139, 13, 14, 116, 118, 136, 112, 36, 135, 28, 26, 105, 99, 144, 10, 145, 149, 102, 146, 147, 12, 58, 71, 134, 109, 67, 78, 48, 61, 148, 93, 85, 133, 130, 129, 76, 128, 97, 94, 74, 127, 91, 126, 35, 7, 21, 125, 83, 75, 142, 77, 141, 92, 115, 8, 27, 106, 101, 23, 120, 114, 121, 15, 16, 6, 124, 110, 123, 117, 29, 90, 108, 9, 111, 1, 2, 0, 42, 131, 132, 52, 64, 50, 119, 107, 53, 55, 41, 43, 40, 5, 4, 143, 22, 63, 3, 100, 96, 98, 25, 20, 11, 31, 44, 30, 24, 19, 104, 37, 84, 70, 34, 39, 54, 47, 46, 51, 68, 60, 62, 49, 45, 56, 38, 57, 33, 95, 87, 103, 81, 82, 88, 89, 73, 69, 59, 66, 86, 79, 72, 80, 65]",True,8514629948,8.514629948,"[119, 107, 53, 55, 41, 43, 40, 5, 4, 143, 22, 63, 3, 100, 96, 98, 25, 11, 20, 31, 44, 30, 24, 19, 103, 37, 84, 70, 34, 39, 54, 47, 46, 51, 68, 60, 62, 49, 45, 56, 38, 57, 33, 59, 89, 73, 66, 69, 79, 72, 80, 65, 86, 87, 82, 81, 104, 88, 95]","[95, 88, 104, 81, 82, 87, 86, 65, 80, 72, 79, 69, 66, 73, 89, 59, 33, 57, 38, 56, 45, 49, 62, 60, 68, 51, 46, 47, 54, 39, 34, 70, 84, 37, 103, 19, 24, 30, 44, 31, 20, 11, 25, 98, 96, 100, 3, 63, 22, 143, 4, 5, 40, 43, 41, 55, 53, 107, 119]",False,complete,62,62,1849,0,1109,3,1106,1106,,False,,,,,,,2,87,17,87,17,17,17,17
1,498,47,92,57,"[0, 1, 2, 6, 7, 8, 9, 10, 12, 13, 14, 15, 16, 17, 18, 21, 23, 26, 27, 28, 29, 32, 35, 36, 42, 48, 50, 52, 58, 61, 64, 67, 71, 74, 75, 76, 77, 78, 83, 85, 90, 91, 92, 93, 94, 97, 99, 101, 102, 105, 106, 107, 108, 109, 110, 111, 112, 114, 115, 116, 117, 118, 119, 120, 121, 122, 123, 124, 125, 126, 127, 128, 129, 130, 131, 132, 133, 134, 135, 136, 137, 138, 139, 140, 141, 142, 144, 145, 146, 147, 148, 149]","[3, 4, 5, 11, 19, 20, 22, 24, 25, 30, 31, 33, 34, 37, 38, 39, 40, 41, 43, 44, 45, 46, 47, 49, 51, 53, 54, 55, 56, 57, 59, 60, 62, 63, 65, 66, 68, 69, 70, 72, 73, 79, 80, 81, 82, 84, 86, 87, 88, 89, 95, 96, 98, 100, 103, 104, 143]",{},[],0,"[122, 17, 18, 32, 137, 138, 140, 139, 13, 14, 116, 118, 136, 112, 36, 135, 28, 26, 105, 99, 144, 10, 145, 149, 102, 146, 147, 12, 58, 71, 134, 109, 67, 78, 48, 61, 148, 93, 85, 133, 130, 129, 76, 128, 97, 94, 74, 127, 91, 126, 35, 7, 21, 125, 83, 75, 142, 77, 141, 92, 115, 8, 27, 106, 101, 23, 120, 114, 121, 15, 16, 6, 124, 110, 123, 117, 29, 90, 108, 9, 111, 1, 2, 0, 42, 131, 132, 52, 64, 50, 119, 107, 53, 55, 41, 43, 40, 5, 4, 143, 22, 63, 3, 100, 96, 98, 25, 20, 11, 31, 44, 30, 24, 19, 104, 37, 84, 70, 34, 39, 54, 47, 46, 51, 68, 60, 62, 49, 45, 56, 38, 57, 33, 95, 87, 103, 81, 82, 88, 89, 73, 69, 59, 66, 86, 79, 72, 80, 65]",True,8203928748,8.203928748,"[53, 55, 41, 43, 40, 5, 4, 143, 22, 63, 3, 100, 96, 98, 25, 11, 20, 31, 44, 30, 24, 19, 104, 37, 84, 70, 34, 39, 54, 47, 46, 51, 68, 60, 62, 49, 45, 56, 38, 57, 33, 95, 87, 103, 81, 82, 88, 89, 73, 66, 86, 65, 59, 72, 79, 69, 80]","[80, 69, 79, 72, 59, 65, 86, 66, 73, 89, 88, 82, 81, 103, 87, 95, 33, 57, 38, 56, 45, 49, 62, 60, 68, 51, 46, 47, 54, 39, 34, 70, 84, 37, 104, 19, 24, 30, 44, 31, 20, 11, 25, 98, 96, 100, 3, 63, 22, 143, 4, 5, 40, 43, 41, 55, 53]",False,complete,60,60,1732,0,1101,3,1098,1098,,False,,,,,,,2,93,19,93,19,19,19,19
1,499,48,94,55,"[0, 1, 2, 6, 7, 8, 9, 10, 12, 13, 14, 15, 16, 17, 18, 21, 23, 26, 27, 28, 29, 32, 35, 36, 42, 48, 50, 52, 53, 55, 58, 61, 64, 67, 71, 74, 75, 76, 77, 78, 83, 85, 90, 91, 92, 93, 94, 97, 99, 101, 102, 105, 106, 107, 108, 109, 110, 111, 112, 114, 115, 116, 117, 118, 119, 120, 121, 122, 123, 124, 125, 126, 127, 128, 129, 130, 131, 132, 133, 134, 135, 136, 137, 138, 139, 140, 141, 142, 144, 145, 146, 147, 148, 149]","[3, 4, 5, 11, 19, 20, 22, 24, 25, 30, 31, 33, 34, 37, 38, 39, 40, 41, 43, 44, 45, 46, 47, 49, 51, 54, 56, 57, 59, 60, 62, 63, 65, 66, 68, 69, 70, 72, 73, 79, 80, 81, 82, 84, 86, 87, 88, 89, 95, 96, 98, 100, 103, 104, 143]",{},[],0,"[122, 17, 18, 32, 137, 138, 140, 139, 13, 14, 116, 118, 136, 112, 36, 135, 28, 26, 105, 99, 144, 10, 145, 149, 102, 146, 147, 12, 58, 71, 134, 109, 67, 78, 48, 61, 148, 93, 85, 133, 130, 129, 76, 128, 97, 94, 74, 127, 91, 126, 35, 7, 21, 125, 83, 75, 142, 77, 141, 92, 115, 8, 27, 106, 101, 23, 120, 114, 121, 15, 16, 6, 124, 110, 123, 117, 29, 90, 108, 9, 111, 1, 2, 0, 42, 131, 132, 52, 64, 50, 119, 107, 53, 55, 41, 43, 40, 5, 4, 143, 22, 63, 3, 100, 96, 98, 25, 20, 11, 31, 44, 30, 24, 19, 104, 37, 84, 70, 34, 39, 54, 47, 46, 51, 68, 60, 62, 49, 45, 56, 38, 57, 33, 95, 87, 103, 81, 82, 88, 89, 73, 69, 59, 66, 86, 79, 72, 80, 65]",True,7549037848,7.549037848,"[41, 43, 40, 5, 4, 143, 22, 63, 3, 100, 96, 98, 25, 11, 20, 31, 44, 30, 24, 19, 104, 37, 84, 70, 34, 39, 54, 47, 46, 51, 68, 60, 62, 49, 45, 56, 38, 57, 33, 59, 89, 73, 66, 69, 79, 72, 80, 65, 86, 87, 82, 81, 103, 88, 95]","[95, 88, 103, 81, 82, 87, 86, 65, 80, 72, 79, 69, 66, 73, 89, 59, 33, 57, 38, 56, 45, 49, 62, 60, 68, 51, 46, 47, 54, 39, 34, 70, 84, 37, 104, 19, 24, 30, 44, 31, 20, 11, 25, 98, 96, 100, 3, 63, 22, 143, 4, 5, 40, 43, 41]",False,complete,58,58,1619,0,1034,3,1031,1031,,False,,,,,,,2,87,17,87,17,17,17,17
1,500,49,96,53,"[0, 1, 2, 6, 7, 8, 9, 10, 12, 13, 14, 15, 16, 17, 18, 21, 23, 26, 27, 28, 29, 32, 35, 36, 41, 42, 43, 48, 50, 52, 53, 55, 58, 61, 64, 67, 71, 74, 75, 76, 77, 78, 83, 85, 90, 91, 92, 93, 94, 97, 99, 101, 102, 105, 106, 107, 108, 109, 110, 111, 112, 114, 115, 116, 117, 118, 119, 120, 121, 122, 123, 124, 125, 126, 127, 128, 129, 130, 131, 132, 133, 134, 135, 136, 137, 138, 139, 140, 141, 142, 144, 145, 146, 147, 148, 149]","[3, 4, 5, 11, 19, 20, 22, 24, 25, 30, 31, 33, 34, 37, 38, 39, 40, 44, 45, 46, 47, 49, 51, 54, 56, 57, 59, 60, 62, 63, 65, 66, 68, 69, 70, 72, 73, 79, 80, 81, 82, 84, 86, 87, 88, 89, 95, 96, 98, 100, 103, 104, 143]",{},[],0,"[122, 17, 18, 32, 137, 138, 140, 139, 13, 14, 116, 118, 136, 112, 36, 135, 28, 26, 105, 99, 144, 10, 145, 149, 102, 146, 147, 12, 58, 71, 134, 109, 67, 78, 48, 61, 148, 93, 85, 133, 130, 129, 76, 128, 97, 94, 74, 127, 91, 126, 35, 7, 21, 125, 83, 75, 142, 77, 141, 92, 115, 8, 27, 106, 101, 23, 120, 114, 121, 15, 16, 6, 124, 110, 123, 117, 29, 90, 108, 9, 111, 1, 2, 0, 42, 131, 132, 52, 64, 50, 119, 107, 53, 55, 41, 43, 40, 5, 4, 143, 22, 63, 3, 100, 96, 98, 25, 20, 11, 31, 44, 30, 24, 19, 104, 37, 84, 70, 34, 39, 54, 47, 46, 51, 68, 60, 62, 49, 45, 56, 38, 57, 33, 95, 87, 103, 81, 82, 88, 89, 73, 69, 59, 66, 86, 79, 72, 80, 65]",True,6980074837,6.980074837,"[40, 5, 4, 143, 22, 63, 3, 100, 96, 98, 25, 11, 20, 31, 44, 30, 24, 19, 104, 37, 84, 70, 34, 39, 54, 47, 46, 51, 68, 60, 62, 49, 45, 56, 38, 57, 33, 95, 87, 103, 81, 82, 88, 89, 73, 66, 86, 65, 59, 72, 79, 69, 80]","[80, 69, 79, 72, 59, 65, 86, 66, 73, 89, 88, 82, 81, 103, 87, 95, 33, 57, 38, 56, 45, 49, 62, 60, 68, 51, 46, 47, 54, 39, 34, 70, 84, 37, 104, 19, 24, 30, 44, 31, 20, 11, 25, 98, 96, 100, 3, 63, 22, 143, 4, 5, 40]",False,complete,56,56,1510,0,1003,3,1000,1000,,False,,,,,,,2,93,19,93,19,19,19,19
1,501,50,98,51,"[0, 1, 2, 5, 6, 7, 8, 9, 10, 12, 13, 14, 15, 16, 17, 18, 21, 23, 26, 27, 28, 29, 32, 35, 36, 40, 41, 42, 43, 48, 50, 52, 53, 55, 58, 61, 64, 67, 71, 74, 75, 76, 77, 78, 83, 85, 90, 91, 92, 93, 94, 97, 99, 101, 102, 105, 106, 107, 108, 109, 110, 111, 112, 114, 115, 116, 117, 118, 119, 120, 121, 122, 123, 124, 125, 126, 127, 128, 129, 130, 131, 132, 133, 134, 135, 136, 137, 138, 139, 140, 141, 142, 144, 145, 146, 147, 148, 149]","[3, 4, 11, 19, 20, 22, 24, 25, 30, 31, 33, 34, 37, 38, 39, 44, 45, 46, 47, 49, 51, 54, 56, 57, 59, 60, 62, 63, 65, 66, 68, 69, 70, 72, 73, 79, 80, 81, 82, 84, 86, 87, 88, 89, 95, 96, 98, 100, 103, 104, 143]","{""support_1"": 22}",[22],1,"[122, 17, 18, 32, 137, 138, 140, 139, 13, 14, 116, 118, 136, 112, 36, 135, 28, 26, 105, 99, 144, 10, 145, 149, 102, 146, 147, 12, 58, 71, 134, 109, 67, 78, 48, 61, 148, 93, 85, 133, 130, 129, 76, 128, 97, 94, 74, 127, 91, 126, 35, 7, 21, 125, 83, 75, 142, 77, 141, 92, 115, 8, 27, 106, 101, 23, 120, 114, 121, 15, 16, 6, 124, 110, 123, 117, 29, 90, 108, 9, 111, 1, 2, 0, 42, 131, 132, 52, 64, 50, 119, 107, 53, 55, 41, 43, 40, 5, 4, 143, 22, 63, 3, 100, 96, 98, 25, 20, 11, 31, 44, 30, 24, 19, 104, 37, 84, 70, 34, 39, 54, 47, 46, 51, 68, 60, 62, 49, 45, 56, 38, 57, 33, 95, 87, 103, 81, 82, 88, 89, 73, 69, 59, 66, 86, 79, 72, 80, 65]",True,5727120323,5.727120323,"[4, 143, 22, 63, 3, 100, 96, 98, 25, 11, 20, 31, 44, 30, 24, 19, 104, 37, 84, 70, 34, 39, 54, 47, 46, 51, 68, 60, 62, 49, 45, 56, 38, 57, 33, 59, 89, 73, 66, 69, 79, 72, 80, 65, 86, 87, 82, 81, 103, 88, 95]","[95, 88, 103, 81, 82, 87, 86, 65, 80, 72, 79, 69, 66, 73, 89, 59, 33, 57, 38, 56, 45, 49, 62, 60, 68, 51, 46, 47, 54, 39, 34, 70, 84, 37, 104, 19, 24, 30, 44, 31, 20, 11, 25, 98, 96, 100, 3, 63, 22, 143, 4]",False,complete,54,54,1405,0,871,3,868,868,,False,,,,,,,2,85,15,85,16,16,15,16
1,502,51,100,49,"[0, 1, 2, 4, 5, 6, 7, 8, 9, 10, 12, 13, 14, 15, 16, 17, 18, 21, 23, 26, 27, 28, 29, 32, 35, 36, 40, 41, 42, 43, 48, 50, 52, 53, 55, 58, 61, 64, 67, 71, 74, 75, 76, 77, 78, 83, 85, 90, 91, 92, 93, 94, 97, 99, 101, 102, 105, 106, 107, 108, 109, 110, 111, 112, 114, 115, 116, 117, 118, 119, 120, 121, 122, 123, 124, 125, 126, 127, 128, 129, 130, 131, 132, 133, 134, 135, 136, 137, 138, 139, 140, 141, 142, 143, 144, 145, 146, 147, 148, 149]","[3, 11, 19, 20, 22, 24, 25, 30, 31, 33, 34, 37, 38, 39, 44, 45, 46, 47, 49, 51, 54, 56, 57, 59, 60, 62, 63, 65, 66, 68, 69, 70, 72, 73, 79, 80, 81, 82, 84, 86, 87, 88, 89, 95, 96, 98, 100, 103, 104]","{""support_1"": 22}",[22],1,"[122, 17, 18, 32, 137, 138, 140, 139, 13, 14, 116, 118, 136, 112, 36, 135, 28, 26, 105, 99, 144, 10, 145, 149, 102, 146, 147, 12, 58, 71, 134, 109, 67, 78, 48, 61, 148, 93, 85, 133, 130, 129, 76, 128, 97, 94, 74, 127, 91, 126, 35, 7, 21, 125, 83, 75, 142, 77, 141, 92, 115, 8, 27, 106, 101, 23, 120, 114, 121, 15, 16, 6, 124, 110, 123, 117, 29, 90, 108, 9, 111, 1, 2, 0, 42, 131, 132, 52, 64, 50, 119, 107, 53, 55, 41, 43, 40, 5, 4, 143, 22, 63, 3, 100, 96, 98, 25, 20, 11, 31, 44, 30, 24, 19, 104, 37, 84, 70, 34, 39, 54, 47, 46, 51, 68, 60, 62, 49, 45, 56, 38, 57, 33, 95, 87, 103, 81, 82, 88, 89, 73, 69, 59, 66, 86, 79, 72, 80, 65]",True,5615564406,5.615564406,"[22, 63, 3, 100, 96, 98, 25, 20, 11, 31, 44, 30, 24, 19, 103, 37, 84, 70, 34, 39, 54, 47, 46, 51, 68, 60, 62, 49, 45, 56, 38, 57, 33, 59, 89, 73, 66, 69, 79, 72, 80, 65, 86, 82, 87, 81, 104, 88, 95]","[95, 88, 104, 81, 87, 82, 86, 65, 80, 72, 79, 69, 66, 73, 89, 59, 33, 57, 38, 56, 45, 49, 62, 60, 68, 51, 46, 47, 54, 39, 34, 70, 84, 37, 103, 19, 24, 30, 44, 31, 11, 20, 25, 98, 96, 100, 3, 63, 22]",False,complete,52,52,1304,0,865,3,862,862,,False,,,,,,,2,83,15,83,15,15,15,16
1,503,52,102,47,"[0, 1, 2, 4, 5, 6, 7, 8, 9, 10, 12, 13, 14, 15, 16, 17, 18, 21, 22, 23, 26, 27, 28, 29, 32, 35, 36, 40, 41, 42, 43, 48, 50, 52, 53, 55, 58, 61, 63, 64, 67, 71, 74, 75, 76, 77, 78, 83, 85, 90, 91, 92, 93, 94, 97, 99, 101, 102, 105, 106, 107, 108, 109, 110, 111, 112, 114, 115, 116, 117, 118, 119, 120, 121, 122, 123, 124, 125, 126, 127, 128, 129, 130, 131, 132, 133, 134, 135, 136, 137, 138, 139, 140, 141, 142, 143, 144, 145, 146, 147, 148, 149]","[3, 11, 19, 20, 24, 25, 30, 31, 33, 34, 37, 38, 39, 44, 45, 46, 47, 49, 51, 54, 56, 57, 59, 60, 62, 65, 66, 68, 69, 70, 72, 73, 79, 80, 81, 82, 84, 86, 87, 88, 89, 95, 96, 98, 100, 103, 104]","{""support_1"": 37}",[37],1,"[122, 17, 18, 32, 137, 138, 140, 139, 13, 14, 116, 118, 136, 112, 36, 135, 28, 26, 105, 99, 144, 10, 145, 149, 102, 146, 147, 12, 58, 71, 134, 109, 67, 78, 48, 61, 148, 93, 85, 133, 130, 129, 76, 128, 97, 94, 74, 127, 91, 126, 35, 7, 21, 125, 83, 75, 142, 77, 141, 92, 115, 8, 27, 106, 101, 23, 120, 114, 121, 15, 16, 6, 124, 110, 123, 117, 29, 90, 108, 9, 111, 1, 2, 0, 42, 131, 132, 52, 64, 50, 119, 107, 53, 55, 41, 43, 40, 5, 4, 143, 22, 63, 3, 100, 96, 98, 25, 20, 11, 31, 44, 30, 24, 19, 104, 37, 84, 70, 34, 39, 54, 47, 46, 51, 68, 60, 62, 49, 45, 56, 38, 57, 33, 95, 87, 103, 81, 82, 88, 89, 73, 69, 59, 66, 86, 79, 72, 80, 65]",True,4905637709,4.905637709,"[3, 100, 96, 98, 25, 20, 11, 31, 44, 30, 24, 19, 104, 37, 84, 70, 34, 39, 54, 47, 46, 51, 68, 60, 62, 49, 45, 56, 38, 57, 33, 59, 89, 73, 66, 69, 79, 72, 80, 65, 86, 87, 82, 81, 103, 88, 95]","[95, 88, 103, 81, 82, 87, 86, 65, 80, 72, 79, 69, 66, 73, 89, 59, 33, 57, 38, 56, 45, 49, 62, 60, 68, 51, 46, 47, 54, 39, 34, 70, 84, 37, 104, 19, 24, 30, 44, 31, 11, 20, 25, 98, 96, 100, 3]",False,complete,50,50,1207,0,801,3,798,798,,False,,,,,,,2,81,14,81,15,15,14,15
1,504,53,104,45,"[0, 1, 2, 3, 4, 5, 6, 7, 8, 9, 10, 12, 13, 14, 15, 16, 17, 18, 21, 22, 23, 26, 27, 28, 29, 32, 35, 36, 40, 41, 42, 43, 48, 50, 52, 53, 55, 58, 61, 63, 64, 67, 71, 74, 75, 76, 77, 78, 83, 85, 90, 91, 92, 93, 94, 97, 99, 100, 101, 102, 105, 106, 107, 108, 109, 110, 111, 112, 114, 115, 116, 117, 118, 119, 120, 121, 122, 123, 124, 125, 126, 127, 128, 129, 130, 131, 132, 133, 134, 135, 136, 137, 138, 139, 140, 141, 142, 143, 144, 145, 146, 147, 148, 149]","[11, 19, 20, 24, 25, 30, 31, 33, 34, 37, 38, 39, 44, 45, 46, 47, 49, 51, 54, 56, 57, 59, 60, 62, 65, 66, 68, 69, 70, 72, 73, 79, 80, 81, 82, 84, 86, 87, 88, 89, 95, 96, 98, 103, 104]","{""support_1"": 37, ""support_2"": 98}","[37, 98]",2,"[122, 17, 18, 32, 137, 138, 140, 139, 13, 14, 116, 118, 136, 112, 36, 135, 28, 26, 105, 99, 144, 10, 145, 149, 102, 146, 147, 12, 58, 71, 134, 109, 67, 78, 48, 61, 148, 93, 85, 133, 130, 129, 76, 128, 97, 94, 74, 127, 91, 126, 35, 7, 21, 125, 83, 75, 142, 77, 141, 92, 115, 8, 27, 106, 101, 23, 120, 114, 121, 15, 16, 6, 124, 110, 123, 117, 29, 90, 108, 9, 111, 1, 2, 0, 42, 131, 132, 52, 64, 50, 119, 107, 53, 55, 41, 43, 40, 5, 4, 143, 22, 63, 3, 100, 96, 98, 25, 20, 11, 31, 44, 30, 24, 19, 104, 37, 84, 70, 34, 39, 54, 47, 46, 51, 68, 60, 62, 49, 45, 56, 38, 57, 33, 95, 87, 103, 81, 82, 88, 89, 73, 69, 59, 66, 86, 79, 72, 80, 65]",True,4112785405,4.112785405,"[96, 98, 25, 20, 11, 31, 44, 30, 24, 19, 103, 37, 84, 70, 34, 39, 54, 47, 46, 51, 68, 60, 62, 49, 45, 56, 38, 57, 33, 95, 87, 104, 81, 82, 88, 89, 73, 69, 59, 66, 86, 79, 72, 80, 65]","[65, 80, 72, 79, 86, 66, 59, 69, 73, 89, 88, 82, 81, 104, 87, 95, 33, 57, 38, 56, 45, 49, 62, 60, 68, 51, 46, 47, 54, 39, 34, 70, 84, 37, 103, 19, 24, 30, 44, 31, 11, 20, 25, 98, 96]",False,complete,48,48,1114,0,725,3,722,722,,False,,,,,,,2,81,14,81,16,16,14,16
1,505,54,106,43,"[0, 1, 2, 3, 4, 5, 6, 7, 8, 9, 10, 12, 13, 14, 15, 16, 17, 18, 21, 22, 23, 26, 27, 28, 29, 32, 35, 36, 40, 41, 42, 43, 48, 50, 52, 53, 55, 58, 61, 63, 64, 67, 71, 74, 75, 76, 77, 78, 83, 85, 90, 91, 92, 93, 94, 96, 97, 98, 99, 100, 101, 102, 105, 106, 107, 108, 109, 110, 111, 112, 114, 115, 116, 117, 118, 119, 120, 121, 122, 123, 124, 125, 126, 127, 128, 129, 130, 131, 132, 133, 134, 135, 136, 137, 138, 139, 140, 141, 142, 143, 144, 145, 146, 147, 148, 149]","[11, 19, 20, 24, 25, 30, 31, 33, 34, 37, 38, 39, 44, 45, 46, 47, 49, 51, 54, 56, 57, 59, 60, 62, 65, 66, 68, 69, 70, 72, 73, 79, 80, 81, 82, 84, 86, 87, 88, 89, 95, 103, 104]","{""support_1"": 37, ""support_2"": 31}","[31, 37]",2,"[122, 17, 18, 32, 137, 138, 140, 139, 13, 14, 116, 118, 136, 112, 36, 135, 28, 26, 105, 99, 144, 10, 145, 149, 102, 146, 147, 12, 58, 71, 134, 109, 67, 78, 48, 61, 148, 93, 85, 133, 130, 129, 76, 128, 97, 94, 74, 127, 91, 126, 35, 7, 21, 125, 83, 75, 142, 77, 141, 92, 115, 8, 27, 106, 101, 23, 120, 114, 121, 15, 16, 6, 124, 110, 123, 117, 29, 90, 108, 9, 111, 1, 2, 0, 42, 131, 132, 52, 64, 50, 119, 107, 53, 55, 41, 43, 40, 5, 4, 143, 22, 63, 3, 100, 96, 98, 25, 20, 11, 31, 44, 30, 24, 19, 104, 37, 84, 70, 34, 39, 54, 47, 46, 51, 68, 60, 62, 49, 45, 56, 38, 57, 33, 95, 87, 103, 81, 82, 88, 89, 73, 69, 59, 66, 86, 79, 72, 80, 65]",True,3736807430,3.736807430,"[25, 20, 11, 31, 44, 30, 24, 19, 103, 37, 84, 70, 34, 39, 54, 47, 46, 51, 68, 60, 62, 49, 45, 56, 38, 57, 33, 95, 87, 104, 81, 82, 88, 89, 73, 66, 86, 65, 59, 72, 79, 69, 80]","[80, 69, 79, 72, 59, 65, 86, 66, 73, 89, 88, 82, 81, 104, 87, 95, 33, 57, 38, 56, 45, 49, 62, 60, 68, 51, 46, 47, 54, 39, 34, 70, 84, 37, 103, 19, 24, 30, 44, 31, 11, 20, 25]",False,complete,46,46,1025,0,686,3,683,683,,False,,,,,,,2,79,14,79,16,16,14,16
1,506,55,108,41,"[0, 1, 2, 3, 4, 5, 6, 7, 8, 9, 10, 12, 13, 14, 15, 16, 17, 18, 20, 21, 22, 23, 25, 26, 27, 28, 29, 32, 35, 36, 40, 41, 42, 43, 48, 50, 52, 53, 55, 58, 61, 63, 64, 67, 71, 74, 75, 76, 77, 78, 83, 85, 90, 91, 92, 93, 94, 96, 97, 98, 99, 100, 101, 102, 105, 106, 107, 108, 109, 110, 111, 112, 114, 115, 116, 117, 118, 119, 120, 121, 122, 123, 124, 125, 126, 127, 128, 129, 130, 131, 132, 133, 134, 135, 136, 137, 138, 139, 140, 141, 142, 143, 144, 145, 146, 147, 148, 149]","[11, 19, 24, 30, 31, 33, 34, 37, 38, 39, 44, 45, 46, 47, 49, 51, 54, 56, 57, 59, 60, 62, 65, 66, 68, 69, 70, 72, 73, 79, 80, 81, 82, 84, 86, 87, 88, 89, 95, 103, 104]","{""support_1"": 37, ""support_2"": 31}","[31, 37]",2,"[122, 17, 18, 32, 137, 138, 140, 139, 13, 14, 116, 118, 136, 112, 36, 135, 28, 26, 105, 99, 144, 10, 145, 149, 102, 146, 147, 12, 58, 71, 134, 109, 67, 78, 48, 61, 148, 93, 85, 133, 130, 129, 76, 128, 97, 94, 74, 127, 91, 126, 35, 7, 21, 125, 83, 75, 142, 77, 141, 92, 115, 8, 27, 106, 101, 23, 120, 114, 121, 15, 16, 6, 124, 110, 123, 117, 29, 90, 108, 9, 111, 1, 2, 0, 42, 131, 132, 52, 64, 50, 119, 107, 53, 55, 41, 43, 40, 5, 4, 143, 22, 63, 3, 100, 96, 98, 25, 20, 11, 31, 44, 30, 24, 19, 104, 37, 84, 70, 34, 39, 54, 47, 46, 51, 68, 60, 62, 49, 45, 56, 38, 57, 33, 95, 87, 103, 81, 82, 88, 89, 73, 69, 59, 66, 86, 79, 72, 80, 65]",True,3629974828,3.629974828,"[11, 31, 44, 30, 24, 19, 103, 37, 84, 70, 34, 39, 54, 47, 46, 51, 68, 60, 62, 49, 45, 56, 38, 57, 33, 95, 87, 104, 81, 82, 88, 89, 73, 69, 59, 66, 86, 79, 72, 80, 65]","[65, 80, 72, 79, 86, 66, 59, 69, 73, 89, 88, 82, 81, 104, 87, 95, 33, 57, 38, 56, 45, 49, 62, 60, 68, 51, 46, 47, 54, 39, 34, 70, 84, 37, 103, 19, 24, 30, 44, 31, 11]",False,complete,44,44,940,0,673,3,670,670,,False,,,,,,,2,73,13,73,15,15,13,15
1,507,56,110,39,"[0, 1, 2, 3, 4, 5, 6, 7, 8, 9, 10, 11, 12, 13, 14, 15, 16, 17, 18, 20, 21, 22, 23, 25, 26, 27, 28, 29, 31, 32, 35, 36, 40, 41, 42, 43, 48, 50, 52, 53, 55, 58, 61, 63, 64, 67, 71, 74, 75, 76, 77, 78, 83, 85, 90, 91, 92, 93, 94, 96, 97, 98, 99, 100, 101, 102, 105, 106, 107, 108, 109, 110, 111, 112, 114, 115, 116, 117, 118, 119, 120, 121, 122, 123, 124, 125, 126, 127, 128, 129, 130, 131, 132, 133, 134, 135, 136, 137, 138, 139, 140, 141, 142, 143, 144, 145, 146, 147, 148, 149]","[19, 24, 30, 33, 34, 37, 38, 39, 44, 45, 46, 47, 49, 51, 54, 56, 57, 59, 60, 62, 65, 66, 68, 69, 70, 72, 73, 79, 80, 81, 82, 84, 86, 87, 88, 89, 95, 103, 104]","{""support_1"": 37, ""support_2"": 30}","[30, 37]",2,"[122, 17, 18, 32, 137, 138, 140, 139, 13, 14, 116, 118, 136, 112, 36, 135, 28, 26, 105, 99, 144, 10, 145, 149, 102, 146, 147, 12, 58, 71, 134, 109, 67, 78, 48, 61, 148, 93, 85, 133, 130, 129, 76, 128, 97, 94, 74, 127, 91, 126, 35, 7, 21, 125, 83, 75, 142, 77, 141, 92, 115, 8, 27, 106, 101, 23, 120, 114, 121, 15, 16, 6, 124, 110, 123, 117, 29, 90, 108, 9, 111, 1, 2, 0, 42, 131, 132, 52, 64, 50, 119, 107, 53, 55, 41, 43, 40, 5, 4, 143, 22, 63, 3, 100, 96, 98, 25, 20, 11, 31, 44, 30, 24, 19, 104, 37, 84, 70, 34, 39, 54, 47, 46, 51, 68, 60, 62, 49, 45, 56, 38, 57, 33, 95, 87, 103, 81, 82, 88, 89, 73, 69, 59, 66, 86, 79, 72, 80, 65]",True,3091986390,3.091986390,"[44, 30, 24, 19, 104, 37, 84, 70, 34, 39, 54, 47, 46, 51, 68, 60, 62, 49, 45, 56, 38, 57, 33, 59, 89, 73, 66, 69, 79, 72, 80, 65, 86, 87, 82, 81, 103, 88, 95]","[95, 88, 103, 81, 82, 87, 86, 65, 80, 72, 79, 69, 66, 73, 89, 59, 33, 57, 38, 56, 45, 49, 62, 60, 68, 51, 46, 47, 54, 39, 34, 70, 84, 37, 104, 19, 24, 30, 44]",False,complete,42,42,859,0,605,3,602,602,,False,,,,,,,2,65,11,65,13,13,11,13
1,508,57,112,37,"[0, 1, 2, 3, 4, 5, 6, 7, 8, 9, 10, 11, 12, 13, 14, 15, 16, 17, 18, 20, 21, 22, 23, 25, 26, 27, 28, 29, 30, 31, 32, 35, 36, 40, 41, 42, 43, 44, 48, 50, 52, 53, 55, 58, 61, 63, 64, 67, 71, 74, 75, 76, 77, 78, 83, 85, 90, 91, 92, 93, 94, 96, 97, 98, 99, 100, 101, 102, 105, 106, 107, 108, 109, 110, 111, 112, 114, 115, 116, 117, 118, 119, 120, 121, 122, 123, 124, 125, 126, 127, 128, 129, 130, 131, 132, 133, 134, 135, 136, 137, 138, 139, 140, 141, 142, 143, 144, 145, 146, 147, 148, 149]","[19, 24, 33, 34, 37, 38, 39, 45, 46, 47, 49, 51, 54, 56, 57, 59, 60, 62, 65, 66, 68, 69, 70, 72, 73, 79, 80, 81, 82, 84, 86, 87, 88, 89, 95, 103, 104]","{""support_1"": 37, ""support_2"": 84}","[37, 84]",2,"[122, 17, 18, 32, 137, 138, 140, 139, 13, 14, 116, 118, 136, 112, 36, 135, 28, 26, 105, 99, 144, 10, 145, 149, 102, 146, 147, 12, 58, 71, 134, 109, 67, 78, 48, 61, 148, 93, 85, 133, 130, 129, 76, 128, 97, 94, 74, 127, 91, 126, 35, 7, 21, 125, 83, 75, 142, 77, 141, 92, 115, 8, 27, 106, 101, 23, 120, 114, 121, 15, 16, 6, 124, 110, 123, 117, 29, 90, 108, 9, 111, 1, 2, 0, 42, 131, 132, 52, 64, 50, 119, 107, 53, 55, 41, 43, 40, 5, 4, 143, 22, 63, 3, 100, 96, 98, 25, 20, 11, 31, 44, 30, 24, 19, 104, 37, 84, 70, 34, 39, 54, 47, 46, 51, 68, 60, 62, 49, 45, 56, 38, 57, 33, 95, 87, 103, 81, 82, 88, 89, 73, 69, 59, 66, 86, 79, 72, 80, 65]",True,2836574196,2.836574196,"[24, 19, 104, 37, 84, 70, 34, 39, 54, 47, 46, 51, 68, 60, 62, 49, 45, 56, 38, 57, 33, 95, 87, 103, 81, 82, 88, 89, 73, 69, 59, 66, 86, 79, 72, 80, 65]","[65, 80, 72, 79, 86, 66, 59, 69, 73, 89, 88, 82, 81, 103, 87, 95, 33, 57, 38, 56, 45, 49, 62, 60, 68, 51, 46, 47, 54, 39, 34, 70, 84, 37, 104, 19, 24]",True,complete,40,40,782,0,570,3,567,567,,False,,,,,,,2,65,11,65,13,13,11,13
1,509,58,114,35,"[0, 1, 2, 3, 4, 5, 6, 7, 8, 9, 10, 11, 12, 13, 14, 15, 16, 17, 18, 19, 20, 21, 22, 23, 24, 25, 26, 27, 28, 29, 30, 31, 32, 35, 36, 40, 41, 42, 43, 44, 48, 50, 52, 53, 55, 58, 61, 63, 64, 67, 71, 74, 75, 76, 77, 78, 83, 85, 90, 91, 92, 93, 94, 96, 97, 98, 99, 100, 101, 102, 105, 106, 107, 108, 109, 110, 111, 112, 114, 115, 116, 117, 118, 119, 120, 121, 122, 123, 124, 125, 126, 127, 128, 129, 130, 131, 132, 133, 134, 135, 136, 137, 138, 139, 140, 141, 142, 143, 144, 145, 146, 147, 148, 149]","[33, 34, 37, 38, 39, 45, 46, 47, 49, 51, 54, 56, 57, 59, 60, 62, 65, 66, 68, 69, 70, 72, 73, 79, 80, 81, 82, 84, 86, 87, 88, 89, 95, 103, 104]","{""support_1"": 37, ""support_2"": 84}","[37, 84]",2,"[122, 17, 18, 32, 137, 138, 140, 139, 13, 14, 116, 118, 136, 112, 36, 135, 28, 26, 105, 99, 144, 10, 145, 149, 102, 146, 147, 12, 58, 71, 134, 109, 67, 78, 48, 61, 148, 93, 85, 133, 130, 129, 76, 128, 97, 94, 74, 127, 91, 126, 35, 7, 21, 125, 83, 75, 142, 77, 141, 92, 115, 8, 27, 106, 101, 23, 120, 114, 121, 15, 16, 6, 124, 110, 123, 117, 29, 90, 108, 9, 111, 1, 2, 0, 42, 131, 132, 52, 64, 50, 119, 107, 53, 55, 41, 43, 40, 5, 4, 143, 22, 63, 3, 100, 96, 98, 25, 20, 11, 31, 44, 30, 24, 19, 104, 37, 84, 70, 34, 39, 54, 47, 46, 51, 68, 60, 62, 49, 45, 56, 38, 57, 33, 95, 87, 103, 81, 82, 88, 89, 73, 69, 59, 66, 86, 79, 72, 80, 65]",True,2739549802,2.739549802,"[103, 37, 84, 70, 34, 39, 54, 47, 46, 51, 68, 60, 62, 49, 45, 56, 38, 57, 33, 59, 89, 73, 66, 69, 79, 72, 80, 65, 86, 87, 82, 81, 104, 88, 95]","[95, 88, 104, 81, 82, 87, 86, 65, 80, 72, 79, 69, 66, 73, 89, 59, 33, 57, 38, 56, 45, 49, 62, 60, 68, 51, 46, 47, 54, 39, 34, 70, 84, 37, 103]",False,complete,38,38,709,0,552,3,549,549,,False,,,,,,,2,57,10,57,12,12,10,12
1,510,59,116,33,"[0, 1, 2, 3, 4, 5, 6, 7, 8, 9, 10, 11, 12, 13, 14, 15, 16, 17, 18, 19, 20, 21, 22, 23, 24, 25, 26, 27, 28, 29, 30, 31, 32, 35, 36, 37, 40, 41, 42, 43, 44, 48, 50, 52, 53, 55, 58, 61, 63, 64, 67, 71, 74, 75, 76, 77, 78, 83, 85, 90, 91, 92, 93, 94, 96, 97, 98, 99, 100, 101, 102, 104, 105, 106, 107, 108, 109, 110, 111, 112, 114, 115, 116, 117, 118, 119, 120, 121, 122, 123, 124, 125, 126, 127, 128, 129, 130, 131, 132, 133, 134, 135, 136, 137, 138, 139, 140, 141, 142, 143, 144, 145, 146, 147, 148, 149]","[33, 34, 38, 39, 45, 46, 47, 49, 51, 54, 56, 57, 59, 60, 62, 65, 66, 68, 69, 70, 72, 73, 79, 80, 81, 82, 84, 86, 87, 88, 89, 95, 103]","{""support_1"": 34, ""support_2"": 84}","[34, 84]",2,"[122, 17, 18, 32, 137, 138, 140, 139, 13, 14, 116, 118, 136, 112, 36, 135, 28, 26, 105, 99, 144, 10, 145, 149, 102, 146, 147, 12, 58, 71, 134, 109, 67, 78, 48, 61, 148, 93, 85, 133, 130, 129, 76, 128, 97, 94, 74, 127, 91, 126, 35, 7, 21, 125, 83, 75, 142, 77, 141, 92, 115, 8, 27, 106, 101, 23, 120, 114, 121, 15, 16, 6, 124, 110, 123, 117, 29, 90, 108, 9, 111, 1, 2, 0, 42, 131, 132, 52, 64, 50, 119, 107, 53, 55, 41, 43, 40, 5, 4, 143, 22, 63, 3, 100, 96, 98, 25, 20, 11, 31, 44, 30, 24, 19, 104, 37, 84, 70, 34, 39, 54, 47, 46, 51, 68, 60, 62, 49, 45, 56, 38, 57, 33, 95, 87, 103, 81, 82, 88, 89, 73, 69, 59, 66, 86, 79, 72, 80, 65]",True,2538633756,2.538633756,"[84, 70, 34, 39, 54, 47, 46, 51, 68, 60, 62, 49, 45, 56, 38, 57, 33, 95, 87, 103, 81, 82, 88, 89, 73, 66, 86, 65, 59, 72, 79, 69, 80]","[80, 69, 79, 72, 59, 65, 86, 66, 73, 89, 88, 82, 81, 103, 87, 95, 33, 57, 38, 56, 45, 49, 62, 60, 68, 51, 46, 47, 54, 39, 34, 70, 84]",False,complete,36,36,640,0,521,3,518,518,,False,,,,,,,2,59,11,59,12,12,11,13
1,511,60,118,31,"[0, 1, 2, 3, 4, 5, 6, 7, 8, 9, 10, 11, 12, 13, 14, 15, 16, 17, 18, 19, 20, 21, 22, 23, 24, 25, 26, 27, 28, 29, 30, 31, 32, 35, 36, 37, 40, 41, 42, 43, 44, 48, 50, 52, 53, 55, 58, 61, 63, 64, 67, 70, 71, 74, 75, 76, 77, 78, 83, 84, 85, 90, 91, 92, 93, 94, 96, 97, 98, 99, 100, 101, 102, 104, 105, 106, 107, 108, 109, 110, 111, 112, 114, 115, 116, 117, 118, 119, 120, 121, 122, 123, 124, 125, 126, 127, 128, 129, 130, 131, 132, 133, 134, 135, 136, 137, 138, 139, 140, 141, 142, 143, 144, 145, 146, 147, 148, 149]","[33, 34, 38, 39, 45, 46, 47, 49, 51, 54, 56, 57, 59, 60, 62, 65, 66, 68, 69, 72, 73, 79, 80, 81, 82, 86, 87, 88, 89, 95, 103]","{""support_1"": 34, ""support_2"": 86}","[34, 86]",2,"[122, 17, 18, 32, 137, 138, 140, 139, 13, 14, 116, 118, 136, 112, 36, 135, 28, 26, 105, 99, 144, 10, 145, 149, 102, 146, 147, 12, 58, 71, 134, 109, 67, 78, 48, 61, 148, 93, 85, 133, 130, 129, 76, 128, 97, 94, 74, 127, 91, 126, 35, 7, 21, 125, 83, 75, 142, 77, 141, 92, 115, 8, 27, 106, 101, 23, 120, 114, 121, 15, 16, 6, 124, 110, 123, 117, 29, 90, 108, 9, 111, 1, 2, 0, 42, 131, 132, 52, 64, 50, 119, 107, 53, 55, 41, 43, 40, 5, 4, 143, 22, 63, 3, 100, 96, 98, 25, 20, 11, 31, 44, 30, 24, 19, 104, 37, 84, 70, 34, 39, 54, 47, 46, 51, 68, 60, 62, 49, 45, 56, 38, 57, 33, 95, 87, 103, 81, 82, 88, 89, 73, 69, 59, 66, 86, 79, 72, 80, 65]",True,2206091485,2.206091485,"[34, 39, 54, 47, 46, 51, 68, 60, 62, 49, 45, 56, 38, 57, 33, 95, 87, 103, 81, 82, 88, 89, 73, 66, 86, 65, 59, 72, 79, 69, 80]","[80, 69, 79, 72, 59, 65, 86, 66, 73, 89, 88, 82, 81, 103, 87, 95, 33, 57, 38, 56, 45, 49, 62, 60, 68, 51, 46, 47, 54, 39, 34]",False,complete,34,34,575,0,483,3,480,480,,False,,,,,,,2,55,10,55,11,11,10,12
1,512,61,120,29,"[0, 1, 2, 3, 4, 5, 6, 7, 8, 9, 10, 11, 12, 13, 14, 15, 16, 17, 18, 19, 20, 21, 22, 23, 24, 25, 26, 27, 28, 29, 30, 31, 32, 34, 35, 36, 37, 39, 40, 41, 42, 43, 44, 48, 50, 52, 53, 55, 58, 61, 63, 64, 67, 70, 71, 74, 75, 76, 77, 78, 83, 84, 85, 90, 91, 92, 93, 94, 96, 97, 98, 99, 100, 101, 102, 104, 105, 106, 107, 108, 109, 110, 111, 112, 114, 115, 116, 117, 118, 119, 120, 121, 122, 123, 124, 125, 126, 127, 128, 129, 130, 131, 132, 133, 134, 135, 136, 137, 138, 139, 140, 141, 142, 143, 144, 145, 146, 147, 148, 149]","[33, 38, 45, 46, 47, 49, 51, 54, 56, 57, 59, 60, 62, 65, 66, 68, 69, 72, 73, 79, 80, 81, 82, 86, 87, 88, 89, 95, 103]","{""support_1"": 54, ""support_2"": 86}","[54, 86]",2,"[122, 17, 18, 32, 137, 138, 140, 139, 13, 14, 116, 118, 136, 112, 36, 135, 28, 26, 105, 99, 144, 10, 145, 149, 102, 146, 147, 12, 58, 71, 134, 109, 67, 78, 48, 61, 148, 93, 85, 133, 130, 129, 76, 128, 97, 94, 74, 127, 91, 126, 35, 7, 21, 125, 83, 75, 142, 77, 141, 92, 115, 8, 27, 106, 101, 23, 120, 114, 121, 15, 16, 6, 124, 110, 123, 117, 29, 90, 108, 9, 111, 1, 2, 0, 42, 131, 132, 52, 64, 50, 119, 107, 53, 55, 41, 43, 40, 5, 4, 143, 22, 63, 3, 100, 96, 98, 25, 20, 11, 31, 44, 30, 24, 19, 104, 37, 84, 70, 34, 39, 54, 47, 46, 51, 68, 60, 62, 49, 45, 56, 38, 57, 33, 95, 87, 103, 81, 82, 88, 89, 73, 69, 59, 66, 86, 79, 72, 80, 65]",True,1119389644,1.119389644,"[54, 47, 46, 51, 68, 60, 62, 49, 45, 56, 38, 57, 33, 59, 89, 73, 66, 69, 79, 72, 80, 65, 86, 87, 82, 81, 103, 88, 95]","[95, 88, 103, 81, 82, 87, 86, 65, 80, 72, 79, 69, 66, 73, 89, 59, 33, 57, 38, 56, 45, 49, 62, 60, 68, 51, 46, 47, 54]",False,complete,30,30,456,0,282,0,282,282,,False,,,,,,,2,45,6,45,7,7,6,8
1,513,62,122,27,"[0, 1, 2, 3, 4, 5, 6, 7, 8, 9, 10, 11, 12, 13, 14, 15, 16, 17, 18, 19, 20, 21, 22, 23, 24, 25, 26, 27, 28, 29, 30, 31, 32, 34, 35, 36, 37, 39, 40, 41, 42, 43, 44, 47, 48, 50, 52, 53, 54, 55, 58, 61, 63, 64, 67, 70, 71, 74, 75, 76, 77, 78, 83, 84, 85, 90, 91, 92, 93, 94, 96, 97, 98, 99, 100, 101, 102, 104, 105, 106, 107, 108, 109, 110, 111, 112, 114, 115, 116, 117, 118, 119, 120, 121, 122, 123, 124, 125, 126, 127, 128, 129, 130, 131, 132, 133, 134, 135, 136, 137, 138, 139, 140, 141, 142, 143, 144, 145, 146, 147, 148, 149]","[33, 38, 45, 46, 49, 51, 56, 57, 59, 60, 62, 65, 66, 68, 69, 72, 73, 79, 80, 81, 82, 86, 87, 88, 89, 95, 103]","{""support_1"": 51, ""support_2"": 86}","[51, 86]",2,"[122, 17, 18, 32, 137, 138, 140, 139, 13, 14, 116, 118, 136, 112, 36, 135, 28, 26, 105, 99, 144, 10, 145, 149, 102, 146, 147, 12, 58, 71, 134, 109, 67, 78, 48, 61, 148, 93, 85, 133, 130, 129, 76, 128, 97, 94, 74, 127, 91, 126, 35, 7, 21, 125, 83, 75, 142, 77, 141, 92, 115, 8, 27, 106, 101, 23, 120, 114, 121, 15, 16, 6, 124, 110, 123, 117, 29, 90, 108, 9, 111, 1, 2, 0, 42, 131, 132, 52, 64, 50, 119, 107, 53, 55, 41, 43, 40, 5, 4, 143, 22, 63, 3, 100, 96, 98, 25, 20, 11, 31, 44, 30, 24, 19, 104, 37, 84, 70, 34, 39, 54, 47, 46, 51, 68, 60, 62, 49, 45, 56, 38, 57, 33, 95, 87, 103, 81, 82, 88, 89, 73, 69, 59, 66, 86, 79, 72, 80, 65]",True,844106914,0.844106914,"[46, 51, 68, 60, 62, 49, 45, 56, 38, 57, 33, 59, 89, 73, 66, 69, 79, 72, 80, 65, 86, 82, 87, 81, 103, 88, 95]","[95, 88, 103, 81, 87, 82, 86, 65, 80, 72, 79, 69, 66, 73, 89, 59, 33, 57, 38, 56, 45, 49, 62, 60, 68, 51, 46]",False,complete,28,28,399,0,232,0,232,232,,False,,,,,,,2,41,5,41,7,7,5,7
1,514,63,124,25,"[0, 1, 2, 3, 4, 5, 6, 7, 8, 9, 10, 11, 12, 13, 14, 15, 16, 17, 18, 19, 20, 21, 22, 23, 24, 25, 26, 27, 28, 29, 30, 31, 32, 34, 35, 36, 37, 39, 40, 41, 42, 43, 44, 46, 47, 48, 50, 51, 52, 53, 54, 55, 58, 61, 63, 64, 67, 70, 71, 74, 75, 76, 77, 78, 83, 84, 85, 90, 91, 92, 93, 94, 96, 97, 98, 99, 100, 101, 102, 104, 105, 106, 107, 108, 109, 110, 111, 112, 114, 115, 116, 117, 118, 119, 120, 121, 122, 123, 124, 125, 126, 127, 128, 129, 130, 131, 132, 133, 134, 135, 136, 137, 138, 139, 140, 141, 142, 143, 144, 145, 146, 147, 148, 149]","[33, 38, 45, 49, 56, 57, 59, 60, 62, 65, 66, 68, 69, 72, 73, 79, 80, 81, 82, 86, 87, 88, 89, 95, 103]","{""support_1"": 62, ""support_2"": 86}","[62, 86]",2,"[122, 17, 18, 32, 137, 138, 140, 139, 13, 14, 116, 118, 136, 112, 36, 135, 28, 26, 105, 99, 144, 10, 145, 149, 102, 146, 147, 12, 58, 71, 134, 109, 67, 78, 48, 61, 148, 93, 85, 133, 130, 129, 76, 128, 97, 94, 74, 127, 91, 126, 35, 7, 21, 125, 83, 75, 142, 77, 141, 92, 115, 8, 27, 106, 101, 23, 120, 114, 121, 15, 16, 6, 124, 110, 123, 117, 29, 90, 108, 9, 111, 1, 2, 0, 42, 131, 132, 52, 64, 50, 119, 107, 53, 55, 41, 43, 40, 5, 4, 143, 22, 63, 3, 100, 96, 98, 25, 20, 11, 31, 44, 30, 24, 19, 104, 37, 84, 70, 34, 39, 54, 47, 46, 51, 68, 60, 62, 49, 45, 56, 38, 57, 33, 95, 87, 103, 81, 82, 88, 89, 73, 69, 59, 66, 86, 79, 72, 80, 65]",True,663690465,0.663690465,"[68, 60, 62, 49, 45, 56, 38, 57, 33, 59, 89, 73, 66, 69, 79, 72, 80, 65, 86, 87, 82, 81, 103, 88, 95]","[95, 88, 103, 81, 82, 87, 86, 65, 80, 72, 79, 69, 66, 73, 89, 59, 33, 57, 38, 56, 45, 49, 62, 60, 68]",False,complete,26,26,346,0,201,0,201,201,,False,,,,,,,2,37,4,37,6,6,4,6
1,515,64,126,23,"[0, 1, 2, 3, 4, 5, 6, 7, 8, 9, 10, 11, 12, 13, 14, 15, 16, 17, 18, 19, 20, 21, 22, 23, 24, 25, 26, 27, 28, 29, 30, 31, 32, 34, 35, 36, 37, 39, 40, 41, 42, 43, 44, 46, 47, 48, 50, 51, 52, 53, 54, 55, 58, 60, 61, 63, 64, 67, 68, 70, 71, 74, 75, 76, 77, 78, 83, 84, 85, 90, 91, 92, 93, 94, 96, 97, 98, 99, 100, 101, 102, 104, 105, 106, 107, 108, 109, 110, 111, 112, 114, 115, 116, 117, 118, 119, 120, 121, 122, 123, 124, 125, 126, 127, 128, 129, 130, 131, 132, 133, 134, 135, 136, 137, 138, 139, 140, 141, 142, 143, 144, 145, 146, 147, 148, 149]","[33, 38, 45, 49, 56, 57, 59, 62, 65, 66, 69, 72, 73, 79, 80, 81, 82, 86, 87, 88, 89, 95, 103]","{""support_1"": 62, ""support_2"": 86}","[62, 86]",2,"[122, 17, 18, 32, 137, 138, 140, 139, 13, 14, 116, 118, 136, 112, 36, 135, 28, 26, 105, 99, 144, 10, 145, 149, 102, 146, 147, 12, 58, 71, 134, 109, 67, 78, 48, 61, 148, 93, 85, 133, 130, 129, 76, 128, 97, 94, 74, 127, 91, 126, 35, 7, 21, 125, 83, 75, 142, 77, 141, 92, 115, 8, 27, 106, 101, 23, 120, 114, 121, 15, 16, 6, 124, 110, 123, 117, 29, 90, 108, 9, 111, 1, 2, 0, 42, 131, 132, 52, 64, 50, 119, 107, 53, 55, 41, 43, 40, 5, 4, 143, 22, 63, 3, 100, 96, 98, 25, 20, 11, 31, 44, 30, 24, 19, 104, 37, 84, 70, 34, 39, 54, 47, 46, 51, 68, 60, 62, 49, 45, 56, 38, 57, 33, 95, 87, 103, 81, 82, 88, 89, 73, 69, 59, 66, 86, 79, 72, 80, 65]",True,662225954,0.662225954,"[62, 49, 45, 56, 38, 57, 33, 95, 87, 103, 81, 82, 88, 89, 73, 66, 86, 65, 59, 72, 79, 69, 80]","[80, 69, 79, 72, 59, 65, 86, 66, 73, 89, 88, 82, 81, 103, 87, 95, 33, 57, 38, 56, 45, 49, 62]",False,complete,24,24,297,0,204,0,204,204,,False,,,,,,,2,39,6,39,7,7,6,8
1,516,65,128,21,"[0, 1, 2, 3, 4, 5, 6, 7, 8, 9, 10, 11, 12, 13, 14, 15, 16, 17, 18, 19, 20, 21, 22, 23, 24, 25, 26, 27, 28, 29, 30, 31, 32, 34, 35, 36, 37, 39, 40, 41, 42, 43, 44, 46, 47, 48, 49, 50, 51, 52, 53, 54, 55, 58, 60, 61, 62, 63, 64, 67, 68, 70, 71, 74, 75, 76, 77, 78, 83, 84, 85, 90, 91, 92, 93, 94, 96, 97, 98, 99, 100, 101, 102, 104, 105, 106, 107, 108, 109, 110, 111, 112, 114, 115, 116, 117, 118, 119, 120, 121, 122, 123, 124, 125, 126, 127, 128, 129, 130, 131, 132, 133, 134, 135, 136, 137, 138, 139, 140, 141, 142, 143, 144, 145, 146, 147, 148, 149]","[33, 38, 45, 56, 57, 59, 65, 66, 69, 72, 73, 79, 80, 81, 82, 86, 87, 88, 89, 95, 103]","{""support_1"": 57, ""support_2"": 86}","[57, 86]",2,"[122, 17, 18, 32, 137, 138, 140, 139, 13, 14, 116, 118, 136, 112, 36, 135, 28, 26, 105, 99, 144, 10, 145, 149, 102, 146, 147, 12, 58, 71, 134, 109, 67, 78, 48, 61, 148, 93, 85, 133, 130, 129, 76, 128, 97, 94, 74, 127, 91, 126, 35, 7, 21, 125, 83, 75, 142, 77, 141, 92, 115, 8, 27, 106, 101, 23, 120, 114, 121, 15, 16, 6, 124, 110, 123, 117, 29, 90, 108, 9, 111, 1, 2, 0, 42, 131, 132, 52, 64, 50, 119, 107, 53, 55, 41, 43, 40, 5, 4, 143, 22, 63, 3, 100, 96, 98, 25, 20, 11, 31, 44, 30, 24, 19, 104, 37, 84, 70, 34, 39, 54, 47, 46, 51, 68, 60, 62, 49, 45, 56, 38, 57, 33, 95, 87, 103, 81, 82, 88, 89, 73, 69, 59, 66, 86, 79, 72, 80, 65]",True,377323642,0.377323642,"[45, 56, 38, 57, 33, 95, 87, 103, 81, 82, 88, 89, 73, 69, 59, 66, 86, 79, 72, 80, 65]","[65, 80, 72, 79, 86, 66, 59, 69, 73, 89, 88, 82, 81, 103, 87, 95, 33, 57, 38, 56, 45]",True,complete,21,21,231,0,131,0,131,131,,False,,,,,,,2,33,4,33,6,6,4,6
1,517,66,130,19,"[0, 1, 2, 3, 4, 5, 6, 7, 8, 9, 10, 11, 12, 13, 14, 15, 16, 17, 18, 19, 20, 21, 22, 23, 24, 25, 26, 27, 28, 29, 30, 31, 32, 34, 35, 36, 37, 39, 40, 41, 42, 43, 44, 45, 46, 47, 48, 49, 50, 51, 52, 53, 54, 55, 56, 58, 60, 61, 62, 63, 64, 67, 68, 70, 71, 74, 75, 76, 77, 78, 83, 84, 85, 90, 91, 92, 93, 94, 96, 97, 98, 99, 100, 101, 102, 104, 105, 106, 107, 108, 109, 110, 111, 112, 114, 115, 116, 117, 118, 119, 120, 121, 122, 123, 124, 125, 126, 127, 128, 129, 130, 131, 132, 133, 134, 135, 136, 137, 138, 139, 140, 141, 142, 143, 144, 145, 146, 147, 148, 149]","[33, 38, 57, 59, 65, 66, 69, 72, 73, 79, 80, 81, 82, 86, 87, 88, 89, 95, 103]","{""support_1"": 57, ""support_2"": 86}","[57, 86]",2,"[122, 17, 18, 32, 137, 138, 140, 139, 13, 14, 116, 118, 136, 112, 36, 135, 28, 26, 105, 99, 144, 10, 145, 149, 102, 146, 147, 12, 58, 71, 134, 109, 67, 78, 48, 61, 148, 93, 85, 133, 130, 129, 76, 128, 97, 94, 74, 127, 91, 126, 35, 7, 21, 125, 83, 75, 142, 77, 141, 92, 115, 8, 27, 106, 101, 23, 120, 114, 121, 15, 16, 6, 124, 110, 123, 117, 29, 90, 108, 9, 111, 1, 2, 0, 42, 131, 132, 52, 64, 50, 119, 107, 53, 55, 41, 43, 40, 5, 4, 143, 22, 63, 3, 100, 96, 98, 25, 20, 11, 31, 44, 30, 24, 19, 104, 37, 84, 70, 34, 39, 54, 47, 46, 51, 68, 60, 62, 49, 45, 56, 38, 57, 33, 95, 87, 103, 81, 82, 88, 89, 73, 69, 59, 66, 86, 79, 72, 80, 65]",True,344691192,0.344691192,"[38, 57, 33, 95, 87, 103, 81, 82, 88, 89, 73, 66, 86, 65, 59, 72, 79, 69, 80]","[80, 69, 79, 72, 59, 65, 86, 66, 73, 89, 88, 82, 81, 103, 87, 95, 33, 57, 38]",False,complete,19,19,190,0,128,0,128,128,,False,,,,,,,2,31,5,31,7,7,5,7
1,518,67,132,17,"[0, 1, 2, 3, 4, 5, 6, 7, 8, 9, 10, 11, 12, 13, 14, 15, 16, 17, 18, 19, 20, 21, 22, 23, 24, 25, 26, 27, 28, 29, 30, 31, 32, 34, 35, 36, 37, 38, 39, 40, 41, 42, 43, 44, 45, 46, 47, 48, 49, 50, 51, 52, 53, 54, 55, 56, 57, 58, 60, 61, 62, 63, 64, 67, 68, 70, 71, 74, 75, 76, 77, 78, 83, 84, 85, 90, 91, 92, 93, 94, 96, 97, 98, 99, 100, 101, 102, 104, 105, 106, 107, 108, 109, 110, 111, 112, 114, 115, 116, 117, 118, 119, 120, 121, 122, 123, 124, 125, 126, 127, 128, 129, 130, 131, 132, 133, 134, 135, 136, 137, 138, 139, 140, 141, 142, 143, 144, 145, 146, 147, 148, 149]","[33, 59, 65, 66, 69, 72, 73, 79, 80, 81, 82, 86, 87, 88, 89, 95, 103]","{""support_2"": 86}",[86],1,"[122, 17, 18, 32, 137, 138, 140, 139, 13, 14, 116, 118, 136, 112, 36, 135, 28, 26, 105, 99, 144, 10, 145, 149, 102, 146, 147, 12, 58, 71, 134, 109, 67, 78, 48, 61, 148, 93, 85, 133, 130, 129, 76, 128, 97, 94, 74, 127, 91, 126, 35, 7, 21, 125, 83, 75, 142, 77, 141, 92, 115, 8, 27, 106, 101, 23, 120, 114, 121, 15, 16, 6, 124, 110, 123, 117, 29, 90, 108, 9, 111, 1, 2, 0, 42, 131, 132, 52, 64, 50, 119, 107, 53, 55, 41, 43, 40, 5, 4, 143, 22, 63, 3, 100, 96, 98, 25, 20, 11, 31, 44, 30, 24, 19, 104, 37, 84, 70, 34, 39, 54, 47, 46, 51, 68, 60, 62, 49, 45, 56, 38, 57, 33, 95, 87, 103, 81, 82, 88, 89, 73, 69, 59, 66, 86, 79, 72, 80, 65]",True,251721650,0.251721650,"[33, 59, 89, 73, 66, 69, 79, 72, 80, 65, 86, 82, 87, 81, 103, 88, 95]","[95, 88, 103, 81, 87, 82, 86, 65, 80, 72, 79, 69, 66, 73, 89, 59, 33]",False,complete,17,17,153,0,99,0,99,99,,False,,,,,,,2,22,3,22,4,4,3,4
1,519,68,134,15,"[0, 1, 2, 3, 4, 5, 6, 7, 8, 9, 10, 11, 12, 13, 14, 15, 16, 17, 18, 19, 20, 21, 22, 23, 24, 25, 26, 27, 28, 29, 30, 31, 32, 33, 34, 35, 36, 37, 38, 39, 40, 41, 42, 43, 44, 45, 46, 47, 48, 49, 50, 51, 52, 53, 54, 55, 56, 57, 58, 60, 61, 62, 63, 64, 67, 68, 70, 71, 74, 75, 76, 77, 78, 83, 84, 85, 90, 91, 92, 93, 94, 95, 96, 97, 98, 99, 100, 101, 102, 104, 105, 106, 107, 108, 109, 110, 111, 112, 114, 115, 116, 117, 118, 119, 120, 121, 122, 123, 124, 125, 126, 127, 128, 129, 130, 131, 132, 133, 134, 135, 136, 137, 138, 139, 140, 141, 142, 143, 144, 145, 146, 147, 148, 149]","[59, 65, 66, 69, 72, 73, 79, 80, 81, 82, 86, 87, 88, 89, 103]","{""support_1"": 103, ""support_2"": 86}","[86, 103]",2,"[122, 17, 18, 32, 137, 138, 140, 139, 13, 14, 116, 118, 136, 112, 36, 135, 28, 26, 105, 99, 144, 10, 145, 149, 102, 146, 147, 12, 58, 71, 134, 109, 67, 78, 48, 61, 148, 93, 85, 133, 130, 129, 76, 128, 97, 94, 74, 127, 91, 126, 35, 7, 21, 125, 83, 75, 142, 77, 141, 92, 115, 8, 27, 106, 101, 23, 120, 114, 121, 15, 16, 6, 124, 110, 123, 117, 29, 90, 108, 9, 111, 1, 2, 0, 42, 131, 132, 52, 64, 50, 119, 107, 53, 55, 41, 43, 40, 5, 4, 143, 22, 63, 3, 100, 96, 98, 25, 20, 11, 31, 44, 30, 24, 19, 104, 37, 84, 70, 34, 39, 54, 47, 46, 51, 68, 60, 62, 49, 45, 56, 38, 57, 33, 95, 87, 103, 81, 82, 88, 89, 73, 69, 59, 66, 86, 79, 72, 80, 65]",True,184952845,0.184952845,"[87, 103, 81, 82, 88, 89, 73, 69, 59, 66, 86, 79, 72, 80, 65]","[65, 80, 72, 79, 86, 66, 59, 69, 73, 89, 88, 82, 81, 103, 87]",True,complete,15,15,120,0,77,0,77,77,,False,,,,,,,2,23,3,23,5,5,3,5
1,520,69,136,13,"[0, 1, 2, 3, 4, 5, 6, 7, 8, 9, 10, 11, 12, 13, 14, 15, 16, 17, 18, 19, 20, 21, 22, 23, 24, 25, 26, 27, 28, 29, 30, 31, 32, 33, 34, 35, 36, 37, 38, 39, 40, 41, 42, 43, 44, 45, 46, 47, 48, 49, 50, 51, 52, 53, 54, 55, 56, 57, 58, 60, 61, 62, 63, 64, 67, 68, 70, 71, 74, 75, 76, 77, 78, 83, 84, 85, 87, 90, 91, 92, 93, 94, 95, 96, 97, 98, 99, 100, 101, 102, 103, 104, 105, 106, 107, 108, 109, 110, 111, 112, 114, 115, 116, 117, 118, 119, 120, 121, 122, 123, 124, 125, 126, 127, 128, 129, 130, 131, 132, 133, 134, 135, 136, 137, 138, 139, 140, 141, 142, 143, 144, 145, 146, 147, 148, 149]","[59, 65, 66, 69, 72, 73, 79, 80, 81, 82, 86, 88, 89]","{""support_1"": 88, ""support_2"": 86}","[86, 88]",2,"[122, 17, 18, 32, 137, 138, 140, 139, 13, 14, 116, 118, 136, 112, 36, 135, 28, 26, 105, 99, 144, 10, 145, 149, 102, 146, 147, 12, 58, 71, 134, 109, 67, 78, 48, 61, 148, 93, 85, 133, 130, 129, 76, 128, 97, 94, 74, 127, 91, 126, 35, 7, 21, 125, 83, 75, 142, 77, 141, 92, 115, 8, 27, 106, 101, 23, 120, 114, 121, 15, 16, 6, 124, 110, 123, 117, 29, 90, 108, 9, 111, 1, 2, 0, 42, 131, 132, 52, 64, 50, 119, 107, 53, 55, 41, 43, 40, 5, 4, 143, 22, 63, 3, 100, 96, 98, 25, 20, 11, 31, 44, 30, 24, 19, 104, 37, 84, 70, 34, 39, 54, 47, 46, 51, 68, 60, 62, 49, 45, 56, 38, 57, 33, 95, 87, 103, 81, 82, 88, 89, 73, 69, 59, 66, 86, 79, 72, 80, 65]",True,123638328,0.123638328,"[81, 82, 88, 89, 73, 69, 59, 66, 86, 79, 72, 80, 65]","[65, 80, 72, 79, 86, 66, 59, 69, 73, 89, 88, 82, 81]",True,complete,13,13,91,0,57,0,57,57,,False,,,,,,,2,19,2,19,4,4,2,4
1,521,70,138,11,"[0, 1, 2, 3, 4, 5, 6, 7, 8, 9, 10, 11, 12, 13, 14, 15, 16, 17, 18, 19, 20, 21, 22, 23, 24, 25, 26, 27, 28, 29, 30, 31, 32, 33, 34, 35, 36, 37, 38, 39, 40, 41, 42, 43, 44, 45, 46, 47, 48, 49, 50, 51, 52, 53, 54, 55, 56, 57, 58, 60, 61, 62, 63, 64, 67, 68, 70, 71, 74, 75, 76, 77, 78, 81, 82, 83, 84, 85, 87, 90, 91, 92, 93, 94, 95, 96, 97, 98, 99, 100, 101, 102, 103, 104, 105, 106, 107, 108, 109, 110, 111, 112, 114, 115, 116, 117, 118, 119, 120, 121, 122, 123, 124, 125, 126, 127, 128, 129, 130, 131, 132, 133, 134, 135, 136, 137, 138, 139, 140, 141, 142, 143, 144, 145, 146, 147, 148, 149]","[59, 65, 66, 69, 72, 73, 79, 80, 86, 88, 89]","{""support_1"": 88, ""support_2"": 86}","[86, 88]",2,"[122, 17, 18, 32, 137, 138, 140, 139, 13, 14, 116, 118, 136, 112, 36, 135, 28, 26, 105, 99, 144, 10, 145, 149, 102, 146, 147, 12, 58, 71, 134, 109, 67, 78, 48, 61, 148, 93, 85, 133, 130, 129, 76, 128, 97, 94, 74, 127, 91, 126, 35, 7, 21, 125, 83, 75, 142, 77, 141, 92, 115, 8, 27, 106, 101, 23, 120, 114, 121, 15, 16, 6, 124, 110, 123, 117, 29, 90, 108, 9, 111, 1, 2, 0, 42, 131, 132, 52, 64, 50, 119, 107, 53, 55, 41, 43, 40, 5, 4, 143, 22, 63, 3, 100, 96, 98, 25, 20, 11, 31, 44, 30, 24, 19, 104, 37, 84, 70, 34, 39, 54, 47, 46, 51, 68, 60, 62, 49, 45, 56, 38, 57, 33, 95, 87, 103, 81, 82, 88, 89, 73, 69, 59, 66, 86, 79, 72, 80, 65]",True,119038941,0.119038941,"[88, 89, 73, 69, 59, 66, 86, 79, 72, 80, 65]","[65, 80, 72, 79, 86, 66, 59, 69, 73, 89, 88]",True,complete,11,11,66,0,50,0,50,50,,False,,,,,,,2,15,2,15,3,3,2,4
1,522,71,140,9,"[0, 1, 2, 3, 4, 5, 6, 7, 8, 9, 10, 11, 12, 13, 14, 15, 16, 17, 18, 19, 20, 21, 22, 23, 24, 25, 26, 27, 28, 29, 30, 31, 32, 33, 34, 35, 36, 37, 38, 39, 40, 41, 42, 43, 44, 45, 46, 47, 48, 49, 50, 51, 52, 53, 54, 55, 56, 57, 58, 60, 61, 62, 63, 64, 67, 68, 70, 71, 74, 75, 76, 77, 78, 81, 82, 83, 84, 85, 87, 88, 89, 90, 91, 92, 93, 94, 95, 96, 97, 98, 99, 100, 101, 102, 103, 104, 105, 106, 107, 108, 109, 110, 111, 112, 114, 115, 116, 117, 118, 119, 120, 121, 122, 123, 124, 125, 126, 127, 128, 129, 130, 131, 132, 133, 134, 135, 136, 137, 138, 139, 140, 141, 142, 143, 144, 145, 146, 147, 148, 149]","[59, 65, 66, 69, 72, 73, 79, 80, 86]","{""support_1"": 80, ""support_2"": 86}","[80, 86]",2,"[122, 17, 18, 32, 137, 138, 140, 139, 13, 14, 116, 118, 136, 112, 36, 135, 28, 26, 105, 99, 144, 10, 145, 149, 102, 146, 147, 12, 58, 71, 134, 109, 67, 78, 48, 61, 148, 93, 85, 133, 130, 129, 76, 128, 97, 94, 74, 127, 91, 126, 35, 7, 21, 125, 83, 75, 142, 77, 141, 92, 115, 8, 27, 106, 101, 23, 120, 114, 121, 15, 16, 6, 124, 110, 123, 117, 29, 90, 108, 9, 111, 1, 2, 0, 42, 131, 132, 52, 64, 50, 119, 107, 53, 55, 41, 43, 40, 5, 4, 143, 22, 63, 3, 100, 96, 98, 25, 20, 11, 31, 44, 30, 24, 19, 104, 37, 84, 70, 34, 39, 54, 47, 46, 51, 68, 60, 62, 49, 45, 56, 38, 57, 33, 95, 87, 103, 81, 82, 88, 89, 73, 69, 59, 66, 86, 79, 72, 80, 65]",True,42017803,0.042017803,"[73, 69, 59, 66, 86, 79, 72, 80, 65]","[65, 80, 72, 79, 86, 66, 59, 69, 73]",True,complete,9,9,45,0,25,0,25,25,,False,,,,,,,2,11,0,11,2,2,0,2
1,523,72,142,7,"[0, 1, 2, 3, 4, 5, 6, 7, 8, 9, 10, 11, 12, 13, 14, 15, 16, 17, 18, 19, 20, 21, 22, 23, 24, 25, 26, 27, 28, 29, 30, 31, 32, 33, 34, 35, 36, 37, 38, 39, 40, 41, 42, 43, 44, 45, 46, 47, 48, 49, 50, 51, 52, 53, 54, 55, 56, 57, 58, 60, 61, 62, 63, 64, 67, 68, 69, 70, 71, 73, 74, 75, 76, 77, 78, 81, 82, 83, 84, 85, 87, 88, 89, 90, 91, 92, 93, 94, 95, 96, 97, 98, 99, 100, 101, 102, 103, 104, 105, 106, 107, 108, 109, 110, 111, 112, 114, 115, 116, 117, 118, 119, 120, 121, 122, 123, 124, 125, 126, 127, 128, 129, 130, 131, 132, 133, 134, 135, 136, 137, 138, 139, 140, 141, 142, 143, 144, 145, 146, 147, 148, 149]","[59, 65, 66, 72, 79, 80, 86]","{""support_1"": 80, ""support_2"": 86}","[80, 86]",2,"[122, 17, 18, 32, 137, 138, 140, 139, 13, 14, 116, 118, 136, 112, 36, 135, 28, 26, 105, 99, 144, 10, 145, 149, 102, 146, 147, 12, 58, 71, 134, 109, 67, 78, 48, 61, 148, 93, 85, 133, 130, 129, 76, 128, 97, 94, 74, 127, 91, 126, 35, 7, 21, 125, 83, 75, 142, 77, 141, 92, 115, 8, 27, 106, 101, 23, 120, 114, 121, 15, 16, 6, 124, 110, 123, 117, 29, 90, 108, 9, 111, 1, 2, 0, 42, 131, 132, 52, 64, 50, 119, 107, 53, 55, 41, 43, 40, 5, 4, 143, 22, 63, 3, 100, 96, 98, 25, 20, 11, 31, 44, 30, 24, 19, 104, 37, 84, 70, 34, 39, 54, 47, 46, 51, 68, 60, 62, 49, 45, 56, 38, 57, 33, 95, 87, 103, 81, 82, 88, 89, 73, 69, 59, 66, 86, 79, 72, 80, 65]",True,26393215,0.026393215,"[59, 66, 86, 79, 72, 80, 65]","[65, 80, 72, 79, 86, 66, 59]",True,complete,7,7,28,0,17,0,17,17,,False,,,,,,,2,7,0,7,2,2,0,2
1,524,73,144,5,"[0, 1, 2, 3, 4, 5, 6, 7, 8, 9, 10, 11, 12, 13, 14, 15, 16, 17, 18, 19, 20, 21, 22, 23, 24, 25, 26, 27, 28, 29, 30, 31, 32, 33, 34, 35, 36, 37, 38, 39, 40, 41, 42, 43, 44, 45, 46, 47, 48, 49, 50, 51, 52, 53, 54, 55, 56, 57, 58, 59, 60, 61, 62, 63, 64, 66, 67, 68, 69, 70, 71, 73, 74, 75, 76, 77, 78, 81, 82, 83, 84, 85, 87, 88, 89, 90, 91, 92, 93, 94, 95, 96, 97, 98, 99, 100, 101, 102, 103, 104, 105, 106, 107, 108, 109, 110, 111, 112, 114, 115, 116, 117, 118, 119, 120, 121, 122, 123, 124, 125, 126, 127, 128, 129, 130, 131, 132, 133, 134, 135, 136, 137, 138, 139, 140, 141, 142, 143, 144, 145, 146, 147, 148, 149]","[65, 72, 79, 80, 86]","{""support_1"": 80, ""support_2"": 86}","[80, 86]",2,"[122, 17, 18, 32, 137, 138, 140, 139, 13, 14, 116, 118, 136, 112, 36, 135, 28, 26, 105, 99, 144, 10, 145, 149, 102, 146, 147, 12, 58, 71, 134, 109, 67, 78, 48, 61, 148, 93, 85, 133, 130, 129, 76, 128, 97, 94, 74, 127, 91, 126, 35, 7, 21, 125, 83, 75, 142, 77, 141, 92, 115, 8, 27, 106, 101, 23, 120, 114, 121, 15, 16, 6, 124, 110, 123, 117, 29, 90, 108, 9, 111, 1, 2, 0, 42, 131, 132, 52, 64, 50, 119, 107, 53, 55, 41, 43, 40, 5, 4, 143, 22, 63, 3, 100, 96, 98, 25, 20, 11, 31, 44, 30, 24, 19, 104, 37, 84, 70, 34, 39, 54, 47, 46, 51, 68, 60, 62, 49, 45, 56, 38, 57, 33, 95, 87, 103, 81, 82, 88, 89, 73, 69, 59, 66, 86, 79, 72, 80, 65]",True,13767377,0.013767377,"[86, 79, 72, 80, 65]","[65, 80, 72, 79, 86]",True,complete,5,5,15,0,11,0,11,11,,False,,,,,,,1,3,0,3,1,1,0,2
1,525,74,146,3,"[0, 1, 2, 3, 4, 5, 6, 7, 8, 9, 10, 11, 12, 13, 14, 15, 16, 17, 18, 19, 20, 21, 22, 23, 24, 25, 26, 27, 28, 29, 30, 31, 32, 33, 34, 35, 36, 37, 38, 39, 40, 41, 42, 43, 44, 45, 46, 47, 48, 49, 50, 51, 52, 53, 54, 55, 56, 57, 58, 59, 60, 61, 62, 63, 64, 66, 67, 68, 69, 70, 71, 73, 74, 75, 76, 77, 78, 79, 81, 82, 83, 84, 85, 86, 87, 88, 89, 90, 91, 92, 93, 94, 95, 96, 97, 98, 99, 100, 101, 102, 103, 104, 105, 106, 107, 108, 109, 110, 111, 112, 114, 115, 116, 117, 118, 119, 120, 121, 122, 123, 124, 125, 126, 127, 128, 129, 130, 131, 132, 133, 134, 135, 136, 137, 138, 139, 140, 141, 142, 143, 144, 145, 146, 147, 148, 149]","[65, 72, 80]","{""support_1"": 80}",[80],1,"[122, 17, 18, 32, 137, 138, 140, 139, 13, 14, 116, 118, 136, 112, 36, 135, 28, 26, 105, 99, 144, 10, 145, 149, 102, 146, 147, 12, 58, 71, 134, 109, 67, 78, 48, 61, 148, 93, 85, 133, 130, 129, 76, 128, 97, 94, 74, 127, 91, 126, 35, 7, 21, 125, 83, 75, 142, 77, 141, 92, 115, 8, 27, 106, 101, 23, 120, 114, 121, 15, 16, 6, 124, 110, 123, 117, 29, 90, 108, 9, 111, 1, 2, 0, 42, 131, 132, 52, 64, 50, 119, 107, 53, 55, 41, 43, 40, 5, 4, 143, 22, 63, 3, 100, 96, 98, 25, 20, 11, 31, 44, 30, 24, 19, 104, 37, 84, 70, 34, 39, 54, 47, 46, 51, 68, 60, 62, 49, 45, 56, 38, 57, 33, 95, 87, 103, 81, 82, 88, 89, 73, 69, 59, 66, 86, 79, 72, 80, 65]",True,6645280,0.006645280,"[72, 80, 65]","[65, 80, 72]",True,complete,3,3,6,0,7,0,7,7,,False,,,,,,,1,1,0,1,1,1,0,1
1,526,75,148,1,"[0, 1, 2, 3, 4, 5, 6, 7, 8, 9, 10, 11, 12, 13, 14, 15, 16, 17, 18, 19, 20, 21, 22, 23, 24, 25, 26, 27, 28, 29, 30, 31, 32, 33, 34, 35, 36, 37, 38, 39, 40, 41, 42, 43, 44, 45, 46, 47, 48, 49, 50, 51, 52, 53, 54, 55, 56, 57, 58, 59, 60, 61, 62, 63, 64, 66, 67, 68, 69, 70, 71, 72, 73, 74, 75, 76, 77, 78, 79, 80, 81, 82, 83, 84, 85, 86, 87, 88, 89, 90, 91, 92, 93, 94, 95, 96, 97, 98, 99, 100, 101, 102, 103, 104, 105, 106, 107, 108, 109, 110, 111, 112, 114, 115, 116, 117, 118, 119, 120, 121, 122, 123, 124, 125, 126, 127, 128, 129, 130, 131, 132, 133, 134, 135, 136, 137, 138, 139, 140, 141, 142, 143, 144, 145, 146, 147, 148, 149]",[65],{},[],0,"[122, 17, 18, 32, 137, 138, 140, 139, 13, 14, 116, 118, 136, 112, 36, 135, 28, 26, 105, 99, 144, 10, 145, 149, 102, 146, 147, 12, 58, 71, 134, 109, 67, 78, 48, 61, 148, 93, 85, 133, 130, 129, 76, 128, 97, 94, 74, 127, 91, 126, 35, 7, 21, 125, 83, 75, 142, 77, 141, 92, 115, 8, 27, 106, 101, 23, 120, 114, 121, 15, 16, 6, 124, 110, 123, 117, 29, 90, 108, 9, 111, 1, 2, 0, 42, 131, 132, 52, 64, 50, 119, 107, 53, 55, 41, 43, 40, 5, 4, 143, 22, 63, 3, 100, 96, 98, 25, 20, 11, 31, 44, 30, 24, 19, 104, 37, 84, 70, 34, 39, 54, 47, 46, 51, 68, 60, 62, 49, 45, 56, 38, 57, 33, 95, 87, 103, 81, 82, 88, 89, 73, 69, 59, 66, 86, 79, 72, 80, 65]",True,729045,0.000729045,[65],[65],True,complete,1,1,1,0,2,0,2,2,,False,,,,,,,0,0,0,0,0,0,0,0
2,10452,1,0,149,[],"[0, 1, 2, 3, 4, 5, 6, 7, 8, 9, 10, 11, 12, 13, 14, 15, 16, 17, 18, 19, 20, 21, 22, 23, 24, 25, 26, 27, 28, 29, 30, 31, 32, 33, 34, 35, 36, 37, 38, 39, 40, 41, 42, 43, 44, 45, 46, 47, 48, 49, 50, 51, 52, 53, 54, 55, 56, 57, 58, 59, 60, 61, 62, 63, 64, 65, 66, 67, 68, 69, 70, 71, 72, 73, 74, 75, 76, 77, 78, 79, 80, 81, 82, 83, 84, 85, 86, 87, 88, 89, 90, 91, 92, 93, 94, 95, 96, 97, 98, 99, 100, 101, 102, 103, 104, 105, 106, 107, 108, 109, 110, 111, 112, 114, 115, 116, 117, 118, 119, 120, 121, 122, 123, 124, 125, 126, 127, 128, 129, 130, 131, 132, 133, 134, 135, 136, 137, 138, 139, 140, 141, 142, 143, 144, 145, 146, 147, 148, 149]",{},[],0,"[122, 17, 18, 32, 137, 138, 139, 140, 13, 14, 118, 116, 136, 16, 36, 135, 28, 26, 105, 99, 149, 102, 144, 10, 145, 146, 147, 12, 71, 58, 134, 109, 78, 67, 48, 61, 85, 93, 133, 40, 42, 143, 25, 7, 131, 130, 132, 129, 54, 76, 74, 97, 128, 63, 94, 127, 91, 64, 126, 50, 125, 124, 123, 141, 142, 119, 117, 90, 77, 53, 55, 75, 92, 27, 29, 8, 15, 41, 43, 112, 148, 110, 9, 111, 108, 106, 115, 107, 6, 1, 2, 0, 101, 120, 114, 121, 52, 47, 46, 39, 51, 68, 45, 49, 56, 57, 38, 83, 44, 103, 62, 60, 89, 70, 69, 59, 79, 80, 72, 86, 66, 73, 65, 31, 30, 24, 11, 100, 96, 98, 84, 87, 82, 81, 104, 88, 95, 23, 5, 4, 3, 21, 22, 20, 19, 35, 34, 37, 33]",True,30404887063,30.404887063,"[122, 17, 18, 32, 137, 138, 139, 140, 13, 14, 118, 116, 136, 16, 36, 135, 28, 26, 105, 99, 149, 102, 144, 10, 145, 146, 147, 12, 71, 58, 134, 109, 78, 67, 48, 61, 85, 93, 133, 40, 42, 143, 25, 7, 131, 130, 132, 129, 54, 76, 74, 97, 128, 63, 94, 127, 91, 64, 126, 50, 125, 124, 123, 141, 142, 119, 117, 90, 77, 53, 55, 75, 92, 27, 29, 8, 15, 41, 43, 112, 148, 110, 9, 111, 108, 106, 115, 107, 6, 1, 2, 0, 101, 120, 114, 121, 52, 47, 46, 39, 51, 68, 45, 49, 56, 57, 38, 83, 44, 103, 62, 60, 89, 70, 69, 59, 79, 80, 72, 86, 66, 73, 65, 31, 30, 24, 11, 100, 96, 98, 84, 87, 82, 81, 104, 88, 95, 23, 5, 4, 3, 21, 22, 20, 19, 35, 34, 37, 33]","[33, 37, 34, 35, 19, 20, 22, 21, 3, 4, 5, 23, 95, 88, 104, 81, 82, 87, 84, 98, 96, 100, 11, 24, 30, 31, 65, 73, 66, 86, 72, 80, 79, 59, 69, 70, 89, 60, 62, 103, 44, 83, 38, 57, 56, 49, 45, 68, 51, 39, 46, 47, 52, 121, 114, 120, 101, 0, 2, 1, 6, 107, 115, 106, 108, 111, 9, 110, 148, 112, 43, 41, 15, 8, 29, 27, 92, 75, 55, 53, 77, 90, 117, 119, 142, 141, 123, 124, 125, 50, 126, 64, 91, 127, 94, 63, 128, 97, 74, 76, 54, 129, 132, 130, 131, 7, 25, 143, 42, 40, 133, 93, 85, 61, 48, 67, 78, 109, 134, 58, 71, 12, 147, 146, 145, 10, 144, 102, 149, 99, 105, 26, 28, 135, 36, 16, 136, 116, 118, 14, 13, 140, 139, 138, 137, 32, 18, 17, 122]",True,complete,149,149,11175,0,2150,0,2150,2000,,False,,,,,,,2,94,23,94,23,23,23,23
2,10453,2,2,147,"[17, 122]","[0, 1, 2, 3, 4, 5, 6, 7, 8, 9, 10, 11, 12, 13, 14, 15, 16, 18, 19, 20, 21, 22, 23, 24, 25, 26, 27, 28, 29, 30, 31, 32, 33, 34, 35, 36, 37, 38, 39, 40, 41, 42, 43, 44, 45, 46, 47, 48, 49, 50, 51, 52, 53, 54, 55, 56, 57, 58, 59, 60, 61, 62, 63, 64, 65, 66, 67, 68, 69, 70, 71, 72, 73, 74, 75, 76, 77, 78, 79, 80, 81, 82, 83, 84, 85, 86, 87, 88, 89, 90, 91, 92, 93, 94, 95, 96, 97, 98, 99, 100, 101, 102, 103, 104, 105, 106, 107, 108, 109, 110, 111, 112, 114, 115, 116, 117, 118, 119, 120, 121, 123, 124, 125, 126, 127, 128, 129, 130, 131, 132, 133, 134, 135, 136, 137, 138, 139, 140, 141, 142, 143, 144, 145, 146, 147, 148, 149]",{},[],0,"[122, 17, 18, 32, 137, 138, 139, 140, 13, 14, 118, 116, 136, 16, 36, 135, 28, 26, 105, 99, 149, 102, 144, 10, 145, 146, 147, 12, 71, 58, 134, 109, 78, 67, 48, 61, 85, 93, 133, 40, 42, 143, 25, 7, 131, 130, 132, 129, 54, 76, 74, 97, 128, 63, 94, 127, 91, 64, 126, 50, 125, 124, 123, 141, 142, 119, 117, 90, 77, 53, 55, 75, 92, 27, 29, 8, 15, 41, 43, 112, 148, 110, 9, 111, 108, 106, 115, 107, 6, 1, 2, 0, 101, 120, 114, 121, 52, 47, 46, 39, 51, 68, 45, 49, 56, 57, 38, 83, 44, 103, 62, 60, 89, 70, 69, 59, 79, 80, 72, 86, 66, 73, 65, 31, 30, 24, 11, 100, 96, 98, 84, 87, 82, 81, 104, 88, 95, 23, 5, 4, 3, 21, 22, 20, 19, 35, 34, 37, 33]",True,130576075681,130.576075681,"[18, 32, 137, 138, 139, 140, 13, 14, 118, 116, 136, 16, 36, 135, 26, 28, 105, 99, 145, 148, 115, 149, 144, 146, 147, 12, 71, 58, 134, 109, 67, 48, 61, 78, 93, 85, 133, 40, 42, 102, 7, 131, 130, 129, 132, 76, 128, 31, 127, 126, 91, 47, 86, 74, 125, 141, 142, 77, 75, 92, 10, 110, 35, 8, 21, 112, 108, 9, 111, 143, 52, 63, 64, 104, 124, 123, 119, 90, 53, 117, 55, 41, 15, 29, 43, 27, 107, 114, 120, 121, 101, 106, 50, 6, 1, 2, 0, 30, 97, 11, 100, 96, 98, 54, 51, 46, 45, 49, 56, 57, 37, 34, 39, 38, 33, 89, 44, 83, 62, 73, 66, 68, 60, 94, 70, 69, 59, 79, 72, 80, 65, 95, 87, 88, 103, 82, 81, 84, 24, 23, 25, 20, 19, 5, 4, 22, 3]","[3, 22, 4, 5, 19, 20, 25, 23, 24, 84, 81, 82, 103, 88, 87, 95, 65, 80, 72, 79, 59, 69, 70, 94, 60, 68, 66, 73, 62, 83, 44, 89, 33, 38, 39, 34, 37, 57, 56, 49, 45, 46, 51, 54, 98, 96, 100, 11, 97, 30, 0, 2, 1, 6, 50, 106, 101, 121, 120, 114, 107, 27, 43, 29, 15, 41, 55, 117, 53, 90, 119, 123, 124, 104, 64, 63, 52, 143, 111, 9, 108, 112, 21, 8, 35, 110, 10, 92, 75, 77, 142, 141, 125, 74, 86, 47, 91, 126, 127, 31, 128, 76, 132, 129, 130, 131, 7, 102, 42, 40, 133, 85, 93, 78, 61, 48, 67, 109, 134, 58, 71, 12, 147, 146, 144, 149, 115, 148, 145, 99, 105, 28, 26, 135, 36, 16, 136, 116, 118, 14, 13, 140, 139, 138, 137, 32, 18]",False,complete,534,534,17980,0,15148,778,14370,2000,,False,,,,,,,2,126,20,126,20,20,20,20
2,10454,3,4,145,"[17, 18, 32, 122]","[0, 1, 2, 3, 4, 5, 6, 7, 8, 9, 10, 11, 12, 13, 14, 15, 16, 19, 20, 21, 22, 23, 24, 25, 26, 27, 28, 29, 30, 31, 33, 34, 35, 36, 37, 38, 39, 40, 41, 42, 43, 44, 45, 46, 47, 48, 49, 50, 51, 52, 53, 54, 55, 56, 57, 58, 59, 60, 61, 62, 63, 64, 65, 66, 67, 68, 69, 70, 71, 72, 73, 74, 75, 76, 77, 78, 79, 80, 81, 82, 83, 84, 85, 86, 87, 88, 89, 90, 91, 92, 93, 94, 95, 96, 97, 98, 99, 100, 101, 102, 103, 104, 105, 106, 107, 108, 109, 110, 111, 112, 114, 115, 116, 117, 118, 119, 120, 121, 123, 124, 125, 126, 127, 128, 129, 130, 131, 132, 133, 134, 135, 136, 137, 138, 139, 140, 141, 142, 143, 144, 145, 146, 147, 148, 149]",{},[],0,"[122, 17, 18, 32, 137, 138, 139, 140, 13, 14, 118, 116, 136, 16, 36, 135, 28, 26, 105, 99, 149, 102, 144, 10, 145, 146, 147, 12, 71, 58, 134, 109, 78, 67, 48, 61, 85, 93, 133, 40, 42, 143, 25, 7, 131, 130, 132, 129, 54, 76, 74, 97, 128, 63, 94, 127, 91, 64, 126, 50, 125, 124, 123, 141, 142, 119, 117, 90, 77, 53, 55, 75, 92, 27, 29, 8, 15, 41, 43, 112, 148, 110, 9, 111, 108, 106, 115, 107, 6, 1, 2, 0, 101, 120, 114, 121, 52, 47, 46, 39, 51, 68, 45, 49, 56, 57, 38, 83, 44, 103, 62, 60, 89, 70, 69, 59, 79, 80, 72, 86, 66, 73, 65, 31, 30, 24, 11, 100, 96, 98, 84, 87, 82, 81, 104, 88, 95, 23, 5, 4, 3, 21, 22, 20, 19, 35, 34, 37, 33]",True,35623763225,35.623763225,"[137, 138, 140, 139, 13, 14, 116, 118, 136, 112, 36, 135, 28, 26, 105, 99, 145, 144, 10, 148, 149, 147, 146, 12, 58, 71, 134, 109, 48, 67, 61, 78, 102, 93, 85, 133, 130, 129, 74, 40, 42, 7, 132, 131, 52, 143, 128, 126, 47, 125, 94, 100, 141, 142, 15, 8, 77, 76, 44, 50, 124, 123, 115, 92, 121, 16, 114, 110, 108, 9, 111, 63, 106, 101, 120, 127, 91, 75, 90, 53, 119, 117, 107, 55, 29, 41, 43, 27, 25, 83, 103, 6, 1, 2, 0, 54, 51, 46, 45, 39, 62, 49, 56, 38, 57, 70, 86, 69, 79, 80, 64, 60, 59, 68, 66, 72, 65, 89, 73, 97, 96, 98, 95, 87, 88, 104, 82, 81, 84, 24, 30, 11, 31, 23, 5, 4, 3, 21, 22, 20, 19, 35, 34, 37, 33]","[33, 37, 34, 35, 19, 20, 22, 21, 3, 4, 5, 23, 31, 11, 30, 24, 84, 81, 82, 104, 88, 87, 95, 98, 96, 97, 73, 89, 65, 72, 66, 68, 59, 60, 64, 80, 79, 69, 86, 70, 57, 38, 56, 49, 62, 39, 45, 46, 51, 54, 0, 2, 1, 6, 103, 83, 25, 27, 43, 41, 29, 55, 107, 117, 119, 53, 90, 75, 91, 127, 120, 101, 106, 63, 111, 9, 108, 110, 114, 16, 121, 92, 115, 123, 124, 50, 44, 76, 77, 8, 15, 142, 141, 100, 94, 125, 47, 126, 128, 143, 52, 131, 132, 7, 42, 40, 74, 129, 130, 133, 85, 93, 102, 78, 61, 67, 48, 109, 134, 71, 58, 12, 146, 147, 149, 148, 10, 144, 145, 99, 105, 26, 28, 135, 36, 112, 136, 118, 116, 14, 13, 139, 140, 138, 137]",False,complete,146,146,10629,0,2168,1,2167,2000,,False,,,,,,,2,99,19,99,19,19,19,19
2,10455,4,6,143,"[17, 18, 32, 122, 137, 138]","[0, 1, 2, 3, 4, 5, 6, 7, 8, 9, 10, 11, 12, 13, 14, 15, 16, 19, 20, 21, 22, 23, 24, 25, 26, 27, 28, 29, 30, 31, 33, 34, 35, 36, 37, 38, 39, 40, 41, 42, 43, 44, 45, 46, 47, 48, 49, 50, 51, 52, 53, 54, 55, 56, 57, 58, 59, 60, 61, 62, 63, 64, 65, 66, 67, 68, 69, 70, 71, 72, 73, 74, 75, 76, 77, 78, 79, 80, 81, 82, 83, 84, 85, 86, 87, 88, 89, 90, 91, 92, 93, 94, 95, 96, 97, 98, 99, 100, 101, 102, 103, 104, 105, 106, 107, 108, 109, 110, 111, 112, 114, 115, 116, 117, 118, 119, 120, 121, 123, 124, 125, 126, 127, 128, 129, 130, 131, 132, 133, 134, 135, 136, 139, 140, 141, 142, 143, 144, 145, 146, 147, 148, 149]",{},[],0,"[122, 17, 18, 32, 137, 138, 139, 140, 13, 14, 118, 116, 136, 16, 36, 135, 28, 26, 105, 99, 149, 102, 144, 10, 145, 146, 147, 12, 71, 58, 134, 109, 78, 67, 48, 61, 85, 93, 133, 40, 42, 143, 25, 7, 131, 130, 132, 129, 54, 76, 74, 97, 128, 63, 94, 127, 91, 64, 126, 50, 125, 124, 123, 141, 142, 119, 117, 90, 77, 53, 55, 75, 92, 27, 29, 8, 15, 41, 43, 112, 148, 110, 9, 111, 108, 106, 115, 107, 6, 1, 2, 0, 101, 120, 114, 121, 52, 47, 46, 39, 51, 68, 45, 49, 56, 57, 38, 83, 44, 103, 62, 60, 89, 70, 69, 59, 79, 80, 72, 86, 66, 73, 65, 31, 30, 24, 11, 100, 96, 98, 84, 87, 82, 81, 104, 88, 95, 23, 5, 4, 3, 21, 22, 20, 19, 35, 34, 37, 33]",True,123260948608,123.260948608,"[139, 140, 14, 13, 118, 116, 136, 112, 36, 135, 26, 28, 99, 105, 148, 115, 145, 149, 144, 146, 147, 12, 71, 58, 134, 109, 78, 61, 102, 48, 85, 93, 133, 7, 129, 130, 131, 40, 76, 74, 97, 23, 143, 132, 54, 128, 127, 83, 89, 86, 141, 55, 124, 142, 47, 15, 126, 125, 123, 67, 52, 92, 117, 42, 119, 106, 101, 120, 114, 121, 77, 75, 90, 53, 107, 110, 111, 108, 51, 46, 39, 64, 43, 29, 41, 8, 27, 35, 34, 21, 37, 5, 10, 16, 9, 25, 20, 63, 104, 22, 4, 2, 1, 6, 0, 3, 100, 96, 98, 11, 30, 31, 33, 44, 24, 19, 38, 57, 50, 56, 49, 45, 91, 84, 82, 103, 95, 88, 70, 87, 81, 94, 69, 79, 80, 62, 73, 72, 60, 59, 66, 68, 65]","[65, 68, 66, 59, 60, 72, 73, 62, 80, 79, 69, 94, 81, 87, 70, 88, 95, 103, 82, 84, 91, 45, 49, 56, 50, 57, 38, 19, 24, 44, 33, 31, 30, 11, 98, 96, 100, 3, 0, 6, 1, 2, 4, 22, 104, 63, 20, 25, 9, 16, 10, 5, 37, 21, 34, 35, 27, 8, 41, 29, 43, 64, 39, 46, 51, 108, 111, 110, 107, 53, 90, 75, 77, 121, 114, 120, 101, 106, 119, 42, 117, 92, 52, 67, 123, 125, 126, 15, 47, 142, 124, 55, 141, 86, 89, 83, 127, 128, 54, 132, 143, 23, 97, 74, 76, 40, 131, 130, 129, 7, 133, 93, 85, 48, 102, 61, 78, 109, 134, 58, 71, 12, 147, 146, 144, 149, 145, 115, 148, 105, 99, 28, 26, 135, 36, 112, 136, 116, 118, 13, 14, 140, 139]",False,complete,254,254,14399,0,9230,199,9031,2000,,False,,,,,,,2,133,21,133,21,21,21,21
2,10456,5,8,141,"[17, 18, 32, 122, 137, 138, 139, 140]","[0, 1, 2, 3, 4, 5, 6, 7, 8, 9, 10, 11, 12, 13, 14, 15, 16, 19, 20, 21, 22, 23, 24, 25, 26, 27, 28, 29, 30, 31, 33, 34, 35, 36, 37, 38, 39, 40, 41, 42, 43, 44, 45, 46, 47, 48, 49, 50, 51, 52, 53, 54, 55, 56, 57, 58, 59, 60, 61, 62, 63, 64, 65, 66, 67, 68, 69, 70, 71, 72, 73, 74, 75, 76, 77, 78, 79, 80, 81, 82, 83, 84, 85, 86, 87, 88, 89, 90, 91, 92, 93, 94, 95, 96, 97, 98, 99, 100, 101, 102, 103, 104, 105, 106, 107, 108, 109, 110, 111, 112, 114, 115, 116, 117, 118, 119, 120, 121, 123, 124, 125, 126, 127, 128, 129, 130, 131, 132, 133, 134, 135, 136, 141, 142, 143, 144, 145, 146, 147, 148, 149]",{},[],0,"[122, 17, 18, 32, 137, 138, 139, 140, 13, 14, 118, 116, 136, 16, 36, 135, 28, 26, 105, 99, 149, 102, 144, 10, 145, 146, 147, 12, 71, 58, 134, 109, 78, 67, 48, 61, 85, 93, 133, 40, 42, 143, 25, 7, 131, 130, 132, 129, 54, 76, 74, 97, 128, 63, 94, 127, 91, 64, 126, 50, 125, 124, 123, 141, 142, 119, 117, 90, 77, 53, 55, 75, 92, 27, 29, 8, 15, 41, 43, 112, 148, 110, 9, 111, 108, 106, 115, 107, 6, 1, 2, 0, 101, 120, 114, 121, 52, 47, 46, 39, 51, 68, 45, 49, 56, 57, 38, 83, 44, 103, 62, 60, 89, 70, 69, 59, 79, 80, 72, 86, 66, 73, 65, 31, 30, 24, 11, 100, 96, 98, 84, 87, 82, 81, 104, 88, 95, 23, 5, 4, 3, 21, 22, 20, 19, 35, 34, 37, 33]",True,35743914816,35.743914816,"[14, 13, 118, 116, 136, 112, 36, 135, 26, 28, 99, 105, 149, 102, 145, 148, 144, 147, 146, 12, 58, 71, 134, 109, 48, 67, 61, 78, 10, 93, 85, 133, 130, 129, 76, 128, 97, 94, 74, 127, 91, 126, 35, 7, 21, 125, 83, 75, 141, 77, 142, 92, 115, 8, 27, 106, 101, 23, 120, 114, 121, 15, 16, 6, 124, 110, 123, 119, 29, 90, 108, 1, 2, 9, 111, 0, 42, 132, 131, 54, 64, 50, 53, 117, 107, 55, 41, 43, 40, 5, 4, 143, 22, 63, 3, 100, 96, 98, 25, 20, 11, 31, 44, 30, 24, 19, 103, 37, 84, 70, 34, 39, 52, 47, 46, 51, 68, 60, 62, 49, 45, 56, 38, 57, 33, 95, 87, 104, 81, 82, 88, 89, 73, 69, 59, 66, 86, 79, 72, 80, 65]","[65, 80, 72, 79, 86, 66, 59, 69, 73, 89, 88, 82, 81, 104, 87, 95, 33, 57, 38, 56, 45, 49, 62, 60, 68, 51, 46, 47, 52, 39, 34, 70, 84, 37, 103, 19, 24, 30, 44, 31, 11, 20, 25, 98, 96, 100, 3, 63, 22, 143, 4, 5, 40, 43, 41, 55, 107, 117, 53, 50, 64, 54, 131, 132, 42, 0, 111, 9, 2, 1, 108, 90, 29, 119, 123, 110, 124, 6, 16, 15, 121, 114, 120, 23, 101, 106, 27, 8, 115, 92, 142, 77, 141, 75, 83, 125, 21, 7, 35, 126, 91, 127, 74, 94, 97, 128, 76, 129, 130, 133, 85, 93, 10, 78, 61, 67, 48, 109, 134, 71, 58, 12, 146, 147, 144, 148, 145, 102, 149, 105, 99, 28, 26, 135, 36, 112, 136, 116, 118, 13, 14]",False,complete,144,144,10090,0,2285,3,2282,2000,,False,,,,,,,2,113,21,113,21,21,21,21
2,10457,6,10,139,"[13, 14, 17, 18, 32, 122, 137, 138, 139, 140]","[0, 1, 2, 3, 4, 5, 6, 7, 8, 9, 10, 11, 12, 15, 16, 19, 20, 21, 22, 23, 24, 25, 26, 27, 28, 29, 30, 31, 33, 34, 35, 36, 37, 38, 39, 40, 41, 42, 43, 44, 45, 46, 47, 48, 49, 50, 51, 52, 53, 54, 55, 56, 57, 58, 59, 60, 61, 62, 63, 64, 65, 66, 67, 68, 69, 70, 71, 72, 73, 74, 75, 76, 77, 78, 79, 80, 81, 82, 83, 84, 85, 86, 87, 88, 89, 90, 91, 92, 93, 94, 95, 96, 97, 98, 99, 100, 101, 102, 103, 104, 105, 106, 107, 108, 109, 110, 111, 112, 114, 115, 116, 117, 118, 119, 120, 121, 123, 124, 125, 126, 127, 128, 129, 130, 131, 132, 133, 134, 135, 136, 141, 142, 143, 144, 145, 146, 147, 148, 149]",{},[],0,"[122, 17, 18, 32, 137, 138, 139, 140, 13, 14, 118, 116, 136, 16, 36, 135, 28, 26, 105, 99, 149, 102, 144, 10, 145, 146, 147, 12, 71, 58, 134, 109, 78, 67, 48, 61, 85, 93, 133, 40, 42, 143, 25, 7, 131, 130, 132, 129, 54, 76, 74, 97, 128, 63, 94, 127, 91, 64, 126, 50, 125, 124, 123, 141, 142, 119, 117, 90, 77, 53, 55, 75, 92, 27, 29, 8, 15, 41, 43, 112, 148, 110, 9, 111, 108, 106, 115, 107, 6, 1, 2, 0, 101, 120, 114, 121, 52, 47, 46, 39, 51, 68, 45, 49, 56, 57, 38, 83, 44, 103, 62, 60, 89, 70, 69, 59, 79, 80, 72, 86, 66, 73, 65, 31, 30, 24, 11, 100, 96, 98, 84, 87, 82, 81, 104, 88, 95, 23, 5, 4, 3, 21, 22, 20, 19, 35, 34, 37, 33]",True,51840063501,51.840063501,"[118, 116, 136, 16, 36, 135, 26, 28, 99, 105, 149, 102, 148, 145, 144, 146, 147, 12, 71, 58, 134, 109, 67, 78, 115, 48, 133, 40, 7, 129, 130, 128, 127, 126, 125, 103, 132, 131, 54, 91, 142, 141, 8, 10, 112, 61, 93, 85, 42, 143, 25, 74, 76, 110, 108, 9, 111, 97, 63, 89, 64, 83, 50, 124, 123, 117, 55, 90, 53, 77, 92, 75, 119, 41, 29, 15, 27, 43, 107, 114, 120, 121, 101, 106, 44, 6, 1, 2, 0, 70, 86, 62, 60, 68, 66, 94, 73, 69, 59, 79, 72, 80, 65, 52, 47, 46, 39, 51, 49, 45, 56, 38, 57, 31, 30, 24, 11, 100, 96, 98, 84, 87, 82, 81, 104, 88, 95, 23, 5, 4, 3, 21, 22, 20, 19, 35, 34, 37, 33]","[33, 37, 34, 35, 19, 20, 22, 21, 3, 4, 5, 23, 95, 88, 104, 81, 82, 87, 84, 98, 96, 100, 11, 24, 30, 31, 57, 38, 56, 45, 49, 51, 39, 46, 47, 52, 65, 80, 72, 79, 59, 69, 73, 94, 66, 68, 60, 62, 86, 70, 0, 2, 1, 6, 44, 106, 101, 121, 120, 114, 107, 43, 27, 15, 29, 41, 119, 75, 92, 77, 53, 90, 55, 117, 123, 124, 50, 83, 64, 89, 63, 97, 111, 9, 108, 110, 76, 74, 25, 143, 42, 85, 93, 61, 112, 10, 8, 141, 142, 91, 54, 131, 132, 103, 125, 126, 127, 128, 130, 129, 7, 40, 133, 48, 115, 78, 67, 109, 134, 58, 71, 12, 147, 146, 144, 145, 148, 102, 149, 105, 99, 28, 26, 135, 36, 16, 136, 116, 118]",False,complete,168,168,10635,0,3603,25,3578,2000,,False,,,,,,,2,136,19,136,19,19,19,19
2,10458,7,12,137,"[13, 14, 17, 18, 32, 116, 118, 122, 137, 138, 139, 140]","[0, 1, 2, 3, 4, 5, 6, 7, 8, 9, 10, 11, 12, 15, 16, 19, 20, 21, 22, 23, 24, 25, 26, 27, 28, 29, 30, 31, 33, 34, 35, 36, 37, 38, 39, 40, 41, 42, 43, 44, 45, 46, 47, 48, 49, 50, 51, 52, 53, 54, 55, 56, 57, 58, 59, 60, 61, 62, 63, 64, 65, 66, 67, 68, 69, 70, 71, 72, 73, 74, 75, 76, 77, 78, 79, 80, 81, 82, 83, 84, 85, 86, 87, 88, 89, 90, 91, 92, 93, 94, 95, 96, 97, 98, 99, 100, 101, 102, 103, 104, 105, 106, 107, 108, 109, 110, 111, 112, 114, 115, 117, 119, 120, 121, 123, 124, 125, 126, 127, 128, 129, 130, 131, 132, 133, 134, 135, 136, 141, 142, 143, 144, 145, 146, 147, 148, 149]",{},[],0,"[122, 17, 18, 32, 137, 138, 139, 140, 13, 14, 118, 116, 136, 16, 36, 135, 28, 26, 105, 99, 149, 102, 144, 10, 145, 146, 147, 12, 71, 58, 134, 109, 78, 67, 48, 61, 85, 93, 133, 40, 42, 143, 25, 7, 131, 130, 132, 129, 54, 76, 74, 97, 128, 63, 94, 127, 91, 64, 126, 50, 125, 124, 123, 141, 142, 119, 117, 90, 77, 53, 55, 75, 92, 27, 29, 8, 15, 41, 43, 112, 148, 110, 9, 111, 108, 106, 115, 107, 6, 1, 2, 0, 101, 120, 114, 121, 52, 47, 46, 39, 51, 68, 45, 49, 56, 57, 38, 83, 44, 103, 62, 60, 89, 70, 69, 59, 79, 80, 72, 86, 66, 73, 65, 31, 30, 24, 11, 100, 96, 98, 84, 87, 82, 81, 104, 88, 95, 23, 5, 4, 3, 21, 22, 20, 19, 35, 34, 37, 33]",True,42851365602,42.851365602,"[136, 112, 36, 135, 26, 28, 105, 99, 148, 115, 149, 145, 144, 147, 146, 12, 58, 71, 134, 109, 67, 48, 61, 78, 10, 133, 129, 93, 85, 130, 76, 128, 31, 94, 74, 127, 89, 126, 35, 7, 83, 141, 75, 124, 125, 27, 21, 123, 23, 142, 77, 92, 119, 29, 102, 16, 110, 117, 90, 6, 15, 121, 108, 114, 107, 9, 111, 106, 101, 120, 1, 2, 40, 131, 132, 54, 64, 50, 55, 53, 8, 0, 41, 43, 42, 5, 4, 143, 22, 63, 3, 98, 30, 11, 100, 96, 97, 25, 20, 44, 24, 19, 103, 37, 84, 70, 34, 39, 52, 47, 46, 51, 68, 60, 62, 49, 45, 56, 38, 57, 33, 95, 87, 104, 81, 82, 88, 91, 73, 66, 86, 65, 59, 72, 79, 69, 80]","[80, 69, 79, 72, 59, 65, 86, 66, 73, 91, 88, 82, 81, 104, 87, 95, 33, 57, 38, 56, 45, 49, 62, 60, 68, 51, 46, 47, 52, 39, 34, 70, 84, 37, 103, 19, 24, 44, 20, 25, 97, 96, 100, 11, 30, 98, 3, 63, 22, 143, 4, 5, 42, 43, 41, 0, 8, 53, 55, 50, 64, 54, 132, 131, 40, 2, 1, 120, 101, 106, 111, 9, 107, 114, 108, 121, 15, 6, 90, 117, 110, 16, 102, 29, 119, 92, 77, 142, 23, 123, 21, 27, 125, 124, 75, 141, 83, 7, 35, 126, 89, 127, 74, 94, 31, 128, 76, 130, 85, 93, 129, 133, 10, 78, 61, 48, 67, 109, 134, 71, 58, 12, 146, 147, 144, 145, 149, 115, 148, 99, 105, 28, 26, 135, 36, 112, 136]",False,complete,144,144,9742,0,2775,6,2769,2000,,False,,,,,,,2,115,23,115,23,23,23,23
2,10459,8,14,135,"[13, 14, 16, 17, 18, 32, 116, 118, 122, 136, 137, 138, 139, 140]","[0, 1, 2, 3, 4, 5, 6, 7, 8, 9, 10, 11, 12, 15, 19, 20, 21, 22, 23, 24, 25, 26, 27, 28, 29, 30, 31, 33, 34, 35, 36, 37, 38, 39, 40, 41, 42, 43, 44, 45, 46, 47, 48, 49, 50, 51, 52, 53, 54, 55, 56, 57, 58, 59, 60, 61, 62, 63, 64, 65, 66, 67, 68, 69, 70, 71, 72, 73, 74, 75, 76, 77, 78, 79, 80, 81, 82, 83, 84, 85, 86, 87, 88, 89, 90, 91, 92, 93, 94, 95, 96, 97, 98, 99, 100, 101, 102, 103, 104, 105, 106, 107, 108, 109, 110, 111, 112, 114, 115, 117, 119, 120, 121, 123, 124, 125, 126, 127, 128, 129, 130, 131, 132, 133, 134, 135, 141, 142, 143, 144, 145, 146, 147, 148, 149]",{},[],0,"[122, 17, 18, 32, 137, 138, 139, 140, 13, 14, 118, 116, 136, 16, 36, 135, 28, 26, 105, 99, 149, 102, 144, 10, 145, 146, 147, 12, 71, 58, 134, 109, 78, 67, 48, 61, 85, 93, 133, 40, 42, 143, 25, 7, 131, 130, 132, 129, 54, 76, 74, 97, 128, 63, 94, 127, 91, 64, 126, 50, 125, 124, 123, 141, 142, 119, 117, 90, 77, 53, 55, 75, 92, 27, 29, 8, 15, 41, 43, 112, 148, 110, 9, 111, 108, 106, 115, 107, 6, 1, 2, 0, 101, 120, 114, 121, 52, 47, 46, 39, 51, 68, 45, 49, 56, 57, 38, 83, 44, 103, 62, 60, 89, 70, 69, 59, 79, 80, 72, 86, 66, 73, 65, 31, 30, 24, 11, 100, 96, 98, 84, 87, 82, 81, 104, 88, 95, 23, 5, 4, 3, 21, 22, 20, 19, 35, 34, 37, 33]",True,127641859511,127.641859511,"[36, 135, 26, 28, 99, 105, 148, 115, 149, 145, 144, 146, 147, 12, 58, 71, 134, 109, 67, 61, 48, 78, 93, 85, 133, 40, 42, 102, 7, 132, 130, 131, 129, 76, 128, 31, 127, 126, 91, 47, 86, 74, 125, 141, 142, 90, 75, 77, 10, 110, 35, 27, 52, 53, 41, 21, 8, 112, 108, 9, 111, 143, 63, 64, 103, 124, 123, 55, 117, 119, 92, 15, 29, 43, 107, 114, 120, 121, 101, 106, 50, 6, 1, 2, 0, 30, 97, 11, 100, 96, 98, 54, 51, 46, 45, 49, 56, 57, 37, 34, 39, 38, 33, 89, 44, 83, 62, 73, 66, 68, 60, 94, 70, 69, 59, 79, 72, 80, 65, 95, 87, 88, 104, 82, 81, 84, 24, 23, 25, 20, 19, 5, 4, 22, 3]","[3, 22, 4, 5, 19, 20, 25, 23, 24, 84, 81, 82, 104, 88, 87, 95, 65, 80, 72, 79, 59, 69, 70, 94, 60, 68, 66, 73, 62, 83, 44, 89, 33, 38, 39, 34, 37, 57, 56, 49, 45, 46, 51, 54, 98, 96, 100, 11, 97, 30, 0, 2, 1, 6, 50, 106, 101, 121, 120, 114, 107, 43, 29, 15, 92, 119, 117, 55, 123, 124, 103, 64, 63, 143, 111, 9, 108, 112, 8, 21, 41, 53, 52, 27, 35, 110, 10, 77, 75, 90, 142, 141, 125, 74, 86, 47, 91, 126, 127, 31, 128, 76, 129, 131, 130, 132, 7, 102, 42, 40, 133, 85, 93, 78, 48, 61, 67, 109, 134, 71, 58, 12, 147, 146, 144, 145, 149, 115, 148, 105, 99, 28, 26, 135, 36]",False,complete,522,522,16282,0,15162,778,14384,2000,,False,,,,,,,2,126,20,126,20,20,20,20
2,10460,9,16,133,"[13, 14, 16, 17, 18, 32, 36, 116, 118, 122, 135, 136, 137, 138, 139, 140]","[0, 1, 2, 3, 4, 5, 6, 7, 8, 9, 10, 11, 12, 15, 19, 20, 21, 22, 23, 24, 25, 26, 27, 28, 29, 30, 31, 33, 34, 35, 37, 38, 39, 40, 41, 42, 43, 44, 45, 46, 47, 48, 49, 50, 51, 52, 53, 54, 55, 56, 57, 58, 59, 60, 61, 62, 63, 64, 65, 66, 67, 68, 69, 70, 71, 72, 73, 74, 75, 76, 77, 78, 79, 80, 81, 82, 83, 84, 85, 86, 87, 88, 89, 90, 91, 92, 93, 94, 95, 96, 97, 98, 99, 100, 101, 102, 103, 104, 105, 106, 107, 108, 109, 110, 111, 112, 114, 115, 117, 119, 120, 121, 123, 124, 125, 126, 127, 128, 129, 130, 131, 132, 133, 134, 141, 142, 143, 144, 145, 146, 147, 148, 149]",{},[],0,"[122, 17, 18, 32, 137, 138, 139, 140, 13, 14, 118, 116, 136, 16, 36, 135, 28, 26, 105, 99, 149, 102, 144, 10, 145, 146, 147, 12, 71, 58, 134, 109, 78, 67, 48, 61, 85, 93, 133, 40, 42, 143, 25, 7, 131, 130, 132, 129, 54, 76, 74, 97, 128, 63, 94, 127, 91, 64, 126, 50, 125, 124, 123, 141, 142, 119, 117, 90, 77, 53, 55, 75, 92, 27, 29, 8, 15, 41, 43, 112, 148, 110, 9, 111, 108, 106, 115, 107, 6, 1, 2, 0, 101, 120, 114, 121, 52, 47, 46, 39, 51, 68, 45, 49, 56, 57, 38, 83, 44, 103, 62, 60, 89, 70, 69, 59, 79, 80, 72, 86, 66, 73, 65, 31, 30, 24, 11, 100, 96, 98, 84, 87, 82, 81, 104, 88, 95, 23, 5, 4, 3, 21, 22, 20, 19, 35, 34, 37, 33]",True,48999951070,48.999951070,"[26, 28, 105, 99, 149, 102, 148, 145, 144, 147, 146, 12, 71, 58, 134, 109, 67, 78, 115, 48, 133, 42, 7, 132, 130, 131, 129, 54, 128, 127, 126, 125, 104, 142, 141, 8, 27, 98, 124, 10, 94, 91, 123, 112, 61, 93, 85, 40, 143, 25, 74, 76, 110, 108, 9, 111, 63, 64, 83, 50, 53, 92, 55, 75, 117, 77, 90, 119, 29, 15, 41, 43, 107, 114, 120, 121, 101, 106, 44, 6, 1, 2, 0, 70, 86, 69, 79, 80, 62, 60, 59, 68, 66, 72, 65, 89, 73, 52, 47, 46, 39, 51, 49, 45, 56, 38, 57, 97, 96, 100, 95, 87, 88, 103, 82, 81, 84, 24, 30, 11, 31, 23, 5, 4, 3, 21, 22, 20, 19, 35, 34, 37, 33]","[33, 37, 34, 35, 19, 20, 22, 21, 3, 4, 5, 23, 31, 11, 30, 24, 84, 81, 82, 103, 88, 87, 95, 100, 96, 97, 57, 38, 56, 45, 49, 51, 39, 46, 47, 52, 73, 89, 65, 72, 66, 68, 59, 60, 62, 80, 79, 69, 86, 70, 0, 2, 1, 6, 44, 106, 101, 121, 120, 114, 107, 43, 41, 15, 29, 119, 90, 77, 117, 75, 55, 92, 53, 50, 83, 64, 63, 111, 9, 108, 110, 76, 74, 25, 143, 40, 85, 93, 61, 112, 123, 91, 94, 10, 124, 98, 27, 8, 141, 142, 104, 125, 126, 127, 128, 54, 129, 131, 130, 132, 7, 42, 133, 48, 115, 78, 67, 109, 134, 58, 71, 12, 146, 147, 144, 145, 148, 102, 149, 99, 105, 28, 26]",False,complete,161,161,9772,0,3607,25,3582,2000,,False,,,,,,,2,135,20,135,20,20,20,20
2,10461,10,18,131,"[13, 14, 16, 17, 18, 26, 28, 32, 36, 116, 118, 122, 135, 136, 137, 138, 139, 140]","[0, 1, 2, 3, 4, 5, 6, 7, 8, 9, 10, 11, 12, 15, 19, 20, 21, 22, 23, 24, 25, 27, 29, 30, 31, 33, 34, 35, 37, 38, 39, 40, 41, 42, 43, 44, 45, 46, 47, 48, 49, 50, 51, 52, 53, 54, 55, 56, 57, 58, 59, 60, 61, 62, 63, 64, 65, 66, 67, 68, 69, 70, 71, 72, 73, 74, 75, 76, 77, 78, 79, 80, 81, 82, 83, 84, 85, 86, 87, 88, 89, 90, 91, 92, 93, 94, 95, 96, 97, 98, 99, 100, 101, 102, 103, 104, 105, 106, 107, 108, 109, 110, 111, 112, 114, 115, 117, 119, 120, 121, 123, 124, 125, 126, 127, 128, 129, 130, 131, 132, 133, 134, 141, 142, 143, 144, 145, 146, 147, 148, 149]",{},[],0,"[122, 17, 18, 32, 137, 138, 139, 140, 13, 14, 118, 116, 136, 16, 36, 135, 28, 26, 105, 99, 149, 102, 144, 10, 145, 146, 147, 12, 71, 58, 134, 109, 78, 67, 48, 61, 85, 93, 133, 40, 42, 143, 25, 7, 131, 130, 132, 129, 54, 76, 74, 97, 128, 63, 94, 127, 91, 64, 126, 50, 125, 124, 123, 141, 142, 119, 117, 90, 77, 53, 55, 75, 92, 27, 29, 8, 15, 41, 43, 112, 148, 110, 9, 111, 108, 106, 115, 107, 6, 1, 2, 0, 101, 120, 114, 121, 52, 47, 46, 39, 51, 68, 45, 49, 56, 57, 38, 83, 44, 103, 62, 60, 89, 70, 69, 59, 79, 80, 72, 86, 66, 73, 65, 31, 30, 24, 11, 100, 96, 98, 84, 87, 82, 81, 104, 88, 95, 23, 5, 4, 3, 21, 22, 20, 19, 35, 34, 37, 33]",True,40433811043,40.433811043,"[99, 105, 148, 115, 149, 145, 144, 146, 147, 12, 58, 71, 134, 109, 48, 67, 61, 78, 93, 85, 133, 40, 42, 102, 7, 132, 131, 130, 129, 76, 128, 31, 127, 126, 91, 47, 86, 74, 125, 142, 141, 75, 77, 92, 10, 110, 35, 27, 52, 53, 8, 15, 43, 143, 9, 111, 121, 112, 108, 25, 114, 106, 101, 120, 64, 124, 123, 90, 117, 55, 119, 107, 41, 29, 6, 1, 2, 0, 30, 97, 11, 100, 96, 98, 54, 51, 46, 39, 23, 34, 21, 37, 20, 5, 4, 22, 3, 33, 63, 50, 70, 69, 94, 79, 80, 62, 60, 59, 68, 66, 72, 65, 89, 73, 45, 49, 84, 56, 38, 57, 44, 24, 19, 104, 83, 87, 82, 81, 103, 88, 95]","[95, 88, 103, 81, 82, 87, 83, 104, 19, 24, 44, 57, 38, 56, 84, 49, 45, 73, 89, 65, 72, 66, 68, 59, 60, 62, 80, 79, 94, 69, 70, 50, 63, 33, 3, 22, 4, 5, 20, 37, 21, 34, 23, 39, 46, 51, 54, 98, 96, 100, 11, 97, 30, 0, 2, 1, 6, 29, 41, 107, 119, 55, 117, 90, 123, 124, 64, 120, 101, 106, 114, 25, 108, 112, 121, 111, 9, 143, 43, 15, 8, 53, 52, 27, 35, 110, 10, 92, 77, 75, 141, 142, 125, 74, 86, 47, 91, 126, 127, 31, 128, 76, 129, 130, 131, 132, 7, 102, 42, 40, 133, 85, 93, 78, 61, 67, 48, 109, 134, 71, 58, 12, 147, 146, 144, 145, 149, 115, 148, 105, 99]",False,complete,170,170,9380,0,3501,48,3453,2000,,False,,,,,,,2,87,19,87,19,19,19,19
2,10462,11,20,129,"[13, 14, 16, 17, 18, 26, 28, 32, 36, 99, 105, 116, 118, 122, 135, 136, 137, 138, 139, 140]","[0, 1, 2, 3, 4, 5, 6, 7, 8, 9, 10, 11, 12, 15, 19, 20, 21, 22, 23, 24, 25, 27, 29, 30, 31, 33, 34, 35, 37, 38, 39, 40, 41, 42, 43, 44, 45, 46, 47, 48, 49, 50, 51, 52, 53, 54, 55, 56, 57, 58, 59, 60, 61, 62, 63, 64, 65, 66, 67, 68, 69, 70, 71, 72, 73, 74, 75, 76, 77, 78, 79, 80, 81, 82, 83, 84, 85, 86, 87, 88, 89, 90, 91, 92, 93, 94, 95, 96, 97, 98, 100, 101, 102, 103, 104, 106, 107, 108, 109, 110, 111, 112, 114, 115, 117, 119, 120, 121, 123, 124, 125, 126, 127, 128, 129, 130, 131, 132, 133, 134, 141, 142, 143, 144, 145, 146, 147, 148, 149]",{},[],0,"[122, 17, 18, 32, 137, 138, 139, 140, 13, 14, 118, 116, 136, 16, 36, 135, 28, 26, 105, 99, 149, 102, 144, 10, 145, 146, 147, 12, 71, 58, 134, 109, 78, 67, 48, 61, 85, 93, 133, 40, 42, 143, 25, 7, 131, 130, 132, 129, 54, 76, 74, 97, 128, 63, 94, 127, 91, 64, 126, 50, 125, 124, 123, 141, 142, 119, 117, 90, 77, 53, 55, 75, 92, 27, 29, 8, 15, 41, 43, 112, 148, 110, 9, 111, 108, 106, 115, 107, 6, 1, 2, 0, 101, 120, 114, 121, 52, 47, 46, 39, 51, 68, 45, 49, 56, 57, 38, 83, 44, 103, 62, 60, 89, 70, 69, 59, 79, 80, 72, 86, 66, 73, 65, 31, 30, 24, 11, 100, 96, 98, 84, 87, 82, 81, 104, 88, 95, 23, 5, 4, 3, 21, 22, 20, 19, 35, 34, 37, 33]",True,50640418283,50.640418283,"[145, 148, 115, 144, 149, 146, 147, 12, 71, 58, 134, 109, 67, 78, 102, 48, 133, 42, 7, 132, 130, 131, 129, 54, 128, 127, 126, 125, 103, 91, 141, 142, 8, 27, 98, 124, 123, 10, 94, 112, 61, 93, 85, 40, 143, 25, 74, 76, 110, 108, 9, 111, 63, 64, 83, 50, 90, 53, 55, 117, 92, 119, 77, 75, 29, 43, 15, 41, 107, 114, 120, 121, 101, 106, 44, 6, 1, 2, 0, 70, 86, 69, 79, 80, 62, 60, 59, 68, 66, 72, 65, 89, 73, 52, 47, 46, 39, 51, 49, 45, 56, 38, 57, 97, 96, 100, 95, 87, 88, 104, 82, 81, 84, 24, 30, 11, 31, 23, 5, 4, 3, 21, 22, 20, 19, 35, 34, 37, 33]","[33, 37, 34, 35, 19, 20, 22, 21, 3, 4, 5, 23, 31, 11, 30, 24, 84, 81, 82, 104, 88, 87, 95, 100, 96, 97, 57, 38, 56, 45, 49, 51, 39, 46, 47, 52, 73, 89, 65, 72, 66, 68, 59, 60, 62, 80, 79, 69, 86, 70, 0, 2, 1, 6, 44, 106, 101, 121, 120, 114, 107, 41, 15, 43, 29, 75, 77, 119, 92, 117, 55, 53, 90, 50, 83, 64, 63, 111, 9, 108, 110, 76, 74, 25, 143, 40, 85, 93, 61, 112, 94, 10, 123, 124, 98, 27, 8, 142, 141, 91, 103, 125, 126, 127, 128, 54, 129, 131, 130, 132, 7, 42, 133, 48, 102, 78, 67, 109, 134, 58, 71, 12, 147, 146, 149, 144, 115, 148, 145]",False,complete,157,157,9246,0,3598,25,3573,2000,,False,,,,,,,2,133,20,133,20,20,20,20
2,10463,12,22,127,"[13, 14, 16, 17, 18, 26, 28, 32, 36, 99, 102, 105, 116, 118, 122, 135, 136, 137, 138, 139, 140, 149]","[0, 1, 2, 3, 4, 5, 6, 7, 8, 9, 10, 11, 12, 15, 19, 20, 21, 22, 23, 24, 25, 27, 29, 30, 31, 33, 34, 35, 37, 38, 39, 40, 41, 42, 43, 44, 45, 46, 47, 48, 49, 50, 51, 52, 53, 54, 55, 56, 57, 58, 59, 60, 61, 62, 63, 64, 65, 66, 67, 68, 69, 70, 71, 72, 73, 74, 75, 76, 77, 78, 79, 80, 81, 82, 83, 84, 85, 86, 87, 88, 89, 90, 91, 92, 93, 94, 95, 96, 97, 98, 100, 101, 103, 104, 106, 107, 108, 109, 110, 111, 112, 114, 115, 117, 119, 120, 121, 123, 124, 125, 126, 127, 128, 129, 130, 131, 132, 133, 134, 141, 142, 143, 144, 145, 146, 147, 148]",{},[],0,"[122, 17, 18, 32, 137, 138, 139, 140, 13, 14, 118, 116, 136, 16, 36, 135, 28, 26, 105, 99, 149, 102, 144, 10, 145, 146, 147, 12, 71, 58, 134, 109, 78, 67, 48, 61, 85, 93, 133, 40, 42, 143, 25, 7, 131, 130, 132, 129, 54, 76, 74, 97, 128, 63, 94, 127, 91, 64, 126, 50, 125, 124, 123, 141, 142, 119, 117, 90, 77, 53, 55, 75, 92, 27, 29, 8, 15, 41, 43, 112, 148, 110, 9, 111, 108, 106, 115, 107, 6, 1, 2, 0, 101, 120, 114, 121, 52, 47, 46, 39, 51, 68, 45, 49, 56, 57, 38, 83, 44, 103, 62, 60, 89, 70, 69, 59, 79, 80, 72, 86, 66, 73, 65, 31, 30, 24, 11, 100, 96, 98, 84, 87, 82, 81, 104, 88, 95, 23, 5, 4, 3, 21, 22, 20, 19, 35, 34, 37, 33]",True,30257911437,30.257911437,"[144, 10, 145, 146, 147, 12, 71, 58, 134, 109, 78, 67, 61, 48, 93, 85, 133, 42, 40, 143, 25, 7, 132, 130, 131, 129, 54, 74, 76, 97, 128, 63, 94, 127, 91, 64, 126, 50, 125, 124, 123, 141, 142, 90, 75, 77, 53, 117, 55, 92, 119, 29, 8, 15, 43, 41, 27, 112, 148, 110, 9, 111, 108, 106, 115, 107, 6, 1, 2, 0, 101, 120, 114, 121, 52, 47, 46, 39, 51, 68, 45, 49, 56, 57, 38, 83, 44, 103, 62, 60, 89, 70, 69, 59, 79, 80, 72, 86, 66, 73, 65, 31, 30, 11, 24, 100, 96, 98, 84, 87, 82, 81, 104, 88, 95, 23, 5, 4, 3, 21, 22, 20, 19, 35, 34, 37, 33]","[33, 37, 34, 35, 19, 20, 22, 21, 3, 4, 5, 23, 95, 88, 104, 81, 82, 87, 84, 98, 96, 100, 24, 11, 30, 31, 65, 73, 66, 86, 72, 80, 79, 59, 69, 70, 89, 60, 62, 103, 44, 83, 38, 57, 56, 49, 45, 68, 51, 39, 46, 47, 52, 121, 114, 120, 101, 0, 2, 1, 6, 107, 115, 106, 108, 111, 9, 110, 148, 112, 27, 41, 43, 15, 8, 29, 119, 92, 55, 117, 53, 77, 75, 90, 142, 141, 123, 124, 125, 50, 126, 64, 91, 127, 94, 63, 128, 97, 76, 74, 54, 129, 131, 130, 132, 7, 25, 143, 40, 42, 133, 85, 93, 48, 61, 67, 78, 109, 134, 58, 71, 12, 147, 146, 145, 10, 144]",False,complete,127,127,8128,0,2116,0,2116,2000,,False,,,,,,,2,94,23,94,23,23,23,23
2,10464,13,24,125,"[10, 13, 14, 16, 17, 18, 26, 28, 32, 36, 99, 102, 105, 116, 118, 122, 135, 136, 137, 138, 139, 140, 144, 149]","[0, 1, 2, 3, 4, 5, 6, 7, 8, 9, 11, 12, 15, 19, 20, 21, 22, 23, 24, 25, 27, 29, 30, 31, 33, 34, 35, 37, 38, 39, 40, 41, 42, 43, 44, 45, 46, 47, 48, 49, 50, 51, 52, 53, 54, 55, 56, 57, 58, 59, 60, 61, 62, 63, 64, 65, 66, 67, 68, 69, 70, 71, 72, 73, 74, 75, 76, 77, 78, 79, 80, 81, 82, 83, 84, 85, 86, 87, 88, 89, 90, 91, 92, 93, 94, 95, 96, 97, 98, 100, 101, 103, 104, 106, 107, 108, 109, 110, 111, 112, 114, 115, 117, 119, 120, 121, 123, 124, 125, 126, 127, 128, 129, 130, 131, 132, 133, 134, 141, 142, 143, 145, 146, 147, 148]",{},[],0,"[122, 17, 18, 32, 137, 138, 139, 140, 13, 14, 118, 116, 136, 16, 36, 135, 28, 26, 105, 99, 149, 102, 144, 10, 145, 146, 147, 12, 71, 58, 134, 109, 78, 67, 48, 61, 85, 93, 133, 40, 42, 143, 25, 7, 131, 130, 132, 129, 54, 76, 74, 97, 128, 63, 94, 127, 91, 64, 126, 50, 125, 124, 123, 141, 142, 119, 117, 90, 77, 53, 55, 75, 92, 27, 29, 8, 15, 41, 43, 112, 148, 110, 9, 111, 108, 106, 115, 107, 6, 1, 2, 0, 101, 120, 114, 121, 52, 47, 46, 39, 51, 68, 45, 49, 56, 57, 38, 83, 44, 103, 62, 60, 89, 70, 69, 59, 79, 80, 72, 86, 66, 73, 65, 31, 30, 24, 11, 100, 96, 98, 84, 87, 82, 81, 104, 88, 95, 23, 5, 4, 3, 21, 22, 20, 19, 35, 34, 37, 33]",True,63299221665,63.299221665,"[145, 147, 146, 12, 58, 71, 134, 109, 61, 67, 48, 148, 133, 143, 7, 129, 130, 74, 128, 23, 31, 127, 91, 126, 125, 44, 131, 132, 54, 21, 142, 141, 53, 47, 15, 112, 78, 93, 85, 76, 110, 9, 63, 89, 64, 124, 123, 117, 75, 90, 92, 55, 119, 77, 29, 41, 27, 8, 43, 111, 108, 106, 115, 107, 6, 1, 2, 0, 114, 120, 121, 101, 42, 83, 104, 30, 97, 11, 100, 96, 98, 40, 5, 25, 24, 4, 3, 22, 20, 19, 35, 37, 84, 73, 34, 39, 46, 52, 50, 51, 68, 66, 86, 82, 103, 95, 88, 70, 60, 87, 81, 94, 65, 62, 49, 45, 56, 38, 57, 33, 59, 72, 79, 69, 80]","[80, 69, 79, 72, 59, 33, 57, 38, 56, 45, 49, 62, 65, 94, 81, 87, 60, 70, 88, 95, 103, 82, 86, 66, 68, 51, 50, 52, 46, 39, 34, 73, 84, 37, 35, 19, 20, 22, 3, 4, 24, 25, 5, 40, 98, 96, 100, 11, 97, 30, 104, 83, 42, 101, 121, 120, 114, 0, 2, 1, 6, 107, 115, 106, 108, 111, 43, 8, 27, 41, 29, 77, 119, 55, 92, 90, 75, 117, 123, 124, 64, 89, 63, 9, 110, 76, 85, 93, 78, 112, 15, 47, 53, 141, 142, 21, 54, 132, 131, 44, 125, 126, 91, 127, 31, 23, 128, 74, 130, 129, 7, 143, 133, 148, 48, 67, 61, 109, 134, 71, 58, 12, 146, 147, 145]",False,complete,180,180,9647,0,5400,31,5369,2000,,False,,,,,,,2,137,22,137,22,22,22,22
2,10465,14,26,123,"[10, 13, 14, 16, 17, 18, 26, 28, 32, 36, 99, 102, 105, 116, 118, 122, 135, 136, 137, 138, 139, 140, 144, 145, 146, 149]","[0, 1, 2, 3, 4, 5, 6, 7, 8, 9, 11, 12, 15, 19, 20, 21, 22, 23, 24, 25, 27, 29, 30, 31, 33, 34, 35, 37, 38, 39, 40, 41, 42, 43, 44, 45, 46, 47, 48, 49, 50, 51, 52, 53, 54, 55, 56, 57, 58, 59, 60, 61, 62, 63, 64, 65, 66, 67, 68, 69, 70, 71, 72, 73, 74, 75, 76, 77, 78, 79, 80, 81, 82, 83, 84, 85, 86, 87, 88, 89, 90, 91, 92, 93, 94, 95, 96, 97, 98, 100, 101, 103, 104, 106, 107, 108, 109, 110, 111, 112, 114, 115, 117, 119, 120, 121, 123, 124, 125, 126, 127, 128, 129, 130, 131, 132, 133, 134, 141, 142, 143, 147, 148]",{},[],0,"[122, 17, 18, 32, 137, 138, 139, 140, 13, 14, 118, 116, 136, 16, 36, 135, 28, 26, 105, 99, 149, 102, 144, 10, 145, 146, 147, 12, 71, 58, 134, 109, 78, 67, 48, 61, 85, 93, 133, 40, 42, 143, 25, 7, 131, 130, 132, 129, 54, 76, 74, 97, 128, 63, 94, 127, 91, 64, 126, 50, 125, 124, 123, 141, 142, 119, 117, 90, 77, 53, 55, 75, 92, 27, 29, 8, 15, 41, 43, 112, 148, 110, 9, 111, 108, 106, 115, 107, 6, 1, 2, 0, 101, 120, 114, 121, 52, 47, 46, 39, 51, 68, 45, 49, 56, 57, 38, 83, 44, 103, 62, 60, 89, 70, 69, 59, 79, 80, 72, 86, 66, 73, 65, 31, 30, 24, 11, 100, 96, 98, 84, 87, 82, 81, 104, 88, 95, 23, 5, 4, 3, 21, 22, 20, 19, 35, 34, 37, 33]",True,30587682002,30.587682002,"[147, 12, 58, 71, 134, 109, 78, 48, 61, 67, 85, 93, 133, 42, 40, 143, 25, 7, 129, 131, 130, 132, 74, 54, 76, 97, 128, 63, 94, 127, 89, 64, 126, 50, 125, 124, 123, 141, 142, 117, 53, 92, 55, 90, 119, 75, 77, 27, 29, 43, 41, 8, 15, 112, 148, 110, 9, 111, 108, 106, 115, 107, 6, 1, 2, 0, 101, 120, 114, 121, 52, 47, 46, 39, 51, 68, 45, 49, 56, 57, 38, 83, 44, 104, 62, 60, 91, 70, 69, 59, 79, 80, 72, 86, 66, 73, 65, 23, 5, 4, 21, 22, 20, 35, 34, 37, 33, 19, 100, 96, 98, 24, 30, 11, 31, 3, 84, 87, 82, 81, 103, 88, 95]","[95, 88, 103, 81, 82, 87, 84, 3, 31, 11, 30, 24, 98, 96, 100, 19, 33, 37, 34, 35, 20, 22, 21, 4, 5, 23, 65, 73, 66, 86, 72, 80, 79, 59, 69, 70, 91, 60, 62, 104, 44, 83, 38, 57, 56, 49, 45, 68, 51, 39, 46, 47, 52, 121, 114, 120, 101, 0, 2, 1, 6, 107, 115, 106, 108, 111, 9, 110, 148, 112, 15, 8, 41, 43, 29, 27, 77, 75, 119, 90, 55, 92, 53, 117, 142, 141, 123, 124, 125, 50, 126, 64, 89, 127, 94, 63, 128, 97, 76, 54, 74, 132, 130, 131, 129, 7, 25, 143, 40, 42, 133, 93, 85, 67, 61, 48, 78, 109, 134, 71, 58, 12, 147]",False,complete,124,124,7637,0,2198,1,2197,2000,,False,,,,,,,2,105,24,105,24,24,24,24
2,10466,15,28,121,"[10, 12, 13, 14, 16, 17, 18, 26, 28, 32, 36, 99, 102, 105, 116, 118, 122, 135, 136, 137, 138, 139, 140, 144, 145, 146, 147, 149]","[0, 1, 2, 3, 4, 5, 6, 7, 8, 9, 11, 15, 19, 20, 21, 22, 23, 24, 25, 27, 29, 30, 31, 33, 34, 35, 37, 38, 39, 40, 41, 42, 43, 44, 45, 46, 47, 48, 49, 50, 51, 52, 53, 54, 55, 56, 57, 58, 59, 60, 61, 62, 63, 64, 65, 66, 67, 68, 69, 70, 71, 72, 73, 74, 75, 76, 77, 78, 79, 80, 81, 82, 83, 84, 85, 86, 87, 88, 89, 90, 91, 92, 93, 94, 95, 96, 97, 98, 100, 101, 103, 104, 106, 107, 108, 109, 110, 111, 112, 114, 115, 117, 119, 120, 121, 123, 124, 125, 126, 127, 128, 129, 130, 131, 132, 133, 134, 141, 142, 143, 148]",{},[],0,"[122, 17, 18, 32, 137, 138, 139, 140, 13, 14, 118, 116, 136, 16, 36, 135, 28, 26, 105, 99, 149, 102, 144, 10, 145, 146, 147, 12, 71, 58, 134, 109, 78, 67, 48, 61, 85, 93, 133, 40, 42, 143, 25, 7, 131, 130, 132, 129, 54, 76, 74, 97, 128, 63, 94, 127, 91, 64, 126, 50, 125, 124, 123, 141, 142, 119, 117, 90, 77, 53, 55, 75, 92, 27, 29, 8, 15, 41, 43, 112, 148, 110, 9, 111, 108, 106, 115, 107, 6, 1, 2, 0, 101, 120, 114, 121, 52, 47, 46, 39, 51, 68, 45, 49, 56, 57, 38, 83, 44, 103, 62, 60, 89, 70, 69, 59, 79, 80, 72, 86, 66, 73, 65, 31, 30, 24, 11, 100, 96, 98, 84, 87, 82, 81, 104, 88, 95, 23, 5, 4, 3, 21, 22, 20, 19, 35, 34, 37, 33]",True,59680434257,59.680434257,"[58, 71, 134, 109, 48, 61, 112, 85, 78, 133, 7, 93, 132, 130, 131, 129, 74, 76, 97, 128, 94, 50, 124, 126, 37, 143, 127, 91, 42, 21, 125, 57, 123, 148, 6, 141, 142, 119, 117, 67, 1, 2, 54, 110, 9, 64, 53, 77, 90, 55, 92, 75, 27, 29, 8, 15, 0, 43, 41, 111, 108, 106, 115, 107, 101, 120, 114, 121, 40, 35, 34, 63, 25, 5, 20, 22, 4, 23, 3, 100, 96, 98, 11, 30, 31, 52, 39, 83, 47, 46, 56, 38, 33, 51, 49, 45, 68, 44, 24, 19, 104, 84, 70, 60, 62, 59, 89, 73, 66, 69, 79, 72, 80, 65, 86, 87, 82, 81, 103, 88, 95]","[95, 88, 103, 81, 82, 87, 86, 65, 80, 72, 79, 69, 66, 73, 89, 59, 62, 60, 70, 84, 104, 19, 24, 44, 68, 45, 49, 51, 33, 38, 56, 46, 47, 83, 39, 52, 31, 30, 11, 98, 96, 100, 3, 23, 4, 22, 20, 5, 25, 63, 34, 35, 40, 121, 114, 120, 101, 107, 115, 106, 108, 111, 41, 43, 0, 15, 8, 29, 27, 75, 92, 55, 90, 77, 53, 64, 9, 110, 54, 2, 1, 67, 117, 119, 142, 141, 6, 148, 123, 57, 125, 21, 42, 91, 127, 143, 37, 126, 124, 50, 94, 128, 97, 76, 74, 129, 131, 130, 132, 93, 7, 133, 78, 85, 112, 61, 48, 109, 134, 71, 58]",False,complete,197,197,9309,0,5710,149,5561,2000,,False,,,,,,,2,126,23,126,23,23,23,23
2,10467,16,30,119,"[10, 12, 13, 14, 16, 17, 18, 26, 28, 32, 36, 58, 71, 99, 102, 105, 116, 118, 122, 135, 136, 137, 138, 139, 140, 144, 145, 146, 147, 149]","[0, 1, 2, 3, 4, 5, 6, 7, 8, 9, 11, 15, 19, 20, 21, 22, 23, 24, 25, 27, 29, 30, 31, 33, 34, 35, 37, 38, 39, 40, 41, 42, 43, 44, 45, 46, 47, 48, 49, 50, 51, 52, 53, 54, 55, 56, 57, 59, 60, 61, 62, 63, 64, 65, 66, 67, 68, 69, 70, 72, 73, 74, 75, 76, 77, 78, 79, 80, 81, 82, 83, 84, 85, 86, 87, 88, 89, 90, 91, 92, 93, 94, 95, 96, 97, 98, 100, 101, 103, 104, 106, 107, 108, 109, 110, 111, 112, 114, 115, 117, 119, 120, 121, 123, 124, 125, 126, 127, 128, 129, 130, 131, 132, 133, 134, 141, 142, 143, 148]",{},[],0,"[122, 17, 18, 32, 137, 138, 139, 140, 13, 14, 118, 116, 136, 16, 36, 135, 28, 26, 105, 99, 149, 102, 144, 10, 145, 146, 147, 12, 71, 58, 134, 109, 78, 67, 48, 61, 85, 93, 133, 40, 42, 143, 25, 7, 131, 130, 132, 129, 54, 76, 74, 97, 128, 63, 94, 127, 91, 64, 126, 50, 125, 124, 123, 141, 142, 119, 117, 90, 77, 53, 55, 75, 92, 27, 29, 8, 15, 41, 43, 112, 148, 110, 9, 111, 108, 106, 115, 107, 6, 1, 2, 0, 101, 120, 114, 121, 52, 47, 46, 39, 51, 68, 45, 49, 56, 57, 38, 83, 44, 103, 62, 60, 89, 70, 69, 59, 79, 80, 72, 86, 66, 73, 65, 31, 30, 24, 11, 100, 96, 98, 84, 87, 82, 81, 104, 88, 95, 23, 5, 4, 3, 21, 22, 20, 19, 35, 34, 37, 33]",True,52060399687,52.060399687,"[134, 109, 61, 48, 112, 85, 78, 133, 7, 93, 129, 132, 130, 131, 74, 76, 97, 128, 94, 50, 124, 126, 37, 143, 127, 89, 35, 91, 125, 103, 141, 142, 15, 123, 43, 29, 119, 117, 8, 148, 115, 110, 108, 9, 111, 27, 107, 114, 40, 54, 64, 77, 53, 90, 55, 92, 75, 41, 121, 63, 120, 101, 21, 106, 47, 6, 1, 2, 0, 42, 34, 39, 46, 51, 52, 33, 57, 56, 49, 45, 62, 67, 38, 83, 44, 68, 60, 70, 69, 59, 79, 80, 72, 86, 66, 73, 65, 25, 5, 20, 22, 4, 23, 3, 100, 96, 98, 11, 30, 31, 24, 19, 84, 82, 87, 81, 104, 88, 95]","[95, 88, 104, 81, 87, 82, 84, 19, 24, 31, 30, 11, 98, 96, 100, 3, 23, 4, 22, 20, 5, 25, 65, 73, 66, 86, 72, 80, 79, 59, 69, 70, 60, 68, 44, 83, 38, 67, 62, 45, 49, 56, 57, 33, 52, 51, 46, 39, 34, 42, 0, 2, 1, 6, 47, 106, 21, 101, 120, 63, 121, 41, 75, 92, 55, 90, 53, 77, 64, 54, 40, 114, 107, 27, 111, 9, 108, 110, 115, 148, 8, 117, 119, 29, 43, 123, 15, 142, 141, 103, 125, 91, 35, 89, 127, 143, 37, 126, 124, 50, 94, 128, 97, 76, 74, 131, 130, 132, 129, 93, 7, 133, 78, 85, 112, 48, 61, 109, 134]",False,complete,141,141,7923,0,4090,15,4075,2000,,False,,,,,,,2,114,23,114,23,23,23,23
2,10468,17,32,117,"[10, 12, 13, 14, 16, 17, 18, 26, 28, 32, 36, 58, 71, 99, 102, 105, 109, 116, 118, 122, 134, 135, 136, 137, 138, 139, 140, 144, 145, 146, 147, 149]","[0, 1, 2, 3, 4, 5, 6, 7, 8, 9, 11, 15, 19, 20, 21, 22, 23, 24, 25, 27, 29, 30, 31, 33, 34, 35, 37, 38, 39, 40, 41, 42, 43, 44, 45, 46, 47, 48, 49, 50, 51, 52, 53, 54, 55, 56, 57, 59, 60, 61, 62, 63, 64, 65, 66, 67, 68, 69, 70, 72, 73, 74, 75, 76, 77, 78, 79, 80, 81, 82, 83, 84, 85, 86, 87, 88, 89, 90, 91, 92, 93, 94, 95, 96, 97, 98, 100, 101, 103, 104, 106, 107, 108, 110, 111, 112, 114, 115, 117, 119, 120, 121, 123, 124, 125, 126, 127, 128, 129, 130, 131, 132, 133, 141, 142, 143, 148]",{},[],0,"[122, 17, 18, 32, 137, 138, 139, 140, 13, 14, 118, 116, 136, 16, 36, 135, 28, 26, 105, 99, 149, 102, 144, 10, 145, 146, 147, 12, 71, 58, 134, 109, 78, 67, 48, 61, 85, 93, 133, 40, 42, 143, 25, 7, 131, 130, 132, 129, 54, 76, 74, 97, 128, 63, 94, 127, 91, 64, 126, 50, 125, 124, 123, 141, 142, 119, 117, 90, 77, 53, 55, 75, 92, 27, 29, 8, 15, 41, 43, 112, 148, 110, 9, 111, 108, 106, 115, 107, 6, 1, 2, 0, 101, 120, 114, 121, 52, 47, 46, 39, 51, 68, 45, 49, 56, 57, 38, 83, 44, 103, 62, 60, 89, 70, 69, 59, 79, 80, 72, 86, 66, 73, 65, 31, 30, 24, 11, 100, 96, 98, 84, 87, 82, 81, 104, 88, 95, 23, 5, 4, 3, 21, 22, 20, 19, 35, 34, 37, 33]",True,30154844890,30.154844890,"[78, 67, 48, 61, 85, 93, 133, 40, 42, 143, 25, 7, 130, 131, 129, 132, 54, 76, 74, 97, 128, 63, 94, 127, 89, 64, 126, 50, 125, 124, 123, 141, 142, 90, 92, 77, 117, 55, 75, 53, 119, 8, 43, 27, 41, 29, 15, 112, 148, 110, 9, 111, 108, 106, 115, 107, 6, 1, 2, 0, 101, 120, 114, 121, 52, 47, 46, 39, 51, 68, 45, 49, 56, 57, 38, 83, 44, 104, 62, 60, 91, 70, 69, 59, 79, 80, 72, 86, 66, 73, 65, 23, 5, 4, 21, 22, 20, 35, 34, 37, 33, 19, 100, 96, 98, 24, 30, 11, 31, 3, 84, 87, 82, 81, 103, 88, 95]","[95, 88, 103, 81, 82, 87, 84, 3, 31, 11, 30, 24, 98, 96, 100, 19, 33, 37, 34, 35, 20, 22, 21, 4, 5, 23, 65, 73, 66, 86, 72, 80, 79, 59, 69, 70, 91, 60, 62, 104, 44, 83, 38, 57, 56, 49, 45, 68, 51, 39, 46, 47, 52, 121, 114, 120, 101, 0, 2, 1, 6, 107, 115, 106, 108, 111, 9, 110, 148, 112, 15, 29, 41, 27, 43, 8, 119, 53, 75, 55, 117, 77, 92, 90, 142, 141, 123, 124, 125, 50, 126, 64, 89, 127, 94, 63, 128, 97, 74, 76, 54, 132, 129, 131, 130, 7, 25, 143, 42, 40, 133, 93, 85, 61, 48, 67, 78]",False,complete,118,118,6914,0,2181,1,2180,2000,,False,,,,,,,2,105,24,105,24,24,24,24
2,10469,18,34,115,"[10, 12, 13, 14, 16, 17, 18, 26, 28, 32, 36, 58, 67, 71, 78, 99, 102, 105, 109, 116, 118, 122, 134, 135, 136, 137, 138, 139, 140, 144, 145, 146, 147, 149]","[0, 1, 2, 3, 4, 5, 6, 7, 8, 9, 11, 15, 19, 20, 21, 22, 23, 24, 25, 27, 29, 30, 31, 33, 34, 35, 37, 38, 39, 40, 41, 42, 43, 44, 45, 46, 47, 48, 49, 50, 51, 52, 53, 54, 55, 56, 57, 59, 60, 61, 62, 63, 64, 65, 66, 68, 69, 70, 72, 73, 74, 75, 76, 77, 79, 80, 81, 82, 83, 84, 85, 86, 87, 88, 89, 90, 91, 92, 93, 94, 95, 96, 97, 98, 100, 101, 103, 104, 106, 107, 108, 110, 111, 112, 114, 115, 117, 119, 120, 121, 123, 124, 125, 126, 127, 128, 129, 130, 131, 132, 133, 141, 142, 143, 148]",{},[],0,"[122, 17, 18, 32, 137, 138, 139, 140, 13, 14, 118, 116, 136, 16, 36, 135, 28, 26, 105, 99, 149, 102, 144, 10, 145, 146, 147, 12, 71, 58, 134, 109, 78, 67, 48, 61, 85, 93, 133, 40, 42, 143, 25, 7, 131, 130, 132, 129, 54, 76, 74, 97, 128, 63, 94, 127, 91, 64, 126, 50, 125, 124, 123, 141, 142, 119, 117, 90, 77, 53, 55, 75, 92, 27, 29, 8, 15, 41, 43, 112, 148, 110, 9, 111, 108, 106, 115, 107, 6, 1, 2, 0, 101, 120, 114, 121, 52, 47, 46, 39, 51, 68, 45, 49, 56, 57, 38, 83, 44, 103, 62, 60, 89, 70, 69, 59, 79, 80, 72, 86, 66, 73, 65, 31, 30, 24, 11, 100, 96, 98, 84, 87, 82, 81, 104, 88, 95, 23, 5, 4, 3, 21, 22, 20, 19, 35, 34, 37, 33]",True,29402203944,29.402203944,"[61, 48, 93, 85, 133, 40, 42, 143, 25, 7, 130, 132, 131, 129, 76, 52, 74, 97, 128, 63, 94, 127, 89, 64, 126, 50, 125, 124, 123, 141, 142, 119, 90, 77, 53, 117, 55, 92, 75, 29, 41, 15, 27, 43, 8, 112, 148, 110, 9, 111, 108, 106, 115, 107, 6, 1, 2, 0, 114, 120, 121, 101, 54, 47, 46, 39, 51, 68, 45, 49, 56, 57, 38, 83, 44, 104, 62, 60, 91, 70, 69, 59, 79, 80, 72, 86, 66, 73, 65, 23, 5, 4, 21, 22, 20, 35, 34, 37, 33, 3, 100, 96, 98, 11, 30, 31, 24, 19, 84, 87, 82, 81, 103, 88, 95]","[95, 88, 103, 81, 82, 87, 84, 19, 24, 31, 30, 11, 98, 96, 100, 3, 33, 37, 34, 35, 20, 22, 21, 4, 5, 23, 65, 73, 66, 86, 72, 80, 79, 59, 69, 70, 91, 60, 62, 104, 44, 83, 38, 57, 56, 49, 45, 68, 51, 39, 46, 47, 54, 101, 121, 120, 114, 0, 2, 1, 6, 107, 115, 106, 108, 111, 9, 110, 148, 112, 8, 43, 27, 15, 41, 29, 75, 92, 55, 117, 53, 77, 90, 119, 142, 141, 123, 124, 125, 50, 126, 64, 89, 127, 94, 63, 128, 97, 74, 52, 76, 129, 131, 132, 130, 7, 25, 143, 42, 40, 133, 85, 93, 48, 61]",False,complete,116,116,6681,0,2173,1,2172,2000,,False,,,,,,,2,104,24,104,24,24,24,24
2,10470,19,36,113,"[10, 12, 13, 14, 16, 17, 18, 26, 28, 32, 36, 48, 58, 61, 67, 71, 78, 99, 102, 105, 109, 116, 118, 122, 134, 135, 136, 137, 138, 139, 140, 144, 145, 146, 147, 149]","[0, 1, 2, 3, 4, 5, 6, 7, 8, 9, 11, 15, 19, 20, 21, 22, 23, 24, 25, 27, 29, 30, 31, 33, 34, 35, 37, 38, 39, 40, 41, 42, 43, 44, 45, 46, 47, 49, 50, 51, 52, 53, 54, 55, 56, 57, 59, 60, 62, 63, 64, 65, 66, 68, 69, 70, 72, 73, 74, 75, 76, 77, 79, 80, 81, 82, 83, 84, 85, 86, 87, 88, 89, 90, 91, 92, 93, 94, 95, 96, 97, 98, 100, 101, 103, 104, 106, 107, 108, 110, 111, 112, 114, 115, 117, 119, 120, 121, 123, 124, 125, 126, 127, 128, 129, 130, 131, 132, 133, 141, 142, 143, 148]",{},[],0,"[122, 17, 18, 32, 137, 138, 139, 140, 13, 14, 118, 116, 136, 16, 36, 135, 28, 26, 105, 99, 149, 102, 144, 10, 145, 146, 147, 12, 71, 58, 134, 109, 78, 67, 48, 61, 85, 93, 133, 40, 42, 143, 25, 7, 131, 130, 132, 129, 54, 76, 74, 97, 128, 63, 94, 127, 91, 64, 126, 50, 125, 124, 123, 141, 142, 119, 117, 90, 77, 53, 55, 75, 92, 27, 29, 8, 15, 41, 43, 112, 148, 110, 9, 111, 108, 106, 115, 107, 6, 1, 2, 0, 101, 120, 114, 121, 52, 47, 46, 39, 51, 68, 45, 49, 56, 57, 38, 83, 44, 103, 62, 60, 89, 70, 69, 59, 79, 80, 72, 86, 66, 73, 65, 31, 30, 24, 11, 100, 96, 98, 84, 87, 82, 81, 104, 88, 95, 23, 5, 4, 3, 21, 22, 20, 19, 35, 34, 37, 33]",True,29287801007,29.287801007,"[85, 93, 133, 42, 40, 143, 25, 7, 130, 132, 129, 131, 54, 74, 76, 97, 128, 63, 94, 127, 89, 64, 126, 50, 125, 124, 123, 142, 141, 117, 119, 75, 90, 55, 53, 77, 92, 29, 8, 41, 15, 43, 27, 112, 148, 110, 9, 111, 108, 106, 115, 107, 6, 1, 2, 0, 101, 120, 114, 121, 52, 47, 46, 39, 51, 68, 45, 49, 56, 57, 38, 83, 44, 103, 62, 60, 91, 70, 69, 59, 79, 80, 72, 86, 66, 73, 65, 31, 30, 11, 24, 100, 96, 98, 84, 82, 87, 81, 104, 88, 95, 23, 5, 4, 3, 21, 22, 20, 19, 35, 34, 37, 33]","[33, 37, 34, 35, 19, 20, 22, 21, 3, 4, 5, 23, 95, 88, 104, 81, 87, 82, 84, 98, 96, 100, 24, 11, 30, 31, 65, 73, 66, 86, 72, 80, 79, 59, 69, 70, 91, 60, 62, 103, 44, 83, 38, 57, 56, 49, 45, 68, 51, 39, 46, 47, 52, 121, 114, 120, 101, 0, 2, 1, 6, 107, 115, 106, 108, 111, 9, 110, 148, 112, 27, 43, 15, 41, 8, 29, 92, 77, 53, 55, 90, 75, 119, 117, 141, 142, 123, 124, 125, 50, 126, 64, 89, 127, 94, 63, 128, 97, 76, 74, 54, 131, 129, 132, 130, 7, 25, 143, 40, 42, 133, 93, 85]",False,complete,113,113,6441,0,2082,0,2082,2000,,False,,,,,,,2,94,23,94,23,23,23,23
2,10471,20,38,111,"[10, 12, 13, 14, 16, 17, 18, 26, 28, 32, 36, 48, 58, 61, 67, 71, 78, 85, 93, 99, 102, 105, 109, 116, 118, 122, 134, 135, 136, 137, 138, 139, 140, 144, 145, 146, 147, 149]","[0, 1, 2, 3, 4, 5, 6, 7, 8, 9, 11, 15, 19, 20, 21, 22, 23, 24, 25, 27, 29, 30, 31, 33, 34, 35, 37, 38, 39, 40, 41, 42, 43, 44, 45, 46, 47, 49, 50, 51, 52, 53, 54, 55, 56, 57, 59, 60, 62, 63, 64, 65, 66, 68, 69, 70, 72, 73, 74, 75, 76, 77, 79, 80, 81, 82, 83, 84, 86, 87, 88, 89, 90, 91, 92, 94, 95, 96, 97, 98, 100, 101, 103, 104, 106, 107, 108, 110, 111, 112, 114, 115, 117, 119, 120, 121, 123, 124, 125, 126, 127, 128, 129, 130, 131, 132, 133, 141, 142, 143, 148]",{},[],0,"[122, 17, 18, 32, 137, 138, 139, 140, 13, 14, 118, 116, 136, 16, 36, 135, 28, 26, 105, 99, 149, 102, 144, 10, 145, 146, 147, 12, 71, 58, 134, 109, 78, 67, 48, 61, 85, 93, 133, 40, 42, 143, 25, 7, 131, 130, 132, 129, 54, 76, 74, 97, 128, 63, 94, 127, 91, 64, 126, 50, 125, 124, 123, 141, 142, 119, 117, 90, 77, 53, 55, 75, 92, 27, 29, 8, 15, 41, 43, 112, 148, 110, 9, 111, 108, 106, 115, 107, 6, 1, 2, 0, 101, 120, 114, 121, 52, 47, 46, 39, 51, 68, 45, 49, 56, 57, 38, 83, 44, 103, 62, 60, 89, 70, 69, 59, 79, 80, 72, 86, 66, 73, 65, 31, 30, 24, 11, 100, 96, 98, 84, 87, 82, 81, 104, 88, 95, 23, 5, 4, 3, 21, 22, 20, 19, 35, 34, 37, 33]",True,28883531816,28.883531816,"[133, 42, 40, 143, 25, 7, 131, 129, 132, 130, 76, 74, 54, 97, 128, 63, 94, 127, 89, 64, 126, 50, 125, 124, 123, 141, 142, 55, 117, 90, 75, 119, 92, 77, 53, 41, 27, 29, 15, 8, 43, 112, 148, 110, 9, 111, 108, 106, 115, 107, 6, 1, 2, 0, 101, 120, 114, 121, 52, 47, 46, 39, 51, 68, 45, 49, 56, 57, 38, 83, 44, 103, 62, 60, 91, 70, 69, 59, 79, 80, 72, 86, 66, 73, 65, 23, 5, 4, 21, 22, 20, 35, 34, 37, 33, 19, 100, 96, 98, 24, 30, 11, 31, 3, 84, 82, 87, 81, 104, 88, 95]","[95, 88, 104, 81, 87, 82, 84, 3, 31, 11, 30, 24, 98, 96, 100, 19, 33, 37, 34, 35, 20, 22, 21, 4, 5, 23, 65, 73, 66, 86, 72, 80, 79, 59, 69, 70, 91, 60, 62, 103, 44, 83, 38, 57, 56, 49, 45, 68, 51, 39, 46, 47, 52, 121, 114, 120, 101, 0, 2, 1, 6, 107, 115, 106, 108, 111, 9, 110, 148, 112, 43, 8, 15, 29, 27, 41, 53, 77, 92, 119, 75, 90, 117, 55, 142, 141, 123, 124, 125, 50, 126, 64, 89, 127, 94, 63, 128, 97, 54, 74, 76, 130, 132, 129, 131, 7, 25, 143, 40, 42, 133]",False,complete,112,112,6227,0,2165,1,2164,2000,,False,,,,,,,2,105,24,105,24,24,24,24
2,10472,21,40,109,"[10, 12, 13, 14, 16, 17, 18, 26, 28, 32, 36, 40, 48, 58, 61, 67, 71, 78, 85, 93, 99, 102, 105, 109, 116, 118, 122, 133, 134, 135, 136, 137, 138, 139, 140, 144, 145, 146, 147, 149]","[0, 1, 2, 3, 4, 5, 6, 7, 8, 9, 11, 15, 19, 20, 21, 22, 23, 24, 25, 27, 29, 30, 31, 33, 34, 35, 37, 38, 39, 41, 42, 43, 44, 45, 46, 47, 49, 50, 51, 52, 53, 54, 55, 56, 57, 59, 60, 62, 63, 64, 65, 66, 68, 69, 70, 72, 73, 74, 75, 76, 77, 79, 80, 81, 82, 83, 84, 86, 87, 88, 89, 90, 91, 92, 94, 95, 96, 97, 98, 100, 101, 103, 104, 106, 107, 108, 110, 111, 112, 114, 115, 117, 119, 120, 121, 123, 124, 125, 126, 127, 128, 129, 130, 131, 132, 141, 142, 143, 148]",{},[],0,"[122, 17, 18, 32, 137, 138, 139, 140, 13, 14, 118, 116, 136, 16, 36, 135, 28, 26, 105, 99, 149, 102, 144, 10, 145, 146, 147, 12, 71, 58, 134, 109, 78, 67, 48, 61, 85, 93, 133, 40, 42, 143, 25, 7, 131, 130, 132, 129, 54, 76, 74, 97, 128, 63, 94, 127, 91, 64, 126, 50, 125, 124, 123, 141, 142, 119, 117, 90, 77, 53, 55, 75, 92, 27, 29, 8, 15, 41, 43, 112, 148, 110, 9, 111, 108, 106, 115, 107, 6, 1, 2, 0, 101, 120, 114, 121, 52, 47, 46, 39, 51, 68, 45, 49, 56, 57, 38, 83, 44, 103, 62, 60, 89, 70, 69, 59, 79, 80, 72, 86, 66, 73, 65, 31, 30, 24, 11, 100, 96, 98, 84, 87, 82, 81, 104, 88, 95, 23, 5, 4, 3, 21, 22, 20, 19, 35, 34, 37, 33]",True,28777873952,28.777873952,"[42, 143, 25, 7, 132, 130, 131, 129, 54, 74, 76, 97, 128, 63, 94, 127, 91, 64, 126, 50, 125, 124, 123, 142, 141, 117, 119, 55, 77, 90, 53, 75, 92, 43, 29, 27, 41, 15, 8, 112, 148, 110, 9, 111, 108, 106, 115, 107, 6, 1, 2, 0, 101, 120, 114, 121, 52, 47, 46, 39, 51, 68, 45, 49, 56, 57, 38, 83, 44, 104, 62, 60, 89, 70, 69, 59, 79, 80, 72, 86, 66, 73, 65, 23, 5, 4, 21, 22, 20, 35, 34, 37, 33, 19, 100, 96, 98, 24, 30, 11, 31, 3, 84, 82, 87, 81, 103, 88, 95]","[95, 88, 103, 81, 87, 82, 84, 3, 31, 11, 30, 24, 98, 96, 100, 19, 33, 37, 34, 35, 20, 22, 21, 4, 5, 23, 65, 73, 66, 86, 72, 80, 79, 59, 69, 70, 89, 60, 62, 104, 44, 83, 38, 57, 56, 49, 45, 68, 51, 39, 46, 47, 52, 121, 114, 120, 101, 0, 2, 1, 6, 107, 115, 106, 108, 111, 9, 110, 148, 112, 8, 15, 41, 27, 29, 43, 92, 75, 53, 90, 77, 55, 119, 117, 141, 142, 123, 124, 125, 50, 126, 64, 91, 127, 94, 63, 128, 97, 76, 74, 54, 129, 131, 130, 132, 7, 25, 143, 42]",False,complete,110,110,6006,0,2158,1,2157,2000,,False,,,,,,,2,105,24,105,24,24,24,24
2,10473,22,42,107,"[10, 12, 13, 14, 16, 17, 18, 26, 28, 32, 36, 40, 42, 48, 58, 61, 67, 71, 78, 85, 93, 99, 102, 105, 109, 116, 118, 122, 133, 134, 135, 136, 137, 138, 139, 140, 143, 144, 145, 146, 147, 149]","[0, 1, 2, 3, 4, 5, 6, 7, 8, 9, 11, 15, 19, 20, 21, 22, 23, 24, 25, 27, 29, 30, 31, 33, 34, 35, 37, 38, 39, 41, 43, 44, 45, 46, 47, 49, 50, 51, 52, 53, 54, 55, 56, 57, 59, 60, 62, 63, 64, 65, 66, 68, 69, 70, 72, 73, 74, 75, 76, 77, 79, 80, 81, 82, 83, 84, 86, 87, 88, 89, 90, 91, 92, 94, 95, 96, 97, 98, 100, 101, 103, 104, 106, 107, 108, 110, 111, 112, 114, 115, 117, 119, 120, 121, 123, 124, 125, 126, 127, 128, 129, 130, 131, 132, 141, 142, 148]",{},[],0,"[122, 17, 18, 32, 137, 138, 139, 140, 13, 14, 118, 116, 136, 16, 36, 135, 28, 26, 105, 99, 149, 102, 144, 10, 145, 146, 147, 12, 71, 58, 134, 109, 78, 67, 48, 61, 85, 93, 133, 40, 42, 143, 25, 7, 131, 130, 132, 129, 54, 76, 74, 97, 128, 63, 94, 127, 91, 64, 126, 50, 125, 124, 123, 141, 142, 119, 117, 90, 77, 53, 55, 75, 92, 27, 29, 8, 15, 41, 43, 112, 148, 110, 9, 111, 108, 106, 115, 107, 6, 1, 2, 0, 101, 120, 114, 121, 52, 47, 46, 39, 51, 68, 45, 49, 56, 57, 38, 83, 44, 103, 62, 60, 89, 70, 69, 59, 79, 80, 72, 86, 66, 73, 65, 31, 30, 24, 11, 100, 96, 98, 84, 87, 82, 81, 104, 88, 95, 23, 5, 4, 3, 21, 22, 20, 19, 35, 34, 37, 33]",True,28189015340,28.189015340,"[25, 7, 132, 130, 131, 129, 76, 52, 74, 97, 128, 63, 94, 127, 91, 64, 126, 50, 125, 124, 123, 141, 142, 55, 75, 53, 90, 117, 92, 77, 119, 8, 27, 43, 41, 15, 29, 112, 148, 110, 9, 111, 108, 106, 115, 107, 6, 1, 2, 0, 114, 120, 121, 101, 54, 47, 46, 39, 51, 68, 45, 49, 56, 57, 38, 83, 44, 104, 62, 60, 89, 70, 69, 59, 79, 80, 72, 86, 66, 73, 65, 23, 5, 4, 21, 22, 20, 35, 34, 37, 33, 19, 100, 96, 98, 24, 30, 11, 31, 3, 84, 87, 82, 81, 103, 88, 95]","[95, 88, 103, 81, 82, 87, 84, 3, 31, 11, 30, 24, 98, 96, 100, 19, 33, 37, 34, 35, 20, 22, 21, 4, 5, 23, 65, 73, 66, 86, 72, 80, 79, 59, 69, 70, 89, 60, 62, 104, 44, 83, 38, 57, 56, 49, 45, 68, 51, 39, 46, 47, 54, 101, 121, 120, 114, 0, 2, 1, 6, 107, 115, 106, 108, 111, 9, 110, 148, 112, 29, 15, 41, 43, 27, 8, 119, 77, 92, 117, 90, 53, 75, 55, 142, 141, 123, 124, 125, 50, 126, 64, 91, 127, 94, 63, 128, 97, 74, 52, 76, 129, 131, 130, 132, 7, 25]",False,complete,108,108,5789,0,2152,1,2151,2000,,False,,,,,,,2,105,24,105,24,24,24,24
2,10474,23,44,105,"[7, 10, 12, 13, 14, 16, 17, 18, 25, 26, 28, 32, 36, 40, 42, 48, 58, 61, 67, 71, 78, 85, 93, 99, 102, 105, 109, 116, 118, 122, 133, 134, 135, 136, 137, 138, 139, 140, 143, 144, 145, 146, 147, 149]","[0, 1, 2, 3, 4, 5, 6, 8, 9, 11, 15, 19, 20, 21, 22, 23, 24, 27, 29, 30, 31, 33, 34, 35, 37, 38, 39, 41, 43, 44, 45, 46, 47, 49, 50, 51, 52, 53, 54, 55, 56, 57, 59, 60, 62, 63, 64, 65, 66, 68, 69, 70, 72, 73, 74, 75, 76, 77, 79, 80, 81, 82, 83, 84, 86, 87, 88, 89, 90, 91, 92, 94, 95, 96, 97, 98, 100, 101, 103, 104, 106, 107, 108, 110, 111, 112, 114, 115, 117, 119, 120, 121, 123, 124, 125, 126, 127, 128, 129, 130, 131, 132, 141, 142, 148]",{},[],0,"[122, 17, 18, 32, 137, 138, 139, 140, 13, 14, 118, 116, 136, 16, 36, 135, 28, 26, 105, 99, 149, 102, 144, 10, 145, 146, 147, 12, 71, 58, 134, 109, 78, 67, 48, 61, 85, 93, 133, 40, 42, 143, 25, 7, 131, 130, 132, 129, 54, 76, 74, 97, 128, 63, 94, 127, 91, 64, 126, 50, 125, 124, 123, 141, 142, 119, 117, 90, 77, 53, 55, 75, 92, 27, 29, 8, 15, 41, 43, 112, 148, 110, 9, 111, 108, 106, 115, 107, 6, 1, 2, 0, 101, 120, 114, 121, 52, 47, 46, 39, 51, 68, 45, 49, 56, 57, 38, 83, 44, 103, 62, 60, 89, 70, 69, 59, 79, 80, 72, 86, 66, 73, 65, 31, 30, 24, 11, 100, 96, 98, 84, 87, 82, 81, 104, 88, 95, 23, 5, 4, 3, 21, 22, 20, 19, 35, 34, 37, 33]",True,28128149140,28.128149140,"[130, 132, 129, 131, 54, 74, 76, 97, 128, 63, 94, 127, 91, 64, 126, 50, 125, 124, 123, 142, 141, 55, 53, 75, 90, 77, 117, 119, 92, 29, 41, 27, 8, 15, 43, 112, 148, 110, 9, 111, 108, 106, 115, 107, 6, 1, 2, 0, 114, 120, 121, 101, 52, 47, 46, 39, 51, 68, 45, 49, 56, 57, 38, 83, 44, 103, 62, 60, 89, 70, 69, 59, 79, 80, 72, 86, 66, 73, 65, 23, 5, 4, 21, 22, 20, 35, 34, 37, 33, 3, 100, 96, 98, 11, 30, 31, 24, 19, 84, 82, 87, 81, 104, 88, 95]","[95, 88, 104, 81, 87, 82, 84, 19, 24, 31, 30, 11, 98, 96, 100, 3, 33, 37, 34, 35, 20, 22, 21, 4, 5, 23, 65, 73, 66, 86, 72, 80, 79, 59, 69, 70, 89, 60, 62, 103, 44, 83, 38, 57, 56, 49, 45, 68, 51, 39, 46, 47, 52, 101, 121, 120, 114, 0, 2, 1, 6, 107, 115, 106, 108, 111, 9, 110, 148, 112, 43, 15, 8, 27, 41, 29, 92, 119, 117, 77, 90, 75, 53, 55, 141, 142, 123, 124, 125, 50, 126, 64, 91, 127, 94, 63, 128, 97, 76, 74, 54, 131, 129, 132, 130]",False,complete,106,106,5576,0,2145,1,2144,2000,,False,,,,,,,2,104,24,104,24,24,24,24
2,10475,24,46,103,"[7, 10, 12, 13, 14, 16, 17, 18, 25, 26, 28, 32, 36, 40, 42, 48, 58, 61, 67, 71, 78, 85, 93, 99, 102, 105, 109, 116, 118, 122, 130, 131, 133, 134, 135, 136, 137, 138, 139, 140, 143, 144, 145, 146, 147, 149]","[0, 1, 2, 3, 4, 5, 6, 8, 9, 11, 15, 19, 20, 21, 22, 23, 24, 27, 29, 30, 31, 33, 34, 35, 37, 38, 39, 41, 43, 44, 45, 46, 47, 49, 50, 51, 52, 53, 54, 55, 56, 57, 59, 60, 62, 63, 64, 65, 66, 68, 69, 70, 72, 73, 74, 75, 76, 77, 79, 80, 81, 82, 83, 84, 86, 87, 88, 89, 90, 91, 92, 94, 95, 96, 97, 98, 100, 101, 103, 104, 106, 107, 108, 110, 111, 112, 114, 115, 117, 119, 120, 121, 123, 124, 125, 126, 127, 128, 129, 132, 141, 142, 148]",{},[],0,"[122, 17, 18, 32, 137, 138, 139, 140, 13, 14, 118, 116, 136, 16, 36, 135, 28, 26, 105, 99, 149, 102, 144, 10, 145, 146, 147, 12, 71, 58, 134, 109, 78, 67, 48, 61, 85, 93, 133, 40, 42, 143, 25, 7, 131, 130, 132, 129, 54, 76, 74, 97, 128, 63, 94, 127, 91, 64, 126, 50, 125, 124, 123, 141, 142, 119, 117, 90, 77, 53, 55, 75, 92, 27, 29, 8, 15, 41, 43, 112, 148, 110, 9, 111, 108, 106, 115, 107, 6, 1, 2, 0, 101, 120, 114, 121, 52, 47, 46, 39, 51, 68, 45, 49, 56, 57, 38, 83, 44, 103, 62, 60, 89, 70, 69, 59, 79, 80, 72, 86, 66, 73, 65, 31, 30, 24, 11, 100, 96, 98, 84, 87, 82, 81, 104, 88, 95, 23, 5, 4, 3, 21, 22, 20, 19, 35, 34, 37, 33]",True,27670838961,27.670838961,"[129, 132, 76, 54, 74, 97, 128, 63, 94, 127, 91, 64, 126, 50, 125, 124, 123, 142, 141, 117, 55, 90, 119, 53, 92, 77, 75, 8, 29, 41, 15, 43, 27, 112, 148, 110, 9, 111, 108, 106, 115, 107, 6, 1, 2, 0, 114, 120, 121, 101, 52, 47, 46, 39, 51, 68, 45, 49, 56, 57, 38, 83, 44, 104, 62, 60, 89, 70, 69, 59, 79, 80, 72, 86, 66, 73, 65, 23, 5, 4, 21, 22, 20, 35, 34, 37, 33, 19, 100, 96, 98, 24, 30, 11, 31, 3, 84, 82, 87, 81, 103, 88, 95]","[95, 88, 103, 81, 87, 82, 84, 3, 31, 11, 30, 24, 98, 96, 100, 19, 33, 37, 34, 35, 20, 22, 21, 4, 5, 23, 65, 73, 66, 86, 72, 80, 79, 59, 69, 70, 89, 60, 62, 104, 44, 83, 38, 57, 56, 49, 45, 68, 51, 39, 46, 47, 52, 101, 121, 120, 114, 0, 2, 1, 6, 107, 115, 106, 108, 111, 9, 110, 148, 112, 27, 43, 15, 41, 29, 8, 75, 77, 92, 53, 119, 90, 55, 117, 141, 142, 123, 124, 125, 50, 126, 64, 91, 127, 94, 63, 128, 97, 74, 54, 76, 132, 129]",False,complete,104,104,5367,0,2134,1,2133,2000,,False,,,,,,,2,105,24,105,24,24,24,24
2,10476,25,48,101,"[7, 10, 12, 13, 14, 16, 17, 18, 25, 26, 28, 32, 36, 40, 42, 48, 58, 61, 67, 71, 78, 85, 93, 99, 102, 105, 109, 116, 118, 122, 129, 130, 131, 132, 133, 134, 135, 136, 137, 138, 139, 140, 143, 144, 145, 146, 147, 149]","[0, 1, 2, 3, 4, 5, 6, 8, 9, 11, 15, 19, 20, 21, 22, 23, 24, 27, 29, 30, 31, 33, 34, 35, 37, 38, 39, 41, 43, 44, 45, 46, 47, 49, 50, 51, 52, 53, 54, 55, 56, 57, 59, 60, 62, 63, 64, 65, 66, 68, 69, 70, 72, 73, 74, 75, 76, 77, 79, 80, 81, 82, 83, 84, 86, 87, 88, 89, 90, 91, 92, 94, 95, 96, 97, 98, 100, 101, 103, 104, 106, 107, 108, 110, 111, 112, 114, 115, 117, 119, 120, 121, 123, 124, 125, 126, 127, 128, 141, 142, 148]",{},[],0,"[122, 17, 18, 32, 137, 138, 139, 140, 13, 14, 118, 116, 136, 16, 36, 135, 28, 26, 105, 99, 149, 102, 144, 10, 145, 146, 147, 12, 71, 58, 134, 109, 78, 67, 48, 61, 85, 93, 133, 40, 42, 143, 25, 7, 131, 130, 132, 129, 54, 76, 74, 97, 128, 63, 94, 127, 91, 64, 126, 50, 125, 124, 123, 141, 142, 119, 117, 90, 77, 53, 55, 75, 92, 27, 29, 8, 15, 41, 43, 112, 148, 110, 9, 111, 108, 106, 115, 107, 6, 1, 2, 0, 101, 120, 114, 121, 52, 47, 46, 39, 51, 68, 45, 49, 56, 57, 38, 83, 44, 103, 62, 60, 89, 70, 69, 59, 79, 80, 72, 86, 66, 73, 65, 31, 30, 24, 11, 100, 96, 98, 84, 87, 82, 81, 104, 88, 95, 23, 5, 4, 3, 21, 22, 20, 19, 35, 34, 37, 33]",True,26408890493,26.408890493,"[74, 52, 76, 97, 128, 63, 94, 127, 91, 64, 126, 50, 125, 124, 123, 141, 142, 55, 77, 119, 92, 90, 53, 75, 117, 27, 41, 8, 43, 29, 15, 112, 148, 110, 9, 111, 108, 106, 115, 107, 6, 1, 2, 0, 101, 120, 114, 121, 54, 47, 46, 39, 51, 68, 45, 49, 56, 57, 38, 83, 44, 103, 62, 60, 89, 70, 69, 59, 79, 80, 72, 86, 66, 73, 65, 23, 5, 4, 21, 22, 20, 35, 34, 37, 33, 19, 100, 96, 98, 24, 30, 11, 31, 3, 84, 82, 87, 81, 104, 88, 95]","[95, 88, 104, 81, 87, 82, 84, 3, 31, 11, 30, 24, 98, 96, 100, 19, 33, 37, 34, 35, 20, 22, 21, 4, 5, 23, 65, 73, 66, 86, 72, 80, 79, 59, 69, 70, 89, 60, 62, 103, 44, 83, 38, 57, 56, 49, 45, 68, 51, 39, 46, 47, 54, 121, 114, 120, 101, 0, 2, 1, 6, 107, 115, 106, 108, 111, 9, 110, 148, 112, 15, 29, 43, 8, 41, 27, 117, 75, 53, 90, 92, 119, 77, 55, 142, 141, 123, 124, 125, 50, 126, 64, 91, 127, 94, 63, 128, 97, 76, 52, 74]",False,complete,102,102,5162,0,2126,1,2125,2000,,False,,,,,,,2,105,24,105,24,24,24,24
2,10477,26,50,99,"[7, 10, 12, 13, 14, 16, 17, 18, 25, 26, 28, 32, 36, 40, 42, 48, 54, 58, 61, 67, 71, 76, 78, 85, 93, 99, 102, 105, 109, 116, 118, 122, 129, 130, 131, 132, 133, 134, 135, 136, 137, 138, 139, 140, 143, 144, 145, 146, 147, 149]","[0, 1, 2, 3, 4, 5, 6, 8, 9, 11, 15, 19, 20, 21, 22, 23, 24, 27, 29, 30, 31, 33, 34, 35, 37, 38, 39, 41, 43, 44, 45, 46, 47, 49, 50, 51, 52, 53, 55, 56, 57, 59, 60, 62, 63, 64, 65, 66, 68, 69, 70, 72, 73, 74, 75, 77, 79, 80, 81, 82, 83, 84, 86, 87, 88, 89, 90, 91, 92, 94, 95, 96, 97, 98, 100, 101, 103, 104, 106, 107, 108, 110, 111, 112, 114, 115, 117, 119, 120, 121, 123, 124, 125, 126, 127, 128, 141, 142, 148]",{},[],0,"[122, 17, 18, 32, 137, 138, 139, 140, 13, 14, 118, 116, 136, 16, 36, 135, 28, 26, 105, 99, 149, 102, 144, 10, 145, 146, 147, 12, 71, 58, 134, 109, 78, 67, 48, 61, 85, 93, 133, 40, 42, 143, 25, 7, 131, 130, 132, 129, 54, 76, 74, 97, 128, 63, 94, 127, 91, 64, 126, 50, 125, 124, 123, 141, 142, 119, 117, 90, 77, 53, 55, 75, 92, 27, 29, 8, 15, 41, 43, 112, 148, 110, 9, 111, 108, 106, 115, 107, 6, 1, 2, 0, 101, 120, 114, 121, 52, 47, 46, 39, 51, 68, 45, 49, 56, 57, 38, 83, 44, 103, 62, 60, 89, 70, 69, 59, 79, 80, 72, 86, 66, 73, 65, 31, 30, 24, 11, 100, 96, 98, 84, 87, 82, 81, 104, 88, 95, 23, 5, 4, 3, 21, 22, 20, 19, 35, 34, 37, 33]",True,26198840766,26.198840766,"[74, 97, 128, 63, 94, 127, 89, 64, 126, 50, 125, 124, 123, 142, 141, 75, 119, 117, 55, 90, 77, 53, 92, 29, 8, 43, 27, 15, 41, 112, 148, 110, 9, 111, 108, 106, 115, 107, 6, 1, 2, 0, 101, 120, 114, 121, 52, 47, 46, 39, 51, 68, 45, 49, 56, 57, 38, 83, 44, 104, 62, 60, 91, 70, 69, 59, 79, 80, 72, 86, 66, 73, 65, 31, 30, 24, 11, 100, 96, 98, 84, 82, 87, 81, 103, 88, 95, 23, 5, 4, 3, 21, 22, 20, 19, 35, 34, 37, 33]","[33, 37, 34, 35, 19, 20, 22, 21, 3, 4, 5, 23, 95, 88, 103, 81, 87, 82, 84, 98, 96, 100, 11, 24, 30, 31, 65, 73, 66, 86, 72, 80, 79, 59, 69, 70, 91, 60, 62, 104, 44, 83, 38, 57, 56, 49, 45, 68, 51, 39, 46, 47, 52, 121, 114, 120, 101, 0, 2, 1, 6, 107, 115, 106, 108, 111, 9, 110, 148, 112, 41, 15, 27, 43, 8, 29, 92, 53, 77, 90, 55, 117, 119, 75, 141, 142, 123, 124, 125, 50, 126, 64, 89, 127, 94, 63, 128, 97, 74]",False,complete,99,99,4950,0,2027,0,2027,2000,,False,,,,,,,2,94,23,94,23,23,23,23
2,10478,27,52,97,"[7, 10, 12, 13, 14, 16, 17, 18, 25, 26, 28, 32, 36, 40, 42, 48, 54, 58, 61, 67, 71, 74, 76, 78, 85, 93, 97, 99, 102, 105, 109, 116, 118, 122, 129, 130, 131, 132, 133, 134, 135, 136, 137, 138, 139, 140, 143, 144, 145, 146, 147, 149]","[0, 1, 2, 3, 4, 5, 6, 8, 9, 11, 15, 19, 20, 21, 22, 23, 24, 27, 29, 30, 31, 33, 34, 35, 37, 38, 39, 41, 43, 44, 45, 46, 47, 49, 50, 51, 52, 53, 55, 56, 57, 59, 60, 62, 63, 64, 65, 66, 68, 69, 70, 72, 73, 75, 77, 79, 80, 81, 82, 83, 84, 86, 87, 88, 89, 90, 91, 92, 94, 95, 96, 98, 100, 101, 103, 104, 106, 107, 108, 110, 111, 112, 114, 115, 117, 119, 120, 121, 123, 124, 125, 126, 127, 128, 141, 142, 148]",{},[],0,"[122, 17, 18, 32, 137, 138, 139, 140, 13, 14, 118, 116, 136, 16, 36, 135, 28, 26, 105, 99, 149, 102, 144, 10, 145, 146, 147, 12, 71, 58, 134, 109, 78, 67, 48, 61, 85, 93, 133, 40, 42, 143, 25, 7, 131, 130, 132, 129, 54, 76, 74, 97, 128, 63, 94, 127, 91, 64, 126, 50, 125, 124, 123, 141, 142, 119, 117, 90, 77, 53, 55, 75, 92, 27, 29, 8, 15, 41, 43, 112, 148, 110, 9, 111, 108, 106, 115, 107, 6, 1, 2, 0, 101, 120, 114, 121, 52, 47, 46, 39, 51, 68, 45, 49, 56, 57, 38, 83, 44, 103, 62, 60, 89, 70, 69, 59, 79, 80, 72, 86, 66, 73, 65, 31, 30, 24, 11, 100, 96, 98, 84, 87, 82, 81, 104, 88, 95, 23, 5, 4, 3, 21, 22, 20, 19, 35, 34, 37, 33]",True,26485770306,26.485770306,"[128, 63, 94, 127, 89, 64, 126, 50, 125, 124, 123, 142, 141, 119, 55, 90, 117, 75, 53, 92, 77, 27, 8, 29, 15, 43, 41, 112, 148, 110, 9, 111, 108, 106, 115, 107, 6, 1, 2, 0, 114, 120, 121, 101, 52, 47, 46, 39, 51, 68, 45, 49, 56, 57, 38, 83, 44, 104, 62, 60, 91, 70, 69, 59, 79, 80, 72, 86, 66, 73, 65, 31, 30, 11, 24, 100, 96, 98, 84, 87, 82, 81, 103, 88, 95, 23, 5, 4, 3, 21, 22, 20, 19, 35, 34, 37, 33]","[33, 37, 34, 35, 19, 20, 22, 21, 3, 4, 5, 23, 95, 88, 103, 81, 82, 87, 84, 98, 96, 100, 24, 11, 30, 31, 65, 73, 66, 86, 72, 80, 79, 59, 69, 70, 91, 60, 62, 104, 44, 83, 38, 57, 56, 49, 45, 68, 51, 39, 46, 47, 52, 101, 121, 120, 114, 0, 2, 1, 6, 107, 115, 106, 108, 111, 9, 110, 148, 112, 41, 43, 15, 29, 8, 27, 77, 92, 53, 75, 117, 90, 55, 119, 141, 142, 123, 124, 125, 50, 126, 64, 89, 127, 94, 63, 128]",False,complete,97,97,4753,0,2016,0,2016,2000,,False,,,,,,,2,94,23,94,23,23,23,23
2,10479,28,54,95,"[7, 10, 12, 13, 14, 16, 17, 18, 25, 26, 28, 32, 36, 40, 42, 48, 54, 58, 61, 63, 67, 71, 74, 76, 78, 85, 93, 97, 99, 102, 105, 109, 116, 118, 122, 128, 129, 130, 131, 132, 133, 134, 135, 136, 137, 138, 139, 140, 143, 144, 145, 146, 147, 149]","[0, 1, 2, 3, 4, 5, 6, 8, 9, 11, 15, 19, 20, 21, 22, 23, 24, 27, 29, 30, 31, 33, 34, 35, 37, 38, 39, 41, 43, 44, 45, 46, 47, 49, 50, 51, 52, 53, 55, 56, 57, 59, 60, 62, 64, 65, 66, 68, 69, 70, 72, 73, 75, 77, 79, 80, 81, 82, 83, 84, 86, 87, 88, 89, 90, 91, 92, 94, 95, 96, 98, 100, 101, 103, 104, 106, 107, 108, 110, 111, 112, 114, 115, 117, 119, 120, 121, 123, 124, 125, 126, 127, 141, 142, 148]",{},[],0,"[122, 17, 18, 32, 137, 138, 139, 140, 13, 14, 118, 116, 136, 16, 36, 135, 28, 26, 105, 99, 149, 102, 144, 10, 145, 146, 147, 12, 71, 58, 134, 109, 78, 67, 48, 61, 85, 93, 133, 40, 42, 143, 25, 7, 131, 130, 132, 129, 54, 76, 74, 97, 128, 63, 94, 127, 91, 64, 126, 50, 125, 124, 123, 141, 142, 119, 117, 90, 77, 53, 55, 75, 92, 27, 29, 8, 15, 41, 43, 112, 148, 110, 9, 111, 108, 106, 115, 107, 6, 1, 2, 0, 101, 120, 114, 121, 52, 47, 46, 39, 51, 68, 45, 49, 56, 57, 38, 83, 44, 103, 62, 60, 89, 70, 69, 59, 79, 80, 72, 86, 66, 73, 65, 31, 30, 24, 11, 100, 96, 98, 84, 87, 82, 81, 104, 88, 95, 23, 5, 4, 3, 21, 22, 20, 19, 35, 34, 37, 33]",True,25822927112,25.822927112,"[94, 127, 89, 64, 126, 50, 125, 124, 123, 142, 141, 90, 117, 92, 77, 55, 119, 53, 75, 8, 27, 29, 43, 15, 41, 112, 148, 110, 9, 111, 108, 106, 115, 107, 6, 1, 2, 0, 101, 120, 114, 121, 52, 47, 46, 39, 51, 68, 45, 49, 56, 57, 38, 83, 44, 104, 62, 60, 91, 70, 69, 59, 79, 80, 72, 86, 66, 73, 65, 23, 5, 4, 21, 22, 20, 35, 34, 37, 33, 3, 100, 96, 98, 11, 30, 31, 24, 19, 84, 82, 87, 81, 103, 88, 95]","[95, 88, 103, 81, 87, 82, 84, 19, 24, 31, 30, 11, 98, 96, 100, 3, 33, 37, 34, 35, 20, 22, 21, 4, 5, 23, 65, 73, 66, 86, 72, 80, 79, 59, 69, 70, 91, 60, 62, 104, 44, 83, 38, 57, 56, 49, 45, 68, 51, 39, 46, 47, 52, 121, 114, 120, 101, 0, 2, 1, 6, 107, 115, 106, 108, 111, 9, 110, 148, 112, 41, 15, 43, 29, 27, 8, 75, 53, 119, 55, 77, 92, 117, 90, 141, 142, 123, 124, 125, 50, 126, 64, 89, 127, 94]",False,complete,96,96,4571,0,2081,1,2080,2000,,False,,,,,,,2,104,24,104,24,24,24,24
2,10480,29,56,93,"[7, 10, 12, 13, 14, 16, 17, 18, 25, 26, 28, 32, 36, 40, 42, 48, 54, 58, 61, 63, 67, 71, 74, 76, 78, 85, 93, 94, 97, 99, 102, 105, 109, 116, 118, 122, 127, 128, 129, 130, 131, 132, 133, 134, 135, 136, 137, 138, 139, 140, 143, 144, 145, 146, 147, 149]","[0, 1, 2, 3, 4, 5, 6, 8, 9, 11, 15, 19, 20, 21, 22, 23, 24, 27, 29, 30, 31, 33, 34, 35, 37, 38, 39, 41, 43, 44, 45, 46, 47, 49, 50, 51, 52, 53, 55, 56, 57, 59, 60, 62, 64, 65, 66, 68, 69, 70, 72, 73, 75, 77, 79, 80, 81, 82, 83, 84, 86, 87, 88, 89, 90, 91, 92, 95, 96, 98, 100, 101, 103, 104, 106, 107, 108, 110, 111, 112, 114, 115, 117, 119, 120, 121, 123, 124, 125, 126, 141, 142, 148]",{},[],0,"[122, 17, 18, 32, 137, 138, 139, 140, 13, 14, 118, 116, 136, 16, 36, 135, 28, 26, 105, 99, 149, 102, 144, 10, 145, 146, 147, 12, 71, 58, 134, 109, 78, 67, 48, 61, 85, 93, 133, 40, 42, 143, 25, 7, 131, 130, 132, 129, 54, 76, 74, 97, 128, 63, 94, 127, 91, 64, 126, 50, 125, 124, 123, 141, 142, 119, 117, 90, 77, 53, 55, 75, 92, 27, 29, 8, 15, 41, 43, 112, 148, 110, 9, 111, 108, 106, 115, 107, 6, 1, 2, 0, 101, 120, 114, 121, 52, 47, 46, 39, 51, 68, 45, 49, 56, 57, 38, 83, 44, 103, 62, 60, 89, 70, 69, 59, 79, 80, 72, 86, 66, 73, 65, 31, 30, 24, 11, 100, 96, 98, 84, 87, 82, 81, 104, 88, 95, 23, 5, 4, 3, 21, 22, 20, 19, 35, 34, 37, 33]",True,24635589913,24.635589913,"[91, 64, 126, 50, 125, 124, 123, 141, 142, 92, 55, 53, 77, 117, 90, 119, 75, 15, 41, 43, 8, 29, 27, 112, 148, 110, 9, 111, 108, 106, 115, 107, 6, 1, 2, 0, 101, 120, 114, 121, 52, 47, 46, 39, 51, 68, 45, 49, 56, 57, 38, 83, 44, 103, 62, 60, 89, 70, 69, 59, 79, 80, 72, 86, 66, 73, 65, 31, 30, 24, 11, 100, 96, 98, 84, 82, 87, 81, 104, 88, 95, 23, 5, 4, 3, 21, 22, 20, 19, 35, 34, 37, 33]","[33, 37, 34, 35, 19, 20, 22, 21, 3, 4, 5, 23, 95, 88, 104, 81, 87, 82, 84, 98, 96, 100, 11, 24, 30, 31, 65, 73, 66, 86, 72, 80, 79, 59, 69, 70, 89, 60, 62, 103, 44, 83, 38, 57, 56, 49, 45, 68, 51, 39, 46, 47, 52, 121, 114, 120, 101, 0, 2, 1, 6, 107, 115, 106, 108, 111, 9, 110, 148, 112, 27, 29, 8, 43, 41, 15, 75, 119, 90, 117, 77, 53, 55, 92, 142, 141, 123, 124, 125, 50, 126, 64, 91]",False,complete,93,93,4371,0,1972,0,1972,1972,,False,,,,,,,2,94,23,94,23,23,23,23
2,10481,30,58,91,"[7, 10, 12, 13, 14, 16, 17, 18, 25, 26, 28, 32, 36, 40, 42, 48, 54, 58, 61, 63, 64, 67, 71, 74, 76, 78, 85, 91, 93, 94, 97, 99, 102, 105, 109, 116, 118, 122, 127, 128, 129, 130, 131, 132, 133, 134, 135, 136, 137, 138, 139, 140, 143, 144, 145, 146, 147, 149]","[0, 1, 2, 3, 4, 5, 6, 8, 9, 11, 15, 19, 20, 21, 22, 23, 24, 27, 29, 30, 31, 33, 34, 35, 37, 38, 39, 41, 43, 44, 45, 46, 47, 49, 50, 51, 52, 53, 55, 56, 57, 59, 60, 62, 65, 66, 68, 69, 70, 72, 73, 75, 77, 79, 80, 81, 82, 83, 84, 86, 87, 88, 89, 90, 92, 95, 96, 98, 100, 101, 103, 104, 106, 107, 108, 110, 111, 112, 114, 115, 117, 119, 120, 121, 123, 124, 125, 126, 141, 142, 148]",{},[],0,"[122, 17, 18, 32, 137, 138, 139, 140, 13, 14, 118, 116, 136, 16, 36, 135, 28, 26, 105, 99, 149, 102, 144, 10, 145, 146, 147, 12, 71, 58, 134, 109, 78, 67, 48, 61, 85, 93, 133, 40, 42, 143, 25, 7, 131, 130, 132, 129, 54, 76, 74, 97, 128, 63, 94, 127, 91, 64, 126, 50, 125, 124, 123, 141, 142, 119, 117, 90, 77, 53, 55, 75, 92, 27, 29, 8, 15, 41, 43, 112, 148, 110, 9, 111, 108, 106, 115, 107, 6, 1, 2, 0, 101, 120, 114, 121, 52, 47, 46, 39, 51, 68, 45, 49, 56, 57, 38, 83, 44, 103, 62, 60, 89, 70, 69, 59, 79, 80, 72, 86, 66, 73, 65, 31, 30, 24, 11, 100, 96, 98, 84, 87, 82, 81, 104, 88, 95, 23, 5, 4, 3, 21, 22, 20, 19, 35, 34, 37, 33]",True,25029804908,25.029804908,"[126, 50, 125, 124, 123, 141, 142, 75, 117, 77, 90, 55, 92, 53, 119, 29, 43, 8, 27, 15, 41, 112, 148, 110, 9, 111, 108, 106, 115, 107, 6, 1, 2, 0, 114, 120, 121, 101, 52, 47, 46, 39, 51, 68, 45, 49, 56, 57, 38, 83, 44, 103, 62, 60, 89, 70, 69, 59, 79, 80, 72, 86, 66, 73, 65, 23, 5, 4, 21, 22, 20, 35, 34, 37, 33, 19, 100, 96, 98, 24, 30, 11, 31, 3, 84, 87, 82, 81, 104, 88, 95]","[95, 88, 104, 81, 82, 87, 84, 3, 31, 11, 30, 24, 98, 96, 100, 19, 33, 37, 34, 35, 20, 22, 21, 4, 5, 23, 65, 73, 66, 86, 72, 80, 79, 59, 69, 70, 89, 60, 62, 103, 44, 83, 38, 57, 56, 49, 45, 68, 51, 39, 46, 47, 52, 101, 121, 120, 114, 0, 2, 1, 6, 107, 115, 106, 108, 111, 9, 110, 148, 112, 41, 15, 27, 8, 43, 29, 119, 53, 92, 55, 90, 77, 117, 75, 142, 141, 123, 124, 125, 50, 126]",False,complete,92,92,4197,0,2041,1,2040,2000,,False,,,,,,,2,105,24,105,24,24,24,24
2,10482,31,60,89,"[7, 10, 12, 13, 14, 16, 17, 18, 25, 26, 28, 32, 36, 40, 42, 48, 50, 54, 58, 61, 63, 64, 67, 71, 74, 76, 78, 85, 91, 93, 94, 97, 99, 102, 105, 109, 116, 118, 122, 126, 127, 128, 129, 130, 131, 132, 133, 134, 135, 136, 137, 138, 139, 140, 143, 144, 145, 146, 147, 149]","[0, 1, 2, 3, 4, 5, 6, 8, 9, 11, 15, 19, 20, 21, 22, 23, 24, 27, 29, 30, 31, 33, 34, 35, 37, 38, 39, 41, 43, 44, 45, 46, 47, 49, 51, 52, 53, 55, 56, 57, 59, 60, 62, 65, 66, 68, 69, 70, 72, 73, 75, 77, 79, 80, 81, 82, 83, 84, 86, 87, 88, 89, 90, 92, 95, 96, 98, 100, 101, 103, 104, 106, 107, 108, 110, 111, 112, 114, 115, 117, 119, 120, 121, 123, 124, 125, 141, 142, 148]",{},[],0,"[122, 17, 18, 32, 137, 138, 139, 140, 13, 14, 118, 116, 136, 16, 36, 135, 28, 26, 105, 99, 149, 102, 144, 10, 145, 146, 147, 12, 71, 58, 134, 109, 78, 67, 48, 61, 85, 93, 133, 40, 42, 143, 25, 7, 131, 130, 132, 129, 54, 76, 74, 97, 128, 63, 94, 127, 91, 64, 126, 50, 125, 124, 123, 141, 142, 119, 117, 90, 77, 53, 55, 75, 92, 27, 29, 8, 15, 41, 43, 112, 148, 110, 9, 111, 108, 106, 115, 107, 6, 1, 2, 0, 101, 120, 114, 121, 52, 47, 46, 39, 51, 68, 45, 49, 56, 57, 38, 83, 44, 103, 62, 60, 89, 70, 69, 59, 79, 80, 72, 86, 66, 73, 65, 31, 30, 24, 11, 100, 96, 98, 84, 87, 82, 81, 104, 88, 95, 23, 5, 4, 3, 21, 22, 20, 19, 35, 34, 37, 33]",True,25289050578,25.289050578,"[125, 124, 123, 142, 141, 117, 90, 55, 77, 75, 92, 119, 53, 15, 29, 43, 41, 8, 27, 112, 148, 110, 9, 111, 108, 106, 115, 107, 6, 1, 2, 0, 114, 120, 121, 101, 52, 47, 46, 39, 51, 68, 45, 49, 56, 57, 38, 83, 44, 104, 62, 60, 89, 70, 69, 59, 79, 80, 72, 86, 66, 73, 65, 23, 5, 4, 21, 22, 20, 35, 34, 37, 33, 19, 100, 96, 98, 24, 30, 11, 31, 3, 84, 82, 87, 81, 103, 88, 95]","[95, 88, 103, 81, 87, 82, 84, 3, 31, 11, 30, 24, 98, 96, 100, 19, 33, 37, 34, 35, 20, 22, 21, 4, 5, 23, 65, 73, 66, 86, 72, 80, 79, 59, 69, 70, 89, 60, 62, 104, 44, 83, 38, 57, 56, 49, 45, 68, 51, 39, 46, 47, 52, 101, 121, 120, 114, 0, 2, 1, 6, 107, 115, 106, 108, 111, 9, 110, 148, 112, 27, 8, 41, 43, 29, 15, 53, 119, 92, 75, 77, 55, 90, 117, 141, 142, 123, 124, 125]",False,complete,90,90,4016,0,2000,1,1999,1999,,False,,,,,,,2,105,24,105,24,24,24,24
2,10483,32,62,87,"[7, 10, 12, 13, 14, 16, 17, 18, 25, 26, 28, 32, 36, 40, 42, 48, 50, 54, 58, 61, 63, 64, 67, 71, 74, 76, 78, 85, 91, 93, 94, 97, 99, 102, 105, 109, 116, 118, 122, 124, 125, 126, 127, 128, 129, 130, 131, 132, 133, 134, 135, 136, 137, 138, 139, 140, 143, 144, 145, 146, 147, 149]","[0, 1, 2, 3, 4, 5, 6, 8, 9, 11, 15, 19, 20, 21, 22, 23, 24, 27, 29, 30, 31, 33, 34, 35, 37, 38, 39, 41, 43, 44, 45, 46, 47, 49, 51, 52, 53, 55, 56, 57, 59, 60, 62, 65, 66, 68, 69, 70, 72, 73, 75, 77, 79, 80, 81, 82, 83, 84, 86, 87, 88, 89, 90, 92, 95, 96, 98, 100, 101, 103, 104, 106, 107, 108, 110, 111, 112, 114, 115, 117, 119, 120, 121, 123, 141, 142, 148]",{},[],0,"[122, 17, 18, 32, 137, 138, 139, 140, 13, 14, 118, 116, 136, 16, 36, 135, 28, 26, 105, 99, 149, 102, 144, 10, 145, 146, 147, 12, 71, 58, 134, 109, 78, 67, 48, 61, 85, 93, 133, 40, 42, 143, 25, 7, 131, 130, 132, 129, 54, 76, 74, 97, 128, 63, 94, 127, 91, 64, 126, 50, 125, 124, 123, 141, 142, 119, 117, 90, 77, 53, 55, 75, 92, 27, 29, 8, 15, 41, 43, 112, 148, 110, 9, 111, 108, 106, 115, 107, 6, 1, 2, 0, 101, 120, 114, 121, 52, 47, 46, 39, 51, 68, 45, 49, 56, 57, 38, 83, 44, 103, 62, 60, 89, 70, 69, 59, 79, 80, 72, 86, 66, 73, 65, 31, 30, 24, 11, 100, 96, 98, 84, 87, 82, 81, 104, 88, 95, 23, 5, 4, 3, 21, 22, 20, 19, 35, 34, 37, 33]",True,23500332679,23.500332679,"[123, 141, 142, 90, 53, 117, 119, 77, 75, 92, 55, 43, 27, 41, 15, 8, 29, 112, 148, 110, 9, 111, 108, 106, 115, 107, 6, 1, 2, 0, 101, 120, 114, 121, 52, 47, 46, 39, 51, 68, 45, 49, 56, 57, 38, 83, 44, 103, 62, 60, 89, 70, 69, 59, 79, 80, 72, 86, 66, 73, 65, 23, 5, 4, 21, 22, 20, 35, 34, 37, 33, 19, 100, 96, 98, 24, 30, 11, 31, 3, 84, 87, 82, 81, 104, 88, 95]","[95, 88, 104, 81, 82, 87, 84, 3, 31, 11, 30, 24, 98, 96, 100, 19, 33, 37, 34, 35, 20, 22, 21, 4, 5, 23, 65, 73, 66, 86, 72, 80, 79, 59, 69, 70, 89, 60, 62, 103, 44, 83, 38, 57, 56, 49, 45, 68, 51, 39, 46, 47, 52, 121, 114, 120, 101, 0, 2, 1, 6, 107, 115, 106, 108, 111, 9, 110, 148, 112, 29, 8, 15, 41, 27, 43, 55, 92, 75, 77, 119, 117, 53, 90, 142, 141, 123]",False,complete,88,88,3839,0,1947,1,1946,1946,,False,,,,,,,2,105,24,105,24,24,24,24
2,10484,33,64,85,"[7, 10, 12, 13, 14, 16, 17, 18, 25, 26, 28, 32, 36, 40, 42, 48, 50, 54, 58, 61, 63, 64, 67, 71, 74, 76, 78, 85, 91, 93, 94, 97, 99, 102, 105, 109, 116, 118, 122, 123, 124, 125, 126, 127, 128, 129, 130, 131, 132, 133, 134, 135, 136, 137, 138, 139, 140, 141, 143, 144, 145, 146, 147, 149]","[0, 1, 2, 3, 4, 5, 6, 8, 9, 11, 15, 19, 20, 21, 22, 23, 24, 27, 29, 30, 31, 33, 34, 35, 37, 38, 39, 41, 43, 44, 45, 46, 47, 49, 51, 52, 53, 55, 56, 57, 59, 60, 62, 65, 66, 68, 69, 70, 72, 73, 75, 77, 79, 80, 81, 82, 83, 84, 86, 87, 88, 89, 90, 92, 95, 96, 98, 100, 101, 103, 104, 106, 107, 108, 110, 111, 112, 114, 115, 117, 119, 120, 121, 142, 148]",{},[],0,"[122, 17, 18, 32, 137, 138, 139, 140, 13, 14, 118, 116, 136, 16, 36, 135, 28, 26, 105, 99, 149, 102, 144, 10, 145, 146, 147, 12, 71, 58, 134, 109, 78, 67, 48, 61, 85, 93, 133, 40, 42, 143, 25, 7, 131, 130, 132, 129, 54, 76, 74, 97, 128, 63, 94, 127, 91, 64, 126, 50, 125, 124, 123, 141, 142, 119, 117, 90, 77, 53, 55, 75, 92, 27, 29, 8, 15, 41, 43, 112, 148, 110, 9, 111, 108, 106, 115, 107, 6, 1, 2, 0, 101, 120, 114, 121, 52, 47, 46, 39, 51, 68, 45, 49, 56, 57, 38, 83, 44, 103, 62, 60, 89, 70, 69, 59, 79, 80, 72, 86, 66, 73, 65, 31, 30, 24, 11, 100, 96, 98, 84, 87, 82, 81, 104, 88, 95, 23, 5, 4, 3, 21, 22, 20, 19, 35, 34, 37, 33]",True,22829337975,22.829337975,"[142, 92, 53, 75, 55, 117, 119, 90, 77, 41, 27, 8, 43, 15, 29, 112, 148, 110, 9, 111, 108, 106, 115, 107, 6, 1, 2, 0, 101, 120, 114, 121, 52, 47, 46, 39, 51, 68, 45, 49, 56, 57, 38, 83, 44, 103, 62, 60, 89, 70, 69, 59, 79, 80, 72, 86, 66, 73, 65, 23, 5, 4, 21, 22, 20, 35, 34, 37, 33, 3, 100, 96, 98, 11, 30, 31, 24, 19, 84, 87, 82, 81, 104, 88, 95]","[95, 88, 104, 81, 82, 87, 84, 19, 24, 31, 30, 11, 98, 96, 100, 3, 33, 37, 34, 35, 20, 22, 21, 4, 5, 23, 65, 73, 66, 86, 72, 80, 79, 59, 69, 70, 89, 60, 62, 103, 44, 83, 38, 57, 56, 49, 45, 68, 51, 39, 46, 47, 52, 121, 114, 120, 101, 0, 2, 1, 6, 107, 115, 106, 108, 111, 9, 110, 148, 112, 29, 15, 43, 8, 27, 41, 77, 90, 119, 117, 55, 75, 53, 92, 142]",False,complete,86,86,3666,0,1884,1,1883,1883,,False,,,,,,,2,104,24,104,24,24,24,24
2,10485,34,66,83,"[7, 10, 12, 13, 14, 16, 17, 18, 25, 26, 28, 32, 36, 40, 42, 48, 50, 54, 58, 61, 63, 64, 67, 71, 74, 76, 78, 85, 91, 93, 94, 97, 99, 102, 105, 109, 116, 118, 119, 122, 123, 124, 125, 126, 127, 128, 129, 130, 131, 132, 133, 134, 135, 136, 137, 138, 139, 140, 141, 142, 143, 144, 145, 146, 147, 149]","[0, 1, 2, 3, 4, 5, 6, 8, 9, 11, 15, 19, 20, 21, 22, 23, 24, 27, 29, 30, 31, 33, 34, 35, 37, 38, 39, 41, 43, 44, 45, 46, 47, 49, 51, 52, 53, 55, 56, 57, 59, 60, 62, 65, 66, 68, 69, 70, 72, 73, 75, 77, 79, 80, 81, 82, 83, 84, 86, 87, 88, 89, 90, 92, 95, 96, 98, 100, 101, 103, 104, 106, 107, 108, 110, 111, 112, 114, 115, 117, 120, 121, 148]",{},[],0,"[122, 17, 18, 32, 137, 138, 139, 140, 13, 14, 118, 116, 136, 16, 36, 135, 28, 26, 105, 99, 149, 102, 144, 10, 145, 146, 147, 12, 71, 58, 134, 109, 78, 67, 48, 61, 85, 93, 133, 40, 42, 143, 25, 7, 131, 130, 132, 129, 54, 76, 74, 97, 128, 63, 94, 127, 91, 64, 126, 50, 125, 124, 123, 141, 142, 119, 117, 90, 77, 53, 55, 75, 92, 27, 29, 8, 15, 41, 43, 112, 148, 110, 9, 111, 108, 106, 115, 107, 6, 1, 2, 0, 101, 120, 114, 121, 52, 47, 46, 39, 51, 68, 45, 49, 56, 57, 38, 83, 44, 103, 62, 60, 89, 70, 69, 59, 79, 80, 72, 86, 66, 73, 65, 31, 30, 24, 11, 100, 96, 98, 84, 87, 82, 81, 104, 88, 95, 23, 5, 4, 3, 21, 22, 20, 19, 35, 34, 37, 33]",True,20700593083,20.700593083,"[53, 92, 75, 77, 117, 55, 90, 8, 41, 29, 15, 43, 27, 112, 148, 110, 9, 111, 108, 106, 115, 107, 6, 1, 2, 0, 114, 120, 121, 101, 52, 47, 46, 39, 51, 68, 45, 49, 56, 57, 38, 83, 44, 104, 62, 60, 89, 70, 69, 59, 79, 80, 72, 86, 66, 73, 65, 31, 30, 11, 24, 100, 96, 98, 84, 87, 82, 81, 103, 88, 95, 23, 5, 4, 3, 21, 22, 20, 19, 35, 34, 37, 33]","[33, 37, 34, 35, 19, 20, 22, 21, 3, 4, 5, 23, 95, 88, 103, 81, 82, 87, 84, 98, 96, 100, 24, 11, 30, 31, 65, 73, 66, 86, 72, 80, 79, 59, 69, 70, 89, 60, 62, 104, 44, 83, 38, 57, 56, 49, 45, 68, 51, 39, 46, 47, 52, 101, 121, 120, 114, 0, 2, 1, 6, 107, 115, 106, 108, 111, 9, 110, 148, 112, 27, 43, 15, 29, 41, 8, 90, 55, 117, 77, 75, 92, 53]",False,complete,83,83,3486,0,1739,0,1739,1739,,False,,,,,,,2,94,23,94,23,23,23,23
2,10486,35,68,81,"[7, 10, 12, 13, 14, 16, 17, 18, 25, 26, 28, 32, 36, 40, 42, 48, 50, 54, 58, 61, 63, 64, 67, 71, 74, 76, 78, 85, 90, 91, 93, 94, 97, 99, 102, 105, 109, 116, 117, 118, 119, 122, 123, 124, 125, 126, 127, 128, 129, 130, 131, 132, 133, 134, 135, 136, 137, 138, 139, 140, 141, 142, 143, 144, 145, 146, 147, 149]","[0, 1, 2, 3, 4, 5, 6, 8, 9, 11, 15, 19, 20, 21, 22, 23, 24, 27, 29, 30, 31, 33, 34, 35, 37, 38, 39, 41, 43, 44, 45, 46, 47, 49, 51, 52, 53, 55, 56, 57, 59, 60, 62, 65, 66, 68, 69, 70, 72, 73, 75, 77, 79, 80, 81, 82, 83, 84, 86, 87, 88, 89, 92, 95, 96, 98, 100, 101, 103, 104, 106, 107, 108, 110, 111, 112, 114, 115, 120, 121, 148]",{},[],0,"[122, 17, 18, 32, 137, 138, 139, 140, 13, 14, 118, 116, 136, 16, 36, 135, 28, 26, 105, 99, 149, 102, 144, 10, 145, 146, 147, 12, 71, 58, 134, 109, 78, 67, 48, 61, 85, 93, 133, 40, 42, 143, 25, 7, 131, 130, 132, 129, 54, 76, 74, 97, 128, 63, 94, 127, 91, 64, 126, 50, 125, 124, 123, 141, 142, 119, 117, 90, 77, 53, 55, 75, 92, 27, 29, 8, 15, 41, 43, 112, 148, 110, 9, 111, 108, 106, 115, 107, 6, 1, 2, 0, 101, 120, 114, 121, 52, 47, 46, 39, 51, 68, 45, 49, 56, 57, 38, 83, 44, 103, 62, 60, 89, 70, 69, 59, 79, 80, 72, 86, 66, 73, 65, 31, 30, 24, 11, 100, 96, 98, 84, 87, 82, 81, 104, 88, 95, 23, 5, 4, 3, 21, 22, 20, 19, 35, 34, 37, 33]",True,20181198567,20.181198567,"[55, 75, 53, 77, 92, 43, 29, 27, 8, 41, 15, 112, 148, 110, 9, 111, 108, 106, 115, 107, 6, 1, 2, 0, 101, 120, 114, 121, 52, 47, 46, 39, 51, 68, 45, 49, 56, 57, 38, 83, 44, 104, 62, 60, 89, 70, 69, 59, 79, 80, 72, 86, 66, 73, 65, 23, 5, 4, 21, 22, 20, 35, 34, 37, 33, 19, 100, 96, 98, 24, 30, 11, 31, 3, 84, 82, 87, 81, 103, 88, 95]","[95, 88, 103, 81, 87, 82, 84, 3, 31, 11, 30, 24, 98, 96, 100, 19, 33, 37, 34, 35, 20, 22, 21, 4, 5, 23, 65, 73, 66, 86, 72, 80, 79, 59, 69, 70, 89, 60, 62, 104, 44, 83, 38, 57, 56, 49, 45, 68, 51, 39, 46, 47, 52, 121, 114, 120, 101, 0, 2, 1, 6, 107, 115, 106, 108, 111, 9, 110, 148, 112, 15, 41, 8, 27, 29, 43, 92, 77, 53, 75, 55]",False,complete,82,82,3332,0,1767,1,1766,1766,,False,,,,,,,2,105,24,105,24,24,24,24
2,10487,36,70,79,"[7, 10, 12, 13, 14, 16, 17, 18, 25, 26, 28, 32, 36, 40, 42, 48, 50, 53, 54, 58, 61, 63, 64, 67, 71, 74, 76, 77, 78, 85, 90, 91, 93, 94, 97, 99, 102, 105, 109, 116, 117, 118, 119, 122, 123, 124, 125, 126, 127, 128, 129, 130, 131, 132, 133, 134, 135, 136, 137, 138, 139, 140, 141, 142, 143, 144, 145, 146, 147, 149]","[0, 1, 2, 3, 4, 5, 6, 8, 9, 11, 15, 19, 20, 21, 22, 23, 24, 27, 29, 30, 31, 33, 34, 35, 37, 38, 39, 41, 43, 44, 45, 46, 47, 49, 51, 52, 55, 56, 57, 59, 60, 62, 65, 66, 68, 69, 70, 72, 73, 75, 79, 80, 81, 82, 83, 84, 86, 87, 88, 89, 92, 95, 96, 98, 100, 101, 103, 104, 106, 107, 108, 110, 111, 112, 114, 115, 120, 121, 148]",{},[],0,"[122, 17, 18, 32, 137, 138, 139, 140, 13, 14, 118, 116, 136, 16, 36, 135, 28, 26, 105, 99, 149, 102, 144, 10, 145, 146, 147, 12, 71, 58, 134, 109, 78, 67, 48, 61, 85, 93, 133, 40, 42, 143, 25, 7, 131, 130, 132, 129, 54, 76, 74, 97, 128, 63, 94, 127, 91, 64, 126, 50, 125, 124, 123, 141, 142, 119, 117, 90, 77, 53, 55, 75, 92, 27, 29, 8, 15, 41, 43, 112, 148, 110, 9, 111, 108, 106, 115, 107, 6, 1, 2, 0, 101, 120, 114, 121, 52, 47, 46, 39, 51, 68, 45, 49, 56, 57, 38, 83, 44, 103, 62, 60, 89, 70, 69, 59, 79, 80, 72, 86, 66, 73, 65, 31, 30, 24, 11, 100, 96, 98, 84, 87, 82, 81, 104, 88, 95, 23, 5, 4, 3, 21, 22, 20, 19, 35, 34, 37, 33]",True,19085985706,19.085985706,"[92, 75, 55, 8, 27, 41, 29, 15, 43, 112, 148, 110, 9, 111, 108, 106, 115, 107, 6, 1, 2, 0, 114, 120, 121, 101, 52, 47, 46, 39, 51, 68, 45, 49, 56, 57, 38, 83, 44, 103, 62, 60, 89, 70, 69, 59, 79, 80, 72, 86, 66, 73, 65, 23, 5, 4, 21, 22, 20, 35, 34, 37, 33, 3, 100, 96, 98, 11, 30, 31, 24, 19, 84, 87, 82, 81, 104, 88, 95]","[95, 88, 104, 81, 82, 87, 84, 19, 24, 31, 30, 11, 98, 96, 100, 3, 33, 37, 34, 35, 20, 22, 21, 4, 5, 23, 65, 73, 66, 86, 72, 80, 79, 59, 69, 70, 89, 60, 62, 103, 44, 83, 38, 57, 56, 49, 45, 68, 51, 39, 46, 47, 52, 101, 121, 120, 114, 0, 2, 1, 6, 107, 115, 106, 108, 111, 9, 110, 148, 112, 43, 15, 29, 41, 27, 8, 55, 75, 92]",False,complete,80,80,3171,0,1700,1,1699,1699,,False,,,,,,,2,104,24,104,24,24,24,24
2,10488,37,72,77,"[7, 10, 12, 13, 14, 16, 17, 18, 25, 26, 28, 32, 36, 40, 42, 48, 50, 53, 54, 55, 58, 61, 63, 64, 67, 71, 74, 75, 76, 77, 78, 85, 90, 91, 93, 94, 97, 99, 102, 105, 109, 116, 117, 118, 119, 122, 123, 124, 125, 126, 127, 128, 129, 130, 131, 132, 133, 134, 135, 136, 137, 138, 139, 140, 141, 142, 143, 144, 145, 146, 147, 149]","[0, 1, 2, 3, 4, 5, 6, 8, 9, 11, 15, 19, 20, 21, 22, 23, 24, 27, 29, 30, 31, 33, 34, 35, 37, 38, 39, 41, 43, 44, 45, 46, 47, 49, 51, 52, 56, 57, 59, 60, 62, 65, 66, 68, 69, 70, 72, 73, 79, 80, 81, 82, 83, 84, 86, 87, 88, 89, 92, 95, 96, 98, 100, 101, 103, 104, 106, 107, 108, 110, 111, 112, 114, 115, 120, 121, 148]",{},[],0,"[122, 17, 18, 32, 137, 138, 139, 140, 13, 14, 118, 116, 136, 16, 36, 135, 28, 26, 105, 99, 149, 102, 144, 10, 145, 146, 147, 12, 71, 58, 134, 109, 78, 67, 48, 61, 85, 93, 133, 40, 42, 143, 25, 7, 131, 130, 132, 129, 54, 76, 74, 97, 128, 63, 94, 127, 91, 64, 126, 50, 125, 124, 123, 141, 142, 119, 117, 90, 77, 53, 55, 75, 92, 27, 29, 8, 15, 41, 43, 112, 148, 110, 9, 111, 108, 106, 115, 107, 6, 1, 2, 0, 101, 120, 114, 121, 52, 47, 46, 39, 51, 68, 45, 49, 56, 57, 38, 83, 44, 103, 62, 60, 89, 70, 69, 59, 79, 80, 72, 86, 66, 73, 65, 31, 30, 24, 11, 100, 96, 98, 84, 87, 82, 81, 104, 88, 95, 23, 5, 4, 3, 21, 22, 20, 19, 35, 34, 37, 33]",True,17772758786,17.772758786,"[92, 41, 29, 8, 15, 43, 27, 112, 148, 110, 9, 111, 108, 106, 115, 107, 6, 1, 2, 0, 101, 120, 114, 121, 52, 47, 46, 39, 51, 68, 45, 49, 56, 57, 38, 83, 44, 104, 62, 60, 89, 70, 69, 59, 79, 80, 72, 86, 66, 73, 65, 23, 5, 4, 21, 22, 20, 35, 34, 37, 33, 3, 100, 96, 98, 11, 30, 31, 24, 19, 84, 87, 82, 81, 103, 88, 95]","[95, 88, 103, 81, 82, 87, 84, 19, 24, 31, 30, 11, 98, 96, 100, 3, 33, 37, 34, 35, 20, 22, 21, 4, 5, 23, 65, 73, 66, 86, 72, 80, 79, 59, 69, 70, 89, 60, 62, 104, 44, 83, 38, 57, 56, 49, 45, 68, 51, 39, 46, 47, 52, 121, 114, 120, 101, 0, 2, 1, 6, 107, 115, 106, 108, 111, 9, 110, 148, 112, 27, 43, 15, 8, 29, 41, 92]",False,complete,78,78,3014,0,1640,1,1639,1639,,False,,,,,,,2,104,24,104,24,24,24,24
2,10489,38,74,75,"[7, 10, 12, 13, 14, 16, 17, 18, 25, 26, 27, 28, 32, 36, 40, 42, 48, 50, 53, 54, 55, 58, 61, 63, 64, 67, 71, 74, 75, 76, 77, 78, 85, 90, 91, 92, 93, 94, 97, 99, 102, 105, 109, 116, 117, 118, 119, 122, 123, 124, 125, 126, 127, 128, 129, 130, 131, 132, 133, 134, 135, 136, 137, 138, 139, 140, 141, 142, 143, 144, 145, 146, 147, 149]","[0, 1, 2, 3, 4, 5, 6, 8, 9, 11, 15, 19, 20, 21, 22, 23, 24, 29, 30, 31, 33, 34, 35, 37, 38, 39, 41, 43, 44, 45, 46, 47, 49, 51, 52, 56, 57, 59, 60, 62, 65, 66, 68, 69, 70, 72, 73, 79, 80, 81, 82, 83, 84, 86, 87, 88, 89, 95, 96, 98, 100, 101, 103, 104, 106, 107, 108, 110, 111, 112, 114, 115, 120, 121, 148]",{},[],0,"[122, 17, 18, 32, 137, 138, 139, 140, 13, 14, 118, 116, 136, 16, 36, 135, 28, 26, 105, 99, 149, 102, 144, 10, 145, 146, 147, 12, 71, 58, 134, 109, 78, 67, 48, 61, 85, 93, 133, 40, 42, 143, 25, 7, 131, 130, 132, 129, 54, 76, 74, 97, 128, 63, 94, 127, 91, 64, 126, 50, 125, 124, 123, 141, 142, 119, 117, 90, 77, 53, 55, 75, 92, 27, 29, 8, 15, 41, 43, 112, 148, 110, 9, 111, 108, 106, 115, 107, 6, 1, 2, 0, 101, 120, 114, 121, 52, 47, 46, 39, 51, 68, 45, 49, 56, 57, 38, 83, 44, 103, 62, 60, 89, 70, 69, 59, 79, 80, 72, 86, 66, 73, 65, 31, 30, 24, 11, 100, 96, 98, 84, 87, 82, 81, 104, 88, 95, 23, 5, 4, 3, 21, 22, 20, 19, 35, 34, 37, 33]",True,16172499345,16.172499345,"[15, 8, 43, 41, 29, 112, 148, 110, 9, 111, 108, 106, 115, 107, 6, 1, 2, 0, 101, 120, 114, 121, 52, 47, 46, 39, 51, 68, 45, 49, 56, 57, 38, 83, 44, 103, 62, 60, 89, 70, 69, 59, 79, 80, 72, 86, 66, 73, 65, 23, 5, 4, 21, 22, 20, 35, 34, 37, 33, 3, 100, 96, 98, 11, 30, 31, 24, 19, 84, 82, 87, 81, 104, 88, 95]","[95, 88, 104, 81, 87, 82, 84, 19, 24, 31, 30, 11, 98, 96, 100, 3, 33, 37, 34, 35, 20, 22, 21, 4, 5, 23, 65, 73, 66, 86, 72, 80, 79, 59, 69, 70, 89, 60, 62, 103, 44, 83, 38, 57, 56, 49, 45, 68, 51, 39, 46, 47, 52, 121, 114, 120, 101, 0, 2, 1, 6, 107, 115, 106, 108, 111, 9, 110, 148, 112, 29, 41, 43, 8, 15]",False,complete,76,76,2861,0,1579,1,1578,1578,,False,,,,,,,2,104,24,104,24,24,24,24
2,10490,39,76,73,"[7, 8, 10, 12, 13, 14, 16, 17, 18, 25, 26, 27, 28, 29, 32, 36, 40, 42, 48, 50, 53, 54, 55, 58, 61, 63, 64, 67, 71, 74, 75, 76, 77, 78, 85, 90, 91, 92, 93, 94, 97, 99, 102, 105, 109, 116, 117, 118, 119, 122, 123, 124, 125, 126, 127, 128, 129, 130, 131, 132, 133, 134, 135, 136, 137, 138, 139, 140, 141, 142, 143, 144, 145, 146, 147, 149]","[0, 1, 2, 3, 4, 5, 6, 9, 11, 15, 19, 20, 21, 22, 23, 24, 30, 31, 33, 34, 35, 37, 38, 39, 41, 43, 44, 45, 46, 47, 49, 51, 52, 56, 57, 59, 60, 62, 65, 66, 68, 69, 70, 72, 73, 79, 80, 81, 82, 83, 84, 86, 87, 88, 89, 95, 96, 98, 100, 101, 103, 104, 106, 107, 108, 110, 111, 112, 114, 115, 120, 121, 148]",{},[],0,"[122, 17, 18, 32, 137, 138, 139, 140, 13, 14, 118, 116, 136, 16, 36, 135, 28, 26, 105, 99, 149, 102, 144, 10, 145, 146, 147, 12, 71, 58, 134, 109, 78, 67, 48, 61, 85, 93, 133, 40, 42, 143, 25, 7, 131, 130, 132, 129, 54, 76, 74, 97, 128, 63, 94, 127, 91, 64, 126, 50, 125, 124, 123, 141, 142, 119, 117, 90, 77, 53, 55, 75, 92, 27, 29, 8, 15, 41, 43, 112, 148, 110, 9, 111, 108, 106, 115, 107, 6, 1, 2, 0, 101, 120, 114, 121, 52, 47, 46, 39, 51, 68, 45, 49, 56, 57, 38, 83, 44, 103, 62, 60, 89, 70, 69, 59, 79, 80, 72, 86, 66, 73, 65, 31, 30, 24, 11, 100, 96, 98, 84, 87, 82, 81, 104, 88, 95, 23, 5, 4, 3, 21, 22, 20, 19, 35, 34, 37, 33]",True,15120815768,15.120815768,"[15, 43, 41, 112, 148, 110, 9, 111, 108, 106, 115, 107, 6, 1, 2, 0, 114, 120, 121, 101, 52, 47, 46, 39, 51, 68, 45, 49, 56, 57, 38, 83, 44, 103, 62, 60, 89, 70, 69, 59, 79, 80, 72, 86, 66, 73, 65, 31, 30, 24, 11, 100, 96, 98, 84, 82, 87, 81, 104, 88, 95, 23, 5, 4, 3, 21, 22, 20, 19, 35, 34, 37, 33]","[33, 37, 34, 35, 19, 20, 22, 21, 3, 4, 5, 23, 95, 88, 104, 81, 87, 82, 84, 98, 96, 100, 11, 24, 30, 31, 65, 73, 66, 86, 72, 80, 79, 59, 69, 70, 89, 60, 62, 103, 44, 83, 38, 57, 56, 49, 45, 68, 51, 39, 46, 47, 52, 101, 121, 120, 114, 0, 2, 1, 6, 107, 115, 106, 108, 111, 9, 110, 148, 112, 41, 43, 15]",False,complete,73,73,2701,0,1428,0,1428,1428,,False,,,,,,,2,94,23,94,23,23,23,23
2,10491,40,78,71,"[7, 8, 10, 12, 13, 14, 15, 16, 17, 18, 25, 26, 27, 28, 29, 32, 36, 40, 41, 42, 48, 50, 53, 54, 55, 58, 61, 63, 64, 67, 71, 74, 75, 76, 77, 78, 85, 90, 91, 92, 93, 94, 97, 99, 102, 105, 109, 116, 117, 118, 119, 122, 123, 124, 125, 126, 127, 128, 129, 130, 131, 132, 133, 134, 135, 136, 137, 138, 139, 140, 141, 142, 143, 144, 145, 146, 147, 149]","[0, 1, 2, 3, 4, 5, 6, 9, 11, 19, 20, 21, 22, 23, 24, 30, 31, 33, 34, 35, 37, 38, 39, 43, 44, 45, 46, 47, 49, 51, 52, 56, 57, 59, 60, 62, 65, 66, 68, 69, 70, 72, 73, 79, 80, 81, 82, 83, 84, 86, 87, 88, 89, 95, 96, 98, 100, 101, 103, 104, 106, 107, 108, 110, 111, 112, 114, 115, 120, 121, 148]",{},[],0,"[122, 17, 18, 32, 137, 138, 139, 140, 13, 14, 118, 116, 136, 16, 36, 135, 28, 26, 105, 99, 149, 102, 144, 10, 145, 146, 147, 12, 71, 58, 134, 109, 78, 67, 48, 61, 85, 93, 133, 40, 42, 143, 25, 7, 131, 130, 132, 129, 54, 76, 74, 97, 128, 63, 94, 127, 91, 64, 126, 50, 125, 124, 123, 141, 142, 119, 117, 90, 77, 53, 55, 75, 92, 27, 29, 8, 15, 41, 43, 112, 148, 110, 9, 111, 108, 106, 115, 107, 6, 1, 2, 0, 101, 120, 114, 121, 52, 47, 46, 39, 51, 68, 45, 49, 56, 57, 38, 83, 44, 103, 62, 60, 89, 70, 69, 59, 79, 80, 72, 86, 66, 73, 65, 31, 30, 24, 11, 100, 96, 98, 84, 87, 82, 81, 104, 88, 95, 23, 5, 4, 3, 21, 22, 20, 19, 35, 34, 37, 33]",True,14070453847,14.070453847,"[43, 112, 148, 110, 9, 111, 108, 106, 115, 107, 6, 1, 2, 0, 114, 120, 121, 101, 52, 47, 46, 39, 51, 68, 45, 49, 56, 57, 38, 83, 44, 103, 62, 60, 89, 70, 69, 59, 79, 80, 72, 86, 66, 73, 65, 31, 30, 24, 11, 100, 96, 98, 84, 82, 87, 81, 104, 88, 95, 23, 5, 4, 3, 21, 22, 20, 19, 35, 34, 37, 33]","[33, 37, 34, 35, 19, 20, 22, 21, 3, 4, 5, 23, 95, 88, 104, 81, 87, 82, 84, 98, 96, 100, 11, 24, 30, 31, 65, 73, 66, 86, 72, 80, 79, 59, 69, 70, 89, 60, 62, 103, 44, 83, 38, 57, 56, 49, 45, 68, 51, 39, 46, 47, 52, 101, 121, 120, 114, 0, 2, 1, 6, 107, 115, 106, 108, 111, 9, 110, 148, 112, 43]",False,complete,71,71,2556,0,1367,0,1367,1367,,False,,,,,,,2,94,23,94,23,23,23,23
2,10492,41,80,69,"[7, 8, 10, 12, 13, 14, 15, 16, 17, 18, 25, 26, 27, 28, 29, 32, 36, 40, 41, 42, 43, 48, 50, 53, 54, 55, 58, 61, 63, 64, 67, 71, 74, 75, 76, 77, 78, 85, 90, 91, 92, 93, 94, 97, 99, 102, 105, 109, 112, 116, 117, 118, 119, 122, 123, 124, 125, 126, 127, 128, 129, 130, 131, 132, 133, 134, 135, 136, 137, 138, 139, 140, 141, 142, 143, 144, 145, 146, 147, 149]","[0, 1, 2, 3, 4, 5, 6, 9, 11, 19, 20, 21, 22, 23, 24, 30, 31, 33, 34, 35, 37, 38, 39, 44, 45, 46, 47, 49, 51, 52, 56, 57, 59, 60, 62, 65, 66, 68, 69, 70, 72, 73, 79, 80, 81, 82, 83, 84, 86, 87, 88, 89, 95, 96, 98, 100, 101, 103, 104, 106, 107, 108, 110, 111, 114, 115, 120, 121, 148]","{""support_1"": 111}",[111],1,"[122, 17, 18, 32, 137, 138, 139, 140, 13, 14, 118, 116, 136, 16, 36, 135, 28, 26, 105, 99, 149, 102, 144, 10, 145, 146, 147, 12, 71, 58, 134, 109, 78, 67, 48, 61, 85, 93, 133, 40, 42, 143, 25, 7, 131, 130, 132, 129, 54, 76, 74, 97, 128, 63, 94, 127, 91, 64, 126, 50, 125, 124, 123, 141, 142, 119, 117, 90, 77, 53, 55, 75, 92, 27, 29, 8, 15, 41, 43, 112, 148, 110, 9, 111, 108, 106, 115, 107, 6, 1, 2, 0, 101, 120, 114, 121, 52, 47, 46, 39, 51, 68, 45, 49, 56, 57, 38, 83, 44, 103, 62, 60, 89, 70, 69, 59, 79, 80, 72, 86, 66, 73, 65, 31, 30, 24, 11, 100, 96, 98, 84, 87, 82, 81, 104, 88, 95, 23, 5, 4, 3, 21, 22, 20, 19, 35, 34, 37, 33]",True,13287812247,13.287812247,"[148, 110, 9, 111, 108, 106, 115, 107, 6, 1, 2, 0, 101, 120, 114, 121, 52, 47, 46, 39, 51, 68, 45, 49, 56, 57, 38, 83, 44, 104, 62, 60, 89, 70, 69, 59, 79, 80, 72, 86, 66, 73, 65, 23, 5, 4, 21, 22, 20, 35, 34, 37, 33, 3, 100, 96, 98, 11, 30, 31, 24, 19, 84, 87, 82, 81, 103, 88, 95]","[95, 88, 103, 81, 82, 87, 84, 19, 24, 31, 30, 11, 98, 96, 100, 3, 33, 37, 34, 35, 20, 22, 21, 4, 5, 23, 65, 73, 66, 86, 72, 80, 79, 59, 69, 70, 89, 60, 62, 104, 44, 83, 38, 57, 56, 49, 45, 68, 51, 39, 46, 47, 52, 121, 114, 120, 101, 0, 2, 1, 6, 107, 115, 106, 108, 111, 9, 110, 148]",False,complete,70,70,2426,0,1352,1,1351,1351,,False,,,,,,,2,103,23,103,24,24,23,24
2,10493,42,82,67,"[7, 8, 10, 12, 13, 14, 15, 16, 17, 18, 25, 26, 27, 28, 29, 32, 36, 40, 41, 42, 43, 48, 50, 53, 54, 55, 58, 61, 63, 64, 67, 71, 74, 75, 76, 77, 78, 85, 90, 91, 92, 93, 94, 97, 99, 102, 105, 109, 110, 112, 116, 117, 118, 119, 122, 123, 124, 125, 126, 127, 128, 129, 130, 131, 132, 133, 134, 135, 136, 137, 138, 139, 140, 141, 142, 143, 144, 145, 146, 147, 148, 149]","[0, 1, 2, 3, 4, 5, 6, 9, 11, 19, 20, 21, 22, 23, 24, 30, 31, 33, 34, 35, 37, 38, 39, 44, 45, 46, 47, 49, 51, 52, 56, 57, 59, 60, 62, 65, 66, 68, 69, 70, 72, 73, 79, 80, 81, 82, 83, 84, 86, 87, 88, 89, 95, 96, 98, 100, 101, 103, 104, 106, 107, 108, 111, 114, 115, 120, 121]","{""support_1"": 111}",[111],1,"[122, 17, 18, 32, 137, 138, 139, 140, 13, 14, 118, 116, 136, 16, 36, 135, 28, 26, 105, 99, 149, 102, 144, 10, 145, 146, 147, 12, 71, 58, 134, 109, 78, 67, 48, 61, 85, 93, 133, 40, 42, 143, 25, 7, 131, 130, 132, 129, 54, 76, 74, 97, 128, 63, 94, 127, 91, 64, 126, 50, 125, 124, 123, 141, 142, 119, 117, 90, 77, 53, 55, 75, 92, 27, 29, 8, 15, 41, 43, 112, 148, 110, 9, 111, 108, 106, 115, 107, 6, 1, 2, 0, 101, 120, 114, 121, 52, 47, 46, 39, 51, 68, 45, 49, 56, 57, 38, 83, 44, 103, 62, 60, 89, 70, 69, 59, 79, 80, 72, 86, 66, 73, 65, 31, 30, 24, 11, 100, 96, 98, 84, 87, 82, 81, 104, 88, 95, 23, 5, 4, 3, 21, 22, 20, 19, 35, 34, 37, 33]",True,12186164681,12.186164681,"[9, 111, 108, 106, 115, 107, 6, 1, 2, 0, 114, 120, 121, 101, 52, 47, 46, 39, 51, 68, 45, 49, 56, 57, 38, 83, 44, 103, 62, 60, 89, 70, 69, 59, 79, 80, 72, 86, 66, 73, 65, 31, 30, 11, 24, 100, 96, 98, 84, 87, 82, 81, 104, 88, 95, 23, 5, 4, 3, 21, 22, 20, 19, 35, 34, 37, 33]","[33, 37, 34, 35, 19, 20, 22, 21, 3, 4, 5, 23, 95, 88, 104, 81, 82, 87, 84, 98, 96, 100, 24, 11, 30, 31, 65, 73, 66, 86, 72, 80, 79, 59, 69, 70, 89, 60, 62, 103, 44, 83, 38, 57, 56, 49, 45, 68, 51, 39, 46, 47, 52, 101, 121, 120, 114, 0, 2, 1, 6, 107, 115, 106, 108, 111, 9]",False,complete,67,67,2278,0,1260,0,1260,1260,,False,,,,,,,2,91,22,91,23,23,22,23
2,10494,43,84,65,"[7, 8, 9, 10, 12, 13, 14, 15, 16, 17, 18, 25, 26, 27, 28, 29, 32, 36, 40, 41, 42, 43, 48, 50, 53, 54, 55, 58, 61, 63, 64, 67, 71, 74, 75, 76, 77, 78, 85, 90, 91, 92, 93, 94, 97, 99, 102, 105, 109, 110, 111, 112, 116, 117, 118, 119, 122, 123, 124, 125, 126, 127, 128, 129, 130, 131, 132, 133, 134, 135, 136, 137, 138, 139, 140, 141, 142, 143, 144, 145, 146, 147, 148, 149]","[0, 1, 2, 3, 4, 5, 6, 11, 19, 20, 21, 22, 23, 24, 30, 31, 33, 34, 35, 37, 38, 39, 44, 45, 46, 47, 49, 51, 52, 56, 57, 59, 60, 62, 65, 66, 68, 69, 70, 72, 73, 79, 80, 81, 82, 83, 84, 86, 87, 88, 89, 95, 96, 98, 100, 101, 103, 104, 106, 107, 108, 114, 115, 120, 121]","{""support_1"": 108}",[108],1,"[122, 17, 18, 32, 137, 138, 139, 140, 13, 14, 118, 116, 136, 16, 36, 135, 28, 26, 105, 99, 149, 102, 144, 10, 145, 146, 147, 12, 71, 58, 134, 109, 78, 67, 48, 61, 85, 93, 133, 40, 42, 143, 25, 7, 131, 130, 132, 129, 54, 76, 74, 97, 128, 63, 94, 127, 91, 64, 126, 50, 125, 124, 123, 141, 142, 119, 117, 90, 77, 53, 55, 75, 92, 27, 29, 8, 15, 41, 43, 112, 148, 110, 9, 111, 108, 106, 115, 107, 6, 1, 2, 0, 101, 120, 114, 121, 52, 47, 46, 39, 51, 68, 45, 49, 56, 57, 38, 83, 44, 103, 62, 60, 89, 70, 69, 59, 79, 80, 72, 86, 66, 73, 65, 31, 30, 24, 11, 100, 96, 98, 84, 87, 82, 81, 104, 88, 95, 23, 5, 4, 3, 21, 22, 20, 19, 35, 34, 37, 33]",True,11094861310,11.094861310,"[108, 106, 115, 107, 6, 1, 2, 0, 114, 120, 121, 101, 52, 47, 46, 39, 51, 68, 45, 49, 56, 57, 38, 83, 44, 103, 62, 60, 89, 70, 69, 59, 79, 80, 72, 86, 66, 73, 65, 31, 30, 11, 24, 100, 96, 98, 84, 82, 87, 81, 104, 88, 95, 23, 5, 4, 3, 21, 22, 20, 19, 35, 34, 37, 33]","[33, 37, 34, 35, 19, 20, 22, 21, 3, 4, 5, 23, 95, 88, 104, 81, 87, 82, 84, 98, 96, 100, 24, 11, 30, 31, 65, 73, 66, 86, 72, 80, 79, 59, 69, 70, 89, 60, 62, 103, 44, 83, 38, 57, 56, 49, 45, 68, 51, 39, 46, 47, 52, 101, 121, 120, 114, 0, 2, 1, 6, 107, 115, 106, 108]",False,complete,65,65,2145,0,1182,0,1182,1182,,False,,,,,,,2,89,21,89,21,21,21,22
2,10495,44,86,63,"[7, 8, 9, 10, 12, 13, 14, 15, 16, 17, 18, 25, 26, 27, 28, 29, 32, 36, 40, 41, 42, 43, 48, 50, 53, 54, 55, 58, 61, 63, 64, 67, 71, 74, 75, 76, 77, 78, 85, 90, 91, 92, 93, 94, 97, 99, 102, 105, 106, 108, 109, 110, 111, 112, 116, 117, 118, 119, 122, 123, 124, 125, 126, 127, 128, 129, 130, 131, 132, 133, 134, 135, 136, 137, 138, 139, 140, 141, 142, 143, 144, 145, 146, 147, 148, 149]","[0, 1, 2, 3, 4, 5, 6, 11, 19, 20, 21, 22, 23, 24, 30, 31, 33, 34, 35, 37, 38, 39, 44, 45, 46, 47, 49, 51, 52, 56, 57, 59, 60, 62, 65, 66, 68, 69, 70, 72, 73, 79, 80, 81, 82, 83, 84, 86, 87, 88, 89, 95, 96, 98, 100, 101, 103, 104, 107, 114, 115, 120, 121]","{""support_1"": 115}",[115],1,"[122, 17, 18, 32, 137, 138, 139, 140, 13, 14, 118, 116, 136, 16, 36, 135, 28, 26, 105, 99, 149, 102, 144, 10, 145, 146, 147, 12, 71, 58, 134, 109, 78, 67, 48, 61, 85, 93, 133, 40, 42, 143, 25, 7, 131, 130, 132, 129, 54, 76, 74, 97, 128, 63, 94, 127, 91, 64, 126, 50, 125, 124, 123, 141, 142, 119, 117, 90, 77, 53, 55, 75, 92, 27, 29, 8, 15, 41, 43, 112, 148, 110, 9, 111, 108, 106, 115, 107, 6, 1, 2, 0, 101, 120, 114, 121, 52, 47, 46, 39, 51, 68, 45, 49, 56, 57, 38, 83, 44, 103, 62, 60, 89, 70, 69, 59, 79, 80, 72, 86, 66, 73, 65, 31, 30, 24, 11, 100, 96, 98, 84, 87, 82, 81, 104, 88, 95, 23, 5, 4, 3, 21, 22, 20, 19, 35, 34, 37, 33]",True,10340133617,10.340133617,"[115, 107, 6, 1, 2, 0, 101, 120, 114, 121, 52, 47, 46, 39, 51, 68, 45, 49, 56, 57, 38, 83, 44, 103, 62, 60, 89, 70, 69, 59, 79, 80, 72, 86, 66, 73, 65, 31, 30, 11, 24, 100, 96, 98, 84, 82, 87, 81, 104, 88, 95, 23, 5, 4, 3, 21, 22, 20, 19, 35, 34, 37, 33]","[33, 37, 34, 35, 19, 20, 22, 21, 3, 4, 5, 23, 95, 88, 104, 81, 87, 82, 84, 98, 96, 100, 24, 11, 30, 31, 65, 73, 66, 86, 72, 80, 79, 59, 69, 70, 89, 60, 62, 103, 44, 83, 38, 57, 56, 49, 45, 68, 51, 39, 46, 47, 52, 121, 114, 120, 101, 0, 2, 1, 6, 107, 115]",False,complete,63,63,2016,0,1103,0,1103,1103,,False,,,,,,,2,87,20,87,20,20,20,21
2,10496,45,88,61,"[7, 8, 9, 10, 12, 13, 14, 15, 16, 17, 18, 25, 26, 27, 28, 29, 32, 36, 40, 41, 42, 43, 48, 50, 53, 54, 55, 58, 61, 63, 64, 67, 71, 74, 75, 76, 77, 78, 85, 90, 91, 92, 93, 94, 97, 99, 102, 105, 106, 107, 108, 109, 110, 111, 112, 115, 116, 117, 118, 119, 122, 123, 124, 125, 126, 127, 128, 129, 130, 131, 132, 133, 134, 135, 136, 137, 138, 139, 140, 141, 142, 143, 144, 145, 146, 147, 148, 149]","[0, 1, 2, 3, 4, 5, 6, 11, 19, 20, 21, 22, 23, 24, 30, 31, 33, 34, 35, 37, 38, 39, 44, 45, 46, 47, 49, 51, 52, 56, 57, 59, 60, 62, 65, 66, 68, 69, 70, 72, 73, 79, 80, 81, 82, 83, 84, 86, 87, 88, 89, 95, 96, 98, 100, 101, 103, 104, 114, 120, 121]","{""support_1"": 121}",[121],1,"[122, 17, 18, 32, 137, 138, 139, 140, 13, 14, 118, 116, 136, 16, 36, 135, 28, 26, 105, 99, 149, 102, 144, 10, 145, 146, 147, 12, 71, 58, 134, 109, 78, 67, 48, 61, 85, 93, 133, 40, 42, 143, 25, 7, 131, 130, 132, 129, 54, 76, 74, 97, 128, 63, 94, 127, 91, 64, 126, 50, 125, 124, 123, 141, 142, 119, 117, 90, 77, 53, 55, 75, 92, 27, 29, 8, 15, 41, 43, 112, 148, 110, 9, 111, 108, 106, 115, 107, 6, 1, 2, 0, 101, 120, 114, 121, 52, 47, 46, 39, 51, 68, 45, 49, 56, 57, 38, 83, 44, 103, 62, 60, 89, 70, 69, 59, 79, 80, 72, 86, 66, 73, 65, 31, 30, 24, 11, 100, 96, 98, 84, 87, 82, 81, 104, 88, 95, 23, 5, 4, 3, 21, 22, 20, 19, 35, 34, 37, 33]",True,9644358260,9.644358260,"[6, 1, 2, 0, 114, 120, 121, 101, 52, 47, 46, 39, 51, 68, 45, 49, 56, 57, 38, 83, 44, 104, 62, 60, 89, 70, 69, 59, 79, 80, 72, 86, 66, 73, 65, 23, 5, 4, 21, 22, 20, 35, 34, 37, 33, 19, 100, 96, 98, 24, 30, 11, 31, 3, 84, 82, 87, 81, 103, 88, 95]","[95, 88, 103, 81, 87, 82, 84, 3, 31, 11, 30, 24, 98, 96, 100, 19, 33, 37, 34, 35, 20, 22, 21, 4, 5, 23, 65, 73, 66, 86, 72, 80, 79, 59, 69, 70, 89, 60, 62, 104, 44, 83, 38, 57, 56, 49, 45, 68, 51, 39, 46, 47, 52, 101, 121, 120, 114, 0, 2, 1, 6]",False,complete,62,62,1902,0,1123,1,1122,1122,,False,,,,,,,2,96,20,96,21,21,20,21
2,10497,46,90,59,"[1, 6, 7, 8, 9, 10, 12, 13, 14, 15, 16, 17, 18, 25, 26, 27, 28, 29, 32, 36, 40, 41, 42, 43, 48, 50, 53, 54, 55, 58, 61, 63, 64, 67, 71, 74, 75, 76, 77, 78, 85, 90, 91, 92, 93, 94, 97, 99, 102, 105, 106, 107, 108, 109, 110, 111, 112, 115, 116, 117, 118, 119, 122, 123, 124, 125, 126, 127, 128, 129, 130, 131, 132, 133, 134, 135, 136, 137, 138, 139, 140, 141, 142, 143, 144, 145, 146, 147, 148, 149]","[0, 2, 3, 4, 5, 11, 19, 20, 21, 22, 23, 24, 30, 31, 33, 34, 35, 37, 38, 39, 44, 45, 46, 47, 49, 51, 52, 56, 57, 59, 60, 62, 65, 66, 68, 69, 70, 72, 73, 79, 80, 81, 82, 83, 84, 86, 87, 88, 89, 95, 96, 98, 100, 101, 103, 104, 114, 120, 121]","{""support_1"": 121, ""support_2"": 2}","[2, 121]",2,"[122, 17, 18, 32, 137, 138, 139, 140, 13, 14, 118, 116, 136, 16, 36, 135, 28, 26, 105, 99, 149, 102, 144, 10, 145, 146, 147, 12, 71, 58, 134, 109, 78, 67, 48, 61, 85, 93, 133, 40, 42, 143, 25, 7, 131, 130, 132, 129, 54, 76, 74, 97, 128, 63, 94, 127, 91, 64, 126, 50, 125, 124, 123, 141, 142, 119, 117, 90, 77, 53, 55, 75, 92, 27, 29, 8, 15, 41, 43, 112, 148, 110, 9, 111, 108, 106, 115, 107, 6, 1, 2, 0, 101, 120, 114, 121, 52, 47, 46, 39, 51, 68, 45, 49, 56, 57, 38, 83, 44, 103, 62, 60, 89, 70, 69, 59, 79, 80, 72, 86, 66, 73, 65, 31, 30, 24, 11, 100, 96, 98, 84, 87, 82, 81, 104, 88, 95, 23, 5, 4, 3, 21, 22, 20, 19, 35, 34, 37, 33]",True,8128435866,8.128435866,"[2, 0, 114, 120, 121, 101, 52, 47, 46, 39, 51, 68, 45, 49, 56, 57, 38, 83, 44, 104, 62, 60, 89, 70, 69, 59, 79, 80, 72, 86, 66, 73, 65, 31, 30, 11, 24, 100, 96, 98, 84, 82, 87, 81, 103, 88, 95, 23, 5, 4, 3, 21, 22, 20, 19, 35, 34, 37, 33]","[33, 37, 34, 35, 19, 20, 22, 21, 3, 4, 5, 23, 95, 88, 103, 81, 87, 82, 84, 98, 96, 100, 24, 11, 30, 31, 65, 73, 66, 86, 72, 80, 79, 59, 69, 70, 89, 60, 62, 104, 44, 83, 38, 57, 56, 49, 45, 68, 51, 39, 46, 47, 52, 101, 121, 120, 114, 0, 2]",False,complete,59,59,1770,0,964,0,964,964,,False,,,,,,,2,81,18,81,19,19,18,20
2,10498,47,92,57,"[0, 1, 2, 6, 7, 8, 9, 10, 12, 13, 14, 15, 16, 17, 18, 25, 26, 27, 28, 29, 32, 36, 40, 41, 42, 43, 48, 50, 53, 54, 55, 58, 61, 63, 64, 67, 71, 74, 75, 76, 77, 78, 85, 90, 91, 92, 93, 94, 97, 99, 102, 105, 106, 107, 108, 109, 110, 111, 112, 115, 116, 117, 118, 119, 122, 123, 124, 125, 126, 127, 128, 129, 130, 131, 132, 133, 134, 135, 136, 137, 138, 139, 140, 141, 142, 143, 144, 145, 146, 147, 148, 149]","[3, 4, 5, 11, 19, 20, 21, 22, 23, 24, 30, 31, 33, 34, 35, 37, 38, 39, 44, 45, 46, 47, 49, 51, 52, 56, 57, 59, 60, 62, 65, 66, 68, 69, 70, 72, 73, 79, 80, 81, 82, 83, 84, 86, 87, 88, 89, 95, 96, 98, 100, 101, 103, 104, 114, 120, 121]","{""support_1"": 121}",[121],1,"[122, 17, 18, 32, 137, 138, 139, 140, 13, 14, 118, 116, 136, 16, 36, 135, 28, 26, 105, 99, 149, 102, 144, 10, 145, 146, 147, 12, 71, 58, 134, 109, 78, 67, 48, 61, 85, 93, 133, 40, 42, 143, 25, 7, 131, 130, 132, 129, 54, 76, 74, 97, 128, 63, 94, 127, 91, 64, 126, 50, 125, 124, 123, 141, 142, 119, 117, 90, 77, 53, 55, 75, 92, 27, 29, 8, 15, 41, 43, 112, 148, 110, 9, 111, 108, 106, 115, 107, 6, 1, 2, 0, 101, 120, 114, 121, 52, 47, 46, 39, 51, 68, 45, 49, 56, 57, 38, 83, 44, 103, 62, 60, 89, 70, 69, 59, 79, 80, 72, 86, 66, 73, 65, 31, 30, 24, 11, 100, 96, 98, 84, 87, 82, 81, 104, 88, 95, 23, 5, 4, 3, 21, 22, 20, 19, 35, 34, 37, 33]",True,8041538563,8.041538563,"[101, 120, 114, 121, 52, 47, 46, 39, 51, 68, 45, 49, 56, 57, 38, 83, 44, 103, 62, 60, 89, 70, 69, 59, 79, 80, 72, 86, 66, 73, 65, 31, 30, 11, 24, 100, 96, 98, 84, 87, 82, 81, 104, 88, 95, 23, 5, 4, 3, 21, 22, 20, 19, 35, 34, 37, 33]","[33, 37, 34, 35, 19, 20, 22, 21, 3, 4, 5, 23, 95, 88, 104, 81, 82, 87, 84, 98, 96, 100, 24, 11, 30, 31, 65, 73, 66, 86, 72, 80, 79, 59, 69, 70, 89, 60, 62, 103, 44, 83, 38, 57, 56, 49, 45, 68, 51, 39, 46, 47, 52, 121, 114, 120, 101]",False,complete,57,57,1653,0,961,0,961,961,,False,,,,,,,2,79,18,79,19,19,18,19
2,10499,48,94,55,"[0, 1, 2, 6, 7, 8, 9, 10, 12, 13, 14, 15, 16, 17, 18, 25, 26, 27, 28, 29, 32, 36, 40, 41, 42, 43, 48, 50, 53, 54, 55, 58, 61, 63, 64, 67, 71, 74, 75, 76, 77, 78, 85, 90, 91, 92, 93, 94, 97, 99, 101, 102, 105, 106, 107, 108, 109, 110, 111, 112, 115, 116, 117, 118, 119, 120, 122, 123, 124, 125, 126, 127, 128, 129, 130, 131, 132, 133, 134, 135, 136, 137, 138, 139, 140, 141, 142, 143, 144, 145, 146, 147, 148, 149]","[3, 4, 5, 11, 19, 20, 21, 22, 23, 24, 30, 31, 33, 34, 35, 37, 38, 39, 44, 45, 46, 47, 49, 51, 52, 56, 57, 59, 60, 62, 65, 66, 68, 69, 70, 72, 73, 79, 80, 81, 82, 83, 84, 86, 87, 88, 89, 95, 96, 98, 100, 103, 104, 114, 121]","{""support_1"": 121, ""support_2"": 114}","[114, 121]",2,"[122, 17, 18, 32, 137, 138, 139, 140, 13, 14, 118, 116, 136, 16, 36, 135, 28, 26, 105, 99, 149, 102, 144, 10, 145, 146, 147, 12, 71, 58, 134, 109, 78, 67, 48, 61, 85, 93, 133, 40, 42, 143, 25, 7, 131, 130, 132, 129, 54, 76, 74, 97, 128, 63, 94, 127, 91, 64, 126, 50, 125, 124, 123, 141, 142, 119, 117, 90, 77, 53, 55, 75, 92, 27, 29, 8, 15, 41, 43, 112, 148, 110, 9, 111, 108, 106, 115, 107, 6, 1, 2, 0, 101, 120, 114, 121, 52, 47, 46, 39, 51, 68, 45, 49, 56, 57, 38, 83, 44, 103, 62, 60, 89, 70, 69, 59, 79, 80, 72, 86, 66, 73, 65, 31, 30, 24, 11, 100, 96, 98, 84, 87, 82, 81, 104, 88, 95, 23, 5, 4, 3, 21, 22, 20, 19, 35, 34, 37, 33]",True,7196931048,7.196931048,"[114, 121, 52, 47, 46, 39, 51, 68, 45, 49, 56, 57, 38, 83, 44, 104, 62, 60, 89, 70, 69, 59, 79, 80, 72, 86, 66, 73, 65, 31, 30, 24, 11, 100, 96, 98, 84, 87, 82, 81, 103, 88, 95, 23, 5, 4, 3, 21, 22, 20, 19, 35, 34, 37, 33]","[33, 37, 34, 35, 19, 20, 22, 21, 3, 4, 5, 23, 95, 88, 103, 81, 82, 87, 84, 98, 96, 100, 11, 24, 30, 31, 65, 73, 66, 86, 72, 80, 79, 59, 69, 70, 89, 60, 62, 104, 44, 83, 38, 57, 56, 49, 45, 68, 51, 39, 46, 47, 52, 121, 114]",False,complete,55,55,1540,0,896,0,896,896,,False,,,,,,,2,75,17,75,18,18,17,19
2,10500,49,96,53,"[0, 1, 2, 6, 7, 8, 9, 10, 12, 13, 14, 15, 16, 17, 18, 25, 26, 27, 28, 29, 32, 36, 40, 41, 42, 43, 48, 50, 53, 54, 55, 58, 61, 63, 64, 67, 71, 74, 75, 76, 77, 78, 85, 90, 91, 92, 93, 94, 97, 99, 101, 102, 105, 106, 107, 108, 109, 110, 111, 112, 114, 115, 116, 117, 118, 119, 120, 121, 122, 123, 124, 125, 126, 127, 128, 129, 130, 131, 132, 133, 134, 135, 136, 137, 138, 139, 140, 141, 142, 143, 144, 145, 146, 147, 148, 149]","[3, 4, 5, 11, 19, 20, 21, 22, 23, 24, 30, 31, 33, 34, 35, 37, 38, 39, 44, 45, 46, 47, 49, 51, 52, 56, 57, 59, 60, 62, 65, 66, 68, 69, 70, 72, 73, 79, 80, 81, 82, 83, 84, 86, 87, 88, 89, 95, 96, 98, 100, 103, 104]",{},[],0,"[122, 17, 18, 32, 137, 138, 139, 140, 13, 14, 118, 116, 136, 16, 36, 135, 28, 26, 105, 99, 149, 102, 144, 10, 145, 146, 147, 12, 71, 58, 134, 109, 78, 67, 48, 61, 85, 93, 133, 40, 42, 143, 25, 7, 131, 130, 132, 129, 54, 76, 74, 97, 128, 63, 94, 127, 91, 64, 126, 50, 125, 124, 123, 141, 142, 119, 117, 90, 77, 53, 55, 75, 92, 27, 29, 8, 15, 41, 43, 112, 148, 110, 9, 111, 108, 106, 115, 107, 6, 1, 2, 0, 101, 120, 114, 121, 52, 47, 46, 39, 51, 68, 45, 49, 56, 57, 38, 83, 44, 103, 62, 60, 89, 70, 69, 59, 79, 80, 72, 86, 66, 73, 65, 31, 30, 24, 11, 100, 96, 98, 84, 87, 82, 81, 104, 88, 95, 23, 5, 4, 3, 21, 22, 20, 19, 35, 34, 37, 33]",True,7341821039,7.341821039,"[52, 47, 46, 39, 51, 68, 45, 49, 56, 57, 38, 83, 44, 103, 62, 60, 89, 70, 69, 59, 79, 80, 72, 86, 66, 73, 65, 31, 30, 24, 11, 100, 96, 98, 84, 82, 87, 81, 104, 88, 95, 23, 5, 4, 3, 21, 22, 20, 19, 35, 34, 37, 33]","[33, 37, 34, 35, 19, 20, 22, 21, 3, 4, 5, 23, 95, 88, 104, 81, 87, 82, 84, 98, 96, 100, 11, 24, 30, 31, 65, 73, 66, 86, 72, 80, 79, 59, 69, 70, 89, 60, 62, 103, 44, 83, 38, 57, 56, 49, 45, 68, 51, 39, 46, 47, 52]",False,complete,53,53,1431,0,897,0,897,897,,False,,,,,,,2,74,17,74,17,17,17,17
2,10501,50,98,51,"[0, 1, 2, 6, 7, 8, 9, 10, 12, 13, 14, 15, 16, 17, 18, 25, 26, 27, 28, 29, 32, 36, 40, 41, 42, 43, 47, 48, 50, 52, 53, 54, 55, 58, 61, 63, 64, 67, 71, 74, 75, 76, 77, 78, 85, 90, 91, 92, 93, 94, 97, 99, 101, 102, 105, 106, 107, 108, 109, 110, 111, 112, 114, 115, 116, 117, 118, 119, 120, 121, 122, 123, 124, 125, 126, 127, 128, 129, 130, 131, 132, 133, 134, 135, 136, 137, 138, 139, 140, 141, 142, 143, 144, 145, 146, 147, 148, 149]","[3, 4, 5, 11, 19, 20, 21, 22, 23, 24, 30, 31, 33, 34, 35, 37, 38, 39, 44, 45, 46, 49, 51, 56, 57, 59, 60, 62, 65, 66, 68, 69, 70, 72, 73, 79, 80, 81, 82, 83, 84, 86, 87, 88, 89, 95, 96, 98, 100, 103, 104]","{""support_1"": 46}",[46],1,"[122, 17, 18, 32, 137, 138, 139, 140, 13, 14, 118, 116, 136, 16, 36, 135, 28, 26, 105, 99, 149, 102, 144, 10, 145, 146, 147, 12, 71, 58, 134, 109, 78, 67, 48, 61, 85, 93, 133, 40, 42, 143, 25, 7, 131, 130, 132, 129, 54, 76, 74, 97, 128, 63, 94, 127, 91, 64, 126, 50, 125, 124, 123, 141, 142, 119, 117, 90, 77, 53, 55, 75, 92, 27, 29, 8, 15, 41, 43, 112, 148, 110, 9, 111, 108, 106, 115, 107, 6, 1, 2, 0, 101, 120, 114, 121, 52, 47, 46, 39, 51, 68, 45, 49, 56, 57, 38, 83, 44, 103, 62, 60, 89, 70, 69, 59, 79, 80, 72, 86, 66, 73, 65, 31, 30, 24, 11, 100, 96, 98, 84, 87, 82, 81, 104, 88, 95, 23, 5, 4, 3, 21, 22, 20, 19, 35, 34, 37, 33]",True,6288478495,6.288478495,"[46, 39, 51, 68, 45, 49, 56, 57, 38, 83, 44, 104, 62, 60, 89, 70, 69, 59, 79, 80, 72, 86, 66, 73, 65, 23, 5, 4, 21, 22, 20, 35, 34, 37, 33, 3, 100, 96, 98, 11, 30, 31, 24, 19, 84, 87, 82, 81, 103, 88, 95]","[95, 88, 103, 81, 82, 87, 84, 19, 24, 31, 30, 11, 98, 96, 100, 3, 33, 37, 34, 35, 20, 22, 21, 4, 5, 23, 65, 73, 66, 86, 72, 80, 79, 59, 69, 70, 89, 60, 62, 104, 44, 83, 38, 57, 56, 49, 45, 68, 51, 39, 46]",False,complete,52,52,1337,0,858,1,857,857,,False,,,,,,,2,82,16,82,16,16,16,17
2,10502,51,100,49,"[0, 1, 2, 6, 7, 8, 9, 10, 12, 13, 14, 15, 16, 17, 18, 25, 26, 27, 28, 29, 32, 36, 39, 40, 41, 42, 43, 46, 47, 48, 50, 52, 53, 54, 55, 58, 61, 63, 64, 67, 71, 74, 75, 76, 77, 78, 85, 90, 91, 92, 93, 94, 97, 99, 101, 102, 105, 106, 107, 108, 109, 110, 111, 112, 114, 115, 116, 117, 118, 119, 120, 121, 122, 123, 124, 125, 126, 127, 128, 129, 130, 131, 132, 133, 134, 135, 136, 137, 138, 139, 140, 141, 142, 143, 144, 145, 146, 147, 148, 149]","[3, 4, 5, 11, 19, 20, 21, 22, 23, 24, 30, 31, 33, 34, 35, 37, 38, 44, 45, 49, 51, 56, 57, 59, 60, 62, 65, 66, 68, 69, 70, 72, 73, 79, 80, 81, 82, 83, 84, 86, 87, 88, 89, 95, 96, 98, 100, 103, 104]","{""support_1"": 51}",[51],1,"[122, 17, 18, 32, 137, 138, 139, 140, 13, 14, 118, 116, 136, 16, 36, 135, 28, 26, 105, 99, 149, 102, 144, 10, 145, 146, 147, 12, 71, 58, 134, 109, 78, 67, 48, 61, 85, 93, 133, 40, 42, 143, 25, 7, 131, 130, 132, 129, 54, 76, 74, 97, 128, 63, 94, 127, 91, 64, 126, 50, 125, 124, 123, 141, 142, 119, 117, 90, 77, 53, 55, 75, 92, 27, 29, 8, 15, 41, 43, 112, 148, 110, 9, 111, 108, 106, 115, 107, 6, 1, 2, 0, 101, 120, 114, 121, 52, 47, 46, 39, 51, 68, 45, 49, 56, 57, 38, 83, 44, 103, 62, 60, 89, 70, 69, 59, 79, 80, 72, 86, 66, 73, 65, 31, 30, 24, 11, 100, 96, 98, 84, 87, 82, 81, 104, 88, 95, 23, 5, 4, 3, 21, 22, 20, 19, 35, 34, 37, 33]",True,5210171880,5.210171880,"[51, 68, 45, 49, 56, 57, 38, 83, 44, 104, 62, 60, 89, 70, 69, 59, 79, 80, 72, 86, 66, 73, 65, 23, 5, 4, 21, 22, 20, 35, 34, 37, 33, 3, 100, 96, 98, 11, 30, 31, 24, 19, 84, 82, 87, 81, 103, 88, 95]","[95, 88, 103, 81, 87, 82, 84, 19, 24, 31, 30, 11, 98, 96, 100, 3, 33, 37, 34, 35, 20, 22, 21, 4, 5, 23, 65, 73, 66, 86, 72, 80, 79, 59, 69, 70, 89, 60, 62, 104, 44, 83, 38, 57, 56, 49, 45, 68, 51]",False,complete,50,50,1236,0,775,1,774,774,,False,,,,,,,2,80,15,80,15,15,15,16
2,10503,52,102,47,"[0, 1, 2, 6, 7, 8, 9, 10, 12, 13, 14, 15, 16, 17, 18, 25, 26, 27, 28, 29, 32, 36, 39, 40, 41, 42, 43, 46, 47, 48, 50, 51, 52, 53, 54, 55, 58, 61, 63, 64, 67, 68, 71, 74, 75, 76, 77, 78, 85, 90, 91, 92, 93, 94, 97, 99, 101, 102, 105, 106, 107, 108, 109, 110, 111, 112, 114, 115, 116, 117, 118, 119, 120, 121, 122, 123, 124, 125, 126, 127, 128, 129, 130, 131, 132, 133, 134, 135, 136, 137, 138, 139, 140, 141, 142, 143, 144, 145, 146, 147, 148, 149]","[3, 4, 5, 11, 19, 20, 21, 22, 23, 24, 30, 31, 33, 34, 35, 37, 38, 44, 45, 49, 56, 57, 59, 60, 62, 65, 66, 69, 70, 72, 73, 79, 80, 81, 82, 83, 84, 86, 87, 88, 89, 95, 96, 98, 100, 103, 104]","{""support_1"": 62}",[62],1,"[122, 17, 18, 32, 137, 138, 139, 140, 13, 14, 118, 116, 136, 16, 36, 135, 28, 26, 105, 99, 149, 102, 144, 10, 145, 146, 147, 12, 71, 58, 134, 109, 78, 67, 48, 61, 85, 93, 133, 40, 42, 143, 25, 7, 131, 130, 132, 129, 54, 76, 74, 97, 128, 63, 94, 127, 91, 64, 126, 50, 125, 124, 123, 141, 142, 119, 117, 90, 77, 53, 55, 75, 92, 27, 29, 8, 15, 41, 43, 112, 148, 110, 9, 111, 108, 106, 115, 107, 6, 1, 2, 0, 101, 120, 114, 121, 52, 47, 46, 39, 51, 68, 45, 49, 56, 57, 38, 83, 44, 103, 62, 60, 89, 70, 69, 59, 79, 80, 72, 86, 66, 73, 65, 31, 30, 24, 11, 100, 96, 98, 84, 87, 82, 81, 104, 88, 95, 23, 5, 4, 3, 21, 22, 20, 19, 35, 34, 37, 33]",True,4754180187,4.754180187,"[45, 49, 56, 57, 38, 83, 44, 104, 62, 60, 89, 70, 69, 59, 79, 80, 72, 86, 66, 73, 65, 23, 5, 4, 21, 22, 20, 35, 34, 37, 33, 3, 100, 96, 98, 11, 30, 31, 24, 19, 84, 82, 87, 81, 103, 88, 95]","[95, 88, 103, 81, 87, 82, 84, 19, 24, 31, 30, 11, 98, 96, 100, 3, 33, 37, 34, 35, 20, 22, 21, 4, 5, 23, 65, 73, 66, 86, 72, 80, 79, 59, 69, 70, 89, 60, 62, 104, 44, 83, 38, 57, 56, 49, 45]",False,complete,48,48,1139,0,716,1,715,715,,False,,,,,,,2,78,14,78,15,15,14,15
2,10504,53,104,45,"[0, 1, 2, 6, 7, 8, 9, 10, 12, 13, 14, 15, 16, 17, 18, 25, 26, 27, 28, 29, 32, 36, 39, 40, 41, 42, 43, 45, 46, 47, 48, 49, 50, 51, 52, 53, 54, 55, 58, 61, 63, 64, 67, 68, 71, 74, 75, 76, 77, 78, 85, 90, 91, 92, 93, 94, 97, 99, 101, 102, 105, 106, 107, 108, 109, 110, 111, 112, 114, 115, 116, 117, 118, 119, 120, 121, 122, 123, 124, 125, 126, 127, 128, 129, 130, 131, 132, 133, 134, 135, 136, 137, 138, 139, 140, 141, 142, 143, 144, 145, 146, 147, 148, 149]","[3, 4, 5, 11, 19, 20, 21, 22, 23, 24, 30, 31, 33, 34, 35, 37, 38, 44, 56, 57, 59, 60, 62, 65, 66, 69, 70, 72, 73, 79, 80, 81, 82, 83, 84, 86, 87, 88, 89, 95, 96, 98, 100, 103, 104]","{""support_1"": 62, ""support_2"": 57}","[57, 62]",2,"[122, 17, 18, 32, 137, 138, 139, 140, 13, 14, 118, 116, 136, 16, 36, 135, 28, 26, 105, 99, 149, 102, 144, 10, 145, 146, 147, 12, 71, 58, 134, 109, 78, 67, 48, 61, 85, 93, 133, 40, 42, 143, 25, 7, 131, 130, 132, 129, 54, 76, 74, 97, 128, 63, 94, 127, 91, 64, 126, 50, 125, 124, 123, 141, 142, 119, 117, 90, 77, 53, 55, 75, 92, 27, 29, 8, 15, 41, 43, 112, 148, 110, 9, 111, 108, 106, 115, 107, 6, 1, 2, 0, 101, 120, 114, 121, 52, 47, 46, 39, 51, 68, 45, 49, 56, 57, 38, 83, 44, 103, 62, 60, 89, 70, 69, 59, 79, 80, 72, 86, 66, 73, 65, 31, 30, 24, 11, 100, 96, 98, 84, 87, 82, 81, 104, 88, 95, 23, 5, 4, 3, 21, 22, 20, 19, 35, 34, 37, 33]",True,3504160996,3.504160996,"[56, 57, 38, 83, 44, 104, 62, 60, 89, 70, 69, 59, 79, 80, 72, 86, 66, 73, 65, 31, 30, 11, 24, 100, 96, 98, 84, 87, 82, 81, 103, 88, 95, 23, 5, 4, 3, 21, 22, 20, 19, 35, 34, 37, 33]","[33, 37, 34, 35, 19, 20, 22, 21, 3, 4, 5, 23, 95, 88, 103, 81, 82, 87, 84, 98, 96, 100, 24, 11, 30, 31, 65, 73, 66, 86, 72, 80, 79, 59, 69, 70, 89, 60, 62, 104, 44, 83, 38, 57, 56]",False,complete,45,45,1035,0,538,0,538,538,,False,,,,,,,2,64,12,64,14,14,12,14
2,10505,54,106,43,"[0, 1, 2, 6, 7, 8, 9, 10, 12, 13, 14, 15, 16, 17, 18, 25, 26, 27, 28, 29, 32, 36, 39, 40, 41, 42, 43, 45, 46, 47, 48, 49, 50, 51, 52, 53, 54, 55, 56, 57, 58, 61, 63, 64, 67, 68, 71, 74, 75, 76, 77, 78, 85, 90, 91, 92, 93, 94, 97, 99, 101, 102, 105, 106, 107, 108, 109, 110, 111, 112, 114, 115, 116, 117, 118, 119, 120, 121, 122, 123, 124, 125, 126, 127, 128, 129, 130, 131, 132, 133, 134, 135, 136, 137, 138, 139, 140, 141, 142, 143, 144, 145, 146, 147, 148, 149]","[3, 4, 5, 11, 19, 20, 21, 22, 23, 24, 30, 31, 33, 34, 35, 37, 38, 44, 59, 60, 62, 65, 66, 69, 70, 72, 73, 79, 80, 81, 82, 83, 84, 86, 87, 88, 89, 95, 96, 98, 100, 103, 104]","{""support_1"": 62, ""support_2"": 44}","[44, 62]",2,"[122, 17, 18, 32, 137, 138, 139, 140, 13, 14, 118, 116, 136, 16, 36, 135, 28, 26, 105, 99, 149, 102, 144, 10, 145, 146, 147, 12, 71, 58, 134, 109, 78, 67, 48, 61, 85, 93, 133, 40, 42, 143, 25, 7, 131, 130, 132, 129, 54, 76, 74, 97, 128, 63, 94, 127, 91, 64, 126, 50, 125, 124, 123, 141, 142, 119, 117, 90, 77, 53, 55, 75, 92, 27, 29, 8, 15, 41, 43, 112, 148, 110, 9, 111, 108, 106, 115, 107, 6, 1, 2, 0, 101, 120, 114, 121, 52, 47, 46, 39, 51, 68, 45, 49, 56, 57, 38, 83, 44, 103, 62, 60, 89, 70, 69, 59, 79, 80, 72, 86, 66, 73, 65, 31, 30, 24, 11, 100, 96, 98, 84, 87, 82, 81, 104, 88, 95, 23, 5, 4, 3, 21, 22, 20, 19, 35, 34, 37, 33]",True,3222161137,3.222161137,"[38, 83, 44, 104, 62, 60, 89, 70, 69, 59, 79, 80, 72, 86, 66, 73, 65, 23, 5, 4, 21, 22, 20, 35, 34, 37, 33, 19, 100, 96, 98, 24, 30, 11, 31, 3, 84, 82, 87, 81, 103, 88, 95]","[95, 88, 103, 81, 87, 82, 84, 3, 31, 11, 30, 24, 98, 96, 100, 19, 33, 37, 34, 35, 20, 22, 21, 4, 5, 23, 65, 73, 66, 86, 72, 80, 79, 59, 69, 70, 89, 60, 62, 104, 44, 83, 38]",False,complete,44,44,957,0,566,1,565,565,,False,,,,,,,2,71,12,71,14,14,12,14
2,10506,55,108,41,"[0, 1, 2, 6, 7, 8, 9, 10, 12, 13, 14, 15, 16, 17, 18, 25, 26, 27, 28, 29, 32, 36, 38, 39, 40, 41, 42, 43, 45, 46, 47, 48, 49, 50, 51, 52, 53, 54, 55, 56, 57, 58, 61, 63, 64, 67, 68, 71, 74, 75, 76, 77, 78, 83, 85, 90, 91, 92, 93, 94, 97, 99, 101, 102, 105, 106, 107, 108, 109, 110, 111, 112, 114, 115, 116, 117, 118, 119, 120, 121, 122, 123, 124, 125, 126, 127, 128, 129, 130, 131, 132, 133, 134, 135, 136, 137, 138, 139, 140, 141, 142, 143, 144, 145, 146, 147, 148, 149]","[3, 4, 5, 11, 19, 20, 21, 22, 23, 24, 30, 31, 33, 34, 35, 37, 44, 59, 60, 62, 65, 66, 69, 70, 72, 73, 79, 80, 81, 82, 84, 86, 87, 88, 89, 95, 96, 98, 100, 103, 104]","{""support_1"": 62, ""support_2"": 44}","[44, 62]",2,"[122, 17, 18, 32, 137, 138, 139, 140, 13, 14, 118, 116, 136, 16, 36, 135, 28, 26, 105, 99, 149, 102, 144, 10, 145, 146, 147, 12, 71, 58, 134, 109, 78, 67, 48, 61, 85, 93, 133, 40, 42, 143, 25, 7, 131, 130, 132, 129, 54, 76, 74, 97, 128, 63, 94, 127, 91, 64, 126, 50, 125, 124, 123, 141, 142, 119, 117, 90, 77, 53, 55, 75, 92, 27, 29, 8, 15, 41, 43, 112, 148, 110, 9, 111, 108, 106, 115, 107, 6, 1, 2, 0, 101, 120, 114, 121, 52, 47, 46, 39, 51, 68, 45, 49, 56, 57, 38, 83, 44, 103, 62, 60, 89, 70, 69, 59, 79, 80, 72, 86, 66, 73, 65, 31, 30, 24, 11, 100, 96, 98, 84, 87, 82, 81, 104, 88, 95, 23, 5, 4, 3, 21, 22, 20, 19, 35, 34, 37, 33]",True,3150972766,3.150972766,"[44, 103, 62, 60, 89, 70, 69, 59, 79, 80, 72, 86, 66, 73, 65, 23, 5, 4, 21, 22, 20, 35, 34, 37, 33, 19, 100, 96, 98, 24, 30, 11, 31, 3, 84, 82, 87, 81, 104, 88, 95]","[95, 88, 104, 81, 87, 82, 84, 3, 31, 11, 30, 24, 98, 96, 100, 19, 33, 37, 34, 35, 20, 22, 21, 4, 5, 23, 65, 73, 66, 86, 72, 80, 79, 59, 69, 70, 89, 60, 62, 103, 44]",False,complete,42,42,872,0,552,1,551,551,,False,,,,,,,2,67,12,67,13,13,12,14
2,10507,56,110,39,"[0, 1, 2, 6, 7, 8, 9, 10, 12, 13, 14, 15, 16, 17, 18, 25, 26, 27, 28, 29, 32, 36, 38, 39, 40, 41, 42, 43, 44, 45, 46, 47, 48, 49, 50, 51, 52, 53, 54, 55, 56, 57, 58, 61, 63, 64, 67, 68, 71, 74, 75, 76, 77, 78, 83, 85, 90, 91, 92, 93, 94, 97, 99, 101, 102, 103, 105, 106, 107, 108, 109, 110, 111, 112, 114, 115, 116, 117, 118, 119, 120, 121, 122, 123, 124, 125, 126, 127, 128, 129, 130, 131, 132, 133, 134, 135, 136, 137, 138, 139, 140, 141, 142, 143, 144, 145, 146, 147, 148, 149]","[3, 4, 5, 11, 19, 20, 21, 22, 23, 24, 30, 31, 33, 34, 35, 37, 59, 60, 62, 65, 66, 69, 70, 72, 73, 79, 80, 81, 82, 84, 86, 87, 88, 89, 95, 96, 98, 100, 104]","{""support_1"": 62, ""support_2"": 84}","[62, 84]",2,"[122, 17, 18, 32, 137, 138, 139, 140, 13, 14, 118, 116, 136, 16, 36, 135, 28, 26, 105, 99, 149, 102, 144, 10, 145, 146, 147, 12, 71, 58, 134, 109, 78, 67, 48, 61, 85, 93, 133, 40, 42, 143, 25, 7, 131, 130, 132, 129, 54, 76, 74, 97, 128, 63, 94, 127, 91, 64, 126, 50, 125, 124, 123, 141, 142, 119, 117, 90, 77, 53, 55, 75, 92, 27, 29, 8, 15, 41, 43, 112, 148, 110, 9, 111, 108, 106, 115, 107, 6, 1, 2, 0, 101, 120, 114, 121, 52, 47, 46, 39, 51, 68, 45, 49, 56, 57, 38, 83, 44, 103, 62, 60, 89, 70, 69, 59, 79, 80, 72, 86, 66, 73, 65, 31, 30, 24, 11, 100, 96, 98, 84, 87, 82, 81, 104, 88, 95, 23, 5, 4, 3, 21, 22, 20, 19, 35, 34, 37, 33]",True,2328484315,2.328484315,"[62, 60, 89, 70, 69, 59, 79, 80, 72, 86, 66, 73, 65, 31, 30, 24, 11, 100, 96, 98, 84, 87, 82, 81, 104, 88, 95, 23, 5, 4, 3, 21, 22, 20, 19, 35, 34, 37, 33]","[33, 37, 34, 35, 19, 20, 22, 21, 3, 4, 5, 23, 95, 88, 104, 81, 82, 87, 84, 98, 96, 100, 11, 24, 30, 31, 65, 73, 66, 86, 72, 80, 79, 59, 69, 70, 89, 60, 62]",True,complete,39,39,780,0,406,0,406,406,,False,,,,,,,2,52,10,52,11,11,10,12
2,10508,57,112,37,"[0, 1, 2, 6, 7, 8, 9, 10, 12, 13, 14, 15, 16, 17, 18, 25, 26, 27, 28, 29, 32, 36, 38, 39, 40, 41, 42, 43, 44, 45, 46, 47, 48, 49, 50, 51, 52, 53, 54, 55, 56, 57, 58, 60, 61, 62, 63, 64, 67, 68, 71, 74, 75, 76, 77, 78, 83, 85, 90, 91, 92, 93, 94, 97, 99, 101, 102, 103, 105, 106, 107, 108, 109, 110, 111, 112, 114, 115, 116, 117, 118, 119, 120, 121, 122, 123, 124, 125, 126, 127, 128, 129, 130, 131, 132, 133, 134, 135, 136, 137, 138, 139, 140, 141, 142, 143, 144, 145, 146, 147, 148, 149]","[3, 4, 5, 11, 19, 20, 21, 22, 23, 24, 30, 31, 33, 34, 35, 37, 59, 65, 66, 69, 70, 72, 73, 79, 80, 81, 82, 84, 86, 87, 88, 89, 95, 96, 98, 100, 104]","{""support_1"": 70, ""support_2"": 84}","[70, 84]",2,"[122, 17, 18, 32, 137, 138, 139, 140, 13, 14, 118, 116, 136, 16, 36, 135, 28, 26, 105, 99, 149, 102, 144, 10, 145, 146, 147, 12, 71, 58, 134, 109, 78, 67, 48, 61, 85, 93, 133, 40, 42, 143, 25, 7, 131, 130, 132, 129, 54, 76, 74, 97, 128, 63, 94, 127, 91, 64, 126, 50, 125, 124, 123, 141, 142, 119, 117, 90, 77, 53, 55, 75, 92, 27, 29, 8, 15, 41, 43, 112, 148, 110, 9, 111, 108, 106, 115, 107, 6, 1, 2, 0, 101, 120, 114, 121, 52, 47, 46, 39, 51, 68, 45, 49, 56, 57, 38, 83, 44, 103, 62, 60, 89, 70, 69, 59, 79, 80, 72, 86, 66, 73, 65, 31, 30, 24, 11, 100, 96, 98, 84, 87, 82, 81, 104, 88, 95, 23, 5, 4, 3, 21, 22, 20, 19, 35, 34, 37, 33]",True,1998473637,1.998473637,"[89, 70, 69, 59, 79, 80, 72, 86, 66, 73, 65, 23, 5, 4, 21, 22, 20, 35, 34, 37, 33, 3, 100, 96, 98, 11, 30, 31, 24, 19, 84, 87, 82, 81, 104, 88, 95]","[95, 88, 104, 81, 82, 87, 84, 19, 24, 31, 30, 11, 98, 96, 100, 3, 33, 37, 34, 35, 20, 22, 21, 4, 5, 23, 65, 73, 66, 86, 72, 80, 79, 59, 69, 70, 89]",False,complete,38,38,714,0,401,1,400,400,,False,,,,,,,2,58,9,58,11,11,9,11
2,10509,58,114,35,"[0, 1, 2, 6, 7, 8, 9, 10, 12, 13, 14, 15, 16, 17, 18, 25, 26, 27, 28, 29, 32, 36, 38, 39, 40, 41, 42, 43, 44, 45, 46, 47, 48, 49, 50, 51, 52, 53, 54, 55, 56, 57, 58, 60, 61, 62, 63, 64, 67, 68, 70, 71, 74, 75, 76, 77, 78, 83, 85, 89, 90, 91, 92, 93, 94, 97, 99, 101, 102, 103, 105, 106, 107, 108, 109, 110, 111, 112, 114, 115, 116, 117, 118, 119, 120, 121, 122, 123, 124, 125, 126, 127, 128, 129, 130, 131, 132, 133, 134, 135, 136, 137, 138, 139, 140, 141, 142, 143, 144, 145, 146, 147, 148, 149]","[3, 4, 5, 11, 19, 20, 21, 22, 23, 24, 30, 31, 33, 34, 35, 37, 59, 65, 66, 69, 72, 73, 79, 80, 81, 82, 84, 86, 87, 88, 95, 96, 98, 100, 104]","{""support_1"": 80, ""support_2"": 84}","[80, 84]",2,"[122, 17, 18, 32, 137, 138, 139, 140, 13, 14, 118, 116, 136, 16, 36, 135, 28, 26, 105, 99, 149, 102, 144, 10, 145, 146, 147, 12, 71, 58, 134, 109, 78, 67, 48, 61, 85, 93, 133, 40, 42, 143, 25, 7, 131, 130, 132, 129, 54, 76, 74, 97, 128, 63, 94, 127, 91, 64, 126, 50, 125, 124, 123, 141, 142, 119, 117, 90, 77, 53, 55, 75, 92, 27, 29, 8, 15, 41, 43, 112, 148, 110, 9, 111, 108, 106, 115, 107, 6, 1, 2, 0, 101, 120, 114, 121, 52, 47, 46, 39, 51, 68, 45, 49, 56, 57, 38, 83, 44, 103, 62, 60, 89, 70, 69, 59, 79, 80, 72, 86, 66, 73, 65, 31, 30, 24, 11, 100, 96, 98, 84, 87, 82, 81, 104, 88, 95, 23, 5, 4, 3, 21, 22, 20, 19, 35, 34, 37, 33]",True,1636844442,1.636844442,"[69, 59, 79, 80, 72, 86, 66, 73, 65, 23, 5, 4, 21, 22, 20, 35, 34, 37, 33, 19, 100, 96, 98, 24, 30, 11, 31, 3, 84, 82, 87, 81, 104, 88, 95]","[95, 88, 104, 81, 87, 82, 84, 3, 31, 11, 30, 24, 98, 96, 100, 19, 33, 37, 34, 35, 20, 22, 21, 4, 5, 23, 65, 73, 66, 86, 72, 80, 79, 59, 69]",False,complete,36,36,641,0,358,1,357,357,,False,,,,,,,2,55,8,55,10,10,8,10
2,10510,59,116,33,"[0, 1, 2, 6, 7, 8, 9, 10, 12, 13, 14, 15, 16, 17, 18, 25, 26, 27, 28, 29, 32, 36, 38, 39, 40, 41, 42, 43, 44, 45, 46, 47, 48, 49, 50, 51, 52, 53, 54, 55, 56, 57, 58, 59, 60, 61, 62, 63, 64, 67, 68, 69, 70, 71, 74, 75, 76, 77, 78, 83, 85, 89, 90, 91, 92, 93, 94, 97, 99, 101, 102, 103, 105, 106, 107, 108, 109, 110, 111, 112, 114, 115, 116, 117, 118, 119, 120, 121, 122, 123, 124, 125, 126, 127, 128, 129, 130, 131, 132, 133, 134, 135, 136, 137, 138, 139, 140, 141, 142, 143, 144, 145, 146, 147, 148, 149]","[3, 4, 5, 11, 19, 20, 21, 22, 23, 24, 30, 31, 33, 34, 35, 37, 65, 66, 72, 73, 79, 80, 81, 82, 84, 86, 87, 88, 95, 96, 98, 100, 104]","{""support_1"": 80, ""support_2"": 84}","[80, 84]",2,"[122, 17, 18, 32, 137, 138, 139, 140, 13, 14, 118, 116, 136, 16, 36, 135, 28, 26, 105, 99, 149, 102, 144, 10, 145, 146, 147, 12, 71, 58, 134, 109, 78, 67, 48, 61, 85, 93, 133, 40, 42, 143, 25, 7, 131, 130, 132, 129, 54, 76, 74, 97, 128, 63, 94, 127, 91, 64, 126, 50, 125, 124, 123, 141, 142, 119, 117, 90, 77, 53, 55, 75, 92, 27, 29, 8, 15, 41, 43, 112, 148, 110, 9, 111, 108, 106, 115, 107, 6, 1, 2, 0, 101, 120, 114, 121, 52, 47, 46, 39, 51, 68, 45, 49, 56, 57, 38, 83, 44, 103, 62, 60, 89, 70, 69, 59, 79, 80, 72, 86, 66, 73, 65, 31, 30, 24, 11, 100, 96, 98, 84, 87, 82, 81, 104, 88, 95, 23, 5, 4, 3, 21, 22, 20, 19, 35, 34, 37, 33]",True,1552594569,1.552594569,"[79, 80, 72, 86, 66, 73, 65, 23, 5, 4, 21, 22, 20, 35, 34, 37, 33, 3, 100, 96, 98, 11, 30, 31, 24, 19, 84, 82, 87, 81, 104, 88, 95]","[95, 88, 104, 81, 87, 82, 84, 19, 24, 31, 30, 11, 98, 96, 100, 3, 33, 37, 34, 35, 20, 22, 21, 4, 5, 23, 65, 73, 66, 86, 72, 80, 79]",False,complete,34,34,572,0,345,1,344,344,,False,,,,,,,2,50,8,50,10,10,8,10
2,10511,60,118,31,"[0, 1, 2, 6, 7, 8, 9, 10, 12, 13, 14, 15, 16, 17, 18, 25, 26, 27, 28, 29, 32, 36, 38, 39, 40, 41, 42, 43, 44, 45, 46, 47, 48, 49, 50, 51, 52, 53, 54, 55, 56, 57, 58, 59, 60, 61, 62, 63, 64, 67, 68, 69, 70, 71, 74, 75, 76, 77, 78, 79, 80, 83, 85, 89, 90, 91, 92, 93, 94, 97, 99, 101, 102, 103, 105, 106, 107, 108, 109, 110, 111, 112, 114, 115, 116, 117, 118, 119, 120, 121, 122, 123, 124, 125, 126, 127, 128, 129, 130, 131, 132, 133, 134, 135, 136, 137, 138, 139, 140, 141, 142, 143, 144, 145, 146, 147, 148, 149]","[3, 4, 5, 11, 19, 20, 21, 22, 23, 24, 30, 31, 33, 34, 35, 37, 65, 66, 72, 73, 81, 82, 84, 86, 87, 88, 95, 96, 98, 100, 104]","{""support_1"": 72, ""support_2"": 84}","[72, 84]",2,"[122, 17, 18, 32, 137, 138, 139, 140, 13, 14, 118, 116, 136, 16, 36, 135, 28, 26, 105, 99, 149, 102, 144, 10, 145, 146, 147, 12, 71, 58, 134, 109, 78, 67, 48, 61, 85, 93, 133, 40, 42, 143, 25, 7, 131, 130, 132, 129, 54, 76, 74, 97, 128, 63, 94, 127, 91, 64, 126, 50, 125, 124, 123, 141, 142, 119, 117, 90, 77, 53, 55, 75, 92, 27, 29, 8, 15, 41, 43, 112, 148, 110, 9, 111, 108, 106, 115, 107, 6, 1, 2, 0, 101, 120, 114, 121, 52, 47, 46, 39, 51, 68, 45, 49, 56, 57, 38, 83, 44, 103, 62, 60, 89, 70, 69, 59, 79, 80, 72, 86, 66, 73, 65, 31, 30, 24, 11, 100, 96, 98, 84, 87, 82, 81, 104, 88, 95, 23, 5, 4, 3, 21, 22, 20, 19, 35, 34, 37, 33]",True,1335413382,1.335413382,"[72, 86, 66, 73, 65, 23, 5, 4, 21, 22, 20, 35, 34, 37, 33, 3, 100, 96, 98, 11, 30, 31, 24, 19, 84, 87, 82, 81, 104, 88, 95]","[95, 88, 104, 81, 82, 87, 84, 19, 24, 31, 30, 11, 98, 96, 100, 3, 33, 37, 34, 35, 20, 22, 21, 4, 5, 23, 65, 73, 66, 86, 72]",False,complete,32,32,507,0,301,1,300,300,,False,,,,,,,2,46,7,46,8,8,7,9
2,10512,61,120,29,"[0, 1, 2, 6, 7, 8, 9, 10, 12, 13, 14, 15, 16, 17, 18, 25, 26, 27, 28, 29, 32, 36, 38, 39, 40, 41, 42, 43, 44, 45, 46, 47, 48, 49, 50, 51, 52, 53, 54, 55, 56, 57, 58, 59, 60, 61, 62, 63, 64, 67, 68, 69, 70, 71, 72, 74, 75, 76, 77, 78, 79, 80, 83, 85, 86, 89, 90, 91, 92, 93, 94, 97, 99, 101, 102, 103, 105, 106, 107, 108, 109, 110, 111, 112, 114, 115, 116, 117, 118, 119, 120, 121, 122, 123, 124, 125, 126, 127, 128, 129, 130, 131, 132, 133, 134, 135, 136, 137, 138, 139, 140, 141, 142, 143, 144, 145, 146, 147, 148, 149]","[3, 4, 5, 11, 19, 20, 21, 22, 23, 24, 30, 31, 33, 34, 35, 37, 65, 66, 73, 81, 82, 84, 87, 88, 95, 96, 98, 100, 104]","{""support_1"": 73, ""support_2"": 84}","[73, 84]",2,"[122, 17, 18, 32, 137, 138, 139, 140, 13, 14, 118, 116, 136, 16, 36, 135, 28, 26, 105, 99, 149, 102, 144, 10, 145, 146, 147, 12, 71, 58, 134, 109, 78, 67, 48, 61, 85, 93, 133, 40, 42, 143, 25, 7, 131, 130, 132, 129, 54, 76, 74, 97, 128, 63, 94, 127, 91, 64, 126, 50, 125, 124, 123, 141, 142, 119, 117, 90, 77, 53, 55, 75, 92, 27, 29, 8, 15, 41, 43, 112, 148, 110, 9, 111, 108, 106, 115, 107, 6, 1, 2, 0, 101, 120, 114, 121, 52, 47, 46, 39, 51, 68, 45, 49, 56, 57, 38, 83, 44, 103, 62, 60, 89, 70, 69, 59, 79, 80, 72, 86, 66, 73, 65, 31, 30, 24, 11, 100, 96, 98, 84, 87, 82, 81, 104, 88, 95, 23, 5, 4, 3, 21, 22, 20, 19, 35, 34, 37, 33]",True,1015213284,1.015213284,"[66, 73, 65, 23, 5, 4, 21, 22, 20, 35, 34, 37, 33, 19, 100, 96, 98, 24, 30, 11, 31, 3, 84, 87, 82, 81, 104, 88, 95]","[95, 88, 104, 81, 82, 87, 84, 3, 31, 11, 30, 24, 98, 96, 100, 19, 33, 37, 34, 35, 20, 22, 21, 4, 5, 23, 65, 73, 66]",False,complete,30,30,446,0,257,1,256,256,,False,,,,,,,2,43,6,43,8,8,6,8
2,10513,62,122,27,"[0, 1, 2, 6, 7, 8, 9, 10, 12, 13, 14, 15, 16, 17, 18, 25, 26, 27, 28, 29, 32, 36, 38, 39, 40, 41, 42, 43, 44, 45, 46, 47, 48, 49, 50, 51, 52, 53, 54, 55, 56, 57, 58, 59, 60, 61, 62, 63, 64, 66, 67, 68, 69, 70, 71, 72, 73, 74, 75, 76, 77, 78, 79, 80, 83, 85, 86, 89, 90, 91, 92, 93, 94, 97, 99, 101, 102, 103, 105, 106, 107, 108, 109, 110, 111, 112, 114, 115, 116, 117, 118, 119, 120, 121, 122, 123, 124, 125, 126, 127, 128, 129, 130, 131, 132, 133, 134, 135, 136, 137, 138, 139, 140, 141, 142, 143, 144, 145, 146, 147, 148, 149]","[3, 4, 5, 11, 19, 20, 21, 22, 23, 24, 30, 31, 33, 34, 35, 37, 65, 81, 82, 84, 87, 88, 95, 96, 98, 100, 104]","{""support_2"": 84}",[84],1,"[122, 17, 18, 32, 137, 138, 139, 140, 13, 14, 118, 116, 136, 16, 36, 135, 28, 26, 105, 99, 149, 102, 144, 10, 145, 146, 147, 12, 71, 58, 134, 109, 78, 67, 48, 61, 85, 93, 133, 40, 42, 143, 25, 7, 131, 130, 132, 129, 54, 76, 74, 97, 128, 63, 94, 127, 91, 64, 126, 50, 125, 124, 123, 141, 142, 119, 117, 90, 77, 53, 55, 75, 92, 27, 29, 8, 15, 41, 43, 112, 148, 110, 9, 111, 108, 106, 115, 107, 6, 1, 2, 0, 101, 120, 114, 121, 52, 47, 46, 39, 51, 68, 45, 49, 56, 57, 38, 83, 44, 103, 62, 60, 89, 70, 69, 59, 79, 80, 72, 86, 66, 73, 65, 31, 30, 24, 11, 100, 96, 98, 84, 87, 82, 81, 104, 88, 95, 23, 5, 4, 3, 21, 22, 20, 19, 35, 34, 37, 33]",True,926119065,0.926119065,"[65, 23, 5, 4, 21, 22, 20, 35, 34, 37, 33, 19, 100, 96, 98, 24, 30, 11, 31, 3, 84, 87, 82, 81, 104, 88, 95]","[95, 88, 104, 81, 82, 87, 84, 3, 31, 11, 30, 24, 98, 96, 100, 19, 33, 37, 34, 35, 20, 22, 21, 4, 5, 23, 65]",False,complete,28,28,389,0,250,1,249,249,,False,,,,,,,2,40,6,40,7,7,6,7
2,10514,63,124,25,"[0, 1, 2, 6, 7, 8, 9, 10, 12, 13, 14, 15, 16, 17, 18, 25, 26, 27, 28, 29, 31, 32, 36, 38, 39, 40, 41, 42, 43, 44, 45, 46, 47, 48, 49, 50, 51, 52, 53, 54, 55, 56, 57, 58, 59, 60, 61, 62, 63, 64, 65, 66, 67, 68, 69, 70, 71, 72, 73, 74, 75, 76, 77, 78, 79, 80, 83, 85, 86, 89, 90, 91, 92, 93, 94, 97, 99, 101, 102, 103, 105, 106, 107, 108, 109, 110, 111, 112, 114, 115, 116, 117, 118, 119, 120, 121, 122, 123, 124, 125, 126, 127, 128, 129, 130, 131, 132, 133, 134, 135, 136, 137, 138, 139, 140, 141, 142, 143, 144, 145, 146, 147, 148, 149]","[3, 4, 5, 11, 19, 20, 21, 22, 23, 24, 30, 33, 34, 35, 37, 81, 82, 84, 87, 88, 95, 96, 98, 100, 104]","{""support_1"": 98, ""support_2"": 84}","[84, 98]",2,"[122, 17, 18, 32, 137, 138, 139, 140, 13, 14, 118, 116, 136, 16, 36, 135, 28, 26, 105, 99, 149, 102, 144, 10, 145, 146, 147, 12, 71, 58, 134, 109, 78, 67, 48, 61, 85, 93, 133, 40, 42, 143, 25, 7, 131, 130, 132, 129, 54, 76, 74, 97, 128, 63, 94, 127, 91, 64, 126, 50, 125, 124, 123, 141, 142, 119, 117, 90, 77, 53, 55, 75, 92, 27, 29, 8, 15, 41, 43, 112, 148, 110, 9, 111, 108, 106, 115, 107, 6, 1, 2, 0, 101, 120, 114, 121, 52, 47, 46, 39, 51, 68, 45, 49, 56, 57, 38, 83, 44, 103, 62, 60, 89, 70, 69, 59, 79, 80, 72, 86, 66, 73, 65, 31, 30, 24, 11, 100, 96, 98, 84, 87, 82, 81, 104, 88, 95, 23, 5, 4, 3, 21, 22, 20, 19, 35, 34, 37, 33]",True,382494745,0.382494745,"[30, 24, 11, 100, 96, 98, 84, 82, 87, 81, 104, 88, 95, 23, 5, 4, 3, 21, 22, 20, 19, 35, 34, 37, 33]","[33, 37, 34, 35, 19, 20, 22, 21, 3, 4, 5, 23, 95, 88, 104, 81, 87, 82, 84, 98, 96, 100, 11, 24, 30]",False,complete,25,25,325,0,120,0,120,120,,False,,,,,,,2,26,4,26,6,6,4,6
2,10515,64,126,23,"[0, 1, 2, 6, 7, 8, 9, 10, 12, 13, 14, 15, 16, 17, 18, 24, 25, 26, 27, 28, 29, 30, 31, 32, 36, 38, 39, 40, 41, 42, 43, 44, 45, 46, 47, 48, 49, 50, 51, 52, 53, 54, 55, 56, 57, 58, 59, 60, 61, 62, 63, 64, 65, 66, 67, 68, 69, 70, 71, 72, 73, 74, 75, 76, 77, 78, 79, 80, 83, 85, 86, 89, 90, 91, 92, 93, 94, 97, 99, 101, 102, 103, 105, 106, 107, 108, 109, 110, 111, 112, 114, 115, 116, 117, 118, 119, 120, 121, 122, 123, 124, 125, 126, 127, 128, 129, 130, 131, 132, 133, 134, 135, 136, 137, 138, 139, 140, 141, 142, 143, 144, 145, 146, 147, 148, 149]","[3, 4, 5, 11, 19, 20, 21, 22, 23, 33, 34, 35, 37, 81, 82, 84, 87, 88, 95, 96, 98, 100, 104]","{""support_1"": 98, ""support_2"": 84}","[84, 98]",2,"[122, 17, 18, 32, 137, 138, 139, 140, 13, 14, 118, 116, 136, 16, 36, 135, 28, 26, 105, 99, 149, 102, 144, 10, 145, 146, 147, 12, 71, 58, 134, 109, 78, 67, 48, 61, 85, 93, 133, 40, 42, 143, 25, 7, 131, 130, 132, 129, 54, 76, 74, 97, 128, 63, 94, 127, 91, 64, 126, 50, 125, 124, 123, 141, 142, 119, 117, 90, 77, 53, 55, 75, 92, 27, 29, 8, 15, 41, 43, 112, 148, 110, 9, 111, 108, 106, 115, 107, 6, 1, 2, 0, 101, 120, 114, 121, 52, 47, 46, 39, 51, 68, 45, 49, 56, 57, 38, 83, 44, 103, 62, 60, 89, 70, 69, 59, 79, 80, 72, 86, 66, 73, 65, 31, 30, 24, 11, 100, 96, 98, 84, 87, 82, 81, 104, 88, 95, 23, 5, 4, 3, 21, 22, 20, 19, 35, 34, 37, 33]",True,335394704,0.335394704,"[11, 100, 96, 98, 84, 82, 87, 81, 104, 88, 95, 23, 5, 4, 3, 21, 22, 20, 19, 35, 34, 37, 33]","[33, 37, 34, 35, 19, 20, 22, 21, 3, 4, 5, 23, 95, 88, 104, 81, 87, 82, 84, 98, 96, 100, 11]",False,complete,23,23,276,0,115,0,115,115,,False,,,,,,,2,22,4,22,6,6,4,6
2,10516,65,128,21,"[0, 1, 2, 6, 7, 8, 9, 10, 11, 12, 13, 14, 15, 16, 17, 18, 24, 25, 26, 27, 28, 29, 30, 31, 32, 36, 38, 39, 40, 41, 42, 43, 44, 45, 46, 47, 48, 49, 50, 51, 52, 53, 54, 55, 56, 57, 58, 59, 60, 61, 62, 63, 64, 65, 66, 67, 68, 69, 70, 71, 72, 73, 74, 75, 76, 77, 78, 79, 80, 83, 85, 86, 89, 90, 91, 92, 93, 94, 97, 99, 100, 101, 102, 103, 105, 106, 107, 108, 109, 110, 111, 112, 114, 115, 116, 117, 118, 119, 120, 121, 122, 123, 124, 125, 126, 127, 128, 129, 130, 131, 132, 133, 134, 135, 136, 137, 138, 139, 140, 141, 142, 143, 144, 145, 146, 147, 148, 149]","[3, 4, 5, 19, 20, 21, 22, 23, 33, 34, 35, 37, 81, 82, 84, 87, 88, 95, 96, 98, 104]","{""support_1"": 98, ""support_2"": 84}","[84, 98]",2,"[122, 17, 18, 32, 137, 138, 139, 140, 13, 14, 118, 116, 136, 16, 36, 135, 28, 26, 105, 99, 149, 102, 144, 10, 145, 146, 147, 12, 71, 58, 134, 109, 78, 67, 48, 61, 85, 93, 133, 40, 42, 143, 25, 7, 131, 130, 132, 129, 54, 76, 74, 97, 128, 63, 94, 127, 91, 64, 126, 50, 125, 124, 123, 141, 142, 119, 117, 90, 77, 53, 55, 75, 92, 27, 29, 8, 15, 41, 43, 112, 148, 110, 9, 111, 108, 106, 115, 107, 6, 1, 2, 0, 101, 120, 114, 121, 52, 47, 46, 39, 51, 68, 45, 49, 56, 57, 38, 83, 44, 103, 62, 60, 89, 70, 69, 59, 79, 80, 72, 86, 66, 73, 65, 31, 30, 24, 11, 100, 96, 98, 84, 87, 82, 81, 104, 88, 95, 23, 5, 4, 3, 21, 22, 20, 19, 35, 34, 37, 33]",True,298401279,0.298401279,"[96, 98, 84, 82, 87, 81, 104, 88, 95, 23, 5, 4, 3, 21, 22, 20, 19, 35, 34, 37, 33]","[33, 37, 34, 35, 19, 20, 22, 21, 3, 4, 5, 23, 95, 88, 104, 81, 87, 82, 84, 98, 96]",False,complete,21,21,231,0,107,0,107,107,,False,,,,,,,2,18,4,18,6,6,4,6
2,10517,66,130,19,"[0, 1, 2, 6, 7, 8, 9, 10, 11, 12, 13, 14, 15, 16, 17, 18, 24, 25, 26, 27, 28, 29, 30, 31, 32, 36, 38, 39, 40, 41, 42, 43, 44, 45, 46, 47, 48, 49, 50, 51, 52, 53, 54, 55, 56, 57, 58, 59, 60, 61, 62, 63, 64, 65, 66, 67, 68, 69, 70, 71, 72, 73, 74, 75, 76, 77, 78, 79, 80, 83, 85, 86, 89, 90, 91, 92, 93, 94, 96, 97, 98, 99, 100, 101, 102, 103, 105, 106, 107, 108, 109, 110, 111, 112, 114, 115, 116, 117, 118, 119, 120, 121, 122, 123, 124, 125, 126, 127, 128, 129, 130, 131, 132, 133, 134, 135, 136, 137, 138, 139, 140, 141, 142, 143, 144, 145, 146, 147, 148, 149]","[3, 4, 5, 19, 20, 21, 22, 23, 33, 34, 35, 37, 81, 82, 84, 87, 88, 95, 104]","{""support_2"": 84}",[84],1,"[122, 17, 18, 32, 137, 138, 139, 140, 13, 14, 118, 116, 136, 16, 36, 135, 28, 26, 105, 99, 149, 102, 144, 10, 145, 146, 147, 12, 71, 58, 134, 109, 78, 67, 48, 61, 85, 93, 133, 40, 42, 143, 25, 7, 131, 130, 132, 129, 54, 76, 74, 97, 128, 63, 94, 127, 91, 64, 126, 50, 125, 124, 123, 141, 142, 119, 117, 90, 77, 53, 55, 75, 92, 27, 29, 8, 15, 41, 43, 112, 148, 110, 9, 111, 108, 106, 115, 107, 6, 1, 2, 0, 101, 120, 114, 121, 52, 47, 46, 39, 51, 68, 45, 49, 56, 57, 38, 83, 44, 103, 62, 60, 89, 70, 69, 59, 79, 80, 72, 86, 66, 73, 65, 31, 30, 24, 11, 100, 96, 98, 84, 87, 82, 81, 104, 88, 95, 23, 5, 4, 3, 21, 22, 20, 19, 35, 34, 37, 33]",True,281926686,0.281926686,"[84, 82, 87, 81, 104, 88, 95, 23, 5, 4, 3, 21, 22, 20, 19, 35, 34, 37, 33]","[33, 37, 34, 35, 19, 20, 22, 21, 3, 4, 5, 23, 95, 88, 104, 81, 87, 82, 84]",False,complete,19,19,190,0,103,0,103,103,,False,,,,,,,1,15,4,15,4,4,4,5
2,10518,67,132,17,"[0, 1, 2, 6, 7, 8, 9, 10, 11, 12, 13, 14, 15, 16, 17, 18, 24, 25, 26, 27, 28, 29, 30, 31, 32, 36, 38, 39, 40, 41, 42, 43, 44, 45, 46, 47, 48, 49, 50, 51, 52, 53, 54, 55, 56, 57, 58, 59, 60, 61, 62, 63, 64, 65, 66, 67, 68, 69, 70, 71, 72, 73, 74, 75, 76, 77, 78, 79, 80, 83, 84, 85, 86, 87, 89, 90, 91, 92, 93, 94, 96, 97, 98, 99, 100, 101, 102, 103, 105, 106, 107, 108, 109, 110, 111, 112, 114, 115, 116, 117, 118, 119, 120, 121, 122, 123, 124, 125, 126, 127, 128, 129, 130, 131, 132, 133, 134, 135, 136, 137, 138, 139, 140, 141, 142, 143, 144, 145, 146, 147, 148, 149]","[3, 4, 5, 19, 20, 21, 22, 23, 33, 34, 35, 37, 81, 82, 88, 95, 104]","{""support_1"": 88}",[88],1,"[122, 17, 18, 32, 137, 138, 139, 140, 13, 14, 118, 116, 136, 16, 36, 135, 28, 26, 105, 99, 149, 102, 144, 10, 145, 146, 147, 12, 71, 58, 134, 109, 78, 67, 48, 61, 85, 93, 133, 40, 42, 143, 25, 7, 131, 130, 132, 129, 54, 76, 74, 97, 128, 63, 94, 127, 91, 64, 126, 50, 125, 124, 123, 141, 142, 119, 117, 90, 77, 53, 55, 75, 92, 27, 29, 8, 15, 41, 43, 112, 148, 110, 9, 111, 108, 106, 115, 107, 6, 1, 2, 0, 101, 120, 114, 121, 52, 47, 46, 39, 51, 68, 45, 49, 56, 57, 38, 83, 44, 103, 62, 60, 89, 70, 69, 59, 79, 80, 72, 86, 66, 73, 65, 31, 30, 24, 11, 100, 96, 98, 84, 87, 82, 81, 104, 88, 95, 23, 5, 4, 3, 21, 22, 20, 19, 35, 34, 37, 33]",True,189235499,0.189235499,"[82, 81, 104, 88, 95, 23, 5, 4, 3, 21, 22, 20, 19, 35, 34, 37, 33]","[33, 37, 34, 35, 19, 20, 22, 21, 3, 4, 5, 23, 95, 88, 104, 81, 82]",True,complete,17,17,153,0,78,0,78,78,,False,,,,,,,1,13,3,13,4,4,3,4
2,10519,68,134,15,"[0, 1, 2, 6, 7, 8, 9, 10, 11, 12, 13, 14, 15, 16, 17, 18, 24, 25, 26, 27, 28, 29, 30, 31, 32, 36, 38, 39, 40, 41, 42, 43, 44, 45, 46, 47, 48, 49, 50, 51, 52, 53, 54, 55, 56, 57, 58, 59, 60, 61, 62, 63, 64, 65, 66, 67, 68, 69, 70, 71, 72, 73, 74, 75, 76, 77, 78, 79, 80, 81, 82, 83, 84, 85, 86, 87, 89, 90, 91, 92, 93, 94, 96, 97, 98, 99, 100, 101, 102, 103, 105, 106, 107, 108, 109, 110, 111, 112, 114, 115, 116, 117, 118, 119, 120, 121, 122, 123, 124, 125, 126, 127, 128, 129, 130, 131, 132, 133, 134, 135, 136, 137, 138, 139, 140, 141, 142, 143, 144, 145, 146, 147, 148, 149]","[3, 4, 5, 19, 20, 21, 22, 23, 33, 34, 35, 37, 88, 95, 104]","{""support_1"": 88}",[88],1,"[122, 17, 18, 32, 137, 138, 139, 140, 13, 14, 118, 116, 136, 16, 36, 135, 28, 26, 105, 99, 149, 102, 144, 10, 145, 146, 147, 12, 71, 58, 134, 109, 78, 67, 48, 61, 85, 93, 133, 40, 42, 143, 25, 7, 131, 130, 132, 129, 54, 76, 74, 97, 128, 63, 94, 127, 91, 64, 126, 50, 125, 124, 123, 141, 142, 119, 117, 90, 77, 53, 55, 75, 92, 27, 29, 8, 15, 41, 43, 112, 148, 110, 9, 111, 108, 106, 115, 107, 6, 1, 2, 0, 101, 120, 114, 121, 52, 47, 46, 39, 51, 68, 45, 49, 56, 57, 38, 83, 44, 103, 62, 60, 89, 70, 69, 59, 79, 80, 72, 86, 66, 73, 65, 31, 30, 24, 11, 100, 96, 98, 84, 87, 82, 81, 104, 88, 95, 23, 5, 4, 3, 21, 22, 20, 19, 35, 34, 37, 33]",True,167963422,0.167963422,"[104, 88, 95, 23, 5, 4, 3, 21, 22, 20, 19, 35, 34, 37, 33]","[33, 37, 34, 35, 19, 20, 22, 21, 3, 4, 5, 23, 95, 88, 104]",True,complete,15,15,120,0,71,0,71,71,,False,,,,,,,1,11,3,11,4,4,3,4
2,10520,69,136,13,"[0, 1, 2, 6, 7, 8, 9, 10, 11, 12, 13, 14, 15, 16, 17, 18, 24, 25, 26, 27, 28, 29, 30, 31, 32, 36, 38, 39, 40, 41, 42, 43, 44, 45, 46, 47, 48, 49, 50, 51, 52, 53, 54, 55, 56, 57, 58, 59, 60, 61, 62, 63, 64, 65, 66, 67, 68, 69, 70, 71, 72, 73, 74, 75, 76, 77, 78, 79, 80, 81, 82, 83, 84, 85, 86, 87, 88, 89, 90, 91, 92, 93, 94, 96, 97, 98, 99, 100, 101, 102, 103, 104, 105, 106, 107, 108, 109, 110, 111, 112, 114, 115, 116, 117, 118, 119, 120, 121, 122, 123, 124, 125, 126, 127, 128, 129, 130, 131, 132, 133, 134, 135, 136, 137, 138, 139, 140, 141, 142, 143, 144, 145, 146, 147, 148, 149]","[3, 4, 5, 19, 20, 21, 22, 23, 33, 34, 35, 37, 95]",{},[],0,"[122, 17, 18, 32, 137, 138, 139, 140, 13, 14, 118, 116, 136, 16, 36, 135, 28, 26, 105, 99, 149, 102, 144, 10, 145, 146, 147, 12, 71, 58, 134, 109, 78, 67, 48, 61, 85, 93, 133, 40, 42, 143, 25, 7, 131, 130, 132, 129, 54, 76, 74, 97, 128, 63, 94, 127, 91, 64, 126, 50, 125, 124, 123, 141, 142, 119, 117, 90, 77, 53, 55, 75, 92, 27, 29, 8, 15, 41, 43, 112, 148, 110, 9, 111, 108, 106, 115, 107, 6, 1, 2, 0, 101, 120, 114, 121, 52, 47, 46, 39, 51, 68, 45, 49, 56, 57, 38, 83, 44, 103, 62, 60, 89, 70, 69, 59, 79, 80, 72, 86, 66, 73, 65, 31, 30, 24, 11, 100, 96, 98, 84, 87, 82, 81, 104, 88, 95, 23, 5, 4, 3, 21, 22, 20, 19, 35, 34, 37, 33]",True,150862088,0.150862088,"[95, 23, 5, 4, 3, 21, 22, 20, 19, 35, 34, 37, 33]","[33, 37, 34, 35, 19, 20, 22, 21, 3, 4, 5, 23, 95]",True,complete,13,13,91,0,61,0,61,61,,False,,,,,,,1,10,3,10,3,3,3,3
2,10521,70,138,11,"[0, 1, 2, 6, 7, 8, 9, 10, 11, 12, 13, 14, 15, 16, 17, 18, 23, 24, 25, 26, 27, 28, 29, 30, 31, 32, 36, 38, 39, 40, 41, 42, 43, 44, 45, 46, 47, 48, 49, 50, 51, 52, 53, 54, 55, 56, 57, 58, 59, 60, 61, 62, 63, 64, 65, 66, 67, 68, 69, 70, 71, 72, 73, 74, 75, 76, 77, 78, 79, 80, 81, 82, 83, 84, 85, 86, 87, 88, 89, 90, 91, 92, 93, 94, 95, 96, 97, 98, 99, 100, 101, 102, 103, 104, 105, 106, 107, 108, 109, 110, 111, 112, 114, 115, 116, 117, 118, 119, 120, 121, 122, 123, 124, 125, 126, 127, 128, 129, 130, 131, 132, 133, 134, 135, 136, 137, 138, 139, 140, 141, 142, 143, 144, 145, 146, 147, 148, 149]","[3, 4, 5, 19, 20, 21, 22, 33, 34, 35, 37]","{""support_1"": 5}",[5],1,"[122, 17, 18, 32, 137, 138, 139, 140, 13, 14, 118, 116, 136, 16, 36, 135, 28, 26, 105, 99, 149, 102, 144, 10, 145, 146, 147, 12, 71, 58, 134, 109, 78, 67, 48, 61, 85, 93, 133, 40, 42, 143, 25, 7, 131, 130, 132, 129, 54, 76, 74, 97, 128, 63, 94, 127, 91, 64, 126, 50, 125, 124, 123, 141, 142, 119, 117, 90, 77, 53, 55, 75, 92, 27, 29, 8, 15, 41, 43, 112, 148, 110, 9, 111, 108, 106, 115, 107, 6, 1, 2, 0, 101, 120, 114, 121, 52, 47, 46, 39, 51, 68, 45, 49, 56, 57, 38, 83, 44, 103, 62, 60, 89, 70, 69, 59, 79, 80, 72, 86, 66, 73, 65, 31, 30, 24, 11, 100, 96, 98, 84, 87, 82, 81, 104, 88, 95, 23, 5, 4, 3, 21, 22, 20, 19, 35, 34, 37, 33]",True,95101830,0.095101830,"[5, 4, 3, 21, 22, 20, 19, 35, 34, 37, 33]","[33, 37, 34, 35, 19, 20, 22, 21, 3, 4, 5]",True,complete,11,11,66,0,47,0,47,47,,False,,,,,,,1,9,2,9,2,2,2,3
2,10522,71,140,9,"[0, 1, 2, 4, 5, 6, 7, 8, 9, 10, 11, 12, 13, 14, 15, 16, 17, 18, 23, 24, 25, 26, 27, 28, 29, 30, 31, 32, 36, 38, 39, 40, 41, 42, 43, 44, 45, 46, 47, 48, 49, 50, 51, 52, 53, 54, 55, 56, 57, 58, 59, 60, 61, 62, 63, 64, 65, 66, 67, 68, 69, 70, 71, 72, 73, 74, 75, 76, 77, 78, 79, 80, 81, 82, 83, 84, 85, 86, 87, 88, 89, 90, 91, 92, 93, 94, 95, 96, 97, 98, 99, 100, 101, 102, 103, 104, 105, 106, 107, 108, 109, 110, 111, 112, 114, 115, 116, 117, 118, 119, 120, 121, 122, 123, 124, 125, 126, 127, 128, 129, 130, 131, 132, 133, 134, 135, 136, 137, 138, 139, 140, 141, 142, 143, 144, 145, 146, 147, 148, 149]","[3, 19, 20, 21, 22, 33, 34, 35, 37]","{""support_1"": 22}",[22],1,"[122, 17, 18, 32, 137, 138, 139, 140, 13, 14, 118, 116, 136, 16, 36, 135, 28, 26, 105, 99, 149, 102, 144, 10, 145, 146, 147, 12, 71, 58, 134, 109, 78, 67, 48, 61, 85, 93, 133, 40, 42, 143, 25, 7, 131, 130, 132, 129, 54, 76, 74, 97, 128, 63, 94, 127, 91, 64, 126, 50, 125, 124, 123, 141, 142, 119, 117, 90, 77, 53, 55, 75, 92, 27, 29, 8, 15, 41, 43, 112, 148, 110, 9, 111, 108, 106, 115, 107, 6, 1, 2, 0, 101, 120, 114, 121, 52, 47, 46, 39, 51, 68, 45, 49, 56, 57, 38, 83, 44, 103, 62, 60, 89, 70, 69, 59, 79, 80, 72, 86, 66, 73, 65, 31, 30, 24, 11, 100, 96, 98, 84, 87, 82, 81, 104, 88, 95, 23, 5, 4, 3, 21, 22, 20, 19, 35, 34, 37, 33]",True,47022099,0.047022099,"[3, 21, 22, 20, 19, 35, 34, 37, 33]","[33, 37, 34, 35, 19, 20, 22, 21, 3]",True,complete,9,9,45,0,28,0,28,28,,False,,,,,,,1,7,1,7,2,2,1,2
2,10523,72,142,7,"[0, 1, 2, 3, 4, 5, 6, 7, 8, 9, 10, 11, 12, 13, 14, 15, 16, 17, 18, 21, 23, 24, 25, 26, 27, 28, 29, 30, 31, 32, 36, 38, 39, 40, 41, 42, 43, 44, 45, 46, 47, 48, 49, 50, 51, 52, 53, 54, 55, 56, 57, 58, 59, 60, 61, 62, 63, 64, 65, 66, 67, 68, 69, 70, 71, 72, 73, 74, 75, 76, 77, 78, 79, 80, 81, 82, 83, 84, 85, 86, 87, 88, 89, 90, 91, 92, 93, 94, 95, 96, 97, 98, 99, 100, 101, 102, 103, 104, 105, 106, 107, 108, 109, 110, 111, 112, 114, 115, 116, 117, 118, 119, 120, 121, 122, 123, 124, 125, 126, 127, 128, 129, 130, 131, 132, 133, 134, 135, 136, 137, 138, 139, 140, 141, 142, 143, 144, 145, 146, 147, 148, 149]","[19, 20, 22, 33, 34, 35, 37]","{""support_1"": 22}",[22],1,"[122, 17, 18, 32, 137, 138, 139, 140, 13, 14, 118, 116, 136, 16, 36, 135, 28, 26, 105, 99, 149, 102, 144, 10, 145, 146, 147, 12, 71, 58, 134, 109, 78, 67, 48, 61, 85, 93, 133, 40, 42, 143, 25, 7, 131, 130, 132, 129, 54, 76, 74, 97, 128, 63, 94, 127, 91, 64, 126, 50, 125, 124, 123, 141, 142, 119, 117, 90, 77, 53, 55, 75, 92, 27, 29, 8, 15, 41, 43, 112, 148, 110, 9, 111, 108, 106, 115, 107, 6, 1, 2, 0, 101, 120, 114, 121, 52, 47, 46, 39, 51, 68, 45, 49, 56, 57, 38, 83, 44, 103, 62, 60, 89, 70, 69, 59, 79, 80, 72, 86, 66, 73, 65, 31, 30, 24, 11, 100, 96, 98, 84, 87, 82, 81, 104, 88, 95, 23, 5, 4, 3, 21, 22, 20, 19, 35, 34, 37, 33]",True,35952156,0.035952156,"[22, 20, 19, 35, 34, 37, 33]","[33, 37, 34, 35, 19, 20, 22]",True,complete,7,7,28,0,23,0,23,23,,False,,,,,,,1,5,1,5,1,1,1,2
2,10524,73,144,5,"[0, 1, 2, 3, 4, 5, 6, 7, 8, 9, 10, 11, 12, 13, 14, 15, 16, 17, 18, 20, 21, 22, 23, 24, 25, 26, 27, 28, 29, 30, 31, 32, 36, 38, 39, 40, 41, 42, 43, 44, 45, 46, 47, 48, 49, 50, 51, 52, 53, 54, 55, 56, 57, 58, 59, 60, 61, 62, 63, 64, 65, 66, 67, 68, 69, 70, 71, 72, 73, 74, 75, 76, 77, 78, 79, 80, 81, 82, 83, 84, 85, 86, 87, 88, 89, 90, 91, 92, 93, 94, 95, 96, 97, 98, 99, 100, 101, 102, 103, 104, 105, 106, 107, 108, 109, 110, 111, 112, 114, 115, 116, 117, 118, 119, 120, 121, 122, 123, 124, 125, 126, 127, 128, 129, 130, 131, 132, 133, 134, 135, 136, 137, 138, 139, 140, 141, 142, 143, 144, 145, 146, 147, 148, 149]","[19, 33, 34, 35, 37]","{""support_1"": 37}",[37],1,"[122, 17, 18, 32, 137, 138, 139, 140, 13, 14, 118, 116, 136, 16, 36, 135, 28, 26, 105, 99, 149, 102, 144, 10, 145, 146, 147, 12, 71, 58, 134, 109, 78, 67, 48, 61, 85, 93, 133, 40, 42, 143, 25, 7, 131, 130, 132, 129, 54, 76, 74, 97, 128, 63, 94, 127, 91, 64, 126, 50, 125, 124, 123, 141, 142, 119, 117, 90, 77, 53, 55, 75, 92, 27, 29, 8, 15, 41, 43, 112, 148, 110, 9, 111, 108, 106, 115, 107, 6, 1, 2, 0, 101, 120, 114, 121, 52, 47, 46, 39, 51, 68, 45, 49, 56, 57, 38, 83, 44, 103, 62, 60, 89, 70, 69, 59, 79, 80, 72, 86, 66, 73, 65, 31, 30, 24, 11, 100, 96, 98, 84, 87, 82, 81, 104, 88, 95, 23, 5, 4, 3, 21, 22, 20, 19, 35, 34, 37, 33]",True,12520819,0.012520819,"[19, 35, 34, 37, 33]","[33, 37, 34, 35, 19]",True,complete,5,5,15,0,11,0,11,11,,False,,,,,,,1,3,0,3,1,1,0,1
2,10525,74,146,3,"[0, 1, 2, 3, 4, 5, 6, 7, 8, 9, 10, 11, 12, 13, 14, 15, 16, 17, 18, 19, 20, 21, 22, 23, 24, 25, 26, 27, 28, 29, 30, 31, 32, 35, 36, 38, 39, 40, 41, 42, 43, 44, 45, 46, 47, 48, 49, 50, 51, 52, 53, 54, 55, 56, 57, 58, 59, 60, 61, 62, 63, 64, 65, 66, 67, 68, 69, 70, 71, 72, 73, 74, 75, 76, 77, 78, 79, 80, 81, 82, 83, 84, 85, 86, 87, 88, 89, 90, 91, 92, 93, 94, 95, 96, 97, 98, 99, 100, 101, 102, 103, 104, 105, 106, 107, 108, 109, 110, 111, 112, 114, 115, 116, 117, 118, 119, 120, 121, 122, 123, 124, 125, 126, 127, 128, 129, 130, 131, 132, 133, 134, 135, 136, 137, 138, 139, 140, 141, 142, 143, 144, 145, 146, 147, 148, 149]","[33, 34, 37]","{""support_1"": 37}",[37],1,"[122, 17, 18, 32, 137, 138, 139, 140, 13, 14, 118, 116, 136, 16, 36, 135, 28, 26, 105, 99, 149, 102, 144, 10, 145, 146, 147, 12, 71, 58, 134, 109, 78, 67, 48, 61, 85, 93, 133, 40, 42, 143, 25, 7, 131, 130, 132, 129, 54, 76, 74, 97, 128, 63, 94, 127, 91, 64, 126, 50, 125, 124, 123, 141, 142, 119, 117, 90, 77, 53, 55, 75, 92, 27, 29, 8, 15, 41, 43, 112, 148, 110, 9, 111, 108, 106, 115, 107, 6, 1, 2, 0, 101, 120, 114, 121, 52, 47, 46, 39, 51, 68, 45, 49, 56, 57, 38, 83, 44, 103, 62, 60, 89, 70, 69, 59, 79, 80, 72, 86, 66, 73, 65, 31, 30, 24, 11, 100, 96, 98, 84, 87, 82, 81, 104, 88, 95, 23, 5, 4, 3, 21, 22, 20, 19, 35, 34, 37, 33]",True,6741620,0.006741620,"[34, 37, 33]","[33, 37, 34]",True,complete,3,3,6,0,7,0,7,7,,False,,,,,,,1,1,0,1,1,1,0,1
2,10526,75,148,1,"[0, 1, 2, 3, 4, 5, 6, 7, 8, 9, 10, 11, 12, 13, 14, 15, 16, 17, 18, 19, 20, 21, 22, 23, 24, 25, 26, 27, 28, 29, 30, 31, 32, 34, 35, 36, 37, 38, 39, 40, 41, 42, 43, 44, 45, 46, 47, 48, 49, 50, 51, 52, 53, 54, 55, 56, 57, 58, 59, 60, 61, 62, 63, 64, 65, 66, 67, 68, 69, 70, 71, 72, 73, 74, 75, 76, 77, 78, 79, 80, 81, 82, 83, 84, 85, 86, 87, 88, 89, 90, 91, 92, 93, 94, 95, 96, 97, 98, 99, 100, 101, 102, 103, 104, 105, 106, 107, 108, 109, 110, 111, 112, 114, 115, 116, 117, 118, 119, 120, 121, 122, 123, 124, 125, 126, 127, 128, 129, 130, 131, 132, 133, 134, 135, 136, 137, 138, 139, 140, 141, 142, 143, 144, 145, 146, 147, 148, 149]",[33],{},[],0,"[122, 17, 18, 32, 137, 138, 139, 140, 13, 14, 118, 116, 136, 16, 36, 135, 28, 26, 105, 99, 149, 102, 144, 10, 145, 146, 147, 12, 71, 58, 134, 109, 78, 67, 48, 61, 85, 93, 133, 40, 42, 143, 25, 7, 131, 130, 132, 129, 54, 76, 74, 97, 128, 63, 94, 127, 91, 64, 126, 50, 125, 124, 123, 141, 142, 119, 117, 90, 77, 53, 55, 75, 92, 27, 29, 8, 15, 41, 43, 112, 148, 110, 9, 111, 108, 106, 115, 107, 6, 1, 2, 0, 101, 120, 114, 121, 52, 47, 46, 39, 51, 68, 45, 49, 56, 57, 38, 83, 44, 103, 62, 60, 89, 70, 69, 59, 79, 80, 72, 86, 66, 73, 65, 31, 30, 24, 11, 100, 96, 98, 84, 87, 82, 81, 104, 88, 95, 23, 5, 4, 3, 21, 22, 20, 19, 35, 34, 37, 33]",True,725115,0.000725115,[33],[33],True,complete,1,1,1,0,2,0,2,2,,False,,,,,,,0,0,0,0,0,0,0,0
3,20452,1,0,149,[],"[0, 1, 2, 3, 4, 5, 6, 7, 8, 9, 10, 11, 12, 13, 14, 15, 16, 17, 18, 19, 20, 21, 22, 23, 24, 25, 26, 27, 28, 29, 30, 31, 32, 33, 34, 35, 36, 37, 38, 39, 40, 41, 42, 43, 44, 45, 46, 47, 48, 49, 50, 51, 52, 53, 54, 55, 56, 57, 58, 59, 60, 61, 62, 63, 64, 65, 66, 67, 68, 69, 70, 71, 72, 73, 74, 75, 76, 77, 78, 79, 80, 81, 82, 83, 84, 85, 86, 87, 88, 89, 90, 91, 92, 93, 94, 95, 96, 97, 98, 99, 100, 101, 102, 103, 104, 105, 106, 107, 108, 109, 110, 111, 112, 114, 115, 116, 117, 118, 119, 120, 121, 122, 123, 124, 125, 126, 127, 128, 129, 130, 131, 132, 133, 134, 135, 136, 137, 138, 139, 140, 141, 142, 143, 144, 145, 146, 147, 148, 149]",{},[],0,"[17, 122, 18, 32, 137, 138, 140, 139, 13, 14, 116, 118, 136, 112, 36, 135, 26, 28, 105, 99, 148, 115, 149, 145, 144, 146, 147, 12, 58, 71, 134, 109, 48, 67, 61, 78, 10, 133, 129, 93, 85, 130, 76, 128, 31, 94, 74, 127, 89, 126, 35, 7, 83, 142, 92, 124, 123, 125, 141, 119, 8, 15, 90, 102, 103, 16, 40, 42, 143, 25, 131, 132, 52, 110, 108, 9, 111, 64, 50, 75, 53, 77, 55, 117, 41, 27, 43, 29, 107, 114, 120, 121, 101, 106, 63, 6, 1, 2, 0, 30, 97, 11, 100, 96, 98, 95, 87, 104, 88, 70, 91, 69, 79, 80, 72, 86, 82, 81, 73, 66, 65, 47, 68, 60, 59, 44, 24, 84, 62, 57, 54, 51, 46, 49, 45, 56, 38, 23, 39, 34, 33, 21, 37, 20, 19, 5, 4, 22, 3]",True,33737418844,33.737418844,"[17, 122, 18, 32, 137, 138, 140, 139, 13, 14, 116, 118, 136, 112, 36, 135, 26, 28, 105, 99, 148, 115, 149, 145, 144, 146, 147, 12, 58, 71, 134, 109, 48, 67, 61, 78, 10, 133, 129, 93, 85, 130, 76, 128, 31, 94, 74, 127, 89, 126, 35, 7, 83, 142, 92, 124, 123, 125, 141, 119, 8, 15, 90, 102, 103, 16, 40, 42, 143, 25, 131, 132, 52, 110, 108, 9, 111, 64, 50, 75, 53, 77, 55, 117, 41, 27, 43, 29, 107, 114, 120, 121, 101, 106, 63, 6, 1, 2, 0, 30, 97, 11, 100, 96, 98, 95, 87, 104, 88, 70, 91, 69, 79, 80, 72, 86, 82, 81, 73, 66, 65, 47, 68, 60, 59, 44, 24, 84, 62, 57, 54, 51, 46, 49, 45, 56, 38, 23, 39, 34, 33, 21, 37, 20, 19, 5, 4, 22, 3]","[3, 22, 4, 5, 19, 20, 37, 21, 33, 34, 39, 23, 38, 56, 45, 49, 46, 51, 54, 57, 62, 84, 24, 44, 59, 60, 68, 47, 65, 66, 73, 81, 82, 86, 72, 80, 79, 69, 91, 70, 88, 104, 87, 95, 98, 96, 100, 11, 97, 30, 0, 2, 1, 6, 63, 106, 101, 121, 120, 114, 107, 29, 43, 27, 41, 117, 55, 77, 53, 75, 50, 64, 111, 9, 108, 110, 52, 132, 131, 25, 143, 42, 40, 16, 103, 102, 90, 15, 8, 119, 141, 125, 123, 124, 92, 142, 83, 7, 35, 126, 89, 127, 74, 94, 31, 128, 76, 130, 85, 93, 129, 133, 10, 78, 61, 67, 48, 109, 134, 71, 58, 12, 147, 146, 144, 145, 149, 115, 148, 99, 105, 28, 26, 135, 36, 112, 136, 118, 116, 14, 13, 139, 140, 138, 137, 32, 18, 122, 17]",True,complete,150,150,11215,0,2274,1,2273,2000,,False,,,,,,,2,129,21,129,21,21,21,21
3,20453,2,2,147,"[17, 122]","[0, 1, 2, 3, 4, 5, 6, 7, 8, 9, 10, 11, 12, 13, 14, 15, 16, 18, 19, 20, 21, 22, 23, 24, 25, 26, 27, 28, 29, 30, 31, 32, 33, 34, 35, 36, 37, 38, 39, 40, 41, 42, 43, 44, 45, 46, 47, 48, 49, 50, 51, 52, 53, 54, 55, 56, 57, 58, 59, 60, 61, 62, 63, 64, 65, 66, 67, 68, 69, 70, 71, 72, 73, 74, 75, 76, 77, 78, 79, 80, 81, 82, 83, 84, 85, 86, 87, 88, 89, 90, 91, 92, 93, 94, 95, 96, 97, 98, 99, 100, 101, 102, 103, 104, 105, 106, 107, 108, 109, 110, 111, 112, 114, 115, 116, 117, 118, 119, 120, 121, 123, 124, 125, 126, 127, 128, 129, 130, 131, 132, 133, 134, 135, 136, 137, 138, 139, 140, 141, 142, 143, 144, 145, 146, 147, 148, 149]",{},[],0,"[17, 122, 18, 32, 137, 138, 140, 139, 13, 14, 116, 118, 136, 112, 36, 135, 26, 28, 105, 99, 148, 115, 149, 145, 144, 146, 147, 12, 58, 71, 134, 109, 48, 67, 61, 78, 10, 133, 129, 93, 85, 130, 76, 128, 31, 94, 74, 127, 89, 126, 35, 7, 83, 142, 92, 124, 123, 125, 141, 119, 8, 15, 90, 102, 103, 16, 40, 42, 143, 25, 131, 132, 52, 110, 108, 9, 111, 64, 50, 75, 53, 77, 55, 117, 41, 27, 43, 29, 107, 114, 120, 121, 101, 106, 63, 6, 1, 2, 0, 30, 97, 11, 100, 96, 98, 95, 87, 104, 88, 70, 91, 69, 79, 80, 72, 86, 82, 81, 73, 66, 65, 47, 68, 60, 59, 44, 24, 84, 62, 57, 54, 51, 46, 49, 45, 56, 38, 23, 39, 34, 33, 21, 37, 20, 19, 5, 4, 22, 3]",True,60828121114,60.828121114,"[18, 32, 137, 138, 139, 140, 14, 13, 116, 118, 136, 16, 36, 135, 26, 28, 105, 99, 148, 115, 145, 144, 149, 147, 146, 12, 58, 71, 134, 109, 61, 102, 133, 40, 48, 85, 67, 78, 143, 7, 129, 130, 74, 128, 31, 23, 127, 47, 124, 123, 142, 141, 126, 94, 44, 131, 132, 52, 125, 86, 103, 117, 53, 15, 8, 41, 112, 10, 27, 110, 108, 9, 111, 119, 43, 107, 114, 120, 121, 6, 1, 2, 0, 101, 106, 93, 76, 64, 75, 90, 92, 55, 77, 29, 42, 5, 4, 21, 22, 35, 3, 98, 30, 11, 63, 97, 25, 96, 20, 100, 83, 24, 19, 37, 84, 82, 87, 81, 104, 95, 34, 39, 46, 54, 50, 51, 91, 88, 70, 89, 69, 79, 80, 72, 68, 60, 59, 66, 73, 65, 62, 33, 45, 38, 56, 49, 57]","[57, 49, 56, 38, 45, 33, 62, 65, 73, 66, 59, 60, 68, 72, 80, 79, 69, 89, 70, 88, 91, 51, 50, 54, 46, 39, 34, 95, 104, 81, 87, 82, 84, 37, 19, 24, 83, 100, 20, 96, 25, 97, 63, 11, 30, 98, 3, 35, 22, 21, 4, 5, 42, 29, 77, 55, 92, 90, 75, 64, 76, 93, 106, 101, 0, 2, 1, 6, 121, 120, 114, 107, 43, 119, 111, 9, 108, 110, 27, 10, 112, 41, 8, 15, 53, 117, 103, 86, 125, 52, 132, 131, 44, 94, 126, 141, 142, 123, 124, 47, 127, 23, 31, 128, 74, 130, 129, 7, 143, 78, 67, 85, 48, 40, 133, 102, 61, 109, 134, 71, 58, 12, 146, 147, 149, 144, 145, 115, 148, 99, 105, 28, 26, 135, 36, 16, 136, 118, 116, 13, 14, 140, 139, 138, 137, 32, 18]",False,complete,191,191,12433,0,5526,97,5429,2000,,False,,,,,,,2,105,24,105,24,24,24,24
3,20454,3,4,145,"[17, 18, 32, 122]","[0, 1, 2, 3, 4, 5, 6, 7, 8, 9, 10, 11, 12, 13, 14, 15, 16, 19, 20, 21, 22, 23, 24, 25, 26, 27, 28, 29, 30, 31, 33, 34, 35, 36, 37, 38, 39, 40, 41, 42, 43, 44, 45, 46, 47, 48, 49, 50, 51, 52, 53, 54, 55, 56, 57, 58, 59, 60, 61, 62, 63, 64, 65, 66, 67, 68, 69, 70, 71, 72, 73, 74, 75, 76, 77, 78, 79, 80, 81, 82, 83, 84, 85, 86, 87, 88, 89, 90, 91, 92, 93, 94, 95, 96, 97, 98, 99, 100, 101, 102, 103, 104, 105, 106, 107, 108, 109, 110, 111, 112, 114, 115, 116, 117, 118, 119, 120, 121, 123, 124, 125, 126, 127, 128, 129, 130, 131, 132, 133, 134, 135, 136, 137, 138, 139, 140, 141, 142, 143, 144, 145, 146, 147, 148, 149]",{},[],0,"[17, 122, 18, 32, 137, 138, 140, 139, 13, 14, 116, 118, 136, 112, 36, 135, 26, 28, 105, 99, 148, 115, 149, 145, 144, 146, 147, 12, 58, 71, 134, 109, 48, 67, 61, 78, 10, 133, 129, 93, 85, 130, 76, 128, 31, 94, 74, 127, 89, 126, 35, 7, 83, 142, 92, 124, 123, 125, 141, 119, 8, 15, 90, 102, 103, 16, 40, 42, 143, 25, 131, 132, 52, 110, 108, 9, 111, 64, 50, 75, 53, 77, 55, 117, 41, 27, 43, 29, 107, 114, 120, 121, 101, 106, 63, 6, 1, 2, 0, 30, 97, 11, 100, 96, 98, 95, 87, 104, 88, 70, 91, 69, 79, 80, 72, 86, 82, 81, 73, 66, 65, 47, 68, 60, 59, 44, 24, 84, 62, 57, 54, 51, 46, 49, 45, 56, 38, 23, 39, 34, 33, 21, 37, 20, 19, 5, 4, 22, 3]",True,45086520385,45.086520385,"[137, 138, 139, 140, 13, 14, 118, 116, 136, 112, 36, 135, 28, 26, 105, 99, 145, 144, 10, 148, 149, 146, 147, 12, 58, 71, 134, 109, 48, 67, 78, 61, 102, 93, 85, 133, 130, 129, 74, 42, 40, 7, 131, 132, 54, 143, 128, 126, 47, 125, 124, 123, 141, 142, 119, 104, 103, 127, 53, 21, 84, 15, 115, 16, 110, 29, 27, 41, 8, 108, 9, 111, 76, 97, 63, 91, 64, 117, 55, 77, 90, 92, 75, 43, 107, 114, 120, 121, 101, 106, 70, 95, 31, 100, 96, 30, 11, 98, 6, 1, 2, 0, 52, 51, 46, 39, 68, 60, 50, 62, 49, 45, 56, 57, 38, 83, 44, 24, 23, 25, 35, 34, 33, 37, 20, 19, 5, 4, 22, 3, 59, 89, 73, 66, 69, 79, 80, 72, 65, 88, 87, 94, 82, 86, 81]","[81, 86, 82, 94, 87, 88, 65, 72, 80, 79, 69, 66, 73, 89, 59, 3, 22, 4, 5, 19, 20, 37, 33, 34, 35, 25, 23, 24, 44, 83, 38, 57, 56, 45, 49, 62, 50, 60, 68, 39, 46, 51, 52, 0, 2, 1, 6, 98, 11, 30, 96, 100, 31, 95, 70, 106, 101, 121, 120, 114, 107, 43, 75, 92, 90, 77, 55, 117, 64, 91, 63, 97, 76, 111, 9, 108, 8, 41, 27, 29, 110, 16, 115, 15, 84, 21, 53, 127, 103, 104, 119, 142, 141, 123, 124, 125, 47, 126, 128, 143, 54, 132, 131, 7, 40, 42, 74, 129, 130, 133, 85, 93, 102, 61, 78, 67, 48, 109, 134, 71, 58, 12, 147, 146, 149, 148, 10, 144, 145, 99, 105, 26, 28, 135, 36, 112, 136, 116, 118, 14, 13, 140, 139, 138, 137]",False,complete,171,171,11405,0,3480,14,3466,2000,,False,,,,,,,2,130,18,130,18,18,18,18
3,20455,4,6,143,"[17, 18, 32, 122, 137, 138]","[0, 1, 2, 3, 4, 5, 6, 7, 8, 9, 10, 11, 12, 13, 14, 15, 16, 19, 20, 21, 22, 23, 24, 25, 26, 27, 28, 29, 30, 31, 33, 34, 35, 36, 37, 38, 39, 40, 41, 42, 43, 44, 45, 46, 47, 48, 49, 50, 51, 52, 53, 54, 55, 56, 57, 58, 59, 60, 61, 62, 63, 64, 65, 66, 67, 68, 69, 70, 71, 72, 73, 74, 75, 76, 77, 78, 79, 80, 81, 82, 83, 84, 85, 86, 87, 88, 89, 90, 91, 92, 93, 94, 95, 96, 97, 98, 99, 100, 101, 102, 103, 104, 105, 106, 107, 108, 109, 110, 111, 112, 114, 115, 116, 117, 118, 119, 120, 121, 123, 124, 125, 126, 127, 128, 129, 130, 131, 132, 133, 134, 135, 136, 139, 140, 141, 142, 143, 144, 145, 146, 147, 148, 149]",{},[],0,"[17, 122, 18, 32, 137, 138, 140, 139, 13, 14, 116, 118, 136, 112, 36, 135, 26, 28, 105, 99, 148, 115, 149, 145, 144, 146, 147, 12, 58, 71, 134, 109, 48, 67, 61, 78, 10, 133, 129, 93, 85, 130, 76, 128, 31, 94, 74, 127, 89, 126, 35, 7, 83, 142, 92, 124, 123, 125, 141, 119, 8, 15, 90, 102, 103, 16, 40, 42, 143, 25, 131, 132, 52, 110, 108, 9, 111, 64, 50, 75, 53, 77, 55, 117, 41, 27, 43, 29, 107, 114, 120, 121, 101, 106, 63, 6, 1, 2, 0, 30, 97, 11, 100, 96, 98, 95, 87, 104, 88, 70, 91, 69, 79, 80, 72, 86, 82, 81, 73, 66, 65, 47, 68, 60, 59, 44, 24, 84, 62, 57, 54, 51, 46, 49, 45, 56, 38, 23, 39, 34, 33, 21, 37, 20, 19, 5, 4, 22, 3]",True,64154945902,64.154945902,"[140, 139, 13, 14, 116, 118, 136, 16, 36, 135, 26, 28, 99, 105, 149, 102, 145, 148, 144, 146, 147, 12, 71, 58, 134, 109, 48, 67, 61, 10, 133, 143, 7, 130, 129, 74, 128, 31, 23, 127, 89, 126, 125, 131, 132, 54, 44, 141, 142, 53, 21, 47, 8, 15, 29, 103, 94, 124, 123, 115, 112, 6, 114, 119, 121, 120, 1, 2, 0, 76, 78, 101, 106, 85, 93, 64, 77, 75, 55, 92, 90, 117, 43, 41, 27, 107, 110, 111, 108, 9, 40, 63, 83, 30, 97, 11, 100, 96, 98, 95, 87, 104, 88, 70, 91, 69, 79, 80, 72, 86, 82, 81, 73, 66, 65, 50, 68, 60, 59, 35, 62, 84, 57, 56, 49, 46, 45, 51, 38, 52, 33, 34, 39, 24, 25, 42, 37, 20, 19, 5, 4, 22, 3]","[3, 22, 4, 5, 19, 20, 37, 42, 25, 24, 39, 34, 33, 52, 38, 51, 45, 46, 49, 56, 57, 84, 62, 35, 59, 60, 68, 50, 65, 66, 73, 81, 82, 86, 72, 80, 79, 69, 91, 70, 88, 104, 87, 95, 98, 96, 100, 11, 97, 30, 83, 63, 40, 9, 108, 111, 110, 107, 27, 41, 43, 117, 90, 92, 55, 75, 77, 64, 93, 85, 106, 101, 78, 76, 0, 2, 1, 120, 121, 119, 114, 6, 112, 115, 123, 124, 94, 103, 29, 15, 8, 47, 21, 53, 142, 141, 44, 54, 132, 131, 125, 126, 89, 127, 23, 31, 128, 74, 129, 130, 7, 143, 133, 10, 61, 67, 48, 109, 134, 58, 71, 12, 147, 146, 144, 148, 145, 102, 149, 105, 99, 28, 26, 135, 36, 16, 136, 118, 116, 14, 13, 139, 140]",False,complete,195,195,11909,0,5256,31,5225,2000,,False,,,,,,,2,133,24,133,24,24,24,24
3,20456,5,8,141,"[17, 18, 32, 122, 137, 138, 139, 140]","[0, 1, 2, 3, 4, 5, 6, 7, 8, 9, 10, 11, 12, 13, 14, 15, 16, 19, 20, 21, 22, 23, 24, 25, 26, 27, 28, 29, 30, 31, 33, 34, 35, 36, 37, 38, 39, 40, 41, 42, 43, 44, 45, 46, 47, 48, 49, 50, 51, 52, 53, 54, 55, 56, 57, 58, 59, 60, 61, 62, 63, 64, 65, 66, 67, 68, 69, 70, 71, 72, 73, 74, 75, 76, 77, 78, 79, 80, 81, 82, 83, 84, 85, 86, 87, 88, 89, 90, 91, 92, 93, 94, 95, 96, 97, 98, 99, 100, 101, 102, 103, 104, 105, 106, 107, 108, 109, 110, 111, 112, 114, 115, 116, 117, 118, 119, 120, 121, 123, 124, 125, 126, 127, 128, 129, 130, 131, 132, 133, 134, 135, 136, 141, 142, 143, 144, 145, 146, 147, 148, 149]",{},[],0,"[17, 122, 18, 32, 137, 138, 140, 139, 13, 14, 116, 118, 136, 112, 36, 135, 26, 28, 105, 99, 148, 115, 149, 145, 144, 146, 147, 12, 58, 71, 134, 109, 48, 67, 61, 78, 10, 133, 129, 93, 85, 130, 76, 128, 31, 94, 74, 127, 89, 126, 35, 7, 83, 142, 92, 124, 123, 125, 141, 119, 8, 15, 90, 102, 103, 16, 40, 42, 143, 25, 131, 132, 52, 110, 108, 9, 111, 64, 50, 75, 53, 77, 55, 117, 41, 27, 43, 29, 107, 114, 120, 121, 101, 106, 63, 6, 1, 2, 0, 30, 97, 11, 100, 96, 98, 95, 87, 104, 88, 70, 91, 69, 79, 80, 72, 86, 82, 81, 73, 66, 65, 47, 68, 60, 59, 44, 24, 84, 62, 57, 54, 51, 46, 49, 45, 56, 38, 23, 39, 34, 33, 21, 37, 20, 19, 5, 4, 22, 3]",True,45058945552,45.058945552,"[14, 13, 118, 116, 136, 16, 36, 135, 28, 26, 105, 99, 149, 102, 148, 144, 145, 146, 147, 12, 71, 58, 134, 109, 48, 78, 61, 67, 85, 93, 133, 40, 42, 115, 7, 129, 130, 131, 132, 76, 128, 31, 127, 126, 91, 47, 86, 74, 125, 141, 142, 92, 75, 77, 10, 110, 35, 27, 54, 53, 15, 43, 143, 62, 112, 25, 108, 9, 111, 70, 103, 124, 123, 8, 41, 55, 29, 6, 1, 2, 0, 121, 119, 90, 106, 114, 101, 120, 63, 117, 107, 30, 97, 11, 100, 96, 98, 52, 51, 46, 39, 23, 34, 21, 37, 20, 5, 4, 22, 3, 33, 44, 38, 57, 50, 49, 56, 45, 19, 83, 104, 95, 24, 84, 69, 82, 79, 80, 89, 64, 60, 59, 68, 88, 73, 66, 72, 65, 87, 94, 81]","[81, 94, 87, 65, 72, 66, 73, 88, 68, 59, 60, 64, 89, 80, 79, 82, 69, 84, 24, 95, 104, 83, 19, 45, 56, 49, 50, 57, 38, 44, 33, 3, 22, 4, 5, 20, 37, 21, 34, 23, 39, 46, 51, 52, 98, 96, 100, 11, 97, 30, 107, 117, 63, 120, 101, 114, 106, 90, 119, 121, 0, 2, 1, 6, 29, 55, 41, 8, 123, 124, 103, 70, 111, 9, 108, 25, 112, 62, 143, 43, 15, 53, 54, 27, 35, 110, 10, 77, 75, 92, 142, 141, 125, 74, 86, 47, 91, 126, 127, 31, 128, 76, 132, 131, 130, 129, 7, 115, 42, 40, 133, 93, 85, 67, 61, 78, 48, 109, 134, 58, 71, 12, 147, 146, 145, 144, 148, 102, 149, 99, 105, 26, 28, 135, 36, 16, 136, 116, 118, 13, 14]",False,complete,168,168,10886,0,3724,43,3681,2000,,False,,,,,,,2,134,18,134,18,18,18,18
3,20457,6,10,139,"[13, 14, 17, 18, 32, 122, 137, 138, 139, 140]","[0, 1, 2, 3, 4, 5, 6, 7, 8, 9, 10, 11, 12, 15, 16, 19, 20, 21, 22, 23, 24, 25, 26, 27, 28, 29, 30, 31, 33, 34, 35, 36, 37, 38, 39, 40, 41, 42, 43, 44, 45, 46, 47, 48, 49, 50, 51, 52, 53, 54, 55, 56, 57, 58, 59, 60, 61, 62, 63, 64, 65, 66, 67, 68, 69, 70, 71, 72, 73, 74, 75, 76, 77, 78, 79, 80, 81, 82, 83, 84, 85, 86, 87, 88, 89, 90, 91, 92, 93, 94, 95, 96, 97, 98, 99, 100, 101, 102, 103, 104, 105, 106, 107, 108, 109, 110, 111, 112, 114, 115, 116, 117, 118, 119, 120, 121, 123, 124, 125, 126, 127, 128, 129, 130, 131, 132, 133, 134, 135, 136, 141, 142, 143, 144, 145, 146, 147, 148, 149]",{},[],0,"[17, 122, 18, 32, 137, 138, 140, 139, 13, 14, 116, 118, 136, 112, 36, 135, 26, 28, 105, 99, 148, 115, 149, 145, 144, 146, 147, 12, 58, 71, 134, 109, 48, 67, 61, 78, 10, 133, 129, 93, 85, 130, 76, 128, 31, 94, 74, 127, 89, 126, 35, 7, 83, 142, 92, 124, 123, 125, 141, 119, 8, 15, 90, 102, 103, 16, 40, 42, 143, 25, 131, 132, 52, 110, 108, 9, 111, 64, 50, 75, 53, 77, 55, 117, 41, 27, 43, 29, 107, 114, 120, 121, 101, 106, 63, 6, 1, 2, 0, 30, 97, 11, 100, 96, 98, 95, 87, 104, 88, 70, 91, 69, 79, 80, 72, 86, 82, 81, 73, 66, 65, 47, 68, 60, 59, 44, 24, 84, 62, 57, 54, 51, 46, 49, 45, 56, 38, 23, 39, 34, 33, 21, 37, 20, 19, 5, 4, 22, 3]",True,60560944049,60.560944049,"[116, 118, 136, 16, 36, 135, 28, 26, 99, 105, 148, 115, 145, 149, 144, 147, 146, 12, 71, 58, 134, 109, 61, 102, 133, 42, 48, 85, 67, 78, 143, 7, 130, 132, 131, 129, 74, 128, 31, 23, 127, 47, 54, 124, 123, 142, 141, 126, 94, 44, 125, 86, 103, 117, 55, 15, 8, 43, 112, 10, 27, 110, 108, 9, 111, 119, 41, 107, 114, 120, 121, 6, 1, 2, 0, 101, 106, 93, 76, 64, 90, 77, 75, 53, 92, 29, 40, 5, 4, 21, 22, 35, 3, 98, 30, 11, 63, 97, 25, 96, 20, 100, 83, 24, 19, 37, 84, 87, 82, 81, 104, 95, 34, 39, 46, 52, 50, 51, 89, 88, 70, 91, 69, 79, 80, 72, 68, 66, 73, 65, 60, 59, 62, 33, 45, 38, 56, 49, 57]","[57, 49, 56, 38, 45, 33, 62, 59, 60, 65, 73, 66, 68, 72, 80, 79, 69, 91, 70, 88, 89, 51, 50, 52, 46, 39, 34, 95, 104, 81, 82, 87, 84, 37, 19, 24, 83, 100, 20, 96, 25, 97, 63, 11, 30, 98, 3, 35, 22, 21, 4, 5, 40, 29, 92, 53, 75, 77, 90, 64, 76, 93, 106, 101, 0, 2, 1, 6, 121, 120, 114, 107, 41, 119, 111, 9, 108, 110, 27, 10, 112, 43, 8, 15, 55, 117, 103, 86, 125, 44, 94, 126, 141, 142, 123, 124, 54, 47, 127, 23, 31, 128, 74, 129, 131, 132, 130, 7, 143, 78, 67, 85, 48, 42, 133, 102, 61, 109, 134, 58, 71, 12, 146, 147, 144, 149, 145, 115, 148, 105, 99, 26, 28, 135, 36, 16, 136, 118, 116]",False,complete,183,183,11285,0,5504,97,5407,2000,,False,,,,,,,2,103,24,103,24,24,24,24
3,20458,7,12,137,"[13, 14, 17, 18, 32, 116, 118, 122, 137, 138, 139, 140]","[0, 1, 2, 3, 4, 5, 6, 7, 8, 9, 10, 11, 12, 15, 16, 19, 20, 21, 22, 23, 24, 25, 26, 27, 28, 29, 30, 31, 33, 34, 35, 36, 37, 38, 39, 40, 41, 42, 43, 44, 45, 46, 47, 48, 49, 50, 51, 52, 53, 54, 55, 56, 57, 58, 59, 60, 61, 62, 63, 64, 65, 66, 67, 68, 69, 70, 71, 72, 73, 74, 75, 76, 77, 78, 79, 80, 81, 82, 83, 84, 85, 86, 87, 88, 89, 90, 91, 92, 93, 94, 95, 96, 97, 98, 99, 100, 101, 102, 103, 104, 105, 106, 107, 108, 109, 110, 111, 112, 114, 115, 117, 119, 120, 121, 123, 124, 125, 126, 127, 128, 129, 130, 131, 132, 133, 134, 135, 136, 141, 142, 143, 144, 145, 146, 147, 148, 149]",{},[],0,"[17, 122, 18, 32, 137, 138, 140, 139, 13, 14, 116, 118, 136, 112, 36, 135, 26, 28, 105, 99, 148, 115, 149, 145, 144, 146, 147, 12, 58, 71, 134, 109, 48, 67, 61, 78, 10, 133, 129, 93, 85, 130, 76, 128, 31, 94, 74, 127, 89, 126, 35, 7, 83, 142, 92, 124, 123, 125, 141, 119, 8, 15, 90, 102, 103, 16, 40, 42, 143, 25, 131, 132, 52, 110, 108, 9, 111, 64, 50, 75, 53, 77, 55, 117, 41, 27, 43, 29, 107, 114, 120, 121, 101, 106, 63, 6, 1, 2, 0, 30, 97, 11, 100, 96, 98, 95, 87, 104, 88, 70, 91, 69, 79, 80, 72, 86, 82, 81, 73, 66, 65, 47, 68, 60, 59, 44, 24, 84, 62, 57, 54, 51, 46, 49, 45, 56, 38, 23, 39, 34, 33, 21, 37, 20, 19, 5, 4, 22, 3]",True,69773526156,69.773526156,"[136, 112, 36, 135, 28, 26, 99, 105, 149, 102, 145, 148, 144, 146, 147, 12, 71, 58, 134, 109, 67, 78, 48, 61, 10, 93, 85, 133, 130, 129, 76, 128, 97, 94, 74, 127, 89, 126, 35, 7, 125, 21, 83, 141, 142, 90, 124, 123, 117, 92, 115, 84, 103, 16, 42, 40, 132, 131, 54, 110, 108, 9, 111, 64, 50, 53, 75, 55, 77, 119, 41, 43, 8, 15, 27, 29, 107, 114, 120, 121, 101, 106, 70, 6, 1, 2, 0, 31, 30, 11, 100, 96, 98, 95, 87, 104, 81, 82, 88, 91, 73, 69, 79, 72, 80, 86, 66, 65, 47, 68, 63, 60, 59, 62, 57, 143, 5, 56, 46, 49, 45, 51, 52, 25, 24, 39, 38, 44, 34, 33, 37, 3, 19, 4, 22, 20, 23]","[23, 20, 22, 4, 19, 3, 37, 33, 34, 44, 38, 39, 24, 25, 52, 51, 45, 49, 46, 56, 5, 143, 57, 62, 59, 60, 63, 68, 47, 65, 66, 86, 80, 72, 79, 69, 73, 91, 88, 82, 81, 104, 87, 95, 98, 96, 100, 11, 30, 31, 0, 2, 1, 6, 70, 106, 101, 121, 120, 114, 107, 29, 27, 15, 8, 43, 41, 119, 77, 55, 75, 53, 50, 64, 111, 9, 108, 110, 54, 131, 132, 40, 42, 16, 103, 84, 115, 92, 117, 123, 124, 90, 142, 141, 83, 21, 125, 7, 35, 126, 89, 127, 74, 94, 97, 128, 76, 129, 130, 133, 85, 93, 10, 61, 48, 78, 67, 109, 134, 58, 71, 12, 147, 146, 144, 148, 145, 102, 149, 105, 99, 26, 28, 135, 36, 112, 136]",False,complete,225,225,12030,0,6384,154,6230,2000,,False,,,,,,,2,131,21,131,21,21,21,21
3,20459,8,14,135,"[13, 14, 17, 18, 32, 112, 116, 118, 122, 136, 137, 138, 139, 140]","[0, 1, 2, 3, 4, 5, 6, 7, 8, 9, 10, 11, 12, 15, 16, 19, 20, 21, 22, 23, 24, 25, 26, 27, 28, 29, 30, 31, 33, 34, 35, 36, 37, 38, 39, 40, 41, 42, 43, 44, 45, 46, 47, 48, 49, 50, 51, 52, 53, 54, 55, 56, 57, 58, 59, 60, 61, 62, 63, 64, 65, 66, 67, 68, 69, 70, 71, 72, 73, 74, 75, 76, 77, 78, 79, 80, 81, 82, 83, 84, 85, 86, 87, 88, 89, 90, 91, 92, 93, 94, 95, 96, 97, 98, 99, 100, 101, 102, 103, 104, 105, 106, 107, 108, 109, 110, 111, 114, 115, 117, 119, 120, 121, 123, 124, 125, 126, 127, 128, 129, 130, 131, 132, 133, 134, 135, 141, 142, 143, 144, 145, 146, 147, 148, 149]",{},[],0,"[17, 122, 18, 32, 137, 138, 140, 139, 13, 14, 116, 118, 136, 112, 36, 135, 26, 28, 105, 99, 148, 115, 149, 145, 144, 146, 147, 12, 58, 71, 134, 109, 48, 67, 61, 78, 10, 133, 129, 93, 85, 130, 76, 128, 31, 94, 74, 127, 89, 126, 35, 7, 83, 142, 92, 124, 123, 125, 141, 119, 8, 15, 90, 102, 103, 16, 40, 42, 143, 25, 131, 132, 52, 110, 108, 9, 111, 64, 50, 75, 53, 77, 55, 117, 41, 27, 43, 29, 107, 114, 120, 121, 101, 106, 63, 6, 1, 2, 0, 30, 97, 11, 100, 96, 98, 95, 87, 104, 88, 70, 91, 69, 79, 80, 72, 86, 82, 81, 73, 66, 65, 47, 68, 60, 59, 44, 24, 84, 62, 57, 54, 51, 46, 49, 45, 56, 38, 23, 39, 34, 33, 21, 37, 20, 19, 5, 4, 22, 3]",True,30899430439,30.899430439,"[36, 135, 28, 26, 105, 99, 149, 102, 145, 144, 10, 146, 147, 12, 58, 71, 134, 109, 61, 67, 78, 148, 48, 93, 85, 133, 130, 129, 74, 40, 42, 7, 132, 131, 52, 143, 128, 126, 47, 125, 94, 100, 142, 141, 8, 15, 75, 76, 44, 50, 124, 123, 115, 90, 121, 16, 114, 110, 108, 9, 111, 63, 106, 101, 120, 127, 89, 119, 117, 107, 77, 53, 92, 55, 29, 43, 41, 27, 25, 83, 104, 6, 1, 2, 0, 54, 51, 46, 45, 39, 62, 49, 56, 38, 57, 70, 86, 69, 79, 80, 64, 60, 59, 68, 66, 72, 65, 91, 73, 97, 96, 98, 95, 87, 88, 103, 82, 81, 84, 24, 30, 11, 31, 23, 5, 4, 3, 21, 22, 20, 19, 35, 34, 37, 33]","[33, 37, 34, 35, 19, 20, 22, 21, 3, 4, 5, 23, 31, 11, 30, 24, 84, 81, 82, 103, 88, 87, 95, 98, 96, 97, 73, 91, 65, 72, 66, 68, 59, 60, 64, 80, 79, 69, 86, 70, 57, 38, 56, 49, 62, 39, 45, 46, 51, 54, 0, 2, 1, 6, 104, 83, 25, 27, 41, 43, 29, 55, 92, 53, 77, 107, 117, 119, 89, 127, 120, 101, 106, 63, 111, 9, 108, 110, 114, 16, 121, 90, 115, 123, 124, 50, 44, 76, 75, 15, 8, 141, 142, 100, 94, 125, 47, 126, 128, 143, 52, 131, 132, 7, 42, 40, 74, 129, 130, 133, 85, 93, 48, 148, 78, 67, 61, 109, 134, 71, 58, 12, 147, 146, 10, 144, 145, 102, 149, 99, 105, 26, 28, 135, 36]",False,complete,136,136,9224,0,2150,1,2149,2000,,False,,,,,,,2,99,19,99,19,19,19,19
3,20460,9,16,133,"[13, 14, 17, 18, 32, 36, 112, 116, 118, 122, 135, 136, 137, 138, 139, 140]","[0, 1, 2, 3, 4, 5, 6, 7, 8, 9, 10, 11, 12, 15, 16, 19, 20, 21, 22, 23, 24, 25, 26, 27, 28, 29, 30, 31, 33, 34, 35, 37, 38, 39, 40, 41, 42, 43, 44, 45, 46, 47, 48, 49, 50, 51, 52, 53, 54, 55, 56, 57, 58, 59, 60, 61, 62, 63, 64, 65, 66, 67, 68, 69, 70, 71, 72, 73, 74, 75, 76, 77, 78, 79, 80, 81, 82, 83, 84, 85, 86, 87, 88, 89, 90, 91, 92, 93, 94, 95, 96, 97, 98, 99, 100, 101, 102, 103, 104, 105, 106, 107, 108, 109, 110, 111, 114, 115, 117, 119, 120, 121, 123, 124, 125, 126, 127, 128, 129, 130, 131, 132, 133, 134, 141, 142, 143, 144, 145, 146, 147, 148, 149]",{},[],0,"[17, 122, 18, 32, 137, 138, 140, 139, 13, 14, 116, 118, 136, 112, 36, 135, 26, 28, 105, 99, 148, 115, 149, 145, 144, 146, 147, 12, 58, 71, 134, 109, 48, 67, 61, 78, 10, 133, 129, 93, 85, 130, 76, 128, 31, 94, 74, 127, 89, 126, 35, 7, 83, 142, 92, 124, 123, 125, 141, 119, 8, 15, 90, 102, 103, 16, 40, 42, 143, 25, 131, 132, 52, 110, 108, 9, 111, 64, 50, 75, 53, 77, 55, 117, 41, 27, 43, 29, 107, 114, 120, 121, 101, 106, 63, 6, 1, 2, 0, 30, 97, 11, 100, 96, 98, 95, 87, 104, 88, 70, 91, 69, 79, 80, 72, 86, 82, 81, 73, 66, 65, 47, 68, 60, 59, 44, 24, 84, 62, 57, 54, 51, 46, 49, 45, 56, 38, 23, 39, 34, 33, 21, 37, 20, 19, 5, 4, 22, 3]",True,34578615179,34.578615179,"[26, 28, 99, 105, 144, 10, 145, 149, 102, 146, 147, 12, 71, 58, 134, 109, 67, 48, 78, 61, 148, 93, 85, 133, 130, 129, 76, 128, 97, 94, 74, 127, 89, 126, 35, 7, 125, 21, 83, 142, 141, 92, 123, 15, 27, 23, 55, 124, 16, 40, 131, 132, 54, 110, 9, 64, 50, 119, 53, 117, 77, 90, 75, 41, 43, 29, 8, 111, 108, 106, 115, 107, 6, 1, 2, 0, 101, 120, 114, 121, 42, 5, 4, 143, 22, 63, 3, 100, 96, 98, 25, 11, 20, 31, 44, 30, 24, 19, 104, 37, 84, 70, 34, 39, 52, 47, 46, 51, 68, 60, 62, 49, 45, 56, 38, 57, 33, 59, 91, 73, 66, 69, 79, 72, 80, 65, 86, 87, 82, 81, 103, 88, 95]","[95, 88, 103, 81, 82, 87, 86, 65, 80, 72, 79, 69, 66, 73, 91, 59, 33, 57, 38, 56, 45, 49, 62, 60, 68, 51, 46, 47, 52, 39, 34, 70, 84, 37, 104, 19, 24, 30, 44, 31, 20, 11, 25, 98, 96, 100, 3, 63, 22, 143, 4, 5, 42, 121, 114, 120, 101, 0, 2, 1, 6, 107, 115, 106, 108, 111, 8, 29, 43, 41, 75, 90, 77, 117, 53, 119, 50, 64, 9, 110, 54, 132, 131, 40, 16, 124, 55, 23, 27, 15, 123, 92, 141, 142, 83, 21, 125, 7, 35, 126, 89, 127, 74, 94, 97, 128, 76, 129, 130, 133, 85, 93, 148, 61, 78, 48, 67, 109, 134, 58, 71, 12, 147, 146, 102, 149, 145, 10, 144, 105, 99, 28, 26]",False,complete,136,136,8990,0,2437,3,2434,2000,,False,,,,,,,2,122,23,122,23,23,23,23
3,20461,10,18,131,"[13, 14, 17, 18, 26, 28, 32, 36, 112, 116, 118, 122, 135, 136, 137, 138, 139, 140]","[0, 1, 2, 3, 4, 5, 6, 7, 8, 9, 10, 11, 12, 15, 16, 19, 20, 21, 22, 23, 24, 25, 27, 29, 30, 31, 33, 34, 35, 37, 38, 39, 40, 41, 42, 43, 44, 45, 46, 47, 48, 49, 50, 51, 52, 53, 54, 55, 56, 57, 58, 59, 60, 61, 62, 63, 64, 65, 66, 67, 68, 69, 70, 71, 72, 73, 74, 75, 76, 77, 78, 79, 80, 81, 82, 83, 84, 85, 86, 87, 88, 89, 90, 91, 92, 93, 94, 95, 96, 97, 98, 99, 100, 101, 102, 103, 104, 105, 106, 107, 108, 109, 110, 111, 114, 115, 117, 119, 120, 121, 123, 124, 125, 126, 127, 128, 129, 130, 131, 132, 133, 134, 141, 142, 143, 144, 145, 146, 147, 148, 149]",{},[],0,"[17, 122, 18, 32, 137, 138, 140, 139, 13, 14, 116, 118, 136, 112, 36, 135, 26, 28, 105, 99, 148, 115, 149, 145, 144, 146, 147, 12, 58, 71, 134, 109, 48, 67, 61, 78, 10, 133, 129, 93, 85, 130, 76, 128, 31, 94, 74, 127, 89, 126, 35, 7, 83, 142, 92, 124, 123, 125, 141, 119, 8, 15, 90, 102, 103, 16, 40, 42, 143, 25, 131, 132, 52, 110, 108, 9, 111, 64, 50, 75, 53, 77, 55, 117, 41, 27, 43, 29, 107, 114, 120, 121, 101, 106, 63, 6, 1, 2, 0, 30, 97, 11, 100, 96, 98, 95, 87, 104, 88, 70, 91, 69, 79, 80, 72, 86, 82, 81, 73, 66, 65, 47, 68, 60, 59, 44, 24, 84, 62, 57, 54, 51, 46, 49, 45, 56, 38, 23, 39, 34, 33, 21, 37, 20, 19, 5, 4, 22, 3]",True,46931754181,46.931754181,"[99, 105, 148, 115, 144, 149, 145, 146, 147, 12, 58, 71, 134, 109, 78, 48, 67, 61, 10, 133, 129, 93, 85, 130, 76, 128, 31, 94, 74, 127, 91, 126, 35, 7, 83, 125, 102, 103, 142, 141, 75, 15, 124, 123, 84, 119, 16, 42, 40, 143, 132, 131, 52, 110, 108, 9, 111, 64, 50, 55, 90, 117, 53, 92, 77, 43, 27, 29, 41, 8, 107, 114, 120, 121, 101, 106, 70, 25, 44, 24, 97, 30, 11, 100, 96, 98, 95, 87, 104, 81, 82, 88, 89, 73, 69, 79, 72, 80, 86, 66, 65, 47, 68, 63, 60, 59, 62, 57, 6, 1, 2, 0, 54, 51, 46, 49, 45, 56, 38, 23, 39, 34, 33, 21, 37, 20, 19, 5, 4, 22, 3]","[3, 22, 4, 5, 19, 20, 37, 21, 33, 34, 39, 23, 38, 56, 45, 49, 46, 51, 54, 0, 2, 1, 6, 57, 62, 59, 60, 63, 68, 47, 65, 66, 86, 80, 72, 79, 69, 73, 89, 88, 82, 81, 104, 87, 95, 98, 96, 100, 11, 30, 97, 24, 44, 25, 70, 106, 101, 121, 120, 114, 107, 8, 41, 29, 27, 43, 77, 92, 53, 117, 90, 55, 50, 64, 111, 9, 108, 110, 52, 131, 132, 143, 40, 42, 16, 119, 84, 123, 124, 15, 75, 141, 142, 103, 102, 125, 83, 7, 35, 126, 91, 127, 74, 94, 31, 128, 76, 130, 85, 93, 129, 133, 10, 61, 67, 48, 78, 109, 134, 71, 58, 12, 147, 146, 145, 149, 144, 115, 148, 105, 99]",False,complete,154,154,9465,0,3596,31,3565,2000,,False,,,,,,,2,129,21,129,21,21,21,21
3,20462,11,20,129,"[13, 14, 17, 18, 26, 28, 32, 36, 99, 105, 112, 116, 118, 122, 135, 136, 137, 138, 139, 140]","[0, 1, 2, 3, 4, 5, 6, 7, 8, 9, 10, 11, 12, 15, 16, 19, 20, 21, 22, 23, 24, 25, 27, 29, 30, 31, 33, 34, 35, 37, 38, 39, 40, 41, 42, 43, 44, 45, 46, 47, 48, 49, 50, 51, 52, 53, 54, 55, 56, 57, 58, 59, 60, 61, 62, 63, 64, 65, 66, 67, 68, 69, 70, 71, 72, 73, 74, 75, 76, 77, 78, 79, 80, 81, 82, 83, 84, 85, 86, 87, 88, 89, 90, 91, 92, 93, 94, 95, 96, 97, 98, 100, 101, 102, 103, 104, 106, 107, 108, 109, 110, 111, 114, 115, 117, 119, 120, 121, 123, 124, 125, 126, 127, 128, 129, 130, 131, 132, 133, 134, 141, 142, 143, 144, 145, 146, 147, 148, 149]",{},[],0,"[17, 122, 18, 32, 137, 138, 140, 139, 13, 14, 116, 118, 136, 112, 36, 135, 26, 28, 105, 99, 148, 115, 149, 145, 144, 146, 147, 12, 58, 71, 134, 109, 48, 67, 61, 78, 10, 133, 129, 93, 85, 130, 76, 128, 31, 94, 74, 127, 89, 126, 35, 7, 83, 142, 92, 124, 123, 125, 141, 119, 8, 15, 90, 102, 103, 16, 40, 42, 143, 25, 131, 132, 52, 110, 108, 9, 111, 64, 50, 75, 53, 77, 55, 117, 41, 27, 43, 29, 107, 114, 120, 121, 101, 106, 63, 6, 1, 2, 0, 30, 97, 11, 100, 96, 98, 95, 87, 104, 88, 70, 91, 69, 79, 80, 72, 86, 82, 81, 73, 66, 65, 47, 68, 60, 59, 44, 24, 84, 62, 57, 54, 51, 46, 49, 45, 56, 38, 23, 39, 34, 33, 21, 37, 20, 19, 5, 4, 22, 3]",True,32961742321,32.961742321,"[144, 10, 145, 148, 149, 147, 146, 12, 58, 71, 134, 109, 78, 61, 67, 115, 48, 133, 129, 93, 85, 130, 74, 40, 42, 7, 131, 132, 52, 143, 128, 127, 31, 47, 35, 126, 125, 141, 29, 103, 124, 123, 142, 53, 86, 15, 16, 102, 110, 108, 9, 111, 119, 117, 8, 107, 25, 114, 76, 64, 75, 90, 77, 55, 92, 41, 27, 43, 121, 89, 120, 101, 63, 106, 50, 6, 1, 2, 0, 30, 97, 11, 91, 98, 96, 83, 100, 44, 24, 84, 82, 104, 95, 88, 70, 87, 81, 94, 69, 79, 80, 72, 68, 66, 73, 65, 60, 59, 62, 57, 54, 51, 46, 49, 45, 56, 38, 23, 39, 34, 33, 21, 37, 20, 19, 5, 4, 22, 3]","[3, 22, 4, 5, 19, 20, 37, 21, 33, 34, 39, 23, 38, 56, 45, 49, 46, 51, 54, 57, 62, 59, 60, 65, 73, 66, 68, 72, 80, 79, 69, 94, 81, 87, 70, 88, 95, 104, 82, 84, 24, 44, 100, 83, 96, 98, 91, 11, 97, 30, 0, 2, 1, 6, 50, 106, 63, 101, 120, 89, 121, 43, 27, 41, 92, 55, 77, 90, 75, 64, 76, 114, 25, 107, 8, 117, 119, 111, 9, 108, 110, 102, 16, 15, 86, 53, 142, 123, 124, 103, 29, 141, 125, 126, 35, 47, 31, 127, 128, 143, 52, 132, 131, 7, 42, 40, 74, 130, 85, 93, 129, 133, 48, 115, 67, 61, 78, 109, 134, 71, 58, 12, 146, 147, 149, 148, 145, 10, 144]",False,complete,129,129,8385,0,2170,0,2170,2000,,False,,,,,,,2,106,21,106,21,21,21,21
3,20463,12,22,127,"[13, 14, 17, 18, 26, 28, 32, 36, 99, 105, 112, 115, 116, 118, 122, 135, 136, 137, 138, 139, 140, 148]","[0, 1, 2, 3, 4, 5, 6, 7, 8, 9, 10, 11, 12, 15, 16, 19, 20, 21, 22, 23, 24, 25, 27, 29, 30, 31, 33, 34, 35, 37, 38, 39, 40, 41, 42, 43, 44, 45, 46, 47, 48, 49, 50, 51, 52, 53, 54, 55, 56, 57, 58, 59, 60, 61, 62, 63, 64, 65, 66, 67, 68, 69, 70, 71, 72, 73, 74, 75, 76, 77, 78, 79, 80, 81, 82, 83, 84, 85, 86, 87, 88, 89, 90, 91, 92, 93, 94, 95, 96, 97, 98, 100, 101, 102, 103, 104, 106, 107, 108, 109, 110, 111, 114, 117, 119, 120, 121, 123, 124, 125, 126, 127, 128, 129, 130, 131, 132, 133, 134, 141, 142, 143, 144, 145, 146, 147, 149]",{},[],0,"[17, 122, 18, 32, 137, 138, 140, 139, 13, 14, 116, 118, 136, 112, 36, 135, 26, 28, 105, 99, 148, 115, 149, 145, 144, 146, 147, 12, 58, 71, 134, 109, 48, 67, 61, 78, 10, 133, 129, 93, 85, 130, 76, 128, 31, 94, 74, 127, 89, 126, 35, 7, 83, 142, 92, 124, 123, 125, 141, 119, 8, 15, 90, 102, 103, 16, 40, 42, 143, 25, 131, 132, 52, 110, 108, 9, 111, 64, 50, 75, 53, 77, 55, 117, 41, 27, 43, 29, 107, 114, 120, 121, 101, 106, 63, 6, 1, 2, 0, 30, 97, 11, 100, 96, 98, 95, 87, 104, 88, 70, 91, 69, 79, 80, 72, 86, 82, 81, 73, 66, 65, 47, 68, 60, 59, 44, 24, 84, 62, 57, 54, 51, 46, 49, 45, 56, 38, 23, 39, 34, 33, 21, 37, 20, 19, 5, 4, 22, 3]",True,33146532142,33.146532142,"[149, 145, 144, 147, 146, 12, 58, 71, 134, 109, 48, 67, 78, 61, 10, 133, 130, 93, 85, 129, 74, 40, 42, 7, 131, 132, 52, 143, 128, 127, 31, 47, 35, 126, 125, 142, 29, 103, 124, 123, 141, 53, 86, 8, 16, 102, 110, 108, 9, 111, 117, 119, 15, 107, 25, 114, 76, 64, 92, 75, 90, 55, 77, 43, 41, 27, 121, 91, 120, 101, 63, 106, 50, 6, 1, 2, 0, 30, 97, 11, 89, 98, 96, 83, 100, 44, 24, 84, 82, 104, 95, 88, 70, 87, 81, 94, 69, 79, 80, 72, 68, 66, 73, 65, 60, 59, 62, 57, 54, 51, 46, 49, 45, 56, 38, 23, 39, 34, 33, 21, 37, 20, 19, 5, 4, 22, 3]","[3, 22, 4, 5, 19, 20, 37, 21, 33, 34, 39, 23, 38, 56, 45, 49, 46, 51, 54, 57, 62, 59, 60, 65, 73, 66, 68, 72, 80, 79, 69, 94, 81, 87, 70, 88, 95, 104, 82, 84, 24, 44, 100, 83, 96, 98, 89, 11, 97, 30, 0, 2, 1, 6, 50, 106, 63, 101, 120, 91, 121, 27, 41, 43, 77, 55, 90, 75, 92, 64, 76, 114, 25, 107, 15, 119, 117, 111, 9, 108, 110, 102, 16, 8, 86, 53, 141, 123, 124, 103, 29, 142, 125, 126, 35, 47, 31, 127, 128, 143, 52, 132, 131, 7, 42, 40, 74, 129, 85, 93, 130, 133, 10, 61, 78, 67, 48, 109, 134, 71, 58, 12, 146, 147, 144, 145, 149]",False,complete,127,127,8128,0,2169,0,2169,2000,,False,,,,,,,2,106,21,106,21,21,21,21
3,20464,13,24,125,"[13, 14, 17, 18, 26, 28, 32, 36, 99, 105, 112, 115, 116, 118, 122, 135, 136, 137, 138, 139, 140, 145, 148, 149]","[0, 1, 2, 3, 4, 5, 6, 7, 8, 9, 10, 11, 12, 15, 16, 19, 20, 21, 22, 23, 24, 25, 27, 29, 30, 31, 33, 34, 35, 37, 38, 39, 40, 41, 42, 43, 44, 45, 46, 47, 48, 49, 50, 51, 52, 53, 54, 55, 56, 57, 58, 59, 60, 61, 62, 63, 64, 65, 66, 67, 68, 69, 70, 71, 72, 73, 74, 75, 76, 77, 78, 79, 80, 81, 82, 83, 84, 85, 86, 87, 88, 89, 90, 91, 92, 93, 94, 95, 96, 97, 98, 100, 101, 102, 103, 104, 106, 107, 108, 109, 110, 111, 114, 117, 119, 120, 121, 123, 124, 125, 126, 127, 128, 129, 130, 131, 132, 133, 134, 141, 142, 143, 144, 146, 147]",{},[],0,"[17, 122, 18, 32, 137, 138, 140, 139, 13, 14, 116, 118, 136, 112, 36, 135, 26, 28, 105, 99, 148, 115, 149, 145, 144, 146, 147, 12, 58, 71, 134, 109, 48, 67, 61, 78, 10, 133, 129, 93, 85, 130, 76, 128, 31, 94, 74, 127, 89, 126, 35, 7, 83, 142, 92, 124, 123, 125, 141, 119, 8, 15, 90, 102, 103, 16, 40, 42, 143, 25, 131, 132, 52, 110, 108, 9, 111, 64, 50, 75, 53, 77, 55, 117, 41, 27, 43, 29, 107, 114, 120, 121, 101, 106, 63, 6, 1, 2, 0, 30, 97, 11, 100, 96, 98, 95, 87, 104, 88, 70, 91, 69, 79, 80, 72, 86, 82, 81, 73, 66, 65, 47, 68, 60, 59, 44, 24, 84, 62, 57, 54, 51, 46, 49, 45, 56, 38, 23, 39, 34, 33, 21, 37, 20, 19, 5, 4, 22, 3]",True,32775889653,32.775889653,"[144, 146, 147, 12, 71, 58, 134, 109, 67, 48, 78, 61, 10, 133, 129, 93, 85, 130, 76, 128, 31, 94, 74, 127, 89, 126, 35, 7, 83, 142, 92, 124, 123, 125, 141, 119, 15, 8, 90, 102, 103, 16, 40, 42, 143, 25, 131, 132, 54, 110, 108, 9, 111, 64, 50, 117, 77, 75, 55, 53, 29, 41, 43, 27, 107, 114, 120, 121, 101, 106, 63, 6, 1, 2, 0, 30, 97, 11, 100, 96, 98, 95, 87, 104, 88, 70, 91, 69, 79, 80, 72, 86, 82, 81, 73, 66, 65, 47, 68, 60, 59, 44, 24, 84, 62, 57, 52, 51, 46, 49, 45, 56, 38, 23, 39, 34, 33, 21, 37, 20, 19, 5, 4, 22, 3]","[3, 22, 4, 5, 19, 20, 37, 21, 33, 34, 39, 23, 38, 56, 45, 49, 46, 51, 52, 57, 62, 84, 24, 44, 59, 60, 68, 47, 65, 66, 73, 81, 82, 86, 72, 80, 79, 69, 91, 70, 88, 104, 87, 95, 98, 96, 100, 11, 97, 30, 0, 2, 1, 6, 63, 106, 101, 121, 120, 114, 107, 27, 43, 41, 29, 53, 55, 75, 77, 117, 50, 64, 111, 9, 108, 110, 54, 132, 131, 25, 143, 42, 40, 16, 103, 102, 90, 8, 15, 119, 141, 125, 123, 124, 92, 142, 83, 7, 35, 126, 89, 127, 74, 94, 31, 128, 76, 130, 85, 93, 129, 133, 10, 61, 78, 48, 67, 109, 134, 58, 71, 12, 147, 146, 144]",False,complete,126,126,7915,0,2241,1,2240,2000,,False,,,,,,,2,129,21,129,21,21,21,21
3,20465,14,26,123,"[13, 14, 17, 18, 26, 28, 32, 36, 99, 105, 112, 115, 116, 118, 122, 135, 136, 137, 138, 139, 140, 144, 145, 146, 148, 149]","[0, 1, 2, 3, 4, 5, 6, 7, 8, 9, 10, 11, 12, 15, 16, 19, 20, 21, 22, 23, 24, 25, 27, 29, 30, 31, 33, 34, 35, 37, 38, 39, 40, 41, 42, 43, 44, 45, 46, 47, 48, 49, 50, 51, 52, 53, 54, 55, 56, 57, 58, 59, 60, 61, 62, 63, 64, 65, 66, 67, 68, 69, 70, 71, 72, 73, 74, 75, 76, 77, 78, 79, 80, 81, 82, 83, 84, 85, 86, 87, 88, 89, 90, 91, 92, 93, 94, 95, 96, 97, 98, 100, 101, 102, 103, 104, 106, 107, 108, 109, 110, 111, 114, 117, 119, 120, 121, 123, 124, 125, 126, 127, 128, 129, 130, 131, 132, 133, 134, 141, 142, 143, 147]",{},[],0,"[17, 122, 18, 32, 137, 138, 140, 139, 13, 14, 116, 118, 136, 112, 36, 135, 26, 28, 105, 99, 148, 115, 149, 145, 144, 146, 147, 12, 58, 71, 134, 109, 48, 67, 61, 78, 10, 133, 129, 93, 85, 130, 76, 128, 31, 94, 74, 127, 89, 126, 35, 7, 83, 142, 92, 124, 123, 125, 141, 119, 8, 15, 90, 102, 103, 16, 40, 42, 143, 25, 131, 132, 52, 110, 108, 9, 111, 64, 50, 75, 53, 77, 55, 117, 41, 27, 43, 29, 107, 114, 120, 121, 101, 106, 63, 6, 1, 2, 0, 30, 97, 11, 100, 96, 98, 95, 87, 104, 88, 70, 91, 69, 79, 80, 72, 86, 82, 81, 73, 66, 65, 47, 68, 60, 59, 44, 24, 84, 62, 57, 54, 51, 46, 49, 45, 56, 38, 23, 39, 34, 33, 21, 37, 20, 19, 5, 4, 22, 3]",True,119361672855,119.361672855,"[147, 12, 71, 58, 134, 109, 61, 78, 102, 48, 85, 93, 133, 7, 131, 40, 129, 130, 76, 74, 97, 23, 143, 132, 54, 128, 127, 83, 89, 86, 141, 55, 124, 142, 47, 15, 126, 125, 123, 67, 52, 92, 117, 42, 119, 106, 101, 120, 114, 121, 75, 77, 90, 53, 107, 110, 111, 108, 39, 51, 46, 64, 41, 8, 29, 27, 43, 35, 34, 21, 37, 5, 10, 16, 9, 25, 20, 63, 103, 22, 4, 2, 1, 6, 0, 33, 44, 38, 57, 50, 56, 49, 45, 91, 62, 70, 60, 68, 66, 94, 73, 69, 59, 79, 72, 80, 65, 3, 100, 96, 98, 11, 30, 31, 24, 19, 84, 87, 82, 81, 104, 88, 95]","[95, 88, 104, 81, 82, 87, 84, 19, 24, 31, 30, 11, 98, 96, 100, 3, 65, 80, 72, 79, 59, 69, 73, 94, 66, 68, 60, 70, 62, 91, 45, 49, 56, 50, 57, 38, 44, 33, 0, 6, 1, 2, 4, 22, 103, 63, 20, 25, 9, 16, 10, 5, 37, 21, 34, 35, 43, 27, 29, 8, 41, 64, 46, 51, 39, 108, 111, 110, 107, 53, 90, 77, 75, 121, 114, 120, 101, 106, 119, 42, 117, 92, 52, 67, 123, 125, 126, 15, 47, 142, 124, 55, 141, 86, 89, 83, 127, 128, 54, 132, 143, 23, 97, 74, 76, 130, 129, 40, 131, 7, 133, 93, 85, 48, 102, 78, 61, 109, 134, 58, 71, 12, 147]",False,complete,238,238,11837,0,9442,200,9242,2000,,False,,,,,,,2,129,21,129,21,21,21,21
3,20466,15,28,121,"[12, 13, 14, 17, 18, 26, 28, 32, 36, 99, 105, 112, 115, 116, 118, 122, 135, 136, 137, 138, 139, 140, 144, 145, 146, 147, 148, 149]","[0, 1, 2, 3, 4, 5, 6, 7, 8, 9, 10, 11, 15, 16, 19, 20, 21, 22, 23, 24, 25, 27, 29, 30, 31, 33, 34, 35, 37, 38, 39, 40, 41, 42, 43, 44, 45, 46, 47, 48, 49, 50, 51, 52, 53, 54, 55, 56, 57, 58, 59, 60, 61, 62, 63, 64, 65, 66, 67, 68, 69, 70, 71, 72, 73, 74, 75, 76, 77, 78, 79, 80, 81, 82, 83, 84, 85, 86, 87, 88, 89, 90, 91, 92, 93, 94, 95, 96, 97, 98, 100, 101, 102, 103, 104, 106, 107, 108, 109, 110, 111, 114, 117, 119, 120, 121, 123, 124, 125, 126, 127, 128, 129, 130, 131, 132, 133, 134, 141, 142, 143]",{},[],0,"[17, 122, 18, 32, 137, 138, 140, 139, 13, 14, 116, 118, 136, 112, 36, 135, 26, 28, 105, 99, 148, 115, 149, 145, 144, 146, 147, 12, 58, 71, 134, 109, 48, 67, 61, 78, 10, 133, 129, 93, 85, 130, 76, 128, 31, 94, 74, 127, 89, 126, 35, 7, 83, 142, 92, 124, 123, 125, 141, 119, 8, 15, 90, 102, 103, 16, 40, 42, 143, 25, 131, 132, 52, 110, 108, 9, 111, 64, 50, 75, 53, 77, 55, 117, 41, 27, 43, 29, 107, 114, 120, 121, 101, 106, 63, 6, 1, 2, 0, 30, 97, 11, 100, 96, 98, 95, 87, 104, 88, 70, 91, 69, 79, 80, 72, 86, 82, 81, 73, 66, 65, 47, 68, 60, 59, 44, 24, 84, 62, 57, 54, 51, 46, 49, 45, 56, 38, 23, 39, 34, 33, 21, 37, 20, 19, 5, 4, 22, 3]",True,34986583834,34.986583834,"[71, 58, 134, 109, 78, 48, 67, 61, 10, 133, 129, 93, 85, 130, 76, 128, 31, 94, 74, 127, 89, 126, 35, 7, 83, 141, 92, 124, 123, 125, 142, 117, 102, 16, 55, 8, 119, 111, 108, 9, 110, 40, 42, 143, 25, 132, 131, 52, 64, 50, 103, 75, 77, 90, 53, 27, 43, 41, 15, 29, 107, 114, 120, 121, 101, 106, 63, 6, 1, 2, 0, 30, 97, 11, 100, 96, 98, 95, 87, 104, 88, 70, 91, 69, 79, 80, 72, 86, 82, 81, 73, 66, 65, 47, 68, 60, 59, 44, 24, 84, 62, 57, 54, 51, 46, 49, 45, 56, 38, 23, 39, 34, 33, 21, 37, 20, 19, 5, 4, 22, 3]","[3, 22, 4, 5, 19, 20, 37, 21, 33, 34, 39, 23, 38, 56, 45, 49, 46, 51, 54, 57, 62, 84, 24, 44, 59, 60, 68, 47, 65, 66, 73, 81, 82, 86, 72, 80, 79, 69, 91, 70, 88, 104, 87, 95, 98, 96, 100, 11, 97, 30, 0, 2, 1, 6, 63, 106, 101, 121, 120, 114, 107, 29, 15, 41, 43, 27, 53, 90, 77, 75, 103, 50, 64, 52, 131, 132, 25, 143, 42, 40, 110, 9, 108, 111, 119, 8, 55, 16, 102, 117, 142, 125, 123, 124, 92, 141, 83, 7, 35, 126, 89, 127, 74, 94, 31, 128, 76, 130, 85, 93, 129, 133, 10, 61, 67, 48, 78, 109, 134, 58, 71]",False,complete,122,122,7421,0,2226,1,2225,2000,,False,,,,,,,2,123,21,123,21,21,21,21
3,20467,16,30,119,"[12, 13, 14, 17, 18, 26, 28, 32, 36, 58, 71, 99, 105, 112, 115, 116, 118, 122, 135, 136, 137, 138, 139, 140, 144, 145, 146, 147, 148, 149]","[0, 1, 2, 3, 4, 5, 6, 7, 8, 9, 10, 11, 15, 16, 19, 20, 21, 22, 23, 24, 25, 27, 29, 30, 31, 33, 34, 35, 37, 38, 39, 40, 41, 42, 43, 44, 45, 46, 47, 48, 49, 50, 51, 52, 53, 54, 55, 56, 57, 59, 60, 61, 62, 63, 64, 65, 66, 67, 68, 69, 70, 72, 73, 74, 75, 76, 77, 78, 79, 80, 81, 82, 83, 84, 85, 86, 87, 88, 89, 90, 91, 92, 93, 94, 95, 96, 97, 98, 100, 101, 102, 103, 104, 106, 107, 108, 109, 110, 111, 114, 117, 119, 120, 121, 123, 124, 125, 126, 127, 128, 129, 130, 131, 132, 133, 134, 141, 142, 143]",{},[],0,"[17, 122, 18, 32, 137, 138, 140, 139, 13, 14, 116, 118, 136, 112, 36, 135, 26, 28, 105, 99, 148, 115, 149, 145, 144, 146, 147, 12, 58, 71, 134, 109, 48, 67, 61, 78, 10, 133, 129, 93, 85, 130, 76, 128, 31, 94, 74, 127, 89, 126, 35, 7, 83, 142, 92, 124, 123, 125, 141, 119, 8, 15, 90, 102, 103, 16, 40, 42, 143, 25, 131, 132, 52, 110, 108, 9, 111, 64, 50, 75, 53, 77, 55, 117, 41, 27, 43, 29, 107, 114, 120, 121, 101, 106, 63, 6, 1, 2, 0, 30, 97, 11, 100, 96, 98, 95, 87, 104, 88, 70, 91, 69, 79, 80, 72, 86, 82, 81, 73, 66, 65, 47, 68, 60, 59, 44, 24, 84, 62, 57, 54, 51, 46, 49, 45, 56, 38, 23, 39, 34, 33, 21, 37, 20, 19, 5, 4, 22, 3]",True,48315298105,48.315298105,"[134, 109, 78, 48, 67, 61, 10, 133, 129, 93, 85, 130, 76, 128, 31, 94, 74, 127, 91, 126, 35, 7, 83, 125, 102, 103, 142, 141, 75, 15, 124, 123, 84, 117, 16, 42, 40, 143, 131, 132, 54, 110, 108, 9, 111, 64, 50, 92, 53, 55, 119, 90, 77, 27, 29, 41, 43, 8, 107, 114, 120, 121, 101, 106, 70, 25, 44, 24, 97, 30, 11, 100, 96, 98, 95, 87, 104, 81, 82, 88, 89, 73, 69, 79, 72, 80, 86, 66, 65, 47, 68, 63, 60, 59, 62, 57, 6, 1, 2, 0, 52, 51, 46, 49, 45, 56, 38, 23, 39, 34, 33, 21, 37, 20, 19, 5, 4, 22, 3]","[3, 22, 4, 5, 19, 20, 37, 21, 33, 34, 39, 23, 38, 56, 45, 49, 46, 51, 52, 0, 2, 1, 6, 57, 62, 59, 60, 63, 68, 47, 65, 66, 86, 80, 72, 79, 69, 73, 89, 88, 82, 81, 104, 87, 95, 98, 96, 100, 11, 30, 97, 24, 44, 25, 70, 106, 101, 121, 120, 114, 107, 8, 43, 41, 29, 27, 77, 90, 119, 55, 53, 92, 50, 64, 111, 9, 108, 110, 54, 132, 131, 143, 40, 42, 16, 117, 84, 123, 124, 15, 75, 141, 142, 103, 102, 125, 83, 7, 35, 126, 91, 127, 74, 94, 31, 128, 76, 130, 85, 93, 129, 133, 10, 61, 67, 48, 78, 109, 134]",False,complete,142,142,7959,0,3564,31,3533,2000,,False,,,,,,,2,129,21,129,21,21,21,21
3,20468,17,32,117,"[12, 13, 14, 17, 18, 26, 28, 32, 36, 58, 71, 99, 105, 109, 112, 115, 116, 118, 122, 134, 135, 136, 137, 138, 139, 140, 144, 145, 146, 147, 148, 149]","[0, 1, 2, 3, 4, 5, 6, 7, 8, 9, 10, 11, 15, 16, 19, 20, 21, 22, 23, 24, 25, 27, 29, 30, 31, 33, 34, 35, 37, 38, 39, 40, 41, 42, 43, 44, 45, 46, 47, 48, 49, 50, 51, 52, 53, 54, 55, 56, 57, 59, 60, 61, 62, 63, 64, 65, 66, 67, 68, 69, 70, 72, 73, 74, 75, 76, 77, 78, 79, 80, 81, 82, 83, 84, 85, 86, 87, 88, 89, 90, 91, 92, 93, 94, 95, 96, 97, 98, 100, 101, 102, 103, 104, 106, 107, 108, 110, 111, 114, 117, 119, 120, 121, 123, 124, 125, 126, 127, 128, 129, 130, 131, 132, 133, 141, 142, 143]",{},[],0,"[17, 122, 18, 32, 137, 138, 140, 139, 13, 14, 116, 118, 136, 112, 36, 135, 26, 28, 105, 99, 148, 115, 149, 145, 144, 146, 147, 12, 58, 71, 134, 109, 48, 67, 61, 78, 10, 133, 129, 93, 85, 130, 76, 128, 31, 94, 74, 127, 89, 126, 35, 7, 83, 142, 92, 124, 123, 125, 141, 119, 8, 15, 90, 102, 103, 16, 40, 42, 143, 25, 131, 132, 52, 110, 108, 9, 111, 64, 50, 75, 53, 77, 55, 117, 41, 27, 43, 29, 107, 114, 120, 121, 101, 106, 63, 6, 1, 2, 0, 30, 97, 11, 100, 96, 98, 95, 87, 104, 88, 70, 91, 69, 79, 80, 72, 86, 82, 81, 73, 66, 65, 47, 68, 60, 59, 44, 24, 84, 62, 57, 54, 51, 46, 49, 45, 56, 38, 23, 39, 34, 33, 21, 37, 20, 19, 5, 4, 22, 3]",True,51062643050,51.062643050,"[61, 67, 48, 78, 10, 133, 129, 93, 85, 130, 74, 40, 42, 7, 131, 132, 54, 143, 128, 31, 127, 47, 35, 126, 125, 142, 27, 103, 141, 124, 123, 53, 86, 8, 43, 29, 117, 41, 15, 102, 106, 101, 120, 114, 121, 119, 107, 16, 111, 108, 25, 9, 110, 76, 64, 77, 55, 90, 75, 92, 6, 1, 2, 0, 30, 97, 11, 91, 98, 57, 96, 100, 50, 95, 83, 104, 44, 24, 84, 82, 89, 88, 70, 87, 81, 94, 69, 79, 80, 72, 68, 66, 73, 65, 59, 60, 56, 63, 62, 38, 23, 46, 52, 49, 51, 45, 39, 34, 33, 21, 37, 20, 19, 5, 4, 22, 3]","[3, 22, 4, 5, 19, 20, 37, 21, 33, 34, 39, 45, 51, 49, 52, 46, 23, 38, 62, 63, 56, 60, 59, 65, 73, 66, 68, 72, 80, 79, 69, 94, 81, 87, 70, 88, 89, 82, 84, 24, 44, 104, 83, 95, 50, 100, 96, 57, 98, 91, 11, 97, 30, 0, 2, 1, 6, 92, 75, 90, 55, 77, 64, 76, 110, 9, 25, 108, 111, 16, 107, 119, 121, 114, 120, 101, 106, 102, 15, 41, 117, 29, 43, 8, 86, 53, 123, 124, 141, 103, 27, 142, 125, 126, 35, 47, 127, 31, 128, 143, 54, 132, 131, 7, 42, 40, 74, 130, 85, 93, 129, 133, 10, 78, 48, 67, 61]",False,complete,151,151,8032,0,4353,78,4275,2000,,False,,,,,,,2,93,23,93,23,23,23,23
3,20469,18,34,115,"[12, 13, 14, 17, 18, 26, 28, 32, 36, 48, 58, 67, 71, 99, 105, 109, 112, 115, 116, 118, 122, 134, 135, 136, 137, 138, 139, 140, 144, 145, 146, 147, 148, 149]","[0, 1, 2, 3, 4, 5, 6, 7, 8, 9, 10, 11, 15, 16, 19, 20, 21, 22, 23, 24, 25, 27, 29, 30, 31, 33, 34, 35, 37, 38, 39, 40, 41, 42, 43, 44, 45, 46, 47, 49, 50, 51, 52, 53, 54, 55, 56, 57, 59, 60, 61, 62, 63, 64, 65, 66, 68, 69, 70, 72, 73, 74, 75, 76, 77, 78, 79, 80, 81, 82, 83, 84, 85, 86, 87, 88, 89, 90, 91, 92, 93, 94, 95, 96, 97, 98, 100, 101, 102, 103, 104, 106, 107, 108, 110, 111, 114, 117, 119, 120, 121, 123, 124, 125, 126, 127, 128, 129, 130, 131, 132, 133, 141, 142, 143]",{},[],0,"[17, 122, 18, 32, 137, 138, 140, 139, 13, 14, 116, 118, 136, 112, 36, 135, 26, 28, 105, 99, 148, 115, 149, 145, 144, 146, 147, 12, 58, 71, 134, 109, 48, 67, 61, 78, 10, 133, 129, 93, 85, 130, 76, 128, 31, 94, 74, 127, 89, 126, 35, 7, 83, 142, 92, 124, 123, 125, 141, 119, 8, 15, 90, 102, 103, 16, 40, 42, 143, 25, 131, 132, 52, 110, 108, 9, 111, 64, 50, 75, 53, 77, 55, 117, 41, 27, 43, 29, 107, 114, 120, 121, 101, 106, 63, 6, 1, 2, 0, 30, 97, 11, 100, 96, 98, 95, 87, 104, 88, 70, 91, 69, 79, 80, 72, 86, 82, 81, 73, 66, 65, 47, 68, 60, 59, 44, 24, 84, 62, 57, 54, 51, 46, 49, 45, 56, 38, 23, 39, 34, 33, 21, 37, 20, 19, 5, 4, 22, 3]",True,44895823039,44.895823039,"[61, 78, 10, 133, 130, 93, 85, 129, 76, 128, 31, 94, 74, 127, 91, 126, 35, 7, 83, 125, 102, 103, 142, 141, 77, 15, 124, 123, 84, 21, 75, 90, 27, 92, 119, 5, 8, 16, 40, 132, 131, 54, 110, 108, 9, 111, 64, 50, 117, 55, 53, 41, 29, 43, 107, 114, 120, 121, 101, 106, 70, 6, 1, 2, 0, 30, 97, 11, 100, 96, 98, 3, 4, 22, 23, 95, 87, 104, 81, 82, 88, 89, 73, 69, 79, 72, 80, 86, 66, 65, 47, 68, 63, 60, 59, 62, 57, 42, 143, 56, 49, 46, 45, 51, 52, 25, 20, 24, 19, 39, 38, 44, 34, 37, 33]","[33, 37, 34, 44, 38, 39, 19, 24, 20, 25, 52, 51, 45, 46, 49, 56, 143, 42, 57, 62, 59, 60, 63, 68, 47, 65, 66, 86, 80, 72, 79, 69, 73, 89, 88, 82, 81, 104, 87, 95, 23, 22, 4, 3, 98, 96, 100, 11, 97, 30, 0, 2, 1, 6, 70, 106, 101, 121, 120, 114, 107, 43, 29, 41, 53, 55, 117, 50, 64, 111, 9, 108, 110, 54, 131, 132, 40, 16, 8, 5, 119, 92, 27, 90, 75, 21, 84, 123, 124, 15, 77, 141, 142, 103, 102, 125, 83, 7, 35, 126, 91, 127, 74, 94, 31, 128, 76, 129, 85, 93, 130, 133, 10, 78, 61]",False,complete,133,133,7343,0,3514,19,3495,2000,,False,,,,,,,2,139,19,139,19,19,19,19
3,20470,19,36,113,"[12, 13, 14, 17, 18, 26, 28, 32, 36, 48, 58, 61, 67, 71, 78, 99, 105, 109, 112, 115, 116, 118, 122, 134, 135, 136, 137, 138, 139, 140, 144, 145, 146, 147, 148, 149]","[0, 1, 2, 3, 4, 5, 6, 7, 8, 9, 10, 11, 15, 16, 19, 20, 21, 22, 23, 24, 25, 27, 29, 30, 31, 33, 34, 35, 37, 38, 39, 40, 41, 42, 43, 44, 45, 46, 47, 49, 50, 51, 52, 53, 54, 55, 56, 57, 59, 60, 62, 63, 64, 65, 66, 68, 69, 70, 72, 73, 74, 75, 76, 77, 79, 80, 81, 82, 83, 84, 85, 86, 87, 88, 89, 90, 91, 92, 93, 94, 95, 96, 97, 98, 100, 101, 102, 103, 104, 106, 107, 108, 110, 111, 114, 117, 119, 120, 121, 123, 124, 125, 126, 127, 128, 129, 130, 131, 132, 133, 141, 142, 143]",{},[],0,"[17, 122, 18, 32, 137, 138, 140, 139, 13, 14, 116, 118, 136, 112, 36, 135, 26, 28, 105, 99, 148, 115, 149, 145, 144, 146, 147, 12, 58, 71, 134, 109, 48, 67, 61, 78, 10, 133, 129, 93, 85, 130, 76, 128, 31, 94, 74, 127, 89, 126, 35, 7, 83, 142, 92, 124, 123, 125, 141, 119, 8, 15, 90, 102, 103, 16, 40, 42, 143, 25, 131, 132, 52, 110, 108, 9, 111, 64, 50, 75, 53, 77, 55, 117, 41, 27, 43, 29, 107, 114, 120, 121, 101, 106, 63, 6, 1, 2, 0, 30, 97, 11, 100, 96, 98, 95, 87, 104, 88, 70, 91, 69, 79, 80, 72, 86, 82, 81, 73, 66, 65, 47, 68, 60, 59, 44, 24, 84, 62, 57, 54, 51, 46, 49, 45, 56, 38, 23, 39, 34, 33, 21, 37, 20, 19, 5, 4, 22, 3]",True,48860552375,48.860552375,"[10, 133, 129, 93, 85, 130, 76, 128, 31, 94, 74, 127, 91, 126, 35, 7, 83, 125, 102, 103, 141, 142, 75, 15, 124, 123, 84, 117, 16, 40, 42, 143, 131, 132, 54, 110, 108, 9, 111, 64, 50, 77, 53, 90, 119, 92, 55, 41, 29, 43, 8, 27, 107, 114, 120, 121, 101, 106, 70, 25, 44, 24, 97, 30, 11, 100, 96, 98, 95, 87, 104, 81, 82, 88, 89, 73, 69, 79, 72, 80, 86, 66, 65, 47, 68, 63, 60, 59, 62, 57, 6, 1, 2, 0, 52, 51, 46, 49, 45, 56, 38, 23, 39, 34, 33, 21, 37, 20, 19, 5, 4, 22, 3]","[3, 22, 4, 5, 19, 20, 37, 21, 33, 34, 39, 23, 38, 56, 45, 49, 46, 51, 52, 0, 2, 1, 6, 57, 62, 59, 60, 63, 68, 47, 65, 66, 86, 80, 72, 79, 69, 73, 89, 88, 82, 81, 104, 87, 95, 98, 96, 100, 11, 30, 97, 24, 44, 25, 70, 106, 101, 121, 120, 114, 107, 27, 8, 43, 29, 41, 55, 92, 119, 90, 53, 77, 50, 64, 111, 9, 108, 110, 54, 132, 131, 143, 42, 40, 16, 117, 84, 123, 124, 15, 75, 142, 141, 103, 102, 125, 83, 7, 35, 126, 91, 127, 74, 94, 31, 128, 76, 130, 85, 93, 129, 133, 10]",False,complete,136,136,7260,0,3542,31,3511,2000,,False,,,,,,,2,129,21,129,21,21,21,21
3,20471,20,38,111,"[10, 12, 13, 14, 17, 18, 26, 28, 32, 36, 48, 58, 61, 67, 71, 78, 99, 105, 109, 112, 115, 116, 118, 122, 133, 134, 135, 136, 137, 138, 139, 140, 144, 145, 146, 147, 148, 149]","[0, 1, 2, 3, 4, 5, 6, 7, 8, 9, 11, 15, 16, 19, 20, 21, 22, 23, 24, 25, 27, 29, 30, 31, 33, 34, 35, 37, 38, 39, 40, 41, 42, 43, 44, 45, 46, 47, 49, 50, 51, 52, 53, 54, 55, 56, 57, 59, 60, 62, 63, 64, 65, 66, 68, 69, 70, 72, 73, 74, 75, 76, 77, 79, 80, 81, 82, 83, 84, 85, 86, 87, 88, 89, 90, 91, 92, 93, 94, 95, 96, 97, 98, 100, 101, 102, 103, 104, 106, 107, 108, 110, 111, 114, 117, 119, 120, 121, 123, 124, 125, 126, 127, 128, 129, 130, 131, 132, 141, 142, 143]",{},[],0,"[17, 122, 18, 32, 137, 138, 140, 139, 13, 14, 116, 118, 136, 112, 36, 135, 26, 28, 105, 99, 148, 115, 149, 145, 144, 146, 147, 12, 58, 71, 134, 109, 48, 67, 61, 78, 10, 133, 129, 93, 85, 130, 76, 128, 31, 94, 74, 127, 89, 126, 35, 7, 83, 142, 92, 124, 123, 125, 141, 119, 8, 15, 90, 102, 103, 16, 40, 42, 143, 25, 131, 132, 52, 110, 108, 9, 111, 64, 50, 75, 53, 77, 55, 117, 41, 27, 43, 29, 107, 114, 120, 121, 101, 106, 63, 6, 1, 2, 0, 30, 97, 11, 100, 96, 98, 95, 87, 104, 88, 70, 91, 69, 79, 80, 72, 86, 82, 81, 73, 66, 65, 47, 68, 60, 59, 44, 24, 84, 62, 57, 54, 51, 46, 49, 45, 56, 38, 23, 39, 34, 33, 21, 37, 20, 19, 5, 4, 22, 3]",True,36497169317,36.497169317,"[129, 93, 85, 130, 74, 42, 40, 7, 132, 131, 52, 143, 128, 127, 31, 47, 35, 126, 125, 142, 29, 103, 124, 123, 141, 55, 15, 104, 119, 102, 43, 117, 8, 121, 16, 25, 114, 76, 110, 108, 107, 9, 111, 89, 64, 75, 77, 90, 92, 53, 27, 41, 120, 101, 63, 106, 50, 95, 98, 100, 96, 30, 11, 97, 6, 1, 2, 0, 54, 51, 46, 45, 49, 56, 57, 68, 62, 60, 91, 70, 69, 59, 79, 80, 88, 87, 94, 72, 83, 73, 66, 65, 84, 24, 82, 86, 81, 44, 38, 23, 39, 34, 33, 21, 37, 20, 19, 5, 4, 22, 3]","[3, 22, 4, 5, 19, 20, 37, 21, 33, 34, 39, 23, 38, 44, 81, 86, 82, 24, 84, 65, 66, 73, 83, 72, 94, 87, 88, 80, 79, 59, 69, 70, 91, 60, 62, 68, 57, 56, 49, 45, 46, 51, 54, 0, 2, 1, 6, 97, 11, 30, 96, 100, 98, 95, 50, 106, 63, 101, 120, 41, 27, 53, 92, 90, 77, 75, 64, 89, 111, 9, 107, 108, 110, 76, 114, 25, 16, 121, 8, 117, 43, 102, 119, 104, 15, 55, 141, 123, 124, 103, 29, 142, 125, 126, 35, 47, 31, 127, 128, 143, 52, 131, 132, 7, 40, 42, 74, 130, 85, 93, 129]",False,complete,113,113,6320,0,2479,2,2477,2000,,False,,,,,,,2,122,23,122,23,23,23,23
3,20472,21,40,109,"[10, 12, 13, 14, 17, 18, 26, 28, 32, 36, 48, 58, 61, 67, 71, 78, 93, 99, 105, 109, 112, 115, 116, 118, 122, 129, 133, 134, 135, 136, 137, 138, 139, 140, 144, 145, 146, 147, 148, 149]","[0, 1, 2, 3, 4, 5, 6, 7, 8, 9, 11, 15, 16, 19, 20, 21, 22, 23, 24, 25, 27, 29, 30, 31, 33, 34, 35, 37, 38, 39, 40, 41, 42, 43, 44, 45, 46, 47, 49, 50, 51, 52, 53, 54, 55, 56, 57, 59, 60, 62, 63, 64, 65, 66, 68, 69, 70, 72, 73, 74, 75, 76, 77, 79, 80, 81, 82, 83, 84, 85, 86, 87, 88, 89, 90, 91, 92, 94, 95, 96, 97, 98, 100, 101, 102, 103, 104, 106, 107, 108, 110, 111, 114, 117, 119, 120, 121, 123, 124, 125, 126, 127, 128, 130, 131, 132, 141, 142, 143]",{},[],0,"[17, 122, 18, 32, 137, 138, 140, 139, 13, 14, 116, 118, 136, 112, 36, 135, 26, 28, 105, 99, 148, 115, 149, 145, 144, 146, 147, 12, 58, 71, 134, 109, 48, 67, 61, 78, 10, 133, 129, 93, 85, 130, 76, 128, 31, 94, 74, 127, 89, 126, 35, 7, 83, 142, 92, 124, 123, 125, 141, 119, 8, 15, 90, 102, 103, 16, 40, 42, 143, 25, 131, 132, 52, 110, 108, 9, 111, 64, 50, 75, 53, 77, 55, 117, 41, 27, 43, 29, 107, 114, 120, 121, 101, 106, 63, 6, 1, 2, 0, 30, 97, 11, 100, 96, 98, 95, 87, 104, 88, 70, 91, 69, 79, 80, 72, 86, 82, 81, 73, 66, 65, 47, 68, 60, 59, 44, 24, 84, 62, 57, 54, 51, 46, 49, 45, 56, 38, 23, 39, 34, 33, 21, 37, 20, 19, 5, 4, 22, 3]",True,37405594423,37.405594423,"[85, 130, 76, 128, 31, 94, 74, 127, 89, 126, 35, 7, 83, 142, 75, 124, 125, 27, 21, 5, 123, 141, 119, 8, 55, 102, 103, 117, 15, 16, 42, 143, 132, 131, 52, 110, 108, 9, 111, 64, 50, 90, 92, 53, 77, 43, 29, 41, 107, 114, 120, 121, 101, 106, 63, 6, 1, 2, 0, 30, 97, 11, 100, 96, 98, 95, 87, 104, 88, 70, 91, 69, 79, 80, 72, 86, 82, 81, 73, 66, 65, 47, 68, 60, 59, 44, 84, 57, 62, 56, 49, 46, 45, 51, 38, 54, 33, 34, 39, 24, 25, 40, 37, 3, 19, 4, 22, 20, 23]","[23, 20, 22, 4, 19, 3, 37, 40, 25, 24, 39, 34, 33, 54, 38, 51, 45, 46, 49, 56, 62, 57, 84, 44, 59, 60, 68, 47, 65, 66, 73, 81, 82, 86, 72, 80, 79, 69, 91, 70, 88, 104, 87, 95, 98, 96, 100, 11, 97, 30, 0, 2, 1, 6, 63, 106, 101, 121, 120, 114, 107, 41, 29, 43, 77, 53, 92, 90, 50, 64, 111, 9, 108, 110, 52, 131, 132, 143, 42, 16, 15, 117, 103, 102, 55, 8, 119, 141, 123, 5, 21, 27, 125, 124, 75, 142, 83, 7, 35, 126, 89, 127, 74, 94, 31, 128, 76, 130, 85]",False,complete,114,114,6226,0,2714,2,2712,2000,,False,,,,,,,2,141,22,141,22,22,22,22
3,20473,22,42,107,"[10, 12, 13, 14, 17, 18, 26, 28, 32, 36, 48, 58, 61, 67, 71, 78, 85, 93, 99, 105, 109, 112, 115, 116, 118, 122, 129, 130, 133, 134, 135, 136, 137, 138, 139, 140, 144, 145, 146, 147, 148, 149]","[0, 1, 2, 3, 4, 5, 6, 7, 8, 9, 11, 15, 16, 19, 20, 21, 22, 23, 24, 25, 27, 29, 30, 31, 33, 34, 35, 37, 38, 39, 40, 41, 42, 43, 44, 45, 46, 47, 49, 50, 51, 52, 53, 54, 55, 56, 57, 59, 60, 62, 63, 64, 65, 66, 68, 69, 70, 72, 73, 74, 75, 76, 77, 79, 80, 81, 82, 83, 84, 86, 87, 88, 89, 90, 91, 92, 94, 95, 96, 97, 98, 100, 101, 102, 103, 104, 106, 107, 108, 110, 111, 114, 117, 119, 120, 121, 123, 124, 125, 126, 127, 128, 131, 132, 141, 142, 143]",{},[],0,"[17, 122, 18, 32, 137, 138, 140, 139, 13, 14, 116, 118, 136, 112, 36, 135, 26, 28, 105, 99, 148, 115, 149, 145, 144, 146, 147, 12, 58, 71, 134, 109, 48, 67, 61, 78, 10, 133, 129, 93, 85, 130, 76, 128, 31, 94, 74, 127, 89, 126, 35, 7, 83, 142, 92, 124, 123, 125, 141, 119, 8, 15, 90, 102, 103, 16, 40, 42, 143, 25, 131, 132, 52, 110, 108, 9, 111, 64, 50, 75, 53, 77, 55, 117, 41, 27, 43, 29, 107, 114, 120, 121, 101, 106, 63, 6, 1, 2, 0, 30, 97, 11, 100, 96, 98, 95, 87, 104, 88, 70, 91, 69, 79, 80, 72, 86, 82, 81, 73, 66, 65, 47, 68, 60, 59, 44, 24, 84, 62, 57, 54, 51, 46, 49, 45, 56, 38, 23, 39, 34, 33, 21, 37, 20, 19, 5, 4, 22, 3]",True,47383551801,47.383551801,"[74, 42, 40, 7, 132, 131, 54, 143, 128, 31, 127, 47, 35, 126, 125, 141, 27, 104, 124, 53, 86, 123, 119, 102, 106, 101, 120, 114, 121, 142, 41, 117, 29, 43, 8, 15, 107, 16, 111, 108, 25, 9, 110, 76, 64, 77, 75, 55, 90, 92, 6, 1, 2, 0, 30, 97, 11, 91, 98, 57, 96, 100, 50, 95, 83, 103, 44, 24, 84, 82, 89, 88, 70, 87, 81, 94, 69, 79, 80, 72, 68, 66, 73, 65, 59, 60, 56, 63, 62, 38, 23, 46, 52, 49, 51, 45, 39, 34, 33, 21, 37, 20, 19, 5, 4, 22, 3]","[3, 22, 4, 5, 19, 20, 37, 21, 33, 34, 39, 45, 51, 49, 52, 46, 23, 38, 62, 63, 56, 60, 59, 65, 73, 66, 68, 72, 80, 79, 69, 94, 81, 87, 70, 88, 89, 82, 84, 24, 44, 103, 83, 95, 50, 100, 96, 57, 98, 91, 11, 97, 30, 0, 2, 1, 6, 92, 90, 55, 75, 77, 64, 76, 110, 9, 25, 108, 111, 16, 107, 15, 8, 43, 29, 117, 41, 142, 121, 114, 120, 101, 106, 102, 119, 123, 86, 53, 124, 104, 27, 141, 125, 126, 35, 47, 127, 31, 128, 143, 54, 131, 132, 7, 40, 42, 74]",False,complete,141,141,6907,0,4281,78,4203,2000,,False,,,,,,,2,93,23,93,23,23,23,23
3,20474,23,44,105,"[10, 12, 13, 14, 17, 18, 26, 28, 32, 36, 48, 58, 61, 67, 71, 76, 78, 85, 93, 99, 105, 109, 112, 115, 116, 118, 122, 128, 129, 130, 133, 134, 135, 136, 137, 138, 139, 140, 144, 145, 146, 147, 148, 149]","[0, 1, 2, 3, 4, 5, 6, 7, 8, 9, 11, 15, 16, 19, 20, 21, 22, 23, 24, 25, 27, 29, 30, 31, 33, 34, 35, 37, 38, 39, 40, 41, 42, 43, 44, 45, 46, 47, 49, 50, 51, 52, 53, 54, 55, 56, 57, 59, 60, 62, 63, 64, 65, 66, 68, 69, 70, 72, 73, 74, 75, 77, 79, 80, 81, 82, 83, 84, 86, 87, 88, 89, 90, 91, 92, 94, 95, 96, 97, 98, 100, 101, 102, 103, 104, 106, 107, 108, 110, 111, 114, 117, 119, 120, 121, 123, 124, 125, 126, 127, 131, 132, 141, 142, 143]",{},[],0,"[17, 122, 18, 32, 137, 138, 140, 139, 13, 14, 116, 118, 136, 112, 36, 135, 26, 28, 105, 99, 148, 115, 149, 145, 144, 146, 147, 12, 58, 71, 134, 109, 48, 67, 61, 78, 10, 133, 129, 93, 85, 130, 76, 128, 31, 94, 74, 127, 89, 126, 35, 7, 83, 142, 92, 124, 123, 125, 141, 119, 8, 15, 90, 102, 103, 16, 40, 42, 143, 25, 131, 132, 52, 110, 108, 9, 111, 64, 50, 75, 53, 77, 55, 117, 41, 27, 43, 29, 107, 114, 120, 121, 101, 106, 63, 6, 1, 2, 0, 30, 97, 11, 100, 96, 98, 95, 87, 104, 88, 70, 91, 69, 79, 80, 72, 86, 82, 81, 73, 66, 65, 47, 68, 60, 59, 44, 24, 84, 62, 57, 54, 51, 46, 49, 45, 56, 38, 23, 39, 34, 33, 21, 37, 20, 19, 5, 4, 22, 3]",True,36667766268,36.667766268,"[31, 94, 74, 127, 89, 126, 35, 7, 83, 142, 75, 124, 125, 27, 21, 5, 123, 141, 119, 8, 55, 102, 103, 117, 15, 16, 40, 143, 131, 132, 54, 110, 108, 9, 111, 64, 50, 77, 53, 90, 92, 43, 41, 29, 107, 114, 120, 121, 101, 106, 63, 6, 1, 2, 0, 30, 97, 11, 100, 96, 98, 95, 87, 104, 88, 70, 91, 69, 79, 80, 72, 86, 82, 81, 73, 66, 65, 47, 68, 60, 59, 44, 84, 57, 62, 56, 49, 46, 45, 51, 38, 52, 33, 34, 39, 24, 25, 42, 37, 3, 19, 4, 22, 20, 23]","[23, 20, 22, 4, 19, 3, 37, 42, 25, 24, 39, 34, 33, 52, 38, 51, 45, 46, 49, 56, 62, 57, 84, 44, 59, 60, 68, 47, 65, 66, 73, 81, 82, 86, 72, 80, 79, 69, 91, 70, 88, 104, 87, 95, 98, 96, 100, 11, 97, 30, 0, 2, 1, 6, 63, 106, 101, 121, 120, 114, 107, 29, 41, 43, 92, 90, 53, 77, 50, 64, 111, 9, 108, 110, 54, 132, 131, 143, 40, 16, 15, 117, 103, 102, 55, 8, 119, 141, 123, 5, 21, 27, 125, 124, 75, 142, 83, 7, 35, 126, 89, 127, 74, 94, 31]",False,complete,110,110,5796,0,2681,2,2679,2000,,False,,,,,,,2,141,22,141,22,22,22,22
3,20475,24,46,103,"[10, 12, 13, 14, 17, 18, 26, 28, 31, 32, 36, 48, 58, 61, 67, 71, 76, 78, 85, 93, 94, 99, 105, 109, 112, 115, 116, 118, 122, 128, 129, 130, 133, 134, 135, 136, 137, 138, 139, 140, 144, 145, 146, 147, 148, 149]","[0, 1, 2, 3, 4, 5, 6, 7, 8, 9, 11, 15, 16, 19, 20, 21, 22, 23, 24, 25, 27, 29, 30, 33, 34, 35, 37, 38, 39, 40, 41, 42, 43, 44, 45, 46, 47, 49, 50, 51, 52, 53, 54, 55, 56, 57, 59, 60, 62, 63, 64, 65, 66, 68, 69, 70, 72, 73, 74, 75, 77, 79, 80, 81, 82, 83, 84, 86, 87, 88, 89, 90, 91, 92, 95, 96, 97, 98, 100, 101, 102, 103, 104, 106, 107, 108, 110, 111, 114, 117, 119, 120, 121, 123, 124, 125, 126, 127, 131, 132, 141, 142, 143]",{},[],0,"[17, 122, 18, 32, 137, 138, 140, 139, 13, 14, 116, 118, 136, 112, 36, 135, 26, 28, 105, 99, 148, 115, 149, 145, 144, 146, 147, 12, 58, 71, 134, 109, 48, 67, 61, 78, 10, 133, 129, 93, 85, 130, 76, 128, 31, 94, 74, 127, 89, 126, 35, 7, 83, 142, 92, 124, 123, 125, 141, 119, 8, 15, 90, 102, 103, 16, 40, 42, 143, 25, 131, 132, 52, 110, 108, 9, 111, 64, 50, 75, 53, 77, 55, 117, 41, 27, 43, 29, 107, 114, 120, 121, 101, 106, 63, 6, 1, 2, 0, 30, 97, 11, 100, 96, 98, 95, 87, 104, 88, 70, 91, 69, 79, 80, 72, 86, 82, 81, 73, 66, 65, 47, 68, 60, 59, 44, 24, 84, 62, 57, 54, 51, 46, 49, 45, 56, 38, 23, 39, 34, 33, 21, 37, 20, 19, 5, 4, 22, 3]",True,54747448507,54.747448507,"[74, 127, 89, 126, 35, 7, 83, 142, 75, 124, 125, 27, 21, 5, 123, 141, 117, 8, 15, 77, 29, 90, 102, 16, 6, 1, 2, 110, 108, 9, 111, 0, 119, 107, 114, 120, 121, 92, 101, 106, 40, 132, 131, 52, 64, 50, 55, 53, 41, 43, 42, 47, 143, 30, 97, 11, 100, 96, 98, 3, 4, 22, 23, 25, 20, 63, 104, 37, 34, 44, 24, 19, 84, 39, 46, 54, 70, 51, 68, 60, 62, 49, 45, 56, 38, 57, 33, 59, 91, 73, 66, 69, 79, 72, 80, 65, 86, 87, 82, 81, 103, 88, 95]","[95, 88, 103, 81, 82, 87, 86, 65, 80, 72, 79, 69, 66, 73, 91, 59, 33, 57, 38, 56, 45, 49, 62, 60, 68, 51, 70, 54, 46, 39, 84, 19, 24, 44, 34, 37, 104, 63, 20, 25, 23, 22, 4, 3, 98, 96, 100, 11, 97, 30, 143, 47, 42, 43, 41, 53, 55, 50, 64, 52, 131, 132, 40, 106, 101, 92, 121, 120, 114, 107, 119, 0, 111, 9, 108, 110, 2, 1, 6, 16, 102, 90, 29, 77, 15, 8, 117, 141, 123, 5, 21, 27, 125, 124, 75, 142, 83, 7, 35, 126, 89, 127, 74]",False,complete,144,144,6576,0,4701,80,4621,2000,,False,,,,,,,2,102,19,102,19,19,19,19
3,20476,25,48,101,"[10, 12, 13, 14, 17, 18, 26, 28, 31, 32, 36, 48, 58, 61, 67, 71, 74, 76, 78, 85, 93, 94, 99, 105, 109, 112, 115, 116, 118, 122, 127, 128, 129, 130, 133, 134, 135, 136, 137, 138, 139, 140, 144, 145, 146, 147, 148, 149]","[0, 1, 2, 3, 4, 5, 6, 7, 8, 9, 11, 15, 16, 19, 20, 21, 22, 23, 24, 25, 27, 29, 30, 33, 34, 35, 37, 38, 39, 40, 41, 42, 43, 44, 45, 46, 47, 49, 50, 51, 52, 53, 54, 55, 56, 57, 59, 60, 62, 63, 64, 65, 66, 68, 69, 70, 72, 73, 75, 77, 79, 80, 81, 82, 83, 84, 86, 87, 88, 89, 90, 91, 92, 95, 96, 97, 98, 100, 101, 102, 103, 104, 106, 107, 108, 110, 111, 114, 117, 119, 120, 121, 123, 124, 125, 126, 131, 132, 141, 142, 143]",{},[],0,"[17, 122, 18, 32, 137, 138, 140, 139, 13, 14, 116, 118, 136, 112, 36, 135, 26, 28, 105, 99, 148, 115, 149, 145, 144, 146, 147, 12, 58, 71, 134, 109, 48, 67, 61, 78, 10, 133, 129, 93, 85, 130, 76, 128, 31, 94, 74, 127, 89, 126, 35, 7, 83, 142, 92, 124, 123, 125, 141, 119, 8, 15, 90, 102, 103, 16, 40, 42, 143, 25, 131, 132, 52, 110, 108, 9, 111, 64, 50, 75, 53, 77, 55, 117, 41, 27, 43, 29, 107, 114, 120, 121, 101, 106, 63, 6, 1, 2, 0, 30, 97, 11, 100, 96, 98, 95, 87, 104, 88, 70, 91, 69, 79, 80, 72, 86, 82, 81, 73, 66, 65, 47, 68, 60, 59, 44, 24, 84, 62, 57, 54, 51, 46, 49, 45, 56, 38, 23, 39, 34, 33, 21, 37, 20, 19, 5, 4, 22, 3]",True,42188684796,42.188684796,"[91, 126, 35, 7, 83, 125, 102, 103, 141, 142, 77, 15, 124, 123, 84, 21, 75, 92, 27, 90, 117, 5, 8, 16, 42, 132, 131, 52, 110, 108, 9, 111, 64, 50, 53, 119, 55, 43, 41, 29, 107, 114, 120, 121, 101, 106, 70, 6, 1, 2, 0, 30, 97, 11, 100, 96, 98, 3, 4, 22, 23, 95, 87, 104, 81, 82, 88, 89, 73, 69, 79, 72, 80, 86, 66, 65, 47, 68, 63, 60, 59, 62, 57, 40, 143, 56, 49, 46, 45, 51, 54, 25, 24, 20, 19, 39, 38, 44, 34, 37, 33]","[33, 37, 34, 44, 38, 39, 19, 20, 24, 25, 54, 51, 45, 46, 49, 56, 143, 40, 57, 62, 59, 60, 63, 68, 47, 65, 66, 86, 80, 72, 79, 69, 73, 89, 88, 82, 81, 104, 87, 95, 23, 22, 4, 3, 98, 96, 100, 11, 97, 30, 0, 2, 1, 6, 70, 106, 101, 121, 120, 114, 107, 29, 41, 43, 55, 119, 53, 50, 64, 111, 9, 108, 110, 52, 131, 132, 42, 16, 8, 5, 117, 90, 27, 92, 75, 21, 84, 123, 124, 15, 77, 142, 141, 103, 102, 125, 83, 7, 35, 126, 91]",False,complete,119,119,5824,0,3390,19,3371,2000,,False,,,,,,,2,139,19,139,19,19,19,19
3,20477,26,50,99,"[10, 12, 13, 14, 17, 18, 26, 28, 31, 32, 36, 48, 58, 61, 67, 71, 74, 76, 78, 85, 89, 93, 94, 99, 105, 109, 112, 115, 116, 118, 122, 126, 127, 128, 129, 130, 133, 134, 135, 136, 137, 138, 139, 140, 144, 145, 146, 147, 148, 149]","[0, 1, 2, 3, 4, 5, 6, 7, 8, 9, 11, 15, 16, 19, 20, 21, 22, 23, 24, 25, 27, 29, 30, 33, 34, 35, 37, 38, 39, 40, 41, 42, 43, 44, 45, 46, 47, 49, 50, 51, 52, 53, 54, 55, 56, 57, 59, 60, 62, 63, 64, 65, 66, 68, 69, 70, 72, 73, 75, 77, 79, 80, 81, 82, 83, 84, 86, 87, 88, 90, 91, 92, 95, 96, 97, 98, 100, 101, 102, 103, 104, 106, 107, 108, 110, 111, 114, 117, 119, 120, 121, 123, 124, 125, 131, 132, 141, 142, 143]",{},[],0,"[17, 122, 18, 32, 137, 138, 140, 139, 13, 14, 116, 118, 136, 112, 36, 135, 26, 28, 105, 99, 148, 115, 149, 145, 144, 146, 147, 12, 58, 71, 134, 109, 48, 67, 61, 78, 10, 133, 129, 93, 85, 130, 76, 128, 31, 94, 74, 127, 89, 126, 35, 7, 83, 142, 92, 124, 123, 125, 141, 119, 8, 15, 90, 102, 103, 16, 40, 42, 143, 25, 131, 132, 52, 110, 108, 9, 111, 64, 50, 75, 53, 77, 55, 117, 41, 27, 43, 29, 107, 114, 120, 121, 101, 106, 63, 6, 1, 2, 0, 30, 97, 11, 100, 96, 98, 95, 87, 104, 88, 70, 91, 69, 79, 80, 72, 86, 82, 81, 73, 66, 65, 47, 68, 60, 59, 44, 24, 84, 62, 57, 54, 51, 46, 49, 45, 56, 38, 23, 39, 34, 33, 21, 37, 20, 19, 5, 4, 22, 3]",True,32611941285,32.611941285,"[35, 7, 83, 142, 77, 124, 123, 125, 27, 21, 75, 5, 141, 102, 84, 92, 8, 104, 117, 15, 90, 16, 40, 132, 131, 52, 110, 108, 9, 111, 64, 50, 119, 53, 55, 43, 29, 41, 107, 114, 120, 121, 101, 106, 70, 6, 1, 2, 0, 30, 97, 11, 100, 96, 98, 95, 87, 103, 81, 82, 88, 91, 73, 69, 79, 72, 80, 86, 66, 65, 47, 68, 63, 60, 59, 62, 57, 3, 4, 42, 23, 143, 22, 56, 49, 46, 45, 51, 54, 25, 24, 20, 19, 39, 34, 37, 38, 44, 33]","[33, 44, 38, 37, 34, 39, 19, 20, 24, 25, 54, 51, 45, 46, 49, 56, 22, 143, 23, 42, 4, 3, 57, 62, 59, 60, 63, 68, 47, 65, 66, 86, 80, 72, 79, 69, 73, 91, 88, 82, 81, 103, 87, 95, 98, 96, 100, 11, 97, 30, 0, 2, 1, 6, 70, 106, 101, 121, 120, 114, 107, 41, 29, 43, 55, 53, 119, 50, 64, 111, 9, 108, 110, 52, 131, 132, 40, 16, 90, 15, 117, 104, 8, 92, 84, 102, 141, 5, 75, 21, 27, 125, 123, 124, 77, 142, 83, 7, 35]",False,complete,102,102,5094,0,2371,0,2371,2000,,False,,,,,,,2,131,20,131,20,20,20,20
3,20478,27,52,97,"[7, 10, 12, 13, 14, 17, 18, 26, 28, 31, 32, 35, 36, 48, 58, 61, 67, 71, 74, 76, 78, 85, 89, 93, 94, 99, 105, 109, 112, 115, 116, 118, 122, 126, 127, 128, 129, 130, 133, 134, 135, 136, 137, 138, 139, 140, 144, 145, 146, 147, 148, 149]","[0, 1, 2, 3, 4, 5, 6, 8, 9, 11, 15, 16, 19, 20, 21, 22, 23, 24, 25, 27, 29, 30, 33, 34, 37, 38, 39, 40, 41, 42, 43, 44, 45, 46, 47, 49, 50, 51, 52, 53, 54, 55, 56, 57, 59, 60, 62, 63, 64, 65, 66, 68, 69, 70, 72, 73, 75, 77, 79, 80, 81, 82, 83, 84, 86, 87, 88, 90, 91, 92, 95, 96, 97, 98, 100, 101, 102, 103, 104, 106, 107, 108, 110, 111, 114, 117, 119, 120, 121, 123, 124, 125, 131, 132, 141, 142, 143]",{},[],0,"[17, 122, 18, 32, 137, 138, 140, 139, 13, 14, 116, 118, 136, 112, 36, 135, 26, 28, 105, 99, 148, 115, 149, 145, 144, 146, 147, 12, 58, 71, 134, 109, 48, 67, 61, 78, 10, 133, 129, 93, 85, 130, 76, 128, 31, 94, 74, 127, 89, 126, 35, 7, 83, 142, 92, 124, 123, 125, 141, 119, 8, 15, 90, 102, 103, 16, 40, 42, 143, 25, 131, 132, 52, 110, 108, 9, 111, 64, 50, 75, 53, 77, 55, 117, 41, 27, 43, 29, 107, 114, 120, 121, 101, 106, 63, 6, 1, 2, 0, 30, 97, 11, 100, 96, 98, 95, 87, 104, 88, 70, 91, 69, 79, 80, 72, 86, 82, 81, 73, 66, 65, 47, 68, 60, 59, 44, 24, 84, 62, 57, 54, 51, 46, 49, 45, 56, 38, 23, 39, 34, 33, 21, 37, 20, 19, 5, 4, 22, 3]",True,24895586788,24.895586788,"[83, 142, 90, 125, 141, 102, 103, 8, 16, 40, 42, 143, 25, 132, 131, 54, 110, 108, 9, 111, 64, 50, 124, 123, 92, 117, 55, 75, 119, 77, 53, 15, 27, 41, 29, 43, 107, 114, 120, 121, 101, 106, 63, 6, 1, 2, 0, 30, 97, 11, 100, 96, 98, 95, 87, 104, 88, 70, 91, 69, 79, 80, 72, 86, 82, 81, 73, 66, 65, 47, 68, 60, 59, 44, 24, 84, 62, 57, 52, 51, 46, 49, 45, 56, 38, 23, 39, 34, 33, 21, 37, 20, 19, 5, 4, 22, 3]","[3, 22, 4, 5, 19, 20, 37, 21, 33, 34, 39, 23, 38, 56, 45, 49, 46, 51, 52, 57, 62, 84, 24, 44, 59, 60, 68, 47, 65, 66, 73, 81, 82, 86, 72, 80, 79, 69, 91, 70, 88, 104, 87, 95, 98, 96, 100, 11, 97, 30, 0, 2, 1, 6, 63, 106, 101, 121, 120, 114, 107, 43, 29, 41, 27, 15, 53, 77, 119, 75, 55, 117, 92, 123, 124, 50, 64, 111, 9, 108, 110, 54, 131, 132, 25, 143, 42, 40, 16, 8, 103, 102, 141, 125, 90, 142, 83]",False,complete,98,98,4793,0,1949,1,1948,1948,,False,,,,,,,2,135,21,135,21,21,21,21
3,20479,28,54,95,"[7, 10, 12, 13, 14, 17, 18, 26, 28, 31, 32, 35, 36, 48, 58, 61, 67, 71, 74, 76, 78, 83, 85, 89, 93, 94, 99, 105, 109, 112, 115, 116, 118, 122, 126, 127, 128, 129, 130, 133, 134, 135, 136, 137, 138, 139, 140, 142, 144, 145, 146, 147, 148, 149]","[0, 1, 2, 3, 4, 5, 6, 8, 9, 11, 15, 16, 19, 20, 21, 22, 23, 24, 25, 27, 29, 30, 33, 34, 37, 38, 39, 40, 41, 42, 43, 44, 45, 46, 47, 49, 50, 51, 52, 53, 54, 55, 56, 57, 59, 60, 62, 63, 64, 65, 66, 68, 69, 70, 72, 73, 75, 77, 79, 80, 81, 82, 84, 86, 87, 88, 90, 91, 92, 95, 96, 97, 98, 100, 101, 102, 103, 104, 106, 107, 108, 110, 111, 114, 117, 119, 120, 121, 123, 124, 125, 131, 132, 141, 143]",{},[],0,"[17, 122, 18, 32, 137, 138, 140, 139, 13, 14, 116, 118, 136, 112, 36, 135, 26, 28, 105, 99, 148, 115, 149, 145, 144, 146, 147, 12, 58, 71, 134, 109, 48, 67, 61, 78, 10, 133, 129, 93, 85, 130, 76, 128, 31, 94, 74, 127, 89, 126, 35, 7, 83, 142, 92, 124, 123, 125, 141, 119, 8, 15, 90, 102, 103, 16, 40, 42, 143, 25, 131, 132, 52, 110, 108, 9, 111, 64, 50, 75, 53, 77, 55, 117, 41, 27, 43, 29, 107, 114, 120, 121, 101, 106, 63, 6, 1, 2, 0, 30, 97, 11, 100, 96, 98, 95, 87, 104, 88, 70, 91, 69, 79, 80, 72, 86, 82, 81, 73, 66, 65, 47, 68, 60, 59, 44, 24, 84, 62, 57, 54, 51, 46, 49, 45, 56, 38, 23, 39, 34, 33, 21, 37, 20, 19, 5, 4, 22, 3]",True,60360911358,60.360911358,"[77, 124, 123, 125, 27, 21, 119, 23, 75, 102, 104, 141, 92, 8, 117, 29, 15, 53, 143, 16, 40, 132, 131, 54, 110, 108, 9, 111, 64, 50, 55, 90, 41, 43, 107, 114, 120, 121, 101, 106, 63, 6, 1, 2, 0, 22, 4, 5, 3, 98, 30, 11, 100, 96, 97, 95, 87, 103, 88, 70, 91, 69, 79, 80, 72, 86, 82, 81, 73, 66, 65, 47, 68, 60, 59, 44, 62, 84, 37, 20, 24, 19, 25, 34, 33, 42, 39, 38, 46, 52, 56, 57, 49, 51, 45]","[45, 51, 49, 57, 56, 52, 46, 38, 39, 42, 33, 34, 25, 19, 24, 20, 37, 84, 62, 44, 59, 60, 68, 47, 65, 66, 73, 81, 82, 86, 72, 80, 79, 69, 91, 70, 88, 103, 87, 95, 97, 96, 100, 11, 30, 98, 3, 5, 4, 22, 0, 2, 1, 6, 63, 106, 101, 121, 120, 114, 107, 43, 41, 90, 55, 50, 64, 111, 9, 108, 110, 54, 131, 132, 40, 16, 143, 53, 15, 29, 117, 8, 92, 141, 104, 102, 75, 23, 119, 21, 27, 125, 123, 124, 77]",False,complete,159,159,6662,0,6089,85,6004,2000,,False,,,,,,,2,141,24,141,24,24,24,24
3,20480,29,56,93,"[7, 10, 12, 13, 14, 17, 18, 26, 28, 31, 32, 35, 36, 48, 58, 61, 67, 71, 74, 76, 78, 83, 85, 89, 92, 93, 94, 99, 105, 109, 112, 115, 116, 118, 122, 124, 126, 127, 128, 129, 130, 133, 134, 135, 136, 137, 138, 139, 140, 142, 144, 145, 146, 147, 148, 149]","[0, 1, 2, 3, 4, 5, 6, 8, 9, 11, 15, 16, 19, 20, 21, 22, 23, 24, 25, 27, 29, 30, 33, 34, 37, 38, 39, 40, 41, 42, 43, 44, 45, 46, 47, 49, 50, 51, 52, 53, 54, 55, 56, 57, 59, 60, 62, 63, 64, 65, 66, 68, 69, 70, 72, 73, 75, 77, 79, 80, 81, 82, 84, 86, 87, 88, 90, 91, 95, 96, 97, 98, 100, 101, 102, 103, 104, 106, 107, 108, 110, 111, 114, 117, 119, 120, 121, 123, 125, 131, 132, 141, 143]",{},[],0,"[17, 122, 18, 32, 137, 138, 140, 139, 13, 14, 116, 118, 136, 112, 36, 135, 26, 28, 105, 99, 148, 115, 149, 145, 144, 146, 147, 12, 58, 71, 134, 109, 48, 67, 61, 78, 10, 133, 129, 93, 85, 130, 76, 128, 31, 94, 74, 127, 89, 126, 35, 7, 83, 142, 92, 124, 123, 125, 141, 119, 8, 15, 90, 102, 103, 16, 40, 42, 143, 25, 131, 132, 52, 110, 108, 9, 111, 64, 50, 75, 53, 77, 55, 117, 41, 27, 43, 29, 107, 114, 120, 121, 101, 106, 63, 6, 1, 2, 0, 30, 97, 11, 100, 96, 98, 95, 87, 104, 88, 70, 91, 69, 79, 80, 72, 86, 82, 81, 73, 66, 65, 47, 68, 60, 59, 44, 24, 84, 62, 57, 54, 51, 46, 49, 45, 56, 38, 23, 39, 34, 33, 21, 37, 20, 19, 5, 4, 22, 3]",True,22838430349,22.838430349,"[123, 125, 141, 117, 102, 16, 55, 15, 119, 111, 108, 9, 110, 42, 40, 143, 25, 132, 131, 54, 64, 50, 103, 90, 75, 53, 77, 43, 29, 27, 8, 41, 107, 114, 120, 121, 101, 106, 63, 6, 1, 2, 0, 30, 97, 11, 100, 96, 98, 95, 87, 104, 88, 70, 91, 69, 79, 80, 72, 86, 82, 81, 73, 66, 65, 47, 68, 60, 59, 44, 24, 84, 62, 57, 52, 51, 46, 49, 45, 56, 38, 23, 39, 34, 33, 21, 37, 20, 19, 5, 4, 22, 3]","[3, 22, 4, 5, 19, 20, 37, 21, 33, 34, 39, 23, 38, 56, 45, 49, 46, 51, 52, 57, 62, 84, 24, 44, 59, 60, 68, 47, 65, 66, 73, 81, 82, 86, 72, 80, 79, 69, 91, 70, 88, 104, 87, 95, 98, 96, 100, 11, 97, 30, 0, 2, 1, 6, 63, 106, 101, 121, 120, 114, 107, 41, 8, 27, 29, 43, 77, 53, 75, 90, 103, 50, 64, 54, 131, 132, 25, 143, 40, 42, 110, 9, 108, 111, 119, 15, 55, 16, 102, 117, 141, 125, 123]",False,complete,94,94,4411,0,1876,1,1875,1875,,False,,,,,,,2,123,21,123,21,21,21,21
3,20481,30,58,91,"[7, 10, 12, 13, 14, 17, 18, 26, 28, 31, 32, 35, 36, 48, 58, 61, 67, 71, 74, 76, 78, 83, 85, 89, 92, 93, 94, 99, 105, 109, 112, 115, 116, 118, 122, 123, 124, 125, 126, 127, 128, 129, 130, 133, 134, 135, 136, 137, 138, 139, 140, 142, 144, 145, 146, 147, 148, 149]","[0, 1, 2, 3, 4, 5, 6, 8, 9, 11, 15, 16, 19, 20, 21, 22, 23, 24, 25, 27, 29, 30, 33, 34, 37, 38, 39, 40, 41, 42, 43, 44, 45, 46, 47, 49, 50, 51, 52, 53, 54, 55, 56, 57, 59, 60, 62, 63, 64, 65, 66, 68, 69, 70, 72, 73, 75, 77, 79, 80, 81, 82, 84, 86, 87, 88, 90, 91, 95, 96, 97, 98, 100, 101, 102, 103, 104, 106, 107, 108, 110, 111, 114, 117, 119, 120, 121, 131, 132, 141, 143]",{},[],0,"[17, 122, 18, 32, 137, 138, 140, 139, 13, 14, 116, 118, 136, 112, 36, 135, 26, 28, 105, 99, 148, 115, 149, 145, 144, 146, 147, 12, 58, 71, 134, 109, 48, 67, 61, 78, 10, 133, 129, 93, 85, 130, 76, 128, 31, 94, 74, 127, 89, 126, 35, 7, 83, 142, 92, 124, 123, 125, 141, 119, 8, 15, 90, 102, 103, 16, 40, 42, 143, 25, 131, 132, 52, 110, 108, 9, 111, 64, 50, 75, 53, 77, 55, 117, 41, 27, 43, 29, 107, 114, 120, 121, 101, 106, 63, 6, 1, 2, 0, 30, 97, 11, 100, 96, 98, 95, 87, 104, 88, 70, 91, 69, 79, 80, 72, 86, 82, 81, 73, 66, 65, 47, 68, 60, 59, 44, 24, 84, 62, 57, 54, 51, 46, 49, 45, 56, 38, 23, 39, 34, 33, 21, 37, 20, 19, 5, 4, 22, 3]",True,22001982417,22.001982417,"[141, 119, 8, 15, 90, 102, 103, 16, 40, 42, 143, 25, 132, 131, 54, 110, 108, 9, 111, 64, 50, 75, 55, 53, 117, 77, 43, 29, 27, 41, 107, 114, 120, 121, 101, 106, 63, 6, 1, 2, 0, 30, 97, 11, 100, 96, 98, 95, 87, 104, 88, 70, 91, 69, 79, 80, 72, 86, 82, 81, 73, 66, 65, 47, 68, 60, 59, 44, 24, 84, 62, 57, 52, 51, 46, 49, 45, 56, 38, 23, 39, 34, 33, 21, 37, 20, 19, 5, 4, 22, 3]","[3, 22, 4, 5, 19, 20, 37, 21, 33, 34, 39, 23, 38, 56, 45, 49, 46, 51, 52, 57, 62, 84, 24, 44, 59, 60, 68, 47, 65, 66, 73, 81, 82, 86, 72, 80, 79, 69, 91, 70, 88, 104, 87, 95, 98, 96, 100, 11, 97, 30, 0, 2, 1, 6, 63, 106, 101, 121, 120, 114, 107, 41, 27, 29, 43, 77, 117, 53, 55, 75, 50, 64, 111, 9, 108, 110, 54, 131, 132, 25, 143, 42, 40, 16, 103, 102, 90, 15, 8, 119, 141]",False,complete,92,92,4226,0,1803,1,1802,1802,,False,,,,,,,2,129,21,129,21,21,21,21
3,20482,31,60,89,"[7, 10, 12, 13, 14, 17, 18, 26, 28, 31, 32, 35, 36, 48, 58, 61, 67, 71, 74, 76, 78, 83, 85, 89, 92, 93, 94, 99, 105, 109, 112, 115, 116, 118, 119, 122, 123, 124, 125, 126, 127, 128, 129, 130, 133, 134, 135, 136, 137, 138, 139, 140, 141, 142, 144, 145, 146, 147, 148, 149]","[0, 1, 2, 3, 4, 5, 6, 8, 9, 11, 15, 16, 19, 20, 21, 22, 23, 24, 25, 27, 29, 30, 33, 34, 37, 38, 39, 40, 41, 42, 43, 44, 45, 46, 47, 49, 50, 51, 52, 53, 54, 55, 56, 57, 59, 60, 62, 63, 64, 65, 66, 68, 69, 70, 72, 73, 75, 77, 79, 80, 81, 82, 84, 86, 87, 88, 90, 91, 95, 96, 97, 98, 100, 101, 102, 103, 104, 106, 107, 108, 110, 111, 114, 117, 120, 121, 131, 132, 143]",{},[],0,"[17, 122, 18, 32, 137, 138, 140, 139, 13, 14, 116, 118, 136, 112, 36, 135, 26, 28, 105, 99, 148, 115, 149, 145, 144, 146, 147, 12, 58, 71, 134, 109, 48, 67, 61, 78, 10, 133, 129, 93, 85, 130, 76, 128, 31, 94, 74, 127, 89, 126, 35, 7, 83, 142, 92, 124, 123, 125, 141, 119, 8, 15, 90, 102, 103, 16, 40, 42, 143, 25, 131, 132, 52, 110, 108, 9, 111, 64, 50, 75, 53, 77, 55, 117, 41, 27, 43, 29, 107, 114, 120, 121, 101, 106, 63, 6, 1, 2, 0, 30, 97, 11, 100, 96, 98, 95, 87, 104, 88, 70, 91, 69, 79, 80, 72, 86, 82, 81, 73, 66, 65, 47, 68, 60, 59, 44, 24, 84, 62, 57, 54, 51, 46, 49, 45, 56, 38, 23, 39, 34, 33, 21, 37, 20, 19, 5, 4, 22, 3]",True,20292187215,20.292187215,"[15, 8, 90, 102, 103, 16, 42, 40, 143, 25, 132, 131, 54, 110, 108, 9, 111, 64, 50, 75, 53, 117, 77, 55, 29, 43, 41, 27, 107, 114, 120, 121, 101, 106, 63, 6, 1, 2, 0, 30, 97, 11, 100, 96, 98, 95, 87, 104, 88, 70, 91, 69, 79, 80, 72, 86, 82, 81, 73, 66, 65, 47, 68, 60, 59, 44, 24, 84, 62, 57, 52, 51, 46, 49, 45, 56, 38, 23, 39, 34, 33, 21, 37, 20, 19, 5, 4, 22, 3]","[3, 22, 4, 5, 19, 20, 37, 21, 33, 34, 39, 23, 38, 56, 45, 49, 46, 51, 52, 57, 62, 84, 24, 44, 59, 60, 68, 47, 65, 66, 73, 81, 82, 86, 72, 80, 79, 69, 91, 70, 88, 104, 87, 95, 98, 96, 100, 11, 97, 30, 0, 2, 1, 6, 63, 106, 101, 121, 120, 114, 107, 27, 41, 43, 29, 55, 77, 117, 53, 75, 50, 64, 111, 9, 108, 110, 54, 131, 132, 25, 143, 40, 42, 16, 103, 102, 90, 8, 15]",False,complete,90,90,4045,0,1723,1,1722,1722,,False,,,,,,,2,129,21,129,21,21,21,21
3,20483,32,62,87,"[7, 8, 10, 12, 13, 14, 15, 17, 18, 26, 28, 31, 32, 35, 36, 48, 58, 61, 67, 71, 74, 76, 78, 83, 85, 89, 92, 93, 94, 99, 105, 109, 112, 115, 116, 118, 119, 122, 123, 124, 125, 126, 127, 128, 129, 130, 133, 134, 135, 136, 137, 138, 139, 140, 141, 142, 144, 145, 146, 147, 148, 149]","[0, 1, 2, 3, 4, 5, 6, 9, 11, 16, 19, 20, 21, 22, 23, 24, 25, 27, 29, 30, 33, 34, 37, 38, 39, 40, 41, 42, 43, 44, 45, 46, 47, 49, 50, 51, 52, 53, 54, 55, 56, 57, 59, 60, 62, 63, 64, 65, 66, 68, 69, 70, 72, 73, 75, 77, 79, 80, 81, 82, 84, 86, 87, 88, 90, 91, 95, 96, 97, 98, 100, 101, 102, 103, 104, 106, 107, 108, 110, 111, 114, 117, 120, 121, 131, 132, 143]",{},[],0,"[17, 122, 18, 32, 137, 138, 140, 139, 13, 14, 116, 118, 136, 112, 36, 135, 26, 28, 105, 99, 148, 115, 149, 145, 144, 146, 147, 12, 58, 71, 134, 109, 48, 67, 61, 78, 10, 133, 129, 93, 85, 130, 76, 128, 31, 94, 74, 127, 89, 126, 35, 7, 83, 142, 92, 124, 123, 125, 141, 119, 8, 15, 90, 102, 103, 16, 40, 42, 143, 25, 131, 132, 52, 110, 108, 9, 111, 64, 50, 75, 53, 77, 55, 117, 41, 27, 43, 29, 107, 114, 120, 121, 101, 106, 63, 6, 1, 2, 0, 30, 97, 11, 100, 96, 98, 95, 87, 104, 88, 70, 91, 69, 79, 80, 72, 86, 82, 81, 73, 66, 65, 47, 68, 60, 59, 44, 24, 84, 62, 57, 54, 51, 46, 49, 45, 56, 38, 23, 39, 34, 33, 21, 37, 20, 19, 5, 4, 22, 3]",True,18746355298,18.746355298,"[90, 102, 103, 16, 40, 42, 143, 25, 131, 132, 54, 110, 108, 9, 111, 64, 50, 75, 77, 55, 117, 53, 29, 27, 41, 43, 107, 114, 120, 121, 101, 106, 63, 6, 1, 2, 0, 30, 97, 11, 100, 96, 98, 95, 87, 104, 88, 70, 91, 69, 79, 80, 72, 86, 82, 81, 73, 66, 65, 47, 68, 60, 59, 44, 24, 84, 62, 57, 52, 51, 46, 49, 45, 56, 38, 23, 39, 34, 33, 21, 37, 20, 19, 5, 4, 22, 3]","[3, 22, 4, 5, 19, 20, 37, 21, 33, 34, 39, 23, 38, 56, 45, 49, 46, 51, 52, 57, 62, 84, 24, 44, 59, 60, 68, 47, 65, 66, 73, 81, 82, 86, 72, 80, 79, 69, 91, 70, 88, 104, 87, 95, 98, 96, 100, 11, 97, 30, 0, 2, 1, 6, 63, 106, 101, 121, 120, 114, 107, 43, 41, 27, 29, 53, 117, 55, 77, 75, 50, 64, 111, 9, 108, 110, 54, 132, 131, 25, 143, 42, 40, 16, 103, 102, 90]",False,complete,88,88,3868,0,1639,1,1638,1638,,False,,,,,,,2,129,21,129,21,21,21,21
3,20484,33,64,85,"[7, 8, 10, 12, 13, 14, 15, 17, 18, 26, 28, 31, 32, 35, 36, 48, 58, 61, 67, 71, 74, 76, 78, 83, 85, 89, 90, 92, 93, 94, 99, 102, 105, 109, 112, 115, 116, 118, 119, 122, 123, 124, 125, 126, 127, 128, 129, 130, 133, 134, 135, 136, 137, 138, 139, 140, 141, 142, 144, 145, 146, 147, 148, 149]","[0, 1, 2, 3, 4, 5, 6, 9, 11, 16, 19, 20, 21, 22, 23, 24, 25, 27, 29, 30, 33, 34, 37, 38, 39, 40, 41, 42, 43, 44, 45, 46, 47, 49, 50, 51, 52, 53, 54, 55, 56, 57, 59, 60, 62, 63, 64, 65, 66, 68, 69, 70, 72, 73, 75, 77, 79, 80, 81, 82, 84, 86, 87, 88, 91, 95, 96, 97, 98, 100, 101, 103, 104, 106, 107, 108, 110, 111, 114, 117, 120, 121, 131, 132, 143]","{""support_1"": 106}",[106],1,"[17, 122, 18, 32, 137, 138, 140, 139, 13, 14, 116, 118, 136, 112, 36, 135, 26, 28, 105, 99, 148, 115, 149, 145, 144, 146, 147, 12, 58, 71, 134, 109, 48, 67, 61, 78, 10, 133, 129, 93, 85, 130, 76, 128, 31, 94, 74, 127, 89, 126, 35, 7, 83, 142, 92, 124, 123, 125, 141, 119, 8, 15, 90, 102, 103, 16, 40, 42, 143, 25, 131, 132, 52, 110, 108, 9, 111, 64, 50, 75, 53, 77, 55, 117, 41, 27, 43, 29, 107, 114, 120, 121, 101, 106, 63, 6, 1, 2, 0, 30, 97, 11, 100, 96, 98, 95, 87, 104, 88, 70, 91, 69, 79, 80, 72, 86, 82, 81, 73, 66, 65, 47, 68, 60, 59, 44, 24, 84, 62, 57, 54, 51, 46, 49, 45, 56, 38, 23, 39, 34, 33, 21, 37, 20, 19, 5, 4, 22, 3]",True,16038719847,16.038719847,"[103, 16, 40, 42, 143, 25, 132, 131, 52, 110, 108, 9, 111, 64, 50, 117, 77, 55, 53, 75, 41, 29, 43, 27, 107, 114, 120, 121, 101, 106, 63, 6, 1, 2, 0, 30, 97, 11, 100, 96, 98, 95, 87, 104, 88, 70, 91, 69, 79, 80, 72, 86, 82, 81, 73, 66, 65, 47, 68, 60, 59, 44, 24, 84, 62, 57, 54, 51, 46, 49, 45, 56, 38, 23, 39, 34, 33, 21, 37, 20, 19, 5, 4, 22, 3]","[3, 22, 4, 5, 19, 20, 37, 21, 33, 34, 39, 23, 38, 56, 45, 49, 46, 51, 54, 57, 62, 84, 24, 44, 59, 60, 68, 47, 65, 66, 73, 81, 82, 86, 72, 80, 79, 69, 91, 70, 88, 104, 87, 95, 98, 96, 100, 11, 97, 30, 0, 2, 1, 6, 63, 106, 101, 121, 120, 114, 107, 27, 43, 29, 41, 75, 53, 55, 77, 117, 50, 64, 111, 9, 108, 110, 52, 131, 132, 25, 143, 42, 40, 16, 103]",False,complete,86,86,3695,0,1515,1,1514,1514,,False,,,,,,,2,128,20,128,21,21,20,21
3,20485,34,66,83,"[7, 8, 10, 12, 13, 14, 15, 16, 17, 18, 26, 28, 31, 32, 35, 36, 48, 58, 61, 67, 71, 74, 76, 78, 83, 85, 89, 90, 92, 93, 94, 99, 102, 103, 105, 109, 112, 115, 116, 118, 119, 122, 123, 124, 125, 126, 127, 128, 129, 130, 133, 134, 135, 136, 137, 138, 139, 140, 141, 142, 144, 145, 146, 147, 148, 149]","[0, 1, 2, 3, 4, 5, 6, 9, 11, 19, 20, 21, 22, 23, 24, 25, 27, 29, 30, 33, 34, 37, 38, 39, 40, 41, 42, 43, 44, 45, 46, 47, 49, 50, 51, 52, 53, 54, 55, 56, 57, 59, 60, 62, 63, 64, 65, 66, 68, 69, 70, 72, 73, 75, 77, 79, 80, 81, 82, 84, 86, 87, 88, 91, 95, 96, 97, 98, 100, 101, 104, 106, 107, 108, 110, 111, 114, 117, 120, 121, 131, 132, 143]","{""support_1"": 106, ""support_2"": 111}","[106, 111]",2,"[17, 122, 18, 32, 137, 138, 140, 139, 13, 14, 116, 118, 136, 112, 36, 135, 26, 28, 105, 99, 148, 115, 149, 145, 144, 146, 147, 12, 58, 71, 134, 109, 48, 67, 61, 78, 10, 133, 129, 93, 85, 130, 76, 128, 31, 94, 74, 127, 89, 126, 35, 7, 83, 142, 92, 124, 123, 125, 141, 119, 8, 15, 90, 102, 103, 16, 40, 42, 143, 25, 131, 132, 52, 110, 108, 9, 111, 64, 50, 75, 53, 77, 55, 117, 41, 27, 43, 29, 107, 114, 120, 121, 101, 106, 63, 6, 1, 2, 0, 30, 97, 11, 100, 96, 98, 95, 87, 104, 88, 70, 91, 69, 79, 80, 72, 86, 82, 81, 73, 66, 65, 47, 68, 60, 59, 44, 24, 84, 62, 57, 54, 51, 46, 49, 45, 56, 38, 23, 39, 34, 33, 21, 37, 20, 19, 5, 4, 22, 3]",True,13663070232,13.663070232,"[42, 40, 143, 25, 132, 131, 52, 110, 108, 9, 111, 64, 50, 55, 117, 53, 75, 77, 27, 43, 41, 29, 107, 114, 120, 121, 101, 106, 63, 6, 1, 2, 0, 30, 97, 11, 100, 96, 98, 95, 87, 104, 88, 70, 91, 69, 79, 80, 72, 86, 82, 81, 73, 66, 65, 47, 68, 60, 59, 44, 24, 84, 62, 57, 54, 51, 46, 49, 45, 56, 38, 23, 39, 34, 33, 21, 37, 20, 19, 5, 4, 22, 3]","[3, 22, 4, 5, 19, 20, 37, 21, 33, 34, 39, 23, 38, 56, 45, 49, 46, 51, 54, 57, 62, 84, 24, 44, 59, 60, 68, 47, 65, 66, 73, 81, 82, 86, 72, 80, 79, 69, 91, 70, 88, 104, 87, 95, 98, 96, 100, 11, 97, 30, 0, 2, 1, 6, 63, 106, 101, 121, 120, 114, 107, 29, 41, 43, 27, 77, 75, 53, 117, 55, 50, 64, 111, 9, 108, 110, 52, 131, 132, 25, 143, 40, 42]",False,complete,84,84,3526,0,1389,1,1388,1388,,False,,,,,,,2,125,19,125,21,21,19,21
3,20486,35,68,81,"[7, 8, 10, 12, 13, 14, 15, 16, 17, 18, 26, 28, 31, 32, 35, 36, 40, 42, 48, 58, 61, 67, 71, 74, 76, 78, 83, 85, 89, 90, 92, 93, 94, 99, 102, 103, 105, 109, 112, 115, 116, 118, 119, 122, 123, 124, 125, 126, 127, 128, 129, 130, 133, 134, 135, 136, 137, 138, 139, 140, 141, 142, 144, 145, 146, 147, 148, 149]","[0, 1, 2, 3, 4, 5, 6, 9, 11, 19, 20, 21, 22, 23, 24, 25, 27, 29, 30, 33, 34, 37, 38, 39, 41, 43, 44, 45, 46, 47, 49, 50, 51, 52, 53, 54, 55, 56, 57, 59, 60, 62, 63, 64, 65, 66, 68, 69, 70, 72, 73, 75, 77, 79, 80, 81, 82, 84, 86, 87, 88, 91, 95, 96, 97, 98, 100, 101, 104, 106, 107, 108, 110, 111, 114, 117, 120, 121, 131, 132, 143]","{""support_1"": 106, ""support_2"": 111}","[106, 111]",2,"[17, 122, 18, 32, 137, 138, 140, 139, 13, 14, 116, 118, 136, 112, 36, 135, 26, 28, 105, 99, 148, 115, 149, 145, 144, 146, 147, 12, 58, 71, 134, 109, 48, 67, 61, 78, 10, 133, 129, 93, 85, 130, 76, 128, 31, 94, 74, 127, 89, 126, 35, 7, 83, 142, 92, 124, 123, 125, 141, 119, 8, 15, 90, 102, 103, 16, 40, 42, 143, 25, 131, 132, 52, 110, 108, 9, 111, 64, 50, 75, 53, 77, 55, 117, 41, 27, 43, 29, 107, 114, 120, 121, 101, 106, 63, 6, 1, 2, 0, 30, 97, 11, 100, 96, 98, 95, 87, 104, 88, 70, 91, 69, 79, 80, 72, 86, 82, 81, 73, 66, 65, 47, 68, 60, 59, 44, 24, 84, 62, 57, 54, 51, 46, 49, 45, 56, 38, 23, 39, 34, 33, 21, 37, 20, 19, 5, 4, 22, 3]",True,13494028728,13.494028728,"[143, 25, 131, 132, 52, 110, 108, 9, 111, 64, 50, 75, 77, 55, 117, 53, 29, 27, 43, 41, 107, 114, 120, 121, 101, 106, 63, 6, 1, 2, 0, 30, 97, 11, 100, 96, 98, 95, 87, 104, 88, 70, 91, 69, 79, 80, 72, 86, 82, 81, 73, 66, 65, 47, 68, 60, 59, 44, 24, 84, 62, 57, 54, 51, 46, 49, 45, 56, 38, 23, 39, 34, 33, 21, 37, 20, 19, 5, 4, 22, 3]","[3, 22, 4, 5, 19, 20, 37, 21, 33, 34, 39, 23, 38, 56, 45, 49, 46, 51, 54, 57, 62, 84, 24, 44, 59, 60, 68, 47, 65, 66, 73, 81, 82, 86, 72, 80, 79, 69, 91, 70, 88, 104, 87, 95, 98, 96, 100, 11, 97, 30, 0, 2, 1, 6, 63, 106, 101, 121, 120, 114, 107, 41, 43, 27, 29, 53, 117, 55, 77, 75, 50, 64, 111, 9, 108, 110, 52, 132, 131, 25, 143]",False,complete,82,82,3361,0,1379,1,1378,1378,,False,,,,,,,2,121,19,121,21,21,19,21
3,20487,36,70,79,"[7, 8, 10, 12, 13, 14, 15, 16, 17, 18, 25, 26, 28, 31, 32, 35, 36, 40, 42, 48, 58, 61, 67, 71, 74, 76, 78, 83, 85, 89, 90, 92, 93, 94, 99, 102, 103, 105, 109, 112, 115, 116, 118, 119, 122, 123, 124, 125, 126, 127, 128, 129, 130, 133, 134, 135, 136, 137, 138, 139, 140, 141, 142, 143, 144, 145, 146, 147, 148, 149]","[0, 1, 2, 3, 4, 5, 6, 9, 11, 19, 20, 21, 22, 23, 24, 27, 29, 30, 33, 34, 37, 38, 39, 41, 43, 44, 45, 46, 47, 49, 50, 51, 52, 53, 54, 55, 56, 57, 59, 60, 62, 63, 64, 65, 66, 68, 69, 70, 72, 73, 75, 77, 79, 80, 81, 82, 84, 86, 87, 88, 91, 95, 96, 97, 98, 100, 101, 104, 106, 107, 108, 110, 111, 114, 117, 120, 121, 131, 132]","{""support_1"": 106, ""support_2"": 111}","[106, 111]",2,"[17, 122, 18, 32, 137, 138, 140, 139, 13, 14, 116, 118, 136, 112, 36, 135, 26, 28, 105, 99, 148, 115, 149, 145, 144, 146, 147, 12, 58, 71, 134, 109, 48, 67, 61, 78, 10, 133, 129, 93, 85, 130, 76, 128, 31, 94, 74, 127, 89, 126, 35, 7, 83, 142, 92, 124, 123, 125, 141, 119, 8, 15, 90, 102, 103, 16, 40, 42, 143, 25, 131, 132, 52, 110, 108, 9, 111, 64, 50, 75, 53, 77, 55, 117, 41, 27, 43, 29, 107, 114, 120, 121, 101, 106, 63, 6, 1, 2, 0, 30, 97, 11, 100, 96, 98, 95, 87, 104, 88, 70, 91, 69, 79, 80, 72, 86, 82, 81, 73, 66, 65, 47, 68, 60, 59, 44, 24, 84, 62, 57, 54, 51, 46, 49, 45, 56, 38, 23, 39, 34, 33, 21, 37, 20, 19, 5, 4, 22, 3]",True,13261793845,13.261793845,"[131, 132, 54, 110, 108, 9, 111, 64, 50, 53, 117, 77, 55, 75, 27, 43, 41, 29, 107, 114, 120, 121, 101, 106, 63, 6, 1, 2, 0, 30, 97, 11, 100, 96, 98, 95, 87, 104, 88, 70, 91, 69, 79, 80, 72, 86, 82, 81, 73, 66, 65, 47, 68, 60, 59, 44, 24, 84, 62, 57, 52, 51, 46, 49, 45, 56, 38, 23, 39, 34, 33, 21, 37, 20, 19, 5, 4, 22, 3]","[3, 22, 4, 5, 19, 20, 37, 21, 33, 34, 39, 23, 38, 56, 45, 49, 46, 51, 52, 57, 62, 84, 24, 44, 59, 60, 68, 47, 65, 66, 73, 81, 82, 86, 72, 80, 79, 69, 91, 70, 88, 104, 87, 95, 98, 96, 100, 11, 97, 30, 0, 2, 1, 6, 63, 106, 101, 121, 120, 114, 107, 29, 41, 43, 27, 75, 55, 77, 117, 53, 50, 64, 111, 9, 108, 110, 54, 132, 131]",False,complete,80,80,3200,0,1372,1,1371,1371,,False,,,,,,,2,117,19,117,21,21,19,21
3,20488,37,72,77,"[7, 8, 10, 12, 13, 14, 15, 16, 17, 18, 25, 26, 28, 31, 32, 35, 36, 40, 42, 48, 58, 61, 67, 71, 74, 76, 78, 83, 85, 89, 90, 92, 93, 94, 99, 102, 103, 105, 109, 112, 115, 116, 118, 119, 122, 123, 124, 125, 126, 127, 128, 129, 130, 131, 132, 133, 134, 135, 136, 137, 138, 139, 140, 141, 142, 143, 144, 145, 146, 147, 148, 149]","[0, 1, 2, 3, 4, 5, 6, 9, 11, 19, 20, 21, 22, 23, 24, 27, 29, 30, 33, 34, 37, 38, 39, 41, 43, 44, 45, 46, 47, 49, 50, 51, 52, 53, 54, 55, 56, 57, 59, 60, 62, 63, 64, 65, 66, 68, 69, 70, 72, 73, 75, 77, 79, 80, 81, 82, 84, 86, 87, 88, 91, 95, 96, 97, 98, 100, 101, 104, 106, 107, 108, 110, 111, 114, 117, 120, 121]","{""support_1"": 106, ""support_2"": 111}","[106, 111]",2,"[17, 122, 18, 32, 137, 138, 140, 139, 13, 14, 116, 118, 136, 112, 36, 135, 26, 28, 105, 99, 148, 115, 149, 145, 144, 146, 147, 12, 58, 71, 134, 109, 48, 67, 61, 78, 10, 133, 129, 93, 85, 130, 76, 128, 31, 94, 74, 127, 89, 126, 35, 7, 83, 142, 92, 124, 123, 125, 141, 119, 8, 15, 90, 102, 103, 16, 40, 42, 143, 25, 131, 132, 52, 110, 108, 9, 111, 64, 50, 75, 53, 77, 55, 117, 41, 27, 43, 29, 107, 114, 120, 121, 101, 106, 63, 6, 1, 2, 0, 30, 97, 11, 100, 96, 98, 95, 87, 104, 88, 70, 91, 69, 79, 80, 72, 86, 82, 81, 73, 66, 65, 47, 68, 60, 59, 44, 24, 84, 62, 57, 54, 51, 46, 49, 45, 56, 38, 23, 39, 34, 33, 21, 37, 20, 19, 5, 4, 22, 3]",True,12839804398,12.839804398,"[52, 110, 108, 9, 111, 64, 50, 53, 77, 117, 55, 75, 29, 27, 43, 41, 107, 114, 120, 121, 101, 106, 63, 6, 1, 2, 0, 30, 97, 11, 100, 96, 98, 95, 87, 104, 88, 70, 91, 69, 79, 80, 72, 86, 82, 81, 73, 66, 65, 47, 68, 60, 59, 44, 24, 84, 62, 57, 54, 51, 46, 49, 45, 56, 38, 23, 39, 34, 33, 21, 37, 20, 19, 5, 4, 22, 3]","[3, 22, 4, 5, 19, 20, 37, 21, 33, 34, 39, 23, 38, 56, 45, 49, 46, 51, 54, 57, 62, 84, 24, 44, 59, 60, 68, 47, 65, 66, 73, 81, 82, 86, 72, 80, 79, 69, 91, 70, 88, 104, 87, 95, 98, 96, 100, 11, 97, 30, 0, 2, 1, 6, 63, 106, 101, 121, 120, 114, 107, 41, 43, 27, 29, 75, 55, 117, 77, 53, 50, 64, 111, 9, 108, 110, 52]",False,complete,78,78,3043,0,1360,1,1359,1359,,False,,,,,,,2,113,19,113,21,21,19,21
3,20489,38,74,75,"[7, 8, 10, 12, 13, 14, 15, 16, 17, 18, 25, 26, 28, 31, 32, 35, 36, 40, 42, 48, 52, 58, 61, 67, 71, 74, 76, 78, 83, 85, 89, 90, 92, 93, 94, 99, 102, 103, 105, 109, 110, 112, 115, 116, 118, 119, 122, 123, 124, 125, 126, 127, 128, 129, 130, 131, 132, 133, 134, 135, 136, 137, 138, 139, 140, 141, 142, 143, 144, 145, 146, 147, 148, 149]","[0, 1, 2, 3, 4, 5, 6, 9, 11, 19, 20, 21, 22, 23, 24, 27, 29, 30, 33, 34, 37, 38, 39, 41, 43, 44, 45, 46, 47, 49, 50, 51, 53, 54, 55, 56, 57, 59, 60, 62, 63, 64, 65, 66, 68, 69, 70, 72, 73, 75, 77, 79, 80, 81, 82, 84, 86, 87, 88, 91, 95, 96, 97, 98, 100, 101, 104, 106, 107, 108, 111, 114, 117, 120, 121]","{""support_1"": 106, ""support_2"": 111}","[106, 111]",2,"[17, 122, 18, 32, 137, 138, 140, 139, 13, 14, 116, 118, 136, 112, 36, 135, 26, 28, 105, 99, 148, 115, 149, 145, 144, 146, 147, 12, 58, 71, 134, 109, 48, 67, 61, 78, 10, 133, 129, 93, 85, 130, 76, 128, 31, 94, 74, 127, 89, 126, 35, 7, 83, 142, 92, 124, 123, 125, 141, 119, 8, 15, 90, 102, 103, 16, 40, 42, 143, 25, 131, 132, 52, 110, 108, 9, 111, 64, 50, 75, 53, 77, 55, 117, 41, 27, 43, 29, 107, 114, 120, 121, 101, 106, 63, 6, 1, 2, 0, 30, 97, 11, 100, 96, 98, 95, 87, 104, 88, 70, 91, 69, 79, 80, 72, 86, 82, 81, 73, 66, 65, 47, 68, 60, 59, 44, 24, 84, 62, 57, 54, 51, 46, 49, 45, 56, 38, 23, 39, 34, 33, 21, 37, 20, 19, 5, 4, 22, 3]",True,13058278192,13.058278192,"[108, 9, 111, 64, 50, 53, 55, 75, 77, 117, 27, 41, 43, 29, 107, 114, 120, 121, 101, 106, 63, 6, 1, 2, 0, 30, 97, 11, 100, 96, 98, 95, 87, 104, 88, 70, 91, 69, 79, 80, 72, 86, 82, 81, 73, 66, 65, 47, 68, 60, 59, 44, 24, 84, 62, 57, 54, 51, 46, 49, 45, 56, 38, 23, 39, 34, 33, 21, 37, 20, 19, 5, 4, 22, 3]","[3, 22, 4, 5, 19, 20, 37, 21, 33, 34, 39, 23, 38, 56, 45, 49, 46, 51, 54, 57, 62, 84, 24, 44, 59, 60, 68, 47, 65, 66, 73, 81, 82, 86, 72, 80, 79, 69, 91, 70, 88, 104, 87, 95, 98, 96, 100, 11, 97, 30, 0, 2, 1, 6, 63, 106, 101, 121, 120, 114, 107, 29, 43, 41, 27, 117, 77, 75, 55, 53, 50, 64, 111, 9, 108]",False,complete,76,76,2890,0,1344,1,1343,1343,,False,,,,,,,2,109,19,109,21,21,19,21
3,20490,39,76,73,"[7, 8, 9, 10, 12, 13, 14, 15, 16, 17, 18, 25, 26, 28, 31, 32, 35, 36, 40, 42, 48, 52, 58, 61, 67, 71, 74, 76, 78, 83, 85, 89, 90, 92, 93, 94, 99, 102, 103, 105, 108, 109, 110, 112, 115, 116, 118, 119, 122, 123, 124, 125, 126, 127, 128, 129, 130, 131, 132, 133, 134, 135, 136, 137, 138, 139, 140, 141, 142, 143, 144, 145, 146, 147, 148, 149]","[0, 1, 2, 3, 4, 5, 6, 11, 19, 20, 21, 22, 23, 24, 27, 29, 30, 33, 34, 37, 38, 39, 41, 43, 44, 45, 46, 47, 49, 50, 51, 53, 54, 55, 56, 57, 59, 60, 62, 63, 64, 65, 66, 68, 69, 70, 72, 73, 75, 77, 79, 80, 81, 82, 84, 86, 87, 88, 91, 95, 96, 97, 98, 100, 101, 104, 106, 107, 111, 114, 117, 120, 121]","{""support_1"": 106, ""support_2"": 111}","[106, 111]",2,"[17, 122, 18, 32, 137, 138, 140, 139, 13, 14, 116, 118, 136, 112, 36, 135, 26, 28, 105, 99, 148, 115, 149, 145, 144, 146, 147, 12, 58, 71, 134, 109, 48, 67, 61, 78, 10, 133, 129, 93, 85, 130, 76, 128, 31, 94, 74, 127, 89, 126, 35, 7, 83, 142, 92, 124, 123, 125, 141, 119, 8, 15, 90, 102, 103, 16, 40, 42, 143, 25, 131, 132, 52, 110, 108, 9, 111, 64, 50, 75, 53, 77, 55, 117, 41, 27, 43, 29, 107, 114, 120, 121, 101, 106, 63, 6, 1, 2, 0, 30, 97, 11, 100, 96, 98, 95, 87, 104, 88, 70, 91, 69, 79, 80, 72, 86, 82, 81, 73, 66, 65, 47, 68, 60, 59, 44, 24, 84, 62, 57, 54, 51, 46, 49, 45, 56, 38, 23, 39, 34, 33, 21, 37, 20, 19, 5, 4, 22, 3]",True,12532805724,12.532805724,"[111, 64, 50, 117, 77, 53, 55, 75, 41, 29, 43, 27, 107, 114, 120, 121, 101, 106, 63, 6, 1, 2, 0, 30, 97, 11, 100, 96, 98, 95, 87, 104, 88, 70, 91, 69, 79, 80, 72, 86, 82, 81, 73, 66, 65, 47, 68, 60, 59, 44, 24, 84, 62, 57, 54, 51, 46, 49, 45, 56, 38, 23, 39, 34, 33, 21, 37, 20, 19, 5, 4, 22, 3]","[3, 22, 4, 5, 19, 20, 37, 21, 33, 34, 39, 23, 38, 56, 45, 49, 46, 51, 54, 57, 62, 84, 24, 44, 59, 60, 68, 47, 65, 66, 73, 81, 82, 86, 72, 80, 79, 69, 91, 70, 88, 104, 87, 95, 98, 96, 100, 11, 97, 30, 0, 2, 1, 6, 63, 106, 101, 121, 120, 114, 107, 27, 43, 29, 41, 75, 55, 53, 77, 117, 50, 64, 111]",False,complete,74,74,2741,0,1339,1,1338,1338,,False,,,,,,,2,105,19,105,20,20,19,21
3,20491,40,78,71,"[7, 8, 9, 10, 12, 13, 14, 15, 16, 17, 18, 25, 26, 28, 31, 32, 35, 36, 40, 42, 48, 52, 58, 61, 64, 67, 71, 74, 76, 78, 83, 85, 89, 90, 92, 93, 94, 99, 102, 103, 105, 108, 109, 110, 111, 112, 115, 116, 118, 119, 122, 123, 124, 125, 126, 127, 128, 129, 130, 131, 132, 133, 134, 135, 136, 137, 138, 139, 140, 141, 142, 143, 144, 145, 146, 147, 148, 149]","[0, 1, 2, 3, 4, 5, 6, 11, 19, 20, 21, 22, 23, 24, 27, 29, 30, 33, 34, 37, 38, 39, 41, 43, 44, 45, 46, 47, 49, 50, 51, 53, 54, 55, 56, 57, 59, 60, 62, 63, 65, 66, 68, 69, 70, 72, 73, 75, 77, 79, 80, 81, 82, 84, 86, 87, 88, 91, 95, 96, 97, 98, 100, 101, 104, 106, 107, 114, 117, 120, 121]","{""support_1"": 106}",[106],1,"[17, 122, 18, 32, 137, 138, 140, 139, 13, 14, 116, 118, 136, 112, 36, 135, 26, 28, 105, 99, 148, 115, 149, 145, 144, 146, 147, 12, 58, 71, 134, 109, 48, 67, 61, 78, 10, 133, 129, 93, 85, 130, 76, 128, 31, 94, 74, 127, 89, 126, 35, 7, 83, 142, 92, 124, 123, 125, 141, 119, 8, 15, 90, 102, 103, 16, 40, 42, 143, 25, 131, 132, 52, 110, 108, 9, 111, 64, 50, 75, 53, 77, 55, 117, 41, 27, 43, 29, 107, 114, 120, 121, 101, 106, 63, 6, 1, 2, 0, 30, 97, 11, 100, 96, 98, 95, 87, 104, 88, 70, 91, 69, 79, 80, 72, 86, 82, 81, 73, 66, 65, 47, 68, 60, 59, 44, 24, 84, 62, 57, 54, 51, 46, 49, 45, 56, 38, 23, 39, 34, 33, 21, 37, 20, 19, 5, 4, 22, 3]",True,12391547029,12.391547029,"[50, 53, 75, 77, 55, 117, 29, 41, 43, 27, 107, 114, 120, 121, 101, 106, 63, 6, 1, 2, 0, 30, 97, 11, 100, 96, 98, 95, 87, 104, 88, 70, 91, 69, 79, 80, 72, 86, 82, 81, 73, 66, 65, 47, 68, 60, 59, 44, 24, 84, 62, 57, 54, 51, 46, 49, 45, 56, 38, 23, 39, 34, 33, 21, 37, 20, 19, 5, 4, 22, 3]","[3, 22, 4, 5, 19, 20, 37, 21, 33, 34, 39, 23, 38, 56, 45, 49, 46, 51, 54, 57, 62, 84, 24, 44, 59, 60, 68, 47, 65, 66, 73, 81, 82, 86, 72, 80, 79, 69, 91, 70, 88, 104, 87, 95, 98, 96, 100, 11, 97, 30, 0, 2, 1, 6, 63, 106, 101, 121, 120, 114, 107, 27, 43, 41, 29, 117, 55, 77, 75, 53, 50]",False,complete,72,72,2596,0,1322,1,1321,1321,,False,,,,,,,2,103,19,103,20,20,19,20
3,20492,41,80,69,"[7, 8, 9, 10, 12, 13, 14, 15, 16, 17, 18, 25, 26, 28, 31, 32, 35, 36, 40, 42, 48, 50, 52, 58, 61, 64, 67, 71, 74, 75, 76, 78, 83, 85, 89, 90, 92, 93, 94, 99, 102, 103, 105, 108, 109, 110, 111, 112, 115, 116, 118, 119, 122, 123, 124, 125, 126, 127, 128, 129, 130, 131, 132, 133, 134, 135, 136, 137, 138, 139, 140, 141, 142, 143, 144, 145, 146, 147, 148, 149]","[0, 1, 2, 3, 4, 5, 6, 11, 19, 20, 21, 22, 23, 24, 27, 29, 30, 33, 34, 37, 38, 39, 41, 43, 44, 45, 46, 47, 49, 51, 53, 54, 55, 56, 57, 59, 60, 62, 63, 65, 66, 68, 69, 70, 72, 73, 77, 79, 80, 81, 82, 84, 86, 87, 88, 91, 95, 96, 97, 98, 100, 101, 104, 106, 107, 114, 117, 120, 121]","{""support_1"": 106}",[106],1,"[17, 122, 18, 32, 137, 138, 140, 139, 13, 14, 116, 118, 136, 112, 36, 135, 26, 28, 105, 99, 148, 115, 149, 145, 144, 146, 147, 12, 58, 71, 134, 109, 48, 67, 61, 78, 10, 133, 129, 93, 85, 130, 76, 128, 31, 94, 74, 127, 89, 126, 35, 7, 83, 142, 92, 124, 123, 125, 141, 119, 8, 15, 90, 102, 103, 16, 40, 42, 143, 25, 131, 132, 52, 110, 108, 9, 111, 64, 50, 75, 53, 77, 55, 117, 41, 27, 43, 29, 107, 114, 120, 121, 101, 106, 63, 6, 1, 2, 0, 30, 97, 11, 100, 96, 98, 95, 87, 104, 88, 70, 91, 69, 79, 80, 72, 86, 82, 81, 73, 66, 65, 47, 68, 60, 59, 44, 24, 84, 62, 57, 54, 51, 46, 49, 45, 56, 38, 23, 39, 34, 33, 21, 37, 20, 19, 5, 4, 22, 3]",True,11657427749,11.657427749,"[53, 77, 55, 117, 43, 29, 41, 27, 107, 114, 120, 121, 101, 106, 63, 6, 1, 2, 0, 30, 97, 11, 100, 96, 98, 95, 87, 104, 88, 70, 91, 69, 79, 80, 72, 86, 82, 81, 73, 66, 65, 47, 68, 60, 59, 44, 24, 84, 62, 57, 54, 51, 46, 49, 45, 56, 38, 23, 39, 34, 33, 21, 37, 20, 19, 5, 4, 22, 3]","[3, 22, 4, 5, 19, 20, 37, 21, 33, 34, 39, 23, 38, 56, 45, 49, 46, 51, 54, 57, 62, 84, 24, 44, 59, 60, 68, 47, 65, 66, 73, 81, 82, 86, 72, 80, 79, 69, 91, 70, 88, 104, 87, 95, 98, 96, 100, 11, 97, 30, 0, 2, 1, 6, 63, 106, 101, 121, 120, 114, 107, 27, 41, 29, 43, 117, 55, 77, 53]",False,complete,70,70,2455,0,1283,1,1282,1282,,False,,,,,,,2,101,19,101,20,20,19,20
3,20493,42,82,67,"[7, 8, 9, 10, 12, 13, 14, 15, 16, 17, 18, 25, 26, 28, 31, 32, 35, 36, 40, 42, 48, 50, 52, 53, 58, 61, 64, 67, 71, 74, 75, 76, 77, 78, 83, 85, 89, 90, 92, 93, 94, 99, 102, 103, 105, 108, 109, 110, 111, 112, 115, 116, 118, 119, 122, 123, 124, 125, 126, 127, 128, 129, 130, 131, 132, 133, 134, 135, 136, 137, 138, 139, 140, 141, 142, 143, 144, 145, 146, 147, 148, 149]","[0, 1, 2, 3, 4, 5, 6, 11, 19, 20, 21, 22, 23, 24, 27, 29, 30, 33, 34, 37, 38, 39, 41, 43, 44, 45, 46, 47, 49, 51, 54, 55, 56, 57, 59, 60, 62, 63, 65, 66, 68, 69, 70, 72, 73, 79, 80, 81, 82, 84, 86, 87, 88, 91, 95, 96, 97, 98, 100, 101, 104, 106, 107, 114, 117, 120, 121]","{""support_1"": 106}",[106],1,"[17, 122, 18, 32, 137, 138, 140, 139, 13, 14, 116, 118, 136, 112, 36, 135, 26, 28, 105, 99, 148, 115, 149, 145, 144, 146, 147, 12, 58, 71, 134, 109, 48, 67, 61, 78, 10, 133, 129, 93, 85, 130, 76, 128, 31, 94, 74, 127, 89, 126, 35, 7, 83, 142, 92, 124, 123, 125, 141, 119, 8, 15, 90, 102, 103, 16, 40, 42, 143, 25, 131, 132, 52, 110, 108, 9, 111, 64, 50, 75, 53, 77, 55, 117, 41, 27, 43, 29, 107, 114, 120, 121, 101, 106, 63, 6, 1, 2, 0, 30, 97, 11, 100, 96, 98, 95, 87, 104, 88, 70, 91, 69, 79, 80, 72, 86, 82, 81, 73, 66, 65, 47, 68, 60, 59, 44, 24, 84, 62, 57, 54, 51, 46, 49, 45, 56, 38, 23, 39, 34, 33, 21, 37, 20, 19, 5, 4, 22, 3]",True,11225704614,11.225704614,"[117, 55, 27, 41, 29, 43, 107, 114, 120, 121, 101, 106, 63, 6, 1, 2, 0, 30, 97, 11, 100, 96, 98, 95, 87, 104, 88, 70, 91, 69, 79, 80, 72, 86, 82, 81, 73, 66, 65, 47, 68, 60, 59, 44, 24, 84, 62, 57, 54, 51, 46, 49, 45, 56, 38, 23, 39, 34, 33, 21, 37, 20, 19, 5, 4, 22, 3]","[3, 22, 4, 5, 19, 20, 37, 21, 33, 34, 39, 23, 38, 56, 45, 49, 46, 51, 54, 57, 62, 84, 24, 44, 59, 60, 68, 47, 65, 66, 73, 81, 82, 86, 72, 80, 79, 69, 91, 70, 88, 104, 87, 95, 98, 96, 100, 11, 97, 30, 0, 2, 1, 6, 63, 106, 101, 121, 120, 114, 107, 43, 29, 41, 27, 55, 117]",False,complete,68,68,2318,0,1230,1,1229,1229,,False,,,,,,,2,99,19,99,20,20,19,20
3,20494,43,84,65,"[7, 8, 9, 10, 12, 13, 14, 15, 16, 17, 18, 25, 26, 28, 31, 32, 35, 36, 40, 42, 48, 50, 52, 53, 55, 58, 61, 64, 67, 71, 74, 75, 76, 77, 78, 83, 85, 89, 90, 92, 93, 94, 99, 102, 103, 105, 108, 109, 110, 111, 112, 115, 116, 117, 118, 119, 122, 123, 124, 125, 126, 127, 128, 129, 130, 131, 132, 133, 134, 135, 136, 137, 138, 139, 140, 141, 142, 143, 144, 145, 146, 147, 148, 149]","[0, 1, 2, 3, 4, 5, 6, 11, 19, 20, 21, 22, 23, 24, 27, 29, 30, 33, 34, 37, 38, 39, 41, 43, 44, 45, 46, 47, 49, 51, 54, 56, 57, 59, 60, 62, 63, 65, 66, 68, 69, 70, 72, 73, 79, 80, 81, 82, 84, 86, 87, 88, 91, 95, 96, 97, 98, 100, 101, 104, 106, 107, 114, 120, 121]","{""support_1"": 106}",[106],1,"[17, 122, 18, 32, 137, 138, 140, 139, 13, 14, 116, 118, 136, 112, 36, 135, 26, 28, 105, 99, 148, 115, 149, 145, 144, 146, 147, 12, 58, 71, 134, 109, 48, 67, 61, 78, 10, 133, 129, 93, 85, 130, 76, 128, 31, 94, 74, 127, 89, 126, 35, 7, 83, 142, 92, 124, 123, 125, 141, 119, 8, 15, 90, 102, 103, 16, 40, 42, 143, 25, 131, 132, 52, 110, 108, 9, 111, 64, 50, 75, 53, 77, 55, 117, 41, 27, 43, 29, 107, 114, 120, 121, 101, 106, 63, 6, 1, 2, 0, 30, 97, 11, 100, 96, 98, 95, 87, 104, 88, 70, 91, 69, 79, 80, 72, 86, 82, 81, 73, 66, 65, 47, 68, 60, 59, 44, 24, 84, 62, 57, 54, 51, 46, 49, 45, 56, 38, 23, 39, 34, 33, 21, 37, 20, 19, 5, 4, 22, 3]",True,10241927793,10.241927793,"[27, 29, 41, 43, 107, 114, 120, 121, 101, 106, 63, 6, 1, 2, 0, 30, 97, 11, 100, 96, 98, 95, 87, 104, 88, 70, 91, 69, 79, 80, 72, 86, 82, 81, 73, 66, 65, 47, 68, 60, 59, 44, 24, 84, 62, 57, 54, 51, 46, 49, 45, 56, 38, 23, 39, 34, 33, 21, 37, 20, 19, 5, 4, 22, 3]","[3, 22, 4, 5, 19, 20, 37, 21, 33, 34, 39, 23, 38, 56, 45, 49, 46, 51, 54, 57, 62, 84, 24, 44, 59, 60, 68, 47, 65, 66, 73, 81, 82, 86, 72, 80, 79, 69, 91, 70, 88, 104, 87, 95, 98, 96, 100, 11, 97, 30, 0, 2, 1, 6, 63, 106, 101, 121, 120, 114, 107, 43, 41, 29, 27]",False,complete,66,66,2185,0,1175,1,1174,1174,,False,,,,,,,2,97,19,97,20,20,19,20
3,20495,44,86,63,"[7, 8, 9, 10, 12, 13, 14, 15, 16, 17, 18, 25, 26, 27, 28, 31, 32, 35, 36, 40, 41, 42, 48, 50, 52, 53, 55, 58, 61, 64, 67, 71, 74, 75, 76, 77, 78, 83, 85, 89, 90, 92, 93, 94, 99, 102, 103, 105, 108, 109, 110, 111, 112, 115, 116, 117, 118, 119, 122, 123, 124, 125, 126, 127, 128, 129, 130, 131, 132, 133, 134, 135, 136, 137, 138, 139, 140, 141, 142, 143, 144, 145, 146, 147, 148, 149]","[0, 1, 2, 3, 4, 5, 6, 11, 19, 20, 21, 22, 23, 24, 29, 30, 33, 34, 37, 38, 39, 43, 44, 45, 46, 47, 49, 51, 54, 56, 57, 59, 60, 62, 63, 65, 66, 68, 69, 70, 72, 73, 79, 80, 81, 82, 84, 86, 87, 88, 91, 95, 96, 97, 98, 100, 101, 104, 106, 107, 114, 120, 121]","{""support_1"": 106}",[106],1,"[17, 122, 18, 32, 137, 138, 140, 139, 13, 14, 116, 118, 136, 112, 36, 135, 26, 28, 105, 99, 148, 115, 149, 145, 144, 146, 147, 12, 58, 71, 134, 109, 48, 67, 61, 78, 10, 133, 129, 93, 85, 130, 76, 128, 31, 94, 74, 127, 89, 126, 35, 7, 83, 142, 92, 124, 123, 125, 141, 119, 8, 15, 90, 102, 103, 16, 40, 42, 143, 25, 131, 132, 52, 110, 108, 9, 111, 64, 50, 75, 53, 77, 55, 117, 41, 27, 43, 29, 107, 114, 120, 121, 101, 106, 63, 6, 1, 2, 0, 30, 97, 11, 100, 96, 98, 95, 87, 104, 88, 70, 91, 69, 79, 80, 72, 86, 82, 81, 73, 66, 65, 47, 68, 60, 59, 44, 24, 84, 62, 57, 54, 51, 46, 49, 45, 56, 38, 23, 39, 34, 33, 21, 37, 20, 19, 5, 4, 22, 3]",True,9912411141,9.912411141,"[29, 43, 107, 114, 120, 121, 101, 106, 63, 6, 1, 2, 0, 30, 97, 11, 100, 96, 98, 95, 87, 104, 88, 70, 91, 69, 79, 80, 72, 86, 82, 81, 73, 66, 65, 47, 68, 60, 59, 44, 24, 84, 62, 57, 54, 51, 46, 49, 45, 56, 38, 23, 39, 34, 33, 21, 37, 20, 19, 5, 4, 22, 3]","[3, 22, 4, 5, 19, 20, 37, 21, 33, 34, 39, 23, 38, 56, 45, 49, 46, 51, 54, 57, 62, 84, 24, 44, 59, 60, 68, 47, 65, 66, 73, 81, 82, 86, 72, 80, 79, 69, 91, 70, 88, 104, 87, 95, 98, 96, 100, 11, 97, 30, 0, 2, 1, 6, 63, 106, 101, 121, 120, 114, 107, 43, 29]",False,complete,64,64,2056,0,1126,1,1125,1125,,False,,,,,,,2,95,19,95,20,20,19,20
3,20496,45,88,61,"[7, 8, 9, 10, 12, 13, 14, 15, 16, 17, 18, 25, 26, 27, 28, 29, 31, 32, 35, 36, 40, 41, 42, 43, 48, 50, 52, 53, 55, 58, 61, 64, 67, 71, 74, 75, 76, 77, 78, 83, 85, 89, 90, 92, 93, 94, 99, 102, 103, 105, 108, 109, 110, 111, 112, 115, 116, 117, 118, 119, 122, 123, 124, 125, 126, 127, 128, 129, 130, 131, 132, 133, 134, 135, 136, 137, 138, 139, 140, 141, 142, 143, 144, 145, 146, 147, 148, 149]","[0, 1, 2, 3, 4, 5, 6, 11, 19, 20, 21, 22, 23, 24, 30, 33, 34, 37, 38, 39, 44, 45, 46, 47, 49, 51, 54, 56, 57, 59, 60, 62, 63, 65, 66, 68, 69, 70, 72, 73, 79, 80, 81, 82, 84, 86, 87, 88, 91, 95, 96, 97, 98, 100, 101, 104, 106, 107, 114, 120, 121]","{""support_1"": 106}",[106],1,"[17, 122, 18, 32, 137, 138, 140, 139, 13, 14, 116, 118, 136, 112, 36, 135, 26, 28, 105, 99, 148, 115, 149, 145, 144, 146, 147, 12, 58, 71, 134, 109, 48, 67, 61, 78, 10, 133, 129, 93, 85, 130, 76, 128, 31, 94, 74, 127, 89, 126, 35, 7, 83, 142, 92, 124, 123, 125, 141, 119, 8, 15, 90, 102, 103, 16, 40, 42, 143, 25, 131, 132, 52, 110, 108, 9, 111, 64, 50, 75, 53, 77, 55, 117, 41, 27, 43, 29, 107, 114, 120, 121, 101, 106, 63, 6, 1, 2, 0, 30, 97, 11, 100, 96, 98, 95, 87, 104, 88, 70, 91, 69, 79, 80, 72, 86, 82, 81, 73, 66, 65, 47, 68, 60, 59, 44, 24, 84, 62, 57, 54, 51, 46, 49, 45, 56, 38, 23, 39, 34, 33, 21, 37, 20, 19, 5, 4, 22, 3]",True,9725155066,9.725155066,"[107, 114, 120, 121, 101, 106, 63, 6, 1, 2, 0, 30, 97, 11, 100, 96, 98, 95, 87, 104, 88, 70, 91, 69, 79, 80, 72, 86, 82, 81, 73, 66, 65, 47, 68, 60, 59, 44, 24, 84, 62, 57, 54, 51, 46, 49, 45, 56, 38, 23, 39, 34, 33, 21, 37, 20, 19, 5, 4, 22, 3]","[3, 22, 4, 5, 19, 20, 37, 21, 33, 34, 39, 23, 38, 56, 45, 49, 46, 51, 54, 57, 62, 84, 24, 44, 59, 60, 68, 47, 65, 66, 73, 81, 82, 86, 72, 80, 79, 69, 91, 70, 88, 104, 87, 95, 98, 96, 100, 11, 97, 30, 0, 2, 1, 6, 63, 106, 101, 121, 120, 114, 107]",True,complete,62,62,1931,0,1069,1,1068,1068,,False,,,,,,,2,93,19,93,20,20,19,20
3,20497,46,90,59,"[7, 8, 9, 10, 12, 13, 14, 15, 16, 17, 18, 25, 26, 27, 28, 29, 31, 32, 35, 36, 40, 41, 42, 43, 48, 50, 52, 53, 55, 58, 61, 64, 67, 71, 74, 75, 76, 77, 78, 83, 85, 89, 90, 92, 93, 94, 99, 102, 103, 105, 107, 108, 109, 110, 111, 112, 114, 115, 116, 117, 118, 119, 122, 123, 124, 125, 126, 127, 128, 129, 130, 131, 132, 133, 134, 135, 136, 137, 138, 139, 140, 141, 142, 143, 144, 145, 146, 147, 148, 149]","[0, 1, 2, 3, 4, 5, 6, 11, 19, 20, 21, 22, 23, 24, 30, 33, 34, 37, 38, 39, 44, 45, 46, 47, 49, 51, 54, 56, 57, 59, 60, 62, 63, 65, 66, 68, 69, 70, 72, 73, 79, 80, 81, 82, 84, 86, 87, 88, 91, 95, 96, 97, 98, 100, 101, 104, 106, 120, 121]","{""support_1"": 106, ""support_2"": 121}","[106, 121]",2,"[17, 122, 18, 32, 137, 138, 140, 139, 13, 14, 116, 118, 136, 112, 36, 135, 26, 28, 105, 99, 148, 115, 149, 145, 144, 146, 147, 12, 58, 71, 134, 109, 48, 67, 61, 78, 10, 133, 129, 93, 85, 130, 76, 128, 31, 94, 74, 127, 89, 126, 35, 7, 83, 142, 92, 124, 123, 125, 141, 119, 8, 15, 90, 102, 103, 16, 40, 42, 143, 25, 131, 132, 52, 110, 108, 9, 111, 64, 50, 75, 53, 77, 55, 117, 41, 27, 43, 29, 107, 114, 120, 121, 101, 106, 63, 6, 1, 2, 0, 30, 97, 11, 100, 96, 98, 95, 87, 104, 88, 70, 91, 69, 79, 80, 72, 86, 82, 81, 73, 66, 65, 47, 68, 60, 59, 44, 24, 84, 62, 57, 54, 51, 46, 49, 45, 56, 38, 23, 39, 34, 33, 21, 37, 20, 19, 5, 4, 22, 3]",True,7719844899,7.719844899,"[120, 121, 101, 106, 63, 6, 1, 2, 0, 30, 97, 11, 100, 96, 98, 95, 87, 104, 88, 70, 91, 69, 79, 80, 72, 86, 82, 81, 73, 66, 65, 47, 68, 60, 59, 44, 24, 84, 62, 57, 54, 51, 46, 49, 45, 56, 38, 23, 39, 34, 33, 21, 37, 20, 19, 5, 4, 22, 3]","[3, 22, 4, 5, 19, 20, 37, 21, 33, 34, 39, 23, 38, 56, 45, 49, 46, 51, 54, 57, 62, 84, 24, 44, 59, 60, 68, 47, 65, 66, 73, 81, 82, 86, 72, 80, 79, 69, 91, 70, 88, 104, 87, 95, 98, 96, 100, 11, 97, 30, 0, 2, 1, 6, 63, 106, 101, 121, 120]",True,complete,60,60,1810,0,964,1,963,963,,False,,,,,,,2,89,18,89,20,20,18,20
3,20498,47,92,57,"[7, 8, 9, 10, 12, 13, 14, 15, 16, 17, 18, 25, 26, 27, 28, 29, 31, 32, 35, 36, 40, 41, 42, 43, 48, 50, 52, 53, 55, 58, 61, 64, 67, 71, 74, 75, 76, 77, 78, 83, 85, 89, 90, 92, 93, 94, 99, 102, 103, 105, 107, 108, 109, 110, 111, 112, 114, 115, 116, 117, 118, 119, 120, 121, 122, 123, 124, 125, 126, 127, 128, 129, 130, 131, 132, 133, 134, 135, 136, 137, 138, 139, 140, 141, 142, 143, 144, 145, 146, 147, 148, 149]","[0, 1, 2, 3, 4, 5, 6, 11, 19, 20, 21, 22, 23, 24, 30, 33, 34, 37, 38, 39, 44, 45, 46, 47, 49, 51, 54, 56, 57, 59, 60, 62, 63, 65, 66, 68, 69, 70, 72, 73, 79, 80, 81, 82, 84, 86, 87, 88, 91, 95, 96, 97, 98, 100, 101, 104, 106]","{""support_1"": 106}",[106],1,"[17, 122, 18, 32, 137, 138, 140, 139, 13, 14, 116, 118, 136, 112, 36, 135, 26, 28, 105, 99, 148, 115, 149, 145, 144, 146, 147, 12, 58, 71, 134, 109, 48, 67, 61, 78, 10, 133, 129, 93, 85, 130, 76, 128, 31, 94, 74, 127, 89, 126, 35, 7, 83, 142, 92, 124, 123, 125, 141, 119, 8, 15, 90, 102, 103, 16, 40, 42, 143, 25, 131, 132, 52, 110, 108, 9, 111, 64, 50, 75, 53, 77, 55, 117, 41, 27, 43, 29, 107, 114, 120, 121, 101, 106, 63, 6, 1, 2, 0, 30, 97, 11, 100, 96, 98, 95, 87, 104, 88, 70, 91, 69, 79, 80, 72, 86, 82, 81, 73, 66, 65, 47, 68, 60, 59, 44, 24, 84, 62, 57, 54, 51, 46, 49, 45, 56, 38, 23, 39, 34, 33, 21, 37, 20, 19, 5, 4, 22, 3]",True,7491032948,7.491032948,"[101, 106, 63, 6, 1, 2, 0, 30, 97, 11, 100, 96, 98, 95, 87, 104, 88, 70, 91, 69, 79, 80, 72, 86, 82, 81, 73, 66, 65, 47, 68, 60, 59, 44, 24, 84, 62, 57, 54, 51, 46, 49, 45, 56, 38, 23, 39, 34, 33, 21, 37, 20, 19, 5, 4, 22, 3]","[3, 22, 4, 5, 19, 20, 37, 21, 33, 34, 39, 23, 38, 56, 45, 49, 46, 51, 54, 57, 62, 84, 24, 44, 59, 60, 68, 47, 65, 66, 73, 81, 82, 86, 72, 80, 79, 69, 91, 70, 88, 104, 87, 95, 98, 96, 100, 11, 97, 30, 0, 2, 1, 6, 63, 106, 101]",True,complete,58,58,1693,0,957,1,956,956,,False,,,,,,,2,86,18,86,19,19,18,19
3,20499,48,94,55,"[7, 8, 9, 10, 12, 13, 14, 15, 16, 17, 18, 25, 26, 27, 28, 29, 31, 32, 35, 36, 40, 41, 42, 43, 48, 50, 52, 53, 55, 58, 61, 64, 67, 71, 74, 75, 76, 77, 78, 83, 85, 89, 90, 92, 93, 94, 99, 101, 102, 103, 105, 106, 107, 108, 109, 110, 111, 112, 114, 115, 116, 117, 118, 119, 120, 121, 122, 123, 124, 125, 126, 127, 128, 129, 130, 131, 132, 133, 134, 135, 136, 137, 138, 139, 140, 141, 142, 143, 144, 145, 146, 147, 148, 149]","[0, 1, 2, 3, 4, 5, 6, 11, 19, 20, 21, 22, 23, 24, 30, 33, 34, 37, 38, 39, 44, 45, 46, 47, 49, 51, 54, 56, 57, 59, 60, 62, 63, 65, 66, 68, 69, 70, 72, 73, 79, 80, 81, 82, 84, 86, 87, 88, 91, 95, 96, 97, 98, 100, 104]","{""support_1"": 84}",[84],1,"[17, 122, 18, 32, 137, 138, 140, 139, 13, 14, 116, 118, 136, 112, 36, 135, 26, 28, 105, 99, 148, 115, 149, 145, 144, 146, 147, 12, 58, 71, 134, 109, 48, 67, 61, 78, 10, 133, 129, 93, 85, 130, 76, 128, 31, 94, 74, 127, 89, 126, 35, 7, 83, 142, 92, 124, 123, 125, 141, 119, 8, 15, 90, 102, 103, 16, 40, 42, 143, 25, 131, 132, 52, 110, 108, 9, 111, 64, 50, 75, 53, 77, 55, 117, 41, 27, 43, 29, 107, 114, 120, 121, 101, 106, 63, 6, 1, 2, 0, 30, 97, 11, 100, 96, 98, 95, 87, 104, 88, 70, 91, 69, 79, 80, 72, 86, 82, 81, 73, 66, 65, 47, 68, 60, 59, 44, 24, 84, 62, 57, 54, 51, 46, 49, 45, 56, 38, 23, 39, 34, 33, 21, 37, 20, 19, 5, 4, 22, 3]",True,6832813896,6.832813896,"[63, 6, 1, 2, 0, 30, 97, 11, 100, 96, 98, 95, 87, 104, 88, 70, 91, 69, 79, 80, 72, 86, 82, 81, 73, 66, 65, 47, 68, 60, 59, 44, 24, 84, 62, 57, 54, 51, 46, 49, 45, 56, 38, 23, 39, 34, 33, 21, 37, 20, 19, 5, 4, 22, 3]","[3, 22, 4, 5, 19, 20, 37, 21, 33, 34, 39, 23, 38, 56, 45, 49, 46, 51, 54, 57, 62, 84, 24, 44, 59, 60, 68, 47, 65, 66, 73, 81, 82, 86, 72, 80, 79, 69, 91, 70, 88, 104, 87, 95, 98, 96, 100, 11, 97, 30, 0, 2, 1, 6, 63]",True,complete,56,56,1580,0,894,1,893,893,,False,,,,,,,2,84,17,84,18,18,17,18
3,20500,49,96,53,"[6, 7, 8, 9, 10, 12, 13, 14, 15, 16, 17, 18, 25, 26, 27, 28, 29, 31, 32, 35, 36, 40, 41, 42, 43, 48, 50, 52, 53, 55, 58, 61, 63, 64, 67, 71, 74, 75, 76, 77, 78, 83, 85, 89, 90, 92, 93, 94, 99, 101, 102, 103, 105, 106, 107, 108, 109, 110, 111, 112, 114, 115, 116, 117, 118, 119, 120, 121, 122, 123, 124, 125, 126, 127, 128, 129, 130, 131, 132, 133, 134, 135, 136, 137, 138, 139, 140, 141, 142, 143, 144, 145, 146, 147, 148, 149]","[0, 1, 2, 3, 4, 5, 11, 19, 20, 21, 22, 23, 24, 30, 33, 34, 37, 38, 39, 44, 45, 46, 47, 49, 51, 54, 56, 57, 59, 60, 62, 65, 66, 68, 69, 70, 72, 73, 79, 80, 81, 82, 84, 86, 87, 88, 91, 95, 96, 97, 98, 100, 104]","{""support_1"": 84, ""support_2"": 2}","[2, 84]",2,"[17, 122, 18, 32, 137, 138, 140, 139, 13, 14, 116, 118, 136, 112, 36, 135, 26, 28, 105, 99, 148, 115, 149, 145, 144, 146, 147, 12, 58, 71, 134, 109, 48, 67, 61, 78, 10, 133, 129, 93, 85, 130, 76, 128, 31, 94, 74, 127, 89, 126, 35, 7, 83, 142, 92, 124, 123, 125, 141, 119, 8, 15, 90, 102, 103, 16, 40, 42, 143, 25, 131, 132, 52, 110, 108, 9, 111, 64, 50, 75, 53, 77, 55, 117, 41, 27, 43, 29, 107, 114, 120, 121, 101, 106, 63, 6, 1, 2, 0, 30, 97, 11, 100, 96, 98, 95, 87, 104, 88, 70, 91, 69, 79, 80, 72, 86, 82, 81, 73, 66, 65, 47, 68, 60, 59, 44, 24, 84, 62, 57, 54, 51, 46, 49, 45, 56, 38, 23, 39, 34, 33, 21, 37, 20, 19, 5, 4, 22, 3]",True,5678199554,5.678199554,"[1, 2, 0, 30, 97, 11, 100, 96, 98, 95, 87, 104, 88, 70, 91, 69, 79, 80, 72, 86, 82, 81, 73, 66, 65, 47, 68, 60, 59, 44, 24, 84, 62, 57, 54, 51, 46, 49, 45, 56, 38, 23, 39, 34, 33, 21, 37, 20, 19, 5, 4, 22, 3]","[3, 22, 4, 5, 19, 20, 37, 21, 33, 34, 39, 23, 38, 56, 45, 49, 46, 51, 54, 57, 62, 84, 24, 44, 59, 60, 68, 47, 65, 66, 73, 81, 82, 86, 72, 80, 79, 69, 91, 70, 88, 104, 87, 95, 98, 96, 100, 11, 97, 30, 0, 2, 1]",True,complete,54,54,1471,0,801,1,800,800,,False,,,,,,,2,81,16,81,18,18,16,18
3,20501,50,98,51,"[1, 2, 6, 7, 8, 9, 10, 12, 13, 14, 15, 16, 17, 18, 25, 26, 27, 28, 29, 31, 32, 35, 36, 40, 41, 42, 43, 48, 50, 52, 53, 55, 58, 61, 63, 64, 67, 71, 74, 75, 76, 77, 78, 83, 85, 89, 90, 92, 93, 94, 99, 101, 102, 103, 105, 106, 107, 108, 109, 110, 111, 112, 114, 115, 116, 117, 118, 119, 120, 121, 122, 123, 124, 125, 126, 127, 128, 129, 130, 131, 132, 133, 134, 135, 136, 137, 138, 139, 140, 141, 142, 143, 144, 145, 146, 147, 148, 149]","[0, 3, 4, 5, 11, 19, 20, 21, 22, 23, 24, 30, 33, 34, 37, 38, 39, 44, 45, 46, 47, 49, 51, 54, 56, 57, 59, 60, 62, 65, 66, 68, 69, 70, 72, 73, 79, 80, 81, 82, 84, 86, 87, 88, 91, 95, 96, 97, 98, 100, 104]","{""support_1"": 84}",[84],1,"[17, 122, 18, 32, 137, 138, 140, 139, 13, 14, 116, 118, 136, 112, 36, 135, 26, 28, 105, 99, 148, 115, 149, 145, 144, 146, 147, 12, 58, 71, 134, 109, 48, 67, 61, 78, 10, 133, 129, 93, 85, 130, 76, 128, 31, 94, 74, 127, 89, 126, 35, 7, 83, 142, 92, 124, 123, 125, 141, 119, 8, 15, 90, 102, 103, 16, 40, 42, 143, 25, 131, 132, 52, 110, 108, 9, 111, 64, 50, 75, 53, 77, 55, 117, 41, 27, 43, 29, 107, 114, 120, 121, 101, 106, 63, 6, 1, 2, 0, 30, 97, 11, 100, 96, 98, 95, 87, 104, 88, 70, 91, 69, 79, 80, 72, 86, 82, 81, 73, 66, 65, 47, 68, 60, 59, 44, 24, 84, 62, 57, 54, 51, 46, 49, 45, 56, 38, 23, 39, 34, 33, 21, 37, 20, 19, 5, 4, 22, 3]",True,5594864914,5.594864914,"[0, 30, 97, 11, 100, 96, 98, 95, 87, 104, 88, 70, 91, 69, 79, 80, 72, 86, 82, 81, 73, 66, 65, 47, 68, 60, 59, 44, 24, 84, 62, 57, 54, 51, 46, 49, 45, 56, 38, 23, 39, 34, 33, 21, 37, 20, 19, 5, 4, 22, 3]","[3, 22, 4, 5, 19, 20, 37, 21, 33, 34, 39, 23, 38, 56, 45, 49, 46, 51, 54, 57, 62, 84, 24, 44, 59, 60, 68, 47, 65, 66, 73, 81, 82, 86, 72, 80, 79, 69, 91, 70, 88, 104, 87, 95, 98, 96, 100, 11, 97, 30, 0]",True,complete,52,52,1366,0,793,1,792,792,,False,,,,,,,2,78,16,78,17,17,16,17
3,20502,51,100,49,"[0, 1, 2, 6, 7, 8, 9, 10, 12, 13, 14, 15, 16, 17, 18, 25, 26, 27, 28, 29, 30, 31, 32, 35, 36, 40, 41, 42, 43, 48, 50, 52, 53, 55, 58, 61, 63, 64, 67, 71, 74, 75, 76, 77, 78, 83, 85, 89, 90, 92, 93, 94, 99, 101, 102, 103, 105, 106, 107, 108, 109, 110, 111, 112, 114, 115, 116, 117, 118, 119, 120, 121, 122, 123, 124, 125, 126, 127, 128, 129, 130, 131, 132, 133, 134, 135, 136, 137, 138, 139, 140, 141, 142, 143, 144, 145, 146, 147, 148, 149]","[3, 4, 5, 11, 19, 20, 21, 22, 23, 24, 33, 34, 37, 38, 39, 44, 45, 46, 47, 49, 51, 54, 56, 57, 59, 60, 62, 65, 66, 68, 69, 70, 72, 73, 79, 80, 81, 82, 84, 86, 87, 88, 91, 95, 96, 97, 98, 100, 104]","{""support_1"": 84, ""support_2"": 98}","[84, 98]",2,"[17, 122, 18, 32, 137, 138, 140, 139, 13, 14, 116, 118, 136, 112, 36, 135, 26, 28, 105, 99, 148, 115, 149, 145, 144, 146, 147, 12, 58, 71, 134, 109, 48, 67, 61, 78, 10, 133, 129, 93, 85, 130, 76, 128, 31, 94, 74, 127, 89, 126, 35, 7, 83, 142, 92, 124, 123, 125, 141, 119, 8, 15, 90, 102, 103, 16, 40, 42, 143, 25, 131, 132, 52, 110, 108, 9, 111, 64, 50, 75, 53, 77, 55, 117, 41, 27, 43, 29, 107, 114, 120, 121, 101, 106, 63, 6, 1, 2, 0, 30, 97, 11, 100, 96, 98, 95, 87, 104, 88, 70, 91, 69, 79, 80, 72, 86, 82, 81, 73, 66, 65, 47, 68, 60, 59, 44, 24, 84, 62, 57, 54, 51, 46, 49, 45, 56, 38, 23, 39, 34, 33, 21, 37, 20, 19, 5, 4, 22, 3]",True,4702510338,4.702510338,"[97, 11, 100, 96, 98, 95, 87, 104, 88, 70, 91, 69, 79, 80, 72, 86, 82, 81, 73, 66, 65, 47, 68, 60, 59, 44, 24, 84, 62, 57, 54, 51, 46, 49, 45, 56, 38, 23, 39, 34, 33, 21, 37, 20, 19, 5, 4, 22, 3]","[3, 22, 4, 5, 19, 20, 37, 21, 33, 34, 39, 23, 38, 56, 45, 49, 46, 51, 54, 57, 62, 84, 24, 44, 59, 60, 68, 47, 65, 66, 73, 81, 82, 86, 72, 80, 79, 69, 91, 70, 88, 104, 87, 95, 98, 96, 100, 11, 97]",True,complete,50,50,1265,0,707,1,706,706,,False,,,,,,,2,75,15,75,17,17,15,17
3,20503,52,102,47,"[0, 1, 2, 6, 7, 8, 9, 10, 11, 12, 13, 14, 15, 16, 17, 18, 25, 26, 27, 28, 29, 30, 31, 32, 35, 36, 40, 41, 42, 43, 48, 50, 52, 53, 55, 58, 61, 63, 64, 67, 71, 74, 75, 76, 77, 78, 83, 85, 89, 90, 92, 93, 94, 97, 99, 101, 102, 103, 105, 106, 107, 108, 109, 110, 111, 112, 114, 115, 116, 117, 118, 119, 120, 121, 122, 123, 124, 125, 126, 127, 128, 129, 130, 131, 132, 133, 134, 135, 136, 137, 138, 139, 140, 141, 142, 143, 144, 145, 146, 147, 148, 149]","[3, 4, 5, 19, 20, 21, 22, 23, 24, 33, 34, 37, 38, 39, 44, 45, 46, 47, 49, 51, 54, 56, 57, 59, 60, 62, 65, 66, 68, 69, 70, 72, 73, 79, 80, 81, 82, 84, 86, 87, 88, 91, 95, 96, 98, 100, 104]","{""support_1"": 84, ""support_2"": 98}","[84, 98]",2,"[17, 122, 18, 32, 137, 138, 140, 139, 13, 14, 116, 118, 136, 112, 36, 135, 26, 28, 105, 99, 148, 115, 149, 145, 144, 146, 147, 12, 58, 71, 134, 109, 48, 67, 61, 78, 10, 133, 129, 93, 85, 130, 76, 128, 31, 94, 74, 127, 89, 126, 35, 7, 83, 142, 92, 124, 123, 125, 141, 119, 8, 15, 90, 102, 103, 16, 40, 42, 143, 25, 131, 132, 52, 110, 108, 9, 111, 64, 50, 75, 53, 77, 55, 117, 41, 27, 43, 29, 107, 114, 120, 121, 101, 106, 63, 6, 1, 2, 0, 30, 97, 11, 100, 96, 98, 95, 87, 104, 88, 70, 91, 69, 79, 80, 72, 86, 82, 81, 73, 66, 65, 47, 68, 60, 59, 44, 24, 84, 62, 57, 54, 51, 46, 49, 45, 56, 38, 23, 39, 34, 33, 21, 37, 20, 19, 5, 4, 22, 3]",True,4608953213,4.608953213,"[100, 96, 98, 95, 87, 104, 88, 70, 91, 69, 79, 80, 72, 86, 82, 81, 73, 66, 65, 47, 68, 60, 59, 44, 24, 84, 62, 57, 54, 51, 46, 49, 45, 56, 38, 23, 39, 34, 33, 21, 37, 20, 19, 5, 4, 22, 3]","[3, 22, 4, 5, 19, 20, 37, 21, 33, 34, 39, 23, 38, 56, 45, 49, 46, 51, 54, 57, 62, 84, 24, 44, 59, 60, 68, 47, 65, 66, 73, 81, 82, 86, 72, 80, 79, 69, 91, 70, 88, 104, 87, 95, 98, 96, 100]",True,complete,48,48,1168,0,699,1,698,698,,False,,,,,,,2,71,15,71,17,17,15,17
3,20504,53,104,45,"[0, 1, 2, 6, 7, 8, 9, 10, 11, 12, 13, 14, 15, 16, 17, 18, 25, 26, 27, 28, 29, 30, 31, 32, 35, 36, 40, 41, 42, 43, 48, 50, 52, 53, 55, 58, 61, 63, 64, 67, 71, 74, 75, 76, 77, 78, 83, 85, 89, 90, 92, 93, 94, 96, 97, 99, 100, 101, 102, 103, 105, 106, 107, 108, 109, 110, 111, 112, 114, 115, 116, 117, 118, 119, 120, 121, 122, 123, 124, 125, 126, 127, 128, 129, 130, 131, 132, 133, 134, 135, 136, 137, 138, 139, 140, 141, 142, 143, 144, 145, 146, 147, 148, 149]","[3, 4, 5, 19, 20, 21, 22, 23, 24, 33, 34, 37, 38, 39, 44, 45, 46, 47, 49, 51, 54, 56, 57, 59, 60, 62, 65, 66, 68, 69, 70, 72, 73, 79, 80, 81, 82, 84, 86, 87, 88, 91, 95, 98, 104]","{""support_1"": 84, ""support_2"": 98}","[84, 98]",2,"[17, 122, 18, 32, 137, 138, 140, 139, 13, 14, 116, 118, 136, 112, 36, 135, 26, 28, 105, 99, 148, 115, 149, 145, 144, 146, 147, 12, 58, 71, 134, 109, 48, 67, 61, 78, 10, 133, 129, 93, 85, 130, 76, 128, 31, 94, 74, 127, 89, 126, 35, 7, 83, 142, 92, 124, 123, 125, 141, 119, 8, 15, 90, 102, 103, 16, 40, 42, 143, 25, 131, 132, 52, 110, 108, 9, 111, 64, 50, 75, 53, 77, 55, 117, 41, 27, 43, 29, 107, 114, 120, 121, 101, 106, 63, 6, 1, 2, 0, 30, 97, 11, 100, 96, 98, 95, 87, 104, 88, 70, 91, 69, 79, 80, 72, 86, 82, 81, 73, 66, 65, 47, 68, 60, 59, 44, 24, 84, 62, 57, 54, 51, 46, 49, 45, 56, 38, 23, 39, 34, 33, 21, 37, 20, 19, 5, 4, 22, 3]",True,4597549193,4.597549193,"[98, 95, 87, 104, 88, 70, 91, 69, 79, 80, 72, 86, 82, 81, 73, 66, 65, 47, 68, 60, 59, 44, 24, 84, 62, 57, 54, 51, 46, 49, 45, 56, 38, 23, 39, 34, 33, 21, 37, 20, 19, 5, 4, 22, 3]","[3, 22, 4, 5, 19, 20, 37, 21, 33, 34, 39, 23, 38, 56, 45, 49, 46, 51, 54, 57, 62, 84, 24, 44, 59, 60, 68, 47, 65, 66, 73, 81, 82, 86, 72, 80, 79, 69, 91, 70, 88, 104, 87, 95, 98]",True,complete,46,46,1075,0,688,1,687,687,,False,,,,,,,2,67,15,67,16,16,15,17
3,20505,54,106,43,"[0, 1, 2, 6, 7, 8, 9, 10, 11, 12, 13, 14, 15, 16, 17, 18, 25, 26, 27, 28, 29, 30, 31, 32, 35, 36, 40, 41, 42, 43, 48, 50, 52, 53, 55, 58, 61, 63, 64, 67, 71, 74, 75, 76, 77, 78, 83, 85, 89, 90, 92, 93, 94, 95, 96, 97, 98, 99, 100, 101, 102, 103, 105, 106, 107, 108, 109, 110, 111, 112, 114, 115, 116, 117, 118, 119, 120, 121, 122, 123, 124, 125, 126, 127, 128, 129, 130, 131, 132, 133, 134, 135, 136, 137, 138, 139, 140, 141, 142, 143, 144, 145, 146, 147, 148, 149]","[3, 4, 5, 19, 20, 21, 22, 23, 24, 33, 34, 37, 38, 39, 44, 45, 46, 47, 49, 51, 54, 56, 57, 59, 60, 62, 65, 66, 68, 69, 70, 72, 73, 79, 80, 81, 82, 84, 86, 87, 88, 91, 104]","{""support_1"": 84, ""support_2"": 104}","[84, 104]",2,"[17, 122, 18, 32, 137, 138, 140, 139, 13, 14, 116, 118, 136, 112, 36, 135, 26, 28, 105, 99, 148, 115, 149, 145, 144, 146, 147, 12, 58, 71, 134, 109, 48, 67, 61, 78, 10, 133, 129, 93, 85, 130, 76, 128, 31, 94, 74, 127, 89, 126, 35, 7, 83, 142, 92, 124, 123, 125, 141, 119, 8, 15, 90, 102, 103, 16, 40, 42, 143, 25, 131, 132, 52, 110, 108, 9, 111, 64, 50, 75, 53, 77, 55, 117, 41, 27, 43, 29, 107, 114, 120, 121, 101, 106, 63, 6, 1, 2, 0, 30, 97, 11, 100, 96, 98, 95, 87, 104, 88, 70, 91, 69, 79, 80, 72, 86, 82, 81, 73, 66, 65, 47, 68, 60, 59, 44, 24, 84, 62, 57, 54, 51, 46, 49, 45, 56, 38, 23, 39, 34, 33, 21, 37, 20, 19, 5, 4, 22, 3]",True,3878345407,3.878345407,"[87, 104, 88, 70, 91, 69, 79, 80, 72, 86, 82, 81, 73, 66, 65, 47, 68, 60, 59, 44, 24, 84, 62, 57, 54, 51, 46, 49, 45, 56, 38, 23, 39, 34, 33, 21, 37, 20, 19, 5, 4, 22, 3]","[3, 22, 4, 5, 19, 20, 37, 21, 33, 34, 39, 23, 38, 56, 45, 49, 46, 51, 54, 57, 62, 84, 24, 44, 59, 60, 68, 47, 65, 66, 73, 81, 82, 86, 72, 80, 79, 69, 91, 70, 88, 104, 87]",True,complete,44,44,986,0,609,1,608,608,,False,,,,,,,2,64,14,64,16,16,14,16
3,20506,55,108,41,"[0, 1, 2, 6, 7, 8, 9, 10, 11, 12, 13, 14, 15, 16, 17, 18, 25, 26, 27, 28, 29, 30, 31, 32, 35, 36, 40, 41, 42, 43, 48, 50, 52, 53, 55, 58, 61, 63, 64, 67, 71, 74, 75, 76, 77, 78, 83, 85, 87, 89, 90, 92, 93, 94, 95, 96, 97, 98, 99, 100, 101, 102, 103, 104, 105, 106, 107, 108, 109, 110, 111, 112, 114, 115, 116, 117, 118, 119, 120, 121, 122, 123, 124, 125, 126, 127, 128, 129, 130, 131, 132, 133, 134, 135, 136, 137, 138, 139, 140, 141, 142, 143, 144, 145, 146, 147, 148, 149]","[3, 4, 5, 19, 20, 21, 22, 23, 24, 33, 34, 37, 38, 39, 44, 45, 46, 47, 49, 51, 54, 56, 57, 59, 60, 62, 65, 66, 68, 69, 70, 72, 73, 79, 80, 81, 82, 84, 86, 88, 91]","{""support_1"": 84, ""support_2"": 88}","[84, 88]",2,"[17, 122, 18, 32, 137, 138, 140, 139, 13, 14, 116, 118, 136, 112, 36, 135, 26, 28, 105, 99, 148, 115, 149, 145, 144, 146, 147, 12, 58, 71, 134, 109, 48, 67, 61, 78, 10, 133, 129, 93, 85, 130, 76, 128, 31, 94, 74, 127, 89, 126, 35, 7, 83, 142, 92, 124, 123, 125, 141, 119, 8, 15, 90, 102, 103, 16, 40, 42, 143, 25, 131, 132, 52, 110, 108, 9, 111, 64, 50, 75, 53, 77, 55, 117, 41, 27, 43, 29, 107, 114, 120, 121, 101, 106, 63, 6, 1, 2, 0, 30, 97, 11, 100, 96, 98, 95, 87, 104, 88, 70, 91, 69, 79, 80, 72, 86, 82, 81, 73, 66, 65, 47, 68, 60, 59, 44, 24, 84, 62, 57, 54, 51, 46, 49, 45, 56, 38, 23, 39, 34, 33, 21, 37, 20, 19, 5, 4, 22, 3]",True,3320542700,3.320542700,"[88, 70, 91, 69, 79, 80, 72, 86, 82, 81, 73, 66, 65, 47, 68, 60, 59, 44, 24, 84, 62, 57, 54, 51, 46, 49, 45, 56, 38, 23, 39, 34, 33, 21, 37, 20, 19, 5, 4, 22, 3]","[3, 22, 4, 5, 19, 20, 37, 21, 33, 34, 39, 23, 38, 56, 45, 49, 46, 51, 54, 57, 62, 84, 24, 44, 59, 60, 68, 47, 65, 66, 73, 81, 82, 86, 72, 80, 79, 69, 91, 70, 88]",True,complete,42,42,901,0,553,1,552,552,,False,,,,,,,2,60,13,60,14,14,13,15
3,20507,56,110,39,"[0, 1, 2, 6, 7, 8, 9, 10, 11, 12, 13, 14, 15, 16, 17, 18, 25, 26, 27, 28, 29, 30, 31, 32, 35, 36, 40, 41, 42, 43, 48, 50, 52, 53, 55, 58, 61, 63, 64, 67, 70, 71, 74, 75, 76, 77, 78, 83, 85, 87, 88, 89, 90, 92, 93, 94, 95, 96, 97, 98, 99, 100, 101, 102, 103, 104, 105, 106, 107, 108, 109, 110, 111, 112, 114, 115, 116, 117, 118, 119, 120, 121, 122, 123, 124, 125, 126, 127, 128, 129, 130, 131, 132, 133, 134, 135, 136, 137, 138, 139, 140, 141, 142, 143, 144, 145, 146, 147, 148, 149]","[3, 4, 5, 19, 20, 21, 22, 23, 24, 33, 34, 37, 38, 39, 44, 45, 46, 47, 49, 51, 54, 56, 57, 59, 60, 62, 65, 66, 68, 69, 72, 73, 79, 80, 81, 82, 84, 86, 91]","{""support_1"": 84, ""support_2"": 91}","[84, 91]",2,"[17, 122, 18, 32, 137, 138, 140, 139, 13, 14, 116, 118, 136, 112, 36, 135, 26, 28, 105, 99, 148, 115, 149, 145, 144, 146, 147, 12, 58, 71, 134, 109, 48, 67, 61, 78, 10, 133, 129, 93, 85, 130, 76, 128, 31, 94, 74, 127, 89, 126, 35, 7, 83, 142, 92, 124, 123, 125, 141, 119, 8, 15, 90, 102, 103, 16, 40, 42, 143, 25, 131, 132, 52, 110, 108, 9, 111, 64, 50, 75, 53, 77, 55, 117, 41, 27, 43, 29, 107, 114, 120, 121, 101, 106, 63, 6, 1, 2, 0, 30, 97, 11, 100, 96, 98, 95, 87, 104, 88, 70, 91, 69, 79, 80, 72, 86, 82, 81, 73, 66, 65, 47, 68, 60, 59, 44, 24, 84, 62, 57, 54, 51, 46, 49, 45, 56, 38, 23, 39, 34, 33, 21, 37, 20, 19, 5, 4, 22, 3]",True,2386898998,2.386898998,"[91, 69, 79, 80, 72, 86, 82, 81, 73, 66, 65, 47, 68, 60, 59, 44, 24, 84, 62, 57, 54, 51, 46, 49, 45, 56, 38, 23, 39, 34, 33, 21, 37, 20, 19, 5, 4, 22, 3]","[3, 22, 4, 5, 19, 20, 37, 21, 33, 34, 39, 23, 38, 56, 45, 49, 46, 51, 54, 57, 62, 84, 24, 44, 59, 60, 68, 47, 65, 66, 73, 81, 82, 86, 72, 80, 79, 69, 91]",True,complete,39,39,780,0,428,0,428,428,,False,,,,,,,2,56,12,56,13,13,12,14
3,20508,57,112,37,"[0, 1, 2, 6, 7, 8, 9, 10, 11, 12, 13, 14, 15, 16, 17, 18, 25, 26, 27, 28, 29, 30, 31, 32, 35, 36, 40, 41, 42, 43, 48, 50, 52, 53, 55, 58, 61, 63, 64, 67, 69, 70, 71, 74, 75, 76, 77, 78, 83, 85, 87, 88, 89, 90, 91, 92, 93, 94, 95, 96, 97, 98, 99, 100, 101, 102, 103, 104, 105, 106, 107, 108, 109, 110, 111, 112, 114, 115, 116, 117, 118, 119, 120, 121, 122, 123, 124, 125, 126, 127, 128, 129, 130, 131, 132, 133, 134, 135, 136, 137, 138, 139, 140, 141, 142, 143, 144, 145, 146, 147, 148, 149]","[3, 4, 5, 19, 20, 21, 22, 23, 24, 33, 34, 37, 38, 39, 44, 45, 46, 47, 49, 51, 54, 56, 57, 59, 60, 62, 65, 66, 68, 72, 73, 79, 80, 81, 82, 84, 86]","{""support_1"": 84, ""support_2"": 80}","[80, 84]",2,"[17, 122, 18, 32, 137, 138, 140, 139, 13, 14, 116, 118, 136, 112, 36, 135, 26, 28, 105, 99, 148, 115, 149, 145, 144, 146, 147, 12, 58, 71, 134, 109, 48, 67, 61, 78, 10, 133, 129, 93, 85, 130, 76, 128, 31, 94, 74, 127, 89, 126, 35, 7, 83, 142, 92, 124, 123, 125, 141, 119, 8, 15, 90, 102, 103, 16, 40, 42, 143, 25, 131, 132, 52, 110, 108, 9, 111, 64, 50, 75, 53, 77, 55, 117, 41, 27, 43, 29, 107, 114, 120, 121, 101, 106, 63, 6, 1, 2, 0, 30, 97, 11, 100, 96, 98, 95, 87, 104, 88, 70, 91, 69, 79, 80, 72, 86, 82, 81, 73, 66, 65, 47, 68, 60, 59, 44, 24, 84, 62, 57, 54, 51, 46, 49, 45, 56, 38, 23, 39, 34, 33, 21, 37, 20, 19, 5, 4, 22, 3]",True,1928258784,1.928258784,"[79, 80, 72, 86, 82, 81, 73, 66, 65, 47, 68, 60, 59, 44, 24, 84, 62, 57, 54, 51, 46, 49, 45, 56, 38, 23, 39, 34, 33, 21, 37, 20, 19, 5, 4, 22, 3]","[3, 22, 4, 5, 19, 20, 37, 21, 33, 34, 39, 23, 38, 56, 45, 49, 46, 51, 54, 57, 62, 84, 24, 44, 59, 60, 68, 47, 65, 66, 73, 81, 82, 86, 72, 80, 79]",True,complete,37,37,703,0,380,0,380,380,,False,,,,,,,2,52,11,52,13,13,11,13
3,20509,58,114,35,"[0, 1, 2, 6, 7, 8, 9, 10, 11, 12, 13, 14, 15, 16, 17, 18, 25, 26, 27, 28, 29, 30, 31, 32, 35, 36, 40, 41, 42, 43, 48, 50, 52, 53, 55, 58, 61, 63, 64, 67, 69, 70, 71, 74, 75, 76, 77, 78, 79, 80, 83, 85, 87, 88, 89, 90, 91, 92, 93, 94, 95, 96, 97, 98, 99, 100, 101, 102, 103, 104, 105, 106, 107, 108, 109, 110, 111, 112, 114, 115, 116, 117, 118, 119, 120, 121, 122, 123, 124, 125, 126, 127, 128, 129, 130, 131, 132, 133, 134, 135, 136, 137, 138, 139, 140, 141, 142, 143, 144, 145, 146, 147, 148, 149]","[3, 4, 5, 19, 20, 21, 22, 23, 24, 33, 34, 37, 38, 39, 44, 45, 46, 47, 49, 51, 54, 56, 57, 59, 60, 62, 65, 66, 68, 72, 73, 81, 82, 84, 86]","{""support_1"": 84, ""support_2"": 72}","[72, 84]",2,"[17, 122, 18, 32, 137, 138, 140, 139, 13, 14, 116, 118, 136, 112, 36, 135, 26, 28, 105, 99, 148, 115, 149, 145, 144, 146, 147, 12, 58, 71, 134, 109, 48, 67, 61, 78, 10, 133, 129, 93, 85, 130, 76, 128, 31, 94, 74, 127, 89, 126, 35, 7, 83, 142, 92, 124, 123, 125, 141, 119, 8, 15, 90, 102, 103, 16, 40, 42, 143, 25, 131, 132, 52, 110, 108, 9, 111, 64, 50, 75, 53, 77, 55, 117, 41, 27, 43, 29, 107, 114, 120, 121, 101, 106, 63, 6, 1, 2, 0, 30, 97, 11, 100, 96, 98, 95, 87, 104, 88, 70, 91, 69, 79, 80, 72, 86, 82, 81, 73, 66, 65, 47, 68, 60, 59, 44, 24, 84, 62, 57, 54, 51, 46, 49, 45, 56, 38, 23, 39, 34, 33, 21, 37, 20, 19, 5, 4, 22, 3]",True,1625387818,1.625387818,"[72, 86, 82, 81, 73, 66, 65, 47, 68, 60, 59, 44, 24, 84, 62, 57, 54, 51, 46, 49, 45, 56, 38, 23, 39, 34, 33, 21, 37, 20, 19, 5, 4, 22, 3]","[3, 22, 4, 5, 19, 20, 37, 21, 33, 34, 39, 23, 38, 56, 45, 49, 46, 51, 54, 57, 62, 84, 24, 44, 59, 60, 68, 47, 65, 66, 73, 81, 82, 86, 72]",True,complete,35,35,630,0,333,0,333,333,,False,,,,,,,2,48,10,48,11,11,10,12
3,20510,59,116,33,"[0, 1, 2, 6, 7, 8, 9, 10, 11, 12, 13, 14, 15, 16, 17, 18, 25, 26, 27, 28, 29, 30, 31, 32, 35, 36, 40, 41, 42, 43, 48, 50, 52, 53, 55, 58, 61, 63, 64, 67, 69, 70, 71, 72, 74, 75, 76, 77, 78, 79, 80, 83, 85, 86, 87, 88, 89, 90, 91, 92, 93, 94, 95, 96, 97, 98, 99, 100, 101, 102, 103, 104, 105, 106, 107, 108, 109, 110, 111, 112, 114, 115, 116, 117, 118, 119, 120, 121, 122, 123, 124, 125, 126, 127, 128, 129, 130, 131, 132, 133, 134, 135, 136, 137, 138, 139, 140, 141, 142, 143, 144, 145, 146, 147, 148, 149]","[3, 4, 5, 19, 20, 21, 22, 23, 24, 33, 34, 37, 38, 39, 44, 45, 46, 47, 49, 51, 54, 56, 57, 59, 60, 62, 65, 66, 68, 73, 81, 82, 84]","{""support_1"": 84, ""support_2"": 73}","[73, 84]",2,"[17, 122, 18, 32, 137, 138, 140, 139, 13, 14, 116, 118, 136, 112, 36, 135, 26, 28, 105, 99, 148, 115, 149, 145, 144, 146, 147, 12, 58, 71, 134, 109, 48, 67, 61, 78, 10, 133, 129, 93, 85, 130, 76, 128, 31, 94, 74, 127, 89, 126, 35, 7, 83, 142, 92, 124, 123, 125, 141, 119, 8, 15, 90, 102, 103, 16, 40, 42, 143, 25, 131, 132, 52, 110, 108, 9, 111, 64, 50, 75, 53, 77, 55, 117, 41, 27, 43, 29, 107, 114, 120, 121, 101, 106, 63, 6, 1, 2, 0, 30, 97, 11, 100, 96, 98, 95, 87, 104, 88, 70, 91, 69, 79, 80, 72, 86, 82, 81, 73, 66, 65, 47, 68, 60, 59, 44, 24, 84, 62, 57, 54, 51, 46, 49, 45, 56, 38, 23, 39, 34, 33, 21, 37, 20, 19, 5, 4, 22, 3]",True,1230319731,1.230319731,"[82, 81, 73, 66, 65, 47, 68, 60, 59, 44, 24, 84, 62, 57, 54, 51, 46, 49, 45, 56, 38, 23, 39, 34, 33, 21, 37, 20, 19, 5, 4, 22, 3]","[3, 22, 4, 5, 19, 20, 37, 21, 33, 34, 39, 23, 38, 56, 45, 49, 46, 51, 54, 57, 62, 84, 24, 44, 59, 60, 68, 47, 65, 66, 73, 81, 82]",True,complete,33,33,561,0,279,0,279,279,,False,,,,,,,2,44,9,44,11,11,9,11
3,20511,60,118,31,"[0, 1, 2, 6, 7, 8, 9, 10, 11, 12, 13, 14, 15, 16, 17, 18, 25, 26, 27, 28, 29, 30, 31, 32, 35, 36, 40, 41, 42, 43, 48, 50, 52, 53, 55, 58, 61, 63, 64, 67, 69, 70, 71, 72, 74, 75, 76, 77, 78, 79, 80, 81, 82, 83, 85, 86, 87, 88, 89, 90, 91, 92, 93, 94, 95, 96, 97, 98, 99, 100, 101, 102, 103, 104, 105, 106, 107, 108, 109, 110, 111, 112, 114, 115, 116, 117, 118, 119, 120, 121, 122, 123, 124, 125, 126, 127, 128, 129, 130, 131, 132, 133, 134, 135, 136, 137, 138, 139, 140, 141, 142, 143, 144, 145, 146, 147, 148, 149]","[3, 4, 5, 19, 20, 21, 22, 23, 24, 33, 34, 37, 38, 39, 44, 45, 46, 47, 49, 51, 54, 56, 57, 59, 60, 62, 65, 66, 68, 73, 84]","{""support_1"": 84, ""support_2"": 73}","[73, 84]",2,"[17, 122, 18, 32, 137, 138, 140, 139, 13, 14, 116, 118, 136, 112, 36, 135, 26, 28, 105, 99, 148, 115, 149, 145, 144, 146, 147, 12, 58, 71, 134, 109, 48, 67, 61, 78, 10, 133, 129, 93, 85, 130, 76, 128, 31, 94, 74, 127, 89, 126, 35, 7, 83, 142, 92, 124, 123, 125, 141, 119, 8, 15, 90, 102, 103, 16, 40, 42, 143, 25, 131, 132, 52, 110, 108, 9, 111, 64, 50, 75, 53, 77, 55, 117, 41, 27, 43, 29, 107, 114, 120, 121, 101, 106, 63, 6, 1, 2, 0, 30, 97, 11, 100, 96, 98, 95, 87, 104, 88, 70, 91, 69, 79, 80, 72, 86, 82, 81, 73, 66, 65, 47, 68, 60, 59, 44, 24, 84, 62, 57, 54, 51, 46, 49, 45, 56, 38, 23, 39, 34, 33, 21, 37, 20, 19, 5, 4, 22, 3]",True,1142695021,1.142695021,"[73, 66, 65, 47, 68, 60, 59, 44, 24, 84, 62, 57, 54, 51, 46, 49, 45, 56, 38, 23, 39, 34, 33, 21, 37, 20, 19, 5, 4, 22, 3]","[3, 22, 4, 5, 19, 20, 37, 21, 33, 34, 39, 23, 38, 56, 45, 49, 46, 51, 54, 57, 62, 84, 24, 44, 59, 60, 68, 47, 65, 66, 73]",True,complete,31,31,496,0,266,0,266,266,,False,,,,,,,2,40,9,40,10,10,9,11
3,20512,61,120,29,"[0, 1, 2, 6, 7, 8, 9, 10, 11, 12, 13, 14, 15, 16, 17, 18, 25, 26, 27, 28, 29, 30, 31, 32, 35, 36, 40, 41, 42, 43, 48, 50, 52, 53, 55, 58, 61, 63, 64, 66, 67, 69, 70, 71, 72, 73, 74, 75, 76, 77, 78, 79, 80, 81, 82, 83, 85, 86, 87, 88, 89, 90, 91, 92, 93, 94, 95, 96, 97, 98, 99, 100, 101, 102, 103, 104, 105, 106, 107, 108, 109, 110, 111, 112, 114, 115, 116, 117, 118, 119, 120, 121, 122, 123, 124, 125, 126, 127, 128, 129, 130, 131, 132, 133, 134, 135, 136, 137, 138, 139, 140, 141, 142, 143, 144, 145, 146, 147, 148, 149]","[3, 4, 5, 19, 20, 21, 22, 23, 24, 33, 34, 37, 38, 39, 44, 45, 46, 47, 49, 51, 54, 56, 57, 59, 60, 62, 65, 68, 84]","{""support_1"": 84, ""support_2"": 68}","[68, 84]",2,"[17, 122, 18, 32, 137, 138, 140, 139, 13, 14, 116, 118, 136, 112, 36, 135, 26, 28, 105, 99, 148, 115, 149, 145, 144, 146, 147, 12, 58, 71, 134, 109, 48, 67, 61, 78, 10, 133, 129, 93, 85, 130, 76, 128, 31, 94, 74, 127, 89, 126, 35, 7, 83, 142, 92, 124, 123, 125, 141, 119, 8, 15, 90, 102, 103, 16, 40, 42, 143, 25, 131, 132, 52, 110, 108, 9, 111, 64, 50, 75, 53, 77, 55, 117, 41, 27, 43, 29, 107, 114, 120, 121, 101, 106, 63, 6, 1, 2, 0, 30, 97, 11, 100, 96, 98, 95, 87, 104, 88, 70, 91, 69, 79, 80, 72, 86, 82, 81, 73, 66, 65, 47, 68, 60, 59, 44, 24, 84, 62, 57, 54, 51, 46, 49, 45, 56, 38, 23, 39, 34, 33, 21, 37, 20, 19, 5, 4, 22, 3]",True,914072000,0.914072000,"[65, 47, 68, 60, 59, 44, 24, 84, 62, 57, 54, 51, 46, 49, 45, 56, 38, 23, 39, 34, 33, 21, 37, 20, 19, 5, 4, 22, 3]","[3, 22, 4, 5, 19, 20, 37, 21, 33, 34, 39, 23, 38, 56, 45, 49, 46, 51, 54, 57, 62, 84, 24, 44, 59, 60, 68, 47, 65]",True,complete,29,29,435,0,228,0,228,228,,False,,,,,,,2,36,8,36,10,10,8,10
3,20513,62,122,27,"[0, 1, 2, 6, 7, 8, 9, 10, 11, 12, 13, 14, 15, 16, 17, 18, 25, 26, 27, 28, 29, 30, 31, 32, 35, 36, 40, 41, 42, 43, 47, 48, 50, 52, 53, 55, 58, 61, 63, 64, 65, 66, 67, 69, 70, 71, 72, 73, 74, 75, 76, 77, 78, 79, 80, 81, 82, 83, 85, 86, 87, 88, 89, 90, 91, 92, 93, 94, 95, 96, 97, 98, 99, 100, 101, 102, 103, 104, 105, 106, 107, 108, 109, 110, 111, 112, 114, 115, 116, 117, 118, 119, 120, 121, 122, 123, 124, 125, 126, 127, 128, 129, 130, 131, 132, 133, 134, 135, 136, 137, 138, 139, 140, 141, 142, 143, 144, 145, 146, 147, 148, 149]","[3, 4, 5, 19, 20, 21, 22, 23, 24, 33, 34, 37, 38, 39, 44, 45, 46, 49, 51, 54, 56, 57, 59, 60, 62, 68, 84]","{""support_1"": 84, ""support_2"": 68}","[68, 84]",2,"[17, 122, 18, 32, 137, 138, 140, 139, 13, 14, 116, 118, 136, 112, 36, 135, 26, 28, 105, 99, 148, 115, 149, 145, 144, 146, 147, 12, 58, 71, 134, 109, 48, 67, 61, 78, 10, 133, 129, 93, 85, 130, 76, 128, 31, 94, 74, 127, 89, 126, 35, 7, 83, 142, 92, 124, 123, 125, 141, 119, 8, 15, 90, 102, 103, 16, 40, 42, 143, 25, 131, 132, 52, 110, 108, 9, 111, 64, 50, 75, 53, 77, 55, 117, 41, 27, 43, 29, 107, 114, 120, 121, 101, 106, 63, 6, 1, 2, 0, 30, 97, 11, 100, 96, 98, 95, 87, 104, 88, 70, 91, 69, 79, 80, 72, 86, 82, 81, 73, 66, 65, 47, 68, 60, 59, 44, 24, 84, 62, 57, 54, 51, 46, 49, 45, 56, 38, 23, 39, 34, 33, 21, 37, 20, 19, 5, 4, 22, 3]",True,846081316,0.846081316,"[68, 60, 59, 44, 24, 84, 62, 57, 54, 51, 46, 49, 45, 56, 38, 23, 39, 34, 33, 21, 37, 20, 19, 5, 4, 22, 3]","[3, 22, 4, 5, 19, 20, 37, 21, 33, 34, 39, 23, 38, 56, 45, 49, 46, 51, 54, 57, 62, 84, 24, 44, 59, 60, 68]",True,complete,27,27,378,0,215,0,215,215,,False,,,,,,,2,32,8,32,9,9,8,10
3,20514,63,124,25,"[0, 1, 2, 6, 7, 8, 9, 10, 11, 12, 13, 14, 15, 16, 17, 18, 25, 26, 27, 28, 29, 30, 31, 32, 35, 36, 40, 41, 42, 43, 47, 48, 50, 52, 53, 55, 58, 60, 61, 63, 64, 65, 66, 67, 68, 69, 70, 71, 72, 73, 74, 75, 76, 77, 78, 79, 80, 81, 82, 83, 85, 86, 87, 88, 89, 90, 91, 92, 93, 94, 95, 96, 97, 98, 99, 100, 101, 102, 103, 104, 105, 106, 107, 108, 109, 110, 111, 112, 114, 115, 116, 117, 118, 119, 120, 121, 122, 123, 124, 125, 126, 127, 128, 129, 130, 131, 132, 133, 134, 135, 136, 137, 138, 139, 140, 141, 142, 143, 144, 145, 146, 147, 148, 149]","[3, 4, 5, 19, 20, 21, 22, 23, 24, 33, 34, 37, 38, 39, 44, 45, 46, 49, 51, 54, 56, 57, 59, 62, 84]","{""support_1"": 84, ""support_2"": 62}","[62, 84]",2,"[17, 122, 18, 32, 137, 138, 140, 139, 13, 14, 116, 118, 136, 112, 36, 135, 26, 28, 105, 99, 148, 115, 149, 145, 144, 146, 147, 12, 58, 71, 134, 109, 48, 67, 61, 78, 10, 133, 129, 93, 85, 130, 76, 128, 31, 94, 74, 127, 89, 126, 35, 7, 83, 142, 92, 124, 123, 125, 141, 119, 8, 15, 90, 102, 103, 16, 40, 42, 143, 25, 131, 132, 52, 110, 108, 9, 111, 64, 50, 75, 53, 77, 55, 117, 41, 27, 43, 29, 107, 114, 120, 121, 101, 106, 63, 6, 1, 2, 0, 30, 97, 11, 100, 96, 98, 95, 87, 104, 88, 70, 91, 69, 79, 80, 72, 86, 82, 81, 73, 66, 65, 47, 68, 60, 59, 44, 24, 84, 62, 57, 54, 51, 46, 49, 45, 56, 38, 23, 39, 34, 33, 21, 37, 20, 19, 5, 4, 22, 3]",True,637823202,0.637823202,"[59, 44, 24, 84, 62, 57, 54, 51, 46, 49, 45, 56, 38, 23, 39, 34, 33, 21, 37, 20, 19, 5, 4, 22, 3]","[3, 22, 4, 5, 19, 20, 37, 21, 33, 34, 39, 23, 38, 56, 45, 49, 46, 51, 54, 57, 62, 84, 24, 44, 59]",True,complete,25,25,325,0,182,0,182,182,,False,,,,,,,2,28,7,28,9,9,7,9
3,20515,64,126,23,"[0, 1, 2, 6, 7, 8, 9, 10, 11, 12, 13, 14, 15, 16, 17, 18, 25, 26, 27, 28, 29, 30, 31, 32, 35, 36, 40, 41, 42, 43, 44, 47, 48, 50, 52, 53, 55, 58, 59, 60, 61, 63, 64, 65, 66, 67, 68, 69, 70, 71, 72, 73, 74, 75, 76, 77, 78, 79, 80, 81, 82, 83, 85, 86, 87, 88, 89, 90, 91, 92, 93, 94, 95, 96, 97, 98, 99, 100, 101, 102, 103, 104, 105, 106, 107, 108, 109, 110, 111, 112, 114, 115, 116, 117, 118, 119, 120, 121, 122, 123, 124, 125, 126, 127, 128, 129, 130, 131, 132, 133, 134, 135, 136, 137, 138, 139, 140, 141, 142, 143, 144, 145, 146, 147, 148, 149]","[3, 4, 5, 19, 20, 21, 22, 23, 24, 33, 34, 37, 38, 39, 45, 46, 49, 51, 54, 56, 57, 62, 84]","{""support_1"": 84, ""support_2"": 62}","[62, 84]",2,"[17, 122, 18, 32, 137, 138, 140, 139, 13, 14, 116, 118, 136, 112, 36, 135, 26, 28, 105, 99, 148, 115, 149, 145, 144, 146, 147, 12, 58, 71, 134, 109, 48, 67, 61, 78, 10, 133, 129, 93, 85, 130, 76, 128, 31, 94, 74, 127, 89, 126, 35, 7, 83, 142, 92, 124, 123, 125, 141, 119, 8, 15, 90, 102, 103, 16, 40, 42, 143, 25, 131, 132, 52, 110, 108, 9, 111, 64, 50, 75, 53, 77, 55, 117, 41, 27, 43, 29, 107, 114, 120, 121, 101, 106, 63, 6, 1, 2, 0, 30, 97, 11, 100, 96, 98, 95, 87, 104, 88, 70, 91, 69, 79, 80, 72, 86, 82, 81, 73, 66, 65, 47, 68, 60, 59, 44, 24, 84, 62, 57, 54, 51, 46, 49, 45, 56, 38, 23, 39, 34, 33, 21, 37, 20, 19, 5, 4, 22, 3]",True,602054170,0.602054170,"[24, 84, 62, 57, 54, 51, 46, 49, 45, 56, 38, 23, 39, 34, 33, 21, 37, 20, 19, 5, 4, 22, 3]","[3, 22, 4, 5, 19, 20, 37, 21, 33, 34, 39, 23, 38, 56, 45, 49, 46, 51, 54, 57, 62, 84, 24]",True,complete,23,23,276,0,171,0,171,171,,False,,,,,,,2,24,7,24,9,9,7,9
3,20516,65,128,21,"[0, 1, 2, 6, 7, 8, 9, 10, 11, 12, 13, 14, 15, 16, 17, 18, 24, 25, 26, 27, 28, 29, 30, 31, 32, 35, 36, 40, 41, 42, 43, 44, 47, 48, 50, 52, 53, 55, 58, 59, 60, 61, 63, 64, 65, 66, 67, 68, 69, 70, 71, 72, 73, 74, 75, 76, 77, 78, 79, 80, 81, 82, 83, 84, 85, 86, 87, 88, 89, 90, 91, 92, 93, 94, 95, 96, 97, 98, 99, 100, 101, 102, 103, 104, 105, 106, 107, 108, 109, 110, 111, 112, 114, 115, 116, 117, 118, 119, 120, 121, 122, 123, 124, 125, 126, 127, 128, 129, 130, 131, 132, 133, 134, 135, 136, 137, 138, 139, 140, 141, 142, 143, 144, 145, 146, 147, 148, 149]","[3, 4, 5, 19, 20, 21, 22, 23, 33, 34, 37, 38, 39, 45, 46, 49, 51, 54, 56, 57, 62]","{""support_2"": 62}",[62],1,"[17, 122, 18, 32, 137, 138, 140, 139, 13, 14, 116, 118, 136, 112, 36, 135, 26, 28, 105, 99, 148, 115, 149, 145, 144, 146, 147, 12, 58, 71, 134, 109, 48, 67, 61, 78, 10, 133, 129, 93, 85, 130, 76, 128, 31, 94, 74, 127, 89, 126, 35, 7, 83, 142, 92, 124, 123, 125, 141, 119, 8, 15, 90, 102, 103, 16, 40, 42, 143, 25, 131, 132, 52, 110, 108, 9, 111, 64, 50, 75, 53, 77, 55, 117, 41, 27, 43, 29, 107, 114, 120, 121, 101, 106, 63, 6, 1, 2, 0, 30, 97, 11, 100, 96, 98, 95, 87, 104, 88, 70, 91, 69, 79, 80, 72, 86, 82, 81, 73, 66, 65, 47, 68, 60, 59, 44, 24, 84, 62, 57, 54, 51, 46, 49, 45, 56, 38, 23, 39, 34, 33, 21, 37, 20, 19, 5, 4, 22, 3]",True,566340970,0.566340970,"[62, 57, 54, 51, 46, 49, 45, 56, 38, 23, 39, 34, 33, 21, 37, 20, 19, 5, 4, 22, 3]","[3, 22, 4, 5, 19, 20, 37, 21, 33, 34, 39, 23, 38, 56, 45, 49, 46, 51, 54, 57, 62]",True,complete,21,21,231,0,168,0,168,168,,False,,,,,,,2,21,7,21,7,7,7,8
3,20517,66,130,19,"[0, 1, 2, 6, 7, 8, 9, 10, 11, 12, 13, 14, 15, 16, 17, 18, 24, 25, 26, 27, 28, 29, 30, 31, 32, 35, 36, 40, 41, 42, 43, 44, 47, 48, 50, 52, 53, 55, 57, 58, 59, 60, 61, 62, 63, 64, 65, 66, 67, 68, 69, 70, 71, 72, 73, 74, 75, 76, 77, 78, 79, 80, 81, 82, 83, 84, 85, 86, 87, 88, 89, 90, 91, 92, 93, 94, 95, 96, 97, 98, 99, 100, 101, 102, 103, 104, 105, 106, 107, 108, 109, 110, 111, 112, 114, 115, 116, 117, 118, 119, 120, 121, 122, 123, 124, 125, 126, 127, 128, 129, 130, 131, 132, 133, 134, 135, 136, 137, 138, 139, 140, 141, 142, 143, 144, 145, 146, 147, 148, 149]","[3, 4, 5, 19, 20, 21, 22, 23, 33, 34, 37, 38, 39, 45, 46, 49, 51, 54, 56]","{""support_1"": 56}",[56],1,"[17, 122, 18, 32, 137, 138, 140, 139, 13, 14, 116, 118, 136, 112, 36, 135, 26, 28, 105, 99, 148, 115, 149, 145, 144, 146, 147, 12, 58, 71, 134, 109, 48, 67, 61, 78, 10, 133, 129, 93, 85, 130, 76, 128, 31, 94, 74, 127, 89, 126, 35, 7, 83, 142, 92, 124, 123, 125, 141, 119, 8, 15, 90, 102, 103, 16, 40, 42, 143, 25, 131, 132, 52, 110, 108, 9, 111, 64, 50, 75, 53, 77, 55, 117, 41, 27, 43, 29, 107, 114, 120, 121, 101, 106, 63, 6, 1, 2, 0, 30, 97, 11, 100, 96, 98, 95, 87, 104, 88, 70, 91, 69, 79, 80, 72, 86, 82, 81, 73, 66, 65, 47, 68, 60, 59, 44, 24, 84, 62, 57, 54, 51, 46, 49, 45, 56, 38, 23, 39, 34, 33, 21, 37, 20, 19, 5, 4, 22, 3]",True,366611669,0.366611669,"[54, 51, 46, 49, 45, 56, 38, 23, 39, 34, 33, 21, 37, 20, 19, 5, 4, 22, 3]","[3, 22, 4, 5, 19, 20, 37, 21, 33, 34, 39, 23, 38, 56, 45, 49, 46, 51, 54]",True,complete,19,19,190,0,123,0,123,123,,False,,,,,,,2,19,5,19,6,6,5,6
3,20518,67,132,17,"[0, 1, 2, 6, 7, 8, 9, 10, 11, 12, 13, 14, 15, 16, 17, 18, 24, 25, 26, 27, 28, 29, 30, 31, 32, 35, 36, 40, 41, 42, 43, 44, 47, 48, 50, 51, 52, 53, 54, 55, 57, 58, 59, 60, 61, 62, 63, 64, 65, 66, 67, 68, 69, 70, 71, 72, 73, 74, 75, 76, 77, 78, 79, 80, 81, 82, 83, 84, 85, 86, 87, 88, 89, 90, 91, 92, 93, 94, 95, 96, 97, 98, 99, 100, 101, 102, 103, 104, 105, 106, 107, 108, 109, 110, 111, 112, 114, 115, 116, 117, 118, 119, 120, 121, 122, 123, 124, 125, 126, 127, 128, 129, 130, 131, 132, 133, 134, 135, 136, 137, 138, 139, 140, 141, 142, 143, 144, 145, 146, 147, 148, 149]","[3, 4, 5, 19, 20, 21, 22, 23, 33, 34, 37, 38, 39, 45, 46, 49, 56]","{""support_1"": 56, ""support_2"": 46}","[46, 56]",2,"[17, 122, 18, 32, 137, 138, 140, 139, 13, 14, 116, 118, 136, 112, 36, 135, 26, 28, 105, 99, 148, 115, 149, 145, 144, 146, 147, 12, 58, 71, 134, 109, 48, 67, 61, 78, 10, 133, 129, 93, 85, 130, 76, 128, 31, 94, 74, 127, 89, 126, 35, 7, 83, 142, 92, 124, 123, 125, 141, 119, 8, 15, 90, 102, 103, 16, 40, 42, 143, 25, 131, 132, 52, 110, 108, 9, 111, 64, 50, 75, 53, 77, 55, 117, 41, 27, 43, 29, 107, 114, 120, 121, 101, 106, 63, 6, 1, 2, 0, 30, 97, 11, 100, 96, 98, 95, 87, 104, 88, 70, 91, 69, 79, 80, 72, 86, 82, 81, 73, 66, 65, 47, 68, 60, 59, 44, 24, 84, 62, 57, 54, 51, 46, 49, 45, 56, 38, 23, 39, 34, 33, 21, 37, 20, 19, 5, 4, 22, 3]",True,234499820,0.234499820,"[46, 49, 45, 56, 38, 23, 39, 34, 33, 21, 37, 20, 19, 5, 4, 22, 3]","[3, 22, 4, 5, 19, 20, 37, 21, 33, 34, 39, 23, 38, 56, 45, 49, 46]",True,complete,17,17,153,0,91,0,91,91,,False,,,,,,,1,15,4,15,5,5,4,6
3,20519,68,134,15,"[0, 1, 2, 6, 7, 8, 9, 10, 11, 12, 13, 14, 15, 16, 17, 18, 24, 25, 26, 27, 28, 29, 30, 31, 32, 35, 36, 40, 41, 42, 43, 44, 46, 47, 48, 49, 50, 51, 52, 53, 54, 55, 57, 58, 59, 60, 61, 62, 63, 64, 65, 66, 67, 68, 69, 70, 71, 72, 73, 74, 75, 76, 77, 78, 79, 80, 81, 82, 83, 84, 85, 86, 87, 88, 89, 90, 91, 92, 93, 94, 95, 96, 97, 98, 99, 100, 101, 102, 103, 104, 105, 106, 107, 108, 109, 110, 111, 112, 114, 115, 116, 117, 118, 119, 120, 121, 122, 123, 124, 125, 126, 127, 128, 129, 130, 131, 132, 133, 134, 135, 136, 137, 138, 139, 140, 141, 142, 143, 144, 145, 146, 147, 148, 149]","[3, 4, 5, 19, 20, 21, 22, 23, 33, 34, 37, 38, 39, 45, 56]","{""support_1"": 56}",[56],1,"[17, 122, 18, 32, 137, 138, 140, 139, 13, 14, 116, 118, 136, 112, 36, 135, 26, 28, 105, 99, 148, 115, 149, 145, 144, 146, 147, 12, 58, 71, 134, 109, 48, 67, 61, 78, 10, 133, 129, 93, 85, 130, 76, 128, 31, 94, 74, 127, 89, 126, 35, 7, 83, 142, 92, 124, 123, 125, 141, 119, 8, 15, 90, 102, 103, 16, 40, 42, 143, 25, 131, 132, 52, 110, 108, 9, 111, 64, 50, 75, 53, 77, 55, 117, 41, 27, 43, 29, 107, 114, 120, 121, 101, 106, 63, 6, 1, 2, 0, 30, 97, 11, 100, 96, 98, 95, 87, 104, 88, 70, 91, 69, 79, 80, 72, 86, 82, 81, 73, 66, 65, 47, 68, 60, 59, 44, 24, 84, 62, 57, 54, 51, 46, 49, 45, 56, 38, 23, 39, 34, 33, 21, 37, 20, 19, 5, 4, 22, 3]",True,215407554,0.215407554,"[45, 56, 38, 23, 39, 34, 33, 21, 37, 20, 19, 5, 4, 22, 3]","[3, 22, 4, 5, 19, 20, 37, 21, 33, 34, 39, 23, 38, 56, 45]",True,complete,15,15,120,0,85,0,85,85,,False,,,,,,,1,13,4,13,5,5,4,5
3,20520,69,136,13,"[0, 1, 2, 6, 7, 8, 9, 10, 11, 12, 13, 14, 15, 16, 17, 18, 24, 25, 26, 27, 28, 29, 30, 31, 32, 35, 36, 40, 41, 42, 43, 44, 45, 46, 47, 48, 49, 50, 51, 52, 53, 54, 55, 56, 57, 58, 59, 60, 61, 62, 63, 64, 65, 66, 67, 68, 69, 70, 71, 72, 73, 74, 75, 76, 77, 78, 79, 80, 81, 82, 83, 84, 85, 86, 87, 88, 89, 90, 91, 92, 93, 94, 95, 96, 97, 98, 99, 100, 101, 102, 103, 104, 105, 106, 107, 108, 109, 110, 111, 112, 114, 115, 116, 117, 118, 119, 120, 121, 122, 123, 124, 125, 126, 127, 128, 129, 130, 131, 132, 133, 134, 135, 136, 137, 138, 139, 140, 141, 142, 143, 144, 145, 146, 147, 148, 149]","[3, 4, 5, 19, 20, 21, 22, 23, 33, 34, 37, 38, 39]","{""support_1"": 38}",[38],1,"[17, 122, 18, 32, 137, 138, 140, 139, 13, 14, 116, 118, 136, 112, 36, 135, 26, 28, 105, 99, 148, 115, 149, 145, 144, 146, 147, 12, 58, 71, 134, 109, 48, 67, 61, 78, 10, 133, 129, 93, 85, 130, 76, 128, 31, 94, 74, 127, 89, 126, 35, 7, 83, 142, 92, 124, 123, 125, 141, 119, 8, 15, 90, 102, 103, 16, 40, 42, 143, 25, 131, 132, 52, 110, 108, 9, 111, 64, 50, 75, 53, 77, 55, 117, 41, 27, 43, 29, 107, 114, 120, 121, 101, 106, 63, 6, 1, 2, 0, 30, 97, 11, 100, 96, 98, 95, 87, 104, 88, 70, 91, 69, 79, 80, 72, 86, 82, 81, 73, 66, 65, 47, 68, 60, 59, 44, 24, 84, 62, 57, 54, 51, 46, 49, 45, 56, 38, 23, 39, 34, 33, 21, 37, 20, 19, 5, 4, 22, 3]",True,149954339,0.149954339,"[38, 23, 39, 34, 33, 21, 37, 20, 19, 5, 4, 22, 3]","[3, 22, 4, 5, 19, 20, 37, 21, 33, 34, 39, 23, 38]",True,complete,13,13,91,0,65,0,65,65,,False,,,,,,,1,11,3,11,3,3,3,4
3,20521,70,138,11,"[0, 1, 2, 6, 7, 8, 9, 10, 11, 12, 13, 14, 15, 16, 17, 18, 23, 24, 25, 26, 27, 28, 29, 30, 31, 32, 35, 36, 38, 40, 41, 42, 43, 44, 45, 46, 47, 48, 49, 50, 51, 52, 53, 54, 55, 56, 57, 58, 59, 60, 61, 62, 63, 64, 65, 66, 67, 68, 69, 70, 71, 72, 73, 74, 75, 76, 77, 78, 79, 80, 81, 82, 83, 84, 85, 86, 87, 88, 89, 90, 91, 92, 93, 94, 95, 96, 97, 98, 99, 100, 101, 102, 103, 104, 105, 106, 107, 108, 109, 110, 111, 112, 114, 115, 116, 117, 118, 119, 120, 121, 122, 123, 124, 125, 126, 127, 128, 129, 130, 131, 132, 133, 134, 135, 136, 137, 138, 139, 140, 141, 142, 143, 144, 145, 146, 147, 148, 149]","[3, 4, 5, 19, 20, 21, 22, 33, 34, 37, 39]","{""support_1"": 39}",[39],1,"[17, 122, 18, 32, 137, 138, 140, 139, 13, 14, 116, 118, 136, 112, 36, 135, 26, 28, 105, 99, 148, 115, 149, 145, 144, 146, 147, 12, 58, 71, 134, 109, 48, 67, 61, 78, 10, 133, 129, 93, 85, 130, 76, 128, 31, 94, 74, 127, 89, 126, 35, 7, 83, 142, 92, 124, 123, 125, 141, 119, 8, 15, 90, 102, 103, 16, 40, 42, 143, 25, 131, 132, 52, 110, 108, 9, 111, 64, 50, 75, 53, 77, 55, 117, 41, 27, 43, 29, 107, 114, 120, 121, 101, 106, 63, 6, 1, 2, 0, 30, 97, 11, 100, 96, 98, 95, 87, 104, 88, 70, 91, 69, 79, 80, 72, 86, 82, 81, 73, 66, 65, 47, 68, 60, 59, 44, 24, 84, 62, 57, 54, 51, 46, 49, 45, 56, 38, 23, 39, 34, 33, 21, 37, 20, 19, 5, 4, 22, 3]",True,93221510,0.093221510,"[39, 34, 33, 21, 37, 20, 19, 5, 4, 22, 3]","[3, 22, 4, 5, 19, 20, 37, 21, 33, 34, 39]",True,complete,11,11,66,0,46,0,46,46,,False,,,,,,,1,9,2,9,2,2,2,3
3,20522,71,140,9,"[0, 1, 2, 6, 7, 8, 9, 10, 11, 12, 13, 14, 15, 16, 17, 18, 23, 24, 25, 26, 27, 28, 29, 30, 31, 32, 34, 35, 36, 38, 39, 40, 41, 42, 43, 44, 45, 46, 47, 48, 49, 50, 51, 52, 53, 54, 55, 56, 57, 58, 59, 60, 61, 62, 63, 64, 65, 66, 67, 68, 69, 70, 71, 72, 73, 74, 75, 76, 77, 78, 79, 80, 81, 82, 83, 84, 85, 86, 87, 88, 89, 90, 91, 92, 93, 94, 95, 96, 97, 98, 99, 100, 101, 102, 103, 104, 105, 106, 107, 108, 109, 110, 111, 112, 114, 115, 116, 117, 118, 119, 120, 121, 122, 123, 124, 125, 126, 127, 128, 129, 130, 131, 132, 133, 134, 135, 136, 137, 138, 139, 140, 141, 142, 143, 144, 145, 146, 147, 148, 149]","[3, 4, 5, 19, 20, 21, 22, 33, 37]","{""support_1"": 37}",[37],1,"[17, 122, 18, 32, 137, 138, 140, 139, 13, 14, 116, 118, 136, 112, 36, 135, 26, 28, 105, 99, 148, 115, 149, 145, 144, 146, 147, 12, 58, 71, 134, 109, 48, 67, 61, 78, 10, 133, 129, 93, 85, 130, 76, 128, 31, 94, 74, 127, 89, 126, 35, 7, 83, 142, 92, 124, 123, 125, 141, 119, 8, 15, 90, 102, 103, 16, 40, 42, 143, 25, 131, 132, 52, 110, 108, 9, 111, 64, 50, 75, 53, 77, 55, 117, 41, 27, 43, 29, 107, 114, 120, 121, 101, 106, 63, 6, 1, 2, 0, 30, 97, 11, 100, 96, 98, 95, 87, 104, 88, 70, 91, 69, 79, 80, 72, 86, 82, 81, 73, 66, 65, 47, 68, 60, 59, 44, 24, 84, 62, 57, 54, 51, 46, 49, 45, 56, 38, 23, 39, 34, 33, 21, 37, 20, 19, 5, 4, 22, 3]",True,48326004,0.048326004,"[33, 21, 37, 20, 19, 5, 4, 22, 3]","[3, 22, 4, 5, 19, 20, 37, 21, 33]",True,complete,9,9,45,0,29,0,29,29,,False,,,,,,,1,7,1,7,2,2,1,2
3,20523,72,142,7,"[0, 1, 2, 6, 7, 8, 9, 10, 11, 12, 13, 14, 15, 16, 17, 18, 21, 23, 24, 25, 26, 27, 28, 29, 30, 31, 32, 33, 34, 35, 36, 38, 39, 40, 41, 42, 43, 44, 45, 46, 47, 48, 49, 50, 51, 52, 53, 54, 55, 56, 57, 58, 59, 60, 61, 62, 63, 64, 65, 66, 67, 68, 69, 70, 71, 72, 73, 74, 75, 76, 77, 78, 79, 80, 81, 82, 83, 84, 85, 86, 87, 88, 89, 90, 91, 92, 93, 94, 95, 96, 97, 98, 99, 100, 101, 102, 103, 104, 105, 106, 107, 108, 109, 110, 111, 112, 114, 115, 116, 117, 118, 119, 120, 121, 122, 123, 124, 125, 126, 127, 128, 129, 130, 131, 132, 133, 134, 135, 136, 137, 138, 139, 140, 141, 142, 143, 144, 145, 146, 147, 148, 149]","[3, 4, 5, 19, 20, 22, 37]","{""support_1"": 37}",[37],1,"[17, 122, 18, 32, 137, 138, 140, 139, 13, 14, 116, 118, 136, 112, 36, 135, 26, 28, 105, 99, 148, 115, 149, 145, 144, 146, 147, 12, 58, 71, 134, 109, 48, 67, 61, 78, 10, 133, 129, 93, 85, 130, 76, 128, 31, 94, 74, 127, 89, 126, 35, 7, 83, 142, 92, 124, 123, 125, 141, 119, 8, 15, 90, 102, 103, 16, 40, 42, 143, 25, 131, 132, 52, 110, 108, 9, 111, 64, 50, 75, 53, 77, 55, 117, 41, 27, 43, 29, 107, 114, 120, 121, 101, 106, 63, 6, 1, 2, 0, 30, 97, 11, 100, 96, 98, 95, 87, 104, 88, 70, 91, 69, 79, 80, 72, 86, 82, 81, 73, 66, 65, 47, 68, 60, 59, 44, 24, 84, 62, 57, 54, 51, 46, 49, 45, 56, 38, 23, 39, 34, 33, 21, 37, 20, 19, 5, 4, 22, 3]",True,36267662,0.036267662,"[37, 20, 19, 5, 4, 22, 3]","[3, 22, 4, 5, 19, 20, 37]",True,complete,7,7,28,0,23,0,23,23,,False,,,,,,,1,5,1,5,1,1,1,2
3,20524,73,144,5,"[0, 1, 2, 6, 7, 8, 9, 10, 11, 12, 13, 14, 15, 16, 17, 18, 20, 21, 23, 24, 25, 26, 27, 28, 29, 30, 31, 32, 33, 34, 35, 36, 37, 38, 39, 40, 41, 42, 43, 44, 45, 46, 47, 48, 49, 50, 51, 52, 53, 54, 55, 56, 57, 58, 59, 60, 61, 62, 63, 64, 65, 66, 67, 68, 69, 70, 71, 72, 73, 74, 75, 76, 77, 78, 79, 80, 81, 82, 83, 84, 85, 86, 87, 88, 89, 90, 91, 92, 93, 94, 95, 96, 97, 98, 99, 100, 101, 102, 103, 104, 105, 106, 107, 108, 109, 110, 111, 112, 114, 115, 116, 117, 118, 119, 120, 121, 122, 123, 124, 125, 126, 127, 128, 129, 130, 131, 132, 133, 134, 135, 136, 137, 138, 139, 140, 141, 142, 143, 144, 145, 146, 147, 148, 149]","[3, 4, 5, 19, 22]","{""support_1"": 22}",[22],1,"[17, 122, 18, 32, 137, 138, 140, 139, 13, 14, 116, 118, 136, 112, 36, 135, 26, 28, 105, 99, 148, 115, 149, 145, 144, 146, 147, 12, 58, 71, 134, 109, 48, 67, 61, 78, 10, 133, 129, 93, 85, 130, 76, 128, 31, 94, 74, 127, 89, 126, 35, 7, 83, 142, 92, 124, 123, 125, 141, 119, 8, 15, 90, 102, 103, 16, 40, 42, 143, 25, 131, 132, 52, 110, 108, 9, 111, 64, 50, 75, 53, 77, 55, 117, 41, 27, 43, 29, 107, 114, 120, 121, 101, 106, 63, 6, 1, 2, 0, 30, 97, 11, 100, 96, 98, 95, 87, 104, 88, 70, 91, 69, 79, 80, 72, 86, 82, 81, 73, 66, 65, 47, 68, 60, 59, 44, 24, 84, 62, 57, 54, 51, 46, 49, 45, 56, 38, 23, 39, 34, 33, 21, 37, 20, 19, 5, 4, 22, 3]",True,13124476,0.013124476,"[19, 5, 4, 22, 3]","[3, 22, 4, 5, 19]",True,complete,5,5,15,0,11,0,11,11,,False,,,,,,,1,3,0,3,1,1,0,1
3,20525,74,146,3,"[0, 1, 2, 5, 6, 7, 8, 9, 10, 11, 12, 13, 14, 15, 16, 17, 18, 19, 20, 21, 23, 24, 25, 26, 27, 28, 29, 30, 31, 32, 33, 34, 35, 36, 37, 38, 39, 40, 41, 42, 43, 44, 45, 46, 47, 48, 49, 50, 51, 52, 53, 54, 55, 56, 57, 58, 59, 60, 61, 62, 63, 64, 65, 66, 67, 68, 69, 70, 71, 72, 73, 74, 75, 76, 77, 78, 79, 80, 81, 82, 83, 84, 85, 86, 87, 88, 89, 90, 91, 92, 93, 94, 95, 96, 97, 98, 99, 100, 101, 102, 103, 104, 105, 106, 107, 108, 109, 110, 111, 112, 114, 115, 116, 117, 118, 119, 120, 121, 122, 123, 124, 125, 126, 127, 128, 129, 130, 131, 132, 133, 134, 135, 136, 137, 138, 139, 140, 141, 142, 143, 144, 145, 146, 147, 148, 149]","[3, 4, 22]","{""support_1"": 22}",[22],1,"[17, 122, 18, 32, 137, 138, 140, 139, 13, 14, 116, 118, 136, 112, 36, 135, 26, 28, 105, 99, 148, 115, 149, 145, 144, 146, 147, 12, 58, 71, 134, 109, 48, 67, 61, 78, 10, 133, 129, 93, 85, 130, 76, 128, 31, 94, 74, 127, 89, 126, 35, 7, 83, 142, 92, 124, 123, 125, 141, 119, 8, 15, 90, 102, 103, 16, 40, 42, 143, 25, 131, 132, 52, 110, 108, 9, 111, 64, 50, 75, 53, 77, 55, 117, 41, 27, 43, 29, 107, 114, 120, 121, 101, 106, 63, 6, 1, 2, 0, 30, 97, 11, 100, 96, 98, 95, 87, 104, 88, 70, 91, 69, 79, 80, 72, 86, 82, 81, 73, 66, 65, 47, 68, 60, 59, 44, 24, 84, 62, 57, 54, 51, 46, 49, 45, 56, 38, 23, 39, 34, 33, 21, 37, 20, 19, 5, 4, 22, 3]",True,6811336,0.006811336,"[4, 22, 3]","[3, 22, 4]",True,complete,3,3,6,0,7,0,7,7,,False,,,,,,,1,1,0,1,1,1,0,1
3,20526,75,148,1,"[0, 1, 2, 4, 5, 6, 7, 8, 9, 10, 11, 12, 13, 14, 15, 16, 17, 18, 19, 20, 21, 22, 23, 24, 25, 26, 27, 28, 29, 30, 31, 32, 33, 34, 35, 36, 37, 38, 39, 40, 41, 42, 43, 44, 45, 46, 47, 48, 49, 50, 51, 52, 53, 54, 55, 56, 57, 58, 59, 60, 61, 62, 63, 64, 65, 66, 67, 68, 69, 70, 71, 72, 73, 74, 75, 76, 77, 78, 79, 80, 81, 82, 83, 84, 85, 86, 87, 88, 89, 90, 91, 92, 93, 94, 95, 96, 97, 98, 99, 100, 101, 102, 103, 104, 105, 106, 107, 108, 109, 110, 111, 112, 114, 115, 116, 117, 118, 119, 120, 121, 122, 123, 124, 125, 126, 127, 128, 129, 130, 131, 132, 133, 134, 135, 136, 137, 138, 139, 140, 141, 142, 143, 144, 145, 146, 147, 148, 149]",[3],{},[],0,"[17, 122, 18, 32, 137, 138, 140, 139, 13, 14, 116, 118, 136, 112, 36, 135, 26, 28, 105, 99, 148, 115, 149, 145, 144, 146, 147, 12, 58, 71, 134, 109, 48, 67, 61, 78, 10, 133, 129, 93, 85, 130, 76, 128, 31, 94, 74, 127, 89, 126, 35, 7, 83, 142, 92, 124, 123, 125, 141, 119, 8, 15, 90, 102, 103, 16, 40, 42, 143, 25, 131, 132, 52, 110, 108, 9, 111, 64, 50, 75, 53, 77, 55, 117, 41, 27, 43, 29, 107, 114, 120, 121, 101, 106, 63, 6, 1, 2, 0, 30, 97, 11, 100, 96, 98, 95, 87, 104, 88, 70, 91, 69, 79, 80, 72, 86, 82, 81, 73, 66, 65, 47, 68, 60, 59, 44, 24, 84, 62, 57, 54, 51, 46, 49, 45, 56, 38, 23, 39, 34, 33, 21, 37, 20, 19, 5, 4, 22, 3]",True,749398,0.000749398,[3],[3],True,complete,1,1,1,0,2,0,2,2,,False,,,,,,,0,0,0,0,0,0,0,0
