repetition,seed,run_index,removed_prefix_count,included_rod_count,excluded_rods,included_rods,initial_supports,initial_supported_rods,initial_support_count,default_order,success,elapsed_ns,elapsed_s,removal_sequence,assembly_sequence,matches_default_suffix,search_stop_reason,search_expansions,search_attempted_transitions,search_enqueued_candidates,search_backtracks,rigidity_check_calls,rigidity_cache_hits,rigidity_cache_misses,rigidity_cached_entries,support_target_order,require_connected_supports,peak_supports,support_steps,support_moves,supported_rod_steps,support_assignment_episodes,supported_rod_episodes,support_additions,support_releases
1,452,1,0,149,[],"[0, 1, 2, 3, 4, 5, 6, 7, 8, 9, 10, 11, 12, 13, 14, 15, 16, 17, 18, 19, 20, 21, 22, 23, 24, 25, 26, 27, 28, 29, 30, 31, 32, 33, 34, 35, 36, 37, 38, 39, 40, 41, 42, 43, 44, 45, 46, 47, 48, 49, 50, 51, 52, 53, 54, 55, 56, 57, 58, 59, 60, 61, 62, 63, 64, 65, 66, 67, 68, 69, 70, 71, 72, 73, 74, 75, 76, 77, 78, 79, 80, 81, 82, 83, 84, 85, 86, 87, 88, 89, 90, 91, 92, 93, 94, 95, 96, 97, 98, 99, 100, 101, 102, 103, 104, 105, 106, 107, 108, 109, 110, 111, 112, 114, 115, 116, 117, 118, 119, 120, 121, 122, 123, 124, 125, 126, 127, 128, 129, 130, 131, 132, 133, 134, 135, 136, 137, 138, 139, 140, 141, 142, 143, 144, 145, 146, 147, 148, 149]",{},[],0,"[122, 17, 18, 32, 137, 138, 140, 139, 13, 14, 116, 118, 136, 112, 36, 135, 28, 26, 105, 99, 144, 10, 145, 149, 102, 146, 147, 12, 58, 71, 134, 109, 67, 78, 48, 61, 148, 93, 85, 133, 130, 129, 76, 128, 97, 94, 74, 127, 91, 126, 35, 7, 21, 125, 83, 75, 142, 77, 141, 92, 115, 8, 27, 106, 101, 23, 120, 121, 114, 15, 16, 6, 124, 1, 2, 0, 42, 131, 132, 52, 64, 50, 123, 53, 55, 90, 117, 119, 43, 29, 41, 22, 4, 5, 3, 31, 30, 11, 100, 98, 96, 110, 9, 111, 108, 107, 40, 63, 47, 46, 45, 51, 54, 57, 56, 49, 68, 62, 60, 89, 70, 59, 69, 80, 79, 72, 104, 73, 143, 66, 86, 65, 87, 103, 95, 88, 82, 81, 44, 38, 39, 33, 34, 25, 37, 20, 84, 24, 19]",True,302211636610,302.211636610,"[122, 17, 18, 32, 137, 138, 140, 139, 13, 14, 116, 118, 136, 112, 36, 135, 28, 26, 105, 99, 144, 10, 145, 149, 102, 146, 147, 12, 58, 71, 134, 109, 67, 78, 48, 61, 148, 93, 85, 133, 130, 129, 76, 128, 97, 94, 74, 127, 91, 126, 35, 7, 21, 125, 83, 75, 142, 77, 141, 92, 115, 8, 27, 106, 101, 23, 120, 121, 114, 15, 16, 6, 124, 1, 2, 0, 42, 131, 132, 52, 64, 50, 123, 53, 55, 90, 117, 119, 43, 29, 41, 22, 4, 5, 3, 31, 30, 11, 100, 98, 96, 110, 9, 111, 108, 107, 40, 63, 47, 46, 45, 51, 54, 57, 56, 49, 68, 62, 60, 89, 70, 59, 69, 80, 79, 72, 104, 73, 143, 66, 86, 65, 87, 103, 95, 88, 82, 81, 44, 38, 39, 33, 34, 25, 37, 20, 84, 24, 19]","[19, 24, 84, 20, 37, 25, 34, 33, 39, 38, 44, 81, 82, 88, 95, 103, 87, 65, 86, 66, 143, 73, 104, 72, 79, 80, 69, 59, 70, 89, 60, 62, 68, 49, 56, 57, 54, 51, 45, 46, 47, 63, 40, 107, 108, 111, 9, 110, 96, 98, 100, 11, 30, 31, 3, 5, 4, 22, 41, 29, 43, 119, 117, 90, 55, 53, 123, 50, 64, 52, 132, 131, 42, 0, 2, 1, 124, 6, 16, 15, 114, 121, 120, 23, 101, 106, 27, 8, 115, 92, 141, 77, 142, 75, 83, 125, 21, 7, 35, 126, 91, 127, 74, 94, 97, 128, 76, 129, 130, 133, 85, 93, 148, 61, 48, 78, 67, 109, 134, 71, 58, 12, 147, 146, 102, 149, 145, 10, 144, 99, 105, 26, 28, 135, 36, 112, 136, 118, 116, 14, 13, 139, 140, 138, 137, 32, 18, 17, 122]",True,complete,1234,1234,34109,0,36818,1412,35406,2000,random,True,2,129,27,129,27,27,27,27
1,453,2,2,147,"[17, 122]","[0, 1, 2, 3, 4, 5, 6, 7, 8, 9, 10, 11, 12, 13, 14, 15, 16, 18, 19, 20, 21, 22, 23, 24, 25, 26, 27, 28, 29, 30, 31, 32, 33, 34, 35, 36, 37, 38, 39, 40, 41, 42, 43, 44, 45, 46, 47, 48, 49, 50, 51, 52, 53, 54, 55, 56, 57, 58, 59, 60, 61, 62, 63, 64, 65, 66, 67, 68, 69, 70, 71, 72, 73, 74, 75, 76, 77, 78, 79, 80, 81, 82, 83, 84, 85, 86, 87, 88, 89, 90, 91, 92, 93, 94, 95, 96, 97, 98, 99, 100, 101, 102, 103, 104, 105, 106, 107, 108, 109, 110, 111, 112, 114, 115, 116, 117, 118, 119, 120, 121, 123, 124, 125, 126, 127, 128, 129, 130, 131, 132, 133, 134, 135, 136, 137, 138, 139, 140, 141, 142, 143, 144, 145, 146, 147, 148, 149]",{},[],0,"[122, 17, 18, 32, 137, 138, 140, 139, 13, 14, 116, 118, 136, 112, 36, 135, 28, 26, 105, 99, 144, 10, 145, 149, 102, 146, 147, 12, 58, 71, 134, 109, 67, 78, 48, 61, 148, 93, 85, 133, 130, 129, 76, 128, 97, 94, 74, 127, 91, 126, 35, 7, 21, 125, 83, 75, 142, 77, 141, 92, 115, 8, 27, 106, 101, 23, 120, 121, 114, 15, 16, 6, 124, 1, 2, 0, 42, 131, 132, 52, 64, 50, 123, 53, 55, 90, 117, 119, 43, 29, 41, 22, 4, 5, 3, 31, 30, 11, 100, 98, 96, 110, 9, 111, 108, 107, 40, 63, 47, 46, 45, 51, 54, 57, 56, 49, 68, 62, 60, 89, 70, 59, 69, 80, 79, 72, 104, 73, 143, 66, 86, 65, 87, 103, 95, 88, 82, 81, 44, 38, 39, 33, 34, 25, 37, 20, 84, 24, 19]",False,400377539146,400.377539146,[],[],False,runtime_limit,1065,1065,25555,0,26155,439,25716,2000,random,True,2,31,2,31,2,2,2,0
1,454,3,4,145,"[17, 18, 32, 122]","[0, 1, 2, 3, 4, 5, 6, 7, 8, 9, 10, 11, 12, 13, 14, 15, 16, 19, 20, 21, 22, 23, 24, 25, 26, 27, 28, 29, 30, 31, 33, 34, 35, 36, 37, 38, 39, 40, 41, 42, 43, 44, 45, 46, 47, 48, 49, 50, 51, 52, 53, 54, 55, 56, 57, 58, 59, 60, 61, 62, 63, 64, 65, 66, 67, 68, 69, 70, 71, 72, 73, 74, 75, 76, 77, 78, 79, 80, 81, 82, 83, 84, 85, 86, 87, 88, 89, 90, 91, 92, 93, 94, 95, 96, 97, 98, 99, 100, 101, 102, 103, 104, 105, 106, 107, 108, 109, 110, 111, 112, 114, 115, 116, 117, 118, 119, 120, 121, 123, 124, 125, 126, 127, 128, 129, 130, 131, 132, 133, 134, 135, 136, 137, 138, 139, 140, 141, 142, 143, 144, 145, 146, 147, 148, 149]",{},[],0,"[122, 17, 18, 32, 137, 138, 140, 139, 13, 14, 116, 118, 136, 112, 36, 135, 28, 26, 105, 99, 144, 10, 145, 149, 102, 146, 147, 12, 58, 71, 134, 109, 67, 78, 48, 61, 148, 93, 85, 133, 130, 129, 76, 128, 97, 94, 74, 127, 91, 126, 35, 7, 21, 125, 83, 75, 142, 77, 141, 92, 115, 8, 27, 106, 101, 23, 120, 121, 114, 15, 16, 6, 124, 1, 2, 0, 42, 131, 132, 52, 64, 50, 123, 53, 55, 90, 117, 119, 43, 29, 41, 22, 4, 5, 3, 31, 30, 11, 100, 98, 96, 110, 9, 111, 108, 107, 40, 63, 47, 46, 45, 51, 54, 57, 56, 49, 68, 62, 60, 89, 70, 59, 69, 80, 79, 72, 104, 73, 143, 66, 86, 65, 87, 103, 95, 88, 82, 81, 44, 38, 39, 33, 34, 25, 37, 20, 84, 24, 19]",True,227405329476,227.405329476,"[137, 138, 139, 140, 14, 13, 118, 116, 136, 16, 36, 135, 26, 28, 99, 105, 145, 144, 10, 148, 149, 146, 147, 12, 58, 71, 134, 109, 67, 61, 48, 102, 133, 143, 7, 129, 130, 76, 128, 23, 31, 127, 91, 126, 125, 44, 132, 131, 54, 21, 141, 142, 53, 47, 8, 112, 78, 85, 93, 74, 63, 89, 64, 124, 123, 92, 77, 75, 90, 55, 117, 119, 15, 41, 29, 43, 27, 115, 121, 114, 107, 106, 120, 101, 6, 2, 1, 22, 4, 5, 3, 30, 97, 11, 100, 98, 96, 52, 51, 46, 70, 80, 94, 69, 79, 72, 103, 73, 62, 60, 59, 68, 65, 66, 83, 86, 87, 104, 95, 88, 81, 82, 40, 84, 37, 24, 20, 19, 25, 50, 42, 35, 34, 39, 49, 45, 56, 57, 38, 33, 110, 108, 111, 9, 0]","[0, 9, 111, 108, 110, 33, 38, 57, 56, 45, 49, 39, 34, 35, 42, 50, 25, 19, 20, 24, 37, 84, 40, 82, 81, 88, 95, 104, 87, 86, 83, 66, 65, 68, 59, 60, 62, 73, 103, 72, 79, 69, 94, 80, 70, 46, 51, 52, 96, 98, 100, 11, 97, 30, 3, 5, 4, 22, 1, 2, 6, 101, 120, 106, 107, 114, 121, 115, 27, 43, 29, 41, 15, 119, 117, 55, 90, 75, 77, 92, 123, 124, 64, 89, 63, 74, 93, 85, 78, 112, 8, 47, 53, 142, 141, 21, 54, 131, 132, 44, 125, 126, 91, 127, 31, 23, 128, 76, 130, 129, 7, 143, 133, 102, 48, 61, 67, 109, 134, 71, 58, 12, 147, 146, 149, 148, 10, 144, 145, 105, 99, 28, 26, 135, 36, 16, 136, 116, 118, 13, 14, 140, 139, 138, 137]",False,complete,469,469,22673,0,20774,685,20089,2000,random,True,2,146,27,146,27,27,27,27
1,455,4,6,143,"[17, 18, 32, 122, 137, 138]","[0, 1, 2, 3, 4, 5, 6, 7, 8, 9, 10, 11, 12, 13, 14, 15, 16, 19, 20, 21, 22, 23, 24, 25, 26, 27, 28, 29, 30, 31, 33, 34, 35, 36, 37, 38, 39, 40, 41, 42, 43, 44, 45, 46, 47, 48, 49, 50, 51, 52, 53, 54, 55, 56, 57, 58, 59, 60, 61, 62, 63, 64, 65, 66, 67, 68, 69, 70, 71, 72, 73, 74, 75, 76, 77, 78, 79, 80, 81, 82, 83, 84, 85, 86, 87, 88, 89, 90, 91, 92, 93, 94, 95, 96, 97, 98, 99, 100, 101, 102, 103, 104, 105, 106, 107, 108, 109, 110, 111, 112, 114, 115, 116, 117, 118, 119, 120, 121, 123, 124, 125, 126, 127, 128, 129, 130, 131, 132, 133, 134, 135, 136, 139, 140, 141, 142, 143, 144, 145, 146, 147, 148, 149]",{},[],0,"[122, 17, 18, 32, 137, 138, 140, 139, 13, 14, 116, 118, 136, 112, 36, 135, 28, 26, 105, 99, 144, 10, 145, 149, 102, 146, 147, 12, 58, 71, 134, 109, 67, 78, 48, 61, 148, 93, 85, 133, 130, 129, 76, 128, 97, 94, 74, 127, 91, 126, 35, 7, 21, 125, 83, 75, 142, 77, 141, 92, 115, 8, 27, 106, 101, 23, 120, 121, 114, 15, 16, 6, 124, 1, 2, 0, 42, 131, 132, 52, 64, 50, 123, 53, 55, 90, 117, 119, 43, 29, 41, 22, 4, 5, 3, 31, 30, 11, 100, 98, 96, 110, 9, 111, 108, 107, 40, 63, 47, 46, 45, 51, 54, 57, 56, 49, 68, 62, 60, 89, 70, 59, 69, 80, 79, 72, 104, 73, 143, 66, 86, 65, 87, 103, 95, 88, 82, 81, 44, 38, 39, 33, 34, 25, 37, 20, 84, 24, 19]",True,90968146947,90.968146947,"[139, 140, 13, 14, 116, 118, 136, 112, 36, 135, 28, 26, 105, 99, 148, 115, 149, 144, 145, 146, 147, 12, 71, 58, 134, 109, 67, 78, 61, 10, 48, 133, 129, 93, 85, 130, 74, 42, 40, 7, 131, 132, 52, 143, 128, 127, 31, 47, 35, 126, 125, 141, 27, 104, 124, 123, 142, 55, 119, 86, 15, 8, 102, 106, 117, 41, 16, 25, 76, 110, 108, 107, 64, 92, 53, 75, 77, 90, 43, 29, 111, 9, 6, 1, 2, 0, 30, 100, 98, 96, 97, 11, 121, 114, 120, 101, 95, 63, 103, 54, 46, 51, 39, 23, 34, 21, 37, 20, 5, 22, 4, 3, 33, 44, 57, 38, 50, 56, 49, 45, 89, 62, 70, 60, 68, 69, 80, 79, 59, 94, 72, 66, 65, 73, 87, 81, 91, 88, 83, 82, 84, 24, 19]","[19, 24, 84, 82, 83, 88, 91, 81, 87, 73, 65, 66, 72, 94, 59, 79, 80, 69, 68, 60, 70, 62, 89, 45, 49, 56, 50, 38, 57, 44, 33, 3, 4, 22, 5, 20, 37, 21, 34, 23, 39, 51, 46, 54, 103, 63, 95, 101, 120, 114, 121, 11, 97, 96, 98, 100, 30, 0, 2, 1, 6, 9, 111, 29, 43, 90, 77, 75, 53, 92, 64, 107, 108, 110, 76, 25, 16, 41, 117, 106, 102, 8, 15, 86, 119, 55, 142, 123, 124, 104, 27, 141, 125, 126, 35, 47, 31, 127, 128, 143, 52, 132, 131, 7, 40, 42, 74, 130, 85, 93, 129, 133, 48, 10, 61, 78, 67, 109, 134, 58, 71, 12, 147, 146, 145, 144, 149, 115, 148, 99, 105, 26, 28, 135, 36, 112, 136, 118, 116, 14, 13, 140, 139]",False,complete,248,248,13355,0,7246,220,7026,2000,random,True,2,138,26,138,26,26,26,26
1,456,5,8,141,"[17, 18, 32, 122, 137, 138, 139, 140]","[0, 1, 2, 3, 4, 5, 6, 7, 8, 9, 10, 11, 12, 13, 14, 15, 16, 19, 20, 21, 22, 23, 24, 25, 26, 27, 28, 29, 30, 31, 33, 34, 35, 36, 37, 38, 39, 40, 41, 42, 43, 44, 45, 46, 47, 48, 49, 50, 51, 52, 53, 54, 55, 56, 57, 58, 59, 60, 61, 62, 63, 64, 65, 66, 67, 68, 69, 70, 71, 72, 73, 74, 75, 76, 77, 78, 79, 80, 81, 82, 83, 84, 85, 86, 87, 88, 89, 90, 91, 92, 93, 94, 95, 96, 97, 98, 99, 100, 101, 102, 103, 104, 105, 106, 107, 108, 109, 110, 111, 112, 114, 115, 116, 117, 118, 119, 120, 121, 123, 124, 125, 126, 127, 128, 129, 130, 131, 132, 133, 134, 135, 136, 141, 142, 143, 144, 145, 146, 147, 148, 149]",{},[],0,"[122, 17, 18, 32, 137, 138, 140, 139, 13, 14, 116, 118, 136, 112, 36, 135, 28, 26, 105, 99, 144, 10, 145, 149, 102, 146, 147, 12, 58, 71, 134, 109, 67, 78, 48, 61, 148, 93, 85, 133, 130, 129, 76, 128, 97, 94, 74, 127, 91, 126, 35, 7, 21, 125, 83, 75, 142, 77, 141, 92, 115, 8, 27, 106, 101, 23, 120, 121, 114, 15, 16, 6, 124, 1, 2, 0, 42, 131, 132, 52, 64, 50, 123, 53, 55, 90, 117, 119, 43, 29, 41, 22, 4, 5, 3, 31, 30, 11, 100, 98, 96, 110, 9, 111, 108, 107, 40, 63, 47, 46, 45, 51, 54, 57, 56, 49, 68, 62, 60, 89, 70, 59, 69, 80, 79, 72, 104, 73, 143, 66, 86, 65, 87, 103, 95, 88, 82, 81, 44, 38, 39, 33, 34, 25, 37, 20, 84, 24, 19]",False,400226227234,400.226227234,[],[],False,runtime_limit,825,825,21667,0,24026,347,23679,2000,random,True,2,52,2,52,2,2,2,0
1,457,6,10,139,"[13, 14, 17, 18, 32, 122, 137, 138, 139, 140]","[0, 1, 2, 3, 4, 5, 6, 7, 8, 9, 10, 11, 12, 15, 16, 19, 20, 21, 22, 23, 24, 25, 26, 27, 28, 29, 30, 31, 33, 34, 35, 36, 37, 38, 39, 40, 41, 42, 43, 44, 45, 46, 47, 48, 49, 50, 51, 52, 53, 54, 55, 56, 57, 58, 59, 60, 61, 62, 63, 64, 65, 66, 67, 68, 69, 70, 71, 72, 73, 74, 75, 76, 77, 78, 79, 80, 81, 82, 83, 84, 85, 86, 87, 88, 89, 90, 91, 92, 93, 94, 95, 96, 97, 98, 99, 100, 101, 102, 103, 104, 105, 106, 107, 108, 109, 110, 111, 112, 114, 115, 116, 117, 118, 119, 120, 121, 123, 124, 125, 126, 127, 128, 129, 130, 131, 132, 133, 134, 135, 136, 141, 142, 143, 144, 145, 146, 147, 148, 149]",{},[],0,"[122, 17, 18, 32, 137, 138, 140, 139, 13, 14, 116, 118, 136, 112, 36, 135, 28, 26, 105, 99, 144, 10, 145, 149, 102, 146, 147, 12, 58, 71, 134, 109, 67, 78, 48, 61, 148, 93, 85, 133, 130, 129, 76, 128, 97, 94, 74, 127, 91, 126, 35, 7, 21, 125, 83, 75, 142, 77, 141, 92, 115, 8, 27, 106, 101, 23, 120, 121, 114, 15, 16, 6, 124, 1, 2, 0, 42, 131, 132, 52, 64, 50, 123, 53, 55, 90, 117, 119, 43, 29, 41, 22, 4, 5, 3, 31, 30, 11, 100, 98, 96, 110, 9, 111, 108, 107, 40, 63, 47, 46, 45, 51, 54, 57, 56, 49, 68, 62, 60, 89, 70, 59, 69, 80, 79, 72, 104, 73, 143, 66, 86, 65, 87, 103, 95, 88, 82, 81, 44, 38, 39, 33, 34, 25, 37, 20, 84, 24, 19]",True,342685042678,342.685042678,"[116, 118, 136, 112, 36, 135, 26, 28, 99, 105, 145, 144, 10, 149, 102, 146, 147, 12, 71, 58, 134, 109, 48, 61, 16, 85, 78, 133, 7, 93, 130, 131, 132, 129, 74, 76, 97, 128, 94, 50, 124, 126, 37, 143, 127, 89, 35, 91, 125, 103, 141, 142, 15, 123, 43, 8, 29, 117, 119, 148, 83, 27, 115, 42, 121, 114, 52, 64, 92, 90, 53, 75, 77, 55, 41, 120, 101, 106, 87, 104, 84, 88, 98, 96, 100, 82, 81, 86, 95, 70, 69, 80, 79, 67, 72, 73, 66, 68, 47, 46, 54, 51, 40, 34, 39, 65, 62, 60, 59, 63, 49, 45, 56, 57, 25, 38, 33, 44, 24, 30, 31, 11, 107, 110, 108, 111, 9, 6, 1, 2, 0, 23, 21, 19, 20, 5, 22, 4, 3]","[3, 4, 22, 5, 20, 19, 21, 23, 0, 2, 1, 6, 9, 111, 108, 110, 107, 11, 31, 30, 24, 44, 33, 38, 25, 57, 56, 45, 49, 63, 59, 60, 62, 65, 39, 34, 40, 51, 54, 46, 47, 68, 66, 73, 72, 67, 79, 80, 69, 70, 95, 86, 81, 82, 100, 96, 98, 88, 84, 104, 87, 106, 101, 120, 41, 55, 77, 75, 53, 90, 92, 64, 52, 114, 121, 42, 115, 27, 83, 148, 119, 117, 29, 8, 43, 123, 15, 142, 141, 103, 125, 91, 35, 89, 127, 143, 37, 126, 124, 50, 94, 128, 97, 76, 74, 129, 132, 131, 130, 93, 7, 133, 78, 85, 16, 61, 48, 109, 134, 58, 71, 12, 147, 146, 102, 149, 10, 144, 145, 105, 99, 28, 26, 135, 36, 112, 136, 118, 116]",False,complete,1179,1179,33441,0,38775,1268,37507,2000,random,True,2,137,24,137,24,24,24,24
1,458,7,12,137,"[13, 14, 17, 18, 32, 116, 118, 122, 137, 138, 139, 140]","[0, 1, 2, 3, 4, 5, 6, 7, 8, 9, 10, 11, 12, 15, 16, 19, 20, 21, 22, 23, 24, 25, 26, 27, 28, 29, 30, 31, 33, 34, 35, 36, 37, 38, 39, 40, 41, 42, 43, 44, 45, 46, 47, 48, 49, 50, 51, 52, 53, 54, 55, 56, 57, 58, 59, 60, 61, 62, 63, 64, 65, 66, 67, 68, 69, 70, 71, 72, 73, 74, 75, 76, 77, 78, 79, 80, 81, 82, 83, 84, 85, 86, 87, 88, 89, 90, 91, 92, 93, 94, 95, 96, 97, 98, 99, 100, 101, 102, 103, 104, 105, 106, 107, 108, 109, 110, 111, 112, 114, 115, 117, 119, 120, 121, 123, 124, 125, 126, 127, 128, 129, 130, 131, 132, 133, 134, 135, 136, 141, 142, 143, 144, 145, 146, 147, 148, 149]",{},[],0,"[122, 17, 18, 32, 137, 138, 140, 139, 13, 14, 116, 118, 136, 112, 36, 135, 28, 26, 105, 99, 144, 10, 145, 149, 102, 146, 147, 12, 58, 71, 134, 109, 67, 78, 48, 61, 148, 93, 85, 133, 130, 129, 76, 128, 97, 94, 74, 127, 91, 126, 35, 7, 21, 125, 83, 75, 142, 77, 141, 92, 115, 8, 27, 106, 101, 23, 120, 121, 114, 15, 16, 6, 124, 1, 2, 0, 42, 131, 132, 52, 64, 50, 123, 53, 55, 90, 117, 119, 43, 29, 41, 22, 4, 5, 3, 31, 30, 11, 100, 98, 96, 110, 9, 111, 108, 107, 40, 63, 47, 46, 45, 51, 54, 57, 56, 49, 68, 62, 60, 89, 70, 59, 69, 80, 79, 72, 104, 73, 143, 66, 86, 65, 87, 103, 95, 88, 82, 81, 44, 38, 39, 33, 34, 25, 37, 20, 84, 24, 19]",True,62639127464,62.639127464,"[136, 112, 36, 135, 28, 26, 105, 99, 149, 102, 145, 148, 144, 146, 147, 12, 58, 71, 134, 109, 61, 78, 115, 48, 85, 93, 133, 7, 130, 132, 40, 129, 76, 74, 97, 23, 143, 131, 52, 128, 127, 83, 89, 86, 142, 75, 124, 35, 126, 47, 141, 123, 119, 117, 125, 92, 8, 15, 10, 27, 16, 67, 121, 114, 106, 64, 90, 53, 77, 55, 41, 43, 29, 120, 101, 107, 110, 108, 111, 9, 6, 2, 1, 0, 42, 63, 50, 22, 4, 5, 3, 31, 30, 11, 100, 98, 96, 54, 51, 46, 45, 57, 56, 49, 68, 62, 60, 94, 70, 69, 59, 80, 79, 66, 72, 65, 104, 73, 25, 87, 91, 103, 95, 88, 82, 81, 44, 38, 39, 34, 33, 21, 37, 20, 84, 24, 19]","[19, 24, 84, 20, 37, 21, 33, 34, 39, 38, 44, 81, 82, 88, 95, 103, 91, 87, 25, 73, 104, 65, 72, 66, 79, 80, 59, 69, 70, 94, 60, 62, 68, 49, 56, 57, 45, 46, 51, 54, 96, 98, 100, 11, 30, 31, 3, 5, 4, 22, 50, 63, 42, 0, 1, 2, 6, 9, 111, 108, 110, 107, 101, 120, 29, 43, 41, 55, 77, 53, 90, 64, 106, 114, 121, 67, 16, 27, 10, 15, 8, 92, 125, 117, 119, 123, 141, 47, 126, 35, 124, 75, 142, 86, 89, 83, 127, 128, 52, 131, 143, 23, 97, 74, 76, 129, 40, 132, 130, 7, 133, 93, 85, 48, 115, 78, 61, 109, 134, 71, 58, 12, 147, 146, 144, 148, 145, 102, 149, 99, 105, 26, 28, 135, 36, 112, 136]",False,complete,202,202,11141,0,5736,73,5663,2000,random,True,2,134,25,134,25,25,25,25
1,459,8,14,135,"[13, 14, 17, 18, 32, 112, 116, 118, 122, 136, 137, 138, 139, 140]","[0, 1, 2, 3, 4, 5, 6, 7, 8, 9, 10, 11, 12, 15, 16, 19, 20, 21, 22, 23, 24, 25, 26, 27, 28, 29, 30, 31, 33, 34, 35, 36, 37, 38, 39, 40, 41, 42, 43, 44, 45, 46, 47, 48, 49, 50, 51, 52, 53, 54, 55, 56, 57, 58, 59, 60, 61, 62, 63, 64, 65, 66, 67, 68, 69, 70, 71, 72, 73, 74, 75, 76, 77, 78, 79, 80, 81, 82, 83, 84, 85, 86, 87, 88, 89, 90, 91, 92, 93, 94, 95, 96, 97, 98, 99, 100, 101, 102, 103, 104, 105, 106, 107, 108, 109, 110, 111, 114, 115, 117, 119, 120, 121, 123, 124, 125, 126, 127, 128, 129, 130, 131, 132, 133, 134, 135, 141, 142, 143, 144, 145, 146, 147, 148, 149]",{},[],0,"[122, 17, 18, 32, 137, 138, 140, 139, 13, 14, 116, 118, 136, 112, 36, 135, 28, 26, 105, 99, 144, 10, 145, 149, 102, 146, 147, 12, 58, 71, 134, 109, 67, 78, 48, 61, 148, 93, 85, 133, 130, 129, 76, 128, 97, 94, 74, 127, 91, 126, 35, 7, 21, 125, 83, 75, 142, 77, 141, 92, 115, 8, 27, 106, 101, 23, 120, 121, 114, 15, 16, 6, 124, 1, 2, 0, 42, 131, 132, 52, 64, 50, 123, 53, 55, 90, 117, 119, 43, 29, 41, 22, 4, 5, 3, 31, 30, 11, 100, 98, 96, 110, 9, 111, 108, 107, 40, 63, 47, 46, 45, 51, 54, 57, 56, 49, 68, 62, 60, 89, 70, 59, 69, 80, 79, 72, 104, 73, 143, 66, 86, 65, 87, 103, 95, 88, 82, 81, 44, 38, 39, 33, 34, 25, 37, 20, 84, 24, 19]",True,75809143902,75.809143902,"[36, 135, 26, 28, 105, 99, 149, 102, 148, 144, 145, 146, 147, 12, 58, 71, 134, 109, 61, 67, 78, 10, 48, 93, 85, 133, 130, 129, 76, 128, 97, 94, 74, 127, 89, 126, 35, 7, 125, 21, 83, 142, 141, 77, 8, 27, 5, 124, 123, 119, 75, 117, 92, 53, 16, 42, 131, 132, 52, 64, 50, 55, 90, 43, 15, 41, 29, 115, 121, 114, 106, 120, 101, 107, 110, 108, 111, 9, 6, 1, 2, 0, 40, 143, 63, 31, 30, 11, 100, 98, 96, 3, 4, 23, 22, 70, 62, 60, 68, 69, 59, 91, 80, 79, 72, 104, 73, 65, 66, 84, 86, 82, 87, 81, 88, 103, 95, 54, 44, 24, 47, 46, 25, 20, 19, 39, 51, 49, 45, 56, 37, 34, 57, 38, 33]","[33, 38, 57, 34, 37, 56, 45, 49, 51, 39, 19, 20, 25, 46, 47, 24, 44, 54, 95, 103, 88, 81, 87, 82, 86, 84, 66, 65, 73, 104, 72, 79, 80, 91, 59, 69, 68, 60, 62, 70, 22, 23, 4, 3, 96, 98, 100, 11, 30, 31, 63, 143, 40, 0, 2, 1, 6, 9, 111, 108, 110, 107, 101, 120, 106, 114, 121, 115, 29, 41, 15, 43, 90, 55, 50, 64, 52, 132, 131, 42, 16, 53, 92, 117, 75, 119, 123, 124, 5, 27, 8, 77, 141, 142, 83, 21, 125, 7, 35, 126, 89, 127, 74, 94, 97, 128, 76, 129, 130, 133, 85, 93, 48, 10, 78, 67, 61, 109, 134, 71, 58, 12, 147, 146, 145, 144, 148, 102, 149, 99, 105, 28, 26, 135, 36]",False,complete,214,214,11621,0,7088,59,7029,2000,random,True,2,126,25,126,25,25,25,25
1,460,9,16,133,"[13, 14, 17, 18, 32, 36, 112, 116, 118, 122, 135, 136, 137, 138, 139, 140]","[0, 1, 2, 3, 4, 5, 6, 7, 8, 9, 10, 11, 12, 15, 16, 19, 20, 21, 22, 23, 24, 25, 26, 27, 28, 29, 30, 31, 33, 34, 35, 37, 38, 39, 40, 41, 42, 43, 44, 45, 46, 47, 48, 49, 50, 51, 52, 53, 54, 55, 56, 57, 58, 59, 60, 61, 62, 63, 64, 65, 66, 67, 68, 69, 70, 71, 72, 73, 74, 75, 76, 77, 78, 79, 80, 81, 82, 83, 84, 85, 86, 87, 88, 89, 90, 91, 92, 93, 94, 95, 96, 97, 98, 99, 100, 101, 102, 103, 104, 105, 106, 107, 108, 109, 110, 111, 114, 115, 117, 119, 120, 121, 123, 124, 125, 126, 127, 128, 129, 130, 131, 132, 133, 134, 141, 142, 143, 144, 145, 146, 147, 148, 149]",{},[],0,"[122, 17, 18, 32, 137, 138, 140, 139, 13, 14, 116, 118, 136, 112, 36, 135, 28, 26, 105, 99, 144, 10, 145, 149, 102, 146, 147, 12, 58, 71, 134, 109, 67, 78, 48, 61, 148, 93, 85, 133, 130, 129, 76, 128, 97, 94, 74, 127, 91, 126, 35, 7, 21, 125, 83, 75, 142, 77, 141, 92, 115, 8, 27, 106, 101, 23, 120, 121, 114, 15, 16, 6, 124, 1, 2, 0, 42, 131, 132, 52, 64, 50, 123, 53, 55, 90, 117, 119, 43, 29, 41, 22, 4, 5, 3, 31, 30, 11, 100, 98, 96, 110, 9, 111, 108, 107, 40, 63, 47, 46, 45, 51, 54, 57, 56, 49, 68, 62, 60, 89, 70, 59, 69, 80, 79, 72, 104, 73, 143, 66, 86, 65, 87, 103, 95, 88, 82, 81, 44, 38, 39, 33, 34, 25, 37, 20, 84, 24, 19]",True,44022624091,44.022624091,"[28, 26, 105, 99, 148, 115, 145, 149, 144, 146, 147, 12, 71, 58, 134, 109, 67, 78, 48, 61, 10, 133, 129, 93, 85, 130, 74, 42, 40, 7, 131, 132, 52, 143, 128, 127, 31, 47, 35, 126, 125, 141, 29, 103, 124, 123, 142, 55, 27, 15, 8, 92, 77, 75, 104, 119, 102, 94, 16, 25, 76, 110, 108, 64, 117, 107, 53, 90, 41, 43, 111, 9, 6, 1, 2, 0, 114, 70, 69, 80, 121, 89, 120, 101, 63, 106, 79, 62, 60, 59, 68, 72, 87, 46, 51, 37, 34, 54, 50, 39, 88, 91, 83, 73, 65, 66, 84, 86, 81, 82, 30, 24, 100, 95, 44, 49, 45, 57, 56, 38, 33, 97, 96, 98, 11, 23, 5, 4, 3, 21, 22, 20, 19]","[19, 20, 22, 21, 3, 4, 5, 23, 11, 98, 96, 97, 33, 38, 56, 57, 45, 49, 44, 95, 100, 24, 30, 82, 81, 86, 84, 66, 65, 73, 83, 91, 88, 39, 50, 54, 34, 37, 51, 46, 87, 72, 68, 59, 60, 62, 79, 106, 63, 101, 120, 89, 121, 80, 69, 70, 114, 0, 2, 1, 6, 9, 111, 43, 41, 90, 53, 107, 117, 64, 108, 110, 76, 25, 16, 94, 102, 119, 104, 75, 77, 92, 8, 15, 27, 55, 142, 123, 124, 103, 29, 141, 125, 126, 35, 47, 31, 127, 128, 143, 52, 132, 131, 7, 40, 42, 74, 130, 85, 93, 129, 133, 10, 61, 48, 78, 67, 109, 134, 58, 71, 12, 147, 146, 144, 149, 145, 115, 148, 99, 105, 26, 28]",False,complete,148,148,9375,0,3321,9,3312,2000,random,True,2,133,25,133,25,25,25,25
1,461,10,18,131,"[13, 14, 17, 18, 26, 28, 32, 36, 112, 116, 118, 122, 135, 136, 137, 138, 139, 140]","[0, 1, 2, 3, 4, 5, 6, 7, 8, 9, 10, 11, 12, 15, 16, 19, 20, 21, 22, 23, 24, 25, 27, 29, 30, 31, 33, 34, 35, 37, 38, 39, 40, 41, 42, 43, 44, 45, 46, 47, 48, 49, 50, 51, 52, 53, 54, 55, 56, 57, 58, 59, 60, 61, 62, 63, 64, 65, 66, 67, 68, 69, 70, 71, 72, 73, 74, 75, 76, 77, 78, 79, 80, 81, 82, 83, 84, 85, 86, 87, 88, 89, 90, 91, 92, 93, 94, 95, 96, 97, 98, 99, 100, 101, 102, 103, 104, 105, 106, 107, 108, 109, 110, 111, 114, 115, 117, 119, 120, 121, 123, 124, 125, 126, 127, 128, 129, 130, 131, 132, 133, 134, 141, 142, 143, 144, 145, 146, 147, 148, 149]",{},[],0,"[122, 17, 18, 32, 137, 138, 140, 139, 13, 14, 116, 118, 136, 112, 36, 135, 28, 26, 105, 99, 144, 10, 145, 149, 102, 146, 147, 12, 58, 71, 134, 109, 67, 78, 48, 61, 148, 93, 85, 133, 130, 129, 76, 128, 97, 94, 74, 127, 91, 126, 35, 7, 21, 125, 83, 75, 142, 77, 141, 92, 115, 8, 27, 106, 101, 23, 120, 121, 114, 15, 16, 6, 124, 1, 2, 0, 42, 131, 132, 52, 64, 50, 123, 53, 55, 90, 117, 119, 43, 29, 41, 22, 4, 5, 3, 31, 30, 11, 100, 98, 96, 110, 9, 111, 108, 107, 40, 63, 47, 46, 45, 51, 54, 57, 56, 49, 68, 62, 60, 89, 70, 59, 69, 80, 79, 72, 104, 73, 143, 66, 86, 65, 87, 103, 95, 88, 82, 81, 44, 38, 39, 33, 34, 25, 37, 20, 84, 24, 19]",True,129286942390,129.286942390,"[105, 99, 145, 148, 115, 144, 149, 146, 147, 12, 58, 71, 134, 109, 78, 48, 61, 102, 85, 93, 133, 7, 130, 132, 40, 129, 74, 76, 97, 23, 143, 131, 54, 128, 127, 83, 89, 86, 141, 77, 124, 35, 126, 47, 125, 142, 123, 119, 117, 90, 29, 55, 15, 27, 10, 16, 67, 106, 101, 120, 64, 111, 108, 53, 75, 92, 43, 41, 8, 121, 114, 107, 110, 9, 6, 1, 2, 0, 42, 63, 22, 4, 5, 3, 31, 30, 11, 100, 98, 96, 52, 51, 46, 25, 39, 50, 34, 21, 37, 20, 19, 24, 103, 44, 33, 84, 82, 57, 38, 70, 56, 49, 45, 94, 62, 60, 68, 66, 73, 69, 59, 80, 91, 87, 81, 79, 72, 65, 88, 104, 95]","[95, 104, 88, 65, 72, 79, 81, 87, 91, 80, 59, 69, 73, 66, 68, 60, 62, 94, 45, 49, 56, 70, 38, 57, 82, 84, 33, 44, 103, 24, 19, 20, 37, 21, 34, 50, 39, 25, 46, 51, 52, 96, 98, 100, 11, 30, 31, 3, 5, 4, 22, 63, 42, 0, 2, 1, 6, 9, 110, 107, 114, 121, 8, 41, 43, 92, 75, 53, 108, 111, 64, 120, 101, 106, 67, 16, 10, 27, 15, 55, 29, 90, 117, 119, 123, 142, 125, 47, 126, 35, 124, 77, 141, 86, 89, 83, 127, 128, 54, 131, 143, 23, 97, 76, 74, 129, 40, 132, 130, 7, 133, 93, 85, 102, 61, 48, 78, 109, 134, 71, 58, 12, 147, 146, 149, 144, 115, 148, 145, 99, 105]",False,complete,330,330,14445,0,12852,248,12604,2000,random,True,2,129,26,129,26,26,26,26
1,462,11,20,129,"[13, 14, 17, 18, 26, 28, 32, 36, 99, 105, 112, 116, 118, 122, 135, 136, 137, 138, 139, 140]","[0, 1, 2, 3, 4, 5, 6, 7, 8, 9, 10, 11, 12, 15, 16, 19, 20, 21, 22, 23, 24, 25, 27, 29, 30, 31, 33, 34, 35, 37, 38, 39, 40, 41, 42, 43, 44, 45, 46, 47, 48, 49, 50, 51, 52, 53, 54, 55, 56, 57, 58, 59, 60, 61, 62, 63, 64, 65, 66, 67, 68, 69, 70, 71, 72, 73, 74, 75, 76, 77, 78, 79, 80, 81, 82, 83, 84, 85, 86, 87, 88, 89, 90, 91, 92, 93, 94, 95, 96, 97, 98, 100, 101, 102, 103, 104, 106, 107, 108, 109, 110, 111, 114, 115, 117, 119, 120, 121, 123, 124, 125, 126, 127, 128, 129, 130, 131, 132, 133, 134, 141, 142, 143, 144, 145, 146, 147, 148, 149]",{},[],0,"[122, 17, 18, 32, 137, 138, 140, 139, 13, 14, 116, 118, 136, 112, 36, 135, 28, 26, 105, 99, 144, 10, 145, 149, 102, 146, 147, 12, 58, 71, 134, 109, 67, 78, 48, 61, 148, 93, 85, 133, 130, 129, 76, 128, 97, 94, 74, 127, 91, 126, 35, 7, 21, 125, 83, 75, 142, 77, 141, 92, 115, 8, 27, 106, 101, 23, 120, 121, 114, 15, 16, 6, 124, 1, 2, 0, 42, 131, 132, 52, 64, 50, 123, 53, 55, 90, 117, 119, 43, 29, 41, 22, 4, 5, 3, 31, 30, 11, 100, 98, 96, 110, 9, 111, 108, 107, 40, 63, 47, 46, 45, 51, 54, 57, 56, 49, 68, 62, 60, 89, 70, 59, 69, 80, 79, 72, 104, 73, 143, 66, 86, 65, 87, 103, 95, 88, 82, 81, 44, 38, 39, 33, 34, 25, 37, 20, 84, 24, 19]",True,86478445474,86.478445474,"[145, 148, 115, 149, 144, 146, 147, 12, 71, 58, 134, 109, 67, 61, 48, 78, 10, 133, 130, 93, 85, 129, 74, 42, 40, 7, 132, 131, 52, 143, 128, 127, 31, 47, 35, 126, 125, 142, 27, 103, 141, 124, 123, 55, 86, 43, 15, 29, 119, 8, 41, 102, 106, 117, 16, 25, 76, 110, 108, 107, 64, 53, 90, 92, 77, 75, 111, 9, 6, 2, 1, 0, 30, 100, 98, 96, 97, 11, 121, 114, 120, 101, 95, 63, 104, 84, 54, 51, 46, 70, 69, 91, 79, 80, 62, 60, 68, 59, 94, 72, 66, 65, 73, 87, 89, 88, 82, 81, 83, 24, 50, 44, 49, 45, 56, 57, 38, 23, 39, 33, 34, 21, 37, 20, 19, 5, 22, 4, 3]","[3, 4, 22, 5, 19, 20, 37, 21, 34, 33, 39, 23, 38, 57, 56, 45, 49, 44, 50, 24, 83, 81, 82, 88, 89, 87, 73, 65, 66, 72, 94, 59, 68, 60, 62, 80, 79, 91, 69, 70, 46, 51, 54, 84, 104, 63, 95, 101, 120, 114, 121, 11, 97, 96, 98, 100, 30, 0, 1, 2, 6, 9, 111, 75, 77, 92, 90, 53, 64, 107, 108, 110, 76, 25, 16, 117, 106, 102, 41, 8, 119, 29, 15, 43, 86, 55, 123, 124, 141, 103, 27, 142, 125, 126, 35, 47, 31, 127, 128, 143, 52, 131, 132, 7, 40, 42, 74, 129, 85, 93, 130, 133, 10, 78, 48, 61, 67, 109, 134, 58, 71, 12, 147, 146, 144, 149, 115, 148, 145]",False,complete,219,219,11358,0,7046,205,6841,2000,random,True,2,115,28,115,28,28,28,28
1,463,12,22,127,"[10, 13, 14, 17, 18, 26, 28, 32, 36, 99, 105, 112, 116, 118, 122, 135, 136, 137, 138, 139, 140, 144]","[0, 1, 2, 3, 4, 5, 6, 7, 8, 9, 11, 12, 15, 16, 19, 20, 21, 22, 23, 24, 25, 27, 29, 30, 31, 33, 34, 35, 37, 38, 39, 40, 41, 42, 43, 44, 45, 46, 47, 48, 49, 50, 51, 52, 53, 54, 55, 56, 57, 58, 59, 60, 61, 62, 63, 64, 65, 66, 67, 68, 69, 70, 71, 72, 73, 74, 75, 76, 77, 78, 79, 80, 81, 82, 83, 84, 85, 86, 87, 88, 89, 90, 91, 92, 93, 94, 95, 96, 97, 98, 100, 101, 102, 103, 104, 106, 107, 108, 109, 110, 111, 114, 115, 117, 119, 120, 121, 123, 124, 125, 126, 127, 128, 129, 130, 131, 132, 133, 134, 141, 142, 143, 145, 146, 147, 148, 149]",{},[],0,"[122, 17, 18, 32, 137, 138, 140, 139, 13, 14, 116, 118, 136, 112, 36, 135, 28, 26, 105, 99, 144, 10, 145, 149, 102, 146, 147, 12, 58, 71, 134, 109, 67, 78, 48, 61, 148, 93, 85, 133, 130, 129, 76, 128, 97, 94, 74, 127, 91, 126, 35, 7, 21, 125, 83, 75, 142, 77, 141, 92, 115, 8, 27, 106, 101, 23, 120, 121, 114, 15, 16, 6, 124, 1, 2, 0, 42, 131, 132, 52, 64, 50, 123, 53, 55, 90, 117, 119, 43, 29, 41, 22, 4, 5, 3, 31, 30, 11, 100, 98, 96, 110, 9, 111, 108, 107, 40, 63, 47, 46, 45, 51, 54, 57, 56, 49, 68, 62, 60, 89, 70, 59, 69, 80, 79, 72, 104, 73, 143, 66, 86, 65, 87, 103, 95, 88, 82, 81, 44, 38, 39, 33, 34, 25, 37, 20, 84, 24, 19]",True,128441120974,128.441120974,"[149, 102, 145, 146, 147, 12, 71, 58, 134, 109, 61, 78, 67, 148, 48, 93, 85, 133, 130, 129, 76, 128, 97, 94, 74, 127, 91, 126, 35, 7, 21, 125, 83, 75, 142, 77, 141, 90, 115, 15, 16, 42, 40, 132, 131, 54, 110, 108, 106, 101, 120, 64, 50, 124, 123, 53, 55, 119, 117, 92, 41, 27, 43, 8, 29, 121, 114, 107, 111, 9, 6, 2, 1, 0, 143, 47, 46, 63, 70, 51, 52, 68, 60, 104, 62, 37, 34, 39, 49, 45, 57, 56, 33, 38, 44, 31, 100, 96, 98, 11, 84, 30, 24, 23, 25, 19, 20, 5, 22, 4, 3, 59, 89, 73, 66, 69, 80, 79, 72, 65, 86, 82, 87, 81, 88, 103, 95]","[95, 103, 88, 81, 87, 82, 86, 65, 72, 79, 80, 69, 66, 73, 89, 59, 3, 4, 22, 5, 20, 19, 25, 23, 24, 30, 84, 11, 98, 96, 100, 31, 44, 38, 33, 56, 57, 45, 49, 39, 34, 37, 62, 104, 60, 68, 52, 51, 70, 63, 46, 47, 143, 0, 1, 2, 6, 9, 111, 107, 114, 121, 29, 8, 43, 27, 41, 92, 117, 119, 55, 53, 123, 124, 50, 64, 120, 101, 106, 108, 110, 54, 131, 132, 40, 42, 16, 15, 115, 90, 141, 77, 142, 75, 83, 125, 21, 7, 35, 126, 91, 127, 74, 94, 97, 128, 76, 129, 130, 133, 85, 93, 48, 148, 67, 78, 61, 109, 134, 58, 71, 12, 147, 146, 145, 102, 149]",False,complete,304,304,13537,0,12704,200,12504,2000,random,True,2,148,26,148,26,26,26,26
1,464,13,24,125,"[10, 13, 14, 17, 18, 26, 28, 32, 36, 99, 105, 112, 116, 118, 122, 135, 136, 137, 138, 139, 140, 144, 145, 149]","[0, 1, 2, 3, 4, 5, 6, 7, 8, 9, 11, 12, 15, 16, 19, 20, 21, 22, 23, 24, 25, 27, 29, 30, 31, 33, 34, 35, 37, 38, 39, 40, 41, 42, 43, 44, 45, 46, 47, 48, 49, 50, 51, 52, 53, 54, 55, 56, 57, 58, 59, 60, 61, 62, 63, 64, 65, 66, 67, 68, 69, 70, 71, 72, 73, 74, 75, 76, 77, 78, 79, 80, 81, 82, 83, 84, 85, 86, 87, 88, 89, 90, 91, 92, 93, 94, 95, 96, 97, 98, 100, 101, 102, 103, 104, 106, 107, 108, 109, 110, 111, 114, 115, 117, 119, 120, 121, 123, 124, 125, 126, 127, 128, 129, 130, 131, 132, 133, 134, 141, 142, 143, 146, 147, 148]",{},[],0,"[122, 17, 18, 32, 137, 138, 140, 139, 13, 14, 116, 118, 136, 112, 36, 135, 28, 26, 105, 99, 144, 10, 145, 149, 102, 146, 147, 12, 58, 71, 134, 109, 67, 78, 48, 61, 148, 93, 85, 133, 130, 129, 76, 128, 97, 94, 74, 127, 91, 126, 35, 7, 21, 125, 83, 75, 142, 77, 141, 92, 115, 8, 27, 106, 101, 23, 120, 121, 114, 15, 16, 6, 124, 1, 2, 0, 42, 131, 132, 52, 64, 50, 123, 53, 55, 90, 117, 119, 43, 29, 41, 22, 4, 5, 3, 31, 30, 11, 100, 98, 96, 110, 9, 111, 108, 107, 40, 63, 47, 46, 45, 51, 54, 57, 56, 49, 68, 62, 60, 89, 70, 59, 69, 80, 79, 72, 104, 73, 143, 66, 86, 65, 87, 103, 95, 88, 82, 81, 44, 38, 39, 33, 34, 25, 37, 20, 84, 24, 19]",False,400075358640,400.075358640,[],[],False,runtime_limit,1366,1366,28275,0,25849,604,25245,2000,random,True,2,32,2,32,2,2,2,0
1,465,14,26,123,"[10, 13, 14, 17, 18, 26, 28, 32, 36, 99, 102, 105, 112, 116, 118, 122, 135, 136, 137, 138, 139, 140, 144, 145, 146, 149]","[0, 1, 2, 3, 4, 5, 6, 7, 8, 9, 11, 12, 15, 16, 19, 20, 21, 22, 23, 24, 25, 27, 29, 30, 31, 33, 34, 35, 37, 38, 39, 40, 41, 42, 43, 44, 45, 46, 47, 48, 49, 50, 51, 52, 53, 54, 55, 56, 57, 58, 59, 60, 61, 62, 63, 64, 65, 66, 67, 68, 69, 70, 71, 72, 73, 74, 75, 76, 77, 78, 79, 80, 81, 82, 83, 84, 85, 86, 87, 88, 89, 90, 91, 92, 93, 94, 95, 96, 97, 98, 100, 101, 103, 104, 106, 107, 108, 109, 110, 111, 114, 115, 117, 119, 120, 121, 123, 124, 125, 126, 127, 128, 129, 130, 131, 132, 133, 134, 141, 142, 143, 147, 148]",{},[],0,"[122, 17, 18, 32, 137, 138, 140, 139, 13, 14, 116, 118, 136, 112, 36, 135, 28, 26, 105, 99, 144, 10, 145, 149, 102, 146, 147, 12, 58, 71, 134, 109, 67, 78, 48, 61, 148, 93, 85, 133, 130, 129, 76, 128, 97, 94, 74, 127, 91, 126, 35, 7, 21, 125, 83, 75, 142, 77, 141, 92, 115, 8, 27, 106, 101, 23, 120, 121, 114, 15, 16, 6, 124, 1, 2, 0, 42, 131, 132, 52, 64, 50, 123, 53, 55, 90, 117, 119, 43, 29, 41, 22, 4, 5, 3, 31, 30, 11, 100, 98, 96, 110, 9, 111, 108, 107, 40, 63, 47, 46, 45, 51, 54, 57, 56, 49, 68, 62, 60, 89, 70, 59, 69, 80, 79, 72, 104, 73, 143, 66, 86, 65, 87, 103, 95, 88, 82, 81, 44, 38, 39, 33, 34, 25, 37, 20, 84, 24, 19]",False,400442513542,400.442513542,[],[],False,runtime_limit,955,955,21244,0,27117,388,26729,2000,random,True,2,41,2,41,2,2,2,0
1,466,15,28,121,"[10, 12, 13, 14, 17, 18, 26, 28, 32, 36, 99, 102, 105, 112, 116, 118, 122, 135, 136, 137, 138, 139, 140, 144, 145, 146, 147, 149]","[0, 1, 2, 3, 4, 5, 6, 7, 8, 9, 11, 15, 16, 19, 20, 21, 22, 23, 24, 25, 27, 29, 30, 31, 33, 34, 35, 37, 38, 39, 40, 41, 42, 43, 44, 45, 46, 47, 48, 49, 50, 51, 52, 53, 54, 55, 56, 57, 58, 59, 60, 61, 62, 63, 64, 65, 66, 67, 68, 69, 70, 71, 72, 73, 74, 75, 76, 77, 78, 79, 80, 81, 82, 83, 84, 85, 86, 87, 88, 89, 90, 91, 92, 93, 94, 95, 96, 97, 98, 100, 101, 103, 104, 106, 107, 108, 109, 110, 111, 114, 115, 117, 119, 120, 121, 123, 124, 125, 126, 127, 128, 129, 130, 131, 132, 133, 134, 141, 142, 143, 148]",{},[],0,"[122, 17, 18, 32, 137, 138, 140, 139, 13, 14, 116, 118, 136, 112, 36, 135, 28, 26, 105, 99, 144, 10, 145, 149, 102, 146, 147, 12, 58, 71, 134, 109, 67, 78, 48, 61, 148, 93, 85, 133, 130, 129, 76, 128, 97, 94, 74, 127, 91, 126, 35, 7, 21, 125, 83, 75, 142, 77, 141, 92, 115, 8, 27, 106, 101, 23, 120, 121, 114, 15, 16, 6, 124, 1, 2, 0, 42, 131, 132, 52, 64, 50, 123, 53, 55, 90, 117, 119, 43, 29, 41, 22, 4, 5, 3, 31, 30, 11, 100, 98, 96, 110, 9, 111, 108, 107, 40, 63, 47, 46, 45, 51, 54, 57, 56, 49, 68, 62, 60, 89, 70, 59, 69, 80, 79, 72, 104, 73, 143, 66, 86, 65, 87, 103, 95, 88, 82, 81, 44, 38, 39, 33, 34, 25, 37, 20, 84, 24, 19]",True,68894314102,68.894314102,"[58, 71, 134, 109, 48, 67, 78, 61, 148, 93, 85, 133, 130, 129, 74, 40, 42, 7, 131, 132, 52, 143, 128, 126, 47, 125, 94, 100, 141, 142, 15, 8, 77, 76, 44, 50, 124, 123, 115, 103, 16, 110, 108, 63, 106, 127, 90, 55, 92, 119, 75, 53, 117, 107, 29, 27, 43, 41, 111, 9, 6, 1, 2, 0, 121, 114, 120, 101, 25, 87, 91, 104, 81, 97, 96, 98, 88, 89, 95, 83, 82, 86, 64, 84, 24, 31, 30, 11, 54, 51, 46, 45, 39, 62, 49, 56, 57, 38, 73, 66, 68, 60, 70, 69, 59, 80, 79, 72, 65, 23, 5, 3, 4, 21, 22, 20, 19, 35, 37, 34, 33]","[33, 34, 37, 35, 19, 20, 22, 21, 4, 3, 5, 23, 65, 72, 79, 80, 59, 69, 70, 60, 68, 66, 73, 38, 57, 56, 49, 62, 39, 45, 46, 51, 54, 11, 30, 31, 24, 84, 64, 86, 82, 83, 95, 89, 88, 98, 96, 97, 81, 104, 91, 87, 25, 101, 120, 114, 121, 0, 2, 1, 6, 9, 111, 41, 43, 27, 29, 107, 117, 53, 75, 119, 92, 55, 90, 127, 106, 63, 108, 110, 16, 103, 115, 123, 124, 50, 44, 76, 77, 8, 15, 142, 141, 100, 94, 125, 47, 126, 128, 143, 52, 132, 131, 7, 42, 40, 74, 129, 130, 133, 85, 93, 148, 61, 78, 67, 48, 109, 134, 71, 58]",False,complete,184,184,9843,0,5676,101,5575,2000,random,True,2,126,26,126,26,26,26,26
1,467,16,30,119,"[10, 12, 13, 14, 17, 18, 26, 28, 32, 36, 58, 71, 99, 102, 105, 112, 116, 118, 122, 135, 136, 137, 138, 139, 140, 144, 145, 146, 147, 149]","[0, 1, 2, 3, 4, 5, 6, 7, 8, 9, 11, 15, 16, 19, 20, 21, 22, 23, 24, 25, 27, 29, 30, 31, 33, 34, 35, 37, 38, 39, 40, 41, 42, 43, 44, 45, 46, 47, 48, 49, 50, 51, 52, 53, 54, 55, 56, 57, 59, 60, 61, 62, 63, 64, 65, 66, 67, 68, 69, 70, 72, 73, 74, 75, 76, 77, 78, 79, 80, 81, 82, 83, 84, 85, 86, 87, 88, 89, 90, 91, 92, 93, 94, 95, 96, 97, 98, 100, 101, 103, 104, 106, 107, 108, 109, 110, 111, 114, 115, 117, 119, 120, 121, 123, 124, 125, 126, 127, 128, 129, 130, 131, 132, 133, 134, 141, 142, 143, 148]",{},[],0,"[122, 17, 18, 32, 137, 138, 140, 139, 13, 14, 116, 118, 136, 112, 36, 135, 28, 26, 105, 99, 144, 10, 145, 149, 102, 146, 147, 12, 58, 71, 134, 109, 67, 78, 48, 61, 148, 93, 85, 133, 130, 129, 76, 128, 97, 94, 74, 127, 91, 126, 35, 7, 21, 125, 83, 75, 142, 77, 141, 92, 115, 8, 27, 106, 101, 23, 120, 121, 114, 15, 16, 6, 124, 1, 2, 0, 42, 131, 132, 52, 64, 50, 123, 53, 55, 90, 117, 119, 43, 29, 41, 22, 4, 5, 3, 31, 30, 11, 100, 98, 96, 110, 9, 111, 108, 107, 40, 63, 47, 46, 45, 51, 54, 57, 56, 49, 68, 62, 60, 89, 70, 59, 69, 80, 79, 72, 104, 73, 143, 66, 86, 65, 87, 103, 95, 88, 82, 81, 44, 38, 39, 33, 34, 25, 37, 20, 84, 24, 19]",True,34103863757,34.103863757,"[134, 109, 61, 67, 48, 78, 148, 93, 85, 133, 130, 129, 76, 128, 97, 94, 74, 127, 91, 126, 35, 7, 21, 125, 83, 75, 142, 77, 141, 90, 115, 15, 16, 40, 42, 132, 131, 52, 106, 101, 120, 64, 111, 108, 50, 124, 123, 55, 119, 92, 53, 117, 8, 41, 29, 43, 27, 121, 114, 107, 110, 9, 6, 2, 1, 0, 143, 5, 23, 4, 22, 3, 25, 63, 20, 44, 37, 34, 39, 54, 47, 46, 51, 57, 38, 33, 56, 45, 49, 68, 62, 60, 89, 70, 69, 59, 79, 80, 72, 103, 73, 66, 65, 84, 86, 98, 96, 100, 87, 82, 81, 88, 104, 95, 11, 31, 30, 24, 19]","[19, 24, 30, 31, 11, 95, 104, 88, 81, 82, 87, 100, 96, 98, 86, 84, 65, 66, 73, 103, 72, 80, 79, 59, 69, 70, 89, 60, 62, 68, 49, 45, 56, 33, 38, 57, 51, 46, 47, 54, 39, 34, 37, 44, 20, 63, 25, 3, 22, 4, 23, 5, 143, 0, 1, 2, 6, 9, 110, 107, 114, 121, 27, 43, 29, 41, 8, 117, 53, 92, 119, 55, 123, 124, 50, 108, 111, 64, 120, 101, 106, 52, 131, 132, 42, 40, 16, 15, 115, 90, 141, 77, 142, 75, 83, 125, 21, 7, 35, 126, 91, 127, 74, 94, 97, 128, 76, 129, 130, 133, 85, 93, 148, 78, 48, 67, 61, 109, 134]",False,complete,147,147,7319,0,2599,27,2572,2000,random,True,2,153,27,153,27,27,27,27
1,468,17,32,117,"[10, 12, 13, 14, 17, 18, 26, 28, 32, 36, 58, 71, 99, 102, 105, 109, 112, 116, 118, 122, 134, 135, 136, 137, 138, 139, 140, 144, 145, 146, 147, 149]","[0, 1, 2, 3, 4, 5, 6, 7, 8, 9, 11, 15, 16, 19, 20, 21, 22, 23, 24, 25, 27, 29, 30, 31, 33, 34, 35, 37, 38, 39, 40, 41, 42, 43, 44, 45, 46, 47, 48, 49, 50, 51, 52, 53, 54, 55, 56, 57, 59, 60, 61, 62, 63, 64, 65, 66, 67, 68, 69, 70, 72, 73, 74, 75, 76, 77, 78, 79, 80, 81, 82, 83, 84, 85, 86, 87, 88, 89, 90, 91, 92, 93, 94, 95, 96, 97, 98, 100, 101, 103, 104, 106, 107, 108, 110, 111, 114, 115, 117, 119, 120, 121, 123, 124, 125, 126, 127, 128, 129, 130, 131, 132, 133, 141, 142, 143, 148]",{},[],0,"[122, 17, 18, 32, 137, 138, 140, 139, 13, 14, 116, 118, 136, 112, 36, 135, 28, 26, 105, 99, 144, 10, 145, 149, 102, 146, 147, 12, 58, 71, 134, 109, 67, 78, 48, 61, 148, 93, 85, 133, 130, 129, 76, 128, 97, 94, 74, 127, 91, 126, 35, 7, 21, 125, 83, 75, 142, 77, 141, 92, 115, 8, 27, 106, 101, 23, 120, 121, 114, 15, 16, 6, 124, 1, 2, 0, 42, 131, 132, 52, 64, 50, 123, 53, 55, 90, 117, 119, 43, 29, 41, 22, 4, 5, 3, 31, 30, 11, 100, 98, 96, 110, 9, 111, 108, 107, 40, 63, 47, 46, 45, 51, 54, 57, 56, 49, 68, 62, 60, 89, 70, 59, 69, 80, 79, 72, 104, 73, 143, 66, 86, 65, 87, 103, 95, 88, 82, 81, 44, 38, 39, 33, 34, 25, 37, 20, 84, 24, 19]",False,400672374832,400.672374832,[],[],False,runtime_limit,875,875,19619,0,25988,356,25632,2000,random,True,2,37,2,37,2,2,2,0
1,469,18,34,115,"[10, 12, 13, 14, 17, 18, 26, 28, 32, 36, 58, 67, 71, 78, 99, 102, 105, 109, 112, 116, 118, 122, 134, 135, 136, 137, 138, 139, 140, 144, 145, 146, 147, 149]","[0, 1, 2, 3, 4, 5, 6, 7, 8, 9, 11, 15, 16, 19, 20, 21, 22, 23, 24, 25, 27, 29, 30, 31, 33, 34, 35, 37, 38, 39, 40, 41, 42, 43, 44, 45, 46, 47, 48, 49, 50, 51, 52, 53, 54, 55, 56, 57, 59, 60, 61, 62, 63, 64, 65, 66, 68, 69, 70, 72, 73, 74, 75, 76, 77, 79, 80, 81, 82, 83, 84, 85, 86, 87, 88, 89, 90, 91, 92, 93, 94, 95, 96, 97, 98, 100, 101, 103, 104, 106, 107, 108, 110, 111, 114, 115, 117, 119, 120, 121, 123, 124, 125, 126, 127, 128, 129, 130, 131, 132, 133, 141, 142, 143, 148]",{},[],0,"[122, 17, 18, 32, 137, 138, 140, 139, 13, 14, 116, 118, 136, 112, 36, 135, 28, 26, 105, 99, 144, 10, 145, 149, 102, 146, 147, 12, 58, 71, 134, 109, 67, 78, 48, 61, 148, 93, 85, 133, 130, 129, 76, 128, 97, 94, 74, 127, 91, 126, 35, 7, 21, 125, 83, 75, 142, 77, 141, 92, 115, 8, 27, 106, 101, 23, 120, 121, 114, 15, 16, 6, 124, 1, 2, 0, 42, 131, 132, 52, 64, 50, 123, 53, 55, 90, 117, 119, 43, 29, 41, 22, 4, 5, 3, 31, 30, 11, 100, 98, 96, 110, 9, 111, 108, 107, 40, 63, 47, 46, 45, 51, 54, 57, 56, 49, 68, 62, 60, 89, 70, 59, 69, 80, 79, 72, 104, 73, 143, 66, 86, 65, 87, 103, 95, 88, 82, 81, 44, 38, 39, 33, 34, 25, 37, 20, 84, 24, 19]",True,40877136289,40.877136289,"[48, 61, 148, 93, 85, 133, 130, 129, 74, 40, 42, 7, 131, 132, 52, 143, 128, 126, 47, 125, 94, 100, 142, 141, 15, 8, 77, 76, 44, 50, 124, 123, 115, 90, 121, 16, 114, 63, 106, 127, 89, 55, 53, 117, 119, 92, 75, 27, 43, 41, 29, 120, 101, 107, 110, 108, 111, 9, 25, 87, 103, 104, 95, 97, 31, 96, 30, 98, 11, 6, 1, 2, 0, 81, 84, 24, 83, 70, 82, 88, 91, 73, 86, 65, 66, 64, 68, 60, 57, 62, 54, 46, 51, 45, 49, 39, 56, 38, 23, 5, 3, 4, 21, 22, 20, 19, 35, 37, 34, 33, 80, 72, 79, 69, 59]","[59, 69, 79, 72, 80, 33, 34, 37, 35, 19, 20, 22, 21, 4, 3, 5, 23, 38, 56, 39, 49, 45, 51, 46, 54, 62, 57, 60, 68, 64, 66, 65, 86, 73, 91, 88, 82, 70, 83, 24, 84, 81, 0, 2, 1, 6, 11, 98, 30, 96, 31, 97, 95, 104, 103, 87, 25, 9, 111, 108, 110, 107, 101, 120, 29, 41, 43, 27, 75, 92, 119, 117, 53, 55, 89, 127, 106, 63, 114, 16, 121, 90, 115, 123, 124, 50, 44, 76, 77, 8, 15, 141, 142, 100, 94, 125, 47, 126, 128, 143, 52, 132, 131, 7, 42, 40, 74, 129, 130, 133, 85, 93, 148, 61, 48]",False,complete,156,156,7325,0,3241,34,3207,2000,random,True,2,144,29,144,29,29,29,29
1,470,19,36,113,"[10, 12, 13, 14, 17, 18, 26, 28, 32, 36, 48, 58, 61, 67, 71, 78, 99, 102, 105, 109, 112, 116, 118, 122, 134, 135, 136, 137, 138, 139, 140, 144, 145, 146, 147, 149]","[0, 1, 2, 3, 4, 5, 6, 7, 8, 9, 11, 15, 16, 19, 20, 21, 22, 23, 24, 25, 27, 29, 30, 31, 33, 34, 35, 37, 38, 39, 40, 41, 42, 43, 44, 45, 46, 47, 49, 50, 51, 52, 53, 54, 55, 56, 57, 59, 60, 62, 63, 64, 65, 66, 68, 69, 70, 72, 73, 74, 75, 76, 77, 79, 80, 81, 82, 83, 84, 85, 86, 87, 88, 89, 90, 91, 92, 93, 94, 95, 96, 97, 98, 100, 101, 103, 104, 106, 107, 108, 110, 111, 114, 115, 117, 119, 120, 121, 123, 124, 125, 126, 127, 128, 129, 130, 131, 132, 133, 141, 142, 143, 148]",{},[],0,"[122, 17, 18, 32, 137, 138, 140, 139, 13, 14, 116, 118, 136, 112, 36, 135, 28, 26, 105, 99, 144, 10, 145, 149, 102, 146, 147, 12, 58, 71, 134, 109, 67, 78, 48, 61, 148, 93, 85, 133, 130, 129, 76, 128, 97, 94, 74, 127, 91, 126, 35, 7, 21, 125, 83, 75, 142, 77, 141, 92, 115, 8, 27, 106, 101, 23, 120, 121, 114, 15, 16, 6, 124, 1, 2, 0, 42, 131, 132, 52, 64, 50, 123, 53, 55, 90, 117, 119, 43, 29, 41, 22, 4, 5, 3, 31, 30, 11, 100, 98, 96, 110, 9, 111, 108, 107, 40, 63, 47, 46, 45, 51, 54, 57, 56, 49, 68, 62, 60, 89, 70, 59, 69, 80, 79, 72, 104, 73, 143, 66, 86, 65, 87, 103, 95, 88, 82, 81, 44, 38, 39, 33, 34, 25, 37, 20, 84, 24, 19]",True,89425399635,89.425399635,"[148, 93, 85, 133, 130, 129, 74, 40, 42, 7, 131, 132, 52, 143, 128, 126, 47, 125, 94, 100, 142, 141, 8, 15, 77, 76, 44, 50, 124, 123, 115, 103, 16, 63, 106, 127, 111, 108, 92, 90, 75, 117, 53, 119, 55, 43, 27, 41, 29, 110, 9, 101, 120, 121, 114, 107, 25, 31, 6, 2, 1, 0, 54, 39, 46, 62, 51, 45, 49, 56, 57, 38, 97, 98, 96, 11, 91, 30, 84, 24, 83, 87, 70, 95, 89, 104, 86, 88, 82, 81, 23, 5, 3, 4, 21, 22, 19, 20, 35, 37, 34, 33, 69, 80, 79, 72, 73, 66, 65, 64, 68, 60, 59]","[59, 60, 68, 64, 65, 66, 73, 72, 79, 80, 69, 33, 34, 37, 35, 20, 19, 22, 21, 4, 3, 5, 23, 81, 82, 88, 86, 104, 89, 95, 70, 87, 83, 24, 84, 30, 91, 11, 96, 98, 97, 38, 57, 56, 49, 45, 51, 62, 46, 39, 54, 0, 1, 2, 6, 31, 25, 107, 114, 121, 120, 101, 9, 110, 29, 41, 27, 43, 55, 119, 53, 117, 75, 90, 92, 108, 111, 127, 106, 63, 16, 103, 115, 123, 124, 50, 44, 76, 77, 15, 8, 141, 142, 100, 94, 125, 47, 126, 128, 143, 52, 132, 131, 7, 42, 40, 74, 129, 130, 133, 85, 93, 148]",False,complete,260,260,11118,0,8871,417,8454,2000,random,True,2,127,28,127,28,28,28,28
1,471,20,38,111,"[10, 12, 13, 14, 17, 18, 26, 28, 32, 36, 48, 58, 61, 67, 71, 78, 93, 99, 102, 105, 109, 112, 116, 118, 122, 134, 135, 136, 137, 138, 139, 140, 144, 145, 146, 147, 148, 149]","[0, 1, 2, 3, 4, 5, 6, 7, 8, 9, 11, 15, 16, 19, 20, 21, 22, 23, 24, 25, 27, 29, 30, 31, 33, 34, 35, 37, 38, 39, 40, 41, 42, 43, 44, 45, 46, 47, 49, 50, 51, 52, 53, 54, 55, 56, 57, 59, 60, 62, 63, 64, 65, 66, 68, 69, 70, 72, 73, 74, 75, 76, 77, 79, 80, 81, 82, 83, 84, 85, 86, 87, 88, 89, 90, 91, 92, 94, 95, 96, 97, 98, 100, 101, 103, 104, 106, 107, 108, 110, 111, 114, 115, 117, 119, 120, 121, 123, 124, 125, 126, 127, 128, 129, 130, 131, 132, 133, 141, 142, 143]",{},[],0,"[122, 17, 18, 32, 137, 138, 140, 139, 13, 14, 116, 118, 136, 112, 36, 135, 28, 26, 105, 99, 144, 10, 145, 149, 102, 146, 147, 12, 58, 71, 134, 109, 67, 78, 48, 61, 148, 93, 85, 133, 130, 129, 76, 128, 97, 94, 74, 127, 91, 126, 35, 7, 21, 125, 83, 75, 142, 77, 141, 92, 115, 8, 27, 106, 101, 23, 120, 121, 114, 15, 16, 6, 124, 1, 2, 0, 42, 131, 132, 52, 64, 50, 123, 53, 55, 90, 117, 119, 43, 29, 41, 22, 4, 5, 3, 31, 30, 11, 100, 98, 96, 110, 9, 111, 108, 107, 40, 63, 47, 46, 45, 51, 54, 57, 56, 49, 68, 62, 60, 89, 70, 59, 69, 80, 79, 72, 104, 73, 143, 66, 86, 65, 87, 103, 95, 88, 82, 81, 44, 38, 39, 33, 34, 25, 37, 20, 84, 24, 19]",True,51547935758,51.547935758,"[85, 133, 130, 129, 74, 42, 40, 7, 132, 131, 54, 143, 128, 126, 47, 125, 124, 123, 141, 142, 119, 104, 103, 127, 55, 86, 25, 27, 15, 117, 41, 16, 76, 97, 89, 64, 77, 92, 53, 90, 75, 8, 43, 29, 6, 2, 1, 0, 110, 9, 111, 108, 115, 107, 114, 44, 121, 63, 120, 101, 106, 70, 31, 100, 96, 95, 98, 11, 83, 30, 24, 84, 82, 69, 80, 79, 91, 88, 81, 87, 73, 94, 72, 65, 66, 50, 68, 59, 60, 35, 62, 57, 46, 45, 51, 23, 52, 49, 56, 38, 39, 34, 33, 21, 37, 19, 20, 5, 22, 4, 3]","[3, 4, 22, 5, 20, 19, 37, 21, 33, 34, 39, 38, 56, 49, 52, 23, 51, 45, 46, 57, 62, 35, 60, 59, 68, 50, 66, 65, 72, 94, 73, 87, 81, 88, 91, 79, 80, 69, 82, 84, 24, 30, 83, 11, 98, 95, 96, 100, 31, 70, 106, 101, 120, 63, 121, 44, 114, 107, 115, 108, 111, 9, 110, 0, 1, 2, 6, 29, 43, 8, 75, 90, 53, 92, 77, 64, 89, 97, 76, 16, 41, 117, 15, 27, 25, 86, 55, 127, 103, 104, 119, 142, 141, 123, 124, 125, 47, 126, 128, 143, 54, 131, 132, 7, 40, 42, 74, 129, 130, 133, 85]",False,complete,136,136,7263,0,4216,44,4172,2000,random,True,2,116,34,116,34,34,34,34
1,472,21,40,109,"[10, 12, 13, 14, 17, 18, 26, 28, 32, 36, 48, 58, 61, 67, 71, 78, 85, 93, 99, 102, 105, 109, 112, 116, 118, 122, 133, 134, 135, 136, 137, 138, 139, 140, 144, 145, 146, 147, 148, 149]","[0, 1, 2, 3, 4, 5, 6, 7, 8, 9, 11, 15, 16, 19, 20, 21, 22, 23, 24, 25, 27, 29, 30, 31, 33, 34, 35, 37, 38, 39, 40, 41, 42, 43, 44, 45, 46, 47, 49, 50, 51, 52, 53, 54, 55, 56, 57, 59, 60, 62, 63, 64, 65, 66, 68, 69, 70, 72, 73, 74, 75, 76, 77, 79, 80, 81, 82, 83, 84, 86, 87, 88, 89, 90, 91, 92, 94, 95, 96, 97, 98, 100, 101, 103, 104, 106, 107, 108, 110, 111, 114, 115, 117, 119, 120, 121, 123, 124, 125, 126, 127, 128, 129, 130, 131, 132, 141, 142, 143]",{},[],0,"[122, 17, 18, 32, 137, 138, 140, 139, 13, 14, 116, 118, 136, 112, 36, 135, 28, 26, 105, 99, 144, 10, 145, 149, 102, 146, 147, 12, 58, 71, 134, 109, 67, 78, 48, 61, 148, 93, 85, 133, 130, 129, 76, 128, 97, 94, 74, 127, 91, 126, 35, 7, 21, 125, 83, 75, 142, 77, 141, 92, 115, 8, 27, 106, 101, 23, 120, 121, 114, 15, 16, 6, 124, 1, 2, 0, 42, 131, 132, 52, 64, 50, 123, 53, 55, 90, 117, 119, 43, 29, 41, 22, 4, 5, 3, 31, 30, 11, 100, 98, 96, 110, 9, 111, 108, 107, 40, 63, 47, 46, 45, 51, 54, 57, 56, 49, 68, 62, 60, 89, 70, 59, 69, 80, 79, 72, 104, 73, 143, 66, 86, 65, 87, 103, 95, 88, 82, 81, 44, 38, 39, 33, 34, 25, 37, 20, 84, 24, 19]",False,400069759510,400.069759510,[],[],False,runtime_limit,1379,1379,26816,0,26309,621,25688,2000,random,True,2,32,2,32,2,2,2,0
1,473,22,42,107,"[10, 12, 13, 14, 17, 18, 26, 28, 32, 36, 48, 58, 61, 67, 71, 78, 85, 93, 99, 102, 105, 109, 112, 116, 118, 122, 129, 130, 133, 134, 135, 136, 137, 138, 139, 140, 144, 145, 146, 147, 148, 149]","[0, 1, 2, 3, 4, 5, 6, 7, 8, 9, 11, 15, 16, 19, 20, 21, 22, 23, 24, 25, 27, 29, 30, 31, 33, 34, 35, 37, 38, 39, 40, 41, 42, 43, 44, 45, 46, 47, 49, 50, 51, 52, 53, 54, 55, 56, 57, 59, 60, 62, 63, 64, 65, 66, 68, 69, 70, 72, 73, 74, 75, 76, 77, 79, 80, 81, 82, 83, 84, 86, 87, 88, 89, 90, 91, 92, 94, 95, 96, 97, 98, 100, 101, 103, 104, 106, 107, 108, 110, 111, 114, 115, 117, 119, 120, 121, 123, 124, 125, 126, 127, 128, 131, 132, 141, 142, 143]",{},[],0,"[122, 17, 18, 32, 137, 138, 140, 139, 13, 14, 116, 118, 136, 112, 36, 135, 28, 26, 105, 99, 144, 10, 145, 149, 102, 146, 147, 12, 58, 71, 134, 109, 67, 78, 48, 61, 148, 93, 85, 133, 130, 129, 76, 128, 97, 94, 74, 127, 91, 126, 35, 7, 21, 125, 83, 75, 142, 77, 141, 92, 115, 8, 27, 106, 101, 23, 120, 121, 114, 15, 16, 6, 124, 1, 2, 0, 42, 131, 132, 52, 64, 50, 123, 53, 55, 90, 117, 119, 43, 29, 41, 22, 4, 5, 3, 31, 30, 11, 100, 98, 96, 110, 9, 111, 108, 107, 40, 63, 47, 46, 45, 51, 54, 57, 56, 49, 68, 62, 60, 89, 70, 59, 69, 80, 79, 72, 104, 73, 143, 66, 86, 65, 87, 103, 95, 88, 82, 81, 44, 38, 39, 33, 34, 25, 37, 20, 84, 24, 19]",True,42816151365,42.816151365,"[76, 128, 97, 94, 74, 127, 89, 126, 35, 7, 125, 21, 83, 142, 141, 92, 123, 15, 27, 23, 55, 124, 16, 117, 106, 40, 131, 132, 52, 64, 50, 119, 75, 90, 77, 53, 43, 41, 8, 29, 6, 2, 1, 0, 110, 9, 111, 108, 115, 101, 120, 121, 114, 107, 42, 63, 22, 4, 5, 3, 100, 96, 98, 143, 11, 31, 44, 30, 37, 20, 25, 19, 24, 104, 34, 47, 84, 87, 39, 46, 54, 70, 51, 57, 38, 33, 56, 49, 45, 68, 62, 60, 59, 80, 103, 95, 69, 79, 72, 81, 88, 82, 91, 73, 86, 66, 65]","[65, 66, 86, 73, 91, 82, 88, 81, 72, 79, 69, 95, 103, 80, 59, 60, 62, 68, 45, 49, 56, 33, 38, 57, 51, 70, 54, 46, 39, 87, 84, 47, 34, 104, 24, 19, 25, 20, 37, 30, 44, 31, 11, 143, 98, 96, 100, 3, 5, 4, 22, 63, 42, 107, 114, 121, 120, 101, 115, 108, 111, 9, 110, 0, 1, 2, 6, 29, 8, 41, 43, 53, 77, 90, 75, 119, 50, 64, 52, 132, 131, 40, 106, 117, 16, 124, 55, 23, 27, 15, 123, 92, 141, 142, 83, 21, 125, 7, 35, 126, 89, 127, 74, 94, 97, 128, 76]",False,complete,128,128,6410,0,3778,27,3751,2000,random,True,2,131,33,131,33,33,33,33
1,474,23,44,105,"[10, 12, 13, 14, 17, 18, 26, 28, 32, 36, 48, 58, 61, 67, 71, 76, 78, 85, 93, 99, 102, 105, 109, 112, 116, 118, 122, 128, 129, 130, 133, 134, 135, 136, 137, 138, 139, 140, 144, 145, 146, 147, 148, 149]","[0, 1, 2, 3, 4, 5, 6, 7, 8, 9, 11, 15, 16, 19, 20, 21, 22, 23, 24, 25, 27, 29, 30, 31, 33, 34, 35, 37, 38, 39, 40, 41, 42, 43, 44, 45, 46, 47, 49, 50, 51, 52, 53, 54, 55, 56, 57, 59, 60, 62, 63, 64, 65, 66, 68, 69, 70, 72, 73, 74, 75, 77, 79, 80, 81, 82, 83, 84, 86, 87, 88, 89, 90, 91, 92, 94, 95, 96, 97, 98, 100, 101, 103, 104, 106, 107, 108, 110, 111, 114, 115, 117, 119, 120, 121, 123, 124, 125, 126, 127, 131, 132, 141, 142, 143]",{},[],0,"[122, 17, 18, 32, 137, 138, 140, 139, 13, 14, 116, 118, 136, 112, 36, 135, 28, 26, 105, 99, 144, 10, 145, 149, 102, 146, 147, 12, 58, 71, 134, 109, 67, 78, 48, 61, 148, 93, 85, 133, 130, 129, 76, 128, 97, 94, 74, 127, 91, 126, 35, 7, 21, 125, 83, 75, 142, 77, 141, 92, 115, 8, 27, 106, 101, 23, 120, 121, 114, 15, 16, 6, 124, 1, 2, 0, 42, 131, 132, 52, 64, 50, 123, 53, 55, 90, 117, 119, 43, 29, 41, 22, 4, 5, 3, 31, 30, 11, 100, 98, 96, 110, 9, 111, 108, 107, 40, 63, 47, 46, 45, 51, 54, 57, 56, 49, 68, 62, 60, 89, 70, 59, 69, 80, 79, 72, 104, 73, 143, 66, 86, 65, 87, 103, 95, 88, 82, 81, 44, 38, 39, 33, 34, 25, 37, 20, 84, 24, 19]",True,42745046079,42.745046079,"[97, 94, 74, 127, 89, 126, 35, 7, 125, 21, 83, 142, 141, 92, 123, 15, 27, 23, 55, 124, 16, 115, 42, 121, 114, 132, 131, 52, 106, 64, 50, 90, 75, 53, 119, 77, 117, 29, 8, 41, 43, 120, 101, 107, 110, 108, 111, 9, 6, 2, 1, 0, 40, 63, 22, 4, 5, 3, 31, 30, 11, 100, 98, 96, 143, 37, 20, 44, 25, 24, 19, 104, 84, 87, 103, 34, 39, 54, 47, 46, 51, 95, 86, 82, 81, 88, 70, 91, 69, 79, 80, 72, 68, 60, 59, 73, 66, 65, 62, 45, 49, 57, 56, 38, 33]","[33, 38, 56, 57, 49, 45, 62, 65, 66, 73, 59, 60, 68, 72, 80, 79, 69, 91, 70, 88, 81, 82, 86, 95, 51, 46, 47, 54, 39, 34, 103, 87, 84, 104, 19, 24, 25, 44, 20, 37, 143, 96, 98, 100, 11, 30, 31, 3, 5, 4, 22, 63, 40, 0, 1, 2, 6, 9, 111, 108, 110, 107, 101, 120, 43, 41, 8, 29, 117, 77, 119, 53, 75, 90, 50, 64, 106, 52, 131, 132, 114, 121, 42, 115, 16, 124, 55, 23, 27, 15, 123, 92, 141, 142, 83, 21, 125, 7, 35, 126, 89, 127, 74, 94, 97]",False,complete,135,135,6325,0,3673,26,3647,2000,random,True,2,144,26,144,26,26,26,26
1,475,24,46,103,"[10, 12, 13, 14, 17, 18, 26, 28, 32, 36, 48, 58, 61, 67, 71, 76, 78, 85, 93, 94, 97, 99, 102, 105, 109, 112, 116, 118, 122, 128, 129, 130, 133, 134, 135, 136, 137, 138, 139, 140, 144, 145, 146, 147, 148, 149]","[0, 1, 2, 3, 4, 5, 6, 7, 8, 9, 11, 15, 16, 19, 20, 21, 22, 23, 24, 25, 27, 29, 30, 31, 33, 34, 35, 37, 38, 39, 40, 41, 42, 43, 44, 45, 46, 47, 49, 50, 51, 52, 53, 54, 55, 56, 57, 59, 60, 62, 63, 64, 65, 66, 68, 69, 70, 72, 73, 74, 75, 77, 79, 80, 81, 82, 83, 84, 86, 87, 88, 89, 90, 91, 92, 95, 96, 98, 100, 101, 103, 104, 106, 107, 108, 110, 111, 114, 115, 117, 119, 120, 121, 123, 124, 125, 126, 127, 131, 132, 141, 142, 143]",{},[],0,"[122, 17, 18, 32, 137, 138, 140, 139, 13, 14, 116, 118, 136, 112, 36, 135, 28, 26, 105, 99, 144, 10, 145, 149, 102, 146, 147, 12, 58, 71, 134, 109, 67, 78, 48, 61, 148, 93, 85, 133, 130, 129, 76, 128, 97, 94, 74, 127, 91, 126, 35, 7, 21, 125, 83, 75, 142, 77, 141, 92, 115, 8, 27, 106, 101, 23, 120, 121, 114, 15, 16, 6, 124, 1, 2, 0, 42, 131, 132, 52, 64, 50, 123, 53, 55, 90, 117, 119, 43, 29, 41, 22, 4, 5, 3, 31, 30, 11, 100, 98, 96, 110, 9, 111, 108, 107, 40, 63, 47, 46, 45, 51, 54, 57, 56, 49, 68, 62, 60, 89, 70, 59, 69, 80, 79, 72, 104, 73, 143, 66, 86, 65, 87, 103, 95, 88, 82, 81, 44, 38, 39, 33, 34, 25, 37, 20, 84, 24, 19]",True,33118214171,33.118214171,"[74, 127, 89, 126, 35, 7, 125, 21, 83, 141, 142, 77, 8, 27, 5, 124, 123, 55, 117, 119, 15, 115, 106, 121, 16, 101, 42, 132, 131, 54, 64, 111, 108, 50, 53, 75, 92, 90, 29, 43, 41, 120, 114, 107, 110, 9, 6, 1, 2, 0, 40, 143, 23, 4, 22, 63, 3, 25, 20, 44, 37, 34, 39, 52, 47, 46, 51, 57, 38, 33, 56, 49, 45, 68, 62, 60, 91, 70, 69, 59, 80, 79, 72, 103, 73, 31, 66, 86, 65, 98, 96, 11, 84, 30, 24, 19, 100, 82, 87, 81, 88, 104, 95]","[95, 104, 88, 81, 87, 82, 100, 19, 24, 30, 84, 11, 96, 98, 65, 86, 66, 31, 73, 103, 72, 79, 80, 59, 69, 70, 91, 60, 62, 68, 45, 49, 56, 33, 38, 57, 51, 46, 47, 52, 39, 34, 37, 44, 20, 25, 3, 63, 22, 4, 23, 143, 40, 0, 2, 1, 6, 9, 110, 107, 114, 120, 41, 43, 29, 90, 92, 75, 53, 50, 108, 111, 64, 54, 131, 132, 42, 101, 16, 121, 106, 115, 15, 119, 117, 55, 123, 124, 5, 27, 8, 77, 142, 141, 83, 21, 125, 7, 35, 126, 89, 127, 74]",False,complete,111,111,5511,0,2478,4,2474,2000,random,True,2,133,24,133,24,24,24,24
1,476,25,48,101,"[10, 12, 13, 14, 17, 18, 26, 28, 32, 36, 48, 58, 61, 67, 71, 74, 76, 78, 85, 93, 94, 97, 99, 102, 105, 109, 112, 116, 118, 122, 127, 128, 129, 130, 133, 134, 135, 136, 137, 138, 139, 140, 144, 145, 146, 147, 148, 149]","[0, 1, 2, 3, 4, 5, 6, 7, 8, 9, 11, 15, 16, 19, 20, 21, 22, 23, 24, 25, 27, 29, 30, 31, 33, 34, 35, 37, 38, 39, 40, 41, 42, 43, 44, 45, 46, 47, 49, 50, 51, 52, 53, 54, 55, 56, 57, 59, 60, 62, 63, 64, 65, 66, 68, 69, 70, 72, 73, 75, 77, 79, 80, 81, 82, 83, 84, 86, 87, 88, 89, 90, 91, 92, 95, 96, 98, 100, 101, 103, 104, 106, 107, 108, 110, 111, 114, 115, 117, 119, 120, 121, 123, 124, 125, 126, 131, 132, 141, 142, 143]",{},[],0,"[122, 17, 18, 32, 137, 138, 140, 139, 13, 14, 116, 118, 136, 112, 36, 135, 28, 26, 105, 99, 144, 10, 145, 149, 102, 146, 147, 12, 58, 71, 134, 109, 67, 78, 48, 61, 148, 93, 85, 133, 130, 129, 76, 128, 97, 94, 74, 127, 91, 126, 35, 7, 21, 125, 83, 75, 142, 77, 141, 92, 115, 8, 27, 106, 101, 23, 120, 121, 114, 15, 16, 6, 124, 1, 2, 0, 42, 131, 132, 52, 64, 50, 123, 53, 55, 90, 117, 119, 43, 29, 41, 22, 4, 5, 3, 31, 30, 11, 100, 98, 96, 110, 9, 111, 108, 107, 40, 63, 47, 46, 45, 51, 54, 57, 56, 49, 68, 62, 60, 89, 70, 59, 69, 80, 79, 72, 104, 73, 143, 66, 86, 65, 87, 103, 95, 88, 82, 81, 44, 38, 39, 33, 34, 25, 37, 20, 84, 24, 19]",True,56234083527,56.234083527,"[89, 126, 35, 7, 125, 21, 83, 141, 142, 77, 8, 27, 5, 124, 123, 117, 55, 119, 15, 115, 106, 121, 16, 114, 42, 132, 131, 52, 64, 111, 108, 107, 50, 90, 53, 92, 75, 29, 41, 43, 120, 101, 110, 9, 6, 1, 2, 0, 40, 143, 63, 70, 69, 91, 80, 79, 72, 104, 73, 62, 60, 59, 68, 65, 66, 84, 86, 87, 103, 88, 81, 82, 31, 100, 95, 96, 30, 98, 11, 3, 4, 23, 22, 54, 47, 46, 44, 24, 25, 19, 20, 39, 51, 49, 45, 57, 56, 38, 37, 34, 33]","[33, 34, 37, 38, 56, 57, 45, 49, 51, 39, 20, 19, 25, 24, 44, 46, 47, 54, 22, 23, 4, 3, 11, 98, 30, 96, 95, 100, 31, 82, 81, 88, 103, 87, 86, 84, 66, 65, 68, 59, 60, 62, 73, 104, 72, 79, 80, 91, 69, 70, 63, 143, 40, 0, 2, 1, 6, 9, 110, 101, 120, 43, 41, 29, 75, 92, 53, 90, 50, 107, 108, 111, 64, 52, 131, 132, 42, 114, 16, 121, 106, 115, 15, 119, 55, 117, 123, 124, 5, 27, 8, 77, 142, 141, 83, 21, 125, 7, 35, 126, 89]",False,complete,154,154,6618,0,5180,56,5124,2000,random,True,2,140,29,140,29,29,29,29
1,477,26,50,99,"[10, 12, 13, 14, 17, 18, 26, 28, 32, 36, 48, 58, 61, 67, 71, 74, 76, 78, 85, 91, 93, 94, 97, 99, 102, 105, 109, 112, 116, 118, 122, 126, 127, 128, 129, 130, 133, 134, 135, 136, 137, 138, 139, 140, 144, 145, 146, 147, 148, 149]","[0, 1, 2, 3, 4, 5, 6, 7, 8, 9, 11, 15, 16, 19, 20, 21, 22, 23, 24, 25, 27, 29, 30, 31, 33, 34, 35, 37, 38, 39, 40, 41, 42, 43, 44, 45, 46, 47, 49, 50, 51, 52, 53, 54, 55, 56, 57, 59, 60, 62, 63, 64, 65, 66, 68, 69, 70, 72, 73, 75, 77, 79, 80, 81, 82, 83, 84, 86, 87, 88, 89, 90, 92, 95, 96, 98, 100, 101, 103, 104, 106, 107, 108, 110, 111, 114, 115, 117, 119, 120, 121, 123, 124, 125, 131, 132, 141, 142, 143]",{},[],0,"[122, 17, 18, 32, 137, 138, 140, 139, 13, 14, 116, 118, 136, 112, 36, 135, 28, 26, 105, 99, 144, 10, 145, 149, 102, 146, 147, 12, 58, 71, 134, 109, 67, 78, 48, 61, 148, 93, 85, 133, 130, 129, 76, 128, 97, 94, 74, 127, 91, 126, 35, 7, 21, 125, 83, 75, 142, 77, 141, 92, 115, 8, 27, 106, 101, 23, 120, 121, 114, 15, 16, 6, 124, 1, 2, 0, 42, 131, 132, 52, 64, 50, 123, 53, 55, 90, 117, 119, 43, 29, 41, 22, 4, 5, 3, 31, 30, 11, 100, 98, 96, 110, 9, 111, 108, 107, 40, 63, 47, 46, 45, 51, 54, 57, 56, 49, 68, 62, 60, 89, 70, 59, 69, 80, 79, 72, 104, 73, 143, 66, 86, 65, 87, 103, 95, 88, 82, 81, 44, 38, 39, 33, 34, 25, 37, 20, 84, 24, 19]",False,400057958656,400.057958656,[],[],False,runtime_limit,813,813,18163,0,29079,382,28697,2000,random,True,2,39,2,39,2,2,2,0
1,478,27,52,97,"[7, 10, 12, 13, 14, 17, 18, 26, 28, 32, 35, 36, 48, 58, 61, 67, 71, 74, 76, 78, 85, 91, 93, 94, 97, 99, 102, 105, 109, 112, 116, 118, 122, 126, 127, 128, 129, 130, 133, 134, 135, 136, 137, 138, 139, 140, 144, 145, 146, 147, 148, 149]","[0, 1, 2, 3, 4, 5, 6, 8, 9, 11, 15, 16, 19, 20, 21, 22, 23, 24, 25, 27, 29, 30, 31, 33, 34, 37, 38, 39, 40, 41, 42, 43, 44, 45, 46, 47, 49, 50, 51, 52, 53, 54, 55, 56, 57, 59, 60, 62, 63, 64, 65, 66, 68, 69, 70, 72, 73, 75, 77, 79, 80, 81, 82, 83, 84, 86, 87, 88, 89, 90, 92, 95, 96, 98, 100, 101, 103, 104, 106, 107, 108, 110, 111, 114, 115, 117, 119, 120, 121, 123, 124, 125, 131, 132, 141, 142, 143]",{},[],0,"[122, 17, 18, 32, 137, 138, 140, 139, 13, 14, 116, 118, 136, 112, 36, 135, 28, 26, 105, 99, 144, 10, 145, 149, 102, 146, 147, 12, 58, 71, 134, 109, 67, 78, 48, 61, 148, 93, 85, 133, 130, 129, 76, 128, 97, 94, 74, 127, 91, 126, 35, 7, 21, 125, 83, 75, 142, 77, 141, 92, 115, 8, 27, 106, 101, 23, 120, 121, 114, 15, 16, 6, 124, 1, 2, 0, 42, 131, 132, 52, 64, 50, 123, 53, 55, 90, 117, 119, 43, 29, 41, 22, 4, 5, 3, 31, 30, 11, 100, 98, 96, 110, 9, 111, 108, 107, 40, 63, 47, 46, 45, 51, 54, 57, 56, 49, 68, 62, 60, 89, 70, 59, 69, 80, 79, 72, 104, 73, 143, 66, 86, 65, 87, 103, 95, 88, 82, 81, 44, 38, 39, 33, 34, 25, 37, 20, 84, 24, 19]",True,34244118338,34.244118338,"[21, 125, 83, 75, 141, 77, 142, 92, 115, 15, 16, 40, 42, 131, 132, 54, 110, 108, 106, 101, 120, 64, 50, 124, 123, 90, 119, 53, 55, 117, 41, 29, 8, 43, 27, 121, 114, 107, 111, 9, 6, 1, 2, 0, 143, 23, 22, 4, 5, 3, 100, 96, 98, 25, 11, 31, 63, 30, 47, 20, 37, 34, 39, 46, 57, 52, 56, 38, 33, 51, 45, 49, 68, 44, 24, 19, 104, 62, 60, 89, 70, 69, 59, 79, 80, 72, 86, 73, 66, 65, 84, 82, 87, 81, 88, 103, 95]","[95, 103, 88, 81, 87, 82, 84, 65, 66, 73, 86, 72, 80, 79, 59, 69, 70, 89, 60, 62, 104, 19, 24, 44, 68, 49, 45, 51, 33, 38, 56, 52, 57, 46, 39, 34, 37, 20, 47, 30, 63, 31, 11, 25, 98, 96, 100, 3, 5, 4, 22, 23, 143, 0, 2, 1, 6, 9, 111, 107, 114, 121, 27, 43, 8, 29, 41, 117, 55, 53, 119, 90, 123, 124, 50, 64, 120, 101, 106, 108, 110, 54, 132, 131, 42, 40, 16, 15, 115, 92, 142, 77, 141, 75, 83, 125, 21]",False,complete,111,111,5175,0,2825,6,2819,2000,random,True,2,151,26,151,26,26,26,26
1,479,28,54,95,"[7, 10, 12, 13, 14, 17, 18, 21, 26, 28, 32, 35, 36, 48, 58, 61, 67, 71, 74, 76, 78, 85, 91, 93, 94, 97, 99, 102, 105, 109, 112, 116, 118, 122, 125, 126, 127, 128, 129, 130, 133, 134, 135, 136, 137, 138, 139, 140, 144, 145, 146, 147, 148, 149]","[0, 1, 2, 3, 4, 5, 6, 8, 9, 11, 15, 16, 19, 20, 22, 23, 24, 25, 27, 29, 30, 31, 33, 34, 37, 38, 39, 40, 41, 42, 43, 44, 45, 46, 47, 49, 50, 51, 52, 53, 54, 55, 56, 57, 59, 60, 62, 63, 64, 65, 66, 68, 69, 70, 72, 73, 75, 77, 79, 80, 81, 82, 83, 84, 86, 87, 88, 89, 90, 92, 95, 96, 98, 100, 101, 103, 104, 106, 107, 108, 110, 111, 114, 115, 117, 119, 120, 121, 123, 124, 131, 132, 141, 142, 143]",{},[],0,"[122, 17, 18, 32, 137, 138, 140, 139, 13, 14, 116, 118, 136, 112, 36, 135, 28, 26, 105, 99, 144, 10, 145, 149, 102, 146, 147, 12, 58, 71, 134, 109, 67, 78, 48, 61, 148, 93, 85, 133, 130, 129, 76, 128, 97, 94, 74, 127, 91, 126, 35, 7, 21, 125, 83, 75, 142, 77, 141, 92, 115, 8, 27, 106, 101, 23, 120, 121, 114, 15, 16, 6, 124, 1, 2, 0, 42, 131, 132, 52, 64, 50, 123, 53, 55, 90, 117, 119, 43, 29, 41, 22, 4, 5, 3, 31, 30, 11, 100, 98, 96, 110, 9, 111, 108, 107, 40, 63, 47, 46, 45, 51, 54, 57, 56, 49, 68, 62, 60, 89, 70, 59, 69, 80, 79, 72, 104, 73, 143, 66, 86, 65, 87, 103, 95, 88, 82, 81, 44, 38, 39, 33, 34, 25, 37, 20, 84, 24, 19]",True,36057152048,36.057152048,"[83, 92, 124, 123, 141, 142, 119, 8, 117, 115, 84, 103, 16, 40, 42, 132, 131, 52, 64, 111, 108, 50, 75, 55, 53, 77, 90, 27, 29, 15, 41, 43, 110, 9, 107, 114, 121, 120, 101, 106, 87, 104, 81, 88, 70, 89, 69, 80, 79, 72, 86, 73, 65, 82, 143, 66, 47, 100, 95, 96, 63, 68, 60, 59, 62, 98, 6, 1, 2, 0, 25, 46, 57, 56, 49, 45, 51, 54, 5, 23, 4, 22, 20, 39, 38, 44, 19, 24, 30, 31, 11, 3, 37, 34, 33]","[33, 34, 37, 3, 11, 31, 30, 24, 19, 44, 38, 39, 20, 22, 4, 23, 5, 54, 51, 45, 49, 56, 57, 46, 25, 0, 2, 1, 6, 98, 62, 59, 60, 68, 63, 96, 95, 100, 47, 66, 143, 82, 65, 73, 86, 72, 79, 80, 69, 89, 70, 88, 81, 104, 87, 106, 101, 120, 121, 114, 107, 9, 110, 43, 41, 15, 29, 27, 90, 77, 53, 55, 75, 50, 108, 111, 64, 52, 131, 132, 42, 40, 16, 103, 84, 115, 117, 8, 119, 142, 141, 123, 124, 92, 83]",False,complete,128,128,5308,0,3663,13,3650,2000,random,True,2,153,29,153,29,29,29,29
1,480,29,56,93,"[7, 10, 12, 13, 14, 17, 18, 21, 26, 28, 32, 35, 36, 48, 58, 61, 67, 71, 74, 75, 76, 78, 83, 85, 91, 93, 94, 97, 99, 102, 105, 109, 112, 116, 118, 122, 125, 126, 127, 128, 129, 130, 133, 134, 135, 136, 137, 138, 139, 140, 144, 145, 146, 147, 148, 149]","[0, 1, 2, 3, 4, 5, 6, 8, 9, 11, 15, 16, 19, 20, 22, 23, 24, 25, 27, 29, 30, 31, 33, 34, 37, 38, 39, 40, 41, 42, 43, 44, 45, 46, 47, 49, 50, 51, 52, 53, 54, 55, 56, 57, 59, 60, 62, 63, 64, 65, 66, 68, 69, 70, 72, 73, 77, 79, 80, 81, 82, 84, 86, 87, 88, 89, 90, 92, 95, 96, 98, 100, 101, 103, 104, 106, 107, 108, 110, 111, 114, 115, 117, 119, 120, 121, 123, 124, 131, 132, 141, 142, 143]",{},[],0,"[122, 17, 18, 32, 137, 138, 140, 139, 13, 14, 116, 118, 136, 112, 36, 135, 28, 26, 105, 99, 144, 10, 145, 149, 102, 146, 147, 12, 58, 71, 134, 109, 67, 78, 48, 61, 148, 93, 85, 133, 130, 129, 76, 128, 97, 94, 74, 127, 91, 126, 35, 7, 21, 125, 83, 75, 142, 77, 141, 92, 115, 8, 27, 106, 101, 23, 120, 121, 114, 15, 16, 6, 124, 1, 2, 0, 42, 131, 132, 52, 64, 50, 123, 53, 55, 90, 117, 119, 43, 29, 41, 22, 4, 5, 3, 31, 30, 11, 100, 98, 96, 110, 9, 111, 108, 107, 40, 63, 47, 46, 45, 51, 54, 57, 56, 49, 68, 62, 60, 89, 70, 59, 69, 80, 79, 72, 104, 73, 143, 66, 86, 65, 87, 103, 95, 88, 82, 81, 44, 38, 39, 33, 34, 25, 37, 20, 84, 24, 19]",False,400153159938,400.153159938,[],[],False,runtime_limit,1061,1061,30064,0,48948,1094,47854,2000,random,True,2,106,16,106,16,16,16,14
1,481,30,58,91,"[7, 10, 12, 13, 14, 17, 18, 21, 26, 28, 32, 35, 36, 48, 58, 61, 67, 71, 74, 75, 76, 77, 78, 83, 85, 91, 93, 94, 97, 99, 102, 105, 109, 112, 116, 118, 122, 125, 126, 127, 128, 129, 130, 133, 134, 135, 136, 137, 138, 139, 140, 142, 144, 145, 146, 147, 148, 149]","[0, 1, 2, 3, 4, 5, 6, 8, 9, 11, 15, 16, 19, 20, 22, 23, 24, 25, 27, 29, 30, 31, 33, 34, 37, 38, 39, 40, 41, 42, 43, 44, 45, 46, 47, 49, 50, 51, 52, 53, 54, 55, 56, 57, 59, 60, 62, 63, 64, 65, 66, 68, 69, 70, 72, 73, 79, 80, 81, 82, 84, 86, 87, 88, 89, 90, 92, 95, 96, 98, 100, 101, 103, 104, 106, 107, 108, 110, 111, 114, 115, 117, 119, 120, 121, 123, 124, 131, 132, 141, 143]",{},[],0,"[122, 17, 18, 32, 137, 138, 140, 139, 13, 14, 116, 118, 136, 112, 36, 135, 28, 26, 105, 99, 144, 10, 145, 149, 102, 146, 147, 12, 58, 71, 134, 109, 67, 78, 48, 61, 148, 93, 85, 133, 130, 129, 76, 128, 97, 94, 74, 127, 91, 126, 35, 7, 21, 125, 83, 75, 142, 77, 141, 92, 115, 8, 27, 106, 101, 23, 120, 121, 114, 15, 16, 6, 124, 1, 2, 0, 42, 131, 132, 52, 64, 50, 123, 53, 55, 90, 117, 119, 43, 29, 41, 22, 4, 5, 3, 31, 30, 11, 100, 98, 96, 110, 9, 111, 108, 107, 40, 63, 47, 46, 45, 51, 54, 57, 56, 49, 68, 62, 60, 89, 70, 59, 69, 80, 79, 72, 104, 73, 143, 66, 86, 65, 87, 103, 95, 88, 82, 81, 44, 38, 39, 33, 34, 25, 37, 20, 84, 24, 19]",True,38975931305,38.975931305,"[141, 92, 115, 15, 16, 40, 42, 132, 131, 52, 106, 101, 120, 64, 50, 124, 123, 117, 53, 90, 119, 55, 43, 29, 8, 27, 41, 121, 114, 107, 110, 108, 111, 9, 6, 2, 1, 0, 143, 47, 46, 51, 54, 23, 45, 39, 34, 57, 37, 5, 4, 22, 20, 56, 25, 103, 49, 62, 68, 44, 38, 33, 63, 60, 89, 70, 69, 59, 79, 80, 72, 86, 73, 66, 65, 19, 100, 96, 98, 24, 30, 31, 11, 3, 84, 87, 82, 81, 88, 104, 95]","[95, 104, 88, 81, 82, 87, 84, 3, 11, 31, 30, 24, 98, 96, 100, 19, 65, 66, 73, 86, 72, 80, 79, 59, 69, 70, 89, 60, 63, 33, 38, 44, 68, 62, 49, 103, 25, 56, 20, 22, 4, 5, 37, 57, 34, 39, 45, 23, 54, 51, 46, 47, 143, 0, 1, 2, 6, 9, 111, 108, 110, 107, 114, 121, 41, 27, 8, 29, 43, 55, 119, 90, 53, 117, 123, 124, 50, 64, 120, 101, 106, 52, 131, 132, 42, 40, 16, 15, 115, 92, 141]",False,complete,125,125,5310,0,4046,19,4027,2000,random,True,2,147,27,147,27,27,27,27
1,482,31,60,89,"[7, 10, 12, 13, 14, 17, 18, 21, 26, 28, 32, 35, 36, 48, 58, 61, 67, 71, 74, 75, 76, 77, 78, 83, 85, 91, 92, 93, 94, 97, 99, 102, 105, 109, 112, 116, 118, 122, 125, 126, 127, 128, 129, 130, 133, 134, 135, 136, 137, 138, 139, 140, 141, 142, 144, 145, 146, 147, 148, 149]","[0, 1, 2, 3, 4, 5, 6, 8, 9, 11, 15, 16, 19, 20, 22, 23, 24, 25, 27, 29, 30, 31, 33, 34, 37, 38, 39, 40, 41, 42, 43, 44, 45, 46, 47, 49, 50, 51, 52, 53, 54, 55, 56, 57, 59, 60, 62, 63, 64, 65, 66, 68, 69, 70, 72, 73, 79, 80, 81, 82, 84, 86, 87, 88, 89, 90, 95, 96, 98, 100, 101, 103, 104, 106, 107, 108, 110, 111, 114, 115, 117, 119, 120, 121, 123, 124, 131, 132, 143]",{},[],0,"[122, 17, 18, 32, 137, 138, 140, 139, 13, 14, 116, 118, 136, 112, 36, 135, 28, 26, 105, 99, 144, 10, 145, 149, 102, 146, 147, 12, 58, 71, 134, 109, 67, 78, 48, 61, 148, 93, 85, 133, 130, 129, 76, 128, 97, 94, 74, 127, 91, 126, 35, 7, 21, 125, 83, 75, 142, 77, 141, 92, 115, 8, 27, 106, 101, 23, 120, 121, 114, 15, 16, 6, 124, 1, 2, 0, 42, 131, 132, 52, 64, 50, 123, 53, 55, 90, 117, 119, 43, 29, 41, 22, 4, 5, 3, 31, 30, 11, 100, 98, 96, 110, 9, 111, 108, 107, 40, 63, 47, 46, 45, 51, 54, 57, 56, 49, 68, 62, 60, 89, 70, 59, 69, 80, 79, 72, 104, 73, 143, 66, 86, 65, 87, 103, 95, 88, 82, 81, 44, 38, 39, 33, 34, 25, 37, 20, 84, 24, 19]",True,22743868509,22.743868509,"[115, 15, 16, 42, 40, 132, 131, 52, 110, 108, 106, 101, 120, 64, 50, 124, 123, 117, 53, 55, 90, 119, 8, 43, 27, 29, 41, 121, 114, 107, 111, 9, 6, 1, 2, 0, 143, 87, 103, 70, 81, 98, 96, 100, 104, 95, 88, 89, 69, 79, 80, 72, 86, 73, 65, 66, 47, 82, 63, 68, 60, 59, 44, 62, 25, 84, 24, 30, 46, 31, 11, 45, 49, 56, 51, 54, 5, 3, 57, 4, 38, 39, 33, 23, 22, 34, 37, 20, 19]","[19, 20, 37, 34, 22, 23, 33, 39, 38, 4, 57, 3, 5, 54, 51, 56, 49, 45, 11, 31, 46, 30, 24, 84, 25, 62, 44, 59, 60, 68, 63, 82, 47, 66, 65, 73, 86, 72, 80, 79, 69, 89, 88, 95, 104, 100, 96, 98, 81, 70, 103, 87, 143, 0, 2, 1, 6, 9, 111, 107, 114, 121, 41, 29, 27, 43, 8, 119, 90, 55, 53, 117, 123, 124, 50, 64, 120, 101, 106, 108, 110, 52, 131, 132, 40, 42, 16, 15, 115]",False,complete,97,97,4129,0,2131,1,2130,2000,random,True,2,155,28,155,28,28,28,28
1,483,32,62,87,"[7, 8, 10, 12, 13, 14, 17, 18, 21, 26, 28, 32, 35, 36, 48, 58, 61, 67, 71, 74, 75, 76, 77, 78, 83, 85, 91, 92, 93, 94, 97, 99, 102, 105, 109, 112, 115, 116, 118, 122, 125, 126, 127, 128, 129, 130, 133, 134, 135, 136, 137, 138, 139, 140, 141, 142, 144, 145, 146, 147, 148, 149]","[0, 1, 2, 3, 4, 5, 6, 9, 11, 15, 16, 19, 20, 22, 23, 24, 25, 27, 29, 30, 31, 33, 34, 37, 38, 39, 40, 41, 42, 43, 44, 45, 46, 47, 49, 50, 51, 52, 53, 54, 55, 56, 57, 59, 60, 62, 63, 64, 65, 66, 68, 69, 70, 72, 73, 79, 80, 81, 82, 84, 86, 87, 88, 89, 90, 95, 96, 98, 100, 101, 103, 104, 106, 107, 108, 110, 111, 114, 117, 119, 120, 121, 123, 124, 131, 132, 143]","{""support_1"": 121}",[121],1,"[122, 17, 18, 32, 137, 138, 140, 139, 13, 14, 116, 118, 136, 112, 36, 135, 28, 26, 105, 99, 144, 10, 145, 149, 102, 146, 147, 12, 58, 71, 134, 109, 67, 78, 48, 61, 148, 93, 85, 133, 130, 129, 76, 128, 97, 94, 74, 127, 91, 126, 35, 7, 21, 125, 83, 75, 142, 77, 141, 92, 115, 8, 27, 106, 101, 23, 120, 121, 114, 15, 16, 6, 124, 1, 2, 0, 42, 131, 132, 52, 64, 50, 123, 53, 55, 90, 117, 119, 43, 29, 41, 22, 4, 5, 3, 31, 30, 11, 100, 98, 96, 110, 9, 111, 108, 107, 40, 63, 47, 46, 45, 51, 54, 57, 56, 49, 68, 62, 60, 89, 70, 59, 69, 80, 79, 72, 104, 73, 143, 66, 86, 65, 87, 103, 95, 88, 82, 81, 44, 38, 39, 33, 34, 25, 37, 20, 84, 24, 19]",True,341602783004,341.602783004,"[27, 106, 101, 23, 120, 121, 114, 15, 16, 6, 124, 1, 2, 0, 42, 132, 131, 52, 64, 50, 123, 119, 55, 117, 90, 53, 43, 41, 29, 22, 4, 5, 3, 100, 96, 98, 31, 11, 30, 110, 9, 111, 108, 107, 40, 63, 143, 25, 20, 104, 37, 34, 39, 54, 47, 46, 51, 87, 45, 62, 49, 56, 57, 33, 38, 103, 95, 44, 24, 19, 88, 89, 86, 84, 82, 81, 70, 68, 60, 66, 73, 59, 69, 79, 80, 72, 65]","[65, 72, 80, 79, 69, 59, 73, 66, 60, 68, 70, 81, 82, 84, 86, 89, 88, 19, 24, 44, 95, 103, 38, 33, 57, 56, 49, 62, 45, 87, 51, 46, 47, 54, 39, 34, 37, 104, 20, 25, 143, 63, 40, 107, 108, 111, 9, 110, 30, 11, 31, 98, 96, 100, 3, 5, 4, 22, 29, 41, 43, 53, 90, 117, 55, 119, 123, 50, 64, 52, 131, 132, 42, 0, 2, 1, 124, 6, 16, 15, 114, 121, 120, 23, 101, 106, 27]",False,complete,1214,1214,31780,0,44135,1469,42666,2000,random,True,2,121,26,121,27,27,26,27
1,484,33,64,85,"[7, 8, 10, 12, 13, 14, 17, 18, 21, 26, 27, 28, 32, 35, 36, 48, 58, 61, 67, 71, 74, 75, 76, 77, 78, 83, 85, 91, 92, 93, 94, 97, 99, 102, 105, 106, 109, 112, 115, 116, 118, 122, 125, 126, 127, 128, 129, 130, 133, 134, 135, 136, 137, 138, 139, 140, 141, 142, 144, 145, 146, 147, 148, 149]","[0, 1, 2, 3, 4, 5, 6, 9, 11, 15, 16, 19, 20, 22, 23, 24, 25, 29, 30, 31, 33, 34, 37, 38, 39, 40, 41, 42, 43, 44, 45, 46, 47, 49, 50, 51, 52, 53, 54, 55, 56, 57, 59, 60, 62, 63, 64, 65, 66, 68, 69, 70, 72, 73, 79, 80, 81, 82, 84, 86, 87, 88, 89, 90, 95, 96, 98, 100, 101, 103, 104, 107, 108, 110, 111, 114, 117, 119, 120, 121, 123, 124, 131, 132, 143]","{""support_1"": 121}",[121],1,"[122, 17, 18, 32, 137, 138, 140, 139, 13, 14, 116, 118, 136, 112, 36, 135, 28, 26, 105, 99, 144, 10, 145, 149, 102, 146, 147, 12, 58, 71, 134, 109, 67, 78, 48, 61, 148, 93, 85, 133, 130, 129, 76, 128, 97, 94, 74, 127, 91, 126, 35, 7, 21, 125, 83, 75, 142, 77, 141, 92, 115, 8, 27, 106, 101, 23, 120, 121, 114, 15, 16, 6, 124, 1, 2, 0, 42, 131, 132, 52, 64, 50, 123, 53, 55, 90, 117, 119, 43, 29, 41, 22, 4, 5, 3, 31, 30, 11, 100, 98, 96, 110, 9, 111, 108, 107, 40, 63, 47, 46, 45, 51, 54, 57, 56, 49, 68, 62, 60, 89, 70, 59, 69, 80, 79, 72, 104, 73, 143, 66, 86, 65, 87, 103, 95, 88, 82, 81, 44, 38, 39, 33, 34, 25, 37, 20, 84, 24, 19]",True,144323725747,144.323725747,"[101, 23, 120, 121, 114, 15, 16, 6, 124, 1, 2, 0, 40, 132, 131, 52, 64, 50, 123, 119, 117, 90, 53, 55, 29, 41, 43, 22, 5, 4, 3, 31, 30, 11, 100, 98, 96, 110, 9, 111, 108, 107, 42, 63, 47, 46, 70, 69, 89, 79, 80, 72, 86, 73, 66, 65, 62, 68, 60, 59, 45, 54, 51, 57, 49, 56, 143, 37, 34, 39, 33, 38, 25, 20, 44, 24, 19, 104, 84, 82, 87, 81, 88, 103, 95]","[95, 103, 88, 81, 87, 82, 84, 104, 19, 24, 44, 20, 25, 38, 33, 39, 34, 37, 143, 56, 49, 57, 51, 54, 45, 59, 60, 68, 62, 65, 66, 73, 86, 72, 80, 79, 89, 69, 70, 46, 47, 63, 42, 107, 108, 111, 9, 110, 96, 98, 100, 11, 30, 31, 3, 4, 5, 22, 43, 41, 29, 55, 53, 90, 117, 119, 123, 50, 64, 52, 131, 132, 40, 0, 2, 1, 124, 6, 16, 15, 114, 121, 120, 23, 101]",False,complete,346,346,12899,0,15965,383,15582,2000,random,True,2,113,25,113,26,26,25,26
1,485,34,66,83,"[7, 8, 10, 12, 13, 14, 17, 18, 21, 23, 26, 27, 28, 32, 35, 36, 48, 58, 61, 67, 71, 74, 75, 76, 77, 78, 83, 85, 91, 92, 93, 94, 97, 99, 101, 102, 105, 106, 109, 112, 115, 116, 118, 122, 125, 126, 127, 128, 129, 130, 133, 134, 135, 136, 137, 138, 139, 140, 141, 142, 144, 145, 146, 147, 148, 149]","[0, 1, 2, 3, 4, 5, 6, 9, 11, 15, 16, 19, 20, 22, 24, 25, 29, 30, 31, 33, 34, 37, 38, 39, 40, 41, 42, 43, 44, 45, 46, 47, 49, 50, 51, 52, 53, 54, 55, 56, 57, 59, 60, 62, 63, 64, 65, 66, 68, 69, 70, 72, 73, 79, 80, 81, 82, 84, 86, 87, 88, 89, 90, 95, 96, 98, 100, 103, 104, 107, 108, 110, 111, 114, 117, 119, 120, 121, 123, 124, 131, 132, 143]","{""support_1"": 121}",[121],1,"[122, 17, 18, 32, 137, 138, 140, 139, 13, 14, 116, 118, 136, 112, 36, 135, 28, 26, 105, 99, 144, 10, 145, 149, 102, 146, 147, 12, 58, 71, 134, 109, 67, 78, 48, 61, 148, 93, 85, 133, 130, 129, 76, 128, 97, 94, 74, 127, 91, 126, 35, 7, 21, 125, 83, 75, 142, 77, 141, 92, 115, 8, 27, 106, 101, 23, 120, 121, 114, 15, 16, 6, 124, 1, 2, 0, 42, 131, 132, 52, 64, 50, 123, 53, 55, 90, 117, 119, 43, 29, 41, 22, 4, 5, 3, 31, 30, 11, 100, 98, 96, 110, 9, 111, 108, 107, 40, 63, 47, 46, 45, 51, 54, 57, 56, 49, 68, 62, 60, 89, 70, 59, 69, 80, 79, 72, 104, 73, 143, 66, 86, 65, 87, 103, 95, 88, 82, 81, 44, 38, 39, 33, 34, 25, 37, 20, 84, 24, 19]",True,108241273086,108.241273086,"[120, 121, 114, 15, 16, 6, 124, 1, 2, 0, 42, 131, 132, 52, 64, 50, 123, 90, 55, 119, 117, 53, 29, 43, 41, 22, 4, 5, 3, 31, 30, 11, 100, 98, 96, 110, 9, 111, 108, 107, 40, 143, 63, 54, 47, 46, 51, 20, 25, 87, 104, 37, 34, 57, 39, 84, 24, 19, 44, 70, 38, 33, 56, 49, 45, 68, 62, 60, 59, 80, 103, 95, 69, 79, 72, 73, 66, 65, 89, 88, 86, 82, 81]","[81, 82, 86, 88, 89, 65, 66, 73, 72, 79, 69, 95, 103, 80, 59, 60, 62, 68, 45, 49, 56, 33, 38, 70, 44, 19, 24, 84, 39, 57, 34, 37, 104, 87, 25, 20, 51, 46, 47, 54, 63, 143, 40, 107, 108, 111, 9, 110, 96, 98, 100, 11, 30, 31, 3, 5, 4, 22, 41, 43, 29, 53, 117, 119, 55, 90, 123, 50, 64, 52, 132, 131, 42, 0, 2, 1, 124, 6, 16, 15, 114, 121, 120]",False,complete,263,263,9890,0,11704,386,11318,2000,random,True,2,122,24,122,25,25,24,25
1,486,35,68,81,"[7, 8, 10, 12, 13, 14, 17, 18, 21, 23, 26, 27, 28, 32, 35, 36, 48, 58, 61, 67, 71, 74, 75, 76, 77, 78, 83, 85, 91, 92, 93, 94, 97, 99, 101, 102, 105, 106, 109, 112, 115, 116, 118, 120, 121, 122, 125, 126, 127, 128, 129, 130, 133, 134, 135, 136, 137, 138, 139, 140, 141, 142, 144, 145, 146, 147, 148, 149]","[0, 1, 2, 3, 4, 5, 6, 9, 11, 15, 16, 19, 20, 22, 24, 25, 29, 30, 31, 33, 34, 37, 38, 39, 40, 41, 42, 43, 44, 45, 46, 47, 49, 50, 51, 52, 53, 54, 55, 56, 57, 59, 60, 62, 63, 64, 65, 66, 68, 69, 70, 72, 73, 79, 80, 81, 82, 84, 86, 87, 88, 89, 90, 95, 96, 98, 100, 103, 104, 107, 108, 110, 111, 114, 117, 119, 123, 124, 131, 132, 143]","{""support_1"": 114}",[114],1,"[122, 17, 18, 32, 137, 138, 140, 139, 13, 14, 116, 118, 136, 112, 36, 135, 28, 26, 105, 99, 144, 10, 145, 149, 102, 146, 147, 12, 58, 71, 134, 109, 67, 78, 48, 61, 148, 93, 85, 133, 130, 129, 76, 128, 97, 94, 74, 127, 91, 126, 35, 7, 21, 125, 83, 75, 142, 77, 141, 92, 115, 8, 27, 106, 101, 23, 120, 121, 114, 15, 16, 6, 124, 1, 2, 0, 42, 131, 132, 52, 64, 50, 123, 53, 55, 90, 117, 119, 43, 29, 41, 22, 4, 5, 3, 31, 30, 11, 100, 98, 96, 110, 9, 111, 108, 107, 40, 63, 47, 46, 45, 51, 54, 57, 56, 49, 68, 62, 60, 89, 70, 59, 69, 80, 79, 72, 104, 73, 143, 66, 86, 65, 87, 103, 95, 88, 82, 81, 44, 38, 39, 33, 34, 25, 37, 20, 84, 24, 19]",True,144609462879,144.609462879,"[114, 15, 16, 6, 124, 123, 119, 29, 90, 1, 2, 40, 132, 131, 54, 64, 50, 55, 117, 107, 53, 43, 41, 22, 5, 4, 3, 31, 30, 11, 100, 98, 96, 110, 108, 111, 9, 0, 42, 63, 47, 46, 143, 52, 51, 25, 20, 39, 37, 34, 19, 24, 103, 44, 45, 84, 87, 62, 49, 57, 56, 38, 33, 95, 104, 88, 82, 81, 89, 68, 86, 70, 60, 66, 73, 69, 59, 80, 79, 72, 65]","[65, 72, 79, 80, 59, 69, 73, 66, 60, 70, 86, 68, 89, 81, 82, 88, 104, 95, 33, 38, 56, 57, 49, 62, 87, 84, 45, 44, 103, 24, 19, 34, 37, 39, 20, 25, 51, 52, 143, 46, 47, 63, 42, 0, 9, 111, 108, 110, 96, 98, 100, 11, 30, 31, 3, 4, 5, 22, 41, 43, 53, 107, 117, 55, 50, 64, 54, 131, 132, 40, 2, 1, 90, 29, 119, 123, 124, 6, 16, 15, 114]",False,complete,358,358,12270,0,15581,628,14953,2000,random,True,2,112,25,112,25,25,25,26
1,487,36,70,79,"[7, 8, 10, 12, 13, 14, 15, 17, 18, 21, 23, 26, 27, 28, 32, 35, 36, 48, 58, 61, 67, 71, 74, 75, 76, 77, 78, 83, 85, 91, 92, 93, 94, 97, 99, 101, 102, 105, 106, 109, 112, 114, 115, 116, 118, 120, 121, 122, 125, 126, 127, 128, 129, 130, 133, 134, 135, 136, 137, 138, 139, 140, 141, 142, 144, 145, 146, 147, 148, 149]","[0, 1, 2, 3, 4, 5, 6, 9, 11, 16, 19, 20, 22, 24, 25, 29, 30, 31, 33, 34, 37, 38, 39, 40, 41, 42, 43, 44, 45, 46, 47, 49, 50, 51, 52, 53, 54, 55, 56, 57, 59, 60, 62, 63, 64, 65, 66, 68, 69, 70, 72, 73, 79, 80, 81, 82, 84, 86, 87, 88, 89, 90, 95, 96, 98, 100, 103, 104, 107, 108, 110, 111, 117, 119, 123, 124, 131, 132, 143]",{},[],0,"[122, 17, 18, 32, 137, 138, 140, 139, 13, 14, 116, 118, 136, 112, 36, 135, 28, 26, 105, 99, 144, 10, 145, 149, 102, 146, 147, 12, 58, 71, 134, 109, 67, 78, 48, 61, 148, 93, 85, 133, 130, 129, 76, 128, 97, 94, 74, 127, 91, 126, 35, 7, 21, 125, 83, 75, 142, 77, 141, 92, 115, 8, 27, 106, 101, 23, 120, 121, 114, 15, 16, 6, 124, 1, 2, 0, 42, 131, 132, 52, 64, 50, 123, 53, 55, 90, 117, 119, 43, 29, 41, 22, 4, 5, 3, 31, 30, 11, 100, 98, 96, 110, 9, 111, 108, 107, 40, 63, 47, 46, 45, 51, 54, 57, 56, 49, 68, 62, 60, 89, 70, 59, 69, 80, 79, 72, 104, 73, 143, 66, 86, 65, 87, 103, 95, 88, 82, 81, 44, 38, 39, 33, 34, 25, 37, 20, 84, 24, 19]",True,17911763624,17.911763624,"[16, 6, 124, 111, 123, 119, 29, 90, 108, 1, 2, 40, 131, 132, 54, 64, 50, 117, 107, 55, 53, 41, 43, 110, 9, 0, 42, 5, 4, 143, 22, 63, 3, 100, 96, 98, 25, 11, 20, 31, 44, 30, 19, 24, 103, 37, 47, 46, 84, 51, 34, 52, 89, 39, 57, 38, 33, 56, 45, 49, 68, 62, 60, 73, 66, 70, 59, 69, 80, 79, 72, 65, 86, 87, 82, 81, 88, 104, 95]","[95, 104, 88, 81, 82, 87, 86, 65, 72, 79, 80, 69, 59, 70, 66, 73, 60, 62, 68, 49, 45, 56, 33, 38, 57, 39, 89, 52, 34, 51, 84, 46, 47, 37, 103, 24, 19, 30, 44, 31, 20, 11, 25, 98, 96, 100, 3, 63, 22, 143, 4, 5, 42, 0, 9, 110, 43, 41, 53, 55, 107, 117, 50, 64, 54, 132, 131, 40, 2, 1, 108, 90, 29, 119, 123, 111, 124, 6, 16]",False,complete,88,88,3408,0,1977,12,1965,1965,random,True,2,115,25,115,25,25,25,25
1,488,37,72,77,"[6, 7, 8, 10, 12, 13, 14, 15, 16, 17, 18, 21, 23, 26, 27, 28, 32, 35, 36, 48, 58, 61, 67, 71, 74, 75, 76, 77, 78, 83, 85, 91, 92, 93, 94, 97, 99, 101, 102, 105, 106, 109, 112, 114, 115, 116, 118, 120, 121, 122, 125, 126, 127, 128, 129, 130, 133, 134, 135, 136, 137, 138, 139, 140, 141, 142, 144, 145, 146, 147, 148, 149]","[0, 1, 2, 3, 4, 5, 9, 11, 19, 20, 22, 24, 25, 29, 30, 31, 33, 34, 37, 38, 39, 40, 41, 42, 43, 44, 45, 46, 47, 49, 50, 51, 52, 53, 54, 55, 56, 57, 59, 60, 62, 63, 64, 65, 66, 68, 69, 70, 72, 73, 79, 80, 81, 82, 84, 86, 87, 88, 89, 90, 95, 96, 98, 100, 103, 104, 107, 108, 110, 111, 117, 119, 123, 124, 131, 132, 143]","{""support_1"": 9}",[9],1,"[122, 17, 18, 32, 137, 138, 140, 139, 13, 14, 116, 118, 136, 112, 36, 135, 28, 26, 105, 99, 144, 10, 145, 149, 102, 146, 147, 12, 58, 71, 134, 109, 67, 78, 48, 61, 148, 93, 85, 133, 130, 129, 76, 128, 97, 94, 74, 127, 91, 126, 35, 7, 21, 125, 83, 75, 142, 77, 141, 92, 115, 8, 27, 106, 101, 23, 120, 121, 114, 15, 16, 6, 124, 1, 2, 0, 42, 131, 132, 52, 64, 50, 123, 53, 55, 90, 117, 119, 43, 29, 41, 22, 4, 5, 3, 31, 30, 11, 100, 98, 96, 110, 9, 111, 108, 107, 40, 63, 47, 46, 45, 51, 54, 57, 56, 49, 68, 62, 60, 89, 70, 59, 69, 80, 79, 72, 104, 73, 143, 66, 86, 65, 87, 103, 95, 88, 82, 81, 44, 38, 39, 33, 34, 25, 37, 20, 84, 24, 19]",True,276477050104,276.477050104,"[124, 1, 2, 0, 40, 132, 131, 54, 64, 50, 123, 119, 90, 55, 53, 117, 29, 41, 43, 22, 4, 5, 3, 31, 30, 11, 100, 98, 96, 110, 9, 111, 108, 107, 42, 143, 63, 70, 69, 89, 79, 80, 72, 104, 73, 62, 60, 59, 68, 66, 65, 84, 86, 87, 82, 81, 88, 103, 95, 52, 47, 46, 44, 24, 25, 20, 19, 39, 51, 45, 49, 57, 56, 38, 37, 34, 33]","[33, 34, 37, 38, 56, 57, 49, 45, 51, 39, 19, 20, 25, 24, 44, 46, 47, 52, 95, 103, 88, 81, 82, 87, 86, 84, 65, 66, 68, 59, 60, 62, 73, 104, 72, 80, 79, 89, 69, 70, 63, 143, 42, 107, 108, 111, 9, 110, 96, 98, 100, 11, 30, 31, 3, 5, 4, 22, 43, 41, 29, 117, 53, 55, 90, 119, 123, 50, 64, 54, 131, 132, 40, 0, 2, 1, 124]",False,complete,1284,1284,26929,0,37314,1181,36133,2000,random,True,2,118,22,118,23,23,22,23
1,489,38,74,75,"[1, 6, 7, 8, 10, 12, 13, 14, 15, 16, 17, 18, 21, 23, 26, 27, 28, 32, 35, 36, 48, 58, 61, 67, 71, 74, 75, 76, 77, 78, 83, 85, 91, 92, 93, 94, 97, 99, 101, 102, 105, 106, 109, 112, 114, 115, 116, 118, 120, 121, 122, 124, 125, 126, 127, 128, 129, 130, 133, 134, 135, 136, 137, 138, 139, 140, 141, 142, 144, 145, 146, 147, 148, 149]","[0, 2, 3, 4, 5, 9, 11, 19, 20, 22, 24, 25, 29, 30, 31, 33, 34, 37, 38, 39, 40, 41, 42, 43, 44, 45, 46, 47, 49, 50, 51, 52, 53, 54, 55, 56, 57, 59, 60, 62, 63, 64, 65, 66, 68, 69, 70, 72, 73, 79, 80, 81, 82, 84, 86, 87, 88, 89, 90, 95, 96, 98, 100, 103, 104, 107, 108, 110, 111, 117, 119, 123, 131, 132, 143]","{""support_1"": 9, ""support_2"": 2}","[2, 9]",2,"[122, 17, 18, 32, 137, 138, 140, 139, 13, 14, 116, 118, 136, 112, 36, 135, 28, 26, 105, 99, 144, 10, 145, 149, 102, 146, 147, 12, 58, 71, 134, 109, 67, 78, 48, 61, 148, 93, 85, 133, 130, 129, 76, 128, 97, 94, 74, 127, 91, 126, 35, 7, 21, 125, 83, 75, 142, 77, 141, 92, 115, 8, 27, 106, 101, 23, 120, 121, 114, 15, 16, 6, 124, 1, 2, 0, 42, 131, 132, 52, 64, 50, 123, 53, 55, 90, 117, 119, 43, 29, 41, 22, 4, 5, 3, 31, 30, 11, 100, 98, 96, 110, 9, 111, 108, 107, 40, 63, 47, 46, 45, 51, 54, 57, 56, 49, 68, 62, 60, 89, 70, 59, 69, 80, 79, 72, 104, 73, 143, 66, 86, 65, 87, 103, 95, 88, 82, 81, 44, 38, 39, 33, 34, 25, 37, 20, 84, 24, 19]",True,149777030467,149.777030467,"[2, 0, 42, 132, 131, 52, 64, 50, 123, 119, 117, 55, 53, 90, 43, 29, 41, 22, 5, 4, 3, 31, 30, 11, 100, 98, 96, 110, 9, 111, 108, 107, 40, 47, 46, 51, 54, 45, 39, 63, 34, 143, 37, 20, 44, 25, 19, 24, 103, 84, 62, 49, 56, 57, 38, 33, 95, 87, 104, 81, 82, 88, 89, 73, 86, 66, 70, 68, 60, 59, 69, 80, 79, 72, 65]","[65, 72, 79, 80, 69, 59, 60, 68, 70, 66, 86, 73, 89, 88, 82, 81, 104, 87, 95, 33, 38, 57, 56, 49, 62, 84, 103, 24, 19, 25, 44, 20, 37, 143, 34, 63, 39, 45, 54, 51, 46, 47, 40, 107, 108, 111, 9, 110, 96, 98, 100, 11, 30, 31, 3, 4, 5, 22, 41, 29, 43, 90, 53, 55, 117, 119, 123, 50, 64, 52, 131, 132, 42, 0, 2]",False,complete,383,383,12925,0,17028,590,16438,2000,random,True,2,109,27,109,28,28,27,29
1,490,39,76,73,"[0, 1, 2, 6, 7, 8, 10, 12, 13, 14, 15, 16, 17, 18, 21, 23, 26, 27, 28, 32, 35, 36, 48, 58, 61, 67, 71, 74, 75, 76, 77, 78, 83, 85, 91, 92, 93, 94, 97, 99, 101, 102, 105, 106, 109, 112, 114, 115, 116, 118, 120, 121, 122, 124, 125, 126, 127, 128, 129, 130, 133, 134, 135, 136, 137, 138, 139, 140, 141, 142, 144, 145, 146, 147, 148, 149]","[3, 4, 5, 9, 11, 19, 20, 22, 24, 25, 29, 30, 31, 33, 34, 37, 38, 39, 40, 41, 42, 43, 44, 45, 46, 47, 49, 50, 51, 52, 53, 54, 55, 56, 57, 59, 60, 62, 63, 64, 65, 66, 68, 69, 70, 72, 73, 79, 80, 81, 82, 84, 86, 87, 88, 89, 90, 95, 96, 98, 100, 103, 104, 107, 108, 110, 111, 117, 119, 123, 131, 132, 143]","{""support_1"": 9}",[9],1,"[122, 17, 18, 32, 137, 138, 140, 139, 13, 14, 116, 118, 136, 112, 36, 135, 28, 26, 105, 99, 144, 10, 145, 149, 102, 146, 147, 12, 58, 71, 134, 109, 67, 78, 48, 61, 148, 93, 85, 133, 130, 129, 76, 128, 97, 94, 74, 127, 91, 126, 35, 7, 21, 125, 83, 75, 142, 77, 141, 92, 115, 8, 27, 106, 101, 23, 120, 121, 114, 15, 16, 6, 124, 1, 2, 0, 42, 131, 132, 52, 64, 50, 123, 53, 55, 90, 117, 119, 43, 29, 41, 22, 4, 5, 3, 31, 30, 11, 100, 98, 96, 110, 9, 111, 108, 107, 40, 63, 47, 46, 45, 51, 54, 57, 56, 49, 68, 62, 60, 89, 70, 59, 69, 80, 79, 72, 104, 73, 143, 66, 86, 65, 87, 103, 95, 88, 82, 81, 44, 38, 39, 33, 34, 25, 37, 20, 84, 24, 19]",True,224435601408,224.435601408,"[42, 131, 132, 52, 64, 50, 123, 119, 55, 117, 90, 53, 41, 29, 43, 22, 4, 5, 3, 31, 30, 11, 100, 98, 96, 110, 9, 111, 108, 107, 40, 63, 47, 46, 45, 54, 51, 57, 56, 49, 68, 62, 60, 89, 70, 86, 66, 73, 59, 69, 80, 79, 72, 65, 143, 87, 103, 104, 95, 88, 82, 81, 44, 38, 39, 33, 34, 25, 37, 20, 84, 24, 19]","[19, 24, 84, 20, 37, 25, 34, 33, 39, 38, 44, 81, 82, 88, 95, 104, 103, 87, 143, 65, 72, 79, 80, 69, 59, 73, 66, 86, 70, 89, 60, 62, 68, 49, 56, 57, 51, 54, 45, 46, 47, 63, 40, 107, 108, 111, 9, 110, 96, 98, 100, 11, 30, 31, 3, 5, 4, 22, 43, 29, 41, 53, 90, 117, 55, 119, 123, 50, 64, 52, 132, 131, 42]",False,complete,847,847,21302,0,29392,953,28439,2000,random,True,2,111,22,111,23,23,22,23
1,491,40,78,71,"[0, 1, 2, 6, 7, 8, 10, 12, 13, 14, 15, 16, 17, 18, 21, 23, 26, 27, 28, 32, 35, 36, 42, 48, 58, 61, 67, 71, 74, 75, 76, 77, 78, 83, 85, 91, 92, 93, 94, 97, 99, 101, 102, 105, 106, 109, 112, 114, 115, 116, 118, 120, 121, 122, 124, 125, 126, 127, 128, 129, 130, 131, 133, 134, 135, 136, 137, 138, 139, 140, 141, 142, 144, 145, 146, 147, 148, 149]","[3, 4, 5, 9, 11, 19, 20, 22, 24, 25, 29, 30, 31, 33, 34, 37, 38, 39, 40, 41, 43, 44, 45, 46, 47, 49, 50, 51, 52, 53, 54, 55, 56, 57, 59, 60, 62, 63, 64, 65, 66, 68, 69, 70, 72, 73, 79, 80, 81, 82, 84, 86, 87, 88, 89, 90, 95, 96, 98, 100, 103, 104, 107, 108, 110, 111, 117, 119, 123, 132, 143]","{""support_1"": 9}",[9],1,"[122, 17, 18, 32, 137, 138, 140, 139, 13, 14, 116, 118, 136, 112, 36, 135, 28, 26, 105, 99, 144, 10, 145, 149, 102, 146, 147, 12, 58, 71, 134, 109, 67, 78, 48, 61, 148, 93, 85, 133, 130, 129, 76, 128, 97, 94, 74, 127, 91, 126, 35, 7, 21, 125, 83, 75, 142, 77, 141, 92, 115, 8, 27, 106, 101, 23, 120, 121, 114, 15, 16, 6, 124, 1, 2, 0, 42, 131, 132, 52, 64, 50, 123, 53, 55, 90, 117, 119, 43, 29, 41, 22, 4, 5, 3, 31, 30, 11, 100, 98, 96, 110, 9, 111, 108, 107, 40, 63, 47, 46, 45, 51, 54, 57, 56, 49, 68, 62, 60, 89, 70, 59, 69, 80, 79, 72, 104, 73, 143, 66, 86, 65, 87, 103, 95, 88, 82, 81, 44, 38, 39, 33, 34, 25, 37, 20, 84, 24, 19]",True,154554892178,154.554892178,"[132, 54, 64, 50, 123, 90, 119, 53, 55, 117, 29, 41, 43, 22, 4, 5, 3, 31, 30, 11, 100, 98, 96, 110, 9, 111, 108, 107, 40, 143, 25, 87, 103, 104, 95, 20, 47, 37, 46, 51, 34, 52, 57, 39, 62, 49, 56, 45, 84, 24, 19, 44, 33, 38, 68, 63, 60, 89, 70, 69, 59, 79, 88, 73, 82, 81, 80, 72, 86, 66, 65]","[65, 66, 86, 72, 80, 81, 82, 73, 88, 79, 59, 69, 70, 89, 60, 63, 68, 38, 33, 44, 19, 24, 84, 45, 56, 49, 62, 39, 57, 52, 34, 51, 46, 37, 47, 20, 95, 104, 103, 87, 25, 143, 40, 107, 108, 111, 9, 110, 96, 98, 100, 11, 30, 31, 3, 5, 4, 22, 43, 41, 29, 117, 55, 53, 119, 90, 123, 50, 64, 54, 132]",False,complete,410,410,12869,0,17734,747,16987,2000,random,True,2,113,22,113,23,23,22,23
1,492,41,80,69,"[0, 1, 2, 6, 7, 8, 10, 12, 13, 14, 15, 16, 17, 18, 21, 23, 26, 27, 28, 32, 35, 36, 42, 48, 52, 58, 61, 67, 71, 74, 75, 76, 77, 78, 83, 85, 91, 92, 93, 94, 97, 99, 101, 102, 105, 106, 109, 112, 114, 115, 116, 118, 120, 121, 122, 124, 125, 126, 127, 128, 129, 130, 131, 132, 133, 134, 135, 136, 137, 138, 139, 140, 141, 142, 144, 145, 146, 147, 148, 149]","[3, 4, 5, 9, 11, 19, 20, 22, 24, 25, 29, 30, 31, 33, 34, 37, 38, 39, 40, 41, 43, 44, 45, 46, 47, 49, 50, 51, 53, 54, 55, 56, 57, 59, 60, 62, 63, 64, 65, 66, 68, 69, 70, 72, 73, 79, 80, 81, 82, 84, 86, 87, 88, 89, 90, 95, 96, 98, 100, 103, 104, 107, 108, 110, 111, 117, 119, 123, 143]","{""support_1"": 9}",[9],1,"[122, 17, 18, 32, 137, 138, 140, 139, 13, 14, 116, 118, 136, 112, 36, 135, 28, 26, 105, 99, 144, 10, 145, 149, 102, 146, 147, 12, 58, 71, 134, 109, 67, 78, 48, 61, 148, 93, 85, 133, 130, 129, 76, 128, 97, 94, 74, 127, 91, 126, 35, 7, 21, 125, 83, 75, 142, 77, 141, 92, 115, 8, 27, 106, 101, 23, 120, 121, 114, 15, 16, 6, 124, 1, 2, 0, 42, 131, 132, 52, 64, 50, 123, 53, 55, 90, 117, 119, 43, 29, 41, 22, 4, 5, 3, 31, 30, 11, 100, 98, 96, 110, 9, 111, 108, 107, 40, 63, 47, 46, 45, 51, 54, 57, 56, 49, 68, 62, 60, 89, 70, 59, 69, 80, 79, 72, 104, 73, 143, 66, 86, 65, 87, 103, 95, 88, 82, 81, 44, 38, 39, 33, 34, 25, 37, 20, 84, 24, 19]",True,250559469277,250.559469277,"[64, 50, 123, 90, 117, 119, 55, 53, 29, 41, 43, 22, 4, 5, 3, 100, 96, 98, 31, 11, 30, 110, 9, 111, 108, 107, 40, 143, 25, 87, 103, 104, 95, 20, 47, 37, 46, 51, 34, 54, 63, 39, 84, 24, 19, 44, 86, 82, 81, 88, 70, 89, 69, 80, 79, 72, 68, 60, 59, 73, 66, 65, 62, 49, 45, 57, 56, 38, 33]","[33, 38, 56, 57, 45, 49, 62, 65, 66, 73, 59, 60, 68, 72, 79, 80, 69, 89, 70, 88, 81, 82, 86, 44, 19, 24, 84, 39, 63, 54, 34, 51, 46, 37, 47, 20, 95, 104, 103, 87, 25, 143, 40, 107, 108, 111, 9, 110, 30, 11, 31, 98, 96, 100, 3, 5, 4, 22, 43, 41, 29, 53, 55, 119, 117, 90, 123, 50, 64]",False,complete,597,597,20099,0,28810,1043,27767,2000,random,True,2,106,19,106,20,20,19,20
1,493,42,82,67,"[0, 1, 2, 6, 7, 8, 10, 12, 13, 14, 15, 16, 17, 18, 21, 23, 26, 27, 28, 32, 35, 36, 42, 48, 50, 52, 58, 61, 64, 67, 71, 74, 75, 76, 77, 78, 83, 85, 91, 92, 93, 94, 97, 99, 101, 102, 105, 106, 109, 112, 114, 115, 116, 118, 120, 121, 122, 124, 125, 126, 127, 128, 129, 130, 131, 132, 133, 134, 135, 136, 137, 138, 139, 140, 141, 142, 144, 145, 146, 147, 148, 149]","[3, 4, 5, 9, 11, 19, 20, 22, 24, 25, 29, 30, 31, 33, 34, 37, 38, 39, 40, 41, 43, 44, 45, 46, 47, 49, 51, 53, 54, 55, 56, 57, 59, 60, 62, 63, 65, 66, 68, 69, 70, 72, 73, 79, 80, 81, 82, 84, 86, 87, 88, 89, 90, 95, 96, 98, 100, 103, 104, 107, 108, 110, 111, 117, 119, 123, 143]","{""support_1"": 9}",[9],1,"[122, 17, 18, 32, 137, 138, 140, 139, 13, 14, 116, 118, 136, 112, 36, 135, 28, 26, 105, 99, 144, 10, 145, 149, 102, 146, 147, 12, 58, 71, 134, 109, 67, 78, 48, 61, 148, 93, 85, 133, 130, 129, 76, 128, 97, 94, 74, 127, 91, 126, 35, 7, 21, 125, 83, 75, 142, 77, 141, 92, 115, 8, 27, 106, 101, 23, 120, 121, 114, 15, 16, 6, 124, 1, 2, 0, 42, 131, 132, 52, 64, 50, 123, 53, 55, 90, 117, 119, 43, 29, 41, 22, 4, 5, 3, 31, 30, 11, 100, 98, 96, 110, 9, 111, 108, 107, 40, 63, 47, 46, 45, 51, 54, 57, 56, 49, 68, 62, 60, 89, 70, 59, 69, 80, 79, 72, 104, 73, 143, 66, 86, 65, 87, 103, 95, 88, 82, 81, 44, 38, 39, 33, 34, 25, 37, 20, 84, 24, 19]",True,153446689708,153.446689708,"[123, 53, 90, 117, 55, 119, 29, 41, 43, 22, 5, 4, 3, 31, 30, 11, 100, 98, 96, 110, 9, 111, 108, 107, 40, 143, 63, 25, 20, 47, 104, 37, 46, 51, 34, 54, 103, 95, 39, 84, 24, 44, 19, 57, 38, 33, 56, 45, 49, 68, 62, 60, 80, 70, 69, 59, 79, 72, 65, 66, 73, 87, 89, 88, 86, 82, 81]","[81, 82, 86, 88, 89, 87, 73, 66, 65, 72, 79, 59, 69, 70, 80, 60, 62, 68, 49, 45, 56, 33, 38, 57, 19, 44, 24, 84, 39, 95, 103, 54, 34, 51, 46, 37, 104, 47, 20, 25, 63, 143, 40, 107, 108, 111, 9, 110, 96, 98, 100, 11, 30, 31, 3, 4, 5, 22, 43, 41, 29, 119, 55, 117, 90, 53, 123]",False,complete,385,385,12783,0,18463,460,18003,2000,random,True,2,108,24,108,25,25,24,25
1,494,43,84,65,"[0, 1, 2, 6, 7, 8, 10, 12, 13, 14, 15, 16, 17, 18, 21, 23, 26, 27, 28, 32, 35, 36, 42, 48, 50, 52, 53, 58, 61, 64, 67, 71, 74, 75, 76, 77, 78, 83, 85, 91, 92, 93, 94, 97, 99, 101, 102, 105, 106, 109, 112, 114, 115, 116, 118, 120, 121, 122, 123, 124, 125, 126, 127, 128, 129, 130, 131, 132, 133, 134, 135, 136, 137, 138, 139, 140, 141, 142, 144, 145, 146, 147, 148, 149]","[3, 4, 5, 9, 11, 19, 20, 22, 24, 25, 29, 30, 31, 33, 34, 37, 38, 39, 40, 41, 43, 44, 45, 46, 47, 49, 51, 54, 55, 56, 57, 59, 60, 62, 63, 65, 66, 68, 69, 70, 72, 73, 79, 80, 81, 82, 84, 86, 87, 88, 89, 90, 95, 96, 98, 100, 103, 104, 107, 108, 110, 111, 117, 119, 143]","{""support_1"": 9}",[9],1,"[122, 17, 18, 32, 137, 138, 140, 139, 13, 14, 116, 118, 136, 112, 36, 135, 28, 26, 105, 99, 144, 10, 145, 149, 102, 146, 147, 12, 58, 71, 134, 109, 67, 78, 48, 61, 148, 93, 85, 133, 130, 129, 76, 128, 97, 94, 74, 127, 91, 126, 35, 7, 21, 125, 83, 75, 142, 77, 141, 92, 115, 8, 27, 106, 101, 23, 120, 121, 114, 15, 16, 6, 124, 1, 2, 0, 42, 131, 132, 52, 64, 50, 123, 53, 55, 90, 117, 119, 43, 29, 41, 22, 4, 5, 3, 31, 30, 11, 100, 98, 96, 110, 9, 111, 108, 107, 40, 63, 47, 46, 45, 51, 54, 57, 56, 49, 68, 62, 60, 89, 70, 59, 69, 80, 79, 72, 104, 73, 143, 66, 86, 65, 87, 103, 95, 88, 82, 81, 44, 38, 39, 33, 34, 25, 37, 20, 84, 24, 19]",True,296904300739,296.904300739,"[117, 90, 119, 55, 43, 29, 41, 22, 5, 4, 3, 100, 96, 98, 11, 31, 30, 110, 9, 111, 108, 107, 40, 63, 47, 46, 51, 54, 68, 62, 60, 89, 70, 69, 59, 80, 79, 72, 104, 73, 143, 66, 65, 86, 87, 103, 95, 88, 81, 82, 44, 84, 24, 37, 34, 25, 20, 19, 39, 45, 49, 56, 57, 38, 33]","[33, 38, 57, 56, 49, 45, 39, 19, 20, 25, 34, 37, 24, 84, 44, 82, 81, 88, 95, 103, 87, 86, 65, 66, 143, 73, 104, 72, 79, 80, 59, 69, 70, 89, 60, 62, 68, 54, 51, 46, 47, 63, 40, 107, 108, 111, 9, 110, 30, 31, 11, 98, 96, 100, 3, 4, 5, 22, 41, 29, 43, 55, 119, 90, 117]",False,complete,789,789,23124,0,34885,1398,33487,2000,random,True,2,100,22,100,23,23,22,23
1,495,44,86,63,"[0, 1, 2, 6, 7, 8, 10, 12, 13, 14, 15, 16, 17, 18, 21, 23, 26, 27, 28, 32, 35, 36, 42, 48, 50, 52, 53, 55, 58, 61, 64, 67, 71, 74, 75, 76, 77, 78, 83, 85, 90, 91, 92, 93, 94, 97, 99, 101, 102, 105, 106, 109, 112, 114, 115, 116, 118, 120, 121, 122, 123, 124, 125, 126, 127, 128, 129, 130, 131, 132, 133, 134, 135, 136, 137, 138, 139, 140, 141, 142, 144, 145, 146, 147, 148, 149]","[3, 4, 5, 9, 11, 19, 20, 22, 24, 25, 29, 30, 31, 33, 34, 37, 38, 39, 40, 41, 43, 44, 45, 46, 47, 49, 51, 54, 56, 57, 59, 60, 62, 63, 65, 66, 68, 69, 70, 72, 73, 79, 80, 81, 82, 84, 86, 87, 88, 89, 95, 96, 98, 100, 103, 104, 107, 108, 110, 111, 117, 119, 143]","{""support_1"": 9}",[9],1,"[122, 17, 18, 32, 137, 138, 140, 139, 13, 14, 116, 118, 136, 112, 36, 135, 28, 26, 105, 99, 144, 10, 145, 149, 102, 146, 147, 12, 58, 71, 134, 109, 67, 78, 48, 61, 148, 93, 85, 133, 130, 129, 76, 128, 97, 94, 74, 127, 91, 126, 35, 7, 21, 125, 83, 75, 142, 77, 141, 92, 115, 8, 27, 106, 101, 23, 120, 121, 114, 15, 16, 6, 124, 1, 2, 0, 42, 131, 132, 52, 64, 50, 123, 53, 55, 90, 117, 119, 43, 29, 41, 22, 4, 5, 3, 31, 30, 11, 100, 98, 96, 110, 9, 111, 108, 107, 40, 63, 47, 46, 45, 51, 54, 57, 56, 49, 68, 62, 60, 89, 70, 59, 69, 80, 79, 72, 104, 73, 143, 66, 86, 65, 87, 103, 95, 88, 82, 81, 44, 38, 39, 33, 34, 25, 37, 20, 84, 24, 19]",True,109876726291,109.876726291,"[119, 117, 43, 29, 41, 22, 4, 5, 3, 31, 30, 11, 100, 98, 96, 110, 9, 111, 108, 107, 40, 63, 143, 54, 47, 46, 51, 37, 20, 34, 44, 25, 24, 19, 104, 39, 33, 84, 87, 57, 38, 70, 56, 49, 45, 68, 62, 60, 95, 103, 89, 88, 81, 82, 73, 86, 66, 65, 80, 72, 79, 69, 59]","[59, 69, 79, 72, 80, 65, 66, 86, 73, 82, 81, 88, 89, 103, 95, 60, 62, 68, 45, 49, 56, 70, 38, 57, 87, 84, 33, 39, 104, 19, 24, 25, 44, 34, 20, 37, 51, 46, 47, 54, 143, 63, 40, 107, 108, 111, 9, 110, 96, 98, 100, 11, 30, 31, 3, 5, 4, 22, 41, 29, 43, 117, 119]",False,complete,272,272,9169,0,12001,396,11605,2000,random,True,2,102,27,102,28,28,27,28
1,496,45,88,61,"[0, 1, 2, 6, 7, 8, 10, 12, 13, 14, 15, 16, 17, 18, 21, 23, 26, 27, 28, 32, 35, 36, 42, 48, 50, 52, 53, 55, 58, 61, 64, 67, 71, 74, 75, 76, 77, 78, 83, 85, 90, 91, 92, 93, 94, 97, 99, 101, 102, 105, 106, 109, 112, 114, 115, 116, 117, 118, 119, 120, 121, 122, 123, 124, 125, 126, 127, 128, 129, 130, 131, 132, 133, 134, 135, 136, 137, 138, 139, 140, 141, 142, 144, 145, 146, 147, 148, 149]","[3, 4, 5, 9, 11, 19, 20, 22, 24, 25, 29, 30, 31, 33, 34, 37, 38, 39, 40, 41, 43, 44, 45, 46, 47, 49, 51, 54, 56, 57, 59, 60, 62, 63, 65, 66, 68, 69, 70, 72, 73, 79, 80, 81, 82, 84, 86, 87, 88, 89, 95, 96, 98, 100, 103, 104, 107, 108, 110, 111, 143]","{""support_1"": 9}",[9],1,"[122, 17, 18, 32, 137, 138, 140, 139, 13, 14, 116, 118, 136, 112, 36, 135, 28, 26, 105, 99, 144, 10, 145, 149, 102, 146, 147, 12, 58, 71, 134, 109, 67, 78, 48, 61, 148, 93, 85, 133, 130, 129, 76, 128, 97, 94, 74, 127, 91, 126, 35, 7, 21, 125, 83, 75, 142, 77, 141, 92, 115, 8, 27, 106, 101, 23, 120, 121, 114, 15, 16, 6, 124, 1, 2, 0, 42, 131, 132, 52, 64, 50, 123, 53, 55, 90, 117, 119, 43, 29, 41, 22, 4, 5, 3, 31, 30, 11, 100, 98, 96, 110, 9, 111, 108, 107, 40, 63, 47, 46, 45, 51, 54, 57, 56, 49, 68, 62, 60, 89, 70, 59, 69, 80, 79, 72, 104, 73, 143, 66, 86, 65, 87, 103, 95, 88, 82, 81, 44, 38, 39, 33, 34, 25, 37, 20, 84, 24, 19]",True,364156563736,364.156563736,"[43, 41, 29, 22, 5, 4, 3, 100, 96, 98, 11, 31, 30, 110, 9, 111, 108, 107, 40, 63, 143, 37, 20, 44, 25, 19, 24, 103, 84, 87, 70, 34, 39, 54, 47, 46, 51, 68, 60, 62, 45, 49, 57, 56, 38, 33, 59, 80, 104, 95, 69, 79, 72, 73, 66, 65, 89, 88, 86, 82, 81]","[81, 82, 86, 88, 89, 65, 66, 73, 72, 79, 69, 95, 104, 80, 59, 33, 38, 56, 57, 49, 45, 62, 60, 68, 51, 46, 47, 54, 39, 34, 70, 87, 84, 103, 24, 19, 25, 44, 20, 37, 143, 63, 40, 107, 108, 111, 9, 110, 30, 31, 11, 98, 96, 100, 3, 4, 5, 22, 29, 41, 43]",False,complete,1240,1240,31644,0,46751,1655,45096,2000,random,True,2,101,25,101,26,26,25,26
1,497,46,90,59,"[0, 1, 2, 6, 7, 8, 10, 12, 13, 14, 15, 16, 17, 18, 21, 23, 26, 27, 28, 29, 32, 35, 36, 42, 43, 48, 50, 52, 53, 55, 58, 61, 64, 67, 71, 74, 75, 76, 77, 78, 83, 85, 90, 91, 92, 93, 94, 97, 99, 101, 102, 105, 106, 109, 112, 114, 115, 116, 117, 118, 119, 120, 121, 122, 123, 124, 125, 126, 127, 128, 129, 130, 131, 132, 133, 134, 135, 136, 137, 138, 139, 140, 141, 142, 144, 145, 146, 147, 148, 149]","[3, 4, 5, 9, 11, 19, 20, 22, 24, 25, 30, 31, 33, 34, 37, 38, 39, 40, 41, 44, 45, 46, 47, 49, 51, 54, 56, 57, 59, 60, 62, 63, 65, 66, 68, 69, 70, 72, 73, 79, 80, 81, 82, 84, 86, 87, 88, 89, 95, 96, 98, 100, 103, 104, 107, 108, 110, 111, 143]","{""support_1"": 9}",[9],1,"[122, 17, 18, 32, 137, 138, 140, 139, 13, 14, 116, 118, 136, 112, 36, 135, 28, 26, 105, 99, 144, 10, 145, 149, 102, 146, 147, 12, 58, 71, 134, 109, 67, 78, 48, 61, 148, 93, 85, 133, 130, 129, 76, 128, 97, 94, 74, 127, 91, 126, 35, 7, 21, 125, 83, 75, 142, 77, 141, 92, 115, 8, 27, 106, 101, 23, 120, 121, 114, 15, 16, 6, 124, 1, 2, 0, 42, 131, 132, 52, 64, 50, 123, 53, 55, 90, 117, 119, 43, 29, 41, 22, 4, 5, 3, 31, 30, 11, 100, 98, 96, 110, 9, 111, 108, 107, 40, 63, 47, 46, 45, 51, 54, 57, 56, 49, 68, 62, 60, 89, 70, 59, 69, 80, 79, 72, 104, 73, 143, 66, 86, 65, 87, 103, 95, 88, 82, 81, 44, 38, 39, 33, 34, 25, 37, 20, 84, 24, 19]",True,114865717101,114.865717101,"[41, 22, 5, 4, 3, 31, 30, 11, 100, 98, 96, 110, 9, 111, 108, 107, 40, 47, 46, 63, 143, 87, 104, 51, 54, 25, 20, 37, 34, 103, 39, 95, 84, 24, 44, 19, 57, 38, 33, 56, 45, 49, 70, 62, 60, 68, 89, 86, 66, 73, 69, 59, 80, 79, 72, 65, 88, 82, 81]","[81, 82, 88, 65, 72, 79, 80, 59, 69, 73, 66, 86, 89, 68, 60, 62, 70, 49, 45, 56, 33, 38, 57, 19, 44, 24, 84, 95, 39, 103, 34, 37, 20, 25, 54, 51, 104, 87, 143, 63, 46, 47, 40, 107, 108, 111, 9, 110, 96, 98, 100, 11, 30, 31, 3, 4, 5, 22, 41]",False,complete,278,278,9226,0,13543,335,13208,2000,random,True,2,98,26,98,27,27,26,27
1,498,47,92,57,"[0, 1, 2, 6, 7, 8, 10, 12, 13, 14, 15, 16, 17, 18, 21, 22, 23, 26, 27, 28, 29, 32, 35, 36, 41, 42, 43, 48, 50, 52, 53, 55, 58, 61, 64, 67, 71, 74, 75, 76, 77, 78, 83, 85, 90, 91, 92, 93, 94, 97, 99, 101, 102, 105, 106, 109, 112, 114, 115, 116, 117, 118, 119, 120, 121, 122, 123, 124, 125, 126, 127, 128, 129, 130, 131, 132, 133, 134, 135, 136, 137, 138, 139, 140, 141, 142, 144, 145, 146, 147, 148, 149]","[3, 4, 5, 9, 11, 19, 20, 24, 25, 30, 31, 33, 34, 37, 38, 39, 40, 44, 45, 46, 47, 49, 51, 54, 56, 57, 59, 60, 62, 63, 65, 66, 68, 69, 70, 72, 73, 79, 80, 81, 82, 84, 86, 87, 88, 89, 95, 96, 98, 100, 103, 104, 107, 108, 110, 111, 143]","{""support_1"": 9, ""support_2"": 5}","[5, 9]",2,"[122, 17, 18, 32, 137, 138, 140, 139, 13, 14, 116, 118, 136, 112, 36, 135, 28, 26, 105, 99, 144, 10, 145, 149, 102, 146, 147, 12, 58, 71, 134, 109, 67, 78, 48, 61, 148, 93, 85, 133, 130, 129, 76, 128, 97, 94, 74, 127, 91, 126, 35, 7, 21, 125, 83, 75, 142, 77, 141, 92, 115, 8, 27, 106, 101, 23, 120, 121, 114, 15, 16, 6, 124, 1, 2, 0, 42, 131, 132, 52, 64, 50, 123, 53, 55, 90, 117, 119, 43, 29, 41, 22, 4, 5, 3, 31, 30, 11, 100, 98, 96, 110, 9, 111, 108, 107, 40, 63, 47, 46, 45, 51, 54, 57, 56, 49, 68, 62, 60, 89, 70, 59, 69, 80, 79, 72, 104, 73, 143, 66, 86, 65, 87, 103, 95, 88, 82, 81, 44, 38, 39, 33, 34, 25, 37, 20, 84, 24, 19]",True,256379313223,256.379313223,"[4, 5, 3, 31, 30, 11, 100, 98, 96, 110, 9, 111, 108, 107, 40, 63, 143, 25, 20, 87, 37, 34, 47, 104, 39, 46, 54, 62, 51, 49, 45, 57, 56, 38, 33, 103, 95, 44, 24, 19, 88, 89, 80, 84, 73, 82, 81, 72, 79, 86, 70, 69, 66, 65, 68, 60, 59]","[59, 60, 68, 65, 66, 69, 70, 86, 79, 72, 81, 82, 73, 84, 80, 89, 88, 19, 24, 44, 95, 103, 33, 38, 56, 57, 45, 49, 51, 62, 54, 46, 39, 104, 47, 34, 37, 87, 20, 25, 143, 63, 40, 107, 108, 111, 9, 110, 96, 98, 100, 11, 30, 31, 3, 5, 4]",False,complete,1239,1239,24721,0,35902,1061,34841,2000,random,True,2,96,21,96,23,23,21,23
1,499,48,94,55,"[0, 1, 2, 4, 5, 6, 7, 8, 10, 12, 13, 14, 15, 16, 17, 18, 21, 22, 23, 26, 27, 28, 29, 32, 35, 36, 41, 42, 43, 48, 50, 52, 53, 55, 58, 61, 64, 67, 71, 74, 75, 76, 77, 78, 83, 85, 90, 91, 92, 93, 94, 97, 99, 101, 102, 105, 106, 109, 112, 114, 115, 116, 117, 118, 119, 120, 121, 122, 123, 124, 125, 126, 127, 128, 129, 130, 131, 132, 133, 134, 135, 136, 137, 138, 139, 140, 141, 142, 144, 145, 146, 147, 148, 149]","[3, 9, 11, 19, 20, 24, 25, 30, 31, 33, 34, 37, 38, 39, 40, 44, 45, 46, 47, 49, 51, 54, 56, 57, 59, 60, 62, 63, 65, 66, 68, 69, 70, 72, 73, 79, 80, 81, 82, 84, 86, 87, 88, 89, 95, 96, 98, 100, 103, 104, 107, 108, 110, 111, 143]","{""support_1"": 9}",[9],1,"[122, 17, 18, 32, 137, 138, 140, 139, 13, 14, 116, 118, 136, 112, 36, 135, 28, 26, 105, 99, 144, 10, 145, 149, 102, 146, 147, 12, 58, 71, 134, 109, 67, 78, 48, 61, 148, 93, 85, 133, 130, 129, 76, 128, 97, 94, 74, 127, 91, 126, 35, 7, 21, 125, 83, 75, 142, 77, 141, 92, 115, 8, 27, 106, 101, 23, 120, 121, 114, 15, 16, 6, 124, 1, 2, 0, 42, 131, 132, 52, 64, 50, 123, 53, 55, 90, 117, 119, 43, 29, 41, 22, 4, 5, 3, 31, 30, 11, 100, 98, 96, 110, 9, 111, 108, 107, 40, 63, 47, 46, 45, 51, 54, 57, 56, 49, 68, 62, 60, 89, 70, 59, 69, 80, 79, 72, 104, 73, 143, 66, 86, 65, 87, 103, 95, 88, 82, 81, 44, 38, 39, 33, 34, 25, 37, 20, 84, 24, 19]",True,104968375380,104.968375380,"[3, 31, 30, 11, 100, 98, 96, 110, 9, 111, 108, 107, 40, 63, 47, 46, 143, 51, 103, 54, 25, 20, 37, 34, 44, 24, 19, 39, 86, 84, 82, 87, 81, 104, 95, 88, 68, 66, 89, 70, 60, 73, 69, 59, 80, 79, 72, 65, 62, 33, 57, 38, 56, 49, 45]","[45, 49, 56, 38, 57, 33, 62, 65, 72, 79, 80, 59, 69, 73, 60, 70, 89, 66, 68, 88, 95, 104, 81, 87, 82, 84, 86, 39, 19, 24, 44, 34, 37, 20, 25, 54, 103, 51, 143, 46, 47, 63, 40, 107, 108, 111, 9, 110, 96, 98, 100, 11, 30, 31, 3]",False,complete,292,292,8950,0,12391,425,11966,2000,random,True,2,90,20,90,21,21,20,21
