repetition,seed,run_index,removed_prefix_count,included_rod_count,excluded_rods,included_rods,initial_supports,initial_supported_rods,initial_support_count,default_order,success,elapsed_ns,elapsed_s,removal_sequence,assembly_sequence,matches_default_suffix,search_stop_reason,search_expansions,search_attempted_transitions,search_enqueued_candidates,search_backtracks,rigidity_check_calls,rigidity_cache_hits,rigidity_cache_misses,rigidity_cached_entries,optimal_objective,optimality_proven,best_support_moves,best_support_peak,best_support_steps,optimal_support_moves,optimal_support_peak,optimal_support_steps,peak_supports,support_steps,support_moves,supported_rod_steps,support_assignment_episodes,supported_rod_episodes,support_additions,support_releases
1,452,1,0,149,[],"[0, 1, 2, 3, 4, 5, 6, 7, 8, 9, 10, 11, 12, 13, 14, 15, 16, 17, 18, 19, 20, 21, 22, 23, 24, 25, 26, 27, 28, 29, 30, 31, 32, 33, 34, 35, 36, 37, 38, 39, 40, 41, 42, 43, 44, 45, 46, 47, 48, 49, 50, 51, 52, 53, 54, 55, 56, 57, 58, 59, 60, 61, 62, 63, 64, 65, 66, 67, 68, 69, 70, 71, 72, 73, 74, 75, 76, 77, 78, 79, 80, 81, 82, 83, 84, 85, 86, 87, 88, 89, 90, 91, 92, 93, 94, 95, 96, 97, 98, 99, 100, 101, 102, 103, 104, 105, 106, 107, 108, 109, 110, 111, 112, 114, 115, 116, 117, 118, 119, 120, 121, 122, 123, 124, 125, 126, 127, 128, 129, 130, 131, 132, 133, 134, 135, 136, 137, 138, 139, 140, 141, 142, 143, 144, 145, 146, 147, 148, 149]",{},[],0,[],False,200068245695,200.068245695,[],[],False,runtime_limit,12308,12308,22088,11689,19774,496,19278,2000,,False,,,,,,,2,201,21,201,21,21,21,19
2,10452,1,0,149,[],"[0, 1, 2, 3, 4, 5, 6, 7, 8, 9, 10, 11, 12, 13, 14, 15, 16, 17, 18, 19, 20, 21, 22, 23, 24, 25, 26, 27, 28, 29, 30, 31, 32, 33, 34, 35, 36, 37, 38, 39, 40, 41, 42, 43, 44, 45, 46, 47, 48, 49, 50, 51, 52, 53, 54, 55, 56, 57, 58, 59, 60, 61, 62, 63, 64, 65, 66, 67, 68, 69, 70, 71, 72, 73, 74, 75, 76, 77, 78, 79, 80, 81, 82, 83, 84, 85, 86, 87, 88, 89, 90, 91, 92, 93, 94, 95, 96, 97, 98, 99, 100, 101, 102, 103, 104, 105, 106, 107, 108, 109, 110, 111, 112, 114, 115, 116, 117, 118, 119, 120, 121, 122, 123, 124, 125, 126, 127, 128, 129, 130, 131, 132, 133, 134, 135, 136, 137, 138, 139, 140, 141, 142, 143, 144, 145, 146, 147, 148, 149]",{},[],0,"[100, 37, 40, 93, 148, 44, 50, 132, 129, 140, 62, 144, 94, 36, 32, 111, 105, 53, 86, 68, 99, 35, 17, 122, 106, 27, 18, 133, 130, 31, 16, 64, 5, 56, 123, 138, 141, 137, 90, 127, 80, 21, 75, 139, 145, 61, 13, 149, 30, 124, 142, 8, 116, 15, 118, 117, 135, 71, 131, 134, 136, 109, 85, 77, 91, 52, 128, 29, 63, 43, 41, 76, 79, 125, 143, 28, 147, 119, 126, 57, 55, 60, 92, 78, 69, 70, 89, 72, 74, 73, 58, 65, 66, 42, 59, 67, 33, 38, 34, 39, 49, 54, 47, 45, 48, 51, 83, 104, 23, 46, 112, 146, 110, 108, 115, 121, 114, 120, 101, 97, 107, 102, 26, 96, 98, 11, 12, 9, 14, 10, 2, 7, 1, 0, 6, 4, 22, 25, 3, 24, 20, 87, 95, 88, 82, 81, 19, 103, 84]",True,67089010864,67.089010864,"[100, 37, 40, 93, 148, 44, 50, 132, 129, 140, 62, 144, 94, 36, 32, 111, 105, 53, 86, 68, 99, 35, 17, 122, 106, 27, 18, 133, 130, 31, 16, 64, 5, 56, 123, 138, 141, 137, 90, 127, 80, 21, 75, 139, 145, 61, 13, 149, 30, 124, 142, 8, 116, 15, 118, 117, 135, 71, 131, 134, 136, 109, 85, 77, 91, 52, 128, 29, 63, 43, 41, 76, 79, 125, 143, 28, 147, 119, 126, 57, 55, 60, 92, 78, 69, 70, 89, 72, 74, 73, 58, 65, 66, 42, 59, 67, 33, 38, 34, 39, 49, 54, 47, 45, 48, 51, 83, 104, 23, 46, 112, 146, 110, 108, 115, 121, 114, 120, 101, 97, 107, 102, 26, 96, 98, 11, 12, 9, 14, 10, 2, 7, 1, 0, 6, 4, 22, 25, 3, 24, 20, 87, 95, 88, 82, 81, 19, 103, 84]","[84, 103, 19, 81, 82, 88, 95, 87, 20, 24, 3, 25, 22, 4, 6, 0, 1, 7, 2, 10, 14, 9, 12, 11, 98, 96, 26, 102, 107, 97, 101, 120, 114, 121, 115, 108, 110, 146, 112, 46, 23, 104, 83, 51, 48, 45, 47, 54, 49, 39, 34, 38, 33, 67, 59, 42, 66, 65, 58, 73, 74, 72, 89, 70, 69, 78, 92, 60, 55, 57, 126, 119, 147, 28, 143, 125, 79, 76, 41, 43, 63, 29, 128, 52, 91, 77, 85, 109, 136, 134, 131, 71, 135, 117, 118, 15, 116, 8, 142, 124, 30, 149, 13, 61, 145, 139, 75, 21, 80, 127, 90, 137, 141, 138, 123, 56, 5, 64, 16, 31, 130, 133, 18, 27, 106, 122, 17, 35, 99, 68, 86, 53, 105, 111, 32, 36, 94, 144, 62, 140, 129, 132, 50, 44, 148, 93, 40, 37, 100]",True,complete,3682,3682,13970,3438,6290,547,5743,2000,,False,,,,,,,2,277,36,277,36,36,36,36
2,10453,2,2,147,"[37, 100]","[0, 1, 2, 3, 4, 5, 6, 7, 8, 9, 10, 11, 12, 13, 14, 15, 16, 17, 18, 19, 20, 21, 22, 23, 24, 25, 26, 27, 28, 29, 30, 31, 32, 33, 34, 35, 36, 38, 39, 40, 41, 42, 43, 44, 45, 46, 47, 48, 49, 50, 51, 52, 53, 54, 55, 56, 57, 58, 59, 60, 61, 62, 63, 64, 65, 66, 67, 68, 69, 70, 71, 72, 73, 74, 75, 76, 77, 78, 79, 80, 81, 82, 83, 84, 85, 86, 87, 88, 89, 90, 91, 92, 93, 94, 95, 96, 97, 98, 99, 101, 102, 103, 104, 105, 106, 107, 108, 109, 110, 111, 112, 114, 115, 116, 117, 118, 119, 120, 121, 122, 123, 124, 125, 126, 127, 128, 129, 130, 131, 132, 133, 134, 135, 136, 137, 138, 139, 140, 141, 142, 143, 144, 145, 146, 147, 148, 149]",{},[],0,"[100, 37, 40, 93, 148, 44, 50, 132, 129, 140, 62, 144, 94, 36, 32, 111, 105, 53, 86, 68, 99, 35, 17, 122, 106, 27, 18, 133, 130, 31, 16, 64, 5, 56, 123, 138, 141, 137, 90, 127, 80, 21, 75, 139, 145, 61, 13, 149, 30, 124, 142, 8, 116, 15, 118, 117, 135, 71, 131, 134, 136, 109, 85, 77, 91, 52, 128, 29, 63, 43, 41, 76, 79, 125, 143, 28, 147, 119, 126, 57, 55, 60, 92, 78, 69, 70, 89, 72, 74, 73, 58, 65, 66, 42, 59, 67, 33, 38, 34, 39, 49, 54, 47, 45, 48, 51, 83, 104, 23, 46, 112, 146, 110, 108, 115, 121, 114, 120, 101, 97, 107, 102, 26, 96, 98, 11, 12, 9, 14, 10, 2, 7, 1, 0, 6, 4, 22, 25, 3, 24, 20, 87, 95, 88, 82, 81, 19, 103, 84]",False,200061653585,200.061653585,[],[],False,runtime_limit,7271,7271,15618,6922,13103,157,12946,2000,,False,,,,,,,2,163,7,163,7,7,7,5
2,10454,3,4,145,"[37, 40, 93, 100]","[0, 1, 2, 3, 4, 5, 6, 7, 8, 9, 10, 11, 12, 13, 14, 15, 16, 17, 18, 19, 20, 21, 22, 23, 24, 25, 26, 27, 28, 29, 30, 31, 32, 33, 34, 35, 36, 38, 39, 41, 42, 43, 44, 45, 46, 47, 48, 49, 50, 51, 52, 53, 54, 55, 56, 57, 58, 59, 60, 61, 62, 63, 64, 65, 66, 67, 68, 69, 70, 71, 72, 73, 74, 75, 76, 77, 78, 79, 80, 81, 82, 83, 84, 85, 86, 87, 88, 89, 90, 91, 92, 94, 95, 96, 97, 98, 99, 101, 102, 103, 104, 105, 106, 107, 108, 109, 110, 111, 112, 114, 115, 116, 117, 118, 119, 120, 121, 122, 123, 124, 125, 126, 127, 128, 129, 130, 131, 132, 133, 134, 135, 136, 137, 138, 139, 140, 141, 142, 143, 144, 145, 146, 147, 148, 149]","{""support_1"": 133, ""support_2"": 134}","[133, 134]",2,"[100, 37, 40, 93, 148, 44, 50, 132, 129, 140, 62, 144, 94, 36, 32, 111, 105, 53, 86, 68, 99, 35, 17, 122, 106, 27, 18, 133, 130, 31, 16, 64, 5, 56, 123, 138, 141, 137, 90, 127, 80, 21, 75, 139, 145, 61, 13, 149, 30, 124, 142, 8, 116, 15, 118, 117, 135, 71, 131, 134, 136, 109, 85, 77, 91, 52, 128, 29, 63, 43, 41, 76, 79, 125, 143, 28, 147, 119, 126, 57, 55, 60, 92, 78, 69, 70, 89, 72, 74, 73, 58, 65, 66, 42, 59, 67, 33, 38, 34, 39, 49, 54, 47, 45, 48, 51, 83, 104, 23, 46, 112, 146, 110, 108, 115, 121, 114, 120, 101, 97, 107, 102, 26, 96, 98, 11, 12, 9, 14, 10, 2, 7, 1, 0, 6, 4, 22, 25, 3, 24, 20, 87, 95, 88, 82, 81, 19, 103, 84]",False,200108915854,200.108915854,[],[],False,runtime_limit,8032,8032,16066,7560,12650,200,12450,2000,,False,,,,,,,2,160,5,160,7,7,5,5
2,10455,4,6,143,"[37, 40, 44, 93, 100, 148]","[0, 1, 2, 3, 4, 5, 6, 7, 8, 9, 10, 11, 12, 13, 14, 15, 16, 17, 18, 19, 20, 21, 22, 23, 24, 25, 26, 27, 28, 29, 30, 31, 32, 33, 34, 35, 36, 38, 39, 41, 42, 43, 45, 46, 47, 48, 49, 50, 51, 52, 53, 54, 55, 56, 57, 58, 59, 60, 61, 62, 63, 64, 65, 66, 67, 68, 69, 70, 71, 72, 73, 74, 75, 76, 77, 78, 79, 80, 81, 82, 83, 84, 85, 86, 87, 88, 89, 90, 91, 92, 94, 95, 96, 97, 98, 99, 101, 102, 103, 104, 105, 106, 107, 108, 109, 110, 111, 112, 114, 115, 116, 117, 118, 119, 120, 121, 122, 123, 124, 125, 126, 127, 128, 129, 130, 131, 132, 133, 134, 135, 136, 137, 138, 139, 140, 141, 142, 143, 144, 145, 146, 147, 149]","{""support_1"": 133, ""support_2"": 134}","[133, 134]",2,"[100, 37, 40, 93, 148, 44, 50, 132, 129, 140, 62, 144, 94, 36, 32, 111, 105, 53, 86, 68, 99, 35, 17, 122, 106, 27, 18, 133, 130, 31, 16, 64, 5, 56, 123, 138, 141, 137, 90, 127, 80, 21, 75, 139, 145, 61, 13, 149, 30, 124, 142, 8, 116, 15, 118, 117, 135, 71, 131, 134, 136, 109, 85, 77, 91, 52, 128, 29, 63, 43, 41, 76, 79, 125, 143, 28, 147, 119, 126, 57, 55, 60, 92, 78, 69, 70, 89, 72, 74, 73, 58, 65, 66, 42, 59, 67, 33, 38, 34, 39, 49, 54, 47, 45, 48, 51, 83, 104, 23, 46, 112, 146, 110, 108, 115, 121, 114, 120, 101, 97, 107, 102, 26, 96, 98, 11, 12, 9, 14, 10, 2, 7, 1, 0, 6, 4, 22, 25, 3, 24, 20, 87, 95, 88, 82, 81, 19, 103, 84]",False,200361053049,200.361053049,[],[],False,runtime_limit,7271,7271,15207,6972,12844,157,12687,2000,,False,,,,,,,2,144,5,144,7,7,5,5
2,10456,5,8,141,"[37, 40, 44, 50, 93, 100, 132, 148]","[0, 1, 2, 3, 4, 5, 6, 7, 8, 9, 10, 11, 12, 13, 14, 15, 16, 17, 18, 19, 20, 21, 22, 23, 24, 25, 26, 27, 28, 29, 30, 31, 32, 33, 34, 35, 36, 38, 39, 41, 42, 43, 45, 46, 47, 48, 49, 51, 52, 53, 54, 55, 56, 57, 58, 59, 60, 61, 62, 63, 64, 65, 66, 67, 68, 69, 70, 71, 72, 73, 74, 75, 76, 77, 78, 79, 80, 81, 82, 83, 84, 85, 86, 87, 88, 89, 90, 91, 92, 94, 95, 96, 97, 98, 99, 101, 102, 103, 104, 105, 106, 107, 108, 109, 110, 111, 112, 114, 115, 116, 117, 118, 119, 120, 121, 122, 123, 124, 125, 126, 127, 128, 129, 130, 131, 133, 134, 135, 136, 137, 138, 139, 140, 141, 142, 143, 144, 145, 146, 147, 149]","{""support_1"": 133, ""support_2"": 134}","[133, 134]",2,"[100, 37, 40, 93, 148, 44, 50, 132, 129, 140, 62, 144, 94, 36, 32, 111, 105, 53, 86, 68, 99, 35, 17, 122, 106, 27, 18, 133, 130, 31, 16, 64, 5, 56, 123, 138, 141, 137, 90, 127, 80, 21, 75, 139, 145, 61, 13, 149, 30, 124, 142, 8, 116, 15, 118, 117, 135, 71, 131, 134, 136, 109, 85, 77, 91, 52, 128, 29, 63, 43, 41, 76, 79, 125, 143, 28, 147, 119, 126, 57, 55, 60, 92, 78, 69, 70, 89, 72, 74, 73, 58, 65, 66, 42, 59, 67, 33, 38, 34, 39, 49, 54, 47, 45, 48, 51, 83, 104, 23, 46, 112, 146, 110, 108, 115, 121, 114, 120, 101, 97, 107, 102, 26, 96, 98, 11, 12, 9, 14, 10, 2, 7, 1, 0, 6, 4, 22, 25, 3, 24, 20, 87, 95, 88, 82, 81, 19, 103, 84]",False,200507473572,200.507473572,[],[],False,runtime_limit,6055,6055,13464,5724,12893,119,12774,2000,,False,,,,,,,2,154,2,154,4,4,2,2
2,10457,6,10,139,"[37, 40, 44, 50, 93, 100, 129, 132, 140, 148]","[0, 1, 2, 3, 4, 5, 6, 7, 8, 9, 10, 11, 12, 13, 14, 15, 16, 17, 18, 19, 20, 21, 22, 23, 24, 25, 26, 27, 28, 29, 30, 31, 32, 33, 34, 35, 36, 38, 39, 41, 42, 43, 45, 46, 47, 48, 49, 51, 52, 53, 54, 55, 56, 57, 58, 59, 60, 61, 62, 63, 64, 65, 66, 67, 68, 69, 70, 71, 72, 73, 74, 75, 76, 77, 78, 79, 80, 81, 82, 83, 84, 85, 86, 87, 88, 89, 90, 91, 92, 94, 95, 96, 97, 98, 99, 101, 102, 103, 104, 105, 106, 107, 108, 109, 110, 111, 112, 114, 115, 116, 117, 118, 119, 120, 121, 122, 123, 124, 125, 126, 127, 128, 130, 131, 133, 134, 135, 136, 137, 138, 139, 141, 142, 143, 144, 145, 146, 147, 149]","{""support_1"": 133, ""support_2"": 134}","[133, 134]",2,"[100, 37, 40, 93, 148, 44, 50, 132, 129, 140, 62, 144, 94, 36, 32, 111, 105, 53, 86, 68, 99, 35, 17, 122, 106, 27, 18, 133, 130, 31, 16, 64, 5, 56, 123, 138, 141, 137, 90, 127, 80, 21, 75, 139, 145, 61, 13, 149, 30, 124, 142, 8, 116, 15, 118, 117, 135, 71, 131, 134, 136, 109, 85, 77, 91, 52, 128, 29, 63, 43, 41, 76, 79, 125, 143, 28, 147, 119, 126, 57, 55, 60, 92, 78, 69, 70, 89, 72, 74, 73, 58, 65, 66, 42, 59, 67, 33, 38, 34, 39, 49, 54, 47, 45, 48, 51, 83, 104, 23, 46, 112, 146, 110, 108, 115, 121, 114, 120, 101, 97, 107, 102, 26, 96, 98, 11, 12, 9, 14, 10, 2, 7, 1, 0, 6, 4, 22, 25, 3, 24, 20, 87, 95, 88, 82, 81, 19, 103, 84]",False,200097075658,200.097075658,[],[],False,runtime_limit,9631,9631,17091,9108,13585,290,13295,2000,,False,,,,,,,2,151,9,151,11,11,9,9
2,10458,7,12,137,"[37, 40, 44, 50, 62, 93, 100, 129, 132, 140, 144, 148]","[0, 1, 2, 3, 4, 5, 6, 7, 8, 9, 10, 11, 12, 13, 14, 15, 16, 17, 18, 19, 20, 21, 22, 23, 24, 25, 26, 27, 28, 29, 30, 31, 32, 33, 34, 35, 36, 38, 39, 41, 42, 43, 45, 46, 47, 48, 49, 51, 52, 53, 54, 55, 56, 57, 58, 59, 60, 61, 63, 64, 65, 66, 67, 68, 69, 70, 71, 72, 73, 74, 75, 76, 77, 78, 79, 80, 81, 82, 83, 84, 85, 86, 87, 88, 89, 90, 91, 92, 94, 95, 96, 97, 98, 99, 101, 102, 103, 104, 105, 106, 107, 108, 109, 110, 111, 112, 114, 115, 116, 117, 118, 119, 120, 121, 122, 123, 124, 125, 126, 127, 128, 130, 131, 133, 134, 135, 136, 137, 138, 139, 141, 142, 143, 145, 146, 147, 149]","{""support_1"": 133, ""support_2"": 134}","[133, 134]",2,"[100, 37, 40, 93, 148, 44, 50, 132, 129, 140, 62, 144, 94, 36, 32, 111, 105, 53, 86, 68, 99, 35, 17, 122, 106, 27, 18, 133, 130, 31, 16, 64, 5, 56, 123, 138, 141, 137, 90, 127, 80, 21, 75, 139, 145, 61, 13, 149, 30, 124, 142, 8, 116, 15, 118, 117, 135, 71, 131, 134, 136, 109, 85, 77, 91, 52, 128, 29, 63, 43, 41, 76, 79, 125, 143, 28, 147, 119, 126, 57, 55, 60, 92, 78, 69, 70, 89, 72, 74, 73, 58, 65, 66, 42, 59, 67, 33, 38, 34, 39, 49, 54, 47, 45, 48, 51, 83, 104, 23, 46, 112, 146, 110, 108, 115, 121, 114, 120, 101, 97, 107, 102, 26, 96, 98, 11, 12, 9, 14, 10, 2, 7, 1, 0, 6, 4, 22, 25, 3, 24, 20, 87, 95, 88, 82, 81, 19, 103, 84]",False,200097160516,200.097160516,[],[],False,runtime_limit,8125,8125,15150,7674,13092,178,12914,2000,,False,,,,,,,2,148,4,148,6,6,4,4
2,10459,8,14,135,"[36, 37, 40, 44, 50, 62, 93, 94, 100, 129, 132, 140, 144, 148]","[0, 1, 2, 3, 4, 5, 6, 7, 8, 9, 10, 11, 12, 13, 14, 15, 16, 17, 18, 19, 20, 21, 22, 23, 24, 25, 26, 27, 28, 29, 30, 31, 32, 33, 34, 35, 38, 39, 41, 42, 43, 45, 46, 47, 48, 49, 51, 52, 53, 54, 55, 56, 57, 58, 59, 60, 61, 63, 64, 65, 66, 67, 68, 69, 70, 71, 72, 73, 74, 75, 76, 77, 78, 79, 80, 81, 82, 83, 84, 85, 86, 87, 88, 89, 90, 91, 92, 95, 96, 97, 98, 99, 101, 102, 103, 104, 105, 106, 107, 108, 109, 110, 111, 112, 114, 115, 116, 117, 118, 119, 120, 121, 122, 123, 124, 125, 126, 127, 128, 130, 131, 133, 134, 135, 136, 137, 138, 139, 141, 142, 143, 145, 146, 147, 149]","{""support_1"": 133, ""support_2"": 134}","[133, 134]",2,"[100, 37, 40, 93, 148, 44, 50, 132, 129, 140, 62, 144, 94, 36, 32, 111, 105, 53, 86, 68, 99, 35, 17, 122, 106, 27, 18, 133, 130, 31, 16, 64, 5, 56, 123, 138, 141, 137, 90, 127, 80, 21, 75, 139, 145, 61, 13, 149, 30, 124, 142, 8, 116, 15, 118, 117, 135, 71, 131, 134, 136, 109, 85, 77, 91, 52, 128, 29, 63, 43, 41, 76, 79, 125, 143, 28, 147, 119, 126, 57, 55, 60, 92, 78, 69, 70, 89, 72, 74, 73, 58, 65, 66, 42, 59, 67, 33, 38, 34, 39, 49, 54, 47, 45, 48, 51, 83, 104, 23, 46, 112, 146, 110, 108, 115, 121, 114, 120, 101, 97, 107, 102, 26, 96, 98, 11, 12, 9, 14, 10, 2, 7, 1, 0, 6, 4, 22, 25, 3, 24, 20, 87, 95, 88, 82, 81, 19, 103, 84]",False,200091145658,200.091145658,[],[],False,runtime_limit,6322,6322,13000,5986,12499,146,12353,2000,,False,,,,,,,2,140,5,140,7,7,5,5
2,10460,9,16,133,"[32, 36, 37, 40, 44, 50, 62, 93, 94, 100, 111, 129, 132, 140, 144, 148]","[0, 1, 2, 3, 4, 5, 6, 7, 8, 9, 10, 11, 12, 13, 14, 15, 16, 17, 18, 19, 20, 21, 22, 23, 24, 25, 26, 27, 28, 29, 30, 31, 33, 34, 35, 38, 39, 41, 42, 43, 45, 46, 47, 48, 49, 51, 52, 53, 54, 55, 56, 57, 58, 59, 60, 61, 63, 64, 65, 66, 67, 68, 69, 70, 71, 72, 73, 74, 75, 76, 77, 78, 79, 80, 81, 82, 83, 84, 85, 86, 87, 88, 89, 90, 91, 92, 95, 96, 97, 98, 99, 101, 102, 103, 104, 105, 106, 107, 108, 109, 110, 112, 114, 115, 116, 117, 118, 119, 120, 121, 122, 123, 124, 125, 126, 127, 128, 130, 131, 133, 134, 135, 136, 137, 138, 139, 141, 142, 143, 145, 146, 147, 149]","{""support_1"": 133, ""support_2"": 134}","[133, 134]",2,"[100, 37, 40, 93, 148, 44, 50, 132, 129, 140, 62, 144, 94, 36, 32, 111, 105, 53, 86, 68, 99, 35, 17, 122, 106, 27, 18, 133, 130, 31, 16, 64, 5, 56, 123, 138, 141, 137, 90, 127, 80, 21, 75, 139, 145, 61, 13, 149, 30, 124, 142, 8, 116, 15, 118, 117, 135, 71, 131, 134, 136, 109, 85, 77, 91, 52, 128, 29, 63, 43, 41, 76, 79, 125, 143, 28, 147, 119, 126, 57, 55, 60, 92, 78, 69, 70, 89, 72, 74, 73, 58, 65, 66, 42, 59, 67, 33, 38, 34, 39, 49, 54, 47, 45, 48, 51, 83, 104, 23, 46, 112, 146, 110, 108, 115, 121, 114, 120, 101, 97, 107, 102, 26, 96, 98, 11, 12, 9, 14, 10, 2, 7, 1, 0, 6, 4, 22, 25, 3, 24, 20, 87, 95, 88, 82, 81, 19, 103, 84]",True,160483646311,160.483646311,"[133, 85, 86, 105, 142, 61, 80, 42, 98, 97, 2, 143, 84, 17, 137, 145, 136, 138, 146, 43, 77, 63, 149, 128, 139, 14, 71, 5, 126, 35, 53, 55, 23, 109, 123, 13, 92, 18, 78, 68, 21, 134, 8, 58, 15, 122, 112, 27, 118, 130, 90, 48, 29, 74, 41, 75, 127, 135, 131, 34, 141, 125, 79, 54, 64, 57, 60, 104, 124, 119, 117, 69, 70, 59, 103, 72, 76, 39, 52, 47, 46, 51, 31, 49, 45, 56, 33, 38, 67, 89, 91, 73, 65, 66, 88, 26, 87, 106, 82, 83, 99, 96, 22, 30, 81, 24, 20, 19, 25, 121, 28, 120, 101, 95, 102, 114, 115, 116, 10, 1, 7, 147, 6, 4, 12, 108, 107, 11, 3, 16, 110, 9, 0]","[0, 9, 110, 16, 3, 11, 107, 108, 12, 4, 6, 147, 7, 1, 10, 116, 115, 114, 102, 95, 101, 120, 28, 121, 25, 19, 20, 24, 81, 30, 22, 96, 99, 83, 82, 106, 87, 26, 88, 66, 65, 73, 91, 89, 67, 38, 33, 56, 45, 49, 31, 51, 46, 47, 52, 39, 76, 72, 103, 59, 70, 69, 117, 119, 124, 104, 60, 57, 64, 54, 79, 125, 141, 34, 131, 135, 127, 75, 41, 74, 29, 48, 90, 130, 118, 27, 112, 122, 15, 58, 8, 134, 21, 68, 78, 18, 92, 13, 123, 109, 23, 55, 53, 35, 126, 5, 71, 14, 139, 128, 149, 63, 77, 43, 146, 138, 136, 145, 137, 17, 84, 143, 2, 97, 98, 42, 80, 61, 142, 105, 86, 85, 133]",False,complete,8278,8278,15984,7924,13367,491,12876,2000,,False,,,,,,,2,248,35,248,36,36,35,37
2,10461,10,18,131,"[32, 36, 37, 40, 44, 50, 53, 62, 93, 94, 100, 105, 111, 129, 132, 140, 144, 148]","[0, 1, 2, 3, 4, 5, 6, 7, 8, 9, 10, 11, 12, 13, 14, 15, 16, 17, 18, 19, 20, 21, 22, 23, 24, 25, 26, 27, 28, 29, 30, 31, 33, 34, 35, 38, 39, 41, 42, 43, 45, 46, 47, 48, 49, 51, 52, 54, 55, 56, 57, 58, 59, 60, 61, 63, 64, 65, 66, 67, 68, 69, 70, 71, 72, 73, 74, 75, 76, 77, 78, 79, 80, 81, 82, 83, 84, 85, 86, 87, 88, 89, 90, 91, 92, 95, 96, 97, 98, 99, 101, 102, 103, 104, 106, 107, 108, 109, 110, 112, 114, 115, 116, 117, 118, 119, 120, 121, 122, 123, 124, 125, 126, 127, 128, 130, 131, 133, 134, 135, 136, 137, 138, 139, 141, 142, 143, 145, 146, 147, 149]","{""support_1"": 133, ""support_2"": 134}","[133, 134]",2,"[100, 37, 40, 93, 148, 44, 50, 132, 129, 140, 62, 144, 94, 36, 32, 111, 105, 53, 86, 68, 99, 35, 17, 122, 106, 27, 18, 133, 130, 31, 16, 64, 5, 56, 123, 138, 141, 137, 90, 127, 80, 21, 75, 139, 145, 61, 13, 149, 30, 124, 142, 8, 116, 15, 118, 117, 135, 71, 131, 134, 136, 109, 85, 77, 91, 52, 128, 29, 63, 43, 41, 76, 79, 125, 143, 28, 147, 119, 126, 57, 55, 60, 92, 78, 69, 70, 89, 72, 74, 73, 58, 65, 66, 42, 59, 67, 33, 38, 34, 39, 49, 54, 47, 45, 48, 51, 83, 104, 23, 46, 112, 146, 110, 108, 115, 121, 114, 120, 101, 97, 107, 102, 26, 96, 98, 11, 12, 9, 14, 10, 2, 7, 1, 0, 6, 4, 22, 25, 3, 24, 20, 87, 95, 88, 82, 81, 19, 103, 84]",False,200096078524,200.096078524,[],[],False,runtime_limit,11979,11979,19056,11196,20755,479,20276,2000,,False,,,,,,,2,174,15,174,17,17,15,15
2,10462,11,20,129,"[32, 36, 37, 40, 44, 50, 53, 62, 68, 86, 93, 94, 100, 105, 111, 129, 132, 140, 144, 148]","[0, 1, 2, 3, 4, 5, 6, 7, 8, 9, 10, 11, 12, 13, 14, 15, 16, 17, 18, 19, 20, 21, 22, 23, 24, 25, 26, 27, 28, 29, 30, 31, 33, 34, 35, 38, 39, 41, 42, 43, 45, 46, 47, 48, 49, 51, 52, 54, 55, 56, 57, 58, 59, 60, 61, 63, 64, 65, 66, 67, 69, 70, 71, 72, 73, 74, 75, 76, 77, 78, 79, 80, 81, 82, 83, 84, 85, 87, 88, 89, 90, 91, 92, 95, 96, 97, 98, 99, 101, 102, 103, 104, 106, 107, 108, 109, 110, 112, 114, 115, 116, 117, 118, 119, 120, 121, 122, 123, 124, 125, 126, 127, 128, 130, 131, 133, 134, 135, 136, 137, 138, 139, 141, 142, 143, 145, 146, 147, 149]","{""support_1"": 133, ""support_2"": 134}","[133, 134]",2,"[100, 37, 40, 93, 148, 44, 50, 132, 129, 140, 62, 144, 94, 36, 32, 111, 105, 53, 86, 68, 99, 35, 17, 122, 106, 27, 18, 133, 130, 31, 16, 64, 5, 56, 123, 138, 141, 137, 90, 127, 80, 21, 75, 139, 145, 61, 13, 149, 30, 124, 142, 8, 116, 15, 118, 117, 135, 71, 131, 134, 136, 109, 85, 77, 91, 52, 128, 29, 63, 43, 41, 76, 79, 125, 143, 28, 147, 119, 126, 57, 55, 60, 92, 78, 69, 70, 89, 72, 74, 73, 58, 65, 66, 42, 59, 67, 33, 38, 34, 39, 49, 54, 47, 45, 48, 51, 83, 104, 23, 46, 112, 146, 110, 108, 115, 121, 114, 120, 101, 97, 107, 102, 26, 96, 98, 11, 12, 9, 14, 10, 2, 7, 1, 0, 6, 4, 22, 25, 3, 24, 20, 87, 95, 88, 82, 81, 19, 103, 84]",True,69495063804,69.495063804,"[92, 5, 63, 139, 121, 141, 130, 131, 118, 128, 78, 16, 138, 84, 52, 109, 116, 124, 90, 122, 17, 43, 145, 55, 99, 142, 147, 136, 18, 125, 133, 35, 115, 29, 58, 64, 15, 137, 41, 47, 114, 85, 106, 146, 54, 13, 75, 74, 127, 31, 27, 7, 21, 135, 97, 123, 8, 26, 120, 134, 77, 126, 117, 71, 103, 149, 87, 119, 101, 102, 98, 96, 110, 108, 107, 112, 2, 6, 1, 30, 9, 10, 0, 23, 14, 22, 4, 11, 3, 12, 83, 28, 143, 20, 24, 19, 25, 42, 39, 34, 80, 48, 46, 51, 67, 57, 66, 38, 56, 49, 104, 45, 61, 33, 95, 79, 69, 60, 59, 70, 72, 65, 76, 82, 73, 91, 88, 89, 81]","[81, 89, 88, 91, 73, 82, 76, 65, 72, 70, 59, 60, 69, 79, 95, 33, 61, 45, 104, 49, 56, 38, 66, 57, 67, 51, 46, 48, 80, 34, 39, 42, 25, 19, 24, 20, 143, 28, 83, 12, 3, 11, 4, 22, 14, 23, 0, 10, 9, 30, 1, 6, 2, 112, 107, 108, 110, 96, 98, 102, 101, 119, 87, 149, 103, 71, 117, 126, 77, 134, 120, 26, 8, 123, 97, 135, 21, 7, 27, 31, 127, 74, 75, 13, 54, 146, 106, 85, 114, 47, 41, 137, 15, 64, 58, 29, 115, 35, 133, 125, 18, 136, 147, 142, 99, 55, 145, 43, 17, 122, 90, 124, 116, 109, 52, 84, 138, 16, 78, 128, 118, 131, 130, 141, 121, 139, 63, 5, 92]",False,complete,3474,3474,10811,3271,6700,190,6510,2000,,False,,,,,,,2,250,30,250,32,32,30,32
2,10463,12,22,127,"[32, 35, 36, 37, 40, 44, 50, 53, 62, 68, 86, 93, 94, 99, 100, 105, 111, 129, 132, 140, 144, 148]","[0, 1, 2, 3, 4, 5, 6, 7, 8, 9, 10, 11, 12, 13, 14, 15, 16, 17, 18, 19, 20, 21, 22, 23, 24, 25, 26, 27, 28, 29, 30, 31, 33, 34, 38, 39, 41, 42, 43, 45, 46, 47, 48, 49, 51, 52, 54, 55, 56, 57, 58, 59, 60, 61, 63, 64, 65, 66, 67, 69, 70, 71, 72, 73, 74, 75, 76, 77, 78, 79, 80, 81, 82, 83, 84, 85, 87, 88, 89, 90, 91, 92, 95, 96, 97, 98, 101, 102, 103, 104, 106, 107, 108, 109, 110, 112, 114, 115, 116, 117, 118, 119, 120, 121, 122, 123, 124, 125, 126, 127, 128, 130, 131, 133, 134, 135, 136, 137, 138, 139, 141, 142, 143, 145, 146, 147, 149]","{""support_1"": 133, ""support_2"": 134}","[133, 134]",2,"[100, 37, 40, 93, 148, 44, 50, 132, 129, 140, 62, 144, 94, 36, 32, 111, 105, 53, 86, 68, 99, 35, 17, 122, 106, 27, 18, 133, 130, 31, 16, 64, 5, 56, 123, 138, 141, 137, 90, 127, 80, 21, 75, 139, 145, 61, 13, 149, 30, 124, 142, 8, 116, 15, 118, 117, 135, 71, 131, 134, 136, 109, 85, 77, 91, 52, 128, 29, 63, 43, 41, 76, 79, 125, 143, 28, 147, 119, 126, 57, 55, 60, 92, 78, 69, 70, 89, 72, 74, 73, 58, 65, 66, 42, 59, 67, 33, 38, 34, 39, 49, 54, 47, 45, 48, 51, 83, 104, 23, 46, 112, 146, 110, 108, 115, 121, 114, 120, 101, 97, 107, 102, 26, 96, 98, 11, 12, 9, 14, 10, 2, 7, 1, 0, 6, 4, 22, 25, 3, 24, 20, 87, 95, 88, 82, 81, 19, 103, 84]",False,200274425260,200.274425260,[],[],False,runtime_limit,9208,9208,15451,8710,16237,552,15685,2000,,False,,,,,,,2,156,9,156,11,11,9,9
2,10464,13,24,125,"[17, 32, 35, 36, 37, 40, 44, 50, 53, 62, 68, 86, 93, 94, 99, 100, 105, 111, 122, 129, 132, 140, 144, 148]","[0, 1, 2, 3, 4, 5, 6, 7, 8, 9, 10, 11, 12, 13, 14, 15, 16, 18, 19, 20, 21, 22, 23, 24, 25, 26, 27, 28, 29, 30, 31, 33, 34, 38, 39, 41, 42, 43, 45, 46, 47, 48, 49, 51, 52, 54, 55, 56, 57, 58, 59, 60, 61, 63, 64, 65, 66, 67, 69, 70, 71, 72, 73, 74, 75, 76, 77, 78, 79, 80, 81, 82, 83, 84, 85, 87, 88, 89, 90, 91, 92, 95, 96, 97, 98, 101, 102, 103, 104, 106, 107, 108, 109, 110, 112, 114, 115, 116, 117, 118, 119, 120, 121, 123, 124, 125, 126, 127, 128, 130, 131, 133, 134, 135, 136, 137, 138, 139, 141, 142, 143, 145, 146, 147, 149]","{""support_1"": 133, ""support_2"": 134}","[133, 134]",2,"[100, 37, 40, 93, 148, 44, 50, 132, 129, 140, 62, 144, 94, 36, 32, 111, 105, 53, 86, 68, 99, 35, 17, 122, 106, 27, 18, 133, 130, 31, 16, 64, 5, 56, 123, 138, 141, 137, 90, 127, 80, 21, 75, 139, 145, 61, 13, 149, 30, 124, 142, 8, 116, 15, 118, 117, 135, 71, 131, 134, 136, 109, 85, 77, 91, 52, 128, 29, 63, 43, 41, 76, 79, 125, 143, 28, 147, 119, 126, 57, 55, 60, 92, 78, 69, 70, 89, 72, 74, 73, 58, 65, 66, 42, 59, 67, 33, 38, 34, 39, 49, 54, 47, 45, 48, 51, 83, 104, 23, 46, 112, 146, 110, 108, 115, 121, 114, 120, 101, 97, 107, 102, 26, 96, 98, 11, 12, 9, 14, 10, 2, 7, 1, 0, 6, 4, 22, 25, 3, 24, 20, 87, 95, 88, 82, 81, 19, 103, 84]",True,134901608476,134.901608476,"[27, 128, 141, 142, 47, 2, 43, 41, 106, 64, 110, 143, 48, 137, 21, 138, 31, 84, 67, 121, 75, 124, 136, 135, 85, 146, 14, 134, 90, 42, 147, 78, 5, 149, 34, 131, 15, 61, 123, 126, 139, 52, 127, 13, 92, 125, 77, 58, 119, 130, 117, 118, 8, 133, 74, 28, 16, 29, 55, 10, 9, 71, 112, 109, 108, 116, 115, 107, 114, 97, 120, 101, 98, 96, 102, 33, 39, 54, 46, 51, 45, 57, 49, 38, 56, 60, 70, 89, 66, 76, 104, 63, 80, 69, 73, 72, 30, 65, 79, 103, 91, 26, 11, 12, 18, 95, 87, 145, 23, 88, 25, 82, 81, 83, 20, 22, 7, 59, 19, 4, 3, 24, 1, 0, 6]","[6, 0, 1, 24, 3, 4, 19, 59, 7, 22, 20, 83, 81, 82, 25, 88, 23, 145, 87, 95, 18, 12, 11, 26, 91, 103, 79, 65, 30, 72, 73, 69, 80, 63, 104, 76, 66, 89, 70, 60, 56, 38, 49, 57, 45, 51, 46, 54, 39, 33, 102, 96, 98, 101, 120, 97, 114, 107, 115, 116, 108, 109, 112, 71, 9, 10, 55, 29, 16, 28, 74, 133, 8, 118, 117, 130, 119, 58, 77, 125, 92, 13, 127, 52, 139, 126, 123, 61, 15, 131, 34, 149, 5, 78, 147, 42, 90, 134, 14, 146, 85, 135, 136, 124, 75, 121, 67, 84, 31, 138, 21, 137, 48, 143, 110, 64, 106, 41, 43, 2, 47, 142, 141, 128, 27]",False,complete,6354,6354,13332,6090,10606,140,10466,2000,,False,,,,,,,2,234,32,234,34,34,32,34
2,10465,14,26,123,"[17, 27, 32, 35, 36, 37, 40, 44, 50, 53, 62, 68, 86, 93, 94, 99, 100, 105, 106, 111, 122, 129, 132, 140, 144, 148]","[0, 1, 2, 3, 4, 5, 6, 7, 8, 9, 10, 11, 12, 13, 14, 15, 16, 18, 19, 20, 21, 22, 23, 24, 25, 26, 28, 29, 30, 31, 33, 34, 38, 39, 41, 42, 43, 45, 46, 47, 48, 49, 51, 52, 54, 55, 56, 57, 58, 59, 60, 61, 63, 64, 65, 66, 67, 69, 70, 71, 72, 73, 74, 75, 76, 77, 78, 79, 80, 81, 82, 83, 84, 85, 87, 88, 89, 90, 91, 92, 95, 96, 97, 98, 101, 102, 103, 104, 107, 108, 109, 110, 112, 114, 115, 116, 117, 118, 119, 120, 121, 123, 124, 125, 126, 127, 128, 130, 131, 133, 134, 135, 136, 137, 138, 139, 141, 142, 143, 145, 146, 147, 149]","{""support_1"": 133, ""support_2"": 134}","[133, 134]",2,"[100, 37, 40, 93, 148, 44, 50, 132, 129, 140, 62, 144, 94, 36, 32, 111, 105, 53, 86, 68, 99, 35, 17, 122, 106, 27, 18, 133, 130, 31, 16, 64, 5, 56, 123, 138, 141, 137, 90, 127, 80, 21, 75, 139, 145, 61, 13, 149, 30, 124, 142, 8, 116, 15, 118, 117, 135, 71, 131, 134, 136, 109, 85, 77, 91, 52, 128, 29, 63, 43, 41, 76, 79, 125, 143, 28, 147, 119, 126, 57, 55, 60, 92, 78, 69, 70, 89, 72, 74, 73, 58, 65, 66, 42, 59, 67, 33, 38, 34, 39, 49, 54, 47, 45, 48, 51, 83, 104, 23, 46, 112, 146, 110, 108, 115, 121, 114, 120, 101, 97, 107, 102, 26, 96, 98, 11, 12, 9, 14, 10, 2, 7, 1, 0, 6, 4, 22, 25, 3, 24, 20, 87, 95, 88, 82, 81, 19, 103, 84]",True,19289585000,19.289585000,"[133, 121, 123, 147, 119, 21, 55, 23, 58, 29, 90, 63, 78, 83, 75, 141, 149, 85, 137, 31, 126, 18, 43, 117, 2, 125, 128, 109, 130, 134, 61, 84, 131, 142, 16, 139, 116, 77, 136, 41, 71, 82, 15, 146, 8, 127, 103, 76, 48, 5, 135, 28, 104, 124, 54, 91, 47, 138, 57, 87, 88, 56, 89, 49, 92, 81, 46, 45, 51, 14, 52, 67, 34, 66, 73, 38, 33, 39, 26, 74, 42, 98, 64, 60, 70, 69, 79, 72, 65, 80, 120, 97, 59, 101, 112, 96, 95, 102, 118, 115, 114, 108, 7, 13, 110, 107, 143, 9, 10, 1, 0, 6, 20, 25, 145, 12, 11, 24, 4, 30, 19, 22, 3]","[3, 22, 19, 30, 4, 24, 11, 12, 145, 25, 20, 6, 0, 1, 10, 9, 143, 107, 110, 13, 7, 108, 114, 115, 118, 102, 95, 96, 112, 101, 59, 97, 120, 80, 65, 72, 79, 69, 70, 60, 64, 98, 42, 74, 26, 39, 33, 38, 73, 66, 34, 67, 52, 14, 51, 45, 46, 81, 92, 49, 89, 56, 88, 87, 57, 138, 47, 91, 54, 124, 104, 28, 135, 5, 48, 76, 103, 127, 8, 146, 15, 82, 71, 41, 136, 77, 116, 139, 16, 142, 131, 84, 61, 134, 130, 109, 128, 125, 2, 117, 43, 18, 126, 31, 137, 85, 149, 141, 75, 83, 78, 63, 90, 29, 58, 23, 55, 21, 119, 147, 123, 121, 133]",False,complete,955,955,7803,824,1652,4,1648,1648,,False,,,,,,,2,228,28,228,29,29,28,30
2,10466,15,28,121,"[17, 18, 27, 32, 35, 36, 37, 40, 44, 50, 53, 62, 68, 86, 93, 94, 99, 100, 105, 106, 111, 122, 129, 132, 133, 140, 144, 148]","[0, 1, 2, 3, 4, 5, 6, 7, 8, 9, 10, 11, 12, 13, 14, 15, 16, 19, 20, 21, 22, 23, 24, 25, 26, 28, 29, 30, 31, 33, 34, 38, 39, 41, 42, 43, 45, 46, 47, 48, 49, 51, 52, 54, 55, 56, 57, 58, 59, 60, 61, 63, 64, 65, 66, 67, 69, 70, 71, 72, 73, 74, 75, 76, 77, 78, 79, 80, 81, 82, 83, 84, 85, 87, 88, 89, 90, 91, 92, 95, 96, 97, 98, 101, 102, 103, 104, 107, 108, 109, 110, 112, 114, 115, 116, 117, 118, 119, 120, 121, 123, 124, 125, 126, 127, 128, 130, 131, 134, 135, 136, 137, 138, 139, 141, 142, 143, 145, 146, 147, 149]","{""support_2"": 134}",[134],1,"[100, 37, 40, 93, 148, 44, 50, 132, 129, 140, 62, 144, 94, 36, 32, 111, 105, 53, 86, 68, 99, 35, 17, 122, 106, 27, 18, 133, 130, 31, 16, 64, 5, 56, 123, 138, 141, 137, 90, 127, 80, 21, 75, 139, 145, 61, 13, 149, 30, 124, 142, 8, 116, 15, 118, 117, 135, 71, 131, 134, 136, 109, 85, 77, 91, 52, 128, 29, 63, 43, 41, 76, 79, 125, 143, 28, 147, 119, 126, 57, 55, 60, 92, 78, 69, 70, 89, 72, 74, 73, 58, 65, 66, 42, 59, 67, 33, 38, 34, 39, 49, 54, 47, 45, 48, 51, 83, 104, 23, 46, 112, 146, 110, 108, 115, 121, 114, 120, 101, 97, 107, 102, 26, 96, 98, 11, 12, 9, 14, 10, 2, 7, 1, 0, 6, 4, 22, 25, 3, 24, 20, 87, 95, 88, 82, 81, 19, 103, 84]",False,200361977685,200.361977685,[],[],False,runtime_limit,7574,7574,12494,7192,12517,147,12370,2000,,False,,,,,,,2,119,6,119,7,7,6,5
2,10467,16,30,119,"[17, 18, 27, 31, 32, 35, 36, 37, 40, 44, 50, 53, 62, 68, 86, 93, 94, 99, 100, 105, 106, 111, 122, 129, 130, 132, 133, 140, 144, 148]","[0, 1, 2, 3, 4, 5, 6, 7, 8, 9, 10, 11, 12, 13, 14, 15, 16, 19, 20, 21, 22, 23, 24, 25, 26, 28, 29, 30, 33, 34, 38, 39, 41, 42, 43, 45, 46, 47, 48, 49, 51, 52, 54, 55, 56, 57, 58, 59, 60, 61, 63, 64, 65, 66, 67, 69, 70, 71, 72, 73, 74, 75, 76, 77, 78, 79, 80, 81, 82, 83, 84, 85, 87, 88, 89, 90, 91, 92, 95, 96, 97, 98, 101, 102, 103, 104, 107, 108, 109, 110, 112, 114, 115, 116, 117, 118, 119, 120, 121, 123, 124, 125, 126, 127, 128, 131, 134, 135, 136, 137, 138, 139, 141, 142, 143, 145, 146, 147, 149]","{""support_2"": 134}",[134],1,"[100, 37, 40, 93, 148, 44, 50, 132, 129, 140, 62, 144, 94, 36, 32, 111, 105, 53, 86, 68, 99, 35, 17, 122, 106, 27, 18, 133, 130, 31, 16, 64, 5, 56, 123, 138, 141, 137, 90, 127, 80, 21, 75, 139, 145, 61, 13, 149, 30, 124, 142, 8, 116, 15, 118, 117, 135, 71, 131, 134, 136, 109, 85, 77, 91, 52, 128, 29, 63, 43, 41, 76, 79, 125, 143, 28, 147, 119, 126, 57, 55, 60, 92, 78, 69, 70, 89, 72, 74, 73, 58, 65, 66, 42, 59, 67, 33, 38, 34, 39, 49, 54, 47, 45, 48, 51, 83, 104, 23, 46, 112, 146, 110, 108, 115, 121, 114, 120, 101, 97, 107, 102, 26, 96, 98, 11, 12, 9, 14, 10, 2, 7, 1, 0, 6, 4, 22, 25, 3, 24, 20, 87, 95, 88, 82, 81, 19, 103, 84]",False,200948912309,200.948912309,[],[],False,runtime_limit,9061,9061,14295,8732,16193,201,15992,2000,,False,,,,,,,2,139,14,139,15,15,14,13
2,10468,17,32,117,"[16, 17, 18, 27, 31, 32, 35, 36, 37, 40, 44, 50, 53, 62, 64, 68, 86, 93, 94, 99, 100, 105, 106, 111, 122, 129, 130, 132, 133, 140, 144, 148]","[0, 1, 2, 3, 4, 5, 6, 7, 8, 9, 10, 11, 12, 13, 14, 15, 19, 20, 21, 22, 23, 24, 25, 26, 28, 29, 30, 33, 34, 38, 39, 41, 42, 43, 45, 46, 47, 48, 49, 51, 52, 54, 55, 56, 57, 58, 59, 60, 61, 63, 65, 66, 67, 69, 70, 71, 72, 73, 74, 75, 76, 77, 78, 79, 80, 81, 82, 83, 84, 85, 87, 88, 89, 90, 91, 92, 95, 96, 97, 98, 101, 102, 103, 104, 107, 108, 109, 110, 112, 114, 115, 116, 117, 118, 119, 120, 121, 123, 124, 125, 126, 127, 128, 131, 134, 135, 136, 137, 138, 139, 141, 142, 143, 145, 146, 147, 149]","{""support_2"": 134}",[134],1,"[100, 37, 40, 93, 148, 44, 50, 132, 129, 140, 62, 144, 94, 36, 32, 111, 105, 53, 86, 68, 99, 35, 17, 122, 106, 27, 18, 133, 130, 31, 16, 64, 5, 56, 123, 138, 141, 137, 90, 127, 80, 21, 75, 139, 145, 61, 13, 149, 30, 124, 142, 8, 116, 15, 118, 117, 135, 71, 131, 134, 136, 109, 85, 77, 91, 52, 128, 29, 63, 43, 41, 76, 79, 125, 143, 28, 147, 119, 126, 57, 55, 60, 92, 78, 69, 70, 89, 72, 74, 73, 58, 65, 66, 42, 59, 67, 33, 38, 34, 39, 49, 54, 47, 45, 48, 51, 83, 104, 23, 46, 112, 146, 110, 108, 115, 121, 114, 120, 101, 97, 107, 102, 26, 96, 98, 11, 12, 9, 14, 10, 2, 7, 1, 0, 6, 4, 22, 25, 3, 24, 20, 87, 95, 88, 82, 81, 19, 103, 84]",False,200074252485,200.074252485,[],[],False,runtime_limit,8208,8208,12515,7914,13850,745,13105,2000,,False,,,,,,,2,108,7,108,8,8,7,6
2,10469,18,34,115,"[5, 16, 17, 18, 27, 31, 32, 35, 36, 37, 40, 44, 50, 53, 56, 62, 64, 68, 86, 93, 94, 99, 100, 105, 106, 111, 122, 129, 130, 132, 133, 140, 144, 148]","[0, 1, 2, 3, 4, 6, 7, 8, 9, 10, 11, 12, 13, 14, 15, 19, 20, 21, 22, 23, 24, 25, 26, 28, 29, 30, 33, 34, 38, 39, 41, 42, 43, 45, 46, 47, 48, 49, 51, 52, 54, 55, 57, 58, 59, 60, 61, 63, 65, 66, 67, 69, 70, 71, 72, 73, 74, 75, 76, 77, 78, 79, 80, 81, 82, 83, 84, 85, 87, 88, 89, 90, 91, 92, 95, 96, 97, 98, 101, 102, 103, 104, 107, 108, 109, 110, 112, 114, 115, 116, 117, 118, 119, 120, 121, 123, 124, 125, 126, 127, 128, 131, 134, 135, 136, 137, 138, 139, 141, 142, 143, 145, 146, 147, 149]","{""support_1"": 57, ""support_2"": 134}","[57, 134]",2,"[100, 37, 40, 93, 148, 44, 50, 132, 129, 140, 62, 144, 94, 36, 32, 111, 105, 53, 86, 68, 99, 35, 17, 122, 106, 27, 18, 133, 130, 31, 16, 64, 5, 56, 123, 138, 141, 137, 90, 127, 80, 21, 75, 139, 145, 61, 13, 149, 30, 124, 142, 8, 116, 15, 118, 117, 135, 71, 131, 134, 136, 109, 85, 77, 91, 52, 128, 29, 63, 43, 41, 76, 79, 125, 143, 28, 147, 119, 126, 57, 55, 60, 92, 78, 69, 70, 89, 72, 74, 73, 58, 65, 66, 42, 59, 67, 33, 38, 34, 39, 49, 54, 47, 45, 48, 51, 83, 104, 23, 46, 112, 146, 110, 108, 115, 121, 114, 120, 101, 97, 107, 102, 26, 96, 98, 11, 12, 9, 14, 10, 2, 7, 1, 0, 6, 4, 22, 25, 3, 24, 20, 87, 95, 88, 82, 81, 19, 103, 84]",False,200070328311,200.070328311,[],[],False,runtime_limit,12309,12309,17524,11710,20333,917,19416,2000,,False,,,,,,,2,165,20,165,22,22,20,20
2,10470,19,36,113,"[5, 16, 17, 18, 27, 31, 32, 35, 36, 37, 40, 44, 50, 53, 56, 62, 64, 68, 86, 93, 94, 99, 100, 105, 106, 111, 122, 123, 129, 130, 132, 133, 138, 140, 144, 148]","[0, 1, 2, 3, 4, 6, 7, 8, 9, 10, 11, 12, 13, 14, 15, 19, 20, 21, 22, 23, 24, 25, 26, 28, 29, 30, 33, 34, 38, 39, 41, 42, 43, 45, 46, 47, 48, 49, 51, 52, 54, 55, 57, 58, 59, 60, 61, 63, 65, 66, 67, 69, 70, 71, 72, 73, 74, 75, 76, 77, 78, 79, 80, 81, 82, 83, 84, 85, 87, 88, 89, 90, 91, 92, 95, 96, 97, 98, 101, 102, 103, 104, 107, 108, 109, 110, 112, 114, 115, 116, 117, 118, 119, 120, 121, 124, 125, 126, 127, 128, 131, 134, 135, 136, 137, 139, 141, 142, 143, 145, 146, 147, 149]","{""support_1"": 57, ""support_2"": 134}","[57, 134]",2,"[100, 37, 40, 93, 148, 44, 50, 132, 129, 140, 62, 144, 94, 36, 32, 111, 105, 53, 86, 68, 99, 35, 17, 122, 106, 27, 18, 133, 130, 31, 16, 64, 5, 56, 123, 138, 141, 137, 90, 127, 80, 21, 75, 139, 145, 61, 13, 149, 30, 124, 142, 8, 116, 15, 118, 117, 135, 71, 131, 134, 136, 109, 85, 77, 91, 52, 128, 29, 63, 43, 41, 76, 79, 125, 143, 28, 147, 119, 126, 57, 55, 60, 92, 78, 69, 70, 89, 72, 74, 73, 58, 65, 66, 42, 59, 67, 33, 38, 34, 39, 49, 54, 47, 45, 48, 51, 83, 104, 23, 46, 112, 146, 110, 108, 115, 121, 114, 120, 101, 97, 107, 102, 26, 96, 98, 11, 12, 9, 14, 10, 2, 7, 1, 0, 6, 4, 22, 25, 3, 24, 20, 87, 95, 88, 82, 81, 19, 103, 84]",False,200518089241,200.518089241,[],[],False,runtime_limit,6346,6346,10420,6064,13393,149,13244,2000,,False,,,,,,,2,106,2,106,4,4,2,2
2,10471,20,38,111,"[5, 16, 17, 18, 27, 31, 32, 35, 36, 37, 40, 44, 50, 53, 56, 62, 64, 68, 86, 93, 94, 99, 100, 105, 106, 111, 122, 123, 129, 130, 132, 133, 137, 138, 140, 141, 144, 148]","[0, 1, 2, 3, 4, 6, 7, 8, 9, 10, 11, 12, 13, 14, 15, 19, 20, 21, 22, 23, 24, 25, 26, 28, 29, 30, 33, 34, 38, 39, 41, 42, 43, 45, 46, 47, 48, 49, 51, 52, 54, 55, 57, 58, 59, 60, 61, 63, 65, 66, 67, 69, 70, 71, 72, 73, 74, 75, 76, 77, 78, 79, 80, 81, 82, 83, 84, 85, 87, 88, 89, 90, 91, 92, 95, 96, 97, 98, 101, 102, 103, 104, 107, 108, 109, 110, 112, 114, 115, 116, 117, 118, 119, 120, 121, 124, 125, 126, 127, 128, 131, 134, 135, 136, 139, 142, 143, 145, 146, 147, 149]","{""support_1"": 57, ""support_2"": 134}","[57, 134]",2,"[100, 37, 40, 93, 148, 44, 50, 132, 129, 140, 62, 144, 94, 36, 32, 111, 105, 53, 86, 68, 99, 35, 17, 122, 106, 27, 18, 133, 130, 31, 16, 64, 5, 56, 123, 138, 141, 137, 90, 127, 80, 21, 75, 139, 145, 61, 13, 149, 30, 124, 142, 8, 116, 15, 118, 117, 135, 71, 131, 134, 136, 109, 85, 77, 91, 52, 128, 29, 63, 43, 41, 76, 79, 125, 143, 28, 147, 119, 126, 57, 55, 60, 92, 78, 69, 70, 89, 72, 74, 73, 58, 65, 66, 42, 59, 67, 33, 38, 34, 39, 49, 54, 47, 45, 48, 51, 83, 104, 23, 46, 112, 146, 110, 108, 115, 121, 114, 120, 101, 97, 107, 102, 26, 96, 98, 11, 12, 9, 14, 10, 2, 7, 1, 0, 6, 4, 22, 25, 3, 24, 20, 87, 95, 88, 82, 81, 19, 103, 84]",True,172572790877,172.572790877,"[74, 128, 97, 14, 76, 124, 131, 52, 83, 58, 121, 145, 85, 57, 77, 146, 109, 90, 29, 63, 119, 61, 142, 43, 139, 15, 92, 127, 8, 112, 126, 117, 7, 125, 55, 71, 21, 30, 41, 143, 134, 135, 103, 75, 60, 136, 80, 70, 79, 69, 59, 67, 38, 78, 72, 89, 66, 73, 104, 65, 91, 84, 82, 87, 81, 88, 110, 118, 108, 116, 115, 114, 107, 149, 120, 101, 102, 96, 42, 98, 9, 95, 28, 10, 13, 24, 25, 26, 147, 11, 12, 23, 20, 19, 22, 3, 4, 2, 6, 1, 54, 47, 49, 51, 45, 46, 33, 39, 0, 34, 48]","[48, 34, 0, 39, 33, 46, 45, 51, 49, 47, 54, 1, 6, 2, 4, 3, 22, 19, 20, 23, 12, 11, 147, 26, 25, 24, 13, 10, 28, 95, 9, 98, 42, 96, 102, 101, 120, 149, 107, 114, 115, 116, 108, 118, 110, 88, 81, 87, 82, 84, 91, 65, 104, 73, 66, 89, 72, 78, 38, 67, 59, 69, 79, 70, 80, 136, 60, 75, 103, 135, 134, 143, 41, 30, 21, 71, 55, 125, 7, 117, 126, 112, 8, 127, 92, 15, 139, 43, 142, 61, 119, 63, 29, 90, 109, 146, 77, 57, 85, 145, 121, 58, 83, 52, 131, 124, 76, 14, 97, 128, 74]",False,complete,10203,10203,15462,9690,18308,699,17609,2000,,False,,,,,,,2,211,35,211,37,37,35,37
2,10472,21,40,109,"[5, 16, 17, 18, 27, 31, 32, 35, 36, 37, 40, 44, 50, 53, 56, 62, 64, 68, 86, 90, 93, 94, 99, 100, 105, 106, 111, 122, 123, 127, 129, 130, 132, 133, 137, 138, 140, 141, 144, 148]","[0, 1, 2, 3, 4, 6, 7, 8, 9, 10, 11, 12, 13, 14, 15, 19, 20, 21, 22, 23, 24, 25, 26, 28, 29, 30, 33, 34, 38, 39, 41, 42, 43, 45, 46, 47, 48, 49, 51, 52, 54, 55, 57, 58, 59, 60, 61, 63, 65, 66, 67, 69, 70, 71, 72, 73, 74, 75, 76, 77, 78, 79, 80, 81, 82, 83, 84, 85, 87, 88, 89, 91, 92, 95, 96, 97, 98, 101, 102, 103, 104, 107, 108, 109, 110, 112, 114, 115, 116, 117, 118, 119, 120, 121, 124, 125, 126, 128, 131, 134, 135, 136, 139, 142, 143, 145, 146, 147, 149]","{""support_1"": 57, ""support_2"": 134}","[57, 134]",2,"[100, 37, 40, 93, 148, 44, 50, 132, 129, 140, 62, 144, 94, 36, 32, 111, 105, 53, 86, 68, 99, 35, 17, 122, 106, 27, 18, 133, 130, 31, 16, 64, 5, 56, 123, 138, 141, 137, 90, 127, 80, 21, 75, 139, 145, 61, 13, 149, 30, 124, 142, 8, 116, 15, 118, 117, 135, 71, 131, 134, 136, 109, 85, 77, 91, 52, 128, 29, 63, 43, 41, 76, 79, 125, 143, 28, 147, 119, 126, 57, 55, 60, 92, 78, 69, 70, 89, 72, 74, 73, 58, 65, 66, 42, 59, 67, 33, 38, 34, 39, 49, 54, 47, 45, 48, 51, 83, 104, 23, 46, 112, 146, 110, 108, 115, 121, 114, 120, 101, 97, 107, 102, 26, 96, 98, 11, 12, 9, 14, 10, 2, 7, 1, 0, 6, 4, 22, 25, 3, 24, 20, 87, 95, 88, 82, 81, 19, 103, 84]",True,105333518892,105.333518892,"[139, 142, 48, 143, 121, 13, 63, 43, 84, 61, 76, 7, 14, 58, 85, 57, 126, 71, 92, 134, 145, 47, 78, 75, 131, 8, 23, 128, 41, 97, 80, 116, 135, 77, 124, 147, 46, 136, 49, 54, 51, 55, 67, 38, 119, 45, 125, 117, 104, 29, 52, 42, 15, 34, 33, 39, 74, 60, 79, 87, 70, 83, 66, 69, 120, 149, 59, 101, 102, 118, 10, 114, 115, 110, 9, 109, 108, 107, 112, 98, 96, 6, 2, 0, 1, 72, 73, 103, 91, 95, 65, 82, 89, 88, 3, 28, 26, 81, 25, 24, 30, 146, 11, 12, 22, 4, 21, 20, 19]","[19, 20, 21, 4, 22, 12, 11, 146, 30, 24, 25, 81, 26, 28, 3, 88, 89, 82, 65, 95, 91, 103, 73, 72, 1, 0, 2, 6, 96, 98, 112, 107, 108, 109, 9, 110, 115, 114, 10, 118, 102, 101, 59, 149, 120, 69, 66, 83, 70, 87, 79, 60, 74, 39, 33, 34, 15, 42, 52, 29, 104, 117, 125, 45, 119, 38, 67, 55, 51, 54, 49, 136, 46, 147, 124, 77, 135, 116, 80, 97, 41, 128, 23, 8, 131, 75, 78, 47, 145, 134, 92, 71, 126, 57, 85, 58, 14, 7, 76, 61, 84, 43, 63, 13, 121, 143, 48, 142, 139]",False,complete,6319,6319,11614,5951,10254,277,9977,2000,,False,,,,,,,2,204,32,204,34,34,32,34
2,10473,22,42,107,"[5, 16, 17, 18, 21, 27, 31, 32, 35, 36, 37, 40, 44, 50, 53, 56, 62, 64, 68, 80, 86, 90, 93, 94, 99, 100, 105, 106, 111, 122, 123, 127, 129, 130, 132, 133, 137, 138, 140, 141, 144, 148]","[0, 1, 2, 3, 4, 6, 7, 8, 9, 10, 11, 12, 13, 14, 15, 19, 20, 22, 23, 24, 25, 26, 28, 29, 30, 33, 34, 38, 39, 41, 42, 43, 45, 46, 47, 48, 49, 51, 52, 54, 55, 57, 58, 59, 60, 61, 63, 65, 66, 67, 69, 70, 71, 72, 73, 74, 75, 76, 77, 78, 79, 81, 82, 83, 84, 85, 87, 88, 89, 91, 92, 95, 96, 97, 98, 101, 102, 103, 104, 107, 108, 109, 110, 112, 114, 115, 116, 117, 118, 119, 120, 121, 124, 125, 126, 128, 131, 134, 135, 136, 139, 142, 143, 145, 146, 147, 149]","{""support_1"": 57, ""support_2"": 134}","[57, 134]",2,"[100, 37, 40, 93, 148, 44, 50, 132, 129, 140, 62, 144, 94, 36, 32, 111, 105, 53, 86, 68, 99, 35, 17, 122, 106, 27, 18, 133, 130, 31, 16, 64, 5, 56, 123, 138, 141, 137, 90, 127, 80, 21, 75, 139, 145, 61, 13, 149, 30, 124, 142, 8, 116, 15, 118, 117, 135, 71, 131, 134, 136, 109, 85, 77, 91, 52, 128, 29, 63, 43, 41, 76, 79, 125, 143, 28, 147, 119, 126, 57, 55, 60, 92, 78, 69, 70, 89, 72, 74, 73, 58, 65, 66, 42, 59, 67, 33, 38, 34, 39, 49, 54, 47, 45, 48, 51, 83, 104, 23, 46, 112, 146, 110, 108, 115, 121, 114, 120, 101, 97, 107, 102, 26, 96, 98, 11, 12, 9, 14, 10, 2, 7, 1, 0, 6, 4, 22, 25, 3, 24, 20, 87, 95, 88, 82, 81, 19, 103, 84]",True,27779896914,27.779896914,"[2, 125, 92, 47, 75, 13, 23, 48, 22, 58, 149, 134, 46, 147, 112, 131, 76, 135, 78, 61, 142, 146, 15, 49, 34, 84, 97, 128, 139, 126, 136, 91, 55, 41, 71, 57, 79, 54, 29, 124, 8, 117, 45, 51, 63, 43, 119, 60, 52, 89, 110, 69, 70, 104, 77, 59, 72, 74, 73, 103, 87, 88, 83, 82, 85, 67, 81, 65, 38, 66, 28, 121, 33, 145, 39, 143, 20, 42, 30, 24, 19, 25, 98, 11, 96, 26, 14, 12, 7, 4, 3, 6, 1, 116, 10, 0, 9, 118, 109, 108, 115, 120, 114, 107, 101, 95, 102]","[102, 95, 101, 107, 114, 120, 115, 108, 109, 118, 9, 0, 10, 116, 1, 6, 3, 4, 7, 12, 14, 26, 96, 11, 98, 25, 19, 24, 30, 42, 20, 143, 39, 145, 33, 121, 28, 66, 38, 65, 81, 67, 85, 82, 83, 88, 87, 103, 73, 74, 72, 59, 77, 104, 70, 69, 110, 89, 52, 60, 119, 43, 63, 51, 45, 117, 8, 124, 29, 54, 79, 57, 71, 41, 55, 91, 136, 126, 139, 128, 97, 84, 34, 49, 15, 146, 142, 61, 78, 135, 76, 131, 112, 147, 46, 134, 149, 58, 22, 48, 23, 13, 75, 47, 92, 125, 2]",False,complete,1564,1564,6591,1427,2901,26,2875,2000,,False,,,,,,,2,206,31,206,33,33,31,33
2,10474,23,44,105,"[5, 16, 17, 18, 21, 27, 31, 32, 35, 36, 37, 40, 44, 50, 53, 56, 62, 64, 68, 75, 80, 86, 90, 93, 94, 99, 100, 105, 106, 111, 122, 123, 127, 129, 130, 132, 133, 137, 138, 139, 140, 141, 144, 148]","[0, 1, 2, 3, 4, 6, 7, 8, 9, 10, 11, 12, 13, 14, 15, 19, 20, 22, 23, 24, 25, 26, 28, 29, 30, 33, 34, 38, 39, 41, 42, 43, 45, 46, 47, 48, 49, 51, 52, 54, 55, 57, 58, 59, 60, 61, 63, 65, 66, 67, 69, 70, 71, 72, 73, 74, 76, 77, 78, 79, 81, 82, 83, 84, 85, 87, 88, 89, 91, 92, 95, 96, 97, 98, 101, 102, 103, 104, 107, 108, 109, 110, 112, 114, 115, 116, 117, 118, 119, 120, 121, 124, 125, 126, 128, 131, 134, 135, 136, 142, 143, 145, 146, 147, 149]","{""support_1"": 57, ""support_2"": 134}","[57, 134]",2,"[100, 37, 40, 93, 148, 44, 50, 132, 129, 140, 62, 144, 94, 36, 32, 111, 105, 53, 86, 68, 99, 35, 17, 122, 106, 27, 18, 133, 130, 31, 16, 64, 5, 56, 123, 138, 141, 137, 90, 127, 80, 21, 75, 139, 145, 61, 13, 149, 30, 124, 142, 8, 116, 15, 118, 117, 135, 71, 131, 134, 136, 109, 85, 77, 91, 52, 128, 29, 63, 43, 41, 76, 79, 125, 143, 28, 147, 119, 126, 57, 55, 60, 92, 78, 69, 70, 89, 72, 74, 73, 58, 65, 66, 42, 59, 67, 33, 38, 34, 39, 49, 54, 47, 45, 48, 51, 83, 104, 23, 46, 112, 146, 110, 108, 115, 121, 114, 120, 101, 97, 107, 102, 26, 96, 98, 11, 12, 9, 14, 10, 2, 7, 1, 0, 6, 4, 22, 25, 3, 24, 20, 87, 95, 88, 82, 81, 19, 103, 84]",True,23881369962,23.881369962,"[74, 71, 92, 125, 98, 149, 131, 134, 48, 47, 110, 23, 91, 116, 78, 83, 43, 145, 58, 2, 87, 142, 15, 135, 84, 22, 29, 77, 124, 8, 119, 136, 57, 85, 41, 117, 147, 128, 126, 55, 103, 104, 82, 81, 88, 79, 89, 67, 66, 72, 65, 73, 76, 70, 69, 13, 34, 38, 33, 63, 60, 59, 61, 46, 52, 49, 45, 51, 39, 28, 54, 42, 146, 20, 97, 143, 26, 25, 14, 24, 30, 19, 11, 12, 7, 4, 3, 10, 6, 1, 0, 9, 107, 109, 112, 108, 115, 121, 96, 114, 102, 118, 120, 95, 101]","[101, 95, 120, 118, 102, 114, 96, 121, 115, 108, 112, 109, 107, 9, 0, 1, 6, 10, 3, 4, 7, 12, 11, 19, 30, 24, 14, 25, 26, 143, 97, 20, 146, 42, 54, 28, 39, 51, 45, 49, 52, 46, 61, 59, 60, 63, 33, 38, 34, 13, 69, 70, 76, 73, 65, 72, 66, 67, 89, 79, 88, 81, 82, 104, 103, 55, 126, 128, 147, 117, 41, 85, 57, 136, 119, 8, 124, 77, 29, 22, 84, 135, 15, 142, 87, 2, 58, 145, 43, 83, 78, 116, 91, 23, 110, 47, 48, 134, 131, 149, 98, 125, 92, 71, 74]",False,complete,1214,1214,5766,1104,1965,2,1963,1963,,False,,,,,,,2,194,36,194,38,38,36,38
2,10475,24,46,103,"[5, 16, 17, 18, 21, 27, 31, 32, 35, 36, 37, 40, 44, 50, 53, 56, 61, 62, 64, 68, 75, 80, 86, 90, 93, 94, 99, 100, 105, 106, 111, 122, 123, 127, 129, 130, 132, 133, 137, 138, 139, 140, 141, 144, 145, 148]","[0, 1, 2, 3, 4, 6, 7, 8, 9, 10, 11, 12, 13, 14, 15, 19, 20, 22, 23, 24, 25, 26, 28, 29, 30, 33, 34, 38, 39, 41, 42, 43, 45, 46, 47, 48, 49, 51, 52, 54, 55, 57, 58, 59, 60, 63, 65, 66, 67, 69, 70, 71, 72, 73, 74, 76, 77, 78, 79, 81, 82, 83, 84, 85, 87, 88, 89, 91, 92, 95, 96, 97, 98, 101, 102, 103, 104, 107, 108, 109, 110, 112, 114, 115, 116, 117, 118, 119, 120, 121, 124, 125, 126, 128, 131, 134, 135, 136, 142, 143, 146, 147, 149]","{""support_1"": 57, ""support_2"": 134}","[57, 134]",2,"[100, 37, 40, 93, 148, 44, 50, 132, 129, 140, 62, 144, 94, 36, 32, 111, 105, 53, 86, 68, 99, 35, 17, 122, 106, 27, 18, 133, 130, 31, 16, 64, 5, 56, 123, 138, 141, 137, 90, 127, 80, 21, 75, 139, 145, 61, 13, 149, 30, 124, 142, 8, 116, 15, 118, 117, 135, 71, 131, 134, 136, 109, 85, 77, 91, 52, 128, 29, 63, 43, 41, 76, 79, 125, 143, 28, 147, 119, 126, 57, 55, 60, 92, 78, 69, 70, 89, 72, 74, 73, 58, 65, 66, 42, 59, 67, 33, 38, 34, 39, 49, 54, 47, 45, 48, 51, 83, 104, 23, 46, 112, 146, 110, 108, 115, 121, 114, 120, 101, 97, 107, 102, 26, 96, 98, 11, 12, 9, 14, 10, 2, 7, 1, 0, 6, 4, 22, 25, 3, 24, 20, 87, 95, 88, 82, 81, 19, 103, 84]",True,51154185434,51.154185434,"[118, 76, 2, 135, 79, 142, 29, 131, 84, 15, 55, 110, 149, 71, 124, 77, 121, 41, 13, 30, 117, 146, 23, 43, 125, 119, 57, 136, 126, 8, 48, 47, 34, 134, 52, 104, 58, 46, 49, 92, 51, 45, 54, 89, 85, 128, 42, 87, 39, 67, 66, 38, 33, 63, 60, 74, 70, 59, 69, 73, 91, 78, 65, 72, 88, 103, 83, 147, 98, 82, 24, 81, 22, 28, 143, 20, 25, 97, 19, 11, 26, 14, 12, 7, 4, 3, 6, 1, 10, 0, 109, 9, 108, 112, 96, 120, 114, 116, 107, 101, 102, 95, 115]","[115, 95, 102, 101, 107, 116, 114, 120, 96, 112, 108, 9, 109, 0, 10, 1, 6, 3, 4, 7, 12, 14, 26, 11, 19, 97, 25, 20, 143, 28, 22, 81, 24, 82, 98, 147, 83, 103, 88, 72, 65, 78, 91, 73, 69, 59, 70, 74, 60, 63, 33, 38, 66, 67, 39, 87, 42, 128, 85, 89, 54, 45, 51, 92, 49, 46, 58, 104, 52, 134, 34, 47, 48, 8, 126, 136, 57, 119, 125, 43, 23, 146, 117, 30, 13, 41, 121, 77, 124, 71, 149, 110, 55, 15, 84, 131, 29, 142, 79, 135, 2, 76, 118]",False,complete,2346,2346,6732,2206,4503,26,4477,2000,,False,,,,,,,2,197,32,197,34,34,32,34
2,10476,25,48,101,"[5, 13, 16, 17, 18, 21, 27, 31, 32, 35, 36, 37, 40, 44, 50, 53, 56, 61, 62, 64, 68, 75, 80, 86, 90, 93, 94, 99, 100, 105, 106, 111, 122, 123, 127, 129, 130, 132, 133, 137, 138, 139, 140, 141, 144, 145, 148, 149]","[0, 1, 2, 3, 4, 6, 7, 8, 9, 10, 11, 12, 14, 15, 19, 20, 22, 23, 24, 25, 26, 28, 29, 30, 33, 34, 38, 39, 41, 42, 43, 45, 46, 47, 48, 49, 51, 52, 54, 55, 57, 58, 59, 60, 63, 65, 66, 67, 69, 70, 71, 72, 73, 74, 76, 77, 78, 79, 81, 82, 83, 84, 85, 87, 88, 89, 91, 92, 95, 96, 97, 98, 101, 102, 103, 104, 107, 108, 109, 110, 112, 114, 115, 116, 117, 118, 119, 120, 121, 124, 125, 126, 128, 131, 134, 135, 136, 142, 143, 146, 147]","{""support_1"": 57, ""support_2"": 134}","[57, 134]",2,"[100, 37, 40, 93, 148, 44, 50, 132, 129, 140, 62, 144, 94, 36, 32, 111, 105, 53, 86, 68, 99, 35, 17, 122, 106, 27, 18, 133, 130, 31, 16, 64, 5, 56, 123, 138, 141, 137, 90, 127, 80, 21, 75, 139, 145, 61, 13, 149, 30, 124, 142, 8, 116, 15, 118, 117, 135, 71, 131, 134, 136, 109, 85, 77, 91, 52, 128, 29, 63, 43, 41, 76, 79, 125, 143, 28, 147, 119, 126, 57, 55, 60, 92, 78, 69, 70, 89, 72, 74, 73, 58, 65, 66, 42, 59, 67, 33, 38, 34, 39, 49, 54, 47, 45, 48, 51, 83, 104, 23, 46, 112, 146, 110, 108, 115, 121, 114, 120, 101, 97, 107, 102, 26, 96, 98, 11, 12, 9, 14, 10, 2, 7, 1, 0, 6, 4, 22, 25, 3, 24, 20, 87, 95, 88, 82, 81, 19, 103, 84]",False,200065929096,200.065929096,[],[],False,runtime_limit,9661,9661,12423,9156,12664,230,12434,2000,,False,,,,,,,2,80,4,80,5,5,4,4
2,10477,26,50,99,"[5, 13, 16, 17, 18, 21, 27, 30, 31, 32, 35, 36, 37, 40, 44, 50, 53, 56, 61, 62, 64, 68, 75, 80, 86, 90, 93, 94, 99, 100, 105, 106, 111, 122, 123, 124, 127, 129, 130, 132, 133, 137, 138, 139, 140, 141, 144, 145, 148, 149]","[0, 1, 2, 3, 4, 6, 7, 8, 9, 10, 11, 12, 14, 15, 19, 20, 22, 23, 24, 25, 26, 28, 29, 33, 34, 38, 39, 41, 42, 43, 45, 46, 47, 48, 49, 51, 52, 54, 55, 57, 58, 59, 60, 63, 65, 66, 67, 69, 70, 71, 72, 73, 74, 76, 77, 78, 79, 81, 82, 83, 84, 85, 87, 88, 89, 91, 92, 95, 96, 97, 98, 101, 102, 103, 104, 107, 108, 109, 110, 112, 114, 115, 116, 117, 118, 119, 120, 121, 125, 126, 128, 131, 134, 135, 136, 142, 143, 146, 147]","{""support_1"": 57, ""support_2"": 134}","[57, 134]",2,"[100, 37, 40, 93, 148, 44, 50, 132, 129, 140, 62, 144, 94, 36, 32, 111, 105, 53, 86, 68, 99, 35, 17, 122, 106, 27, 18, 133, 130, 31, 16, 64, 5, 56, 123, 138, 141, 137, 90, 127, 80, 21, 75, 139, 145, 61, 13, 149, 30, 124, 142, 8, 116, 15, 118, 117, 135, 71, 131, 134, 136, 109, 85, 77, 91, 52, 128, 29, 63, 43, 41, 76, 79, 125, 143, 28, 147, 119, 126, 57, 55, 60, 92, 78, 69, 70, 89, 72, 74, 73, 58, 65, 66, 42, 59, 67, 33, 38, 34, 39, 49, 54, 47, 45, 48, 51, 83, 104, 23, 46, 112, 146, 110, 108, 115, 121, 114, 120, 101, 97, 107, 102, 26, 96, 98, 11, 12, 9, 14, 10, 2, 7, 1, 0, 6, 4, 22, 25, 3, 24, 20, 87, 95, 88, 82, 81, 19, 103, 84]",True,149504063494,149.504063494,"[55, 125, 74, 29, 84, 78, 2, 98, 131, 126, 7, 85, 92, 57, 112, 58, 48, 34, 142, 15, 147, 77, 23, 135, 41, 43, 47, 134, 128, 117, 52, 71, 136, 8, 46, 54, 51, 45, 119, 49, 79, 63, 60, 91, 69, 59, 70, 89, 72, 76, 67, 38, 73, 65, 66, 22, 87, 39, 83, 42, 33, 146, 103, 104, 82, 81, 88, 143, 97, 11, 20, 26, 24, 25, 28, 19, 14, 110, 12, 3, 4, 10, 9, 6, 0, 109, 1, 116, 96, 121, 108, 118, 115, 114, 107, 95, 101, 102, 120]","[120, 102, 101, 95, 107, 114, 115, 118, 108, 121, 96, 116, 1, 109, 0, 6, 9, 10, 4, 3, 12, 110, 14, 19, 28, 25, 24, 26, 20, 11, 97, 143, 88, 81, 82, 104, 103, 146, 33, 42, 83, 39, 87, 22, 66, 65, 73, 38, 67, 76, 72, 89, 70, 59, 69, 91, 60, 63, 79, 49, 119, 45, 51, 54, 46, 8, 136, 71, 52, 117, 128, 134, 47, 43, 41, 135, 23, 77, 147, 15, 142, 34, 48, 58, 112, 57, 92, 85, 7, 126, 131, 98, 2, 78, 84, 29, 74, 125, 55]",False,complete,6759,6759,10769,6512,12308,177,12131,2000,,False,,,,,,,2,191,32,191,34,34,32,34
2,10478,27,52,97,"[5, 8, 13, 16, 17, 18, 21, 27, 30, 31, 32, 35, 36, 37, 40, 44, 50, 53, 56, 61, 62, 64, 68, 75, 80, 86, 90, 93, 94, 99, 100, 105, 106, 111, 122, 123, 124, 127, 129, 130, 132, 133, 137, 138, 139, 140, 141, 142, 144, 145, 148, 149]","[0, 1, 2, 3, 4, 6, 7, 9, 10, 11, 12, 14, 15, 19, 20, 22, 23, 24, 25, 26, 28, 29, 33, 34, 38, 39, 41, 42, 43, 45, 46, 47, 48, 49, 51, 52, 54, 55, 57, 58, 59, 60, 63, 65, 66, 67, 69, 70, 71, 72, 73, 74, 76, 77, 78, 79, 81, 82, 83, 84, 85, 87, 88, 89, 91, 92, 95, 96, 97, 98, 101, 102, 103, 104, 107, 108, 109, 110, 112, 114, 115, 116, 117, 118, 119, 120, 121, 125, 126, 128, 131, 134, 135, 136, 143, 146, 147]","{""support_1"": 57, ""support_2"": 134}","[57, 134]",2,"[100, 37, 40, 93, 148, 44, 50, 132, 129, 140, 62, 144, 94, 36, 32, 111, 105, 53, 86, 68, 99, 35, 17, 122, 106, 27, 18, 133, 130, 31, 16, 64, 5, 56, 123, 138, 141, 137, 90, 127, 80, 21, 75, 139, 145, 61, 13, 149, 30, 124, 142, 8, 116, 15, 118, 117, 135, 71, 131, 134, 136, 109, 85, 77, 91, 52, 128, 29, 63, 43, 41, 76, 79, 125, 143, 28, 147, 119, 126, 57, 55, 60, 92, 78, 69, 70, 89, 72, 74, 73, 58, 65, 66, 42, 59, 67, 33, 38, 34, 39, 49, 54, 47, 45, 48, 51, 83, 104, 23, 46, 112, 146, 110, 108, 115, 121, 114, 120, 101, 97, 107, 102, 26, 96, 98, 11, 12, 9, 14, 10, 2, 7, 1, 0, 6, 4, 22, 25, 3, 24, 20, 87, 95, 88, 82, 81, 19, 103, 84]",True,64737643265,64.737643265,"[117, 118, 74, 58, 147, 48, 7, 23, 57, 125, 29, 77, 109, 2, 92, 119, 135, 22, 71, 134, 136, 43, 55, 128, 79, 89, 15, 131, 76, 47, 41, 46, 54, 49, 45, 126, 51, 52, 34, 63, 60, 104, 70, 59, 69, 67, 38, 78, 72, 143, 87, 39, 20, 42, 33, 103, 88, 91, 73, 85, 66, 6, 110, 1, 26, 9, 10, 28, 65, 14, 0, 146, 4, 25, 83, 82, 12, 98, 84, 81, 11, 24, 121, 3, 97, 19, 112, 108, 96, 120, 114, 101, 115, 102, 107, 116, 95]","[95, 116, 107, 102, 115, 101, 114, 120, 96, 108, 112, 19, 97, 3, 121, 24, 11, 81, 84, 98, 12, 82, 83, 25, 4, 146, 0, 14, 65, 28, 10, 9, 26, 1, 110, 6, 66, 85, 73, 91, 88, 103, 33, 42, 20, 39, 87, 143, 72, 78, 38, 67, 69, 59, 70, 104, 60, 63, 34, 52, 51, 126, 45, 49, 54, 46, 41, 47, 76, 131, 15, 89, 79, 128, 55, 43, 136, 134, 71, 22, 135, 119, 92, 2, 109, 77, 29, 125, 57, 23, 7, 48, 147, 58, 74, 118, 117]",False,complete,4326,4326,8356,4044,7796,344,7452,2000,,False,,,,,,,2,186,32,186,34,34,32,34
2,10479,28,54,95,"[5, 8, 13, 15, 16, 17, 18, 21, 27, 30, 31, 32, 35, 36, 37, 40, 44, 50, 53, 56, 61, 62, 64, 68, 75, 80, 86, 90, 93, 94, 99, 100, 105, 106, 111, 116, 122, 123, 124, 127, 129, 130, 132, 133, 137, 138, 139, 140, 141, 142, 144, 145, 148, 149]","[0, 1, 2, 3, 4, 6, 7, 9, 10, 11, 12, 14, 19, 20, 22, 23, 24, 25, 26, 28, 29, 33, 34, 38, 39, 41, 42, 43, 45, 46, 47, 48, 49, 51, 52, 54, 55, 57, 58, 59, 60, 63, 65, 66, 67, 69, 70, 71, 72, 73, 74, 76, 77, 78, 79, 81, 82, 83, 84, 85, 87, 88, 89, 91, 92, 95, 96, 97, 98, 101, 102, 103, 104, 107, 108, 109, 110, 112, 114, 115, 117, 118, 119, 120, 121, 125, 126, 128, 131, 134, 135, 136, 143, 146, 147]","{""support_1"": 57, ""support_2"": 134}","[57, 134]",2,"[100, 37, 40, 93, 148, 44, 50, 132, 129, 140, 62, 144, 94, 36, 32, 111, 105, 53, 86, 68, 99, 35, 17, 122, 106, 27, 18, 133, 130, 31, 16, 64, 5, 56, 123, 138, 141, 137, 90, 127, 80, 21, 75, 139, 145, 61, 13, 149, 30, 124, 142, 8, 116, 15, 118, 117, 135, 71, 131, 134, 136, 109, 85, 77, 91, 52, 128, 29, 63, 43, 41, 76, 79, 125, 143, 28, 147, 119, 126, 57, 55, 60, 92, 78, 69, 70, 89, 72, 74, 73, 58, 65, 66, 42, 59, 67, 33, 38, 34, 39, 49, 54, 47, 45, 48, 51, 83, 104, 23, 46, 112, 146, 110, 108, 115, 121, 114, 120, 101, 97, 107, 102, 26, 96, 98, 11, 12, 9, 14, 10, 2, 7, 1, 0, 6, 4, 22, 25, 3, 24, 20, 87, 95, 88, 82, 81, 19, 103, 84]",False,200077518545,200.077518545,[],[],False,runtime_limit,6088,6088,8564,5844,13209,176,13033,2000,,False,,,,,,,2,68,3,68,5,5,3,3
2,10480,29,56,93,"[5, 8, 13, 15, 16, 17, 18, 21, 27, 30, 31, 32, 35, 36, 37, 40, 44, 50, 53, 56, 61, 62, 64, 68, 75, 80, 86, 90, 93, 94, 99, 100, 105, 106, 111, 116, 117, 118, 122, 123, 124, 127, 129, 130, 132, 133, 137, 138, 139, 140, 141, 142, 144, 145, 148, 149]","[0, 1, 2, 3, 4, 6, 7, 9, 10, 11, 12, 14, 19, 20, 22, 23, 24, 25, 26, 28, 29, 33, 34, 38, 39, 41, 42, 43, 45, 46, 47, 48, 49, 51, 52, 54, 55, 57, 58, 59, 60, 63, 65, 66, 67, 69, 70, 71, 72, 73, 74, 76, 77, 78, 79, 81, 82, 83, 84, 85, 87, 88, 89, 91, 92, 95, 96, 97, 98, 101, 102, 103, 104, 107, 108, 109, 110, 112, 114, 115, 119, 120, 121, 125, 126, 128, 131, 134, 135, 136, 143, 146, 147]","{""support_1"": 57, ""support_2"": 134}","[57, 134]",2,"[100, 37, 40, 93, 148, 44, 50, 132, 129, 140, 62, 144, 94, 36, 32, 111, 105, 53, 86, 68, 99, 35, 17, 122, 106, 27, 18, 133, 130, 31, 16, 64, 5, 56, 123, 138, 141, 137, 90, 127, 80, 21, 75, 139, 145, 61, 13, 149, 30, 124, 142, 8, 116, 15, 118, 117, 135, 71, 131, 134, 136, 109, 85, 77, 91, 52, 128, 29, 63, 43, 41, 76, 79, 125, 143, 28, 147, 119, 126, 57, 55, 60, 92, 78, 69, 70, 89, 72, 74, 73, 58, 65, 66, 42, 59, 67, 33, 38, 34, 39, 49, 54, 47, 45, 48, 51, 83, 104, 23, 46, 112, 146, 110, 108, 115, 121, 114, 120, 101, 97, 107, 102, 26, 96, 98, 11, 12, 9, 14, 10, 2, 7, 1, 0, 6, 4, 22, 25, 3, 24, 20, 87, 95, 88, 82, 81, 19, 103, 84]",False,200055509186,200.055509186,[],[],False,runtime_limit,7346,7346,9443,7078,12987,297,12690,2000,,False,,,,,,,2,60,6,60,8,8,6,6
2,10481,30,58,91,"[5, 8, 13, 15, 16, 17, 18, 21, 27, 30, 31, 32, 35, 36, 37, 40, 44, 50, 53, 56, 61, 62, 64, 68, 71, 75, 80, 86, 90, 93, 94, 99, 100, 105, 106, 111, 116, 117, 118, 122, 123, 124, 127, 129, 130, 132, 133, 135, 137, 138, 139, 140, 141, 142, 144, 145, 148, 149]","[0, 1, 2, 3, 4, 6, 7, 9, 10, 11, 12, 14, 19, 20, 22, 23, 24, 25, 26, 28, 29, 33, 34, 38, 39, 41, 42, 43, 45, 46, 47, 48, 49, 51, 52, 54, 55, 57, 58, 59, 60, 63, 65, 66, 67, 69, 70, 72, 73, 74, 76, 77, 78, 79, 81, 82, 83, 84, 85, 87, 88, 89, 91, 92, 95, 96, 97, 98, 101, 102, 103, 104, 107, 108, 109, 110, 112, 114, 115, 119, 120, 121, 125, 126, 128, 131, 134, 136, 143, 146, 147]","{""support_1"": 57, ""support_2"": 134}","[57, 134]",2,"[100, 37, 40, 93, 148, 44, 50, 132, 129, 140, 62, 144, 94, 36, 32, 111, 105, 53, 86, 68, 99, 35, 17, 122, 106, 27, 18, 133, 130, 31, 16, 64, 5, 56, 123, 138, 141, 137, 90, 127, 80, 21, 75, 139, 145, 61, 13, 149, 30, 124, 142, 8, 116, 15, 118, 117, 135, 71, 131, 134, 136, 109, 85, 77, 91, 52, 128, 29, 63, 43, 41, 76, 79, 125, 143, 28, 147, 119, 126, 57, 55, 60, 92, 78, 69, 70, 89, 72, 74, 73, 58, 65, 66, 42, 59, 67, 33, 38, 34, 39, 49, 54, 47, 45, 48, 51, 83, 104, 23, 46, 112, 146, 110, 108, 115, 121, 114, 120, 101, 97, 107, 102, 26, 96, 98, 11, 12, 9, 14, 10, 2, 7, 1, 0, 6, 4, 22, 25, 3, 24, 20, 87, 95, 88, 82, 81, 19, 103, 84]",True,22041701914,22.041701914,"[97, 48, 74, 7, 92, 34, 134, 136, 79, 131, 43, 41, 146, 85, 57, 126, 23, 76, 29, 128, 47, 77, 125, 119, 55, 58, 46, 54, 49, 45, 51, 33, 52, 42, 39, 38, 89, 67, 63, 60, 104, 70, 59, 69, 66, 143, 78, 87, 73, 91, 103, 65, 88, 72, 82, 84, 2, 81, 83, 98, 28, 22, 20, 24, 25, 14, 19, 26, 147, 11, 12, 3, 4, 10, 6, 1, 110, 112, 0, 96, 9, 121, 102, 95, 109, 108, 120, 101, 115, 114, 107]","[107, 114, 115, 101, 120, 108, 109, 95, 102, 121, 9, 96, 0, 112, 110, 1, 6, 10, 4, 3, 12, 11, 147, 26, 19, 14, 25, 24, 20, 22, 28, 98, 83, 81, 2, 84, 82, 72, 88, 65, 103, 91, 73, 87, 78, 143, 66, 69, 59, 70, 104, 60, 63, 67, 89, 38, 39, 42, 52, 33, 51, 45, 49, 54, 46, 58, 55, 119, 125, 77, 47, 128, 29, 76, 23, 126, 57, 85, 146, 41, 43, 131, 79, 136, 134, 34, 92, 7, 74, 48, 97]",False,complete,1395,1395,4651,1286,2159,21,2138,2000,,False,,,,,,,2,173,35,173,37,37,35,37
2,10482,31,60,89,"[5, 8, 13, 15, 16, 17, 18, 21, 27, 30, 31, 32, 35, 36, 37, 40, 44, 50, 53, 56, 61, 62, 64, 68, 71, 75, 80, 86, 90, 93, 94, 99, 100, 105, 106, 111, 116, 117, 118, 122, 123, 124, 127, 129, 130, 131, 132, 133, 134, 135, 137, 138, 139, 140, 141, 142, 144, 145, 148, 149]","[0, 1, 2, 3, 4, 6, 7, 9, 10, 11, 12, 14, 19, 20, 22, 23, 24, 25, 26, 28, 29, 33, 34, 38, 39, 41, 42, 43, 45, 46, 47, 48, 49, 51, 52, 54, 55, 57, 58, 59, 60, 63, 65, 66, 67, 69, 70, 72, 73, 74, 76, 77, 78, 79, 81, 82, 83, 84, 85, 87, 88, 89, 91, 92, 95, 96, 97, 98, 101, 102, 103, 104, 107, 108, 109, 110, 112, 114, 115, 119, 120, 121, 125, 126, 128, 136, 143, 146, 147]","{""support_1"": 57}",[57],1,"[100, 37, 40, 93, 148, 44, 50, 132, 129, 140, 62, 144, 94, 36, 32, 111, 105, 53, 86, 68, 99, 35, 17, 122, 106, 27, 18, 133, 130, 31, 16, 64, 5, 56, 123, 138, 141, 137, 90, 127, 80, 21, 75, 139, 145, 61, 13, 149, 30, 124, 142, 8, 116, 15, 118, 117, 135, 71, 131, 134, 136, 109, 85, 77, 91, 52, 128, 29, 63, 43, 41, 76, 79, 125, 143, 28, 147, 119, 126, 57, 55, 60, 92, 78, 69, 70, 89, 72, 74, 73, 58, 65, 66, 42, 59, 67, 33, 38, 34, 39, 49, 54, 47, 45, 48, 51, 83, 104, 23, 46, 112, 146, 110, 108, 115, 121, 114, 120, 101, 97, 107, 102, 26, 96, 98, 11, 12, 9, 14, 10, 2, 7, 1, 0, 6, 4, 22, 25, 3, 24, 20, 87, 95, 88, 82, 81, 19, 103, 84]",False,200073794289,200.073794289,[],[],False,runtime_limit,6673,6673,8357,6390,13291,153,13138,2000,,False,,,,,,,2,49,3,49,4,4,3,2
2,10483,32,62,87,"[5, 8, 13, 15, 16, 17, 18, 21, 27, 30, 31, 32, 35, 36, 37, 40, 44, 50, 53, 56, 61, 62, 64, 68, 71, 75, 80, 86, 90, 93, 94, 99, 100, 105, 106, 109, 111, 116, 117, 118, 122, 123, 124, 127, 129, 130, 131, 132, 133, 134, 135, 136, 137, 138, 139, 140, 141, 142, 144, 145, 148, 149]","[0, 1, 2, 3, 4, 6, 7, 9, 10, 11, 12, 14, 19, 20, 22, 23, 24, 25, 26, 28, 29, 33, 34, 38, 39, 41, 42, 43, 45, 46, 47, 48, 49, 51, 52, 54, 55, 57, 58, 59, 60, 63, 65, 66, 67, 69, 70, 72, 73, 74, 76, 77, 78, 79, 81, 82, 83, 84, 85, 87, 88, 89, 91, 92, 95, 96, 97, 98, 101, 102, 103, 104, 107, 108, 110, 112, 114, 115, 119, 120, 121, 125, 126, 128, 143, 146, 147]","{""support_1"": 57}",[57],1,"[100, 37, 40, 93, 148, 44, 50, 132, 129, 140, 62, 144, 94, 36, 32, 111, 105, 53, 86, 68, 99, 35, 17, 122, 106, 27, 18, 133, 130, 31, 16, 64, 5, 56, 123, 138, 141, 137, 90, 127, 80, 21, 75, 139, 145, 61, 13, 149, 30, 124, 142, 8, 116, 15, 118, 117, 135, 71, 131, 134, 136, 109, 85, 77, 91, 52, 128, 29, 63, 43, 41, 76, 79, 125, 143, 28, 147, 119, 126, 57, 55, 60, 92, 78, 69, 70, 89, 72, 74, 73, 58, 65, 66, 42, 59, 67, 33, 38, 34, 39, 49, 54, 47, 45, 48, 51, 83, 104, 23, 46, 112, 146, 110, 108, 115, 121, 114, 120, 101, 97, 107, 102, 26, 96, 98, 11, 12, 9, 14, 10, 2, 7, 1, 0, 6, 4, 22, 25, 3, 24, 20, 87, 95, 88, 82, 81, 19, 103, 84]",False,200294390999,200.294390999,[],[],False,runtime_limit,6859,6859,8297,6522,13697,169,13528,2000,,False,,,,,,,2,46,2,46,3,3,2,1
2,10484,33,64,85,"[5, 8, 13, 15, 16, 17, 18, 21, 27, 30, 31, 32, 35, 36, 37, 40, 44, 50, 53, 56, 61, 62, 64, 68, 71, 75, 77, 80, 85, 86, 90, 93, 94, 99, 100, 105, 106, 109, 111, 116, 117, 118, 122, 123, 124, 127, 129, 130, 131, 132, 133, 134, 135, 136, 137, 138, 139, 140, 141, 142, 144, 145, 148, 149]","[0, 1, 2, 3, 4, 6, 7, 9, 10, 11, 12, 14, 19, 20, 22, 23, 24, 25, 26, 28, 29, 33, 34, 38, 39, 41, 42, 43, 45, 46, 47, 48, 49, 51, 52, 54, 55, 57, 58, 59, 60, 63, 65, 66, 67, 69, 70, 72, 73, 74, 76, 78, 79, 81, 82, 83, 84, 87, 88, 89, 91, 92, 95, 96, 97, 98, 101, 102, 103, 104, 107, 108, 110, 112, 114, 115, 119, 120, 121, 125, 126, 128, 143, 146, 147]","{""support_1"": 57}",[57],1,"[100, 37, 40, 93, 148, 44, 50, 132, 129, 140, 62, 144, 94, 36, 32, 111, 105, 53, 86, 68, 99, 35, 17, 122, 106, 27, 18, 133, 130, 31, 16, 64, 5, 56, 123, 138, 141, 137, 90, 127, 80, 21, 75, 139, 145, 61, 13, 149, 30, 124, 142, 8, 116, 15, 118, 117, 135, 71, 131, 134, 136, 109, 85, 77, 91, 52, 128, 29, 63, 43, 41, 76, 79, 125, 143, 28, 147, 119, 126, 57, 55, 60, 92, 78, 69, 70, 89, 72, 74, 73, 58, 65, 66, 42, 59, 67, 33, 38, 34, 39, 49, 54, 47, 45, 48, 51, 83, 104, 23, 46, 112, 146, 110, 108, 115, 121, 114, 120, 101, 97, 107, 102, 26, 96, 98, 11, 12, 9, 14, 10, 2, 7, 1, 0, 6, 4, 22, 25, 3, 24, 20, 87, 95, 88, 82, 81, 19, 103, 84]",True,81131974909,81.131974909,"[42, 128, 78, 23, 22, 147, 48, 55, 92, 79, 47, 58, 43, 41, 46, 126, 54, 57, 74, 125, 29, 119, 49, 45, 51, 52, 34, 63, 39, 33, 60, 38, 76, 91, 67, 66, 103, 69, 59, 70, 65, 72, 146, 73, 2, 83, 84, 82, 89, 104, 88, 87, 110, 81, 24, 102, 121, 101, 120, 114, 112, 108, 107, 115, 20, 19, 143, 25, 28, 97, 96, 98, 26, 95, 0, 9, 10, 1, 11, 7, 14, 4, 6, 3, 12]","[12, 3, 6, 4, 14, 7, 11, 1, 10, 9, 0, 95, 26, 98, 96, 97, 28, 25, 143, 19, 20, 115, 107, 108, 112, 114, 120, 101, 121, 102, 24, 81, 110, 87, 88, 104, 89, 82, 84, 83, 2, 73, 146, 72, 65, 70, 59, 69, 103, 66, 67, 91, 76, 38, 60, 33, 39, 63, 34, 52, 51, 45, 49, 119, 29, 125, 74, 57, 54, 126, 46, 41, 43, 58, 47, 79, 92, 55, 48, 147, 22, 23, 78, 128, 42]",False,complete,6635,6635,9635,5998,13258,510,12748,2000,,False,,,,,,,2,162,34,162,35,35,34,35
2,10485,34,66,83,"[5, 8, 13, 15, 16, 17, 18, 21, 27, 30, 31, 32, 35, 36, 37, 40, 44, 50, 52, 53, 56, 61, 62, 64, 68, 71, 75, 77, 80, 85, 86, 90, 91, 93, 94, 99, 100, 105, 106, 109, 111, 116, 117, 118, 122, 123, 124, 127, 129, 130, 131, 132, 133, 134, 135, 136, 137, 138, 139, 140, 141, 142, 144, 145, 148, 149]","[0, 1, 2, 3, 4, 6, 7, 9, 10, 11, 12, 14, 19, 20, 22, 23, 24, 25, 26, 28, 29, 33, 34, 38, 39, 41, 42, 43, 45, 46, 47, 48, 49, 51, 54, 55, 57, 58, 59, 60, 63, 65, 66, 67, 69, 70, 72, 73, 74, 76, 78, 79, 81, 82, 83, 84, 87, 88, 89, 92, 95, 96, 97, 98, 101, 102, 103, 104, 107, 108, 110, 112, 114, 115, 119, 120, 121, 125, 126, 128, 143, 146, 147]","{""support_1"": 57, ""support_2"": 128}","[57, 128]",2,"[100, 37, 40, 93, 148, 44, 50, 132, 129, 140, 62, 144, 94, 36, 32, 111, 105, 53, 86, 68, 99, 35, 17, 122, 106, 27, 18, 133, 130, 31, 16, 64, 5, 56, 123, 138, 141, 137, 90, 127, 80, 21, 75, 139, 145, 61, 13, 149, 30, 124, 142, 8, 116, 15, 118, 117, 135, 71, 131, 134, 136, 109, 85, 77, 91, 52, 128, 29, 63, 43, 41, 76, 79, 125, 143, 28, 147, 119, 126, 57, 55, 60, 92, 78, 69, 70, 89, 72, 74, 73, 58, 65, 66, 42, 59, 67, 33, 38, 34, 39, 49, 54, 47, 45, 48, 51, 83, 104, 23, 46, 112, 146, 110, 108, 115, 121, 114, 120, 101, 97, 107, 102, 26, 96, 98, 11, 12, 9, 14, 10, 2, 7, 1, 0, 6, 4, 22, 25, 3, 24, 20, 87, 95, 88, 82, 81, 19, 103, 84]",False,200059570268,200.059570268,[],[],False,runtime_limit,7536,7536,8575,7188,13253,217,13036,2000,,False,,,,,,,2,42,2,42,4,4,2,2
2,10486,35,68,81,"[5, 8, 13, 15, 16, 17, 18, 21, 27, 29, 30, 31, 32, 35, 36, 37, 40, 44, 50, 52, 53, 56, 61, 62, 64, 68, 71, 75, 77, 80, 85, 86, 90, 91, 93, 94, 99, 100, 105, 106, 109, 111, 116, 117, 118, 122, 123, 124, 127, 128, 129, 130, 131, 132, 133, 134, 135, 136, 137, 138, 139, 140, 141, 142, 144, 145, 148, 149]","[0, 1, 2, 3, 4, 6, 7, 9, 10, 11, 12, 14, 19, 20, 22, 23, 24, 25, 26, 28, 33, 34, 38, 39, 41, 42, 43, 45, 46, 47, 48, 49, 51, 54, 55, 57, 58, 59, 60, 63, 65, 66, 67, 69, 70, 72, 73, 74, 76, 78, 79, 81, 82, 83, 84, 87, 88, 89, 92, 95, 96, 97, 98, 101, 102, 103, 104, 107, 108, 110, 112, 114, 115, 119, 120, 121, 125, 126, 143, 146, 147]","{""support_1"": 57, ""support_2"": 79}","[57, 79]",2,"[100, 37, 40, 93, 148, 44, 50, 132, 129, 140, 62, 144, 94, 36, 32, 111, 105, 53, 86, 68, 99, 35, 17, 122, 106, 27, 18, 133, 130, 31, 16, 64, 5, 56, 123, 138, 141, 137, 90, 127, 80, 21, 75, 139, 145, 61, 13, 149, 30, 124, 142, 8, 116, 15, 118, 117, 135, 71, 131, 134, 136, 109, 85, 77, 91, 52, 128, 29, 63, 43, 41, 76, 79, 125, 143, 28, 147, 119, 126, 57, 55, 60, 92, 78, 69, 70, 89, 72, 74, 73, 58, 65, 66, 42, 59, 67, 33, 38, 34, 39, 49, 54, 47, 45, 48, 51, 83, 104, 23, 46, 112, 146, 110, 108, 115, 121, 114, 120, 101, 97, 107, 102, 26, 96, 98, 11, 12, 9, 14, 10, 2, 7, 1, 0, 6, 4, 22, 25, 3, 24, 20, 87, 95, 88, 82, 81, 19, 103, 84]",False,200064591133,200.064591133,[],[],False,runtime_limit,7989,7989,9356,7619,15031,235,14796,2000,,False,,,,,,,2,50,6,50,8,8,6,6
2,10487,36,70,79,"[5, 8, 13, 15, 16, 17, 18, 21, 27, 29, 30, 31, 32, 35, 36, 37, 40, 43, 44, 50, 52, 53, 56, 61, 62, 63, 64, 68, 71, 75, 77, 80, 85, 86, 90, 91, 93, 94, 99, 100, 105, 106, 109, 111, 116, 117, 118, 122, 123, 124, 127, 128, 129, 130, 131, 132, 133, 134, 135, 136, 137, 138, 139, 140, 141, 142, 144, 145, 148, 149]","[0, 1, 2, 3, 4, 6, 7, 9, 10, 11, 12, 14, 19, 20, 22, 23, 24, 25, 26, 28, 33, 34, 38, 39, 41, 42, 45, 46, 47, 48, 49, 51, 54, 55, 57, 58, 59, 60, 65, 66, 67, 69, 70, 72, 73, 74, 76, 78, 79, 81, 82, 83, 84, 87, 88, 89, 92, 95, 96, 97, 98, 101, 102, 103, 104, 107, 108, 110, 112, 114, 115, 119, 120, 121, 125, 126, 143, 146, 147]","{""support_1"": 57, ""support_2"": 79}","[57, 79]",2,"[100, 37, 40, 93, 148, 44, 50, 132, 129, 140, 62, 144, 94, 36, 32, 111, 105, 53, 86, 68, 99, 35, 17, 122, 106, 27, 18, 133, 130, 31, 16, 64, 5, 56, 123, 138, 141, 137, 90, 127, 80, 21, 75, 139, 145, 61, 13, 149, 30, 124, 142, 8, 116, 15, 118, 117, 135, 71, 131, 134, 136, 109, 85, 77, 91, 52, 128, 29, 63, 43, 41, 76, 79, 125, 143, 28, 147, 119, 126, 57, 55, 60, 92, 78, 69, 70, 89, 72, 74, 73, 58, 65, 66, 42, 59, 67, 33, 38, 34, 39, 49, 54, 47, 45, 48, 51, 83, 104, 23, 46, 112, 146, 110, 108, 115, 121, 114, 120, 101, 97, 107, 102, 26, 96, 98, 11, 12, 9, 14, 10, 2, 7, 1, 0, 6, 4, 22, 25, 3, 24, 20, 87, 95, 88, 82, 81, 19, 103, 84]",True,24274972679,24.274972679,"[28, 78, 125, 126, 58, 55, 23, 41, 146, 79, 119, 92, 57, 60, 74, 69, 70, 89, 59, 72, 76, 73, 67, 66, 121, 102, 65, 101, 110, 120, 114, 115, 104, 107, 108, 97, 112, 96, 98, 84, 103, 87, 95, 88, 82, 81, 83, 33, 38, 34, 47, 48, 46, 49, 45, 54, 51, 147, 2, 7, 39, 24, 22, 42, 143, 20, 25, 26, 6, 11, 4, 12, 1, 14, 19, 9, 3, 10, 0]","[0, 10, 3, 9, 19, 14, 1, 12, 4, 11, 6, 26, 25, 20, 143, 42, 22, 24, 39, 7, 2, 147, 51, 54, 45, 49, 46, 48, 47, 34, 38, 33, 83, 81, 82, 88, 95, 87, 103, 84, 98, 96, 112, 97, 108, 107, 104, 115, 114, 120, 110, 101, 65, 102, 121, 66, 67, 73, 76, 72, 59, 89, 70, 69, 74, 60, 57, 92, 119, 79, 146, 41, 23, 55, 58, 126, 125, 78, 28]",False,complete,1626,1626,3852,1526,2545,29,2516,2000,,False,,,,,,,2,150,32,150,34,34,32,34
2,10488,37,72,77,"[5, 8, 13, 15, 16, 17, 18, 21, 27, 29, 30, 31, 32, 35, 36, 37, 40, 41, 43, 44, 50, 52, 53, 56, 61, 62, 63, 64, 68, 71, 75, 76, 77, 80, 85, 86, 90, 91, 93, 94, 99, 100, 105, 106, 109, 111, 116, 117, 118, 122, 123, 124, 127, 128, 129, 130, 131, 132, 133, 134, 135, 136, 137, 138, 139, 140, 141, 142, 144, 145, 148, 149]","[0, 1, 2, 3, 4, 6, 7, 9, 10, 11, 12, 14, 19, 20, 22, 23, 24, 25, 26, 28, 33, 34, 38, 39, 42, 45, 46, 47, 48, 49, 51, 54, 55, 57, 58, 59, 60, 65, 66, 67, 69, 70, 72, 73, 74, 78, 79, 81, 82, 83, 84, 87, 88, 89, 92, 95, 96, 97, 98, 101, 102, 103, 104, 107, 108, 110, 112, 114, 115, 119, 120, 121, 125, 126, 143, 146, 147]","{""support_1"": 57, ""support_2"": 79}","[57, 79]",2,"[100, 37, 40, 93, 148, 44, 50, 132, 129, 140, 62, 144, 94, 36, 32, 111, 105, 53, 86, 68, 99, 35, 17, 122, 106, 27, 18, 133, 130, 31, 16, 64, 5, 56, 123, 138, 141, 137, 90, 127, 80, 21, 75, 139, 145, 61, 13, 149, 30, 124, 142, 8, 116, 15, 118, 117, 135, 71, 131, 134, 136, 109, 85, 77, 91, 52, 128, 29, 63, 43, 41, 76, 79, 125, 143, 28, 147, 119, 126, 57, 55, 60, 92, 78, 69, 70, 89, 72, 74, 73, 58, 65, 66, 42, 59, 67, 33, 38, 34, 39, 49, 54, 47, 45, 48, 51, 83, 104, 23, 46, 112, 146, 110, 108, 115, 121, 114, 120, 101, 97, 107, 102, 26, 96, 98, 11, 12, 9, 14, 10, 2, 7, 1, 0, 6, 4, 22, 25, 3, 24, 20, 87, 95, 88, 82, 81, 19, 103, 84]",False,200060764947,200.060764947,[],[],False,runtime_limit,12493,12493,13974,11929,20422,1327,19095,2000,,False,,,,,,,2,81,17,81,19,19,17,17
2,10489,38,74,75,"[5, 8, 13, 15, 16, 17, 18, 21, 27, 29, 30, 31, 32, 35, 36, 37, 40, 41, 43, 44, 50, 52, 53, 56, 61, 62, 63, 64, 68, 71, 75, 76, 77, 79, 80, 85, 86, 90, 91, 93, 94, 99, 100, 105, 106, 109, 111, 116, 117, 118, 122, 123, 124, 125, 127, 128, 129, 130, 131, 132, 133, 134, 135, 136, 137, 138, 139, 140, 141, 142, 144, 145, 148, 149]","[0, 1, 2, 3, 4, 6, 7, 9, 10, 11, 12, 14, 19, 20, 22, 23, 24, 25, 26, 28, 33, 34, 38, 39, 42, 45, 46, 47, 48, 49, 51, 54, 55, 57, 58, 59, 60, 65, 66, 67, 69, 70, 72, 73, 74, 78, 81, 82, 83, 84, 87, 88, 89, 92, 95, 96, 97, 98, 101, 102, 103, 104, 107, 108, 110, 112, 114, 115, 119, 120, 121, 126, 143, 146, 147]","{""support_1"": 57, ""support_2"": 60}","[57, 60]",2,"[100, 37, 40, 93, 148, 44, 50, 132, 129, 140, 62, 144, 94, 36, 32, 111, 105, 53, 86, 68, 99, 35, 17, 122, 106, 27, 18, 133, 130, 31, 16, 64, 5, 56, 123, 138, 141, 137, 90, 127, 80, 21, 75, 139, 145, 61, 13, 149, 30, 124, 142, 8, 116, 15, 118, 117, 135, 71, 131, 134, 136, 109, 85, 77, 91, 52, 128, 29, 63, 43, 41, 76, 79, 125, 143, 28, 147, 119, 126, 57, 55, 60, 92, 78, 69, 70, 89, 72, 74, 73, 58, 65, 66, 42, 59, 67, 33, 38, 34, 39, 49, 54, 47, 45, 48, 51, 83, 104, 23, 46, 112, 146, 110, 108, 115, 121, 114, 120, 101, 97, 107, 102, 26, 96, 98, 11, 12, 9, 14, 10, 2, 7, 1, 0, 6, 4, 22, 25, 3, 24, 20, 87, 95, 88, 82, 81, 19, 103, 84]",True,73174646072,73.174646072,"[60, 74, 119, 126, 92, 28, 58, 57, 147, 143, 70, 55, 69, 67, 59, 78, 66, 72, 89, 65, 73, 14, 112, 10, 9, 110, 108, 121, 115, 107, 114, 102, 120, 101, 33, 7, 38, 34, 47, 48, 46, 49, 45, 54, 51, 104, 146, 83, 39, 42, 2, 1, 6, 97, 96, 0, 98, 23, 22, 4, 11, 3, 12, 20, 26, 84, 87, 103, 95, 88, 81, 24, 25, 19, 82]","[82, 19, 25, 24, 81, 88, 95, 103, 87, 84, 26, 20, 12, 3, 11, 4, 22, 23, 98, 0, 96, 97, 6, 1, 2, 42, 39, 83, 146, 104, 51, 54, 45, 49, 46, 48, 47, 34, 38, 7, 33, 101, 120, 102, 114, 107, 115, 121, 108, 110, 9, 10, 112, 14, 73, 65, 89, 72, 66, 78, 59, 67, 69, 55, 70, 143, 147, 57, 58, 28, 92, 126, 119, 74, 60]",False,complete,5345,5345,7313,5095,8785,756,8029,2000,,False,,,,,,,2,143,30,143,31,31,30,32
2,10490,39,76,73,"[5, 8, 13, 15, 16, 17, 18, 21, 27, 28, 29, 30, 31, 32, 35, 36, 37, 40, 41, 43, 44, 50, 52, 53, 56, 61, 62, 63, 64, 68, 71, 75, 76, 77, 79, 80, 85, 86, 90, 91, 93, 94, 99, 100, 105, 106, 109, 111, 116, 117, 118, 122, 123, 124, 125, 127, 128, 129, 130, 131, 132, 133, 134, 135, 136, 137, 138, 139, 140, 141, 142, 143, 144, 145, 148, 149]","[0, 1, 2, 3, 4, 6, 7, 9, 10, 11, 12, 14, 19, 20, 22, 23, 24, 25, 26, 33, 34, 38, 39, 42, 45, 46, 47, 48, 49, 51, 54, 55, 57, 58, 59, 60, 65, 66, 67, 69, 70, 72, 73, 74, 78, 81, 82, 83, 84, 87, 88, 89, 92, 95, 96, 97, 98, 101, 102, 103, 104, 107, 108, 110, 112, 114, 115, 119, 120, 121, 126, 146, 147]","{""support_1"": 57, ""support_2"": 60}","[57, 60]",2,"[100, 37, 40, 93, 148, 44, 50, 132, 129, 140, 62, 144, 94, 36, 32, 111, 105, 53, 86, 68, 99, 35, 17, 122, 106, 27, 18, 133, 130, 31, 16, 64, 5, 56, 123, 138, 141, 137, 90, 127, 80, 21, 75, 139, 145, 61, 13, 149, 30, 124, 142, 8, 116, 15, 118, 117, 135, 71, 131, 134, 136, 109, 85, 77, 91, 52, 128, 29, 63, 43, 41, 76, 79, 125, 143, 28, 147, 119, 126, 57, 55, 60, 92, 78, 69, 70, 89, 72, 74, 73, 58, 65, 66, 42, 59, 67, 33, 38, 34, 39, 49, 54, 47, 45, 48, 51, 83, 104, 23, 46, 112, 146, 110, 108, 115, 121, 114, 120, 101, 97, 107, 102, 26, 96, 98, 11, 12, 9, 14, 10, 2, 7, 1, 0, 6, 4, 22, 25, 3, 24, 20, 87, 95, 88, 82, 81, 19, 103, 84]",False,200219829299,200.219829299,[],[],False,runtime_limit,9095,9095,10092,8739,15935,434,15501,2000,,False,,,,,,,2,58,9,58,11,11,9,9
2,10491,40,78,71,"[5, 8, 13, 15, 16, 17, 18, 21, 27, 28, 29, 30, 31, 32, 35, 36, 37, 40, 41, 43, 44, 50, 52, 53, 56, 61, 62, 63, 64, 68, 71, 75, 76, 77, 79, 80, 85, 86, 90, 91, 93, 94, 99, 100, 105, 106, 109, 111, 116, 117, 118, 119, 122, 123, 124, 125, 127, 128, 129, 130, 131, 132, 133, 134, 135, 136, 137, 138, 139, 140, 141, 142, 143, 144, 145, 147, 148, 149]","[0, 1, 2, 3, 4, 6, 7, 9, 10, 11, 12, 14, 19, 20, 22, 23, 24, 25, 26, 33, 34, 38, 39, 42, 45, 46, 47, 48, 49, 51, 54, 55, 57, 58, 59, 60, 65, 66, 67, 69, 70, 72, 73, 74, 78, 81, 82, 83, 84, 87, 88, 89, 92, 95, 96, 97, 98, 101, 102, 103, 104, 107, 108, 110, 112, 114, 115, 120, 121, 126, 146]","{""support_1"": 57, ""support_2"": 60}","[57, 60]",2,"[100, 37, 40, 93, 148, 44, 50, 132, 129, 140, 62, 144, 94, 36, 32, 111, 105, 53, 86, 68, 99, 35, 17, 122, 106, 27, 18, 133, 130, 31, 16, 64, 5, 56, 123, 138, 141, 137, 90, 127, 80, 21, 75, 139, 145, 61, 13, 149, 30, 124, 142, 8, 116, 15, 118, 117, 135, 71, 131, 134, 136, 109, 85, 77, 91, 52, 128, 29, 63, 43, 41, 76, 79, 125, 143, 28, 147, 119, 126, 57, 55, 60, 92, 78, 69, 70, 89, 72, 74, 73, 58, 65, 66, 42, 59, 67, 33, 38, 34, 39, 49, 54, 47, 45, 48, 51, 83, 104, 23, 46, 112, 146, 110, 108, 115, 121, 114, 120, 101, 97, 107, 102, 26, 96, 98, 11, 12, 9, 14, 10, 2, 7, 1, 0, 6, 4, 22, 25, 3, 24, 20, 87, 95, 88, 82, 81, 19, 103, 84]",False,200058939027,200.058939027,[],[],False,runtime_limit,11175,11175,12220,10719,18152,964,17188,2000,,False,,,,,,,2,58,9,58,11,11,9,9
2,10492,41,80,69,"[5, 8, 13, 15, 16, 17, 18, 21, 27, 28, 29, 30, 31, 32, 35, 36, 37, 40, 41, 43, 44, 50, 52, 53, 56, 57, 61, 62, 63, 64, 68, 71, 75, 76, 77, 79, 80, 85, 86, 90, 91, 93, 94, 99, 100, 105, 106, 109, 111, 116, 117, 118, 119, 122, 123, 124, 125, 126, 127, 128, 129, 130, 131, 132, 133, 134, 135, 136, 137, 138, 139, 140, 141, 142, 143, 144, 145, 147, 148, 149]","[0, 1, 2, 3, 4, 6, 7, 9, 10, 11, 12, 14, 19, 20, 22, 23, 24, 25, 26, 33, 34, 38, 39, 42, 45, 46, 47, 48, 49, 51, 54, 55, 58, 59, 60, 65, 66, 67, 69, 70, 72, 73, 74, 78, 81, 82, 83, 84, 87, 88, 89, 92, 95, 96, 97, 98, 101, 102, 103, 104, 107, 108, 110, 112, 114, 115, 120, 121, 146]","{""support_1"": 34, ""support_2"": 60}","[34, 60]",2,"[100, 37, 40, 93, 148, 44, 50, 132, 129, 140, 62, 144, 94, 36, 32, 111, 105, 53, 86, 68, 99, 35, 17, 122, 106, 27, 18, 133, 130, 31, 16, 64, 5, 56, 123, 138, 141, 137, 90, 127, 80, 21, 75, 139, 145, 61, 13, 149, 30, 124, 142, 8, 116, 15, 118, 117, 135, 71, 131, 134, 136, 109, 85, 77, 91, 52, 128, 29, 63, 43, 41, 76, 79, 125, 143, 28, 147, 119, 126, 57, 55, 60, 92, 78, 69, 70, 89, 72, 74, 73, 58, 65, 66, 42, 59, 67, 33, 38, 34, 39, 49, 54, 47, 45, 48, 51, 83, 104, 23, 46, 112, 146, 110, 108, 115, 121, 114, 120, 101, 97, 107, 102, 26, 96, 98, 11, 12, 9, 14, 10, 2, 7, 1, 0, 6, 4, 22, 25, 3, 24, 20, 87, 95, 88, 82, 81, 19, 103, 84]",False,200230647030,200.230647030,[],[],False,runtime_limit,12299,12299,13085,11745,19287,996,18291,2000,,False,,,,,,,2,54,8,54,10,10,8,8
2,10493,42,82,67,"[5, 8, 13, 15, 16, 17, 18, 21, 27, 28, 29, 30, 31, 32, 35, 36, 37, 40, 41, 43, 44, 50, 52, 53, 55, 56, 57, 60, 61, 62, 63, 64, 68, 71, 75, 76, 77, 79, 80, 85, 86, 90, 91, 93, 94, 99, 100, 105, 106, 109, 111, 116, 117, 118, 119, 122, 123, 124, 125, 126, 127, 128, 129, 130, 131, 132, 133, 134, 135, 136, 137, 138, 139, 140, 141, 142, 143, 144, 145, 147, 148, 149]","[0, 1, 2, 3, 4, 6, 7, 9, 10, 11, 12, 14, 19, 20, 22, 23, 24, 25, 26, 33, 34, 38, 39, 42, 45, 46, 47, 48, 49, 51, 54, 58, 59, 65, 66, 67, 69, 70, 72, 73, 74, 78, 81, 82, 83, 84, 87, 88, 89, 92, 95, 96, 97, 98, 101, 102, 103, 104, 107, 108, 110, 112, 114, 115, 120, 121, 146]","{""support_1"": 34, ""support_2"": 70}","[34, 70]",2,"[100, 37, 40, 93, 148, 44, 50, 132, 129, 140, 62, 144, 94, 36, 32, 111, 105, 53, 86, 68, 99, 35, 17, 122, 106, 27, 18, 133, 130, 31, 16, 64, 5, 56, 123, 138, 141, 137, 90, 127, 80, 21, 75, 139, 145, 61, 13, 149, 30, 124, 142, 8, 116, 15, 118, 117, 135, 71, 131, 134, 136, 109, 85, 77, 91, 52, 128, 29, 63, 43, 41, 76, 79, 125, 143, 28, 147, 119, 126, 57, 55, 60, 92, 78, 69, 70, 89, 72, 74, 73, 58, 65, 66, 42, 59, 67, 33, 38, 34, 39, 49, 54, 47, 45, 48, 51, 83, 104, 23, 46, 112, 146, 110, 108, 115, 121, 114, 120, 101, 97, 107, 102, 26, 96, 98, 11, 12, 9, 14, 10, 2, 7, 1, 0, 6, 4, 22, 25, 3, 24, 20, 87, 95, 88, 82, 81, 19, 103, 84]",False,201888522833,201.888522833,[],[],False,runtime_limit,11977,11977,12602,11415,18840,833,18007,2000,,False,,,,,,,2,50,9,50,11,11,9,9
2,10494,43,84,65,"[5, 8, 13, 15, 16, 17, 18, 21, 27, 28, 29, 30, 31, 32, 35, 36, 37, 40, 41, 43, 44, 50, 52, 53, 55, 56, 57, 60, 61, 62, 63, 64, 68, 71, 75, 76, 77, 78, 79, 80, 85, 86, 90, 91, 92, 93, 94, 99, 100, 105, 106, 109, 111, 116, 117, 118, 119, 122, 123, 124, 125, 126, 127, 128, 129, 130, 131, 132, 133, 134, 135, 136, 137, 138, 139, 140, 141, 142, 143, 144, 145, 147, 148, 149]","[0, 1, 2, 3, 4, 6, 7, 9, 10, 11, 12, 14, 19, 20, 22, 23, 24, 25, 26, 33, 34, 38, 39, 42, 45, 46, 47, 48, 49, 51, 54, 58, 59, 65, 66, 67, 69, 70, 72, 73, 74, 81, 82, 83, 84, 87, 88, 89, 95, 96, 97, 98, 101, 102, 103, 104, 107, 108, 110, 112, 114, 115, 120, 121, 146]","{""support_1"": 34, ""support_2"": 70}","[34, 70]",2,"[100, 37, 40, 93, 148, 44, 50, 132, 129, 140, 62, 144, 94, 36, 32, 111, 105, 53, 86, 68, 99, 35, 17, 122, 106, 27, 18, 133, 130, 31, 16, 64, 5, 56, 123, 138, 141, 137, 90, 127, 80, 21, 75, 139, 145, 61, 13, 149, 30, 124, 142, 8, 116, 15, 118, 117, 135, 71, 131, 134, 136, 109, 85, 77, 91, 52, 128, 29, 63, 43, 41, 76, 79, 125, 143, 28, 147, 119, 126, 57, 55, 60, 92, 78, 69, 70, 89, 72, 74, 73, 58, 65, 66, 42, 59, 67, 33, 38, 34, 39, 49, 54, 47, 45, 48, 51, 83, 104, 23, 46, 112, 146, 110, 108, 115, 121, 114, 120, 101, 97, 107, 102, 26, 96, 98, 11, 12, 9, 14, 10, 2, 7, 1, 0, 6, 4, 22, 25, 3, 24, 20, 87, 95, 88, 82, 81, 19, 103, 84]",False,200135783030,200.135783030,[],[],False,runtime_limit,11582,11582,12181,11101,18679,1109,17570,2000,,False,,,,,,,2,46,6,46,8,8,6,6
2,10495,44,86,63,"[5, 8, 13, 15, 16, 17, 18, 21, 27, 28, 29, 30, 31, 32, 35, 36, 37, 40, 41, 43, 44, 50, 52, 53, 55, 56, 57, 60, 61, 62, 63, 64, 68, 69, 70, 71, 75, 76, 77, 78, 79, 80, 85, 86, 90, 91, 92, 93, 94, 99, 100, 105, 106, 109, 111, 116, 117, 118, 119, 122, 123, 124, 125, 126, 127, 128, 129, 130, 131, 132, 133, 134, 135, 136, 137, 138, 139, 140, 141, 142, 143, 144, 145, 147, 148, 149]","[0, 1, 2, 3, 4, 6, 7, 9, 10, 11, 12, 14, 19, 20, 22, 23, 24, 25, 26, 33, 34, 38, 39, 42, 45, 46, 47, 48, 49, 51, 54, 58, 59, 65, 66, 67, 72, 73, 74, 81, 82, 83, 84, 87, 88, 89, 95, 96, 97, 98, 101, 102, 103, 104, 107, 108, 110, 112, 114, 115, 120, 121, 146]","{""support_1"": 34, ""support_2"": 74}","[34, 74]",2,"[100, 37, 40, 93, 148, 44, 50, 132, 129, 140, 62, 144, 94, 36, 32, 111, 105, 53, 86, 68, 99, 35, 17, 122, 106, 27, 18, 133, 130, 31, 16, 64, 5, 56, 123, 138, 141, 137, 90, 127, 80, 21, 75, 139, 145, 61, 13, 149, 30, 124, 142, 8, 116, 15, 118, 117, 135, 71, 131, 134, 136, 109, 85, 77, 91, 52, 128, 29, 63, 43, 41, 76, 79, 125, 143, 28, 147, 119, 126, 57, 55, 60, 92, 78, 69, 70, 89, 72, 74, 73, 58, 65, 66, 42, 59, 67, 33, 38, 34, 39, 49, 54, 47, 45, 48, 51, 83, 104, 23, 46, 112, 146, 110, 108, 115, 121, 114, 120, 101, 97, 107, 102, 26, 96, 98, 11, 12, 9, 14, 10, 2, 7, 1, 0, 6, 4, 22, 25, 3, 24, 20, 87, 95, 88, 82, 81, 19, 103, 84]",False,200048363269,200.048363269,[],[],False,runtime_limit,12186,12186,12730,11606,18828,1216,17612,2000,,False,,,,,,,2,42,5,42,7,7,5,5
2,10496,45,88,61,"[5, 8, 13, 15, 16, 17, 18, 21, 27, 28, 29, 30, 31, 32, 35, 36, 37, 40, 41, 43, 44, 50, 52, 53, 55, 56, 57, 60, 61, 62, 63, 64, 68, 69, 70, 71, 72, 75, 76, 77, 78, 79, 80, 85, 86, 89, 90, 91, 92, 93, 94, 99, 100, 105, 106, 109, 111, 116, 117, 118, 119, 122, 123, 124, 125, 126, 127, 128, 129, 130, 131, 132, 133, 134, 135, 136, 137, 138, 139, 140, 141, 142, 143, 144, 145, 147, 148, 149]","[0, 1, 2, 3, 4, 6, 7, 9, 10, 11, 12, 14, 19, 20, 22, 23, 24, 25, 26, 33, 34, 38, 39, 42, 45, 46, 47, 48, 49, 51, 54, 58, 59, 65, 66, 67, 73, 74, 81, 82, 83, 84, 87, 88, 95, 96, 97, 98, 101, 102, 103, 104, 107, 108, 110, 112, 114, 115, 120, 121, 146]","{""support_1"": 34, ""support_2"": 74}","[34, 74]",2,"[100, 37, 40, 93, 148, 44, 50, 132, 129, 140, 62, 144, 94, 36, 32, 111, 105, 53, 86, 68, 99, 35, 17, 122, 106, 27, 18, 133, 130, 31, 16, 64, 5, 56, 123, 138, 141, 137, 90, 127, 80, 21, 75, 139, 145, 61, 13, 149, 30, 124, 142, 8, 116, 15, 118, 117, 135, 71, 131, 134, 136, 109, 85, 77, 91, 52, 128, 29, 63, 43, 41, 76, 79, 125, 143, 28, 147, 119, 126, 57, 55, 60, 92, 78, 69, 70, 89, 72, 74, 73, 58, 65, 66, 42, 59, 67, 33, 38, 34, 39, 49, 54, 47, 45, 48, 51, 83, 104, 23, 46, 112, 146, 110, 108, 115, 121, 114, 120, 101, 97, 107, 102, 26, 96, 98, 11, 12, 9, 14, 10, 2, 7, 1, 0, 6, 4, 22, 25, 3, 24, 20, 87, 95, 88, 82, 81, 19, 103, 84]",True,78023509001,78.023509001,"[58, 59, 74, 73, 66, 42, 65, 67, 38, 39, 33, 34, 49, 48, 110, 121, 54, 47, 51, 46, 9, 10, 45, 14, 112, 108, 114, 102, 101, 115, 107, 98, 83, 96, 97, 146, 120, 103, 25, 24, 11, 84, 87, 26, 7, 82, 81, 88, 104, 20, 12, 22, 6, 19, 95, 23, 4, 0, 3, 1, 2]","[2, 1, 3, 0, 4, 23, 95, 19, 6, 22, 12, 20, 104, 88, 81, 82, 7, 26, 87, 84, 11, 24, 25, 103, 120, 146, 97, 96, 83, 98, 107, 115, 101, 102, 114, 108, 112, 14, 45, 10, 9, 46, 51, 47, 54, 121, 110, 48, 49, 34, 33, 39, 38, 67, 65, 42, 66, 73, 74, 59, 58]",False,complete,7265,7265,8667,6786,11701,850,10851,2000,,False,,,,,,,2,108,26,108,28,28,26,28
2,10497,46,90,59,"[5, 8, 13, 15, 16, 17, 18, 21, 27, 28, 29, 30, 31, 32, 35, 36, 37, 40, 41, 43, 44, 50, 52, 53, 55, 56, 57, 60, 61, 62, 63, 64, 68, 69, 70, 71, 72, 73, 74, 75, 76, 77, 78, 79, 80, 85, 86, 89, 90, 91, 92, 93, 94, 99, 100, 105, 106, 109, 111, 116, 117, 118, 119, 122, 123, 124, 125, 126, 127, 128, 129, 130, 131, 132, 133, 134, 135, 136, 137, 138, 139, 140, 141, 142, 143, 144, 145, 147, 148, 149]","[0, 1, 2, 3, 4, 6, 7, 9, 10, 11, 12, 14, 19, 20, 22, 23, 24, 25, 26, 33, 34, 38, 39, 42, 45, 46, 47, 48, 49, 51, 54, 58, 59, 65, 66, 67, 81, 82, 83, 84, 87, 88, 95, 96, 97, 98, 101, 102, 103, 104, 107, 108, 110, 112, 114, 115, 120, 121, 146]","{""support_1"": 34, ""support_2"": 66}","[34, 66]",2,"[100, 37, 40, 93, 148, 44, 50, 132, 129, 140, 62, 144, 94, 36, 32, 111, 105, 53, 86, 68, 99, 35, 17, 122, 106, 27, 18, 133, 130, 31, 16, 64, 5, 56, 123, 138, 141, 137, 90, 127, 80, 21, 75, 139, 145, 61, 13, 149, 30, 124, 142, 8, 116, 15, 118, 117, 135, 71, 131, 134, 136, 109, 85, 77, 91, 52, 128, 29, 63, 43, 41, 76, 79, 125, 143, 28, 147, 119, 126, 57, 55, 60, 92, 78, 69, 70, 89, 72, 74, 73, 58, 65, 66, 42, 59, 67, 33, 38, 34, 39, 49, 54, 47, 45, 48, 51, 83, 104, 23, 46, 112, 146, 110, 108, 115, 121, 114, 120, 101, 97, 107, 102, 26, 96, 98, 11, 12, 9, 14, 10, 2, 7, 1, 0, 6, 4, 22, 25, 3, 24, 20, 87, 95, 88, 82, 81, 19, 103, 84]",False,200041668119,200.041668119,[],[],False,runtime_limit,9517,9517,9948,9034,16741,447,16294,2000,,False,,,,,,,2,34,5,34,6,6,5,5
2,10498,47,92,57,"[5, 8, 13, 15, 16, 17, 18, 21, 27, 28, 29, 30, 31, 32, 35, 36, 37, 40, 41, 43, 44, 50, 52, 53, 55, 56, 57, 58, 60, 61, 62, 63, 64, 65, 68, 69, 70, 71, 72, 73, 74, 75, 76, 77, 78, 79, 80, 85, 86, 89, 90, 91, 92, 93, 94, 99, 100, 105, 106, 109, 111, 116, 117, 118, 119, 122, 123, 124, 125, 126, 127, 128, 129, 130, 131, 132, 133, 134, 135, 136, 137, 138, 139, 140, 141, 142, 143, 144, 145, 147, 148, 149]","[0, 1, 2, 3, 4, 6, 7, 9, 10, 11, 12, 14, 19, 20, 22, 23, 24, 25, 26, 33, 34, 38, 39, 42, 45, 46, 47, 48, 49, 51, 54, 59, 66, 67, 81, 82, 83, 84, 87, 88, 95, 96, 97, 98, 101, 102, 103, 104, 107, 108, 110, 112, 114, 115, 120, 121, 146]","{""support_1"": 34, ""support_2"": 66}","[34, 66]",2,"[100, 37, 40, 93, 148, 44, 50, 132, 129, 140, 62, 144, 94, 36, 32, 111, 105, 53, 86, 68, 99, 35, 17, 122, 106, 27, 18, 133, 130, 31, 16, 64, 5, 56, 123, 138, 141, 137, 90, 127, 80, 21, 75, 139, 145, 61, 13, 149, 30, 124, 142, 8, 116, 15, 118, 117, 135, 71, 131, 134, 136, 109, 85, 77, 91, 52, 128, 29, 63, 43, 41, 76, 79, 125, 143, 28, 147, 119, 126, 57, 55, 60, 92, 78, 69, 70, 89, 72, 74, 73, 58, 65, 66, 42, 59, 67, 33, 38, 34, 39, 49, 54, 47, 45, 48, 51, 83, 104, 23, 46, 112, 146, 110, 108, 115, 121, 114, 120, 101, 97, 107, 102, 26, 96, 98, 11, 12, 9, 14, 10, 2, 7, 1, 0, 6, 4, 22, 25, 3, 24, 20, 87, 95, 88, 82, 81, 19, 103, 84]",True,178660561482,178.660561482,"[67, 59, 66, 112, 110, 108, 115, 107, 114, 121, 120, 97, 101, 103, 102, 96, 98, 84, 87, 104, 95, 88, 82, 83, 81, 33, 38, 34, 48, 47, 46, 49, 54, 45, 39, 2, 51, 6, 7, 1, 14, 10, 0, 42, 9, 26, 146, 11, 24, 12, 25, 3, 20, 23, 19, 22, 4]","[4, 22, 19, 23, 20, 3, 25, 12, 24, 11, 146, 26, 9, 42, 0, 10, 14, 1, 7, 6, 51, 2, 39, 45, 54, 49, 46, 47, 48, 34, 38, 33, 81, 83, 82, 88, 95, 104, 87, 84, 98, 96, 102, 103, 101, 97, 120, 121, 114, 107, 115, 108, 110, 112, 66, 59, 67]",False,complete,12085,12085,13139,11563,19986,1434,18552,2000,,False,,,,,,,2,105,29,105,31,31,29,31
2,10499,48,94,55,"[5, 8, 13, 15, 16, 17, 18, 21, 27, 28, 29, 30, 31, 32, 35, 36, 37, 40, 41, 42, 43, 44, 50, 52, 53, 55, 56, 57, 58, 60, 61, 62, 63, 64, 65, 66, 68, 69, 70, 71, 72, 73, 74, 75, 76, 77, 78, 79, 80, 85, 86, 89, 90, 91, 92, 93, 94, 99, 100, 105, 106, 109, 111, 116, 117, 118, 119, 122, 123, 124, 125, 126, 127, 128, 129, 130, 131, 132, 133, 134, 135, 136, 137, 138, 139, 140, 141, 142, 143, 144, 145, 147, 148, 149]","[0, 1, 2, 3, 4, 6, 7, 9, 10, 11, 12, 14, 19, 20, 22, 23, 24, 25, 26, 33, 34, 38, 39, 45, 46, 47, 48, 49, 51, 54, 59, 67, 81, 82, 83, 84, 87, 88, 95, 96, 97, 98, 101, 102, 103, 104, 107, 108, 110, 112, 114, 115, 120, 121, 146]","{""support_1"": 34, ""support_2"": 67}","[34, 67]",2,"[100, 37, 40, 93, 148, 44, 50, 132, 129, 140, 62, 144, 94, 36, 32, 111, 105, 53, 86, 68, 99, 35, 17, 122, 106, 27, 18, 133, 130, 31, 16, 64, 5, 56, 123, 138, 141, 137, 90, 127, 80, 21, 75, 139, 145, 61, 13, 149, 30, 124, 142, 8, 116, 15, 118, 117, 135, 71, 131, 134, 136, 109, 85, 77, 91, 52, 128, 29, 63, 43, 41, 76, 79, 125, 143, 28, 147, 119, 126, 57, 55, 60, 92, 78, 69, 70, 89, 72, 74, 73, 58, 65, 66, 42, 59, 67, 33, 38, 34, 39, 49, 54, 47, 45, 48, 51, 83, 104, 23, 46, 112, 146, 110, 108, 115, 121, 114, 120, 101, 97, 107, 102, 26, 96, 98, 11, 12, 9, 14, 10, 2, 7, 1, 0, 6, 4, 22, 25, 3, 24, 20, 87, 95, 88, 82, 81, 19, 103, 84]",True,16692706642,16.692706642,"[67, 59, 38, 33, 34, 39, 54, 51, 48, 46, 49, 121, 47, 7, 104, 84, 45, 102, 101, 115, 114, 120, 103, 87, 83, 88, 81, 82, 10, 146, 14, 23, 9, 110, 107, 108, 22, 112, 20, 24, 97, 96, 19, 95, 98, 25, 26, 11, 3, 4, 2, 6, 1, 0, 12]","[12, 0, 1, 6, 2, 4, 3, 11, 26, 25, 98, 95, 19, 96, 97, 24, 20, 112, 22, 108, 107, 110, 9, 23, 14, 146, 10, 82, 81, 88, 83, 87, 103, 120, 114, 115, 101, 102, 45, 84, 104, 7, 47, 121, 49, 46, 48, 51, 54, 39, 34, 33, 38, 59, 67]",False,complete,1144,1144,2264,1053,2066,196,1870,1870,,False,,,,,,,2,102,26,102,27,27,26,28
2,10500,49,96,53,"[5, 8, 13, 15, 16, 17, 18, 21, 27, 28, 29, 30, 31, 32, 35, 36, 37, 40, 41, 42, 43, 44, 50, 52, 53, 55, 56, 57, 58, 59, 60, 61, 62, 63, 64, 65, 66, 67, 68, 69, 70, 71, 72, 73, 74, 75, 76, 77, 78, 79, 80, 85, 86, 89, 90, 91, 92, 93, 94, 99, 100, 105, 106, 109, 111, 116, 117, 118, 119, 122, 123, 124, 125, 126, 127, 128, 129, 130, 131, 132, 133, 134, 135, 136, 137, 138, 139, 140, 141, 142, 143, 144, 145, 147, 148, 149]","[0, 1, 2, 3, 4, 6, 7, 9, 10, 11, 12, 14, 19, 20, 22, 23, 24, 25, 26, 33, 34, 38, 39, 45, 46, 47, 48, 49, 51, 54, 81, 82, 83, 84, 87, 88, 95, 96, 97, 98, 101, 102, 103, 104, 107, 108, 110, 112, 114, 115, 120, 121, 146]","{""support_1"": 34, ""support_2"": 38}","[34, 38]",2,"[100, 37, 40, 93, 148, 44, 50, 132, 129, 140, 62, 144, 94, 36, 32, 111, 105, 53, 86, 68, 99, 35, 17, 122, 106, 27, 18, 133, 130, 31, 16, 64, 5, 56, 123, 138, 141, 137, 90, 127, 80, 21, 75, 139, 145, 61, 13, 149, 30, 124, 142, 8, 116, 15, 118, 117, 135, 71, 131, 134, 136, 109, 85, 77, 91, 52, 128, 29, 63, 43, 41, 76, 79, 125, 143, 28, 147, 119, 126, 57, 55, 60, 92, 78, 69, 70, 89, 72, 74, 73, 58, 65, 66, 42, 59, 67, 33, 38, 34, 39, 49, 54, 47, 45, 48, 51, 83, 104, 23, 46, 112, 146, 110, 108, 115, 121, 114, 120, 101, 97, 107, 102, 26, 96, 98, 11, 12, 9, 14, 10, 2, 7, 1, 0, 6, 4, 22, 25, 3, 24, 20, 87, 95, 88, 82, 81, 19, 103, 84]",True,15641655478,15.641655478,"[33, 38, 39, 34, 49, 51, 54, 146, 84, 47, 103, 46, 48, 26, 97, 45, 25, 24, 83, 104, 87, 88, 82, 19, 23, 20, 22, 115, 102, 101, 120, 121, 81, 114, 112, 7, 108, 2, 110, 96, 95, 98, 11, 6, 4, 1, 14, 9, 12, 107, 10, 3, 0]","[0, 3, 10, 107, 12, 9, 14, 1, 4, 6, 11, 98, 95, 96, 110, 2, 108, 7, 112, 114, 81, 121, 120, 101, 102, 115, 22, 20, 23, 19, 82, 88, 87, 104, 83, 24, 25, 45, 97, 26, 48, 46, 103, 47, 84, 146, 54, 51, 49, 34, 39, 38, 33]",False,complete,1224,1224,2262,1123,2373,76,2297,2000,,False,,,,,,,2,93,17,93,19,19,17,19
2,10501,50,98,51,"[5, 8, 13, 15, 16, 17, 18, 21, 27, 28, 29, 30, 31, 32, 33, 35, 36, 37, 38, 40, 41, 42, 43, 44, 50, 52, 53, 55, 56, 57, 58, 59, 60, 61, 62, 63, 64, 65, 66, 67, 68, 69, 70, 71, 72, 73, 74, 75, 76, 77, 78, 79, 80, 85, 86, 89, 90, 91, 92, 93, 94, 99, 100, 105, 106, 109, 111, 116, 117, 118, 119, 122, 123, 124, 125, 126, 127, 128, 129, 130, 131, 132, 133, 134, 135, 136, 137, 138, 139, 140, 141, 142, 143, 144, 145, 147, 148, 149]","[0, 1, 2, 3, 4, 6, 7, 9, 10, 11, 12, 14, 19, 20, 22, 23, 24, 25, 26, 34, 39, 45, 46, 47, 48, 49, 51, 54, 81, 82, 83, 84, 87, 88, 95, 96, 97, 98, 101, 102, 103, 104, 107, 108, 110, 112, 114, 115, 120, 121, 146]","{""support_1"": 34, ""support_2"": 39}","[34, 39]",2,"[100, 37, 40, 93, 148, 44, 50, 132, 129, 140, 62, 144, 94, 36, 32, 111, 105, 53, 86, 68, 99, 35, 17, 122, 106, 27, 18, 133, 130, 31, 16, 64, 5, 56, 123, 138, 141, 137, 90, 127, 80, 21, 75, 139, 145, 61, 13, 149, 30, 124, 142, 8, 116, 15, 118, 117, 135, 71, 131, 134, 136, 109, 85, 77, 91, 52, 128, 29, 63, 43, 41, 76, 79, 125, 143, 28, 147, 119, 126, 57, 55, 60, 92, 78, 69, 70, 89, 72, 74, 73, 58, 65, 66, 42, 59, 67, 33, 38, 34, 39, 49, 54, 47, 45, 48, 51, 83, 104, 23, 46, 112, 146, 110, 108, 115, 121, 114, 120, 101, 97, 107, 102, 26, 96, 98, 11, 12, 9, 14, 10, 2, 7, 1, 0, 6, 4, 22, 25, 3, 24, 20, 87, 95, 88, 82, 81, 19, 103, 84]",True,5052165703,5.052165703,"[34, 47, 48, 46, 54, 39, 115, 102, 121, 51, 101, 49, 83, 23, 45, 103, 120, 114, 81, 87, 104, 82, 84, 24, 88, 110, 107, 26, 25, 22, 19, 20, 14, 9, 2, 108, 112, 10, 0, 97, 146, 1, 96, 7, 12, 6, 95, 98, 11, 3, 4]","[4, 3, 11, 98, 95, 6, 12, 7, 96, 1, 146, 97, 0, 10, 112, 108, 2, 9, 14, 20, 19, 22, 25, 26, 107, 110, 88, 24, 84, 82, 104, 87, 81, 114, 120, 103, 45, 23, 83, 49, 101, 51, 121, 102, 115, 39, 54, 46, 48, 47, 34]",False,complete,329,329,1326,278,563,0,563,563,,False,,,,,,,2,93,23,93,24,24,23,25
2,10502,51,100,49,"[5, 8, 13, 15, 16, 17, 18, 21, 27, 28, 29, 30, 31, 32, 33, 34, 35, 36, 37, 38, 39, 40, 41, 42, 43, 44, 50, 52, 53, 55, 56, 57, 58, 59, 60, 61, 62, 63, 64, 65, 66, 67, 68, 69, 70, 71, 72, 73, 74, 75, 76, 77, 78, 79, 80, 85, 86, 89, 90, 91, 92, 93, 94, 99, 100, 105, 106, 109, 111, 116, 117, 118, 119, 122, 123, 124, 125, 126, 127, 128, 129, 130, 131, 132, 133, 134, 135, 136, 137, 138, 139, 140, 141, 142, 143, 144, 145, 147, 148, 149]","[0, 1, 2, 3, 4, 6, 7, 9, 10, 11, 12, 14, 19, 20, 22, 23, 24, 25, 26, 45, 46, 47, 48, 49, 51, 54, 81, 82, 83, 84, 87, 88, 95, 96, 97, 98, 101, 102, 103, 104, 107, 108, 110, 112, 114, 115, 120, 121, 146]","{""support_1"": 48, ""support_2"": 54}","[48, 54]",2,"[100, 37, 40, 93, 148, 44, 50, 132, 129, 140, 62, 144, 94, 36, 32, 111, 105, 53, 86, 68, 99, 35, 17, 122, 106, 27, 18, 133, 130, 31, 16, 64, 5, 56, 123, 138, 141, 137, 90, 127, 80, 21, 75, 139, 145, 61, 13, 149, 30, 124, 142, 8, 116, 15, 118, 117, 135, 71, 131, 134, 136, 109, 85, 77, 91, 52, 128, 29, 63, 43, 41, 76, 79, 125, 143, 28, 147, 119, 126, 57, 55, 60, 92, 78, 69, 70, 89, 72, 74, 73, 58, 65, 66, 42, 59, 67, 33, 38, 34, 39, 49, 54, 47, 45, 48, 51, 83, 104, 23, 46, 112, 146, 110, 108, 115, 121, 114, 120, 101, 97, 107, 102, 26, 96, 98, 11, 12, 9, 14, 10, 2, 7, 1, 0, 6, 4, 22, 25, 3, 24, 20, 87, 95, 88, 82, 81, 19, 103, 84]",True,6503536072,6.503536072,"[54, 47, 48, 45, 49, 51, 14, 10, 98, 9, 110, 46, 26, 112, 108, 146, 115, 114, 107, 121, 120, 101, 102, 25, 96, 83, 24, 84, 97, 87, 11, 7, 12, 3, 103, 104, 95, 82, 81, 88, 6, 1, 0, 2, 20, 4, 23, 19, 22]","[22, 19, 23, 4, 20, 2, 0, 1, 6, 88, 81, 82, 95, 104, 103, 3, 12, 7, 11, 87, 97, 84, 24, 83, 96, 25, 102, 101, 120, 121, 107, 114, 115, 146, 108, 112, 26, 46, 110, 9, 98, 10, 14, 51, 49, 45, 48, 47, 54]",False,complete,596,596,1537,534,994,89,905,905,,False,,,,,,,2,89,19,89,20,20,19,21
2,10503,52,102,47,"[5, 8, 13, 15, 16, 17, 18, 21, 27, 28, 29, 30, 31, 32, 33, 34, 35, 36, 37, 38, 39, 40, 41, 42, 43, 44, 49, 50, 52, 53, 54, 55, 56, 57, 58, 59, 60, 61, 62, 63, 64, 65, 66, 67, 68, 69, 70, 71, 72, 73, 74, 75, 76, 77, 78, 79, 80, 85, 86, 89, 90, 91, 92, 93, 94, 99, 100, 105, 106, 109, 111, 116, 117, 118, 119, 122, 123, 124, 125, 126, 127, 128, 129, 130, 131, 132, 133, 134, 135, 136, 137, 138, 139, 140, 141, 142, 143, 144, 145, 147, 148, 149]","[0, 1, 2, 3, 4, 6, 7, 9, 10, 11, 12, 14, 19, 20, 22, 23, 24, 25, 26, 45, 46, 47, 48, 51, 81, 82, 83, 84, 87, 88, 95, 96, 97, 98, 101, 102, 103, 104, 107, 108, 110, 112, 114, 115, 120, 121, 146]","{""support_1"": 48, ""support_2"": 51}","[48, 51]",2,"[100, 37, 40, 93, 148, 44, 50, 132, 129, 140, 62, 144, 94, 36, 32, 111, 105, 53, 86, 68, 99, 35, 17, 122, 106, 27, 18, 133, 130, 31, 16, 64, 5, 56, 123, 138, 141, 137, 90, 127, 80, 21, 75, 139, 145, 61, 13, 149, 30, 124, 142, 8, 116, 15, 118, 117, 135, 71, 131, 134, 136, 109, 85, 77, 91, 52, 128, 29, 63, 43, 41, 76, 79, 125, 143, 28, 147, 119, 126, 57, 55, 60, 92, 78, 69, 70, 89, 72, 74, 73, 58, 65, 66, 42, 59, 67, 33, 38, 34, 39, 49, 54, 47, 45, 48, 51, 83, 104, 23, 46, 112, 146, 110, 108, 115, 121, 114, 120, 101, 97, 107, 102, 26, 96, 98, 11, 12, 9, 14, 10, 2, 7, 1, 0, 6, 4, 22, 25, 3, 24, 20, 87, 95, 88, 82, 81, 19, 103, 84]",True,2312217473,2.312217473,"[51, 121, 102, 48, 46, 47, 14, 101, 7, 120, 45, 2, 110, 114, 26, 115, 107, 9, 10, 108, 146, 0, 1, 97, 6, 112, 96, 98, 12, 23, 4, 11, 83, 103, 22, 3, 25, 20, 24, 95, 87, 104, 82, 88, 81, 84, 19]","[19, 84, 81, 88, 82, 104, 87, 95, 24, 20, 25, 3, 22, 103, 83, 11, 4, 23, 12, 98, 96, 112, 6, 97, 1, 0, 146, 108, 10, 9, 107, 115, 26, 114, 110, 2, 45, 120, 7, 101, 14, 47, 46, 48, 102, 121, 51]",False,complete,254,254,1128,207,361,0,361,361,,False,,,,,,,2,83,19,83,20,20,19,21
2,10504,53,104,45,"[5, 8, 13, 15, 16, 17, 18, 21, 27, 28, 29, 30, 31, 32, 33, 34, 35, 36, 37, 38, 39, 40, 41, 42, 43, 44, 45, 47, 49, 50, 52, 53, 54, 55, 56, 57, 58, 59, 60, 61, 62, 63, 64, 65, 66, 67, 68, 69, 70, 71, 72, 73, 74, 75, 76, 77, 78, 79, 80, 85, 86, 89, 90, 91, 92, 93, 94, 99, 100, 105, 106, 109, 111, 116, 117, 118, 119, 122, 123, 124, 125, 126, 127, 128, 129, 130, 131, 132, 133, 134, 135, 136, 137, 138, 139, 140, 141, 142, 143, 144, 145, 147, 148, 149]","[0, 1, 2, 3, 4, 6, 7, 9, 10, 11, 12, 14, 19, 20, 22, 23, 24, 25, 26, 46, 48, 51, 81, 82, 83, 84, 87, 88, 95, 96, 97, 98, 101, 102, 103, 104, 107, 108, 110, 112, 114, 115, 120, 121, 146]","{""support_1"": 48, ""support_2"": 51}","[48, 51]",2,"[100, 37, 40, 93, 148, 44, 50, 132, 129, 140, 62, 144, 94, 36, 32, 111, 105, 53, 86, 68, 99, 35, 17, 122, 106, 27, 18, 133, 130, 31, 16, 64, 5, 56, 123, 138, 141, 137, 90, 127, 80, 21, 75, 139, 145, 61, 13, 149, 30, 124, 142, 8, 116, 15, 118, 117, 135, 71, 131, 134, 136, 109, 85, 77, 91, 52, 128, 29, 63, 43, 41, 76, 79, 125, 143, 28, 147, 119, 126, 57, 55, 60, 92, 78, 69, 70, 89, 72, 74, 73, 58, 65, 66, 42, 59, 67, 33, 38, 34, 39, 49, 54, 47, 45, 48, 51, 83, 104, 23, 46, 112, 146, 110, 108, 115, 121, 114, 120, 101, 97, 107, 102, 26, 96, 98, 11, 12, 9, 14, 10, 2, 7, 1, 0, 6, 4, 22, 25, 3, 24, 20, 87, 95, 88, 82, 81, 19, 103, 84]",True,3571481354,3.571481354,"[48, 46, 121, 146, 51, 26, 102, 101, 110, 98, 120, 114, 115, 108, 96, 107, 112, 2, 103, 83, 97, 9, 25, 24, 84, 104, 82, 95, 88, 87, 11, 10, 12, 23, 14, 3, 81, 7, 1, 6, 22, 20, 4, 19, 0]","[0, 19, 4, 20, 22, 6, 1, 7, 81, 3, 14, 23, 12, 10, 11, 87, 88, 95, 82, 104, 84, 24, 25, 9, 97, 83, 103, 2, 112, 107, 96, 108, 115, 114, 120, 98, 110, 101, 102, 26, 51, 146, 121, 46, 48]",False,complete,310,310,1035,265,495,0,495,495,,False,,,,,,,2,78,22,78,23,23,22,24
2,10505,54,106,43,"[5, 8, 13, 15, 16, 17, 18, 21, 27, 28, 29, 30, 31, 32, 33, 34, 35, 36, 37, 38, 39, 40, 41, 42, 43, 44, 45, 47, 48, 49, 50, 51, 52, 53, 54, 55, 56, 57, 58, 59, 60, 61, 62, 63, 64, 65, 66, 67, 68, 69, 70, 71, 72, 73, 74, 75, 76, 77, 78, 79, 80, 85, 86, 89, 90, 91, 92, 93, 94, 99, 100, 105, 106, 109, 111, 116, 117, 118, 119, 122, 123, 124, 125, 126, 127, 128, 129, 130, 131, 132, 133, 134, 135, 136, 137, 138, 139, 140, 141, 142, 143, 144, 145, 147, 148, 149]","[0, 1, 2, 3, 4, 6, 7, 9, 10, 11, 12, 14, 19, 20, 22, 23, 24, 25, 26, 46, 81, 82, 83, 84, 87, 88, 95, 96, 97, 98, 101, 102, 103, 104, 107, 108, 110, 112, 114, 115, 120, 121, 146]","{""support_1"": 46}",[46],1,"[100, 37, 40, 93, 148, 44, 50, 132, 129, 140, 62, 144, 94, 36, 32, 111, 105, 53, 86, 68, 99, 35, 17, 122, 106, 27, 18, 133, 130, 31, 16, 64, 5, 56, 123, 138, 141, 137, 90, 127, 80, 21, 75, 139, 145, 61, 13, 149, 30, 124, 142, 8, 116, 15, 118, 117, 135, 71, 131, 134, 136, 109, 85, 77, 91, 52, 128, 29, 63, 43, 41, 76, 79, 125, 143, 28, 147, 119, 126, 57, 55, 60, 92, 78, 69, 70, 89, 72, 74, 73, 58, 65, 66, 42, 59, 67, 33, 38, 34, 39, 49, 54, 47, 45, 48, 51, 83, 104, 23, 46, 112, 146, 110, 108, 115, 121, 114, 120, 101, 97, 107, 102, 26, 96, 98, 11, 12, 9, 14, 10, 2, 7, 1, 0, 6, 4, 22, 25, 3, 24, 20, 87, 95, 88, 82, 81, 19, 103, 84]",True,3639817672,3.639817672,"[121, 102, 101, 110, 46, 98, 84, 120, 114, 146, 115, 108, 112, 2, 87, 103, 96, 107, 104, 95, 88, 97, 82, 81, 83, 9, 23, 7, 6, 1, 10, 22, 20, 24, 14, 0, 4, 25, 12, 26, 3, 19, 11]","[11, 19, 3, 26, 12, 25, 4, 0, 14, 24, 20, 22, 10, 1, 6, 7, 23, 9, 83, 81, 82, 97, 88, 95, 104, 107, 96, 103, 87, 2, 112, 108, 115, 146, 114, 120, 84, 98, 46, 110, 101, 102, 121]",False,complete,212,212,946,169,476,0,476,476,,False,,,,,,,2,79,20,79,21,21,20,21
2,10506,55,108,41,"[5, 8, 13, 15, 16, 17, 18, 21, 27, 28, 29, 30, 31, 32, 33, 34, 35, 36, 37, 38, 39, 40, 41, 42, 43, 44, 45, 47, 48, 49, 50, 51, 52, 53, 54, 55, 56, 57, 58, 59, 60, 61, 62, 63, 64, 65, 66, 67, 68, 69, 70, 71, 72, 73, 74, 75, 76, 77, 78, 79, 80, 83, 85, 86, 89, 90, 91, 92, 93, 94, 99, 100, 104, 105, 106, 109, 111, 116, 117, 118, 119, 122, 123, 124, 125, 126, 127, 128, 129, 130, 131, 132, 133, 134, 135, 136, 137, 138, 139, 140, 141, 142, 143, 144, 145, 147, 148, 149]","[0, 1, 2, 3, 4, 6, 7, 9, 10, 11, 12, 14, 19, 20, 22, 23, 24, 25, 26, 46, 81, 82, 84, 87, 88, 95, 96, 97, 98, 101, 102, 103, 107, 108, 110, 112, 114, 115, 120, 121, 146]","{""support_1"": 46, ""support_2"": 84}","[46, 84]",2,"[100, 37, 40, 93, 148, 44, 50, 132, 129, 140, 62, 144, 94, 36, 32, 111, 105, 53, 86, 68, 99, 35, 17, 122, 106, 27, 18, 133, 130, 31, 16, 64, 5, 56, 123, 138, 141, 137, 90, 127, 80, 21, 75, 139, 145, 61, 13, 149, 30, 124, 142, 8, 116, 15, 118, 117, 135, 71, 131, 134, 136, 109, 85, 77, 91, 52, 128, 29, 63, 43, 41, 76, 79, 125, 143, 28, 147, 119, 126, 57, 55, 60, 92, 78, 69, 70, 89, 72, 74, 73, 58, 65, 66, 42, 59, 67, 33, 38, 34, 39, 49, 54, 47, 45, 48, 51, 83, 104, 23, 46, 112, 146, 110, 108, 115, 121, 114, 120, 101, 97, 107, 102, 26, 96, 98, 11, 12, 9, 14, 10, 2, 7, 1, 0, 6, 4, 22, 25, 3, 24, 20, 87, 95, 88, 82, 81, 19, 103, 84]",True,3995240816,3.995240816,"[146, 46, 112, 110, 108, 97, 115, 121, 114, 107, 120, 101, 102, 26, 96, 2, 98, 9, 10, 14, 11, 23, 12, 7, 1, 0, 6, 25, 24, 20, 22, 3, 19, 84, 82, 87, 81, 103, 88, 95, 4]","[4, 95, 88, 103, 81, 87, 82, 84, 19, 3, 22, 20, 24, 25, 6, 0, 1, 7, 12, 23, 11, 14, 10, 9, 98, 2, 96, 26, 102, 101, 120, 107, 114, 121, 115, 97, 108, 110, 112, 46, 146]",False,complete,394,394,933,350,671,1,670,670,,False,,,,,,,2,77,18,77,20,20,18,20
2,10507,56,110,39,"[5, 8, 13, 15, 16, 17, 18, 21, 23, 27, 28, 29, 30, 31, 32, 33, 34, 35, 36, 37, 38, 39, 40, 41, 42, 43, 44, 45, 46, 47, 48, 49, 50, 51, 52, 53, 54, 55, 56, 57, 58, 59, 60, 61, 62, 63, 64, 65, 66, 67, 68, 69, 70, 71, 72, 73, 74, 75, 76, 77, 78, 79, 80, 83, 85, 86, 89, 90, 91, 92, 93, 94, 99, 100, 104, 105, 106, 109, 111, 116, 117, 118, 119, 122, 123, 124, 125, 126, 127, 128, 129, 130, 131, 132, 133, 134, 135, 136, 137, 138, 139, 140, 141, 142, 143, 144, 145, 147, 148, 149]","[0, 1, 2, 3, 4, 6, 7, 9, 10, 11, 12, 14, 19, 20, 22, 24, 25, 26, 81, 82, 84, 87, 88, 95, 96, 97, 98, 101, 102, 103, 107, 108, 110, 112, 114, 115, 120, 121, 146]","{""support_2"": 84}",[84],1,"[100, 37, 40, 93, 148, 44, 50, 132, 129, 140, 62, 144, 94, 36, 32, 111, 105, 53, 86, 68, 99, 35, 17, 122, 106, 27, 18, 133, 130, 31, 16, 64, 5, 56, 123, 138, 141, 137, 90, 127, 80, 21, 75, 139, 145, 61, 13, 149, 30, 124, 142, 8, 116, 15, 118, 117, 135, 71, 131, 134, 136, 109, 85, 77, 91, 52, 128, 29, 63, 43, 41, 76, 79, 125, 143, 28, 147, 119, 126, 57, 55, 60, 92, 78, 69, 70, 89, 72, 74, 73, 58, 65, 66, 42, 59, 67, 33, 38, 34, 39, 49, 54, 47, 45, 48, 51, 83, 104, 23, 46, 112, 146, 110, 108, 115, 121, 114, 120, 101, 97, 107, 102, 26, 96, 98, 11, 12, 9, 14, 10, 2, 7, 1, 0, 6, 4, 22, 25, 3, 24, 20, 87, 95, 88, 82, 81, 19, 103, 84]",True,2899269458,2.899269458,"[81, 87, 103, 82, 84, 24, 88, 102, 110, 7, 121, 101, 120, 114, 97, 115, 107, 108, 26, 112, 146, 25, 96, 20, 19, 95, 98, 22, 9, 6, 2, 4, 11, 12, 3, 10, 14, 1, 0]","[0, 1, 14, 10, 3, 12, 11, 4, 2, 6, 9, 22, 98, 95, 19, 20, 96, 25, 146, 112, 26, 108, 107, 115, 97, 114, 120, 101, 121, 7, 110, 102, 88, 24, 84, 82, 103, 87, 81]",False,complete,247,247,780,208,467,0,467,467,,False,,,,,,,2,72,18,72,19,19,18,19
2,10508,57,112,37,"[5, 8, 13, 15, 16, 17, 18, 21, 23, 27, 28, 29, 30, 31, 32, 33, 34, 35, 36, 37, 38, 39, 40, 41, 42, 43, 44, 45, 46, 47, 48, 49, 50, 51, 52, 53, 54, 55, 56, 57, 58, 59, 60, 61, 62, 63, 64, 65, 66, 67, 68, 69, 70, 71, 72, 73, 74, 75, 76, 77, 78, 79, 80, 83, 85, 86, 89, 90, 91, 92, 93, 94, 99, 100, 104, 105, 106, 109, 111, 112, 116, 117, 118, 119, 122, 123, 124, 125, 126, 127, 128, 129, 130, 131, 132, 133, 134, 135, 136, 137, 138, 139, 140, 141, 142, 143, 144, 145, 146, 147, 148, 149]","[0, 1, 2, 3, 4, 6, 7, 9, 10, 11, 12, 14, 19, 20, 22, 24, 25, 26, 81, 82, 84, 87, 88, 95, 96, 97, 98, 101, 102, 103, 107, 108, 110, 114, 115, 120, 121]","{""support_1"": 110, ""support_2"": 84}","[84, 110]",2,"[100, 37, 40, 93, 148, 44, 50, 132, 129, 140, 62, 144, 94, 36, 32, 111, 105, 53, 86, 68, 99, 35, 17, 122, 106, 27, 18, 133, 130, 31, 16, 64, 5, 56, 123, 138, 141, 137, 90, 127, 80, 21, 75, 139, 145, 61, 13, 149, 30, 124, 142, 8, 116, 15, 118, 117, 135, 71, 131, 134, 136, 109, 85, 77, 91, 52, 128, 29, 63, 43, 41, 76, 79, 125, 143, 28, 147, 119, 126, 57, 55, 60, 92, 78, 69, 70, 89, 72, 74, 73, 58, 65, 66, 42, 59, 67, 33, 38, 34, 39, 49, 54, 47, 45, 48, 51, 83, 104, 23, 46, 112, 146, 110, 108, 115, 121, 114, 120, 101, 97, 107, 102, 26, 96, 98, 11, 12, 9, 14, 10, 2, 7, 1, 0, 6, 4, 22, 25, 3, 24, 20, 87, 95, 88, 82, 81, 19, 103, 84]",True,4959857485,4.959857485,"[110, 108, 115, 121, 114, 107, 120, 101, 98, 102, 22, 96, 97, 11, 20, 25, 26, 2, 24, 19, 84, 87, 103, 82, 81, 88, 3, 4, 95, 7, 6, 1, 9, 14, 0, 10, 12]","[12, 10, 0, 14, 9, 1, 6, 7, 95, 4, 3, 88, 81, 82, 103, 87, 84, 19, 24, 2, 26, 25, 20, 11, 97, 96, 22, 102, 98, 101, 120, 107, 114, 121, 115, 108, 110]",False,complete,406,406,789,365,773,2,771,771,,False,,,,,,,2,70,14,70,15,15,14,16
2,10509,58,114,35,"[5, 8, 13, 15, 16, 17, 18, 21, 23, 27, 28, 29, 30, 31, 32, 33, 34, 35, 36, 37, 38, 39, 40, 41, 42, 43, 44, 45, 46, 47, 48, 49, 50, 51, 52, 53, 54, 55, 56, 57, 58, 59, 60, 61, 62, 63, 64, 65, 66, 67, 68, 69, 70, 71, 72, 73, 74, 75, 76, 77, 78, 79, 80, 83, 85, 86, 89, 90, 91, 92, 93, 94, 99, 100, 104, 105, 106, 108, 109, 110, 111, 112, 116, 117, 118, 119, 122, 123, 124, 125, 126, 127, 128, 129, 130, 131, 132, 133, 134, 135, 136, 137, 138, 139, 140, 141, 142, 143, 144, 145, 146, 147, 148, 149]","[0, 1, 2, 3, 4, 6, 7, 9, 10, 11, 12, 14, 19, 20, 22, 24, 25, 26, 81, 82, 84, 87, 88, 95, 96, 97, 98, 101, 102, 103, 107, 114, 115, 120, 121]","{""support_1"": 115, ""support_2"": 84}","[84, 115]",2,"[100, 37, 40, 93, 148, 44, 50, 132, 129, 140, 62, 144, 94, 36, 32, 111, 105, 53, 86, 68, 99, 35, 17, 122, 106, 27, 18, 133, 130, 31, 16, 64, 5, 56, 123, 138, 141, 137, 90, 127, 80, 21, 75, 139, 145, 61, 13, 149, 30, 124, 142, 8, 116, 15, 118, 117, 135, 71, 131, 134, 136, 109, 85, 77, 91, 52, 128, 29, 63, 43, 41, 76, 79, 125, 143, 28, 147, 119, 126, 57, 55, 60, 92, 78, 69, 70, 89, 72, 74, 73, 58, 65, 66, 42, 59, 67, 33, 38, 34, 39, 49, 54, 47, 45, 48, 51, 83, 104, 23, 46, 112, 146, 110, 108, 115, 121, 114, 120, 101, 97, 107, 102, 26, 96, 98, 11, 12, 9, 14, 10, 2, 7, 1, 0, 6, 4, 22, 25, 3, 24, 20, 87, 95, 88, 82, 81, 19, 103, 84]",True,4937211140,4.937211140,"[115, 121, 114, 107, 120, 101, 97, 102, 96, 22, 98, 11, 20, 25, 24, 19, 26, 2, 84, 103, 87, 82, 81, 88, 95, 12, 7, 4, 6, 14, 0, 10, 1, 9, 3]","[3, 9, 1, 10, 0, 14, 6, 4, 7, 12, 95, 88, 81, 82, 87, 103, 84, 2, 26, 19, 24, 25, 20, 11, 98, 22, 96, 102, 97, 101, 120, 107, 114, 121, 115]",False,complete,446,446,855,402,858,3,855,855,,False,,,,,,,2,63,15,63,16,16,15,17
2,10510,59,116,33,"[5, 8, 13, 15, 16, 17, 18, 21, 23, 27, 28, 29, 30, 31, 32, 33, 34, 35, 36, 37, 38, 39, 40, 41, 42, 43, 44, 45, 46, 47, 48, 49, 50, 51, 52, 53, 54, 55, 56, 57, 58, 59, 60, 61, 62, 63, 64, 65, 66, 67, 68, 69, 70, 71, 72, 73, 74, 75, 76, 77, 78, 79, 80, 83, 85, 86, 89, 90, 91, 92, 93, 94, 99, 100, 104, 105, 106, 108, 109, 110, 111, 112, 115, 116, 117, 118, 119, 121, 122, 123, 124, 125, 126, 127, 128, 129, 130, 131, 132, 133, 134, 135, 136, 137, 138, 139, 140, 141, 142, 143, 144, 145, 146, 147, 148, 149]","[0, 1, 2, 3, 4, 6, 7, 9, 10, 11, 12, 14, 19, 20, 22, 24, 25, 26, 81, 82, 84, 87, 88, 95, 96, 97, 98, 101, 102, 103, 107, 114, 120]","{""support_1"": 120, ""support_2"": 84}","[84, 120]",2,"[100, 37, 40, 93, 148, 44, 50, 132, 129, 140, 62, 144, 94, 36, 32, 111, 105, 53, 86, 68, 99, 35, 17, 122, 106, 27, 18, 133, 130, 31, 16, 64, 5, 56, 123, 138, 141, 137, 90, 127, 80, 21, 75, 139, 145, 61, 13, 149, 30, 124, 142, 8, 116, 15, 118, 117, 135, 71, 131, 134, 136, 109, 85, 77, 91, 52, 128, 29, 63, 43, 41, 76, 79, 125, 143, 28, 147, 119, 126, 57, 55, 60, 92, 78, 69, 70, 89, 72, 74, 73, 58, 65, 66, 42, 59, 67, 33, 38, 34, 39, 49, 54, 47, 45, 48, 51, 83, 104, 23, 46, 112, 146, 110, 108, 115, 121, 114, 120, 101, 97, 107, 102, 26, 96, 98, 11, 12, 9, 14, 10, 2, 7, 1, 0, 6, 4, 22, 25, 3, 24, 20, 87, 95, 88, 82, 81, 19, 103, 84]",True,4188486923,4.188486923,"[114, 120, 107, 101, 22, 102, 97, 96, 98, 11, 20, 25, 24, 19, 84, 82, 26, 12, 14, 2, 103, 88, 81, 9, 10, 0, 95, 87, 4, 7, 1, 3, 6]","[6, 3, 1, 7, 4, 87, 95, 0, 10, 9, 81, 88, 103, 2, 14, 12, 26, 82, 84, 19, 24, 25, 20, 11, 98, 96, 97, 102, 22, 101, 107, 120, 114]",False,complete,445,445,765,403,801,19,782,782,,False,,,,,,,2,61,13,61,15,15,13,15
2,10511,60,118,31,"[5, 8, 13, 15, 16, 17, 18, 21, 23, 27, 28, 29, 30, 31, 32, 33, 34, 35, 36, 37, 38, 39, 40, 41, 42, 43, 44, 45, 46, 47, 48, 49, 50, 51, 52, 53, 54, 55, 56, 57, 58, 59, 60, 61, 62, 63, 64, 65, 66, 67, 68, 69, 70, 71, 72, 73, 74, 75, 76, 77, 78, 79, 80, 83, 85, 86, 89, 90, 91, 92, 93, 94, 99, 100, 104, 105, 106, 108, 109, 110, 111, 112, 114, 115, 116, 117, 118, 119, 120, 121, 122, 123, 124, 125, 126, 127, 128, 129, 130, 131, 132, 133, 134, 135, 136, 137, 138, 139, 140, 141, 142, 143, 144, 145, 146, 147, 148, 149]","[0, 1, 2, 3, 4, 6, 7, 9, 10, 11, 12, 14, 19, 20, 22, 24, 25, 26, 81, 82, 84, 87, 88, 95, 96, 97, 98, 101, 102, 103, 107]","{""support_1"": 101, ""support_2"": 84}","[84, 101]",2,"[100, 37, 40, 93, 148, 44, 50, 132, 129, 140, 62, 144, 94, 36, 32, 111, 105, 53, 86, 68, 99, 35, 17, 122, 106, 27, 18, 133, 130, 31, 16, 64, 5, 56, 123, 138, 141, 137, 90, 127, 80, 21, 75, 139, 145, 61, 13, 149, 30, 124, 142, 8, 116, 15, 118, 117, 135, 71, 131, 134, 136, 109, 85, 77, 91, 52, 128, 29, 63, 43, 41, 76, 79, 125, 143, 28, 147, 119, 126, 57, 55, 60, 92, 78, 69, 70, 89, 72, 74, 73, 58, 65, 66, 42, 59, 67, 33, 38, 34, 39, 49, 54, 47, 45, 48, 51, 83, 104, 23, 46, 112, 146, 110, 108, 115, 121, 114, 120, 101, 97, 107, 102, 26, 96, 98, 11, 12, 9, 14, 10, 2, 7, 1, 0, 6, 4, 22, 25, 3, 24, 20, 87, 95, 88, 82, 81, 19, 103, 84]",True,5475108699,5.475108699,"[101, 22, 102, 107, 98, 96, 97, 11, 20, 25, 24, 84, 19, 103, 95, 26, 7, 82, 87, 88, 4, 81, 12, 14, 6, 2, 1, 0, 3, 10, 9]","[9, 10, 3, 0, 1, 2, 6, 14, 12, 81, 4, 88, 87, 82, 7, 26, 95, 103, 19, 84, 24, 25, 20, 11, 97, 96, 98, 107, 102, 22, 101]",False,complete,573,573,912,517,1067,43,1024,1024,,False,,,,,,,2,58,13,58,14,14,13,15
2,10512,61,120,29,"[5, 8, 13, 15, 16, 17, 18, 21, 23, 27, 28, 29, 30, 31, 32, 33, 34, 35, 36, 37, 38, 39, 40, 41, 42, 43, 44, 45, 46, 47, 48, 49, 50, 51, 52, 53, 54, 55, 56, 57, 58, 59, 60, 61, 62, 63, 64, 65, 66, 67, 68, 69, 70, 71, 72, 73, 74, 75, 76, 77, 78, 79, 80, 83, 85, 86, 89, 90, 91, 92, 93, 94, 97, 99, 100, 101, 104, 105, 106, 108, 109, 110, 111, 112, 114, 115, 116, 117, 118, 119, 120, 121, 122, 123, 124, 125, 126, 127, 128, 129, 130, 131, 132, 133, 134, 135, 136, 137, 138, 139, 140, 141, 142, 143, 144, 145, 146, 147, 148, 149]","[0, 1, 2, 3, 4, 6, 7, 9, 10, 11, 12, 14, 19, 20, 22, 24, 25, 26, 81, 82, 84, 87, 88, 95, 96, 98, 102, 103, 107]","{""support_1"": 102, ""support_2"": 84}","[84, 102]",2,"[100, 37, 40, 93, 148, 44, 50, 132, 129, 140, 62, 144, 94, 36, 32, 111, 105, 53, 86, 68, 99, 35, 17, 122, 106, 27, 18, 133, 130, 31, 16, 64, 5, 56, 123, 138, 141, 137, 90, 127, 80, 21, 75, 139, 145, 61, 13, 149, 30, 124, 142, 8, 116, 15, 118, 117, 135, 71, 131, 134, 136, 109, 85, 77, 91, 52, 128, 29, 63, 43, 41, 76, 79, 125, 143, 28, 147, 119, 126, 57, 55, 60, 92, 78, 69, 70, 89, 72, 74, 73, 58, 65, 66, 42, 59, 67, 33, 38, 34, 39, 49, 54, 47, 45, 48, 51, 83, 104, 23, 46, 112, 146, 110, 108, 115, 121, 114, 120, 101, 97, 107, 102, 26, 96, 98, 11, 12, 9, 14, 10, 2, 7, 1, 0, 6, 4, 22, 25, 3, 24, 20, 87, 95, 88, 82, 81, 19, 103, 84]",True,3689807972,3.689807972,"[102, 96, 26, 98, 107, 11, 12, 14, 9, 2, 10, 7, 1, 6, 0, 4, 3, 25, 22, 20, 103, 24, 19, 87, 81, 95, 84, 88, 82]","[82, 88, 84, 95, 81, 87, 19, 24, 103, 20, 22, 25, 3, 4, 0, 6, 1, 7, 10, 2, 9, 14, 12, 11, 107, 98, 26, 96, 102]",False,complete,413,413,697,369,777,4,773,773,,False,,,,,,,2,54,11,54,12,12,11,13
2,10513,62,122,27,"[5, 8, 13, 15, 16, 17, 18, 21, 23, 27, 28, 29, 30, 31, 32, 33, 34, 35, 36, 37, 38, 39, 40, 41, 42, 43, 44, 45, 46, 47, 48, 49, 50, 51, 52, 53, 54, 55, 56, 57, 58, 59, 60, 61, 62, 63, 64, 65, 66, 67, 68, 69, 70, 71, 72, 73, 74, 75, 76, 77, 78, 79, 80, 83, 85, 86, 89, 90, 91, 92, 93, 94, 97, 99, 100, 101, 102, 104, 105, 106, 107, 108, 109, 110, 111, 112, 114, 115, 116, 117, 118, 119, 120, 121, 122, 123, 124, 125, 126, 127, 128, 129, 130, 131, 132, 133, 134, 135, 136, 137, 138, 139, 140, 141, 142, 143, 144, 145, 146, 147, 148, 149]","[0, 1, 2, 3, 4, 6, 7, 9, 10, 11, 12, 14, 19, 20, 22, 24, 25, 26, 81, 82, 84, 87, 88, 95, 96, 98, 103]","{""support_1"": 98, ""support_2"": 84}","[84, 98]",2,"[100, 37, 40, 93, 148, 44, 50, 132, 129, 140, 62, 144, 94, 36, 32, 111, 105, 53, 86, 68, 99, 35, 17, 122, 106, 27, 18, 133, 130, 31, 16, 64, 5, 56, 123, 138, 141, 137, 90, 127, 80, 21, 75, 139, 145, 61, 13, 149, 30, 124, 142, 8, 116, 15, 118, 117, 135, 71, 131, 134, 136, 109, 85, 77, 91, 52, 128, 29, 63, 43, 41, 76, 79, 125, 143, 28, 147, 119, 126, 57, 55, 60, 92, 78, 69, 70, 89, 72, 74, 73, 58, 65, 66, 42, 59, 67, 33, 38, 34, 39, 49, 54, 47, 45, 48, 51, 83, 104, 23, 46, 112, 146, 110, 108, 115, 121, 114, 120, 101, 97, 107, 102, 26, 96, 98, 11, 12, 9, 14, 10, 2, 7, 1, 0, 6, 4, 22, 25, 3, 24, 20, 87, 95, 88, 82, 81, 19, 103, 84]",True,1340917717,1.340917717,"[26, 96, 98, 11, 12, 14, 2, 9, 10, 7, 1, 0, 6, 4, 25, 24, 3, 20, 19, 84, 87, 22, 81, 88, 103, 95, 82]","[82, 95, 103, 88, 81, 22, 87, 84, 19, 20, 3, 24, 25, 4, 6, 0, 1, 7, 10, 9, 2, 14, 12, 11, 98, 96, 26]",False,complete,187,187,395,159,326,1,325,325,,False,,,,,,,2,49,10,49,12,12,10,12
2,10514,63,124,25,"[5, 8, 13, 15, 16, 17, 18, 21, 23, 26, 27, 28, 29, 30, 31, 32, 33, 34, 35, 36, 37, 38, 39, 40, 41, 42, 43, 44, 45, 46, 47, 48, 49, 50, 51, 52, 53, 54, 55, 56, 57, 58, 59, 60, 61, 62, 63, 64, 65, 66, 67, 68, 69, 70, 71, 72, 73, 74, 75, 76, 77, 78, 79, 80, 83, 85, 86, 89, 90, 91, 92, 93, 94, 96, 97, 99, 100, 101, 102, 104, 105, 106, 107, 108, 109, 110, 111, 112, 114, 115, 116, 117, 118, 119, 120, 121, 122, 123, 124, 125, 126, 127, 128, 129, 130, 131, 132, 133, 134, 135, 136, 137, 138, 139, 140, 141, 142, 143, 144, 145, 146, 147, 148, 149]","[0, 1, 2, 3, 4, 6, 7, 9, 10, 11, 12, 14, 19, 20, 22, 24, 25, 81, 82, 84, 87, 88, 95, 98, 103]","{""support_1"": 98, ""support_2"": 84}","[84, 98]",2,"[100, 37, 40, 93, 148, 44, 50, 132, 129, 140, 62, 144, 94, 36, 32, 111, 105, 53, 86, 68, 99, 35, 17, 122, 106, 27, 18, 133, 130, 31, 16, 64, 5, 56, 123, 138, 141, 137, 90, 127, 80, 21, 75, 139, 145, 61, 13, 149, 30, 124, 142, 8, 116, 15, 118, 117, 135, 71, 131, 134, 136, 109, 85, 77, 91, 52, 128, 29, 63, 43, 41, 76, 79, 125, 143, 28, 147, 119, 126, 57, 55, 60, 92, 78, 69, 70, 89, 72, 74, 73, 58, 65, 66, 42, 59, 67, 33, 38, 34, 39, 49, 54, 47, 45, 48, 51, 83, 104, 23, 46, 112, 146, 110, 108, 115, 121, 114, 120, 101, 97, 107, 102, 26, 96, 98, 11, 12, 9, 14, 10, 2, 7, 1, 0, 6, 4, 22, 25, 3, 24, 20, 87, 95, 88, 82, 81, 19, 103, 84]",True,1357094956,1.357094956,"[98, 11, 12, 14, 9, 2, 10, 7, 1, 0, 6, 25, 24, 84, 87, 82, 103, 81, 88, 22, 3, 95, 4, 19, 20]","[20, 19, 4, 95, 3, 22, 88, 81, 103, 82, 87, 84, 24, 25, 6, 0, 1, 7, 10, 2, 9, 14, 12, 11, 98]",False,complete,200,200,386,172,338,2,336,336,,False,,,,,,,2,45,10,45,11,11,10,12
2,10515,64,126,23,"[5, 8, 11, 13, 15, 16, 17, 18, 21, 23, 26, 27, 28, 29, 30, 31, 32, 33, 34, 35, 36, 37, 38, 39, 40, 41, 42, 43, 44, 45, 46, 47, 48, 49, 50, 51, 52, 53, 54, 55, 56, 57, 58, 59, 60, 61, 62, 63, 64, 65, 66, 67, 68, 69, 70, 71, 72, 73, 74, 75, 76, 77, 78, 79, 80, 83, 85, 86, 89, 90, 91, 92, 93, 94, 96, 97, 98, 99, 100, 101, 102, 104, 105, 106, 107, 108, 109, 110, 111, 112, 114, 115, 116, 117, 118, 119, 120, 121, 122, 123, 124, 125, 126, 127, 128, 129, 130, 131, 132, 133, 134, 135, 136, 137, 138, 139, 140, 141, 142, 143, 144, 145, 146, 147, 148, 149]","[0, 1, 2, 3, 4, 6, 7, 9, 10, 12, 14, 19, 20, 22, 24, 25, 81, 82, 84, 87, 88, 95, 103]","{""support_1"": 12, ""support_2"": 84}","[12, 84]",2,"[100, 37, 40, 93, 148, 44, 50, 132, 129, 140, 62, 144, 94, 36, 32, 111, 105, 53, 86, 68, 99, 35, 17, 122, 106, 27, 18, 133, 130, 31, 16, 64, 5, 56, 123, 138, 141, 137, 90, 127, 80, 21, 75, 139, 145, 61, 13, 149, 30, 124, 142, 8, 116, 15, 118, 117, 135, 71, 131, 134, 136, 109, 85, 77, 91, 52, 128, 29, 63, 43, 41, 76, 79, 125, 143, 28, 147, 119, 126, 57, 55, 60, 92, 78, 69, 70, 89, 72, 74, 73, 58, 65, 66, 42, 59, 67, 33, 38, 34, 39, 49, 54, 47, 45, 48, 51, 83, 104, 23, 46, 112, 146, 110, 108, 115, 121, 114, 120, 101, 97, 107, 102, 26, 96, 98, 11, 12, 9, 14, 10, 2, 7, 1, 0, 6, 4, 22, 25, 3, 24, 20, 87, 95, 88, 82, 81, 19, 103, 84]",True,602790908,0.602790908,"[12, 9, 14, 2, 10, 7, 1, 0, 6, 25, 24, 84, 4, 22, 87, 3, 82, 19, 20, 81, 95, 88, 103]","[103, 88, 95, 81, 20, 19, 82, 3, 87, 22, 4, 84, 24, 25, 6, 0, 1, 7, 10, 2, 14, 9, 12]",False,complete,110,110,276,87,175,0,175,175,,False,,,,,,,2,41,8,41,9,9,8,10
2,10516,65,128,21,"[5, 8, 9, 11, 12, 13, 15, 16, 17, 18, 21, 23, 26, 27, 28, 29, 30, 31, 32, 33, 34, 35, 36, 37, 38, 39, 40, 41, 42, 43, 44, 45, 46, 47, 48, 49, 50, 51, 52, 53, 54, 55, 56, 57, 58, 59, 60, 61, 62, 63, 64, 65, 66, 67, 68, 69, 70, 71, 72, 73, 74, 75, 76, 77, 78, 79, 80, 83, 85, 86, 89, 90, 91, 92, 93, 94, 96, 97, 98, 99, 100, 101, 102, 104, 105, 106, 107, 108, 109, 110, 111, 112, 114, 115, 116, 117, 118, 119, 120, 121, 122, 123, 124, 125, 126, 127, 128, 129, 130, 131, 132, 133, 134, 135, 136, 137, 138, 139, 140, 141, 142, 143, 144, 145, 146, 147, 148, 149]","[0, 1, 2, 3, 4, 6, 7, 10, 14, 19, 20, 22, 24, 25, 81, 82, 84, 87, 88, 95, 103]","{""support_1"": 14, ""support_2"": 84}","[14, 84]",2,"[100, 37, 40, 93, 148, 44, 50, 132, 129, 140, 62, 144, 94, 36, 32, 111, 105, 53, 86, 68, 99, 35, 17, 122, 106, 27, 18, 133, 130, 31, 16, 64, 5, 56, 123, 138, 141, 137, 90, 127, 80, 21, 75, 139, 145, 61, 13, 149, 30, 124, 142, 8, 116, 15, 118, 117, 135, 71, 131, 134, 136, 109, 85, 77, 91, 52, 128, 29, 63, 43, 41, 76, 79, 125, 143, 28, 147, 119, 126, 57, 55, 60, 92, 78, 69, 70, 89, 72, 74, 73, 58, 65, 66, 42, 59, 67, 33, 38, 34, 39, 49, 54, 47, 45, 48, 51, 83, 104, 23, 46, 112, 146, 110, 108, 115, 121, 114, 120, 101, 97, 107, 102, 26, 96, 98, 11, 12, 9, 14, 10, 2, 7, 1, 0, 6, 4, 22, 25, 3, 24, 20, 87, 95, 88, 82, 81, 19, 103, 84]",True,569054827,0.569054827,"[14, 2, 10, 7, 1, 0, 6, 4, 22, 3, 20, 25, 103, 84, 82, 87, 81, 24, 19, 88, 95]","[95, 88, 19, 24, 81, 87, 82, 84, 103, 25, 20, 3, 22, 4, 6, 0, 1, 7, 10, 2, 14]",False,complete,105,105,248,83,168,1,167,167,,False,,,,,,,2,35,8,35,9,9,8,10
2,10517,66,130,19,"[5, 8, 9, 10, 11, 12, 13, 14, 15, 16, 17, 18, 21, 23, 26, 27, 28, 29, 30, 31, 32, 33, 34, 35, 36, 37, 38, 39, 40, 41, 42, 43, 44, 45, 46, 47, 48, 49, 50, 51, 52, 53, 54, 55, 56, 57, 58, 59, 60, 61, 62, 63, 64, 65, 66, 67, 68, 69, 70, 71, 72, 73, 74, 75, 76, 77, 78, 79, 80, 83, 85, 86, 89, 90, 91, 92, 93, 94, 96, 97, 98, 99, 100, 101, 102, 104, 105, 106, 107, 108, 109, 110, 111, 112, 114, 115, 116, 117, 118, 119, 120, 121, 122, 123, 124, 125, 126, 127, 128, 129, 130, 131, 132, 133, 134, 135, 136, 137, 138, 139, 140, 141, 142, 143, 144, 145, 146, 147, 148, 149]","[0, 1, 2, 3, 4, 6, 7, 19, 20, 22, 24, 25, 81, 82, 84, 87, 88, 95, 103]","{""support_1"": 2, ""support_2"": 84}","[2, 84]",2,"[100, 37, 40, 93, 148, 44, 50, 132, 129, 140, 62, 144, 94, 36, 32, 111, 105, 53, 86, 68, 99, 35, 17, 122, 106, 27, 18, 133, 130, 31, 16, 64, 5, 56, 123, 138, 141, 137, 90, 127, 80, 21, 75, 139, 145, 61, 13, 149, 30, 124, 142, 8, 116, 15, 118, 117, 135, 71, 131, 134, 136, 109, 85, 77, 91, 52, 128, 29, 63, 43, 41, 76, 79, 125, 143, 28, 147, 119, 126, 57, 55, 60, 92, 78, 69, 70, 89, 72, 74, 73, 58, 65, 66, 42, 59, 67, 33, 38, 34, 39, 49, 54, 47, 45, 48, 51, 83, 104, 23, 46, 112, 146, 110, 108, 115, 121, 114, 120, 101, 97, 107, 102, 26, 96, 98, 11, 12, 9, 14, 10, 2, 7, 1, 0, 6, 4, 22, 25, 3, 24, 20, 87, 95, 88, 82, 81, 19, 103, 84]",True,312335461,0.312335461,"[2, 7, 1, 0, 6, 25, 4, 24, 20, 22, 3, 95, 103, 87, 84, 88, 19, 81, 82]","[82, 81, 19, 88, 84, 87, 103, 95, 3, 22, 20, 24, 4, 25, 6, 0, 1, 7, 2]",False,complete,67,67,190,48,103,0,103,103,,False,,,,,,,2,30,6,30,7,7,6,8
2,10518,67,132,17,"[2, 5, 7, 8, 9, 10, 11, 12, 13, 14, 15, 16, 17, 18, 21, 23, 26, 27, 28, 29, 30, 31, 32, 33, 34, 35, 36, 37, 38, 39, 40, 41, 42, 43, 44, 45, 46, 47, 48, 49, 50, 51, 52, 53, 54, 55, 56, 57, 58, 59, 60, 61, 62, 63, 64, 65, 66, 67, 68, 69, 70, 71, 72, 73, 74, 75, 76, 77, 78, 79, 80, 83, 85, 86, 89, 90, 91, 92, 93, 94, 96, 97, 98, 99, 100, 101, 102, 104, 105, 106, 107, 108, 109, 110, 111, 112, 114, 115, 116, 117, 118, 119, 120, 121, 122, 123, 124, 125, 126, 127, 128, 129, 130, 131, 132, 133, 134, 135, 136, 137, 138, 139, 140, 141, 142, 143, 144, 145, 146, 147, 148, 149]","[0, 1, 3, 4, 6, 19, 20, 22, 24, 25, 81, 82, 84, 87, 88, 95, 103]","{""support_1"": 6, ""support_2"": 84}","[6, 84]",2,"[100, 37, 40, 93, 148, 44, 50, 132, 129, 140, 62, 144, 94, 36, 32, 111, 105, 53, 86, 68, 99, 35, 17, 122, 106, 27, 18, 133, 130, 31, 16, 64, 5, 56, 123, 138, 141, 137, 90, 127, 80, 21, 75, 139, 145, 61, 13, 149, 30, 124, 142, 8, 116, 15, 118, 117, 135, 71, 131, 134, 136, 109, 85, 77, 91, 52, 128, 29, 63, 43, 41, 76, 79, 125, 143, 28, 147, 119, 126, 57, 55, 60, 92, 78, 69, 70, 89, 72, 74, 73, 58, 65, 66, 42, 59, 67, 33, 38, 34, 39, 49, 54, 47, 45, 48, 51, 83, 104, 23, 46, 112, 146, 110, 108, 115, 121, 114, 120, 101, 97, 107, 102, 26, 96, 98, 11, 12, 9, 14, 10, 2, 7, 1, 0, 6, 4, 22, 25, 3, 24, 20, 87, 95, 88, 82, 81, 19, 103, 84]",True,164639990,0.164639990,"[1, 0, 6, 25, 24, 4, 84, 20, 103, 95, 19, 3, 82, 88, 22, 87, 81]","[81, 87, 22, 88, 82, 3, 19, 95, 103, 20, 84, 4, 24, 25, 6, 0, 1]",False,complete,42,42,153,25,64,0,64,64,,False,,,,,,,2,29,3,29,5,5,3,5
2,10519,68,134,15,"[0, 1, 2, 5, 7, 8, 9, 10, 11, 12, 13, 14, 15, 16, 17, 18, 21, 23, 26, 27, 28, 29, 30, 31, 32, 33, 34, 35, 36, 37, 38, 39, 40, 41, 42, 43, 44, 45, 46, 47, 48, 49, 50, 51, 52, 53, 54, 55, 56, 57, 58, 59, 60, 61, 62, 63, 64, 65, 66, 67, 68, 69, 70, 71, 72, 73, 74, 75, 76, 77, 78, 79, 80, 83, 85, 86, 89, 90, 91, 92, 93, 94, 96, 97, 98, 99, 100, 101, 102, 104, 105, 106, 107, 108, 109, 110, 111, 112, 114, 115, 116, 117, 118, 119, 120, 121, 122, 123, 124, 125, 126, 127, 128, 129, 130, 131, 132, 133, 134, 135, 136, 137, 138, 139, 140, 141, 142, 143, 144, 145, 146, 147, 148, 149]","[3, 4, 6, 19, 20, 22, 24, 25, 81, 82, 84, 87, 88, 95, 103]","{""support_1"": 6, ""support_2"": 84}","[6, 84]",2,"[100, 37, 40, 93, 148, 44, 50, 132, 129, 140, 62, 144, 94, 36, 32, 111, 105, 53, 86, 68, 99, 35, 17, 122, 106, 27, 18, 133, 130, 31, 16, 64, 5, 56, 123, 138, 141, 137, 90, 127, 80, 21, 75, 139, 145, 61, 13, 149, 30, 124, 142, 8, 116, 15, 118, 117, 135, 71, 131, 134, 136, 109, 85, 77, 91, 52, 128, 29, 63, 43, 41, 76, 79, 125, 143, 28, 147, 119, 126, 57, 55, 60, 92, 78, 69, 70, 89, 72, 74, 73, 58, 65, 66, 42, 59, 67, 33, 38, 34, 39, 49, 54, 47, 45, 48, 51, 83, 104, 23, 46, 112, 146, 110, 108, 115, 121, 114, 120, 101, 97, 107, 102, 26, 96, 98, 11, 12, 9, 14, 10, 2, 7, 1, 0, 6, 4, 22, 25, 3, 24, 20, 87, 95, 88, 82, 81, 19, 103, 84]",True,114137877,0.114137877,"[6, 4, 22, 3, 25, 24, 19, 20, 81, 87, 82, 88, 84, 103, 95]","[95, 103, 84, 88, 82, 87, 81, 20, 19, 24, 25, 3, 22, 4, 6]",False,complete,33,33,120,18,50,0,50,50,,False,,,,,,,2,24,5,24,6,6,5,7
2,10520,69,136,13,"[0, 1, 2, 4, 5, 6, 7, 8, 9, 10, 11, 12, 13, 14, 15, 16, 17, 18, 21, 23, 26, 27, 28, 29, 30, 31, 32, 33, 34, 35, 36, 37, 38, 39, 40, 41, 42, 43, 44, 45, 46, 47, 48, 49, 50, 51, 52, 53, 54, 55, 56, 57, 58, 59, 60, 61, 62, 63, 64, 65, 66, 67, 68, 69, 70, 71, 72, 73, 74, 75, 76, 77, 78, 79, 80, 83, 85, 86, 89, 90, 91, 92, 93, 94, 96, 97, 98, 99, 100, 101, 102, 104, 105, 106, 107, 108, 109, 110, 111, 112, 114, 115, 116, 117, 118, 119, 120, 121, 122, 123, 124, 125, 126, 127, 128, 129, 130, 131, 132, 133, 134, 135, 136, 137, 138, 139, 140, 141, 142, 143, 144, 145, 146, 147, 148, 149]","[3, 19, 20, 22, 24, 25, 81, 82, 84, 87, 88, 95, 103]","{""support_1"": 22, ""support_2"": 84}","[22, 84]",2,"[100, 37, 40, 93, 148, 44, 50, 132, 129, 140, 62, 144, 94, 36, 32, 111, 105, 53, 86, 68, 99, 35, 17, 122, 106, 27, 18, 133, 130, 31, 16, 64, 5, 56, 123, 138, 141, 137, 90, 127, 80, 21, 75, 139, 145, 61, 13, 149, 30, 124, 142, 8, 116, 15, 118, 117, 135, 71, 131, 134, 136, 109, 85, 77, 91, 52, 128, 29, 63, 43, 41, 76, 79, 125, 143, 28, 147, 119, 126, 57, 55, 60, 92, 78, 69, 70, 89, 72, 74, 73, 58, 65, 66, 42, 59, 67, 33, 38, 34, 39, 49, 54, 47, 45, 48, 51, 83, 104, 23, 46, 112, 146, 110, 108, 115, 121, 114, 120, 101, 97, 107, 102, 26, 96, 98, 11, 12, 9, 14, 10, 2, 7, 1, 0, 6, 4, 22, 25, 3, 24, 20, 87, 95, 88, 82, 81, 19, 103, 84]",True,104996490,0.104996490,"[3, 25, 20, 24, 19, 84, 103, 22, 87, 81, 82, 95, 88]","[88, 95, 82, 81, 87, 22, 103, 84, 19, 24, 20, 25, 3]",False,complete,28,28,91,15,45,0,45,45,,False,,,,,,,2,20,2,20,4,4,2,4
2,10521,70,138,11,"[0, 1, 2, 4, 5, 6, 7, 8, 9, 10, 11, 12, 13, 14, 15, 16, 17, 18, 21, 22, 23, 25, 26, 27, 28, 29, 30, 31, 32, 33, 34, 35, 36, 37, 38, 39, 40, 41, 42, 43, 44, 45, 46, 47, 48, 49, 50, 51, 52, 53, 54, 55, 56, 57, 58, 59, 60, 61, 62, 63, 64, 65, 66, 67, 68, 69, 70, 71, 72, 73, 74, 75, 76, 77, 78, 79, 80, 83, 85, 86, 89, 90, 91, 92, 93, 94, 96, 97, 98, 99, 100, 101, 102, 104, 105, 106, 107, 108, 109, 110, 111, 112, 114, 115, 116, 117, 118, 119, 120, 121, 122, 123, 124, 125, 126, 127, 128, 129, 130, 131, 132, 133, 134, 135, 136, 137, 138, 139, 140, 141, 142, 143, 144, 145, 146, 147, 148, 149]","[3, 19, 20, 24, 81, 82, 84, 87, 88, 95, 103]","{""support_1"": 20, ""support_2"": 84}","[20, 84]",2,"[100, 37, 40, 93, 148, 44, 50, 132, 129, 140, 62, 144, 94, 36, 32, 111, 105, 53, 86, 68, 99, 35, 17, 122, 106, 27, 18, 133, 130, 31, 16, 64, 5, 56, 123, 138, 141, 137, 90, 127, 80, 21, 75, 139, 145, 61, 13, 149, 30, 124, 142, 8, 116, 15, 118, 117, 135, 71, 131, 134, 136, 109, 85, 77, 91, 52, 128, 29, 63, 43, 41, 76, 79, 125, 143, 28, 147, 119, 126, 57, 55, 60, 92, 78, 69, 70, 89, 72, 74, 73, 58, 65, 66, 42, 59, 67, 33, 38, 34, 39, 49, 54, 47, 45, 48, 51, 83, 104, 23, 46, 112, 146, 110, 108, 115, 121, 114, 120, 101, 97, 107, 102, 26, 96, 98, 11, 12, 9, 14, 10, 2, 7, 1, 0, 6, 4, 22, 25, 3, 24, 20, 87, 95, 88, 82, 81, 19, 103, 84]",True,57087286,0.057087286,"[3, 20, 81, 87, 103, 95, 24, 82, 84, 19, 88]","[88, 19, 84, 82, 24, 95, 103, 87, 81, 20, 3]",False,complete,20,20,66,9,30,0,30,30,,False,,,,,,,2,17,2,17,4,4,2,4
2,10522,71,140,9,"[0, 1, 2, 3, 4, 5, 6, 7, 8, 9, 10, 11, 12, 13, 14, 15, 16, 17, 18, 21, 22, 23, 24, 25, 26, 27, 28, 29, 30, 31, 32, 33, 34, 35, 36, 37, 38, 39, 40, 41, 42, 43, 44, 45, 46, 47, 48, 49, 50, 51, 52, 53, 54, 55, 56, 57, 58, 59, 60, 61, 62, 63, 64, 65, 66, 67, 68, 69, 70, 71, 72, 73, 74, 75, 76, 77, 78, 79, 80, 83, 85, 86, 89, 90, 91, 92, 93, 94, 96, 97, 98, 99, 100, 101, 102, 104, 105, 106, 107, 108, 109, 110, 111, 112, 114, 115, 116, 117, 118, 119, 120, 121, 122, 123, 124, 125, 126, 127, 128, 129, 130, 131, 132, 133, 134, 135, 136, 137, 138, 139, 140, 141, 142, 143, 144, 145, 146, 147, 148, 149]","[19, 20, 81, 82, 84, 87, 88, 95, 103]","{""support_1"": 20, ""support_2"": 84}","[20, 84]",2,"[100, 37, 40, 93, 148, 44, 50, 132, 129, 140, 62, 144, 94, 36, 32, 111, 105, 53, 86, 68, 99, 35, 17, 122, 106, 27, 18, 133, 130, 31, 16, 64, 5, 56, 123, 138, 141, 137, 90, 127, 80, 21, 75, 139, 145, 61, 13, 149, 30, 124, 142, 8, 116, 15, 118, 117, 135, 71, 131, 134, 136, 109, 85, 77, 91, 52, 128, 29, 63, 43, 41, 76, 79, 125, 143, 28, 147, 119, 126, 57, 55, 60, 92, 78, 69, 70, 89, 72, 74, 73, 58, 65, 66, 42, 59, 67, 33, 38, 34, 39, 49, 54, 47, 45, 48, 51, 83, 104, 23, 46, 112, 146, 110, 108, 115, 121, 114, 120, 101, 97, 107, 102, 26, 96, 98, 11, 12, 9, 14, 10, 2, 7, 1, 0, 6, 4, 22, 25, 3, 24, 20, 87, 95, 88, 82, 81, 19, 103, 84]",True,28629516,0.028629516,"[84, 82, 87, 103, 19, 20, 95, 81, 88]","[88, 81, 95, 20, 19, 103, 87, 82, 84]",False,complete,12,12,45,3,18,0,18,18,,False,,,,,,,2,13,1,13,2,2,1,3
2,10523,72,142,7,"[0, 1, 2, 3, 4, 5, 6, 7, 8, 9, 10, 11, 12, 13, 14, 15, 16, 17, 18, 20, 21, 22, 23, 24, 25, 26, 27, 28, 29, 30, 31, 32, 33, 34, 35, 36, 37, 38, 39, 40, 41, 42, 43, 44, 45, 46, 47, 48, 49, 50, 51, 52, 53, 54, 55, 56, 57, 58, 59, 60, 61, 62, 63, 64, 65, 66, 67, 68, 69, 70, 71, 72, 73, 74, 75, 76, 77, 78, 79, 80, 83, 85, 86, 87, 89, 90, 91, 92, 93, 94, 96, 97, 98, 99, 100, 101, 102, 104, 105, 106, 107, 108, 109, 110, 111, 112, 114, 115, 116, 117, 118, 119, 120, 121, 122, 123, 124, 125, 126, 127, 128, 129, 130, 131, 132, 133, 134, 135, 136, 137, 138, 139, 140, 141, 142, 143, 144, 145, 146, 147, 148, 149]","[19, 81, 82, 84, 88, 95, 103]","{""support_1"": 103, ""support_2"": 84}","[84, 103]",2,"[100, 37, 40, 93, 148, 44, 50, 132, 129, 140, 62, 144, 94, 36, 32, 111, 105, 53, 86, 68, 99, 35, 17, 122, 106, 27, 18, 133, 130, 31, 16, 64, 5, 56, 123, 138, 141, 137, 90, 127, 80, 21, 75, 139, 145, 61, 13, 149, 30, 124, 142, 8, 116, 15, 118, 117, 135, 71, 131, 134, 136, 109, 85, 77, 91, 52, 128, 29, 63, 43, 41, 76, 79, 125, 143, 28, 147, 119, 126, 57, 55, 60, 92, 78, 69, 70, 89, 72, 74, 73, 58, 65, 66, 42, 59, 67, 33, 38, 34, 39, 49, 54, 47, 45, 48, 51, 83, 104, 23, 46, 112, 146, 110, 108, 115, 121, 114, 120, 101, 97, 107, 102, 26, 96, 98, 11, 12, 9, 14, 10, 2, 7, 1, 0, 6, 4, 22, 25, 3, 24, 20, 87, 95, 88, 82, 81, 19, 103, 84]",True,13796937,0.013796937,"[84, 88, 82, 81, 95, 19, 103]","[103, 19, 95, 81, 82, 88, 84]",False,complete,7,7,28,0,11,0,11,11,,False,,,,,,,2,8,2,8,3,3,2,4
2,10524,73,144,5,"[0, 1, 2, 3, 4, 5, 6, 7, 8, 9, 10, 11, 12, 13, 14, 15, 16, 17, 18, 20, 21, 22, 23, 24, 25, 26, 27, 28, 29, 30, 31, 32, 33, 34, 35, 36, 37, 38, 39, 40, 41, 42, 43, 44, 45, 46, 47, 48, 49, 50, 51, 52, 53, 54, 55, 56, 57, 58, 59, 60, 61, 62, 63, 64, 65, 66, 67, 68, 69, 70, 71, 72, 73, 74, 75, 76, 77, 78, 79, 80, 83, 85, 86, 87, 88, 89, 90, 91, 92, 93, 94, 95, 96, 97, 98, 99, 100, 101, 102, 104, 105, 106, 107, 108, 109, 110, 111, 112, 114, 115, 116, 117, 118, 119, 120, 121, 122, 123, 124, 125, 126, 127, 128, 129, 130, 131, 132, 133, 134, 135, 136, 137, 138, 139, 140, 141, 142, 143, 144, 145, 146, 147, 148, 149]","[19, 81, 82, 84, 103]","{""support_1"": 103, ""support_2"": 84}","[84, 103]",2,"[100, 37, 40, 93, 148, 44, 50, 132, 129, 140, 62, 144, 94, 36, 32, 111, 105, 53, 86, 68, 99, 35, 17, 122, 106, 27, 18, 133, 130, 31, 16, 64, 5, 56, 123, 138, 141, 137, 90, 127, 80, 21, 75, 139, 145, 61, 13, 149, 30, 124, 142, 8, 116, 15, 118, 117, 135, 71, 131, 134, 136, 109, 85, 77, 91, 52, 128, 29, 63, 43, 41, 76, 79, 125, 143, 28, 147, 119, 126, 57, 55, 60, 92, 78, 69, 70, 89, 72, 74, 73, 58, 65, 66, 42, 59, 67, 33, 38, 34, 39, 49, 54, 47, 45, 48, 51, 83, 104, 23, 46, 112, 146, 110, 108, 115, 121, 114, 120, 101, 97, 107, 102, 26, 96, 98, 11, 12, 9, 14, 10, 2, 7, 1, 0, 6, 4, 22, 25, 3, 24, 20, 87, 95, 88, 82, 81, 19, 103, 84]",True,7467870,0.007467870,"[103, 82, 84, 81, 19]","[19, 81, 84, 82, 103]",False,complete,5,5,15,0,7,0,7,7,,False,,,,,,,1,2,0,2,1,1,0,2
2,10525,74,146,3,"[0, 1, 2, 3, 4, 5, 6, 7, 8, 9, 10, 11, 12, 13, 14, 15, 16, 17, 18, 20, 21, 22, 23, 24, 25, 26, 27, 28, 29, 30, 31, 32, 33, 34, 35, 36, 37, 38, 39, 40, 41, 42, 43, 44, 45, 46, 47, 48, 49, 50, 51, 52, 53, 54, 55, 56, 57, 58, 59, 60, 61, 62, 63, 64, 65, 66, 67, 68, 69, 70, 71, 72, 73, 74, 75, 76, 77, 78, 79, 80, 81, 82, 83, 85, 86, 87, 88, 89, 90, 91, 92, 93, 94, 95, 96, 97, 98, 99, 100, 101, 102, 104, 105, 106, 107, 108, 109, 110, 111, 112, 114, 115, 116, 117, 118, 119, 120, 121, 122, 123, 124, 125, 126, 127, 128, 129, 130, 131, 132, 133, 134, 135, 136, 137, 138, 139, 140, 141, 142, 143, 144, 145, 146, 147, 148, 149]","[19, 84, 103]","{""support_1"": 103, ""support_2"": 84}","[84, 103]",2,"[100, 37, 40, 93, 148, 44, 50, 132, 129, 140, 62, 144, 94, 36, 32, 111, 105, 53, 86, 68, 99, 35, 17, 122, 106, 27, 18, 133, 130, 31, 16, 64, 5, 56, 123, 138, 141, 137, 90, 127, 80, 21, 75, 139, 145, 61, 13, 149, 30, 124, 142, 8, 116, 15, 118, 117, 135, 71, 131, 134, 136, 109, 85, 77, 91, 52, 128, 29, 63, 43, 41, 76, 79, 125, 143, 28, 147, 119, 126, 57, 55, 60, 92, 78, 69, 70, 89, 72, 74, 73, 58, 65, 66, 42, 59, 67, 33, 38, 34, 39, 49, 54, 47, 45, 48, 51, 83, 104, 23, 46, 112, 146, 110, 108, 115, 121, 114, 120, 101, 97, 107, 102, 26, 96, 98, 11, 12, 9, 14, 10, 2, 7, 1, 0, 6, 4, 22, 25, 3, 24, 20, 87, 95, 88, 82, 81, 19, 103, 84]",True,4473876,0.004473876,"[103, 84, 19]","[19, 84, 103]",False,complete,3,3,6,0,5,0,5,5,,False,,,,,,,1,1,0,1,1,1,0,2
2,10526,75,148,1,"[0, 1, 2, 3, 4, 5, 6, 7, 8, 9, 10, 11, 12, 13, 14, 15, 16, 17, 18, 19, 20, 21, 22, 23, 24, 25, 26, 27, 28, 29, 30, 31, 32, 33, 34, 35, 36, 37, 38, 39, 40, 41, 42, 43, 44, 45, 46, 47, 48, 49, 50, 51, 52, 53, 54, 55, 56, 57, 58, 59, 60, 61, 62, 63, 64, 65, 66, 67, 68, 69, 70, 71, 72, 73, 74, 75, 76, 77, 78, 79, 80, 81, 82, 83, 85, 86, 87, 88, 89, 90, 91, 92, 93, 94, 95, 96, 97, 98, 99, 100, 101, 102, 103, 104, 105, 106, 107, 108, 109, 110, 111, 112, 114, 115, 116, 117, 118, 119, 120, 121, 122, 123, 124, 125, 126, 127, 128, 129, 130, 131, 132, 133, 134, 135, 136, 137, 138, 139, 140, 141, 142, 143, 144, 145, 146, 147, 148, 149]",[84],"{""support_2"": 84}",[84],1,"[100, 37, 40, 93, 148, 44, 50, 132, 129, 140, 62, 144, 94, 36, 32, 111, 105, 53, 86, 68, 99, 35, 17, 122, 106, 27, 18, 133, 130, 31, 16, 64, 5, 56, 123, 138, 141, 137, 90, 127, 80, 21, 75, 139, 145, 61, 13, 149, 30, 124, 142, 8, 116, 15, 118, 117, 135, 71, 131, 134, 136, 109, 85, 77, 91, 52, 128, 29, 63, 43, 41, 76, 79, 125, 143, 28, 147, 119, 126, 57, 55, 60, 92, 78, 69, 70, 89, 72, 74, 73, 58, 65, 66, 42, 59, 67, 33, 38, 34, 39, 49, 54, 47, 45, 48, 51, 83, 104, 23, 46, 112, 146, 110, 108, 115, 121, 114, 120, 101, 97, 107, 102, 26, 96, 98, 11, 12, 9, 14, 10, 2, 7, 1, 0, 6, 4, 22, 25, 3, 24, 20, 87, 95, 88, 82, 81, 19, 103, 84]",True,2114469,0.002114469,[84],[84],True,complete,1,1,1,0,3,0,3,3,,False,,,,,,,0,0,0,0,0,0,0,1
3,20452,1,0,149,[],"[0, 1, 2, 3, 4, 5, 6, 7, 8, 9, 10, 11, 12, 13, 14, 15, 16, 17, 18, 19, 20, 21, 22, 23, 24, 25, 26, 27, 28, 29, 30, 31, 32, 33, 34, 35, 36, 37, 38, 39, 40, 41, 42, 43, 44, 45, 46, 47, 48, 49, 50, 51, 52, 53, 54, 55, 56, 57, 58, 59, 60, 61, 62, 63, 64, 65, 66, 67, 68, 69, 70, 71, 72, 73, 74, 75, 76, 77, 78, 79, 80, 81, 82, 83, 84, 85, 86, 87, 88, 89, 90, 91, 92, 93, 94, 95, 96, 97, 98, 99, 100, 101, 102, 103, 104, 105, 106, 107, 108, 109, 110, 111, 112, 114, 115, 116, 117, 118, 119, 120, 121, 122, 123, 124, 125, 126, 127, 128, 129, 130, 131, 132, 133, 134, 135, 136, 137, 138, 139, 140, 141, 142, 143, 144, 145, 146, 147, 148, 149]",{},[],0,[],False,200053182025,200.053182025,[],[],False,runtime_limit,8017,8017,16763,7515,13909,201,13708,2000,,False,,,,,,,2,166,8,166,8,8,8,6
