repetition,seed,run_index,removed_prefix_count,included_rod_count,excluded_rods,included_rods,initial_supports,initial_supported_rods,initial_support_count,default_order,success,elapsed_ns,elapsed_s,removal_sequence,assembly_sequence,matches_default_suffix,search_stop_reason,search_expansions,search_attempted_transitions,search_enqueued_candidates,search_backtracks,rigidity_check_calls,rigidity_cache_hits,rigidity_cache_misses,rigidity_cached_entries,optimal_objective,optimality_proven,best_support_moves,best_support_peak,best_support_steps,optimal_support_moves,optimal_support_peak,optimal_support_steps,peak_supports,support_steps,support_moves,supported_rod_steps,support_assignment_episodes,supported_rod_episodes,support_additions,support_releases
1,452,1,0,149,[],"[0, 1, 2, 3, 4, 5, 6, 7, 8, 9, 10, 11, 12, 13, 14, 15, 16, 17, 18, 19, 20, 21, 22, 23, 24, 25, 26, 27, 28, 29, 30, 31, 32, 33, 34, 35, 36, 37, 38, 39, 40, 41, 42, 43, 44, 45, 46, 47, 48, 49, 50, 51, 52, 53, 54, 55, 56, 57, 58, 59, 60, 61, 62, 63, 64, 65, 66, 67, 68, 69, 70, 71, 72, 73, 74, 75, 76, 77, 78, 79, 80, 81, 82, 83, 84, 85, 86, 87, 88, 89, 90, 91, 92, 93, 94, 95, 96, 97, 98, 99, 100, 101, 102, 103, 104, 105, 106, 107, 108, 109, 110, 111, 112, 114, 115, 116, 117, 118, 119, 120, 121, 122, 123, 124, 125, 126, 127, 128, 129, 130, 131, 132, 133, 134, 135, 136, 137, 138, 139, 140, 141, 142, 143, 144, 145, 146, 147, 148, 149]",{},[],0,"[122, 17, 18, 32, 137, 138, 140, 139, 13, 14, 116, 118, 136, 112, 16, 111, 110, 9, 109, 144, 10, 108, 148, 115, 36, 135, 28, 26, 99, 105, 149, 102, 106, 121, 120, 114, 101, 145, 147, 146, 12, 58, 71, 134, 61, 67, 78, 48, 85, 93, 133, 42, 40, 143, 25, 7, 6, 2, 1, 132, 131, 130, 129, 76, 74, 54, 52, 47, 46, 51, 70, 86, 80, 79, 69, 68, 127, 94, 89, 128, 66, 73, 72, 91, 39, 97, 62, 84, 44, 57, 126, 50, 49, 56, 38, 63, 64, 60, 83, 125, 103, 104, 87, 88, 100, 82, 98, 96, 31, 30, 11, 24, 23, 5, 22, 4, 21, 37, 20, 35, 34, 124, 123, 142, 141, 55, 45, 53, 92, 81, 90, 77, 65, 75, 59, 119, 95, 117, 107, 15, 0, 8, 43, 33, 41, 29, 19, 27, 3]",True,6250877748,6.250877748,"[122, 17, 18, 32, 137, 138, 140, 139, 13, 14, 116, 118, 136, 112, 16, 111, 110, 9, 109, 144, 10, 108, 148, 115, 36, 135, 28, 26, 99, 105, 149, 102, 106, 121, 120, 114, 101, 145, 147, 146, 12, 58, 71, 134, 61, 67, 78, 48, 85, 93, 133, 42, 40, 143, 25, 7, 6, 2, 1, 132, 131, 130, 129, 76, 74, 54, 52, 47, 46, 51, 70, 86, 80, 79, 69, 68, 127, 94, 89, 128, 66, 73, 72, 91, 39, 97, 62, 84, 44, 57, 126, 50, 49, 56, 38, 63, 64, 60, 83, 125, 103, 104, 87, 88, 100, 82, 98, 96, 31, 30, 11, 24, 23, 5, 22, 4, 21, 37, 20, 35, 34, 124, 123, 142, 141, 55, 45, 53, 92, 81, 90, 77, 65, 75, 59, 119, 95, 117, 107, 15, 0, 8, 43, 33, 41, 29, 19, 27, 3]","[3, 27, 19, 29, 41, 33, 43, 8, 0, 15, 107, 117, 95, 119, 59, 75, 65, 77, 90, 81, 92, 53, 45, 55, 141, 142, 123, 124, 34, 35, 20, 37, 21, 4, 22, 5, 23, 24, 11, 30, 31, 96, 98, 82, 100, 88, 87, 104, 103, 125, 83, 60, 64, 63, 38, 56, 49, 50, 126, 57, 44, 84, 62, 97, 39, 91, 72, 73, 66, 128, 89, 94, 127, 68, 69, 79, 80, 86, 70, 51, 46, 47, 52, 54, 74, 76, 129, 130, 131, 132, 1, 2, 6, 7, 25, 143, 40, 42, 133, 93, 85, 48, 78, 67, 61, 134, 71, 58, 12, 146, 147, 145, 101, 114, 120, 121, 106, 102, 149, 105, 99, 26, 28, 135, 36, 115, 148, 108, 10, 144, 109, 9, 110, 111, 16, 112, 136, 118, 116, 14, 13, 139, 140, 138, 137, 32, 18, 17, 122]",True,complete,186,186,11175,37,455,0,455,455,,False,,,,,,,2,100,68,100,68,68,68,68
1,453,2,2,147,"[17, 122]","[0, 1, 2, 3, 4, 5, 6, 7, 8, 9, 10, 11, 12, 13, 14, 15, 16, 18, 19, 20, 21, 22, 23, 24, 25, 26, 27, 28, 29, 30, 31, 32, 33, 34, 35, 36, 37, 38, 39, 40, 41, 42, 43, 44, 45, 46, 47, 48, 49, 50, 51, 52, 53, 54, 55, 56, 57, 58, 59, 60, 61, 62, 63, 64, 65, 66, 67, 68, 69, 70, 71, 72, 73, 74, 75, 76, 77, 78, 79, 80, 81, 82, 83, 84, 85, 86, 87, 88, 89, 90, 91, 92, 93, 94, 95, 96, 97, 98, 99, 100, 101, 102, 103, 104, 105, 106, 107, 108, 109, 110, 111, 112, 114, 115, 116, 117, 118, 119, 120, 121, 123, 124, 125, 126, 127, 128, 129, 130, 131, 132, 133, 134, 135, 136, 137, 138, 139, 140, 141, 142, 143, 144, 145, 146, 147, 148, 149]",{},[],0,"[122, 17, 18, 32, 137, 138, 140, 139, 13, 14, 116, 118, 136, 112, 16, 111, 110, 9, 109, 144, 10, 108, 148, 115, 36, 135, 28, 26, 99, 105, 149, 102, 106, 121, 120, 114, 101, 145, 147, 146, 12, 58, 71, 134, 61, 67, 78, 48, 85, 93, 133, 42, 40, 143, 25, 7, 6, 2, 1, 132, 131, 130, 129, 76, 74, 54, 52, 47, 46, 51, 70, 86, 80, 79, 69, 68, 127, 94, 89, 128, 66, 73, 72, 91, 39, 97, 62, 84, 44, 57, 126, 50, 49, 56, 38, 63, 64, 60, 83, 125, 103, 104, 87, 88, 100, 82, 98, 96, 31, 30, 11, 24, 23, 5, 22, 4, 21, 37, 20, 35, 34, 124, 123, 142, 141, 55, 45, 53, 92, 81, 90, 77, 65, 75, 59, 119, 95, 117, 107, 15, 0, 8, 43, 33, 41, 29, 19, 27, 3]",True,6144433511,6.144433511,"[18, 32, 137, 138, 140, 139, 13, 14, 118, 116, 136, 112, 16, 111, 110, 9, 109, 144, 10, 108, 148, 115, 36, 135, 26, 28, 105, 99, 149, 102, 106, 121, 120, 101, 114, 145, 146, 147, 12, 71, 58, 134, 67, 61, 48, 78, 93, 85, 133, 42, 40, 143, 25, 7, 6, 2, 1, 131, 130, 132, 129, 76, 52, 54, 47, 46, 51, 74, 70, 86, 80, 79, 69, 68, 127, 94, 89, 128, 66, 73, 72, 91, 39, 97, 62, 84, 44, 57, 126, 50, 49, 56, 38, 63, 64, 60, 83, 125, 103, 104, 87, 88, 100, 82, 98, 96, 31, 30, 24, 11, 23, 5, 22, 4, 21, 37, 20, 35, 34, 124, 123, 141, 142, 77, 59, 75, 53, 45, 55, 92, 81, 90, 65, 117, 107, 119, 95, 27, 15, 0, 8, 3, 29, 43, 19, 41, 33]","[33, 41, 19, 43, 29, 3, 8, 0, 15, 27, 95, 119, 107, 117, 65, 90, 81, 92, 55, 45, 53, 75, 59, 77, 142, 141, 123, 124, 34, 35, 20, 37, 21, 4, 22, 5, 23, 11, 24, 30, 31, 96, 98, 82, 100, 88, 87, 104, 103, 125, 83, 60, 64, 63, 38, 56, 49, 50, 126, 57, 44, 84, 62, 97, 39, 91, 72, 73, 66, 128, 89, 94, 127, 68, 69, 79, 80, 86, 70, 74, 51, 46, 47, 54, 52, 76, 129, 132, 130, 131, 1, 2, 6, 7, 25, 143, 40, 42, 133, 85, 93, 78, 48, 61, 67, 134, 58, 71, 12, 147, 146, 145, 114, 101, 120, 121, 106, 102, 149, 99, 105, 28, 26, 135, 36, 115, 148, 108, 10, 144, 109, 9, 110, 111, 16, 112, 136, 116, 118, 14, 13, 139, 140, 138, 137, 32, 18]",False,complete,183,183,10878,36,452,0,452,452,,False,,,,,,,2,100,68,100,68,68,68,68
1,454,3,4,145,"[17, 18, 32, 122]","[0, 1, 2, 3, 4, 5, 6, 7, 8, 9, 10, 11, 12, 13, 14, 15, 16, 19, 20, 21, 22, 23, 24, 25, 26, 27, 28, 29, 30, 31, 33, 34, 35, 36, 37, 38, 39, 40, 41, 42, 43, 44, 45, 46, 47, 48, 49, 50, 51, 52, 53, 54, 55, 56, 57, 58, 59, 60, 61, 62, 63, 64, 65, 66, 67, 68, 69, 70, 71, 72, 73, 74, 75, 76, 77, 78, 79, 80, 81, 82, 83, 84, 85, 86, 87, 88, 89, 90, 91, 92, 93, 94, 95, 96, 97, 98, 99, 100, 101, 102, 103, 104, 105, 106, 107, 108, 109, 110, 111, 112, 114, 115, 116, 117, 118, 119, 120, 121, 123, 124, 125, 126, 127, 128, 129, 130, 131, 132, 133, 134, 135, 136, 137, 138, 139, 140, 141, 142, 143, 144, 145, 146, 147, 148, 149]",{},[],0,"[122, 17, 18, 32, 137, 138, 140, 139, 13, 14, 116, 118, 136, 112, 16, 111, 110, 9, 109, 144, 10, 108, 148, 115, 36, 135, 28, 26, 99, 105, 149, 102, 106, 121, 120, 114, 101, 145, 147, 146, 12, 58, 71, 134, 61, 67, 78, 48, 85, 93, 133, 42, 40, 143, 25, 7, 6, 2, 1, 132, 131, 130, 129, 76, 74, 54, 52, 47, 46, 51, 70, 86, 80, 79, 69, 68, 127, 94, 89, 128, 66, 73, 72, 91, 39, 97, 62, 84, 44, 57, 126, 50, 49, 56, 38, 63, 64, 60, 83, 125, 103, 104, 87, 88, 100, 82, 98, 96, 31, 30, 11, 24, 23, 5, 22, 4, 21, 37, 20, 35, 34, 124, 123, 142, 141, 55, 45, 53, 92, 81, 90, 77, 65, 75, 59, 119, 95, 117, 107, 15, 0, 8, 43, 33, 41, 29, 19, 27, 3]",True,6129784417,6.129784417,"[137, 138, 139, 140, 14, 13, 118, 116, 136, 16, 112, 111, 110, 9, 109, 144, 10, 108, 148, 115, 36, 135, 26, 28, 99, 105, 145, 149, 102, 106, 121, 120, 101, 114, 146, 147, 12, 71, 58, 134, 78, 67, 61, 48, 93, 85, 133, 40, 42, 143, 25, 7, 6, 2, 1, 130, 129, 132, 131, 76, 54, 52, 47, 46, 51, 74, 70, 86, 80, 79, 69, 68, 127, 94, 89, 128, 66, 73, 72, 91, 39, 97, 62, 84, 44, 57, 126, 50, 49, 56, 38, 63, 64, 60, 83, 125, 103, 104, 87, 88, 100, 82, 98, 96, 31, 30, 24, 11, 23, 5, 22, 4, 21, 37, 20, 35, 34, 124, 123, 142, 141, 75, 59, 77, 92, 65, 90, 81, 53, 45, 55, 117, 107, 119, 95, 29, 27, 8, 0, 15, 3, 43, 19, 41, 33]","[33, 41, 19, 43, 3, 15, 0, 8, 27, 29, 95, 119, 107, 117, 55, 45, 53, 81, 90, 65, 92, 77, 59, 75, 141, 142, 123, 124, 34, 35, 20, 37, 21, 4, 22, 5, 23, 11, 24, 30, 31, 96, 98, 82, 100, 88, 87, 104, 103, 125, 83, 60, 64, 63, 38, 56, 49, 50, 126, 57, 44, 84, 62, 97, 39, 91, 72, 73, 66, 128, 89, 94, 127, 68, 69, 79, 80, 86, 70, 74, 51, 46, 47, 52, 54, 76, 131, 132, 129, 130, 1, 2, 6, 7, 25, 143, 42, 40, 133, 85, 93, 48, 61, 67, 78, 134, 58, 71, 12, 147, 146, 114, 101, 120, 121, 106, 102, 149, 145, 105, 99, 28, 26, 135, 36, 115, 148, 108, 10, 144, 109, 9, 110, 111, 112, 16, 136, 116, 118, 13, 14, 140, 139, 138, 137]",False,complete,182,182,10585,37,450,0,450,450,,False,,,,,,,2,99,67,99,67,67,67,67
1,455,4,6,143,"[17, 18, 32, 122, 137, 138]","[0, 1, 2, 3, 4, 5, 6, 7, 8, 9, 10, 11, 12, 13, 14, 15, 16, 19, 20, 21, 22, 23, 24, 25, 26, 27, 28, 29, 30, 31, 33, 34, 35, 36, 37, 38, 39, 40, 41, 42, 43, 44, 45, 46, 47, 48, 49, 50, 51, 52, 53, 54, 55, 56, 57, 58, 59, 60, 61, 62, 63, 64, 65, 66, 67, 68, 69, 70, 71, 72, 73, 74, 75, 76, 77, 78, 79, 80, 81, 82, 83, 84, 85, 86, 87, 88, 89, 90, 91, 92, 93, 94, 95, 96, 97, 98, 99, 100, 101, 102, 103, 104, 105, 106, 107, 108, 109, 110, 111, 112, 114, 115, 116, 117, 118, 119, 120, 121, 123, 124, 125, 126, 127, 128, 129, 130, 131, 132, 133, 134, 135, 136, 139, 140, 141, 142, 143, 144, 145, 146, 147, 148, 149]",{},[],0,"[122, 17, 18, 32, 137, 138, 140, 139, 13, 14, 116, 118, 136, 112, 16, 111, 110, 9, 109, 144, 10, 108, 148, 115, 36, 135, 28, 26, 99, 105, 149, 102, 106, 121, 120, 114, 101, 145, 147, 146, 12, 58, 71, 134, 61, 67, 78, 48, 85, 93, 133, 42, 40, 143, 25, 7, 6, 2, 1, 132, 131, 130, 129, 76, 74, 54, 52, 47, 46, 51, 70, 86, 80, 79, 69, 68, 127, 94, 89, 128, 66, 73, 72, 91, 39, 97, 62, 84, 44, 57, 126, 50, 49, 56, 38, 63, 64, 60, 83, 125, 103, 104, 87, 88, 100, 82, 98, 96, 31, 30, 11, 24, 23, 5, 22, 4, 21, 37, 20, 35, 34, 124, 123, 142, 141, 55, 45, 53, 92, 81, 90, 77, 65, 75, 59, 119, 95, 117, 107, 15, 0, 8, 43, 33, 41, 29, 19, 27, 3]",True,6244295727,6.244295727,"[139, 140, 13, 14, 116, 118, 136, 112, 16, 111, 110, 9, 109, 144, 10, 108, 148, 115, 36, 135, 28, 26, 99, 105, 149, 102, 106, 121, 120, 101, 114, 145, 146, 147, 12, 71, 58, 134, 48, 61, 78, 67, 93, 85, 133, 40, 42, 143, 25, 7, 6, 2, 1, 130, 129, 131, 132, 52, 54, 47, 46, 51, 76, 74, 39, 70, 86, 80, 79, 69, 68, 127, 94, 89, 128, 66, 73, 72, 91, 97, 62, 84, 44, 57, 126, 50, 49, 56, 38, 63, 64, 60, 83, 125, 103, 104, 87, 88, 100, 82, 98, 96, 31, 30, 11, 24, 23, 5, 22, 4, 21, 37, 20, 35, 34, 124, 123, 141, 142, 75, 59, 77, 117, 95, 119, 107, 55, 45, 53, 92, 65, 90, 81, 29, 41, 33, 43, 19, 27, 8, 3, 15, 0]","[0, 15, 3, 8, 27, 19, 43, 33, 41, 29, 81, 90, 65, 92, 53, 45, 55, 107, 119, 95, 117, 77, 59, 75, 142, 141, 123, 124, 34, 35, 20, 37, 21, 4, 22, 5, 23, 24, 11, 30, 31, 96, 98, 82, 100, 88, 87, 104, 103, 125, 83, 60, 64, 63, 38, 56, 49, 50, 126, 57, 44, 84, 62, 97, 91, 72, 73, 66, 128, 89, 94, 127, 68, 69, 79, 80, 86, 70, 39, 74, 76, 51, 46, 47, 54, 52, 132, 131, 129, 130, 1, 2, 6, 7, 25, 143, 42, 40, 133, 85, 93, 67, 78, 61, 48, 134, 58, 71, 12, 147, 146, 145, 114, 101, 120, 121, 106, 102, 149, 105, 99, 26, 28, 135, 36, 115, 148, 108, 10, 144, 109, 9, 110, 111, 16, 112, 136, 118, 116, 14, 13, 140, 139]",False,complete,179,179,10296,36,448,0,448,448,,False,,,,,,,2,100,68,100,68,68,68,68
1,456,5,8,141,"[17, 18, 32, 122, 137, 138, 139, 140]","[0, 1, 2, 3, 4, 5, 6, 7, 8, 9, 10, 11, 12, 13, 14, 15, 16, 19, 20, 21, 22, 23, 24, 25, 26, 27, 28, 29, 30, 31, 33, 34, 35, 36, 37, 38, 39, 40, 41, 42, 43, 44, 45, 46, 47, 48, 49, 50, 51, 52, 53, 54, 55, 56, 57, 58, 59, 60, 61, 62, 63, 64, 65, 66, 67, 68, 69, 70, 71, 72, 73, 74, 75, 76, 77, 78, 79, 80, 81, 82, 83, 84, 85, 86, 87, 88, 89, 90, 91, 92, 93, 94, 95, 96, 97, 98, 99, 100, 101, 102, 103, 104, 105, 106, 107, 108, 109, 110, 111, 112, 114, 115, 116, 117, 118, 119, 120, 121, 123, 124, 125, 126, 127, 128, 129, 130, 131, 132, 133, 134, 135, 136, 141, 142, 143, 144, 145, 146, 147, 148, 149]",{},[],0,"[122, 17, 18, 32, 137, 138, 140, 139, 13, 14, 116, 118, 136, 112, 16, 111, 110, 9, 109, 144, 10, 108, 148, 115, 36, 135, 28, 26, 99, 105, 149, 102, 106, 121, 120, 114, 101, 145, 147, 146, 12, 58, 71, 134, 61, 67, 78, 48, 85, 93, 133, 42, 40, 143, 25, 7, 6, 2, 1, 132, 131, 130, 129, 76, 74, 54, 52, 47, 46, 51, 70, 86, 80, 79, 69, 68, 127, 94, 89, 128, 66, 73, 72, 91, 39, 97, 62, 84, 44, 57, 126, 50, 49, 56, 38, 63, 64, 60, 83, 125, 103, 104, 87, 88, 100, 82, 98, 96, 31, 30, 11, 24, 23, 5, 22, 4, 21, 37, 20, 35, 34, 124, 123, 142, 141, 55, 45, 53, 92, 81, 90, 77, 65, 75, 59, 119, 95, 117, 107, 15, 0, 8, 43, 33, 41, 29, 19, 27, 3]",True,6382177003,6.382177003,"[13, 14, 116, 118, 136, 112, 16, 111, 110, 9, 109, 144, 10, 108, 148, 115, 36, 135, 28, 26, 99, 105, 149, 102, 106, 121, 120, 101, 114, 145, 146, 147, 12, 58, 71, 134, 67, 48, 61, 78, 93, 85, 133, 42, 40, 143, 25, 7, 6, 2, 1, 132, 130, 129, 131, 76, 54, 74, 52, 47, 46, 51, 39, 70, 86, 80, 79, 69, 68, 127, 94, 89, 128, 66, 73, 72, 91, 97, 62, 84, 44, 57, 126, 50, 49, 56, 38, 63, 64, 60, 83, 125, 103, 104, 87, 88, 100, 82, 98, 96, 31, 30, 24, 11, 23, 5, 22, 4, 21, 37, 20, 35, 34, 124, 123, 141, 142, 92, 81, 90, 55, 45, 53, 77, 59, 75, 65, 119, 95, 117, 107, 29, 43, 33, 41, 19, 27, 8, 0, 15, 3]","[3, 15, 0, 8, 27, 19, 41, 33, 43, 29, 107, 117, 95, 119, 65, 75, 59, 77, 53, 45, 55, 90, 81, 92, 142, 141, 123, 124, 34, 35, 20, 37, 21, 4, 22, 5, 23, 11, 24, 30, 31, 96, 98, 82, 100, 88, 87, 104, 103, 125, 83, 60, 64, 63, 38, 56, 49, 50, 126, 57, 44, 84, 62, 97, 91, 72, 73, 66, 128, 89, 94, 127, 68, 69, 79, 80, 86, 70, 39, 51, 46, 47, 52, 74, 54, 76, 131, 129, 130, 132, 1, 2, 6, 7, 25, 143, 40, 42, 133, 85, 93, 78, 61, 48, 67, 134, 71, 58, 12, 147, 146, 145, 114, 101, 120, 121, 106, 102, 149, 105, 99, 26, 28, 135, 36, 115, 148, 108, 10, 144, 109, 9, 110, 111, 16, 112, 136, 118, 116, 14, 13]",False,complete,177,177,10011,36,446,0,446,446,,False,,,,,,,2,100,68,100,68,68,68,68
1,457,6,10,139,"[13, 14, 17, 18, 32, 122, 137, 138, 139, 140]","[0, 1, 2, 3, 4, 5, 6, 7, 8, 9, 10, 11, 12, 15, 16, 19, 20, 21, 22, 23, 24, 25, 26, 27, 28, 29, 30, 31, 33, 34, 35, 36, 37, 38, 39, 40, 41, 42, 43, 44, 45, 46, 47, 48, 49, 50, 51, 52, 53, 54, 55, 56, 57, 58, 59, 60, 61, 62, 63, 64, 65, 66, 67, 68, 69, 70, 71, 72, 73, 74, 75, 76, 77, 78, 79, 80, 81, 82, 83, 84, 85, 86, 87, 88, 89, 90, 91, 92, 93, 94, 95, 96, 97, 98, 99, 100, 101, 102, 103, 104, 105, 106, 107, 108, 109, 110, 111, 112, 114, 115, 116, 117, 118, 119, 120, 121, 123, 124, 125, 126, 127, 128, 129, 130, 131, 132, 133, 134, 135, 136, 141, 142, 143, 144, 145, 146, 147, 148, 149]",{},[],0,"[122, 17, 18, 32, 137, 138, 140, 139, 13, 14, 116, 118, 136, 112, 16, 111, 110, 9, 109, 144, 10, 108, 148, 115, 36, 135, 28, 26, 99, 105, 149, 102, 106, 121, 120, 114, 101, 145, 147, 146, 12, 58, 71, 134, 61, 67, 78, 48, 85, 93, 133, 42, 40, 143, 25, 7, 6, 2, 1, 132, 131, 130, 129, 76, 74, 54, 52, 47, 46, 51, 70, 86, 80, 79, 69, 68, 127, 94, 89, 128, 66, 73, 72, 91, 39, 97, 62, 84, 44, 57, 126, 50, 49, 56, 38, 63, 64, 60, 83, 125, 103, 104, 87, 88, 100, 82, 98, 96, 31, 30, 11, 24, 23, 5, 22, 4, 21, 37, 20, 35, 34, 124, 123, 142, 141, 55, 45, 53, 92, 81, 90, 77, 65, 75, 59, 119, 95, 117, 107, 15, 0, 8, 43, 33, 41, 29, 19, 27, 3]",True,6428030054,6.428030054,"[116, 118, 136, 112, 16, 111, 110, 9, 109, 144, 10, 108, 148, 115, 36, 135, 28, 26, 99, 105, 149, 102, 106, 121, 120, 114, 101, 145, 147, 146, 12, 58, 71, 134, 61, 48, 67, 78, 85, 93, 133, 40, 42, 143, 25, 7, 6, 2, 1, 130, 132, 129, 131, 76, 52, 74, 54, 47, 46, 51, 39, 70, 86, 80, 79, 69, 68, 127, 94, 89, 128, 66, 73, 72, 91, 97, 62, 84, 44, 57, 126, 50, 49, 56, 38, 63, 64, 60, 83, 125, 103, 104, 87, 88, 100, 82, 98, 96, 31, 30, 11, 24, 23, 5, 22, 4, 21, 37, 20, 35, 34, 124, 123, 141, 142, 77, 59, 75, 53, 45, 55, 117, 95, 119, 107, 90, 81, 92, 65, 43, 33, 41, 15, 0, 8, 27, 3, 29, 19]","[19, 29, 3, 27, 8, 0, 15, 41, 33, 43, 65, 92, 81, 90, 107, 119, 95, 117, 55, 45, 53, 75, 59, 77, 142, 141, 123, 124, 34, 35, 20, 37, 21, 4, 22, 5, 23, 24, 11, 30, 31, 96, 98, 82, 100, 88, 87, 104, 103, 125, 83, 60, 64, 63, 38, 56, 49, 50, 126, 57, 44, 84, 62, 97, 91, 72, 73, 66, 128, 89, 94, 127, 68, 69, 79, 80, 86, 70, 39, 51, 46, 47, 54, 74, 52, 76, 131, 129, 132, 130, 1, 2, 6, 7, 25, 143, 42, 40, 133, 93, 85, 78, 67, 48, 61, 134, 71, 58, 12, 146, 147, 145, 101, 114, 120, 121, 106, 102, 149, 105, 99, 26, 28, 135, 36, 115, 148, 108, 10, 144, 109, 9, 110, 111, 16, 112, 136, 118, 116]",False,complete,177,177,9730,38,446,0,446,446,,False,,,,,,,2,100,68,100,68,68,68,68
1,458,7,12,137,"[13, 14, 17, 18, 32, 116, 118, 122, 137, 138, 139, 140]","[0, 1, 2, 3, 4, 5, 6, 7, 8, 9, 10, 11, 12, 15, 16, 19, 20, 21, 22, 23, 24, 25, 26, 27, 28, 29, 30, 31, 33, 34, 35, 36, 37, 38, 39, 40, 41, 42, 43, 44, 45, 46, 47, 48, 49, 50, 51, 52, 53, 54, 55, 56, 57, 58, 59, 60, 61, 62, 63, 64, 65, 66, 67, 68, 69, 70, 71, 72, 73, 74, 75, 76, 77, 78, 79, 80, 81, 82, 83, 84, 85, 86, 87, 88, 89, 90, 91, 92, 93, 94, 95, 96, 97, 98, 99, 100, 101, 102, 103, 104, 105, 106, 107, 108, 109, 110, 111, 112, 114, 115, 117, 119, 120, 121, 123, 124, 125, 126, 127, 128, 129, 130, 131, 132, 133, 134, 135, 136, 141, 142, 143, 144, 145, 146, 147, 148, 149]",{},[],0,"[122, 17, 18, 32, 137, 138, 140, 139, 13, 14, 116, 118, 136, 112, 16, 111, 110, 9, 109, 144, 10, 108, 148, 115, 36, 135, 28, 26, 99, 105, 149, 102, 106, 121, 120, 114, 101, 145, 147, 146, 12, 58, 71, 134, 61, 67, 78, 48, 85, 93, 133, 42, 40, 143, 25, 7, 6, 2, 1, 132, 131, 130, 129, 76, 74, 54, 52, 47, 46, 51, 70, 86, 80, 79, 69, 68, 127, 94, 89, 128, 66, 73, 72, 91, 39, 97, 62, 84, 44, 57, 126, 50, 49, 56, 38, 63, 64, 60, 83, 125, 103, 104, 87, 88, 100, 82, 98, 96, 31, 30, 11, 24, 23, 5, 22, 4, 21, 37, 20, 35, 34, 124, 123, 142, 141, 55, 45, 53, 92, 81, 90, 77, 65, 75, 59, 119, 95, 117, 107, 15, 0, 8, 43, 33, 41, 29, 19, 27, 3]",True,6057719258,6.057719258,"[136, 112, 16, 111, 110, 9, 109, 144, 10, 108, 148, 115, 36, 135, 28, 26, 99, 105, 145, 149, 102, 106, 121, 120, 101, 114, 146, 147, 12, 71, 58, 134, 61, 78, 67, 48, 85, 93, 133, 42, 40, 143, 25, 7, 6, 2, 1, 129, 130, 132, 131, 54, 76, 74, 52, 47, 46, 51, 39, 70, 86, 80, 79, 69, 68, 127, 94, 89, 128, 66, 73, 72, 91, 97, 62, 84, 44, 57, 126, 50, 49, 56, 38, 63, 64, 60, 83, 125, 103, 104, 87, 88, 100, 82, 98, 96, 31, 30, 24, 11, 23, 5, 22, 4, 21, 37, 20, 35, 34, 124, 123, 142, 141, 75, 59, 77, 90, 81, 92, 65, 55, 45, 53, 119, 107, 117, 95, 8, 0, 15, 27, 3, 29, 41, 33, 43, 19]","[19, 43, 33, 41, 29, 3, 27, 15, 0, 8, 95, 117, 107, 119, 53, 45, 55, 65, 92, 81, 90, 77, 59, 75, 141, 142, 123, 124, 34, 35, 20, 37, 21, 4, 22, 5, 23, 11, 24, 30, 31, 96, 98, 82, 100, 88, 87, 104, 103, 125, 83, 60, 64, 63, 38, 56, 49, 50, 126, 57, 44, 84, 62, 97, 91, 72, 73, 66, 128, 89, 94, 127, 68, 69, 79, 80, 86, 70, 39, 51, 46, 47, 52, 74, 76, 54, 131, 132, 130, 129, 1, 2, 6, 7, 25, 143, 40, 42, 133, 93, 85, 48, 67, 78, 61, 134, 58, 71, 12, 147, 146, 114, 101, 120, 121, 106, 102, 149, 145, 105, 99, 26, 28, 135, 36, 115, 148, 108, 10, 144, 109, 9, 110, 111, 16, 112, 136]",False,complete,175,175,9453,38,444,0,444,444,,False,,,,,,,2,100,68,100,68,68,68,68
1,459,8,14,135,"[13, 14, 17, 18, 32, 112, 116, 118, 122, 136, 137, 138, 139, 140]","[0, 1, 2, 3, 4, 5, 6, 7, 8, 9, 10, 11, 12, 15, 16, 19, 20, 21, 22, 23, 24, 25, 26, 27, 28, 29, 30, 31, 33, 34, 35, 36, 37, 38, 39, 40, 41, 42, 43, 44, 45, 46, 47, 48, 49, 50, 51, 52, 53, 54, 55, 56, 57, 58, 59, 60, 61, 62, 63, 64, 65, 66, 67, 68, 69, 70, 71, 72, 73, 74, 75, 76, 77, 78, 79, 80, 81, 82, 83, 84, 85, 86, 87, 88, 89, 90, 91, 92, 93, 94, 95, 96, 97, 98, 99, 100, 101, 102, 103, 104, 105, 106, 107, 108, 109, 110, 111, 114, 115, 117, 119, 120, 121, 123, 124, 125, 126, 127, 128, 129, 130, 131, 132, 133, 134, 135, 141, 142, 143, 144, 145, 146, 147, 148, 149]",{},[],0,"[122, 17, 18, 32, 137, 138, 140, 139, 13, 14, 116, 118, 136, 112, 16, 111, 110, 9, 109, 144, 10, 108, 148, 115, 36, 135, 28, 26, 99, 105, 149, 102, 106, 121, 120, 114, 101, 145, 147, 146, 12, 58, 71, 134, 61, 67, 78, 48, 85, 93, 133, 42, 40, 143, 25, 7, 6, 2, 1, 132, 131, 130, 129, 76, 74, 54, 52, 47, 46, 51, 70, 86, 80, 79, 69, 68, 127, 94, 89, 128, 66, 73, 72, 91, 39, 97, 62, 84, 44, 57, 126, 50, 49, 56, 38, 63, 64, 60, 83, 125, 103, 104, 87, 88, 100, 82, 98, 96, 31, 30, 11, 24, 23, 5, 22, 4, 21, 37, 20, 35, 34, 124, 123, 142, 141, 55, 45, 53, 92, 81, 90, 77, 65, 75, 59, 119, 95, 117, 107, 15, 0, 8, 43, 33, 41, 29, 19, 27, 3]",True,5953586900,5.953586900,"[16, 111, 110, 9, 109, 144, 10, 108, 148, 115, 36, 135, 26, 28, 99, 105, 149, 102, 106, 121, 120, 114, 101, 145, 146, 147, 12, 71, 58, 134, 61, 48, 78, 67, 85, 93, 133, 40, 42, 143, 25, 7, 6, 2, 1, 132, 131, 130, 129, 74, 52, 76, 54, 47, 46, 51, 39, 70, 86, 80, 79, 69, 68, 127, 94, 89, 128, 66, 73, 72, 91, 97, 62, 84, 44, 57, 126, 50, 49, 56, 38, 63, 64, 60, 83, 125, 103, 104, 87, 88, 100, 82, 98, 96, 31, 30, 24, 11, 23, 5, 22, 4, 21, 37, 20, 35, 34, 124, 123, 142, 141, 53, 45, 55, 119, 95, 117, 107, 75, 59, 77, 90, 81, 92, 65, 8, 0, 15, 43, 33, 41, 27, 19, 29, 3]","[3, 29, 19, 27, 41, 33, 43, 15, 0, 8, 65, 92, 81, 90, 77, 59, 75, 107, 117, 95, 119, 55, 45, 53, 141, 142, 123, 124, 34, 35, 20, 37, 21, 4, 22, 5, 23, 11, 24, 30, 31, 96, 98, 82, 100, 88, 87, 104, 103, 125, 83, 60, 64, 63, 38, 56, 49, 50, 126, 57, 44, 84, 62, 97, 91, 72, 73, 66, 128, 89, 94, 127, 68, 69, 79, 80, 86, 70, 39, 51, 46, 47, 54, 76, 52, 74, 129, 130, 131, 132, 1, 2, 6, 7, 25, 143, 42, 40, 133, 93, 85, 67, 78, 48, 61, 134, 58, 71, 12, 147, 146, 145, 101, 114, 120, 121, 106, 102, 149, 105, 99, 28, 26, 135, 36, 115, 148, 108, 10, 144, 109, 9, 110, 111, 16]",False,complete,173,173,9180,38,442,0,442,442,,False,,,,,,,2,100,68,100,68,68,68,68
1,460,9,16,133,"[13, 14, 16, 17, 18, 32, 111, 112, 116, 118, 122, 136, 137, 138, 139, 140]","[0, 1, 2, 3, 4, 5, 6, 7, 8, 9, 10, 11, 12, 15, 19, 20, 21, 22, 23, 24, 25, 26, 27, 28, 29, 30, 31, 33, 34, 35, 36, 37, 38, 39, 40, 41, 42, 43, 44, 45, 46, 47, 48, 49, 50, 51, 52, 53, 54, 55, 56, 57, 58, 59, 60, 61, 62, 63, 64, 65, 66, 67, 68, 69, 70, 71, 72, 73, 74, 75, 76, 77, 78, 79, 80, 81, 82, 83, 84, 85, 86, 87, 88, 89, 90, 91, 92, 93, 94, 95, 96, 97, 98, 99, 100, 101, 102, 103, 104, 105, 106, 107, 108, 109, 110, 114, 115, 117, 119, 120, 121, 123, 124, 125, 126, 127, 128, 129, 130, 131, 132, 133, 134, 135, 141, 142, 143, 144, 145, 146, 147, 148, 149]","{""support_1"": 110}",[110],1,"[122, 17, 18, 32, 137, 138, 140, 139, 13, 14, 116, 118, 136, 112, 16, 111, 110, 9, 109, 144, 10, 108, 148, 115, 36, 135, 28, 26, 99, 105, 149, 102, 106, 121, 120, 114, 101, 145, 147, 146, 12, 58, 71, 134, 61, 67, 78, 48, 85, 93, 133, 42, 40, 143, 25, 7, 6, 2, 1, 132, 131, 130, 129, 76, 74, 54, 52, 47, 46, 51, 70, 86, 80, 79, 69, 68, 127, 94, 89, 128, 66, 73, 72, 91, 39, 97, 62, 84, 44, 57, 126, 50, 49, 56, 38, 63, 64, 60, 83, 125, 103, 104, 87, 88, 100, 82, 98, 96, 31, 30, 11, 24, 23, 5, 22, 4, 21, 37, 20, 35, 34, 124, 123, 142, 141, 55, 45, 53, 92, 81, 90, 77, 65, 75, 59, 119, 95, 117, 107, 15, 0, 8, 43, 33, 41, 29, 19, 27, 3]",True,5800771991,5.800771991,"[110, 9, 109, 144, 10, 108, 148, 115, 36, 135, 28, 26, 105, 99, 145, 149, 102, 106, 121, 120, 101, 114, 147, 146, 12, 58, 71, 134, 67, 61, 48, 78, 85, 93, 133, 40, 42, 143, 25, 7, 6, 2, 1, 132, 131, 129, 130, 54, 52, 47, 46, 51, 76, 74, 39, 70, 86, 80, 79, 69, 68, 127, 94, 89, 128, 66, 73, 72, 91, 97, 62, 84, 44, 57, 126, 50, 49, 56, 38, 63, 64, 60, 83, 125, 103, 104, 87, 88, 100, 82, 98, 96, 31, 30, 24, 11, 23, 5, 22, 4, 21, 37, 20, 35, 34, 124, 123, 141, 142, 55, 45, 53, 75, 59, 77, 117, 107, 119, 95, 90, 81, 92, 65, 8, 0, 15, 41, 33, 43, 29, 3, 27, 19]","[19, 27, 3, 29, 43, 33, 41, 15, 0, 8, 65, 92, 81, 90, 95, 119, 107, 117, 77, 59, 75, 53, 45, 55, 142, 141, 123, 124, 34, 35, 20, 37, 21, 4, 22, 5, 23, 11, 24, 30, 31, 96, 98, 82, 100, 88, 87, 104, 103, 125, 83, 60, 64, 63, 38, 56, 49, 50, 126, 57, 44, 84, 62, 97, 91, 72, 73, 66, 128, 89, 94, 127, 68, 69, 79, 80, 86, 70, 39, 74, 76, 51, 46, 47, 52, 54, 130, 129, 131, 132, 1, 2, 6, 7, 25, 143, 42, 40, 133, 93, 85, 78, 48, 61, 67, 134, 71, 58, 12, 146, 147, 114, 101, 120, 121, 106, 102, 149, 145, 99, 105, 26, 28, 135, 36, 115, 148, 108, 10, 144, 109, 9, 110]",False,complete,169,169,8911,36,437,0,437,437,,False,,,,,,,2,98,66,98,66,66,66,67
1,461,10,18,131,"[9, 13, 14, 16, 17, 18, 32, 110, 111, 112, 116, 118, 122, 136, 137, 138, 139, 140]","[0, 1, 2, 3, 4, 5, 6, 7, 8, 10, 11, 12, 15, 19, 20, 21, 22, 23, 24, 25, 26, 27, 28, 29, 30, 31, 33, 34, 35, 36, 37, 38, 39, 40, 41, 42, 43, 44, 45, 46, 47, 48, 49, 50, 51, 52, 53, 54, 55, 56, 57, 58, 59, 60, 61, 62, 63, 64, 65, 66, 67, 68, 69, 70, 71, 72, 73, 74, 75, 76, 77, 78, 79, 80, 81, 82, 83, 84, 85, 86, 87, 88, 89, 90, 91, 92, 93, 94, 95, 96, 97, 98, 99, 100, 101, 102, 103, 104, 105, 106, 107, 108, 109, 114, 115, 117, 119, 120, 121, 123, 124, 125, 126, 127, 128, 129, 130, 131, 132, 133, 134, 135, 141, 142, 143, 144, 145, 146, 147, 148, 149]","{""support_1"": 109, ""support_2"": 144}","[109, 144]",2,"[122, 17, 18, 32, 137, 138, 140, 139, 13, 14, 116, 118, 136, 112, 16, 111, 110, 9, 109, 144, 10, 108, 148, 115, 36, 135, 28, 26, 99, 105, 149, 102, 106, 121, 120, 114, 101, 145, 147, 146, 12, 58, 71, 134, 61, 67, 78, 48, 85, 93, 133, 42, 40, 143, 25, 7, 6, 2, 1, 132, 131, 130, 129, 76, 74, 54, 52, 47, 46, 51, 70, 86, 80, 79, 69, 68, 127, 94, 89, 128, 66, 73, 72, 91, 39, 97, 62, 84, 44, 57, 126, 50, 49, 56, 38, 63, 64, 60, 83, 125, 103, 104, 87, 88, 100, 82, 98, 96, 31, 30, 11, 24, 23, 5, 22, 4, 21, 37, 20, 35, 34, 124, 123, 142, 141, 55, 45, 53, 92, 81, 90, 77, 65, 75, 59, 119, 95, 117, 107, 15, 0, 8, 43, 33, 41, 29, 19, 27, 3]",True,5736725285,5.736725285,"[109, 144, 10, 108, 148, 115, 36, 135, 28, 26, 105, 99, 145, 149, 102, 106, 121, 120, 101, 114, 146, 147, 12, 58, 71, 134, 78, 48, 61, 67, 93, 85, 133, 42, 40, 143, 25, 7, 6, 2, 1, 132, 129, 131, 130, 52, 54, 47, 46, 51, 76, 74, 39, 70, 86, 80, 79, 69, 68, 127, 94, 89, 128, 66, 73, 72, 91, 97, 62, 84, 44, 57, 126, 50, 49, 56, 38, 63, 64, 60, 83, 125, 103, 104, 87, 88, 100, 82, 98, 96, 31, 30, 24, 11, 23, 5, 22, 4, 21, 37, 20, 35, 34, 124, 123, 142, 141, 119, 107, 117, 95, 92, 81, 90, 55, 45, 53, 77, 59, 75, 65, 29, 41, 33, 43, 19, 27, 8, 0, 15, 3]","[3, 15, 0, 8, 27, 19, 43, 33, 41, 29, 65, 75, 59, 77, 53, 45, 55, 90, 81, 92, 95, 117, 107, 119, 141, 142, 123, 124, 34, 35, 20, 37, 21, 4, 22, 5, 23, 11, 24, 30, 31, 96, 98, 82, 100, 88, 87, 104, 103, 125, 83, 60, 64, 63, 38, 56, 49, 50, 126, 57, 44, 84, 62, 97, 91, 72, 73, 66, 128, 89, 94, 127, 68, 69, 79, 80, 86, 70, 39, 74, 76, 51, 46, 47, 54, 52, 130, 131, 129, 132, 1, 2, 6, 7, 25, 143, 40, 42, 133, 85, 93, 67, 61, 48, 78, 134, 71, 58, 12, 147, 146, 114, 101, 120, 121, 106, 102, 149, 145, 99, 105, 26, 28, 135, 36, 115, 148, 108, 10, 144, 109]",False,complete,169,169,8646,38,429,0,429,429,,False,,,,,,,2,95,63,95,64,64,63,65
1,462,11,20,129,"[9, 13, 14, 16, 17, 18, 32, 109, 110, 111, 112, 116, 118, 122, 136, 137, 138, 139, 140, 144]","[0, 1, 2, 3, 4, 5, 6, 7, 8, 10, 11, 12, 15, 19, 20, 21, 22, 23, 24, 25, 26, 27, 28, 29, 30, 31, 33, 34, 35, 36, 37, 38, 39, 40, 41, 42, 43, 44, 45, 46, 47, 48, 49, 50, 51, 52, 53, 54, 55, 56, 57, 58, 59, 60, 61, 62, 63, 64, 65, 66, 67, 68, 69, 70, 71, 72, 73, 74, 75, 76, 77, 78, 79, 80, 81, 82, 83, 84, 85, 86, 87, 88, 89, 90, 91, 92, 93, 94, 95, 96, 97, 98, 99, 100, 101, 102, 103, 104, 105, 106, 107, 108, 114, 115, 117, 119, 120, 121, 123, 124, 125, 126, 127, 128, 129, 130, 131, 132, 133, 134, 135, 141, 142, 143, 145, 146, 147, 148, 149]","{""support_1"": 108, ""support_2"": 10}","[10, 108]",2,"[122, 17, 18, 32, 137, 138, 140, 139, 13, 14, 116, 118, 136, 112, 16, 111, 110, 9, 109, 144, 10, 108, 148, 115, 36, 135, 28, 26, 99, 105, 149, 102, 106, 121, 120, 114, 101, 145, 147, 146, 12, 58, 71, 134, 61, 67, 78, 48, 85, 93, 133, 42, 40, 143, 25, 7, 6, 2, 1, 132, 131, 130, 129, 76, 74, 54, 52, 47, 46, 51, 70, 86, 80, 79, 69, 68, 127, 94, 89, 128, 66, 73, 72, 91, 39, 97, 62, 84, 44, 57, 126, 50, 49, 56, 38, 63, 64, 60, 83, 125, 103, 104, 87, 88, 100, 82, 98, 96, 31, 30, 11, 24, 23, 5, 22, 4, 21, 37, 20, 35, 34, 124, 123, 142, 141, 55, 45, 53, 92, 81, 90, 77, 65, 75, 59, 119, 95, 117, 107, 15, 0, 8, 43, 33, 41, 29, 19, 27, 3]",True,5835250576,5.835250576,"[10, 108, 148, 115, 36, 135, 28, 26, 99, 105, 145, 149, 102, 106, 121, 120, 101, 114, 147, 146, 12, 71, 58, 134, 61, 48, 67, 78, 85, 93, 133, 42, 40, 143, 25, 7, 6, 2, 1, 132, 129, 130, 131, 54, 52, 47, 46, 51, 74, 76, 39, 70, 86, 80, 79, 69, 68, 127, 94, 89, 128, 66, 73, 72, 91, 97, 62, 84, 44, 57, 126, 50, 49, 56, 38, 63, 64, 60, 83, 125, 103, 104, 87, 88, 100, 82, 98, 96, 31, 30, 11, 24, 23, 5, 22, 4, 21, 37, 20, 35, 34, 124, 123, 142, 141, 77, 59, 75, 90, 65, 92, 81, 53, 45, 55, 119, 107, 117, 95, 29, 8, 0, 15, 3, 27, 43, 33, 41, 19]","[19, 41, 33, 43, 27, 3, 15, 0, 8, 29, 95, 117, 107, 119, 55, 45, 53, 81, 92, 65, 90, 75, 59, 77, 141, 142, 123, 124, 34, 35, 20, 37, 21, 4, 22, 5, 23, 24, 11, 30, 31, 96, 98, 82, 100, 88, 87, 104, 103, 125, 83, 60, 64, 63, 38, 56, 49, 50, 126, 57, 44, 84, 62, 97, 91, 72, 73, 66, 128, 89, 94, 127, 68, 69, 79, 80, 86, 70, 39, 76, 74, 51, 46, 47, 52, 54, 131, 130, 129, 132, 1, 2, 6, 7, 25, 143, 40, 42, 133, 93, 85, 78, 67, 48, 61, 134, 58, 71, 12, 146, 147, 114, 101, 120, 121, 106, 102, 149, 145, 105, 99, 26, 28, 135, 36, 115, 148, 108, 10]",False,complete,166,166,8385,37,424,0,424,424,,False,,,,,,,2,91,61,91,62,62,61,63
1,463,12,22,127,"[9, 10, 13, 14, 16, 17, 18, 32, 108, 109, 110, 111, 112, 116, 118, 122, 136, 137, 138, 139, 140, 144]","[0, 1, 2, 3, 4, 5, 6, 7, 8, 11, 12, 15, 19, 20, 21, 22, 23, 24, 25, 26, 27, 28, 29, 30, 31, 33, 34, 35, 36, 37, 38, 39, 40, 41, 42, 43, 44, 45, 46, 47, 48, 49, 50, 51, 52, 53, 54, 55, 56, 57, 58, 59, 60, 61, 62, 63, 64, 65, 66, 67, 68, 69, 70, 71, 72, 73, 74, 75, 76, 77, 78, 79, 80, 81, 82, 83, 84, 85, 86, 87, 88, 89, 90, 91, 92, 93, 94, 95, 96, 97, 98, 99, 100, 101, 102, 103, 104, 105, 106, 107, 114, 115, 117, 119, 120, 121, 123, 124, 125, 126, 127, 128, 129, 130, 131, 132, 133, 134, 135, 141, 142, 143, 145, 146, 147, 148, 149]","{""support_1"": 148}",[148],1,"[122, 17, 18, 32, 137, 138, 140, 139, 13, 14, 116, 118, 136, 112, 16, 111, 110, 9, 109, 144, 10, 108, 148, 115, 36, 135, 28, 26, 99, 105, 149, 102, 106, 121, 120, 114, 101, 145, 147, 146, 12, 58, 71, 134, 61, 67, 78, 48, 85, 93, 133, 42, 40, 143, 25, 7, 6, 2, 1, 132, 131, 130, 129, 76, 74, 54, 52, 47, 46, 51, 70, 86, 80, 79, 69, 68, 127, 94, 89, 128, 66, 73, 72, 91, 39, 97, 62, 84, 44, 57, 126, 50, 49, 56, 38, 63, 64, 60, 83, 125, 103, 104, 87, 88, 100, 82, 98, 96, 31, 30, 11, 24, 23, 5, 22, 4, 21, 37, 20, 35, 34, 124, 123, 142, 141, 55, 45, 53, 92, 81, 90, 77, 65, 75, 59, 119, 95, 117, 107, 15, 0, 8, 43, 33, 41, 29, 19, 27, 3]",True,5401136911,5.401136911,"[148, 115, 36, 135, 26, 28, 99, 105, 149, 102, 106, 121, 120, 101, 114, 145, 147, 146, 12, 71, 58, 134, 61, 48, 78, 67, 93, 85, 133, 42, 40, 143, 25, 7, 6, 2, 1, 129, 132, 131, 130, 74, 52, 76, 54, 47, 46, 51, 39, 70, 86, 80, 79, 69, 68, 127, 94, 89, 128, 66, 73, 72, 91, 97, 62, 84, 44, 57, 126, 50, 49, 56, 38, 63, 64, 60, 83, 125, 103, 104, 87, 88, 100, 82, 98, 96, 31, 30, 11, 24, 23, 5, 22, 4, 21, 37, 20, 35, 34, 124, 123, 141, 142, 53, 45, 55, 117, 95, 119, 107, 90, 81, 92, 75, 59, 77, 65, 29, 27, 41, 33, 43, 19, 15, 3, 8, 0]","[0, 8, 3, 15, 19, 43, 33, 41, 27, 29, 65, 77, 59, 75, 92, 81, 90, 107, 119, 95, 117, 55, 45, 53, 142, 141, 123, 124, 34, 35, 20, 37, 21, 4, 22, 5, 23, 24, 11, 30, 31, 96, 98, 82, 100, 88, 87, 104, 103, 125, 83, 60, 64, 63, 38, 56, 49, 50, 126, 57, 44, 84, 62, 97, 91, 72, 73, 66, 128, 89, 94, 127, 68, 69, 79, 80, 86, 70, 39, 51, 46, 47, 54, 76, 52, 74, 130, 131, 132, 129, 1, 2, 6, 7, 25, 143, 40, 42, 133, 85, 93, 67, 78, 48, 61, 134, 58, 71, 12, 146, 147, 145, 114, 101, 120, 121, 106, 102, 149, 105, 99, 28, 26, 135, 36, 115, 148]",False,complete,164,164,8128,37,420,0,420,420,,False,,,,,,,2,88,59,88,59,59,59,60
1,464,13,24,125,"[9, 10, 13, 14, 16, 17, 18, 32, 108, 109, 110, 111, 112, 115, 116, 118, 122, 136, 137, 138, 139, 140, 144, 148]","[0, 1, 2, 3, 4, 5, 6, 7, 8, 11, 12, 15, 19, 20, 21, 22, 23, 24, 25, 26, 27, 28, 29, 30, 31, 33, 34, 35, 36, 37, 38, 39, 40, 41, 42, 43, 44, 45, 46, 47, 48, 49, 50, 51, 52, 53, 54, 55, 56, 57, 58, 59, 60, 61, 62, 63, 64, 65, 66, 67, 68, 69, 70, 71, 72, 73, 74, 75, 76, 77, 78, 79, 80, 81, 82, 83, 84, 85, 86, 87, 88, 89, 90, 91, 92, 93, 94, 95, 96, 97, 98, 99, 100, 101, 102, 103, 104, 105, 106, 107, 114, 117, 119, 120, 121, 123, 124, 125, 126, 127, 128, 129, 130, 131, 132, 133, 134, 135, 141, 142, 143, 145, 146, 147, 149]",{},[],0,"[122, 17, 18, 32, 137, 138, 140, 139, 13, 14, 116, 118, 136, 112, 16, 111, 110, 9, 109, 144, 10, 108, 148, 115, 36, 135, 28, 26, 99, 105, 149, 102, 106, 121, 120, 114, 101, 145, 147, 146, 12, 58, 71, 134, 61, 67, 78, 48, 85, 93, 133, 42, 40, 143, 25, 7, 6, 2, 1, 132, 131, 130, 129, 76, 74, 54, 52, 47, 46, 51, 70, 86, 80, 79, 69, 68, 127, 94, 89, 128, 66, 73, 72, 91, 39, 97, 62, 84, 44, 57, 126, 50, 49, 56, 38, 63, 64, 60, 83, 125, 103, 104, 87, 88, 100, 82, 98, 96, 31, 30, 11, 24, 23, 5, 22, 4, 21, 37, 20, 35, 34, 124, 123, 142, 141, 55, 45, 53, 92, 81, 90, 77, 65, 75, 59, 119, 95, 117, 107, 15, 0, 8, 43, 33, 41, 29, 19, 27, 3]",True,5263021476,5.263021476,"[36, 135, 28, 26, 105, 99, 145, 149, 102, 106, 121, 120, 101, 114, 146, 147, 12, 58, 71, 134, 61, 48, 78, 67, 93, 85, 133, 42, 40, 143, 25, 7, 6, 2, 1, 132, 131, 130, 129, 74, 76, 54, 52, 47, 46, 51, 39, 70, 86, 80, 79, 69, 68, 127, 94, 89, 128, 66, 73, 72, 91, 97, 62, 84, 44, 57, 126, 50, 49, 56, 38, 63, 64, 60, 83, 125, 103, 104, 87, 88, 100, 82, 98, 96, 31, 30, 24, 11, 23, 5, 22, 4, 21, 37, 20, 35, 34, 124, 123, 141, 142, 90, 81, 92, 117, 107, 119, 95, 55, 45, 53, 77, 65, 75, 59, 29, 27, 41, 19, 43, 33, 8, 0, 15, 3]","[3, 15, 0, 8, 33, 43, 19, 41, 27, 29, 59, 75, 65, 77, 53, 45, 55, 95, 119, 107, 117, 92, 81, 90, 142, 141, 123, 124, 34, 35, 20, 37, 21, 4, 22, 5, 23, 11, 24, 30, 31, 96, 98, 82, 100, 88, 87, 104, 103, 125, 83, 60, 64, 63, 38, 56, 49, 50, 126, 57, 44, 84, 62, 97, 91, 72, 73, 66, 128, 89, 94, 127, 68, 69, 79, 80, 86, 70, 39, 51, 46, 47, 52, 54, 76, 74, 129, 130, 131, 132, 1, 2, 6, 7, 25, 143, 40, 42, 133, 85, 93, 67, 78, 48, 61, 134, 71, 58, 12, 147, 146, 114, 101, 120, 121, 106, 102, 149, 145, 99, 105, 26, 28, 135, 36]",False,complete,163,163,7875,38,417,0,417,417,,False,,,,,,,2,87,58,87,58,58,58,58
1,465,14,26,123,"[9, 10, 13, 14, 16, 17, 18, 32, 36, 108, 109, 110, 111, 112, 115, 116, 118, 122, 135, 136, 137, 138, 139, 140, 144, 148]","[0, 1, 2, 3, 4, 5, 6, 7, 8, 11, 12, 15, 19, 20, 21, 22, 23, 24, 25, 26, 27, 28, 29, 30, 31, 33, 34, 35, 37, 38, 39, 40, 41, 42, 43, 44, 45, 46, 47, 48, 49, 50, 51, 52, 53, 54, 55, 56, 57, 58, 59, 60, 61, 62, 63, 64, 65, 66, 67, 68, 69, 70, 71, 72, 73, 74, 75, 76, 77, 78, 79, 80, 81, 82, 83, 84, 85, 86, 87, 88, 89, 90, 91, 92, 93, 94, 95, 96, 97, 98, 99, 100, 101, 102, 103, 104, 105, 106, 107, 114, 117, 119, 120, 121, 123, 124, 125, 126, 127, 128, 129, 130, 131, 132, 133, 134, 141, 142, 143, 145, 146, 147, 149]",{},[],0,"[122, 17, 18, 32, 137, 138, 140, 139, 13, 14, 116, 118, 136, 112, 16, 111, 110, 9, 109, 144, 10, 108, 148, 115, 36, 135, 28, 26, 99, 105, 149, 102, 106, 121, 120, 114, 101, 145, 147, 146, 12, 58, 71, 134, 61, 67, 78, 48, 85, 93, 133, 42, 40, 143, 25, 7, 6, 2, 1, 132, 131, 130, 129, 76, 74, 54, 52, 47, 46, 51, 70, 86, 80, 79, 69, 68, 127, 94, 89, 128, 66, 73, 72, 91, 39, 97, 62, 84, 44, 57, 126, 50, 49, 56, 38, 63, 64, 60, 83, 125, 103, 104, 87, 88, 100, 82, 98, 96, 31, 30, 11, 24, 23, 5, 22, 4, 21, 37, 20, 35, 34, 124, 123, 142, 141, 55, 45, 53, 92, 81, 90, 77, 65, 75, 59, 119, 95, 117, 107, 15, 0, 8, 43, 33, 41, 29, 19, 27, 3]",True,5200467905,5.200467905,"[26, 28, 105, 99, 149, 102, 106, 121, 120, 114, 101, 145, 146, 147, 12, 58, 71, 134, 61, 78, 48, 67, 93, 85, 133, 42, 40, 143, 25, 7, 6, 2, 1, 131, 132, 130, 129, 74, 76, 52, 54, 47, 46, 51, 70, 86, 80, 79, 69, 68, 127, 94, 89, 128, 66, 73, 72, 91, 39, 97, 62, 84, 44, 57, 126, 50, 49, 56, 38, 63, 64, 60, 83, 125, 103, 104, 87, 88, 100, 82, 98, 96, 31, 30, 11, 24, 23, 5, 22, 4, 21, 37, 20, 35, 34, 124, 123, 141, 142, 90, 81, 92, 117, 107, 119, 95, 53, 45, 55, 75, 65, 77, 59, 8, 0, 15, 29, 3, 27, 41, 19, 43, 33]","[33, 43, 19, 41, 27, 3, 29, 15, 0, 8, 59, 77, 65, 75, 55, 45, 53, 95, 119, 107, 117, 92, 81, 90, 142, 141, 123, 124, 34, 35, 20, 37, 21, 4, 22, 5, 23, 24, 11, 30, 31, 96, 98, 82, 100, 88, 87, 104, 103, 125, 83, 60, 64, 63, 38, 56, 49, 50, 126, 57, 44, 84, 62, 97, 39, 91, 72, 73, 66, 128, 89, 94, 127, 68, 69, 79, 80, 86, 70, 51, 46, 47, 54, 52, 76, 74, 129, 130, 132, 131, 1, 2, 6, 7, 25, 143, 40, 42, 133, 85, 93, 67, 48, 78, 61, 134, 71, 58, 12, 147, 146, 145, 101, 114, 120, 121, 106, 102, 149, 99, 105, 28, 26]",False,complete,160,160,7626,37,415,0,415,415,,False,,,,,,,2,88,59,88,59,59,59,59
1,466,15,28,121,"[9, 10, 13, 14, 16, 17, 18, 26, 28, 32, 36, 108, 109, 110, 111, 112, 115, 116, 118, 122, 135, 136, 137, 138, 139, 140, 144, 148]","[0, 1, 2, 3, 4, 5, 6, 7, 8, 11, 12, 15, 19, 20, 21, 22, 23, 24, 25, 27, 29, 30, 31, 33, 34, 35, 37, 38, 39, 40, 41, 42, 43, 44, 45, 46, 47, 48, 49, 50, 51, 52, 53, 54, 55, 56, 57, 58, 59, 60, 61, 62, 63, 64, 65, 66, 67, 68, 69, 70, 71, 72, 73, 74, 75, 76, 77, 78, 79, 80, 81, 82, 83, 84, 85, 86, 87, 88, 89, 90, 91, 92, 93, 94, 95, 96, 97, 98, 99, 100, 101, 102, 103, 104, 105, 106, 107, 114, 117, 119, 120, 121, 123, 124, 125, 126, 127, 128, 129, 130, 131, 132, 133, 134, 141, 142, 143, 145, 146, 147, 149]",{},[],0,"[122, 17, 18, 32, 137, 138, 140, 139, 13, 14, 116, 118, 136, 112, 16, 111, 110, 9, 109, 144, 10, 108, 148, 115, 36, 135, 28, 26, 99, 105, 149, 102, 106, 121, 120, 114, 101, 145, 147, 146, 12, 58, 71, 134, 61, 67, 78, 48, 85, 93, 133, 42, 40, 143, 25, 7, 6, 2, 1, 132, 131, 130, 129, 76, 74, 54, 52, 47, 46, 51, 70, 86, 80, 79, 69, 68, 127, 94, 89, 128, 66, 73, 72, 91, 39, 97, 62, 84, 44, 57, 126, 50, 49, 56, 38, 63, 64, 60, 83, 125, 103, 104, 87, 88, 100, 82, 98, 96, 31, 30, 11, 24, 23, 5, 22, 4, 21, 37, 20, 35, 34, 124, 123, 142, 141, 55, 45, 53, 92, 81, 90, 77, 65, 75, 59, 119, 95, 117, 107, 15, 0, 8, 43, 33, 41, 29, 19, 27, 3]",True,5117848215,5.117848215,"[99, 105, 145, 149, 102, 106, 121, 120, 101, 114, 146, 147, 12, 58, 71, 134, 78, 61, 48, 67, 93, 85, 133, 40, 42, 143, 25, 7, 6, 2, 1, 129, 130, 132, 131, 74, 52, 76, 54, 47, 46, 51, 39, 70, 86, 80, 79, 69, 68, 127, 94, 89, 128, 66, 73, 72, 91, 97, 62, 84, 44, 57, 126, 50, 49, 56, 38, 63, 64, 60, 83, 125, 103, 104, 87, 88, 100, 82, 98, 96, 31, 30, 11, 24, 23, 5, 22, 4, 21, 37, 20, 35, 34, 124, 123, 141, 142, 92, 81, 90, 55, 45, 53, 77, 65, 75, 59, 119, 107, 117, 95, 27, 29, 41, 19, 43, 33, 15, 3, 8, 0]","[0, 8, 3, 15, 33, 43, 19, 41, 29, 27, 95, 117, 107, 119, 59, 75, 65, 77, 53, 45, 55, 90, 81, 92, 142, 141, 123, 124, 34, 35, 20, 37, 21, 4, 22, 5, 23, 24, 11, 30, 31, 96, 98, 82, 100, 88, 87, 104, 103, 125, 83, 60, 64, 63, 38, 56, 49, 50, 126, 57, 44, 84, 62, 97, 91, 72, 73, 66, 128, 89, 94, 127, 68, 69, 79, 80, 86, 70, 39, 51, 46, 47, 54, 76, 52, 74, 131, 132, 130, 129, 1, 2, 6, 7, 25, 143, 42, 40, 133, 85, 93, 67, 48, 61, 78, 134, 71, 58, 12, 147, 146, 114, 101, 120, 121, 106, 102, 149, 145, 105, 99]",False,complete,158,158,7381,37,412,0,412,412,,False,,,,,,,2,87,58,87,58,58,58,58
1,467,16,30,119,"[9, 10, 13, 14, 16, 17, 18, 26, 28, 32, 36, 99, 105, 108, 109, 110, 111, 112, 115, 116, 118, 122, 135, 136, 137, 138, 139, 140, 144, 148]","[0, 1, 2, 3, 4, 5, 6, 7, 8, 11, 12, 15, 19, 20, 21, 22, 23, 24, 25, 27, 29, 30, 31, 33, 34, 35, 37, 38, 39, 40, 41, 42, 43, 44, 45, 46, 47, 48, 49, 50, 51, 52, 53, 54, 55, 56, 57, 58, 59, 60, 61, 62, 63, 64, 65, 66, 67, 68, 69, 70, 71, 72, 73, 74, 75, 76, 77, 78, 79, 80, 81, 82, 83, 84, 85, 86, 87, 88, 89, 90, 91, 92, 93, 94, 95, 96, 97, 98, 100, 101, 102, 103, 104, 106, 107, 114, 117, 119, 120, 121, 123, 124, 125, 126, 127, 128, 129, 130, 131, 132, 133, 134, 141, 142, 143, 145, 146, 147, 149]",{},[],0,"[122, 17, 18, 32, 137, 138, 140, 139, 13, 14, 116, 118, 136, 112, 16, 111, 110, 9, 109, 144, 10, 108, 148, 115, 36, 135, 28, 26, 99, 105, 149, 102, 106, 121, 120, 114, 101, 145, 147, 146, 12, 58, 71, 134, 61, 67, 78, 48, 85, 93, 133, 42, 40, 143, 25, 7, 6, 2, 1, 132, 131, 130, 129, 76, 74, 54, 52, 47, 46, 51, 70, 86, 80, 79, 69, 68, 127, 94, 89, 128, 66, 73, 72, 91, 39, 97, 62, 84, 44, 57, 126, 50, 49, 56, 38, 63, 64, 60, 83, 125, 103, 104, 87, 88, 100, 82, 98, 96, 31, 30, 11, 24, 23, 5, 22, 4, 21, 37, 20, 35, 34, 124, 123, 142, 141, 55, 45, 53, 92, 81, 90, 77, 65, 75, 59, 119, 95, 117, 107, 15, 0, 8, 43, 33, 41, 29, 19, 27, 3]",True,5130936413,5.130936413,"[149, 102, 106, 121, 120, 101, 114, 145, 147, 146, 12, 58, 71, 134, 48, 67, 78, 61, 85, 93, 133, 40, 42, 143, 25, 7, 6, 2, 1, 131, 129, 130, 132, 74, 54, 52, 47, 46, 51, 76, 39, 70, 86, 80, 79, 69, 68, 127, 94, 89, 128, 66, 73, 72, 91, 97, 62, 84, 44, 57, 126, 50, 49, 56, 38, 63, 64, 60, 83, 125, 103, 104, 87, 88, 100, 82, 98, 96, 31, 30, 11, 24, 23, 5, 22, 4, 21, 37, 20, 35, 34, 124, 123, 142, 141, 119, 95, 117, 107, 90, 81, 92, 75, 59, 77, 65, 53, 45, 55, 43, 33, 41, 15, 0, 8, 27, 3, 29, 19]","[19, 29, 3, 27, 8, 0, 15, 41, 33, 43, 55, 45, 53, 65, 77, 59, 75, 92, 81, 90, 107, 117, 95, 119, 141, 142, 123, 124, 34, 35, 20, 37, 21, 4, 22, 5, 23, 24, 11, 30, 31, 96, 98, 82, 100, 88, 87, 104, 103, 125, 83, 60, 64, 63, 38, 56, 49, 50, 126, 57, 44, 84, 62, 97, 91, 72, 73, 66, 128, 89, 94, 127, 68, 69, 79, 80, 86, 70, 39, 76, 51, 46, 47, 52, 54, 74, 132, 130, 129, 131, 1, 2, 6, 7, 25, 143, 42, 40, 133, 93, 85, 61, 78, 67, 48, 134, 71, 58, 12, 146, 147, 145, 114, 101, 120, 121, 106, 102, 149]",False,complete,155,155,7140,36,410,0,410,410,,False,,,,,,,2,88,59,88,59,59,59,59
1,468,17,32,117,"[9, 10, 13, 14, 16, 17, 18, 26, 28, 32, 36, 99, 102, 105, 108, 109, 110, 111, 112, 115, 116, 118, 122, 135, 136, 137, 138, 139, 140, 144, 148, 149]","[0, 1, 2, 3, 4, 5, 6, 7, 8, 11, 12, 15, 19, 20, 21, 22, 23, 24, 25, 27, 29, 30, 31, 33, 34, 35, 37, 38, 39, 40, 41, 42, 43, 44, 45, 46, 47, 48, 49, 50, 51, 52, 53, 54, 55, 56, 57, 58, 59, 60, 61, 62, 63, 64, 65, 66, 67, 68, 69, 70, 71, 72, 73, 74, 75, 76, 77, 78, 79, 80, 81, 82, 83, 84, 85, 86, 87, 88, 89, 90, 91, 92, 93, 94, 95, 96, 97, 98, 100, 101, 103, 104, 106, 107, 114, 117, 119, 120, 121, 123, 124, 125, 126, 127, 128, 129, 130, 131, 132, 133, 134, 141, 142, 143, 145, 146, 147]","{""support_1"": 106}",[106],1,"[122, 17, 18, 32, 137, 138, 140, 139, 13, 14, 116, 118, 136, 112, 16, 111, 110, 9, 109, 144, 10, 108, 148, 115, 36, 135, 28, 26, 99, 105, 149, 102, 106, 121, 120, 114, 101, 145, 147, 146, 12, 58, 71, 134, 61, 67, 78, 48, 85, 93, 133, 42, 40, 143, 25, 7, 6, 2, 1, 132, 131, 130, 129, 76, 74, 54, 52, 47, 46, 51, 70, 86, 80, 79, 69, 68, 127, 94, 89, 128, 66, 73, 72, 91, 39, 97, 62, 84, 44, 57, 126, 50, 49, 56, 38, 63, 64, 60, 83, 125, 103, 104, 87, 88, 100, 82, 98, 96, 31, 30, 11, 24, 23, 5, 22, 4, 21, 37, 20, 35, 34, 124, 123, 142, 141, 55, 45, 53, 92, 81, 90, 77, 65, 75, 59, 119, 95, 117, 107, 15, 0, 8, 43, 33, 41, 29, 19, 27, 3]",True,5043970901,5.043970901,"[106, 121, 120, 114, 101, 145, 147, 146, 12, 71, 58, 134, 67, 48, 78, 61, 93, 85, 133, 42, 40, 143, 25, 7, 6, 2, 1, 131, 130, 129, 132, 52, 74, 54, 47, 46, 51, 76, 39, 70, 86, 80, 79, 69, 68, 127, 94, 89, 128, 66, 73, 72, 91, 97, 62, 84, 44, 57, 126, 50, 49, 56, 38, 63, 64, 60, 83, 125, 103, 104, 87, 88, 100, 82, 98, 96, 31, 30, 11, 24, 23, 5, 22, 4, 21, 37, 20, 35, 34, 124, 123, 141, 142, 77, 59, 75, 92, 65, 90, 81, 117, 95, 119, 107, 53, 45, 55, 27, 41, 33, 43, 19, 29, 8, 3, 15, 0]","[0, 15, 3, 8, 29, 19, 43, 33, 41, 27, 55, 45, 53, 107, 119, 95, 117, 81, 90, 65, 92, 75, 59, 77, 142, 141, 123, 124, 34, 35, 20, 37, 21, 4, 22, 5, 23, 24, 11, 30, 31, 96, 98, 82, 100, 88, 87, 104, 103, 125, 83, 60, 64, 63, 38, 56, 49, 50, 126, 57, 44, 84, 62, 97, 91, 72, 73, 66, 128, 89, 94, 127, 68, 69, 79, 80, 86, 70, 39, 76, 51, 46, 47, 54, 74, 52, 132, 129, 130, 131, 1, 2, 6, 7, 25, 143, 40, 42, 133, 85, 93, 61, 78, 48, 67, 134, 58, 71, 12, 146, 147, 145, 101, 114, 120, 121, 106]",False,complete,153,153,6903,36,408,0,408,408,,False,,,,,,,2,87,58,87,58,58,58,59
1,469,18,34,115,"[9, 10, 13, 14, 16, 17, 18, 26, 28, 32, 36, 99, 102, 105, 106, 108, 109, 110, 111, 112, 115, 116, 118, 121, 122, 135, 136, 137, 138, 139, 140, 144, 148, 149]","[0, 1, 2, 3, 4, 5, 6, 7, 8, 11, 12, 15, 19, 20, 21, 22, 23, 24, 25, 27, 29, 30, 31, 33, 34, 35, 37, 38, 39, 40, 41, 42, 43, 44, 45, 46, 47, 48, 49, 50, 51, 52, 53, 54, 55, 56, 57, 58, 59, 60, 61, 62, 63, 64, 65, 66, 67, 68, 69, 70, 71, 72, 73, 74, 75, 76, 77, 78, 79, 80, 81, 82, 83, 84, 85, 86, 87, 88, 89, 90, 91, 92, 93, 94, 95, 96, 97, 98, 100, 101, 103, 104, 107, 114, 117, 119, 120, 123, 124, 125, 126, 127, 128, 129, 130, 131, 132, 133, 134, 141, 142, 143, 145, 146, 147]","{""support_1"": 120}",[120],1,"[122, 17, 18, 32, 137, 138, 140, 139, 13, 14, 116, 118, 136, 112, 16, 111, 110, 9, 109, 144, 10, 108, 148, 115, 36, 135, 28, 26, 99, 105, 149, 102, 106, 121, 120, 114, 101, 145, 147, 146, 12, 58, 71, 134, 61, 67, 78, 48, 85, 93, 133, 42, 40, 143, 25, 7, 6, 2, 1, 132, 131, 130, 129, 76, 74, 54, 52, 47, 46, 51, 70, 86, 80, 79, 69, 68, 127, 94, 89, 128, 66, 73, 72, 91, 39, 97, 62, 84, 44, 57, 126, 50, 49, 56, 38, 63, 64, 60, 83, 125, 103, 104, 87, 88, 100, 82, 98, 96, 31, 30, 11, 24, 23, 5, 22, 4, 21, 37, 20, 35, 34, 124, 123, 142, 141, 55, 45, 53, 92, 81, 90, 77, 65, 75, 59, 119, 95, 117, 107, 15, 0, 8, 43, 33, 41, 29, 19, 27, 3]",True,5011183061,5.011183061,"[120, 101, 114, 145, 147, 146, 12, 71, 58, 134, 67, 61, 78, 48, 85, 93, 133, 42, 40, 143, 25, 7, 6, 2, 1, 131, 130, 132, 129, 52, 54, 47, 46, 51, 76, 74, 70, 86, 80, 79, 69, 68, 127, 94, 89, 128, 66, 73, 72, 91, 39, 97, 62, 84, 44, 57, 126, 50, 49, 56, 38, 63, 64, 60, 83, 125, 103, 104, 87, 88, 100, 82, 98, 96, 31, 30, 24, 11, 23, 5, 22, 4, 21, 37, 20, 35, 34, 124, 123, 142, 141, 55, 45, 53, 90, 81, 92, 117, 107, 119, 95, 75, 59, 77, 65, 8, 0, 15, 29, 3, 27, 41, 33, 43, 19]","[19, 43, 33, 41, 27, 3, 29, 15, 0, 8, 65, 77, 59, 75, 95, 119, 107, 117, 92, 81, 90, 53, 45, 55, 141, 142, 123, 124, 34, 35, 20, 37, 21, 4, 22, 5, 23, 11, 24, 30, 31, 96, 98, 82, 100, 88, 87, 104, 103, 125, 83, 60, 64, 63, 38, 56, 49, 50, 126, 57, 44, 84, 62, 97, 39, 91, 72, 73, 66, 128, 89, 94, 127, 68, 69, 79, 80, 86, 70, 74, 76, 51, 46, 47, 54, 52, 129, 132, 130, 131, 1, 2, 6, 7, 25, 143, 40, 42, 133, 93, 85, 48, 78, 61, 67, 134, 58, 71, 12, 146, 147, 145, 114, 101, 120]",False,complete,153,153,6670,38,404,0,404,404,,False,,,,,,,2,85,56,85,56,56,56,57
1,470,19,36,113,"[9, 10, 13, 14, 16, 17, 18, 26, 28, 32, 36, 99, 102, 105, 106, 108, 109, 110, 111, 112, 114, 115, 116, 118, 120, 121, 122, 135, 136, 137, 138, 139, 140, 144, 148, 149]","[0, 1, 2, 3, 4, 5, 6, 7, 8, 11, 12, 15, 19, 20, 21, 22, 23, 24, 25, 27, 29, 30, 31, 33, 34, 35, 37, 38, 39, 40, 41, 42, 43, 44, 45, 46, 47, 48, 49, 50, 51, 52, 53, 54, 55, 56, 57, 58, 59, 60, 61, 62, 63, 64, 65, 66, 67, 68, 69, 70, 71, 72, 73, 74, 75, 76, 77, 78, 79, 80, 81, 82, 83, 84, 85, 86, 87, 88, 89, 90, 91, 92, 93, 94, 95, 96, 97, 98, 100, 101, 103, 104, 107, 117, 119, 123, 124, 125, 126, 127, 128, 129, 130, 131, 132, 133, 134, 141, 142, 143, 145, 146, 147]","{""support_1"": 101}",[101],1,"[122, 17, 18, 32, 137, 138, 140, 139, 13, 14, 116, 118, 136, 112, 16, 111, 110, 9, 109, 144, 10, 108, 148, 115, 36, 135, 28, 26, 99, 105, 149, 102, 106, 121, 120, 114, 101, 145, 147, 146, 12, 58, 71, 134, 61, 67, 78, 48, 85, 93, 133, 42, 40, 143, 25, 7, 6, 2, 1, 132, 131, 130, 129, 76, 74, 54, 52, 47, 46, 51, 70, 86, 80, 79, 69, 68, 127, 94, 89, 128, 66, 73, 72, 91, 39, 97, 62, 84, 44, 57, 126, 50, 49, 56, 38, 63, 64, 60, 83, 125, 103, 104, 87, 88, 100, 82, 98, 96, 31, 30, 11, 24, 23, 5, 22, 4, 21, 37, 20, 35, 34, 124, 123, 142, 141, 55, 45, 53, 92, 81, 90, 77, 65, 75, 59, 119, 95, 117, 107, 15, 0, 8, 43, 33, 41, 29, 19, 27, 3]",True,4758596311,4.758596311,"[101, 145, 146, 147, 12, 58, 71, 134, 61, 67, 78, 48, 93, 85, 133, 42, 40, 143, 25, 7, 6, 2, 1, 131, 130, 129, 132, 76, 54, 74, 52, 47, 46, 51, 39, 70, 86, 80, 79, 69, 68, 127, 94, 89, 128, 66, 73, 72, 91, 97, 62, 84, 44, 57, 126, 50, 49, 56, 38, 63, 64, 60, 83, 125, 103, 104, 87, 88, 100, 82, 98, 96, 31, 30, 11, 24, 23, 5, 22, 4, 21, 37, 20, 35, 34, 124, 123, 142, 141, 53, 45, 55, 92, 81, 90, 119, 95, 117, 107, 75, 59, 77, 65, 8, 0, 15, 29, 3, 27, 43, 19, 41, 33]","[33, 41, 19, 43, 27, 3, 29, 15, 0, 8, 65, 77, 59, 75, 107, 117, 95, 119, 90, 81, 92, 55, 45, 53, 141, 142, 123, 124, 34, 35, 20, 37, 21, 4, 22, 5, 23, 24, 11, 30, 31, 96, 98, 82, 100, 88, 87, 104, 103, 125, 83, 60, 64, 63, 38, 56, 49, 50, 126, 57, 44, 84, 62, 97, 91, 72, 73, 66, 128, 89, 94, 127, 68, 69, 79, 80, 86, 70, 39, 51, 46, 47, 52, 74, 54, 76, 132, 129, 130, 131, 1, 2, 6, 7, 25, 143, 40, 42, 133, 85, 93, 48, 78, 67, 61, 134, 71, 58, 12, 147, 146, 145, 101]",False,complete,149,149,6441,36,397,0,397,397,,False,,,,,,,2,82,54,82,54,54,54,55
1,471,20,38,111,"[9, 10, 13, 14, 16, 17, 18, 26, 28, 32, 36, 99, 101, 102, 105, 106, 108, 109, 110, 111, 112, 114, 115, 116, 118, 120, 121, 122, 135, 136, 137, 138, 139, 140, 144, 145, 148, 149]","[0, 1, 2, 3, 4, 5, 6, 7, 8, 11, 12, 15, 19, 20, 21, 22, 23, 24, 25, 27, 29, 30, 31, 33, 34, 35, 37, 38, 39, 40, 41, 42, 43, 44, 45, 46, 47, 48, 49, 50, 51, 52, 53, 54, 55, 56, 57, 58, 59, 60, 61, 62, 63, 64, 65, 66, 67, 68, 69, 70, 71, 72, 73, 74, 75, 76, 77, 78, 79, 80, 81, 82, 83, 84, 85, 86, 87, 88, 89, 90, 91, 92, 93, 94, 95, 96, 97, 98, 100, 103, 104, 107, 117, 119, 123, 124, 125, 126, 127, 128, 129, 130, 131, 132, 133, 134, 141, 142, 143, 146, 147]",{},[],0,"[122, 17, 18, 32, 137, 138, 140, 139, 13, 14, 116, 118, 136, 112, 16, 111, 110, 9, 109, 144, 10, 108, 148, 115, 36, 135, 28, 26, 99, 105, 149, 102, 106, 121, 120, 114, 101, 145, 147, 146, 12, 58, 71, 134, 61, 67, 78, 48, 85, 93, 133, 42, 40, 143, 25, 7, 6, 2, 1, 132, 131, 130, 129, 76, 74, 54, 52, 47, 46, 51, 70, 86, 80, 79, 69, 68, 127, 94, 89, 128, 66, 73, 72, 91, 39, 97, 62, 84, 44, 57, 126, 50, 49, 56, 38, 63, 64, 60, 83, 125, 103, 104, 87, 88, 100, 82, 98, 96, 31, 30, 11, 24, 23, 5, 22, 4, 21, 37, 20, 35, 34, 124, 123, 142, 141, 55, 45, 53, 92, 81, 90, 77, 65, 75, 59, 119, 95, 117, 107, 15, 0, 8, 43, 33, 41, 29, 19, 27, 3]",True,4422622289,4.422622289,"[146, 147, 12, 71, 58, 134, 78, 67, 61, 48, 85, 93, 133, 42, 40, 143, 25, 7, 6, 2, 1, 130, 129, 132, 131, 76, 52, 74, 54, 47, 46, 51, 39, 70, 86, 80, 79, 69, 68, 127, 94, 89, 128, 66, 73, 72, 91, 97, 62, 84, 44, 57, 126, 50, 49, 56, 38, 63, 64, 60, 83, 125, 103, 104, 87, 88, 100, 82, 98, 96, 31, 30, 11, 24, 23, 5, 22, 4, 21, 37, 20, 35, 34, 124, 123, 141, 142, 119, 95, 117, 107, 77, 59, 75, 55, 45, 53, 92, 65, 90, 81, 29, 43, 33, 41, 19, 27, 15, 0, 8, 3]","[3, 8, 0, 15, 27, 19, 41, 33, 43, 29, 81, 90, 65, 92, 53, 45, 55, 75, 59, 77, 107, 117, 95, 119, 142, 141, 123, 124, 34, 35, 20, 37, 21, 4, 22, 5, 23, 24, 11, 30, 31, 96, 98, 82, 100, 88, 87, 104, 103, 125, 83, 60, 64, 63, 38, 56, 49, 50, 126, 57, 44, 84, 62, 97, 91, 72, 73, 66, 128, 89, 94, 127, 68, 69, 79, 80, 86, 70, 39, 51, 46, 47, 54, 74, 52, 76, 131, 132, 129, 130, 1, 2, 6, 7, 25, 143, 40, 42, 133, 93, 85, 48, 61, 67, 78, 134, 58, 71, 12, 147, 146]",False,complete,148,148,6216,37,395,0,395,395,,False,,,,,,,2,82,54,82,54,54,54,54
1,472,21,40,109,"[9, 10, 13, 14, 16, 17, 18, 26, 28, 32, 36, 99, 101, 102, 105, 106, 108, 109, 110, 111, 112, 114, 115, 116, 118, 120, 121, 122, 135, 136, 137, 138, 139, 140, 144, 145, 146, 147, 148, 149]","[0, 1, 2, 3, 4, 5, 6, 7, 8, 11, 12, 15, 19, 20, 21, 22, 23, 24, 25, 27, 29, 30, 31, 33, 34, 35, 37, 38, 39, 40, 41, 42, 43, 44, 45, 46, 47, 48, 49, 50, 51, 52, 53, 54, 55, 56, 57, 58, 59, 60, 61, 62, 63, 64, 65, 66, 67, 68, 69, 70, 71, 72, 73, 74, 75, 76, 77, 78, 79, 80, 81, 82, 83, 84, 85, 86, 87, 88, 89, 90, 91, 92, 93, 94, 95, 96, 97, 98, 100, 103, 104, 107, 117, 119, 123, 124, 125, 126, 127, 128, 129, 130, 131, 132, 133, 134, 141, 142, 143]",{},[],0,"[122, 17, 18, 32, 137, 138, 140, 139, 13, 14, 116, 118, 136, 112, 16, 111, 110, 9, 109, 144, 10, 108, 148, 115, 36, 135, 28, 26, 99, 105, 149, 102, 106, 121, 120, 114, 101, 145, 147, 146, 12, 58, 71, 134, 61, 67, 78, 48, 85, 93, 133, 42, 40, 143, 25, 7, 6, 2, 1, 132, 131, 130, 129, 76, 74, 54, 52, 47, 46, 51, 70, 86, 80, 79, 69, 68, 127, 94, 89, 128, 66, 73, 72, 91, 39, 97, 62, 84, 44, 57, 126, 50, 49, 56, 38, 63, 64, 60, 83, 125, 103, 104, 87, 88, 100, 82, 98, 96, 31, 30, 11, 24, 23, 5, 22, 4, 21, 37, 20, 35, 34, 124, 123, 142, 141, 55, 45, 53, 92, 81, 90, 77, 65, 75, 59, 119, 95, 117, 107, 15, 0, 8, 43, 33, 41, 29, 19, 27, 3]",True,4580132372,4.580132372,"[12, 58, 71, 134, 78, 48, 67, 61, 85, 93, 133, 42, 40, 143, 25, 7, 6, 2, 1, 129, 131, 130, 132, 52, 74, 54, 47, 46, 51, 76, 39, 70, 86, 80, 79, 69, 68, 127, 94, 89, 128, 66, 73, 72, 91, 97, 62, 84, 44, 57, 126, 50, 49, 56, 38, 63, 64, 60, 83, 125, 103, 104, 87, 88, 100, 82, 98, 96, 31, 30, 24, 11, 23, 5, 22, 4, 21, 37, 20, 35, 34, 124, 123, 142, 141, 75, 59, 77, 92, 81, 90, 65, 117, 95, 119, 107, 53, 45, 55, 43, 33, 41, 8, 0, 15, 29, 19, 27, 3]","[3, 27, 19, 29, 15, 0, 8, 41, 33, 43, 55, 45, 53, 107, 119, 95, 117, 65, 90, 81, 92, 77, 59, 75, 141, 142, 123, 124, 34, 35, 20, 37, 21, 4, 22, 5, 23, 11, 24, 30, 31, 96, 98, 82, 100, 88, 87, 104, 103, 125, 83, 60, 64, 63, 38, 56, 49, 50, 126, 57, 44, 84, 62, 97, 91, 72, 73, 66, 128, 89, 94, 127, 68, 69, 79, 80, 86, 70, 39, 76, 51, 46, 47, 54, 74, 52, 132, 130, 131, 129, 1, 2, 6, 7, 25, 143, 40, 42, 133, 93, 85, 61, 67, 48, 78, 134, 71, 58, 12]",False,complete,146,146,5995,37,393,0,393,393,,False,,,,,,,2,82,54,82,54,54,54,54
1,473,22,42,107,"[9, 10, 12, 13, 14, 16, 17, 18, 26, 28, 32, 36, 58, 99, 101, 102, 105, 106, 108, 109, 110, 111, 112, 114, 115, 116, 118, 120, 121, 122, 135, 136, 137, 138, 139, 140, 144, 145, 146, 147, 148, 149]","[0, 1, 2, 3, 4, 5, 6, 7, 8, 11, 15, 19, 20, 21, 22, 23, 24, 25, 27, 29, 30, 31, 33, 34, 35, 37, 38, 39, 40, 41, 42, 43, 44, 45, 46, 47, 48, 49, 50, 51, 52, 53, 54, 55, 56, 57, 59, 60, 61, 62, 63, 64, 65, 66, 67, 68, 69, 70, 71, 72, 73, 74, 75, 76, 77, 78, 79, 80, 81, 82, 83, 84, 85, 86, 87, 88, 89, 90, 91, 92, 93, 94, 95, 96, 97, 98, 100, 103, 104, 107, 117, 119, 123, 124, 125, 126, 127, 128, 129, 130, 131, 132, 133, 134, 141, 142, 143]",{},[],0,"[122, 17, 18, 32, 137, 138, 140, 139, 13, 14, 116, 118, 136, 112, 16, 111, 110, 9, 109, 144, 10, 108, 148, 115, 36, 135, 28, 26, 99, 105, 149, 102, 106, 121, 120, 114, 101, 145, 147, 146, 12, 58, 71, 134, 61, 67, 78, 48, 85, 93, 133, 42, 40, 143, 25, 7, 6, 2, 1, 132, 131, 130, 129, 76, 74, 54, 52, 47, 46, 51, 70, 86, 80, 79, 69, 68, 127, 94, 89, 128, 66, 73, 72, 91, 39, 97, 62, 84, 44, 57, 126, 50, 49, 56, 38, 63, 64, 60, 83, 125, 103, 104, 87, 88, 100, 82, 98, 96, 31, 30, 11, 24, 23, 5, 22, 4, 21, 37, 20, 35, 34, 124, 123, 142, 141, 55, 45, 53, 92, 81, 90, 77, 65, 75, 59, 119, 95, 117, 107, 15, 0, 8, 43, 33, 41, 29, 19, 27, 3]",True,4599647599,4.599647599,"[71, 134, 48, 78, 61, 67, 85, 93, 133, 40, 42, 143, 25, 7, 6, 2, 1, 132, 131, 130, 129, 52, 76, 74, 54, 47, 46, 51, 39, 70, 86, 80, 79, 69, 68, 127, 94, 89, 128, 66, 73, 72, 91, 97, 62, 84, 44, 57, 126, 50, 49, 56, 38, 63, 64, 60, 83, 125, 103, 104, 87, 88, 100, 82, 98, 96, 31, 30, 24, 11, 23, 5, 22, 4, 21, 37, 20, 35, 34, 124, 123, 141, 142, 75, 59, 77, 90, 81, 92, 65, 53, 45, 55, 117, 95, 119, 107, 29, 15, 0, 8, 3, 27, 43, 33, 41, 19]","[19, 41, 33, 43, 27, 3, 8, 0, 15, 29, 107, 119, 95, 117, 55, 45, 53, 65, 92, 81, 90, 77, 59, 75, 142, 141, 123, 124, 34, 35, 20, 37, 21, 4, 22, 5, 23, 11, 24, 30, 31, 96, 98, 82, 100, 88, 87, 104, 103, 125, 83, 60, 64, 63, 38, 56, 49, 50, 126, 57, 44, 84, 62, 97, 91, 72, 73, 66, 128, 89, 94, 127, 68, 69, 79, 80, 86, 70, 39, 51, 46, 47, 54, 74, 76, 52, 129, 130, 131, 132, 1, 2, 6, 7, 25, 143, 42, 40, 133, 93, 85, 67, 61, 78, 48, 134, 71]",False,complete,144,144,5778,37,391,0,391,391,,False,,,,,,,2,82,54,82,54,54,54,54
1,474,23,44,105,"[9, 10, 12, 13, 14, 16, 17, 18, 26, 28, 32, 36, 58, 71, 99, 101, 102, 105, 106, 108, 109, 110, 111, 112, 114, 115, 116, 118, 120, 121, 122, 134, 135, 136, 137, 138, 139, 140, 144, 145, 146, 147, 148, 149]","[0, 1, 2, 3, 4, 5, 6, 7, 8, 11, 15, 19, 20, 21, 22, 23, 24, 25, 27, 29, 30, 31, 33, 34, 35, 37, 38, 39, 40, 41, 42, 43, 44, 45, 46, 47, 48, 49, 50, 51, 52, 53, 54, 55, 56, 57, 59, 60, 61, 62, 63, 64, 65, 66, 67, 68, 69, 70, 72, 73, 74, 75, 76, 77, 78, 79, 80, 81, 82, 83, 84, 85, 86, 87, 88, 89, 90, 91, 92, 93, 94, 95, 96, 97, 98, 100, 103, 104, 107, 117, 119, 123, 124, 125, 126, 127, 128, 129, 130, 131, 132, 133, 141, 142, 143]",{},[],0,"[122, 17, 18, 32, 137, 138, 140, 139, 13, 14, 116, 118, 136, 112, 16, 111, 110, 9, 109, 144, 10, 108, 148, 115, 36, 135, 28, 26, 99, 105, 149, 102, 106, 121, 120, 114, 101, 145, 147, 146, 12, 58, 71, 134, 61, 67, 78, 48, 85, 93, 133, 42, 40, 143, 25, 7, 6, 2, 1, 132, 131, 130, 129, 76, 74, 54, 52, 47, 46, 51, 70, 86, 80, 79, 69, 68, 127, 94, 89, 128, 66, 73, 72, 91, 39, 97, 62, 84, 44, 57, 126, 50, 49, 56, 38, 63, 64, 60, 83, 125, 103, 104, 87, 88, 100, 82, 98, 96, 31, 30, 11, 24, 23, 5, 22, 4, 21, 37, 20, 35, 34, 124, 123, 142, 141, 55, 45, 53, 92, 81, 90, 77, 65, 75, 59, 119, 95, 117, 107, 15, 0, 8, 43, 33, 41, 29, 19, 27, 3]",True,4554498400,4.554498400,"[78, 61, 48, 67, 85, 93, 133, 40, 42, 143, 25, 7, 6, 2, 1, 131, 130, 129, 132, 76, 74, 54, 52, 47, 46, 51, 70, 86, 80, 79, 69, 68, 127, 94, 89, 128, 66, 73, 72, 91, 39, 97, 62, 84, 44, 57, 126, 50, 49, 56, 38, 63, 64, 60, 83, 125, 103, 104, 87, 88, 100, 82, 98, 96, 31, 30, 24, 11, 23, 5, 22, 4, 21, 37, 20, 35, 34, 124, 123, 142, 141, 77, 59, 75, 119, 95, 117, 107, 92, 81, 90, 65, 53, 45, 55, 27, 43, 33, 41, 19, 29, 8, 3, 15, 0]","[0, 15, 3, 8, 29, 19, 41, 33, 43, 27, 55, 45, 53, 65, 90, 81, 92, 107, 117, 95, 119, 75, 59, 77, 141, 142, 123, 124, 34, 35, 20, 37, 21, 4, 22, 5, 23, 11, 24, 30, 31, 96, 98, 82, 100, 88, 87, 104, 103, 125, 83, 60, 64, 63, 38, 56, 49, 50, 126, 57, 44, 84, 62, 97, 39, 91, 72, 73, 66, 128, 89, 94, 127, 68, 69, 79, 80, 86, 70, 51, 46, 47, 52, 54, 74, 76, 132, 129, 130, 131, 1, 2, 6, 7, 25, 143, 42, 40, 133, 93, 85, 67, 48, 61, 78]",False,complete,141,141,5565,36,388,0,388,388,,False,,,,,,,2,82,54,82,54,54,54,54
1,475,24,46,103,"[9, 10, 12, 13, 14, 16, 17, 18, 26, 28, 32, 36, 58, 61, 67, 71, 99, 101, 102, 105, 106, 108, 109, 110, 111, 112, 114, 115, 116, 118, 120, 121, 122, 134, 135, 136, 137, 138, 139, 140, 144, 145, 146, 147, 148, 149]","[0, 1, 2, 3, 4, 5, 6, 7, 8, 11, 15, 19, 20, 21, 22, 23, 24, 25, 27, 29, 30, 31, 33, 34, 35, 37, 38, 39, 40, 41, 42, 43, 44, 45, 46, 47, 48, 49, 50, 51, 52, 53, 54, 55, 56, 57, 59, 60, 62, 63, 64, 65, 66, 68, 69, 70, 72, 73, 74, 75, 76, 77, 78, 79, 80, 81, 82, 83, 84, 85, 86, 87, 88, 89, 90, 91, 92, 93, 94, 95, 96, 97, 98, 100, 103, 104, 107, 117, 119, 123, 124, 125, 126, 127, 128, 129, 130, 131, 132, 133, 141, 142, 143]",{},[],0,"[122, 17, 18, 32, 137, 138, 140, 139, 13, 14, 116, 118, 136, 112, 16, 111, 110, 9, 109, 144, 10, 108, 148, 115, 36, 135, 28, 26, 99, 105, 149, 102, 106, 121, 120, 114, 101, 145, 147, 146, 12, 58, 71, 134, 61, 67, 78, 48, 85, 93, 133, 42, 40, 143, 25, 7, 6, 2, 1, 132, 131, 130, 129, 76, 74, 54, 52, 47, 46, 51, 70, 86, 80, 79, 69, 68, 127, 94, 89, 128, 66, 73, 72, 91, 39, 97, 62, 84, 44, 57, 126, 50, 49, 56, 38, 63, 64, 60, 83, 125, 103, 104, 87, 88, 100, 82, 98, 96, 31, 30, 11, 24, 23, 5, 22, 4, 21, 37, 20, 35, 34, 124, 123, 142, 141, 55, 45, 53, 92, 81, 90, 77, 65, 75, 59, 119, 95, 117, 107, 15, 0, 8, 43, 33, 41, 29, 19, 27, 3]",True,4328562540,4.328562540,"[78, 48, 93, 85, 133, 40, 42, 143, 25, 7, 6, 2, 1, 130, 132, 129, 131, 54, 74, 52, 47, 46, 51, 76, 39, 70, 86, 80, 79, 69, 68, 127, 94, 89, 128, 66, 73, 72, 91, 97, 62, 84, 44, 57, 126, 50, 49, 56, 38, 63, 64, 60, 83, 125, 103, 104, 87, 88, 100, 82, 98, 96, 31, 30, 24, 11, 23, 5, 22, 4, 21, 37, 20, 35, 34, 124, 123, 141, 142, 75, 59, 77, 117, 107, 119, 95, 90, 81, 92, 65, 53, 45, 55, 29, 15, 0, 8, 3, 27, 41, 19, 43, 33]","[33, 43, 19, 41, 27, 3, 8, 0, 15, 29, 55, 45, 53, 65, 92, 81, 90, 95, 119, 107, 117, 77, 59, 75, 142, 141, 123, 124, 34, 35, 20, 37, 21, 4, 22, 5, 23, 11, 24, 30, 31, 96, 98, 82, 100, 88, 87, 104, 103, 125, 83, 60, 64, 63, 38, 56, 49, 50, 126, 57, 44, 84, 62, 97, 91, 72, 73, 66, 128, 89, 94, 127, 68, 69, 79, 80, 86, 70, 39, 76, 51, 46, 47, 52, 74, 54, 131, 129, 132, 130, 1, 2, 6, 7, 25, 143, 42, 40, 133, 85, 93, 48, 78]",False,complete,140,140,5356,37,387,0,387,387,,False,,,,,,,2,82,54,82,54,54,54,54
1,476,25,48,101,"[9, 10, 12, 13, 14, 16, 17, 18, 26, 28, 32, 36, 48, 58, 61, 67, 71, 78, 99, 101, 102, 105, 106, 108, 109, 110, 111, 112, 114, 115, 116, 118, 120, 121, 122, 134, 135, 136, 137, 138, 139, 140, 144, 145, 146, 147, 148, 149]","[0, 1, 2, 3, 4, 5, 6, 7, 8, 11, 15, 19, 20, 21, 22, 23, 24, 25, 27, 29, 30, 31, 33, 34, 35, 37, 38, 39, 40, 41, 42, 43, 44, 45, 46, 47, 49, 50, 51, 52, 53, 54, 55, 56, 57, 59, 60, 62, 63, 64, 65, 66, 68, 69, 70, 72, 73, 74, 75, 76, 77, 79, 80, 81, 82, 83, 84, 85, 86, 87, 88, 89, 90, 91, 92, 93, 94, 95, 96, 97, 98, 100, 103, 104, 107, 117, 119, 123, 124, 125, 126, 127, 128, 129, 130, 131, 132, 133, 141, 142, 143]",{},[],0,"[122, 17, 18, 32, 137, 138, 140, 139, 13, 14, 116, 118, 136, 112, 16, 111, 110, 9, 109, 144, 10, 108, 148, 115, 36, 135, 28, 26, 99, 105, 149, 102, 106, 121, 120, 114, 101, 145, 147, 146, 12, 58, 71, 134, 61, 67, 78, 48, 85, 93, 133, 42, 40, 143, 25, 7, 6, 2, 1, 132, 131, 130, 129, 76, 74, 54, 52, 47, 46, 51, 70, 86, 80, 79, 69, 68, 127, 94, 89, 128, 66, 73, 72, 91, 39, 97, 62, 84, 44, 57, 126, 50, 49, 56, 38, 63, 64, 60, 83, 125, 103, 104, 87, 88, 100, 82, 98, 96, 31, 30, 11, 24, 23, 5, 22, 4, 21, 37, 20, 35, 34, 124, 123, 142, 141, 55, 45, 53, 92, 81, 90, 77, 65, 75, 59, 119, 95, 117, 107, 15, 0, 8, 43, 33, 41, 29, 19, 27, 3]",True,4348761784,4.348761784,"[93, 85, 133, 40, 42, 143, 25, 7, 6, 2, 1, 131, 132, 129, 130, 76, 54, 74, 52, 47, 46, 51, 39, 70, 86, 80, 79, 69, 68, 127, 94, 89, 128, 66, 73, 72, 91, 97, 62, 84, 44, 57, 126, 50, 49, 56, 38, 63, 64, 60, 83, 125, 103, 104, 87, 88, 100, 82, 98, 96, 31, 30, 24, 11, 23, 5, 22, 4, 21, 37, 20, 35, 34, 124, 123, 142, 141, 55, 45, 53, 90, 81, 92, 75, 59, 77, 65, 117, 107, 119, 95, 43, 33, 41, 15, 0, 8, 27, 19, 29, 3]","[3, 29, 19, 27, 8, 0, 15, 41, 33, 43, 95, 119, 107, 117, 65, 77, 59, 75, 92, 81, 90, 53, 45, 55, 141, 142, 123, 124, 34, 35, 20, 37, 21, 4, 22, 5, 23, 11, 24, 30, 31, 96, 98, 82, 100, 88, 87, 104, 103, 125, 83, 60, 64, 63, 38, 56, 49, 50, 126, 57, 44, 84, 62, 97, 91, 72, 73, 66, 128, 89, 94, 127, 68, 69, 79, 80, 86, 70, 39, 51, 46, 47, 52, 74, 54, 76, 130, 129, 132, 131, 1, 2, 6, 7, 25, 143, 42, 40, 133, 85, 93]",False,complete,138,138,5151,37,385,0,385,385,,False,,,,,,,2,82,54,82,54,54,54,54
1,477,26,50,99,"[9, 10, 12, 13, 14, 16, 17, 18, 26, 28, 32, 36, 48, 58, 61, 67, 71, 78, 85, 93, 99, 101, 102, 105, 106, 108, 109, 110, 111, 112, 114, 115, 116, 118, 120, 121, 122, 134, 135, 136, 137, 138, 139, 140, 144, 145, 146, 147, 148, 149]","[0, 1, 2, 3, 4, 5, 6, 7, 8, 11, 15, 19, 20, 21, 22, 23, 24, 25, 27, 29, 30, 31, 33, 34, 35, 37, 38, 39, 40, 41, 42, 43, 44, 45, 46, 47, 49, 50, 51, 52, 53, 54, 55, 56, 57, 59, 60, 62, 63, 64, 65, 66, 68, 69, 70, 72, 73, 74, 75, 76, 77, 79, 80, 81, 82, 83, 84, 86, 87, 88, 89, 90, 91, 92, 94, 95, 96, 97, 98, 100, 103, 104, 107, 117, 119, 123, 124, 125, 126, 127, 128, 129, 130, 131, 132, 133, 141, 142, 143]",{},[],0,"[122, 17, 18, 32, 137, 138, 140, 139, 13, 14, 116, 118, 136, 112, 16, 111, 110, 9, 109, 144, 10, 108, 148, 115, 36, 135, 28, 26, 99, 105, 149, 102, 106, 121, 120, 114, 101, 145, 147, 146, 12, 58, 71, 134, 61, 67, 78, 48, 85, 93, 133, 42, 40, 143, 25, 7, 6, 2, 1, 132, 131, 130, 129, 76, 74, 54, 52, 47, 46, 51, 70, 86, 80, 79, 69, 68, 127, 94, 89, 128, 66, 73, 72, 91, 39, 97, 62, 84, 44, 57, 126, 50, 49, 56, 38, 63, 64, 60, 83, 125, 103, 104, 87, 88, 100, 82, 98, 96, 31, 30, 11, 24, 23, 5, 22, 4, 21, 37, 20, 35, 34, 124, 123, 142, 141, 55, 45, 53, 92, 81, 90, 77, 65, 75, 59, 119, 95, 117, 107, 15, 0, 8, 43, 33, 41, 29, 19, 27, 3]",True,4231275877,4.231275877,"[133, 42, 40, 143, 25, 7, 6, 2, 1, 130, 129, 132, 131, 74, 76, 54, 52, 47, 46, 51, 70, 86, 80, 79, 69, 68, 127, 94, 89, 128, 66, 73, 72, 91, 39, 97, 62, 84, 44, 57, 126, 50, 49, 56, 38, 63, 64, 60, 83, 125, 103, 104, 87, 88, 100, 82, 98, 96, 31, 30, 24, 11, 23, 5, 22, 4, 21, 37, 20, 35, 34, 124, 123, 141, 142, 55, 45, 53, 90, 81, 92, 119, 107, 117, 95, 75, 65, 77, 59, 27, 15, 0, 8, 3, 29, 43, 33, 41, 19]","[19, 41, 33, 43, 29, 3, 8, 0, 15, 27, 59, 77, 65, 75, 95, 117, 107, 119, 92, 81, 90, 53, 45, 55, 142, 141, 123, 124, 34, 35, 20, 37, 21, 4, 22, 5, 23, 11, 24, 30, 31, 96, 98, 82, 100, 88, 87, 104, 103, 125, 83, 60, 64, 63, 38, 56, 49, 50, 126, 57, 44, 84, 62, 97, 39, 91, 72, 73, 66, 128, 89, 94, 127, 68, 69, 79, 80, 86, 70, 51, 46, 47, 52, 54, 76, 74, 131, 132, 129, 130, 1, 2, 6, 7, 25, 143, 40, 42, 133]",False,complete,137,137,4950,38,384,0,384,384,,False,,,,,,,2,82,54,82,54,54,54,54
1,478,27,52,97,"[9, 10, 12, 13, 14, 16, 17, 18, 26, 28, 32, 36, 42, 48, 58, 61, 67, 71, 78, 85, 93, 99, 101, 102, 105, 106, 108, 109, 110, 111, 112, 114, 115, 116, 118, 120, 121, 122, 133, 134, 135, 136, 137, 138, 139, 140, 144, 145, 146, 147, 148, 149]","[0, 1, 2, 3, 4, 5, 6, 7, 8, 11, 15, 19, 20, 21, 22, 23, 24, 25, 27, 29, 30, 31, 33, 34, 35, 37, 38, 39, 40, 41, 43, 44, 45, 46, 47, 49, 50, 51, 52, 53, 54, 55, 56, 57, 59, 60, 62, 63, 64, 65, 66, 68, 69, 70, 72, 73, 74, 75, 76, 77, 79, 80, 81, 82, 83, 84, 86, 87, 88, 89, 90, 91, 92, 94, 95, 96, 97, 98, 100, 103, 104, 107, 117, 119, 123, 124, 125, 126, 127, 128, 129, 130, 131, 132, 141, 142, 143]",{},[],0,"[122, 17, 18, 32, 137, 138, 140, 139, 13, 14, 116, 118, 136, 112, 16, 111, 110, 9, 109, 144, 10, 108, 148, 115, 36, 135, 28, 26, 99, 105, 149, 102, 106, 121, 120, 114, 101, 145, 147, 146, 12, 58, 71, 134, 61, 67, 78, 48, 85, 93, 133, 42, 40, 143, 25, 7, 6, 2, 1, 132, 131, 130, 129, 76, 74, 54, 52, 47, 46, 51, 70, 86, 80, 79, 69, 68, 127, 94, 89, 128, 66, 73, 72, 91, 39, 97, 62, 84, 44, 57, 126, 50, 49, 56, 38, 63, 64, 60, 83, 125, 103, 104, 87, 88, 100, 82, 98, 96, 31, 30, 11, 24, 23, 5, 22, 4, 21, 37, 20, 35, 34, 124, 123, 142, 141, 55, 45, 53, 92, 81, 90, 77, 65, 75, 59, 119, 95, 117, 107, 15, 0, 8, 43, 33, 41, 29, 19, 27, 3]",True,4145317094,4.145317094,"[40, 143, 25, 7, 6, 2, 1, 131, 129, 132, 130, 54, 76, 52, 47, 46, 51, 74, 39, 70, 86, 80, 79, 69, 68, 127, 94, 89, 128, 66, 73, 72, 91, 97, 62, 84, 44, 57, 126, 50, 49, 56, 38, 63, 64, 60, 83, 125, 103, 104, 87, 88, 100, 82, 98, 96, 31, 30, 11, 24, 23, 5, 22, 4, 21, 37, 20, 35, 34, 124, 123, 141, 142, 90, 81, 92, 53, 45, 55, 119, 95, 117, 107, 77, 65, 75, 59, 41, 33, 43, 8, 0, 15, 29, 19, 27, 3]","[3, 27, 19, 29, 15, 0, 8, 43, 33, 41, 59, 75, 65, 77, 107, 117, 95, 119, 55, 45, 53, 92, 81, 90, 142, 141, 123, 124, 34, 35, 20, 37, 21, 4, 22, 5, 23, 24, 11, 30, 31, 96, 98, 82, 100, 88, 87, 104, 103, 125, 83, 60, 64, 63, 38, 56, 49, 50, 126, 57, 44, 84, 62, 97, 91, 72, 73, 66, 128, 89, 94, 127, 68, 69, 79, 80, 86, 70, 39, 74, 51, 46, 47, 52, 76, 54, 130, 132, 129, 131, 1, 2, 6, 7, 25, 143, 40]",False,complete,133,133,4753,36,380,0,380,380,,False,,,,,,,2,82,54,82,54,54,54,54
1,479,28,54,95,"[9, 10, 12, 13, 14, 16, 17, 18, 26, 28, 32, 36, 40, 42, 48, 58, 61, 67, 71, 78, 85, 93, 99, 101, 102, 105, 106, 108, 109, 110, 111, 112, 114, 115, 116, 118, 120, 121, 122, 133, 134, 135, 136, 137, 138, 139, 140, 143, 144, 145, 146, 147, 148, 149]","[0, 1, 2, 3, 4, 5, 6, 7, 8, 11, 15, 19, 20, 21, 22, 23, 24, 25, 27, 29, 30, 31, 33, 34, 35, 37, 38, 39, 41, 43, 44, 45, 46, 47, 49, 50, 51, 52, 53, 54, 55, 56, 57, 59, 60, 62, 63, 64, 65, 66, 68, 69, 70, 72, 73, 74, 75, 76, 77, 79, 80, 81, 82, 83, 84, 86, 87, 88, 89, 90, 91, 92, 94, 95, 96, 97, 98, 100, 103, 104, 107, 117, 119, 123, 124, 125, 126, 127, 128, 129, 130, 131, 132, 141, 142]",{},[],0,"[122, 17, 18, 32, 137, 138, 140, 139, 13, 14, 116, 118, 136, 112, 16, 111, 110, 9, 109, 144, 10, 108, 148, 115, 36, 135, 28, 26, 99, 105, 149, 102, 106, 121, 120, 114, 101, 145, 147, 146, 12, 58, 71, 134, 61, 67, 78, 48, 85, 93, 133, 42, 40, 143, 25, 7, 6, 2, 1, 132, 131, 130, 129, 76, 74, 54, 52, 47, 46, 51, 70, 86, 80, 79, 69, 68, 127, 94, 89, 128, 66, 73, 72, 91, 39, 97, 62, 84, 44, 57, 126, 50, 49, 56, 38, 63, 64, 60, 83, 125, 103, 104, 87, 88, 100, 82, 98, 96, 31, 30, 11, 24, 23, 5, 22, 4, 21, 37, 20, 35, 34, 124, 123, 142, 141, 55, 45, 53, 92, 81, 90, 77, 65, 75, 59, 119, 95, 117, 107, 15, 0, 8, 43, 33, 41, 29, 19, 27, 3]",True,4190476412,4.190476412,"[25, 7, 6, 2, 1, 129, 132, 130, 131, 76, 74, 54, 52, 47, 46, 51, 70, 86, 80, 79, 69, 68, 127, 94, 89, 128, 66, 73, 72, 91, 39, 97, 62, 84, 44, 57, 126, 50, 49, 56, 38, 63, 64, 60, 83, 125, 103, 104, 87, 88, 100, 82, 98, 96, 31, 30, 11, 24, 23, 5, 22, 4, 21, 37, 20, 35, 34, 124, 123, 141, 142, 117, 107, 119, 95, 55, 45, 53, 90, 81, 92, 77, 59, 75, 65, 29, 27, 15, 3, 8, 0, 43, 19, 41, 33]","[33, 41, 19, 43, 0, 8, 3, 15, 27, 29, 65, 75, 59, 77, 92, 81, 90, 53, 45, 55, 95, 119, 107, 117, 142, 141, 123, 124, 34, 35, 20, 37, 21, 4, 22, 5, 23, 24, 11, 30, 31, 96, 98, 82, 100, 88, 87, 104, 103, 125, 83, 60, 64, 63, 38, 56, 49, 50, 126, 57, 44, 84, 62, 97, 39, 91, 72, 73, 66, 128, 89, 94, 127, 68, 69, 79, 80, 86, 70, 51, 46, 47, 52, 54, 74, 76, 131, 130, 132, 129, 1, 2, 6, 7, 25]",False,complete,132,132,4560,37,378,0,378,378,,False,,,,,,,2,81,53,81,53,53,53,53
1,480,29,56,93,"[7, 9, 10, 12, 13, 14, 16, 17, 18, 25, 26, 28, 32, 36, 40, 42, 48, 58, 61, 67, 71, 78, 85, 93, 99, 101, 102, 105, 106, 108, 109, 110, 111, 112, 114, 115, 116, 118, 120, 121, 122, 133, 134, 135, 136, 137, 138, 139, 140, 143, 144, 145, 146, 147, 148, 149]","[0, 1, 2, 3, 4, 5, 6, 8, 11, 15, 19, 20, 21, 22, 23, 24, 27, 29, 30, 31, 33, 34, 35, 37, 38, 39, 41, 43, 44, 45, 46, 47, 49, 50, 51, 52, 53, 54, 55, 56, 57, 59, 60, 62, 63, 64, 65, 66, 68, 69, 70, 72, 73, 74, 75, 76, 77, 79, 80, 81, 82, 83, 84, 86, 87, 88, 89, 90, 91, 92, 94, 95, 96, 97, 98, 100, 103, 104, 107, 117, 119, 123, 124, 125, 126, 127, 128, 129, 130, 131, 132, 141, 142]",{},[],0,"[122, 17, 18, 32, 137, 138, 140, 139, 13, 14, 116, 118, 136, 112, 16, 111, 110, 9, 109, 144, 10, 108, 148, 115, 36, 135, 28, 26, 99, 105, 149, 102, 106, 121, 120, 114, 101, 145, 147, 146, 12, 58, 71, 134, 61, 67, 78, 48, 85, 93, 133, 42, 40, 143, 25, 7, 6, 2, 1, 132, 131, 130, 129, 76, 74, 54, 52, 47, 46, 51, 70, 86, 80, 79, 69, 68, 127, 94, 89, 128, 66, 73, 72, 91, 39, 97, 62, 84, 44, 57, 126, 50, 49, 56, 38, 63, 64, 60, 83, 125, 103, 104, 87, 88, 100, 82, 98, 96, 31, 30, 11, 24, 23, 5, 22, 4, 21, 37, 20, 35, 34, 124, 123, 142, 141, 55, 45, 53, 92, 81, 90, 77, 65, 75, 59, 119, 95, 117, 107, 15, 0, 8, 43, 33, 41, 29, 19, 27, 3]",True,4062609376,4.062609376,"[6, 2, 1, 130, 131, 132, 129, 74, 54, 76, 52, 47, 46, 51, 70, 86, 80, 79, 69, 68, 127, 94, 89, 128, 66, 73, 72, 91, 39, 97, 62, 84, 44, 57, 126, 50, 49, 56, 38, 63, 64, 60, 83, 125, 103, 104, 87, 88, 100, 82, 98, 96, 31, 30, 24, 11, 23, 5, 22, 4, 21, 37, 20, 35, 34, 124, 123, 142, 141, 77, 59, 75, 53, 45, 55, 92, 65, 90, 81, 119, 95, 117, 107, 29, 41, 33, 43, 19, 27, 8, 3, 15, 0]","[0, 15, 3, 8, 27, 19, 43, 33, 41, 29, 107, 117, 95, 119, 81, 90, 65, 92, 55, 45, 53, 75, 59, 77, 141, 142, 123, 124, 34, 35, 20, 37, 21, 4, 22, 5, 23, 11, 24, 30, 31, 96, 98, 82, 100, 88, 87, 104, 103, 125, 83, 60, 64, 63, 38, 56, 49, 50, 126, 57, 44, 84, 62, 97, 39, 91, 72, 73, 66, 128, 89, 94, 127, 68, 69, 79, 80, 86, 70, 51, 46, 47, 52, 76, 54, 74, 129, 132, 131, 130, 1, 2, 6]",False,complete,130,130,4371,37,377,0,377,377,,False,,,,,,,2,82,54,82,54,54,54,54
1,481,30,58,91,"[2, 6, 7, 9, 10, 12, 13, 14, 16, 17, 18, 25, 26, 28, 32, 36, 40, 42, 48, 58, 61, 67, 71, 78, 85, 93, 99, 101, 102, 105, 106, 108, 109, 110, 111, 112, 114, 115, 116, 118, 120, 121, 122, 133, 134, 135, 136, 137, 138, 139, 140, 143, 144, 145, 146, 147, 148, 149]","[0, 1, 3, 4, 5, 8, 11, 15, 19, 20, 21, 22, 23, 24, 27, 29, 30, 31, 33, 34, 35, 37, 38, 39, 41, 43, 44, 45, 46, 47, 49, 50, 51, 52, 53, 54, 55, 56, 57, 59, 60, 62, 63, 64, 65, 66, 68, 69, 70, 72, 73, 74, 75, 76, 77, 79, 80, 81, 82, 83, 84, 86, 87, 88, 89, 90, 91, 92, 94, 95, 96, 97, 98, 100, 103, 104, 107, 117, 119, 123, 124, 125, 126, 127, 128, 129, 130, 131, 132, 141, 142]","{""support_1"": 1}",[1],1,"[122, 17, 18, 32, 137, 138, 140, 139, 13, 14, 116, 118, 136, 112, 16, 111, 110, 9, 109, 144, 10, 108, 148, 115, 36, 135, 28, 26, 99, 105, 149, 102, 106, 121, 120, 114, 101, 145, 147, 146, 12, 58, 71, 134, 61, 67, 78, 48, 85, 93, 133, 42, 40, 143, 25, 7, 6, 2, 1, 132, 131, 130, 129, 76, 74, 54, 52, 47, 46, 51, 70, 86, 80, 79, 69, 68, 127, 94, 89, 128, 66, 73, 72, 91, 39, 97, 62, 84, 44, 57, 126, 50, 49, 56, 38, 63, 64, 60, 83, 125, 103, 104, 87, 88, 100, 82, 98, 96, 31, 30, 11, 24, 23, 5, 22, 4, 21, 37, 20, 35, 34, 124, 123, 142, 141, 55, 45, 53, 92, 81, 90, 77, 65, 75, 59, 119, 95, 117, 107, 15, 0, 8, 43, 33, 41, 29, 19, 27, 3]",True,4066898377,4.066898377,"[1, 130, 129, 132, 131, 52, 76, 74, 54, 47, 46, 51, 39, 70, 86, 80, 79, 69, 68, 127, 94, 89, 128, 66, 73, 72, 91, 97, 62, 84, 44, 57, 126, 50, 49, 56, 38, 63, 64, 60, 83, 125, 103, 104, 87, 88, 100, 82, 98, 96, 31, 30, 24, 11, 23, 5, 22, 4, 21, 37, 20, 35, 34, 124, 123, 142, 141, 75, 59, 77, 92, 65, 90, 81, 55, 45, 53, 119, 107, 117, 95, 41, 33, 43, 27, 19, 29, 8, 3, 15, 0]","[0, 15, 3, 8, 29, 19, 27, 43, 33, 41, 95, 117, 107, 119, 53, 45, 55, 81, 90, 65, 92, 77, 59, 75, 141, 142, 123, 124, 34, 35, 20, 37, 21, 4, 22, 5, 23, 11, 24, 30, 31, 96, 98, 82, 100, 88, 87, 104, 103, 125, 83, 60, 64, 63, 38, 56, 49, 50, 126, 57, 44, 84, 62, 97, 91, 72, 73, 66, 128, 89, 94, 127, 68, 69, 79, 80, 86, 70, 39, 51, 46, 47, 54, 74, 76, 52, 131, 132, 129, 130, 1]",False,complete,128,128,4186,37,374,0,374,374,,False,,,,,,,2,80,52,80,52,52,52,53
1,482,31,60,89,"[1, 2, 6, 7, 9, 10, 12, 13, 14, 16, 17, 18, 25, 26, 28, 32, 36, 40, 42, 48, 58, 61, 67, 71, 78, 85, 93, 99, 101, 102, 105, 106, 108, 109, 110, 111, 112, 114, 115, 116, 118, 120, 121, 122, 132, 133, 134, 135, 136, 137, 138, 139, 140, 143, 144, 145, 146, 147, 148, 149]","[0, 3, 4, 5, 8, 11, 15, 19, 20, 21, 22, 23, 24, 27, 29, 30, 31, 33, 34, 35, 37, 38, 39, 41, 43, 44, 45, 46, 47, 49, 50, 51, 52, 53, 54, 55, 56, 57, 59, 60, 62, 63, 64, 65, 66, 68, 69, 70, 72, 73, 74, 75, 76, 77, 79, 80, 81, 82, 83, 84, 86, 87, 88, 89, 90, 91, 92, 94, 95, 96, 97, 98, 100, 103, 104, 107, 117, 119, 123, 124, 125, 126, 127, 128, 129, 130, 131, 141, 142]",{},[],0,"[122, 17, 18, 32, 137, 138, 140, 139, 13, 14, 116, 118, 136, 112, 16, 111, 110, 9, 109, 144, 10, 108, 148, 115, 36, 135, 28, 26, 99, 105, 149, 102, 106, 121, 120, 114, 101, 145, 147, 146, 12, 58, 71, 134, 61, 67, 78, 48, 85, 93, 133, 42, 40, 143, 25, 7, 6, 2, 1, 132, 131, 130, 129, 76, 74, 54, 52, 47, 46, 51, 70, 86, 80, 79, 69, 68, 127, 94, 89, 128, 66, 73, 72, 91, 39, 97, 62, 84, 44, 57, 126, 50, 49, 56, 38, 63, 64, 60, 83, 125, 103, 104, 87, 88, 100, 82, 98, 96, 31, 30, 11, 24, 23, 5, 22, 4, 21, 37, 20, 35, 34, 124, 123, 142, 141, 55, 45, 53, 92, 81, 90, 77, 65, 75, 59, 119, 95, 117, 107, 15, 0, 8, 43, 33, 41, 29, 19, 27, 3]",True,4073144657,4.073144657,"[131, 129, 130, 54, 52, 47, 46, 51, 76, 74, 39, 70, 86, 80, 79, 69, 68, 127, 94, 89, 128, 66, 73, 72, 91, 97, 62, 84, 44, 57, 126, 50, 49, 56, 38, 63, 64, 60, 83, 125, 103, 104, 87, 88, 100, 82, 98, 96, 31, 30, 11, 24, 23, 5, 22, 4, 21, 37, 20, 35, 34, 124, 123, 142, 141, 53, 45, 55, 90, 81, 92, 77, 65, 75, 59, 119, 107, 117, 95, 43, 33, 41, 29, 19, 27, 15, 0, 8, 3]","[3, 8, 0, 15, 27, 19, 29, 41, 33, 43, 95, 117, 107, 119, 59, 75, 65, 77, 92, 81, 90, 55, 45, 53, 141, 142, 123, 124, 34, 35, 20, 37, 21, 4, 22, 5, 23, 24, 11, 30, 31, 96, 98, 82, 100, 88, 87, 104, 103, 125, 83, 60, 64, 63, 38, 56, 49, 50, 126, 57, 44, 84, 62, 97, 91, 72, 73, 66, 128, 89, 94, 127, 68, 69, 79, 80, 86, 70, 39, 74, 76, 51, 46, 47, 52, 54, 130, 129, 131]",False,complete,126,126,4005,37,371,0,371,371,,False,,,,,,,2,80,52,80,52,52,52,52
1,483,32,62,87,"[1, 2, 6, 7, 9, 10, 12, 13, 14, 16, 17, 18, 25, 26, 28, 32, 36, 40, 42, 48, 58, 61, 67, 71, 78, 85, 93, 99, 101, 102, 105, 106, 108, 109, 110, 111, 112, 114, 115, 116, 118, 120, 121, 122, 130, 131, 132, 133, 134, 135, 136, 137, 138, 139, 140, 143, 144, 145, 146, 147, 148, 149]","[0, 3, 4, 5, 8, 11, 15, 19, 20, 21, 22, 23, 24, 27, 29, 30, 31, 33, 34, 35, 37, 38, 39, 41, 43, 44, 45, 46, 47, 49, 50, 51, 52, 53, 54, 55, 56, 57, 59, 60, 62, 63, 64, 65, 66, 68, 69, 70, 72, 73, 74, 75, 76, 77, 79, 80, 81, 82, 83, 84, 86, 87, 88, 89, 90, 91, 92, 94, 95, 96, 97, 98, 100, 103, 104, 107, 117, 119, 123, 124, 125, 126, 127, 128, 129, 141, 142]",{},[],0,"[122, 17, 18, 32, 137, 138, 140, 139, 13, 14, 116, 118, 136, 112, 16, 111, 110, 9, 109, 144, 10, 108, 148, 115, 36, 135, 28, 26, 99, 105, 149, 102, 106, 121, 120, 114, 101, 145, 147, 146, 12, 58, 71, 134, 61, 67, 78, 48, 85, 93, 133, 42, 40, 143, 25, 7, 6, 2, 1, 132, 131, 130, 129, 76, 74, 54, 52, 47, 46, 51, 70, 86, 80, 79, 69, 68, 127, 94, 89, 128, 66, 73, 72, 91, 39, 97, 62, 84, 44, 57, 126, 50, 49, 56, 38, 63, 64, 60, 83, 125, 103, 104, 87, 88, 100, 82, 98, 96, 31, 30, 11, 24, 23, 5, 22, 4, 21, 37, 20, 35, 34, 124, 123, 142, 141, 55, 45, 53, 92, 81, 90, 77, 65, 75, 59, 119, 95, 117, 107, 15, 0, 8, 43, 33, 41, 29, 19, 27, 3]",True,3942794554,3.942794554,"[129, 74, 54, 76, 52, 47, 46, 51, 39, 70, 86, 80, 79, 69, 68, 127, 94, 89, 128, 66, 73, 72, 91, 97, 62, 84, 44, 57, 126, 50, 49, 56, 38, 63, 64, 60, 83, 125, 103, 104, 87, 88, 100, 82, 98, 96, 31, 30, 24, 11, 23, 5, 22, 4, 21, 37, 20, 35, 34, 124, 123, 141, 142, 75, 59, 77, 55, 45, 53, 119, 107, 117, 95, 92, 65, 90, 81, 27, 15, 0, 8, 3, 29, 41, 33, 43, 19]","[19, 43, 33, 41, 29, 3, 8, 0, 15, 27, 81, 90, 65, 92, 95, 117, 107, 119, 53, 45, 55, 77, 59, 75, 142, 141, 123, 124, 34, 35, 20, 37, 21, 4, 22, 5, 23, 11, 24, 30, 31, 96, 98, 82, 100, 88, 87, 104, 103, 125, 83, 60, 64, 63, 38, 56, 49, 50, 126, 57, 44, 84, 62, 97, 91, 72, 73, 66, 128, 89, 94, 127, 68, 69, 79, 80, 86, 70, 39, 51, 46, 47, 52, 76, 54, 74, 129]",False,complete,124,124,3828,37,369,0,369,369,,False,,,,,,,2,80,52,80,52,52,52,52
1,484,33,64,85,"[1, 2, 6, 7, 9, 10, 12, 13, 14, 16, 17, 18, 25, 26, 28, 32, 36, 40, 42, 48, 58, 61, 67, 71, 76, 78, 85, 93, 99, 101, 102, 105, 106, 108, 109, 110, 111, 112, 114, 115, 116, 118, 120, 121, 122, 129, 130, 131, 132, 133, 134, 135, 136, 137, 138, 139, 140, 143, 144, 145, 146, 147, 148, 149]","[0, 3, 4, 5, 8, 11, 15, 19, 20, 21, 22, 23, 24, 27, 29, 30, 31, 33, 34, 35, 37, 38, 39, 41, 43, 44, 45, 46, 47, 49, 50, 51, 52, 53, 54, 55, 56, 57, 59, 60, 62, 63, 64, 65, 66, 68, 69, 70, 72, 73, 74, 75, 77, 79, 80, 81, 82, 83, 84, 86, 87, 88, 89, 90, 91, 92, 94, 95, 96, 97, 98, 100, 103, 104, 107, 117, 119, 123, 124, 125, 126, 127, 128, 141, 142]",{},[],0,"[122, 17, 18, 32, 137, 138, 140, 139, 13, 14, 116, 118, 136, 112, 16, 111, 110, 9, 109, 144, 10, 108, 148, 115, 36, 135, 28, 26, 99, 105, 149, 102, 106, 121, 120, 114, 101, 145, 147, 146, 12, 58, 71, 134, 61, 67, 78, 48, 85, 93, 133, 42, 40, 143, 25, 7, 6, 2, 1, 132, 131, 130, 129, 76, 74, 54, 52, 47, 46, 51, 70, 86, 80, 79, 69, 68, 127, 94, 89, 128, 66, 73, 72, 91, 39, 97, 62, 84, 44, 57, 126, 50, 49, 56, 38, 63, 64, 60, 83, 125, 103, 104, 87, 88, 100, 82, 98, 96, 31, 30, 11, 24, 23, 5, 22, 4, 21, 37, 20, 35, 34, 124, 123, 142, 141, 55, 45, 53, 92, 81, 90, 77, 65, 75, 59, 119, 95, 117, 107, 15, 0, 8, 43, 33, 41, 29, 19, 27, 3]",True,3844669116,3.844669116,"[52, 74, 54, 47, 46, 51, 70, 86, 80, 79, 69, 68, 127, 94, 89, 128, 66, 73, 72, 91, 39, 97, 62, 84, 44, 57, 126, 50, 49, 56, 38, 63, 64, 60, 83, 125, 103, 104, 87, 88, 100, 82, 98, 96, 31, 30, 11, 24, 23, 5, 22, 4, 21, 37, 20, 35, 34, 124, 123, 142, 141, 77, 59, 75, 119, 107, 117, 95, 92, 81, 90, 65, 55, 45, 53, 27, 8, 0, 15, 3, 29, 43, 19, 41, 33]","[33, 41, 19, 43, 29, 3, 15, 0, 8, 27, 53, 45, 55, 65, 90, 81, 92, 95, 117, 107, 119, 75, 59, 77, 141, 142, 123, 124, 34, 35, 20, 37, 21, 4, 22, 5, 23, 24, 11, 30, 31, 96, 98, 82, 100, 88, 87, 104, 103, 125, 83, 60, 64, 63, 38, 56, 49, 50, 126, 57, 44, 84, 62, 97, 39, 91, 72, 73, 66, 128, 89, 94, 127, 68, 69, 79, 80, 86, 70, 51, 46, 47, 54, 74, 52]",False,complete,122,122,3655,37,367,0,367,367,,False,,,,,,,2,80,52,80,52,52,52,52
1,485,34,66,83,"[1, 2, 6, 7, 9, 10, 12, 13, 14, 16, 17, 18, 25, 26, 28, 32, 36, 40, 42, 48, 54, 58, 61, 67, 71, 74, 76, 78, 85, 93, 99, 101, 102, 105, 106, 108, 109, 110, 111, 112, 114, 115, 116, 118, 120, 121, 122, 129, 130, 131, 132, 133, 134, 135, 136, 137, 138, 139, 140, 143, 144, 145, 146, 147, 148, 149]","[0, 3, 4, 5, 8, 11, 15, 19, 20, 21, 22, 23, 24, 27, 29, 30, 31, 33, 34, 35, 37, 38, 39, 41, 43, 44, 45, 46, 47, 49, 50, 51, 52, 53, 55, 56, 57, 59, 60, 62, 63, 64, 65, 66, 68, 69, 70, 72, 73, 75, 77, 79, 80, 81, 82, 83, 84, 86, 87, 88, 89, 90, 91, 92, 94, 95, 96, 97, 98, 100, 103, 104, 107, 117, 119, 123, 124, 125, 126, 127, 128, 141, 142]",{},[],0,"[122, 17, 18, 32, 137, 138, 140, 139, 13, 14, 116, 118, 136, 112, 16, 111, 110, 9, 109, 144, 10, 108, 148, 115, 36, 135, 28, 26, 99, 105, 149, 102, 106, 121, 120, 114, 101, 145, 147, 146, 12, 58, 71, 134, 61, 67, 78, 48, 85, 93, 133, 42, 40, 143, 25, 7, 6, 2, 1, 132, 131, 130, 129, 76, 74, 54, 52, 47, 46, 51, 70, 86, 80, 79, 69, 68, 127, 94, 89, 128, 66, 73, 72, 91, 39, 97, 62, 84, 44, 57, 126, 50, 49, 56, 38, 63, 64, 60, 83, 125, 103, 104, 87, 88, 100, 82, 98, 96, 31, 30, 11, 24, 23, 5, 22, 4, 21, 37, 20, 35, 34, 124, 123, 142, 141, 55, 45, 53, 92, 81, 90, 77, 65, 75, 59, 119, 95, 117, 107, 15, 0, 8, 43, 33, 41, 29, 19, 27, 3]",True,3994304985,3.994304985,"[52, 47, 46, 51, 39, 70, 86, 80, 79, 69, 68, 127, 94, 89, 128, 66, 73, 72, 91, 97, 62, 84, 44, 57, 126, 50, 49, 56, 38, 63, 64, 60, 83, 125, 103, 104, 87, 88, 100, 82, 98, 96, 31, 30, 24, 11, 23, 5, 22, 4, 21, 37, 20, 35, 34, 124, 123, 141, 142, 92, 81, 90, 119, 95, 117, 107, 55, 45, 53, 75, 65, 77, 59, 27, 41, 33, 43, 19, 29, 8, 3, 15, 0]","[0, 15, 3, 8, 29, 19, 43, 33, 41, 27, 59, 77, 65, 75, 53, 45, 55, 107, 117, 95, 119, 90, 81, 92, 142, 141, 123, 124, 34, 35, 20, 37, 21, 4, 22, 5, 23, 11, 24, 30, 31, 96, 98, 82, 100, 88, 87, 104, 103, 125, 83, 60, 64, 63, 38, 56, 49, 50, 126, 57, 44, 84, 62, 97, 91, 72, 73, 66, 128, 89, 94, 127, 68, 69, 79, 80, 86, 70, 39, 51, 46, 47, 52]",False,complete,119,119,3486,36,364,0,364,364,,False,,,,,,,2,80,52,80,52,52,52,52
1,486,35,68,81,"[1, 2, 6, 7, 9, 10, 12, 13, 14, 16, 17, 18, 25, 26, 28, 32, 36, 40, 42, 47, 48, 52, 54, 58, 61, 67, 71, 74, 76, 78, 85, 93, 99, 101, 102, 105, 106, 108, 109, 110, 111, 112, 114, 115, 116, 118, 120, 121, 122, 129, 130, 131, 132, 133, 134, 135, 136, 137, 138, 139, 140, 143, 144, 145, 146, 147, 148, 149]","[0, 3, 4, 5, 8, 11, 15, 19, 20, 21, 22, 23, 24, 27, 29, 30, 31, 33, 34, 35, 37, 38, 39, 41, 43, 44, 45, 46, 49, 50, 51, 53, 55, 56, 57, 59, 60, 62, 63, 64, 65, 66, 68, 69, 70, 72, 73, 75, 77, 79, 80, 81, 82, 83, 84, 86, 87, 88, 89, 90, 91, 92, 94, 95, 96, 97, 98, 100, 103, 104, 107, 117, 119, 123, 124, 125, 126, 127, 128, 141, 142]","{""support_1"": 46}",[46],1,"[122, 17, 18, 32, 137, 138, 140, 139, 13, 14, 116, 118, 136, 112, 16, 111, 110, 9, 109, 144, 10, 108, 148, 115, 36, 135, 28, 26, 99, 105, 149, 102, 106, 121, 120, 114, 101, 145, 147, 146, 12, 58, 71, 134, 61, 67, 78, 48, 85, 93, 133, 42, 40, 143, 25, 7, 6, 2, 1, 132, 131, 130, 129, 76, 74, 54, 52, 47, 46, 51, 70, 86, 80, 79, 69, 68, 127, 94, 89, 128, 66, 73, 72, 91, 39, 97, 62, 84, 44, 57, 126, 50, 49, 56, 38, 63, 64, 60, 83, 125, 103, 104, 87, 88, 100, 82, 98, 96, 31, 30, 11, 24, 23, 5, 22, 4, 21, 37, 20, 35, 34, 124, 123, 142, 141, 55, 45, 53, 92, 81, 90, 77, 65, 75, 59, 119, 95, 117, 107, 15, 0, 8, 43, 33, 41, 29, 19, 27, 3]",True,3642924668,3.642924668,"[46, 51, 39, 70, 86, 80, 79, 69, 68, 127, 94, 89, 128, 66, 73, 72, 91, 97, 62, 84, 44, 57, 126, 50, 49, 56, 38, 63, 64, 60, 83, 125, 103, 104, 87, 88, 100, 82, 98, 96, 31, 30, 24, 11, 23, 5, 22, 4, 21, 37, 20, 35, 34, 124, 123, 142, 141, 119, 95, 117, 107, 55, 45, 53, 77, 59, 75, 90, 65, 92, 81, 8, 0, 15, 27, 3, 29, 41, 33, 43, 19]","[19, 43, 33, 41, 29, 3, 27, 15, 0, 8, 81, 92, 65, 90, 75, 59, 77, 53, 45, 55, 107, 117, 95, 119, 141, 142, 123, 124, 34, 35, 20, 37, 21, 4, 22, 5, 23, 11, 24, 30, 31, 96, 98, 82, 100, 88, 87, 104, 103, 125, 83, 60, 64, 63, 38, 56, 49, 50, 126, 57, 44, 84, 62, 97, 91, 72, 73, 66, 128, 89, 94, 127, 68, 69, 79, 80, 86, 70, 39, 51, 46]",False,complete,118,118,3321,37,362,0,362,362,,False,,,,,,,2,78,50,78,50,50,50,51
1,487,36,70,79,"[1, 2, 6, 7, 9, 10, 12, 13, 14, 16, 17, 18, 25, 26, 28, 32, 36, 40, 42, 46, 47, 48, 51, 52, 54, 58, 61, 67, 71, 74, 76, 78, 85, 93, 99, 101, 102, 105, 106, 108, 109, 110, 111, 112, 114, 115, 116, 118, 120, 121, 122, 129, 130, 131, 132, 133, 134, 135, 136, 137, 138, 139, 140, 143, 144, 145, 146, 147, 148, 149]","[0, 3, 4, 5, 8, 11, 15, 19, 20, 21, 22, 23, 24, 27, 29, 30, 31, 33, 34, 35, 37, 38, 39, 41, 43, 44, 45, 49, 50, 53, 55, 56, 57, 59, 60, 62, 63, 64, 65, 66, 68, 69, 70, 72, 73, 75, 77, 79, 80, 81, 82, 83, 84, 86, 87, 88, 89, 90, 91, 92, 94, 95, 96, 97, 98, 100, 103, 104, 107, 117, 119, 123, 124, 125, 126, 127, 128, 141, 142]",{},[],0,"[122, 17, 18, 32, 137, 138, 140, 139, 13, 14, 116, 118, 136, 112, 16, 111, 110, 9, 109, 144, 10, 108, 148, 115, 36, 135, 28, 26, 99, 105, 149, 102, 106, 121, 120, 114, 101, 145, 147, 146, 12, 58, 71, 134, 61, 67, 78, 48, 85, 93, 133, 42, 40, 143, 25, 7, 6, 2, 1, 132, 131, 130, 129, 76, 74, 54, 52, 47, 46, 51, 70, 86, 80, 79, 69, 68, 127, 94, 89, 128, 66, 73, 72, 91, 39, 97, 62, 84, 44, 57, 126, 50, 49, 56, 38, 63, 64, 60, 83, 125, 103, 104, 87, 88, 100, 82, 98, 96, 31, 30, 11, 24, 23, 5, 22, 4, 21, 37, 20, 35, 34, 124, 123, 142, 141, 55, 45, 53, 92, 81, 90, 77, 65, 75, 59, 119, 95, 117, 107, 15, 0, 8, 43, 33, 41, 29, 19, 27, 3]",True,3523378884,3.523378884,"[70, 86, 80, 79, 69, 68, 127, 94, 89, 128, 66, 73, 72, 91, 39, 97, 62, 84, 44, 57, 126, 50, 49, 56, 38, 63, 64, 60, 83, 125, 103, 104, 87, 88, 100, 82, 98, 96, 31, 30, 11, 24, 23, 5, 22, 4, 21, 37, 20, 35, 34, 124, 123, 142, 141, 75, 59, 77, 55, 45, 53, 90, 81, 92, 65, 117, 95, 119, 107, 15, 0, 8, 41, 33, 43, 29, 3, 27, 19]","[19, 27, 3, 29, 43, 33, 41, 8, 0, 15, 107, 119, 95, 117, 65, 92, 81, 90, 53, 45, 55, 77, 59, 75, 141, 142, 123, 124, 34, 35, 20, 37, 21, 4, 22, 5, 23, 24, 11, 30, 31, 96, 98, 82, 100, 88, 87, 104, 103, 125, 83, 60, 64, 63, 38, 56, 49, 50, 126, 57, 44, 84, 62, 97, 39, 91, 72, 73, 66, 128, 89, 94, 127, 68, 69, 79, 80, 86, 70]",False,complete,116,116,3160,37,358,0,358,358,,False,,,,,,,2,77,49,77,49,49,49,49
1,488,37,72,77,"[1, 2, 6, 7, 9, 10, 12, 13, 14, 16, 17, 18, 25, 26, 28, 32, 36, 40, 42, 46, 47, 48, 51, 52, 54, 58, 61, 67, 70, 71, 74, 76, 78, 85, 86, 93, 99, 101, 102, 105, 106, 108, 109, 110, 111, 112, 114, 115, 116, 118, 120, 121, 122, 129, 130, 131, 132, 133, 134, 135, 136, 137, 138, 139, 140, 143, 144, 145, 146, 147, 148, 149]","[0, 3, 4, 5, 8, 11, 15, 19, 20, 21, 22, 23, 24, 27, 29, 30, 31, 33, 34, 35, 37, 38, 39, 41, 43, 44, 45, 49, 50, 53, 55, 56, 57, 59, 60, 62, 63, 64, 65, 66, 68, 69, 72, 73, 75, 77, 79, 80, 81, 82, 83, 84, 87, 88, 89, 90, 91, 92, 94, 95, 96, 97, 98, 100, 103, 104, 107, 117, 119, 123, 124, 125, 126, 127, 128, 141, 142]","{""support_1"": 80}",[80],1,"[122, 17, 18, 32, 137, 138, 140, 139, 13, 14, 116, 118, 136, 112, 16, 111, 110, 9, 109, 144, 10, 108, 148, 115, 36, 135, 28, 26, 99, 105, 149, 102, 106, 121, 120, 114, 101, 145, 147, 146, 12, 58, 71, 134, 61, 67, 78, 48, 85, 93, 133, 42, 40, 143, 25, 7, 6, 2, 1, 132, 131, 130, 129, 76, 74, 54, 52, 47, 46, 51, 70, 86, 80, 79, 69, 68, 127, 94, 89, 128, 66, 73, 72, 91, 39, 97, 62, 84, 44, 57, 126, 50, 49, 56, 38, 63, 64, 60, 83, 125, 103, 104, 87, 88, 100, 82, 98, 96, 31, 30, 11, 24, 23, 5, 22, 4, 21, 37, 20, 35, 34, 124, 123, 142, 141, 55, 45, 53, 92, 81, 90, 77, 65, 75, 59, 119, 95, 117, 107, 15, 0, 8, 43, 33, 41, 29, 19, 27, 3]",True,3752162188,3.752162188,"[80, 79, 69, 68, 127, 94, 89, 128, 66, 73, 72, 91, 39, 97, 62, 84, 44, 57, 126, 50, 49, 56, 38, 63, 64, 60, 83, 125, 103, 104, 87, 88, 100, 82, 98, 96, 31, 30, 11, 24, 23, 5, 22, 4, 21, 37, 20, 35, 34, 124, 123, 141, 142, 75, 59, 77, 119, 95, 117, 107, 53, 45, 55, 92, 65, 90, 81, 43, 33, 41, 29, 19, 27, 8, 3, 15, 0]","[0, 15, 3, 8, 27, 19, 29, 41, 33, 43, 81, 90, 65, 92, 55, 45, 53, 107, 117, 95, 119, 77, 59, 75, 142, 141, 123, 124, 34, 35, 20, 37, 21, 4, 22, 5, 23, 24, 11, 30, 31, 96, 98, 82, 100, 88, 87, 104, 103, 125, 83, 60, 64, 63, 38, 56, 49, 50, 126, 57, 44, 84, 62, 97, 39, 91, 72, 73, 66, 128, 89, 94, 127, 68, 69, 79, 80]",False,complete,115,115,3003,38,356,0,356,356,,False,,,,,,,2,75,47,75,47,47,47,48
1,489,38,74,75,"[1, 2, 6, 7, 9, 10, 12, 13, 14, 16, 17, 18, 25, 26, 28, 32, 36, 40, 42, 46, 47, 48, 51, 52, 54, 58, 61, 67, 70, 71, 74, 76, 78, 79, 80, 85, 86, 93, 99, 101, 102, 105, 106, 108, 109, 110, 111, 112, 114, 115, 116, 118, 120, 121, 122, 129, 130, 131, 132, 133, 134, 135, 136, 137, 138, 139, 140, 143, 144, 145, 146, 147, 148, 149]","[0, 3, 4, 5, 8, 11, 15, 19, 20, 21, 22, 23, 24, 27, 29, 30, 31, 33, 34, 35, 37, 38, 39, 41, 43, 44, 45, 49, 50, 53, 55, 56, 57, 59, 60, 62, 63, 64, 65, 66, 68, 69, 72, 73, 75, 77, 81, 82, 83, 84, 87, 88, 89, 90, 91, 92, 94, 95, 96, 97, 98, 100, 103, 104, 107, 117, 119, 123, 124, 125, 126, 127, 128, 141, 142]","{""support_1"": 69, ""support_2"": 68}","[68, 69]",2,"[122, 17, 18, 32, 137, 138, 140, 139, 13, 14, 116, 118, 136, 112, 16, 111, 110, 9, 109, 144, 10, 108, 148, 115, 36, 135, 28, 26, 99, 105, 149, 102, 106, 121, 120, 114, 101, 145, 147, 146, 12, 58, 71, 134, 61, 67, 78, 48, 85, 93, 133, 42, 40, 143, 25, 7, 6, 2, 1, 132, 131, 130, 129, 76, 74, 54, 52, 47, 46, 51, 70, 86, 80, 79, 69, 68, 127, 94, 89, 128, 66, 73, 72, 91, 39, 97, 62, 84, 44, 57, 126, 50, 49, 56, 38, 63, 64, 60, 83, 125, 103, 104, 87, 88, 100, 82, 98, 96, 31, 30, 11, 24, 23, 5, 22, 4, 21, 37, 20, 35, 34, 124, 123, 142, 141, 55, 45, 53, 92, 81, 90, 77, 65, 75, 59, 119, 95, 117, 107, 15, 0, 8, 43, 33, 41, 29, 19, 27, 3]",True,3394019094,3.394019094,"[69, 68, 127, 94, 89, 128, 66, 73, 72, 91, 39, 97, 62, 84, 44, 57, 126, 50, 49, 56, 38, 63, 64, 60, 83, 125, 103, 104, 87, 88, 100, 82, 98, 96, 31, 30, 24, 11, 23, 5, 22, 4, 21, 37, 20, 35, 34, 124, 123, 142, 141, 55, 45, 53, 90, 81, 92, 117, 95, 119, 107, 77, 59, 75, 65, 15, 0, 8, 43, 33, 41, 29, 19, 27, 3]","[3, 27, 19, 29, 41, 33, 43, 8, 0, 15, 65, 75, 59, 77, 107, 119, 95, 117, 92, 81, 90, 53, 45, 55, 141, 142, 123, 124, 34, 35, 20, 37, 21, 4, 22, 5, 23, 11, 24, 30, 31, 96, 98, 82, 100, 88, 87, 104, 103, 125, 83, 60, 64, 63, 38, 56, 49, 50, 126, 57, 44, 84, 62, 97, 39, 91, 72, 73, 66, 128, 89, 94, 127, 68, 69]",False,complete,112,112,2850,37,340,0,340,340,,False,,,,,,,2,72,44,72,45,45,44,46
1,490,39,76,73,"[1, 2, 6, 7, 9, 10, 12, 13, 14, 16, 17, 18, 25, 26, 28, 32, 36, 40, 42, 46, 47, 48, 51, 52, 54, 58, 61, 67, 68, 69, 70, 71, 74, 76, 78, 79, 80, 85, 86, 93, 99, 101, 102, 105, 106, 108, 109, 110, 111, 112, 114, 115, 116, 118, 120, 121, 122, 129, 130, 131, 132, 133, 134, 135, 136, 137, 138, 139, 140, 143, 144, 145, 146, 147, 148, 149]","[0, 3, 4, 5, 8, 11, 15, 19, 20, 21, 22, 23, 24, 27, 29, 30, 31, 33, 34, 35, 37, 38, 39, 41, 43, 44, 45, 49, 50, 53, 55, 56, 57, 59, 60, 62, 63, 64, 65, 66, 72, 73, 75, 77, 81, 82, 83, 84, 87, 88, 89, 90, 91, 92, 94, 95, 96, 97, 98, 100, 103, 104, 107, 117, 119, 123, 124, 125, 126, 127, 128, 141, 142]","{""support_1"": 127}",[127],1,"[122, 17, 18, 32, 137, 138, 140, 139, 13, 14, 116, 118, 136, 112, 16, 111, 110, 9, 109, 144, 10, 108, 148, 115, 36, 135, 28, 26, 99, 105, 149, 102, 106, 121, 120, 114, 101, 145, 147, 146, 12, 58, 71, 134, 61, 67, 78, 48, 85, 93, 133, 42, 40, 143, 25, 7, 6, 2, 1, 132, 131, 130, 129, 76, 74, 54, 52, 47, 46, 51, 70, 86, 80, 79, 69, 68, 127, 94, 89, 128, 66, 73, 72, 91, 39, 97, 62, 84, 44, 57, 126, 50, 49, 56, 38, 63, 64, 60, 83, 125, 103, 104, 87, 88, 100, 82, 98, 96, 31, 30, 11, 24, 23, 5, 22, 4, 21, 37, 20, 35, 34, 124, 123, 142, 141, 55, 45, 53, 92, 81, 90, 77, 65, 75, 59, 119, 95, 117, 107, 15, 0, 8, 43, 33, 41, 29, 19, 27, 3]",True,3402056710,3.402056710,"[127, 94, 89, 128, 66, 73, 72, 91, 39, 97, 62, 84, 44, 57, 126, 50, 49, 56, 38, 63, 64, 60, 83, 125, 103, 104, 87, 88, 100, 82, 98, 96, 31, 30, 24, 11, 23, 5, 22, 4, 21, 37, 20, 35, 34, 124, 123, 142, 141, 92, 81, 90, 117, 107, 119, 95, 53, 45, 55, 77, 65, 75, 59, 43, 33, 41, 27, 19, 29, 8, 3, 15, 0]","[0, 15, 3, 8, 29, 19, 27, 41, 33, 43, 59, 75, 65, 77, 55, 45, 53, 95, 119, 107, 117, 90, 81, 92, 141, 142, 123, 124, 34, 35, 20, 37, 21, 4, 22, 5, 23, 11, 24, 30, 31, 96, 98, 82, 100, 88, 87, 104, 103, 125, 83, 60, 64, 63, 38, 56, 49, 50, 126, 57, 44, 84, 62, 97, 39, 91, 72, 73, 66, 128, 89, 94, 127]",False,complete,110,110,2701,37,337,0,337,337,,False,,,,,,,2,70,43,70,43,43,43,44
1,491,40,78,71,"[1, 2, 6, 7, 9, 10, 12, 13, 14, 16, 17, 18, 25, 26, 28, 32, 36, 40, 42, 46, 47, 48, 51, 52, 54, 58, 61, 67, 68, 69, 70, 71, 74, 76, 78, 79, 80, 85, 86, 93, 94, 99, 101, 102, 105, 106, 108, 109, 110, 111, 112, 114, 115, 116, 118, 120, 121, 122, 127, 129, 130, 131, 132, 133, 134, 135, 136, 137, 138, 139, 140, 143, 144, 145, 146, 147, 148, 149]","[0, 3, 4, 5, 8, 11, 15, 19, 20, 21, 22, 23, 24, 27, 29, 30, 31, 33, 34, 35, 37, 38, 39, 41, 43, 44, 45, 49, 50, 53, 55, 56, 57, 59, 60, 62, 63, 64, 65, 66, 72, 73, 75, 77, 81, 82, 83, 84, 87, 88, 89, 90, 91, 92, 95, 96, 97, 98, 100, 103, 104, 107, 117, 119, 123, 124, 125, 126, 128, 141, 142]","{""support_1"": 89}",[89],1,"[122, 17, 18, 32, 137, 138, 140, 139, 13, 14, 116, 118, 136, 112, 16, 111, 110, 9, 109, 144, 10, 108, 148, 115, 36, 135, 28, 26, 99, 105, 149, 102, 106, 121, 120, 114, 101, 145, 147, 146, 12, 58, 71, 134, 61, 67, 78, 48, 85, 93, 133, 42, 40, 143, 25, 7, 6, 2, 1, 132, 131, 130, 129, 76, 74, 54, 52, 47, 46, 51, 70, 86, 80, 79, 69, 68, 127, 94, 89, 128, 66, 73, 72, 91, 39, 97, 62, 84, 44, 57, 126, 50, 49, 56, 38, 63, 64, 60, 83, 125, 103, 104, 87, 88, 100, 82, 98, 96, 31, 30, 11, 24, 23, 5, 22, 4, 21, 37, 20, 35, 34, 124, 123, 142, 141, 55, 45, 53, 92, 81, 90, 77, 65, 75, 59, 119, 95, 117, 107, 15, 0, 8, 43, 33, 41, 29, 19, 27, 3]",True,3336095977,3.336095977,"[89, 128, 66, 73, 72, 91, 39, 97, 62, 84, 44, 57, 126, 50, 49, 56, 38, 63, 64, 60, 83, 125, 103, 104, 87, 88, 100, 82, 98, 96, 31, 30, 24, 11, 23, 5, 22, 4, 21, 37, 20, 35, 34, 124, 123, 142, 141, 75, 59, 77, 119, 95, 117, 107, 53, 45, 55, 92, 81, 90, 65, 43, 33, 41, 27, 19, 29, 8, 3, 15, 0]","[0, 15, 3, 8, 29, 19, 27, 41, 33, 43, 65, 90, 81, 92, 55, 45, 53, 107, 117, 95, 119, 77, 59, 75, 141, 142, 123, 124, 34, 35, 20, 37, 21, 4, 22, 5, 23, 11, 24, 30, 31, 96, 98, 82, 100, 88, 87, 104, 103, 125, 83, 60, 64, 63, 38, 56, 49, 50, 126, 57, 44, 84, 62, 97, 39, 91, 72, 73, 66, 128, 89]",False,complete,108,108,2556,37,333,0,333,333,,False,,,,,,,2,68,41,68,41,41,41,42
1,492,41,80,69,"[1, 2, 6, 7, 9, 10, 12, 13, 14, 16, 17, 18, 25, 26, 28, 32, 36, 40, 42, 46, 47, 48, 51, 52, 54, 58, 61, 67, 68, 69, 70, 71, 74, 76, 78, 79, 80, 85, 86, 89, 93, 94, 99, 101, 102, 105, 106, 108, 109, 110, 111, 112, 114, 115, 116, 118, 120, 121, 122, 127, 128, 129, 130, 131, 132, 133, 134, 135, 136, 137, 138, 139, 140, 143, 144, 145, 146, 147, 148, 149]","[0, 3, 4, 5, 8, 11, 15, 19, 20, 21, 22, 23, 24, 27, 29, 30, 31, 33, 34, 35, 37, 38, 39, 41, 43, 44, 45, 49, 50, 53, 55, 56, 57, 59, 60, 62, 63, 64, 65, 66, 72, 73, 75, 77, 81, 82, 83, 84, 87, 88, 90, 91, 92, 95, 96, 97, 98, 100, 103, 104, 107, 117, 119, 123, 124, 125, 126, 141, 142]","{""support_2"": 66}",[66],1,"[122, 17, 18, 32, 137, 138, 140, 139, 13, 14, 116, 118, 136, 112, 16, 111, 110, 9, 109, 144, 10, 108, 148, 115, 36, 135, 28, 26, 99, 105, 149, 102, 106, 121, 120, 114, 101, 145, 147, 146, 12, 58, 71, 134, 61, 67, 78, 48, 85, 93, 133, 42, 40, 143, 25, 7, 6, 2, 1, 132, 131, 130, 129, 76, 74, 54, 52, 47, 46, 51, 70, 86, 80, 79, 69, 68, 127, 94, 89, 128, 66, 73, 72, 91, 39, 97, 62, 84, 44, 57, 126, 50, 49, 56, 38, 63, 64, 60, 83, 125, 103, 104, 87, 88, 100, 82, 98, 96, 31, 30, 11, 24, 23, 5, 22, 4, 21, 37, 20, 35, 34, 124, 123, 142, 141, 55, 45, 53, 92, 81, 90, 77, 65, 75, 59, 119, 95, 117, 107, 15, 0, 8, 43, 33, 41, 29, 19, 27, 3]",True,3237701409,3.237701409,"[66, 73, 72, 91, 39, 97, 62, 84, 44, 57, 126, 50, 49, 56, 38, 63, 64, 60, 83, 125, 103, 104, 87, 88, 100, 82, 98, 96, 31, 30, 24, 11, 23, 5, 22, 4, 21, 37, 20, 35, 34, 124, 123, 142, 141, 55, 45, 53, 117, 107, 119, 95, 77, 59, 75, 90, 65, 92, 81, 8, 0, 15, 43, 33, 41, 29, 19, 27, 3]","[3, 27, 19, 29, 41, 33, 43, 15, 0, 8, 81, 92, 65, 90, 75, 59, 77, 95, 119, 107, 117, 53, 45, 55, 141, 142, 123, 124, 34, 35, 20, 37, 21, 4, 22, 5, 23, 11, 24, 30, 31, 96, 98, 82, 100, 88, 87, 104, 103, 125, 83, 60, 64, 63, 38, 56, 49, 50, 126, 57, 44, 84, 62, 97, 39, 91, 72, 73, 66]",False,complete,106,106,2415,37,325,0,325,325,,False,,,,,,,2,65,39,65,39,39,39,40
1,493,42,82,67,"[1, 2, 6, 7, 9, 10, 12, 13, 14, 16, 17, 18, 25, 26, 28, 32, 36, 40, 42, 46, 47, 48, 51, 52, 54, 58, 61, 66, 67, 68, 69, 70, 71, 73, 74, 76, 78, 79, 80, 85, 86, 89, 93, 94, 99, 101, 102, 105, 106, 108, 109, 110, 111, 112, 114, 115, 116, 118, 120, 121, 122, 127, 128, 129, 130, 131, 132, 133, 134, 135, 136, 137, 138, 139, 140, 143, 144, 145, 146, 147, 148, 149]","[0, 3, 4, 5, 8, 11, 15, 19, 20, 21, 22, 23, 24, 27, 29, 30, 31, 33, 34, 35, 37, 38, 39, 41, 43, 44, 45, 49, 50, 53, 55, 56, 57, 59, 60, 62, 63, 64, 65, 72, 75, 77, 81, 82, 83, 84, 87, 88, 90, 91, 92, 95, 96, 97, 98, 100, 103, 104, 107, 117, 119, 123, 124, 125, 126, 141, 142]","{""support_1"": 91, ""support_2"": 72}","[72, 91]",2,"[122, 17, 18, 32, 137, 138, 140, 139, 13, 14, 116, 118, 136, 112, 16, 111, 110, 9, 109, 144, 10, 108, 148, 115, 36, 135, 28, 26, 99, 105, 149, 102, 106, 121, 120, 114, 101, 145, 147, 146, 12, 58, 71, 134, 61, 67, 78, 48, 85, 93, 133, 42, 40, 143, 25, 7, 6, 2, 1, 132, 131, 130, 129, 76, 74, 54, 52, 47, 46, 51, 70, 86, 80, 79, 69, 68, 127, 94, 89, 128, 66, 73, 72, 91, 39, 97, 62, 84, 44, 57, 126, 50, 49, 56, 38, 63, 64, 60, 83, 125, 103, 104, 87, 88, 100, 82, 98, 96, 31, 30, 11, 24, 23, 5, 22, 4, 21, 37, 20, 35, 34, 124, 123, 142, 141, 55, 45, 53, 92, 81, 90, 77, 65, 75, 59, 119, 95, 117, 107, 15, 0, 8, 43, 33, 41, 29, 19, 27, 3]",True,3141755967,3.141755967,"[72, 91, 39, 97, 62, 84, 44, 57, 126, 50, 49, 56, 38, 63, 64, 60, 83, 125, 103, 104, 87, 88, 100, 82, 98, 96, 31, 30, 24, 11, 23, 5, 22, 4, 21, 37, 20, 35, 34, 124, 123, 141, 142, 53, 45, 55, 90, 81, 92, 119, 95, 117, 107, 77, 65, 75, 59, 43, 33, 41, 29, 19, 27, 8, 0, 15, 3]","[3, 15, 0, 8, 27, 19, 29, 41, 33, 43, 59, 75, 65, 77, 107, 117, 95, 119, 92, 81, 90, 55, 45, 53, 142, 141, 123, 124, 34, 35, 20, 37, 21, 4, 22, 5, 23, 11, 24, 30, 31, 96, 98, 82, 100, 88, 87, 104, 103, 125, 83, 60, 64, 63, 38, 56, 49, 50, 126, 57, 44, 84, 62, 97, 39, 91, 72]",False,complete,103,103,2278,36,316,0,316,316,,False,,,,,,,2,62,36,62,37,37,36,38
1,494,43,84,65,"[1, 2, 6, 7, 9, 10, 12, 13, 14, 16, 17, 18, 25, 26, 28, 32, 36, 40, 42, 46, 47, 48, 51, 52, 54, 58, 61, 66, 67, 68, 69, 70, 71, 72, 73, 74, 76, 78, 79, 80, 85, 86, 89, 91, 93, 94, 99, 101, 102, 105, 106, 108, 109, 110, 111, 112, 114, 115, 116, 118, 120, 121, 122, 127, 128, 129, 130, 131, 132, 133, 134, 135, 136, 137, 138, 139, 140, 143, 144, 145, 146, 147, 148, 149]","[0, 3, 4, 5, 8, 11, 15, 19, 20, 21, 22, 23, 24, 27, 29, 30, 31, 33, 34, 35, 37, 38, 39, 41, 43, 44, 45, 49, 50, 53, 55, 56, 57, 59, 60, 62, 63, 64, 65, 75, 77, 81, 82, 83, 84, 87, 88, 90, 92, 95, 96, 97, 98, 100, 103, 104, 107, 117, 119, 123, 124, 125, 126, 141, 142]",{},[],0,"[122, 17, 18, 32, 137, 138, 140, 139, 13, 14, 116, 118, 136, 112, 16, 111, 110, 9, 109, 144, 10, 108, 148, 115, 36, 135, 28, 26, 99, 105, 149, 102, 106, 121, 120, 114, 101, 145, 147, 146, 12, 58, 71, 134, 61, 67, 78, 48, 85, 93, 133, 42, 40, 143, 25, 7, 6, 2, 1, 132, 131, 130, 129, 76, 74, 54, 52, 47, 46, 51, 70, 86, 80, 79, 69, 68, 127, 94, 89, 128, 66, 73, 72, 91, 39, 97, 62, 84, 44, 57, 126, 50, 49, 56, 38, 63, 64, 60, 83, 125, 103, 104, 87, 88, 100, 82, 98, 96, 31, 30, 11, 24, 23, 5, 22, 4, 21, 37, 20, 35, 34, 124, 123, 142, 141, 55, 45, 53, 92, 81, 90, 77, 65, 75, 59, 119, 95, 117, 107, 15, 0, 8, 43, 33, 41, 29, 19, 27, 3]",True,2997289088,2.997289088,"[39, 97, 62, 84, 44, 57, 126, 50, 49, 56, 38, 63, 64, 60, 83, 125, 103, 104, 87, 88, 100, 82, 98, 96, 31, 30, 11, 24, 23, 5, 22, 4, 21, 37, 20, 35, 34, 124, 123, 142, 141, 119, 95, 117, 107, 75, 59, 77, 92, 81, 90, 65, 55, 45, 53, 29, 41, 33, 43, 19, 27, 8, 0, 15, 3]","[3, 15, 0, 8, 27, 19, 43, 33, 41, 29, 53, 45, 55, 65, 90, 81, 92, 77, 59, 75, 107, 117, 95, 119, 141, 142, 123, 124, 34, 35, 20, 37, 21, 4, 22, 5, 23, 24, 11, 30, 31, 96, 98, 82, 100, 88, 87, 104, 103, 125, 83, 60, 64, 63, 38, 56, 49, 50, 126, 57, 44, 84, 62, 97, 39]",False,complete,102,102,2145,37,314,0,314,314,,False,,,,,,,2,61,36,61,36,36,36,36
1,495,44,86,63,"[1, 2, 6, 7, 9, 10, 12, 13, 14, 16, 17, 18, 25, 26, 28, 32, 36, 39, 40, 42, 46, 47, 48, 51, 52, 54, 58, 61, 66, 67, 68, 69, 70, 71, 72, 73, 74, 76, 78, 79, 80, 85, 86, 89, 91, 93, 94, 97, 99, 101, 102, 105, 106, 108, 109, 110, 111, 112, 114, 115, 116, 118, 120, 121, 122, 127, 128, 129, 130, 131, 132, 133, 134, 135, 136, 137, 138, 139, 140, 143, 144, 145, 146, 147, 148, 149]","[0, 3, 4, 5, 8, 11, 15, 19, 20, 21, 22, 23, 24, 27, 29, 30, 31, 33, 34, 35, 37, 38, 41, 43, 44, 45, 49, 50, 53, 55, 56, 57, 59, 60, 62, 63, 64, 65, 75, 77, 81, 82, 83, 84, 87, 88, 90, 92, 95, 96, 98, 100, 103, 104, 107, 117, 119, 123, 124, 125, 126, 141, 142]","{""support_1"": 62}",[62],1,"[122, 17, 18, 32, 137, 138, 140, 139, 13, 14, 116, 118, 136, 112, 16, 111, 110, 9, 109, 144, 10, 108, 148, 115, 36, 135, 28, 26, 99, 105, 149, 102, 106, 121, 120, 114, 101, 145, 147, 146, 12, 58, 71, 134, 61, 67, 78, 48, 85, 93, 133, 42, 40, 143, 25, 7, 6, 2, 1, 132, 131, 130, 129, 76, 74, 54, 52, 47, 46, 51, 70, 86, 80, 79, 69, 68, 127, 94, 89, 128, 66, 73, 72, 91, 39, 97, 62, 84, 44, 57, 126, 50, 49, 56, 38, 63, 64, 60, 83, 125, 103, 104, 87, 88, 100, 82, 98, 96, 31, 30, 11, 24, 23, 5, 22, 4, 21, 37, 20, 35, 34, 124, 123, 142, 141, 55, 45, 53, 92, 81, 90, 77, 65, 75, 59, 119, 95, 117, 107, 15, 0, 8, 43, 33, 41, 29, 19, 27, 3]",True,2966343876,2.966343876,"[62, 84, 44, 57, 126, 50, 49, 56, 38, 63, 64, 60, 83, 125, 103, 104, 87, 88, 100, 82, 98, 96, 31, 30, 24, 11, 23, 5, 22, 4, 21, 37, 20, 35, 34, 124, 123, 142, 141, 90, 81, 92, 117, 95, 119, 107, 77, 59, 75, 65, 53, 45, 55, 15, 0, 8, 29, 3, 27, 43, 19, 41, 33]","[33, 41, 19, 43, 27, 3, 29, 8, 0, 15, 55, 45, 53, 65, 75, 59, 77, 107, 119, 95, 117, 92, 81, 90, 141, 142, 123, 124, 34, 35, 20, 37, 21, 4, 22, 5, 23, 11, 24, 30, 31, 96, 98, 82, 100, 88, 87, 104, 103, 125, 83, 60, 64, 63, 38, 56, 49, 50, 126, 57, 44, 84, 62]",False,complete,100,100,2016,37,312,0,312,312,,False,,,,,,,2,60,35,60,35,35,35,36
1,496,45,88,61,"[1, 2, 6, 7, 9, 10, 12, 13, 14, 16, 17, 18, 25, 26, 28, 32, 36, 39, 40, 42, 46, 47, 48, 51, 52, 54, 58, 61, 62, 66, 67, 68, 69, 70, 71, 72, 73, 74, 76, 78, 79, 80, 84, 85, 86, 89, 91, 93, 94, 97, 99, 101, 102, 105, 106, 108, 109, 110, 111, 112, 114, 115, 116, 118, 120, 121, 122, 127, 128, 129, 130, 131, 132, 133, 134, 135, 136, 137, 138, 139, 140, 143, 144, 145, 146, 147, 148, 149]","[0, 3, 4, 5, 8, 11, 15, 19, 20, 21, 22, 23, 24, 27, 29, 30, 31, 33, 34, 35, 37, 38, 41, 43, 44, 45, 49, 50, 53, 55, 56, 57, 59, 60, 63, 64, 65, 75, 77, 81, 82, 83, 87, 88, 90, 92, 95, 96, 98, 100, 103, 104, 107, 117, 119, 123, 124, 125, 126, 141, 142]","{""support_1"": 44}",[44],1,"[122, 17, 18, 32, 137, 138, 140, 139, 13, 14, 116, 118, 136, 112, 16, 111, 110, 9, 109, 144, 10, 108, 148, 115, 36, 135, 28, 26, 99, 105, 149, 102, 106, 121, 120, 114, 101, 145, 147, 146, 12, 58, 71, 134, 61, 67, 78, 48, 85, 93, 133, 42, 40, 143, 25, 7, 6, 2, 1, 132, 131, 130, 129, 76, 74, 54, 52, 47, 46, 51, 70, 86, 80, 79, 69, 68, 127, 94, 89, 128, 66, 73, 72, 91, 39, 97, 62, 84, 44, 57, 126, 50, 49, 56, 38, 63, 64, 60, 83, 125, 103, 104, 87, 88, 100, 82, 98, 96, 31, 30, 11, 24, 23, 5, 22, 4, 21, 37, 20, 35, 34, 124, 123, 142, 141, 55, 45, 53, 92, 81, 90, 77, 65, 75, 59, 119, 95, 117, 107, 15, 0, 8, 43, 33, 41, 29, 19, 27, 3]",True,2905066958,2.905066958,"[44, 57, 126, 50, 49, 56, 38, 63, 64, 60, 83, 125, 103, 104, 87, 88, 100, 82, 98, 96, 31, 30, 24, 11, 23, 5, 22, 4, 21, 37, 20, 35, 34, 124, 123, 141, 142, 77, 59, 75, 117, 95, 119, 107, 92, 81, 90, 65, 55, 45, 53, 41, 33, 43, 27, 19, 29, 8, 3, 15, 0]","[0, 15, 3, 8, 29, 19, 27, 43, 33, 41, 53, 45, 55, 65, 90, 81, 92, 107, 119, 95, 117, 75, 59, 77, 142, 141, 123, 124, 34, 35, 20, 37, 21, 4, 22, 5, 23, 11, 24, 30, 31, 96, 98, 82, 100, 88, 87, 104, 103, 125, 83, 60, 64, 63, 38, 56, 49, 50, 126, 57, 44]",False,complete,98,98,1891,37,303,0,303,303,,False,,,,,,,2,58,33,58,33,33,33,34
1,497,46,90,59,"[1, 2, 6, 7, 9, 10, 12, 13, 14, 16, 17, 18, 25, 26, 28, 32, 36, 39, 40, 42, 44, 46, 47, 48, 51, 52, 54, 57, 58, 61, 62, 66, 67, 68, 69, 70, 71, 72, 73, 74, 76, 78, 79, 80, 84, 85, 86, 89, 91, 93, 94, 97, 99, 101, 102, 105, 106, 108, 109, 110, 111, 112, 114, 115, 116, 118, 120, 121, 122, 127, 128, 129, 130, 131, 132, 133, 134, 135, 136, 137, 138, 139, 140, 143, 144, 145, 146, 147, 148, 149]","[0, 3, 4, 5, 8, 11, 15, 19, 20, 21, 22, 23, 24, 27, 29, 30, 31, 33, 34, 35, 37, 38, 41, 43, 45, 49, 50, 53, 55, 56, 59, 60, 63, 64, 65, 75, 77, 81, 82, 83, 87, 88, 90, 92, 95, 96, 98, 100, 103, 104, 107, 117, 119, 123, 124, 125, 126, 141, 142]","{""support_1"": 83, ""support_2"": 56}","[56, 83]",2,"[122, 17, 18, 32, 137, 138, 140, 139, 13, 14, 116, 118, 136, 112, 16, 111, 110, 9, 109, 144, 10, 108, 148, 115, 36, 135, 28, 26, 99, 105, 149, 102, 106, 121, 120, 114, 101, 145, 147, 146, 12, 58, 71, 134, 61, 67, 78, 48, 85, 93, 133, 42, 40, 143, 25, 7, 6, 2, 1, 132, 131, 130, 129, 76, 74, 54, 52, 47, 46, 51, 70, 86, 80, 79, 69, 68, 127, 94, 89, 128, 66, 73, 72, 91, 39, 97, 62, 84, 44, 57, 126, 50, 49, 56, 38, 63, 64, 60, 83, 125, 103, 104, 87, 88, 100, 82, 98, 96, 31, 30, 11, 24, 23, 5, 22, 4, 21, 37, 20, 35, 34, 124, 123, 142, 141, 55, 45, 53, 92, 81, 90, 77, 65, 75, 59, 119, 95, 117, 107, 15, 0, 8, 43, 33, 41, 29, 19, 27, 3]",True,2292781673,2.292781673,"[126, 50, 49, 56, 38, 63, 64, 60, 83, 125, 103, 104, 87, 88, 100, 82, 98, 96, 31, 30, 24, 11, 23, 5, 22, 4, 21, 37, 20, 35, 34, 124, 123, 141, 142, 117, 95, 119, 107, 55, 45, 53, 77, 59, 75, 92, 65, 90, 81, 15, 0, 8, 29, 3, 27, 43, 19, 41, 33]","[33, 41, 19, 43, 27, 3, 29, 8, 0, 15, 81, 90, 65, 92, 75, 59, 77, 53, 45, 55, 107, 119, 95, 117, 142, 141, 123, 124, 34, 35, 20, 37, 21, 4, 22, 5, 23, 11, 24, 30, 31, 96, 98, 82, 100, 88, 87, 104, 103, 125, 83, 60, 64, 63, 38, 56, 49, 50, 126]",False,complete,96,96,1770,37,261,0,261,261,,False,,,,,,,2,54,30,54,32,32,30,32
1,498,47,92,57,"[1, 2, 6, 7, 9, 10, 12, 13, 14, 16, 17, 18, 25, 26, 28, 32, 36, 39, 40, 42, 44, 46, 47, 48, 50, 51, 52, 54, 57, 58, 61, 62, 66, 67, 68, 69, 70, 71, 72, 73, 74, 76, 78, 79, 80, 84, 85, 86, 89, 91, 93, 94, 97, 99, 101, 102, 105, 106, 108, 109, 110, 111, 112, 114, 115, 116, 118, 120, 121, 122, 126, 127, 128, 129, 130, 131, 132, 133, 134, 135, 136, 137, 138, 139, 140, 143, 144, 145, 146, 147, 148, 149]","[0, 3, 4, 5, 8, 11, 15, 19, 20, 21, 22, 23, 24, 27, 29, 30, 31, 33, 34, 35, 37, 38, 41, 43, 45, 49, 53, 55, 56, 59, 60, 63, 64, 65, 75, 77, 81, 82, 83, 87, 88, 90, 92, 95, 96, 98, 100, 103, 104, 107, 117, 119, 123, 124, 125, 141, 142]","{""support_1"": 83, ""support_2"": 56}","[56, 83]",2,"[122, 17, 18, 32, 137, 138, 140, 139, 13, 14, 116, 118, 136, 112, 16, 111, 110, 9, 109, 144, 10, 108, 148, 115, 36, 135, 28, 26, 99, 105, 149, 102, 106, 121, 120, 114, 101, 145, 147, 146, 12, 58, 71, 134, 61, 67, 78, 48, 85, 93, 133, 42, 40, 143, 25, 7, 6, 2, 1, 132, 131, 130, 129, 76, 74, 54, 52, 47, 46, 51, 70, 86, 80, 79, 69, 68, 127, 94, 89, 128, 66, 73, 72, 91, 39, 97, 62, 84, 44, 57, 126, 50, 49, 56, 38, 63, 64, 60, 83, 125, 103, 104, 87, 88, 100, 82, 98, 96, 31, 30, 11, 24, 23, 5, 22, 4, 21, 37, 20, 35, 34, 124, 123, 142, 141, 55, 45, 53, 92, 81, 90, 77, 65, 75, 59, 119, 95, 117, 107, 15, 0, 8, 43, 33, 41, 29, 19, 27, 3]",True,1636697276,1.636697276,"[49, 56, 38, 63, 64, 60, 83, 125, 103, 104, 87, 88, 100, 82, 98, 96, 31, 30, 24, 11, 23, 5, 22, 4, 21, 37, 20, 35, 34, 124, 123, 142, 141, 53, 45, 55, 92, 81, 90, 119, 95, 117, 107, 75, 59, 77, 65, 41, 33, 43, 15, 0, 8, 29, 3, 27, 19]","[19, 27, 3, 29, 8, 0, 15, 43, 33, 41, 65, 77, 59, 75, 107, 117, 95, 119, 90, 81, 92, 55, 45, 53, 141, 142, 123, 124, 34, 35, 20, 37, 21, 4, 22, 5, 23, 11, 24, 30, 31, 96, 98, 82, 100, 88, 87, 104, 103, 125, 83, 60, 64, 63, 38, 56, 49]",False,complete,74,74,1653,17,200,0,200,200,,False,,,,,,,2,50,30,50,32,32,30,32
1,499,48,94,55,"[1, 2, 6, 7, 9, 10, 12, 13, 14, 16, 17, 18, 25, 26, 28, 32, 36, 39, 40, 42, 44, 46, 47, 48, 49, 50, 51, 52, 54, 56, 57, 58, 61, 62, 66, 67, 68, 69, 70, 71, 72, 73, 74, 76, 78, 79, 80, 84, 85, 86, 89, 91, 93, 94, 97, 99, 101, 102, 105, 106, 108, 109, 110, 111, 112, 114, 115, 116, 118, 120, 121, 122, 126, 127, 128, 129, 130, 131, 132, 133, 134, 135, 136, 137, 138, 139, 140, 143, 144, 145, 146, 147, 148, 149]","[0, 3, 4, 5, 8, 11, 15, 19, 20, 21, 22, 23, 24, 27, 29, 30, 31, 33, 34, 35, 37, 38, 41, 43, 45, 53, 55, 59, 60, 63, 64, 65, 75, 77, 81, 82, 83, 87, 88, 90, 92, 95, 96, 98, 100, 103, 104, 107, 117, 119, 123, 124, 125, 141, 142]","{""support_1"": 83, ""support_2"": 63}","[63, 83]",2,"[122, 17, 18, 32, 137, 138, 140, 139, 13, 14, 116, 118, 136, 112, 16, 111, 110, 9, 109, 144, 10, 108, 148, 115, 36, 135, 28, 26, 99, 105, 149, 102, 106, 121, 120, 114, 101, 145, 147, 146, 12, 58, 71, 134, 61, 67, 78, 48, 85, 93, 133, 42, 40, 143, 25, 7, 6, 2, 1, 132, 131, 130, 129, 76, 74, 54, 52, 47, 46, 51, 70, 86, 80, 79, 69, 68, 127, 94, 89, 128, 66, 73, 72, 91, 39, 97, 62, 84, 44, 57, 126, 50, 49, 56, 38, 63, 64, 60, 83, 125, 103, 104, 87, 88, 100, 82, 98, 96, 31, 30, 11, 24, 23, 5, 22, 4, 21, 37, 20, 35, 34, 124, 123, 142, 141, 55, 45, 53, 92, 81, 90, 77, 65, 75, 59, 119, 95, 117, 107, 15, 0, 8, 43, 33, 41, 29, 19, 27, 3]",True,1299945513,1.299945513,"[38, 63, 64, 60, 83, 125, 103, 104, 87, 88, 100, 82, 98, 96, 31, 30, 11, 24, 23, 5, 22, 4, 21, 37, 20, 35, 34, 124, 123, 142, 141, 90, 81, 92, 119, 95, 117, 107, 53, 45, 55, 77, 65, 75, 59, 41, 33, 43, 27, 19, 29, 15, 3, 8, 0]","[0, 8, 3, 15, 29, 19, 27, 43, 33, 41, 59, 75, 65, 77, 55, 45, 53, 107, 117, 95, 119, 92, 81, 90, 141, 142, 123, 124, 34, 35, 20, 37, 21, 4, 22, 5, 23, 24, 11, 30, 31, 96, 98, 82, 100, 88, 87, 104, 103, 125, 83, 60, 64, 63, 38]",False,complete,68,68,1540,13,174,0,174,174,,False,,,,,,,2,46,29,46,31,31,29,31
1,500,49,96,53,"[1, 2, 6, 7, 9, 10, 12, 13, 14, 16, 17, 18, 25, 26, 28, 32, 36, 38, 39, 40, 42, 44, 46, 47, 48, 49, 50, 51, 52, 54, 56, 57, 58, 61, 62, 63, 66, 67, 68, 69, 70, 71, 72, 73, 74, 76, 78, 79, 80, 84, 85, 86, 89, 91, 93, 94, 97, 99, 101, 102, 105, 106, 108, 109, 110, 111, 112, 114, 115, 116, 118, 120, 121, 122, 126, 127, 128, 129, 130, 131, 132, 133, 134, 135, 136, 137, 138, 139, 140, 143, 144, 145, 146, 147, 148, 149]","[0, 3, 4, 5, 8, 11, 15, 19, 20, 21, 22, 23, 24, 27, 29, 30, 31, 33, 34, 35, 37, 41, 43, 45, 53, 55, 59, 60, 64, 65, 75, 77, 81, 82, 83, 87, 88, 90, 92, 95, 96, 98, 100, 103, 104, 107, 117, 119, 123, 124, 125, 141, 142]","{""support_1"": 83, ""support_2"": 64}","[64, 83]",2,"[122, 17, 18, 32, 137, 138, 140, 139, 13, 14, 116, 118, 136, 112, 16, 111, 110, 9, 109, 144, 10, 108, 148, 115, 36, 135, 28, 26, 99, 105, 149, 102, 106, 121, 120, 114, 101, 145, 147, 146, 12, 58, 71, 134, 61, 67, 78, 48, 85, 93, 133, 42, 40, 143, 25, 7, 6, 2, 1, 132, 131, 130, 129, 76, 74, 54, 52, 47, 46, 51, 70, 86, 80, 79, 69, 68, 127, 94, 89, 128, 66, 73, 72, 91, 39, 97, 62, 84, 44, 57, 126, 50, 49, 56, 38, 63, 64, 60, 83, 125, 103, 104, 87, 88, 100, 82, 98, 96, 31, 30, 11, 24, 23, 5, 22, 4, 21, 37, 20, 35, 34, 124, 123, 142, 141, 55, 45, 53, 92, 81, 90, 77, 65, 75, 59, 119, 95, 117, 107, 15, 0, 8, 43, 33, 41, 29, 19, 27, 3]",True,1073584407,1.073584407,"[64, 60, 83, 125, 103, 104, 87, 88, 100, 82, 98, 96, 31, 30, 24, 11, 23, 5, 22, 4, 21, 37, 20, 35, 34, 124, 123, 141, 142, 119, 107, 117, 95, 77, 59, 75, 92, 81, 90, 65, 53, 45, 55, 43, 33, 41, 8, 0, 15, 29, 3, 27, 19]","[19, 27, 3, 29, 15, 0, 8, 41, 33, 43, 55, 45, 53, 65, 90, 81, 92, 75, 59, 77, 95, 117, 107, 119, 142, 141, 123, 124, 34, 35, 20, 37, 21, 4, 22, 5, 23, 11, 24, 30, 31, 96, 98, 82, 100, 88, 87, 104, 103, 125, 83, 60, 64]",False,complete,61,61,1431,8,150,0,150,150,,False,,,,,,,2,42,28,42,29,29,28,30
1,501,50,98,51,"[1, 2, 6, 7, 9, 10, 12, 13, 14, 16, 17, 18, 25, 26, 28, 32, 36, 38, 39, 40, 42, 44, 46, 47, 48, 49, 50, 51, 52, 54, 56, 57, 58, 60, 61, 62, 63, 64, 66, 67, 68, 69, 70, 71, 72, 73, 74, 76, 78, 79, 80, 84, 85, 86, 89, 91, 93, 94, 97, 99, 101, 102, 105, 106, 108, 109, 110, 111, 112, 114, 115, 116, 118, 120, 121, 122, 126, 127, 128, 129, 130, 131, 132, 133, 134, 135, 136, 137, 138, 139, 140, 143, 144, 145, 146, 147, 148, 149]","[0, 3, 4, 5, 8, 11, 15, 19, 20, 21, 22, 23, 24, 27, 29, 30, 31, 33, 34, 35, 37, 41, 43, 45, 53, 55, 59, 65, 75, 77, 81, 82, 83, 87, 88, 90, 92, 95, 96, 98, 100, 103, 104, 107, 117, 119, 123, 124, 125, 141, 142]","{""support_1"": 83}",[83],1,"[122, 17, 18, 32, 137, 138, 140, 139, 13, 14, 116, 118, 136, 112, 16, 111, 110, 9, 109, 144, 10, 108, 148, 115, 36, 135, 28, 26, 99, 105, 149, 102, 106, 121, 120, 114, 101, 145, 147, 146, 12, 58, 71, 134, 61, 67, 78, 48, 85, 93, 133, 42, 40, 143, 25, 7, 6, 2, 1, 132, 131, 130, 129, 76, 74, 54, 52, 47, 46, 51, 70, 86, 80, 79, 69, 68, 127, 94, 89, 128, 66, 73, 72, 91, 39, 97, 62, 84, 44, 57, 126, 50, 49, 56, 38, 63, 64, 60, 83, 125, 103, 104, 87, 88, 100, 82, 98, 96, 31, 30, 11, 24, 23, 5, 22, 4, 21, 37, 20, 35, 34, 124, 123, 142, 141, 55, 45, 53, 92, 81, 90, 77, 65, 75, 59, 119, 95, 117, 107, 15, 0, 8, 43, 33, 41, 29, 19, 27, 3]",True,1012735609,1.012735609,"[83, 125, 103, 104, 87, 88, 100, 82, 98, 96, 31, 30, 24, 11, 23, 5, 22, 4, 21, 37, 20, 35, 34, 124, 123, 142, 141, 53, 45, 55, 75, 59, 77, 119, 95, 117, 107, 92, 81, 90, 65, 43, 33, 41, 8, 0, 15, 29, 3, 27, 19]","[19, 27, 3, 29, 15, 0, 8, 41, 33, 43, 65, 90, 81, 92, 107, 117, 95, 119, 77, 59, 75, 55, 45, 53, 141, 142, 123, 124, 34, 35, 20, 37, 21, 4, 22, 5, 23, 11, 24, 30, 31, 96, 98, 82, 100, 88, 87, 104, 103, 125, 83]",False,complete,59,59,1326,8,147,0,147,147,,False,,,,,,,2,39,27,39,27,27,27,28
1,502,51,100,49,"[1, 2, 6, 7, 9, 10, 12, 13, 14, 16, 17, 18, 25, 26, 28, 32, 36, 38, 39, 40, 42, 44, 46, 47, 48, 49, 50, 51, 52, 54, 56, 57, 58, 60, 61, 62, 63, 64, 66, 67, 68, 69, 70, 71, 72, 73, 74, 76, 78, 79, 80, 83, 84, 85, 86, 89, 91, 93, 94, 97, 99, 101, 102, 105, 106, 108, 109, 110, 111, 112, 114, 115, 116, 118, 120, 121, 122, 125, 126, 127, 128, 129, 130, 131, 132, 133, 134, 135, 136, 137, 138, 139, 140, 143, 144, 145, 146, 147, 148, 149]","[0, 3, 4, 5, 8, 11, 15, 19, 20, 21, 22, 23, 24, 27, 29, 30, 31, 33, 34, 35, 37, 41, 43, 45, 53, 55, 59, 65, 75, 77, 81, 82, 87, 88, 90, 92, 95, 96, 98, 100, 103, 104, 107, 117, 119, 123, 124, 141, 142]","{""support_1"": 98, ""support_2"": 103}","[98, 103]",2,"[122, 17, 18, 32, 137, 138, 140, 139, 13, 14, 116, 118, 136, 112, 16, 111, 110, 9, 109, 144, 10, 108, 148, 115, 36, 135, 28, 26, 99, 105, 149, 102, 106, 121, 120, 114, 101, 145, 147, 146, 12, 58, 71, 134, 61, 67, 78, 48, 85, 93, 133, 42, 40, 143, 25, 7, 6, 2, 1, 132, 131, 130, 129, 76, 74, 54, 52, 47, 46, 51, 70, 86, 80, 79, 69, 68, 127, 94, 89, 128, 66, 73, 72, 91, 39, 97, 62, 84, 44, 57, 126, 50, 49, 56, 38, 63, 64, 60, 83, 125, 103, 104, 87, 88, 100, 82, 98, 96, 31, 30, 11, 24, 23, 5, 22, 4, 21, 37, 20, 35, 34, 124, 123, 142, 141, 55, 45, 53, 92, 81, 90, 77, 65, 75, 59, 119, 95, 117, 107, 15, 0, 8, 43, 33, 41, 29, 19, 27, 3]",True,781135859,0.781135859,"[103, 104, 87, 88, 100, 82, 98, 96, 31, 30, 24, 11, 23, 5, 22, 4, 21, 37, 20, 35, 34, 124, 123, 141, 142, 119, 107, 117, 95, 92, 81, 90, 53, 45, 55, 75, 59, 77, 65, 15, 0, 8, 29, 3, 27, 41, 33, 43, 19]","[19, 43, 33, 41, 27, 3, 29, 8, 0, 15, 65, 77, 59, 75, 55, 45, 53, 90, 81, 92, 95, 117, 107, 119, 142, 141, 123, 124, 34, 35, 20, 37, 21, 4, 22, 5, 23, 11, 24, 30, 31, 96, 98, 82, 100, 88, 87, 104, 103]",False,complete,56,56,1225,7,123,0,123,123,,False,,,,,,,2,35,24,35,25,25,24,26
1,503,52,102,47,"[1, 2, 6, 7, 9, 10, 12, 13, 14, 16, 17, 18, 25, 26, 28, 32, 36, 38, 39, 40, 42, 44, 46, 47, 48, 49, 50, 51, 52, 54, 56, 57, 58, 60, 61, 62, 63, 64, 66, 67, 68, 69, 70, 71, 72, 73, 74, 76, 78, 79, 80, 83, 84, 85, 86, 89, 91, 93, 94, 97, 99, 101, 102, 103, 104, 105, 106, 108, 109, 110, 111, 112, 114, 115, 116, 118, 120, 121, 122, 125, 126, 127, 128, 129, 130, 131, 132, 133, 134, 135, 136, 137, 138, 139, 140, 143, 144, 145, 146, 147, 148, 149]","[0, 3, 4, 5, 8, 11, 15, 19, 20, 21, 22, 23, 24, 27, 29, 30, 31, 33, 34, 35, 37, 41, 43, 45, 53, 55, 59, 65, 75, 77, 81, 82, 87, 88, 90, 92, 95, 96, 98, 100, 107, 117, 119, 123, 124, 141, 142]","{""support_1"": 98, ""support_2"": 88}","[88, 98]",2,"[122, 17, 18, 32, 137, 138, 140, 139, 13, 14, 116, 118, 136, 112, 16, 111, 110, 9, 109, 144, 10, 108, 148, 115, 36, 135, 28, 26, 99, 105, 149, 102, 106, 121, 120, 114, 101, 145, 147, 146, 12, 58, 71, 134, 61, 67, 78, 48, 85, 93, 133, 42, 40, 143, 25, 7, 6, 2, 1, 132, 131, 130, 129, 76, 74, 54, 52, 47, 46, 51, 70, 86, 80, 79, 69, 68, 127, 94, 89, 128, 66, 73, 72, 91, 39, 97, 62, 84, 44, 57, 126, 50, 49, 56, 38, 63, 64, 60, 83, 125, 103, 104, 87, 88, 100, 82, 98, 96, 31, 30, 11, 24, 23, 5, 22, 4, 21, 37, 20, 35, 34, 124, 123, 142, 141, 55, 45, 53, 92, 81, 90, 77, 65, 75, 59, 119, 95, 117, 107, 15, 0, 8, 43, 33, 41, 29, 19, 27, 3]",True,594292872,0.594292872,"[87, 88, 100, 82, 98, 96, 31, 30, 11, 24, 23, 5, 22, 4, 21, 37, 20, 35, 34, 124, 123, 142, 141, 75, 59, 77, 92, 81, 90, 65, 117, 95, 119, 107, 53, 45, 55, 27, 8, 0, 15, 3, 29, 41, 33, 43, 19]","[19, 43, 33, 41, 29, 3, 15, 0, 8, 27, 55, 45, 53, 107, 119, 95, 117, 65, 90, 81, 92, 77, 59, 75, 141, 142, 123, 124, 34, 35, 20, 37, 21, 4, 22, 5, 23, 24, 11, 30, 31, 96, 98, 82, 100, 88, 87]",False,complete,52,52,1128,5,102,0,102,102,,False,,,,,,,2,31,22,31,24,24,22,24
1,504,53,104,45,"[1, 2, 6, 7, 9, 10, 12, 13, 14, 16, 17, 18, 25, 26, 28, 32, 36, 38, 39, 40, 42, 44, 46, 47, 48, 49, 50, 51, 52, 54, 56, 57, 58, 60, 61, 62, 63, 64, 66, 67, 68, 69, 70, 71, 72, 73, 74, 76, 78, 79, 80, 83, 84, 85, 86, 87, 88, 89, 91, 93, 94, 97, 99, 101, 102, 103, 104, 105, 106, 108, 109, 110, 111, 112, 114, 115, 116, 118, 120, 121, 122, 125, 126, 127, 128, 129, 130, 131, 132, 133, 134, 135, 136, 137, 138, 139, 140, 143, 144, 145, 146, 147, 148, 149]","[0, 3, 4, 5, 8, 11, 15, 19, 20, 21, 22, 23, 24, 27, 29, 30, 31, 33, 34, 35, 37, 41, 43, 45, 53, 55, 59, 65, 75, 77, 81, 82, 90, 92, 95, 96, 98, 100, 107, 117, 119, 123, 124, 141, 142]","{""support_1"": 98, ""support_2"": 100}","[98, 100]",2,"[122, 17, 18, 32, 137, 138, 140, 139, 13, 14, 116, 118, 136, 112, 16, 111, 110, 9, 109, 144, 10, 108, 148, 115, 36, 135, 28, 26, 99, 105, 149, 102, 106, 121, 120, 114, 101, 145, 147, 146, 12, 58, 71, 134, 61, 67, 78, 48, 85, 93, 133, 42, 40, 143, 25, 7, 6, 2, 1, 132, 131, 130, 129, 76, 74, 54, 52, 47, 46, 51, 70, 86, 80, 79, 69, 68, 127, 94, 89, 128, 66, 73, 72, 91, 39, 97, 62, 84, 44, 57, 126, 50, 49, 56, 38, 63, 64, 60, 83, 125, 103, 104, 87, 88, 100, 82, 98, 96, 31, 30, 11, 24, 23, 5, 22, 4, 21, 37, 20, 35, 34, 124, 123, 142, 141, 55, 45, 53, 92, 81, 90, 77, 65, 75, 59, 119, 95, 117, 107, 15, 0, 8, 43, 33, 41, 29, 19, 27, 3]",True,428463968,0.428463968,"[100, 82, 98, 96, 31, 30, 11, 24, 23, 5, 22, 4, 21, 37, 20, 35, 34, 124, 123, 142, 141, 55, 45, 53, 77, 59, 75, 90, 81, 92, 65, 119, 95, 117, 107, 27, 41, 33, 43, 19, 29, 8, 3, 15, 0]","[0, 15, 3, 8, 29, 19, 43, 33, 41, 27, 107, 117, 95, 119, 65, 92, 81, 90, 75, 59, 77, 53, 45, 55, 141, 142, 123, 124, 34, 35, 20, 37, 21, 4, 22, 5, 23, 24, 11, 30, 31, 96, 98, 82, 100]",False,complete,45,45,1035,0,85,0,85,85,,False,,,,,,,2,27,21,27,22,22,21,23
1,505,54,106,43,"[1, 2, 6, 7, 9, 10, 12, 13, 14, 16, 17, 18, 25, 26, 28, 32, 36, 38, 39, 40, 42, 44, 46, 47, 48, 49, 50, 51, 52, 54, 56, 57, 58, 60, 61, 62, 63, 64, 66, 67, 68, 69, 70, 71, 72, 73, 74, 76, 78, 79, 80, 82, 83, 84, 85, 86, 87, 88, 89, 91, 93, 94, 97, 99, 100, 101, 102, 103, 104, 105, 106, 108, 109, 110, 111, 112, 114, 115, 116, 118, 120, 121, 122, 125, 126, 127, 128, 129, 130, 131, 132, 133, 134, 135, 136, 137, 138, 139, 140, 143, 144, 145, 146, 147, 148, 149]","[0, 3, 4, 5, 8, 11, 15, 19, 20, 21, 22, 23, 24, 27, 29, 30, 31, 33, 34, 35, 37, 41, 43, 45, 53, 55, 59, 65, 75, 77, 81, 90, 92, 95, 96, 98, 107, 117, 119, 123, 124, 141, 142]","{""support_1"": 98}",[98],1,"[122, 17, 18, 32, 137, 138, 140, 139, 13, 14, 116, 118, 136, 112, 16, 111, 110, 9, 109, 144, 10, 108, 148, 115, 36, 135, 28, 26, 99, 105, 149, 102, 106, 121, 120, 114, 101, 145, 147, 146, 12, 58, 71, 134, 61, 67, 78, 48, 85, 93, 133, 42, 40, 143, 25, 7, 6, 2, 1, 132, 131, 130, 129, 76, 74, 54, 52, 47, 46, 51, 70, 86, 80, 79, 69, 68, 127, 94, 89, 128, 66, 73, 72, 91, 39, 97, 62, 84, 44, 57, 126, 50, 49, 56, 38, 63, 64, 60, 83, 125, 103, 104, 87, 88, 100, 82, 98, 96, 31, 30, 11, 24, 23, 5, 22, 4, 21, 37, 20, 35, 34, 124, 123, 142, 141, 55, 45, 53, 92, 81, 90, 77, 65, 75, 59, 119, 95, 117, 107, 15, 0, 8, 43, 33, 41, 29, 19, 27, 3]",True,419919959,0.419919959,"[98, 96, 31, 30, 11, 24, 23, 5, 22, 4, 21, 37, 20, 35, 34, 124, 123, 141, 142, 75, 59, 77, 92, 65, 90, 81, 55, 45, 53, 117, 95, 119, 107, 15, 0, 8, 41, 33, 43, 29, 3, 27, 19]","[19, 27, 3, 29, 43, 33, 41, 8, 0, 15, 107, 119, 95, 117, 53, 45, 55, 81, 90, 65, 92, 77, 59, 75, 142, 141, 123, 124, 34, 35, 20, 37, 21, 4, 22, 5, 23, 24, 11, 30, 31, 96, 98]",False,complete,43,43,946,0,82,0,82,82,,False,,,,,,,2,24,20,24,20,20,20,21
1,506,55,108,41,"[1, 2, 6, 7, 9, 10, 12, 13, 14, 16, 17, 18, 25, 26, 28, 32, 36, 38, 39, 40, 42, 44, 46, 47, 48, 49, 50, 51, 52, 54, 56, 57, 58, 60, 61, 62, 63, 64, 66, 67, 68, 69, 70, 71, 72, 73, 74, 76, 78, 79, 80, 82, 83, 84, 85, 86, 87, 88, 89, 91, 93, 94, 96, 97, 98, 99, 100, 101, 102, 103, 104, 105, 106, 108, 109, 110, 111, 112, 114, 115, 116, 118, 120, 121, 122, 125, 126, 127, 128, 129, 130, 131, 132, 133, 134, 135, 136, 137, 138, 139, 140, 143, 144, 145, 146, 147, 148, 149]","[0, 3, 4, 5, 8, 11, 15, 19, 20, 21, 22, 23, 24, 27, 29, 30, 31, 33, 34, 35, 37, 41, 43, 45, 53, 55, 59, 65, 75, 77, 81, 90, 92, 95, 107, 117, 119, 123, 124, 141, 142]","{""support_1"": 31}",[31],1,"[122, 17, 18, 32, 137, 138, 140, 139, 13, 14, 116, 118, 136, 112, 16, 111, 110, 9, 109, 144, 10, 108, 148, 115, 36, 135, 28, 26, 99, 105, 149, 102, 106, 121, 120, 114, 101, 145, 147, 146, 12, 58, 71, 134, 61, 67, 78, 48, 85, 93, 133, 42, 40, 143, 25, 7, 6, 2, 1, 132, 131, 130, 129, 76, 74, 54, 52, 47, 46, 51, 70, 86, 80, 79, 69, 68, 127, 94, 89, 128, 66, 73, 72, 91, 39, 97, 62, 84, 44, 57, 126, 50, 49, 56, 38, 63, 64, 60, 83, 125, 103, 104, 87, 88, 100, 82, 98, 96, 31, 30, 11, 24, 23, 5, 22, 4, 21, 37, 20, 35, 34, 124, 123, 142, 141, 55, 45, 53, 92, 81, 90, 77, 65, 75, 59, 119, 95, 117, 107, 15, 0, 8, 43, 33, 41, 29, 19, 27, 3]",True,336142681,0.336142681,"[31, 30, 11, 24, 23, 5, 22, 4, 21, 37, 20, 35, 34, 124, 123, 141, 142, 77, 59, 75, 55, 45, 53, 92, 65, 90, 81, 119, 95, 117, 107, 41, 33, 43, 27, 19, 29, 8, 3, 15, 0]","[0, 15, 3, 8, 29, 19, 27, 43, 33, 41, 107, 117, 95, 119, 81, 90, 65, 92, 53, 45, 55, 75, 59, 77, 142, 141, 123, 124, 34, 35, 20, 37, 21, 4, 22, 5, 23, 24, 11, 30, 31]",False,complete,41,41,861,0,74,0,74,74,,False,,,,,,,2,21,18,21,18,18,18,19
1,507,56,110,39,"[1, 2, 6, 7, 9, 10, 12, 13, 14, 16, 17, 18, 25, 26, 28, 30, 31, 32, 36, 38, 39, 40, 42, 44, 46, 47, 48, 49, 50, 51, 52, 54, 56, 57, 58, 60, 61, 62, 63, 64, 66, 67, 68, 69, 70, 71, 72, 73, 74, 76, 78, 79, 80, 82, 83, 84, 85, 86, 87, 88, 89, 91, 93, 94, 96, 97, 98, 99, 100, 101, 102, 103, 104, 105, 106, 108, 109, 110, 111, 112, 114, 115, 116, 118, 120, 121, 122, 125, 126, 127, 128, 129, 130, 131, 132, 133, 134, 135, 136, 137, 138, 139, 140, 143, 144, 145, 146, 147, 148, 149]","[0, 3, 4, 5, 8, 11, 15, 19, 20, 21, 22, 23, 24, 27, 29, 33, 34, 35, 37, 41, 43, 45, 53, 55, 59, 65, 75, 77, 81, 90, 92, 95, 107, 117, 119, 123, 124, 141, 142]","{""support_1"": 11, ""support_2"": 24}","[11, 24]",2,"[122, 17, 18, 32, 137, 138, 140, 139, 13, 14, 116, 118, 136, 112, 16, 111, 110, 9, 109, 144, 10, 108, 148, 115, 36, 135, 28, 26, 99, 105, 149, 102, 106, 121, 120, 114, 101, 145, 147, 146, 12, 58, 71, 134, 61, 67, 78, 48, 85, 93, 133, 42, 40, 143, 25, 7, 6, 2, 1, 132, 131, 130, 129, 76, 74, 54, 52, 47, 46, 51, 70, 86, 80, 79, 69, 68, 127, 94, 89, 128, 66, 73, 72, 91, 39, 97, 62, 84, 44, 57, 126, 50, 49, 56, 38, 63, 64, 60, 83, 125, 103, 104, 87, 88, 100, 82, 98, 96, 31, 30, 11, 24, 23, 5, 22, 4, 21, 37, 20, 35, 34, 124, 123, 142, 141, 55, 45, 53, 92, 81, 90, 77, 65, 75, 59, 119, 95, 117, 107, 15, 0, 8, 43, 33, 41, 29, 19, 27, 3]",True,293651259,0.293651259,"[11, 24, 23, 5, 22, 4, 21, 37, 20, 35, 34, 124, 123, 142, 141, 90, 81, 92, 53, 45, 55, 75, 65, 77, 59, 119, 95, 117, 107, 27, 15, 0, 8, 3, 29, 41, 19, 43, 33]","[33, 43, 19, 41, 29, 3, 8, 0, 15, 27, 107, 117, 95, 119, 59, 77, 65, 75, 55, 45, 53, 92, 81, 90, 141, 142, 123, 124, 34, 35, 20, 37, 21, 4, 22, 5, 23, 24, 11]",False,complete,39,39,780,0,68,0,68,68,,False,,,,,,,2,18,15,18,16,16,15,17
1,508,57,112,37,"[1, 2, 6, 7, 9, 10, 11, 12, 13, 14, 16, 17, 18, 24, 25, 26, 28, 30, 31, 32, 36, 38, 39, 40, 42, 44, 46, 47, 48, 49, 50, 51, 52, 54, 56, 57, 58, 60, 61, 62, 63, 64, 66, 67, 68, 69, 70, 71, 72, 73, 74, 76, 78, 79, 80, 82, 83, 84, 85, 86, 87, 88, 89, 91, 93, 94, 96, 97, 98, 99, 100, 101, 102, 103, 104, 105, 106, 108, 109, 110, 111, 112, 114, 115, 116, 118, 120, 121, 122, 125, 126, 127, 128, 129, 130, 131, 132, 133, 134, 135, 136, 137, 138, 139, 140, 143, 144, 145, 146, 147, 148, 149]","[0, 3, 4, 5, 8, 15, 19, 20, 21, 22, 23, 27, 29, 33, 34, 35, 37, 41, 43, 45, 53, 55, 59, 65, 75, 77, 81, 90, 92, 95, 107, 117, 119, 123, 124, 141, 142]",{},[],0,"[122, 17, 18, 32, 137, 138, 140, 139, 13, 14, 116, 118, 136, 112, 16, 111, 110, 9, 109, 144, 10, 108, 148, 115, 36, 135, 28, 26, 99, 105, 149, 102, 106, 121, 120, 114, 101, 145, 147, 146, 12, 58, 71, 134, 61, 67, 78, 48, 85, 93, 133, 42, 40, 143, 25, 7, 6, 2, 1, 132, 131, 130, 129, 76, 74, 54, 52, 47, 46, 51, 70, 86, 80, 79, 69, 68, 127, 94, 89, 128, 66, 73, 72, 91, 39, 97, 62, 84, 44, 57, 126, 50, 49, 56, 38, 63, 64, 60, 83, 125, 103, 104, 87, 88, 100, 82, 98, 96, 31, 30, 11, 24, 23, 5, 22, 4, 21, 37, 20, 35, 34, 124, 123, 142, 141, 55, 45, 53, 92, 81, 90, 77, 65, 75, 59, 119, 95, 117, 107, 15, 0, 8, 43, 33, 41, 29, 19, 27, 3]",True,287329534,0.287329534,"[23, 5, 22, 4, 21, 37, 20, 35, 34, 124, 123, 141, 142, 119, 95, 117, 107, 92, 81, 90, 75, 65, 77, 59, 53, 45, 55, 43, 33, 41, 15, 0, 8, 27, 19, 29, 3]","[3, 29, 19, 27, 8, 0, 15, 41, 33, 43, 55, 45, 53, 59, 77, 65, 75, 90, 81, 92, 107, 117, 95, 119, 142, 141, 123, 124, 34, 35, 20, 37, 21, 4, 22, 5, 23]",False,complete,37,37,703,0,65,0,65,65,,False,,,,,,,2,17,15,17,15,15,15,15
1,509,58,114,35,"[1, 2, 5, 6, 7, 9, 10, 11, 12, 13, 14, 16, 17, 18, 23, 24, 25, 26, 28, 30, 31, 32, 36, 38, 39, 40, 42, 44, 46, 47, 48, 49, 50, 51, 52, 54, 56, 57, 58, 60, 61, 62, 63, 64, 66, 67, 68, 69, 70, 71, 72, 73, 74, 76, 78, 79, 80, 82, 83, 84, 85, 86, 87, 88, 89, 91, 93, 94, 96, 97, 98, 99, 100, 101, 102, 103, 104, 105, 106, 108, 109, 110, 111, 112, 114, 115, 116, 118, 120, 121, 122, 125, 126, 127, 128, 129, 130, 131, 132, 133, 134, 135, 136, 137, 138, 139, 140, 143, 144, 145, 146, 147, 148, 149]","[0, 3, 4, 8, 15, 19, 20, 21, 22, 27, 29, 33, 34, 35, 37, 41, 43, 45, 53, 55, 59, 65, 75, 77, 81, 90, 92, 95, 107, 117, 119, 123, 124, 141, 142]","{""support_1"": 22}",[22],1,"[122, 17, 18, 32, 137, 138, 140, 139, 13, 14, 116, 118, 136, 112, 16, 111, 110, 9, 109, 144, 10, 108, 148, 115, 36, 135, 28, 26, 99, 105, 149, 102, 106, 121, 120, 114, 101, 145, 147, 146, 12, 58, 71, 134, 61, 67, 78, 48, 85, 93, 133, 42, 40, 143, 25, 7, 6, 2, 1, 132, 131, 130, 129, 76, 74, 54, 52, 47, 46, 51, 70, 86, 80, 79, 69, 68, 127, 94, 89, 128, 66, 73, 72, 91, 39, 97, 62, 84, 44, 57, 126, 50, 49, 56, 38, 63, 64, 60, 83, 125, 103, 104, 87, 88, 100, 82, 98, 96, 31, 30, 11, 24, 23, 5, 22, 4, 21, 37, 20, 35, 34, 124, 123, 142, 141, 55, 45, 53, 92, 81, 90, 77, 65, 75, 59, 119, 95, 117, 107, 15, 0, 8, 43, 33, 41, 29, 19, 27, 3]",True,227487532,0.227487532,"[22, 4, 21, 37, 20, 35, 34, 124, 123, 142, 141, 55, 45, 53, 77, 59, 75, 119, 107, 117, 95, 92, 81, 90, 65, 15, 0, 8, 41, 33, 43, 27, 3, 29, 19]","[19, 29, 3, 27, 43, 33, 41, 8, 0, 15, 65, 90, 81, 92, 95, 117, 107, 119, 75, 59, 77, 53, 45, 55, 141, 142, 123, 124, 34, 35, 20, 37, 21, 4, 22]",False,complete,35,35,630,0,58,0,58,58,,False,,,,,,,2,15,13,15,13,13,13,14
1,510,59,116,33,"[1, 2, 4, 5, 6, 7, 9, 10, 11, 12, 13, 14, 16, 17, 18, 22, 23, 24, 25, 26, 28, 30, 31, 32, 36, 38, 39, 40, 42, 44, 46, 47, 48, 49, 50, 51, 52, 54, 56, 57, 58, 60, 61, 62, 63, 64, 66, 67, 68, 69, 70, 71, 72, 73, 74, 76, 78, 79, 80, 82, 83, 84, 85, 86, 87, 88, 89, 91, 93, 94, 96, 97, 98, 99, 100, 101, 102, 103, 104, 105, 106, 108, 109, 110, 111, 112, 114, 115, 116, 118, 120, 121, 122, 125, 126, 127, 128, 129, 130, 131, 132, 133, 134, 135, 136, 137, 138, 139, 140, 143, 144, 145, 146, 147, 148, 149]","[0, 3, 8, 15, 19, 20, 21, 27, 29, 33, 34, 35, 37, 41, 43, 45, 53, 55, 59, 65, 75, 77, 81, 90, 92, 95, 107, 117, 119, 123, 124, 141, 142]","{""support_2"": 21}",[21],1,"[122, 17, 18, 32, 137, 138, 140, 139, 13, 14, 116, 118, 136, 112, 16, 111, 110, 9, 109, 144, 10, 108, 148, 115, 36, 135, 28, 26, 99, 105, 149, 102, 106, 121, 120, 114, 101, 145, 147, 146, 12, 58, 71, 134, 61, 67, 78, 48, 85, 93, 133, 42, 40, 143, 25, 7, 6, 2, 1, 132, 131, 130, 129, 76, 74, 54, 52, 47, 46, 51, 70, 86, 80, 79, 69, 68, 127, 94, 89, 128, 66, 73, 72, 91, 39, 97, 62, 84, 44, 57, 126, 50, 49, 56, 38, 63, 64, 60, 83, 125, 103, 104, 87, 88, 100, 82, 98, 96, 31, 30, 11, 24, 23, 5, 22, 4, 21, 37, 20, 35, 34, 124, 123, 142, 141, 55, 45, 53, 92, 81, 90, 77, 65, 75, 59, 119, 95, 117, 107, 15, 0, 8, 43, 33, 41, 29, 19, 27, 3]",True,169209216,0.169209216,"[21, 37, 20, 35, 34, 124, 123, 141, 142, 77, 59, 75, 90, 65, 92, 81, 55, 45, 53, 117, 95, 119, 107, 8, 0, 15, 27, 3, 29, 41, 19, 43, 33]","[33, 43, 19, 41, 29, 3, 27, 15, 0, 8, 107, 119, 95, 117, 53, 45, 55, 81, 92, 65, 90, 75, 59, 77, 142, 141, 123, 124, 34, 35, 20, 37, 21]",False,complete,33,33,561,0,49,0,49,49,,False,,,,,,,2,12,11,12,11,11,11,12
1,511,60,118,31,"[1, 2, 4, 5, 6, 7, 9, 10, 11, 12, 13, 14, 16, 17, 18, 21, 22, 23, 24, 25, 26, 28, 30, 31, 32, 36, 37, 38, 39, 40, 42, 44, 46, 47, 48, 49, 50, 51, 52, 54, 56, 57, 58, 60, 61, 62, 63, 64, 66, 67, 68, 69, 70, 71, 72, 73, 74, 76, 78, 79, 80, 82, 83, 84, 85, 86, 87, 88, 89, 91, 93, 94, 96, 97, 98, 99, 100, 101, 102, 103, 104, 105, 106, 108, 109, 110, 111, 112, 114, 115, 116, 118, 120, 121, 122, 125, 126, 127, 128, 129, 130, 131, 132, 133, 134, 135, 136, 137, 138, 139, 140, 143, 144, 145, 146, 147, 148, 149]","[0, 3, 8, 15, 19, 20, 27, 29, 33, 34, 35, 41, 43, 45, 53, 55, 59, 65, 75, 77, 81, 90, 92, 95, 107, 117, 119, 123, 124, 141, 142]","{""support_1"": 20, ""support_2"": 35}","[20, 35]",2,"[122, 17, 18, 32, 137, 138, 140, 139, 13, 14, 116, 118, 136, 112, 16, 111, 110, 9, 109, 144, 10, 108, 148, 115, 36, 135, 28, 26, 99, 105, 149, 102, 106, 121, 120, 114, 101, 145, 147, 146, 12, 58, 71, 134, 61, 67, 78, 48, 85, 93, 133, 42, 40, 143, 25, 7, 6, 2, 1, 132, 131, 130, 129, 76, 74, 54, 52, 47, 46, 51, 70, 86, 80, 79, 69, 68, 127, 94, 89, 128, 66, 73, 72, 91, 39, 97, 62, 84, 44, 57, 126, 50, 49, 56, 38, 63, 64, 60, 83, 125, 103, 104, 87, 88, 100, 82, 98, 96, 31, 30, 11, 24, 23, 5, 22, 4, 21, 37, 20, 35, 34, 124, 123, 142, 141, 55, 45, 53, 92, 81, 90, 77, 65, 75, 59, 119, 95, 117, 107, 15, 0, 8, 43, 33, 41, 29, 19, 27, 3]",True,125935811,0.125935811,"[20, 35, 34, 124, 123, 142, 141, 90, 81, 92, 77, 59, 75, 65, 117, 95, 119, 107, 53, 45, 55, 27, 43, 33, 41, 19, 29, 8, 3, 15, 0]","[0, 15, 3, 8, 29, 19, 41, 33, 43, 27, 55, 45, 53, 107, 119, 95, 117, 65, 75, 59, 77, 92, 81, 90, 141, 142, 123, 124, 34, 35, 20]",False,complete,31,31,496,0,41,0,41,41,,False,,,,,,,1,9,8,9,9,9,8,10
1,512,61,120,29,"[1, 2, 4, 5, 6, 7, 9, 10, 11, 12, 13, 14, 16, 17, 18, 20, 21, 22, 23, 24, 25, 26, 28, 30, 31, 32, 35, 36, 37, 38, 39, 40, 42, 44, 46, 47, 48, 49, 50, 51, 52, 54, 56, 57, 58, 60, 61, 62, 63, 64, 66, 67, 68, 69, 70, 71, 72, 73, 74, 76, 78, 79, 80, 82, 83, 84, 85, 86, 87, 88, 89, 91, 93, 94, 96, 97, 98, 99, 100, 101, 102, 103, 104, 105, 106, 108, 109, 110, 111, 112, 114, 115, 116, 118, 120, 121, 122, 125, 126, 127, 128, 129, 130, 131, 132, 133, 134, 135, 136, 137, 138, 139, 140, 143, 144, 145, 146, 147, 148, 149]","[0, 3, 8, 15, 19, 27, 29, 33, 34, 41, 43, 45, 53, 55, 59, 65, 75, 77, 81, 90, 92, 95, 107, 117, 119, 123, 124, 141, 142]","{""support_1"": 34}",[34],1,"[122, 17, 18, 32, 137, 138, 140, 139, 13, 14, 116, 118, 136, 112, 16, 111, 110, 9, 109, 144, 10, 108, 148, 115, 36, 135, 28, 26, 99, 105, 149, 102, 106, 121, 120, 114, 101, 145, 147, 146, 12, 58, 71, 134, 61, 67, 78, 48, 85, 93, 133, 42, 40, 143, 25, 7, 6, 2, 1, 132, 131, 130, 129, 76, 74, 54, 52, 47, 46, 51, 70, 86, 80, 79, 69, 68, 127, 94, 89, 128, 66, 73, 72, 91, 39, 97, 62, 84, 44, 57, 126, 50, 49, 56, 38, 63, 64, 60, 83, 125, 103, 104, 87, 88, 100, 82, 98, 96, 31, 30, 11, 24, 23, 5, 22, 4, 21, 37, 20, 35, 34, 124, 123, 142, 141, 55, 45, 53, 92, 81, 90, 77, 65, 75, 59, 119, 95, 117, 107, 15, 0, 8, 43, 33, 41, 29, 19, 27, 3]",True,124356728,0.124356728,"[34, 124, 123, 142, 141, 119, 95, 117, 107, 90, 81, 92, 53, 45, 55, 75, 65, 77, 59, 29, 8, 0, 15, 3, 27, 41, 33, 43, 19]","[19, 43, 33, 41, 27, 3, 15, 0, 8, 29, 59, 77, 65, 75, 55, 45, 53, 92, 81, 90, 107, 117, 95, 119, 141, 142, 123, 124, 34]",False,complete,29,29,435,0,38,0,38,38,,False,,,,,,,1,7,7,7,7,7,7,8
1,513,62,122,27,"[1, 2, 4, 5, 6, 7, 9, 10, 11, 12, 13, 14, 16, 17, 18, 20, 21, 22, 23, 24, 25, 26, 28, 30, 31, 32, 34, 35, 36, 37, 38, 39, 40, 42, 44, 46, 47, 48, 49, 50, 51, 52, 54, 56, 57, 58, 60, 61, 62, 63, 64, 66, 67, 68, 69, 70, 71, 72, 73, 74, 76, 78, 79, 80, 82, 83, 84, 85, 86, 87, 88, 89, 91, 93, 94, 96, 97, 98, 99, 100, 101, 102, 103, 104, 105, 106, 108, 109, 110, 111, 112, 114, 115, 116, 118, 120, 121, 122, 124, 125, 126, 127, 128, 129, 130, 131, 132, 133, 134, 135, 136, 137, 138, 139, 140, 143, 144, 145, 146, 147, 148, 149]","[0, 3, 8, 15, 19, 27, 29, 33, 41, 43, 45, 53, 55, 59, 65, 75, 77, 81, 90, 92, 95, 107, 117, 119, 123, 141, 142]",{},[],0,"[122, 17, 18, 32, 137, 138, 140, 139, 13, 14, 116, 118, 136, 112, 16, 111, 110, 9, 109, 144, 10, 108, 148, 115, 36, 135, 28, 26, 99, 105, 149, 102, 106, 121, 120, 114, 101, 145, 147, 146, 12, 58, 71, 134, 61, 67, 78, 48, 85, 93, 133, 42, 40, 143, 25, 7, 6, 2, 1, 132, 131, 130, 129, 76, 74, 54, 52, 47, 46, 51, 70, 86, 80, 79, 69, 68, 127, 94, 89, 128, 66, 73, 72, 91, 39, 97, 62, 84, 44, 57, 126, 50, 49, 56, 38, 63, 64, 60, 83, 125, 103, 104, 87, 88, 100, 82, 98, 96, 31, 30, 11, 24, 23, 5, 22, 4, 21, 37, 20, 35, 34, 124, 123, 142, 141, 55, 45, 53, 92, 81, 90, 77, 65, 75, 59, 119, 95, 117, 107, 15, 0, 8, 43, 33, 41, 29, 19, 27, 3]",True,91260044,0.091260044,"[123, 141, 142, 77, 59, 75, 55, 45, 53, 90, 81, 92, 65, 119, 95, 117, 107, 29, 43, 33, 41, 19, 27, 8, 3, 15, 0]","[0, 15, 3, 8, 27, 19, 41, 33, 43, 29, 107, 117, 95, 119, 65, 92, 81, 90, 53, 45, 55, 75, 59, 77, 142, 141, 123]",False,complete,27,27,378,0,35,0,35,35,,False,,,,,,,1,7,7,7,7,7,7,7
1,514,63,124,25,"[1, 2, 4, 5, 6, 7, 9, 10, 11, 12, 13, 14, 16, 17, 18, 20, 21, 22, 23, 24, 25, 26, 28, 30, 31, 32, 34, 35, 36, 37, 38, 39, 40, 42, 44, 46, 47, 48, 49, 50, 51, 52, 54, 56, 57, 58, 60, 61, 62, 63, 64, 66, 67, 68, 69, 70, 71, 72, 73, 74, 76, 78, 79, 80, 82, 83, 84, 85, 86, 87, 88, 89, 91, 93, 94, 96, 97, 98, 99, 100, 101, 102, 103, 104, 105, 106, 108, 109, 110, 111, 112, 114, 115, 116, 118, 120, 121, 122, 123, 124, 125, 126, 127, 128, 129, 130, 131, 132, 133, 134, 135, 136, 137, 138, 139, 140, 142, 143, 144, 145, 146, 147, 148, 149]","[0, 3, 8, 15, 19, 27, 29, 33, 41, 43, 45, 53, 55, 59, 65, 75, 77, 81, 90, 92, 95, 107, 117, 119, 141]",{},[],0,"[122, 17, 18, 32, 137, 138, 140, 139, 13, 14, 116, 118, 136, 112, 16, 111, 110, 9, 109, 144, 10, 108, 148, 115, 36, 135, 28, 26, 99, 105, 149, 102, 106, 121, 120, 114, 101, 145, 147, 146, 12, 58, 71, 134, 61, 67, 78, 48, 85, 93, 133, 42, 40, 143, 25, 7, 6, 2, 1, 132, 131, 130, 129, 76, 74, 54, 52, 47, 46, 51, 70, 86, 80, 79, 69, 68, 127, 94, 89, 128, 66, 73, 72, 91, 39, 97, 62, 84, 44, 57, 126, 50, 49, 56, 38, 63, 64, 60, 83, 125, 103, 104, 87, 88, 100, 82, 98, 96, 31, 30, 11, 24, 23, 5, 22, 4, 21, 37, 20, 35, 34, 124, 123, 142, 141, 55, 45, 53, 92, 81, 90, 77, 65, 75, 59, 119, 95, 117, 107, 15, 0, 8, 43, 33, 41, 29, 19, 27, 3]",True,83173762,0.083173762,"[141, 117, 95, 119, 107, 75, 59, 77, 55, 45, 53, 92, 81, 90, 65, 27, 15, 0, 8, 3, 29, 43, 33, 41, 19]","[19, 41, 33, 43, 29, 3, 8, 0, 15, 27, 65, 90, 81, 92, 53, 45, 55, 77, 59, 75, 107, 119, 95, 117, 141]",False,complete,25,25,325,0,33,0,33,33,,False,,,,,,,1,7,7,7,7,7,7,7
1,515,64,126,23,"[1, 2, 4, 5, 6, 7, 9, 10, 11, 12, 13, 14, 16, 17, 18, 20, 21, 22, 23, 24, 25, 26, 28, 30, 31, 32, 34, 35, 36, 37, 38, 39, 40, 42, 44, 46, 47, 48, 49, 50, 51, 52, 54, 55, 56, 57, 58, 60, 61, 62, 63, 64, 66, 67, 68, 69, 70, 71, 72, 73, 74, 76, 78, 79, 80, 82, 83, 84, 85, 86, 87, 88, 89, 91, 93, 94, 96, 97, 98, 99, 100, 101, 102, 103, 104, 105, 106, 108, 109, 110, 111, 112, 114, 115, 116, 118, 120, 121, 122, 123, 124, 125, 126, 127, 128, 129, 130, 131, 132, 133, 134, 135, 136, 137, 138, 139, 140, 141, 142, 143, 144, 145, 146, 147, 148, 149]","[0, 3, 8, 15, 19, 27, 29, 33, 41, 43, 45, 53, 59, 65, 75, 77, 81, 90, 92, 95, 107, 117, 119]",{},[],0,"[122, 17, 18, 32, 137, 138, 140, 139, 13, 14, 116, 118, 136, 112, 16, 111, 110, 9, 109, 144, 10, 108, 148, 115, 36, 135, 28, 26, 99, 105, 149, 102, 106, 121, 120, 114, 101, 145, 147, 146, 12, 58, 71, 134, 61, 67, 78, 48, 85, 93, 133, 42, 40, 143, 25, 7, 6, 2, 1, 132, 131, 130, 129, 76, 74, 54, 52, 47, 46, 51, 70, 86, 80, 79, 69, 68, 127, 94, 89, 128, 66, 73, 72, 91, 39, 97, 62, 84, 44, 57, 126, 50, 49, 56, 38, 63, 64, 60, 83, 125, 103, 104, 87, 88, 100, 82, 98, 96, 31, 30, 11, 24, 23, 5, 22, 4, 21, 37, 20, 35, 34, 124, 123, 142, 141, 55, 45, 53, 92, 81, 90, 77, 65, 75, 59, 119, 95, 117, 107, 15, 0, 8, 43, 33, 41, 29, 19, 27, 3]",True,73931570,0.073931570,"[45, 53, 119, 107, 117, 95, 75, 59, 77, 90, 81, 92, 65, 27, 41, 33, 43, 19, 29, 15, 3, 8, 0]","[0, 8, 3, 15, 29, 19, 43, 33, 41, 27, 65, 92, 81, 90, 77, 59, 75, 95, 117, 107, 119, 53, 45]",False,complete,23,23,276,0,31,0,31,31,,False,,,,,,,1,7,7,7,7,7,7,7
1,516,65,128,21,"[1, 2, 4, 5, 6, 7, 9, 10, 11, 12, 13, 14, 16, 17, 18, 20, 21, 22, 23, 24, 25, 26, 28, 30, 31, 32, 34, 35, 36, 37, 38, 39, 40, 42, 44, 45, 46, 47, 48, 49, 50, 51, 52, 53, 54, 55, 56, 57, 58, 60, 61, 62, 63, 64, 66, 67, 68, 69, 70, 71, 72, 73, 74, 76, 78, 79, 80, 82, 83, 84, 85, 86, 87, 88, 89, 91, 93, 94, 96, 97, 98, 99, 100, 101, 102, 103, 104, 105, 106, 108, 109, 110, 111, 112, 114, 115, 116, 118, 120, 121, 122, 123, 124, 125, 126, 127, 128, 129, 130, 131, 132, 133, 134, 135, 136, 137, 138, 139, 140, 141, 142, 143, 144, 145, 146, 147, 148, 149]","[0, 3, 8, 15, 19, 27, 29, 33, 41, 43, 59, 65, 75, 77, 81, 90, 92, 95, 107, 117, 119]",{},[],0,"[122, 17, 18, 32, 137, 138, 140, 139, 13, 14, 116, 118, 136, 112, 16, 111, 110, 9, 109, 144, 10, 108, 148, 115, 36, 135, 28, 26, 99, 105, 149, 102, 106, 121, 120, 114, 101, 145, 147, 146, 12, 58, 71, 134, 61, 67, 78, 48, 85, 93, 133, 42, 40, 143, 25, 7, 6, 2, 1, 132, 131, 130, 129, 76, 74, 54, 52, 47, 46, 51, 70, 86, 80, 79, 69, 68, 127, 94, 89, 128, 66, 73, 72, 91, 39, 97, 62, 84, 44, 57, 126, 50, 49, 56, 38, 63, 64, 60, 83, 125, 103, 104, 87, 88, 100, 82, 98, 96, 31, 30, 11, 24, 23, 5, 22, 4, 21, 37, 20, 35, 34, 124, 123, 142, 141, 55, 45, 53, 92, 81, 90, 77, 65, 75, 59, 119, 95, 117, 107, 15, 0, 8, 43, 33, 41, 29, 19, 27, 3]",True,62730843,0.062730843,"[92, 81, 90, 117, 107, 119, 95, 75, 65, 77, 59, 8, 0, 15, 43, 33, 41, 27, 3, 29, 19]","[19, 29, 3, 27, 41, 33, 43, 15, 0, 8, 59, 77, 65, 75, 95, 119, 107, 117, 90, 81, 92]",False,complete,21,21,231,0,28,0,28,28,,False,,,,,,,1,6,6,6,6,6,6,6
1,517,66,130,19,"[1, 2, 4, 5, 6, 7, 9, 10, 11, 12, 13, 14, 16, 17, 18, 20, 21, 22, 23, 24, 25, 26, 28, 30, 31, 32, 34, 35, 36, 37, 38, 39, 40, 42, 44, 45, 46, 47, 48, 49, 50, 51, 52, 53, 54, 55, 56, 57, 58, 60, 61, 62, 63, 64, 66, 67, 68, 69, 70, 71, 72, 73, 74, 76, 78, 79, 80, 81, 82, 83, 84, 85, 86, 87, 88, 89, 91, 92, 93, 94, 96, 97, 98, 99, 100, 101, 102, 103, 104, 105, 106, 108, 109, 110, 111, 112, 114, 115, 116, 118, 120, 121, 122, 123, 124, 125, 126, 127, 128, 129, 130, 131, 132, 133, 134, 135, 136, 137, 138, 139, 140, 141, 142, 143, 144, 145, 146, 147, 148, 149]","[0, 3, 8, 15, 19, 27, 29, 33, 41, 43, 59, 65, 75, 77, 90, 95, 107, 117, 119]","{""support_1"": 90}",[90],1,"[122, 17, 18, 32, 137, 138, 140, 139, 13, 14, 116, 118, 136, 112, 16, 111, 110, 9, 109, 144, 10, 108, 148, 115, 36, 135, 28, 26, 99, 105, 149, 102, 106, 121, 120, 114, 101, 145, 147, 146, 12, 58, 71, 134, 61, 67, 78, 48, 85, 93, 133, 42, 40, 143, 25, 7, 6, 2, 1, 132, 131, 130, 129, 76, 74, 54, 52, 47, 46, 51, 70, 86, 80, 79, 69, 68, 127, 94, 89, 128, 66, 73, 72, 91, 39, 97, 62, 84, 44, 57, 126, 50, 49, 56, 38, 63, 64, 60, 83, 125, 103, 104, 87, 88, 100, 82, 98, 96, 31, 30, 11, 24, 23, 5, 22, 4, 21, 37, 20, 35, 34, 124, 123, 142, 141, 55, 45, 53, 92, 81, 90, 77, 65, 75, 59, 119, 95, 117, 107, 15, 0, 8, 43, 33, 41, 29, 19, 27, 3]",True,55253847,0.055253847,"[90, 119, 95, 117, 107, 77, 65, 75, 59, 8, 0, 15, 43, 33, 41, 29, 19, 27, 3]","[3, 27, 19, 29, 41, 33, 43, 15, 0, 8, 59, 75, 65, 77, 107, 117, 95, 119, 90]",False,complete,19,19,190,0,26,0,26,26,,False,,,,,,,1,5,5,5,5,5,5,6
1,518,67,132,17,"[1, 2, 4, 5, 6, 7, 9, 10, 11, 12, 13, 14, 16, 17, 18, 20, 21, 22, 23, 24, 25, 26, 28, 30, 31, 32, 34, 35, 36, 37, 38, 39, 40, 42, 44, 45, 46, 47, 48, 49, 50, 51, 52, 53, 54, 55, 56, 57, 58, 60, 61, 62, 63, 64, 66, 67, 68, 69, 70, 71, 72, 73, 74, 76, 77, 78, 79, 80, 81, 82, 83, 84, 85, 86, 87, 88, 89, 90, 91, 92, 93, 94, 96, 97, 98, 99, 100, 101, 102, 103, 104, 105, 106, 108, 109, 110, 111, 112, 114, 115, 116, 118, 120, 121, 122, 123, 124, 125, 126, 127, 128, 129, 130, 131, 132, 133, 134, 135, 136, 137, 138, 139, 140, 141, 142, 143, 144, 145, 146, 147, 148, 149]","[0, 3, 8, 15, 19, 27, 29, 33, 41, 43, 59, 65, 75, 95, 107, 117, 119]",{},[],0,"[122, 17, 18, 32, 137, 138, 140, 139, 13, 14, 116, 118, 136, 112, 16, 111, 110, 9, 109, 144, 10, 108, 148, 115, 36, 135, 28, 26, 99, 105, 149, 102, 106, 121, 120, 114, 101, 145, 147, 146, 12, 58, 71, 134, 61, 67, 78, 48, 85, 93, 133, 42, 40, 143, 25, 7, 6, 2, 1, 132, 131, 130, 129, 76, 74, 54, 52, 47, 46, 51, 70, 86, 80, 79, 69, 68, 127, 94, 89, 128, 66, 73, 72, 91, 39, 97, 62, 84, 44, 57, 126, 50, 49, 56, 38, 63, 64, 60, 83, 125, 103, 104, 87, 88, 100, 82, 98, 96, 31, 30, 11, 24, 23, 5, 22, 4, 21, 37, 20, 35, 34, 124, 123, 142, 141, 55, 45, 53, 92, 81, 90, 77, 65, 75, 59, 119, 95, 117, 107, 15, 0, 8, 43, 33, 41, 29, 19, 27, 3]",True,48199484,0.048199484,"[59, 75, 65, 119, 95, 117, 107, 43, 33, 41, 8, 0, 15, 29, 19, 27, 3]","[3, 27, 19, 29, 15, 0, 8, 41, 33, 43, 107, 117, 95, 119, 65, 75, 59]",False,complete,17,17,153,0,23,0,23,23,,False,,,,,,,1,5,5,5,5,5,5,5
1,519,68,134,15,"[1, 2, 4, 5, 6, 7, 9, 10, 11, 12, 13, 14, 16, 17, 18, 20, 21, 22, 23, 24, 25, 26, 28, 30, 31, 32, 34, 35, 36, 37, 38, 39, 40, 42, 44, 45, 46, 47, 48, 49, 50, 51, 52, 53, 54, 55, 56, 57, 58, 60, 61, 62, 63, 64, 65, 66, 67, 68, 69, 70, 71, 72, 73, 74, 75, 76, 77, 78, 79, 80, 81, 82, 83, 84, 85, 86, 87, 88, 89, 90, 91, 92, 93, 94, 96, 97, 98, 99, 100, 101, 102, 103, 104, 105, 106, 108, 109, 110, 111, 112, 114, 115, 116, 118, 120, 121, 122, 123, 124, 125, 126, 127, 128, 129, 130, 131, 132, 133, 134, 135, 136, 137, 138, 139, 140, 141, 142, 143, 144, 145, 146, 147, 148, 149]","[0, 3, 8, 15, 19, 27, 29, 33, 41, 43, 59, 95, 107, 117, 119]",{},[],0,"[122, 17, 18, 32, 137, 138, 140, 139, 13, 14, 116, 118, 136, 112, 16, 111, 110, 9, 109, 144, 10, 108, 148, 115, 36, 135, 28, 26, 99, 105, 149, 102, 106, 121, 120, 114, 101, 145, 147, 146, 12, 58, 71, 134, 61, 67, 78, 48, 85, 93, 133, 42, 40, 143, 25, 7, 6, 2, 1, 132, 131, 130, 129, 76, 74, 54, 52, 47, 46, 51, 70, 86, 80, 79, 69, 68, 127, 94, 89, 128, 66, 73, 72, 91, 39, 97, 62, 84, 44, 57, 126, 50, 49, 56, 38, 63, 64, 60, 83, 125, 103, 104, 87, 88, 100, 82, 98, 96, 31, 30, 11, 24, 23, 5, 22, 4, 21, 37, 20, 35, 34, 124, 123, 142, 141, 55, 45, 53, 92, 81, 90, 77, 65, 75, 59, 119, 95, 117, 107, 15, 0, 8, 43, 33, 41, 29, 19, 27, 3]",True,34900285,0.034900285,"[59, 117, 95, 119, 107, 27, 29, 41, 33, 43, 19, 15, 0, 8, 3]","[3, 8, 0, 15, 19, 43, 33, 41, 29, 27, 107, 119, 95, 117, 59]",False,complete,15,15,120,0,19,0,19,19,,False,,,,,,,1,3,3,3,3,3,3,3
1,520,69,136,13,"[1, 2, 4, 5, 6, 7, 9, 10, 11, 12, 13, 14, 16, 17, 18, 20, 21, 22, 23, 24, 25, 26, 28, 30, 31, 32, 34, 35, 36, 37, 38, 39, 40, 42, 44, 45, 46, 47, 48, 49, 50, 51, 52, 53, 54, 55, 56, 57, 58, 59, 60, 61, 62, 63, 64, 65, 66, 67, 68, 69, 70, 71, 72, 73, 74, 75, 76, 77, 78, 79, 80, 81, 82, 83, 84, 85, 86, 87, 88, 89, 90, 91, 92, 93, 94, 96, 97, 98, 99, 100, 101, 102, 103, 104, 105, 106, 108, 109, 110, 111, 112, 114, 115, 116, 118, 119, 120, 121, 122, 123, 124, 125, 126, 127, 128, 129, 130, 131, 132, 133, 134, 135, 136, 137, 138, 139, 140, 141, 142, 143, 144, 145, 146, 147, 148, 149]","[0, 3, 8, 15, 19, 27, 29, 33, 41, 43, 95, 107, 117]",{},[],0,"[122, 17, 18, 32, 137, 138, 140, 139, 13, 14, 116, 118, 136, 112, 16, 111, 110, 9, 109, 144, 10, 108, 148, 115, 36, 135, 28, 26, 99, 105, 149, 102, 106, 121, 120, 114, 101, 145, 147, 146, 12, 58, 71, 134, 61, 67, 78, 48, 85, 93, 133, 42, 40, 143, 25, 7, 6, 2, 1, 132, 131, 130, 129, 76, 74, 54, 52, 47, 46, 51, 70, 86, 80, 79, 69, 68, 127, 94, 89, 128, 66, 73, 72, 91, 39, 97, 62, 84, 44, 57, 126, 50, 49, 56, 38, 63, 64, 60, 83, 125, 103, 104, 87, 88, 100, 82, 98, 96, 31, 30, 11, 24, 23, 5, 22, 4, 21, 37, 20, 35, 34, 124, 123, 142, 141, 55, 45, 53, 92, 81, 90, 77, 65, 75, 59, 119, 95, 117, 107, 15, 0, 8, 43, 33, 41, 29, 19, 27, 3]",True,31388555,0.031388555,"[95, 117, 107, 43, 33, 41, 8, 0, 15, 27, 3, 29, 19]","[19, 29, 3, 27, 15, 0, 8, 41, 33, 43, 107, 117, 95]",False,complete,13,13,91,0,18,0,18,18,,False,,,,,,,1,4,4,4,4,4,4,4
1,521,70,138,11,"[1, 2, 4, 5, 6, 7, 9, 10, 11, 12, 13, 14, 16, 17, 18, 20, 21, 22, 23, 24, 25, 26, 28, 30, 31, 32, 34, 35, 36, 37, 38, 39, 40, 42, 44, 45, 46, 47, 48, 49, 50, 51, 52, 53, 54, 55, 56, 57, 58, 59, 60, 61, 62, 63, 64, 65, 66, 67, 68, 69, 70, 71, 72, 73, 74, 75, 76, 77, 78, 79, 80, 81, 82, 83, 84, 85, 86, 87, 88, 89, 90, 91, 92, 93, 94, 95, 96, 97, 98, 99, 100, 101, 102, 103, 104, 105, 106, 108, 109, 110, 111, 112, 114, 115, 116, 117, 118, 119, 120, 121, 122, 123, 124, 125, 126, 127, 128, 129, 130, 131, 132, 133, 134, 135, 136, 137, 138, 139, 140, 141, 142, 143, 144, 145, 146, 147, 148, 149]","[0, 3, 8, 15, 19, 27, 29, 33, 41, 43, 107]",{},[],0,"[122, 17, 18, 32, 137, 138, 140, 139, 13, 14, 116, 118, 136, 112, 16, 111, 110, 9, 109, 144, 10, 108, 148, 115, 36, 135, 28, 26, 99, 105, 149, 102, 106, 121, 120, 114, 101, 145, 147, 146, 12, 58, 71, 134, 61, 67, 78, 48, 85, 93, 133, 42, 40, 143, 25, 7, 6, 2, 1, 132, 131, 130, 129, 76, 74, 54, 52, 47, 46, 51, 70, 86, 80, 79, 69, 68, 127, 94, 89, 128, 66, 73, 72, 91, 39, 97, 62, 84, 44, 57, 126, 50, 49, 56, 38, 63, 64, 60, 83, 125, 103, 104, 87, 88, 100, 82, 98, 96, 31, 30, 11, 24, 23, 5, 22, 4, 21, 37, 20, 35, 34, 124, 123, 142, 141, 55, 45, 53, 92, 81, 90, 77, 65, 75, 59, 119, 95, 117, 107, 15, 0, 8, 43, 33, 41, 29, 19, 27, 3]",True,23748127,0.023748127,"[107, 43, 33, 41, 29, 19, 27, 15, 3, 8, 0]","[0, 8, 3, 15, 27, 19, 29, 41, 33, 43, 107]",False,complete,11,11,66,0,15,0,15,15,,False,,,,,,,1,3,3,3,3,3,3,3
1,522,71,140,9,"[1, 2, 4, 5, 6, 7, 9, 10, 11, 12, 13, 14, 15, 16, 17, 18, 20, 21, 22, 23, 24, 25, 26, 28, 30, 31, 32, 34, 35, 36, 37, 38, 39, 40, 42, 44, 45, 46, 47, 48, 49, 50, 51, 52, 53, 54, 55, 56, 57, 58, 59, 60, 61, 62, 63, 64, 65, 66, 67, 68, 69, 70, 71, 72, 73, 74, 75, 76, 77, 78, 79, 80, 81, 82, 83, 84, 85, 86, 87, 88, 89, 90, 91, 92, 93, 94, 95, 96, 97, 98, 99, 100, 101, 102, 103, 104, 105, 106, 107, 108, 109, 110, 111, 112, 114, 115, 116, 117, 118, 119, 120, 121, 122, 123, 124, 125, 126, 127, 128, 129, 130, 131, 132, 133, 134, 135, 136, 137, 138, 139, 140, 141, 142, 143, 144, 145, 146, 147, 148, 149]","[0, 3, 8, 19, 27, 29, 33, 41, 43]",{},[],0,"[122, 17, 18, 32, 137, 138, 140, 139, 13, 14, 116, 118, 136, 112, 16, 111, 110, 9, 109, 144, 10, 108, 148, 115, 36, 135, 28, 26, 99, 105, 149, 102, 106, 121, 120, 114, 101, 145, 147, 146, 12, 58, 71, 134, 61, 67, 78, 48, 85, 93, 133, 42, 40, 143, 25, 7, 6, 2, 1, 132, 131, 130, 129, 76, 74, 54, 52, 47, 46, 51, 70, 86, 80, 79, 69, 68, 127, 94, 89, 128, 66, 73, 72, 91, 39, 97, 62, 84, 44, 57, 126, 50, 49, 56, 38, 63, 64, 60, 83, 125, 103, 104, 87, 88, 100, 82, 98, 96, 31, 30, 11, 24, 23, 5, 22, 4, 21, 37, 20, 35, 34, 124, 123, 142, 141, 55, 45, 53, 92, 81, 90, 77, 65, 75, 59, 119, 95, 117, 107, 15, 0, 8, 43, 33, 41, 29, 19, 27, 3]",True,18835937,0.018835937,"[0, 8, 27, 3, 29, 41, 19, 43, 33]","[33, 43, 19, 41, 29, 3, 27, 8, 0]",False,complete,9,9,45,0,13,0,13,13,,False,,,,,,,1,3,3,3,3,3,3,3
1,523,72,142,7,"[0, 1, 2, 4, 5, 6, 7, 8, 9, 10, 11, 12, 13, 14, 15, 16, 17, 18, 20, 21, 22, 23, 24, 25, 26, 28, 30, 31, 32, 34, 35, 36, 37, 38, 39, 40, 42, 44, 45, 46, 47, 48, 49, 50, 51, 52, 53, 54, 55, 56, 57, 58, 59, 60, 61, 62, 63, 64, 65, 66, 67, 68, 69, 70, 71, 72, 73, 74, 75, 76, 77, 78, 79, 80, 81, 82, 83, 84, 85, 86, 87, 88, 89, 90, 91, 92, 93, 94, 95, 96, 97, 98, 99, 100, 101, 102, 103, 104, 105, 106, 107, 108, 109, 110, 111, 112, 114, 115, 116, 117, 118, 119, 120, 121, 122, 123, 124, 125, 126, 127, 128, 129, 130, 131, 132, 133, 134, 135, 136, 137, 138, 139, 140, 141, 142, 143, 144, 145, 146, 147, 148, 149]","[3, 19, 27, 29, 33, 41, 43]",{},[],0,"[122, 17, 18, 32, 137, 138, 140, 139, 13, 14, 116, 118, 136, 112, 16, 111, 110, 9, 109, 144, 10, 108, 148, 115, 36, 135, 28, 26, 99, 105, 149, 102, 106, 121, 120, 114, 101, 145, 147, 146, 12, 58, 71, 134, 61, 67, 78, 48, 85, 93, 133, 42, 40, 143, 25, 7, 6, 2, 1, 132, 131, 130, 129, 76, 74, 54, 52, 47, 46, 51, 70, 86, 80, 79, 69, 68, 127, 94, 89, 128, 66, 73, 72, 91, 39, 97, 62, 84, 44, 57, 126, 50, 49, 56, 38, 63, 64, 60, 83, 125, 103, 104, 87, 88, 100, 82, 98, 96, 31, 30, 11, 24, 23, 5, 22, 4, 21, 37, 20, 35, 34, 124, 123, 142, 141, 55, 45, 53, 92, 81, 90, 77, 65, 75, 59, 119, 95, 117, 107, 15, 0, 8, 43, 33, 41, 29, 19, 27, 3]",True,12347252,0.012347252,"[29, 3, 27, 43, 33, 41, 19]","[19, 41, 33, 43, 27, 3, 29]",False,complete,7,7,28,0,10,0,10,10,,False,,,,,,,1,2,2,2,2,2,2,2
1,524,73,144,5,"[0, 1, 2, 4, 5, 6, 7, 8, 9, 10, 11, 12, 13, 14, 15, 16, 17, 18, 20, 21, 22, 23, 24, 25, 26, 28, 30, 31, 32, 33, 34, 35, 36, 37, 38, 39, 40, 42, 43, 44, 45, 46, 47, 48, 49, 50, 51, 52, 53, 54, 55, 56, 57, 58, 59, 60, 61, 62, 63, 64, 65, 66, 67, 68, 69, 70, 71, 72, 73, 74, 75, 76, 77, 78, 79, 80, 81, 82, 83, 84, 85, 86, 87, 88, 89, 90, 91, 92, 93, 94, 95, 96, 97, 98, 99, 100, 101, 102, 103, 104, 105, 106, 107, 108, 109, 110, 111, 112, 114, 115, 116, 117, 118, 119, 120, 121, 122, 123, 124, 125, 126, 127, 128, 129, 130, 131, 132, 133, 134, 135, 136, 137, 138, 139, 140, 141, 142, 143, 144, 145, 146, 147, 148, 149]","[3, 19, 27, 29, 41]","{""support_1"": 41}",[41],1,"[122, 17, 18, 32, 137, 138, 140, 139, 13, 14, 116, 118, 136, 112, 16, 111, 110, 9, 109, 144, 10, 108, 148, 115, 36, 135, 28, 26, 99, 105, 149, 102, 106, 121, 120, 114, 101, 145, 147, 146, 12, 58, 71, 134, 61, 67, 78, 48, 85, 93, 133, 42, 40, 143, 25, 7, 6, 2, 1, 132, 131, 130, 129, 76, 74, 54, 52, 47, 46, 51, 70, 86, 80, 79, 69, 68, 127, 94, 89, 128, 66, 73, 72, 91, 39, 97, 62, 84, 44, 57, 126, 50, 49, 56, 38, 63, 64, 60, 83, 125, 103, 104, 87, 88, 100, 82, 98, 96, 31, 30, 11, 24, 23, 5, 22, 4, 21, 37, 20, 35, 34, 124, 123, 142, 141, 55, 45, 53, 92, 81, 90, 77, 65, 75, 59, 119, 95, 117, 107, 15, 0, 8, 43, 33, 41, 29, 19, 27, 3]",True,8930044,0.008930044,"[41, 27, 19, 29, 3]","[3, 29, 19, 27, 41]",False,complete,5,5,15,0,8,0,8,8,,False,,,,,,,1,1,1,1,1,1,1,2
1,525,74,146,3,"[0, 1, 2, 4, 5, 6, 7, 8, 9, 10, 11, 12, 13, 14, 15, 16, 17, 18, 20, 21, 22, 23, 24, 25, 26, 28, 29, 30, 31, 32, 33, 34, 35, 36, 37, 38, 39, 40, 41, 42, 43, 44, 45, 46, 47, 48, 49, 50, 51, 52, 53, 54, 55, 56, 57, 58, 59, 60, 61, 62, 63, 64, 65, 66, 67, 68, 69, 70, 71, 72, 73, 74, 75, 76, 77, 78, 79, 80, 81, 82, 83, 84, 85, 86, 87, 88, 89, 90, 91, 92, 93, 94, 95, 96, 97, 98, 99, 100, 101, 102, 103, 104, 105, 106, 107, 108, 109, 110, 111, 112, 114, 115, 116, 117, 118, 119, 120, 121, 122, 123, 124, 125, 126, 127, 128, 129, 130, 131, 132, 133, 134, 135, 136, 137, 138, 139, 140, 141, 142, 143, 144, 145, 146, 147, 148, 149]","[3, 19, 27]",{},[],0,"[122, 17, 18, 32, 137, 138, 140, 139, 13, 14, 116, 118, 136, 112, 16, 111, 110, 9, 109, 144, 10, 108, 148, 115, 36, 135, 28, 26, 99, 105, 149, 102, 106, 121, 120, 114, 101, 145, 147, 146, 12, 58, 71, 134, 61, 67, 78, 48, 85, 93, 133, 42, 40, 143, 25, 7, 6, 2, 1, 132, 131, 130, 129, 76, 74, 54, 52, 47, 46, 51, 70, 86, 80, 79, 69, 68, 127, 94, 89, 128, 66, 73, 72, 91, 39, 97, 62, 84, 44, 57, 126, 50, 49, 56, 38, 63, 64, 60, 83, 125, 103, 104, 87, 88, 100, 82, 98, 96, 31, 30, 11, 24, 23, 5, 22, 4, 21, 37, 20, 35, 34, 124, 123, 142, 141, 55, 45, 53, 92, 81, 90, 77, 65, 75, 59, 119, 95, 117, 107, 15, 0, 8, 43, 33, 41, 29, 19, 27, 3]",True,4030688,0.004030688,"[19, 27, 3]","[3, 27, 19]",True,complete,3,3,6,0,5,0,5,5,,False,,,,,,,1,1,1,1,1,1,1,1
1,526,75,148,1,"[0, 1, 2, 4, 5, 6, 7, 8, 9, 10, 11, 12, 13, 14, 15, 16, 17, 18, 19, 20, 21, 22, 23, 24, 25, 26, 27, 28, 29, 30, 31, 32, 33, 34, 35, 36, 37, 38, 39, 40, 41, 42, 43, 44, 45, 46, 47, 48, 49, 50, 51, 52, 53, 54, 55, 56, 57, 58, 59, 60, 61, 62, 63, 64, 65, 66, 67, 68, 69, 70, 71, 72, 73, 74, 75, 76, 77, 78, 79, 80, 81, 82, 83, 84, 85, 86, 87, 88, 89, 90, 91, 92, 93, 94, 95, 96, 97, 98, 99, 100, 101, 102, 103, 104, 105, 106, 107, 108, 109, 110, 111, 112, 114, 115, 116, 117, 118, 119, 120, 121, 122, 123, 124, 125, 126, 127, 128, 129, 130, 131, 132, 133, 134, 135, 136, 137, 138, 139, 140, 141, 142, 143, 144, 145, 146, 147, 148, 149]",[3],{},[],0,"[122, 17, 18, 32, 137, 138, 140, 139, 13, 14, 116, 118, 136, 112, 16, 111, 110, 9, 109, 144, 10, 108, 148, 115, 36, 135, 28, 26, 99, 105, 149, 102, 106, 121, 120, 114, 101, 145, 147, 146, 12, 58, 71, 134, 61, 67, 78, 48, 85, 93, 133, 42, 40, 143, 25, 7, 6, 2, 1, 132, 131, 130, 129, 76, 74, 54, 52, 47, 46, 51, 70, 86, 80, 79, 69, 68, 127, 94, 89, 128, 66, 73, 72, 91, 39, 97, 62, 84, 44, 57, 126, 50, 49, 56, 38, 63, 64, 60, 83, 125, 103, 104, 87, 88, 100, 82, 98, 96, 31, 30, 11, 24, 23, 5, 22, 4, 21, 37, 20, 35, 34, 124, 123, 142, 141, 55, 45, 53, 92, 81, 90, 77, 65, 75, 59, 119, 95, 117, 107, 15, 0, 8, 43, 33, 41, 29, 19, 27, 3]",True,707295,0.000707295,[3],[3],True,complete,1,1,1,0,2,0,2,2,,False,,,,,,,0,0,0,0,0,0,0,0
2,10452,1,0,149,[],"[0, 1, 2, 3, 4, 5, 6, 7, 8, 9, 10, 11, 12, 13, 14, 15, 16, 17, 18, 19, 20, 21, 22, 23, 24, 25, 26, 27, 28, 29, 30, 31, 32, 33, 34, 35, 36, 37, 38, 39, 40, 41, 42, 43, 44, 45, 46, 47, 48, 49, 50, 51, 52, 53, 54, 55, 56, 57, 58, 59, 60, 61, 62, 63, 64, 65, 66, 67, 68, 69, 70, 71, 72, 73, 74, 75, 76, 77, 78, 79, 80, 81, 82, 83, 84, 85, 86, 87, 88, 89, 90, 91, 92, 93, 94, 95, 96, 97, 98, 99, 100, 101, 102, 103, 104, 105, 106, 107, 108, 109, 110, 111, 112, 114, 115, 116, 117, 118, 119, 120, 121, 122, 123, 124, 125, 126, 127, 128, 129, 130, 131, 132, 133, 134, 135, 136, 137, 138, 139, 140, 141, 142, 143, 144, 145, 146, 147, 148, 149]",{},[],0,"[122, 17, 18, 32, 137, 138, 139, 140, 13, 14, 118, 116, 136, 16, 112, 111, 110, 9, 109, 144, 10, 108, 148, 115, 36, 135, 28, 26, 99, 105, 149, 102, 106, 121, 120, 114, 101, 145, 147, 146, 12, 58, 71, 134, 78, 67, 48, 61, 93, 85, 133, 40, 42, 143, 25, 7, 6, 2, 1, 132, 130, 131, 129, 54, 74, 76, 52, 47, 46, 51, 70, 86, 80, 79, 69, 68, 127, 94, 89, 128, 66, 73, 72, 91, 39, 97, 62, 84, 44, 57, 126, 50, 49, 56, 38, 63, 64, 60, 83, 125, 103, 104, 87, 88, 100, 82, 98, 96, 31, 30, 24, 11, 23, 5, 22, 4, 21, 37, 20, 35, 34, 124, 123, 141, 142, 53, 45, 55, 77, 59, 75, 119, 107, 117, 95, 90, 65, 92, 81, 8, 0, 15, 27, 3, 29, 41, 33, 43, 19]",True,6696878888,6.696878888,"[122, 17, 18, 32, 137, 138, 139, 140, 13, 14, 118, 116, 136, 16, 112, 111, 110, 9, 109, 144, 10, 108, 148, 115, 36, 135, 28, 26, 99, 105, 149, 102, 106, 121, 120, 114, 101, 145, 147, 146, 12, 58, 71, 134, 78, 67, 48, 61, 93, 85, 133, 40, 42, 143, 25, 7, 6, 2, 1, 132, 130, 131, 129, 54, 74, 76, 52, 47, 46, 51, 70, 86, 80, 79, 69, 68, 127, 94, 89, 128, 66, 73, 72, 91, 39, 97, 62, 84, 44, 57, 126, 50, 49, 56, 38, 63, 64, 60, 83, 125, 103, 104, 87, 88, 100, 82, 98, 96, 31, 30, 24, 11, 23, 5, 22, 4, 21, 37, 20, 35, 34, 124, 123, 141, 142, 53, 45, 55, 77, 59, 75, 119, 107, 117, 95, 90, 65, 92, 81, 8, 0, 15, 27, 3, 29, 41, 33, 43, 19]","[19, 43, 33, 41, 29, 3, 27, 15, 0, 8, 81, 92, 65, 90, 95, 117, 107, 119, 75, 59, 77, 55, 45, 53, 142, 141, 123, 124, 34, 35, 20, 37, 21, 4, 22, 5, 23, 11, 24, 30, 31, 96, 98, 82, 100, 88, 87, 104, 103, 125, 83, 60, 64, 63, 38, 56, 49, 50, 126, 57, 44, 84, 62, 97, 39, 91, 72, 73, 66, 128, 89, 94, 127, 68, 69, 79, 80, 86, 70, 51, 46, 47, 52, 76, 74, 54, 129, 131, 130, 132, 1, 2, 6, 7, 25, 143, 42, 40, 133, 85, 93, 61, 48, 67, 78, 134, 71, 58, 12, 146, 147, 145, 101, 114, 120, 121, 106, 102, 149, 105, 99, 26, 28, 135, 36, 115, 148, 108, 10, 144, 109, 9, 110, 111, 112, 16, 136, 116, 118, 14, 13, 140, 139, 138, 137, 32, 18, 17, 122]",True,complete,186,186,11175,37,455,0,455,455,,False,,,,,,,2,100,68,100,68,68,68,68
2,10453,2,2,147,"[17, 122]","[0, 1, 2, 3, 4, 5, 6, 7, 8, 9, 10, 11, 12, 13, 14, 15, 16, 18, 19, 20, 21, 22, 23, 24, 25, 26, 27, 28, 29, 30, 31, 32, 33, 34, 35, 36, 37, 38, 39, 40, 41, 42, 43, 44, 45, 46, 47, 48, 49, 50, 51, 52, 53, 54, 55, 56, 57, 58, 59, 60, 61, 62, 63, 64, 65, 66, 67, 68, 69, 70, 71, 72, 73, 74, 75, 76, 77, 78, 79, 80, 81, 82, 83, 84, 85, 86, 87, 88, 89, 90, 91, 92, 93, 94, 95, 96, 97, 98, 99, 100, 101, 102, 103, 104, 105, 106, 107, 108, 109, 110, 111, 112, 114, 115, 116, 117, 118, 119, 120, 121, 123, 124, 125, 126, 127, 128, 129, 130, 131, 132, 133, 134, 135, 136, 137, 138, 139, 140, 141, 142, 143, 144, 145, 146, 147, 148, 149]",{},[],0,"[122, 17, 18, 32, 137, 138, 139, 140, 13, 14, 118, 116, 136, 16, 112, 111, 110, 9, 109, 144, 10, 108, 148, 115, 36, 135, 28, 26, 99, 105, 149, 102, 106, 121, 120, 114, 101, 145, 147, 146, 12, 58, 71, 134, 78, 67, 48, 61, 93, 85, 133, 40, 42, 143, 25, 7, 6, 2, 1, 132, 130, 131, 129, 54, 74, 76, 52, 47, 46, 51, 70, 86, 80, 79, 69, 68, 127, 94, 89, 128, 66, 73, 72, 91, 39, 97, 62, 84, 44, 57, 126, 50, 49, 56, 38, 63, 64, 60, 83, 125, 103, 104, 87, 88, 100, 82, 98, 96, 31, 30, 24, 11, 23, 5, 22, 4, 21, 37, 20, 35, 34, 124, 123, 141, 142, 53, 45, 55, 77, 59, 75, 119, 107, 117, 95, 90, 65, 92, 81, 8, 0, 15, 27, 3, 29, 41, 33, 43, 19]",True,6668215980,6.668215980,"[18, 32, 137, 138, 139, 140, 13, 14, 118, 116, 136, 16, 112, 111, 110, 9, 109, 144, 10, 108, 148, 115, 36, 135, 28, 26, 105, 99, 145, 149, 102, 106, 121, 120, 114, 101, 146, 147, 12, 58, 71, 134, 61, 67, 48, 78, 85, 93, 133, 40, 42, 143, 25, 7, 6, 2, 1, 132, 130, 129, 131, 52, 74, 54, 47, 46, 51, 76, 70, 86, 80, 79, 69, 68, 127, 94, 89, 128, 66, 73, 72, 91, 39, 97, 62, 84, 44, 57, 126, 50, 49, 56, 38, 63, 64, 60, 83, 125, 103, 104, 87, 88, 100, 82, 98, 96, 31, 30, 24, 11, 23, 5, 22, 4, 21, 37, 20, 35, 34, 124, 123, 142, 141, 117, 107, 119, 95, 77, 59, 75, 53, 45, 55, 92, 65, 90, 81, 15, 0, 8, 43, 33, 41, 29, 3, 27, 19]","[19, 27, 3, 29, 41, 33, 43, 8, 0, 15, 81, 90, 65, 92, 55, 45, 53, 75, 59, 77, 95, 119, 107, 117, 141, 142, 123, 124, 34, 35, 20, 37, 21, 4, 22, 5, 23, 11, 24, 30, 31, 96, 98, 82, 100, 88, 87, 104, 103, 125, 83, 60, 64, 63, 38, 56, 49, 50, 126, 57, 44, 84, 62, 97, 39, 91, 72, 73, 66, 128, 89, 94, 127, 68, 69, 79, 80, 86, 70, 76, 51, 46, 47, 54, 74, 52, 131, 129, 130, 132, 1, 2, 6, 7, 25, 143, 42, 40, 133, 93, 85, 78, 48, 67, 61, 134, 71, 58, 12, 147, 146, 101, 114, 120, 121, 106, 102, 149, 145, 99, 105, 26, 28, 135, 36, 115, 148, 108, 10, 144, 109, 9, 110, 111, 112, 16, 136, 116, 118, 14, 13, 140, 139, 138, 137, 32, 18]",False,complete,184,184,10878,37,453,0,453,453,,False,,,,,,,2,100,68,100,68,68,68,68
2,10454,3,4,145,"[17, 18, 32, 122]","[0, 1, 2, 3, 4, 5, 6, 7, 8, 9, 10, 11, 12, 13, 14, 15, 16, 19, 20, 21, 22, 23, 24, 25, 26, 27, 28, 29, 30, 31, 33, 34, 35, 36, 37, 38, 39, 40, 41, 42, 43, 44, 45, 46, 47, 48, 49, 50, 51, 52, 53, 54, 55, 56, 57, 58, 59, 60, 61, 62, 63, 64, 65, 66, 67, 68, 69, 70, 71, 72, 73, 74, 75, 76, 77, 78, 79, 80, 81, 82, 83, 84, 85, 86, 87, 88, 89, 90, 91, 92, 93, 94, 95, 96, 97, 98, 99, 100, 101, 102, 103, 104, 105, 106, 107, 108, 109, 110, 111, 112, 114, 115, 116, 117, 118, 119, 120, 121, 123, 124, 125, 126, 127, 128, 129, 130, 131, 132, 133, 134, 135, 136, 137, 138, 139, 140, 141, 142, 143, 144, 145, 146, 147, 148, 149]",{},[],0,"[122, 17, 18, 32, 137, 138, 139, 140, 13, 14, 118, 116, 136, 16, 112, 111, 110, 9, 109, 144, 10, 108, 148, 115, 36, 135, 28, 26, 99, 105, 149, 102, 106, 121, 120, 114, 101, 145, 147, 146, 12, 58, 71, 134, 78, 67, 48, 61, 93, 85, 133, 40, 42, 143, 25, 7, 6, 2, 1, 132, 130, 131, 129, 54, 74, 76, 52, 47, 46, 51, 70, 86, 80, 79, 69, 68, 127, 94, 89, 128, 66, 73, 72, 91, 39, 97, 62, 84, 44, 57, 126, 50, 49, 56, 38, 63, 64, 60, 83, 125, 103, 104, 87, 88, 100, 82, 98, 96, 31, 30, 24, 11, 23, 5, 22, 4, 21, 37, 20, 35, 34, 124, 123, 141, 142, 53, 45, 55, 77, 59, 75, 119, 107, 117, 95, 90, 65, 92, 81, 8, 0, 15, 27, 3, 29, 41, 33, 43, 19]",True,6657561495,6.657561495,"[137, 138, 140, 139, 13, 14, 116, 118, 136, 112, 16, 111, 110, 9, 109, 144, 10, 108, 148, 115, 36, 135, 26, 28, 105, 99, 145, 149, 102, 106, 121, 120, 101, 114, 147, 146, 12, 71, 58, 134, 48, 67, 78, 61, 85, 93, 133, 42, 40, 143, 25, 7, 6, 2, 1, 129, 132, 130, 131, 74, 76, 54, 52, 47, 46, 51, 39, 70, 86, 80, 79, 69, 68, 127, 94, 89, 128, 66, 73, 72, 91, 97, 62, 84, 44, 57, 126, 50, 49, 56, 38, 63, 64, 60, 83, 125, 103, 104, 87, 88, 100, 82, 98, 96, 31, 30, 11, 24, 23, 5, 22, 4, 21, 37, 20, 35, 34, 124, 123, 141, 142, 90, 81, 92, 77, 59, 75, 65, 119, 107, 117, 95, 55, 45, 53, 27, 43, 33, 41, 19, 29, 15, 3, 8, 0]","[0, 8, 3, 15, 29, 19, 41, 33, 43, 27, 53, 45, 55, 95, 117, 107, 119, 65, 75, 59, 77, 92, 81, 90, 142, 141, 123, 124, 34, 35, 20, 37, 21, 4, 22, 5, 23, 24, 11, 30, 31, 96, 98, 82, 100, 88, 87, 104, 103, 125, 83, 60, 64, 63, 38, 56, 49, 50, 126, 57, 44, 84, 62, 97, 91, 72, 73, 66, 128, 89, 94, 127, 68, 69, 79, 80, 86, 70, 39, 51, 46, 47, 52, 54, 76, 74, 131, 130, 132, 129, 1, 2, 6, 7, 25, 143, 40, 42, 133, 93, 85, 61, 78, 67, 48, 134, 58, 71, 12, 146, 147, 114, 101, 120, 121, 106, 102, 149, 145, 99, 105, 28, 26, 135, 36, 115, 148, 108, 10, 144, 109, 9, 110, 111, 16, 112, 136, 118, 116, 14, 13, 139, 140, 138, 137]",False,complete,181,181,10585,36,450,0,450,450,,False,,,,,,,2,100,68,100,68,68,68,68
2,10455,4,6,143,"[17, 18, 32, 122, 137, 138]","[0, 1, 2, 3, 4, 5, 6, 7, 8, 9, 10, 11, 12, 13, 14, 15, 16, 19, 20, 21, 22, 23, 24, 25, 26, 27, 28, 29, 30, 31, 33, 34, 35, 36, 37, 38, 39, 40, 41, 42, 43, 44, 45, 46, 47, 48, 49, 50, 51, 52, 53, 54, 55, 56, 57, 58, 59, 60, 61, 62, 63, 64, 65, 66, 67, 68, 69, 70, 71, 72, 73, 74, 75, 76, 77, 78, 79, 80, 81, 82, 83, 84, 85, 86, 87, 88, 89, 90, 91, 92, 93, 94, 95, 96, 97, 98, 99, 100, 101, 102, 103, 104, 105, 106, 107, 108, 109, 110, 111, 112, 114, 115, 116, 117, 118, 119, 120, 121, 123, 124, 125, 126, 127, 128, 129, 130, 131, 132, 133, 134, 135, 136, 139, 140, 141, 142, 143, 144, 145, 146, 147, 148, 149]",{},[],0,"[122, 17, 18, 32, 137, 138, 139, 140, 13, 14, 118, 116, 136, 16, 112, 111, 110, 9, 109, 144, 10, 108, 148, 115, 36, 135, 28, 26, 99, 105, 149, 102, 106, 121, 120, 114, 101, 145, 147, 146, 12, 58, 71, 134, 78, 67, 48, 61, 93, 85, 133, 40, 42, 143, 25, 7, 6, 2, 1, 132, 130, 131, 129, 54, 74, 76, 52, 47, 46, 51, 70, 86, 80, 79, 69, 68, 127, 94, 89, 128, 66, 73, 72, 91, 39, 97, 62, 84, 44, 57, 126, 50, 49, 56, 38, 63, 64, 60, 83, 125, 103, 104, 87, 88, 100, 82, 98, 96, 31, 30, 24, 11, 23, 5, 22, 4, 21, 37, 20, 35, 34, 124, 123, 141, 142, 53, 45, 55, 77, 59, 75, 119, 107, 117, 95, 90, 65, 92, 81, 8, 0, 15, 27, 3, 29, 41, 33, 43, 19]",True,6668584281,6.668584281,"[139, 140, 14, 13, 118, 116, 136, 112, 16, 111, 110, 9, 109, 144, 10, 108, 148, 115, 36, 135, 26, 28, 105, 99, 145, 149, 102, 106, 121, 120, 114, 101, 147, 146, 12, 58, 71, 134, 61, 67, 48, 78, 85, 93, 133, 42, 40, 143, 25, 7, 6, 2, 1, 132, 129, 130, 131, 52, 74, 54, 47, 46, 51, 76, 39, 70, 86, 80, 79, 69, 68, 127, 94, 89, 128, 66, 73, 72, 91, 97, 62, 84, 44, 57, 126, 50, 49, 56, 38, 63, 64, 60, 83, 125, 103, 104, 87, 88, 100, 82, 98, 96, 31, 30, 11, 24, 23, 5, 22, 4, 21, 37, 20, 35, 34, 124, 123, 142, 141, 75, 59, 77, 92, 65, 90, 81, 53, 45, 55, 117, 95, 119, 107, 27, 29, 43, 19, 41, 33, 15, 3, 8, 0]","[0, 8, 3, 15, 33, 41, 19, 43, 29, 27, 107, 119, 95, 117, 55, 45, 53, 81, 90, 65, 92, 77, 59, 75, 141, 142, 123, 124, 34, 35, 20, 37, 21, 4, 22, 5, 23, 24, 11, 30, 31, 96, 98, 82, 100, 88, 87, 104, 103, 125, 83, 60, 64, 63, 38, 56, 49, 50, 126, 57, 44, 84, 62, 97, 91, 72, 73, 66, 128, 89, 94, 127, 68, 69, 79, 80, 86, 70, 39, 76, 51, 46, 47, 54, 74, 52, 131, 130, 129, 132, 1, 2, 6, 7, 25, 143, 40, 42, 133, 93, 85, 78, 48, 67, 61, 134, 71, 58, 12, 146, 147, 101, 114, 120, 121, 106, 102, 149, 145, 99, 105, 28, 26, 135, 36, 115, 148, 108, 10, 144, 109, 9, 110, 111, 16, 112, 136, 116, 118, 13, 14, 140, 139]",False,complete,180,180,10296,37,448,0,448,448,,False,,,,,,,2,99,67,99,67,67,67,67
2,10456,5,8,141,"[17, 18, 32, 122, 137, 138, 139, 140]","[0, 1, 2, 3, 4, 5, 6, 7, 8, 9, 10, 11, 12, 13, 14, 15, 16, 19, 20, 21, 22, 23, 24, 25, 26, 27, 28, 29, 30, 31, 33, 34, 35, 36, 37, 38, 39, 40, 41, 42, 43, 44, 45, 46, 47, 48, 49, 50, 51, 52, 53, 54, 55, 56, 57, 58, 59, 60, 61, 62, 63, 64, 65, 66, 67, 68, 69, 70, 71, 72, 73, 74, 75, 76, 77, 78, 79, 80, 81, 82, 83, 84, 85, 86, 87, 88, 89, 90, 91, 92, 93, 94, 95, 96, 97, 98, 99, 100, 101, 102, 103, 104, 105, 106, 107, 108, 109, 110, 111, 112, 114, 115, 116, 117, 118, 119, 120, 121, 123, 124, 125, 126, 127, 128, 129, 130, 131, 132, 133, 134, 135, 136, 141, 142, 143, 144, 145, 146, 147, 148, 149]",{},[],0,"[122, 17, 18, 32, 137, 138, 139, 140, 13, 14, 118, 116, 136, 16, 112, 111, 110, 9, 109, 144, 10, 108, 148, 115, 36, 135, 28, 26, 99, 105, 149, 102, 106, 121, 120, 114, 101, 145, 147, 146, 12, 58, 71, 134, 78, 67, 48, 61, 93, 85, 133, 40, 42, 143, 25, 7, 6, 2, 1, 132, 130, 131, 129, 54, 74, 76, 52, 47, 46, 51, 70, 86, 80, 79, 69, 68, 127, 94, 89, 128, 66, 73, 72, 91, 39, 97, 62, 84, 44, 57, 126, 50, 49, 56, 38, 63, 64, 60, 83, 125, 103, 104, 87, 88, 100, 82, 98, 96, 31, 30, 24, 11, 23, 5, 22, 4, 21, 37, 20, 35, 34, 124, 123, 141, 142, 53, 45, 55, 77, 59, 75, 119, 107, 117, 95, 90, 65, 92, 81, 8, 0, 15, 27, 3, 29, 41, 33, 43, 19]",True,6542438535,6.542438535,"[14, 13, 118, 116, 136, 112, 16, 111, 110, 9, 109, 144, 10, 108, 148, 115, 36, 135, 26, 28, 99, 105, 145, 149, 102, 106, 121, 120, 114, 101, 146, 147, 12, 71, 58, 134, 78, 67, 48, 61, 93, 85, 133, 40, 42, 143, 25, 7, 6, 2, 1, 130, 132, 129, 131, 54, 74, 52, 47, 46, 51, 76, 39, 70, 86, 80, 79, 69, 68, 127, 94, 89, 128, 66, 73, 72, 91, 97, 62, 84, 44, 57, 126, 50, 49, 56, 38, 63, 64, 60, 83, 125, 103, 104, 87, 88, 100, 82, 98, 96, 31, 30, 24, 11, 23, 5, 22, 4, 21, 37, 20, 35, 34, 124, 123, 141, 142, 77, 59, 75, 92, 81, 90, 65, 53, 45, 55, 117, 95, 119, 107, 8, 0, 15, 43, 33, 41, 27, 19, 29, 3]","[3, 29, 19, 27, 41, 33, 43, 15, 0, 8, 107, 119, 95, 117, 55, 45, 53, 65, 90, 81, 92, 75, 59, 77, 142, 141, 123, 124, 34, 35, 20, 37, 21, 4, 22, 5, 23, 11, 24, 30, 31, 96, 98, 82, 100, 88, 87, 104, 103, 125, 83, 60, 64, 63, 38, 56, 49, 50, 126, 57, 44, 84, 62, 97, 91, 72, 73, 66, 128, 89, 94, 127, 68, 69, 79, 80, 86, 70, 39, 76, 51, 46, 47, 52, 74, 54, 131, 129, 132, 130, 1, 2, 6, 7, 25, 143, 42, 40, 133, 85, 93, 61, 48, 67, 78, 134, 58, 71, 12, 147, 146, 101, 114, 120, 121, 106, 102, 149, 145, 105, 99, 28, 26, 135, 36, 115, 148, 108, 10, 144, 109, 9, 110, 111, 16, 112, 136, 116, 118, 13, 14]",False,complete,177,177,10011,36,446,0,446,446,,False,,,,,,,2,100,68,100,68,68,68,68
2,10457,6,10,139,"[13, 14, 17, 18, 32, 122, 137, 138, 139, 140]","[0, 1, 2, 3, 4, 5, 6, 7, 8, 9, 10, 11, 12, 15, 16, 19, 20, 21, 22, 23, 24, 25, 26, 27, 28, 29, 30, 31, 33, 34, 35, 36, 37, 38, 39, 40, 41, 42, 43, 44, 45, 46, 47, 48, 49, 50, 51, 52, 53, 54, 55, 56, 57, 58, 59, 60, 61, 62, 63, 64, 65, 66, 67, 68, 69, 70, 71, 72, 73, 74, 75, 76, 77, 78, 79, 80, 81, 82, 83, 84, 85, 86, 87, 88, 89, 90, 91, 92, 93, 94, 95, 96, 97, 98, 99, 100, 101, 102, 103, 104, 105, 106, 107, 108, 109, 110, 111, 112, 114, 115, 116, 117, 118, 119, 120, 121, 123, 124, 125, 126, 127, 128, 129, 130, 131, 132, 133, 134, 135, 136, 141, 142, 143, 144, 145, 146, 147, 148, 149]",{},[],0,"[122, 17, 18, 32, 137, 138, 139, 140, 13, 14, 118, 116, 136, 16, 112, 111, 110, 9, 109, 144, 10, 108, 148, 115, 36, 135, 28, 26, 99, 105, 149, 102, 106, 121, 120, 114, 101, 145, 147, 146, 12, 58, 71, 134, 78, 67, 48, 61, 93, 85, 133, 40, 42, 143, 25, 7, 6, 2, 1, 132, 130, 131, 129, 54, 74, 76, 52, 47, 46, 51, 70, 86, 80, 79, 69, 68, 127, 94, 89, 128, 66, 73, 72, 91, 39, 97, 62, 84, 44, 57, 126, 50, 49, 56, 38, 63, 64, 60, 83, 125, 103, 104, 87, 88, 100, 82, 98, 96, 31, 30, 24, 11, 23, 5, 22, 4, 21, 37, 20, 35, 34, 124, 123, 141, 142, 53, 45, 55, 77, 59, 75, 119, 107, 117, 95, 90, 65, 92, 81, 8, 0, 15, 27, 3, 29, 41, 33, 43, 19]",True,6460849030,6.460849030,"[118, 116, 136, 16, 112, 111, 110, 9, 109, 144, 10, 108, 148, 115, 36, 135, 26, 28, 99, 105, 145, 149, 102, 106, 121, 120, 114, 101, 146, 147, 12, 71, 58, 134, 61, 48, 67, 78, 93, 85, 133, 40, 42, 143, 25, 7, 6, 2, 1, 132, 130, 131, 129, 74, 76, 52, 54, 47, 46, 51, 39, 70, 86, 80, 79, 69, 68, 127, 94, 89, 128, 66, 73, 72, 91, 97, 62, 84, 44, 57, 126, 50, 49, 56, 38, 63, 64, 60, 83, 125, 103, 104, 87, 88, 100, 82, 98, 96, 31, 30, 24, 11, 23, 5, 22, 4, 21, 37, 20, 35, 34, 124, 123, 141, 142, 77, 59, 75, 90, 65, 92, 81, 55, 45, 53, 117, 107, 119, 95, 27, 41, 33, 43, 19, 29, 15, 3, 8, 0]","[0, 8, 3, 15, 29, 19, 43, 33, 41, 27, 95, 119, 107, 117, 53, 45, 55, 81, 92, 65, 90, 75, 59, 77, 142, 141, 123, 124, 34, 35, 20, 37, 21, 4, 22, 5, 23, 11, 24, 30, 31, 96, 98, 82, 100, 88, 87, 104, 103, 125, 83, 60, 64, 63, 38, 56, 49, 50, 126, 57, 44, 84, 62, 97, 91, 72, 73, 66, 128, 89, 94, 127, 68, 69, 79, 80, 86, 70, 39, 51, 46, 47, 54, 52, 76, 74, 129, 131, 130, 132, 1, 2, 6, 7, 25, 143, 42, 40, 133, 85, 93, 78, 67, 48, 61, 134, 58, 71, 12, 147, 146, 101, 114, 120, 121, 106, 102, 149, 145, 105, 99, 28, 26, 135, 36, 115, 148, 108, 10, 144, 109, 9, 110, 111, 112, 16, 136, 116, 118]",False,complete,176,176,9730,37,445,0,445,445,,False,,,,,,,2,100,68,100,68,68,68,68
2,10458,7,12,137,"[13, 14, 17, 18, 32, 116, 118, 122, 137, 138, 139, 140]","[0, 1, 2, 3, 4, 5, 6, 7, 8, 9, 10, 11, 12, 15, 16, 19, 20, 21, 22, 23, 24, 25, 26, 27, 28, 29, 30, 31, 33, 34, 35, 36, 37, 38, 39, 40, 41, 42, 43, 44, 45, 46, 47, 48, 49, 50, 51, 52, 53, 54, 55, 56, 57, 58, 59, 60, 61, 62, 63, 64, 65, 66, 67, 68, 69, 70, 71, 72, 73, 74, 75, 76, 77, 78, 79, 80, 81, 82, 83, 84, 85, 86, 87, 88, 89, 90, 91, 92, 93, 94, 95, 96, 97, 98, 99, 100, 101, 102, 103, 104, 105, 106, 107, 108, 109, 110, 111, 112, 114, 115, 117, 119, 120, 121, 123, 124, 125, 126, 127, 128, 129, 130, 131, 132, 133, 134, 135, 136, 141, 142, 143, 144, 145, 146, 147, 148, 149]",{},[],0,"[122, 17, 18, 32, 137, 138, 139, 140, 13, 14, 118, 116, 136, 16, 112, 111, 110, 9, 109, 144, 10, 108, 148, 115, 36, 135, 28, 26, 99, 105, 149, 102, 106, 121, 120, 114, 101, 145, 147, 146, 12, 58, 71, 134, 78, 67, 48, 61, 93, 85, 133, 40, 42, 143, 25, 7, 6, 2, 1, 132, 130, 131, 129, 54, 74, 76, 52, 47, 46, 51, 70, 86, 80, 79, 69, 68, 127, 94, 89, 128, 66, 73, 72, 91, 39, 97, 62, 84, 44, 57, 126, 50, 49, 56, 38, 63, 64, 60, 83, 125, 103, 104, 87, 88, 100, 82, 98, 96, 31, 30, 24, 11, 23, 5, 22, 4, 21, 37, 20, 35, 34, 124, 123, 141, 142, 53, 45, 55, 77, 59, 75, 119, 107, 117, 95, 90, 65, 92, 81, 8, 0, 15, 27, 3, 29, 41, 33, 43, 19]",True,6310837974,6.310837974,"[136, 112, 16, 111, 110, 9, 109, 144, 10, 108, 148, 115, 36, 135, 28, 26, 99, 105, 145, 149, 102, 106, 121, 120, 114, 101, 146, 147, 12, 71, 58, 134, 67, 78, 61, 48, 85, 93, 133, 42, 40, 143, 25, 7, 6, 2, 1, 129, 132, 130, 131, 76, 74, 54, 52, 47, 46, 51, 70, 86, 80, 79, 69, 68, 127, 94, 89, 128, 66, 73, 72, 91, 39, 97, 62, 84, 44, 57, 126, 50, 49, 56, 38, 63, 64, 60, 83, 125, 103, 104, 87, 88, 100, 82, 98, 96, 31, 30, 11, 24, 23, 5, 22, 4, 21, 37, 20, 35, 34, 124, 123, 141, 142, 119, 95, 117, 107, 90, 81, 92, 75, 65, 77, 59, 55, 45, 53, 27, 29, 43, 33, 41, 19, 8, 3, 15, 0]","[0, 15, 3, 8, 19, 41, 33, 43, 29, 27, 53, 45, 55, 59, 77, 65, 75, 92, 81, 90, 107, 117, 95, 119, 142, 141, 123, 124, 34, 35, 20, 37, 21, 4, 22, 5, 23, 24, 11, 30, 31, 96, 98, 82, 100, 88, 87, 104, 103, 125, 83, 60, 64, 63, 38, 56, 49, 50, 126, 57, 44, 84, 62, 97, 39, 91, 72, 73, 66, 128, 89, 94, 127, 68, 69, 79, 80, 86, 70, 51, 46, 47, 52, 54, 74, 76, 131, 130, 132, 129, 1, 2, 6, 7, 25, 143, 40, 42, 133, 93, 85, 48, 61, 78, 67, 134, 58, 71, 12, 147, 146, 101, 114, 120, 121, 106, 102, 149, 145, 105, 99, 26, 28, 135, 36, 115, 148, 108, 10, 144, 109, 9, 110, 111, 16, 112, 136]",False,complete,174,174,9453,37,442,0,442,442,,False,,,,,,,2,99,67,99,67,67,67,67
2,10459,8,14,135,"[13, 14, 16, 17, 18, 32, 116, 118, 122, 136, 137, 138, 139, 140]","[0, 1, 2, 3, 4, 5, 6, 7, 8, 9, 10, 11, 12, 15, 19, 20, 21, 22, 23, 24, 25, 26, 27, 28, 29, 30, 31, 33, 34, 35, 36, 37, 38, 39, 40, 41, 42, 43, 44, 45, 46, 47, 48, 49, 50, 51, 52, 53, 54, 55, 56, 57, 58, 59, 60, 61, 62, 63, 64, 65, 66, 67, 68, 69, 70, 71, 72, 73, 74, 75, 76, 77, 78, 79, 80, 81, 82, 83, 84, 85, 86, 87, 88, 89, 90, 91, 92, 93, 94, 95, 96, 97, 98, 99, 100, 101, 102, 103, 104, 105, 106, 107, 108, 109, 110, 111, 112, 114, 115, 117, 119, 120, 121, 123, 124, 125, 126, 127, 128, 129, 130, 131, 132, 133, 134, 135, 141, 142, 143, 144, 145, 146, 147, 148, 149]",{},[],0,"[122, 17, 18, 32, 137, 138, 139, 140, 13, 14, 118, 116, 136, 16, 112, 111, 110, 9, 109, 144, 10, 108, 148, 115, 36, 135, 28, 26, 99, 105, 149, 102, 106, 121, 120, 114, 101, 145, 147, 146, 12, 58, 71, 134, 78, 67, 48, 61, 93, 85, 133, 40, 42, 143, 25, 7, 6, 2, 1, 132, 130, 131, 129, 54, 74, 76, 52, 47, 46, 51, 70, 86, 80, 79, 69, 68, 127, 94, 89, 128, 66, 73, 72, 91, 39, 97, 62, 84, 44, 57, 126, 50, 49, 56, 38, 63, 64, 60, 83, 125, 103, 104, 87, 88, 100, 82, 98, 96, 31, 30, 24, 11, 23, 5, 22, 4, 21, 37, 20, 35, 34, 124, 123, 141, 142, 53, 45, 55, 77, 59, 75, 119, 107, 117, 95, 90, 65, 92, 81, 8, 0, 15, 27, 3, 29, 41, 33, 43, 19]",True,6408235292,6.408235292,"[112, 111, 110, 9, 109, 144, 10, 108, 148, 115, 36, 135, 26, 28, 105, 99, 145, 149, 102, 106, 121, 120, 101, 114, 146, 147, 12, 58, 71, 134, 67, 61, 48, 78, 93, 85, 133, 42, 40, 143, 25, 7, 6, 2, 1, 132, 131, 130, 129, 74, 76, 52, 54, 47, 46, 51, 39, 70, 86, 80, 79, 69, 68, 127, 94, 89, 128, 66, 73, 72, 91, 97, 62, 84, 44, 57, 126, 50, 49, 56, 38, 63, 64, 60, 83, 125, 103, 104, 87, 88, 100, 82, 98, 96, 31, 30, 11, 24, 23, 5, 22, 4, 21, 37, 20, 35, 34, 124, 123, 141, 142, 119, 95, 117, 107, 75, 59, 77, 55, 45, 53, 92, 81, 90, 65, 41, 33, 43, 15, 0, 8, 29, 19, 27, 3]","[3, 27, 19, 29, 8, 0, 15, 43, 33, 41, 65, 90, 81, 92, 53, 45, 55, 77, 59, 75, 107, 117, 95, 119, 142, 141, 123, 124, 34, 35, 20, 37, 21, 4, 22, 5, 23, 24, 11, 30, 31, 96, 98, 82, 100, 88, 87, 104, 103, 125, 83, 60, 64, 63, 38, 56, 49, 50, 126, 57, 44, 84, 62, 97, 91, 72, 73, 66, 128, 89, 94, 127, 68, 69, 79, 80, 86, 70, 39, 51, 46, 47, 54, 52, 76, 74, 129, 130, 131, 132, 1, 2, 6, 7, 25, 143, 40, 42, 133, 85, 93, 78, 48, 61, 67, 134, 71, 58, 12, 147, 146, 114, 101, 120, 121, 106, 102, 149, 145, 99, 105, 28, 26, 135, 36, 115, 148, 108, 10, 144, 109, 9, 110, 111, 112]",False,complete,172,172,9180,37,441,0,441,441,,False,,,,,,,2,100,68,100,68,68,68,68
2,10460,9,16,133,"[13, 14, 16, 17, 18, 32, 111, 112, 116, 118, 122, 136, 137, 138, 139, 140]","[0, 1, 2, 3, 4, 5, 6, 7, 8, 9, 10, 11, 12, 15, 19, 20, 21, 22, 23, 24, 25, 26, 27, 28, 29, 30, 31, 33, 34, 35, 36, 37, 38, 39, 40, 41, 42, 43, 44, 45, 46, 47, 48, 49, 50, 51, 52, 53, 54, 55, 56, 57, 58, 59, 60, 61, 62, 63, 64, 65, 66, 67, 68, 69, 70, 71, 72, 73, 74, 75, 76, 77, 78, 79, 80, 81, 82, 83, 84, 85, 86, 87, 88, 89, 90, 91, 92, 93, 94, 95, 96, 97, 98, 99, 100, 101, 102, 103, 104, 105, 106, 107, 108, 109, 110, 114, 115, 117, 119, 120, 121, 123, 124, 125, 126, 127, 128, 129, 130, 131, 132, 133, 134, 135, 141, 142, 143, 144, 145, 146, 147, 148, 149]","{""support_1"": 110}",[110],1,"[122, 17, 18, 32, 137, 138, 139, 140, 13, 14, 118, 116, 136, 16, 112, 111, 110, 9, 109, 144, 10, 108, 148, 115, 36, 135, 28, 26, 99, 105, 149, 102, 106, 121, 120, 114, 101, 145, 147, 146, 12, 58, 71, 134, 78, 67, 48, 61, 93, 85, 133, 40, 42, 143, 25, 7, 6, 2, 1, 132, 130, 131, 129, 54, 74, 76, 52, 47, 46, 51, 70, 86, 80, 79, 69, 68, 127, 94, 89, 128, 66, 73, 72, 91, 39, 97, 62, 84, 44, 57, 126, 50, 49, 56, 38, 63, 64, 60, 83, 125, 103, 104, 87, 88, 100, 82, 98, 96, 31, 30, 24, 11, 23, 5, 22, 4, 21, 37, 20, 35, 34, 124, 123, 141, 142, 53, 45, 55, 77, 59, 75, 119, 107, 117, 95, 90, 65, 92, 81, 8, 0, 15, 27, 3, 29, 41, 33, 43, 19]",True,6139320389,6.139320389,"[110, 9, 109, 144, 10, 108, 148, 115, 36, 135, 28, 26, 105, 99, 145, 149, 102, 106, 121, 120, 101, 114, 147, 146, 12, 71, 58, 134, 67, 61, 78, 48, 93, 85, 133, 40, 42, 143, 25, 7, 6, 2, 1, 131, 130, 132, 129, 76, 54, 74, 52, 47, 46, 51, 70, 86, 80, 79, 69, 68, 127, 94, 89, 128, 66, 73, 72, 91, 39, 97, 62, 84, 44, 57, 126, 50, 49, 56, 38, 63, 64, 60, 83, 125, 103, 104, 87, 88, 100, 82, 98, 96, 31, 30, 11, 24, 23, 5, 22, 4, 21, 37, 20, 35, 34, 124, 123, 142, 141, 92, 81, 90, 75, 59, 77, 65, 117, 95, 119, 107, 55, 45, 53, 15, 0, 8, 27, 3, 29, 43, 19, 41, 33]","[33, 41, 19, 43, 29, 3, 27, 8, 0, 15, 53, 45, 55, 107, 119, 95, 117, 65, 77, 59, 75, 90, 81, 92, 141, 142, 123, 124, 34, 35, 20, 37, 21, 4, 22, 5, 23, 24, 11, 30, 31, 96, 98, 82, 100, 88, 87, 104, 103, 125, 83, 60, 64, 63, 38, 56, 49, 50, 126, 57, 44, 84, 62, 97, 39, 91, 72, 73, 66, 128, 89, 94, 127, 68, 69, 79, 80, 86, 70, 51, 46, 47, 52, 74, 54, 76, 129, 132, 130, 131, 1, 2, 6, 7, 25, 143, 42, 40, 133, 85, 93, 48, 78, 61, 67, 134, 58, 71, 12, 146, 147, 114, 101, 120, 121, 106, 102, 149, 145, 99, 105, 26, 28, 135, 36, 115, 148, 108, 10, 144, 109, 9, 110]",False,complete,169,169,8911,36,437,0,437,437,,False,,,,,,,2,98,66,98,66,66,66,67
2,10461,10,18,131,"[9, 13, 14, 16, 17, 18, 32, 110, 111, 112, 116, 118, 122, 136, 137, 138, 139, 140]","[0, 1, 2, 3, 4, 5, 6, 7, 8, 10, 11, 12, 15, 19, 20, 21, 22, 23, 24, 25, 26, 27, 28, 29, 30, 31, 33, 34, 35, 36, 37, 38, 39, 40, 41, 42, 43, 44, 45, 46, 47, 48, 49, 50, 51, 52, 53, 54, 55, 56, 57, 58, 59, 60, 61, 62, 63, 64, 65, 66, 67, 68, 69, 70, 71, 72, 73, 74, 75, 76, 77, 78, 79, 80, 81, 82, 83, 84, 85, 86, 87, 88, 89, 90, 91, 92, 93, 94, 95, 96, 97, 98, 99, 100, 101, 102, 103, 104, 105, 106, 107, 108, 109, 114, 115, 117, 119, 120, 121, 123, 124, 125, 126, 127, 128, 129, 130, 131, 132, 133, 134, 135, 141, 142, 143, 144, 145, 146, 147, 148, 149]","{""support_1"": 109, ""support_2"": 144}","[109, 144]",2,"[122, 17, 18, 32, 137, 138, 139, 140, 13, 14, 118, 116, 136, 16, 112, 111, 110, 9, 109, 144, 10, 108, 148, 115, 36, 135, 28, 26, 99, 105, 149, 102, 106, 121, 120, 114, 101, 145, 147, 146, 12, 58, 71, 134, 78, 67, 48, 61, 93, 85, 133, 40, 42, 143, 25, 7, 6, 2, 1, 132, 130, 131, 129, 54, 74, 76, 52, 47, 46, 51, 70, 86, 80, 79, 69, 68, 127, 94, 89, 128, 66, 73, 72, 91, 39, 97, 62, 84, 44, 57, 126, 50, 49, 56, 38, 63, 64, 60, 83, 125, 103, 104, 87, 88, 100, 82, 98, 96, 31, 30, 24, 11, 23, 5, 22, 4, 21, 37, 20, 35, 34, 124, 123, 141, 142, 53, 45, 55, 77, 59, 75, 119, 107, 117, 95, 90, 65, 92, 81, 8, 0, 15, 27, 3, 29, 41, 33, 43, 19]",True,5904303289,5.904303289,"[109, 144, 10, 108, 148, 115, 36, 135, 28, 26, 99, 105, 149, 102, 106, 121, 120, 101, 114, 145, 147, 146, 12, 58, 71, 134, 48, 78, 67, 61, 93, 85, 133, 40, 42, 143, 25, 7, 6, 2, 1, 129, 132, 131, 130, 76, 54, 74, 52, 47, 46, 51, 39, 70, 86, 80, 79, 69, 68, 127, 94, 89, 128, 66, 73, 72, 91, 97, 62, 84, 44, 57, 126, 50, 49, 56, 38, 63, 64, 60, 83, 125, 103, 104, 87, 88, 100, 82, 98, 96, 31, 30, 24, 11, 23, 5, 22, 4, 21, 37, 20, 35, 34, 124, 123, 141, 142, 75, 59, 77, 55, 45, 53, 119, 107, 117, 95, 90, 65, 92, 81, 15, 0, 8, 27, 3, 29, 43, 19, 41, 33]","[33, 41, 19, 43, 29, 3, 27, 8, 0, 15, 81, 92, 65, 90, 95, 117, 107, 119, 53, 45, 55, 77, 59, 75, 142, 141, 123, 124, 34, 35, 20, 37, 21, 4, 22, 5, 23, 11, 24, 30, 31, 96, 98, 82, 100, 88, 87, 104, 103, 125, 83, 60, 64, 63, 38, 56, 49, 50, 126, 57, 44, 84, 62, 97, 91, 72, 73, 66, 128, 89, 94, 127, 68, 69, 79, 80, 86, 70, 39, 51, 46, 47, 52, 74, 54, 76, 130, 131, 132, 129, 1, 2, 6, 7, 25, 143, 42, 40, 133, 85, 93, 61, 67, 78, 48, 134, 71, 58, 12, 146, 147, 145, 114, 101, 120, 121, 106, 102, 149, 105, 99, 26, 28, 135, 36, 115, 148, 108, 10, 144, 109]",False,complete,169,169,8646,38,429,0,429,429,,False,,,,,,,2,95,63,95,64,64,63,65
2,10462,11,20,129,"[9, 13, 14, 16, 17, 18, 32, 109, 110, 111, 112, 116, 118, 122, 136, 137, 138, 139, 140, 144]","[0, 1, 2, 3, 4, 5, 6, 7, 8, 10, 11, 12, 15, 19, 20, 21, 22, 23, 24, 25, 26, 27, 28, 29, 30, 31, 33, 34, 35, 36, 37, 38, 39, 40, 41, 42, 43, 44, 45, 46, 47, 48, 49, 50, 51, 52, 53, 54, 55, 56, 57, 58, 59, 60, 61, 62, 63, 64, 65, 66, 67, 68, 69, 70, 71, 72, 73, 74, 75, 76, 77, 78, 79, 80, 81, 82, 83, 84, 85, 86, 87, 88, 89, 90, 91, 92, 93, 94, 95, 96, 97, 98, 99, 100, 101, 102, 103, 104, 105, 106, 107, 108, 114, 115, 117, 119, 120, 121, 123, 124, 125, 126, 127, 128, 129, 130, 131, 132, 133, 134, 135, 141, 142, 143, 145, 146, 147, 148, 149]","{""support_1"": 108, ""support_2"": 10}","[10, 108]",2,"[122, 17, 18, 32, 137, 138, 139, 140, 13, 14, 118, 116, 136, 16, 112, 111, 110, 9, 109, 144, 10, 108, 148, 115, 36, 135, 28, 26, 99, 105, 149, 102, 106, 121, 120, 114, 101, 145, 147, 146, 12, 58, 71, 134, 78, 67, 48, 61, 93, 85, 133, 40, 42, 143, 25, 7, 6, 2, 1, 132, 130, 131, 129, 54, 74, 76, 52, 47, 46, 51, 70, 86, 80, 79, 69, 68, 127, 94, 89, 128, 66, 73, 72, 91, 39, 97, 62, 84, 44, 57, 126, 50, 49, 56, 38, 63, 64, 60, 83, 125, 103, 104, 87, 88, 100, 82, 98, 96, 31, 30, 24, 11, 23, 5, 22, 4, 21, 37, 20, 35, 34, 124, 123, 141, 142, 53, 45, 55, 77, 59, 75, 119, 107, 117, 95, 90, 65, 92, 81, 8, 0, 15, 27, 3, 29, 41, 33, 43, 19]",True,5749754006,5.749754006,"[10, 108, 148, 115, 36, 135, 26, 28, 99, 105, 149, 102, 106, 121, 120, 101, 114, 145, 147, 146, 12, 71, 58, 134, 67, 61, 48, 78, 93, 85, 133, 40, 42, 143, 25, 7, 6, 2, 1, 131, 130, 132, 129, 76, 54, 74, 52, 47, 46, 51, 70, 86, 80, 79, 69, 68, 127, 94, 89, 128, 66, 73, 72, 91, 39, 97, 62, 84, 44, 57, 126, 50, 49, 56, 38, 63, 64, 60, 83, 125, 103, 104, 87, 88, 100, 82, 98, 96, 31, 30, 11, 24, 23, 5, 22, 4, 21, 37, 20, 35, 34, 124, 123, 141, 142, 75, 59, 77, 92, 81, 90, 65, 117, 95, 119, 107, 55, 45, 53, 41, 33, 43, 15, 0, 8, 27, 19, 29, 3]","[3, 29, 19, 27, 8, 0, 15, 43, 33, 41, 53, 45, 55, 107, 119, 95, 117, 65, 90, 81, 92, 77, 59, 75, 142, 141, 123, 124, 34, 35, 20, 37, 21, 4, 22, 5, 23, 24, 11, 30, 31, 96, 98, 82, 100, 88, 87, 104, 103, 125, 83, 60, 64, 63, 38, 56, 49, 50, 126, 57, 44, 84, 62, 97, 39, 91, 72, 73, 66, 128, 89, 94, 127, 68, 69, 79, 80, 86, 70, 51, 46, 47, 52, 74, 54, 76, 129, 132, 130, 131, 1, 2, 6, 7, 25, 143, 42, 40, 133, 85, 93, 78, 48, 61, 67, 134, 58, 71, 12, 146, 147, 145, 114, 101, 120, 121, 106, 102, 149, 105, 99, 28, 26, 135, 36, 115, 148, 108, 10]",False,complete,166,166,8385,37,424,0,424,424,,False,,,,,,,2,91,61,91,62,62,61,63
2,10463,12,22,127,"[9, 10, 13, 14, 16, 17, 18, 32, 108, 109, 110, 111, 112, 116, 118, 122, 136, 137, 138, 139, 140, 144]","[0, 1, 2, 3, 4, 5, 6, 7, 8, 11, 12, 15, 19, 20, 21, 22, 23, 24, 25, 26, 27, 28, 29, 30, 31, 33, 34, 35, 36, 37, 38, 39, 40, 41, 42, 43, 44, 45, 46, 47, 48, 49, 50, 51, 52, 53, 54, 55, 56, 57, 58, 59, 60, 61, 62, 63, 64, 65, 66, 67, 68, 69, 70, 71, 72, 73, 74, 75, 76, 77, 78, 79, 80, 81, 82, 83, 84, 85, 86, 87, 88, 89, 90, 91, 92, 93, 94, 95, 96, 97, 98, 99, 100, 101, 102, 103, 104, 105, 106, 107, 114, 115, 117, 119, 120, 121, 123, 124, 125, 126, 127, 128, 129, 130, 131, 132, 133, 134, 135, 141, 142, 143, 145, 146, 147, 148, 149]","{""support_1"": 148}",[148],1,"[122, 17, 18, 32, 137, 138, 139, 140, 13, 14, 118, 116, 136, 16, 112, 111, 110, 9, 109, 144, 10, 108, 148, 115, 36, 135, 28, 26, 99, 105, 149, 102, 106, 121, 120, 114, 101, 145, 147, 146, 12, 58, 71, 134, 78, 67, 48, 61, 93, 85, 133, 40, 42, 143, 25, 7, 6, 2, 1, 132, 130, 131, 129, 54, 74, 76, 52, 47, 46, 51, 70, 86, 80, 79, 69, 68, 127, 94, 89, 128, 66, 73, 72, 91, 39, 97, 62, 84, 44, 57, 126, 50, 49, 56, 38, 63, 64, 60, 83, 125, 103, 104, 87, 88, 100, 82, 98, 96, 31, 30, 24, 11, 23, 5, 22, 4, 21, 37, 20, 35, 34, 124, 123, 141, 142, 53, 45, 55, 77, 59, 75, 119, 107, 117, 95, 90, 65, 92, 81, 8, 0, 15, 27, 3, 29, 41, 33, 43, 19]",True,5543437066,5.543437066,"[148, 115, 36, 135, 26, 28, 99, 105, 149, 102, 106, 121, 120, 114, 101, 145, 147, 146, 12, 58, 71, 134, 48, 78, 67, 61, 85, 93, 133, 42, 40, 143, 25, 7, 6, 2, 1, 129, 132, 130, 131, 52, 54, 47, 46, 51, 76, 74, 70, 86, 80, 79, 69, 68, 127, 94, 89, 128, 66, 73, 72, 91, 39, 97, 62, 84, 44, 57, 126, 50, 49, 56, 38, 63, 64, 60, 83, 125, 103, 104, 87, 88, 100, 82, 98, 96, 31, 30, 11, 24, 23, 5, 22, 4, 21, 37, 20, 35, 34, 124, 123, 141, 142, 117, 95, 119, 107, 92, 81, 90, 75, 65, 77, 59, 55, 45, 53, 29, 27, 8, 0, 15, 3, 43, 33, 41, 19]","[19, 41, 33, 43, 3, 15, 0, 8, 27, 29, 53, 45, 55, 59, 77, 65, 75, 90, 81, 92, 107, 119, 95, 117, 142, 141, 123, 124, 34, 35, 20, 37, 21, 4, 22, 5, 23, 24, 11, 30, 31, 96, 98, 82, 100, 88, 87, 104, 103, 125, 83, 60, 64, 63, 38, 56, 49, 50, 126, 57, 44, 84, 62, 97, 39, 91, 72, 73, 66, 128, 89, 94, 127, 68, 69, 79, 80, 86, 70, 74, 76, 51, 46, 47, 54, 52, 131, 130, 132, 129, 1, 2, 6, 7, 25, 143, 40, 42, 133, 93, 85, 61, 67, 78, 48, 134, 71, 58, 12, 146, 147, 145, 101, 114, 120, 121, 106, 102, 149, 105, 99, 28, 26, 135, 36, 115, 148]",False,complete,164,164,8128,37,420,0,420,420,,False,,,,,,,2,88,59,88,59,59,59,60
2,10464,13,24,125,"[9, 10, 13, 14, 16, 17, 18, 32, 108, 109, 110, 111, 112, 115, 116, 118, 122, 136, 137, 138, 139, 140, 144, 148]","[0, 1, 2, 3, 4, 5, 6, 7, 8, 11, 12, 15, 19, 20, 21, 22, 23, 24, 25, 26, 27, 28, 29, 30, 31, 33, 34, 35, 36, 37, 38, 39, 40, 41, 42, 43, 44, 45, 46, 47, 48, 49, 50, 51, 52, 53, 54, 55, 56, 57, 58, 59, 60, 61, 62, 63, 64, 65, 66, 67, 68, 69, 70, 71, 72, 73, 74, 75, 76, 77, 78, 79, 80, 81, 82, 83, 84, 85, 86, 87, 88, 89, 90, 91, 92, 93, 94, 95, 96, 97, 98, 99, 100, 101, 102, 103, 104, 105, 106, 107, 114, 117, 119, 120, 121, 123, 124, 125, 126, 127, 128, 129, 130, 131, 132, 133, 134, 135, 141, 142, 143, 145, 146, 147, 149]",{},[],0,"[122, 17, 18, 32, 137, 138, 139, 140, 13, 14, 118, 116, 136, 16, 112, 111, 110, 9, 109, 144, 10, 108, 148, 115, 36, 135, 28, 26, 99, 105, 149, 102, 106, 121, 120, 114, 101, 145, 147, 146, 12, 58, 71, 134, 78, 67, 48, 61, 93, 85, 133, 40, 42, 143, 25, 7, 6, 2, 1, 132, 130, 131, 129, 54, 74, 76, 52, 47, 46, 51, 70, 86, 80, 79, 69, 68, 127, 94, 89, 128, 66, 73, 72, 91, 39, 97, 62, 84, 44, 57, 126, 50, 49, 56, 38, 63, 64, 60, 83, 125, 103, 104, 87, 88, 100, 82, 98, 96, 31, 30, 24, 11, 23, 5, 22, 4, 21, 37, 20, 35, 34, 124, 123, 141, 142, 53, 45, 55, 77, 59, 75, 119, 107, 117, 95, 90, 65, 92, 81, 8, 0, 15, 27, 3, 29, 41, 33, 43, 19]",True,5422034660,5.422034660,"[36, 135, 28, 26, 105, 99, 149, 102, 106, 121, 120, 114, 101, 145, 146, 147, 12, 71, 58, 134, 78, 67, 61, 48, 85, 93, 133, 42, 40, 143, 25, 7, 6, 2, 1, 130, 129, 132, 131, 74, 52, 76, 54, 47, 46, 51, 39, 70, 86, 80, 79, 69, 68, 127, 94, 89, 128, 66, 73, 72, 91, 97, 62, 84, 44, 57, 126, 50, 49, 56, 38, 63, 64, 60, 83, 125, 103, 104, 87, 88, 100, 82, 98, 96, 31, 30, 11, 24, 23, 5, 22, 4, 21, 37, 20, 35, 34, 124, 123, 141, 142, 75, 59, 77, 117, 95, 119, 107, 90, 65, 92, 81, 55, 45, 53, 27, 15, 0, 8, 3, 29, 43, 19, 41, 33]","[33, 41, 19, 43, 29, 3, 8, 0, 15, 27, 53, 45, 55, 81, 92, 65, 90, 107, 119, 95, 117, 77, 59, 75, 142, 141, 123, 124, 34, 35, 20, 37, 21, 4, 22, 5, 23, 24, 11, 30, 31, 96, 98, 82, 100, 88, 87, 104, 103, 125, 83, 60, 64, 63, 38, 56, 49, 50, 126, 57, 44, 84, 62, 97, 91, 72, 73, 66, 128, 89, 94, 127, 68, 69, 79, 80, 86, 70, 39, 51, 46, 47, 54, 76, 52, 74, 131, 132, 129, 130, 1, 2, 6, 7, 25, 143, 40, 42, 133, 93, 85, 48, 61, 67, 78, 134, 58, 71, 12, 147, 146, 145, 101, 114, 120, 121, 106, 102, 149, 99, 105, 26, 28, 135, 36]",False,complete,162,162,7875,37,417,0,417,417,,False,,,,,,,2,88,59,88,59,59,59,59
2,10465,14,26,123,"[9, 10, 13, 14, 16, 17, 18, 32, 36, 108, 109, 110, 111, 112, 115, 116, 118, 122, 135, 136, 137, 138, 139, 140, 144, 148]","[0, 1, 2, 3, 4, 5, 6, 7, 8, 11, 12, 15, 19, 20, 21, 22, 23, 24, 25, 26, 27, 28, 29, 30, 31, 33, 34, 35, 37, 38, 39, 40, 41, 42, 43, 44, 45, 46, 47, 48, 49, 50, 51, 52, 53, 54, 55, 56, 57, 58, 59, 60, 61, 62, 63, 64, 65, 66, 67, 68, 69, 70, 71, 72, 73, 74, 75, 76, 77, 78, 79, 80, 81, 82, 83, 84, 85, 86, 87, 88, 89, 90, 91, 92, 93, 94, 95, 96, 97, 98, 99, 100, 101, 102, 103, 104, 105, 106, 107, 114, 117, 119, 120, 121, 123, 124, 125, 126, 127, 128, 129, 130, 131, 132, 133, 134, 141, 142, 143, 145, 146, 147, 149]",{},[],0,"[122, 17, 18, 32, 137, 138, 139, 140, 13, 14, 118, 116, 136, 16, 112, 111, 110, 9, 109, 144, 10, 108, 148, 115, 36, 135, 28, 26, 99, 105, 149, 102, 106, 121, 120, 114, 101, 145, 147, 146, 12, 58, 71, 134, 78, 67, 48, 61, 93, 85, 133, 40, 42, 143, 25, 7, 6, 2, 1, 132, 130, 131, 129, 54, 74, 76, 52, 47, 46, 51, 70, 86, 80, 79, 69, 68, 127, 94, 89, 128, 66, 73, 72, 91, 39, 97, 62, 84, 44, 57, 126, 50, 49, 56, 38, 63, 64, 60, 83, 125, 103, 104, 87, 88, 100, 82, 98, 96, 31, 30, 24, 11, 23, 5, 22, 4, 21, 37, 20, 35, 34, 124, 123, 141, 142, 53, 45, 55, 77, 59, 75, 119, 107, 117, 95, 90, 65, 92, 81, 8, 0, 15, 27, 3, 29, 41, 33, 43, 19]",True,5554624703,5.554624703,"[28, 26, 99, 105, 149, 102, 106, 121, 120, 114, 101, 145, 147, 146, 12, 71, 58, 134, 61, 67, 78, 48, 85, 93, 133, 40, 42, 143, 25, 7, 6, 2, 1, 132, 131, 130, 129, 74, 76, 52, 54, 47, 46, 51, 39, 70, 86, 80, 79, 69, 68, 127, 94, 89, 128, 66, 73, 72, 91, 97, 62, 84, 44, 57, 126, 50, 49, 56, 38, 63, 64, 60, 83, 125, 103, 104, 87, 88, 100, 82, 98, 96, 31, 30, 11, 24, 23, 5, 22, 4, 21, 37, 20, 35, 34, 124, 123, 141, 142, 55, 45, 53, 90, 81, 92, 119, 95, 117, 107, 75, 65, 77, 59, 43, 33, 41, 29, 19, 27, 8, 3, 15, 0]","[0, 15, 3, 8, 27, 19, 29, 41, 33, 43, 59, 77, 65, 75, 107, 117, 95, 119, 92, 81, 90, 53, 45, 55, 142, 141, 123, 124, 34, 35, 20, 37, 21, 4, 22, 5, 23, 24, 11, 30, 31, 96, 98, 82, 100, 88, 87, 104, 103, 125, 83, 60, 64, 63, 38, 56, 49, 50, 126, 57, 44, 84, 62, 97, 91, 72, 73, 66, 128, 89, 94, 127, 68, 69, 79, 80, 86, 70, 39, 51, 46, 47, 54, 52, 76, 74, 129, 130, 131, 132, 1, 2, 6, 7, 25, 143, 42, 40, 133, 93, 85, 48, 78, 67, 61, 134, 58, 71, 12, 146, 147, 145, 101, 114, 120, 121, 106, 102, 149, 105, 99, 26, 28]",False,complete,160,160,7626,37,415,0,415,415,,False,,,,,,,2,88,59,88,59,59,59,59
2,10466,15,28,121,"[9, 10, 13, 14, 16, 17, 18, 26, 28, 32, 36, 108, 109, 110, 111, 112, 115, 116, 118, 122, 135, 136, 137, 138, 139, 140, 144, 148]","[0, 1, 2, 3, 4, 5, 6, 7, 8, 11, 12, 15, 19, 20, 21, 22, 23, 24, 25, 27, 29, 30, 31, 33, 34, 35, 37, 38, 39, 40, 41, 42, 43, 44, 45, 46, 47, 48, 49, 50, 51, 52, 53, 54, 55, 56, 57, 58, 59, 60, 61, 62, 63, 64, 65, 66, 67, 68, 69, 70, 71, 72, 73, 74, 75, 76, 77, 78, 79, 80, 81, 82, 83, 84, 85, 86, 87, 88, 89, 90, 91, 92, 93, 94, 95, 96, 97, 98, 99, 100, 101, 102, 103, 104, 105, 106, 107, 114, 117, 119, 120, 121, 123, 124, 125, 126, 127, 128, 129, 130, 131, 132, 133, 134, 141, 142, 143, 145, 146, 147, 149]",{},[],0,"[122, 17, 18, 32, 137, 138, 139, 140, 13, 14, 118, 116, 136, 16, 112, 111, 110, 9, 109, 144, 10, 108, 148, 115, 36, 135, 28, 26, 99, 105, 149, 102, 106, 121, 120, 114, 101, 145, 147, 146, 12, 58, 71, 134, 78, 67, 48, 61, 93, 85, 133, 40, 42, 143, 25, 7, 6, 2, 1, 132, 130, 131, 129, 54, 74, 76, 52, 47, 46, 51, 70, 86, 80, 79, 69, 68, 127, 94, 89, 128, 66, 73, 72, 91, 39, 97, 62, 84, 44, 57, 126, 50, 49, 56, 38, 63, 64, 60, 83, 125, 103, 104, 87, 88, 100, 82, 98, 96, 31, 30, 24, 11, 23, 5, 22, 4, 21, 37, 20, 35, 34, 124, 123, 141, 142, 53, 45, 55, 77, 59, 75, 119, 107, 117, 95, 90, 65, 92, 81, 8, 0, 15, 27, 3, 29, 41, 33, 43, 19]",True,5731878325,5.731878325,"[99, 105, 149, 102, 106, 121, 120, 114, 101, 145, 147, 146, 12, 71, 58, 134, 48, 67, 61, 78, 93, 85, 133, 40, 42, 143, 25, 7, 6, 2, 1, 130, 131, 129, 132, 52, 74, 54, 47, 46, 51, 76, 70, 86, 80, 79, 69, 68, 127, 94, 89, 128, 66, 73, 72, 91, 39, 97, 62, 84, 44, 57, 126, 50, 49, 56, 38, 63, 64, 60, 83, 125, 103, 104, 87, 88, 100, 82, 98, 96, 31, 30, 11, 24, 23, 5, 22, 4, 21, 37, 20, 35, 34, 124, 123, 142, 141, 92, 81, 90, 119, 95, 117, 107, 75, 65, 77, 59, 55, 45, 53, 27, 41, 33, 43, 19, 29, 15, 3, 8, 0]","[0, 8, 3, 15, 29, 19, 43, 33, 41, 27, 53, 45, 55, 59, 77, 65, 75, 107, 117, 95, 119, 90, 81, 92, 141, 142, 123, 124, 34, 35, 20, 37, 21, 4, 22, 5, 23, 24, 11, 30, 31, 96, 98, 82, 100, 88, 87, 104, 103, 125, 83, 60, 64, 63, 38, 56, 49, 50, 126, 57, 44, 84, 62, 97, 39, 91, 72, 73, 66, 128, 89, 94, 127, 68, 69, 79, 80, 86, 70, 76, 51, 46, 47, 54, 74, 52, 132, 129, 131, 130, 1, 2, 6, 7, 25, 143, 42, 40, 133, 85, 93, 78, 61, 67, 48, 134, 58, 71, 12, 146, 147, 145, 101, 114, 120, 121, 106, 102, 149, 105, 99]",False,complete,159,159,7381,38,414,0,414,414,,False,,,,,,,2,88,59,88,59,59,59,59
2,10467,16,30,119,"[9, 10, 13, 14, 16, 17, 18, 26, 28, 32, 36, 99, 105, 108, 109, 110, 111, 112, 115, 116, 118, 122, 135, 136, 137, 138, 139, 140, 144, 148]","[0, 1, 2, 3, 4, 5, 6, 7, 8, 11, 12, 15, 19, 20, 21, 22, 23, 24, 25, 27, 29, 30, 31, 33, 34, 35, 37, 38, 39, 40, 41, 42, 43, 44, 45, 46, 47, 48, 49, 50, 51, 52, 53, 54, 55, 56, 57, 58, 59, 60, 61, 62, 63, 64, 65, 66, 67, 68, 69, 70, 71, 72, 73, 74, 75, 76, 77, 78, 79, 80, 81, 82, 83, 84, 85, 86, 87, 88, 89, 90, 91, 92, 93, 94, 95, 96, 97, 98, 100, 101, 102, 103, 104, 106, 107, 114, 117, 119, 120, 121, 123, 124, 125, 126, 127, 128, 129, 130, 131, 132, 133, 134, 141, 142, 143, 145, 146, 147, 149]",{},[],0,"[122, 17, 18, 32, 137, 138, 139, 140, 13, 14, 118, 116, 136, 16, 112, 111, 110, 9, 109, 144, 10, 108, 148, 115, 36, 135, 28, 26, 99, 105, 149, 102, 106, 121, 120, 114, 101, 145, 147, 146, 12, 58, 71, 134, 78, 67, 48, 61, 93, 85, 133, 40, 42, 143, 25, 7, 6, 2, 1, 132, 130, 131, 129, 54, 74, 76, 52, 47, 46, 51, 70, 86, 80, 79, 69, 68, 127, 94, 89, 128, 66, 73, 72, 91, 39, 97, 62, 84, 44, 57, 126, 50, 49, 56, 38, 63, 64, 60, 83, 125, 103, 104, 87, 88, 100, 82, 98, 96, 31, 30, 24, 11, 23, 5, 22, 4, 21, 37, 20, 35, 34, 124, 123, 141, 142, 53, 45, 55, 77, 59, 75, 119, 107, 117, 95, 90, 65, 92, 81, 8, 0, 15, 27, 3, 29, 41, 33, 43, 19]",True,5154170371,5.154170371,"[149, 102, 106, 121, 120, 101, 114, 145, 146, 147, 12, 58, 71, 134, 48, 61, 78, 67, 93, 85, 133, 42, 40, 143, 25, 7, 6, 2, 1, 129, 131, 132, 130, 76, 54, 52, 47, 46, 51, 74, 70, 86, 80, 79, 69, 68, 127, 94, 89, 128, 66, 73, 72, 91, 39, 97, 62, 84, 44, 57, 126, 50, 49, 56, 38, 63, 64, 60, 83, 125, 103, 104, 87, 88, 100, 82, 98, 96, 31, 30, 11, 24, 23, 5, 22, 4, 21, 37, 20, 35, 34, 124, 123, 141, 142, 117, 95, 119, 107, 92, 81, 90, 53, 45, 55, 77, 59, 75, 65, 43, 33, 41, 29, 19, 27, 15, 3, 8, 0]","[0, 8, 3, 15, 27, 19, 29, 41, 33, 43, 65, 75, 59, 77, 55, 45, 53, 90, 81, 92, 107, 119, 95, 117, 142, 141, 123, 124, 34, 35, 20, 37, 21, 4, 22, 5, 23, 24, 11, 30, 31, 96, 98, 82, 100, 88, 87, 104, 103, 125, 83, 60, 64, 63, 38, 56, 49, 50, 126, 57, 44, 84, 62, 97, 39, 91, 72, 73, 66, 128, 89, 94, 127, 68, 69, 79, 80, 86, 70, 74, 51, 46, 47, 52, 54, 76, 130, 132, 131, 129, 1, 2, 6, 7, 25, 143, 40, 42, 133, 85, 93, 67, 78, 61, 48, 134, 71, 58, 12, 147, 146, 145, 114, 101, 120, 121, 106, 102, 149]",False,complete,156,156,7140,37,411,0,411,411,,False,,,,,,,2,88,59,88,59,59,59,59
2,10468,17,32,117,"[9, 10, 13, 14, 16, 17, 18, 26, 28, 32, 36, 99, 102, 105, 108, 109, 110, 111, 112, 115, 116, 118, 122, 135, 136, 137, 138, 139, 140, 144, 148, 149]","[0, 1, 2, 3, 4, 5, 6, 7, 8, 11, 12, 15, 19, 20, 21, 22, 23, 24, 25, 27, 29, 30, 31, 33, 34, 35, 37, 38, 39, 40, 41, 42, 43, 44, 45, 46, 47, 48, 49, 50, 51, 52, 53, 54, 55, 56, 57, 58, 59, 60, 61, 62, 63, 64, 65, 66, 67, 68, 69, 70, 71, 72, 73, 74, 75, 76, 77, 78, 79, 80, 81, 82, 83, 84, 85, 86, 87, 88, 89, 90, 91, 92, 93, 94, 95, 96, 97, 98, 100, 101, 103, 104, 106, 107, 114, 117, 119, 120, 121, 123, 124, 125, 126, 127, 128, 129, 130, 131, 132, 133, 134, 141, 142, 143, 145, 146, 147]","{""support_1"": 106}",[106],1,"[122, 17, 18, 32, 137, 138, 139, 140, 13, 14, 118, 116, 136, 16, 112, 111, 110, 9, 109, 144, 10, 108, 148, 115, 36, 135, 28, 26, 99, 105, 149, 102, 106, 121, 120, 114, 101, 145, 147, 146, 12, 58, 71, 134, 78, 67, 48, 61, 93, 85, 133, 40, 42, 143, 25, 7, 6, 2, 1, 132, 130, 131, 129, 54, 74, 76, 52, 47, 46, 51, 70, 86, 80, 79, 69, 68, 127, 94, 89, 128, 66, 73, 72, 91, 39, 97, 62, 84, 44, 57, 126, 50, 49, 56, 38, 63, 64, 60, 83, 125, 103, 104, 87, 88, 100, 82, 98, 96, 31, 30, 24, 11, 23, 5, 22, 4, 21, 37, 20, 35, 34, 124, 123, 141, 142, 53, 45, 55, 77, 59, 75, 119, 107, 117, 95, 90, 65, 92, 81, 8, 0, 15, 27, 3, 29, 41, 33, 43, 19]",True,5009431608,5.009431608,"[106, 121, 120, 114, 101, 145, 146, 147, 12, 71, 58, 134, 67, 78, 61, 48, 85, 93, 133, 40, 42, 143, 25, 7, 6, 2, 1, 132, 130, 129, 131, 74, 54, 52, 47, 46, 51, 76, 70, 86, 80, 79, 69, 68, 127, 94, 89, 128, 66, 73, 72, 91, 39, 97, 62, 84, 44, 57, 126, 50, 49, 56, 38, 63, 64, 60, 83, 125, 103, 104, 87, 88, 100, 82, 98, 96, 31, 30, 24, 11, 23, 5, 22, 4, 21, 37, 20, 35, 34, 124, 123, 142, 141, 53, 45, 55, 92, 81, 90, 119, 95, 117, 107, 77, 59, 75, 65, 8, 0, 15, 41, 33, 43, 27, 19, 29, 3]","[3, 29, 19, 27, 43, 33, 41, 15, 0, 8, 65, 75, 59, 77, 107, 117, 95, 119, 90, 81, 92, 55, 45, 53, 141, 142, 123, 124, 34, 35, 20, 37, 21, 4, 22, 5, 23, 11, 24, 30, 31, 96, 98, 82, 100, 88, 87, 104, 103, 125, 83, 60, 64, 63, 38, 56, 49, 50, 126, 57, 44, 84, 62, 97, 39, 91, 72, 73, 66, 128, 89, 94, 127, 68, 69, 79, 80, 86, 70, 76, 51, 46, 47, 52, 54, 74, 131, 129, 130, 132, 1, 2, 6, 7, 25, 143, 42, 40, 133, 93, 85, 48, 61, 78, 67, 134, 58, 71, 12, 147, 146, 145, 101, 114, 120, 121, 106]",False,complete,154,154,6903,37,409,0,409,409,,False,,,,,,,2,87,58,87,58,58,58,59
2,10469,18,34,115,"[9, 10, 13, 14, 16, 17, 18, 26, 28, 32, 36, 99, 102, 105, 106, 108, 109, 110, 111, 112, 115, 116, 118, 121, 122, 135, 136, 137, 138, 139, 140, 144, 148, 149]","[0, 1, 2, 3, 4, 5, 6, 7, 8, 11, 12, 15, 19, 20, 21, 22, 23, 24, 25, 27, 29, 30, 31, 33, 34, 35, 37, 38, 39, 40, 41, 42, 43, 44, 45, 46, 47, 48, 49, 50, 51, 52, 53, 54, 55, 56, 57, 58, 59, 60, 61, 62, 63, 64, 65, 66, 67, 68, 69, 70, 71, 72, 73, 74, 75, 76, 77, 78, 79, 80, 81, 82, 83, 84, 85, 86, 87, 88, 89, 90, 91, 92, 93, 94, 95, 96, 97, 98, 100, 101, 103, 104, 107, 114, 117, 119, 120, 123, 124, 125, 126, 127, 128, 129, 130, 131, 132, 133, 134, 141, 142, 143, 145, 146, 147]","{""support_1"": 120}",[120],1,"[122, 17, 18, 32, 137, 138, 139, 140, 13, 14, 118, 116, 136, 16, 112, 111, 110, 9, 109, 144, 10, 108, 148, 115, 36, 135, 28, 26, 99, 105, 149, 102, 106, 121, 120, 114, 101, 145, 147, 146, 12, 58, 71, 134, 78, 67, 48, 61, 93, 85, 133, 40, 42, 143, 25, 7, 6, 2, 1, 132, 130, 131, 129, 54, 74, 76, 52, 47, 46, 51, 70, 86, 80, 79, 69, 68, 127, 94, 89, 128, 66, 73, 72, 91, 39, 97, 62, 84, 44, 57, 126, 50, 49, 56, 38, 63, 64, 60, 83, 125, 103, 104, 87, 88, 100, 82, 98, 96, 31, 30, 24, 11, 23, 5, 22, 4, 21, 37, 20, 35, 34, 124, 123, 141, 142, 53, 45, 55, 77, 59, 75, 119, 107, 117, 95, 90, 65, 92, 81, 8, 0, 15, 27, 3, 29, 41, 33, 43, 19]",True,4643179200,4.643179200,"[120, 101, 114, 145, 147, 146, 12, 71, 58, 134, 61, 67, 48, 78, 93, 85, 133, 42, 40, 143, 25, 7, 6, 2, 1, 129, 132, 131, 130, 54, 74, 52, 47, 46, 51, 76, 70, 86, 80, 79, 69, 68, 127, 94, 89, 128, 66, 73, 72, 91, 39, 97, 62, 84, 44, 57, 126, 50, 49, 56, 38, 63, 64, 60, 83, 125, 103, 104, 87, 88, 100, 82, 98, 96, 31, 30, 11, 24, 23, 5, 22, 4, 21, 37, 20, 35, 34, 124, 123, 142, 141, 55, 45, 53, 75, 59, 77, 90, 81, 92, 65, 117, 107, 119, 95, 43, 33, 41, 8, 0, 15, 27, 19, 29, 3]","[3, 29, 19, 27, 15, 0, 8, 41, 33, 43, 95, 119, 107, 117, 65, 92, 81, 90, 77, 59, 75, 53, 45, 55, 141, 142, 123, 124, 34, 35, 20, 37, 21, 4, 22, 5, 23, 24, 11, 30, 31, 96, 98, 82, 100, 88, 87, 104, 103, 125, 83, 60, 64, 63, 38, 56, 49, 50, 126, 57, 44, 84, 62, 97, 39, 91, 72, 73, 66, 128, 89, 94, 127, 68, 69, 79, 80, 86, 70, 76, 51, 46, 47, 52, 74, 54, 130, 131, 132, 129, 1, 2, 6, 7, 25, 143, 40, 42, 133, 85, 93, 78, 48, 67, 61, 134, 58, 71, 12, 146, 147, 145, 114, 101, 120]",False,complete,152,152,6670,37,403,0,403,403,,False,,,,,,,2,85,56,85,56,56,56,57
2,10470,19,36,113,"[9, 10, 13, 14, 16, 17, 18, 26, 28, 32, 36, 99, 102, 105, 106, 108, 109, 110, 111, 112, 114, 115, 116, 118, 120, 121, 122, 135, 136, 137, 138, 139, 140, 144, 148, 149]","[0, 1, 2, 3, 4, 5, 6, 7, 8, 11, 12, 15, 19, 20, 21, 22, 23, 24, 25, 27, 29, 30, 31, 33, 34, 35, 37, 38, 39, 40, 41, 42, 43, 44, 45, 46, 47, 48, 49, 50, 51, 52, 53, 54, 55, 56, 57, 58, 59, 60, 61, 62, 63, 64, 65, 66, 67, 68, 69, 70, 71, 72, 73, 74, 75, 76, 77, 78, 79, 80, 81, 82, 83, 84, 85, 86, 87, 88, 89, 90, 91, 92, 93, 94, 95, 96, 97, 98, 100, 101, 103, 104, 107, 117, 119, 123, 124, 125, 126, 127, 128, 129, 130, 131, 132, 133, 134, 141, 142, 143, 145, 146, 147]","{""support_1"": 101}",[101],1,"[122, 17, 18, 32, 137, 138, 139, 140, 13, 14, 118, 116, 136, 16, 112, 111, 110, 9, 109, 144, 10, 108, 148, 115, 36, 135, 28, 26, 99, 105, 149, 102, 106, 121, 120, 114, 101, 145, 147, 146, 12, 58, 71, 134, 78, 67, 48, 61, 93, 85, 133, 40, 42, 143, 25, 7, 6, 2, 1, 132, 130, 131, 129, 54, 74, 76, 52, 47, 46, 51, 70, 86, 80, 79, 69, 68, 127, 94, 89, 128, 66, 73, 72, 91, 39, 97, 62, 84, 44, 57, 126, 50, 49, 56, 38, 63, 64, 60, 83, 125, 103, 104, 87, 88, 100, 82, 98, 96, 31, 30, 24, 11, 23, 5, 22, 4, 21, 37, 20, 35, 34, 124, 123, 141, 142, 53, 45, 55, 77, 59, 75, 119, 107, 117, 95, 90, 65, 92, 81, 8, 0, 15, 27, 3, 29, 41, 33, 43, 19]",True,4597625167,4.597625167,"[101, 145, 147, 146, 12, 71, 58, 134, 48, 61, 67, 78, 85, 93, 133, 40, 42, 143, 25, 7, 6, 2, 1, 132, 130, 129, 131, 54, 76, 74, 52, 47, 46, 51, 39, 70, 86, 80, 79, 69, 68, 127, 94, 89, 128, 66, 73, 72, 91, 97, 62, 84, 44, 57, 126, 50, 49, 56, 38, 63, 64, 60, 83, 125, 103, 104, 87, 88, 100, 82, 98, 96, 31, 30, 11, 24, 23, 5, 22, 4, 21, 37, 20, 35, 34, 124, 123, 141, 142, 119, 95, 117, 107, 90, 81, 92, 53, 45, 55, 77, 59, 75, 65, 43, 33, 41, 29, 19, 27, 8, 3, 15, 0]","[0, 15, 3, 8, 27, 19, 29, 41, 33, 43, 65, 75, 59, 77, 55, 45, 53, 92, 81, 90, 107, 117, 95, 119, 142, 141, 123, 124, 34, 35, 20, 37, 21, 4, 22, 5, 23, 24, 11, 30, 31, 96, 98, 82, 100, 88, 87, 104, 103, 125, 83, 60, 64, 63, 38, 56, 49, 50, 126, 57, 44, 84, 62, 97, 91, 72, 73, 66, 128, 89, 94, 127, 68, 69, 79, 80, 86, 70, 39, 51, 46, 47, 52, 74, 76, 54, 131, 129, 130, 132, 1, 2, 6, 7, 25, 143, 42, 40, 133, 93, 85, 78, 67, 61, 48, 134, 58, 71, 12, 146, 147, 145, 101]",False,complete,151,151,6441,38,399,0,399,399,,False,,,,,,,2,82,54,82,54,54,54,55
2,10471,20,38,111,"[9, 10, 13, 14, 16, 17, 18, 26, 28, 32, 36, 99, 101, 102, 105, 106, 108, 109, 110, 111, 112, 114, 115, 116, 118, 120, 121, 122, 135, 136, 137, 138, 139, 140, 144, 145, 148, 149]","[0, 1, 2, 3, 4, 5, 6, 7, 8, 11, 12, 15, 19, 20, 21, 22, 23, 24, 25, 27, 29, 30, 31, 33, 34, 35, 37, 38, 39, 40, 41, 42, 43, 44, 45, 46, 47, 48, 49, 50, 51, 52, 53, 54, 55, 56, 57, 58, 59, 60, 61, 62, 63, 64, 65, 66, 67, 68, 69, 70, 71, 72, 73, 74, 75, 76, 77, 78, 79, 80, 81, 82, 83, 84, 85, 86, 87, 88, 89, 90, 91, 92, 93, 94, 95, 96, 97, 98, 100, 103, 104, 107, 117, 119, 123, 124, 125, 126, 127, 128, 129, 130, 131, 132, 133, 134, 141, 142, 143, 146, 147]",{},[],0,"[122, 17, 18, 32, 137, 138, 139, 140, 13, 14, 118, 116, 136, 16, 112, 111, 110, 9, 109, 144, 10, 108, 148, 115, 36, 135, 28, 26, 99, 105, 149, 102, 106, 121, 120, 114, 101, 145, 147, 146, 12, 58, 71, 134, 78, 67, 48, 61, 93, 85, 133, 40, 42, 143, 25, 7, 6, 2, 1, 132, 130, 131, 129, 54, 74, 76, 52, 47, 46, 51, 70, 86, 80, 79, 69, 68, 127, 94, 89, 128, 66, 73, 72, 91, 39, 97, 62, 84, 44, 57, 126, 50, 49, 56, 38, 63, 64, 60, 83, 125, 103, 104, 87, 88, 100, 82, 98, 96, 31, 30, 24, 11, 23, 5, 22, 4, 21, 37, 20, 35, 34, 124, 123, 141, 142, 53, 45, 55, 77, 59, 75, 119, 107, 117, 95, 90, 65, 92, 81, 8, 0, 15, 27, 3, 29, 41, 33, 43, 19]",True,4889112816,4.889112816,"[147, 146, 12, 58, 71, 134, 61, 48, 67, 78, 85, 93, 133, 42, 40, 143, 25, 7, 6, 2, 1, 129, 132, 130, 131, 76, 74, 52, 54, 47, 46, 51, 70, 86, 80, 79, 69, 68, 127, 94, 89, 128, 66, 73, 72, 91, 39, 97, 62, 84, 44, 57, 126, 50, 49, 56, 38, 63, 64, 60, 83, 125, 103, 104, 87, 88, 100, 82, 98, 96, 31, 30, 11, 24, 23, 5, 22, 4, 21, 37, 20, 35, 34, 124, 123, 142, 141, 53, 45, 55, 77, 59, 75, 117, 95, 119, 107, 90, 81, 92, 65, 41, 33, 43, 8, 0, 15, 27, 3, 29, 19]","[19, 29, 3, 27, 15, 0, 8, 43, 33, 41, 65, 92, 81, 90, 107, 119, 95, 117, 75, 59, 77, 55, 45, 53, 141, 142, 123, 124, 34, 35, 20, 37, 21, 4, 22, 5, 23, 24, 11, 30, 31, 96, 98, 82, 100, 88, 87, 104, 103, 125, 83, 60, 64, 63, 38, 56, 49, 50, 126, 57, 44, 84, 62, 97, 39, 91, 72, 73, 66, 128, 89, 94, 127, 68, 69, 79, 80, 86, 70, 51, 46, 47, 54, 52, 74, 76, 131, 130, 132, 129, 1, 2, 6, 7, 25, 143, 40, 42, 133, 93, 85, 78, 67, 48, 61, 134, 71, 58, 12, 146, 147]",False,complete,148,148,6216,37,395,0,395,395,,False,,,,,,,2,82,54,82,54,54,54,54
2,10472,21,40,109,"[9, 10, 13, 14, 16, 17, 18, 26, 28, 32, 36, 99, 101, 102, 105, 106, 108, 109, 110, 111, 112, 114, 115, 116, 118, 120, 121, 122, 135, 136, 137, 138, 139, 140, 144, 145, 146, 147, 148, 149]","[0, 1, 2, 3, 4, 5, 6, 7, 8, 11, 12, 15, 19, 20, 21, 22, 23, 24, 25, 27, 29, 30, 31, 33, 34, 35, 37, 38, 39, 40, 41, 42, 43, 44, 45, 46, 47, 48, 49, 50, 51, 52, 53, 54, 55, 56, 57, 58, 59, 60, 61, 62, 63, 64, 65, 66, 67, 68, 69, 70, 71, 72, 73, 74, 75, 76, 77, 78, 79, 80, 81, 82, 83, 84, 85, 86, 87, 88, 89, 90, 91, 92, 93, 94, 95, 96, 97, 98, 100, 103, 104, 107, 117, 119, 123, 124, 125, 126, 127, 128, 129, 130, 131, 132, 133, 134, 141, 142, 143]",{},[],0,"[122, 17, 18, 32, 137, 138, 139, 140, 13, 14, 118, 116, 136, 16, 112, 111, 110, 9, 109, 144, 10, 108, 148, 115, 36, 135, 28, 26, 99, 105, 149, 102, 106, 121, 120, 114, 101, 145, 147, 146, 12, 58, 71, 134, 78, 67, 48, 61, 93, 85, 133, 40, 42, 143, 25, 7, 6, 2, 1, 132, 130, 131, 129, 54, 74, 76, 52, 47, 46, 51, 70, 86, 80, 79, 69, 68, 127, 94, 89, 128, 66, 73, 72, 91, 39, 97, 62, 84, 44, 57, 126, 50, 49, 56, 38, 63, 64, 60, 83, 125, 103, 104, 87, 88, 100, 82, 98, 96, 31, 30, 24, 11, 23, 5, 22, 4, 21, 37, 20, 35, 34, 124, 123, 141, 142, 53, 45, 55, 77, 59, 75, 119, 107, 117, 95, 90, 65, 92, 81, 8, 0, 15, 27, 3, 29, 41, 33, 43, 19]",True,4392532477,4.392532477,"[12, 58, 71, 134, 78, 67, 48, 61, 93, 85, 133, 42, 40, 143, 25, 7, 6, 2, 1, 131, 130, 129, 132, 76, 74, 54, 52, 47, 46, 51, 70, 86, 80, 79, 69, 68, 127, 94, 89, 128, 66, 73, 72, 91, 39, 97, 62, 84, 44, 57, 126, 50, 49, 56, 38, 63, 64, 60, 83, 125, 103, 104, 87, 88, 100, 82, 98, 96, 31, 30, 11, 24, 23, 5, 22, 4, 21, 37, 20, 35, 34, 124, 123, 142, 141, 92, 81, 90, 55, 45, 53, 77, 59, 75, 65, 119, 107, 117, 95, 41, 33, 43, 15, 0, 8, 29, 19, 27, 3]","[3, 27, 19, 29, 8, 0, 15, 43, 33, 41, 95, 117, 107, 119, 65, 75, 59, 77, 53, 45, 55, 90, 81, 92, 141, 142, 123, 124, 34, 35, 20, 37, 21, 4, 22, 5, 23, 24, 11, 30, 31, 96, 98, 82, 100, 88, 87, 104, 103, 125, 83, 60, 64, 63, 38, 56, 49, 50, 126, 57, 44, 84, 62, 97, 39, 91, 72, 73, 66, 128, 89, 94, 127, 68, 69, 79, 80, 86, 70, 51, 46, 47, 52, 54, 74, 76, 132, 129, 130, 131, 1, 2, 6, 7, 25, 143, 40, 42, 133, 85, 93, 61, 48, 67, 78, 134, 71, 58, 12]",False,complete,146,146,5995,37,393,0,393,393,,False,,,,,,,2,82,54,82,54,54,54,54
2,10473,22,42,107,"[9, 10, 12, 13, 14, 16, 17, 18, 26, 28, 32, 36, 58, 99, 101, 102, 105, 106, 108, 109, 110, 111, 112, 114, 115, 116, 118, 120, 121, 122, 135, 136, 137, 138, 139, 140, 144, 145, 146, 147, 148, 149]","[0, 1, 2, 3, 4, 5, 6, 7, 8, 11, 15, 19, 20, 21, 22, 23, 24, 25, 27, 29, 30, 31, 33, 34, 35, 37, 38, 39, 40, 41, 42, 43, 44, 45, 46, 47, 48, 49, 50, 51, 52, 53, 54, 55, 56, 57, 59, 60, 61, 62, 63, 64, 65, 66, 67, 68, 69, 70, 71, 72, 73, 74, 75, 76, 77, 78, 79, 80, 81, 82, 83, 84, 85, 86, 87, 88, 89, 90, 91, 92, 93, 94, 95, 96, 97, 98, 100, 103, 104, 107, 117, 119, 123, 124, 125, 126, 127, 128, 129, 130, 131, 132, 133, 134, 141, 142, 143]",{},[],0,"[122, 17, 18, 32, 137, 138, 139, 140, 13, 14, 118, 116, 136, 16, 112, 111, 110, 9, 109, 144, 10, 108, 148, 115, 36, 135, 28, 26, 99, 105, 149, 102, 106, 121, 120, 114, 101, 145, 147, 146, 12, 58, 71, 134, 78, 67, 48, 61, 93, 85, 133, 40, 42, 143, 25, 7, 6, 2, 1, 132, 130, 131, 129, 54, 74, 76, 52, 47, 46, 51, 70, 86, 80, 79, 69, 68, 127, 94, 89, 128, 66, 73, 72, 91, 39, 97, 62, 84, 44, 57, 126, 50, 49, 56, 38, 63, 64, 60, 83, 125, 103, 104, 87, 88, 100, 82, 98, 96, 31, 30, 24, 11, 23, 5, 22, 4, 21, 37, 20, 35, 34, 124, 123, 141, 142, 53, 45, 55, 77, 59, 75, 119, 107, 117, 95, 90, 65, 92, 81, 8, 0, 15, 27, 3, 29, 41, 33, 43, 19]",True,4388097759,4.388097759,"[71, 134, 78, 48, 61, 67, 85, 93, 133, 42, 40, 143, 25, 7, 6, 2, 1, 132, 131, 129, 130, 54, 52, 47, 46, 51, 76, 74, 39, 70, 86, 80, 79, 69, 68, 127, 94, 89, 128, 66, 73, 72, 91, 97, 62, 84, 44, 57, 126, 50, 49, 56, 38, 63, 64, 60, 83, 125, 103, 104, 87, 88, 100, 82, 98, 96, 31, 30, 24, 11, 23, 5, 22, 4, 21, 37, 20, 35, 34, 124, 123, 141, 142, 55, 45, 53, 77, 59, 75, 90, 81, 92, 65, 117, 107, 119, 95, 15, 0, 8, 29, 3, 27, 41, 33, 43, 19]","[19, 43, 33, 41, 27, 3, 29, 8, 0, 15, 95, 119, 107, 117, 65, 92, 81, 90, 75, 59, 77, 53, 45, 55, 142, 141, 123, 124, 34, 35, 20, 37, 21, 4, 22, 5, 23, 11, 24, 30, 31, 96, 98, 82, 100, 88, 87, 104, 103, 125, 83, 60, 64, 63, 38, 56, 49, 50, 126, 57, 44, 84, 62, 97, 91, 72, 73, 66, 128, 89, 94, 127, 68, 69, 79, 80, 86, 70, 39, 74, 76, 51, 46, 47, 52, 54, 130, 129, 131, 132, 1, 2, 6, 7, 25, 143, 40, 42, 133, 93, 85, 67, 61, 48, 78, 134, 71]",False,complete,145,145,5778,38,392,0,392,392,,False,,,,,,,2,82,54,82,54,54,54,54
2,10474,23,44,105,"[9, 10, 12, 13, 14, 16, 17, 18, 26, 28, 32, 36, 58, 71, 99, 101, 102, 105, 106, 108, 109, 110, 111, 112, 114, 115, 116, 118, 120, 121, 122, 134, 135, 136, 137, 138, 139, 140, 144, 145, 146, 147, 148, 149]","[0, 1, 2, 3, 4, 5, 6, 7, 8, 11, 15, 19, 20, 21, 22, 23, 24, 25, 27, 29, 30, 31, 33, 34, 35, 37, 38, 39, 40, 41, 42, 43, 44, 45, 46, 47, 48, 49, 50, 51, 52, 53, 54, 55, 56, 57, 59, 60, 61, 62, 63, 64, 65, 66, 67, 68, 69, 70, 72, 73, 74, 75, 76, 77, 78, 79, 80, 81, 82, 83, 84, 85, 86, 87, 88, 89, 90, 91, 92, 93, 94, 95, 96, 97, 98, 100, 103, 104, 107, 117, 119, 123, 124, 125, 126, 127, 128, 129, 130, 131, 132, 133, 141, 142, 143]",{},[],0,"[122, 17, 18, 32, 137, 138, 139, 140, 13, 14, 118, 116, 136, 16, 112, 111, 110, 9, 109, 144, 10, 108, 148, 115, 36, 135, 28, 26, 99, 105, 149, 102, 106, 121, 120, 114, 101, 145, 147, 146, 12, 58, 71, 134, 78, 67, 48, 61, 93, 85, 133, 40, 42, 143, 25, 7, 6, 2, 1, 132, 130, 131, 129, 54, 74, 76, 52, 47, 46, 51, 70, 86, 80, 79, 69, 68, 127, 94, 89, 128, 66, 73, 72, 91, 39, 97, 62, 84, 44, 57, 126, 50, 49, 56, 38, 63, 64, 60, 83, 125, 103, 104, 87, 88, 100, 82, 98, 96, 31, 30, 24, 11, 23, 5, 22, 4, 21, 37, 20, 35, 34, 124, 123, 141, 142, 53, 45, 55, 77, 59, 75, 119, 107, 117, 95, 90, 65, 92, 81, 8, 0, 15, 27, 3, 29, 41, 33, 43, 19]",True,4323831726,4.323831726,"[67, 78, 61, 48, 93, 85, 133, 40, 42, 143, 25, 7, 6, 2, 1, 132, 129, 131, 130, 76, 52, 54, 47, 46, 51, 74, 70, 86, 80, 79, 69, 68, 127, 94, 89, 128, 66, 73, 72, 91, 39, 97, 62, 84, 44, 57, 126, 50, 49, 56, 38, 63, 64, 60, 83, 125, 103, 104, 87, 88, 100, 82, 98, 96, 31, 30, 11, 24, 23, 5, 22, 4, 21, 37, 20, 35, 34, 124, 123, 141, 142, 119, 95, 117, 107, 92, 81, 90, 77, 65, 75, 59, 55, 45, 53, 29, 43, 33, 41, 19, 27, 8, 3, 15, 0]","[0, 15, 3, 8, 27, 19, 41, 33, 43, 29, 53, 45, 55, 59, 75, 65, 77, 90, 81, 92, 107, 117, 95, 119, 142, 141, 123, 124, 34, 35, 20, 37, 21, 4, 22, 5, 23, 24, 11, 30, 31, 96, 98, 82, 100, 88, 87, 104, 103, 125, 83, 60, 64, 63, 38, 56, 49, 50, 126, 57, 44, 84, 62, 97, 39, 91, 72, 73, 66, 128, 89, 94, 127, 68, 69, 79, 80, 86, 70, 74, 51, 46, 47, 54, 52, 76, 130, 131, 129, 132, 1, 2, 6, 7, 25, 143, 42, 40, 133, 85, 93, 48, 61, 78, 67]",False,complete,142,142,5565,37,389,0,389,389,,False,,,,,,,2,82,54,82,54,54,54,54
2,10475,24,46,103,"[9, 10, 12, 13, 14, 16, 17, 18, 26, 28, 32, 36, 58, 67, 71, 78, 99, 101, 102, 105, 106, 108, 109, 110, 111, 112, 114, 115, 116, 118, 120, 121, 122, 134, 135, 136, 137, 138, 139, 140, 144, 145, 146, 147, 148, 149]","[0, 1, 2, 3, 4, 5, 6, 7, 8, 11, 15, 19, 20, 21, 22, 23, 24, 25, 27, 29, 30, 31, 33, 34, 35, 37, 38, 39, 40, 41, 42, 43, 44, 45, 46, 47, 48, 49, 50, 51, 52, 53, 54, 55, 56, 57, 59, 60, 61, 62, 63, 64, 65, 66, 68, 69, 70, 72, 73, 74, 75, 76, 77, 79, 80, 81, 82, 83, 84, 85, 86, 87, 88, 89, 90, 91, 92, 93, 94, 95, 96, 97, 98, 100, 103, 104, 107, 117, 119, 123, 124, 125, 126, 127, 128, 129, 130, 131, 132, 133, 141, 142, 143]",{},[],0,"[122, 17, 18, 32, 137, 138, 139, 140, 13, 14, 118, 116, 136, 16, 112, 111, 110, 9, 109, 144, 10, 108, 148, 115, 36, 135, 28, 26, 99, 105, 149, 102, 106, 121, 120, 114, 101, 145, 147, 146, 12, 58, 71, 134, 78, 67, 48, 61, 93, 85, 133, 40, 42, 143, 25, 7, 6, 2, 1, 132, 130, 131, 129, 54, 74, 76, 52, 47, 46, 51, 70, 86, 80, 79, 69, 68, 127, 94, 89, 128, 66, 73, 72, 91, 39, 97, 62, 84, 44, 57, 126, 50, 49, 56, 38, 63, 64, 60, 83, 125, 103, 104, 87, 88, 100, 82, 98, 96, 31, 30, 24, 11, 23, 5, 22, 4, 21, 37, 20, 35, 34, 124, 123, 141, 142, 53, 45, 55, 77, 59, 75, 119, 107, 117, 95, 90, 65, 92, 81, 8, 0, 15, 27, 3, 29, 41, 33, 43, 19]",True,4279343363,4.279343363,"[61, 48, 85, 93, 133, 40, 42, 143, 25, 7, 6, 2, 1, 132, 130, 131, 129, 54, 52, 47, 46, 51, 74, 76, 70, 86, 80, 79, 69, 68, 127, 94, 89, 128, 66, 73, 72, 91, 39, 97, 62, 84, 44, 57, 126, 50, 49, 56, 38, 63, 64, 60, 83, 125, 103, 104, 87, 88, 100, 82, 98, 96, 31, 30, 24, 11, 23, 5, 22, 4, 21, 37, 20, 35, 34, 124, 123, 141, 142, 53, 45, 55, 77, 59, 75, 117, 107, 119, 95, 92, 65, 90, 81, 29, 15, 0, 8, 3, 27, 43, 19, 41, 33]","[33, 41, 19, 43, 27, 3, 8, 0, 15, 29, 81, 90, 65, 92, 95, 119, 107, 117, 75, 59, 77, 55, 45, 53, 142, 141, 123, 124, 34, 35, 20, 37, 21, 4, 22, 5, 23, 11, 24, 30, 31, 96, 98, 82, 100, 88, 87, 104, 103, 125, 83, 60, 64, 63, 38, 56, 49, 50, 126, 57, 44, 84, 62, 97, 39, 91, 72, 73, 66, 128, 89, 94, 127, 68, 69, 79, 80, 86, 70, 76, 74, 51, 46, 47, 52, 54, 129, 131, 130, 132, 1, 2, 6, 7, 25, 143, 42, 40, 133, 93, 85, 48, 61]",False,complete,139,139,5356,36,386,0,386,386,,False,,,,,,,2,82,54,82,54,54,54,54
2,10476,25,48,101,"[9, 10, 12, 13, 14, 16, 17, 18, 26, 28, 32, 36, 48, 58, 61, 67, 71, 78, 99, 101, 102, 105, 106, 108, 109, 110, 111, 112, 114, 115, 116, 118, 120, 121, 122, 134, 135, 136, 137, 138, 139, 140, 144, 145, 146, 147, 148, 149]","[0, 1, 2, 3, 4, 5, 6, 7, 8, 11, 15, 19, 20, 21, 22, 23, 24, 25, 27, 29, 30, 31, 33, 34, 35, 37, 38, 39, 40, 41, 42, 43, 44, 45, 46, 47, 49, 50, 51, 52, 53, 54, 55, 56, 57, 59, 60, 62, 63, 64, 65, 66, 68, 69, 70, 72, 73, 74, 75, 76, 77, 79, 80, 81, 82, 83, 84, 85, 86, 87, 88, 89, 90, 91, 92, 93, 94, 95, 96, 97, 98, 100, 103, 104, 107, 117, 119, 123, 124, 125, 126, 127, 128, 129, 130, 131, 132, 133, 141, 142, 143]",{},[],0,"[122, 17, 18, 32, 137, 138, 139, 140, 13, 14, 118, 116, 136, 16, 112, 111, 110, 9, 109, 144, 10, 108, 148, 115, 36, 135, 28, 26, 99, 105, 149, 102, 106, 121, 120, 114, 101, 145, 147, 146, 12, 58, 71, 134, 78, 67, 48, 61, 93, 85, 133, 40, 42, 143, 25, 7, 6, 2, 1, 132, 130, 131, 129, 54, 74, 76, 52, 47, 46, 51, 70, 86, 80, 79, 69, 68, 127, 94, 89, 128, 66, 73, 72, 91, 39, 97, 62, 84, 44, 57, 126, 50, 49, 56, 38, 63, 64, 60, 83, 125, 103, 104, 87, 88, 100, 82, 98, 96, 31, 30, 24, 11, 23, 5, 22, 4, 21, 37, 20, 35, 34, 124, 123, 141, 142, 53, 45, 55, 77, 59, 75, 119, 107, 117, 95, 90, 65, 92, 81, 8, 0, 15, 27, 3, 29, 41, 33, 43, 19]",True,4125838460,4.125838460,"[85, 93, 133, 40, 42, 143, 25, 7, 6, 2, 1, 131, 132, 129, 130, 76, 74, 52, 54, 47, 46, 51, 39, 70, 86, 80, 79, 69, 68, 127, 94, 89, 128, 66, 73, 72, 91, 97, 62, 84, 44, 57, 126, 50, 49, 56, 38, 63, 64, 60, 83, 125, 103, 104, 87, 88, 100, 82, 98, 96, 31, 30, 24, 11, 23, 5, 22, 4, 21, 37, 20, 35, 34, 124, 123, 141, 142, 119, 107, 117, 95, 75, 59, 77, 53, 45, 55, 92, 81, 90, 65, 27, 15, 0, 8, 3, 29, 41, 33, 43, 19]","[19, 43, 33, 41, 29, 3, 8, 0, 15, 27, 65, 90, 81, 92, 55, 45, 53, 77, 59, 75, 95, 117, 107, 119, 142, 141, 123, 124, 34, 35, 20, 37, 21, 4, 22, 5, 23, 11, 24, 30, 31, 96, 98, 82, 100, 88, 87, 104, 103, 125, 83, 60, 64, 63, 38, 56, 49, 50, 126, 57, 44, 84, 62, 97, 91, 72, 73, 66, 128, 89, 94, 127, 68, 69, 79, 80, 86, 70, 39, 51, 46, 47, 54, 52, 74, 76, 130, 129, 132, 131, 1, 2, 6, 7, 25, 143, 42, 40, 133, 93, 85]",False,complete,139,139,5151,38,386,0,386,386,,False,,,,,,,2,82,54,82,54,54,54,54
2,10477,26,50,99,"[9, 10, 12, 13, 14, 16, 17, 18, 26, 28, 32, 36, 48, 58, 61, 67, 71, 78, 85, 93, 99, 101, 102, 105, 106, 108, 109, 110, 111, 112, 114, 115, 116, 118, 120, 121, 122, 134, 135, 136, 137, 138, 139, 140, 144, 145, 146, 147, 148, 149]","[0, 1, 2, 3, 4, 5, 6, 7, 8, 11, 15, 19, 20, 21, 22, 23, 24, 25, 27, 29, 30, 31, 33, 34, 35, 37, 38, 39, 40, 41, 42, 43, 44, 45, 46, 47, 49, 50, 51, 52, 53, 54, 55, 56, 57, 59, 60, 62, 63, 64, 65, 66, 68, 69, 70, 72, 73, 74, 75, 76, 77, 79, 80, 81, 82, 83, 84, 86, 87, 88, 89, 90, 91, 92, 94, 95, 96, 97, 98, 100, 103, 104, 107, 117, 119, 123, 124, 125, 126, 127, 128, 129, 130, 131, 132, 133, 141, 142, 143]",{},[],0,"[122, 17, 18, 32, 137, 138, 139, 140, 13, 14, 118, 116, 136, 16, 112, 111, 110, 9, 109, 144, 10, 108, 148, 115, 36, 135, 28, 26, 99, 105, 149, 102, 106, 121, 120, 114, 101, 145, 147, 146, 12, 58, 71, 134, 78, 67, 48, 61, 93, 85, 133, 40, 42, 143, 25, 7, 6, 2, 1, 132, 130, 131, 129, 54, 74, 76, 52, 47, 46, 51, 70, 86, 80, 79, 69, 68, 127, 94, 89, 128, 66, 73, 72, 91, 39, 97, 62, 84, 44, 57, 126, 50, 49, 56, 38, 63, 64, 60, 83, 125, 103, 104, 87, 88, 100, 82, 98, 96, 31, 30, 24, 11, 23, 5, 22, 4, 21, 37, 20, 35, 34, 124, 123, 141, 142, 53, 45, 55, 77, 59, 75, 119, 107, 117, 95, 90, 65, 92, 81, 8, 0, 15, 27, 3, 29, 41, 33, 43, 19]",True,4146958329,4.146958329,"[133, 40, 42, 143, 25, 7, 6, 2, 1, 129, 131, 132, 130, 52, 74, 54, 47, 46, 51, 76, 39, 70, 86, 80, 79, 69, 68, 127, 94, 89, 128, 66, 73, 72, 91, 97, 62, 84, 44, 57, 126, 50, 49, 56, 38, 63, 64, 60, 83, 125, 103, 104, 87, 88, 100, 82, 98, 96, 31, 30, 11, 24, 23, 5, 22, 4, 21, 37, 20, 35, 34, 124, 123, 141, 142, 117, 95, 119, 107, 55, 45, 53, 90, 81, 92, 77, 59, 75, 65, 43, 33, 41, 27, 19, 29, 8, 3, 15, 0]","[0, 15, 3, 8, 29, 19, 27, 41, 33, 43, 65, 75, 59, 77, 92, 81, 90, 53, 45, 55, 107, 119, 95, 117, 142, 141, 123, 124, 34, 35, 20, 37, 21, 4, 22, 5, 23, 24, 11, 30, 31, 96, 98, 82, 100, 88, 87, 104, 103, 125, 83, 60, 64, 63, 38, 56, 49, 50, 126, 57, 44, 84, 62, 97, 91, 72, 73, 66, 128, 89, 94, 127, 68, 69, 79, 80, 86, 70, 39, 76, 51, 46, 47, 54, 74, 52, 130, 132, 131, 129, 1, 2, 6, 7, 25, 143, 42, 40, 133]",False,complete,135,135,4950,36,382,0,382,382,,False,,,,,,,2,82,54,82,54,54,54,54
2,10478,27,52,97,"[9, 10, 12, 13, 14, 16, 17, 18, 26, 28, 32, 36, 40, 48, 58, 61, 67, 71, 78, 85, 93, 99, 101, 102, 105, 106, 108, 109, 110, 111, 112, 114, 115, 116, 118, 120, 121, 122, 133, 134, 135, 136, 137, 138, 139, 140, 144, 145, 146, 147, 148, 149]","[0, 1, 2, 3, 4, 5, 6, 7, 8, 11, 15, 19, 20, 21, 22, 23, 24, 25, 27, 29, 30, 31, 33, 34, 35, 37, 38, 39, 41, 42, 43, 44, 45, 46, 47, 49, 50, 51, 52, 53, 54, 55, 56, 57, 59, 60, 62, 63, 64, 65, 66, 68, 69, 70, 72, 73, 74, 75, 76, 77, 79, 80, 81, 82, 83, 84, 86, 87, 88, 89, 90, 91, 92, 94, 95, 96, 97, 98, 100, 103, 104, 107, 117, 119, 123, 124, 125, 126, 127, 128, 129, 130, 131, 132, 141, 142, 143]",{},[],0,"[122, 17, 18, 32, 137, 138, 139, 140, 13, 14, 118, 116, 136, 16, 112, 111, 110, 9, 109, 144, 10, 108, 148, 115, 36, 135, 28, 26, 99, 105, 149, 102, 106, 121, 120, 114, 101, 145, 147, 146, 12, 58, 71, 134, 78, 67, 48, 61, 93, 85, 133, 40, 42, 143, 25, 7, 6, 2, 1, 132, 130, 131, 129, 54, 74, 76, 52, 47, 46, 51, 70, 86, 80, 79, 69, 68, 127, 94, 89, 128, 66, 73, 72, 91, 39, 97, 62, 84, 44, 57, 126, 50, 49, 56, 38, 63, 64, 60, 83, 125, 103, 104, 87, 88, 100, 82, 98, 96, 31, 30, 24, 11, 23, 5, 22, 4, 21, 37, 20, 35, 34, 124, 123, 141, 142, 53, 45, 55, 77, 59, 75, 119, 107, 117, 95, 90, 65, 92, 81, 8, 0, 15, 27, 3, 29, 41, 33, 43, 19]",True,4043263062,4.043263062,"[42, 143, 25, 7, 6, 2, 1, 129, 130, 131, 132, 54, 52, 47, 46, 51, 74, 76, 70, 86, 80, 79, 69, 68, 127, 94, 89, 128, 66, 73, 72, 91, 39, 97, 62, 84, 44, 57, 126, 50, 49, 56, 38, 63, 64, 60, 83, 125, 103, 104, 87, 88, 100, 82, 98, 96, 31, 30, 24, 11, 23, 5, 22, 4, 21, 37, 20, 35, 34, 124, 123, 142, 141, 53, 45, 55, 119, 95, 117, 107, 75, 59, 77, 90, 65, 92, 81, 43, 33, 41, 15, 0, 8, 29, 3, 27, 19]","[19, 27, 3, 29, 8, 0, 15, 41, 33, 43, 81, 92, 65, 90, 77, 59, 75, 107, 117, 95, 119, 55, 45, 53, 141, 142, 123, 124, 34, 35, 20, 37, 21, 4, 22, 5, 23, 11, 24, 30, 31, 96, 98, 82, 100, 88, 87, 104, 103, 125, 83, 60, 64, 63, 38, 56, 49, 50, 126, 57, 44, 84, 62, 97, 39, 91, 72, 73, 66, 128, 89, 94, 127, 68, 69, 79, 80, 86, 70, 76, 74, 51, 46, 47, 52, 54, 132, 131, 130, 129, 1, 2, 6, 7, 25, 143, 42]",False,complete,134,134,4753,37,381,0,381,381,,False,,,,,,,2,82,54,82,54,54,54,54
2,10479,28,54,95,"[9, 10, 12, 13, 14, 16, 17, 18, 26, 28, 32, 36, 40, 42, 48, 58, 61, 67, 71, 78, 85, 93, 99, 101, 102, 105, 106, 108, 109, 110, 111, 112, 114, 115, 116, 118, 120, 121, 122, 133, 134, 135, 136, 137, 138, 139, 140, 143, 144, 145, 146, 147, 148, 149]","[0, 1, 2, 3, 4, 5, 6, 7, 8, 11, 15, 19, 20, 21, 22, 23, 24, 25, 27, 29, 30, 31, 33, 34, 35, 37, 38, 39, 41, 43, 44, 45, 46, 47, 49, 50, 51, 52, 53, 54, 55, 56, 57, 59, 60, 62, 63, 64, 65, 66, 68, 69, 70, 72, 73, 74, 75, 76, 77, 79, 80, 81, 82, 83, 84, 86, 87, 88, 89, 90, 91, 92, 94, 95, 96, 97, 98, 100, 103, 104, 107, 117, 119, 123, 124, 125, 126, 127, 128, 129, 130, 131, 132, 141, 142]",{},[],0,"[122, 17, 18, 32, 137, 138, 139, 140, 13, 14, 118, 116, 136, 16, 112, 111, 110, 9, 109, 144, 10, 108, 148, 115, 36, 135, 28, 26, 99, 105, 149, 102, 106, 121, 120, 114, 101, 145, 147, 146, 12, 58, 71, 134, 78, 67, 48, 61, 93, 85, 133, 40, 42, 143, 25, 7, 6, 2, 1, 132, 130, 131, 129, 54, 74, 76, 52, 47, 46, 51, 70, 86, 80, 79, 69, 68, 127, 94, 89, 128, 66, 73, 72, 91, 39, 97, 62, 84, 44, 57, 126, 50, 49, 56, 38, 63, 64, 60, 83, 125, 103, 104, 87, 88, 100, 82, 98, 96, 31, 30, 24, 11, 23, 5, 22, 4, 21, 37, 20, 35, 34, 124, 123, 141, 142, 53, 45, 55, 77, 59, 75, 119, 107, 117, 95, 90, 65, 92, 81, 8, 0, 15, 27, 3, 29, 41, 33, 43, 19]",True,4346745423,4.346745423,"[25, 7, 6, 2, 1, 132, 131, 129, 130, 76, 74, 54, 52, 47, 46, 51, 70, 86, 80, 79, 69, 68, 127, 94, 89, 128, 66, 73, 72, 91, 39, 97, 62, 84, 44, 57, 126, 50, 49, 56, 38, 63, 64, 60, 83, 125, 103, 104, 87, 88, 100, 82, 98, 96, 31, 30, 11, 24, 23, 5, 22, 4, 21, 37, 20, 35, 34, 124, 123, 142, 141, 92, 81, 90, 53, 45, 55, 77, 59, 75, 65, 119, 107, 117, 95, 15, 0, 8, 27, 3, 29, 41, 33, 43, 19]","[19, 43, 33, 41, 29, 3, 27, 8, 0, 15, 95, 117, 107, 119, 65, 75, 59, 77, 55, 45, 53, 90, 81, 92, 141, 142, 123, 124, 34, 35, 20, 37, 21, 4, 22, 5, 23, 24, 11, 30, 31, 96, 98, 82, 100, 88, 87, 104, 103, 125, 83, 60, 64, 63, 38, 56, 49, 50, 126, 57, 44, 84, 62, 97, 39, 91, 72, 73, 66, 128, 89, 94, 127, 68, 69, 79, 80, 86, 70, 51, 46, 47, 52, 54, 74, 76, 130, 129, 131, 132, 1, 2, 6, 7, 25]",False,complete,133,133,4560,38,380,0,380,380,,False,,,,,,,2,82,54,82,54,54,54,54
2,10480,29,56,93,"[7, 9, 10, 12, 13, 14, 16, 17, 18, 25, 26, 28, 32, 36, 40, 42, 48, 58, 61, 67, 71, 78, 85, 93, 99, 101, 102, 105, 106, 108, 109, 110, 111, 112, 114, 115, 116, 118, 120, 121, 122, 133, 134, 135, 136, 137, 138, 139, 140, 143, 144, 145, 146, 147, 148, 149]","[0, 1, 2, 3, 4, 5, 6, 8, 11, 15, 19, 20, 21, 22, 23, 24, 27, 29, 30, 31, 33, 34, 35, 37, 38, 39, 41, 43, 44, 45, 46, 47, 49, 50, 51, 52, 53, 54, 55, 56, 57, 59, 60, 62, 63, 64, 65, 66, 68, 69, 70, 72, 73, 74, 75, 76, 77, 79, 80, 81, 82, 83, 84, 86, 87, 88, 89, 90, 91, 92, 94, 95, 96, 97, 98, 100, 103, 104, 107, 117, 119, 123, 124, 125, 126, 127, 128, 129, 130, 131, 132, 141, 142]",{},[],0,"[122, 17, 18, 32, 137, 138, 139, 140, 13, 14, 118, 116, 136, 16, 112, 111, 110, 9, 109, 144, 10, 108, 148, 115, 36, 135, 28, 26, 99, 105, 149, 102, 106, 121, 120, 114, 101, 145, 147, 146, 12, 58, 71, 134, 78, 67, 48, 61, 93, 85, 133, 40, 42, 143, 25, 7, 6, 2, 1, 132, 130, 131, 129, 54, 74, 76, 52, 47, 46, 51, 70, 86, 80, 79, 69, 68, 127, 94, 89, 128, 66, 73, 72, 91, 39, 97, 62, 84, 44, 57, 126, 50, 49, 56, 38, 63, 64, 60, 83, 125, 103, 104, 87, 88, 100, 82, 98, 96, 31, 30, 24, 11, 23, 5, 22, 4, 21, 37, 20, 35, 34, 124, 123, 141, 142, 53, 45, 55, 77, 59, 75, 119, 107, 117, 95, 90, 65, 92, 81, 8, 0, 15, 27, 3, 29, 41, 33, 43, 19]",True,4059889345,4.059889345,"[6, 2, 1, 129, 132, 130, 131, 52, 74, 54, 47, 46, 51, 76, 70, 86, 80, 79, 69, 68, 127, 94, 89, 128, 66, 73, 72, 91, 39, 97, 62, 84, 44, 57, 126, 50, 49, 56, 38, 63, 64, 60, 83, 125, 103, 104, 87, 88, 100, 82, 98, 96, 31, 30, 24, 11, 23, 5, 22, 4, 21, 37, 20, 35, 34, 124, 123, 141, 142, 90, 81, 92, 117, 95, 119, 107, 75, 59, 77, 65, 53, 45, 55, 27, 43, 33, 41, 19, 29, 8, 3, 15, 0]","[0, 15, 3, 8, 29, 19, 41, 33, 43, 27, 55, 45, 53, 65, 77, 59, 75, 107, 119, 95, 117, 92, 81, 90, 142, 141, 123, 124, 34, 35, 20, 37, 21, 4, 22, 5, 23, 11, 24, 30, 31, 96, 98, 82, 100, 88, 87, 104, 103, 125, 83, 60, 64, 63, 38, 56, 49, 50, 126, 57, 44, 84, 62, 97, 39, 91, 72, 73, 66, 128, 89, 94, 127, 68, 69, 79, 80, 86, 70, 76, 51, 46, 47, 54, 74, 52, 131, 130, 132, 129, 1, 2, 6]",False,complete,130,130,4371,37,377,0,377,377,,False,,,,,,,2,82,54,82,54,54,54,54
2,10481,30,58,91,"[2, 6, 7, 9, 10, 12, 13, 14, 16, 17, 18, 25, 26, 28, 32, 36, 40, 42, 48, 58, 61, 67, 71, 78, 85, 93, 99, 101, 102, 105, 106, 108, 109, 110, 111, 112, 114, 115, 116, 118, 120, 121, 122, 133, 134, 135, 136, 137, 138, 139, 140, 143, 144, 145, 146, 147, 148, 149]","[0, 1, 3, 4, 5, 8, 11, 15, 19, 20, 21, 22, 23, 24, 27, 29, 30, 31, 33, 34, 35, 37, 38, 39, 41, 43, 44, 45, 46, 47, 49, 50, 51, 52, 53, 54, 55, 56, 57, 59, 60, 62, 63, 64, 65, 66, 68, 69, 70, 72, 73, 74, 75, 76, 77, 79, 80, 81, 82, 83, 84, 86, 87, 88, 89, 90, 91, 92, 94, 95, 96, 97, 98, 100, 103, 104, 107, 117, 119, 123, 124, 125, 126, 127, 128, 129, 130, 131, 132, 141, 142]","{""support_1"": 1}",[1],1,"[122, 17, 18, 32, 137, 138, 139, 140, 13, 14, 118, 116, 136, 16, 112, 111, 110, 9, 109, 144, 10, 108, 148, 115, 36, 135, 28, 26, 99, 105, 149, 102, 106, 121, 120, 114, 101, 145, 147, 146, 12, 58, 71, 134, 78, 67, 48, 61, 93, 85, 133, 40, 42, 143, 25, 7, 6, 2, 1, 132, 130, 131, 129, 54, 74, 76, 52, 47, 46, 51, 70, 86, 80, 79, 69, 68, 127, 94, 89, 128, 66, 73, 72, 91, 39, 97, 62, 84, 44, 57, 126, 50, 49, 56, 38, 63, 64, 60, 83, 125, 103, 104, 87, 88, 100, 82, 98, 96, 31, 30, 24, 11, 23, 5, 22, 4, 21, 37, 20, 35, 34, 124, 123, 141, 142, 53, 45, 55, 77, 59, 75, 119, 107, 117, 95, 90, 65, 92, 81, 8, 0, 15, 27, 3, 29, 41, 33, 43, 19]",True,4081661711,4.081661711,"[1, 132, 129, 131, 130, 76, 74, 52, 54, 47, 46, 51, 70, 86, 80, 79, 69, 68, 127, 94, 89, 128, 66, 73, 72, 91, 39, 97, 62, 84, 44, 57, 126, 50, 49, 56, 38, 63, 64, 60, 83, 125, 103, 104, 87, 88, 100, 82, 98, 96, 31, 30, 11, 24, 23, 5, 22, 4, 21, 37, 20, 35, 34, 124, 123, 141, 142, 75, 59, 77, 92, 81, 90, 65, 119, 95, 117, 107, 55, 45, 53, 8, 0, 15, 41, 33, 43, 27, 3, 29, 19]","[19, 29, 3, 27, 43, 33, 41, 15, 0, 8, 53, 45, 55, 107, 117, 95, 119, 65, 90, 81, 92, 77, 59, 75, 142, 141, 123, 124, 34, 35, 20, 37, 21, 4, 22, 5, 23, 24, 11, 30, 31, 96, 98, 82, 100, 88, 87, 104, 103, 125, 83, 60, 64, 63, 38, 56, 49, 50, 126, 57, 44, 84, 62, 97, 39, 91, 72, 73, 66, 128, 89, 94, 127, 68, 69, 79, 80, 86, 70, 51, 46, 47, 54, 52, 74, 76, 130, 131, 129, 132, 1]",False,complete,128,128,4186,37,374,0,374,374,,False,,,,,,,2,80,52,80,52,52,52,53
2,10482,31,60,89,"[1, 2, 6, 7, 9, 10, 12, 13, 14, 16, 17, 18, 25, 26, 28, 32, 36, 40, 42, 48, 58, 61, 67, 71, 78, 85, 93, 99, 101, 102, 105, 106, 108, 109, 110, 111, 112, 114, 115, 116, 118, 120, 121, 122, 132, 133, 134, 135, 136, 137, 138, 139, 140, 143, 144, 145, 146, 147, 148, 149]","[0, 3, 4, 5, 8, 11, 15, 19, 20, 21, 22, 23, 24, 27, 29, 30, 31, 33, 34, 35, 37, 38, 39, 41, 43, 44, 45, 46, 47, 49, 50, 51, 52, 53, 54, 55, 56, 57, 59, 60, 62, 63, 64, 65, 66, 68, 69, 70, 72, 73, 74, 75, 76, 77, 79, 80, 81, 82, 83, 84, 86, 87, 88, 89, 90, 91, 92, 94, 95, 96, 97, 98, 100, 103, 104, 107, 117, 119, 123, 124, 125, 126, 127, 128, 129, 130, 131, 141, 142]",{},[],0,"[122, 17, 18, 32, 137, 138, 139, 140, 13, 14, 118, 116, 136, 16, 112, 111, 110, 9, 109, 144, 10, 108, 148, 115, 36, 135, 28, 26, 99, 105, 149, 102, 106, 121, 120, 114, 101, 145, 147, 146, 12, 58, 71, 134, 78, 67, 48, 61, 93, 85, 133, 40, 42, 143, 25, 7, 6, 2, 1, 132, 130, 131, 129, 54, 74, 76, 52, 47, 46, 51, 70, 86, 80, 79, 69, 68, 127, 94, 89, 128, 66, 73, 72, 91, 39, 97, 62, 84, 44, 57, 126, 50, 49, 56, 38, 63, 64, 60, 83, 125, 103, 104, 87, 88, 100, 82, 98, 96, 31, 30, 24, 11, 23, 5, 22, 4, 21, 37, 20, 35, 34, 124, 123, 141, 142, 53, 45, 55, 77, 59, 75, 119, 107, 117, 95, 90, 65, 92, 81, 8, 0, 15, 27, 3, 29, 41, 33, 43, 19]",True,3847869442,3.847869442,"[131, 129, 130, 52, 76, 74, 54, 47, 46, 51, 70, 86, 80, 79, 69, 68, 127, 94, 89, 128, 66, 73, 72, 91, 39, 97, 62, 84, 44, 57, 126, 50, 49, 56, 38, 63, 64, 60, 83, 125, 103, 104, 87, 88, 100, 82, 98, 96, 31, 30, 24, 11, 23, 5, 22, 4, 21, 37, 20, 35, 34, 124, 123, 142, 141, 90, 81, 92, 117, 107, 119, 95, 77, 65, 75, 59, 53, 45, 55, 29, 41, 33, 43, 19, 27, 8, 3, 15, 0]","[0, 15, 3, 8, 27, 19, 43, 33, 41, 29, 55, 45, 53, 59, 75, 65, 77, 95, 119, 107, 117, 92, 81, 90, 141, 142, 123, 124, 34, 35, 20, 37, 21, 4, 22, 5, 23, 11, 24, 30, 31, 96, 98, 82, 100, 88, 87, 104, 103, 125, 83, 60, 64, 63, 38, 56, 49, 50, 126, 57, 44, 84, 62, 97, 39, 91, 72, 73, 66, 128, 89, 94, 127, 68, 69, 79, 80, 86, 70, 51, 46, 47, 54, 74, 76, 52, 130, 129, 131]",False,complete,125,125,4005,36,370,0,370,370,,False,,,,,,,2,80,52,80,52,52,52,52
2,10483,32,62,87,"[1, 2, 6, 7, 9, 10, 12, 13, 14, 16, 17, 18, 25, 26, 28, 32, 36, 40, 42, 48, 58, 61, 67, 71, 78, 85, 93, 99, 101, 102, 105, 106, 108, 109, 110, 111, 112, 114, 115, 116, 118, 120, 121, 122, 130, 131, 132, 133, 134, 135, 136, 137, 138, 139, 140, 143, 144, 145, 146, 147, 148, 149]","[0, 3, 4, 5, 8, 11, 15, 19, 20, 21, 22, 23, 24, 27, 29, 30, 31, 33, 34, 35, 37, 38, 39, 41, 43, 44, 45, 46, 47, 49, 50, 51, 52, 53, 54, 55, 56, 57, 59, 60, 62, 63, 64, 65, 66, 68, 69, 70, 72, 73, 74, 75, 76, 77, 79, 80, 81, 82, 83, 84, 86, 87, 88, 89, 90, 91, 92, 94, 95, 96, 97, 98, 100, 103, 104, 107, 117, 119, 123, 124, 125, 126, 127, 128, 129, 141, 142]",{},[],0,"[122, 17, 18, 32, 137, 138, 139, 140, 13, 14, 118, 116, 136, 16, 112, 111, 110, 9, 109, 144, 10, 108, 148, 115, 36, 135, 28, 26, 99, 105, 149, 102, 106, 121, 120, 114, 101, 145, 147, 146, 12, 58, 71, 134, 78, 67, 48, 61, 93, 85, 133, 40, 42, 143, 25, 7, 6, 2, 1, 132, 130, 131, 129, 54, 74, 76, 52, 47, 46, 51, 70, 86, 80, 79, 69, 68, 127, 94, 89, 128, 66, 73, 72, 91, 39, 97, 62, 84, 44, 57, 126, 50, 49, 56, 38, 63, 64, 60, 83, 125, 103, 104, 87, 88, 100, 82, 98, 96, 31, 30, 24, 11, 23, 5, 22, 4, 21, 37, 20, 35, 34, 124, 123, 141, 142, 53, 45, 55, 77, 59, 75, 119, 107, 117, 95, 90, 65, 92, 81, 8, 0, 15, 27, 3, 29, 41, 33, 43, 19]",True,3754648541,3.754648541,"[129, 52, 74, 76, 54, 47, 46, 51, 39, 70, 86, 80, 79, 69, 68, 127, 94, 89, 128, 66, 73, 72, 91, 97, 62, 84, 44, 57, 126, 50, 49, 56, 38, 63, 64, 60, 83, 125, 103, 104, 87, 88, 100, 82, 98, 96, 31, 30, 24, 11, 23, 5, 22, 4, 21, 37, 20, 35, 34, 124, 123, 141, 142, 77, 59, 75, 92, 81, 90, 65, 53, 45, 55, 117, 95, 119, 107, 41, 33, 43, 8, 0, 15, 27, 3, 29, 19]","[19, 29, 3, 27, 15, 0, 8, 43, 33, 41, 107, 119, 95, 117, 55, 45, 53, 65, 90, 81, 92, 75, 59, 77, 142, 141, 123, 124, 34, 35, 20, 37, 21, 4, 22, 5, 23, 11, 24, 30, 31, 96, 98, 82, 100, 88, 87, 104, 103, 125, 83, 60, 64, 63, 38, 56, 49, 50, 126, 57, 44, 84, 62, 97, 91, 72, 73, 66, 128, 89, 94, 127, 68, 69, 79, 80, 86, 70, 39, 51, 46, 47, 54, 76, 74, 52, 129]",False,complete,124,124,3828,37,369,0,369,369,,False,,,,,,,2,80,52,80,52,52,52,52
2,10484,33,64,85,"[1, 2, 6, 7, 9, 10, 12, 13, 14, 16, 17, 18, 25, 26, 28, 32, 36, 40, 42, 48, 54, 58, 61, 67, 71, 78, 85, 93, 99, 101, 102, 105, 106, 108, 109, 110, 111, 112, 114, 115, 116, 118, 120, 121, 122, 129, 130, 131, 132, 133, 134, 135, 136, 137, 138, 139, 140, 143, 144, 145, 146, 147, 148, 149]","[0, 3, 4, 5, 8, 11, 15, 19, 20, 21, 22, 23, 24, 27, 29, 30, 31, 33, 34, 35, 37, 38, 39, 41, 43, 44, 45, 46, 47, 49, 50, 51, 52, 53, 55, 56, 57, 59, 60, 62, 63, 64, 65, 66, 68, 69, 70, 72, 73, 74, 75, 76, 77, 79, 80, 81, 82, 83, 84, 86, 87, 88, 89, 90, 91, 92, 94, 95, 96, 97, 98, 100, 103, 104, 107, 117, 119, 123, 124, 125, 126, 127, 128, 141, 142]",{},[],0,"[122, 17, 18, 32, 137, 138, 139, 140, 13, 14, 118, 116, 136, 16, 112, 111, 110, 9, 109, 144, 10, 108, 148, 115, 36, 135, 28, 26, 99, 105, 149, 102, 106, 121, 120, 114, 101, 145, 147, 146, 12, 58, 71, 134, 78, 67, 48, 61, 93, 85, 133, 40, 42, 143, 25, 7, 6, 2, 1, 132, 130, 131, 129, 54, 74, 76, 52, 47, 46, 51, 70, 86, 80, 79, 69, 68, 127, 94, 89, 128, 66, 73, 72, 91, 39, 97, 62, 84, 44, 57, 126, 50, 49, 56, 38, 63, 64, 60, 83, 125, 103, 104, 87, 88, 100, 82, 98, 96, 31, 30, 24, 11, 23, 5, 22, 4, 21, 37, 20, 35, 34, 124, 123, 141, 142, 53, 45, 55, 77, 59, 75, 119, 107, 117, 95, 90, 65, 92, 81, 8, 0, 15, 27, 3, 29, 41, 33, 43, 19]",True,3982234704,3.982234704,"[76, 52, 47, 46, 51, 74, 39, 70, 86, 80, 79, 69, 68, 127, 94, 89, 128, 66, 73, 72, 91, 97, 62, 84, 44, 57, 126, 50, 49, 56, 38, 63, 64, 60, 83, 125, 103, 104, 87, 88, 100, 82, 98, 96, 31, 30, 24, 11, 23, 5, 22, 4, 21, 37, 20, 35, 34, 124, 123, 141, 142, 53, 45, 55, 92, 81, 90, 75, 65, 77, 59, 119, 95, 117, 107, 27, 15, 0, 8, 3, 29, 41, 19, 43, 33]","[33, 43, 19, 41, 29, 3, 8, 0, 15, 27, 107, 117, 95, 119, 59, 77, 65, 75, 90, 81, 92, 55, 45, 53, 142, 141, 123, 124, 34, 35, 20, 37, 21, 4, 22, 5, 23, 11, 24, 30, 31, 96, 98, 82, 100, 88, 87, 104, 103, 125, 83, 60, 64, 63, 38, 56, 49, 50, 126, 57, 44, 84, 62, 97, 91, 72, 73, 66, 128, 89, 94, 127, 68, 69, 79, 80, 86, 70, 39, 74, 51, 46, 47, 52, 76]",False,complete,122,122,3655,37,367,0,367,367,,False,,,,,,,2,80,52,80,52,52,52,52
2,10485,34,66,83,"[1, 2, 6, 7, 9, 10, 12, 13, 14, 16, 17, 18, 25, 26, 28, 32, 36, 40, 42, 48, 54, 58, 61, 67, 71, 74, 76, 78, 85, 93, 99, 101, 102, 105, 106, 108, 109, 110, 111, 112, 114, 115, 116, 118, 120, 121, 122, 129, 130, 131, 132, 133, 134, 135, 136, 137, 138, 139, 140, 143, 144, 145, 146, 147, 148, 149]","[0, 3, 4, 5, 8, 11, 15, 19, 20, 21, 22, 23, 24, 27, 29, 30, 31, 33, 34, 35, 37, 38, 39, 41, 43, 44, 45, 46, 47, 49, 50, 51, 52, 53, 55, 56, 57, 59, 60, 62, 63, 64, 65, 66, 68, 69, 70, 72, 73, 75, 77, 79, 80, 81, 82, 83, 84, 86, 87, 88, 89, 90, 91, 92, 94, 95, 96, 97, 98, 100, 103, 104, 107, 117, 119, 123, 124, 125, 126, 127, 128, 141, 142]",{},[],0,"[122, 17, 18, 32, 137, 138, 139, 140, 13, 14, 118, 116, 136, 16, 112, 111, 110, 9, 109, 144, 10, 108, 148, 115, 36, 135, 28, 26, 99, 105, 149, 102, 106, 121, 120, 114, 101, 145, 147, 146, 12, 58, 71, 134, 78, 67, 48, 61, 93, 85, 133, 40, 42, 143, 25, 7, 6, 2, 1, 132, 130, 131, 129, 54, 74, 76, 52, 47, 46, 51, 70, 86, 80, 79, 69, 68, 127, 94, 89, 128, 66, 73, 72, 91, 39, 97, 62, 84, 44, 57, 126, 50, 49, 56, 38, 63, 64, 60, 83, 125, 103, 104, 87, 88, 100, 82, 98, 96, 31, 30, 24, 11, 23, 5, 22, 4, 21, 37, 20, 35, 34, 124, 123, 141, 142, 53, 45, 55, 77, 59, 75, 119, 107, 117, 95, 90, 65, 92, 81, 8, 0, 15, 27, 3, 29, 41, 33, 43, 19]",True,3695173633,3.695173633,"[52, 47, 46, 51, 39, 70, 86, 80, 79, 69, 68, 127, 94, 89, 128, 66, 73, 72, 91, 97, 62, 84, 44, 57, 126, 50, 49, 56, 38, 63, 64, 60, 83, 125, 103, 104, 87, 88, 100, 82, 98, 96, 31, 30, 24, 11, 23, 5, 22, 4, 21, 37, 20, 35, 34, 124, 123, 142, 141, 117, 95, 119, 107, 53, 45, 55, 75, 59, 77, 92, 65, 90, 81, 43, 33, 41, 15, 0, 8, 27, 3, 29, 19]","[19, 29, 3, 27, 8, 0, 15, 41, 33, 43, 81, 90, 65, 92, 77, 59, 75, 55, 45, 53, 107, 119, 95, 117, 141, 142, 123, 124, 34, 35, 20, 37, 21, 4, 22, 5, 23, 11, 24, 30, 31, 96, 98, 82, 100, 88, 87, 104, 103, 125, 83, 60, 64, 63, 38, 56, 49, 50, 126, 57, 44, 84, 62, 97, 91, 72, 73, 66, 128, 89, 94, 127, 68, 69, 79, 80, 86, 70, 39, 51, 46, 47, 52]",False,complete,119,119,3486,36,364,0,364,364,,False,,,,,,,2,80,52,80,52,52,52,52
2,10486,35,68,81,"[1, 2, 6, 7, 9, 10, 12, 13, 14, 16, 17, 18, 25, 26, 28, 32, 36, 40, 42, 47, 48, 52, 54, 58, 61, 67, 71, 74, 76, 78, 85, 93, 99, 101, 102, 105, 106, 108, 109, 110, 111, 112, 114, 115, 116, 118, 120, 121, 122, 129, 130, 131, 132, 133, 134, 135, 136, 137, 138, 139, 140, 143, 144, 145, 146, 147, 148, 149]","[0, 3, 4, 5, 8, 11, 15, 19, 20, 21, 22, 23, 24, 27, 29, 30, 31, 33, 34, 35, 37, 38, 39, 41, 43, 44, 45, 46, 49, 50, 51, 53, 55, 56, 57, 59, 60, 62, 63, 64, 65, 66, 68, 69, 70, 72, 73, 75, 77, 79, 80, 81, 82, 83, 84, 86, 87, 88, 89, 90, 91, 92, 94, 95, 96, 97, 98, 100, 103, 104, 107, 117, 119, 123, 124, 125, 126, 127, 128, 141, 142]","{""support_1"": 46}",[46],1,"[122, 17, 18, 32, 137, 138, 139, 140, 13, 14, 118, 116, 136, 16, 112, 111, 110, 9, 109, 144, 10, 108, 148, 115, 36, 135, 28, 26, 99, 105, 149, 102, 106, 121, 120, 114, 101, 145, 147, 146, 12, 58, 71, 134, 78, 67, 48, 61, 93, 85, 133, 40, 42, 143, 25, 7, 6, 2, 1, 132, 130, 131, 129, 54, 74, 76, 52, 47, 46, 51, 70, 86, 80, 79, 69, 68, 127, 94, 89, 128, 66, 73, 72, 91, 39, 97, 62, 84, 44, 57, 126, 50, 49, 56, 38, 63, 64, 60, 83, 125, 103, 104, 87, 88, 100, 82, 98, 96, 31, 30, 24, 11, 23, 5, 22, 4, 21, 37, 20, 35, 34, 124, 123, 141, 142, 53, 45, 55, 77, 59, 75, 119, 107, 117, 95, 90, 65, 92, 81, 8, 0, 15, 27, 3, 29, 41, 33, 43, 19]",True,3681391657,3.681391657,"[46, 51, 39, 70, 86, 80, 79, 69, 68, 127, 94, 89, 128, 66, 73, 72, 91, 97, 62, 84, 44, 57, 126, 50, 49, 56, 38, 63, 64, 60, 83, 125, 103, 104, 87, 88, 100, 82, 98, 96, 31, 30, 24, 11, 23, 5, 22, 4, 21, 37, 20, 35, 34, 124, 123, 141, 142, 55, 45, 53, 75, 59, 77, 90, 81, 92, 65, 117, 107, 119, 95, 43, 33, 41, 8, 0, 15, 29, 19, 27, 3]","[3, 27, 19, 29, 15, 0, 8, 41, 33, 43, 95, 119, 107, 117, 65, 92, 81, 90, 77, 59, 75, 53, 45, 55, 142, 141, 123, 124, 34, 35, 20, 37, 21, 4, 22, 5, 23, 11, 24, 30, 31, 96, 98, 82, 100, 88, 87, 104, 103, 125, 83, 60, 64, 63, 38, 56, 49, 50, 126, 57, 44, 84, 62, 97, 91, 72, 73, 66, 128, 89, 94, 127, 68, 69, 79, 80, 86, 70, 39, 51, 46]",False,complete,117,117,3321,36,361,0,361,361,,False,,,,,,,2,78,50,78,50,50,50,51
2,10487,36,70,79,"[1, 2, 6, 7, 9, 10, 12, 13, 14, 16, 17, 18, 25, 26, 28, 32, 36, 40, 42, 46, 47, 48, 51, 52, 54, 58, 61, 67, 71, 74, 76, 78, 85, 93, 99, 101, 102, 105, 106, 108, 109, 110, 111, 112, 114, 115, 116, 118, 120, 121, 122, 129, 130, 131, 132, 133, 134, 135, 136, 137, 138, 139, 140, 143, 144, 145, 146, 147, 148, 149]","[0, 3, 4, 5, 8, 11, 15, 19, 20, 21, 22, 23, 24, 27, 29, 30, 31, 33, 34, 35, 37, 38, 39, 41, 43, 44, 45, 49, 50, 53, 55, 56, 57, 59, 60, 62, 63, 64, 65, 66, 68, 69, 70, 72, 73, 75, 77, 79, 80, 81, 82, 83, 84, 86, 87, 88, 89, 90, 91, 92, 94, 95, 96, 97, 98, 100, 103, 104, 107, 117, 119, 123, 124, 125, 126, 127, 128, 141, 142]",{},[],0,"[122, 17, 18, 32, 137, 138, 139, 140, 13, 14, 118, 116, 136, 16, 112, 111, 110, 9, 109, 144, 10, 108, 148, 115, 36, 135, 28, 26, 99, 105, 149, 102, 106, 121, 120, 114, 101, 145, 147, 146, 12, 58, 71, 134, 78, 67, 48, 61, 93, 85, 133, 40, 42, 143, 25, 7, 6, 2, 1, 132, 130, 131, 129, 54, 74, 76, 52, 47, 46, 51, 70, 86, 80, 79, 69, 68, 127, 94, 89, 128, 66, 73, 72, 91, 39, 97, 62, 84, 44, 57, 126, 50, 49, 56, 38, 63, 64, 60, 83, 125, 103, 104, 87, 88, 100, 82, 98, 96, 31, 30, 24, 11, 23, 5, 22, 4, 21, 37, 20, 35, 34, 124, 123, 141, 142, 53, 45, 55, 77, 59, 75, 119, 107, 117, 95, 90, 65, 92, 81, 8, 0, 15, 27, 3, 29, 41, 33, 43, 19]",True,3552498872,3.552498872,"[39, 70, 86, 80, 79, 69, 68, 127, 94, 89, 128, 66, 73, 72, 91, 97, 62, 84, 44, 57, 126, 50, 49, 56, 38, 63, 64, 60, 83, 125, 103, 104, 87, 88, 100, 82, 98, 96, 31, 30, 24, 11, 23, 5, 22, 4, 21, 37, 20, 35, 34, 124, 123, 142, 141, 117, 95, 119, 107, 92, 81, 90, 53, 45, 55, 75, 59, 77, 65, 43, 33, 41, 27, 19, 29, 8, 3, 15, 0]","[0, 15, 3, 8, 29, 19, 27, 41, 33, 43, 65, 77, 59, 75, 55, 45, 53, 90, 81, 92, 107, 119, 95, 117, 141, 142, 123, 124, 34, 35, 20, 37, 21, 4, 22, 5, 23, 11, 24, 30, 31, 96, 98, 82, 100, 88, 87, 104, 103, 125, 83, 60, 64, 63, 38, 56, 49, 50, 126, 57, 44, 84, 62, 97, 91, 72, 73, 66, 128, 89, 94, 127, 68, 69, 79, 80, 86, 70, 39]",False,complete,117,117,3160,38,359,0,359,359,,False,,,,,,,2,77,49,77,49,49,49,49
2,10488,37,72,77,"[1, 2, 6, 7, 9, 10, 12, 13, 14, 16, 17, 18, 25, 26, 28, 32, 36, 40, 42, 46, 47, 48, 51, 52, 54, 58, 61, 67, 70, 71, 74, 76, 78, 85, 86, 93, 99, 101, 102, 105, 106, 108, 109, 110, 111, 112, 114, 115, 116, 118, 120, 121, 122, 129, 130, 131, 132, 133, 134, 135, 136, 137, 138, 139, 140, 143, 144, 145, 146, 147, 148, 149]","[0, 3, 4, 5, 8, 11, 15, 19, 20, 21, 22, 23, 24, 27, 29, 30, 31, 33, 34, 35, 37, 38, 39, 41, 43, 44, 45, 49, 50, 53, 55, 56, 57, 59, 60, 62, 63, 64, 65, 66, 68, 69, 72, 73, 75, 77, 79, 80, 81, 82, 83, 84, 87, 88, 89, 90, 91, 92, 94, 95, 96, 97, 98, 100, 103, 104, 107, 117, 119, 123, 124, 125, 126, 127, 128, 141, 142]","{""support_1"": 80}",[80],1,"[122, 17, 18, 32, 137, 138, 139, 140, 13, 14, 118, 116, 136, 16, 112, 111, 110, 9, 109, 144, 10, 108, 148, 115, 36, 135, 28, 26, 99, 105, 149, 102, 106, 121, 120, 114, 101, 145, 147, 146, 12, 58, 71, 134, 78, 67, 48, 61, 93, 85, 133, 40, 42, 143, 25, 7, 6, 2, 1, 132, 130, 131, 129, 54, 74, 76, 52, 47, 46, 51, 70, 86, 80, 79, 69, 68, 127, 94, 89, 128, 66, 73, 72, 91, 39, 97, 62, 84, 44, 57, 126, 50, 49, 56, 38, 63, 64, 60, 83, 125, 103, 104, 87, 88, 100, 82, 98, 96, 31, 30, 24, 11, 23, 5, 22, 4, 21, 37, 20, 35, 34, 124, 123, 141, 142, 53, 45, 55, 77, 59, 75, 119, 107, 117, 95, 90, 65, 92, 81, 8, 0, 15, 27, 3, 29, 41, 33, 43, 19]",True,3655326240,3.655326240,"[80, 79, 69, 68, 127, 94, 89, 128, 66, 73, 72, 91, 39, 97, 62, 84, 44, 57, 126, 50, 49, 56, 38, 63, 64, 60, 83, 125, 103, 104, 87, 88, 100, 82, 98, 96, 31, 30, 11, 24, 23, 5, 22, 4, 21, 37, 20, 35, 34, 124, 123, 141, 142, 53, 45, 55, 77, 59, 75, 117, 95, 119, 107, 90, 81, 92, 65, 27, 29, 43, 33, 41, 19, 15, 3, 8, 0]","[0, 8, 3, 15, 19, 41, 33, 43, 29, 27, 65, 92, 81, 90, 107, 119, 95, 117, 75, 59, 77, 55, 45, 53, 142, 141, 123, 124, 34, 35, 20, 37, 21, 4, 22, 5, 23, 24, 11, 30, 31, 96, 98, 82, 100, 88, 87, 104, 103, 125, 83, 60, 64, 63, 38, 56, 49, 50, 126, 57, 44, 84, 62, 97, 39, 91, 72, 73, 66, 128, 89, 94, 127, 68, 69, 79, 80]",False,complete,114,114,3003,37,354,0,354,354,,False,,,,,,,2,74,46,74,46,46,46,47
2,10489,38,74,75,"[1, 2, 6, 7, 9, 10, 12, 13, 14, 16, 17, 18, 25, 26, 28, 32, 36, 40, 42, 46, 47, 48, 51, 52, 54, 58, 61, 67, 70, 71, 74, 76, 78, 79, 80, 85, 86, 93, 99, 101, 102, 105, 106, 108, 109, 110, 111, 112, 114, 115, 116, 118, 120, 121, 122, 129, 130, 131, 132, 133, 134, 135, 136, 137, 138, 139, 140, 143, 144, 145, 146, 147, 148, 149]","[0, 3, 4, 5, 8, 11, 15, 19, 20, 21, 22, 23, 24, 27, 29, 30, 31, 33, 34, 35, 37, 38, 39, 41, 43, 44, 45, 49, 50, 53, 55, 56, 57, 59, 60, 62, 63, 64, 65, 66, 68, 69, 72, 73, 75, 77, 81, 82, 83, 84, 87, 88, 89, 90, 91, 92, 94, 95, 96, 97, 98, 100, 103, 104, 107, 117, 119, 123, 124, 125, 126, 127, 128, 141, 142]","{""support_1"": 69, ""support_2"": 68}","[68, 69]",2,"[122, 17, 18, 32, 137, 138, 139, 140, 13, 14, 118, 116, 136, 16, 112, 111, 110, 9, 109, 144, 10, 108, 148, 115, 36, 135, 28, 26, 99, 105, 149, 102, 106, 121, 120, 114, 101, 145, 147, 146, 12, 58, 71, 134, 78, 67, 48, 61, 93, 85, 133, 40, 42, 143, 25, 7, 6, 2, 1, 132, 130, 131, 129, 54, 74, 76, 52, 47, 46, 51, 70, 86, 80, 79, 69, 68, 127, 94, 89, 128, 66, 73, 72, 91, 39, 97, 62, 84, 44, 57, 126, 50, 49, 56, 38, 63, 64, 60, 83, 125, 103, 104, 87, 88, 100, 82, 98, 96, 31, 30, 24, 11, 23, 5, 22, 4, 21, 37, 20, 35, 34, 124, 123, 141, 142, 53, 45, 55, 77, 59, 75, 119, 107, 117, 95, 90, 65, 92, 81, 8, 0, 15, 27, 3, 29, 41, 33, 43, 19]",True,3288567222,3.288567222,"[69, 68, 127, 94, 89, 128, 66, 73, 72, 91, 39, 97, 62, 84, 44, 57, 126, 50, 49, 56, 38, 63, 64, 60, 83, 125, 103, 104, 87, 88, 100, 82, 98, 96, 31, 30, 11, 24, 23, 5, 22, 4, 21, 37, 20, 35, 34, 124, 123, 142, 141, 117, 107, 119, 95, 55, 45, 53, 77, 59, 75, 92, 65, 90, 81, 29, 27, 15, 0, 8, 3, 41, 33, 43, 19]","[19, 43, 33, 41, 3, 8, 0, 15, 27, 29, 81, 90, 65, 92, 75, 59, 77, 53, 45, 55, 95, 119, 107, 117, 141, 142, 123, 124, 34, 35, 20, 37, 21, 4, 22, 5, 23, 24, 11, 30, 31, 96, 98, 82, 100, 88, 87, 104, 103, 125, 83, 60, 64, 63, 38, 56, 49, 50, 126, 57, 44, 84, 62, 97, 39, 91, 72, 73, 66, 128, 89, 94, 127, 68, 69]",False,complete,112,112,2850,37,339,0,339,339,,False,,,,,,,2,71,43,71,44,44,43,45
2,10490,39,76,73,"[1, 2, 6, 7, 9, 10, 12, 13, 14, 16, 17, 18, 25, 26, 28, 32, 36, 40, 42, 46, 47, 48, 51, 52, 54, 58, 61, 67, 68, 69, 70, 71, 74, 76, 78, 79, 80, 85, 86, 93, 99, 101, 102, 105, 106, 108, 109, 110, 111, 112, 114, 115, 116, 118, 120, 121, 122, 129, 130, 131, 132, 133, 134, 135, 136, 137, 138, 139, 140, 143, 144, 145, 146, 147, 148, 149]","[0, 3, 4, 5, 8, 11, 15, 19, 20, 21, 22, 23, 24, 27, 29, 30, 31, 33, 34, 35, 37, 38, 39, 41, 43, 44, 45, 49, 50, 53, 55, 56, 57, 59, 60, 62, 63, 64, 65, 66, 72, 73, 75, 77, 81, 82, 83, 84, 87, 88, 89, 90, 91, 92, 94, 95, 96, 97, 98, 100, 103, 104, 107, 117, 119, 123, 124, 125, 126, 127, 128, 141, 142]","{""support_1"": 127}",[127],1,"[122, 17, 18, 32, 137, 138, 139, 140, 13, 14, 118, 116, 136, 16, 112, 111, 110, 9, 109, 144, 10, 108, 148, 115, 36, 135, 28, 26, 99, 105, 149, 102, 106, 121, 120, 114, 101, 145, 147, 146, 12, 58, 71, 134, 78, 67, 48, 61, 93, 85, 133, 40, 42, 143, 25, 7, 6, 2, 1, 132, 130, 131, 129, 54, 74, 76, 52, 47, 46, 51, 70, 86, 80, 79, 69, 68, 127, 94, 89, 128, 66, 73, 72, 91, 39, 97, 62, 84, 44, 57, 126, 50, 49, 56, 38, 63, 64, 60, 83, 125, 103, 104, 87, 88, 100, 82, 98, 96, 31, 30, 24, 11, 23, 5, 22, 4, 21, 37, 20, 35, 34, 124, 123, 141, 142, 53, 45, 55, 77, 59, 75, 119, 107, 117, 95, 90, 65, 92, 81, 8, 0, 15, 27, 3, 29, 41, 33, 43, 19]",True,3270513361,3.270513361,"[127, 94, 89, 128, 66, 73, 72, 91, 39, 97, 62, 84, 44, 57, 126, 50, 49, 56, 38, 63, 64, 60, 83, 125, 103, 104, 87, 88, 100, 82, 98, 96, 31, 30, 11, 24, 23, 5, 22, 4, 21, 37, 20, 35, 34, 124, 123, 141, 142, 77, 59, 75, 90, 65, 92, 81, 53, 45, 55, 117, 107, 119, 95, 41, 33, 43, 8, 0, 15, 27, 19, 29, 3]","[3, 29, 19, 27, 15, 0, 8, 43, 33, 41, 95, 119, 107, 117, 55, 45, 53, 81, 92, 65, 90, 75, 59, 77, 142, 141, 123, 124, 34, 35, 20, 37, 21, 4, 22, 5, 23, 24, 11, 30, 31, 96, 98, 82, 100, 88, 87, 104, 103, 125, 83, 60, 64, 63, 38, 56, 49, 50, 126, 57, 44, 84, 62, 97, 39, 91, 72, 73, 66, 128, 89, 94, 127]",False,complete,109,109,2701,36,336,0,336,336,,False,,,,,,,2,70,43,70,43,43,43,44
2,10491,40,78,71,"[1, 2, 6, 7, 9, 10, 12, 13, 14, 16, 17, 18, 25, 26, 28, 32, 36, 40, 42, 46, 47, 48, 51, 52, 54, 58, 61, 67, 68, 69, 70, 71, 74, 76, 78, 79, 80, 85, 86, 93, 94, 99, 101, 102, 105, 106, 108, 109, 110, 111, 112, 114, 115, 116, 118, 120, 121, 122, 127, 129, 130, 131, 132, 133, 134, 135, 136, 137, 138, 139, 140, 143, 144, 145, 146, 147, 148, 149]","[0, 3, 4, 5, 8, 11, 15, 19, 20, 21, 22, 23, 24, 27, 29, 30, 31, 33, 34, 35, 37, 38, 39, 41, 43, 44, 45, 49, 50, 53, 55, 56, 57, 59, 60, 62, 63, 64, 65, 66, 72, 73, 75, 77, 81, 82, 83, 84, 87, 88, 89, 90, 91, 92, 95, 96, 97, 98, 100, 103, 104, 107, 117, 119, 123, 124, 125, 126, 128, 141, 142]","{""support_1"": 89}",[89],1,"[122, 17, 18, 32, 137, 138, 139, 140, 13, 14, 118, 116, 136, 16, 112, 111, 110, 9, 109, 144, 10, 108, 148, 115, 36, 135, 28, 26, 99, 105, 149, 102, 106, 121, 120, 114, 101, 145, 147, 146, 12, 58, 71, 134, 78, 67, 48, 61, 93, 85, 133, 40, 42, 143, 25, 7, 6, 2, 1, 132, 130, 131, 129, 54, 74, 76, 52, 47, 46, 51, 70, 86, 80, 79, 69, 68, 127, 94, 89, 128, 66, 73, 72, 91, 39, 97, 62, 84, 44, 57, 126, 50, 49, 56, 38, 63, 64, 60, 83, 125, 103, 104, 87, 88, 100, 82, 98, 96, 31, 30, 24, 11, 23, 5, 22, 4, 21, 37, 20, 35, 34, 124, 123, 141, 142, 53, 45, 55, 77, 59, 75, 119, 107, 117, 95, 90, 65, 92, 81, 8, 0, 15, 27, 3, 29, 41, 33, 43, 19]",True,3219812814,3.219812814,"[89, 128, 66, 73, 72, 91, 39, 97, 62, 84, 44, 57, 126, 50, 49, 56, 38, 63, 64, 60, 83, 125, 103, 104, 87, 88, 100, 82, 98, 96, 31, 30, 24, 11, 23, 5, 22, 4, 21, 37, 20, 35, 34, 124, 123, 142, 141, 53, 45, 55, 77, 59, 75, 90, 81, 92, 65, 119, 107, 117, 95, 41, 33, 43, 8, 0, 15, 29, 19, 27, 3]","[3, 27, 19, 29, 15, 0, 8, 43, 33, 41, 95, 117, 107, 119, 65, 92, 81, 90, 75, 59, 77, 55, 45, 53, 141, 142, 123, 124, 34, 35, 20, 37, 21, 4, 22, 5, 23, 11, 24, 30, 31, 96, 98, 82, 100, 88, 87, 104, 103, 125, 83, 60, 64, 63, 38, 56, 49, 50, 126, 57, 44, 84, 62, 97, 39, 91, 72, 73, 66, 128, 89]",False,complete,109,109,2556,38,334,0,334,334,,False,,,,,,,2,68,41,68,41,41,41,42
2,10492,41,80,69,"[1, 2, 6, 7, 9, 10, 12, 13, 14, 16, 17, 18, 25, 26, 28, 32, 36, 40, 42, 46, 47, 48, 51, 52, 54, 58, 61, 67, 68, 69, 70, 71, 74, 76, 78, 79, 80, 85, 86, 89, 93, 94, 99, 101, 102, 105, 106, 108, 109, 110, 111, 112, 114, 115, 116, 118, 120, 121, 122, 127, 128, 129, 130, 131, 132, 133, 134, 135, 136, 137, 138, 139, 140, 143, 144, 145, 146, 147, 148, 149]","[0, 3, 4, 5, 8, 11, 15, 19, 20, 21, 22, 23, 24, 27, 29, 30, 31, 33, 34, 35, 37, 38, 39, 41, 43, 44, 45, 49, 50, 53, 55, 56, 57, 59, 60, 62, 63, 64, 65, 66, 72, 73, 75, 77, 81, 82, 83, 84, 87, 88, 90, 91, 92, 95, 96, 97, 98, 100, 103, 104, 107, 117, 119, 123, 124, 125, 126, 141, 142]","{""support_2"": 66}",[66],1,"[122, 17, 18, 32, 137, 138, 139, 140, 13, 14, 118, 116, 136, 16, 112, 111, 110, 9, 109, 144, 10, 108, 148, 115, 36, 135, 28, 26, 99, 105, 149, 102, 106, 121, 120, 114, 101, 145, 147, 146, 12, 58, 71, 134, 78, 67, 48, 61, 93, 85, 133, 40, 42, 143, 25, 7, 6, 2, 1, 132, 130, 131, 129, 54, 74, 76, 52, 47, 46, 51, 70, 86, 80, 79, 69, 68, 127, 94, 89, 128, 66, 73, 72, 91, 39, 97, 62, 84, 44, 57, 126, 50, 49, 56, 38, 63, 64, 60, 83, 125, 103, 104, 87, 88, 100, 82, 98, 96, 31, 30, 24, 11, 23, 5, 22, 4, 21, 37, 20, 35, 34, 124, 123, 141, 142, 53, 45, 55, 77, 59, 75, 119, 107, 117, 95, 90, 65, 92, 81, 8, 0, 15, 27, 3, 29, 41, 33, 43, 19]",True,3248860071,3.248860071,"[66, 73, 72, 91, 39, 97, 62, 84, 44, 57, 126, 50, 49, 56, 38, 63, 64, 60, 83, 125, 103, 104, 87, 88, 100, 82, 98, 96, 31, 30, 11, 24, 23, 5, 22, 4, 21, 37, 20, 35, 34, 124, 123, 141, 142, 90, 81, 92, 75, 59, 77, 65, 55, 45, 53, 117, 107, 119, 95, 43, 33, 41, 27, 19, 29, 8, 0, 15, 3]","[3, 15, 0, 8, 29, 19, 27, 41, 33, 43, 95, 119, 107, 117, 53, 45, 55, 65, 77, 59, 75, 92, 81, 90, 142, 141, 123, 124, 34, 35, 20, 37, 21, 4, 22, 5, 23, 24, 11, 30, 31, 96, 98, 82, 100, 88, 87, 104, 103, 125, 83, 60, 64, 63, 38, 56, 49, 50, 126, 57, 44, 84, 62, 97, 39, 91, 72, 73, 66]",False,complete,107,107,2415,38,326,0,326,326,,False,,,,,,,2,65,39,65,39,39,39,40
2,10493,42,82,67,"[1, 2, 6, 7, 9, 10, 12, 13, 14, 16, 17, 18, 25, 26, 28, 32, 36, 40, 42, 46, 47, 48, 51, 52, 54, 58, 61, 66, 67, 68, 69, 70, 71, 73, 74, 76, 78, 79, 80, 85, 86, 89, 93, 94, 99, 101, 102, 105, 106, 108, 109, 110, 111, 112, 114, 115, 116, 118, 120, 121, 122, 127, 128, 129, 130, 131, 132, 133, 134, 135, 136, 137, 138, 139, 140, 143, 144, 145, 146, 147, 148, 149]","[0, 3, 4, 5, 8, 11, 15, 19, 20, 21, 22, 23, 24, 27, 29, 30, 31, 33, 34, 35, 37, 38, 39, 41, 43, 44, 45, 49, 50, 53, 55, 56, 57, 59, 60, 62, 63, 64, 65, 72, 75, 77, 81, 82, 83, 84, 87, 88, 90, 91, 92, 95, 96, 97, 98, 100, 103, 104, 107, 117, 119, 123, 124, 125, 126, 141, 142]","{""support_1"": 91, ""support_2"": 72}","[72, 91]",2,"[122, 17, 18, 32, 137, 138, 139, 140, 13, 14, 118, 116, 136, 16, 112, 111, 110, 9, 109, 144, 10, 108, 148, 115, 36, 135, 28, 26, 99, 105, 149, 102, 106, 121, 120, 114, 101, 145, 147, 146, 12, 58, 71, 134, 78, 67, 48, 61, 93, 85, 133, 40, 42, 143, 25, 7, 6, 2, 1, 132, 130, 131, 129, 54, 74, 76, 52, 47, 46, 51, 70, 86, 80, 79, 69, 68, 127, 94, 89, 128, 66, 73, 72, 91, 39, 97, 62, 84, 44, 57, 126, 50, 49, 56, 38, 63, 64, 60, 83, 125, 103, 104, 87, 88, 100, 82, 98, 96, 31, 30, 24, 11, 23, 5, 22, 4, 21, 37, 20, 35, 34, 124, 123, 141, 142, 53, 45, 55, 77, 59, 75, 119, 107, 117, 95, 90, 65, 92, 81, 8, 0, 15, 27, 3, 29, 41, 33, 43, 19]",True,3082103998,3.082103998,"[72, 91, 39, 97, 62, 84, 44, 57, 126, 50, 49, 56, 38, 63, 64, 60, 83, 125, 103, 104, 87, 88, 100, 82, 98, 96, 31, 30, 11, 24, 23, 5, 22, 4, 21, 37, 20, 35, 34, 124, 123, 142, 141, 77, 59, 75, 53, 45, 55, 90, 65, 92, 81, 119, 95, 117, 107, 27, 15, 0, 8, 3, 29, 43, 33, 41, 19]","[19, 41, 33, 43, 29, 3, 8, 0, 15, 27, 107, 117, 95, 119, 81, 92, 65, 90, 55, 45, 53, 75, 59, 77, 141, 142, 123, 124, 34, 35, 20, 37, 21, 4, 22, 5, 23, 24, 11, 30, 31, 96, 98, 82, 100, 88, 87, 104, 103, 125, 83, 60, 64, 63, 38, 56, 49, 50, 126, 57, 44, 84, 62, 97, 39, 91, 72]",False,complete,105,105,2278,38,318,0,318,318,,False,,,,,,,2,62,36,62,37,37,36,38
2,10494,43,84,65,"[1, 2, 6, 7, 9, 10, 12, 13, 14, 16, 17, 18, 25, 26, 28, 32, 36, 40, 42, 46, 47, 48, 51, 52, 54, 58, 61, 66, 67, 68, 69, 70, 71, 72, 73, 74, 76, 78, 79, 80, 85, 86, 89, 91, 93, 94, 99, 101, 102, 105, 106, 108, 109, 110, 111, 112, 114, 115, 116, 118, 120, 121, 122, 127, 128, 129, 130, 131, 132, 133, 134, 135, 136, 137, 138, 139, 140, 143, 144, 145, 146, 147, 148, 149]","[0, 3, 4, 5, 8, 11, 15, 19, 20, 21, 22, 23, 24, 27, 29, 30, 31, 33, 34, 35, 37, 38, 39, 41, 43, 44, 45, 49, 50, 53, 55, 56, 57, 59, 60, 62, 63, 64, 65, 75, 77, 81, 82, 83, 84, 87, 88, 90, 92, 95, 96, 97, 98, 100, 103, 104, 107, 117, 119, 123, 124, 125, 126, 141, 142]",{},[],0,"[122, 17, 18, 32, 137, 138, 139, 140, 13, 14, 118, 116, 136, 16, 112, 111, 110, 9, 109, 144, 10, 108, 148, 115, 36, 135, 28, 26, 99, 105, 149, 102, 106, 121, 120, 114, 101, 145, 147, 146, 12, 58, 71, 134, 78, 67, 48, 61, 93, 85, 133, 40, 42, 143, 25, 7, 6, 2, 1, 132, 130, 131, 129, 54, 74, 76, 52, 47, 46, 51, 70, 86, 80, 79, 69, 68, 127, 94, 89, 128, 66, 73, 72, 91, 39, 97, 62, 84, 44, 57, 126, 50, 49, 56, 38, 63, 64, 60, 83, 125, 103, 104, 87, 88, 100, 82, 98, 96, 31, 30, 24, 11, 23, 5, 22, 4, 21, 37, 20, 35, 34, 124, 123, 141, 142, 53, 45, 55, 77, 59, 75, 119, 107, 117, 95, 90, 65, 92, 81, 8, 0, 15, 27, 3, 29, 41, 33, 43, 19]",True,3039066689,3.039066689,"[39, 97, 62, 84, 44, 57, 126, 50, 49, 56, 38, 63, 64, 60, 83, 125, 103, 104, 87, 88, 100, 82, 98, 96, 31, 30, 11, 24, 23, 5, 22, 4, 21, 37, 20, 35, 34, 124, 123, 141, 142, 92, 81, 90, 117, 107, 119, 95, 53, 45, 55, 77, 59, 75, 65, 29, 41, 33, 43, 19, 27, 15, 0, 8, 3]","[3, 8, 0, 15, 27, 19, 43, 33, 41, 29, 65, 75, 59, 77, 55, 45, 53, 95, 119, 107, 117, 90, 81, 92, 142, 141, 123, 124, 34, 35, 20, 37, 21, 4, 22, 5, 23, 24, 11, 30, 31, 96, 98, 82, 100, 88, 87, 104, 103, 125, 83, 60, 64, 63, 38, 56, 49, 50, 126, 57, 44, 84, 62, 97, 39]",False,complete,102,102,2145,37,314,0,314,314,,False,,,,,,,2,61,36,61,36,36,36,36
2,10495,44,86,63,"[1, 2, 6, 7, 9, 10, 12, 13, 14, 16, 17, 18, 25, 26, 28, 32, 36, 39, 40, 42, 46, 47, 48, 51, 52, 54, 58, 61, 66, 67, 68, 69, 70, 71, 72, 73, 74, 76, 78, 79, 80, 85, 86, 89, 91, 93, 94, 97, 99, 101, 102, 105, 106, 108, 109, 110, 111, 112, 114, 115, 116, 118, 120, 121, 122, 127, 128, 129, 130, 131, 132, 133, 134, 135, 136, 137, 138, 139, 140, 143, 144, 145, 146, 147, 148, 149]","[0, 3, 4, 5, 8, 11, 15, 19, 20, 21, 22, 23, 24, 27, 29, 30, 31, 33, 34, 35, 37, 38, 41, 43, 44, 45, 49, 50, 53, 55, 56, 57, 59, 60, 62, 63, 64, 65, 75, 77, 81, 82, 83, 84, 87, 88, 90, 92, 95, 96, 98, 100, 103, 104, 107, 117, 119, 123, 124, 125, 126, 141, 142]","{""support_1"": 62}",[62],1,"[122, 17, 18, 32, 137, 138, 139, 140, 13, 14, 118, 116, 136, 16, 112, 111, 110, 9, 109, 144, 10, 108, 148, 115, 36, 135, 28, 26, 99, 105, 149, 102, 106, 121, 120, 114, 101, 145, 147, 146, 12, 58, 71, 134, 78, 67, 48, 61, 93, 85, 133, 40, 42, 143, 25, 7, 6, 2, 1, 132, 130, 131, 129, 54, 74, 76, 52, 47, 46, 51, 70, 86, 80, 79, 69, 68, 127, 94, 89, 128, 66, 73, 72, 91, 39, 97, 62, 84, 44, 57, 126, 50, 49, 56, 38, 63, 64, 60, 83, 125, 103, 104, 87, 88, 100, 82, 98, 96, 31, 30, 24, 11, 23, 5, 22, 4, 21, 37, 20, 35, 34, 124, 123, 141, 142, 53, 45, 55, 77, 59, 75, 119, 107, 117, 95, 90, 65, 92, 81, 8, 0, 15, 27, 3, 29, 41, 33, 43, 19]",True,2890648012,2.890648012,"[62, 84, 44, 57, 126, 50, 49, 56, 38, 63, 64, 60, 83, 125, 103, 104, 87, 88, 100, 82, 98, 96, 31, 30, 24, 11, 23, 5, 22, 4, 21, 37, 20, 35, 34, 124, 123, 141, 142, 117, 107, 119, 95, 75, 59, 77, 90, 65, 92, 81, 53, 45, 55, 41, 33, 43, 29, 19, 27, 8, 0, 15, 3]","[3, 15, 0, 8, 27, 19, 29, 43, 33, 41, 55, 45, 53, 81, 92, 65, 90, 77, 59, 75, 95, 119, 107, 117, 142, 141, 123, 124, 34, 35, 20, 37, 21, 4, 22, 5, 23, 11, 24, 30, 31, 96, 98, 82, 100, 88, 87, 104, 103, 125, 83, 60, 64, 63, 38, 56, 49, 50, 126, 57, 44, 84, 62]",False,complete,99,99,2016,36,311,0,311,311,,False,,,,,,,2,60,35,60,35,35,35,36
2,10496,45,88,61,"[1, 2, 6, 7, 9, 10, 12, 13, 14, 16, 17, 18, 25, 26, 28, 32, 36, 39, 40, 42, 46, 47, 48, 51, 52, 54, 58, 61, 62, 66, 67, 68, 69, 70, 71, 72, 73, 74, 76, 78, 79, 80, 84, 85, 86, 89, 91, 93, 94, 97, 99, 101, 102, 105, 106, 108, 109, 110, 111, 112, 114, 115, 116, 118, 120, 121, 122, 127, 128, 129, 130, 131, 132, 133, 134, 135, 136, 137, 138, 139, 140, 143, 144, 145, 146, 147, 148, 149]","[0, 3, 4, 5, 8, 11, 15, 19, 20, 21, 22, 23, 24, 27, 29, 30, 31, 33, 34, 35, 37, 38, 41, 43, 44, 45, 49, 50, 53, 55, 56, 57, 59, 60, 63, 64, 65, 75, 77, 81, 82, 83, 87, 88, 90, 92, 95, 96, 98, 100, 103, 104, 107, 117, 119, 123, 124, 125, 126, 141, 142]","{""support_1"": 44}",[44],1,"[122, 17, 18, 32, 137, 138, 139, 140, 13, 14, 118, 116, 136, 16, 112, 111, 110, 9, 109, 144, 10, 108, 148, 115, 36, 135, 28, 26, 99, 105, 149, 102, 106, 121, 120, 114, 101, 145, 147, 146, 12, 58, 71, 134, 78, 67, 48, 61, 93, 85, 133, 40, 42, 143, 25, 7, 6, 2, 1, 132, 130, 131, 129, 54, 74, 76, 52, 47, 46, 51, 70, 86, 80, 79, 69, 68, 127, 94, 89, 128, 66, 73, 72, 91, 39, 97, 62, 84, 44, 57, 126, 50, 49, 56, 38, 63, 64, 60, 83, 125, 103, 104, 87, 88, 100, 82, 98, 96, 31, 30, 24, 11, 23, 5, 22, 4, 21, 37, 20, 35, 34, 124, 123, 141, 142, 53, 45, 55, 77, 59, 75, 119, 107, 117, 95, 90, 65, 92, 81, 8, 0, 15, 27, 3, 29, 41, 33, 43, 19]",True,2774348734,2.774348734,"[44, 57, 126, 50, 49, 56, 38, 63, 64, 60, 83, 125, 103, 104, 87, 88, 100, 82, 98, 96, 31, 30, 24, 11, 23, 5, 22, 4, 21, 37, 20, 35, 34, 124, 123, 141, 142, 53, 45, 55, 90, 81, 92, 119, 95, 117, 107, 77, 65, 75, 59, 43, 33, 41, 27, 19, 29, 8, 3, 15, 0]","[0, 15, 3, 8, 29, 19, 27, 41, 33, 43, 59, 75, 65, 77, 107, 117, 95, 119, 92, 81, 90, 55, 45, 53, 142, 141, 123, 124, 34, 35, 20, 37, 21, 4, 22, 5, 23, 11, 24, 30, 31, 96, 98, 82, 100, 88, 87, 104, 103, 125, 83, 60, 64, 63, 38, 56, 49, 50, 126, 57, 44]",False,complete,97,97,1891,36,302,0,302,302,,False,,,,,,,2,58,33,58,33,33,33,34
2,10497,46,90,59,"[1, 2, 6, 7, 9, 10, 12, 13, 14, 16, 17, 18, 25, 26, 28, 32, 36, 39, 40, 42, 44, 46, 47, 48, 51, 52, 54, 57, 58, 61, 62, 66, 67, 68, 69, 70, 71, 72, 73, 74, 76, 78, 79, 80, 84, 85, 86, 89, 91, 93, 94, 97, 99, 101, 102, 105, 106, 108, 109, 110, 111, 112, 114, 115, 116, 118, 120, 121, 122, 127, 128, 129, 130, 131, 132, 133, 134, 135, 136, 137, 138, 139, 140, 143, 144, 145, 146, 147, 148, 149]","[0, 3, 4, 5, 8, 11, 15, 19, 20, 21, 22, 23, 24, 27, 29, 30, 31, 33, 34, 35, 37, 38, 41, 43, 45, 49, 50, 53, 55, 56, 59, 60, 63, 64, 65, 75, 77, 81, 82, 83, 87, 88, 90, 92, 95, 96, 98, 100, 103, 104, 107, 117, 119, 123, 124, 125, 126, 141, 142]","{""support_1"": 83, ""support_2"": 56}","[56, 83]",2,"[122, 17, 18, 32, 137, 138, 139, 140, 13, 14, 118, 116, 136, 16, 112, 111, 110, 9, 109, 144, 10, 108, 148, 115, 36, 135, 28, 26, 99, 105, 149, 102, 106, 121, 120, 114, 101, 145, 147, 146, 12, 58, 71, 134, 78, 67, 48, 61, 93, 85, 133, 40, 42, 143, 25, 7, 6, 2, 1, 132, 130, 131, 129, 54, 74, 76, 52, 47, 46, 51, 70, 86, 80, 79, 69, 68, 127, 94, 89, 128, 66, 73, 72, 91, 39, 97, 62, 84, 44, 57, 126, 50, 49, 56, 38, 63, 64, 60, 83, 125, 103, 104, 87, 88, 100, 82, 98, 96, 31, 30, 24, 11, 23, 5, 22, 4, 21, 37, 20, 35, 34, 124, 123, 141, 142, 53, 45, 55, 77, 59, 75, 119, 107, 117, 95, 90, 65, 92, 81, 8, 0, 15, 27, 3, 29, 41, 33, 43, 19]",True,2271035041,2.271035041,"[126, 50, 49, 56, 38, 63, 64, 60, 83, 125, 103, 104, 87, 88, 100, 82, 98, 96, 31, 30, 24, 11, 23, 5, 22, 4, 21, 37, 20, 35, 34, 124, 123, 142, 141, 53, 45, 55, 119, 107, 117, 95, 75, 59, 77, 90, 65, 92, 81, 43, 33, 41, 8, 0, 15, 27, 3, 29, 19]","[19, 29, 3, 27, 15, 0, 8, 41, 33, 43, 81, 92, 65, 90, 77, 59, 75, 95, 117, 107, 119, 55, 45, 53, 141, 142, 123, 124, 34, 35, 20, 37, 21, 4, 22, 5, 23, 11, 24, 30, 31, 96, 98, 82, 100, 88, 87, 104, 103, 125, 83, 60, 64, 63, 38, 56, 49, 50, 126]",False,complete,95,95,1770,36,260,0,260,260,,False,,,,,,,2,54,30,54,32,32,30,32
2,10498,47,92,57,"[1, 2, 6, 7, 9, 10, 12, 13, 14, 16, 17, 18, 25, 26, 28, 32, 36, 39, 40, 42, 44, 46, 47, 48, 50, 51, 52, 54, 57, 58, 61, 62, 66, 67, 68, 69, 70, 71, 72, 73, 74, 76, 78, 79, 80, 84, 85, 86, 89, 91, 93, 94, 97, 99, 101, 102, 105, 106, 108, 109, 110, 111, 112, 114, 115, 116, 118, 120, 121, 122, 126, 127, 128, 129, 130, 131, 132, 133, 134, 135, 136, 137, 138, 139, 140, 143, 144, 145, 146, 147, 148, 149]","[0, 3, 4, 5, 8, 11, 15, 19, 20, 21, 22, 23, 24, 27, 29, 30, 31, 33, 34, 35, 37, 38, 41, 43, 45, 49, 53, 55, 56, 59, 60, 63, 64, 65, 75, 77, 81, 82, 83, 87, 88, 90, 92, 95, 96, 98, 100, 103, 104, 107, 117, 119, 123, 124, 125, 141, 142]","{""support_1"": 83, ""support_2"": 56}","[56, 83]",2,"[122, 17, 18, 32, 137, 138, 139, 140, 13, 14, 118, 116, 136, 16, 112, 111, 110, 9, 109, 144, 10, 108, 148, 115, 36, 135, 28, 26, 99, 105, 149, 102, 106, 121, 120, 114, 101, 145, 147, 146, 12, 58, 71, 134, 78, 67, 48, 61, 93, 85, 133, 40, 42, 143, 25, 7, 6, 2, 1, 132, 130, 131, 129, 54, 74, 76, 52, 47, 46, 51, 70, 86, 80, 79, 69, 68, 127, 94, 89, 128, 66, 73, 72, 91, 39, 97, 62, 84, 44, 57, 126, 50, 49, 56, 38, 63, 64, 60, 83, 125, 103, 104, 87, 88, 100, 82, 98, 96, 31, 30, 24, 11, 23, 5, 22, 4, 21, 37, 20, 35, 34, 124, 123, 141, 142, 53, 45, 55, 77, 59, 75, 119, 107, 117, 95, 90, 65, 92, 81, 8, 0, 15, 27, 3, 29, 41, 33, 43, 19]",True,1664941875,1.664941875,"[49, 56, 38, 63, 64, 60, 83, 125, 103, 104, 87, 88, 100, 82, 98, 96, 31, 30, 24, 11, 23, 5, 22, 4, 21, 37, 20, 35, 34, 124, 123, 142, 141, 90, 81, 92, 119, 95, 117, 107, 53, 45, 55, 75, 59, 77, 65, 8, 0, 15, 27, 3, 29, 41, 19, 43, 33]","[33, 43, 19, 41, 29, 3, 27, 15, 0, 8, 65, 77, 59, 75, 55, 45, 53, 107, 117, 95, 119, 92, 81, 90, 141, 142, 123, 124, 34, 35, 20, 37, 21, 4, 22, 5, 23, 11, 24, 30, 31, 96, 98, 82, 100, 88, 87, 104, 103, 125, 83, 60, 64, 63, 38, 56, 49]",False,complete,74,74,1653,17,200,0,200,200,,False,,,,,,,2,50,30,50,32,32,30,32
2,10499,48,94,55,"[1, 2, 6, 7, 9, 10, 12, 13, 14, 16, 17, 18, 25, 26, 28, 32, 36, 39, 40, 42, 44, 46, 47, 48, 49, 50, 51, 52, 54, 56, 57, 58, 61, 62, 66, 67, 68, 69, 70, 71, 72, 73, 74, 76, 78, 79, 80, 84, 85, 86, 89, 91, 93, 94, 97, 99, 101, 102, 105, 106, 108, 109, 110, 111, 112, 114, 115, 116, 118, 120, 121, 122, 126, 127, 128, 129, 130, 131, 132, 133, 134, 135, 136, 137, 138, 139, 140, 143, 144, 145, 146, 147, 148, 149]","[0, 3, 4, 5, 8, 11, 15, 19, 20, 21, 22, 23, 24, 27, 29, 30, 31, 33, 34, 35, 37, 38, 41, 43, 45, 53, 55, 59, 60, 63, 64, 65, 75, 77, 81, 82, 83, 87, 88, 90, 92, 95, 96, 98, 100, 103, 104, 107, 117, 119, 123, 124, 125, 141, 142]","{""support_1"": 83, ""support_2"": 63}","[63, 83]",2,"[122, 17, 18, 32, 137, 138, 139, 140, 13, 14, 118, 116, 136, 16, 112, 111, 110, 9, 109, 144, 10, 108, 148, 115, 36, 135, 28, 26, 99, 105, 149, 102, 106, 121, 120, 114, 101, 145, 147, 146, 12, 58, 71, 134, 78, 67, 48, 61, 93, 85, 133, 40, 42, 143, 25, 7, 6, 2, 1, 132, 130, 131, 129, 54, 74, 76, 52, 47, 46, 51, 70, 86, 80, 79, 69, 68, 127, 94, 89, 128, 66, 73, 72, 91, 39, 97, 62, 84, 44, 57, 126, 50, 49, 56, 38, 63, 64, 60, 83, 125, 103, 104, 87, 88, 100, 82, 98, 96, 31, 30, 24, 11, 23, 5, 22, 4, 21, 37, 20, 35, 34, 124, 123, 141, 142, 53, 45, 55, 77, 59, 75, 119, 107, 117, 95, 90, 65, 92, 81, 8, 0, 15, 27, 3, 29, 41, 33, 43, 19]",True,1269454345,1.269454345,"[38, 63, 64, 60, 83, 125, 103, 104, 87, 88, 100, 82, 98, 96, 31, 30, 11, 24, 23, 5, 22, 4, 21, 37, 20, 35, 34, 124, 123, 142, 141, 55, 45, 53, 77, 59, 75, 117, 107, 119, 95, 92, 81, 90, 65, 8, 0, 15, 29, 3, 27, 43, 19, 41, 33]","[33, 41, 19, 43, 27, 3, 29, 15, 0, 8, 65, 90, 81, 92, 95, 119, 107, 117, 75, 59, 77, 53, 45, 55, 141, 142, 123, 124, 34, 35, 20, 37, 21, 4, 22, 5, 23, 24, 11, 30, 31, 96, 98, 82, 100, 88, 87, 104, 103, 125, 83, 60, 64, 63, 38]",False,complete,68,68,1540,13,174,0,174,174,,False,,,,,,,2,46,29,46,31,31,29,31
2,10500,49,96,53,"[1, 2, 6, 7, 9, 10, 12, 13, 14, 16, 17, 18, 25, 26, 28, 32, 36, 38, 39, 40, 42, 44, 46, 47, 48, 49, 50, 51, 52, 54, 56, 57, 58, 61, 62, 63, 66, 67, 68, 69, 70, 71, 72, 73, 74, 76, 78, 79, 80, 84, 85, 86, 89, 91, 93, 94, 97, 99, 101, 102, 105, 106, 108, 109, 110, 111, 112, 114, 115, 116, 118, 120, 121, 122, 126, 127, 128, 129, 130, 131, 132, 133, 134, 135, 136, 137, 138, 139, 140, 143, 144, 145, 146, 147, 148, 149]","[0, 3, 4, 5, 8, 11, 15, 19, 20, 21, 22, 23, 24, 27, 29, 30, 31, 33, 34, 35, 37, 41, 43, 45, 53, 55, 59, 60, 64, 65, 75, 77, 81, 82, 83, 87, 88, 90, 92, 95, 96, 98, 100, 103, 104, 107, 117, 119, 123, 124, 125, 141, 142]","{""support_1"": 83, ""support_2"": 64}","[64, 83]",2,"[122, 17, 18, 32, 137, 138, 139, 140, 13, 14, 118, 116, 136, 16, 112, 111, 110, 9, 109, 144, 10, 108, 148, 115, 36, 135, 28, 26, 99, 105, 149, 102, 106, 121, 120, 114, 101, 145, 147, 146, 12, 58, 71, 134, 78, 67, 48, 61, 93, 85, 133, 40, 42, 143, 25, 7, 6, 2, 1, 132, 130, 131, 129, 54, 74, 76, 52, 47, 46, 51, 70, 86, 80, 79, 69, 68, 127, 94, 89, 128, 66, 73, 72, 91, 39, 97, 62, 84, 44, 57, 126, 50, 49, 56, 38, 63, 64, 60, 83, 125, 103, 104, 87, 88, 100, 82, 98, 96, 31, 30, 24, 11, 23, 5, 22, 4, 21, 37, 20, 35, 34, 124, 123, 141, 142, 53, 45, 55, 77, 59, 75, 119, 107, 117, 95, 90, 65, 92, 81, 8, 0, 15, 27, 3, 29, 41, 33, 43, 19]",True,1000291892,1.000291892,"[64, 60, 83, 125, 103, 104, 87, 88, 100, 82, 98, 96, 31, 30, 11, 24, 23, 5, 22, 4, 21, 37, 20, 35, 34, 124, 123, 142, 141, 90, 81, 92, 117, 107, 119, 95, 77, 65, 75, 59, 55, 45, 53, 41, 33, 43, 27, 19, 29, 8, 0, 15, 3]","[3, 15, 0, 8, 29, 19, 27, 43, 33, 41, 53, 45, 55, 59, 75, 65, 77, 95, 119, 107, 117, 92, 81, 90, 141, 142, 123, 124, 34, 35, 20, 37, 21, 4, 22, 5, 23, 24, 11, 30, 31, 96, 98, 82, 100, 88, 87, 104, 103, 125, 83, 60, 64]",False,complete,61,61,1431,8,150,0,150,150,,False,,,,,,,2,42,28,42,29,29,28,30
2,10501,50,98,51,"[1, 2, 6, 7, 9, 10, 12, 13, 14, 16, 17, 18, 25, 26, 28, 32, 36, 38, 39, 40, 42, 44, 46, 47, 48, 49, 50, 51, 52, 54, 56, 57, 58, 60, 61, 62, 63, 64, 66, 67, 68, 69, 70, 71, 72, 73, 74, 76, 78, 79, 80, 84, 85, 86, 89, 91, 93, 94, 97, 99, 101, 102, 105, 106, 108, 109, 110, 111, 112, 114, 115, 116, 118, 120, 121, 122, 126, 127, 128, 129, 130, 131, 132, 133, 134, 135, 136, 137, 138, 139, 140, 143, 144, 145, 146, 147, 148, 149]","[0, 3, 4, 5, 8, 11, 15, 19, 20, 21, 22, 23, 24, 27, 29, 30, 31, 33, 34, 35, 37, 41, 43, 45, 53, 55, 59, 65, 75, 77, 81, 82, 83, 87, 88, 90, 92, 95, 96, 98, 100, 103, 104, 107, 117, 119, 123, 124, 125, 141, 142]","{""support_1"": 83}",[83],1,"[122, 17, 18, 32, 137, 138, 139, 140, 13, 14, 118, 116, 136, 16, 112, 111, 110, 9, 109, 144, 10, 108, 148, 115, 36, 135, 28, 26, 99, 105, 149, 102, 106, 121, 120, 114, 101, 145, 147, 146, 12, 58, 71, 134, 78, 67, 48, 61, 93, 85, 133, 40, 42, 143, 25, 7, 6, 2, 1, 132, 130, 131, 129, 54, 74, 76, 52, 47, 46, 51, 70, 86, 80, 79, 69, 68, 127, 94, 89, 128, 66, 73, 72, 91, 39, 97, 62, 84, 44, 57, 126, 50, 49, 56, 38, 63, 64, 60, 83, 125, 103, 104, 87, 88, 100, 82, 98, 96, 31, 30, 24, 11, 23, 5, 22, 4, 21, 37, 20, 35, 34, 124, 123, 141, 142, 53, 45, 55, 77, 59, 75, 119, 107, 117, 95, 90, 65, 92, 81, 8, 0, 15, 27, 3, 29, 41, 33, 43, 19]",True,999134473,0.999134473,"[83, 125, 103, 104, 87, 88, 100, 82, 98, 96, 31, 30, 24, 11, 23, 5, 22, 4, 21, 37, 20, 35, 34, 124, 123, 142, 141, 77, 59, 75, 53, 45, 55, 117, 107, 119, 95, 92, 65, 90, 81, 43, 33, 41, 8, 0, 15, 29, 19, 27, 3]","[3, 27, 19, 29, 15, 0, 8, 41, 33, 43, 81, 90, 65, 92, 95, 119, 107, 117, 55, 45, 53, 75, 59, 77, 141, 142, 123, 124, 34, 35, 20, 37, 21, 4, 22, 5, 23, 11, 24, 30, 31, 96, 98, 82, 100, 88, 87, 104, 103, 125, 83]",False,complete,59,59,1326,8,147,0,147,147,,False,,,,,,,2,39,27,39,27,27,27,28
2,10502,51,100,49,"[1, 2, 6, 7, 9, 10, 12, 13, 14, 16, 17, 18, 25, 26, 28, 32, 36, 38, 39, 40, 42, 44, 46, 47, 48, 49, 50, 51, 52, 54, 56, 57, 58, 60, 61, 62, 63, 64, 66, 67, 68, 69, 70, 71, 72, 73, 74, 76, 78, 79, 80, 83, 84, 85, 86, 89, 91, 93, 94, 97, 99, 101, 102, 105, 106, 108, 109, 110, 111, 112, 114, 115, 116, 118, 120, 121, 122, 125, 126, 127, 128, 129, 130, 131, 132, 133, 134, 135, 136, 137, 138, 139, 140, 143, 144, 145, 146, 147, 148, 149]","[0, 3, 4, 5, 8, 11, 15, 19, 20, 21, 22, 23, 24, 27, 29, 30, 31, 33, 34, 35, 37, 41, 43, 45, 53, 55, 59, 65, 75, 77, 81, 82, 87, 88, 90, 92, 95, 96, 98, 100, 103, 104, 107, 117, 119, 123, 124, 141, 142]","{""support_1"": 98, ""support_2"": 103}","[98, 103]",2,"[122, 17, 18, 32, 137, 138, 139, 140, 13, 14, 118, 116, 136, 16, 112, 111, 110, 9, 109, 144, 10, 108, 148, 115, 36, 135, 28, 26, 99, 105, 149, 102, 106, 121, 120, 114, 101, 145, 147, 146, 12, 58, 71, 134, 78, 67, 48, 61, 93, 85, 133, 40, 42, 143, 25, 7, 6, 2, 1, 132, 130, 131, 129, 54, 74, 76, 52, 47, 46, 51, 70, 86, 80, 79, 69, 68, 127, 94, 89, 128, 66, 73, 72, 91, 39, 97, 62, 84, 44, 57, 126, 50, 49, 56, 38, 63, 64, 60, 83, 125, 103, 104, 87, 88, 100, 82, 98, 96, 31, 30, 24, 11, 23, 5, 22, 4, 21, 37, 20, 35, 34, 124, 123, 141, 142, 53, 45, 55, 77, 59, 75, 119, 107, 117, 95, 90, 65, 92, 81, 8, 0, 15, 27, 3, 29, 41, 33, 43, 19]",True,753254624,0.753254624,"[103, 104, 87, 88, 100, 82, 98, 96, 31, 30, 24, 11, 23, 5, 22, 4, 21, 37, 20, 35, 34, 124, 123, 141, 142, 117, 107, 119, 95, 90, 81, 92, 53, 45, 55, 75, 59, 77, 65, 15, 0, 8, 27, 3, 29, 41, 33, 43, 19]","[19, 43, 33, 41, 29, 3, 27, 8, 0, 15, 65, 77, 59, 75, 55, 45, 53, 92, 81, 90, 95, 119, 107, 117, 142, 141, 123, 124, 34, 35, 20, 37, 21, 4, 22, 5, 23, 11, 24, 30, 31, 96, 98, 82, 100, 88, 87, 104, 103]",False,complete,56,56,1225,7,123,0,123,123,,False,,,,,,,2,35,24,35,25,25,24,26
2,10503,52,102,47,"[1, 2, 6, 7, 9, 10, 12, 13, 14, 16, 17, 18, 25, 26, 28, 32, 36, 38, 39, 40, 42, 44, 46, 47, 48, 49, 50, 51, 52, 54, 56, 57, 58, 60, 61, 62, 63, 64, 66, 67, 68, 69, 70, 71, 72, 73, 74, 76, 78, 79, 80, 83, 84, 85, 86, 89, 91, 93, 94, 97, 99, 101, 102, 103, 104, 105, 106, 108, 109, 110, 111, 112, 114, 115, 116, 118, 120, 121, 122, 125, 126, 127, 128, 129, 130, 131, 132, 133, 134, 135, 136, 137, 138, 139, 140, 143, 144, 145, 146, 147, 148, 149]","[0, 3, 4, 5, 8, 11, 15, 19, 20, 21, 22, 23, 24, 27, 29, 30, 31, 33, 34, 35, 37, 41, 43, 45, 53, 55, 59, 65, 75, 77, 81, 82, 87, 88, 90, 92, 95, 96, 98, 100, 107, 117, 119, 123, 124, 141, 142]","{""support_1"": 98, ""support_2"": 88}","[88, 98]",2,"[122, 17, 18, 32, 137, 138, 139, 140, 13, 14, 118, 116, 136, 16, 112, 111, 110, 9, 109, 144, 10, 108, 148, 115, 36, 135, 28, 26, 99, 105, 149, 102, 106, 121, 120, 114, 101, 145, 147, 146, 12, 58, 71, 134, 78, 67, 48, 61, 93, 85, 133, 40, 42, 143, 25, 7, 6, 2, 1, 132, 130, 131, 129, 54, 74, 76, 52, 47, 46, 51, 70, 86, 80, 79, 69, 68, 127, 94, 89, 128, 66, 73, 72, 91, 39, 97, 62, 84, 44, 57, 126, 50, 49, 56, 38, 63, 64, 60, 83, 125, 103, 104, 87, 88, 100, 82, 98, 96, 31, 30, 24, 11, 23, 5, 22, 4, 21, 37, 20, 35, 34, 124, 123, 141, 142, 53, 45, 55, 77, 59, 75, 119, 107, 117, 95, 90, 65, 92, 81, 8, 0, 15, 27, 3, 29, 41, 33, 43, 19]",True,567058227,0.567058227,"[87, 88, 100, 82, 98, 96, 31, 30, 24, 11, 23, 5, 22, 4, 21, 37, 20, 35, 34, 124, 123, 142, 141, 53, 45, 55, 77, 59, 75, 119, 107, 117, 95, 90, 65, 92, 81, 27, 29, 8, 0, 15, 3, 43, 19, 41, 33]","[33, 41, 19, 43, 3, 15, 0, 8, 29, 27, 81, 92, 65, 90, 95, 117, 107, 119, 75, 59, 77, 55, 45, 53, 141, 142, 123, 124, 34, 35, 20, 37, 21, 4, 22, 5, 23, 11, 24, 30, 31, 96, 98, 82, 100, 88, 87]",False,complete,52,52,1128,5,101,0,101,101,,False,,,,,,,2,30,21,30,23,23,21,23
2,10504,53,104,45,"[1, 2, 6, 7, 9, 10, 12, 13, 14, 16, 17, 18, 25, 26, 28, 32, 36, 38, 39, 40, 42, 44, 46, 47, 48, 49, 50, 51, 52, 54, 56, 57, 58, 60, 61, 62, 63, 64, 66, 67, 68, 69, 70, 71, 72, 73, 74, 76, 78, 79, 80, 83, 84, 85, 86, 87, 88, 89, 91, 93, 94, 97, 99, 101, 102, 103, 104, 105, 106, 108, 109, 110, 111, 112, 114, 115, 116, 118, 120, 121, 122, 125, 126, 127, 128, 129, 130, 131, 132, 133, 134, 135, 136, 137, 138, 139, 140, 143, 144, 145, 146, 147, 148, 149]","[0, 3, 4, 5, 8, 11, 15, 19, 20, 21, 22, 23, 24, 27, 29, 30, 31, 33, 34, 35, 37, 41, 43, 45, 53, 55, 59, 65, 75, 77, 81, 82, 90, 92, 95, 96, 98, 100, 107, 117, 119, 123, 124, 141, 142]","{""support_1"": 98, ""support_2"": 100}","[98, 100]",2,"[122, 17, 18, 32, 137, 138, 139, 140, 13, 14, 118, 116, 136, 16, 112, 111, 110, 9, 109, 144, 10, 108, 148, 115, 36, 135, 28, 26, 99, 105, 149, 102, 106, 121, 120, 114, 101, 145, 147, 146, 12, 58, 71, 134, 78, 67, 48, 61, 93, 85, 133, 40, 42, 143, 25, 7, 6, 2, 1, 132, 130, 131, 129, 54, 74, 76, 52, 47, 46, 51, 70, 86, 80, 79, 69, 68, 127, 94, 89, 128, 66, 73, 72, 91, 39, 97, 62, 84, 44, 57, 126, 50, 49, 56, 38, 63, 64, 60, 83, 125, 103, 104, 87, 88, 100, 82, 98, 96, 31, 30, 24, 11, 23, 5, 22, 4, 21, 37, 20, 35, 34, 124, 123, 141, 142, 53, 45, 55, 77, 59, 75, 119, 107, 117, 95, 90, 65, 92, 81, 8, 0, 15, 27, 3, 29, 41, 33, 43, 19]",True,407558627,0.407558627,"[100, 82, 98, 96, 31, 30, 24, 11, 23, 5, 22, 4, 21, 37, 20, 35, 34, 124, 123, 141, 142, 53, 45, 55, 92, 81, 90, 77, 59, 75, 65, 117, 95, 119, 107, 15, 0, 8, 29, 3, 27, 43, 19, 41, 33]","[33, 41, 19, 43, 27, 3, 29, 8, 0, 15, 107, 119, 95, 117, 65, 75, 59, 77, 90, 81, 92, 55, 45, 53, 142, 141, 123, 124, 34, 35, 20, 37, 21, 4, 22, 5, 23, 11, 24, 30, 31, 96, 98, 82, 100]",False,complete,45,45,1035,0,85,0,85,85,,False,,,,,,,2,27,21,27,22,22,21,23
2,10505,54,106,43,"[1, 2, 6, 7, 9, 10, 12, 13, 14, 16, 17, 18, 25, 26, 28, 32, 36, 38, 39, 40, 42, 44, 46, 47, 48, 49, 50, 51, 52, 54, 56, 57, 58, 60, 61, 62, 63, 64, 66, 67, 68, 69, 70, 71, 72, 73, 74, 76, 78, 79, 80, 82, 83, 84, 85, 86, 87, 88, 89, 91, 93, 94, 97, 99, 100, 101, 102, 103, 104, 105, 106, 108, 109, 110, 111, 112, 114, 115, 116, 118, 120, 121, 122, 125, 126, 127, 128, 129, 130, 131, 132, 133, 134, 135, 136, 137, 138, 139, 140, 143, 144, 145, 146, 147, 148, 149]","[0, 3, 4, 5, 8, 11, 15, 19, 20, 21, 22, 23, 24, 27, 29, 30, 31, 33, 34, 35, 37, 41, 43, 45, 53, 55, 59, 65, 75, 77, 81, 90, 92, 95, 96, 98, 107, 117, 119, 123, 124, 141, 142]","{""support_1"": 98}",[98],1,"[122, 17, 18, 32, 137, 138, 139, 140, 13, 14, 118, 116, 136, 16, 112, 111, 110, 9, 109, 144, 10, 108, 148, 115, 36, 135, 28, 26, 99, 105, 149, 102, 106, 121, 120, 114, 101, 145, 147, 146, 12, 58, 71, 134, 78, 67, 48, 61, 93, 85, 133, 40, 42, 143, 25, 7, 6, 2, 1, 132, 130, 131, 129, 54, 74, 76, 52, 47, 46, 51, 70, 86, 80, 79, 69, 68, 127, 94, 89, 128, 66, 73, 72, 91, 39, 97, 62, 84, 44, 57, 126, 50, 49, 56, 38, 63, 64, 60, 83, 125, 103, 104, 87, 88, 100, 82, 98, 96, 31, 30, 24, 11, 23, 5, 22, 4, 21, 37, 20, 35, 34, 124, 123, 141, 142, 53, 45, 55, 77, 59, 75, 119, 107, 117, 95, 90, 65, 92, 81, 8, 0, 15, 27, 3, 29, 41, 33, 43, 19]",True,426860524,0.426860524,"[98, 96, 31, 30, 11, 24, 23, 5, 22, 4, 21, 37, 20, 35, 34, 124, 123, 141, 142, 75, 59, 77, 119, 107, 117, 95, 90, 81, 92, 65, 55, 45, 53, 41, 33, 43, 15, 0, 8, 29, 3, 27, 19]","[19, 27, 3, 29, 8, 0, 15, 43, 33, 41, 53, 45, 55, 65, 92, 81, 90, 95, 117, 107, 119, 77, 59, 75, 142, 141, 123, 124, 34, 35, 20, 37, 21, 4, 22, 5, 23, 24, 11, 30, 31, 96, 98]",False,complete,43,43,946,0,82,0,82,82,,False,,,,,,,2,24,20,24,20,20,20,21
2,10506,55,108,41,"[1, 2, 6, 7, 9, 10, 12, 13, 14, 16, 17, 18, 25, 26, 28, 32, 36, 38, 39, 40, 42, 44, 46, 47, 48, 49, 50, 51, 52, 54, 56, 57, 58, 60, 61, 62, 63, 64, 66, 67, 68, 69, 70, 71, 72, 73, 74, 76, 78, 79, 80, 82, 83, 84, 85, 86, 87, 88, 89, 91, 93, 94, 96, 97, 98, 99, 100, 101, 102, 103, 104, 105, 106, 108, 109, 110, 111, 112, 114, 115, 116, 118, 120, 121, 122, 125, 126, 127, 128, 129, 130, 131, 132, 133, 134, 135, 136, 137, 138, 139, 140, 143, 144, 145, 146, 147, 148, 149]","[0, 3, 4, 5, 8, 11, 15, 19, 20, 21, 22, 23, 24, 27, 29, 30, 31, 33, 34, 35, 37, 41, 43, 45, 53, 55, 59, 65, 75, 77, 81, 90, 92, 95, 107, 117, 119, 123, 124, 141, 142]","{""support_1"": 31}",[31],1,"[122, 17, 18, 32, 137, 138, 139, 140, 13, 14, 118, 116, 136, 16, 112, 111, 110, 9, 109, 144, 10, 108, 148, 115, 36, 135, 28, 26, 99, 105, 149, 102, 106, 121, 120, 114, 101, 145, 147, 146, 12, 58, 71, 134, 78, 67, 48, 61, 93, 85, 133, 40, 42, 143, 25, 7, 6, 2, 1, 132, 130, 131, 129, 54, 74, 76, 52, 47, 46, 51, 70, 86, 80, 79, 69, 68, 127, 94, 89, 128, 66, 73, 72, 91, 39, 97, 62, 84, 44, 57, 126, 50, 49, 56, 38, 63, 64, 60, 83, 125, 103, 104, 87, 88, 100, 82, 98, 96, 31, 30, 24, 11, 23, 5, 22, 4, 21, 37, 20, 35, 34, 124, 123, 141, 142, 53, 45, 55, 77, 59, 75, 119, 107, 117, 95, 90, 65, 92, 81, 8, 0, 15, 27, 3, 29, 41, 33, 43, 19]",True,343437877,0.343437877,"[31, 30, 11, 24, 23, 5, 22, 4, 21, 37, 20, 35, 34, 124, 123, 142, 141, 119, 107, 117, 95, 75, 59, 77, 90, 65, 92, 81, 55, 45, 53, 8, 0, 15, 29, 3, 27, 43, 19, 41, 33]","[33, 41, 19, 43, 27, 3, 29, 15, 0, 8, 53, 45, 55, 81, 92, 65, 90, 77, 59, 75, 95, 117, 107, 119, 141, 142, 123, 124, 34, 35, 20, 37, 21, 4, 22, 5, 23, 24, 11, 30, 31]",False,complete,41,41,861,0,74,0,74,74,,False,,,,,,,2,21,18,21,18,18,18,19
2,10507,56,110,39,"[1, 2, 6, 7, 9, 10, 12, 13, 14, 16, 17, 18, 25, 26, 28, 30, 31, 32, 36, 38, 39, 40, 42, 44, 46, 47, 48, 49, 50, 51, 52, 54, 56, 57, 58, 60, 61, 62, 63, 64, 66, 67, 68, 69, 70, 71, 72, 73, 74, 76, 78, 79, 80, 82, 83, 84, 85, 86, 87, 88, 89, 91, 93, 94, 96, 97, 98, 99, 100, 101, 102, 103, 104, 105, 106, 108, 109, 110, 111, 112, 114, 115, 116, 118, 120, 121, 122, 125, 126, 127, 128, 129, 130, 131, 132, 133, 134, 135, 136, 137, 138, 139, 140, 143, 144, 145, 146, 147, 148, 149]","[0, 3, 4, 5, 8, 11, 15, 19, 20, 21, 22, 23, 24, 27, 29, 33, 34, 35, 37, 41, 43, 45, 53, 55, 59, 65, 75, 77, 81, 90, 92, 95, 107, 117, 119, 123, 124, 141, 142]","{""support_1"": 11, ""support_2"": 24}","[11, 24]",2,"[122, 17, 18, 32, 137, 138, 139, 140, 13, 14, 118, 116, 136, 16, 112, 111, 110, 9, 109, 144, 10, 108, 148, 115, 36, 135, 28, 26, 99, 105, 149, 102, 106, 121, 120, 114, 101, 145, 147, 146, 12, 58, 71, 134, 78, 67, 48, 61, 93, 85, 133, 40, 42, 143, 25, 7, 6, 2, 1, 132, 130, 131, 129, 54, 74, 76, 52, 47, 46, 51, 70, 86, 80, 79, 69, 68, 127, 94, 89, 128, 66, 73, 72, 91, 39, 97, 62, 84, 44, 57, 126, 50, 49, 56, 38, 63, 64, 60, 83, 125, 103, 104, 87, 88, 100, 82, 98, 96, 31, 30, 24, 11, 23, 5, 22, 4, 21, 37, 20, 35, 34, 124, 123, 141, 142, 53, 45, 55, 77, 59, 75, 119, 107, 117, 95, 90, 65, 92, 81, 8, 0, 15, 27, 3, 29, 41, 33, 43, 19]",True,307212926,0.307212926,"[11, 24, 23, 5, 22, 4, 21, 37, 20, 35, 34, 124, 123, 142, 141, 92, 81, 90, 77, 65, 75, 59, 55, 45, 53, 117, 107, 119, 95, 15, 0, 8, 29, 3, 27, 43, 33, 41, 19]","[19, 41, 33, 43, 27, 3, 29, 8, 0, 15, 95, 119, 107, 117, 53, 45, 55, 59, 75, 65, 77, 90, 81, 92, 141, 142, 123, 124, 34, 35, 20, 37, 21, 4, 22, 5, 23, 24, 11]",False,complete,39,39,780,0,68,0,68,68,,False,,,,,,,2,18,15,18,16,16,15,17
2,10508,57,112,37,"[1, 2, 6, 7, 9, 10, 11, 12, 13, 14, 16, 17, 18, 24, 25, 26, 28, 30, 31, 32, 36, 38, 39, 40, 42, 44, 46, 47, 48, 49, 50, 51, 52, 54, 56, 57, 58, 60, 61, 62, 63, 64, 66, 67, 68, 69, 70, 71, 72, 73, 74, 76, 78, 79, 80, 82, 83, 84, 85, 86, 87, 88, 89, 91, 93, 94, 96, 97, 98, 99, 100, 101, 102, 103, 104, 105, 106, 108, 109, 110, 111, 112, 114, 115, 116, 118, 120, 121, 122, 125, 126, 127, 128, 129, 130, 131, 132, 133, 134, 135, 136, 137, 138, 139, 140, 143, 144, 145, 146, 147, 148, 149]","[0, 3, 4, 5, 8, 15, 19, 20, 21, 22, 23, 27, 29, 33, 34, 35, 37, 41, 43, 45, 53, 55, 59, 65, 75, 77, 81, 90, 92, 95, 107, 117, 119, 123, 124, 141, 142]",{},[],0,"[122, 17, 18, 32, 137, 138, 139, 140, 13, 14, 118, 116, 136, 16, 112, 111, 110, 9, 109, 144, 10, 108, 148, 115, 36, 135, 28, 26, 99, 105, 149, 102, 106, 121, 120, 114, 101, 145, 147, 146, 12, 58, 71, 134, 78, 67, 48, 61, 93, 85, 133, 40, 42, 143, 25, 7, 6, 2, 1, 132, 130, 131, 129, 54, 74, 76, 52, 47, 46, 51, 70, 86, 80, 79, 69, 68, 127, 94, 89, 128, 66, 73, 72, 91, 39, 97, 62, 84, 44, 57, 126, 50, 49, 56, 38, 63, 64, 60, 83, 125, 103, 104, 87, 88, 100, 82, 98, 96, 31, 30, 24, 11, 23, 5, 22, 4, 21, 37, 20, 35, 34, 124, 123, 141, 142, 53, 45, 55, 77, 59, 75, 119, 107, 117, 95, 90, 65, 92, 81, 8, 0, 15, 27, 3, 29, 41, 33, 43, 19]",True,268103900,0.268103900,"[23, 5, 22, 4, 21, 37, 20, 35, 34, 124, 123, 142, 141, 90, 81, 92, 53, 45, 55, 77, 65, 75, 59, 117, 95, 119, 107, 41, 33, 43, 27, 19, 29, 8, 0, 15, 3]","[3, 15, 0, 8, 29, 19, 27, 43, 33, 41, 107, 119, 95, 117, 59, 75, 65, 77, 55, 45, 53, 92, 81, 90, 141, 142, 123, 124, 34, 35, 20, 37, 21, 4, 22, 5, 23]",False,complete,37,37,703,0,65,0,65,65,,False,,,,,,,2,17,15,17,15,15,15,15
2,10509,58,114,35,"[1, 2, 5, 6, 7, 9, 10, 11, 12, 13, 14, 16, 17, 18, 23, 24, 25, 26, 28, 30, 31, 32, 36, 38, 39, 40, 42, 44, 46, 47, 48, 49, 50, 51, 52, 54, 56, 57, 58, 60, 61, 62, 63, 64, 66, 67, 68, 69, 70, 71, 72, 73, 74, 76, 78, 79, 80, 82, 83, 84, 85, 86, 87, 88, 89, 91, 93, 94, 96, 97, 98, 99, 100, 101, 102, 103, 104, 105, 106, 108, 109, 110, 111, 112, 114, 115, 116, 118, 120, 121, 122, 125, 126, 127, 128, 129, 130, 131, 132, 133, 134, 135, 136, 137, 138, 139, 140, 143, 144, 145, 146, 147, 148, 149]","[0, 3, 4, 8, 15, 19, 20, 21, 22, 27, 29, 33, 34, 35, 37, 41, 43, 45, 53, 55, 59, 65, 75, 77, 81, 90, 92, 95, 107, 117, 119, 123, 124, 141, 142]","{""support_1"": 22}",[22],1,"[122, 17, 18, 32, 137, 138, 139, 140, 13, 14, 118, 116, 136, 16, 112, 111, 110, 9, 109, 144, 10, 108, 148, 115, 36, 135, 28, 26, 99, 105, 149, 102, 106, 121, 120, 114, 101, 145, 147, 146, 12, 58, 71, 134, 78, 67, 48, 61, 93, 85, 133, 40, 42, 143, 25, 7, 6, 2, 1, 132, 130, 131, 129, 54, 74, 76, 52, 47, 46, 51, 70, 86, 80, 79, 69, 68, 127, 94, 89, 128, 66, 73, 72, 91, 39, 97, 62, 84, 44, 57, 126, 50, 49, 56, 38, 63, 64, 60, 83, 125, 103, 104, 87, 88, 100, 82, 98, 96, 31, 30, 24, 11, 23, 5, 22, 4, 21, 37, 20, 35, 34, 124, 123, 141, 142, 53, 45, 55, 77, 59, 75, 119, 107, 117, 95, 90, 65, 92, 81, 8, 0, 15, 27, 3, 29, 41, 33, 43, 19]",True,221337605,0.221337605,"[22, 4, 21, 37, 20, 35, 34, 124, 123, 142, 141, 75, 59, 77, 92, 81, 90, 65, 55, 45, 53, 117, 95, 119, 107, 8, 0, 15, 27, 3, 29, 41, 19, 43, 33]","[33, 43, 19, 41, 29, 3, 27, 15, 0, 8, 107, 119, 95, 117, 53, 45, 55, 65, 90, 81, 92, 77, 59, 75, 141, 142, 123, 124, 34, 35, 20, 37, 21, 4, 22]",False,complete,35,35,630,0,58,0,58,58,,False,,,,,,,2,15,13,15,13,13,13,14
2,10510,59,116,33,"[1, 2, 4, 5, 6, 7, 9, 10, 11, 12, 13, 14, 16, 17, 18, 22, 23, 24, 25, 26, 28, 30, 31, 32, 36, 38, 39, 40, 42, 44, 46, 47, 48, 49, 50, 51, 52, 54, 56, 57, 58, 60, 61, 62, 63, 64, 66, 67, 68, 69, 70, 71, 72, 73, 74, 76, 78, 79, 80, 82, 83, 84, 85, 86, 87, 88, 89, 91, 93, 94, 96, 97, 98, 99, 100, 101, 102, 103, 104, 105, 106, 108, 109, 110, 111, 112, 114, 115, 116, 118, 120, 121, 122, 125, 126, 127, 128, 129, 130, 131, 132, 133, 134, 135, 136, 137, 138, 139, 140, 143, 144, 145, 146, 147, 148, 149]","[0, 3, 8, 15, 19, 20, 21, 27, 29, 33, 34, 35, 37, 41, 43, 45, 53, 55, 59, 65, 75, 77, 81, 90, 92, 95, 107, 117, 119, 123, 124, 141, 142]","{""support_2"": 21}",[21],1,"[122, 17, 18, 32, 137, 138, 139, 140, 13, 14, 118, 116, 136, 16, 112, 111, 110, 9, 109, 144, 10, 108, 148, 115, 36, 135, 28, 26, 99, 105, 149, 102, 106, 121, 120, 114, 101, 145, 147, 146, 12, 58, 71, 134, 78, 67, 48, 61, 93, 85, 133, 40, 42, 143, 25, 7, 6, 2, 1, 132, 130, 131, 129, 54, 74, 76, 52, 47, 46, 51, 70, 86, 80, 79, 69, 68, 127, 94, 89, 128, 66, 73, 72, 91, 39, 97, 62, 84, 44, 57, 126, 50, 49, 56, 38, 63, 64, 60, 83, 125, 103, 104, 87, 88, 100, 82, 98, 96, 31, 30, 24, 11, 23, 5, 22, 4, 21, 37, 20, 35, 34, 124, 123, 141, 142, 53, 45, 55, 77, 59, 75, 119, 107, 117, 95, 90, 65, 92, 81, 8, 0, 15, 27, 3, 29, 41, 33, 43, 19]",True,167923943,0.167923943,"[21, 37, 20, 35, 34, 124, 123, 142, 141, 92, 81, 90, 119, 107, 117, 95, 55, 45, 53, 77, 65, 75, 59, 15, 0, 8, 27, 3, 29, 43, 33, 41, 19]","[19, 41, 33, 43, 29, 3, 27, 8, 0, 15, 59, 75, 65, 77, 53, 45, 55, 95, 117, 107, 119, 90, 81, 92, 141, 142, 123, 124, 34, 35, 20, 37, 21]",False,complete,33,33,561,0,49,0,49,49,,False,,,,,,,2,12,11,12,11,11,11,12
2,10511,60,118,31,"[1, 2, 4, 5, 6, 7, 9, 10, 11, 12, 13, 14, 16, 17, 18, 21, 22, 23, 24, 25, 26, 28, 30, 31, 32, 36, 37, 38, 39, 40, 42, 44, 46, 47, 48, 49, 50, 51, 52, 54, 56, 57, 58, 60, 61, 62, 63, 64, 66, 67, 68, 69, 70, 71, 72, 73, 74, 76, 78, 79, 80, 82, 83, 84, 85, 86, 87, 88, 89, 91, 93, 94, 96, 97, 98, 99, 100, 101, 102, 103, 104, 105, 106, 108, 109, 110, 111, 112, 114, 115, 116, 118, 120, 121, 122, 125, 126, 127, 128, 129, 130, 131, 132, 133, 134, 135, 136, 137, 138, 139, 140, 143, 144, 145, 146, 147, 148, 149]","[0, 3, 8, 15, 19, 20, 27, 29, 33, 34, 35, 41, 43, 45, 53, 55, 59, 65, 75, 77, 81, 90, 92, 95, 107, 117, 119, 123, 124, 141, 142]","{""support_1"": 20, ""support_2"": 35}","[20, 35]",2,"[122, 17, 18, 32, 137, 138, 139, 140, 13, 14, 118, 116, 136, 16, 112, 111, 110, 9, 109, 144, 10, 108, 148, 115, 36, 135, 28, 26, 99, 105, 149, 102, 106, 121, 120, 114, 101, 145, 147, 146, 12, 58, 71, 134, 78, 67, 48, 61, 93, 85, 133, 40, 42, 143, 25, 7, 6, 2, 1, 132, 130, 131, 129, 54, 74, 76, 52, 47, 46, 51, 70, 86, 80, 79, 69, 68, 127, 94, 89, 128, 66, 73, 72, 91, 39, 97, 62, 84, 44, 57, 126, 50, 49, 56, 38, 63, 64, 60, 83, 125, 103, 104, 87, 88, 100, 82, 98, 96, 31, 30, 24, 11, 23, 5, 22, 4, 21, 37, 20, 35, 34, 124, 123, 141, 142, 53, 45, 55, 77, 59, 75, 119, 107, 117, 95, 90, 65, 92, 81, 8, 0, 15, 27, 3, 29, 41, 33, 43, 19]",True,139710177,0.139710177,"[20, 35, 34, 124, 123, 142, 141, 75, 59, 77, 92, 81, 90, 65, 53, 45, 55, 119, 107, 117, 95, 41, 33, 43, 27, 19, 29, 15, 3, 8, 0]","[0, 8, 3, 15, 29, 19, 27, 43, 33, 41, 95, 117, 107, 119, 55, 45, 53, 65, 90, 81, 92, 77, 59, 75, 141, 142, 123, 124, 34, 35, 20]",False,complete,31,31,496,0,41,0,41,41,,False,,,,,,,1,9,8,9,9,9,8,10
2,10512,61,120,29,"[1, 2, 4, 5, 6, 7, 9, 10, 11, 12, 13, 14, 16, 17, 18, 20, 21, 22, 23, 24, 25, 26, 28, 30, 31, 32, 35, 36, 37, 38, 39, 40, 42, 44, 46, 47, 48, 49, 50, 51, 52, 54, 56, 57, 58, 60, 61, 62, 63, 64, 66, 67, 68, 69, 70, 71, 72, 73, 74, 76, 78, 79, 80, 82, 83, 84, 85, 86, 87, 88, 89, 91, 93, 94, 96, 97, 98, 99, 100, 101, 102, 103, 104, 105, 106, 108, 109, 110, 111, 112, 114, 115, 116, 118, 120, 121, 122, 125, 126, 127, 128, 129, 130, 131, 132, 133, 134, 135, 136, 137, 138, 139, 140, 143, 144, 145, 146, 147, 148, 149]","[0, 3, 8, 15, 19, 27, 29, 33, 34, 41, 43, 45, 53, 55, 59, 65, 75, 77, 81, 90, 92, 95, 107, 117, 119, 123, 124, 141, 142]","{""support_1"": 34}",[34],1,"[122, 17, 18, 32, 137, 138, 139, 140, 13, 14, 118, 116, 136, 16, 112, 111, 110, 9, 109, 144, 10, 108, 148, 115, 36, 135, 28, 26, 99, 105, 149, 102, 106, 121, 120, 114, 101, 145, 147, 146, 12, 58, 71, 134, 78, 67, 48, 61, 93, 85, 133, 40, 42, 143, 25, 7, 6, 2, 1, 132, 130, 131, 129, 54, 74, 76, 52, 47, 46, 51, 70, 86, 80, 79, 69, 68, 127, 94, 89, 128, 66, 73, 72, 91, 39, 97, 62, 84, 44, 57, 126, 50, 49, 56, 38, 63, 64, 60, 83, 125, 103, 104, 87, 88, 100, 82, 98, 96, 31, 30, 24, 11, 23, 5, 22, 4, 21, 37, 20, 35, 34, 124, 123, 141, 142, 53, 45, 55, 77, 59, 75, 119, 107, 117, 95, 90, 65, 92, 81, 8, 0, 15, 27, 3, 29, 41, 33, 43, 19]",True,105481274,0.105481274,"[34, 124, 123, 141, 142, 117, 95, 119, 107, 55, 45, 53, 75, 59, 77, 92, 81, 90, 65, 43, 33, 41, 8, 0, 15, 29, 3, 27, 19]","[19, 27, 3, 29, 15, 0, 8, 41, 33, 43, 65, 90, 81, 92, 77, 59, 75, 53, 45, 55, 107, 119, 95, 117, 142, 141, 123, 124, 34]",False,complete,29,29,435,0,38,0,38,38,,False,,,,,,,1,7,7,7,7,7,7,8
2,10513,62,122,27,"[1, 2, 4, 5, 6, 7, 9, 10, 11, 12, 13, 14, 16, 17, 18, 20, 21, 22, 23, 24, 25, 26, 28, 30, 31, 32, 34, 35, 36, 37, 38, 39, 40, 42, 44, 46, 47, 48, 49, 50, 51, 52, 54, 56, 57, 58, 60, 61, 62, 63, 64, 66, 67, 68, 69, 70, 71, 72, 73, 74, 76, 78, 79, 80, 82, 83, 84, 85, 86, 87, 88, 89, 91, 93, 94, 96, 97, 98, 99, 100, 101, 102, 103, 104, 105, 106, 108, 109, 110, 111, 112, 114, 115, 116, 118, 120, 121, 122, 124, 125, 126, 127, 128, 129, 130, 131, 132, 133, 134, 135, 136, 137, 138, 139, 140, 143, 144, 145, 146, 147, 148, 149]","[0, 3, 8, 15, 19, 27, 29, 33, 41, 43, 45, 53, 55, 59, 65, 75, 77, 81, 90, 92, 95, 107, 117, 119, 123, 141, 142]",{},[],0,"[122, 17, 18, 32, 137, 138, 139, 140, 13, 14, 118, 116, 136, 16, 112, 111, 110, 9, 109, 144, 10, 108, 148, 115, 36, 135, 28, 26, 99, 105, 149, 102, 106, 121, 120, 114, 101, 145, 147, 146, 12, 58, 71, 134, 78, 67, 48, 61, 93, 85, 133, 40, 42, 143, 25, 7, 6, 2, 1, 132, 130, 131, 129, 54, 74, 76, 52, 47, 46, 51, 70, 86, 80, 79, 69, 68, 127, 94, 89, 128, 66, 73, 72, 91, 39, 97, 62, 84, 44, 57, 126, 50, 49, 56, 38, 63, 64, 60, 83, 125, 103, 104, 87, 88, 100, 82, 98, 96, 31, 30, 24, 11, 23, 5, 22, 4, 21, 37, 20, 35, 34, 124, 123, 141, 142, 53, 45, 55, 77, 59, 75, 119, 107, 117, 95, 90, 65, 92, 81, 8, 0, 15, 27, 3, 29, 41, 33, 43, 19]",True,89945806,0.089945806,"[123, 142, 141, 117, 107, 119, 95, 55, 45, 53, 77, 59, 75, 92, 65, 90, 81, 43, 33, 41, 15, 0, 8, 27, 19, 29, 3]","[3, 29, 19, 27, 8, 0, 15, 41, 33, 43, 81, 90, 65, 92, 75, 59, 77, 53, 45, 55, 95, 119, 107, 117, 141, 142, 123]",False,complete,27,27,378,0,35,0,35,35,,False,,,,,,,1,7,7,7,7,7,7,7
2,10514,63,124,25,"[1, 2, 4, 5, 6, 7, 9, 10, 11, 12, 13, 14, 16, 17, 18, 20, 21, 22, 23, 24, 25, 26, 28, 30, 31, 32, 34, 35, 36, 37, 38, 39, 40, 42, 44, 46, 47, 48, 49, 50, 51, 52, 54, 56, 57, 58, 60, 61, 62, 63, 64, 66, 67, 68, 69, 70, 71, 72, 73, 74, 76, 78, 79, 80, 82, 83, 84, 85, 86, 87, 88, 89, 91, 93, 94, 96, 97, 98, 99, 100, 101, 102, 103, 104, 105, 106, 108, 109, 110, 111, 112, 114, 115, 116, 118, 120, 121, 122, 123, 124, 125, 126, 127, 128, 129, 130, 131, 132, 133, 134, 135, 136, 137, 138, 139, 140, 141, 143, 144, 145, 146, 147, 148, 149]","[0, 3, 8, 15, 19, 27, 29, 33, 41, 43, 45, 53, 55, 59, 65, 75, 77, 81, 90, 92, 95, 107, 117, 119, 142]",{},[],0,"[122, 17, 18, 32, 137, 138, 139, 140, 13, 14, 118, 116, 136, 16, 112, 111, 110, 9, 109, 144, 10, 108, 148, 115, 36, 135, 28, 26, 99, 105, 149, 102, 106, 121, 120, 114, 101, 145, 147, 146, 12, 58, 71, 134, 78, 67, 48, 61, 93, 85, 133, 40, 42, 143, 25, 7, 6, 2, 1, 132, 130, 131, 129, 54, 74, 76, 52, 47, 46, 51, 70, 86, 80, 79, 69, 68, 127, 94, 89, 128, 66, 73, 72, 91, 39, 97, 62, 84, 44, 57, 126, 50, 49, 56, 38, 63, 64, 60, 83, 125, 103, 104, 87, 88, 100, 82, 98, 96, 31, 30, 24, 11, 23, 5, 22, 4, 21, 37, 20, 35, 34, 124, 123, 141, 142, 53, 45, 55, 77, 59, 75, 119, 107, 117, 95, 90, 65, 92, 81, 8, 0, 15, 27, 3, 29, 41, 33, 43, 19]",True,81532507,0.081532507,"[142, 90, 81, 92, 53, 45, 55, 77, 59, 75, 65, 119, 107, 117, 95, 41, 33, 43, 15, 0, 8, 27, 19, 29, 3]","[3, 29, 19, 27, 8, 0, 15, 43, 33, 41, 95, 117, 107, 119, 65, 75, 59, 77, 55, 45, 53, 92, 81, 90, 142]",False,complete,25,25,325,0,33,0,33,33,,False,,,,,,,1,7,7,7,7,7,7,7
2,10515,64,126,23,"[1, 2, 4, 5, 6, 7, 9, 10, 11, 12, 13, 14, 16, 17, 18, 20, 21, 22, 23, 24, 25, 26, 28, 30, 31, 32, 34, 35, 36, 37, 38, 39, 40, 42, 44, 46, 47, 48, 49, 50, 51, 52, 53, 54, 56, 57, 58, 60, 61, 62, 63, 64, 66, 67, 68, 69, 70, 71, 72, 73, 74, 76, 78, 79, 80, 82, 83, 84, 85, 86, 87, 88, 89, 91, 93, 94, 96, 97, 98, 99, 100, 101, 102, 103, 104, 105, 106, 108, 109, 110, 111, 112, 114, 115, 116, 118, 120, 121, 122, 123, 124, 125, 126, 127, 128, 129, 130, 131, 132, 133, 134, 135, 136, 137, 138, 139, 140, 141, 142, 143, 144, 145, 146, 147, 148, 149]","[0, 3, 8, 15, 19, 27, 29, 33, 41, 43, 45, 55, 59, 65, 75, 77, 81, 90, 92, 95, 107, 117, 119]",{},[],0,"[122, 17, 18, 32, 137, 138, 139, 140, 13, 14, 118, 116, 136, 16, 112, 111, 110, 9, 109, 144, 10, 108, 148, 115, 36, 135, 28, 26, 99, 105, 149, 102, 106, 121, 120, 114, 101, 145, 147, 146, 12, 58, 71, 134, 78, 67, 48, 61, 93, 85, 133, 40, 42, 143, 25, 7, 6, 2, 1, 132, 130, 131, 129, 54, 74, 76, 52, 47, 46, 51, 70, 86, 80, 79, 69, 68, 127, 94, 89, 128, 66, 73, 72, 91, 39, 97, 62, 84, 44, 57, 126, 50, 49, 56, 38, 63, 64, 60, 83, 125, 103, 104, 87, 88, 100, 82, 98, 96, 31, 30, 24, 11, 23, 5, 22, 4, 21, 37, 20, 35, 34, 124, 123, 141, 142, 53, 45, 55, 77, 59, 75, 119, 107, 117, 95, 90, 65, 92, 81, 8, 0, 15, 27, 3, 29, 41, 33, 43, 19]",True,71885084,0.071885084,"[45, 55, 90, 81, 92, 77, 59, 75, 65, 117, 95, 119, 107, 41, 33, 43, 15, 0, 8, 27, 3, 29, 19]","[19, 29, 3, 27, 8, 0, 15, 43, 33, 41, 107, 119, 95, 117, 65, 75, 59, 77, 92, 81, 90, 55, 45]",False,complete,23,23,276,0,31,0,31,31,,False,,,,,,,1,7,7,7,7,7,7,7
2,10516,65,128,21,"[1, 2, 4, 5, 6, 7, 9, 10, 11, 12, 13, 14, 16, 17, 18, 20, 21, 22, 23, 24, 25, 26, 28, 30, 31, 32, 34, 35, 36, 37, 38, 39, 40, 42, 44, 45, 46, 47, 48, 49, 50, 51, 52, 53, 54, 55, 56, 57, 58, 60, 61, 62, 63, 64, 66, 67, 68, 69, 70, 71, 72, 73, 74, 76, 78, 79, 80, 82, 83, 84, 85, 86, 87, 88, 89, 91, 93, 94, 96, 97, 98, 99, 100, 101, 102, 103, 104, 105, 106, 108, 109, 110, 111, 112, 114, 115, 116, 118, 120, 121, 122, 123, 124, 125, 126, 127, 128, 129, 130, 131, 132, 133, 134, 135, 136, 137, 138, 139, 140, 141, 142, 143, 144, 145, 146, 147, 148, 149]","[0, 3, 8, 15, 19, 27, 29, 33, 41, 43, 59, 65, 75, 77, 81, 90, 92, 95, 107, 117, 119]",{},[],0,"[122, 17, 18, 32, 137, 138, 139, 140, 13, 14, 118, 116, 136, 16, 112, 111, 110, 9, 109, 144, 10, 108, 148, 115, 36, 135, 28, 26, 99, 105, 149, 102, 106, 121, 120, 114, 101, 145, 147, 146, 12, 58, 71, 134, 78, 67, 48, 61, 93, 85, 133, 40, 42, 143, 25, 7, 6, 2, 1, 132, 130, 131, 129, 54, 74, 76, 52, 47, 46, 51, 70, 86, 80, 79, 69, 68, 127, 94, 89, 128, 66, 73, 72, 91, 39, 97, 62, 84, 44, 57, 126, 50, 49, 56, 38, 63, 64, 60, 83, 125, 103, 104, 87, 88, 100, 82, 98, 96, 31, 30, 24, 11, 23, 5, 22, 4, 21, 37, 20, 35, 34, 124, 123, 141, 142, 53, 45, 55, 77, 59, 75, 119, 107, 117, 95, 90, 65, 92, 81, 8, 0, 15, 27, 3, 29, 41, 33, 43, 19]",True,61759630,0.061759630,"[75, 59, 77, 90, 65, 92, 81, 119, 107, 117, 95, 15, 0, 8, 29, 3, 27, 41, 33, 43, 19]","[19, 43, 33, 41, 27, 3, 29, 8, 0, 15, 95, 117, 107, 119, 81, 92, 65, 90, 77, 59, 75]",False,complete,21,21,231,0,28,0,28,28,,False,,,,,,,1,6,6,6,6,6,6,6
2,10517,66,130,19,"[1, 2, 4, 5, 6, 7, 9, 10, 11, 12, 13, 14, 16, 17, 18, 20, 21, 22, 23, 24, 25, 26, 28, 30, 31, 32, 34, 35, 36, 37, 38, 39, 40, 42, 44, 45, 46, 47, 48, 49, 50, 51, 52, 53, 54, 55, 56, 57, 58, 59, 60, 61, 62, 63, 64, 66, 67, 68, 69, 70, 71, 72, 73, 74, 76, 77, 78, 79, 80, 82, 83, 84, 85, 86, 87, 88, 89, 91, 93, 94, 96, 97, 98, 99, 100, 101, 102, 103, 104, 105, 106, 108, 109, 110, 111, 112, 114, 115, 116, 118, 120, 121, 122, 123, 124, 125, 126, 127, 128, 129, 130, 131, 132, 133, 134, 135, 136, 137, 138, 139, 140, 141, 142, 143, 144, 145, 146, 147, 148, 149]","[0, 3, 8, 15, 19, 27, 29, 33, 41, 43, 65, 75, 81, 90, 92, 95, 107, 117, 119]","{""support_1"": 75}",[75],1,"[122, 17, 18, 32, 137, 138, 139, 140, 13, 14, 118, 116, 136, 16, 112, 111, 110, 9, 109, 144, 10, 108, 148, 115, 36, 135, 28, 26, 99, 105, 149, 102, 106, 121, 120, 114, 101, 145, 147, 146, 12, 58, 71, 134, 78, 67, 48, 61, 93, 85, 133, 40, 42, 143, 25, 7, 6, 2, 1, 132, 130, 131, 129, 54, 74, 76, 52, 47, 46, 51, 70, 86, 80, 79, 69, 68, 127, 94, 89, 128, 66, 73, 72, 91, 39, 97, 62, 84, 44, 57, 126, 50, 49, 56, 38, 63, 64, 60, 83, 125, 103, 104, 87, 88, 100, 82, 98, 96, 31, 30, 24, 11, 23, 5, 22, 4, 21, 37, 20, 35, 34, 124, 123, 141, 142, 53, 45, 55, 77, 59, 75, 119, 107, 117, 95, 90, 65, 92, 81, 8, 0, 15, 27, 3, 29, 41, 33, 43, 19]",True,54119968,0.054119968,"[75, 90, 65, 92, 81, 117, 95, 119, 107, 29, 15, 0, 8, 3, 27, 41, 19, 43, 33]","[33, 43, 19, 41, 27, 3, 8, 0, 15, 29, 107, 119, 95, 117, 81, 92, 65, 90, 75]",False,complete,19,19,190,0,26,0,26,26,,False,,,,,,,1,5,5,5,5,5,5,6
2,10518,67,132,17,"[1, 2, 4, 5, 6, 7, 9, 10, 11, 12, 13, 14, 16, 17, 18, 20, 21, 22, 23, 24, 25, 26, 28, 30, 31, 32, 34, 35, 36, 37, 38, 39, 40, 42, 44, 45, 46, 47, 48, 49, 50, 51, 52, 53, 54, 55, 56, 57, 58, 59, 60, 61, 62, 63, 64, 66, 67, 68, 69, 70, 71, 72, 73, 74, 75, 76, 77, 78, 79, 80, 82, 83, 84, 85, 86, 87, 88, 89, 91, 93, 94, 96, 97, 98, 99, 100, 101, 102, 103, 104, 105, 106, 108, 109, 110, 111, 112, 114, 115, 116, 118, 119, 120, 121, 122, 123, 124, 125, 126, 127, 128, 129, 130, 131, 132, 133, 134, 135, 136, 137, 138, 139, 140, 141, 142, 143, 144, 145, 146, 147, 148, 149]","[0, 3, 8, 15, 19, 27, 29, 33, 41, 43, 65, 81, 90, 92, 95, 107, 117]",{},[],0,"[122, 17, 18, 32, 137, 138, 139, 140, 13, 14, 118, 116, 136, 16, 112, 111, 110, 9, 109, 144, 10, 108, 148, 115, 36, 135, 28, 26, 99, 105, 149, 102, 106, 121, 120, 114, 101, 145, 147, 146, 12, 58, 71, 134, 78, 67, 48, 61, 93, 85, 133, 40, 42, 143, 25, 7, 6, 2, 1, 132, 130, 131, 129, 54, 74, 76, 52, 47, 46, 51, 70, 86, 80, 79, 69, 68, 127, 94, 89, 128, 66, 73, 72, 91, 39, 97, 62, 84, 44, 57, 126, 50, 49, 56, 38, 63, 64, 60, 83, 125, 103, 104, 87, 88, 100, 82, 98, 96, 31, 30, 24, 11, 23, 5, 22, 4, 21, 37, 20, 35, 34, 124, 123, 141, 142, 53, 45, 55, 77, 59, 75, 119, 107, 117, 95, 90, 65, 92, 81, 8, 0, 15, 27, 3, 29, 41, 33, 43, 19]",True,44455048,0.044455048,"[107, 117, 95, 90, 81, 92, 65, 43, 33, 41, 8, 0, 15, 27, 3, 29, 19]","[19, 29, 3, 27, 15, 0, 8, 41, 33, 43, 65, 92, 81, 90, 95, 117, 107]",False,complete,17,17,153,0,23,0,23,23,,False,,,,,,,1,5,5,5,5,5,5,5
2,10519,68,134,15,"[1, 2, 4, 5, 6, 7, 9, 10, 11, 12, 13, 14, 16, 17, 18, 20, 21, 22, 23, 24, 25, 26, 28, 30, 31, 32, 34, 35, 36, 37, 38, 39, 40, 42, 44, 45, 46, 47, 48, 49, 50, 51, 52, 53, 54, 55, 56, 57, 58, 59, 60, 61, 62, 63, 64, 66, 67, 68, 69, 70, 71, 72, 73, 74, 75, 76, 77, 78, 79, 80, 82, 83, 84, 85, 86, 87, 88, 89, 91, 93, 94, 96, 97, 98, 99, 100, 101, 102, 103, 104, 105, 106, 107, 108, 109, 110, 111, 112, 114, 115, 116, 117, 118, 119, 120, 121, 122, 123, 124, 125, 126, 127, 128, 129, 130, 131, 132, 133, 134, 135, 136, 137, 138, 139, 140, 141, 142, 143, 144, 145, 146, 147, 148, 149]","[0, 3, 8, 15, 19, 27, 29, 33, 41, 43, 65, 81, 90, 92, 95]",{},[],0,"[122, 17, 18, 32, 137, 138, 139, 140, 13, 14, 118, 116, 136, 16, 112, 111, 110, 9, 109, 144, 10, 108, 148, 115, 36, 135, 28, 26, 99, 105, 149, 102, 106, 121, 120, 114, 101, 145, 147, 146, 12, 58, 71, 134, 78, 67, 48, 61, 93, 85, 133, 40, 42, 143, 25, 7, 6, 2, 1, 132, 130, 131, 129, 54, 74, 76, 52, 47, 46, 51, 70, 86, 80, 79, 69, 68, 127, 94, 89, 128, 66, 73, 72, 91, 39, 97, 62, 84, 44, 57, 126, 50, 49, 56, 38, 63, 64, 60, 83, 125, 103, 104, 87, 88, 100, 82, 98, 96, 31, 30, 24, 11, 23, 5, 22, 4, 21, 37, 20, 35, 34, 124, 123, 141, 142, 53, 45, 55, 77, 59, 75, 119, 107, 117, 95, 90, 65, 92, 81, 8, 0, 15, 27, 3, 29, 41, 33, 43, 19]",True,35762227,0.035762227,"[95, 92, 81, 90, 65, 43, 33, 41, 29, 19, 27, 8, 0, 15, 3]","[3, 15, 0, 8, 27, 19, 29, 41, 33, 43, 65, 90, 81, 92, 95]",False,complete,15,15,120,0,20,0,20,20,,False,,,,,,,1,4,4,4,4,4,4,4
2,10520,69,136,13,"[1, 2, 4, 5, 6, 7, 9, 10, 11, 12, 13, 14, 16, 17, 18, 20, 21, 22, 23, 24, 25, 26, 28, 30, 31, 32, 34, 35, 36, 37, 38, 39, 40, 42, 44, 45, 46, 47, 48, 49, 50, 51, 52, 53, 54, 55, 56, 57, 58, 59, 60, 61, 62, 63, 64, 66, 67, 68, 69, 70, 71, 72, 73, 74, 75, 76, 77, 78, 79, 80, 82, 83, 84, 85, 86, 87, 88, 89, 90, 91, 93, 94, 95, 96, 97, 98, 99, 100, 101, 102, 103, 104, 105, 106, 107, 108, 109, 110, 111, 112, 114, 115, 116, 117, 118, 119, 120, 121, 122, 123, 124, 125, 126, 127, 128, 129, 130, 131, 132, 133, 134, 135, 136, 137, 138, 139, 140, 141, 142, 143, 144, 145, 146, 147, 148, 149]","[0, 3, 8, 15, 19, 27, 29, 33, 41, 43, 65, 81, 92]",{},[],0,"[122, 17, 18, 32, 137, 138, 139, 140, 13, 14, 118, 116, 136, 16, 112, 111, 110, 9, 109, 144, 10, 108, 148, 115, 36, 135, 28, 26, 99, 105, 149, 102, 106, 121, 120, 114, 101, 145, 147, 146, 12, 58, 71, 134, 78, 67, 48, 61, 93, 85, 133, 40, 42, 143, 25, 7, 6, 2, 1, 132, 130, 131, 129, 54, 74, 76, 52, 47, 46, 51, 70, 86, 80, 79, 69, 68, 127, 94, 89, 128, 66, 73, 72, 91, 39, 97, 62, 84, 44, 57, 126, 50, 49, 56, 38, 63, 64, 60, 83, 125, 103, 104, 87, 88, 100, 82, 98, 96, 31, 30, 24, 11, 23, 5, 22, 4, 21, 37, 20, 35, 34, 124, 123, 141, 142, 53, 45, 55, 77, 59, 75, 119, 107, 117, 95, 90, 65, 92, 81, 8, 0, 15, 27, 3, 29, 41, 33, 43, 19]",True,30094018,0.030094018,"[65, 92, 81, 41, 33, 43, 27, 19, 29, 8, 3, 15, 0]","[0, 15, 3, 8, 29, 19, 27, 43, 33, 41, 81, 92, 65]",False,complete,13,13,91,0,18,0,18,18,,False,,,,,,,1,4,4,4,4,4,4,4
2,10521,70,138,11,"[1, 2, 4, 5, 6, 7, 9, 10, 11, 12, 13, 14, 16, 17, 18, 20, 21, 22, 23, 24, 25, 26, 28, 30, 31, 32, 34, 35, 36, 37, 38, 39, 40, 42, 44, 45, 46, 47, 48, 49, 50, 51, 52, 53, 54, 55, 56, 57, 58, 59, 60, 61, 62, 63, 64, 65, 66, 67, 68, 69, 70, 71, 72, 73, 74, 75, 76, 77, 78, 79, 80, 82, 83, 84, 85, 86, 87, 88, 89, 90, 91, 92, 93, 94, 95, 96, 97, 98, 99, 100, 101, 102, 103, 104, 105, 106, 107, 108, 109, 110, 111, 112, 114, 115, 116, 117, 118, 119, 120, 121, 122, 123, 124, 125, 126, 127, 128, 129, 130, 131, 132, 133, 134, 135, 136, 137, 138, 139, 140, 141, 142, 143, 144, 145, 146, 147, 148, 149]","[0, 3, 8, 15, 19, 27, 29, 33, 41, 43, 81]",{},[],0,"[122, 17, 18, 32, 137, 138, 139, 140, 13, 14, 118, 116, 136, 16, 112, 111, 110, 9, 109, 144, 10, 108, 148, 115, 36, 135, 28, 26, 99, 105, 149, 102, 106, 121, 120, 114, 101, 145, 147, 146, 12, 58, 71, 134, 78, 67, 48, 61, 93, 85, 133, 40, 42, 143, 25, 7, 6, 2, 1, 132, 130, 131, 129, 54, 74, 76, 52, 47, 46, 51, 70, 86, 80, 79, 69, 68, 127, 94, 89, 128, 66, 73, 72, 91, 39, 97, 62, 84, 44, 57, 126, 50, 49, 56, 38, 63, 64, 60, 83, 125, 103, 104, 87, 88, 100, 82, 98, 96, 31, 30, 24, 11, 23, 5, 22, 4, 21, 37, 20, 35, 34, 124, 123, 141, 142, 53, 45, 55, 77, 59, 75, 119, 107, 117, 95, 90, 65, 92, 81, 8, 0, 15, 27, 3, 29, 41, 33, 43, 19]",True,22891113,0.022891113,"[81, 43, 33, 41, 27, 19, 29, 8, 3, 15, 0]","[0, 15, 3, 8, 29, 19, 27, 41, 33, 43, 81]",False,complete,11,11,66,0,15,0,15,15,,False,,,,,,,1,3,3,3,3,3,3,3
2,10522,71,140,9,"[1, 2, 4, 5, 6, 7, 8, 9, 10, 11, 12, 13, 14, 16, 17, 18, 20, 21, 22, 23, 24, 25, 26, 28, 30, 31, 32, 34, 35, 36, 37, 38, 39, 40, 42, 44, 45, 46, 47, 48, 49, 50, 51, 52, 53, 54, 55, 56, 57, 58, 59, 60, 61, 62, 63, 64, 65, 66, 67, 68, 69, 70, 71, 72, 73, 74, 75, 76, 77, 78, 79, 80, 81, 82, 83, 84, 85, 86, 87, 88, 89, 90, 91, 92, 93, 94, 95, 96, 97, 98, 99, 100, 101, 102, 103, 104, 105, 106, 107, 108, 109, 110, 111, 112, 114, 115, 116, 117, 118, 119, 120, 121, 122, 123, 124, 125, 126, 127, 128, 129, 130, 131, 132, 133, 134, 135, 136, 137, 138, 139, 140, 141, 142, 143, 144, 145, 146, 147, 148, 149]","[0, 3, 15, 19, 27, 29, 33, 41, 43]",{},[],0,"[122, 17, 18, 32, 137, 138, 139, 140, 13, 14, 118, 116, 136, 16, 112, 111, 110, 9, 109, 144, 10, 108, 148, 115, 36, 135, 28, 26, 99, 105, 149, 102, 106, 121, 120, 114, 101, 145, 147, 146, 12, 58, 71, 134, 78, 67, 48, 61, 93, 85, 133, 40, 42, 143, 25, 7, 6, 2, 1, 132, 130, 131, 129, 54, 74, 76, 52, 47, 46, 51, 70, 86, 80, 79, 69, 68, 127, 94, 89, 128, 66, 73, 72, 91, 39, 97, 62, 84, 44, 57, 126, 50, 49, 56, 38, 63, 64, 60, 83, 125, 103, 104, 87, 88, 100, 82, 98, 96, 31, 30, 24, 11, 23, 5, 22, 4, 21, 37, 20, 35, 34, 124, 123, 141, 142, 53, 45, 55, 77, 59, 75, 119, 107, 117, 95, 90, 65, 92, 81, 8, 0, 15, 27, 3, 29, 41, 33, 43, 19]",True,18699323,0.018699323,"[0, 15, 43, 33, 41, 29, 19, 27, 3]","[3, 27, 19, 29, 41, 33, 43, 15, 0]",False,complete,9,9,45,0,13,0,13,13,,False,,,,,,,1,3,3,3,3,3,3,3
2,10523,72,142,7,"[0, 1, 2, 4, 5, 6, 7, 8, 9, 10, 11, 12, 13, 14, 15, 16, 17, 18, 20, 21, 22, 23, 24, 25, 26, 28, 30, 31, 32, 34, 35, 36, 37, 38, 39, 40, 42, 44, 45, 46, 47, 48, 49, 50, 51, 52, 53, 54, 55, 56, 57, 58, 59, 60, 61, 62, 63, 64, 65, 66, 67, 68, 69, 70, 71, 72, 73, 74, 75, 76, 77, 78, 79, 80, 81, 82, 83, 84, 85, 86, 87, 88, 89, 90, 91, 92, 93, 94, 95, 96, 97, 98, 99, 100, 101, 102, 103, 104, 105, 106, 107, 108, 109, 110, 111, 112, 114, 115, 116, 117, 118, 119, 120, 121, 122, 123, 124, 125, 126, 127, 128, 129, 130, 131, 132, 133, 134, 135, 136, 137, 138, 139, 140, 141, 142, 143, 144, 145, 146, 147, 148, 149]","[3, 19, 27, 29, 33, 41, 43]",{},[],0,"[122, 17, 18, 32, 137, 138, 139, 140, 13, 14, 118, 116, 136, 16, 112, 111, 110, 9, 109, 144, 10, 108, 148, 115, 36, 135, 28, 26, 99, 105, 149, 102, 106, 121, 120, 114, 101, 145, 147, 146, 12, 58, 71, 134, 78, 67, 48, 61, 93, 85, 133, 40, 42, 143, 25, 7, 6, 2, 1, 132, 130, 131, 129, 54, 74, 76, 52, 47, 46, 51, 70, 86, 80, 79, 69, 68, 127, 94, 89, 128, 66, 73, 72, 91, 39, 97, 62, 84, 44, 57, 126, 50, 49, 56, 38, 63, 64, 60, 83, 125, 103, 104, 87, 88, 100, 82, 98, 96, 31, 30, 24, 11, 23, 5, 22, 4, 21, 37, 20, 35, 34, 124, 123, 141, 142, 53, 45, 55, 77, 59, 75, 119, 107, 117, 95, 90, 65, 92, 81, 8, 0, 15, 27, 3, 29, 41, 33, 43, 19]",True,12054730,0.012054730,"[41, 33, 43, 27, 3, 29, 19]","[19, 29, 3, 27, 43, 33, 41]",False,complete,7,7,28,0,10,0,10,10,,False,,,,,,,1,2,2,2,2,2,2,2
2,10524,73,144,5,"[0, 1, 2, 3, 4, 5, 6, 7, 8, 9, 10, 11, 12, 13, 14, 15, 16, 17, 18, 20, 21, 22, 23, 24, 25, 26, 27, 28, 30, 31, 32, 34, 35, 36, 37, 38, 39, 40, 42, 44, 45, 46, 47, 48, 49, 50, 51, 52, 53, 54, 55, 56, 57, 58, 59, 60, 61, 62, 63, 64, 65, 66, 67, 68, 69, 70, 71, 72, 73, 74, 75, 76, 77, 78, 79, 80, 81, 82, 83, 84, 85, 86, 87, 88, 89, 90, 91, 92, 93, 94, 95, 96, 97, 98, 99, 100, 101, 102, 103, 104, 105, 106, 107, 108, 109, 110, 111, 112, 114, 115, 116, 117, 118, 119, 120, 121, 122, 123, 124, 125, 126, 127, 128, 129, 130, 131, 132, 133, 134, 135, 136, 137, 138, 139, 140, 141, 142, 143, 144, 145, 146, 147, 148, 149]","[19, 29, 33, 41, 43]","{""support_1"": 29}",[29],1,"[122, 17, 18, 32, 137, 138, 139, 140, 13, 14, 118, 116, 136, 16, 112, 111, 110, 9, 109, 144, 10, 108, 148, 115, 36, 135, 28, 26, 99, 105, 149, 102, 106, 121, 120, 114, 101, 145, 147, 146, 12, 58, 71, 134, 78, 67, 48, 61, 93, 85, 133, 40, 42, 143, 25, 7, 6, 2, 1, 132, 130, 131, 129, 54, 74, 76, 52, 47, 46, 51, 70, 86, 80, 79, 69, 68, 127, 94, 89, 128, 66, 73, 72, 91, 39, 97, 62, 84, 44, 57, 126, 50, 49, 56, 38, 63, 64, 60, 83, 125, 103, 104, 87, 88, 100, 82, 98, 96, 31, 30, 24, 11, 23, 5, 22, 4, 21, 37, 20, 35, 34, 124, 123, 141, 142, 53, 45, 55, 77, 59, 75, 119, 107, 117, 95, 90, 65, 92, 81, 8, 0, 15, 27, 3, 29, 41, 33, 43, 19]",True,8751558,0.008751558,"[29, 43, 19, 41, 33]","[33, 41, 19, 43, 29]",False,complete,5,5,15,0,8,0,8,8,,False,,,,,,,1,1,1,1,1,1,1,2
2,10525,74,146,3,"[0, 1, 2, 3, 4, 5, 6, 7, 8, 9, 10, 11, 12, 13, 14, 15, 16, 17, 18, 20, 21, 22, 23, 24, 25, 26, 27, 28, 29, 30, 31, 32, 34, 35, 36, 37, 38, 39, 40, 41, 42, 44, 45, 46, 47, 48, 49, 50, 51, 52, 53, 54, 55, 56, 57, 58, 59, 60, 61, 62, 63, 64, 65, 66, 67, 68, 69, 70, 71, 72, 73, 74, 75, 76, 77, 78, 79, 80, 81, 82, 83, 84, 85, 86, 87, 88, 89, 90, 91, 92, 93, 94, 95, 96, 97, 98, 99, 100, 101, 102, 103, 104, 105, 106, 107, 108, 109, 110, 111, 112, 114, 115, 116, 117, 118, 119, 120, 121, 122, 123, 124, 125, 126, 127, 128, 129, 130, 131, 132, 133, 134, 135, 136, 137, 138, 139, 140, 141, 142, 143, 144, 145, 146, 147, 148, 149]","[19, 33, 43]",{},[],0,"[122, 17, 18, 32, 137, 138, 139, 140, 13, 14, 118, 116, 136, 16, 112, 111, 110, 9, 109, 144, 10, 108, 148, 115, 36, 135, 28, 26, 99, 105, 149, 102, 106, 121, 120, 114, 101, 145, 147, 146, 12, 58, 71, 134, 78, 67, 48, 61, 93, 85, 133, 40, 42, 143, 25, 7, 6, 2, 1, 132, 130, 131, 129, 54, 74, 76, 52, 47, 46, 51, 70, 86, 80, 79, 69, 68, 127, 94, 89, 128, 66, 73, 72, 91, 39, 97, 62, 84, 44, 57, 126, 50, 49, 56, 38, 63, 64, 60, 83, 125, 103, 104, 87, 88, 100, 82, 98, 96, 31, 30, 24, 11, 23, 5, 22, 4, 21, 37, 20, 35, 34, 124, 123, 141, 142, 53, 45, 55, 77, 59, 75, 119, 107, 117, 95, 90, 65, 92, 81, 8, 0, 15, 27, 3, 29, 41, 33, 43, 19]",True,4362698,0.004362698,"[19, 43, 33]","[33, 43, 19]",False,complete,3,3,6,0,5,0,5,5,,False,,,,,,,1,1,1,1,1,1,1,1
2,10526,75,148,1,"[0, 1, 2, 3, 4, 5, 6, 7, 8, 9, 10, 11, 12, 13, 14, 15, 16, 17, 18, 20, 21, 22, 23, 24, 25, 26, 27, 28, 29, 30, 31, 32, 33, 34, 35, 36, 37, 38, 39, 40, 41, 42, 43, 44, 45, 46, 47, 48, 49, 50, 51, 52, 53, 54, 55, 56, 57, 58, 59, 60, 61, 62, 63, 64, 65, 66, 67, 68, 69, 70, 71, 72, 73, 74, 75, 76, 77, 78, 79, 80, 81, 82, 83, 84, 85, 86, 87, 88, 89, 90, 91, 92, 93, 94, 95, 96, 97, 98, 99, 100, 101, 102, 103, 104, 105, 106, 107, 108, 109, 110, 111, 112, 114, 115, 116, 117, 118, 119, 120, 121, 122, 123, 124, 125, 126, 127, 128, 129, 130, 131, 132, 133, 134, 135, 136, 137, 138, 139, 140, 141, 142, 143, 144, 145, 146, 147, 148, 149]",[19],{},[],0,"[122, 17, 18, 32, 137, 138, 139, 140, 13, 14, 118, 116, 136, 16, 112, 111, 110, 9, 109, 144, 10, 108, 148, 115, 36, 135, 28, 26, 99, 105, 149, 102, 106, 121, 120, 114, 101, 145, 147, 146, 12, 58, 71, 134, 78, 67, 48, 61, 93, 85, 133, 40, 42, 143, 25, 7, 6, 2, 1, 132, 130, 131, 129, 54, 74, 76, 52, 47, 46, 51, 70, 86, 80, 79, 69, 68, 127, 94, 89, 128, 66, 73, 72, 91, 39, 97, 62, 84, 44, 57, 126, 50, 49, 56, 38, 63, 64, 60, 83, 125, 103, 104, 87, 88, 100, 82, 98, 96, 31, 30, 24, 11, 23, 5, 22, 4, 21, 37, 20, 35, 34, 124, 123, 141, 142, 53, 45, 55, 77, 59, 75, 119, 107, 117, 95, 90, 65, 92, 81, 8, 0, 15, 27, 3, 29, 41, 33, 43, 19]",True,783004,0.000783004,[19],[19],True,complete,1,1,1,0,2,0,2,2,,False,,,,,,,0,0,0,0,0,0,0,0
3,20452,1,0,149,[],"[0, 1, 2, 3, 4, 5, 6, 7, 8, 9, 10, 11, 12, 13, 14, 15, 16, 17, 18, 19, 20, 21, 22, 23, 24, 25, 26, 27, 28, 29, 30, 31, 32, 33, 34, 35, 36, 37, 38, 39, 40, 41, 42, 43, 44, 45, 46, 47, 48, 49, 50, 51, 52, 53, 54, 55, 56, 57, 58, 59, 60, 61, 62, 63, 64, 65, 66, 67, 68, 69, 70, 71, 72, 73, 74, 75, 76, 77, 78, 79, 80, 81, 82, 83, 84, 85, 86, 87, 88, 89, 90, 91, 92, 93, 94, 95, 96, 97, 98, 99, 100, 101, 102, 103, 104, 105, 106, 107, 108, 109, 110, 111, 112, 114, 115, 116, 117, 118, 119, 120, 121, 122, 123, 124, 125, 126, 127, 128, 129, 130, 131, 132, 133, 134, 135, 136, 137, 138, 139, 140, 141, 142, 143, 144, 145, 146, 147, 148, 149]",{},[],0,"[17, 122, 18, 32, 137, 138, 140, 139, 13, 14, 116, 118, 136, 112, 16, 111, 110, 9, 109, 144, 10, 108, 148, 115, 36, 135, 26, 28, 105, 99, 149, 102, 106, 121, 120, 114, 101, 145, 146, 147, 12, 58, 71, 134, 48, 78, 61, 67, 93, 85, 133, 42, 40, 143, 25, 7, 6, 2, 1, 129, 132, 130, 131, 54, 76, 52, 47, 46, 51, 74, 70, 86, 80, 79, 69, 68, 127, 94, 89, 128, 66, 73, 72, 91, 39, 97, 62, 84, 44, 57, 126, 50, 49, 56, 38, 63, 64, 60, 83, 125, 103, 104, 87, 88, 100, 82, 98, 96, 31, 30, 24, 11, 23, 5, 22, 4, 21, 37, 20, 35, 34, 124, 123, 141, 142, 90, 81, 92, 55, 45, 53, 75, 65, 77, 59, 119, 95, 117, 107, 27, 41, 33, 43, 19, 29, 15, 0, 8, 3]",True,6612147016,6.612147016,"[17, 122, 18, 32, 137, 138, 140, 139, 13, 14, 116, 118, 136, 112, 16, 111, 110, 9, 109, 144, 10, 108, 148, 115, 36, 135, 26, 28, 105, 99, 149, 102, 106, 121, 120, 114, 101, 145, 146, 147, 12, 58, 71, 134, 48, 78, 61, 67, 93, 85, 133, 42, 40, 143, 25, 7, 6, 2, 1, 129, 132, 130, 131, 54, 76, 52, 47, 46, 51, 74, 70, 86, 80, 79, 69, 68, 127, 94, 89, 128, 66, 73, 72, 91, 39, 97, 62, 84, 44, 57, 126, 50, 49, 56, 38, 63, 64, 60, 83, 125, 103, 104, 87, 88, 100, 82, 98, 96, 31, 30, 24, 11, 23, 5, 22, 4, 21, 37, 20, 35, 34, 124, 123, 141, 142, 90, 81, 92, 55, 45, 53, 75, 65, 77, 59, 119, 95, 117, 107, 27, 41, 33, 43, 19, 29, 15, 0, 8, 3]","[3, 8, 0, 15, 29, 19, 43, 33, 41, 27, 107, 117, 95, 119, 59, 77, 65, 75, 53, 45, 55, 92, 81, 90, 142, 141, 123, 124, 34, 35, 20, 37, 21, 4, 22, 5, 23, 11, 24, 30, 31, 96, 98, 82, 100, 88, 87, 104, 103, 125, 83, 60, 64, 63, 38, 56, 49, 50, 126, 57, 44, 84, 62, 97, 39, 91, 72, 73, 66, 128, 89, 94, 127, 68, 69, 79, 80, 86, 70, 74, 51, 46, 47, 52, 76, 54, 131, 130, 132, 129, 1, 2, 6, 7, 25, 143, 40, 42, 133, 85, 93, 67, 61, 78, 48, 134, 71, 58, 12, 147, 146, 145, 101, 114, 120, 121, 106, 102, 149, 99, 105, 28, 26, 135, 36, 115, 148, 108, 10, 144, 109, 9, 110, 111, 16, 112, 136, 118, 116, 14, 13, 139, 140, 138, 137, 32, 18, 122, 17]",True,complete,186,186,11175,37,455,0,455,455,,False,,,,,,,2,100,68,100,68,68,68,68
3,20453,2,2,147,"[17, 122]","[0, 1, 2, 3, 4, 5, 6, 7, 8, 9, 10, 11, 12, 13, 14, 15, 16, 18, 19, 20, 21, 22, 23, 24, 25, 26, 27, 28, 29, 30, 31, 32, 33, 34, 35, 36, 37, 38, 39, 40, 41, 42, 43, 44, 45, 46, 47, 48, 49, 50, 51, 52, 53, 54, 55, 56, 57, 58, 59, 60, 61, 62, 63, 64, 65, 66, 67, 68, 69, 70, 71, 72, 73, 74, 75, 76, 77, 78, 79, 80, 81, 82, 83, 84, 85, 86, 87, 88, 89, 90, 91, 92, 93, 94, 95, 96, 97, 98, 99, 100, 101, 102, 103, 104, 105, 106, 107, 108, 109, 110, 111, 112, 114, 115, 116, 117, 118, 119, 120, 121, 123, 124, 125, 126, 127, 128, 129, 130, 131, 132, 133, 134, 135, 136, 137, 138, 139, 140, 141, 142, 143, 144, 145, 146, 147, 148, 149]",{},[],0,"[17, 122, 18, 32, 137, 138, 140, 139, 13, 14, 116, 118, 136, 112, 16, 111, 110, 9, 109, 144, 10, 108, 148, 115, 36, 135, 26, 28, 105, 99, 149, 102, 106, 121, 120, 114, 101, 145, 146, 147, 12, 58, 71, 134, 48, 78, 61, 67, 93, 85, 133, 42, 40, 143, 25, 7, 6, 2, 1, 129, 132, 130, 131, 54, 76, 52, 47, 46, 51, 74, 70, 86, 80, 79, 69, 68, 127, 94, 89, 128, 66, 73, 72, 91, 39, 97, 62, 84, 44, 57, 126, 50, 49, 56, 38, 63, 64, 60, 83, 125, 103, 104, 87, 88, 100, 82, 98, 96, 31, 30, 24, 11, 23, 5, 22, 4, 21, 37, 20, 35, 34, 124, 123, 141, 142, 90, 81, 92, 55, 45, 53, 75, 65, 77, 59, 119, 95, 117, 107, 27, 41, 33, 43, 19, 29, 15, 0, 8, 3]",True,6490448584,6.490448584,"[18, 32, 137, 138, 139, 140, 14, 13, 116, 118, 136, 16, 112, 111, 110, 9, 109, 144, 10, 108, 148, 115, 36, 135, 28, 26, 105, 99, 149, 102, 106, 121, 120, 101, 114, 145, 146, 147, 12, 71, 58, 134, 78, 67, 61, 48, 85, 93, 133, 42, 40, 143, 25, 7, 6, 2, 1, 131, 129, 132, 130, 52, 74, 54, 47, 46, 51, 76, 70, 86, 80, 79, 69, 68, 127, 94, 89, 128, 66, 73, 72, 91, 39, 97, 62, 84, 44, 57, 126, 50, 49, 56, 38, 63, 64, 60, 83, 125, 103, 104, 87, 88, 100, 82, 98, 96, 31, 30, 24, 11, 23, 5, 22, 4, 21, 37, 20, 35, 34, 124, 123, 142, 141, 117, 95, 119, 107, 77, 59, 75, 90, 65, 92, 81, 55, 45, 53, 29, 41, 33, 43, 19, 27, 15, 0, 8, 3]","[3, 8, 0, 15, 27, 19, 43, 33, 41, 29, 53, 45, 55, 81, 92, 65, 90, 75, 59, 77, 107, 119, 95, 117, 141, 142, 123, 124, 34, 35, 20, 37, 21, 4, 22, 5, 23, 11, 24, 30, 31, 96, 98, 82, 100, 88, 87, 104, 103, 125, 83, 60, 64, 63, 38, 56, 49, 50, 126, 57, 44, 84, 62, 97, 39, 91, 72, 73, 66, 128, 89, 94, 127, 68, 69, 79, 80, 86, 70, 76, 51, 46, 47, 54, 74, 52, 130, 132, 129, 131, 1, 2, 6, 7, 25, 143, 40, 42, 133, 93, 85, 48, 61, 67, 78, 134, 58, 71, 12, 147, 146, 145, 114, 101, 120, 121, 106, 102, 149, 99, 105, 26, 28, 135, 36, 115, 148, 108, 10, 144, 109, 9, 110, 111, 112, 16, 136, 118, 116, 13, 14, 140, 139, 138, 137, 32, 18]",False,complete,184,184,10878,37,453,0,453,453,,False,,,,,,,2,100,68,100,68,68,68,68
3,20454,3,4,145,"[17, 18, 32, 122]","[0, 1, 2, 3, 4, 5, 6, 7, 8, 9, 10, 11, 12, 13, 14, 15, 16, 19, 20, 21, 22, 23, 24, 25, 26, 27, 28, 29, 30, 31, 33, 34, 35, 36, 37, 38, 39, 40, 41, 42, 43, 44, 45, 46, 47, 48, 49, 50, 51, 52, 53, 54, 55, 56, 57, 58, 59, 60, 61, 62, 63, 64, 65, 66, 67, 68, 69, 70, 71, 72, 73, 74, 75, 76, 77, 78, 79, 80, 81, 82, 83, 84, 85, 86, 87, 88, 89, 90, 91, 92, 93, 94, 95, 96, 97, 98, 99, 100, 101, 102, 103, 104, 105, 106, 107, 108, 109, 110, 111, 112, 114, 115, 116, 117, 118, 119, 120, 121, 123, 124, 125, 126, 127, 128, 129, 130, 131, 132, 133, 134, 135, 136, 137, 138, 139, 140, 141, 142, 143, 144, 145, 146, 147, 148, 149]",{},[],0,"[17, 122, 18, 32, 137, 138, 140, 139, 13, 14, 116, 118, 136, 112, 16, 111, 110, 9, 109, 144, 10, 108, 148, 115, 36, 135, 26, 28, 105, 99, 149, 102, 106, 121, 120, 114, 101, 145, 146, 147, 12, 58, 71, 134, 48, 78, 61, 67, 93, 85, 133, 42, 40, 143, 25, 7, 6, 2, 1, 129, 132, 130, 131, 54, 76, 52, 47, 46, 51, 74, 70, 86, 80, 79, 69, 68, 127, 94, 89, 128, 66, 73, 72, 91, 39, 97, 62, 84, 44, 57, 126, 50, 49, 56, 38, 63, 64, 60, 83, 125, 103, 104, 87, 88, 100, 82, 98, 96, 31, 30, 24, 11, 23, 5, 22, 4, 21, 37, 20, 35, 34, 124, 123, 141, 142, 90, 81, 92, 55, 45, 53, 75, 65, 77, 59, 119, 95, 117, 107, 27, 41, 33, 43, 19, 29, 15, 0, 8, 3]",True,6328209259,6.328209259,"[137, 138, 139, 140, 13, 14, 118, 116, 136, 112, 16, 111, 110, 9, 109, 144, 10, 108, 148, 115, 36, 135, 26, 28, 105, 99, 149, 102, 106, 121, 120, 101, 114, 145, 146, 147, 12, 71, 58, 134, 78, 67, 48, 61, 85, 93, 133, 42, 40, 143, 25, 7, 6, 2, 1, 129, 132, 130, 131, 76, 74, 54, 52, 47, 46, 51, 39, 70, 86, 80, 79, 69, 68, 127, 94, 89, 128, 66, 73, 72, 91, 97, 62, 84, 44, 57, 126, 50, 49, 56, 38, 63, 64, 60, 83, 125, 103, 104, 87, 88, 100, 82, 98, 96, 31, 30, 24, 11, 23, 5, 22, 4, 21, 37, 20, 35, 34, 124, 123, 142, 141, 90, 81, 92, 75, 65, 77, 59, 117, 95, 119, 107, 53, 45, 55, 29, 41, 33, 43, 19, 27, 15, 0, 8, 3]","[3, 8, 0, 15, 27, 19, 43, 33, 41, 29, 55, 45, 53, 107, 119, 95, 117, 59, 77, 65, 75, 92, 81, 90, 141, 142, 123, 124, 34, 35, 20, 37, 21, 4, 22, 5, 23, 11, 24, 30, 31, 96, 98, 82, 100, 88, 87, 104, 103, 125, 83, 60, 64, 63, 38, 56, 49, 50, 126, 57, 44, 84, 62, 97, 91, 72, 73, 66, 128, 89, 94, 127, 68, 69, 79, 80, 86, 70, 39, 51, 46, 47, 52, 54, 74, 76, 131, 130, 132, 129, 1, 2, 6, 7, 25, 143, 40, 42, 133, 93, 85, 61, 48, 67, 78, 134, 58, 71, 12, 147, 146, 145, 114, 101, 120, 121, 106, 102, 149, 99, 105, 28, 26, 135, 36, 115, 148, 108, 10, 144, 109, 9, 110, 111, 16, 112, 136, 116, 118, 14, 13, 140, 139, 138, 137]",False,complete,182,182,10585,37,451,0,451,451,,False,,,,,,,2,100,68,100,68,68,68,68
3,20455,4,6,143,"[17, 18, 32, 122, 137, 138]","[0, 1, 2, 3, 4, 5, 6, 7, 8, 9, 10, 11, 12, 13, 14, 15, 16, 19, 20, 21, 22, 23, 24, 25, 26, 27, 28, 29, 30, 31, 33, 34, 35, 36, 37, 38, 39, 40, 41, 42, 43, 44, 45, 46, 47, 48, 49, 50, 51, 52, 53, 54, 55, 56, 57, 58, 59, 60, 61, 62, 63, 64, 65, 66, 67, 68, 69, 70, 71, 72, 73, 74, 75, 76, 77, 78, 79, 80, 81, 82, 83, 84, 85, 86, 87, 88, 89, 90, 91, 92, 93, 94, 95, 96, 97, 98, 99, 100, 101, 102, 103, 104, 105, 106, 107, 108, 109, 110, 111, 112, 114, 115, 116, 117, 118, 119, 120, 121, 123, 124, 125, 126, 127, 128, 129, 130, 131, 132, 133, 134, 135, 136, 139, 140, 141, 142, 143, 144, 145, 146, 147, 148, 149]",{},[],0,"[17, 122, 18, 32, 137, 138, 140, 139, 13, 14, 116, 118, 136, 112, 16, 111, 110, 9, 109, 144, 10, 108, 148, 115, 36, 135, 26, 28, 105, 99, 149, 102, 106, 121, 120, 114, 101, 145, 146, 147, 12, 58, 71, 134, 48, 78, 61, 67, 93, 85, 133, 42, 40, 143, 25, 7, 6, 2, 1, 129, 132, 130, 131, 54, 76, 52, 47, 46, 51, 74, 70, 86, 80, 79, 69, 68, 127, 94, 89, 128, 66, 73, 72, 91, 39, 97, 62, 84, 44, 57, 126, 50, 49, 56, 38, 63, 64, 60, 83, 125, 103, 104, 87, 88, 100, 82, 98, 96, 31, 30, 24, 11, 23, 5, 22, 4, 21, 37, 20, 35, 34, 124, 123, 141, 142, 90, 81, 92, 55, 45, 53, 75, 65, 77, 59, 119, 95, 117, 107, 27, 41, 33, 43, 19, 29, 15, 0, 8, 3]",True,6278148356,6.278148356,"[140, 139, 13, 14, 116, 118, 136, 16, 112, 111, 110, 9, 109, 144, 10, 108, 148, 115, 36, 135, 28, 26, 105, 99, 149, 102, 106, 121, 120, 114, 101, 145, 146, 147, 12, 58, 71, 134, 48, 61, 67, 78, 85, 93, 133, 42, 40, 143, 25, 7, 6, 2, 1, 129, 130, 131, 132, 76, 74, 52, 54, 47, 46, 51, 39, 70, 86, 80, 79, 69, 68, 127, 94, 89, 128, 66, 73, 72, 91, 97, 62, 84, 44, 57, 126, 50, 49, 56, 38, 63, 64, 60, 83, 125, 103, 104, 87, 88, 100, 82, 98, 96, 31, 30, 11, 24, 23, 5, 22, 4, 21, 37, 20, 35, 34, 124, 123, 141, 142, 92, 81, 90, 55, 45, 53, 77, 65, 75, 59, 119, 95, 117, 107, 8, 0, 15, 41, 33, 43, 27, 3, 29, 19]","[19, 29, 3, 27, 43, 33, 41, 15, 0, 8, 107, 117, 95, 119, 59, 75, 65, 77, 53, 45, 55, 90, 81, 92, 142, 141, 123, 124, 34, 35, 20, 37, 21, 4, 22, 5, 23, 24, 11, 30, 31, 96, 98, 82, 100, 88, 87, 104, 103, 125, 83, 60, 64, 63, 38, 56, 49, 50, 126, 57, 44, 84, 62, 97, 91, 72, 73, 66, 128, 89, 94, 127, 68, 69, 79, 80, 86, 70, 39, 51, 46, 47, 54, 52, 74, 76, 132, 131, 130, 129, 1, 2, 6, 7, 25, 143, 40, 42, 133, 93, 85, 78, 67, 61, 48, 134, 71, 58, 12, 147, 146, 145, 101, 114, 120, 121, 106, 102, 149, 99, 105, 26, 28, 135, 36, 115, 148, 108, 10, 144, 109, 9, 110, 111, 112, 16, 136, 118, 116, 14, 13, 139, 140]",False,complete,179,179,10296,36,448,0,448,448,,False,,,,,,,2,100,68,100,68,68,68,68
3,20456,5,8,141,"[17, 18, 32, 122, 137, 138, 139, 140]","[0, 1, 2, 3, 4, 5, 6, 7, 8, 9, 10, 11, 12, 13, 14, 15, 16, 19, 20, 21, 22, 23, 24, 25, 26, 27, 28, 29, 30, 31, 33, 34, 35, 36, 37, 38, 39, 40, 41, 42, 43, 44, 45, 46, 47, 48, 49, 50, 51, 52, 53, 54, 55, 56, 57, 58, 59, 60, 61, 62, 63, 64, 65, 66, 67, 68, 69, 70, 71, 72, 73, 74, 75, 76, 77, 78, 79, 80, 81, 82, 83, 84, 85, 86, 87, 88, 89, 90, 91, 92, 93, 94, 95, 96, 97, 98, 99, 100, 101, 102, 103, 104, 105, 106, 107, 108, 109, 110, 111, 112, 114, 115, 116, 117, 118, 119, 120, 121, 123, 124, 125, 126, 127, 128, 129, 130, 131, 132, 133, 134, 135, 136, 141, 142, 143, 144, 145, 146, 147, 148, 149]",{},[],0,"[17, 122, 18, 32, 137, 138, 140, 139, 13, 14, 116, 118, 136, 112, 16, 111, 110, 9, 109, 144, 10, 108, 148, 115, 36, 135, 26, 28, 105, 99, 149, 102, 106, 121, 120, 114, 101, 145, 146, 147, 12, 58, 71, 134, 48, 78, 61, 67, 93, 85, 133, 42, 40, 143, 25, 7, 6, 2, 1, 129, 132, 130, 131, 54, 76, 52, 47, 46, 51, 74, 70, 86, 80, 79, 69, 68, 127, 94, 89, 128, 66, 73, 72, 91, 39, 97, 62, 84, 44, 57, 126, 50, 49, 56, 38, 63, 64, 60, 83, 125, 103, 104, 87, 88, 100, 82, 98, 96, 31, 30, 24, 11, 23, 5, 22, 4, 21, 37, 20, 35, 34, 124, 123, 141, 142, 90, 81, 92, 55, 45, 53, 75, 65, 77, 59, 119, 95, 117, 107, 27, 41, 33, 43, 19, 29, 15, 0, 8, 3]",True,6249181196,6.249181196,"[14, 13, 118, 116, 136, 16, 112, 111, 110, 9, 109, 144, 10, 108, 148, 115, 36, 135, 26, 28, 99, 105, 145, 149, 102, 106, 121, 120, 114, 101, 147, 146, 12, 71, 58, 134, 67, 61, 78, 48, 85, 93, 133, 40, 42, 143, 25, 7, 6, 2, 1, 129, 131, 132, 130, 52, 76, 54, 47, 46, 51, 74, 70, 86, 80, 79, 69, 68, 127, 94, 89, 128, 66, 73, 72, 91, 39, 97, 62, 84, 44, 57, 126, 50, 49, 56, 38, 63, 64, 60, 83, 125, 103, 104, 87, 88, 100, 82, 98, 96, 31, 30, 24, 11, 23, 5, 22, 4, 21, 37, 20, 35, 34, 124, 123, 141, 142, 77, 59, 75, 53, 45, 55, 90, 65, 92, 81, 119, 95, 117, 107, 29, 43, 33, 41, 19, 27, 8, 3, 15, 0]","[0, 15, 3, 8, 27, 19, 41, 33, 43, 29, 107, 117, 95, 119, 81, 92, 65, 90, 55, 45, 53, 75, 59, 77, 142, 141, 123, 124, 34, 35, 20, 37, 21, 4, 22, 5, 23, 11, 24, 30, 31, 96, 98, 82, 100, 88, 87, 104, 103, 125, 83, 60, 64, 63, 38, 56, 49, 50, 126, 57, 44, 84, 62, 97, 39, 91, 72, 73, 66, 128, 89, 94, 127, 68, 69, 79, 80, 86, 70, 74, 51, 46, 47, 54, 76, 52, 130, 132, 131, 129, 1, 2, 6, 7, 25, 143, 42, 40, 133, 93, 85, 48, 78, 61, 67, 134, 58, 71, 12, 146, 147, 101, 114, 120, 121, 106, 102, 149, 145, 105, 99, 28, 26, 135, 36, 115, 148, 108, 10, 144, 109, 9, 110, 111, 112, 16, 136, 116, 118, 13, 14]",False,complete,179,179,10011,38,448,0,448,448,,False,,,,,,,2,100,68,100,68,68,68,68
3,20457,6,10,139,"[13, 14, 17, 18, 32, 122, 137, 138, 139, 140]","[0, 1, 2, 3, 4, 5, 6, 7, 8, 9, 10, 11, 12, 15, 16, 19, 20, 21, 22, 23, 24, 25, 26, 27, 28, 29, 30, 31, 33, 34, 35, 36, 37, 38, 39, 40, 41, 42, 43, 44, 45, 46, 47, 48, 49, 50, 51, 52, 53, 54, 55, 56, 57, 58, 59, 60, 61, 62, 63, 64, 65, 66, 67, 68, 69, 70, 71, 72, 73, 74, 75, 76, 77, 78, 79, 80, 81, 82, 83, 84, 85, 86, 87, 88, 89, 90, 91, 92, 93, 94, 95, 96, 97, 98, 99, 100, 101, 102, 103, 104, 105, 106, 107, 108, 109, 110, 111, 112, 114, 115, 116, 117, 118, 119, 120, 121, 123, 124, 125, 126, 127, 128, 129, 130, 131, 132, 133, 134, 135, 136, 141, 142, 143, 144, 145, 146, 147, 148, 149]",{},[],0,"[17, 122, 18, 32, 137, 138, 140, 139, 13, 14, 116, 118, 136, 112, 16, 111, 110, 9, 109, 144, 10, 108, 148, 115, 36, 135, 26, 28, 105, 99, 149, 102, 106, 121, 120, 114, 101, 145, 146, 147, 12, 58, 71, 134, 48, 78, 61, 67, 93, 85, 133, 42, 40, 143, 25, 7, 6, 2, 1, 129, 132, 130, 131, 54, 76, 52, 47, 46, 51, 74, 70, 86, 80, 79, 69, 68, 127, 94, 89, 128, 66, 73, 72, 91, 39, 97, 62, 84, 44, 57, 126, 50, 49, 56, 38, 63, 64, 60, 83, 125, 103, 104, 87, 88, 100, 82, 98, 96, 31, 30, 24, 11, 23, 5, 22, 4, 21, 37, 20, 35, 34, 124, 123, 141, 142, 90, 81, 92, 55, 45, 53, 75, 65, 77, 59, 119, 95, 117, 107, 27, 41, 33, 43, 19, 29, 15, 0, 8, 3]",True,6436036185,6.436036185,"[116, 118, 136, 16, 112, 111, 110, 9, 109, 144, 10, 108, 148, 115, 36, 135, 26, 28, 105, 99, 149, 102, 106, 121, 120, 114, 101, 145, 146, 147, 12, 71, 58, 134, 48, 67, 78, 61, 85, 93, 133, 40, 42, 143, 25, 7, 6, 2, 1, 131, 130, 129, 132, 76, 74, 52, 54, 47, 46, 51, 70, 86, 80, 79, 69, 68, 127, 94, 89, 128, 66, 73, 72, 91, 39, 97, 62, 84, 44, 57, 126, 50, 49, 56, 38, 63, 64, 60, 83, 125, 103, 104, 87, 88, 100, 82, 98, 96, 31, 30, 11, 24, 23, 5, 22, 4, 21, 37, 20, 35, 34, 124, 123, 141, 142, 117, 107, 119, 95, 55, 45, 53, 75, 59, 77, 90, 65, 92, 81, 29, 41, 33, 43, 19, 27, 8, 0, 15, 3]","[3, 15, 0, 8, 27, 19, 43, 33, 41, 29, 81, 92, 65, 90, 77, 59, 75, 53, 45, 55, 95, 119, 107, 117, 142, 141, 123, 124, 34, 35, 20, 37, 21, 4, 22, 5, 23, 24, 11, 30, 31, 96, 98, 82, 100, 88, 87, 104, 103, 125, 83, 60, 64, 63, 38, 56, 49, 50, 126, 57, 44, 84, 62, 97, 39, 91, 72, 73, 66, 128, 89, 94, 127, 68, 69, 79, 80, 86, 70, 51, 46, 47, 54, 52, 74, 76, 132, 129, 130, 131, 1, 2, 6, 7, 25, 143, 42, 40, 133, 93, 85, 61, 78, 67, 48, 134, 58, 71, 12, 147, 146, 145, 101, 114, 120, 121, 106, 102, 149, 99, 105, 28, 26, 135, 36, 115, 148, 108, 10, 144, 109, 9, 110, 111, 112, 16, 136, 118, 116]",False,complete,175,175,9730,36,444,0,444,444,,False,,,,,,,2,100,68,100,68,68,68,68
3,20458,7,12,137,"[13, 14, 17, 18, 32, 116, 118, 122, 137, 138, 139, 140]","[0, 1, 2, 3, 4, 5, 6, 7, 8, 9, 10, 11, 12, 15, 16, 19, 20, 21, 22, 23, 24, 25, 26, 27, 28, 29, 30, 31, 33, 34, 35, 36, 37, 38, 39, 40, 41, 42, 43, 44, 45, 46, 47, 48, 49, 50, 51, 52, 53, 54, 55, 56, 57, 58, 59, 60, 61, 62, 63, 64, 65, 66, 67, 68, 69, 70, 71, 72, 73, 74, 75, 76, 77, 78, 79, 80, 81, 82, 83, 84, 85, 86, 87, 88, 89, 90, 91, 92, 93, 94, 95, 96, 97, 98, 99, 100, 101, 102, 103, 104, 105, 106, 107, 108, 109, 110, 111, 112, 114, 115, 117, 119, 120, 121, 123, 124, 125, 126, 127, 128, 129, 130, 131, 132, 133, 134, 135, 136, 141, 142, 143, 144, 145, 146, 147, 148, 149]",{},[],0,"[17, 122, 18, 32, 137, 138, 140, 139, 13, 14, 116, 118, 136, 112, 16, 111, 110, 9, 109, 144, 10, 108, 148, 115, 36, 135, 26, 28, 105, 99, 149, 102, 106, 121, 120, 114, 101, 145, 146, 147, 12, 58, 71, 134, 48, 78, 61, 67, 93, 85, 133, 42, 40, 143, 25, 7, 6, 2, 1, 129, 132, 130, 131, 54, 76, 52, 47, 46, 51, 74, 70, 86, 80, 79, 69, 68, 127, 94, 89, 128, 66, 73, 72, 91, 39, 97, 62, 84, 44, 57, 126, 50, 49, 56, 38, 63, 64, 60, 83, 125, 103, 104, 87, 88, 100, 82, 98, 96, 31, 30, 24, 11, 23, 5, 22, 4, 21, 37, 20, 35, 34, 124, 123, 141, 142, 90, 81, 92, 55, 45, 53, 75, 65, 77, 59, 119, 95, 117, 107, 27, 41, 33, 43, 19, 29, 15, 0, 8, 3]",True,6238687124,6.238687124,"[136, 112, 16, 111, 110, 9, 109, 144, 10, 108, 148, 115, 36, 135, 28, 26, 99, 105, 149, 102, 106, 121, 120, 101, 114, 145, 147, 146, 12, 58, 71, 134, 67, 61, 48, 78, 85, 93, 133, 42, 40, 143, 25, 7, 6, 2, 1, 131, 130, 129, 132, 74, 76, 52, 54, 47, 46, 51, 70, 86, 80, 79, 69, 68, 127, 94, 89, 128, 66, 73, 72, 91, 39, 97, 62, 84, 44, 57, 126, 50, 49, 56, 38, 63, 64, 60, 83, 125, 103, 104, 87, 88, 100, 82, 98, 96, 31, 30, 11, 24, 23, 5, 22, 4, 21, 37, 20, 35, 34, 124, 123, 141, 142, 75, 59, 77, 92, 65, 90, 81, 55, 45, 53, 119, 107, 117, 95, 43, 33, 41, 27, 19, 29, 15, 3, 8, 0]","[0, 8, 3, 15, 29, 19, 27, 41, 33, 43, 95, 117, 107, 119, 53, 45, 55, 81, 90, 65, 92, 77, 59, 75, 142, 141, 123, 124, 34, 35, 20, 37, 21, 4, 22, 5, 23, 24, 11, 30, 31, 96, 98, 82, 100, 88, 87, 104, 103, 125, 83, 60, 64, 63, 38, 56, 49, 50, 126, 57, 44, 84, 62, 97, 39, 91, 72, 73, 66, 128, 89, 94, 127, 68, 69, 79, 80, 86, 70, 51, 46, 47, 54, 52, 76, 74, 132, 129, 130, 131, 1, 2, 6, 7, 25, 143, 40, 42, 133, 93, 85, 78, 48, 61, 67, 134, 71, 58, 12, 146, 147, 145, 114, 101, 120, 121, 106, 102, 149, 105, 99, 26, 28, 135, 36, 115, 148, 108, 10, 144, 109, 9, 110, 111, 16, 112, 136]",False,complete,174,174,9453,37,443,0,443,443,,False,,,,,,,2,100,68,100,68,68,68,68
3,20459,8,14,135,"[13, 14, 17, 18, 32, 112, 116, 118, 122, 136, 137, 138, 139, 140]","[0, 1, 2, 3, 4, 5, 6, 7, 8, 9, 10, 11, 12, 15, 16, 19, 20, 21, 22, 23, 24, 25, 26, 27, 28, 29, 30, 31, 33, 34, 35, 36, 37, 38, 39, 40, 41, 42, 43, 44, 45, 46, 47, 48, 49, 50, 51, 52, 53, 54, 55, 56, 57, 58, 59, 60, 61, 62, 63, 64, 65, 66, 67, 68, 69, 70, 71, 72, 73, 74, 75, 76, 77, 78, 79, 80, 81, 82, 83, 84, 85, 86, 87, 88, 89, 90, 91, 92, 93, 94, 95, 96, 97, 98, 99, 100, 101, 102, 103, 104, 105, 106, 107, 108, 109, 110, 111, 114, 115, 117, 119, 120, 121, 123, 124, 125, 126, 127, 128, 129, 130, 131, 132, 133, 134, 135, 141, 142, 143, 144, 145, 146, 147, 148, 149]",{},[],0,"[17, 122, 18, 32, 137, 138, 140, 139, 13, 14, 116, 118, 136, 112, 16, 111, 110, 9, 109, 144, 10, 108, 148, 115, 36, 135, 26, 28, 105, 99, 149, 102, 106, 121, 120, 114, 101, 145, 146, 147, 12, 58, 71, 134, 48, 78, 61, 67, 93, 85, 133, 42, 40, 143, 25, 7, 6, 2, 1, 129, 132, 130, 131, 54, 76, 52, 47, 46, 51, 74, 70, 86, 80, 79, 69, 68, 127, 94, 89, 128, 66, 73, 72, 91, 39, 97, 62, 84, 44, 57, 126, 50, 49, 56, 38, 63, 64, 60, 83, 125, 103, 104, 87, 88, 100, 82, 98, 96, 31, 30, 24, 11, 23, 5, 22, 4, 21, 37, 20, 35, 34, 124, 123, 141, 142, 90, 81, 92, 55, 45, 53, 75, 65, 77, 59, 119, 95, 117, 107, 27, 41, 33, 43, 19, 29, 15, 0, 8, 3]",True,5971590503,5.971590503,"[16, 111, 110, 9, 109, 144, 10, 108, 148, 115, 36, 135, 26, 28, 105, 99, 149, 102, 106, 121, 120, 101, 114, 145, 146, 147, 12, 58, 71, 134, 48, 67, 78, 61, 85, 93, 133, 42, 40, 143, 25, 7, 6, 2, 1, 129, 132, 131, 130, 52, 74, 54, 47, 46, 51, 76, 70, 86, 80, 79, 69, 68, 127, 94, 89, 128, 66, 73, 72, 91, 39, 97, 62, 84, 44, 57, 126, 50, 49, 56, 38, 63, 64, 60, 83, 125, 103, 104, 87, 88, 100, 82, 98, 96, 31, 30, 24, 11, 23, 5, 22, 4, 21, 37, 20, 35, 34, 124, 123, 141, 142, 53, 45, 55, 117, 107, 119, 95, 90, 81, 92, 75, 59, 77, 65, 41, 33, 43, 27, 19, 29, 8, 0, 15, 3]","[3, 15, 0, 8, 29, 19, 27, 43, 33, 41, 65, 77, 59, 75, 92, 81, 90, 95, 119, 107, 117, 55, 45, 53, 142, 141, 123, 124, 34, 35, 20, 37, 21, 4, 22, 5, 23, 11, 24, 30, 31, 96, 98, 82, 100, 88, 87, 104, 103, 125, 83, 60, 64, 63, 38, 56, 49, 50, 126, 57, 44, 84, 62, 97, 39, 91, 72, 73, 66, 128, 89, 94, 127, 68, 69, 79, 80, 86, 70, 76, 51, 46, 47, 54, 74, 52, 130, 131, 132, 129, 1, 2, 6, 7, 25, 143, 40, 42, 133, 93, 85, 61, 78, 67, 48, 134, 71, 58, 12, 147, 146, 145, 114, 101, 120, 121, 106, 102, 149, 99, 105, 28, 26, 135, 36, 115, 148, 108, 10, 144, 109, 9, 110, 111, 16]",False,complete,172,172,9180,37,441,0,441,441,,False,,,,,,,2,100,68,100,68,68,68,68
3,20460,9,16,133,"[13, 14, 16, 17, 18, 32, 111, 112, 116, 118, 122, 136, 137, 138, 139, 140]","[0, 1, 2, 3, 4, 5, 6, 7, 8, 9, 10, 11, 12, 15, 19, 20, 21, 22, 23, 24, 25, 26, 27, 28, 29, 30, 31, 33, 34, 35, 36, 37, 38, 39, 40, 41, 42, 43, 44, 45, 46, 47, 48, 49, 50, 51, 52, 53, 54, 55, 56, 57, 58, 59, 60, 61, 62, 63, 64, 65, 66, 67, 68, 69, 70, 71, 72, 73, 74, 75, 76, 77, 78, 79, 80, 81, 82, 83, 84, 85, 86, 87, 88, 89, 90, 91, 92, 93, 94, 95, 96, 97, 98, 99, 100, 101, 102, 103, 104, 105, 106, 107, 108, 109, 110, 114, 115, 117, 119, 120, 121, 123, 124, 125, 126, 127, 128, 129, 130, 131, 132, 133, 134, 135, 141, 142, 143, 144, 145, 146, 147, 148, 149]","{""support_1"": 110}",[110],1,"[17, 122, 18, 32, 137, 138, 140, 139, 13, 14, 116, 118, 136, 112, 16, 111, 110, 9, 109, 144, 10, 108, 148, 115, 36, 135, 26, 28, 105, 99, 149, 102, 106, 121, 120, 114, 101, 145, 146, 147, 12, 58, 71, 134, 48, 78, 61, 67, 93, 85, 133, 42, 40, 143, 25, 7, 6, 2, 1, 129, 132, 130, 131, 54, 76, 52, 47, 46, 51, 74, 70, 86, 80, 79, 69, 68, 127, 94, 89, 128, 66, 73, 72, 91, 39, 97, 62, 84, 44, 57, 126, 50, 49, 56, 38, 63, 64, 60, 83, 125, 103, 104, 87, 88, 100, 82, 98, 96, 31, 30, 24, 11, 23, 5, 22, 4, 21, 37, 20, 35, 34, 124, 123, 141, 142, 90, 81, 92, 55, 45, 53, 75, 65, 77, 59, 119, 95, 117, 107, 27, 41, 33, 43, 19, 29, 15, 0, 8, 3]",True,6021843879,6.021843879,"[110, 9, 109, 144, 10, 108, 148, 115, 36, 135, 26, 28, 99, 105, 145, 149, 102, 106, 121, 120, 114, 101, 147, 146, 12, 71, 58, 134, 67, 48, 61, 78, 85, 93, 133, 42, 40, 143, 25, 7, 6, 2, 1, 132, 131, 130, 129, 52, 74, 76, 54, 47, 46, 51, 70, 86, 80, 79, 69, 68, 127, 94, 89, 128, 66, 73, 72, 91, 39, 97, 62, 84, 44, 57, 126, 50, 49, 56, 38, 63, 64, 60, 83, 125, 103, 104, 87, 88, 100, 82, 98, 96, 31, 30, 24, 11, 23, 5, 22, 4, 21, 37, 20, 35, 34, 124, 123, 141, 142, 117, 95, 119, 107, 92, 81, 90, 55, 45, 53, 75, 65, 77, 59, 41, 33, 43, 27, 19, 29, 8, 0, 15, 3]","[3, 15, 0, 8, 29, 19, 27, 43, 33, 41, 59, 77, 65, 75, 53, 45, 55, 90, 81, 92, 107, 119, 95, 117, 142, 141, 123, 124, 34, 35, 20, 37, 21, 4, 22, 5, 23, 11, 24, 30, 31, 96, 98, 82, 100, 88, 87, 104, 103, 125, 83, 60, 64, 63, 38, 56, 49, 50, 126, 57, 44, 84, 62, 97, 39, 91, 72, 73, 66, 128, 89, 94, 127, 68, 69, 79, 80, 86, 70, 51, 46, 47, 54, 76, 74, 52, 129, 130, 131, 132, 1, 2, 6, 7, 25, 143, 40, 42, 133, 93, 85, 78, 61, 48, 67, 134, 58, 71, 12, 146, 147, 101, 114, 120, 121, 106, 102, 149, 145, 105, 99, 28, 26, 135, 36, 115, 148, 108, 10, 144, 109, 9, 110]",False,complete,170,170,8911,37,438,0,438,438,,False,,,,,,,2,98,66,98,66,66,66,67
3,20461,10,18,131,"[9, 13, 14, 16, 17, 18, 32, 110, 111, 112, 116, 118, 122, 136, 137, 138, 139, 140]","[0, 1, 2, 3, 4, 5, 6, 7, 8, 10, 11, 12, 15, 19, 20, 21, 22, 23, 24, 25, 26, 27, 28, 29, 30, 31, 33, 34, 35, 36, 37, 38, 39, 40, 41, 42, 43, 44, 45, 46, 47, 48, 49, 50, 51, 52, 53, 54, 55, 56, 57, 58, 59, 60, 61, 62, 63, 64, 65, 66, 67, 68, 69, 70, 71, 72, 73, 74, 75, 76, 77, 78, 79, 80, 81, 82, 83, 84, 85, 86, 87, 88, 89, 90, 91, 92, 93, 94, 95, 96, 97, 98, 99, 100, 101, 102, 103, 104, 105, 106, 107, 108, 109, 114, 115, 117, 119, 120, 121, 123, 124, 125, 126, 127, 128, 129, 130, 131, 132, 133, 134, 135, 141, 142, 143, 144, 145, 146, 147, 148, 149]","{""support_1"": 109, ""support_2"": 144}","[109, 144]",2,"[17, 122, 18, 32, 137, 138, 140, 139, 13, 14, 116, 118, 136, 112, 16, 111, 110, 9, 109, 144, 10, 108, 148, 115, 36, 135, 26, 28, 105, 99, 149, 102, 106, 121, 120, 114, 101, 145, 146, 147, 12, 58, 71, 134, 48, 78, 61, 67, 93, 85, 133, 42, 40, 143, 25, 7, 6, 2, 1, 129, 132, 130, 131, 54, 76, 52, 47, 46, 51, 74, 70, 86, 80, 79, 69, 68, 127, 94, 89, 128, 66, 73, 72, 91, 39, 97, 62, 84, 44, 57, 126, 50, 49, 56, 38, 63, 64, 60, 83, 125, 103, 104, 87, 88, 100, 82, 98, 96, 31, 30, 24, 11, 23, 5, 22, 4, 21, 37, 20, 35, 34, 124, 123, 141, 142, 90, 81, 92, 55, 45, 53, 75, 65, 77, 59, 119, 95, 117, 107, 27, 41, 33, 43, 19, 29, 15, 0, 8, 3]",True,5476980977,5.476980977,"[109, 144, 10, 108, 148, 115, 36, 135, 28, 26, 105, 99, 149, 102, 106, 121, 120, 101, 114, 145, 147, 146, 12, 71, 58, 134, 67, 78, 48, 61, 85, 93, 133, 42, 40, 143, 25, 7, 6, 2, 1, 132, 129, 131, 130, 52, 76, 54, 47, 46, 51, 74, 39, 70, 86, 80, 79, 69, 68, 127, 94, 89, 128, 66, 73, 72, 91, 97, 62, 84, 44, 57, 126, 50, 49, 56, 38, 63, 64, 60, 83, 125, 103, 104, 87, 88, 100, 82, 98, 96, 31, 30, 24, 11, 23, 5, 22, 4, 21, 37, 20, 35, 34, 124, 123, 142, 141, 55, 45, 53, 77, 59, 75, 92, 81, 90, 65, 117, 95, 119, 107, 29, 8, 0, 15, 3, 27, 43, 19, 41, 33]","[33, 41, 19, 43, 27, 3, 15, 0, 8, 29, 107, 119, 95, 117, 65, 90, 81, 92, 75, 59, 77, 53, 45, 55, 141, 142, 123, 124, 34, 35, 20, 37, 21, 4, 22, 5, 23, 11, 24, 30, 31, 96, 98, 82, 100, 88, 87, 104, 103, 125, 83, 60, 64, 63, 38, 56, 49, 50, 126, 57, 44, 84, 62, 97, 91, 72, 73, 66, 128, 89, 94, 127, 68, 69, 79, 80, 86, 70, 39, 74, 51, 46, 47, 54, 76, 52, 130, 131, 129, 132, 1, 2, 6, 7, 25, 143, 40, 42, 133, 93, 85, 61, 48, 78, 67, 134, 58, 71, 12, 146, 147, 145, 114, 101, 120, 121, 106, 102, 149, 99, 105, 26, 28, 135, 36, 115, 148, 108, 10, 144, 109]",False,complete,167,167,8646,36,427,0,427,427,,False,,,,,,,2,95,63,95,64,64,63,65
3,20462,11,20,129,"[9, 13, 14, 16, 17, 18, 32, 109, 110, 111, 112, 116, 118, 122, 136, 137, 138, 139, 140, 144]","[0, 1, 2, 3, 4, 5, 6, 7, 8, 10, 11, 12, 15, 19, 20, 21, 22, 23, 24, 25, 26, 27, 28, 29, 30, 31, 33, 34, 35, 36, 37, 38, 39, 40, 41, 42, 43, 44, 45, 46, 47, 48, 49, 50, 51, 52, 53, 54, 55, 56, 57, 58, 59, 60, 61, 62, 63, 64, 65, 66, 67, 68, 69, 70, 71, 72, 73, 74, 75, 76, 77, 78, 79, 80, 81, 82, 83, 84, 85, 86, 87, 88, 89, 90, 91, 92, 93, 94, 95, 96, 97, 98, 99, 100, 101, 102, 103, 104, 105, 106, 107, 108, 114, 115, 117, 119, 120, 121, 123, 124, 125, 126, 127, 128, 129, 130, 131, 132, 133, 134, 135, 141, 142, 143, 145, 146, 147, 148, 149]","{""support_1"": 108, ""support_2"": 10}","[10, 108]",2,"[17, 122, 18, 32, 137, 138, 140, 139, 13, 14, 116, 118, 136, 112, 16, 111, 110, 9, 109, 144, 10, 108, 148, 115, 36, 135, 26, 28, 105, 99, 149, 102, 106, 121, 120, 114, 101, 145, 146, 147, 12, 58, 71, 134, 48, 78, 61, 67, 93, 85, 133, 42, 40, 143, 25, 7, 6, 2, 1, 129, 132, 130, 131, 54, 76, 52, 47, 46, 51, 74, 70, 86, 80, 79, 69, 68, 127, 94, 89, 128, 66, 73, 72, 91, 39, 97, 62, 84, 44, 57, 126, 50, 49, 56, 38, 63, 64, 60, 83, 125, 103, 104, 87, 88, 100, 82, 98, 96, 31, 30, 24, 11, 23, 5, 22, 4, 21, 37, 20, 35, 34, 124, 123, 141, 142, 90, 81, 92, 55, 45, 53, 75, 65, 77, 59, 119, 95, 117, 107, 27, 41, 33, 43, 19, 29, 15, 0, 8, 3]",True,5410341566,5.410341566,"[10, 108, 148, 115, 36, 135, 28, 26, 105, 99, 149, 102, 106, 121, 120, 101, 114, 145, 147, 146, 12, 71, 58, 134, 67, 78, 61, 48, 93, 85, 133, 42, 40, 143, 25, 7, 6, 2, 1, 132, 130, 131, 129, 52, 54, 47, 46, 51, 74, 76, 39, 70, 86, 80, 79, 69, 68, 127, 94, 89, 128, 66, 73, 72, 91, 97, 62, 84, 44, 57, 126, 50, 49, 56, 38, 63, 64, 60, 83, 125, 103, 104, 87, 88, 100, 82, 98, 96, 31, 30, 24, 11, 23, 5, 22, 4, 21, 37, 20, 35, 34, 124, 123, 141, 142, 90, 81, 92, 119, 107, 117, 95, 77, 59, 75, 65, 53, 45, 55, 8, 0, 15, 43, 33, 41, 27, 3, 29, 19]","[19, 29, 3, 27, 41, 33, 43, 15, 0, 8, 55, 45, 53, 65, 75, 59, 77, 95, 117, 107, 119, 92, 81, 90, 142, 141, 123, 124, 34, 35, 20, 37, 21, 4, 22, 5, 23, 11, 24, 30, 31, 96, 98, 82, 100, 88, 87, 104, 103, 125, 83, 60, 64, 63, 38, 56, 49, 50, 126, 57, 44, 84, 62, 97, 91, 72, 73, 66, 128, 89, 94, 127, 68, 69, 79, 80, 86, 70, 39, 76, 74, 51, 46, 47, 54, 52, 129, 131, 130, 132, 1, 2, 6, 7, 25, 143, 40, 42, 133, 85, 93, 48, 61, 78, 67, 134, 58, 71, 12, 146, 147, 145, 114, 101, 120, 121, 106, 102, 149, 99, 105, 26, 28, 135, 36, 115, 148, 108, 10]",False,complete,165,165,8385,36,423,0,423,423,,False,,,,,,,2,91,61,91,62,62,61,63
3,20463,12,22,127,"[9, 10, 13, 14, 16, 17, 18, 32, 108, 109, 110, 111, 112, 116, 118, 122, 136, 137, 138, 139, 140, 144]","[0, 1, 2, 3, 4, 5, 6, 7, 8, 11, 12, 15, 19, 20, 21, 22, 23, 24, 25, 26, 27, 28, 29, 30, 31, 33, 34, 35, 36, 37, 38, 39, 40, 41, 42, 43, 44, 45, 46, 47, 48, 49, 50, 51, 52, 53, 54, 55, 56, 57, 58, 59, 60, 61, 62, 63, 64, 65, 66, 67, 68, 69, 70, 71, 72, 73, 74, 75, 76, 77, 78, 79, 80, 81, 82, 83, 84, 85, 86, 87, 88, 89, 90, 91, 92, 93, 94, 95, 96, 97, 98, 99, 100, 101, 102, 103, 104, 105, 106, 107, 114, 115, 117, 119, 120, 121, 123, 124, 125, 126, 127, 128, 129, 130, 131, 132, 133, 134, 135, 141, 142, 143, 145, 146, 147, 148, 149]","{""support_1"": 148}",[148],1,"[17, 122, 18, 32, 137, 138, 140, 139, 13, 14, 116, 118, 136, 112, 16, 111, 110, 9, 109, 144, 10, 108, 148, 115, 36, 135, 26, 28, 105, 99, 149, 102, 106, 121, 120, 114, 101, 145, 146, 147, 12, 58, 71, 134, 48, 78, 61, 67, 93, 85, 133, 42, 40, 143, 25, 7, 6, 2, 1, 129, 132, 130, 131, 54, 76, 52, 47, 46, 51, 74, 70, 86, 80, 79, 69, 68, 127, 94, 89, 128, 66, 73, 72, 91, 39, 97, 62, 84, 44, 57, 126, 50, 49, 56, 38, 63, 64, 60, 83, 125, 103, 104, 87, 88, 100, 82, 98, 96, 31, 30, 24, 11, 23, 5, 22, 4, 21, 37, 20, 35, 34, 124, 123, 141, 142, 90, 81, 92, 55, 45, 53, 75, 65, 77, 59, 119, 95, 117, 107, 27, 41, 33, 43, 19, 29, 15, 0, 8, 3]",True,5722068719,5.722068719,"[148, 115, 36, 135, 26, 28, 99, 105, 149, 102, 106, 121, 120, 101, 114, 145, 146, 147, 12, 71, 58, 134, 67, 78, 48, 61, 85, 93, 133, 40, 42, 143, 25, 7, 6, 2, 1, 132, 130, 129, 131, 52, 74, 54, 47, 46, 51, 76, 70, 86, 80, 79, 69, 68, 127, 94, 89, 128, 66, 73, 72, 91, 39, 97, 62, 84, 44, 57, 126, 50, 49, 56, 38, 63, 64, 60, 83, 125, 103, 104, 87, 88, 100, 82, 98, 96, 31, 30, 24, 11, 23, 5, 22, 4, 21, 37, 20, 35, 34, 124, 123, 141, 142, 53, 45, 55, 92, 81, 90, 77, 65, 75, 59, 119, 107, 117, 95, 27, 15, 0, 8, 3, 29, 41, 19, 43, 33]","[33, 43, 19, 41, 29, 3, 8, 0, 15, 27, 95, 117, 107, 119, 59, 75, 65, 77, 90, 81, 92, 55, 45, 53, 142, 141, 123, 124, 34, 35, 20, 37, 21, 4, 22, 5, 23, 11, 24, 30, 31, 96, 98, 82, 100, 88, 87, 104, 103, 125, 83, 60, 64, 63, 38, 56, 49, 50, 126, 57, 44, 84, 62, 97, 39, 91, 72, 73, 66, 128, 89, 94, 127, 68, 69, 79, 80, 86, 70, 76, 51, 46, 47, 54, 74, 52, 131, 129, 130, 132, 1, 2, 6, 7, 25, 143, 42, 40, 133, 93, 85, 61, 48, 78, 67, 134, 58, 71, 12, 147, 146, 145, 114, 101, 120, 121, 106, 102, 149, 105, 99, 28, 26, 135, 36, 115, 148]",False,complete,165,165,8128,38,422,0,422,422,,False,,,,,,,2,89,60,89,60,60,60,61
3,20464,13,24,125,"[9, 10, 13, 14, 16, 17, 18, 32, 108, 109, 110, 111, 112, 115, 116, 118, 122, 136, 137, 138, 139, 140, 144, 148]","[0, 1, 2, 3, 4, 5, 6, 7, 8, 11, 12, 15, 19, 20, 21, 22, 23, 24, 25, 26, 27, 28, 29, 30, 31, 33, 34, 35, 36, 37, 38, 39, 40, 41, 42, 43, 44, 45, 46, 47, 48, 49, 50, 51, 52, 53, 54, 55, 56, 57, 58, 59, 60, 61, 62, 63, 64, 65, 66, 67, 68, 69, 70, 71, 72, 73, 74, 75, 76, 77, 78, 79, 80, 81, 82, 83, 84, 85, 86, 87, 88, 89, 90, 91, 92, 93, 94, 95, 96, 97, 98, 99, 100, 101, 102, 103, 104, 105, 106, 107, 114, 117, 119, 120, 121, 123, 124, 125, 126, 127, 128, 129, 130, 131, 132, 133, 134, 135, 141, 142, 143, 145, 146, 147, 149]",{},[],0,"[17, 122, 18, 32, 137, 138, 140, 139, 13, 14, 116, 118, 136, 112, 16, 111, 110, 9, 109, 144, 10, 108, 148, 115, 36, 135, 26, 28, 105, 99, 149, 102, 106, 121, 120, 114, 101, 145, 146, 147, 12, 58, 71, 134, 48, 78, 61, 67, 93, 85, 133, 42, 40, 143, 25, 7, 6, 2, 1, 129, 132, 130, 131, 54, 76, 52, 47, 46, 51, 74, 70, 86, 80, 79, 69, 68, 127, 94, 89, 128, 66, 73, 72, 91, 39, 97, 62, 84, 44, 57, 126, 50, 49, 56, 38, 63, 64, 60, 83, 125, 103, 104, 87, 88, 100, 82, 98, 96, 31, 30, 24, 11, 23, 5, 22, 4, 21, 37, 20, 35, 34, 124, 123, 141, 142, 90, 81, 92, 55, 45, 53, 75, 65, 77, 59, 119, 95, 117, 107, 27, 41, 33, 43, 19, 29, 15, 0, 8, 3]",True,5341104473,5.341104473,"[36, 135, 28, 26, 105, 99, 145, 149, 102, 106, 121, 120, 114, 101, 147, 146, 12, 71, 58, 134, 48, 78, 67, 61, 93, 85, 133, 42, 40, 143, 25, 7, 6, 2, 1, 130, 129, 131, 132, 76, 52, 54, 47, 46, 51, 74, 39, 70, 86, 80, 79, 69, 68, 127, 94, 89, 128, 66, 73, 72, 91, 97, 62, 84, 44, 57, 126, 50, 49, 56, 38, 63, 64, 60, 83, 125, 103, 104, 87, 88, 100, 82, 98, 96, 31, 30, 11, 24, 23, 5, 22, 4, 21, 37, 20, 35, 34, 124, 123, 142, 141, 55, 45, 53, 90, 81, 92, 119, 95, 117, 107, 75, 59, 77, 65, 43, 33, 41, 8, 0, 15, 29, 19, 27, 3]","[3, 27, 19, 29, 15, 0, 8, 41, 33, 43, 65, 77, 59, 75, 107, 117, 95, 119, 92, 81, 90, 53, 45, 55, 141, 142, 123, 124, 34, 35, 20, 37, 21, 4, 22, 5, 23, 24, 11, 30, 31, 96, 98, 82, 100, 88, 87, 104, 103, 125, 83, 60, 64, 63, 38, 56, 49, 50, 126, 57, 44, 84, 62, 97, 91, 72, 73, 66, 128, 89, 94, 127, 68, 69, 79, 80, 86, 70, 39, 74, 51, 46, 47, 54, 52, 76, 132, 131, 129, 130, 1, 2, 6, 7, 25, 143, 40, 42, 133, 85, 93, 61, 67, 78, 48, 134, 58, 71, 12, 146, 147, 101, 114, 120, 121, 106, 102, 149, 145, 99, 105, 26, 28, 135, 36]",False,complete,162,162,7875,37,417,0,417,417,,False,,,,,,,2,88,59,88,59,59,59,59
3,20465,14,26,123,"[9, 10, 13, 14, 16, 17, 18, 32, 36, 108, 109, 110, 111, 112, 115, 116, 118, 122, 135, 136, 137, 138, 139, 140, 144, 148]","[0, 1, 2, 3, 4, 5, 6, 7, 8, 11, 12, 15, 19, 20, 21, 22, 23, 24, 25, 26, 27, 28, 29, 30, 31, 33, 34, 35, 37, 38, 39, 40, 41, 42, 43, 44, 45, 46, 47, 48, 49, 50, 51, 52, 53, 54, 55, 56, 57, 58, 59, 60, 61, 62, 63, 64, 65, 66, 67, 68, 69, 70, 71, 72, 73, 74, 75, 76, 77, 78, 79, 80, 81, 82, 83, 84, 85, 86, 87, 88, 89, 90, 91, 92, 93, 94, 95, 96, 97, 98, 99, 100, 101, 102, 103, 104, 105, 106, 107, 114, 117, 119, 120, 121, 123, 124, 125, 126, 127, 128, 129, 130, 131, 132, 133, 134, 141, 142, 143, 145, 146, 147, 149]",{},[],0,"[17, 122, 18, 32, 137, 138, 140, 139, 13, 14, 116, 118, 136, 112, 16, 111, 110, 9, 109, 144, 10, 108, 148, 115, 36, 135, 26, 28, 105, 99, 149, 102, 106, 121, 120, 114, 101, 145, 146, 147, 12, 58, 71, 134, 48, 78, 61, 67, 93, 85, 133, 42, 40, 143, 25, 7, 6, 2, 1, 129, 132, 130, 131, 54, 76, 52, 47, 46, 51, 74, 70, 86, 80, 79, 69, 68, 127, 94, 89, 128, 66, 73, 72, 91, 39, 97, 62, 84, 44, 57, 126, 50, 49, 56, 38, 63, 64, 60, 83, 125, 103, 104, 87, 88, 100, 82, 98, 96, 31, 30, 24, 11, 23, 5, 22, 4, 21, 37, 20, 35, 34, 124, 123, 141, 142, 90, 81, 92, 55, 45, 53, 75, 65, 77, 59, 119, 95, 117, 107, 27, 41, 33, 43, 19, 29, 15, 0, 8, 3]",True,5168264750,5.168264750,"[26, 28, 105, 99, 145, 149, 102, 106, 121, 120, 114, 101, 147, 146, 12, 71, 58, 134, 48, 67, 78, 61, 93, 85, 133, 42, 40, 143, 25, 7, 6, 2, 1, 129, 131, 130, 132, 52, 74, 54, 47, 46, 51, 76, 39, 70, 86, 80, 79, 69, 68, 127, 94, 89, 128, 66, 73, 72, 91, 97, 62, 84, 44, 57, 126, 50, 49, 56, 38, 63, 64, 60, 83, 125, 103, 104, 87, 88, 100, 82, 98, 96, 31, 30, 24, 11, 23, 5, 22, 4, 21, 37, 20, 35, 34, 124, 123, 141, 142, 75, 59, 77, 55, 45, 53, 92, 65, 90, 81, 117, 95, 119, 107, 29, 41, 33, 43, 19, 27, 8, 0, 15, 3]","[3, 15, 0, 8, 27, 19, 43, 33, 41, 29, 107, 119, 95, 117, 81, 90, 65, 92, 53, 45, 55, 77, 59, 75, 142, 141, 123, 124, 34, 35, 20, 37, 21, 4, 22, 5, 23, 11, 24, 30, 31, 96, 98, 82, 100, 88, 87, 104, 103, 125, 83, 60, 64, 63, 38, 56, 49, 50, 126, 57, 44, 84, 62, 97, 91, 72, 73, 66, 128, 89, 94, 127, 68, 69, 79, 80, 86, 70, 39, 76, 51, 46, 47, 54, 74, 52, 132, 130, 131, 129, 1, 2, 6, 7, 25, 143, 40, 42, 133, 85, 93, 61, 78, 67, 48, 134, 58, 71, 12, 146, 147, 101, 114, 120, 121, 106, 102, 149, 145, 99, 105, 28, 26]",False,complete,160,160,7626,37,415,0,415,415,,False,,,,,,,2,88,59,88,59,59,59,59
3,20466,15,28,121,"[9, 10, 13, 14, 16, 17, 18, 26, 28, 32, 36, 108, 109, 110, 111, 112, 115, 116, 118, 122, 135, 136, 137, 138, 139, 140, 144, 148]","[0, 1, 2, 3, 4, 5, 6, 7, 8, 11, 12, 15, 19, 20, 21, 22, 23, 24, 25, 27, 29, 30, 31, 33, 34, 35, 37, 38, 39, 40, 41, 42, 43, 44, 45, 46, 47, 48, 49, 50, 51, 52, 53, 54, 55, 56, 57, 58, 59, 60, 61, 62, 63, 64, 65, 66, 67, 68, 69, 70, 71, 72, 73, 74, 75, 76, 77, 78, 79, 80, 81, 82, 83, 84, 85, 86, 87, 88, 89, 90, 91, 92, 93, 94, 95, 96, 97, 98, 99, 100, 101, 102, 103, 104, 105, 106, 107, 114, 117, 119, 120, 121, 123, 124, 125, 126, 127, 128, 129, 130, 131, 132, 133, 134, 141, 142, 143, 145, 146, 147, 149]",{},[],0,"[17, 122, 18, 32, 137, 138, 140, 139, 13, 14, 116, 118, 136, 112, 16, 111, 110, 9, 109, 144, 10, 108, 148, 115, 36, 135, 26, 28, 105, 99, 149, 102, 106, 121, 120, 114, 101, 145, 146, 147, 12, 58, 71, 134, 48, 78, 61, 67, 93, 85, 133, 42, 40, 143, 25, 7, 6, 2, 1, 129, 132, 130, 131, 54, 76, 52, 47, 46, 51, 74, 70, 86, 80, 79, 69, 68, 127, 94, 89, 128, 66, 73, 72, 91, 39, 97, 62, 84, 44, 57, 126, 50, 49, 56, 38, 63, 64, 60, 83, 125, 103, 104, 87, 88, 100, 82, 98, 96, 31, 30, 24, 11, 23, 5, 22, 4, 21, 37, 20, 35, 34, 124, 123, 141, 142, 90, 81, 92, 55, 45, 53, 75, 65, 77, 59, 119, 95, 117, 107, 27, 41, 33, 43, 19, 29, 15, 0, 8, 3]",True,5361122240,5.361122240,"[105, 99, 145, 149, 102, 106, 121, 120, 101, 114, 147, 146, 12, 58, 71, 134, 61, 78, 48, 67, 93, 85, 133, 40, 42, 143, 25, 7, 6, 2, 1, 132, 129, 130, 131, 54, 52, 47, 46, 51, 74, 76, 70, 86, 80, 79, 69, 68, 127, 94, 89, 128, 66, 73, 72, 91, 39, 97, 62, 84, 44, 57, 126, 50, 49, 56, 38, 63, 64, 60, 83, 125, 103, 104, 87, 88, 100, 82, 98, 96, 31, 30, 24, 11, 23, 5, 22, 4, 21, 37, 20, 35, 34, 124, 123, 142, 141, 117, 95, 119, 107, 92, 81, 90, 55, 45, 53, 75, 65, 77, 59, 43, 33, 41, 15, 0, 8, 27, 3, 29, 19]","[19, 29, 3, 27, 8, 0, 15, 41, 33, 43, 59, 77, 65, 75, 53, 45, 55, 90, 81, 92, 107, 119, 95, 117, 141, 142, 123, 124, 34, 35, 20, 37, 21, 4, 22, 5, 23, 11, 24, 30, 31, 96, 98, 82, 100, 88, 87, 104, 103, 125, 83, 60, 64, 63, 38, 56, 49, 50, 126, 57, 44, 84, 62, 97, 39, 91, 72, 73, 66, 128, 89, 94, 127, 68, 69, 79, 80, 86, 70, 76, 74, 51, 46, 47, 52, 54, 131, 130, 129, 132, 1, 2, 6, 7, 25, 143, 42, 40, 133, 85, 93, 67, 48, 78, 61, 134, 71, 58, 12, 146, 147, 114, 101, 120, 121, 106, 102, 149, 145, 99, 105]",False,complete,159,159,7381,38,414,0,414,414,,False,,,,,,,2,88,59,88,59,59,59,59
3,20467,16,30,119,"[9, 10, 13, 14, 16, 17, 18, 26, 28, 32, 36, 99, 105, 108, 109, 110, 111, 112, 115, 116, 118, 122, 135, 136, 137, 138, 139, 140, 144, 148]","[0, 1, 2, 3, 4, 5, 6, 7, 8, 11, 12, 15, 19, 20, 21, 22, 23, 24, 25, 27, 29, 30, 31, 33, 34, 35, 37, 38, 39, 40, 41, 42, 43, 44, 45, 46, 47, 48, 49, 50, 51, 52, 53, 54, 55, 56, 57, 58, 59, 60, 61, 62, 63, 64, 65, 66, 67, 68, 69, 70, 71, 72, 73, 74, 75, 76, 77, 78, 79, 80, 81, 82, 83, 84, 85, 86, 87, 88, 89, 90, 91, 92, 93, 94, 95, 96, 97, 98, 100, 101, 102, 103, 104, 106, 107, 114, 117, 119, 120, 121, 123, 124, 125, 126, 127, 128, 129, 130, 131, 132, 133, 134, 141, 142, 143, 145, 146, 147, 149]",{},[],0,"[17, 122, 18, 32, 137, 138, 140, 139, 13, 14, 116, 118, 136, 112, 16, 111, 110, 9, 109, 144, 10, 108, 148, 115, 36, 135, 26, 28, 105, 99, 149, 102, 106, 121, 120, 114, 101, 145, 146, 147, 12, 58, 71, 134, 48, 78, 61, 67, 93, 85, 133, 42, 40, 143, 25, 7, 6, 2, 1, 129, 132, 130, 131, 54, 76, 52, 47, 46, 51, 74, 70, 86, 80, 79, 69, 68, 127, 94, 89, 128, 66, 73, 72, 91, 39, 97, 62, 84, 44, 57, 126, 50, 49, 56, 38, 63, 64, 60, 83, 125, 103, 104, 87, 88, 100, 82, 98, 96, 31, 30, 24, 11, 23, 5, 22, 4, 21, 37, 20, 35, 34, 124, 123, 141, 142, 90, 81, 92, 55, 45, 53, 75, 65, 77, 59, 119, 95, 117, 107, 27, 41, 33, 43, 19, 29, 15, 0, 8, 3]",True,5267959231,5.267959231,"[145, 149, 102, 106, 121, 120, 114, 101, 146, 147, 12, 58, 71, 134, 61, 48, 78, 67, 93, 85, 133, 42, 40, 143, 25, 7, 6, 2, 1, 131, 130, 132, 129, 52, 76, 74, 54, 47, 46, 51, 39, 70, 86, 80, 79, 69, 68, 127, 94, 89, 128, 66, 73, 72, 91, 97, 62, 84, 44, 57, 126, 50, 49, 56, 38, 63, 64, 60, 83, 125, 103, 104, 87, 88, 100, 82, 98, 96, 31, 30, 11, 24, 23, 5, 22, 4, 21, 37, 20, 35, 34, 124, 123, 142, 141, 90, 81, 92, 119, 107, 117, 95, 77, 59, 75, 65, 55, 45, 53, 27, 8, 0, 15, 3, 29, 43, 33, 41, 19]","[19, 41, 33, 43, 29, 3, 15, 0, 8, 27, 53, 45, 55, 65, 75, 59, 77, 95, 117, 107, 119, 92, 81, 90, 141, 142, 123, 124, 34, 35, 20, 37, 21, 4, 22, 5, 23, 24, 11, 30, 31, 96, 98, 82, 100, 88, 87, 104, 103, 125, 83, 60, 64, 63, 38, 56, 49, 50, 126, 57, 44, 84, 62, 97, 91, 72, 73, 66, 128, 89, 94, 127, 68, 69, 79, 80, 86, 70, 39, 51, 46, 47, 54, 74, 76, 52, 129, 132, 130, 131, 1, 2, 6, 7, 25, 143, 40, 42, 133, 85, 93, 67, 78, 48, 61, 134, 71, 58, 12, 147, 146, 101, 114, 120, 121, 106, 102, 149, 145]",False,complete,155,155,7140,36,410,0,410,410,,False,,,,,,,2,88,59,88,59,59,59,59
3,20468,17,32,117,"[9, 10, 13, 14, 16, 17, 18, 26, 28, 32, 36, 99, 102, 105, 108, 109, 110, 111, 112, 115, 116, 118, 122, 135, 136, 137, 138, 139, 140, 144, 148, 149]","[0, 1, 2, 3, 4, 5, 6, 7, 8, 11, 12, 15, 19, 20, 21, 22, 23, 24, 25, 27, 29, 30, 31, 33, 34, 35, 37, 38, 39, 40, 41, 42, 43, 44, 45, 46, 47, 48, 49, 50, 51, 52, 53, 54, 55, 56, 57, 58, 59, 60, 61, 62, 63, 64, 65, 66, 67, 68, 69, 70, 71, 72, 73, 74, 75, 76, 77, 78, 79, 80, 81, 82, 83, 84, 85, 86, 87, 88, 89, 90, 91, 92, 93, 94, 95, 96, 97, 98, 100, 101, 103, 104, 106, 107, 114, 117, 119, 120, 121, 123, 124, 125, 126, 127, 128, 129, 130, 131, 132, 133, 134, 141, 142, 143, 145, 146, 147]","{""support_1"": 106}",[106],1,"[17, 122, 18, 32, 137, 138, 140, 139, 13, 14, 116, 118, 136, 112, 16, 111, 110, 9, 109, 144, 10, 108, 148, 115, 36, 135, 26, 28, 105, 99, 149, 102, 106, 121, 120, 114, 101, 145, 146, 147, 12, 58, 71, 134, 48, 78, 61, 67, 93, 85, 133, 42, 40, 143, 25, 7, 6, 2, 1, 129, 132, 130, 131, 54, 76, 52, 47, 46, 51, 74, 70, 86, 80, 79, 69, 68, 127, 94, 89, 128, 66, 73, 72, 91, 39, 97, 62, 84, 44, 57, 126, 50, 49, 56, 38, 63, 64, 60, 83, 125, 103, 104, 87, 88, 100, 82, 98, 96, 31, 30, 24, 11, 23, 5, 22, 4, 21, 37, 20, 35, 34, 124, 123, 141, 142, 90, 81, 92, 55, 45, 53, 75, 65, 77, 59, 119, 95, 117, 107, 27, 41, 33, 43, 19, 29, 15, 0, 8, 3]",True,5091352338,5.091352338,"[106, 121, 120, 101, 114, 145, 147, 146, 12, 71, 58, 134, 48, 67, 61, 78, 93, 85, 133, 40, 42, 143, 25, 7, 6, 2, 1, 130, 131, 132, 129, 74, 54, 76, 52, 47, 46, 51, 39, 70, 86, 80, 79, 69, 68, 127, 94, 89, 128, 66, 73, 72, 91, 97, 62, 84, 44, 57, 126, 50, 49, 56, 38, 63, 64, 60, 83, 125, 103, 104, 87, 88, 100, 82, 98, 96, 31, 30, 11, 24, 23, 5, 22, 4, 21, 37, 20, 35, 34, 124, 123, 142, 141, 77, 59, 75, 92, 65, 90, 81, 53, 45, 55, 117, 95, 119, 107, 27, 41, 33, 43, 19, 29, 15, 0, 8, 3]","[3, 8, 0, 15, 29, 19, 43, 33, 41, 27, 107, 119, 95, 117, 55, 45, 53, 81, 90, 65, 92, 75, 59, 77, 141, 142, 123, 124, 34, 35, 20, 37, 21, 4, 22, 5, 23, 24, 11, 30, 31, 96, 98, 82, 100, 88, 87, 104, 103, 125, 83, 60, 64, 63, 38, 56, 49, 50, 126, 57, 44, 84, 62, 97, 91, 72, 73, 66, 128, 89, 94, 127, 68, 69, 79, 80, 86, 70, 39, 51, 46, 47, 52, 76, 54, 74, 129, 132, 131, 130, 1, 2, 6, 7, 25, 143, 42, 40, 133, 85, 93, 78, 61, 67, 48, 134, 58, 71, 12, 146, 147, 145, 114, 101, 120, 121, 106]",False,complete,154,154,6903,37,409,0,409,409,,False,,,,,,,2,87,58,87,58,58,58,59
3,20469,18,34,115,"[9, 10, 13, 14, 16, 17, 18, 26, 28, 32, 36, 99, 102, 105, 106, 108, 109, 110, 111, 112, 115, 116, 118, 121, 122, 135, 136, 137, 138, 139, 140, 144, 148, 149]","[0, 1, 2, 3, 4, 5, 6, 7, 8, 11, 12, 15, 19, 20, 21, 22, 23, 24, 25, 27, 29, 30, 31, 33, 34, 35, 37, 38, 39, 40, 41, 42, 43, 44, 45, 46, 47, 48, 49, 50, 51, 52, 53, 54, 55, 56, 57, 58, 59, 60, 61, 62, 63, 64, 65, 66, 67, 68, 69, 70, 71, 72, 73, 74, 75, 76, 77, 78, 79, 80, 81, 82, 83, 84, 85, 86, 87, 88, 89, 90, 91, 92, 93, 94, 95, 96, 97, 98, 100, 101, 103, 104, 107, 114, 117, 119, 120, 123, 124, 125, 126, 127, 128, 129, 130, 131, 132, 133, 134, 141, 142, 143, 145, 146, 147]","{""support_1"": 120}",[120],1,"[17, 122, 18, 32, 137, 138, 140, 139, 13, 14, 116, 118, 136, 112, 16, 111, 110, 9, 109, 144, 10, 108, 148, 115, 36, 135, 26, 28, 105, 99, 149, 102, 106, 121, 120, 114, 101, 145, 146, 147, 12, 58, 71, 134, 48, 78, 61, 67, 93, 85, 133, 42, 40, 143, 25, 7, 6, 2, 1, 129, 132, 130, 131, 54, 76, 52, 47, 46, 51, 74, 70, 86, 80, 79, 69, 68, 127, 94, 89, 128, 66, 73, 72, 91, 39, 97, 62, 84, 44, 57, 126, 50, 49, 56, 38, 63, 64, 60, 83, 125, 103, 104, 87, 88, 100, 82, 98, 96, 31, 30, 24, 11, 23, 5, 22, 4, 21, 37, 20, 35, 34, 124, 123, 141, 142, 90, 81, 92, 55, 45, 53, 75, 65, 77, 59, 119, 95, 117, 107, 27, 41, 33, 43, 19, 29, 15, 0, 8, 3]",True,4846083934,4.846083934,"[120, 114, 101, 145, 147, 146, 12, 58, 71, 134, 67, 78, 48, 61, 85, 93, 133, 40, 42, 143, 25, 7, 6, 2, 1, 131, 130, 129, 132, 76, 74, 54, 52, 47, 46, 51, 39, 70, 86, 80, 79, 69, 68, 127, 94, 89, 128, 66, 73, 72, 91, 97, 62, 84, 44, 57, 126, 50, 49, 56, 38, 63, 64, 60, 83, 125, 103, 104, 87, 88, 100, 82, 98, 96, 31, 30, 11, 24, 23, 5, 22, 4, 21, 37, 20, 35, 34, 124, 123, 142, 141, 55, 45, 53, 77, 59, 75, 92, 65, 90, 81, 117, 107, 119, 95, 29, 15, 0, 8, 3, 27, 41, 19, 43, 33]","[33, 43, 19, 41, 27, 3, 8, 0, 15, 29, 95, 119, 107, 117, 81, 90, 65, 92, 75, 59, 77, 53, 45, 55, 141, 142, 123, 124, 34, 35, 20, 37, 21, 4, 22, 5, 23, 24, 11, 30, 31, 96, 98, 82, 100, 88, 87, 104, 103, 125, 83, 60, 64, 63, 38, 56, 49, 50, 126, 57, 44, 84, 62, 97, 91, 72, 73, 66, 128, 89, 94, 127, 68, 69, 79, 80, 86, 70, 39, 51, 46, 47, 52, 54, 74, 76, 132, 129, 130, 131, 1, 2, 6, 7, 25, 143, 42, 40, 133, 93, 85, 61, 48, 78, 67, 134, 71, 58, 12, 146, 147, 145, 101, 114, 120]",False,complete,152,152,6670,37,403,0,403,403,,False,,,,,,,2,85,56,85,56,56,56,57
3,20470,19,36,113,"[9, 10, 13, 14, 16, 17, 18, 26, 28, 32, 36, 99, 102, 105, 106, 108, 109, 110, 111, 112, 114, 115, 116, 118, 120, 121, 122, 135, 136, 137, 138, 139, 140, 144, 148, 149]","[0, 1, 2, 3, 4, 5, 6, 7, 8, 11, 12, 15, 19, 20, 21, 22, 23, 24, 25, 27, 29, 30, 31, 33, 34, 35, 37, 38, 39, 40, 41, 42, 43, 44, 45, 46, 47, 48, 49, 50, 51, 52, 53, 54, 55, 56, 57, 58, 59, 60, 61, 62, 63, 64, 65, 66, 67, 68, 69, 70, 71, 72, 73, 74, 75, 76, 77, 78, 79, 80, 81, 82, 83, 84, 85, 86, 87, 88, 89, 90, 91, 92, 93, 94, 95, 96, 97, 98, 100, 101, 103, 104, 107, 117, 119, 123, 124, 125, 126, 127, 128, 129, 130, 131, 132, 133, 134, 141, 142, 143, 145, 146, 147]","{""support_1"": 101}",[101],1,"[17, 122, 18, 32, 137, 138, 140, 139, 13, 14, 116, 118, 136, 112, 16, 111, 110, 9, 109, 144, 10, 108, 148, 115, 36, 135, 26, 28, 105, 99, 149, 102, 106, 121, 120, 114, 101, 145, 146, 147, 12, 58, 71, 134, 48, 78, 61, 67, 93, 85, 133, 42, 40, 143, 25, 7, 6, 2, 1, 129, 132, 130, 131, 54, 76, 52, 47, 46, 51, 74, 70, 86, 80, 79, 69, 68, 127, 94, 89, 128, 66, 73, 72, 91, 39, 97, 62, 84, 44, 57, 126, 50, 49, 56, 38, 63, 64, 60, 83, 125, 103, 104, 87, 88, 100, 82, 98, 96, 31, 30, 24, 11, 23, 5, 22, 4, 21, 37, 20, 35, 34, 124, 123, 141, 142, 90, 81, 92, 55, 45, 53, 75, 65, 77, 59, 119, 95, 117, 107, 27, 41, 33, 43, 19, 29, 15, 0, 8, 3]",True,4683897346,4.683897346,"[101, 145, 146, 147, 12, 71, 58, 134, 67, 61, 48, 78, 85, 93, 133, 42, 40, 143, 25, 7, 6, 2, 1, 132, 129, 131, 130, 76, 54, 74, 52, 47, 46, 51, 39, 70, 86, 80, 79, 69, 68, 127, 94, 89, 128, 66, 73, 72, 91, 97, 62, 84, 44, 57, 126, 50, 49, 56, 38, 63, 64, 60, 83, 125, 103, 104, 87, 88, 100, 82, 98, 96, 31, 30, 24, 11, 23, 5, 22, 4, 21, 37, 20, 35, 34, 124, 123, 141, 142, 75, 59, 77, 90, 81, 92, 65, 55, 45, 53, 119, 107, 117, 95, 41, 33, 43, 27, 19, 29, 8, 0, 15, 3]","[3, 15, 0, 8, 29, 19, 27, 43, 33, 41, 95, 117, 107, 119, 53, 45, 55, 65, 92, 81, 90, 77, 59, 75, 142, 141, 123, 124, 34, 35, 20, 37, 21, 4, 22, 5, 23, 11, 24, 30, 31, 96, 98, 82, 100, 88, 87, 104, 103, 125, 83, 60, 64, 63, 38, 56, 49, 50, 126, 57, 44, 84, 62, 97, 91, 72, 73, 66, 128, 89, 94, 127, 68, 69, 79, 80, 86, 70, 39, 51, 46, 47, 52, 74, 54, 76, 130, 131, 129, 132, 1, 2, 6, 7, 25, 143, 40, 42, 133, 93, 85, 78, 48, 61, 67, 134, 58, 71, 12, 147, 146, 145, 101]",False,complete,150,150,6441,37,398,0,398,398,,False,,,,,,,2,82,54,82,54,54,54,55
3,20471,20,38,111,"[9, 10, 13, 14, 16, 17, 18, 26, 28, 32, 36, 99, 101, 102, 105, 106, 108, 109, 110, 111, 112, 114, 115, 116, 118, 120, 121, 122, 135, 136, 137, 138, 139, 140, 144, 145, 148, 149]","[0, 1, 2, 3, 4, 5, 6, 7, 8, 11, 12, 15, 19, 20, 21, 22, 23, 24, 25, 27, 29, 30, 31, 33, 34, 35, 37, 38, 39, 40, 41, 42, 43, 44, 45, 46, 47, 48, 49, 50, 51, 52, 53, 54, 55, 56, 57, 58, 59, 60, 61, 62, 63, 64, 65, 66, 67, 68, 69, 70, 71, 72, 73, 74, 75, 76, 77, 78, 79, 80, 81, 82, 83, 84, 85, 86, 87, 88, 89, 90, 91, 92, 93, 94, 95, 96, 97, 98, 100, 103, 104, 107, 117, 119, 123, 124, 125, 126, 127, 128, 129, 130, 131, 132, 133, 134, 141, 142, 143, 146, 147]",{},[],0,"[17, 122, 18, 32, 137, 138, 140, 139, 13, 14, 116, 118, 136, 112, 16, 111, 110, 9, 109, 144, 10, 108, 148, 115, 36, 135, 26, 28, 105, 99, 149, 102, 106, 121, 120, 114, 101, 145, 146, 147, 12, 58, 71, 134, 48, 78, 61, 67, 93, 85, 133, 42, 40, 143, 25, 7, 6, 2, 1, 129, 132, 130, 131, 54, 76, 52, 47, 46, 51, 74, 70, 86, 80, 79, 69, 68, 127, 94, 89, 128, 66, 73, 72, 91, 39, 97, 62, 84, 44, 57, 126, 50, 49, 56, 38, 63, 64, 60, 83, 125, 103, 104, 87, 88, 100, 82, 98, 96, 31, 30, 24, 11, 23, 5, 22, 4, 21, 37, 20, 35, 34, 124, 123, 141, 142, 90, 81, 92, 55, 45, 53, 75, 65, 77, 59, 119, 95, 117, 107, 27, 41, 33, 43, 19, 29, 15, 0, 8, 3]",True,4473430510,4.473430510,"[146, 147, 12, 71, 58, 134, 48, 67, 61, 78, 85, 93, 133, 42, 40, 143, 25, 7, 6, 2, 1, 129, 132, 130, 131, 74, 52, 54, 47, 46, 51, 76, 70, 86, 80, 79, 69, 68, 127, 94, 89, 128, 66, 73, 72, 91, 39, 97, 62, 84, 44, 57, 126, 50, 49, 56, 38, 63, 64, 60, 83, 125, 103, 104, 87, 88, 100, 82, 98, 96, 31, 30, 24, 11, 23, 5, 22, 4, 21, 37, 20, 35, 34, 124, 123, 142, 141, 92, 81, 90, 119, 107, 117, 95, 77, 65, 75, 59, 53, 45, 55, 43, 33, 41, 8, 0, 15, 27, 3, 29, 19]","[19, 29, 3, 27, 15, 0, 8, 41, 33, 43, 55, 45, 53, 59, 75, 65, 77, 95, 117, 107, 119, 90, 81, 92, 141, 142, 123, 124, 34, 35, 20, 37, 21, 4, 22, 5, 23, 11, 24, 30, 31, 96, 98, 82, 100, 88, 87, 104, 103, 125, 83, 60, 64, 63, 38, 56, 49, 50, 126, 57, 44, 84, 62, 97, 39, 91, 72, 73, 66, 128, 89, 94, 127, 68, 69, 79, 80, 86, 70, 76, 51, 46, 47, 54, 52, 74, 131, 130, 132, 129, 1, 2, 6, 7, 25, 143, 40, 42, 133, 93, 85, 78, 61, 67, 48, 134, 58, 71, 12, 147, 146]",False,complete,148,148,6216,37,395,0,395,395,,False,,,,,,,2,82,54,82,54,54,54,54
3,20472,21,40,109,"[9, 10, 13, 14, 16, 17, 18, 26, 28, 32, 36, 99, 101, 102, 105, 106, 108, 109, 110, 111, 112, 114, 115, 116, 118, 120, 121, 122, 135, 136, 137, 138, 139, 140, 144, 145, 146, 147, 148, 149]","[0, 1, 2, 3, 4, 5, 6, 7, 8, 11, 12, 15, 19, 20, 21, 22, 23, 24, 25, 27, 29, 30, 31, 33, 34, 35, 37, 38, 39, 40, 41, 42, 43, 44, 45, 46, 47, 48, 49, 50, 51, 52, 53, 54, 55, 56, 57, 58, 59, 60, 61, 62, 63, 64, 65, 66, 67, 68, 69, 70, 71, 72, 73, 74, 75, 76, 77, 78, 79, 80, 81, 82, 83, 84, 85, 86, 87, 88, 89, 90, 91, 92, 93, 94, 95, 96, 97, 98, 100, 103, 104, 107, 117, 119, 123, 124, 125, 126, 127, 128, 129, 130, 131, 132, 133, 134, 141, 142, 143]",{},[],0,"[17, 122, 18, 32, 137, 138, 140, 139, 13, 14, 116, 118, 136, 112, 16, 111, 110, 9, 109, 144, 10, 108, 148, 115, 36, 135, 26, 28, 105, 99, 149, 102, 106, 121, 120, 114, 101, 145, 146, 147, 12, 58, 71, 134, 48, 78, 61, 67, 93, 85, 133, 42, 40, 143, 25, 7, 6, 2, 1, 129, 132, 130, 131, 54, 76, 52, 47, 46, 51, 74, 70, 86, 80, 79, 69, 68, 127, 94, 89, 128, 66, 73, 72, 91, 39, 97, 62, 84, 44, 57, 126, 50, 49, 56, 38, 63, 64, 60, 83, 125, 103, 104, 87, 88, 100, 82, 98, 96, 31, 30, 24, 11, 23, 5, 22, 4, 21, 37, 20, 35, 34, 124, 123, 141, 142, 90, 81, 92, 55, 45, 53, 75, 65, 77, 59, 119, 95, 117, 107, 27, 41, 33, 43, 19, 29, 15, 0, 8, 3]",True,4442760853,4.442760853,"[12, 71, 58, 134, 61, 48, 67, 78, 85, 93, 133, 40, 42, 143, 25, 7, 6, 2, 1, 129, 130, 132, 131, 52, 76, 74, 54, 47, 46, 51, 70, 86, 80, 79, 69, 68, 127, 94, 89, 128, 66, 73, 72, 91, 39, 97, 62, 84, 44, 57, 126, 50, 49, 56, 38, 63, 64, 60, 83, 125, 103, 104, 87, 88, 100, 82, 98, 96, 31, 30, 24, 11, 23, 5, 22, 4, 21, 37, 20, 35, 34, 124, 123, 142, 141, 117, 95, 119, 107, 55, 45, 53, 90, 81, 92, 77, 59, 75, 65, 41, 33, 43, 8, 0, 15, 27, 19, 29, 3]","[3, 29, 19, 27, 15, 0, 8, 43, 33, 41, 65, 75, 59, 77, 92, 81, 90, 53, 45, 55, 107, 119, 95, 117, 141, 142, 123, 124, 34, 35, 20, 37, 21, 4, 22, 5, 23, 11, 24, 30, 31, 96, 98, 82, 100, 88, 87, 104, 103, 125, 83, 60, 64, 63, 38, 56, 49, 50, 126, 57, 44, 84, 62, 97, 39, 91, 72, 73, 66, 128, 89, 94, 127, 68, 69, 79, 80, 86, 70, 51, 46, 47, 54, 74, 76, 52, 131, 132, 130, 129, 1, 2, 6, 7, 25, 143, 42, 40, 133, 93, 85, 78, 67, 48, 61, 134, 58, 71, 12]",False,complete,145,145,5995,36,392,0,392,392,,False,,,,,,,2,82,54,82,54,54,54,54
3,20473,22,42,107,"[9, 10, 12, 13, 14, 16, 17, 18, 26, 28, 32, 36, 58, 99, 101, 102, 105, 106, 108, 109, 110, 111, 112, 114, 115, 116, 118, 120, 121, 122, 135, 136, 137, 138, 139, 140, 144, 145, 146, 147, 148, 149]","[0, 1, 2, 3, 4, 5, 6, 7, 8, 11, 15, 19, 20, 21, 22, 23, 24, 25, 27, 29, 30, 31, 33, 34, 35, 37, 38, 39, 40, 41, 42, 43, 44, 45, 46, 47, 48, 49, 50, 51, 52, 53, 54, 55, 56, 57, 59, 60, 61, 62, 63, 64, 65, 66, 67, 68, 69, 70, 71, 72, 73, 74, 75, 76, 77, 78, 79, 80, 81, 82, 83, 84, 85, 86, 87, 88, 89, 90, 91, 92, 93, 94, 95, 96, 97, 98, 100, 103, 104, 107, 117, 119, 123, 124, 125, 126, 127, 128, 129, 130, 131, 132, 133, 134, 141, 142, 143]",{},[],0,"[17, 122, 18, 32, 137, 138, 140, 139, 13, 14, 116, 118, 136, 112, 16, 111, 110, 9, 109, 144, 10, 108, 148, 115, 36, 135, 26, 28, 105, 99, 149, 102, 106, 121, 120, 114, 101, 145, 146, 147, 12, 58, 71, 134, 48, 78, 61, 67, 93, 85, 133, 42, 40, 143, 25, 7, 6, 2, 1, 129, 132, 130, 131, 54, 76, 52, 47, 46, 51, 74, 70, 86, 80, 79, 69, 68, 127, 94, 89, 128, 66, 73, 72, 91, 39, 97, 62, 84, 44, 57, 126, 50, 49, 56, 38, 63, 64, 60, 83, 125, 103, 104, 87, 88, 100, 82, 98, 96, 31, 30, 24, 11, 23, 5, 22, 4, 21, 37, 20, 35, 34, 124, 123, 141, 142, 90, 81, 92, 55, 45, 53, 75, 65, 77, 59, 119, 95, 117, 107, 27, 41, 33, 43, 19, 29, 15, 0, 8, 3]",True,4290590103,4.290590103,"[71, 134, 61, 78, 67, 48, 85, 93, 133, 42, 40, 143, 25, 7, 6, 2, 1, 129, 132, 130, 131, 52, 74, 76, 54, 47, 46, 51, 39, 70, 86, 80, 79, 69, 68, 127, 94, 89, 128, 66, 73, 72, 91, 97, 62, 84, 44, 57, 126, 50, 49, 56, 38, 63, 64, 60, 83, 125, 103, 104, 87, 88, 100, 82, 98, 96, 31, 30, 11, 24, 23, 5, 22, 4, 21, 37, 20, 35, 34, 124, 123, 141, 142, 92, 81, 90, 119, 95, 117, 107, 75, 65, 77, 59, 53, 45, 55, 41, 33, 43, 27, 19, 29, 15, 3, 8, 0]","[0, 8, 3, 15, 29, 19, 27, 43, 33, 41, 55, 45, 53, 59, 77, 65, 75, 107, 117, 95, 119, 90, 81, 92, 142, 141, 123, 124, 34, 35, 20, 37, 21, 4, 22, 5, 23, 24, 11, 30, 31, 96, 98, 82, 100, 88, 87, 104, 103, 125, 83, 60, 64, 63, 38, 56, 49, 50, 126, 57, 44, 84, 62, 97, 91, 72, 73, 66, 128, 89, 94, 127, 68, 69, 79, 80, 86, 70, 39, 51, 46, 47, 54, 76, 74, 52, 131, 130, 132, 129, 1, 2, 6, 7, 25, 143, 40, 42, 133, 93, 85, 48, 67, 78, 61, 134, 71]",False,complete,143,143,5778,36,390,0,390,390,,False,,,,,,,2,82,54,82,54,54,54,54
3,20474,23,44,105,"[9, 10, 12, 13, 14, 16, 17, 18, 26, 28, 32, 36, 58, 71, 99, 101, 102, 105, 106, 108, 109, 110, 111, 112, 114, 115, 116, 118, 120, 121, 122, 134, 135, 136, 137, 138, 139, 140, 144, 145, 146, 147, 148, 149]","[0, 1, 2, 3, 4, 5, 6, 7, 8, 11, 15, 19, 20, 21, 22, 23, 24, 25, 27, 29, 30, 31, 33, 34, 35, 37, 38, 39, 40, 41, 42, 43, 44, 45, 46, 47, 48, 49, 50, 51, 52, 53, 54, 55, 56, 57, 59, 60, 61, 62, 63, 64, 65, 66, 67, 68, 69, 70, 72, 73, 74, 75, 76, 77, 78, 79, 80, 81, 82, 83, 84, 85, 86, 87, 88, 89, 90, 91, 92, 93, 94, 95, 96, 97, 98, 100, 103, 104, 107, 117, 119, 123, 124, 125, 126, 127, 128, 129, 130, 131, 132, 133, 141, 142, 143]",{},[],0,"[17, 122, 18, 32, 137, 138, 140, 139, 13, 14, 116, 118, 136, 112, 16, 111, 110, 9, 109, 144, 10, 108, 148, 115, 36, 135, 26, 28, 105, 99, 149, 102, 106, 121, 120, 114, 101, 145, 146, 147, 12, 58, 71, 134, 48, 78, 61, 67, 93, 85, 133, 42, 40, 143, 25, 7, 6, 2, 1, 129, 132, 130, 131, 54, 76, 52, 47, 46, 51, 74, 70, 86, 80, 79, 69, 68, 127, 94, 89, 128, 66, 73, 72, 91, 39, 97, 62, 84, 44, 57, 126, 50, 49, 56, 38, 63, 64, 60, 83, 125, 103, 104, 87, 88, 100, 82, 98, 96, 31, 30, 24, 11, 23, 5, 22, 4, 21, 37, 20, 35, 34, 124, 123, 141, 142, 90, 81, 92, 55, 45, 53, 75, 65, 77, 59, 119, 95, 117, 107, 27, 41, 33, 43, 19, 29, 15, 0, 8, 3]",True,4335211305,4.335211305,"[48, 78, 61, 67, 85, 93, 133, 42, 40, 143, 25, 7, 6, 2, 1, 131, 130, 129, 132, 52, 74, 54, 47, 46, 51, 76, 70, 86, 80, 79, 69, 68, 127, 94, 89, 128, 66, 73, 72, 91, 39, 97, 62, 84, 44, 57, 126, 50, 49, 56, 38, 63, 64, 60, 83, 125, 103, 104, 87, 88, 100, 82, 98, 96, 31, 30, 11, 24, 23, 5, 22, 4, 21, 37, 20, 35, 34, 124, 123, 142, 141, 90, 81, 92, 55, 45, 53, 77, 59, 75, 65, 119, 107, 117, 95, 41, 33, 43, 15, 0, 8, 27, 3, 29, 19]","[19, 29, 3, 27, 8, 0, 15, 43, 33, 41, 95, 117, 107, 119, 65, 75, 59, 77, 53, 45, 55, 92, 81, 90, 141, 142, 123, 124, 34, 35, 20, 37, 21, 4, 22, 5, 23, 24, 11, 30, 31, 96, 98, 82, 100, 88, 87, 104, 103, 125, 83, 60, 64, 63, 38, 56, 49, 50, 126, 57, 44, 84, 62, 97, 39, 91, 72, 73, 66, 128, 89, 94, 127, 68, 69, 79, 80, 86, 70, 76, 51, 46, 47, 54, 74, 52, 132, 129, 130, 131, 1, 2, 6, 7, 25, 143, 40, 42, 133, 93, 85, 67, 61, 78, 48]",False,complete,143,143,5565,38,390,0,390,390,,False,,,,,,,2,82,54,82,54,54,54,54
3,20475,24,46,103,"[9, 10, 12, 13, 14, 16, 17, 18, 26, 28, 32, 36, 48, 58, 71, 78, 99, 101, 102, 105, 106, 108, 109, 110, 111, 112, 114, 115, 116, 118, 120, 121, 122, 134, 135, 136, 137, 138, 139, 140, 144, 145, 146, 147, 148, 149]","[0, 1, 2, 3, 4, 5, 6, 7, 8, 11, 15, 19, 20, 21, 22, 23, 24, 25, 27, 29, 30, 31, 33, 34, 35, 37, 38, 39, 40, 41, 42, 43, 44, 45, 46, 47, 49, 50, 51, 52, 53, 54, 55, 56, 57, 59, 60, 61, 62, 63, 64, 65, 66, 67, 68, 69, 70, 72, 73, 74, 75, 76, 77, 79, 80, 81, 82, 83, 84, 85, 86, 87, 88, 89, 90, 91, 92, 93, 94, 95, 96, 97, 98, 100, 103, 104, 107, 117, 119, 123, 124, 125, 126, 127, 128, 129, 130, 131, 132, 133, 141, 142, 143]",{},[],0,"[17, 122, 18, 32, 137, 138, 140, 139, 13, 14, 116, 118, 136, 112, 16, 111, 110, 9, 109, 144, 10, 108, 148, 115, 36, 135, 26, 28, 105, 99, 149, 102, 106, 121, 120, 114, 101, 145, 146, 147, 12, 58, 71, 134, 48, 78, 61, 67, 93, 85, 133, 42, 40, 143, 25, 7, 6, 2, 1, 129, 132, 130, 131, 54, 76, 52, 47, 46, 51, 74, 70, 86, 80, 79, 69, 68, 127, 94, 89, 128, 66, 73, 72, 91, 39, 97, 62, 84, 44, 57, 126, 50, 49, 56, 38, 63, 64, 60, 83, 125, 103, 104, 87, 88, 100, 82, 98, 96, 31, 30, 24, 11, 23, 5, 22, 4, 21, 37, 20, 35, 34, 124, 123, 141, 142, 90, 81, 92, 55, 45, 53, 75, 65, 77, 59, 119, 95, 117, 107, 27, 41, 33, 43, 19, 29, 15, 0, 8, 3]",True,4169521239,4.169521239,"[61, 67, 85, 93, 133, 40, 42, 143, 25, 7, 6, 2, 1, 129, 130, 132, 131, 54, 52, 47, 46, 51, 76, 74, 39, 70, 86, 80, 79, 69, 68, 127, 94, 89, 128, 66, 73, 72, 91, 97, 62, 84, 44, 57, 126, 50, 49, 56, 38, 63, 64, 60, 83, 125, 103, 104, 87, 88, 100, 82, 98, 96, 31, 30, 11, 24, 23, 5, 22, 4, 21, 37, 20, 35, 34, 124, 123, 142, 141, 77, 59, 75, 90, 65, 92, 81, 55, 45, 53, 117, 95, 119, 107, 29, 15, 0, 8, 3, 27, 41, 19, 43, 33]","[33, 43, 19, 41, 27, 3, 8, 0, 15, 29, 107, 119, 95, 117, 53, 45, 55, 81, 92, 65, 90, 75, 59, 77, 141, 142, 123, 124, 34, 35, 20, 37, 21, 4, 22, 5, 23, 24, 11, 30, 31, 96, 98, 82, 100, 88, 87, 104, 103, 125, 83, 60, 64, 63, 38, 56, 49, 50, 126, 57, 44, 84, 62, 97, 91, 72, 73, 66, 128, 89, 94, 127, 68, 69, 79, 80, 86, 70, 39, 74, 76, 51, 46, 47, 52, 54, 131, 132, 130, 129, 1, 2, 6, 7, 25, 143, 42, 40, 133, 93, 85, 67, 61]",False,complete,139,139,5356,36,386,0,386,386,,False,,,,,,,2,82,54,82,54,54,54,54
3,20476,25,48,101,"[9, 10, 12, 13, 14, 16, 17, 18, 26, 28, 32, 36, 48, 58, 61, 67, 71, 78, 99, 101, 102, 105, 106, 108, 109, 110, 111, 112, 114, 115, 116, 118, 120, 121, 122, 134, 135, 136, 137, 138, 139, 140, 144, 145, 146, 147, 148, 149]","[0, 1, 2, 3, 4, 5, 6, 7, 8, 11, 15, 19, 20, 21, 22, 23, 24, 25, 27, 29, 30, 31, 33, 34, 35, 37, 38, 39, 40, 41, 42, 43, 44, 45, 46, 47, 49, 50, 51, 52, 53, 54, 55, 56, 57, 59, 60, 62, 63, 64, 65, 66, 68, 69, 70, 72, 73, 74, 75, 76, 77, 79, 80, 81, 82, 83, 84, 85, 86, 87, 88, 89, 90, 91, 92, 93, 94, 95, 96, 97, 98, 100, 103, 104, 107, 117, 119, 123, 124, 125, 126, 127, 128, 129, 130, 131, 132, 133, 141, 142, 143]",{},[],0,"[17, 122, 18, 32, 137, 138, 140, 139, 13, 14, 116, 118, 136, 112, 16, 111, 110, 9, 109, 144, 10, 108, 148, 115, 36, 135, 26, 28, 105, 99, 149, 102, 106, 121, 120, 114, 101, 145, 146, 147, 12, 58, 71, 134, 48, 78, 61, 67, 93, 85, 133, 42, 40, 143, 25, 7, 6, 2, 1, 129, 132, 130, 131, 54, 76, 52, 47, 46, 51, 74, 70, 86, 80, 79, 69, 68, 127, 94, 89, 128, 66, 73, 72, 91, 39, 97, 62, 84, 44, 57, 126, 50, 49, 56, 38, 63, 64, 60, 83, 125, 103, 104, 87, 88, 100, 82, 98, 96, 31, 30, 24, 11, 23, 5, 22, 4, 21, 37, 20, 35, 34, 124, 123, 141, 142, 90, 81, 92, 55, 45, 53, 75, 65, 77, 59, 119, 95, 117, 107, 27, 41, 33, 43, 19, 29, 15, 0, 8, 3]",True,4203472985,4.203472985,"[85, 93, 133, 42, 40, 143, 25, 7, 6, 2, 1, 132, 131, 130, 129, 52, 74, 54, 47, 46, 51, 76, 39, 70, 86, 80, 79, 69, 68, 127, 94, 89, 128, 66, 73, 72, 91, 97, 62, 84, 44, 57, 126, 50, 49, 56, 38, 63, 64, 60, 83, 125, 103, 104, 87, 88, 100, 82, 98, 96, 31, 30, 11, 24, 23, 5, 22, 4, 21, 37, 20, 35, 34, 124, 123, 141, 142, 117, 107, 119, 95, 75, 59, 77, 55, 45, 53, 90, 65, 92, 81, 8, 0, 15, 43, 33, 41, 29, 19, 27, 3]","[3, 27, 19, 29, 41, 33, 43, 15, 0, 8, 81, 92, 65, 90, 53, 45, 55, 77, 59, 75, 95, 119, 107, 117, 142, 141, 123, 124, 34, 35, 20, 37, 21, 4, 22, 5, 23, 24, 11, 30, 31, 96, 98, 82, 100, 88, 87, 104, 103, 125, 83, 60, 64, 63, 38, 56, 49, 50, 126, 57, 44, 84, 62, 97, 91, 72, 73, 66, 128, 89, 94, 127, 68, 69, 79, 80, 86, 70, 39, 76, 51, 46, 47, 54, 74, 52, 129, 130, 131, 132, 1, 2, 6, 7, 25, 143, 40, 42, 133, 93, 85]",False,complete,138,138,5151,37,385,0,385,385,,False,,,,,,,2,82,54,82,54,54,54,54
3,20477,26,50,99,"[9, 10, 12, 13, 14, 16, 17, 18, 26, 28, 32, 36, 48, 58, 61, 67, 71, 78, 85, 93, 99, 101, 102, 105, 106, 108, 109, 110, 111, 112, 114, 115, 116, 118, 120, 121, 122, 134, 135, 136, 137, 138, 139, 140, 144, 145, 146, 147, 148, 149]","[0, 1, 2, 3, 4, 5, 6, 7, 8, 11, 15, 19, 20, 21, 22, 23, 24, 25, 27, 29, 30, 31, 33, 34, 35, 37, 38, 39, 40, 41, 42, 43, 44, 45, 46, 47, 49, 50, 51, 52, 53, 54, 55, 56, 57, 59, 60, 62, 63, 64, 65, 66, 68, 69, 70, 72, 73, 74, 75, 76, 77, 79, 80, 81, 82, 83, 84, 86, 87, 88, 89, 90, 91, 92, 94, 95, 96, 97, 98, 100, 103, 104, 107, 117, 119, 123, 124, 125, 126, 127, 128, 129, 130, 131, 132, 133, 141, 142, 143]",{},[],0,"[17, 122, 18, 32, 137, 138, 140, 139, 13, 14, 116, 118, 136, 112, 16, 111, 110, 9, 109, 144, 10, 108, 148, 115, 36, 135, 26, 28, 105, 99, 149, 102, 106, 121, 120, 114, 101, 145, 146, 147, 12, 58, 71, 134, 48, 78, 61, 67, 93, 85, 133, 42, 40, 143, 25, 7, 6, 2, 1, 129, 132, 130, 131, 54, 76, 52, 47, 46, 51, 74, 70, 86, 80, 79, 69, 68, 127, 94, 89, 128, 66, 73, 72, 91, 39, 97, 62, 84, 44, 57, 126, 50, 49, 56, 38, 63, 64, 60, 83, 125, 103, 104, 87, 88, 100, 82, 98, 96, 31, 30, 24, 11, 23, 5, 22, 4, 21, 37, 20, 35, 34, 124, 123, 141, 142, 90, 81, 92, 55, 45, 53, 75, 65, 77, 59, 119, 95, 117, 107, 27, 41, 33, 43, 19, 29, 15, 0, 8, 3]",True,4339722553,4.339722553,"[133, 40, 42, 143, 25, 7, 6, 2, 1, 132, 131, 129, 130, 54, 52, 47, 46, 51, 74, 76, 39, 70, 86, 80, 79, 69, 68, 127, 94, 89, 128, 66, 73, 72, 91, 97, 62, 84, 44, 57, 126, 50, 49, 56, 38, 63, 64, 60, 83, 125, 103, 104, 87, 88, 100, 82, 98, 96, 31, 30, 24, 11, 23, 5, 22, 4, 21, 37, 20, 35, 34, 124, 123, 142, 141, 75, 59, 77, 55, 45, 53, 117, 107, 119, 95, 92, 81, 90, 65, 8, 0, 15, 41, 33, 43, 29, 19, 27, 3]","[3, 27, 19, 29, 43, 33, 41, 15, 0, 8, 65, 90, 81, 92, 95, 119, 107, 117, 53, 45, 55, 77, 59, 75, 141, 142, 123, 124, 34, 35, 20, 37, 21, 4, 22, 5, 23, 11, 24, 30, 31, 96, 98, 82, 100, 88, 87, 104, 103, 125, 83, 60, 64, 63, 38, 56, 49, 50, 126, 57, 44, 84, 62, 97, 91, 72, 73, 66, 128, 89, 94, 127, 68, 69, 79, 80, 86, 70, 39, 76, 74, 51, 46, 47, 52, 54, 130, 129, 131, 132, 1, 2, 6, 7, 25, 143, 42, 40, 133]",False,complete,136,136,4950,37,383,0,383,383,,False,,,,,,,2,82,54,82,54,54,54,54
3,20478,27,52,97,"[9, 10, 12, 13, 14, 16, 17, 18, 26, 28, 32, 36, 42, 48, 58, 61, 67, 71, 78, 85, 93, 99, 101, 102, 105, 106, 108, 109, 110, 111, 112, 114, 115, 116, 118, 120, 121, 122, 133, 134, 135, 136, 137, 138, 139, 140, 144, 145, 146, 147, 148, 149]","[0, 1, 2, 3, 4, 5, 6, 7, 8, 11, 15, 19, 20, 21, 22, 23, 24, 25, 27, 29, 30, 31, 33, 34, 35, 37, 38, 39, 40, 41, 43, 44, 45, 46, 47, 49, 50, 51, 52, 53, 54, 55, 56, 57, 59, 60, 62, 63, 64, 65, 66, 68, 69, 70, 72, 73, 74, 75, 76, 77, 79, 80, 81, 82, 83, 84, 86, 87, 88, 89, 90, 91, 92, 94, 95, 96, 97, 98, 100, 103, 104, 107, 117, 119, 123, 124, 125, 126, 127, 128, 129, 130, 131, 132, 141, 142, 143]",{},[],0,"[17, 122, 18, 32, 137, 138, 140, 139, 13, 14, 116, 118, 136, 112, 16, 111, 110, 9, 109, 144, 10, 108, 148, 115, 36, 135, 26, 28, 105, 99, 149, 102, 106, 121, 120, 114, 101, 145, 146, 147, 12, 58, 71, 134, 48, 78, 61, 67, 93, 85, 133, 42, 40, 143, 25, 7, 6, 2, 1, 129, 132, 130, 131, 54, 76, 52, 47, 46, 51, 74, 70, 86, 80, 79, 69, 68, 127, 94, 89, 128, 66, 73, 72, 91, 39, 97, 62, 84, 44, 57, 126, 50, 49, 56, 38, 63, 64, 60, 83, 125, 103, 104, 87, 88, 100, 82, 98, 96, 31, 30, 24, 11, 23, 5, 22, 4, 21, 37, 20, 35, 34, 124, 123, 141, 142, 90, 81, 92, 55, 45, 53, 75, 65, 77, 59, 119, 95, 117, 107, 27, 41, 33, 43, 19, 29, 15, 0, 8, 3]",True,4063986690,4.063986690,"[40, 143, 25, 7, 6, 2, 1, 131, 130, 132, 129, 74, 54, 76, 52, 47, 46, 51, 70, 86, 80, 79, 69, 68, 127, 94, 89, 128, 66, 73, 72, 91, 39, 97, 62, 84, 44, 57, 126, 50, 49, 56, 38, 63, 64, 60, 83, 125, 103, 104, 87, 88, 100, 82, 98, 96, 31, 30, 11, 24, 23, 5, 22, 4, 21, 37, 20, 35, 34, 124, 123, 141, 142, 55, 45, 53, 92, 81, 90, 75, 59, 77, 65, 119, 107, 117, 95, 27, 41, 33, 43, 19, 29, 8, 3, 15, 0]","[0, 15, 3, 8, 29, 19, 43, 33, 41, 27, 95, 117, 107, 119, 65, 77, 59, 75, 90, 81, 92, 53, 45, 55, 142, 141, 123, 124, 34, 35, 20, 37, 21, 4, 22, 5, 23, 24, 11, 30, 31, 96, 98, 82, 100, 88, 87, 104, 103, 125, 83, 60, 64, 63, 38, 56, 49, 50, 126, 57, 44, 84, 62, 97, 39, 91, 72, 73, 66, 128, 89, 94, 127, 68, 69, 79, 80, 86, 70, 51, 46, 47, 52, 76, 54, 74, 129, 132, 130, 131, 1, 2, 6, 7, 25, 143, 40]",False,complete,134,134,4753,37,381,0,381,381,,False,,,,,,,2,82,54,82,54,54,54,54
3,20479,28,54,95,"[9, 10, 12, 13, 14, 16, 17, 18, 26, 28, 32, 36, 40, 42, 48, 58, 61, 67, 71, 78, 85, 93, 99, 101, 102, 105, 106, 108, 109, 110, 111, 112, 114, 115, 116, 118, 120, 121, 122, 133, 134, 135, 136, 137, 138, 139, 140, 143, 144, 145, 146, 147, 148, 149]","[0, 1, 2, 3, 4, 5, 6, 7, 8, 11, 15, 19, 20, 21, 22, 23, 24, 25, 27, 29, 30, 31, 33, 34, 35, 37, 38, 39, 41, 43, 44, 45, 46, 47, 49, 50, 51, 52, 53, 54, 55, 56, 57, 59, 60, 62, 63, 64, 65, 66, 68, 69, 70, 72, 73, 74, 75, 76, 77, 79, 80, 81, 82, 83, 84, 86, 87, 88, 89, 90, 91, 92, 94, 95, 96, 97, 98, 100, 103, 104, 107, 117, 119, 123, 124, 125, 126, 127, 128, 129, 130, 131, 132, 141, 142]",{},[],0,"[17, 122, 18, 32, 137, 138, 140, 139, 13, 14, 116, 118, 136, 112, 16, 111, 110, 9, 109, 144, 10, 108, 148, 115, 36, 135, 26, 28, 105, 99, 149, 102, 106, 121, 120, 114, 101, 145, 146, 147, 12, 58, 71, 134, 48, 78, 61, 67, 93, 85, 133, 42, 40, 143, 25, 7, 6, 2, 1, 129, 132, 130, 131, 54, 76, 52, 47, 46, 51, 74, 70, 86, 80, 79, 69, 68, 127, 94, 89, 128, 66, 73, 72, 91, 39, 97, 62, 84, 44, 57, 126, 50, 49, 56, 38, 63, 64, 60, 83, 125, 103, 104, 87, 88, 100, 82, 98, 96, 31, 30, 24, 11, 23, 5, 22, 4, 21, 37, 20, 35, 34, 124, 123, 141, 142, 90, 81, 92, 55, 45, 53, 75, 65, 77, 59, 119, 95, 117, 107, 27, 41, 33, 43, 19, 29, 15, 0, 8, 3]",True,4124979927,4.124979927,"[25, 7, 6, 2, 1, 131, 130, 132, 129, 76, 74, 52, 54, 47, 46, 51, 70, 86, 80, 79, 69, 68, 127, 94, 89, 128, 66, 73, 72, 91, 39, 97, 62, 84, 44, 57, 126, 50, 49, 56, 38, 63, 64, 60, 83, 125, 103, 104, 87, 88, 100, 82, 98, 96, 31, 30, 11, 24, 23, 5, 22, 4, 21, 37, 20, 35, 34, 124, 123, 141, 142, 117, 107, 119, 95, 55, 45, 53, 90, 81, 92, 77, 65, 75, 59, 43, 33, 41, 27, 19, 29, 15, 3, 8, 0]","[0, 8, 3, 15, 29, 19, 27, 41, 33, 43, 59, 75, 65, 77, 92, 81, 90, 53, 45, 55, 95, 119, 107, 117, 142, 141, 123, 124, 34, 35, 20, 37, 21, 4, 22, 5, 23, 24, 11, 30, 31, 96, 98, 82, 100, 88, 87, 104, 103, 125, 83, 60, 64, 63, 38, 56, 49, 50, 126, 57, 44, 84, 62, 97, 39, 91, 72, 73, 66, 128, 89, 94, 127, 68, 69, 79, 80, 86, 70, 51, 46, 47, 54, 52, 74, 76, 129, 132, 130, 131, 1, 2, 6, 7, 25]",False,complete,133,133,4560,38,380,0,380,380,,False,,,,,,,2,82,54,82,54,54,54,54
3,20480,29,56,93,"[7, 9, 10, 12, 13, 14, 16, 17, 18, 25, 26, 28, 32, 36, 40, 42, 48, 58, 61, 67, 71, 78, 85, 93, 99, 101, 102, 105, 106, 108, 109, 110, 111, 112, 114, 115, 116, 118, 120, 121, 122, 133, 134, 135, 136, 137, 138, 139, 140, 143, 144, 145, 146, 147, 148, 149]","[0, 1, 2, 3, 4, 5, 6, 8, 11, 15, 19, 20, 21, 22, 23, 24, 27, 29, 30, 31, 33, 34, 35, 37, 38, 39, 41, 43, 44, 45, 46, 47, 49, 50, 51, 52, 53, 54, 55, 56, 57, 59, 60, 62, 63, 64, 65, 66, 68, 69, 70, 72, 73, 74, 75, 76, 77, 79, 80, 81, 82, 83, 84, 86, 87, 88, 89, 90, 91, 92, 94, 95, 96, 97, 98, 100, 103, 104, 107, 117, 119, 123, 124, 125, 126, 127, 128, 129, 130, 131, 132, 141, 142]",{},[],0,"[17, 122, 18, 32, 137, 138, 140, 139, 13, 14, 116, 118, 136, 112, 16, 111, 110, 9, 109, 144, 10, 108, 148, 115, 36, 135, 26, 28, 105, 99, 149, 102, 106, 121, 120, 114, 101, 145, 146, 147, 12, 58, 71, 134, 48, 78, 61, 67, 93, 85, 133, 42, 40, 143, 25, 7, 6, 2, 1, 129, 132, 130, 131, 54, 76, 52, 47, 46, 51, 74, 70, 86, 80, 79, 69, 68, 127, 94, 89, 128, 66, 73, 72, 91, 39, 97, 62, 84, 44, 57, 126, 50, 49, 56, 38, 63, 64, 60, 83, 125, 103, 104, 87, 88, 100, 82, 98, 96, 31, 30, 24, 11, 23, 5, 22, 4, 21, 37, 20, 35, 34, 124, 123, 141, 142, 90, 81, 92, 55, 45, 53, 75, 65, 77, 59, 119, 95, 117, 107, 27, 41, 33, 43, 19, 29, 15, 0, 8, 3]",True,3970707806,3.970707806,"[6, 2, 1, 129, 131, 130, 132, 76, 74, 52, 54, 47, 46, 51, 39, 70, 86, 80, 79, 69, 68, 127, 94, 89, 128, 66, 73, 72, 91, 97, 62, 84, 44, 57, 126, 50, 49, 56, 38, 63, 64, 60, 83, 125, 103, 104, 87, 88, 100, 82, 98, 96, 31, 30, 24, 11, 23, 5, 22, 4, 21, 37, 20, 35, 34, 124, 123, 142, 141, 92, 81, 90, 53, 45, 55, 75, 59, 77, 65, 117, 107, 119, 95, 43, 33, 41, 15, 0, 8, 27, 3, 29, 19]","[19, 29, 3, 27, 8, 0, 15, 41, 33, 43, 95, 119, 107, 117, 65, 77, 59, 75, 55, 45, 53, 90, 81, 92, 141, 142, 123, 124, 34, 35, 20, 37, 21, 4, 22, 5, 23, 11, 24, 30, 31, 96, 98, 82, 100, 88, 87, 104, 103, 125, 83, 60, 64, 63, 38, 56, 49, 50, 126, 57, 44, 84, 62, 97, 91, 72, 73, 66, 128, 89, 94, 127, 68, 69, 79, 80, 86, 70, 39, 51, 46, 47, 54, 52, 74, 76, 132, 130, 131, 129, 1, 2, 6]",False,complete,130,130,4371,37,377,0,377,377,,False,,,,,,,2,82,54,82,54,54,54,54
3,20481,30,58,91,"[2, 6, 7, 9, 10, 12, 13, 14, 16, 17, 18, 25, 26, 28, 32, 36, 40, 42, 48, 58, 61, 67, 71, 78, 85, 93, 99, 101, 102, 105, 106, 108, 109, 110, 111, 112, 114, 115, 116, 118, 120, 121, 122, 133, 134, 135, 136, 137, 138, 139, 140, 143, 144, 145, 146, 147, 148, 149]","[0, 1, 3, 4, 5, 8, 11, 15, 19, 20, 21, 22, 23, 24, 27, 29, 30, 31, 33, 34, 35, 37, 38, 39, 41, 43, 44, 45, 46, 47, 49, 50, 51, 52, 53, 54, 55, 56, 57, 59, 60, 62, 63, 64, 65, 66, 68, 69, 70, 72, 73, 74, 75, 76, 77, 79, 80, 81, 82, 83, 84, 86, 87, 88, 89, 90, 91, 92, 94, 95, 96, 97, 98, 100, 103, 104, 107, 117, 119, 123, 124, 125, 126, 127, 128, 129, 130, 131, 132, 141, 142]","{""support_1"": 1}",[1],1,"[17, 122, 18, 32, 137, 138, 140, 139, 13, 14, 116, 118, 136, 112, 16, 111, 110, 9, 109, 144, 10, 108, 148, 115, 36, 135, 26, 28, 105, 99, 149, 102, 106, 121, 120, 114, 101, 145, 146, 147, 12, 58, 71, 134, 48, 78, 61, 67, 93, 85, 133, 42, 40, 143, 25, 7, 6, 2, 1, 129, 132, 130, 131, 54, 76, 52, 47, 46, 51, 74, 70, 86, 80, 79, 69, 68, 127, 94, 89, 128, 66, 73, 72, 91, 39, 97, 62, 84, 44, 57, 126, 50, 49, 56, 38, 63, 64, 60, 83, 125, 103, 104, 87, 88, 100, 82, 98, 96, 31, 30, 24, 11, 23, 5, 22, 4, 21, 37, 20, 35, 34, 124, 123, 141, 142, 90, 81, 92, 55, 45, 53, 75, 65, 77, 59, 119, 95, 117, 107, 27, 41, 33, 43, 19, 29, 15, 0, 8, 3]",True,3902002753,3.902002753,"[1, 129, 131, 130, 132, 76, 52, 54, 47, 46, 51, 74, 39, 70, 86, 80, 79, 69, 68, 127, 94, 89, 128, 66, 73, 72, 91, 97, 62, 84, 44, 57, 126, 50, 49, 56, 38, 63, 64, 60, 83, 125, 103, 104, 87, 88, 100, 82, 98, 96, 31, 30, 11, 24, 23, 5, 22, 4, 21, 37, 20, 35, 34, 124, 123, 142, 141, 77, 59, 75, 53, 45, 55, 119, 95, 117, 107, 92, 65, 90, 81, 43, 33, 41, 29, 19, 27, 15, 0, 8, 3]","[3, 8, 0, 15, 27, 19, 29, 41, 33, 43, 81, 90, 65, 92, 107, 117, 95, 119, 55, 45, 53, 75, 59, 77, 141, 142, 123, 124, 34, 35, 20, 37, 21, 4, 22, 5, 23, 24, 11, 30, 31, 96, 98, 82, 100, 88, 87, 104, 103, 125, 83, 60, 64, 63, 38, 56, 49, 50, 126, 57, 44, 84, 62, 97, 91, 72, 73, 66, 128, 89, 94, 127, 68, 69, 79, 80, 86, 70, 39, 74, 51, 46, 47, 54, 52, 76, 132, 130, 131, 129, 1]",False,complete,128,128,4186,37,374,0,374,374,,False,,,,,,,2,80,52,80,52,52,52,53
3,20482,31,60,89,"[1, 2, 6, 7, 9, 10, 12, 13, 14, 16, 17, 18, 25, 26, 28, 32, 36, 40, 42, 48, 58, 61, 67, 71, 78, 85, 93, 99, 101, 102, 105, 106, 108, 109, 110, 111, 112, 114, 115, 116, 118, 120, 121, 122, 129, 133, 134, 135, 136, 137, 138, 139, 140, 143, 144, 145, 146, 147, 148, 149]","[0, 3, 4, 5, 8, 11, 15, 19, 20, 21, 22, 23, 24, 27, 29, 30, 31, 33, 34, 35, 37, 38, 39, 41, 43, 44, 45, 46, 47, 49, 50, 51, 52, 53, 54, 55, 56, 57, 59, 60, 62, 63, 64, 65, 66, 68, 69, 70, 72, 73, 74, 75, 76, 77, 79, 80, 81, 82, 83, 84, 86, 87, 88, 89, 90, 91, 92, 94, 95, 96, 97, 98, 100, 103, 104, 107, 117, 119, 123, 124, 125, 126, 127, 128, 130, 131, 132, 141, 142]",{},[],0,"[17, 122, 18, 32, 137, 138, 140, 139, 13, 14, 116, 118, 136, 112, 16, 111, 110, 9, 109, 144, 10, 108, 148, 115, 36, 135, 26, 28, 105, 99, 149, 102, 106, 121, 120, 114, 101, 145, 146, 147, 12, 58, 71, 134, 48, 78, 61, 67, 93, 85, 133, 42, 40, 143, 25, 7, 6, 2, 1, 129, 132, 130, 131, 54, 76, 52, 47, 46, 51, 74, 70, 86, 80, 79, 69, 68, 127, 94, 89, 128, 66, 73, 72, 91, 39, 97, 62, 84, 44, 57, 126, 50, 49, 56, 38, 63, 64, 60, 83, 125, 103, 104, 87, 88, 100, 82, 98, 96, 31, 30, 24, 11, 23, 5, 22, 4, 21, 37, 20, 35, 34, 124, 123, 141, 142, 90, 81, 92, 55, 45, 53, 75, 65, 77, 59, 119, 95, 117, 107, 27, 41, 33, 43, 19, 29, 15, 0, 8, 3]",True,3971199054,3.971199054,"[131, 132, 130, 76, 74, 54, 52, 47, 46, 51, 39, 70, 86, 80, 79, 69, 68, 127, 94, 89, 128, 66, 73, 72, 91, 97, 62, 84, 44, 57, 126, 50, 49, 56, 38, 63, 64, 60, 83, 125, 103, 104, 87, 88, 100, 82, 98, 96, 31, 30, 24, 11, 23, 5, 22, 4, 21, 37, 20, 35, 34, 124, 123, 141, 142, 92, 81, 90, 53, 45, 55, 117, 95, 119, 107, 77, 59, 75, 65, 27, 29, 43, 19, 41, 33, 15, 3, 8, 0]","[0, 8, 3, 15, 33, 41, 19, 43, 29, 27, 65, 75, 59, 77, 107, 119, 95, 117, 55, 45, 53, 90, 81, 92, 142, 141, 123, 124, 34, 35, 20, 37, 21, 4, 22, 5, 23, 11, 24, 30, 31, 96, 98, 82, 100, 88, 87, 104, 103, 125, 83, 60, 64, 63, 38, 56, 49, 50, 126, 57, 44, 84, 62, 97, 91, 72, 73, 66, 128, 89, 94, 127, 68, 69, 79, 80, 86, 70, 39, 51, 46, 47, 52, 54, 74, 76, 130, 132, 131]",False,complete,127,127,4005,38,371,0,371,371,,False,,,,,,,2,79,51,79,51,51,51,51
3,20483,32,62,87,"[1, 2, 6, 7, 9, 10, 12, 13, 14, 16, 17, 18, 25, 26, 28, 32, 36, 40, 42, 48, 58, 61, 67, 71, 78, 85, 93, 99, 101, 102, 105, 106, 108, 109, 110, 111, 112, 114, 115, 116, 118, 120, 121, 122, 129, 130, 132, 133, 134, 135, 136, 137, 138, 139, 140, 143, 144, 145, 146, 147, 148, 149]","[0, 3, 4, 5, 8, 11, 15, 19, 20, 21, 22, 23, 24, 27, 29, 30, 31, 33, 34, 35, 37, 38, 39, 41, 43, 44, 45, 46, 47, 49, 50, 51, 52, 53, 54, 55, 56, 57, 59, 60, 62, 63, 64, 65, 66, 68, 69, 70, 72, 73, 74, 75, 76, 77, 79, 80, 81, 82, 83, 84, 86, 87, 88, 89, 90, 91, 92, 94, 95, 96, 97, 98, 100, 103, 104, 107, 117, 119, 123, 124, 125, 126, 127, 128, 131, 141, 142]",{},[],0,"[17, 122, 18, 32, 137, 138, 140, 139, 13, 14, 116, 118, 136, 112, 16, 111, 110, 9, 109, 144, 10, 108, 148, 115, 36, 135, 26, 28, 105, 99, 149, 102, 106, 121, 120, 114, 101, 145, 146, 147, 12, 58, 71, 134, 48, 78, 61, 67, 93, 85, 133, 42, 40, 143, 25, 7, 6, 2, 1, 129, 132, 130, 131, 54, 76, 52, 47, 46, 51, 74, 70, 86, 80, 79, 69, 68, 127, 94, 89, 128, 66, 73, 72, 91, 39, 97, 62, 84, 44, 57, 126, 50, 49, 56, 38, 63, 64, 60, 83, 125, 103, 104, 87, 88, 100, 82, 98, 96, 31, 30, 24, 11, 23, 5, 22, 4, 21, 37, 20, 35, 34, 124, 123, 141, 142, 90, 81, 92, 55, 45, 53, 75, 65, 77, 59, 119, 95, 117, 107, 27, 41, 33, 43, 19, 29, 15, 0, 8, 3]",True,3836649506,3.836649506,"[131, 52, 54, 47, 46, 51, 76, 74, 70, 86, 80, 79, 69, 68, 127, 94, 89, 128, 66, 73, 72, 91, 39, 97, 62, 84, 44, 57, 126, 50, 49, 56, 38, 63, 64, 60, 83, 125, 103, 104, 87, 88, 100, 82, 98, 96, 31, 30, 24, 11, 23, 5, 22, 4, 21, 37, 20, 35, 34, 124, 123, 142, 141, 117, 107, 119, 95, 53, 45, 55, 92, 81, 90, 75, 65, 77, 59, 27, 15, 0, 8, 3, 29, 41, 33, 43, 19]","[19, 43, 33, 41, 29, 3, 8, 0, 15, 27, 59, 77, 65, 75, 90, 81, 92, 55, 45, 53, 95, 119, 107, 117, 141, 142, 123, 124, 34, 35, 20, 37, 21, 4, 22, 5, 23, 11, 24, 30, 31, 96, 98, 82, 100, 88, 87, 104, 103, 125, 83, 60, 64, 63, 38, 56, 49, 50, 126, 57, 44, 84, 62, 97, 39, 91, 72, 73, 66, 128, 89, 94, 127, 68, 69, 79, 80, 86, 70, 74, 76, 51, 46, 47, 54, 52, 131]",False,complete,124,124,3828,37,369,0,369,369,,False,,,,,,,2,80,52,80,52,52,52,52
3,20484,33,64,85,"[1, 2, 6, 7, 9, 10, 12, 13, 14, 16, 17, 18, 25, 26, 28, 32, 36, 40, 42, 48, 54, 58, 61, 67, 71, 78, 85, 93, 99, 101, 102, 105, 106, 108, 109, 110, 111, 112, 114, 115, 116, 118, 120, 121, 122, 129, 130, 131, 132, 133, 134, 135, 136, 137, 138, 139, 140, 143, 144, 145, 146, 147, 148, 149]","[0, 3, 4, 5, 8, 11, 15, 19, 20, 21, 22, 23, 24, 27, 29, 30, 31, 33, 34, 35, 37, 38, 39, 41, 43, 44, 45, 46, 47, 49, 50, 51, 52, 53, 55, 56, 57, 59, 60, 62, 63, 64, 65, 66, 68, 69, 70, 72, 73, 74, 75, 76, 77, 79, 80, 81, 82, 83, 84, 86, 87, 88, 89, 90, 91, 92, 94, 95, 96, 97, 98, 100, 103, 104, 107, 117, 119, 123, 124, 125, 126, 127, 128, 141, 142]",{},[],0,"[17, 122, 18, 32, 137, 138, 140, 139, 13, 14, 116, 118, 136, 112, 16, 111, 110, 9, 109, 144, 10, 108, 148, 115, 36, 135, 26, 28, 105, 99, 149, 102, 106, 121, 120, 114, 101, 145, 146, 147, 12, 58, 71, 134, 48, 78, 61, 67, 93, 85, 133, 42, 40, 143, 25, 7, 6, 2, 1, 129, 132, 130, 131, 54, 76, 52, 47, 46, 51, 74, 70, 86, 80, 79, 69, 68, 127, 94, 89, 128, 66, 73, 72, 91, 39, 97, 62, 84, 44, 57, 126, 50, 49, 56, 38, 63, 64, 60, 83, 125, 103, 104, 87, 88, 100, 82, 98, 96, 31, 30, 24, 11, 23, 5, 22, 4, 21, 37, 20, 35, 34, 124, 123, 141, 142, 90, 81, 92, 55, 45, 53, 75, 65, 77, 59, 119, 95, 117, 107, 27, 41, 33, 43, 19, 29, 15, 0, 8, 3]",True,3863140737,3.863140737,"[52, 47, 46, 51, 74, 76, 39, 70, 86, 80, 79, 69, 68, 127, 94, 89, 128, 66, 73, 72, 91, 97, 62, 84, 44, 57, 126, 50, 49, 56, 38, 63, 64, 60, 83, 125, 103, 104, 87, 88, 100, 82, 98, 96, 31, 30, 11, 24, 23, 5, 22, 4, 21, 37, 20, 35, 34, 124, 123, 142, 141, 90, 81, 92, 55, 45, 53, 77, 59, 75, 65, 117, 107, 119, 95, 41, 33, 43, 8, 0, 15, 27, 19, 29, 3]","[3, 29, 19, 27, 15, 0, 8, 43, 33, 41, 95, 119, 107, 117, 65, 75, 59, 77, 53, 45, 55, 92, 81, 90, 141, 142, 123, 124, 34, 35, 20, 37, 21, 4, 22, 5, 23, 24, 11, 30, 31, 96, 98, 82, 100, 88, 87, 104, 103, 125, 83, 60, 64, 63, 38, 56, 49, 50, 126, 57, 44, 84, 62, 97, 91, 72, 73, 66, 128, 89, 94, 127, 68, 69, 79, 80, 86, 70, 39, 76, 74, 51, 46, 47, 52]",False,complete,122,122,3655,37,367,0,367,367,,False,,,,,,,2,80,52,80,52,52,52,52
3,20485,34,66,83,"[1, 2, 6, 7, 9, 10, 12, 13, 14, 16, 17, 18, 25, 26, 28, 32, 36, 40, 42, 48, 52, 54, 58, 61, 67, 71, 76, 78, 85, 93, 99, 101, 102, 105, 106, 108, 109, 110, 111, 112, 114, 115, 116, 118, 120, 121, 122, 129, 130, 131, 132, 133, 134, 135, 136, 137, 138, 139, 140, 143, 144, 145, 146, 147, 148, 149]","[0, 3, 4, 5, 8, 11, 15, 19, 20, 21, 22, 23, 24, 27, 29, 30, 31, 33, 34, 35, 37, 38, 39, 41, 43, 44, 45, 46, 47, 49, 50, 51, 53, 55, 56, 57, 59, 60, 62, 63, 64, 65, 66, 68, 69, 70, 72, 73, 74, 75, 77, 79, 80, 81, 82, 83, 84, 86, 87, 88, 89, 90, 91, 92, 94, 95, 96, 97, 98, 100, 103, 104, 107, 117, 119, 123, 124, 125, 126, 127, 128, 141, 142]","{""support_1"": 47}",[47],1,"[17, 122, 18, 32, 137, 138, 140, 139, 13, 14, 116, 118, 136, 112, 16, 111, 110, 9, 109, 144, 10, 108, 148, 115, 36, 135, 26, 28, 105, 99, 149, 102, 106, 121, 120, 114, 101, 145, 146, 147, 12, 58, 71, 134, 48, 78, 61, 67, 93, 85, 133, 42, 40, 143, 25, 7, 6, 2, 1, 129, 132, 130, 131, 54, 76, 52, 47, 46, 51, 74, 70, 86, 80, 79, 69, 68, 127, 94, 89, 128, 66, 73, 72, 91, 39, 97, 62, 84, 44, 57, 126, 50, 49, 56, 38, 63, 64, 60, 83, 125, 103, 104, 87, 88, 100, 82, 98, 96, 31, 30, 24, 11, 23, 5, 22, 4, 21, 37, 20, 35, 34, 124, 123, 141, 142, 90, 81, 92, 55, 45, 53, 75, 65, 77, 59, 119, 95, 117, 107, 27, 41, 33, 43, 19, 29, 15, 0, 8, 3]",True,3776160908,3.776160908,"[47, 46, 51, 74, 39, 70, 86, 80, 79, 69, 68, 127, 94, 89, 128, 66, 73, 72, 91, 97, 62, 84, 44, 57, 126, 50, 49, 56, 38, 63, 64, 60, 83, 125, 103, 104, 87, 88, 100, 82, 98, 96, 31, 30, 24, 11, 23, 5, 22, 4, 21, 37, 20, 35, 34, 124, 123, 141, 142, 53, 45, 55, 117, 95, 119, 107, 92, 81, 90, 77, 59, 75, 65, 29, 41, 33, 43, 19, 27, 15, 3, 8, 0]","[0, 8, 3, 15, 27, 19, 43, 33, 41, 29, 65, 75, 59, 77, 90, 81, 92, 107, 119, 95, 117, 55, 45, 53, 142, 141, 123, 124, 34, 35, 20, 37, 21, 4, 22, 5, 23, 11, 24, 30, 31, 96, 98, 82, 100, 88, 87, 104, 103, 125, 83, 60, 64, 63, 38, 56, 49, 50, 126, 57, 44, 84, 62, 97, 91, 72, 73, 66, 128, 89, 94, 127, 68, 69, 79, 80, 86, 70, 39, 74, 51, 46, 47]",False,complete,120,120,3486,37,365,0,365,365,,False,,,,,,,2,79,51,79,51,51,51,52
3,20486,35,68,81,"[1, 2, 6, 7, 9, 10, 12, 13, 14, 16, 17, 18, 25, 26, 28, 32, 36, 40, 42, 46, 47, 48, 52, 54, 58, 61, 67, 71, 76, 78, 85, 93, 99, 101, 102, 105, 106, 108, 109, 110, 111, 112, 114, 115, 116, 118, 120, 121, 122, 129, 130, 131, 132, 133, 134, 135, 136, 137, 138, 139, 140, 143, 144, 145, 146, 147, 148, 149]","[0, 3, 4, 5, 8, 11, 15, 19, 20, 21, 22, 23, 24, 27, 29, 30, 31, 33, 34, 35, 37, 38, 39, 41, 43, 44, 45, 49, 50, 51, 53, 55, 56, 57, 59, 60, 62, 63, 64, 65, 66, 68, 69, 70, 72, 73, 74, 75, 77, 79, 80, 81, 82, 83, 84, 86, 87, 88, 89, 90, 91, 92, 94, 95, 96, 97, 98, 100, 103, 104, 107, 117, 119, 123, 124, 125, 126, 127, 128, 141, 142]","{""support_1"": 51}",[51],1,"[17, 122, 18, 32, 137, 138, 140, 139, 13, 14, 116, 118, 136, 112, 16, 111, 110, 9, 109, 144, 10, 108, 148, 115, 36, 135, 26, 28, 105, 99, 149, 102, 106, 121, 120, 114, 101, 145, 146, 147, 12, 58, 71, 134, 48, 78, 61, 67, 93, 85, 133, 42, 40, 143, 25, 7, 6, 2, 1, 129, 132, 130, 131, 54, 76, 52, 47, 46, 51, 74, 70, 86, 80, 79, 69, 68, 127, 94, 89, 128, 66, 73, 72, 91, 39, 97, 62, 84, 44, 57, 126, 50, 49, 56, 38, 63, 64, 60, 83, 125, 103, 104, 87, 88, 100, 82, 98, 96, 31, 30, 24, 11, 23, 5, 22, 4, 21, 37, 20, 35, 34, 124, 123, 141, 142, 90, 81, 92, 55, 45, 53, 75, 65, 77, 59, 119, 95, 117, 107, 27, 41, 33, 43, 19, 29, 15, 0, 8, 3]",True,3656244925,3.656244925,"[51, 74, 70, 86, 80, 79, 69, 68, 127, 94, 89, 128, 66, 73, 72, 91, 39, 97, 62, 84, 44, 57, 126, 50, 49, 56, 38, 63, 64, 60, 83, 125, 103, 104, 87, 88, 100, 82, 98, 96, 31, 30, 24, 11, 23, 5, 22, 4, 21, 37, 20, 35, 34, 124, 123, 142, 141, 77, 59, 75, 117, 107, 119, 95, 55, 45, 53, 90, 81, 92, 65, 29, 43, 33, 41, 19, 27, 8, 0, 15, 3]","[3, 15, 0, 8, 27, 19, 41, 33, 43, 29, 65, 92, 81, 90, 53, 45, 55, 95, 119, 107, 117, 75, 59, 77, 141, 142, 123, 124, 34, 35, 20, 37, 21, 4, 22, 5, 23, 11, 24, 30, 31, 96, 98, 82, 100, 88, 87, 104, 103, 125, 83, 60, 64, 63, 38, 56, 49, 50, 126, 57, 44, 84, 62, 97, 39, 91, 72, 73, 66, 128, 89, 94, 127, 68, 69, 79, 80, 86, 70, 74, 51]",False,complete,118,118,3321,37,361,0,361,361,,False,,,,,,,2,77,49,77,49,49,49,50
3,20487,36,70,79,"[1, 2, 6, 7, 9, 10, 12, 13, 14, 16, 17, 18, 25, 26, 28, 32, 36, 40, 42, 46, 47, 48, 51, 52, 54, 58, 61, 67, 71, 74, 76, 78, 85, 93, 99, 101, 102, 105, 106, 108, 109, 110, 111, 112, 114, 115, 116, 118, 120, 121, 122, 129, 130, 131, 132, 133, 134, 135, 136, 137, 138, 139, 140, 143, 144, 145, 146, 147, 148, 149]","[0, 3, 4, 5, 8, 11, 15, 19, 20, 21, 22, 23, 24, 27, 29, 30, 31, 33, 34, 35, 37, 38, 39, 41, 43, 44, 45, 49, 50, 53, 55, 56, 57, 59, 60, 62, 63, 64, 65, 66, 68, 69, 70, 72, 73, 75, 77, 79, 80, 81, 82, 83, 84, 86, 87, 88, 89, 90, 91, 92, 94, 95, 96, 97, 98, 100, 103, 104, 107, 117, 119, 123, 124, 125, 126, 127, 128, 141, 142]",{},[],0,"[17, 122, 18, 32, 137, 138, 140, 139, 13, 14, 116, 118, 136, 112, 16, 111, 110, 9, 109, 144, 10, 108, 148, 115, 36, 135, 26, 28, 105, 99, 149, 102, 106, 121, 120, 114, 101, 145, 146, 147, 12, 58, 71, 134, 48, 78, 61, 67, 93, 85, 133, 42, 40, 143, 25, 7, 6, 2, 1, 129, 132, 130, 131, 54, 76, 52, 47, 46, 51, 74, 70, 86, 80, 79, 69, 68, 127, 94, 89, 128, 66, 73, 72, 91, 39, 97, 62, 84, 44, 57, 126, 50, 49, 56, 38, 63, 64, 60, 83, 125, 103, 104, 87, 88, 100, 82, 98, 96, 31, 30, 24, 11, 23, 5, 22, 4, 21, 37, 20, 35, 34, 124, 123, 141, 142, 90, 81, 92, 55, 45, 53, 75, 65, 77, 59, 119, 95, 117, 107, 27, 41, 33, 43, 19, 29, 15, 0, 8, 3]",True,3609499610,3.609499610,"[70, 86, 80, 79, 69, 68, 127, 94, 89, 128, 66, 73, 72, 91, 39, 97, 62, 84, 44, 57, 126, 50, 49, 56, 38, 63, 64, 60, 83, 125, 103, 104, 87, 88, 100, 82, 98, 96, 31, 30, 11, 24, 23, 5, 22, 4, 21, 37, 20, 35, 34, 124, 123, 141, 142, 55, 45, 53, 75, 59, 77, 117, 95, 119, 107, 92, 65, 90, 81, 8, 0, 15, 41, 33, 43, 27, 3, 29, 19]","[19, 29, 3, 27, 43, 33, 41, 15, 0, 8, 81, 90, 65, 92, 107, 119, 95, 117, 77, 59, 75, 53, 45, 55, 142, 141, 123, 124, 34, 35, 20, 37, 21, 4, 22, 5, 23, 24, 11, 30, 31, 96, 98, 82, 100, 88, 87, 104, 103, 125, 83, 60, 64, 63, 38, 56, 49, 50, 126, 57, 44, 84, 62, 97, 39, 91, 72, 73, 66, 128, 89, 94, 127, 68, 69, 79, 80, 86, 70]",False,complete,117,117,3160,38,359,0,359,359,,False,,,,,,,2,77,49,77,49,49,49,49
3,20488,37,72,77,"[1, 2, 6, 7, 9, 10, 12, 13, 14, 16, 17, 18, 25, 26, 28, 32, 36, 40, 42, 46, 47, 48, 51, 52, 54, 58, 61, 67, 70, 71, 74, 76, 78, 85, 86, 93, 99, 101, 102, 105, 106, 108, 109, 110, 111, 112, 114, 115, 116, 118, 120, 121, 122, 129, 130, 131, 132, 133, 134, 135, 136, 137, 138, 139, 140, 143, 144, 145, 146, 147, 148, 149]","[0, 3, 4, 5, 8, 11, 15, 19, 20, 21, 22, 23, 24, 27, 29, 30, 31, 33, 34, 35, 37, 38, 39, 41, 43, 44, 45, 49, 50, 53, 55, 56, 57, 59, 60, 62, 63, 64, 65, 66, 68, 69, 72, 73, 75, 77, 79, 80, 81, 82, 83, 84, 87, 88, 89, 90, 91, 92, 94, 95, 96, 97, 98, 100, 103, 104, 107, 117, 119, 123, 124, 125, 126, 127, 128, 141, 142]","{""support_1"": 80}",[80],1,"[17, 122, 18, 32, 137, 138, 140, 139, 13, 14, 116, 118, 136, 112, 16, 111, 110, 9, 109, 144, 10, 108, 148, 115, 36, 135, 26, 28, 105, 99, 149, 102, 106, 121, 120, 114, 101, 145, 146, 147, 12, 58, 71, 134, 48, 78, 61, 67, 93, 85, 133, 42, 40, 143, 25, 7, 6, 2, 1, 129, 132, 130, 131, 54, 76, 52, 47, 46, 51, 74, 70, 86, 80, 79, 69, 68, 127, 94, 89, 128, 66, 73, 72, 91, 39, 97, 62, 84, 44, 57, 126, 50, 49, 56, 38, 63, 64, 60, 83, 125, 103, 104, 87, 88, 100, 82, 98, 96, 31, 30, 24, 11, 23, 5, 22, 4, 21, 37, 20, 35, 34, 124, 123, 141, 142, 90, 81, 92, 55, 45, 53, 75, 65, 77, 59, 119, 95, 117, 107, 27, 41, 33, 43, 19, 29, 15, 0, 8, 3]",True,3627052433,3.627052433,"[80, 79, 69, 68, 127, 94, 89, 128, 66, 73, 72, 91, 39, 97, 62, 84, 44, 57, 126, 50, 49, 56, 38, 63, 64, 60, 83, 125, 103, 104, 87, 88, 100, 82, 98, 96, 31, 30, 24, 11, 23, 5, 22, 4, 21, 37, 20, 35, 34, 124, 123, 141, 142, 77, 59, 75, 53, 45, 55, 92, 65, 90, 81, 119, 107, 117, 95, 8, 0, 15, 41, 33, 43, 27, 19, 29, 3]","[3, 29, 19, 27, 43, 33, 41, 15, 0, 8, 95, 117, 107, 119, 81, 90, 65, 92, 55, 45, 53, 75, 59, 77, 142, 141, 123, 124, 34, 35, 20, 37, 21, 4, 22, 5, 23, 11, 24, 30, 31, 96, 98, 82, 100, 88, 87, 104, 103, 125, 83, 60, 64, 63, 38, 56, 49, 50, 126, 57, 44, 84, 62, 97, 39, 91, 72, 73, 66, 128, 89, 94, 127, 68, 69, 79, 80]",False,complete,114,114,3003,37,355,0,355,355,,False,,,,,,,2,75,47,75,47,47,47,48
3,20489,38,74,75,"[1, 2, 6, 7, 9, 10, 12, 13, 14, 16, 17, 18, 25, 26, 28, 32, 36, 40, 42, 46, 47, 48, 51, 52, 54, 58, 61, 67, 70, 71, 74, 76, 78, 79, 80, 85, 86, 93, 99, 101, 102, 105, 106, 108, 109, 110, 111, 112, 114, 115, 116, 118, 120, 121, 122, 129, 130, 131, 132, 133, 134, 135, 136, 137, 138, 139, 140, 143, 144, 145, 146, 147, 148, 149]","[0, 3, 4, 5, 8, 11, 15, 19, 20, 21, 22, 23, 24, 27, 29, 30, 31, 33, 34, 35, 37, 38, 39, 41, 43, 44, 45, 49, 50, 53, 55, 56, 57, 59, 60, 62, 63, 64, 65, 66, 68, 69, 72, 73, 75, 77, 81, 82, 83, 84, 87, 88, 89, 90, 91, 92, 94, 95, 96, 97, 98, 100, 103, 104, 107, 117, 119, 123, 124, 125, 126, 127, 128, 141, 142]","{""support_1"": 69, ""support_2"": 68}","[68, 69]",2,"[17, 122, 18, 32, 137, 138, 140, 139, 13, 14, 116, 118, 136, 112, 16, 111, 110, 9, 109, 144, 10, 108, 148, 115, 36, 135, 26, 28, 105, 99, 149, 102, 106, 121, 120, 114, 101, 145, 146, 147, 12, 58, 71, 134, 48, 78, 61, 67, 93, 85, 133, 42, 40, 143, 25, 7, 6, 2, 1, 129, 132, 130, 131, 54, 76, 52, 47, 46, 51, 74, 70, 86, 80, 79, 69, 68, 127, 94, 89, 128, 66, 73, 72, 91, 39, 97, 62, 84, 44, 57, 126, 50, 49, 56, 38, 63, 64, 60, 83, 125, 103, 104, 87, 88, 100, 82, 98, 96, 31, 30, 24, 11, 23, 5, 22, 4, 21, 37, 20, 35, 34, 124, 123, 141, 142, 90, 81, 92, 55, 45, 53, 75, 65, 77, 59, 119, 95, 117, 107, 27, 41, 33, 43, 19, 29, 15, 0, 8, 3]",True,3309058564,3.309058564,"[69, 68, 127, 94, 89, 128, 66, 73, 72, 91, 39, 97, 62, 84, 44, 57, 126, 50, 49, 56, 38, 63, 64, 60, 83, 125, 103, 104, 87, 88, 100, 82, 98, 96, 31, 30, 24, 11, 23, 5, 22, 4, 21, 37, 20, 35, 34, 124, 123, 142, 141, 55, 45, 53, 92, 81, 90, 117, 95, 119, 107, 77, 59, 75, 65, 27, 15, 0, 8, 3, 29, 43, 33, 41, 19]","[19, 41, 33, 43, 29, 3, 8, 0, 15, 27, 65, 75, 59, 77, 107, 119, 95, 117, 90, 81, 92, 53, 45, 55, 141, 142, 123, 124, 34, 35, 20, 37, 21, 4, 22, 5, 23, 11, 24, 30, 31, 96, 98, 82, 100, 88, 87, 104, 103, 125, 83, 60, 64, 63, 38, 56, 49, 50, 126, 57, 44, 84, 62, 97, 39, 91, 72, 73, 66, 128, 89, 94, 127, 68, 69]",False,complete,111,111,2850,36,339,0,339,339,,False,,,,,,,2,72,44,72,45,45,44,46
3,20490,39,76,73,"[1, 2, 6, 7, 9, 10, 12, 13, 14, 16, 17, 18, 25, 26, 28, 32, 36, 40, 42, 46, 47, 48, 51, 52, 54, 58, 61, 67, 68, 69, 70, 71, 74, 76, 78, 79, 80, 85, 86, 93, 99, 101, 102, 105, 106, 108, 109, 110, 111, 112, 114, 115, 116, 118, 120, 121, 122, 129, 130, 131, 132, 133, 134, 135, 136, 137, 138, 139, 140, 143, 144, 145, 146, 147, 148, 149]","[0, 3, 4, 5, 8, 11, 15, 19, 20, 21, 22, 23, 24, 27, 29, 30, 31, 33, 34, 35, 37, 38, 39, 41, 43, 44, 45, 49, 50, 53, 55, 56, 57, 59, 60, 62, 63, 64, 65, 66, 72, 73, 75, 77, 81, 82, 83, 84, 87, 88, 89, 90, 91, 92, 94, 95, 96, 97, 98, 100, 103, 104, 107, 117, 119, 123, 124, 125, 126, 127, 128, 141, 142]","{""support_1"": 127}",[127],1,"[17, 122, 18, 32, 137, 138, 140, 139, 13, 14, 116, 118, 136, 112, 16, 111, 110, 9, 109, 144, 10, 108, 148, 115, 36, 135, 26, 28, 105, 99, 149, 102, 106, 121, 120, 114, 101, 145, 146, 147, 12, 58, 71, 134, 48, 78, 61, 67, 93, 85, 133, 42, 40, 143, 25, 7, 6, 2, 1, 129, 132, 130, 131, 54, 76, 52, 47, 46, 51, 74, 70, 86, 80, 79, 69, 68, 127, 94, 89, 128, 66, 73, 72, 91, 39, 97, 62, 84, 44, 57, 126, 50, 49, 56, 38, 63, 64, 60, 83, 125, 103, 104, 87, 88, 100, 82, 98, 96, 31, 30, 24, 11, 23, 5, 22, 4, 21, 37, 20, 35, 34, 124, 123, 141, 142, 90, 81, 92, 55, 45, 53, 75, 65, 77, 59, 119, 95, 117, 107, 27, 41, 33, 43, 19, 29, 15, 0, 8, 3]",True,3309132612,3.309132612,"[127, 94, 89, 128, 66, 73, 72, 91, 39, 97, 62, 84, 44, 57, 126, 50, 49, 56, 38, 63, 64, 60, 83, 125, 103, 104, 87, 88, 100, 82, 98, 96, 31, 30, 24, 11, 23, 5, 22, 4, 21, 37, 20, 35, 34, 124, 123, 142, 141, 90, 81, 92, 119, 95, 117, 107, 75, 59, 77, 65, 53, 45, 55, 43, 33, 41, 27, 19, 29, 8, 0, 15, 3]","[3, 15, 0, 8, 29, 19, 27, 41, 33, 43, 55, 45, 53, 65, 77, 59, 75, 107, 117, 95, 119, 92, 81, 90, 141, 142, 123, 124, 34, 35, 20, 37, 21, 4, 22, 5, 23, 11, 24, 30, 31, 96, 98, 82, 100, 88, 87, 104, 103, 125, 83, 60, 64, 63, 38, 56, 49, 50, 126, 57, 44, 84, 62, 97, 39, 91, 72, 73, 66, 128, 89, 94, 127]",False,complete,111,111,2701,38,338,0,338,338,,False,,,,,,,2,70,43,70,43,43,43,44
3,20491,40,78,71,"[1, 2, 6, 7, 9, 10, 12, 13, 14, 16, 17, 18, 25, 26, 28, 32, 36, 40, 42, 46, 47, 48, 51, 52, 54, 58, 61, 67, 68, 69, 70, 71, 74, 76, 78, 79, 80, 85, 86, 93, 94, 99, 101, 102, 105, 106, 108, 109, 110, 111, 112, 114, 115, 116, 118, 120, 121, 122, 127, 129, 130, 131, 132, 133, 134, 135, 136, 137, 138, 139, 140, 143, 144, 145, 146, 147, 148, 149]","[0, 3, 4, 5, 8, 11, 15, 19, 20, 21, 22, 23, 24, 27, 29, 30, 31, 33, 34, 35, 37, 38, 39, 41, 43, 44, 45, 49, 50, 53, 55, 56, 57, 59, 60, 62, 63, 64, 65, 66, 72, 73, 75, 77, 81, 82, 83, 84, 87, 88, 89, 90, 91, 92, 95, 96, 97, 98, 100, 103, 104, 107, 117, 119, 123, 124, 125, 126, 128, 141, 142]","{""support_1"": 89}",[89],1,"[17, 122, 18, 32, 137, 138, 140, 139, 13, 14, 116, 118, 136, 112, 16, 111, 110, 9, 109, 144, 10, 108, 148, 115, 36, 135, 26, 28, 105, 99, 149, 102, 106, 121, 120, 114, 101, 145, 146, 147, 12, 58, 71, 134, 48, 78, 61, 67, 93, 85, 133, 42, 40, 143, 25, 7, 6, 2, 1, 129, 132, 130, 131, 54, 76, 52, 47, 46, 51, 74, 70, 86, 80, 79, 69, 68, 127, 94, 89, 128, 66, 73, 72, 91, 39, 97, 62, 84, 44, 57, 126, 50, 49, 56, 38, 63, 64, 60, 83, 125, 103, 104, 87, 88, 100, 82, 98, 96, 31, 30, 24, 11, 23, 5, 22, 4, 21, 37, 20, 35, 34, 124, 123, 141, 142, 90, 81, 92, 55, 45, 53, 75, 65, 77, 59, 119, 95, 117, 107, 27, 41, 33, 43, 19, 29, 15, 0, 8, 3]",True,3282640765,3.282640765,"[89, 128, 66, 73, 72, 91, 39, 97, 62, 84, 44, 57, 126, 50, 49, 56, 38, 63, 64, 60, 83, 125, 103, 104, 87, 88, 100, 82, 98, 96, 31, 30, 11, 24, 23, 5, 22, 4, 21, 37, 20, 35, 34, 124, 123, 141, 142, 92, 81, 90, 55, 45, 53, 77, 65, 75, 59, 119, 95, 117, 107, 8, 0, 15, 27, 3, 29, 43, 19, 41, 33]","[33, 41, 19, 43, 29, 3, 27, 15, 0, 8, 107, 117, 95, 119, 59, 75, 65, 77, 53, 45, 55, 90, 81, 92, 142, 141, 123, 124, 34, 35, 20, 37, 21, 4, 22, 5, 23, 24, 11, 30, 31, 96, 98, 82, 100, 88, 87, 104, 103, 125, 83, 60, 64, 63, 38, 56, 49, 50, 126, 57, 44, 84, 62, 97, 39, 91, 72, 73, 66, 128, 89]",False,complete,108,108,2556,37,333,0,333,333,,False,,,,,,,2,68,41,68,41,41,41,42
3,20492,41,80,69,"[1, 2, 6, 7, 9, 10, 12, 13, 14, 16, 17, 18, 25, 26, 28, 32, 36, 40, 42, 46, 47, 48, 51, 52, 54, 58, 61, 67, 68, 69, 70, 71, 74, 76, 78, 79, 80, 85, 86, 89, 93, 94, 99, 101, 102, 105, 106, 108, 109, 110, 111, 112, 114, 115, 116, 118, 120, 121, 122, 127, 128, 129, 130, 131, 132, 133, 134, 135, 136, 137, 138, 139, 140, 143, 144, 145, 146, 147, 148, 149]","[0, 3, 4, 5, 8, 11, 15, 19, 20, 21, 22, 23, 24, 27, 29, 30, 31, 33, 34, 35, 37, 38, 39, 41, 43, 44, 45, 49, 50, 53, 55, 56, 57, 59, 60, 62, 63, 64, 65, 66, 72, 73, 75, 77, 81, 82, 83, 84, 87, 88, 90, 91, 92, 95, 96, 97, 98, 100, 103, 104, 107, 117, 119, 123, 124, 125, 126, 141, 142]","{""support_2"": 66}",[66],1,"[17, 122, 18, 32, 137, 138, 140, 139, 13, 14, 116, 118, 136, 112, 16, 111, 110, 9, 109, 144, 10, 108, 148, 115, 36, 135, 26, 28, 105, 99, 149, 102, 106, 121, 120, 114, 101, 145, 146, 147, 12, 58, 71, 134, 48, 78, 61, 67, 93, 85, 133, 42, 40, 143, 25, 7, 6, 2, 1, 129, 132, 130, 131, 54, 76, 52, 47, 46, 51, 74, 70, 86, 80, 79, 69, 68, 127, 94, 89, 128, 66, 73, 72, 91, 39, 97, 62, 84, 44, 57, 126, 50, 49, 56, 38, 63, 64, 60, 83, 125, 103, 104, 87, 88, 100, 82, 98, 96, 31, 30, 24, 11, 23, 5, 22, 4, 21, 37, 20, 35, 34, 124, 123, 141, 142, 90, 81, 92, 55, 45, 53, 75, 65, 77, 59, 119, 95, 117, 107, 27, 41, 33, 43, 19, 29, 15, 0, 8, 3]",True,3251869752,3.251869752,"[66, 73, 72, 91, 39, 97, 62, 84, 44, 57, 126, 50, 49, 56, 38, 63, 64, 60, 83, 125, 103, 104, 87, 88, 100, 82, 98, 96, 31, 30, 11, 24, 23, 5, 22, 4, 21, 37, 20, 35, 34, 124, 123, 142, 141, 119, 107, 117, 95, 75, 59, 77, 90, 81, 92, 65, 53, 45, 55, 43, 33, 41, 29, 19, 27, 15, 3, 8, 0]","[0, 8, 3, 15, 27, 19, 29, 41, 33, 43, 55, 45, 53, 65, 92, 81, 90, 77, 59, 75, 95, 117, 107, 119, 141, 142, 123, 124, 34, 35, 20, 37, 21, 4, 22, 5, 23, 24, 11, 30, 31, 96, 98, 82, 100, 88, 87, 104, 103, 125, 83, 60, 64, 63, 38, 56, 49, 50, 126, 57, 44, 84, 62, 97, 39, 91, 72, 73, 66]",False,complete,107,107,2415,38,326,0,326,326,,False,,,,,,,2,65,39,65,39,39,39,40
3,20493,42,82,67,"[1, 2, 6, 7, 9, 10, 12, 13, 14, 16, 17, 18, 25, 26, 28, 32, 36, 40, 42, 46, 47, 48, 51, 52, 54, 58, 61, 66, 67, 68, 69, 70, 71, 73, 74, 76, 78, 79, 80, 85, 86, 89, 93, 94, 99, 101, 102, 105, 106, 108, 109, 110, 111, 112, 114, 115, 116, 118, 120, 121, 122, 127, 128, 129, 130, 131, 132, 133, 134, 135, 136, 137, 138, 139, 140, 143, 144, 145, 146, 147, 148, 149]","[0, 3, 4, 5, 8, 11, 15, 19, 20, 21, 22, 23, 24, 27, 29, 30, 31, 33, 34, 35, 37, 38, 39, 41, 43, 44, 45, 49, 50, 53, 55, 56, 57, 59, 60, 62, 63, 64, 65, 72, 75, 77, 81, 82, 83, 84, 87, 88, 90, 91, 92, 95, 96, 97, 98, 100, 103, 104, 107, 117, 119, 123, 124, 125, 126, 141, 142]","{""support_1"": 91, ""support_2"": 72}","[72, 91]",2,"[17, 122, 18, 32, 137, 138, 140, 139, 13, 14, 116, 118, 136, 112, 16, 111, 110, 9, 109, 144, 10, 108, 148, 115, 36, 135, 26, 28, 105, 99, 149, 102, 106, 121, 120, 114, 101, 145, 146, 147, 12, 58, 71, 134, 48, 78, 61, 67, 93, 85, 133, 42, 40, 143, 25, 7, 6, 2, 1, 129, 132, 130, 131, 54, 76, 52, 47, 46, 51, 74, 70, 86, 80, 79, 69, 68, 127, 94, 89, 128, 66, 73, 72, 91, 39, 97, 62, 84, 44, 57, 126, 50, 49, 56, 38, 63, 64, 60, 83, 125, 103, 104, 87, 88, 100, 82, 98, 96, 31, 30, 24, 11, 23, 5, 22, 4, 21, 37, 20, 35, 34, 124, 123, 141, 142, 90, 81, 92, 55, 45, 53, 75, 65, 77, 59, 119, 95, 117, 107, 27, 41, 33, 43, 19, 29, 15, 0, 8, 3]",True,3215441046,3.215441046,"[72, 91, 39, 97, 62, 84, 44, 57, 126, 50, 49, 56, 38, 63, 64, 60, 83, 125, 103, 104, 87, 88, 100, 82, 98, 96, 31, 30, 24, 11, 23, 5, 22, 4, 21, 37, 20, 35, 34, 124, 123, 142, 141, 117, 107, 119, 95, 90, 81, 92, 55, 45, 53, 75, 59, 77, 65, 43, 33, 41, 27, 19, 29, 8, 0, 15, 3]","[3, 15, 0, 8, 29, 19, 27, 41, 33, 43, 65, 77, 59, 75, 53, 45, 55, 92, 81, 90, 95, 119, 107, 117, 141, 142, 123, 124, 34, 35, 20, 37, 21, 4, 22, 5, 23, 11, 24, 30, 31, 96, 98, 82, 100, 88, 87, 104, 103, 125, 83, 60, 64, 63, 38, 56, 49, 50, 126, 57, 44, 84, 62, 97, 39, 91, 72]",False,complete,105,105,2278,38,318,0,318,318,,False,,,,,,,2,62,36,62,37,37,36,38
3,20494,43,84,65,"[1, 2, 6, 7, 9, 10, 12, 13, 14, 16, 17, 18, 25, 26, 28, 32, 36, 40, 42, 46, 47, 48, 51, 52, 54, 58, 61, 66, 67, 68, 69, 70, 71, 72, 73, 74, 76, 78, 79, 80, 85, 86, 89, 91, 93, 94, 99, 101, 102, 105, 106, 108, 109, 110, 111, 112, 114, 115, 116, 118, 120, 121, 122, 127, 128, 129, 130, 131, 132, 133, 134, 135, 136, 137, 138, 139, 140, 143, 144, 145, 146, 147, 148, 149]","[0, 3, 4, 5, 8, 11, 15, 19, 20, 21, 22, 23, 24, 27, 29, 30, 31, 33, 34, 35, 37, 38, 39, 41, 43, 44, 45, 49, 50, 53, 55, 56, 57, 59, 60, 62, 63, 64, 65, 75, 77, 81, 82, 83, 84, 87, 88, 90, 92, 95, 96, 97, 98, 100, 103, 104, 107, 117, 119, 123, 124, 125, 126, 141, 142]",{},[],0,"[17, 122, 18, 32, 137, 138, 140, 139, 13, 14, 116, 118, 136, 112, 16, 111, 110, 9, 109, 144, 10, 108, 148, 115, 36, 135, 26, 28, 105, 99, 149, 102, 106, 121, 120, 114, 101, 145, 146, 147, 12, 58, 71, 134, 48, 78, 61, 67, 93, 85, 133, 42, 40, 143, 25, 7, 6, 2, 1, 129, 132, 130, 131, 54, 76, 52, 47, 46, 51, 74, 70, 86, 80, 79, 69, 68, 127, 94, 89, 128, 66, 73, 72, 91, 39, 97, 62, 84, 44, 57, 126, 50, 49, 56, 38, 63, 64, 60, 83, 125, 103, 104, 87, 88, 100, 82, 98, 96, 31, 30, 24, 11, 23, 5, 22, 4, 21, 37, 20, 35, 34, 124, 123, 141, 142, 90, 81, 92, 55, 45, 53, 75, 65, 77, 59, 119, 95, 117, 107, 27, 41, 33, 43, 19, 29, 15, 0, 8, 3]",True,3085640547,3.085640547,"[39, 97, 62, 84, 44, 57, 126, 50, 49, 56, 38, 63, 64, 60, 83, 125, 103, 104, 87, 88, 100, 82, 98, 96, 31, 30, 24, 11, 23, 5, 22, 4, 21, 37, 20, 35, 34, 124, 123, 141, 142, 55, 45, 53, 77, 59, 75, 119, 107, 117, 95, 92, 65, 90, 81, 15, 0, 8, 29, 3, 27, 43, 33, 41, 19]","[19, 41, 33, 43, 27, 3, 29, 8, 0, 15, 81, 90, 65, 92, 95, 117, 107, 119, 75, 59, 77, 53, 45, 55, 142, 141, 123, 124, 34, 35, 20, 37, 21, 4, 22, 5, 23, 11, 24, 30, 31, 96, 98, 82, 100, 88, 87, 104, 103, 125, 83, 60, 64, 63, 38, 56, 49, 50, 126, 57, 44, 84, 62, 97, 39]",False,complete,102,102,2145,37,314,0,314,314,,False,,,,,,,2,61,36,61,36,36,36,36
3,20495,44,86,63,"[1, 2, 6, 7, 9, 10, 12, 13, 14, 16, 17, 18, 25, 26, 28, 32, 36, 39, 40, 42, 46, 47, 48, 51, 52, 54, 58, 61, 66, 67, 68, 69, 70, 71, 72, 73, 74, 76, 78, 79, 80, 85, 86, 89, 91, 93, 94, 97, 99, 101, 102, 105, 106, 108, 109, 110, 111, 112, 114, 115, 116, 118, 120, 121, 122, 127, 128, 129, 130, 131, 132, 133, 134, 135, 136, 137, 138, 139, 140, 143, 144, 145, 146, 147, 148, 149]","[0, 3, 4, 5, 8, 11, 15, 19, 20, 21, 22, 23, 24, 27, 29, 30, 31, 33, 34, 35, 37, 38, 41, 43, 44, 45, 49, 50, 53, 55, 56, 57, 59, 60, 62, 63, 64, 65, 75, 77, 81, 82, 83, 84, 87, 88, 90, 92, 95, 96, 98, 100, 103, 104, 107, 117, 119, 123, 124, 125, 126, 141, 142]","{""support_1"": 62}",[62],1,"[17, 122, 18, 32, 137, 138, 140, 139, 13, 14, 116, 118, 136, 112, 16, 111, 110, 9, 109, 144, 10, 108, 148, 115, 36, 135, 26, 28, 105, 99, 149, 102, 106, 121, 120, 114, 101, 145, 146, 147, 12, 58, 71, 134, 48, 78, 61, 67, 93, 85, 133, 42, 40, 143, 25, 7, 6, 2, 1, 129, 132, 130, 131, 54, 76, 52, 47, 46, 51, 74, 70, 86, 80, 79, 69, 68, 127, 94, 89, 128, 66, 73, 72, 91, 39, 97, 62, 84, 44, 57, 126, 50, 49, 56, 38, 63, 64, 60, 83, 125, 103, 104, 87, 88, 100, 82, 98, 96, 31, 30, 24, 11, 23, 5, 22, 4, 21, 37, 20, 35, 34, 124, 123, 141, 142, 90, 81, 92, 55, 45, 53, 75, 65, 77, 59, 119, 95, 117, 107, 27, 41, 33, 43, 19, 29, 15, 0, 8, 3]",True,3025587349,3.025587349,"[62, 84, 44, 57, 126, 50, 49, 56, 38, 63, 64, 60, 83, 125, 103, 104, 87, 88, 100, 82, 98, 96, 31, 30, 24, 11, 23, 5, 22, 4, 21, 37, 20, 35, 34, 124, 123, 142, 141, 117, 107, 119, 95, 90, 81, 92, 53, 45, 55, 77, 59, 75, 65, 15, 0, 8, 41, 33, 43, 27, 19, 29, 3]","[3, 29, 19, 27, 43, 33, 41, 8, 0, 15, 65, 75, 59, 77, 55, 45, 53, 92, 81, 90, 95, 119, 107, 117, 141, 142, 123, 124, 34, 35, 20, 37, 21, 4, 22, 5, 23, 11, 24, 30, 31, 96, 98, 82, 100, 88, 87, 104, 103, 125, 83, 60, 64, 63, 38, 56, 49, 50, 126, 57, 44, 84, 62]",False,complete,100,100,2016,37,312,0,312,312,,False,,,,,,,2,60,35,60,35,35,35,36
3,20496,45,88,61,"[1, 2, 6, 7, 9, 10, 12, 13, 14, 16, 17, 18, 25, 26, 28, 32, 36, 39, 40, 42, 46, 47, 48, 51, 52, 54, 58, 61, 62, 66, 67, 68, 69, 70, 71, 72, 73, 74, 76, 78, 79, 80, 84, 85, 86, 89, 91, 93, 94, 97, 99, 101, 102, 105, 106, 108, 109, 110, 111, 112, 114, 115, 116, 118, 120, 121, 122, 127, 128, 129, 130, 131, 132, 133, 134, 135, 136, 137, 138, 139, 140, 143, 144, 145, 146, 147, 148, 149]","[0, 3, 4, 5, 8, 11, 15, 19, 20, 21, 22, 23, 24, 27, 29, 30, 31, 33, 34, 35, 37, 38, 41, 43, 44, 45, 49, 50, 53, 55, 56, 57, 59, 60, 63, 64, 65, 75, 77, 81, 82, 83, 87, 88, 90, 92, 95, 96, 98, 100, 103, 104, 107, 117, 119, 123, 124, 125, 126, 141, 142]","{""support_1"": 44}",[44],1,"[17, 122, 18, 32, 137, 138, 140, 139, 13, 14, 116, 118, 136, 112, 16, 111, 110, 9, 109, 144, 10, 108, 148, 115, 36, 135, 26, 28, 105, 99, 149, 102, 106, 121, 120, 114, 101, 145, 146, 147, 12, 58, 71, 134, 48, 78, 61, 67, 93, 85, 133, 42, 40, 143, 25, 7, 6, 2, 1, 129, 132, 130, 131, 54, 76, 52, 47, 46, 51, 74, 70, 86, 80, 79, 69, 68, 127, 94, 89, 128, 66, 73, 72, 91, 39, 97, 62, 84, 44, 57, 126, 50, 49, 56, 38, 63, 64, 60, 83, 125, 103, 104, 87, 88, 100, 82, 98, 96, 31, 30, 24, 11, 23, 5, 22, 4, 21, 37, 20, 35, 34, 124, 123, 141, 142, 90, 81, 92, 55, 45, 53, 75, 65, 77, 59, 119, 95, 117, 107, 27, 41, 33, 43, 19, 29, 15, 0, 8, 3]",True,2753977357,2.753977357,"[44, 57, 126, 50, 49, 56, 38, 63, 64, 60, 83, 125, 103, 104, 87, 88, 100, 82, 98, 96, 31, 30, 11, 24, 23, 5, 22, 4, 21, 37, 20, 35, 34, 124, 123, 141, 142, 77, 59, 75, 53, 45, 55, 119, 107, 117, 95, 90, 81, 92, 65, 15, 0, 8, 27, 3, 29, 41, 19, 43, 33]","[33, 43, 19, 41, 29, 3, 27, 8, 0, 15, 65, 92, 81, 90, 95, 117, 107, 119, 55, 45, 53, 75, 59, 77, 142, 141, 123, 124, 34, 35, 20, 37, 21, 4, 22, 5, 23, 24, 11, 30, 31, 96, 98, 82, 100, 88, 87, 104, 103, 125, 83, 60, 64, 63, 38, 56, 49, 50, 126, 57, 44]",False,complete,97,97,1891,36,302,0,302,302,,False,,,,,,,2,58,33,58,33,33,33,34
3,20497,46,90,59,"[1, 2, 6, 7, 9, 10, 12, 13, 14, 16, 17, 18, 25, 26, 28, 32, 36, 39, 40, 42, 44, 46, 47, 48, 51, 52, 54, 57, 58, 61, 62, 66, 67, 68, 69, 70, 71, 72, 73, 74, 76, 78, 79, 80, 84, 85, 86, 89, 91, 93, 94, 97, 99, 101, 102, 105, 106, 108, 109, 110, 111, 112, 114, 115, 116, 118, 120, 121, 122, 127, 128, 129, 130, 131, 132, 133, 134, 135, 136, 137, 138, 139, 140, 143, 144, 145, 146, 147, 148, 149]","[0, 3, 4, 5, 8, 11, 15, 19, 20, 21, 22, 23, 24, 27, 29, 30, 31, 33, 34, 35, 37, 38, 41, 43, 45, 49, 50, 53, 55, 56, 59, 60, 63, 64, 65, 75, 77, 81, 82, 83, 87, 88, 90, 92, 95, 96, 98, 100, 103, 104, 107, 117, 119, 123, 124, 125, 126, 141, 142]","{""support_1"": 83, ""support_2"": 56}","[56, 83]",2,"[17, 122, 18, 32, 137, 138, 140, 139, 13, 14, 116, 118, 136, 112, 16, 111, 110, 9, 109, 144, 10, 108, 148, 115, 36, 135, 26, 28, 105, 99, 149, 102, 106, 121, 120, 114, 101, 145, 146, 147, 12, 58, 71, 134, 48, 78, 61, 67, 93, 85, 133, 42, 40, 143, 25, 7, 6, 2, 1, 129, 132, 130, 131, 54, 76, 52, 47, 46, 51, 74, 70, 86, 80, 79, 69, 68, 127, 94, 89, 128, 66, 73, 72, 91, 39, 97, 62, 84, 44, 57, 126, 50, 49, 56, 38, 63, 64, 60, 83, 125, 103, 104, 87, 88, 100, 82, 98, 96, 31, 30, 24, 11, 23, 5, 22, 4, 21, 37, 20, 35, 34, 124, 123, 141, 142, 90, 81, 92, 55, 45, 53, 75, 65, 77, 59, 119, 95, 117, 107, 27, 41, 33, 43, 19, 29, 15, 0, 8, 3]",True,2296146619,2.296146619,"[126, 50, 49, 56, 38, 63, 64, 60, 83, 125, 103, 104, 87, 88, 100, 82, 98, 96, 31, 30, 24, 11, 23, 5, 22, 4, 21, 37, 20, 35, 34, 124, 123, 141, 142, 53, 45, 55, 75, 59, 77, 117, 107, 119, 95, 92, 65, 90, 81, 43, 33, 41, 15, 0, 8, 27, 3, 29, 19]","[19, 29, 3, 27, 8, 0, 15, 41, 33, 43, 81, 90, 65, 92, 95, 119, 107, 117, 77, 59, 75, 55, 45, 53, 142, 141, 123, 124, 34, 35, 20, 37, 21, 4, 22, 5, 23, 11, 24, 30, 31, 96, 98, 82, 100, 88, 87, 104, 103, 125, 83, 60, 64, 63, 38, 56, 49, 50, 126]",False,complete,95,95,1770,36,260,0,260,260,,False,,,,,,,2,54,30,54,32,32,30,32
3,20498,47,92,57,"[1, 2, 6, 7, 9, 10, 12, 13, 14, 16, 17, 18, 25, 26, 28, 32, 36, 39, 40, 42, 44, 46, 47, 48, 50, 51, 52, 54, 57, 58, 61, 62, 66, 67, 68, 69, 70, 71, 72, 73, 74, 76, 78, 79, 80, 84, 85, 86, 89, 91, 93, 94, 97, 99, 101, 102, 105, 106, 108, 109, 110, 111, 112, 114, 115, 116, 118, 120, 121, 122, 126, 127, 128, 129, 130, 131, 132, 133, 134, 135, 136, 137, 138, 139, 140, 143, 144, 145, 146, 147, 148, 149]","[0, 3, 4, 5, 8, 11, 15, 19, 20, 21, 22, 23, 24, 27, 29, 30, 31, 33, 34, 35, 37, 38, 41, 43, 45, 49, 53, 55, 56, 59, 60, 63, 64, 65, 75, 77, 81, 82, 83, 87, 88, 90, 92, 95, 96, 98, 100, 103, 104, 107, 117, 119, 123, 124, 125, 141, 142]","{""support_1"": 83, ""support_2"": 56}","[56, 83]",2,"[17, 122, 18, 32, 137, 138, 140, 139, 13, 14, 116, 118, 136, 112, 16, 111, 110, 9, 109, 144, 10, 108, 148, 115, 36, 135, 26, 28, 105, 99, 149, 102, 106, 121, 120, 114, 101, 145, 146, 147, 12, 58, 71, 134, 48, 78, 61, 67, 93, 85, 133, 42, 40, 143, 25, 7, 6, 2, 1, 129, 132, 130, 131, 54, 76, 52, 47, 46, 51, 74, 70, 86, 80, 79, 69, 68, 127, 94, 89, 128, 66, 73, 72, 91, 39, 97, 62, 84, 44, 57, 126, 50, 49, 56, 38, 63, 64, 60, 83, 125, 103, 104, 87, 88, 100, 82, 98, 96, 31, 30, 24, 11, 23, 5, 22, 4, 21, 37, 20, 35, 34, 124, 123, 141, 142, 90, 81, 92, 55, 45, 53, 75, 65, 77, 59, 119, 95, 117, 107, 27, 41, 33, 43, 19, 29, 15, 0, 8, 3]",True,1582927963,1.582927963,"[49, 56, 38, 63, 64, 60, 83, 125, 103, 104, 87, 88, 100, 82, 98, 96, 31, 30, 11, 24, 23, 5, 22, 4, 21, 37, 20, 35, 34, 124, 123, 141, 142, 77, 59, 75, 90, 81, 92, 65, 119, 95, 117, 107, 55, 45, 53, 27, 41, 33, 43, 19, 29, 15, 3, 8, 0]","[0, 8, 3, 15, 29, 19, 43, 33, 41, 27, 53, 45, 55, 107, 117, 95, 119, 65, 92, 81, 90, 75, 59, 77, 142, 141, 123, 124, 34, 35, 20, 37, 21, 4, 22, 5, 23, 24, 11, 30, 31, 96, 98, 82, 100, 88, 87, 104, 103, 125, 83, 60, 64, 63, 38, 56, 49]",False,complete,73,73,1653,16,199,0,199,199,,False,,,,,,,2,50,30,50,32,32,30,32
3,20499,48,94,55,"[1, 2, 6, 7, 9, 10, 12, 13, 14, 16, 17, 18, 25, 26, 28, 32, 36, 39, 40, 42, 44, 46, 47, 48, 49, 50, 51, 52, 54, 56, 57, 58, 61, 62, 66, 67, 68, 69, 70, 71, 72, 73, 74, 76, 78, 79, 80, 84, 85, 86, 89, 91, 93, 94, 97, 99, 101, 102, 105, 106, 108, 109, 110, 111, 112, 114, 115, 116, 118, 120, 121, 122, 126, 127, 128, 129, 130, 131, 132, 133, 134, 135, 136, 137, 138, 139, 140, 143, 144, 145, 146, 147, 148, 149]","[0, 3, 4, 5, 8, 11, 15, 19, 20, 21, 22, 23, 24, 27, 29, 30, 31, 33, 34, 35, 37, 38, 41, 43, 45, 53, 55, 59, 60, 63, 64, 65, 75, 77, 81, 82, 83, 87, 88, 90, 92, 95, 96, 98, 100, 103, 104, 107, 117, 119, 123, 124, 125, 141, 142]","{""support_1"": 83, ""support_2"": 63}","[63, 83]",2,"[17, 122, 18, 32, 137, 138, 140, 139, 13, 14, 116, 118, 136, 112, 16, 111, 110, 9, 109, 144, 10, 108, 148, 115, 36, 135, 26, 28, 105, 99, 149, 102, 106, 121, 120, 114, 101, 145, 146, 147, 12, 58, 71, 134, 48, 78, 61, 67, 93, 85, 133, 42, 40, 143, 25, 7, 6, 2, 1, 129, 132, 130, 131, 54, 76, 52, 47, 46, 51, 74, 70, 86, 80, 79, 69, 68, 127, 94, 89, 128, 66, 73, 72, 91, 39, 97, 62, 84, 44, 57, 126, 50, 49, 56, 38, 63, 64, 60, 83, 125, 103, 104, 87, 88, 100, 82, 98, 96, 31, 30, 24, 11, 23, 5, 22, 4, 21, 37, 20, 35, 34, 124, 123, 141, 142, 90, 81, 92, 55, 45, 53, 75, 65, 77, 59, 119, 95, 117, 107, 27, 41, 33, 43, 19, 29, 15, 0, 8, 3]",True,1306464272,1.306464272,"[38, 63, 64, 60, 83, 125, 103, 104, 87, 88, 100, 82, 98, 96, 31, 30, 24, 11, 23, 5, 22, 4, 21, 37, 20, 35, 34, 124, 123, 141, 142, 75, 59, 77, 92, 65, 90, 81, 53, 45, 55, 119, 95, 117, 107, 41, 33, 43, 29, 19, 27, 8, 0, 15, 3]","[3, 15, 0, 8, 27, 19, 29, 43, 33, 41, 107, 117, 95, 119, 55, 45, 53, 81, 90, 65, 92, 77, 59, 75, 142, 141, 123, 124, 34, 35, 20, 37, 21, 4, 22, 5, 23, 11, 24, 30, 31, 96, 98, 82, 100, 88, 87, 104, 103, 125, 83, 60, 64, 63, 38]",False,complete,67,67,1540,12,173,0,173,173,,False,,,,,,,2,46,29,46,31,31,29,31
3,20500,49,96,53,"[1, 2, 6, 7, 9, 10, 12, 13, 14, 16, 17, 18, 25, 26, 28, 32, 36, 38, 39, 40, 42, 44, 46, 47, 48, 49, 50, 51, 52, 54, 56, 57, 58, 61, 62, 63, 66, 67, 68, 69, 70, 71, 72, 73, 74, 76, 78, 79, 80, 84, 85, 86, 89, 91, 93, 94, 97, 99, 101, 102, 105, 106, 108, 109, 110, 111, 112, 114, 115, 116, 118, 120, 121, 122, 126, 127, 128, 129, 130, 131, 132, 133, 134, 135, 136, 137, 138, 139, 140, 143, 144, 145, 146, 147, 148, 149]","[0, 3, 4, 5, 8, 11, 15, 19, 20, 21, 22, 23, 24, 27, 29, 30, 31, 33, 34, 35, 37, 41, 43, 45, 53, 55, 59, 60, 64, 65, 75, 77, 81, 82, 83, 87, 88, 90, 92, 95, 96, 98, 100, 103, 104, 107, 117, 119, 123, 124, 125, 141, 142]","{""support_1"": 83, ""support_2"": 64}","[64, 83]",2,"[17, 122, 18, 32, 137, 138, 140, 139, 13, 14, 116, 118, 136, 112, 16, 111, 110, 9, 109, 144, 10, 108, 148, 115, 36, 135, 26, 28, 105, 99, 149, 102, 106, 121, 120, 114, 101, 145, 146, 147, 12, 58, 71, 134, 48, 78, 61, 67, 93, 85, 133, 42, 40, 143, 25, 7, 6, 2, 1, 129, 132, 130, 131, 54, 76, 52, 47, 46, 51, 74, 70, 86, 80, 79, 69, 68, 127, 94, 89, 128, 66, 73, 72, 91, 39, 97, 62, 84, 44, 57, 126, 50, 49, 56, 38, 63, 64, 60, 83, 125, 103, 104, 87, 88, 100, 82, 98, 96, 31, 30, 24, 11, 23, 5, 22, 4, 21, 37, 20, 35, 34, 124, 123, 141, 142, 90, 81, 92, 55, 45, 53, 75, 65, 77, 59, 119, 95, 117, 107, 27, 41, 33, 43, 19, 29, 15, 0, 8, 3]",True,1020404575,1.020404575,"[64, 60, 83, 125, 103, 104, 87, 88, 100, 82, 98, 96, 31, 30, 24, 11, 23, 5, 22, 4, 21, 37, 20, 35, 34, 124, 123, 142, 141, 77, 59, 75, 117, 107, 119, 95, 55, 45, 53, 92, 65, 90, 81, 41, 33, 43, 8, 0, 15, 27, 3, 29, 19]","[19, 29, 3, 27, 15, 0, 8, 43, 33, 41, 81, 90, 65, 92, 53, 45, 55, 95, 119, 107, 117, 75, 59, 77, 141, 142, 123, 124, 34, 35, 20, 37, 21, 4, 22, 5, 23, 11, 24, 30, 31, 96, 98, 82, 100, 88, 87, 104, 103, 125, 83, 60, 64]",False,complete,61,61,1431,8,150,0,150,150,,False,,,,,,,2,42,28,42,29,29,28,30
3,20501,50,98,51,"[1, 2, 6, 7, 9, 10, 12, 13, 14, 16, 17, 18, 25, 26, 28, 32, 36, 38, 39, 40, 42, 44, 46, 47, 48, 49, 50, 51, 52, 54, 56, 57, 58, 60, 61, 62, 63, 64, 66, 67, 68, 69, 70, 71, 72, 73, 74, 76, 78, 79, 80, 84, 85, 86, 89, 91, 93, 94, 97, 99, 101, 102, 105, 106, 108, 109, 110, 111, 112, 114, 115, 116, 118, 120, 121, 122, 126, 127, 128, 129, 130, 131, 132, 133, 134, 135, 136, 137, 138, 139, 140, 143, 144, 145, 146, 147, 148, 149]","[0, 3, 4, 5, 8, 11, 15, 19, 20, 21, 22, 23, 24, 27, 29, 30, 31, 33, 34, 35, 37, 41, 43, 45, 53, 55, 59, 65, 75, 77, 81, 82, 83, 87, 88, 90, 92, 95, 96, 98, 100, 103, 104, 107, 117, 119, 123, 124, 125, 141, 142]","{""support_1"": 83}",[83],1,"[17, 122, 18, 32, 137, 138, 140, 139, 13, 14, 116, 118, 136, 112, 16, 111, 110, 9, 109, 144, 10, 108, 148, 115, 36, 135, 26, 28, 105, 99, 149, 102, 106, 121, 120, 114, 101, 145, 146, 147, 12, 58, 71, 134, 48, 78, 61, 67, 93, 85, 133, 42, 40, 143, 25, 7, 6, 2, 1, 129, 132, 130, 131, 54, 76, 52, 47, 46, 51, 74, 70, 86, 80, 79, 69, 68, 127, 94, 89, 128, 66, 73, 72, 91, 39, 97, 62, 84, 44, 57, 126, 50, 49, 56, 38, 63, 64, 60, 83, 125, 103, 104, 87, 88, 100, 82, 98, 96, 31, 30, 24, 11, 23, 5, 22, 4, 21, 37, 20, 35, 34, 124, 123, 141, 142, 90, 81, 92, 55, 45, 53, 75, 65, 77, 59, 119, 95, 117, 107, 27, 41, 33, 43, 19, 29, 15, 0, 8, 3]",True,980364174,0.980364174,"[83, 125, 103, 104, 87, 88, 100, 82, 98, 96, 31, 30, 24, 11, 23, 5, 22, 4, 21, 37, 20, 35, 34, 124, 123, 142, 141, 75, 59, 77, 55, 45, 53, 117, 107, 119, 95, 90, 65, 92, 81, 15, 0, 8, 27, 3, 29, 41, 33, 43, 19]","[19, 43, 33, 41, 29, 3, 27, 8, 0, 15, 81, 92, 65, 90, 95, 119, 107, 117, 53, 45, 55, 77, 59, 75, 141, 142, 123, 124, 34, 35, 20, 37, 21, 4, 22, 5, 23, 11, 24, 30, 31, 96, 98, 82, 100, 88, 87, 104, 103, 125, 83]",False,complete,59,59,1326,8,147,0,147,147,,False,,,,,,,2,39,27,39,27,27,27,28
3,20502,51,100,49,"[1, 2, 6, 7, 9, 10, 12, 13, 14, 16, 17, 18, 25, 26, 28, 32, 36, 38, 39, 40, 42, 44, 46, 47, 48, 49, 50, 51, 52, 54, 56, 57, 58, 60, 61, 62, 63, 64, 66, 67, 68, 69, 70, 71, 72, 73, 74, 76, 78, 79, 80, 83, 84, 85, 86, 89, 91, 93, 94, 97, 99, 101, 102, 105, 106, 108, 109, 110, 111, 112, 114, 115, 116, 118, 120, 121, 122, 125, 126, 127, 128, 129, 130, 131, 132, 133, 134, 135, 136, 137, 138, 139, 140, 143, 144, 145, 146, 147, 148, 149]","[0, 3, 4, 5, 8, 11, 15, 19, 20, 21, 22, 23, 24, 27, 29, 30, 31, 33, 34, 35, 37, 41, 43, 45, 53, 55, 59, 65, 75, 77, 81, 82, 87, 88, 90, 92, 95, 96, 98, 100, 103, 104, 107, 117, 119, 123, 124, 141, 142]","{""support_1"": 98, ""support_2"": 103}","[98, 103]",2,"[17, 122, 18, 32, 137, 138, 140, 139, 13, 14, 116, 118, 136, 112, 16, 111, 110, 9, 109, 144, 10, 108, 148, 115, 36, 135, 26, 28, 105, 99, 149, 102, 106, 121, 120, 114, 101, 145, 146, 147, 12, 58, 71, 134, 48, 78, 61, 67, 93, 85, 133, 42, 40, 143, 25, 7, 6, 2, 1, 129, 132, 130, 131, 54, 76, 52, 47, 46, 51, 74, 70, 86, 80, 79, 69, 68, 127, 94, 89, 128, 66, 73, 72, 91, 39, 97, 62, 84, 44, 57, 126, 50, 49, 56, 38, 63, 64, 60, 83, 125, 103, 104, 87, 88, 100, 82, 98, 96, 31, 30, 24, 11, 23, 5, 22, 4, 21, 37, 20, 35, 34, 124, 123, 141, 142, 90, 81, 92, 55, 45, 53, 75, 65, 77, 59, 119, 95, 117, 107, 27, 41, 33, 43, 19, 29, 15, 0, 8, 3]",True,774576985,0.774576985,"[103, 104, 87, 88, 100, 82, 98, 96, 31, 30, 11, 24, 23, 5, 22, 4, 21, 37, 20, 35, 34, 124, 123, 141, 142, 75, 59, 77, 92, 65, 90, 81, 55, 45, 53, 119, 95, 117, 107, 29, 43, 33, 41, 19, 27, 15, 0, 8, 3]","[3, 8, 0, 15, 27, 19, 41, 33, 43, 29, 107, 117, 95, 119, 53, 45, 55, 81, 90, 65, 92, 77, 59, 75, 142, 141, 123, 124, 34, 35, 20, 37, 21, 4, 22, 5, 23, 24, 11, 30, 31, 96, 98, 82, 100, 88, 87, 104, 103]",False,complete,56,56,1225,7,123,0,123,123,,False,,,,,,,2,35,24,35,25,25,24,26
3,20503,52,102,47,"[1, 2, 6, 7, 9, 10, 12, 13, 14, 16, 17, 18, 25, 26, 28, 32, 36, 38, 39, 40, 42, 44, 46, 47, 48, 49, 50, 51, 52, 54, 56, 57, 58, 60, 61, 62, 63, 64, 66, 67, 68, 69, 70, 71, 72, 73, 74, 76, 78, 79, 80, 83, 84, 85, 86, 89, 91, 93, 94, 97, 99, 101, 102, 103, 104, 105, 106, 108, 109, 110, 111, 112, 114, 115, 116, 118, 120, 121, 122, 125, 126, 127, 128, 129, 130, 131, 132, 133, 134, 135, 136, 137, 138, 139, 140, 143, 144, 145, 146, 147, 148, 149]","[0, 3, 4, 5, 8, 11, 15, 19, 20, 21, 22, 23, 24, 27, 29, 30, 31, 33, 34, 35, 37, 41, 43, 45, 53, 55, 59, 65, 75, 77, 81, 82, 87, 88, 90, 92, 95, 96, 98, 100, 107, 117, 119, 123, 124, 141, 142]","{""support_1"": 98, ""support_2"": 88}","[88, 98]",2,"[17, 122, 18, 32, 137, 138, 140, 139, 13, 14, 116, 118, 136, 112, 16, 111, 110, 9, 109, 144, 10, 108, 148, 115, 36, 135, 26, 28, 105, 99, 149, 102, 106, 121, 120, 114, 101, 145, 146, 147, 12, 58, 71, 134, 48, 78, 61, 67, 93, 85, 133, 42, 40, 143, 25, 7, 6, 2, 1, 129, 132, 130, 131, 54, 76, 52, 47, 46, 51, 74, 70, 86, 80, 79, 69, 68, 127, 94, 89, 128, 66, 73, 72, 91, 39, 97, 62, 84, 44, 57, 126, 50, 49, 56, 38, 63, 64, 60, 83, 125, 103, 104, 87, 88, 100, 82, 98, 96, 31, 30, 24, 11, 23, 5, 22, 4, 21, 37, 20, 35, 34, 124, 123, 141, 142, 90, 81, 92, 55, 45, 53, 75, 65, 77, 59, 119, 95, 117, 107, 27, 41, 33, 43, 19, 29, 15, 0, 8, 3]",True,557202343,0.557202343,"[87, 88, 100, 82, 98, 96, 31, 30, 11, 24, 23, 5, 22, 4, 21, 37, 20, 35, 34, 124, 123, 141, 142, 53, 45, 55, 75, 59, 77, 119, 95, 117, 107, 90, 65, 92, 81, 43, 33, 41, 8, 0, 15, 27, 3, 29, 19]","[19, 29, 3, 27, 15, 0, 8, 41, 33, 43, 81, 92, 65, 90, 107, 117, 95, 119, 77, 59, 75, 55, 45, 53, 142, 141, 123, 124, 34, 35, 20, 37, 21, 4, 22, 5, 23, 24, 11, 30, 31, 96, 98, 82, 100, 88, 87]",False,complete,52,52,1128,5,102,0,102,102,,False,,,,,,,2,31,22,31,24,24,22,24
3,20504,53,104,45,"[1, 2, 6, 7, 9, 10, 12, 13, 14, 16, 17, 18, 25, 26, 28, 32, 36, 38, 39, 40, 42, 44, 46, 47, 48, 49, 50, 51, 52, 54, 56, 57, 58, 60, 61, 62, 63, 64, 66, 67, 68, 69, 70, 71, 72, 73, 74, 76, 78, 79, 80, 83, 84, 85, 86, 87, 88, 89, 91, 93, 94, 97, 99, 101, 102, 103, 104, 105, 106, 108, 109, 110, 111, 112, 114, 115, 116, 118, 120, 121, 122, 125, 126, 127, 128, 129, 130, 131, 132, 133, 134, 135, 136, 137, 138, 139, 140, 143, 144, 145, 146, 147, 148, 149]","[0, 3, 4, 5, 8, 11, 15, 19, 20, 21, 22, 23, 24, 27, 29, 30, 31, 33, 34, 35, 37, 41, 43, 45, 53, 55, 59, 65, 75, 77, 81, 82, 90, 92, 95, 96, 98, 100, 107, 117, 119, 123, 124, 141, 142]","{""support_1"": 98, ""support_2"": 100}","[98, 100]",2,"[17, 122, 18, 32, 137, 138, 140, 139, 13, 14, 116, 118, 136, 112, 16, 111, 110, 9, 109, 144, 10, 108, 148, 115, 36, 135, 26, 28, 105, 99, 149, 102, 106, 121, 120, 114, 101, 145, 146, 147, 12, 58, 71, 134, 48, 78, 61, 67, 93, 85, 133, 42, 40, 143, 25, 7, 6, 2, 1, 129, 132, 130, 131, 54, 76, 52, 47, 46, 51, 74, 70, 86, 80, 79, 69, 68, 127, 94, 89, 128, 66, 73, 72, 91, 39, 97, 62, 84, 44, 57, 126, 50, 49, 56, 38, 63, 64, 60, 83, 125, 103, 104, 87, 88, 100, 82, 98, 96, 31, 30, 24, 11, 23, 5, 22, 4, 21, 37, 20, 35, 34, 124, 123, 141, 142, 90, 81, 92, 55, 45, 53, 75, 65, 77, 59, 119, 95, 117, 107, 27, 41, 33, 43, 19, 29, 15, 0, 8, 3]",True,458710644,0.458710644,"[100, 82, 98, 96, 31, 30, 24, 11, 23, 5, 22, 4, 21, 37, 20, 35, 34, 124, 123, 142, 141, 90, 81, 92, 119, 95, 117, 107, 53, 45, 55, 75, 59, 77, 65, 15, 0, 8, 41, 33, 43, 27, 3, 29, 19]","[19, 29, 3, 27, 43, 33, 41, 8, 0, 15, 65, 77, 59, 75, 55, 45, 53, 107, 117, 95, 119, 92, 81, 90, 141, 142, 123, 124, 34, 35, 20, 37, 21, 4, 22, 5, 23, 11, 24, 30, 31, 96, 98, 82, 100]",False,complete,45,45,1035,0,85,0,85,85,,False,,,,,,,2,27,21,27,22,22,21,23
3,20505,54,106,43,"[1, 2, 6, 7, 9, 10, 12, 13, 14, 16, 17, 18, 25, 26, 28, 32, 36, 38, 39, 40, 42, 44, 46, 47, 48, 49, 50, 51, 52, 54, 56, 57, 58, 60, 61, 62, 63, 64, 66, 67, 68, 69, 70, 71, 72, 73, 74, 76, 78, 79, 80, 82, 83, 84, 85, 86, 87, 88, 89, 91, 93, 94, 97, 99, 100, 101, 102, 103, 104, 105, 106, 108, 109, 110, 111, 112, 114, 115, 116, 118, 120, 121, 122, 125, 126, 127, 128, 129, 130, 131, 132, 133, 134, 135, 136, 137, 138, 139, 140, 143, 144, 145, 146, 147, 148, 149]","[0, 3, 4, 5, 8, 11, 15, 19, 20, 21, 22, 23, 24, 27, 29, 30, 31, 33, 34, 35, 37, 41, 43, 45, 53, 55, 59, 65, 75, 77, 81, 90, 92, 95, 96, 98, 107, 117, 119, 123, 124, 141, 142]","{""support_1"": 98}",[98],1,"[17, 122, 18, 32, 137, 138, 140, 139, 13, 14, 116, 118, 136, 112, 16, 111, 110, 9, 109, 144, 10, 108, 148, 115, 36, 135, 26, 28, 105, 99, 149, 102, 106, 121, 120, 114, 101, 145, 146, 147, 12, 58, 71, 134, 48, 78, 61, 67, 93, 85, 133, 42, 40, 143, 25, 7, 6, 2, 1, 129, 132, 130, 131, 54, 76, 52, 47, 46, 51, 74, 70, 86, 80, 79, 69, 68, 127, 94, 89, 128, 66, 73, 72, 91, 39, 97, 62, 84, 44, 57, 126, 50, 49, 56, 38, 63, 64, 60, 83, 125, 103, 104, 87, 88, 100, 82, 98, 96, 31, 30, 24, 11, 23, 5, 22, 4, 21, 37, 20, 35, 34, 124, 123, 141, 142, 90, 81, 92, 55, 45, 53, 75, 65, 77, 59, 119, 95, 117, 107, 27, 41, 33, 43, 19, 29, 15, 0, 8, 3]",True,401533566,0.401533566,"[98, 96, 31, 30, 24, 11, 23, 5, 22, 4, 21, 37, 20, 35, 34, 124, 123, 142, 141, 75, 59, 77, 53, 45, 55, 119, 107, 117, 95, 92, 65, 90, 81, 8, 0, 15, 29, 3, 27, 41, 33, 43, 19]","[19, 43, 33, 41, 27, 3, 29, 15, 0, 8, 81, 90, 65, 92, 95, 117, 107, 119, 55, 45, 53, 77, 59, 75, 141, 142, 123, 124, 34, 35, 20, 37, 21, 4, 22, 5, 23, 11, 24, 30, 31, 96, 98]",False,complete,43,43,946,0,82,0,82,82,,False,,,,,,,2,24,20,24,20,20,20,21
3,20506,55,108,41,"[1, 2, 6, 7, 9, 10, 12, 13, 14, 16, 17, 18, 25, 26, 28, 32, 36, 38, 39, 40, 42, 44, 46, 47, 48, 49, 50, 51, 52, 54, 56, 57, 58, 60, 61, 62, 63, 64, 66, 67, 68, 69, 70, 71, 72, 73, 74, 76, 78, 79, 80, 82, 83, 84, 85, 86, 87, 88, 89, 91, 93, 94, 96, 97, 98, 99, 100, 101, 102, 103, 104, 105, 106, 108, 109, 110, 111, 112, 114, 115, 116, 118, 120, 121, 122, 125, 126, 127, 128, 129, 130, 131, 132, 133, 134, 135, 136, 137, 138, 139, 140, 143, 144, 145, 146, 147, 148, 149]","[0, 3, 4, 5, 8, 11, 15, 19, 20, 21, 22, 23, 24, 27, 29, 30, 31, 33, 34, 35, 37, 41, 43, 45, 53, 55, 59, 65, 75, 77, 81, 90, 92, 95, 107, 117, 119, 123, 124, 141, 142]","{""support_1"": 31}",[31],1,"[17, 122, 18, 32, 137, 138, 140, 139, 13, 14, 116, 118, 136, 112, 16, 111, 110, 9, 109, 144, 10, 108, 148, 115, 36, 135, 26, 28, 105, 99, 149, 102, 106, 121, 120, 114, 101, 145, 146, 147, 12, 58, 71, 134, 48, 78, 61, 67, 93, 85, 133, 42, 40, 143, 25, 7, 6, 2, 1, 129, 132, 130, 131, 54, 76, 52, 47, 46, 51, 74, 70, 86, 80, 79, 69, 68, 127, 94, 89, 128, 66, 73, 72, 91, 39, 97, 62, 84, 44, 57, 126, 50, 49, 56, 38, 63, 64, 60, 83, 125, 103, 104, 87, 88, 100, 82, 98, 96, 31, 30, 24, 11, 23, 5, 22, 4, 21, 37, 20, 35, 34, 124, 123, 141, 142, 90, 81, 92, 55, 45, 53, 75, 65, 77, 59, 119, 95, 117, 107, 27, 41, 33, 43, 19, 29, 15, 0, 8, 3]",True,376113914,0.376113914,"[31, 30, 24, 11, 23, 5, 22, 4, 21, 37, 20, 35, 34, 124, 123, 142, 141, 53, 45, 55, 77, 59, 75, 119, 107, 117, 95, 92, 81, 90, 65, 43, 33, 41, 15, 0, 8, 27, 19, 29, 3]","[3, 29, 19, 27, 8, 0, 15, 41, 33, 43, 65, 90, 81, 92, 95, 117, 107, 119, 75, 59, 77, 55, 45, 53, 141, 142, 123, 124, 34, 35, 20, 37, 21, 4, 22, 5, 23, 11, 24, 30, 31]",False,complete,41,41,861,0,74,0,74,74,,False,,,,,,,2,21,18,21,18,18,18,19
3,20507,56,110,39,"[1, 2, 6, 7, 9, 10, 12, 13, 14, 16, 17, 18, 25, 26, 28, 30, 31, 32, 36, 38, 39, 40, 42, 44, 46, 47, 48, 49, 50, 51, 52, 54, 56, 57, 58, 60, 61, 62, 63, 64, 66, 67, 68, 69, 70, 71, 72, 73, 74, 76, 78, 79, 80, 82, 83, 84, 85, 86, 87, 88, 89, 91, 93, 94, 96, 97, 98, 99, 100, 101, 102, 103, 104, 105, 106, 108, 109, 110, 111, 112, 114, 115, 116, 118, 120, 121, 122, 125, 126, 127, 128, 129, 130, 131, 132, 133, 134, 135, 136, 137, 138, 139, 140, 143, 144, 145, 146, 147, 148, 149]","[0, 3, 4, 5, 8, 11, 15, 19, 20, 21, 22, 23, 24, 27, 29, 33, 34, 35, 37, 41, 43, 45, 53, 55, 59, 65, 75, 77, 81, 90, 92, 95, 107, 117, 119, 123, 124, 141, 142]","{""support_1"": 11, ""support_2"": 24}","[11, 24]",2,"[17, 122, 18, 32, 137, 138, 140, 139, 13, 14, 116, 118, 136, 112, 16, 111, 110, 9, 109, 144, 10, 108, 148, 115, 36, 135, 26, 28, 105, 99, 149, 102, 106, 121, 120, 114, 101, 145, 146, 147, 12, 58, 71, 134, 48, 78, 61, 67, 93, 85, 133, 42, 40, 143, 25, 7, 6, 2, 1, 129, 132, 130, 131, 54, 76, 52, 47, 46, 51, 74, 70, 86, 80, 79, 69, 68, 127, 94, 89, 128, 66, 73, 72, 91, 39, 97, 62, 84, 44, 57, 126, 50, 49, 56, 38, 63, 64, 60, 83, 125, 103, 104, 87, 88, 100, 82, 98, 96, 31, 30, 24, 11, 23, 5, 22, 4, 21, 37, 20, 35, 34, 124, 123, 141, 142, 90, 81, 92, 55, 45, 53, 75, 65, 77, 59, 119, 95, 117, 107, 27, 41, 33, 43, 19, 29, 15, 0, 8, 3]",True,299448303,0.299448303,"[24, 11, 23, 5, 22, 4, 21, 37, 20, 35, 34, 124, 123, 142, 141, 119, 95, 117, 107, 90, 81, 92, 75, 65, 77, 59, 53, 45, 55, 8, 0, 15, 29, 3, 27, 43, 19, 41, 33]","[33, 41, 19, 43, 27, 3, 29, 15, 0, 8, 55, 45, 53, 59, 77, 65, 75, 92, 81, 90, 107, 117, 95, 119, 141, 142, 123, 124, 34, 35, 20, 37, 21, 4, 22, 5, 23, 11, 24]",False,complete,39,39,780,0,68,0,68,68,,False,,,,,,,2,18,15,18,16,16,15,17
3,20508,57,112,37,"[1, 2, 6, 7, 9, 10, 11, 12, 13, 14, 16, 17, 18, 24, 25, 26, 28, 30, 31, 32, 36, 38, 39, 40, 42, 44, 46, 47, 48, 49, 50, 51, 52, 54, 56, 57, 58, 60, 61, 62, 63, 64, 66, 67, 68, 69, 70, 71, 72, 73, 74, 76, 78, 79, 80, 82, 83, 84, 85, 86, 87, 88, 89, 91, 93, 94, 96, 97, 98, 99, 100, 101, 102, 103, 104, 105, 106, 108, 109, 110, 111, 112, 114, 115, 116, 118, 120, 121, 122, 125, 126, 127, 128, 129, 130, 131, 132, 133, 134, 135, 136, 137, 138, 139, 140, 143, 144, 145, 146, 147, 148, 149]","[0, 3, 4, 5, 8, 15, 19, 20, 21, 22, 23, 27, 29, 33, 34, 35, 37, 41, 43, 45, 53, 55, 59, 65, 75, 77, 81, 90, 92, 95, 107, 117, 119, 123, 124, 141, 142]",{},[],0,"[17, 122, 18, 32, 137, 138, 140, 139, 13, 14, 116, 118, 136, 112, 16, 111, 110, 9, 109, 144, 10, 108, 148, 115, 36, 135, 26, 28, 105, 99, 149, 102, 106, 121, 120, 114, 101, 145, 146, 147, 12, 58, 71, 134, 48, 78, 61, 67, 93, 85, 133, 42, 40, 143, 25, 7, 6, 2, 1, 129, 132, 130, 131, 54, 76, 52, 47, 46, 51, 74, 70, 86, 80, 79, 69, 68, 127, 94, 89, 128, 66, 73, 72, 91, 39, 97, 62, 84, 44, 57, 126, 50, 49, 56, 38, 63, 64, 60, 83, 125, 103, 104, 87, 88, 100, 82, 98, 96, 31, 30, 24, 11, 23, 5, 22, 4, 21, 37, 20, 35, 34, 124, 123, 141, 142, 90, 81, 92, 55, 45, 53, 75, 65, 77, 59, 119, 95, 117, 107, 27, 41, 33, 43, 19, 29, 15, 0, 8, 3]",True,285303726,0.285303726,"[23, 5, 22, 4, 21, 37, 20, 35, 34, 124, 123, 142, 141, 90, 81, 92, 55, 45, 53, 117, 107, 119, 95, 77, 65, 75, 59, 43, 33, 41, 15, 0, 8, 29, 3, 27, 19]","[19, 27, 3, 29, 8, 0, 15, 41, 33, 43, 59, 75, 65, 77, 95, 119, 107, 117, 53, 45, 55, 92, 81, 90, 141, 142, 123, 124, 34, 35, 20, 37, 21, 4, 22, 5, 23]",False,complete,37,37,703,0,65,0,65,65,,False,,,,,,,2,17,15,17,15,15,15,15
3,20509,58,114,35,"[1, 2, 5, 6, 7, 9, 10, 11, 12, 13, 14, 16, 17, 18, 23, 24, 25, 26, 28, 30, 31, 32, 36, 38, 39, 40, 42, 44, 46, 47, 48, 49, 50, 51, 52, 54, 56, 57, 58, 60, 61, 62, 63, 64, 66, 67, 68, 69, 70, 71, 72, 73, 74, 76, 78, 79, 80, 82, 83, 84, 85, 86, 87, 88, 89, 91, 93, 94, 96, 97, 98, 99, 100, 101, 102, 103, 104, 105, 106, 108, 109, 110, 111, 112, 114, 115, 116, 118, 120, 121, 122, 125, 126, 127, 128, 129, 130, 131, 132, 133, 134, 135, 136, 137, 138, 139, 140, 143, 144, 145, 146, 147, 148, 149]","[0, 3, 4, 8, 15, 19, 20, 21, 22, 27, 29, 33, 34, 35, 37, 41, 43, 45, 53, 55, 59, 65, 75, 77, 81, 90, 92, 95, 107, 117, 119, 123, 124, 141, 142]","{""support_1"": 22}",[22],1,"[17, 122, 18, 32, 137, 138, 140, 139, 13, 14, 116, 118, 136, 112, 16, 111, 110, 9, 109, 144, 10, 108, 148, 115, 36, 135, 26, 28, 105, 99, 149, 102, 106, 121, 120, 114, 101, 145, 146, 147, 12, 58, 71, 134, 48, 78, 61, 67, 93, 85, 133, 42, 40, 143, 25, 7, 6, 2, 1, 129, 132, 130, 131, 54, 76, 52, 47, 46, 51, 74, 70, 86, 80, 79, 69, 68, 127, 94, 89, 128, 66, 73, 72, 91, 39, 97, 62, 84, 44, 57, 126, 50, 49, 56, 38, 63, 64, 60, 83, 125, 103, 104, 87, 88, 100, 82, 98, 96, 31, 30, 24, 11, 23, 5, 22, 4, 21, 37, 20, 35, 34, 124, 123, 141, 142, 90, 81, 92, 55, 45, 53, 75, 65, 77, 59, 119, 95, 117, 107, 27, 41, 33, 43, 19, 29, 15, 0, 8, 3]",True,225427356,0.225427356,"[22, 4, 21, 37, 20, 35, 34, 124, 123, 141, 142, 117, 95, 119, 107, 55, 45, 53, 75, 59, 77, 90, 81, 92, 65, 15, 0, 8, 41, 33, 43, 27, 3, 29, 19]","[19, 29, 3, 27, 43, 33, 41, 8, 0, 15, 65, 92, 81, 90, 77, 59, 75, 53, 45, 55, 107, 119, 95, 117, 142, 141, 123, 124, 34, 35, 20, 37, 21, 4, 22]",False,complete,35,35,630,0,58,0,58,58,,False,,,,,,,2,15,13,15,13,13,13,14
3,20510,59,116,33,"[1, 2, 4, 5, 6, 7, 9, 10, 11, 12, 13, 14, 16, 17, 18, 22, 23, 24, 25, 26, 28, 30, 31, 32, 36, 38, 39, 40, 42, 44, 46, 47, 48, 49, 50, 51, 52, 54, 56, 57, 58, 60, 61, 62, 63, 64, 66, 67, 68, 69, 70, 71, 72, 73, 74, 76, 78, 79, 80, 82, 83, 84, 85, 86, 87, 88, 89, 91, 93, 94, 96, 97, 98, 99, 100, 101, 102, 103, 104, 105, 106, 108, 109, 110, 111, 112, 114, 115, 116, 118, 120, 121, 122, 125, 126, 127, 128, 129, 130, 131, 132, 133, 134, 135, 136, 137, 138, 139, 140, 143, 144, 145, 146, 147, 148, 149]","[0, 3, 8, 15, 19, 20, 21, 27, 29, 33, 34, 35, 37, 41, 43, 45, 53, 55, 59, 65, 75, 77, 81, 90, 92, 95, 107, 117, 119, 123, 124, 141, 142]","{""support_2"": 21}",[21],1,"[17, 122, 18, 32, 137, 138, 140, 139, 13, 14, 116, 118, 136, 112, 16, 111, 110, 9, 109, 144, 10, 108, 148, 115, 36, 135, 26, 28, 105, 99, 149, 102, 106, 121, 120, 114, 101, 145, 146, 147, 12, 58, 71, 134, 48, 78, 61, 67, 93, 85, 133, 42, 40, 143, 25, 7, 6, 2, 1, 129, 132, 130, 131, 54, 76, 52, 47, 46, 51, 74, 70, 86, 80, 79, 69, 68, 127, 94, 89, 128, 66, 73, 72, 91, 39, 97, 62, 84, 44, 57, 126, 50, 49, 56, 38, 63, 64, 60, 83, 125, 103, 104, 87, 88, 100, 82, 98, 96, 31, 30, 24, 11, 23, 5, 22, 4, 21, 37, 20, 35, 34, 124, 123, 141, 142, 90, 81, 92, 55, 45, 53, 75, 65, 77, 59, 119, 95, 117, 107, 27, 41, 33, 43, 19, 29, 15, 0, 8, 3]",True,165468754,0.165468754,"[21, 37, 20, 35, 34, 124, 123, 141, 142, 77, 59, 75, 92, 81, 90, 65, 53, 45, 55, 119, 95, 117, 107, 15, 0, 8, 27, 3, 29, 41, 33, 43, 19]","[19, 43, 33, 41, 29, 3, 27, 8, 0, 15, 107, 117, 95, 119, 55, 45, 53, 65, 90, 81, 92, 75, 59, 77, 142, 141, 123, 124, 34, 35, 20, 37, 21]",False,complete,33,33,561,0,49,0,49,49,,False,,,,,,,2,12,11,12,11,11,11,12
3,20511,60,118,31,"[1, 2, 4, 5, 6, 7, 9, 10, 11, 12, 13, 14, 16, 17, 18, 21, 22, 23, 24, 25, 26, 28, 30, 31, 32, 36, 37, 38, 39, 40, 42, 44, 46, 47, 48, 49, 50, 51, 52, 54, 56, 57, 58, 60, 61, 62, 63, 64, 66, 67, 68, 69, 70, 71, 72, 73, 74, 76, 78, 79, 80, 82, 83, 84, 85, 86, 87, 88, 89, 91, 93, 94, 96, 97, 98, 99, 100, 101, 102, 103, 104, 105, 106, 108, 109, 110, 111, 112, 114, 115, 116, 118, 120, 121, 122, 125, 126, 127, 128, 129, 130, 131, 132, 133, 134, 135, 136, 137, 138, 139, 140, 143, 144, 145, 146, 147, 148, 149]","[0, 3, 8, 15, 19, 20, 27, 29, 33, 34, 35, 41, 43, 45, 53, 55, 59, 65, 75, 77, 81, 90, 92, 95, 107, 117, 119, 123, 124, 141, 142]","{""support_1"": 20, ""support_2"": 35}","[20, 35]",2,"[17, 122, 18, 32, 137, 138, 140, 139, 13, 14, 116, 118, 136, 112, 16, 111, 110, 9, 109, 144, 10, 108, 148, 115, 36, 135, 26, 28, 105, 99, 149, 102, 106, 121, 120, 114, 101, 145, 146, 147, 12, 58, 71, 134, 48, 78, 61, 67, 93, 85, 133, 42, 40, 143, 25, 7, 6, 2, 1, 129, 132, 130, 131, 54, 76, 52, 47, 46, 51, 74, 70, 86, 80, 79, 69, 68, 127, 94, 89, 128, 66, 73, 72, 91, 39, 97, 62, 84, 44, 57, 126, 50, 49, 56, 38, 63, 64, 60, 83, 125, 103, 104, 87, 88, 100, 82, 98, 96, 31, 30, 24, 11, 23, 5, 22, 4, 21, 37, 20, 35, 34, 124, 123, 141, 142, 90, 81, 92, 55, 45, 53, 75, 65, 77, 59, 119, 95, 117, 107, 27, 41, 33, 43, 19, 29, 15, 0, 8, 3]",True,122167361,0.122167361,"[20, 35, 34, 124, 123, 142, 141, 92, 81, 90, 53, 45, 55, 77, 59, 75, 65, 119, 95, 117, 107, 15, 0, 8, 29, 3, 27, 41, 33, 43, 19]","[19, 43, 33, 41, 27, 3, 29, 8, 0, 15, 107, 117, 95, 119, 65, 75, 59, 77, 55, 45, 53, 90, 81, 92, 141, 142, 123, 124, 34, 35, 20]",False,complete,31,31,496,0,41,0,41,41,,False,,,,,,,1,9,8,9,9,9,8,10
3,20512,61,120,29,"[1, 2, 4, 5, 6, 7, 9, 10, 11, 12, 13, 14, 16, 17, 18, 20, 21, 22, 23, 24, 25, 26, 28, 30, 31, 32, 35, 36, 37, 38, 39, 40, 42, 44, 46, 47, 48, 49, 50, 51, 52, 54, 56, 57, 58, 60, 61, 62, 63, 64, 66, 67, 68, 69, 70, 71, 72, 73, 74, 76, 78, 79, 80, 82, 83, 84, 85, 86, 87, 88, 89, 91, 93, 94, 96, 97, 98, 99, 100, 101, 102, 103, 104, 105, 106, 108, 109, 110, 111, 112, 114, 115, 116, 118, 120, 121, 122, 125, 126, 127, 128, 129, 130, 131, 132, 133, 134, 135, 136, 137, 138, 139, 140, 143, 144, 145, 146, 147, 148, 149]","[0, 3, 8, 15, 19, 27, 29, 33, 34, 41, 43, 45, 53, 55, 59, 65, 75, 77, 81, 90, 92, 95, 107, 117, 119, 123, 124, 141, 142]","{""support_1"": 34}",[34],1,"[17, 122, 18, 32, 137, 138, 140, 139, 13, 14, 116, 118, 136, 112, 16, 111, 110, 9, 109, 144, 10, 108, 148, 115, 36, 135, 26, 28, 105, 99, 149, 102, 106, 121, 120, 114, 101, 145, 146, 147, 12, 58, 71, 134, 48, 78, 61, 67, 93, 85, 133, 42, 40, 143, 25, 7, 6, 2, 1, 129, 132, 130, 131, 54, 76, 52, 47, 46, 51, 74, 70, 86, 80, 79, 69, 68, 127, 94, 89, 128, 66, 73, 72, 91, 39, 97, 62, 84, 44, 57, 126, 50, 49, 56, 38, 63, 64, 60, 83, 125, 103, 104, 87, 88, 100, 82, 98, 96, 31, 30, 24, 11, 23, 5, 22, 4, 21, 37, 20, 35, 34, 124, 123, 141, 142, 90, 81, 92, 55, 45, 53, 75, 65, 77, 59, 119, 95, 117, 107, 27, 41, 33, 43, 19, 29, 15, 0, 8, 3]",True,106818218,0.106818218,"[34, 124, 123, 141, 142, 92, 81, 90, 75, 59, 77, 65, 55, 45, 53, 117, 107, 119, 95, 15, 0, 8, 27, 3, 29, 41, 33, 43, 19]","[19, 43, 33, 41, 29, 3, 27, 8, 0, 15, 95, 119, 107, 117, 53, 45, 55, 65, 77, 59, 75, 90, 81, 92, 142, 141, 123, 124, 34]",False,complete,29,29,435,0,38,0,38,38,,False,,,,,,,1,7,7,7,7,7,7,8
3,20513,62,122,27,"[1, 2, 4, 5, 6, 7, 9, 10, 11, 12, 13, 14, 16, 17, 18, 20, 21, 22, 23, 24, 25, 26, 28, 30, 31, 32, 34, 35, 36, 37, 38, 39, 40, 42, 44, 46, 47, 48, 49, 50, 51, 52, 54, 56, 57, 58, 60, 61, 62, 63, 64, 66, 67, 68, 69, 70, 71, 72, 73, 74, 76, 78, 79, 80, 82, 83, 84, 85, 86, 87, 88, 89, 91, 93, 94, 96, 97, 98, 99, 100, 101, 102, 103, 104, 105, 106, 108, 109, 110, 111, 112, 114, 115, 116, 118, 120, 121, 122, 124, 125, 126, 127, 128, 129, 130, 131, 132, 133, 134, 135, 136, 137, 138, 139, 140, 143, 144, 145, 146, 147, 148, 149]","[0, 3, 8, 15, 19, 27, 29, 33, 41, 43, 45, 53, 55, 59, 65, 75, 77, 81, 90, 92, 95, 107, 117, 119, 123, 141, 142]",{},[],0,"[17, 122, 18, 32, 137, 138, 140, 139, 13, 14, 116, 118, 136, 112, 16, 111, 110, 9, 109, 144, 10, 108, 148, 115, 36, 135, 26, 28, 105, 99, 149, 102, 106, 121, 120, 114, 101, 145, 146, 147, 12, 58, 71, 134, 48, 78, 61, 67, 93, 85, 133, 42, 40, 143, 25, 7, 6, 2, 1, 129, 132, 130, 131, 54, 76, 52, 47, 46, 51, 74, 70, 86, 80, 79, 69, 68, 127, 94, 89, 128, 66, 73, 72, 91, 39, 97, 62, 84, 44, 57, 126, 50, 49, 56, 38, 63, 64, 60, 83, 125, 103, 104, 87, 88, 100, 82, 98, 96, 31, 30, 24, 11, 23, 5, 22, 4, 21, 37, 20, 35, 34, 124, 123, 141, 142, 90, 81, 92, 55, 45, 53, 75, 65, 77, 59, 119, 95, 117, 107, 27, 41, 33, 43, 19, 29, 15, 0, 8, 3]",True,88178139,0.088178139,"[123, 142, 141, 92, 81, 90, 53, 45, 55, 77, 65, 75, 59, 119, 107, 117, 95, 27, 29, 41, 19, 43, 33, 8, 0, 15, 3]","[3, 15, 0, 8, 33, 43, 19, 41, 29, 27, 95, 117, 107, 119, 59, 75, 65, 77, 55, 45, 53, 90, 81, 92, 141, 142, 123]",False,complete,27,27,378,0,34,0,34,34,,False,,,,,,,1,6,6,6,6,6,6,6
3,20514,63,124,25,"[1, 2, 4, 5, 6, 7, 9, 10, 11, 12, 13, 14, 16, 17, 18, 20, 21, 22, 23, 24, 25, 26, 28, 30, 31, 32, 34, 35, 36, 37, 38, 39, 40, 42, 44, 46, 47, 48, 49, 50, 51, 52, 54, 56, 57, 58, 60, 61, 62, 63, 64, 66, 67, 68, 69, 70, 71, 72, 73, 74, 76, 78, 79, 80, 82, 83, 84, 85, 86, 87, 88, 89, 91, 93, 94, 96, 97, 98, 99, 100, 101, 102, 103, 104, 105, 106, 108, 109, 110, 111, 112, 114, 115, 116, 118, 120, 121, 122, 123, 124, 125, 126, 127, 128, 129, 130, 131, 132, 133, 134, 135, 136, 137, 138, 139, 140, 141, 143, 144, 145, 146, 147, 148, 149]","[0, 3, 8, 15, 19, 27, 29, 33, 41, 43, 45, 53, 55, 59, 65, 75, 77, 81, 90, 92, 95, 107, 117, 119, 142]",{},[],0,"[17, 122, 18, 32, 137, 138, 140, 139, 13, 14, 116, 118, 136, 112, 16, 111, 110, 9, 109, 144, 10, 108, 148, 115, 36, 135, 26, 28, 105, 99, 149, 102, 106, 121, 120, 114, 101, 145, 146, 147, 12, 58, 71, 134, 48, 78, 61, 67, 93, 85, 133, 42, 40, 143, 25, 7, 6, 2, 1, 129, 132, 130, 131, 54, 76, 52, 47, 46, 51, 74, 70, 86, 80, 79, 69, 68, 127, 94, 89, 128, 66, 73, 72, 91, 39, 97, 62, 84, 44, 57, 126, 50, 49, 56, 38, 63, 64, 60, 83, 125, 103, 104, 87, 88, 100, 82, 98, 96, 31, 30, 24, 11, 23, 5, 22, 4, 21, 37, 20, 35, 34, 124, 123, 141, 142, 90, 81, 92, 55, 45, 53, 75, 65, 77, 59, 119, 95, 117, 107, 27, 41, 33, 43, 19, 29, 15, 0, 8, 3]",True,82491297,0.082491297,"[142, 117, 107, 119, 95, 53, 45, 55, 90, 81, 92, 75, 65, 77, 59, 41, 33, 43, 27, 19, 29, 15, 3, 8, 0]","[0, 8, 3, 15, 29, 19, 27, 43, 33, 41, 59, 77, 65, 75, 92, 81, 90, 55, 45, 53, 95, 119, 107, 117, 142]",False,complete,25,25,325,0,33,0,33,33,,False,,,,,,,1,7,7,7,7,7,7,7
3,20515,64,126,23,"[1, 2, 4, 5, 6, 7, 9, 10, 11, 12, 13, 14, 16, 17, 18, 20, 21, 22, 23, 24, 25, 26, 28, 30, 31, 32, 34, 35, 36, 37, 38, 39, 40, 42, 44, 46, 47, 48, 49, 50, 51, 52, 54, 56, 57, 58, 60, 61, 62, 63, 64, 66, 67, 68, 69, 70, 71, 72, 73, 74, 76, 78, 79, 80, 82, 83, 84, 85, 86, 87, 88, 89, 90, 91, 93, 94, 96, 97, 98, 99, 100, 101, 102, 103, 104, 105, 106, 108, 109, 110, 111, 112, 114, 115, 116, 118, 120, 121, 122, 123, 124, 125, 126, 127, 128, 129, 130, 131, 132, 133, 134, 135, 136, 137, 138, 139, 140, 141, 142, 143, 144, 145, 146, 147, 148, 149]","[0, 3, 8, 15, 19, 27, 29, 33, 41, 43, 45, 53, 55, 59, 65, 75, 77, 81, 92, 95, 107, 117, 119]",{},[],0,"[17, 122, 18, 32, 137, 138, 140, 139, 13, 14, 116, 118, 136, 112, 16, 111, 110, 9, 109, 144, 10, 108, 148, 115, 36, 135, 26, 28, 105, 99, 149, 102, 106, 121, 120, 114, 101, 145, 146, 147, 12, 58, 71, 134, 48, 78, 61, 67, 93, 85, 133, 42, 40, 143, 25, 7, 6, 2, 1, 129, 132, 130, 131, 54, 76, 52, 47, 46, 51, 74, 70, 86, 80, 79, 69, 68, 127, 94, 89, 128, 66, 73, 72, 91, 39, 97, 62, 84, 44, 57, 126, 50, 49, 56, 38, 63, 64, 60, 83, 125, 103, 104, 87, 88, 100, 82, 98, 96, 31, 30, 24, 11, 23, 5, 22, 4, 21, 37, 20, 35, 34, 124, 123, 141, 142, 90, 81, 92, 55, 45, 53, 75, 65, 77, 59, 119, 95, 117, 107, 27, 41, 33, 43, 19, 29, 15, 0, 8, 3]",True,86528909,0.086528909,"[81, 92, 75, 65, 77, 59, 117, 107, 119, 95, 55, 45, 53, 29, 27, 8, 0, 15, 3, 41, 19, 43, 33]","[33, 43, 19, 41, 3, 15, 0, 8, 27, 29, 53, 45, 55, 95, 119, 107, 117, 59, 77, 65, 75, 92, 81]",False,complete,23,23,276,0,30,0,30,30,,False,,,,,,,1,6,6,6,6,6,6,6
3,20516,65,128,21,"[1, 2, 4, 5, 6, 7, 9, 10, 11, 12, 13, 14, 16, 17, 18, 20, 21, 22, 23, 24, 25, 26, 28, 30, 31, 32, 34, 35, 36, 37, 38, 39, 40, 42, 44, 46, 47, 48, 49, 50, 51, 52, 54, 56, 57, 58, 60, 61, 62, 63, 64, 66, 67, 68, 69, 70, 71, 72, 73, 74, 76, 78, 79, 80, 81, 82, 83, 84, 85, 86, 87, 88, 89, 90, 91, 92, 93, 94, 96, 97, 98, 99, 100, 101, 102, 103, 104, 105, 106, 108, 109, 110, 111, 112, 114, 115, 116, 118, 120, 121, 122, 123, 124, 125, 126, 127, 128, 129, 130, 131, 132, 133, 134, 135, 136, 137, 138, 139, 140, 141, 142, 143, 144, 145, 146, 147, 148, 149]","[0, 3, 8, 15, 19, 27, 29, 33, 41, 43, 45, 53, 55, 59, 65, 75, 77, 95, 107, 117, 119]",{},[],0,"[17, 122, 18, 32, 137, 138, 140, 139, 13, 14, 116, 118, 136, 112, 16, 111, 110, 9, 109, 144, 10, 108, 148, 115, 36, 135, 26, 28, 105, 99, 149, 102, 106, 121, 120, 114, 101, 145, 146, 147, 12, 58, 71, 134, 48, 78, 61, 67, 93, 85, 133, 42, 40, 143, 25, 7, 6, 2, 1, 129, 132, 130, 131, 54, 76, 52, 47, 46, 51, 74, 70, 86, 80, 79, 69, 68, 127, 94, 89, 128, 66, 73, 72, 91, 39, 97, 62, 84, 44, 57, 126, 50, 49, 56, 38, 63, 64, 60, 83, 125, 103, 104, 87, 88, 100, 82, 98, 96, 31, 30, 24, 11, 23, 5, 22, 4, 21, 37, 20, 35, 34, 124, 123, 141, 142, 90, 81, 92, 55, 45, 53, 75, 65, 77, 59, 119, 95, 117, 107, 27, 41, 33, 43, 19, 29, 15, 0, 8, 3]",True,62877543,0.062877543,"[77, 59, 75, 65, 53, 45, 55, 119, 95, 117, 107, 43, 33, 41, 15, 0, 8, 27, 3, 29, 19]","[19, 29, 3, 27, 8, 0, 15, 41, 33, 43, 107, 117, 95, 119, 55, 45, 53, 65, 75, 59, 77]",False,complete,21,21,231,0,28,0,28,28,,False,,,,,,,1,6,6,6,6,6,6,6
3,20517,66,130,19,"[1, 2, 4, 5, 6, 7, 9, 10, 11, 12, 13, 14, 16, 17, 18, 20, 21, 22, 23, 24, 25, 26, 28, 30, 31, 32, 34, 35, 36, 37, 38, 39, 40, 42, 44, 45, 46, 47, 48, 49, 50, 51, 52, 54, 55, 56, 57, 58, 60, 61, 62, 63, 64, 66, 67, 68, 69, 70, 71, 72, 73, 74, 76, 78, 79, 80, 81, 82, 83, 84, 85, 86, 87, 88, 89, 90, 91, 92, 93, 94, 96, 97, 98, 99, 100, 101, 102, 103, 104, 105, 106, 108, 109, 110, 111, 112, 114, 115, 116, 118, 120, 121, 122, 123, 124, 125, 126, 127, 128, 129, 130, 131, 132, 133, 134, 135, 136, 137, 138, 139, 140, 141, 142, 143, 144, 145, 146, 147, 148, 149]","[0, 3, 8, 15, 19, 27, 29, 33, 41, 43, 53, 59, 65, 75, 77, 95, 107, 117, 119]","{""support_1"": 53}",[53],1,"[17, 122, 18, 32, 137, 138, 140, 139, 13, 14, 116, 118, 136, 112, 16, 111, 110, 9, 109, 144, 10, 108, 148, 115, 36, 135, 26, 28, 105, 99, 149, 102, 106, 121, 120, 114, 101, 145, 146, 147, 12, 58, 71, 134, 48, 78, 61, 67, 93, 85, 133, 42, 40, 143, 25, 7, 6, 2, 1, 129, 132, 130, 131, 54, 76, 52, 47, 46, 51, 74, 70, 86, 80, 79, 69, 68, 127, 94, 89, 128, 66, 73, 72, 91, 39, 97, 62, 84, 44, 57, 126, 50, 49, 56, 38, 63, 64, 60, 83, 125, 103, 104, 87, 88, 100, 82, 98, 96, 31, 30, 24, 11, 23, 5, 22, 4, 21, 37, 20, 35, 34, 124, 123, 141, 142, 90, 81, 92, 55, 45, 53, 75, 65, 77, 59, 119, 95, 117, 107, 27, 41, 33, 43, 19, 29, 15, 0, 8, 3]",True,54568748,0.054568748,"[53, 119, 107, 117, 95, 75, 59, 77, 65, 43, 33, 41, 27, 19, 29, 15, 0, 8, 3]","[3, 8, 0, 15, 29, 19, 27, 41, 33, 43, 65, 77, 59, 75, 95, 117, 107, 119, 53]",False,complete,19,19,190,0,26,0,26,26,,False,,,,,,,1,5,5,5,5,5,5,6
3,20518,67,132,17,"[1, 2, 4, 5, 6, 7, 9, 10, 11, 12, 13, 14, 16, 17, 18, 20, 21, 22, 23, 24, 25, 26, 28, 30, 31, 32, 34, 35, 36, 37, 38, 39, 40, 42, 44, 45, 46, 47, 48, 49, 50, 51, 52, 53, 54, 55, 56, 57, 58, 60, 61, 62, 63, 64, 66, 67, 68, 69, 70, 71, 72, 73, 74, 75, 76, 78, 79, 80, 81, 82, 83, 84, 85, 86, 87, 88, 89, 90, 91, 92, 93, 94, 96, 97, 98, 99, 100, 101, 102, 103, 104, 105, 106, 108, 109, 110, 111, 112, 114, 115, 116, 118, 120, 121, 122, 123, 124, 125, 126, 127, 128, 129, 130, 131, 132, 133, 134, 135, 136, 137, 138, 139, 140, 141, 142, 143, 144, 145, 146, 147, 148, 149]","[0, 3, 8, 15, 19, 27, 29, 33, 41, 43, 59, 65, 77, 95, 107, 117, 119]",{},[],0,"[17, 122, 18, 32, 137, 138, 140, 139, 13, 14, 116, 118, 136, 112, 16, 111, 110, 9, 109, 144, 10, 108, 148, 115, 36, 135, 26, 28, 105, 99, 149, 102, 106, 121, 120, 114, 101, 145, 146, 147, 12, 58, 71, 134, 48, 78, 61, 67, 93, 85, 133, 42, 40, 143, 25, 7, 6, 2, 1, 129, 132, 130, 131, 54, 76, 52, 47, 46, 51, 74, 70, 86, 80, 79, 69, 68, 127, 94, 89, 128, 66, 73, 72, 91, 39, 97, 62, 84, 44, 57, 126, 50, 49, 56, 38, 63, 64, 60, 83, 125, 103, 104, 87, 88, 100, 82, 98, 96, 31, 30, 24, 11, 23, 5, 22, 4, 21, 37, 20, 35, 34, 124, 123, 141, 142, 90, 81, 92, 55, 45, 53, 75, 65, 77, 59, 119, 95, 117, 107, 27, 41, 33, 43, 19, 29, 15, 0, 8, 3]",True,44987003,0.044987003,"[65, 77, 59, 117, 107, 119, 95, 43, 33, 41, 15, 0, 8, 29, 19, 27, 3]","[3, 27, 19, 29, 8, 0, 15, 41, 33, 43, 95, 119, 107, 117, 59, 77, 65]",False,complete,17,17,153,0,23,0,23,23,,False,,,,,,,1,5,5,5,5,5,5,5
3,20519,68,134,15,"[1, 2, 4, 5, 6, 7, 9, 10, 11, 12, 13, 14, 16, 17, 18, 20, 21, 22, 23, 24, 25, 26, 28, 30, 31, 32, 34, 35, 36, 37, 38, 39, 40, 42, 44, 45, 46, 47, 48, 49, 50, 51, 52, 53, 54, 55, 56, 57, 58, 60, 61, 62, 63, 64, 65, 66, 67, 68, 69, 70, 71, 72, 73, 74, 75, 76, 77, 78, 79, 80, 81, 82, 83, 84, 85, 86, 87, 88, 89, 90, 91, 92, 93, 94, 96, 97, 98, 99, 100, 101, 102, 103, 104, 105, 106, 108, 109, 110, 111, 112, 114, 115, 116, 118, 120, 121, 122, 123, 124, 125, 126, 127, 128, 129, 130, 131, 132, 133, 134, 135, 136, 137, 138, 139, 140, 141, 142, 143, 144, 145, 146, 147, 148, 149]","[0, 3, 8, 15, 19, 27, 29, 33, 41, 43, 59, 95, 107, 117, 119]",{},[],0,"[17, 122, 18, 32, 137, 138, 140, 139, 13, 14, 116, 118, 136, 112, 16, 111, 110, 9, 109, 144, 10, 108, 148, 115, 36, 135, 26, 28, 105, 99, 149, 102, 106, 121, 120, 114, 101, 145, 146, 147, 12, 58, 71, 134, 48, 78, 61, 67, 93, 85, 133, 42, 40, 143, 25, 7, 6, 2, 1, 129, 132, 130, 131, 54, 76, 52, 47, 46, 51, 74, 70, 86, 80, 79, 69, 68, 127, 94, 89, 128, 66, 73, 72, 91, 39, 97, 62, 84, 44, 57, 126, 50, 49, 56, 38, 63, 64, 60, 83, 125, 103, 104, 87, 88, 100, 82, 98, 96, 31, 30, 24, 11, 23, 5, 22, 4, 21, 37, 20, 35, 34, 124, 123, 141, 142, 90, 81, 92, 55, 45, 53, 75, 65, 77, 59, 119, 95, 117, 107, 27, 41, 33, 43, 19, 29, 15, 0, 8, 3]",True,35665095,0.035665095,"[59, 119, 95, 117, 107, 15, 0, 8, 43, 33, 41, 29, 19, 27, 3]","[3, 27, 19, 29, 41, 33, 43, 8, 0, 15, 107, 117, 95, 119, 59]",False,complete,15,15,120,0,20,0,20,20,,False,,,,,,,1,4,4,4,4,4,4,4
3,20520,69,136,13,"[1, 2, 4, 5, 6, 7, 9, 10, 11, 12, 13, 14, 16, 17, 18, 20, 21, 22, 23, 24, 25, 26, 28, 30, 31, 32, 34, 35, 36, 37, 38, 39, 40, 42, 44, 45, 46, 47, 48, 49, 50, 51, 52, 53, 54, 55, 56, 57, 58, 59, 60, 61, 62, 63, 64, 65, 66, 67, 68, 69, 70, 71, 72, 73, 74, 75, 76, 77, 78, 79, 80, 81, 82, 83, 84, 85, 86, 87, 88, 89, 90, 91, 92, 93, 94, 96, 97, 98, 99, 100, 101, 102, 103, 104, 105, 106, 108, 109, 110, 111, 112, 114, 115, 116, 118, 119, 120, 121, 122, 123, 124, 125, 126, 127, 128, 129, 130, 131, 132, 133, 134, 135, 136, 137, 138, 139, 140, 141, 142, 143, 144, 145, 146, 147, 148, 149]","[0, 3, 8, 15, 19, 27, 29, 33, 41, 43, 95, 107, 117]",{},[],0,"[17, 122, 18, 32, 137, 138, 140, 139, 13, 14, 116, 118, 136, 112, 16, 111, 110, 9, 109, 144, 10, 108, 148, 115, 36, 135, 26, 28, 105, 99, 149, 102, 106, 121, 120, 114, 101, 145, 146, 147, 12, 58, 71, 134, 48, 78, 61, 67, 93, 85, 133, 42, 40, 143, 25, 7, 6, 2, 1, 129, 132, 130, 131, 54, 76, 52, 47, 46, 51, 74, 70, 86, 80, 79, 69, 68, 127, 94, 89, 128, 66, 73, 72, 91, 39, 97, 62, 84, 44, 57, 126, 50, 49, 56, 38, 63, 64, 60, 83, 125, 103, 104, 87, 88, 100, 82, 98, 96, 31, 30, 24, 11, 23, 5, 22, 4, 21, 37, 20, 35, 34, 124, 123, 141, 142, 90, 81, 92, 55, 45, 53, 75, 65, 77, 59, 119, 95, 117, 107, 27, 41, 33, 43, 19, 29, 15, 0, 8, 3]",True,30013006,0.030013006,"[95, 117, 107, 15, 0, 8, 41, 33, 43, 29, 3, 27, 19]","[19, 27, 3, 29, 43, 33, 41, 8, 0, 15, 107, 117, 95]",False,complete,13,13,91,0,18,0,18,18,,False,,,,,,,1,4,4,4,4,4,4,4
3,20521,70,138,11,"[1, 2, 4, 5, 6, 7, 9, 10, 11, 12, 13, 14, 16, 17, 18, 20, 21, 22, 23, 24, 25, 26, 28, 30, 31, 32, 34, 35, 36, 37, 38, 39, 40, 42, 44, 45, 46, 47, 48, 49, 50, 51, 52, 53, 54, 55, 56, 57, 58, 59, 60, 61, 62, 63, 64, 65, 66, 67, 68, 69, 70, 71, 72, 73, 74, 75, 76, 77, 78, 79, 80, 81, 82, 83, 84, 85, 86, 87, 88, 89, 90, 91, 92, 93, 94, 95, 96, 97, 98, 99, 100, 101, 102, 103, 104, 105, 106, 108, 109, 110, 111, 112, 114, 115, 116, 117, 118, 119, 120, 121, 122, 123, 124, 125, 126, 127, 128, 129, 130, 131, 132, 133, 134, 135, 136, 137, 138, 139, 140, 141, 142, 143, 144, 145, 146, 147, 148, 149]","[0, 3, 8, 15, 19, 27, 29, 33, 41, 43, 107]",{},[],0,"[17, 122, 18, 32, 137, 138, 140, 139, 13, 14, 116, 118, 136, 112, 16, 111, 110, 9, 109, 144, 10, 108, 148, 115, 36, 135, 26, 28, 105, 99, 149, 102, 106, 121, 120, 114, 101, 145, 146, 147, 12, 58, 71, 134, 48, 78, 61, 67, 93, 85, 133, 42, 40, 143, 25, 7, 6, 2, 1, 129, 132, 130, 131, 54, 76, 52, 47, 46, 51, 74, 70, 86, 80, 79, 69, 68, 127, 94, 89, 128, 66, 73, 72, 91, 39, 97, 62, 84, 44, 57, 126, 50, 49, 56, 38, 63, 64, 60, 83, 125, 103, 104, 87, 88, 100, 82, 98, 96, 31, 30, 24, 11, 23, 5, 22, 4, 21, 37, 20, 35, 34, 124, 123, 141, 142, 90, 81, 92, 55, 45, 53, 75, 65, 77, 59, 119, 95, 117, 107, 27, 41, 33, 43, 19, 29, 15, 0, 8, 3]",True,22297002,0.022297002,"[107, 8, 0, 15, 43, 33, 41, 29, 19, 27, 3]","[3, 27, 19, 29, 41, 33, 43, 15, 0, 8, 107]",False,complete,11,11,66,0,15,0,15,15,,False,,,,,,,1,3,3,3,3,3,3,3
3,20522,71,140,9,"[1, 2, 4, 5, 6, 7, 9, 10, 11, 12, 13, 14, 16, 17, 18, 20, 21, 22, 23, 24, 25, 26, 27, 28, 30, 31, 32, 34, 35, 36, 37, 38, 39, 40, 42, 44, 45, 46, 47, 48, 49, 50, 51, 52, 53, 54, 55, 56, 57, 58, 59, 60, 61, 62, 63, 64, 65, 66, 67, 68, 69, 70, 71, 72, 73, 74, 75, 76, 77, 78, 79, 80, 81, 82, 83, 84, 85, 86, 87, 88, 89, 90, 91, 92, 93, 94, 95, 96, 97, 98, 99, 100, 101, 102, 103, 104, 105, 106, 107, 108, 109, 110, 111, 112, 114, 115, 116, 117, 118, 119, 120, 121, 122, 123, 124, 125, 126, 127, 128, 129, 130, 131, 132, 133, 134, 135, 136, 137, 138, 139, 140, 141, 142, 143, 144, 145, 146, 147, 148, 149]","[0, 3, 8, 15, 19, 29, 33, 41, 43]",{},[],0,"[17, 122, 18, 32, 137, 138, 140, 139, 13, 14, 116, 118, 136, 112, 16, 111, 110, 9, 109, 144, 10, 108, 148, 115, 36, 135, 26, 28, 105, 99, 149, 102, 106, 121, 120, 114, 101, 145, 146, 147, 12, 58, 71, 134, 48, 78, 61, 67, 93, 85, 133, 42, 40, 143, 25, 7, 6, 2, 1, 129, 132, 130, 131, 54, 76, 52, 47, 46, 51, 74, 70, 86, 80, 79, 69, 68, 127, 94, 89, 128, 66, 73, 72, 91, 39, 97, 62, 84, 44, 57, 126, 50, 49, 56, 38, 63, 64, 60, 83, 125, 103, 104, 87, 88, 100, 82, 98, 96, 31, 30, 24, 11, 23, 5, 22, 4, 21, 37, 20, 35, 34, 124, 123, 141, 142, 90, 81, 92, 55, 45, 53, 75, 65, 77, 59, 119, 95, 117, 107, 27, 41, 33, 43, 19, 29, 15, 0, 8, 3]",True,17671965,0.017671965,"[15, 0, 8, 3, 29, 41, 19, 43, 33]","[33, 43, 19, 41, 29, 3, 8, 0, 15]",False,complete,9,9,45,0,13,0,13,13,,False,,,,,,,1,3,3,3,3,3,3,3
3,20523,72,142,7,"[1, 2, 4, 5, 6, 7, 9, 10, 11, 12, 13, 14, 16, 17, 18, 20, 21, 22, 23, 24, 25, 26, 27, 28, 30, 31, 32, 33, 34, 35, 36, 37, 38, 39, 40, 41, 42, 44, 45, 46, 47, 48, 49, 50, 51, 52, 53, 54, 55, 56, 57, 58, 59, 60, 61, 62, 63, 64, 65, 66, 67, 68, 69, 70, 71, 72, 73, 74, 75, 76, 77, 78, 79, 80, 81, 82, 83, 84, 85, 86, 87, 88, 89, 90, 91, 92, 93, 94, 95, 96, 97, 98, 99, 100, 101, 102, 103, 104, 105, 106, 107, 108, 109, 110, 111, 112, 114, 115, 116, 117, 118, 119, 120, 121, 122, 123, 124, 125, 126, 127, 128, 129, 130, 131, 132, 133, 134, 135, 136, 137, 138, 139, 140, 141, 142, 143, 144, 145, 146, 147, 148, 149]","[0, 3, 8, 15, 19, 29, 43]","{""support_1"": 43}",[43],1,"[17, 122, 18, 32, 137, 138, 140, 139, 13, 14, 116, 118, 136, 112, 16, 111, 110, 9, 109, 144, 10, 108, 148, 115, 36, 135, 26, 28, 105, 99, 149, 102, 106, 121, 120, 114, 101, 145, 146, 147, 12, 58, 71, 134, 48, 78, 61, 67, 93, 85, 133, 42, 40, 143, 25, 7, 6, 2, 1, 129, 132, 130, 131, 54, 76, 52, 47, 46, 51, 74, 70, 86, 80, 79, 69, 68, 127, 94, 89, 128, 66, 73, 72, 91, 39, 97, 62, 84, 44, 57, 126, 50, 49, 56, 38, 63, 64, 60, 83, 125, 103, 104, 87, 88, 100, 82, 98, 96, 31, 30, 24, 11, 23, 5, 22, 4, 21, 37, 20, 35, 34, 124, 123, 141, 142, 90, 81, 92, 55, 45, 53, 75, 65, 77, 59, 119, 95, 117, 107, 27, 41, 33, 43, 19, 29, 15, 0, 8, 3]",True,13572761,0.013572761,"[43, 19, 29, 8, 0, 15, 3]","[3, 15, 0, 8, 29, 19, 43]",False,complete,7,7,28,0,11,0,11,11,,False,,,,,,,1,2,2,2,2,2,2,3
3,20524,73,144,5,"[1, 2, 4, 5, 6, 7, 9, 10, 11, 12, 13, 14, 16, 17, 18, 19, 20, 21, 22, 23, 24, 25, 26, 27, 28, 30, 31, 32, 33, 34, 35, 36, 37, 38, 39, 40, 41, 42, 43, 44, 45, 46, 47, 48, 49, 50, 51, 52, 53, 54, 55, 56, 57, 58, 59, 60, 61, 62, 63, 64, 65, 66, 67, 68, 69, 70, 71, 72, 73, 74, 75, 76, 77, 78, 79, 80, 81, 82, 83, 84, 85, 86, 87, 88, 89, 90, 91, 92, 93, 94, 95, 96, 97, 98, 99, 100, 101, 102, 103, 104, 105, 106, 107, 108, 109, 110, 111, 112, 114, 115, 116, 117, 118, 119, 120, 121, 122, 123, 124, 125, 126, 127, 128, 129, 130, 131, 132, 133, 134, 135, 136, 137, 138, 139, 140, 141, 142, 143, 144, 145, 146, 147, 148, 149]","[0, 3, 8, 15, 29]","{""support_1"": 29}",[29],1,"[17, 122, 18, 32, 137, 138, 140, 139, 13, 14, 116, 118, 136, 112, 16, 111, 110, 9, 109, 144, 10, 108, 148, 115, 36, 135, 26, 28, 105, 99, 149, 102, 106, 121, 120, 114, 101, 145, 146, 147, 12, 58, 71, 134, 48, 78, 61, 67, 93, 85, 133, 42, 40, 143, 25, 7, 6, 2, 1, 129, 132, 130, 131, 54, 76, 52, 47, 46, 51, 74, 70, 86, 80, 79, 69, 68, 127, 94, 89, 128, 66, 73, 72, 91, 39, 97, 62, 84, 44, 57, 126, 50, 49, 56, 38, 63, 64, 60, 83, 125, 103, 104, 87, 88, 100, 82, 98, 96, 31, 30, 24, 11, 23, 5, 22, 4, 21, 37, 20, 35, 34, 124, 123, 141, 142, 90, 81, 92, 55, 45, 53, 75, 65, 77, 59, 119, 95, 117, 107, 27, 41, 33, 43, 19, 29, 15, 0, 8, 3]",True,9234949,0.009234949,"[29, 15, 3, 8, 0]","[0, 8, 3, 15, 29]",False,complete,5,5,15,0,8,0,8,8,,False,,,,,,,1,1,1,1,1,1,1,2
3,20525,74,146,3,"[1, 2, 4, 5, 6, 7, 9, 10, 11, 12, 13, 14, 15, 16, 17, 18, 19, 20, 21, 22, 23, 24, 25, 26, 27, 28, 29, 30, 31, 32, 33, 34, 35, 36, 37, 38, 39, 40, 41, 42, 43, 44, 45, 46, 47, 48, 49, 50, 51, 52, 53, 54, 55, 56, 57, 58, 59, 60, 61, 62, 63, 64, 65, 66, 67, 68, 69, 70, 71, 72, 73, 74, 75, 76, 77, 78, 79, 80, 81, 82, 83, 84, 85, 86, 87, 88, 89, 90, 91, 92, 93, 94, 95, 96, 97, 98, 99, 100, 101, 102, 103, 104, 105, 106, 107, 108, 109, 110, 111, 112, 114, 115, 116, 117, 118, 119, 120, 121, 122, 123, 124, 125, 126, 127, 128, 129, 130, 131, 132, 133, 134, 135, 136, 137, 138, 139, 140, 141, 142, 143, 144, 145, 146, 147, 148, 149]","[0, 3, 8]",{},[],0,"[17, 122, 18, 32, 137, 138, 140, 139, 13, 14, 116, 118, 136, 112, 16, 111, 110, 9, 109, 144, 10, 108, 148, 115, 36, 135, 26, 28, 105, 99, 149, 102, 106, 121, 120, 114, 101, 145, 146, 147, 12, 58, 71, 134, 48, 78, 61, 67, 93, 85, 133, 42, 40, 143, 25, 7, 6, 2, 1, 129, 132, 130, 131, 54, 76, 52, 47, 46, 51, 74, 70, 86, 80, 79, 69, 68, 127, 94, 89, 128, 66, 73, 72, 91, 39, 97, 62, 84, 44, 57, 126, 50, 49, 56, 38, 63, 64, 60, 83, 125, 103, 104, 87, 88, 100, 82, 98, 96, 31, 30, 24, 11, 23, 5, 22, 4, 21, 37, 20, 35, 34, 124, 123, 141, 142, 90, 81, 92, 55, 45, 53, 75, 65, 77, 59, 119, 95, 117, 107, 27, 41, 33, 43, 19, 29, 15, 0, 8, 3]",True,3990084,0.003990084,"[3, 8, 0]","[0, 8, 3]",False,complete,3,3,6,0,5,0,5,5,,False,,,,,,,1,1,1,1,1,1,1,1
3,20526,75,148,1,"[0, 1, 2, 4, 5, 6, 7, 8, 9, 10, 11, 12, 13, 14, 15, 16, 17, 18, 19, 20, 21, 22, 23, 24, 25, 26, 27, 28, 29, 30, 31, 32, 33, 34, 35, 36, 37, 38, 39, 40, 41, 42, 43, 44, 45, 46, 47, 48, 49, 50, 51, 52, 53, 54, 55, 56, 57, 58, 59, 60, 61, 62, 63, 64, 65, 66, 67, 68, 69, 70, 71, 72, 73, 74, 75, 76, 77, 78, 79, 80, 81, 82, 83, 84, 85, 86, 87, 88, 89, 90, 91, 92, 93, 94, 95, 96, 97, 98, 99, 100, 101, 102, 103, 104, 105, 106, 107, 108, 109, 110, 111, 112, 114, 115, 116, 117, 118, 119, 120, 121, 122, 123, 124, 125, 126, 127, 128, 129, 130, 131, 132, 133, 134, 135, 136, 137, 138, 139, 140, 141, 142, 143, 144, 145, 146, 147, 148, 149]",[3],{},[],0,"[17, 122, 18, 32, 137, 138, 140, 139, 13, 14, 116, 118, 136, 112, 16, 111, 110, 9, 109, 144, 10, 108, 148, 115, 36, 135, 26, 28, 105, 99, 149, 102, 106, 121, 120, 114, 101, 145, 146, 147, 12, 58, 71, 134, 48, 78, 61, 67, 93, 85, 133, 42, 40, 143, 25, 7, 6, 2, 1, 129, 132, 130, 131, 54, 76, 52, 47, 46, 51, 74, 70, 86, 80, 79, 69, 68, 127, 94, 89, 128, 66, 73, 72, 91, 39, 97, 62, 84, 44, 57, 126, 50, 49, 56, 38, 63, 64, 60, 83, 125, 103, 104, 87, 88, 100, 82, 98, 96, 31, 30, 24, 11, 23, 5, 22, 4, 21, 37, 20, 35, 34, 124, 123, 141, 142, 90, 81, 92, 55, 45, 53, 75, 65, 77, 59, 119, 95, 117, 107, 27, 41, 33, 43, 19, 29, 15, 0, 8, 3]",True,699063,0.000699063,[3],[3],True,complete,1,1,1,0,2,0,2,2,,False,,,,,,,0,0,0,0,0,0,0,0
